    1C
    1Uccxview sample: S8R concrete slab 4 x 4 m, simply supported, 20 kP
    1UUSER                                                              
    1UDATE              09.october.2026                                 
    1UTIME              19:07:55                                        
    1UHOST                                                              
    1UPGM               CalculiX                                        
    1UVERSION           Version 2.22                             
    1UCOMPILETIME       Mon Aug  5 19:15:25 CEST 2024                    
    1UDIR                                                               
    1UDBN                                                               
    1UMAT    1CONCRETE                                                  
    2C                          1131                                     1
 -1       482 0.00000E+00 0.00000E+00-1.00000E+02
 -1       483 0.00000E+00 0.00000E+00 0.00000E+00
 -1       484 0.00000E+00 0.00000E+00 1.00000E+02
 -1       485 1.66667E+02 0.00000E+00-1.00000E+02
 -1       487 1.66667E+02 0.00000E+00 1.00000E+02
 -1       488 3.33333E+02 0.00000E+00-1.00000E+02
 -1       489 3.33333E+02 0.00000E+00 0.00000E+00
 -1       490 3.33333E+02 0.00000E+00 1.00000E+02
 -1       491 5.00000E+02 0.00000E+00-1.00000E+02
 -1       493 5.00000E+02 0.00000E+00 1.00000E+02
 -1       494 6.66667E+02 0.00000E+00-1.00000E+02
 -1       495 6.66667E+02 0.00000E+00 0.00000E+00
 -1       496 6.66667E+02 0.00000E+00 1.00000E+02
 -1       497 8.33333E+02 0.00000E+00-1.00000E+02
 -1       499 8.33333E+02 0.00000E+00 1.00000E+02
 -1       500 1.00000E+03 0.00000E+00-1.00000E+02
 -1       501 1.00000E+03 0.00000E+00 0.00000E+00
 -1       502 1.00000E+03 0.00000E+00 1.00000E+02
 -1       503 1.16667E+03 0.00000E+00-1.00000E+02
 -1       505 1.16667E+03 0.00000E+00 1.00000E+02
 -1       506 1.33333E+03 0.00000E+00-1.00000E+02
 -1       507 1.33333E+03 0.00000E+00 0.00000E+00
 -1       508 1.33333E+03 0.00000E+00 1.00000E+02
 -1       509 1.50000E+03 0.00000E+00-1.00000E+02
 -1       511 1.50000E+03 0.00000E+00 1.00000E+02
 -1       512 1.66667E+03 0.00000E+00-1.00000E+02
 -1       513 1.66667E+03 0.00000E+00 0.00000E+00
 -1       514 1.66667E+03 0.00000E+00 1.00000E+02
 -1       515 1.83333E+03 0.00000E+00-1.00000E+02
 -1       517 1.83333E+03 0.00000E+00 1.00000E+02
 -1       518 2.00000E+03 0.00000E+00-1.00000E+02
 -1       519 2.00000E+03 0.00000E+00 0.00000E+00
 -1       520 2.00000E+03 0.00000E+00 1.00000E+02
 -1       521 2.16667E+03 0.00000E+00-1.00000E+02
 -1       523 2.16667E+03 0.00000E+00 1.00000E+02
 -1       524 2.33333E+03 0.00000E+00-1.00000E+02
 -1       525 2.33333E+03 0.00000E+00 0.00000E+00
 -1       526 2.33333E+03 0.00000E+00 1.00000E+02
 -1       527 2.50000E+03 0.00000E+00-1.00000E+02
 -1       529 2.50000E+03 0.00000E+00 1.00000E+02
 -1       530 2.66667E+03 0.00000E+00-1.00000E+02
 -1       531 2.66667E+03 0.00000E+00 0.00000E+00
 -1       532 2.66667E+03 0.00000E+00 1.00000E+02
 -1       533 2.83333E+03 0.00000E+00-1.00000E+02
 -1       535 2.83333E+03 0.00000E+00 1.00000E+02
 -1       536 3.00000E+03 0.00000E+00-1.00000E+02
 -1       537 3.00000E+03 0.00000E+00 0.00000E+00
 -1       538 3.00000E+03 0.00000E+00 1.00000E+02
 -1       539 3.16667E+03 0.00000E+00-1.00000E+02
 -1       541 3.16667E+03 0.00000E+00 1.00000E+02
 -1       542 3.33333E+03 0.00000E+00-1.00000E+02
 -1       543 3.33333E+03 0.00000E+00 0.00000E+00
 -1       544 3.33333E+03 0.00000E+00 1.00000E+02
 -1       545 3.50000E+03 0.00000E+00-1.00000E+02
 -1       547 3.50000E+03 0.00000E+00 1.00000E+02
 -1       548 3.66667E+03 0.00000E+00-1.00000E+02
 -1       549 3.66667E+03 0.00000E+00 0.00000E+00
 -1       550 3.66667E+03 0.00000E+00 1.00000E+02
 -1       551 3.83333E+03 0.00000E+00-1.00000E+02
 -1       553 3.83333E+03 0.00000E+00 1.00000E+02
 -1       554 4.00000E+03 0.00000E+00-1.00000E+02
 -1       555 4.00000E+03 0.00000E+00 0.00000E+00
 -1       556 4.00000E+03 0.00000E+00 1.00000E+02
 -1       557 0.00000E+00 1.66667E+02-1.00000E+02
 -1       559 0.00000E+00 1.66667E+02 1.00000E+02
 -1       560 3.33333E+02 1.66667E+02-1.00000E+02
 -1       562 3.33333E+02 1.66667E+02 1.00000E+02
 -1       563 6.66667E+02 1.66667E+02-1.00000E+02
 -1       565 6.66667E+02 1.66667E+02 1.00000E+02
 -1       566 1.00000E+03 1.66667E+02-1.00000E+02
 -1       568 1.00000E+03 1.66667E+02 1.00000E+02
 -1       569 1.33333E+03 1.66667E+02-1.00000E+02
 -1       571 1.33333E+03 1.66667E+02 1.00000E+02
 -1       572 1.66667E+03 1.66667E+02-1.00000E+02
 -1       574 1.66667E+03 1.66667E+02 1.00000E+02
 -1       575 2.00000E+03 1.66667E+02-1.00000E+02
 -1       577 2.00000E+03 1.66667E+02 1.00000E+02
 -1       578 2.33333E+03 1.66667E+02-1.00000E+02
 -1       580 2.33333E+03 1.66667E+02 1.00000E+02
 -1       581 2.66667E+03 1.66667E+02-1.00000E+02
 -1       583 2.66667E+03 1.66667E+02 1.00000E+02
 -1       584 3.00000E+03 1.66667E+02-1.00000E+02
 -1       586 3.00000E+03 1.66667E+02 1.00000E+02
 -1       587 3.33333E+03 1.66667E+02-1.00000E+02
 -1       589 3.33333E+03 1.66667E+02 1.00000E+02
 -1       590 3.66667E+03 1.66667E+02-1.00000E+02
 -1       592 3.66667E+03 1.66667E+02 1.00000E+02
 -1       593 4.00000E+03 1.66667E+02-1.00000E+02
 -1       595 4.00000E+03 1.66667E+02 1.00000E+02
 -1       596 0.00000E+00 3.33333E+02-1.00000E+02
 -1       597 0.00000E+00 3.33333E+02 0.00000E+00
 -1       598 0.00000E+00 3.33333E+02 1.00000E+02
 -1       599 1.66667E+02 3.33333E+02-1.00000E+02
 -1       601 1.66667E+02 3.33333E+02 1.00000E+02
 -1       602 3.33333E+02 3.33333E+02-1.00000E+02
 -1       603 3.33333E+02 3.33333E+02 0.00000E+00
 -1       604 3.33333E+02 3.33333E+02 1.00000E+02
 -1       605 5.00000E+02 3.33333E+02-1.00000E+02
 -1       607 5.00000E+02 3.33333E+02 1.00000E+02
 -1       608 6.66667E+02 3.33333E+02-1.00000E+02
 -1       609 6.66667E+02 3.33333E+02 0.00000E+00
 -1       610 6.66667E+02 3.33333E+02 1.00000E+02
 -1       611 8.33333E+02 3.33333E+02-1.00000E+02
 -1       613 8.33333E+02 3.33333E+02 1.00000E+02
 -1       614 1.00000E+03 3.33333E+02-1.00000E+02
 -1       615 1.00000E+03 3.33333E+02 0.00000E+00
 -1       616 1.00000E+03 3.33333E+02 1.00000E+02
 -1       617 1.16667E+03 3.33333E+02-1.00000E+02
 -1       619 1.16667E+03 3.33333E+02 1.00000E+02
 -1       620 1.33333E+03 3.33333E+02-1.00000E+02
 -1       621 1.33333E+03 3.33333E+02 0.00000E+00
 -1       622 1.33333E+03 3.33333E+02 1.00000E+02
 -1       623 1.50000E+03 3.33333E+02-1.00000E+02
 -1       625 1.50000E+03 3.33333E+02 1.00000E+02
 -1       626 1.66667E+03 3.33333E+02-1.00000E+02
 -1       627 1.66667E+03 3.33333E+02 0.00000E+00
 -1       628 1.66667E+03 3.33333E+02 1.00000E+02
 -1       629 1.83333E+03 3.33333E+02-1.00000E+02
 -1       631 1.83333E+03 3.33333E+02 1.00000E+02
 -1       632 2.00000E+03 3.33333E+02-1.00000E+02
 -1       633 2.00000E+03 3.33333E+02 0.00000E+00
 -1       634 2.00000E+03 3.33333E+02 1.00000E+02
 -1       635 2.16667E+03 3.33333E+02-1.00000E+02
 -1       637 2.16667E+03 3.33333E+02 1.00000E+02
 -1       638 2.33333E+03 3.33333E+02-1.00000E+02
 -1       639 2.33333E+03 3.33333E+02 0.00000E+00
 -1       640 2.33333E+03 3.33333E+02 1.00000E+02
 -1       641 2.50000E+03 3.33333E+02-1.00000E+02
 -1       643 2.50000E+03 3.33333E+02 1.00000E+02
 -1       644 2.66667E+03 3.33333E+02-1.00000E+02
 -1       645 2.66667E+03 3.33333E+02 0.00000E+00
 -1       646 2.66667E+03 3.33333E+02 1.00000E+02
 -1       647 2.83333E+03 3.33333E+02-1.00000E+02
 -1       649 2.83333E+03 3.33333E+02 1.00000E+02
 -1       650 3.00000E+03 3.33333E+02-1.00000E+02
 -1       651 3.00000E+03 3.33333E+02 0.00000E+00
 -1       652 3.00000E+03 3.33333E+02 1.00000E+02
 -1       653 3.16667E+03 3.33333E+02-1.00000E+02
 -1       655 3.16667E+03 3.33333E+02 1.00000E+02
 -1       656 3.33333E+03 3.33333E+02-1.00000E+02
 -1       657 3.33333E+03 3.33333E+02 0.00000E+00
 -1       658 3.33333E+03 3.33333E+02 1.00000E+02
 -1       659 3.50000E+03 3.33333E+02-1.00000E+02
 -1       661 3.50000E+03 3.33333E+02 1.00000E+02
 -1       662 3.66667E+03 3.33333E+02-1.00000E+02
 -1       663 3.66667E+03 3.33333E+02 0.00000E+00
 -1       664 3.66667E+03 3.33333E+02 1.00000E+02
 -1       665 3.83333E+03 3.33333E+02-1.00000E+02
 -1       667 3.83333E+03 3.33333E+02 1.00000E+02
 -1       668 4.00000E+03 3.33333E+02-1.00000E+02
 -1       669 4.00000E+03 3.33333E+02 0.00000E+00
 -1       670 4.00000E+03 3.33333E+02 1.00000E+02
 -1       671 0.00000E+00 5.00000E+02-1.00000E+02
 -1       673 0.00000E+00 5.00000E+02 1.00000E+02
 -1       674 3.33333E+02 5.00000E+02-1.00000E+02
 -1       676 3.33333E+02 5.00000E+02 1.00000E+02
 -1       677 6.66667E+02 5.00000E+02-1.00000E+02
 -1       679 6.66667E+02 5.00000E+02 1.00000E+02
 -1       680 1.00000E+03 5.00000E+02-1.00000E+02
 -1       682 1.00000E+03 5.00000E+02 1.00000E+02
 -1       683 1.33333E+03 5.00000E+02-1.00000E+02
 -1       685 1.33333E+03 5.00000E+02 1.00000E+02
 -1       686 1.66667E+03 5.00000E+02-1.00000E+02
 -1       688 1.66667E+03 5.00000E+02 1.00000E+02
 -1       689 2.00000E+03 5.00000E+02-1.00000E+02
 -1       691 2.00000E+03 5.00000E+02 1.00000E+02
 -1       692 2.33333E+03 5.00000E+02-1.00000E+02
 -1       694 2.33333E+03 5.00000E+02 1.00000E+02
 -1       695 2.66667E+03 5.00000E+02-1.00000E+02
 -1       697 2.66667E+03 5.00000E+02 1.00000E+02
 -1       698 3.00000E+03 5.00000E+02-1.00000E+02
 -1       700 3.00000E+03 5.00000E+02 1.00000E+02
 -1       701 3.33333E+03 5.00000E+02-1.00000E+02
 -1       703 3.33333E+03 5.00000E+02 1.00000E+02
 -1       704 3.66667E+03 5.00000E+02-1.00000E+02
 -1       706 3.66667E+03 5.00000E+02 1.00000E+02
 -1       707 4.00000E+03 5.00000E+02-1.00000E+02
 -1       709 4.00000E+03 5.00000E+02 1.00000E+02
 -1       710 0.00000E+00 6.66667E+02-1.00000E+02
 -1       711 0.00000E+00 6.66667E+02 0.00000E+00
 -1       712 0.00000E+00 6.66667E+02 1.00000E+02
 -1       713 1.66667E+02 6.66667E+02-1.00000E+02
 -1       715 1.66667E+02 6.66667E+02 1.00000E+02
 -1       716 3.33333E+02 6.66667E+02-1.00000E+02
 -1       717 3.33333E+02 6.66667E+02 0.00000E+00
 -1       718 3.33333E+02 6.66667E+02 1.00000E+02
 -1       719 5.00000E+02 6.66667E+02-1.00000E+02
 -1       721 5.00000E+02 6.66667E+02 1.00000E+02
 -1       722 6.66667E+02 6.66667E+02-1.00000E+02
 -1       723 6.66667E+02 6.66667E+02 0.00000E+00
 -1       724 6.66667E+02 6.66667E+02 1.00000E+02
 -1       725 8.33333E+02 6.66667E+02-1.00000E+02
 -1       727 8.33333E+02 6.66667E+02 1.00000E+02
 -1       728 1.00000E+03 6.66667E+02-1.00000E+02
 -1       729 1.00000E+03 6.66667E+02 0.00000E+00
 -1       730 1.00000E+03 6.66667E+02 1.00000E+02
 -1       731 1.16667E+03 6.66667E+02-1.00000E+02
 -1       733 1.16667E+03 6.66667E+02 1.00000E+02
 -1       734 1.33333E+03 6.66667E+02-1.00000E+02
 -1       735 1.33333E+03 6.66667E+02 0.00000E+00
 -1       736 1.33333E+03 6.66667E+02 1.00000E+02
 -1       737 1.50000E+03 6.66667E+02-1.00000E+02
 -1       739 1.50000E+03 6.66667E+02 1.00000E+02
 -1       740 1.66667E+03 6.66667E+02-1.00000E+02
 -1       741 1.66667E+03 6.66667E+02 0.00000E+00
 -1       742 1.66667E+03 6.66667E+02 1.00000E+02
 -1       743 1.83333E+03 6.66667E+02-1.00000E+02
 -1       745 1.83333E+03 6.66667E+02 1.00000E+02
 -1       746 2.00000E+03 6.66667E+02-1.00000E+02
 -1       747 2.00000E+03 6.66667E+02 0.00000E+00
 -1       748 2.00000E+03 6.66667E+02 1.00000E+02
 -1       749 2.16667E+03 6.66667E+02-1.00000E+02
 -1       751 2.16667E+03 6.66667E+02 1.00000E+02
 -1       752 2.33333E+03 6.66667E+02-1.00000E+02
 -1       753 2.33333E+03 6.66667E+02 0.00000E+00
 -1       754 2.33333E+03 6.66667E+02 1.00000E+02
 -1       755 2.50000E+03 6.66667E+02-1.00000E+02
 -1       757 2.50000E+03 6.66667E+02 1.00000E+02
 -1       758 2.66667E+03 6.66667E+02-1.00000E+02
 -1       759 2.66667E+03 6.66667E+02 0.00000E+00
 -1       760 2.66667E+03 6.66667E+02 1.00000E+02
 -1       761 2.83333E+03 6.66667E+02-1.00000E+02
 -1       763 2.83333E+03 6.66667E+02 1.00000E+02
 -1       764 3.00000E+03 6.66667E+02-1.00000E+02
 -1       765 3.00000E+03 6.66667E+02 0.00000E+00
 -1       766 3.00000E+03 6.66667E+02 1.00000E+02
 -1       767 3.16667E+03 6.66667E+02-1.00000E+02
 -1       769 3.16667E+03 6.66667E+02 1.00000E+02
 -1       770 3.33333E+03 6.66667E+02-1.00000E+02
 -1       771 3.33333E+03 6.66667E+02 0.00000E+00
 -1       772 3.33333E+03 6.66667E+02 1.00000E+02
 -1       773 3.50000E+03 6.66667E+02-1.00000E+02
 -1       775 3.50000E+03 6.66667E+02 1.00000E+02
 -1       776 3.66667E+03 6.66667E+02-1.00000E+02
 -1       777 3.66667E+03 6.66667E+02 0.00000E+00
 -1       778 3.66667E+03 6.66667E+02 1.00000E+02
 -1       779 3.83333E+03 6.66667E+02-1.00000E+02
 -1       781 3.83333E+03 6.66667E+02 1.00000E+02
 -1       782 4.00000E+03 6.66667E+02-1.00000E+02
 -1       783 4.00000E+03 6.66667E+02 0.00000E+00
 -1       784 4.00000E+03 6.66667E+02 1.00000E+02
 -1       785 0.00000E+00 8.33333E+02-1.00000E+02
 -1       787 0.00000E+00 8.33333E+02 1.00000E+02
 -1       788 3.33333E+02 8.33333E+02-1.00000E+02
 -1       790 3.33333E+02 8.33333E+02 1.00000E+02
 -1       791 6.66667E+02 8.33333E+02-1.00000E+02
 -1       793 6.66667E+02 8.33333E+02 1.00000E+02
 -1       794 1.00000E+03 8.33333E+02-1.00000E+02
 -1       796 1.00000E+03 8.33333E+02 1.00000E+02
 -1       797 1.33333E+03 8.33333E+02-1.00000E+02
 -1       799 1.33333E+03 8.33333E+02 1.00000E+02
 -1       800 1.66667E+03 8.33333E+02-1.00000E+02
 -1       802 1.66667E+03 8.33333E+02 1.00000E+02
 -1       803 2.00000E+03 8.33333E+02-1.00000E+02
 -1       805 2.00000E+03 8.33333E+02 1.00000E+02
 -1       806 2.33333E+03 8.33333E+02-1.00000E+02
 -1       808 2.33333E+03 8.33333E+02 1.00000E+02
 -1       809 2.66667E+03 8.33333E+02-1.00000E+02
 -1       811 2.66667E+03 8.33333E+02 1.00000E+02
 -1       812 3.00000E+03 8.33333E+02-1.00000E+02
 -1       814 3.00000E+03 8.33333E+02 1.00000E+02
 -1       815 3.33333E+03 8.33333E+02-1.00000E+02
 -1       817 3.33333E+03 8.33333E+02 1.00000E+02
 -1       818 3.66667E+03 8.33333E+02-1.00000E+02
 -1       820 3.66667E+03 8.33333E+02 1.00000E+02
 -1       821 4.00000E+03 8.33333E+02-1.00000E+02
 -1       823 4.00000E+03 8.33333E+02 1.00000E+02
 -1       824 0.00000E+00 1.00000E+03-1.00000E+02
 -1       825 0.00000E+00 1.00000E+03 0.00000E+00
 -1       826 0.00000E+00 1.00000E+03 1.00000E+02
 -1       827 1.66667E+02 1.00000E+03-1.00000E+02
 -1       829 1.66667E+02 1.00000E+03 1.00000E+02
 -1       830 3.33333E+02 1.00000E+03-1.00000E+02
 -1       831 3.33333E+02 1.00000E+03 0.00000E+00
 -1       832 3.33333E+02 1.00000E+03 1.00000E+02
 -1       833 5.00000E+02 1.00000E+03-1.00000E+02
 -1       835 5.00000E+02 1.00000E+03 1.00000E+02
 -1       836 6.66667E+02 1.00000E+03-1.00000E+02
 -1       837 6.66667E+02 1.00000E+03 0.00000E+00
 -1       838 6.66667E+02 1.00000E+03 1.00000E+02
 -1       839 8.33333E+02 1.00000E+03-1.00000E+02
 -1       841 8.33333E+02 1.00000E+03 1.00000E+02
 -1       842 1.00000E+03 1.00000E+03-1.00000E+02
 -1       843 1.00000E+03 1.00000E+03 0.00000E+00
 -1       844 1.00000E+03 1.00000E+03 1.00000E+02
 -1       845 1.16667E+03 1.00000E+03-1.00000E+02
 -1       847 1.16667E+03 1.00000E+03 1.00000E+02
 -1       848 1.33333E+03 1.00000E+03-1.00000E+02
 -1       849 1.33333E+03 1.00000E+03 0.00000E+00
 -1       850 1.33333E+03 1.00000E+03 1.00000E+02
 -1       851 1.50000E+03 1.00000E+03-1.00000E+02
 -1       853 1.50000E+03 1.00000E+03 1.00000E+02
 -1       854 1.66667E+03 1.00000E+03-1.00000E+02
 -1       855 1.66667E+03 1.00000E+03 0.00000E+00
 -1       856 1.66667E+03 1.00000E+03 1.00000E+02
 -1       857 1.83333E+03 1.00000E+03-1.00000E+02
 -1       859 1.83333E+03 1.00000E+03 1.00000E+02
 -1       860 2.00000E+03 1.00000E+03-1.00000E+02
 -1       861 2.00000E+03 1.00000E+03 0.00000E+00
 -1       862 2.00000E+03 1.00000E+03 1.00000E+02
 -1       863 2.16667E+03 1.00000E+03-1.00000E+02
 -1       865 2.16667E+03 1.00000E+03 1.00000E+02
 -1       866 2.33333E+03 1.00000E+03-1.00000E+02
 -1       867 2.33333E+03 1.00000E+03 0.00000E+00
 -1       868 2.33333E+03 1.00000E+03 1.00000E+02
 -1       869 2.50000E+03 1.00000E+03-1.00000E+02
 -1       871 2.50000E+03 1.00000E+03 1.00000E+02
 -1       872 2.66667E+03 1.00000E+03-1.00000E+02
 -1       873 2.66667E+03 1.00000E+03 0.00000E+00
 -1       874 2.66667E+03 1.00000E+03 1.00000E+02
 -1       875 2.83333E+03 1.00000E+03-1.00000E+02
 -1       877 2.83333E+03 1.00000E+03 1.00000E+02
 -1       878 3.00000E+03 1.00000E+03-1.00000E+02
 -1       879 3.00000E+03 1.00000E+03 0.00000E+00
 -1       880 3.00000E+03 1.00000E+03 1.00000E+02
 -1       881 3.16667E+03 1.00000E+03-1.00000E+02
 -1       883 3.16667E+03 1.00000E+03 1.00000E+02
 -1       884 3.33333E+03 1.00000E+03-1.00000E+02
 -1       885 3.33333E+03 1.00000E+03 0.00000E+00
 -1       886 3.33333E+03 1.00000E+03 1.00000E+02
 -1       887 3.50000E+03 1.00000E+03-1.00000E+02
 -1       889 3.50000E+03 1.00000E+03 1.00000E+02
 -1       890 3.66667E+03 1.00000E+03-1.00000E+02
 -1       891 3.66667E+03 1.00000E+03 0.00000E+00
 -1       892 3.66667E+03 1.00000E+03 1.00000E+02
 -1       893 3.83333E+03 1.00000E+03-1.00000E+02
 -1       895 3.83333E+03 1.00000E+03 1.00000E+02
 -1       896 4.00000E+03 1.00000E+03-1.00000E+02
 -1       897 4.00000E+03 1.00000E+03 0.00000E+00
 -1       898 4.00000E+03 1.00000E+03 1.00000E+02
 -1       899 0.00000E+00 1.16667E+03-1.00000E+02
 -1       901 0.00000E+00 1.16667E+03 1.00000E+02
 -1       902 3.33333E+02 1.16667E+03-1.00000E+02
 -1       904 3.33333E+02 1.16667E+03 1.00000E+02
 -1       905 6.66667E+02 1.16667E+03-1.00000E+02
 -1       907 6.66667E+02 1.16667E+03 1.00000E+02
 -1       908 1.00000E+03 1.16667E+03-1.00000E+02
 -1       910 1.00000E+03 1.16667E+03 1.00000E+02
 -1       911 1.33333E+03 1.16667E+03-1.00000E+02
 -1       913 1.33333E+03 1.16667E+03 1.00000E+02
 -1       914 1.66667E+03 1.16667E+03-1.00000E+02
 -1       916 1.66667E+03 1.16667E+03 1.00000E+02
 -1       917 2.00000E+03 1.16667E+03-1.00000E+02
 -1       919 2.00000E+03 1.16667E+03 1.00000E+02
 -1       920 2.33333E+03 1.16667E+03-1.00000E+02
 -1       922 2.33333E+03 1.16667E+03 1.00000E+02
 -1       923 2.66667E+03 1.16667E+03-1.00000E+02
 -1       925 2.66667E+03 1.16667E+03 1.00000E+02
 -1       926 3.00000E+03 1.16667E+03-1.00000E+02
 -1       928 3.00000E+03 1.16667E+03 1.00000E+02
 -1       929 3.33333E+03 1.16667E+03-1.00000E+02
 -1       931 3.33333E+03 1.16667E+03 1.00000E+02
 -1       932 3.66667E+03 1.16667E+03-1.00000E+02
 -1       934 3.66667E+03 1.16667E+03 1.00000E+02
 -1       935 4.00000E+03 1.16667E+03-1.00000E+02
 -1       937 4.00000E+03 1.16667E+03 1.00000E+02
 -1       938 0.00000E+00 1.33333E+03-1.00000E+02
 -1       939 0.00000E+00 1.33333E+03 0.00000E+00
 -1       940 0.00000E+00 1.33333E+03 1.00000E+02
 -1       941 1.66667E+02 1.33333E+03-1.00000E+02
 -1       943 1.66667E+02 1.33333E+03 1.00000E+02
 -1       944 3.33333E+02 1.33333E+03-1.00000E+02
 -1       945 3.33333E+02 1.33333E+03 0.00000E+00
 -1       946 3.33333E+02 1.33333E+03 1.00000E+02
 -1       947 5.00000E+02 1.33333E+03-1.00000E+02
 -1       949 5.00000E+02 1.33333E+03 1.00000E+02
 -1       950 6.66667E+02 1.33333E+03-1.00000E+02
 -1       951 6.66667E+02 1.33333E+03 0.00000E+00
 -1       952 6.66667E+02 1.33333E+03 1.00000E+02
 -1       953 8.33333E+02 1.33333E+03-1.00000E+02
 -1       955 8.33333E+02 1.33333E+03 1.00000E+02
 -1       956 1.00000E+03 1.33333E+03-1.00000E+02
 -1       957 1.00000E+03 1.33333E+03 0.00000E+00
 -1       958 1.00000E+03 1.33333E+03 1.00000E+02
 -1       959 1.16667E+03 1.33333E+03-1.00000E+02
 -1       961 1.16667E+03 1.33333E+03 1.00000E+02
 -1       962 1.33333E+03 1.33333E+03-1.00000E+02
 -1       963 1.33333E+03 1.33333E+03 0.00000E+00
 -1       964 1.33333E+03 1.33333E+03 1.00000E+02
 -1       965 1.50000E+03 1.33333E+03-1.00000E+02
 -1       967 1.50000E+03 1.33333E+03 1.00000E+02
 -1       968 1.66667E+03 1.33333E+03-1.00000E+02
 -1       969 1.66667E+03 1.33333E+03 0.00000E+00
 -1       970 1.66667E+03 1.33333E+03 1.00000E+02
 -1       971 1.83333E+03 1.33333E+03-1.00000E+02
 -1       973 1.83333E+03 1.33333E+03 1.00000E+02
 -1       974 2.00000E+03 1.33333E+03-1.00000E+02
 -1       975 2.00000E+03 1.33333E+03 0.00000E+00
 -1       976 2.00000E+03 1.33333E+03 1.00000E+02
 -1       977 2.16667E+03 1.33333E+03-1.00000E+02
 -1       979 2.16667E+03 1.33333E+03 1.00000E+02
 -1       980 2.33333E+03 1.33333E+03-1.00000E+02
 -1       981 2.33333E+03 1.33333E+03 0.00000E+00
 -1       982 2.33333E+03 1.33333E+03 1.00000E+02
 -1       983 2.50000E+03 1.33333E+03-1.00000E+02
 -1       985 2.50000E+03 1.33333E+03 1.00000E+02
 -1       986 2.66667E+03 1.33333E+03-1.00000E+02
 -1       987 2.66667E+03 1.33333E+03 0.00000E+00
 -1       988 2.66667E+03 1.33333E+03 1.00000E+02
 -1       989 2.83333E+03 1.33333E+03-1.00000E+02
 -1       991 2.83333E+03 1.33333E+03 1.00000E+02
 -1       992 3.00000E+03 1.33333E+03-1.00000E+02
 -1       993 3.00000E+03 1.33333E+03 0.00000E+00
 -1       994 3.00000E+03 1.33333E+03 1.00000E+02
 -1       995 3.16667E+03 1.33333E+03-1.00000E+02
 -1       997 3.16667E+03 1.33333E+03 1.00000E+02
 -1       998 3.33333E+03 1.33333E+03-1.00000E+02
 -1       999 3.33333E+03 1.33333E+03 0.00000E+00
 -1      1000 3.33333E+03 1.33333E+03 1.00000E+02
 -1      1001 3.50000E+03 1.33333E+03-1.00000E+02
 -1      1003 3.50000E+03 1.33333E+03 1.00000E+02
 -1      1004 3.66667E+03 1.33333E+03-1.00000E+02
 -1      1005 3.66667E+03 1.33333E+03 0.00000E+00
 -1      1006 3.66667E+03 1.33333E+03 1.00000E+02
 -1      1007 3.83333E+03 1.33333E+03-1.00000E+02
 -1      1009 3.83333E+03 1.33333E+03 1.00000E+02
 -1      1010 4.00000E+03 1.33333E+03-1.00000E+02
 -1      1011 4.00000E+03 1.33333E+03 0.00000E+00
 -1      1012 4.00000E+03 1.33333E+03 1.00000E+02
 -1      1013 0.00000E+00 1.50000E+03-1.00000E+02
 -1      1015 0.00000E+00 1.50000E+03 1.00000E+02
 -1      1016 3.33333E+02 1.50000E+03-1.00000E+02
 -1      1018 3.33333E+02 1.50000E+03 1.00000E+02
 -1      1019 6.66667E+02 1.50000E+03-1.00000E+02
 -1      1021 6.66667E+02 1.50000E+03 1.00000E+02
 -1      1022 1.00000E+03 1.50000E+03-1.00000E+02
 -1      1024 1.00000E+03 1.50000E+03 1.00000E+02
 -1      1025 1.33333E+03 1.50000E+03-1.00000E+02
 -1      1027 1.33333E+03 1.50000E+03 1.00000E+02
 -1      1028 1.66667E+03 1.50000E+03-1.00000E+02
 -1      1030 1.66667E+03 1.50000E+03 1.00000E+02
 -1      1031 2.00000E+03 1.50000E+03-1.00000E+02
 -1      1033 2.00000E+03 1.50000E+03 1.00000E+02
 -1      1034 2.33333E+03 1.50000E+03-1.00000E+02
 -1      1036 2.33333E+03 1.50000E+03 1.00000E+02
 -1      1037 2.66667E+03 1.50000E+03-1.00000E+02
 -1      1039 2.66667E+03 1.50000E+03 1.00000E+02
 -1      1040 3.00000E+03 1.50000E+03-1.00000E+02
 -1      1042 3.00000E+03 1.50000E+03 1.00000E+02
 -1      1043 3.33333E+03 1.50000E+03-1.00000E+02
 -1      1045 3.33333E+03 1.50000E+03 1.00000E+02
 -1      1046 3.66667E+03 1.50000E+03-1.00000E+02
 -1      1048 3.66667E+03 1.50000E+03 1.00000E+02
 -1      1049 4.00000E+03 1.50000E+03-1.00000E+02
 -1      1051 4.00000E+03 1.50000E+03 1.00000E+02
 -1      1052 0.00000E+00 1.66667E+03-1.00000E+02
 -1      1053 0.00000E+00 1.66667E+03 0.00000E+00
 -1      1054 0.00000E+00 1.66667E+03 1.00000E+02
 -1      1055 1.66667E+02 1.66667E+03-1.00000E+02
 -1      1057 1.66667E+02 1.66667E+03 1.00000E+02
 -1      1058 3.33333E+02 1.66667E+03-1.00000E+02
 -1      1059 3.33333E+02 1.66667E+03 0.00000E+00
 -1      1060 3.33333E+02 1.66667E+03 1.00000E+02
 -1      1061 5.00000E+02 1.66667E+03-1.00000E+02
 -1      1063 5.00000E+02 1.66667E+03 1.00000E+02
 -1      1064 6.66667E+02 1.66667E+03-1.00000E+02
 -1      1065 6.66667E+02 1.66667E+03 0.00000E+00
 -1      1066 6.66667E+02 1.66667E+03 1.00000E+02
 -1      1067 8.33333E+02 1.66667E+03-1.00000E+02
 -1      1069 8.33333E+02 1.66667E+03 1.00000E+02
 -1      1070 1.00000E+03 1.66667E+03-1.00000E+02
 -1      1071 1.00000E+03 1.66667E+03 0.00000E+00
 -1      1072 1.00000E+03 1.66667E+03 1.00000E+02
 -1      1073 1.16667E+03 1.66667E+03-1.00000E+02
 -1      1075 1.16667E+03 1.66667E+03 1.00000E+02
 -1      1076 1.33333E+03 1.66667E+03-1.00000E+02
 -1      1077 1.33333E+03 1.66667E+03 0.00000E+00
 -1      1078 1.33333E+03 1.66667E+03 1.00000E+02
 -1      1079 1.50000E+03 1.66667E+03-1.00000E+02
 -1      1081 1.50000E+03 1.66667E+03 1.00000E+02
 -1      1082 1.66667E+03 1.66667E+03-1.00000E+02
 -1      1083 1.66667E+03 1.66667E+03 0.00000E+00
 -1      1084 1.66667E+03 1.66667E+03 1.00000E+02
 -1      1085 1.83333E+03 1.66667E+03-1.00000E+02
 -1      1087 1.83333E+03 1.66667E+03 1.00000E+02
 -1      1088 2.00000E+03 1.66667E+03-1.00000E+02
 -1      1089 2.00000E+03 1.66667E+03 0.00000E+00
 -1      1090 2.00000E+03 1.66667E+03 1.00000E+02
 -1      1091 2.16667E+03 1.66667E+03-1.00000E+02
 -1      1093 2.16667E+03 1.66667E+03 1.00000E+02
 -1      1094 2.33333E+03 1.66667E+03-1.00000E+02
 -1      1095 2.33333E+03 1.66667E+03 0.00000E+00
 -1      1096 2.33333E+03 1.66667E+03 1.00000E+02
 -1      1097 2.50000E+03 1.66667E+03-1.00000E+02
 -1      1099 2.50000E+03 1.66667E+03 1.00000E+02
 -1      1100 2.66667E+03 1.66667E+03-1.00000E+02
 -1      1101 2.66667E+03 1.66667E+03 0.00000E+00
 -1      1102 2.66667E+03 1.66667E+03 1.00000E+02
 -1      1103 2.83333E+03 1.66667E+03-1.00000E+02
 -1      1105 2.83333E+03 1.66667E+03 1.00000E+02
 -1      1106 3.00000E+03 1.66667E+03-1.00000E+02
 -1      1107 3.00000E+03 1.66667E+03 0.00000E+00
 -1      1108 3.00000E+03 1.66667E+03 1.00000E+02
 -1      1109 3.16667E+03 1.66667E+03-1.00000E+02
 -1      1111 3.16667E+03 1.66667E+03 1.00000E+02
 -1      1112 3.33333E+03 1.66667E+03-1.00000E+02
 -1      1113 3.33333E+03 1.66667E+03 0.00000E+00
 -1      1114 3.33333E+03 1.66667E+03 1.00000E+02
 -1      1115 3.50000E+03 1.66667E+03-1.00000E+02
 -1      1117 3.50000E+03 1.66667E+03 1.00000E+02
 -1      1118 3.66667E+03 1.66667E+03-1.00000E+02
 -1      1119 3.66667E+03 1.66667E+03 0.00000E+00
 -1      1120 3.66667E+03 1.66667E+03 1.00000E+02
 -1      1121 3.83333E+03 1.66667E+03-1.00000E+02
 -1      1123 3.83333E+03 1.66667E+03 1.00000E+02
 -1      1124 4.00000E+03 1.66667E+03-1.00000E+02
 -1      1125 4.00000E+03 1.66667E+03 0.00000E+00
 -1      1126 4.00000E+03 1.66667E+03 1.00000E+02
 -1      1127 0.00000E+00 1.83333E+03-1.00000E+02
 -1      1129 0.00000E+00 1.83333E+03 1.00000E+02
 -1      1130 3.33333E+02 1.83333E+03-1.00000E+02
 -1      1132 3.33333E+02 1.83333E+03 1.00000E+02
 -1      1133 6.66667E+02 1.83333E+03-1.00000E+02
 -1      1135 6.66667E+02 1.83333E+03 1.00000E+02
 -1      1136 1.00000E+03 1.83333E+03-1.00000E+02
 -1      1138 1.00000E+03 1.83333E+03 1.00000E+02
 -1      1139 1.33333E+03 1.83333E+03-1.00000E+02
 -1      1141 1.33333E+03 1.83333E+03 1.00000E+02
 -1      1142 1.66667E+03 1.83333E+03-1.00000E+02
 -1      1144 1.66667E+03 1.83333E+03 1.00000E+02
 -1      1145 2.00000E+03 1.83333E+03-1.00000E+02
 -1      1147 2.00000E+03 1.83333E+03 1.00000E+02
 -1      1148 2.33333E+03 1.83333E+03-1.00000E+02
 -1      1150 2.33333E+03 1.83333E+03 1.00000E+02
 -1      1151 2.66667E+03 1.83333E+03-1.00000E+02
 -1      1153 2.66667E+03 1.83333E+03 1.00000E+02
 -1      1154 3.00000E+03 1.83333E+03-1.00000E+02
 -1      1156 3.00000E+03 1.83333E+03 1.00000E+02
 -1      1157 3.33333E+03 1.83333E+03-1.00000E+02
 -1      1159 3.33333E+03 1.83333E+03 1.00000E+02
 -1      1160 3.66667E+03 1.83333E+03-1.00000E+02
 -1      1162 3.66667E+03 1.83333E+03 1.00000E+02
 -1      1163 4.00000E+03 1.83333E+03-1.00000E+02
 -1      1165 4.00000E+03 1.83333E+03 1.00000E+02
 -1      1166 0.00000E+00 2.00000E+03-1.00000E+02
 -1      1167 0.00000E+00 2.00000E+03 0.00000E+00
 -1      1168 0.00000E+00 2.00000E+03 1.00000E+02
 -1      1169 1.66667E+02 2.00000E+03-1.00000E+02
 -1      1171 1.66667E+02 2.00000E+03 1.00000E+02
 -1      1172 3.33333E+02 2.00000E+03-1.00000E+02
 -1      1173 3.33333E+02 2.00000E+03 0.00000E+00
 -1      1174 3.33333E+02 2.00000E+03 1.00000E+02
 -1      1175 5.00000E+02 2.00000E+03-1.00000E+02
 -1      1177 5.00000E+02 2.00000E+03 1.00000E+02
 -1      1178 6.66667E+02 2.00000E+03-1.00000E+02
 -1      1179 6.66667E+02 2.00000E+03 0.00000E+00
 -1      1180 6.66667E+02 2.00000E+03 1.00000E+02
 -1      1181 8.33333E+02 2.00000E+03-1.00000E+02
 -1      1183 8.33333E+02 2.00000E+03 1.00000E+02
 -1      1184 1.00000E+03 2.00000E+03-1.00000E+02
 -1      1185 1.00000E+03 2.00000E+03 0.00000E+00
 -1      1186 1.00000E+03 2.00000E+03 1.00000E+02
 -1      1187 1.16667E+03 2.00000E+03-1.00000E+02
 -1      1189 1.16667E+03 2.00000E+03 1.00000E+02
 -1      1190 1.33333E+03 2.00000E+03-1.00000E+02
 -1      1191 1.33333E+03 2.00000E+03 0.00000E+00
 -1      1192 1.33333E+03 2.00000E+03 1.00000E+02
 -1      1193 1.50000E+03 2.00000E+03-1.00000E+02
 -1      1195 1.50000E+03 2.00000E+03 1.00000E+02
 -1      1196 1.66667E+03 2.00000E+03-1.00000E+02
 -1      1197 1.66667E+03 2.00000E+03 0.00000E+00
 -1      1198 1.66667E+03 2.00000E+03 1.00000E+02
 -1      1199 1.83333E+03 2.00000E+03-1.00000E+02
 -1      1201 1.83333E+03 2.00000E+03 1.00000E+02
 -1      1202 2.00000E+03 2.00000E+03-1.00000E+02
 -1      1203 2.00000E+03 2.00000E+03 0.00000E+00
 -1      1204 2.00000E+03 2.00000E+03 1.00000E+02
 -1      1205 2.16667E+03 2.00000E+03-1.00000E+02
 -1      1207 2.16667E+03 2.00000E+03 1.00000E+02
 -1      1208 2.33333E+03 2.00000E+03-1.00000E+02
 -1      1209 2.33333E+03 2.00000E+03 0.00000E+00
 -1      1210 2.33333E+03 2.00000E+03 1.00000E+02
 -1      1211 2.50000E+03 2.00000E+03-1.00000E+02
 -1      1213 2.50000E+03 2.00000E+03 1.00000E+02
 -1      1214 2.66667E+03 2.00000E+03-1.00000E+02
 -1      1215 2.66667E+03 2.00000E+03 0.00000E+00
 -1      1216 2.66667E+03 2.00000E+03 1.00000E+02
 -1      1217 2.83333E+03 2.00000E+03-1.00000E+02
 -1      1219 2.83333E+03 2.00000E+03 1.00000E+02
 -1      1220 3.00000E+03 2.00000E+03-1.00000E+02
 -1      1221 3.00000E+03 2.00000E+03 0.00000E+00
 -1      1222 3.00000E+03 2.00000E+03 1.00000E+02
 -1      1223 3.16667E+03 2.00000E+03-1.00000E+02
 -1      1225 3.16667E+03 2.00000E+03 1.00000E+02
 -1      1226 3.33333E+03 2.00000E+03-1.00000E+02
 -1      1227 3.33333E+03 2.00000E+03 0.00000E+00
 -1      1228 3.33333E+03 2.00000E+03 1.00000E+02
 -1      1229 3.50000E+03 2.00000E+03-1.00000E+02
 -1      1231 3.50000E+03 2.00000E+03 1.00000E+02
 -1      1232 3.66667E+03 2.00000E+03-1.00000E+02
 -1      1233 3.66667E+03 2.00000E+03 0.00000E+00
 -1      1234 3.66667E+03 2.00000E+03 1.00000E+02
 -1      1235 3.83333E+03 2.00000E+03-1.00000E+02
 -1      1237 3.83333E+03 2.00000E+03 1.00000E+02
 -1      1238 4.00000E+03 2.00000E+03-1.00000E+02
 -1      1239 4.00000E+03 2.00000E+03 0.00000E+00
 -1      1240 4.00000E+03 2.00000E+03 1.00000E+02
 -1      1241 0.00000E+00 2.16667E+03-1.00000E+02
 -1      1243 0.00000E+00 2.16667E+03 1.00000E+02
 -1      1244 3.33333E+02 2.16667E+03-1.00000E+02
 -1      1246 3.33333E+02 2.16667E+03 1.00000E+02
 -1      1247 6.66667E+02 2.16667E+03-1.00000E+02
 -1      1249 6.66667E+02 2.16667E+03 1.00000E+02
 -1      1250 1.00000E+03 2.16667E+03-1.00000E+02
 -1      1252 1.00000E+03 2.16667E+03 1.00000E+02
 -1      1253 1.33333E+03 2.16667E+03-1.00000E+02
 -1      1255 1.33333E+03 2.16667E+03 1.00000E+02
 -1      1256 1.66667E+03 2.16667E+03-1.00000E+02
 -1      1258 1.66667E+03 2.16667E+03 1.00000E+02
 -1      1259 2.00000E+03 2.16667E+03-1.00000E+02
 -1      1261 2.00000E+03 2.16667E+03 1.00000E+02
 -1      1262 2.33333E+03 2.16667E+03-1.00000E+02
 -1      1264 2.33333E+03 2.16667E+03 1.00000E+02
 -1      1265 2.66667E+03 2.16667E+03-1.00000E+02
 -1      1267 2.66667E+03 2.16667E+03 1.00000E+02
 -1      1268 3.00000E+03 2.16667E+03-1.00000E+02
 -1      1270 3.00000E+03 2.16667E+03 1.00000E+02
 -1      1271 3.33333E+03 2.16667E+03-1.00000E+02
 -1      1273 3.33333E+03 2.16667E+03 1.00000E+02
 -1      1274 3.66667E+03 2.16667E+03-1.00000E+02
 -1      1276 3.66667E+03 2.16667E+03 1.00000E+02
 -1      1277 4.00000E+03 2.16667E+03-1.00000E+02
 -1      1279 4.00000E+03 2.16667E+03 1.00000E+02
 -1      1280 0.00000E+00 2.33333E+03-1.00000E+02
 -1      1281 0.00000E+00 2.33333E+03 0.00000E+00
 -1      1282 0.00000E+00 2.33333E+03 1.00000E+02
 -1      1283 1.66667E+02 2.33333E+03-1.00000E+02
 -1      1285 1.66667E+02 2.33333E+03 1.00000E+02
 -1      1286 3.33333E+02 2.33333E+03-1.00000E+02
 -1      1287 3.33333E+02 2.33333E+03 0.00000E+00
 -1      1288 3.33333E+02 2.33333E+03 1.00000E+02
 -1      1289 5.00000E+02 2.33333E+03-1.00000E+02
 -1      1291 5.00000E+02 2.33333E+03 1.00000E+02
 -1      1292 6.66667E+02 2.33333E+03-1.00000E+02
 -1      1293 6.66667E+02 2.33333E+03 0.00000E+00
 -1      1294 6.66667E+02 2.33333E+03 1.00000E+02
 -1      1295 8.33333E+02 2.33333E+03-1.00000E+02
 -1      1297 8.33333E+02 2.33333E+03 1.00000E+02
 -1      1298 1.00000E+03 2.33333E+03-1.00000E+02
 -1      1299 1.00000E+03 2.33333E+03 0.00000E+00
 -1      1300 1.00000E+03 2.33333E+03 1.00000E+02
 -1      1301 1.16667E+03 2.33333E+03-1.00000E+02
 -1      1303 1.16667E+03 2.33333E+03 1.00000E+02
 -1      1304 1.33333E+03 2.33333E+03-1.00000E+02
 -1      1305 1.33333E+03 2.33333E+03 0.00000E+00
 -1      1306 1.33333E+03 2.33333E+03 1.00000E+02
 -1      1307 1.50000E+03 2.33333E+03-1.00000E+02
 -1      1309 1.50000E+03 2.33333E+03 1.00000E+02
 -1      1310 1.66667E+03 2.33333E+03-1.00000E+02
 -1      1311 1.66667E+03 2.33333E+03 0.00000E+00
 -1      1312 1.66667E+03 2.33333E+03 1.00000E+02
 -1      1313 1.83333E+03 2.33333E+03-1.00000E+02
 -1      1315 1.83333E+03 2.33333E+03 1.00000E+02
 -1      1316 2.00000E+03 2.33333E+03-1.00000E+02
 -1      1317 2.00000E+03 2.33333E+03 0.00000E+00
 -1      1318 2.00000E+03 2.33333E+03 1.00000E+02
 -1      1319 2.16667E+03 2.33333E+03-1.00000E+02
 -1      1321 2.16667E+03 2.33333E+03 1.00000E+02
 -1      1322 2.33333E+03 2.33333E+03-1.00000E+02
 -1      1323 2.33333E+03 2.33333E+03 0.00000E+00
 -1      1324 2.33333E+03 2.33333E+03 1.00000E+02
 -1      1325 2.50000E+03 2.33333E+03-1.00000E+02
 -1      1327 2.50000E+03 2.33333E+03 1.00000E+02
 -1      1328 2.66667E+03 2.33333E+03-1.00000E+02
 -1      1329 2.66667E+03 2.33333E+03 0.00000E+00
 -1      1330 2.66667E+03 2.33333E+03 1.00000E+02
 -1      1331 2.83333E+03 2.33333E+03-1.00000E+02
 -1      1333 2.83333E+03 2.33333E+03 1.00000E+02
 -1      1334 3.00000E+03 2.33333E+03-1.00000E+02
 -1      1335 3.00000E+03 2.33333E+03 0.00000E+00
 -1      1336 3.00000E+03 2.33333E+03 1.00000E+02
 -1      1337 3.16667E+03 2.33333E+03-1.00000E+02
 -1      1339 3.16667E+03 2.33333E+03 1.00000E+02
 -1      1340 3.33333E+03 2.33333E+03-1.00000E+02
 -1      1341 3.33333E+03 2.33333E+03 0.00000E+00
 -1      1342 3.33333E+03 2.33333E+03 1.00000E+02
 -1      1343 3.50000E+03 2.33333E+03-1.00000E+02
 -1      1345 3.50000E+03 2.33333E+03 1.00000E+02
 -1      1346 3.66667E+03 2.33333E+03-1.00000E+02
 -1      1347 3.66667E+03 2.33333E+03 0.00000E+00
 -1      1348 3.66667E+03 2.33333E+03 1.00000E+02
 -1      1349 3.83333E+03 2.33333E+03-1.00000E+02
 -1      1351 3.83333E+03 2.33333E+03 1.00000E+02
 -1      1352 4.00000E+03 2.33333E+03-1.00000E+02
 -1      1353 4.00000E+03 2.33333E+03 0.00000E+00
 -1      1354 4.00000E+03 2.33333E+03 1.00000E+02
 -1      1355 0.00000E+00 2.50000E+03-1.00000E+02
 -1      1357 0.00000E+00 2.50000E+03 1.00000E+02
 -1      1358 3.33333E+02 2.50000E+03-1.00000E+02
 -1      1360 3.33333E+02 2.50000E+03 1.00000E+02
 -1      1361 6.66667E+02 2.50000E+03-1.00000E+02
 -1      1363 6.66667E+02 2.50000E+03 1.00000E+02
 -1      1364 1.00000E+03 2.50000E+03-1.00000E+02
 -1      1366 1.00000E+03 2.50000E+03 1.00000E+02
 -1      1367 1.33333E+03 2.50000E+03-1.00000E+02
 -1      1369 1.33333E+03 2.50000E+03 1.00000E+02
 -1      1370 1.66667E+03 2.50000E+03-1.00000E+02
 -1      1372 1.66667E+03 2.50000E+03 1.00000E+02
 -1      1373 2.00000E+03 2.50000E+03-1.00000E+02
 -1      1375 2.00000E+03 2.50000E+03 1.00000E+02
 -1      1376 2.33333E+03 2.50000E+03-1.00000E+02
 -1      1378 2.33333E+03 2.50000E+03 1.00000E+02
 -1      1379 2.66667E+03 2.50000E+03-1.00000E+02
 -1      1381 2.66667E+03 2.50000E+03 1.00000E+02
 -1      1382 3.00000E+03 2.50000E+03-1.00000E+02
 -1      1384 3.00000E+03 2.50000E+03 1.00000E+02
 -1      1385 3.33333E+03 2.50000E+03-1.00000E+02
 -1      1387 3.33333E+03 2.50000E+03 1.00000E+02
 -1      1388 3.66667E+03 2.50000E+03-1.00000E+02
 -1      1390 3.66667E+03 2.50000E+03 1.00000E+02
 -1      1391 4.00000E+03 2.50000E+03-1.00000E+02
 -1      1393 4.00000E+03 2.50000E+03 1.00000E+02
 -1      1394 0.00000E+00 2.66667E+03-1.00000E+02
 -1      1395 0.00000E+00 2.66667E+03 0.00000E+00
 -1      1396 0.00000E+00 2.66667E+03 1.00000E+02
 -1      1397 1.66667E+02 2.66667E+03-1.00000E+02
 -1      1399 1.66667E+02 2.66667E+03 1.00000E+02
 -1      1400 3.33333E+02 2.66667E+03-1.00000E+02
 -1      1401 3.33333E+02 2.66667E+03 0.00000E+00
 -1      1402 3.33333E+02 2.66667E+03 1.00000E+02
 -1      1403 5.00000E+02 2.66667E+03-1.00000E+02
 -1      1405 5.00000E+02 2.66667E+03 1.00000E+02
 -1      1406 6.66667E+02 2.66667E+03-1.00000E+02
 -1      1407 6.66667E+02 2.66667E+03 0.00000E+00
 -1      1408 6.66667E+02 2.66667E+03 1.00000E+02
 -1      1409 8.33333E+02 2.66667E+03-1.00000E+02
 -1      1411 8.33333E+02 2.66667E+03 1.00000E+02
 -1      1412 1.00000E+03 2.66667E+03-1.00000E+02
 -1      1413 1.00000E+03 2.66667E+03 0.00000E+00
 -1      1414 1.00000E+03 2.66667E+03 1.00000E+02
 -1      1415 1.16667E+03 2.66667E+03-1.00000E+02
 -1      1417 1.16667E+03 2.66667E+03 1.00000E+02
 -1      1418 1.33333E+03 2.66667E+03-1.00000E+02
 -1      1419 1.33333E+03 2.66667E+03 0.00000E+00
 -1      1420 1.33333E+03 2.66667E+03 1.00000E+02
 -1      1421 1.50000E+03 2.66667E+03-1.00000E+02
 -1      1423 1.50000E+03 2.66667E+03 1.00000E+02
 -1      1424 1.66667E+03 2.66667E+03-1.00000E+02
 -1      1425 1.66667E+03 2.66667E+03 0.00000E+00
 -1      1426 1.66667E+03 2.66667E+03 1.00000E+02
 -1      1427 1.83333E+03 2.66667E+03-1.00000E+02
 -1      1429 1.83333E+03 2.66667E+03 1.00000E+02
 -1      1430 2.00000E+03 2.66667E+03-1.00000E+02
 -1      1431 2.00000E+03 2.66667E+03 0.00000E+00
 -1      1432 2.00000E+03 2.66667E+03 1.00000E+02
 -1      1433 2.16667E+03 2.66667E+03-1.00000E+02
 -1      1435 2.16667E+03 2.66667E+03 1.00000E+02
 -1      1436 2.33333E+03 2.66667E+03-1.00000E+02
 -1      1437 2.33333E+03 2.66667E+03 0.00000E+00
 -1      1438 2.33333E+03 2.66667E+03 1.00000E+02
 -1      1439 2.50000E+03 2.66667E+03-1.00000E+02
 -1      1441 2.50000E+03 2.66667E+03 1.00000E+02
 -1      1442 2.66667E+03 2.66667E+03-1.00000E+02
 -1      1443 2.66667E+03 2.66667E+03 0.00000E+00
 -1      1444 2.66667E+03 2.66667E+03 1.00000E+02
 -1      1445 2.83333E+03 2.66667E+03-1.00000E+02
 -1      1447 2.83333E+03 2.66667E+03 1.00000E+02
 -1      1448 3.00000E+03 2.66667E+03-1.00000E+02
 -1      1449 3.00000E+03 2.66667E+03 0.00000E+00
 -1      1450 3.00000E+03 2.66667E+03 1.00000E+02
 -1      1451 3.16667E+03 2.66667E+03-1.00000E+02
 -1      1453 3.16667E+03 2.66667E+03 1.00000E+02
 -1      1454 3.33333E+03 2.66667E+03-1.00000E+02
 -1      1455 3.33333E+03 2.66667E+03 0.00000E+00
 -1      1456 3.33333E+03 2.66667E+03 1.00000E+02
 -1      1457 3.50000E+03 2.66667E+03-1.00000E+02
 -1      1459 3.50000E+03 2.66667E+03 1.00000E+02
 -1      1460 3.66667E+03 2.66667E+03-1.00000E+02
 -1      1461 3.66667E+03 2.66667E+03 0.00000E+00
 -1      1462 3.66667E+03 2.66667E+03 1.00000E+02
 -1      1463 3.83333E+03 2.66667E+03-1.00000E+02
 -1      1465 3.83333E+03 2.66667E+03 1.00000E+02
 -1      1466 4.00000E+03 2.66667E+03-1.00000E+02
 -1      1467 4.00000E+03 2.66667E+03 0.00000E+00
 -1      1468 4.00000E+03 2.66667E+03 1.00000E+02
 -1      1469 0.00000E+00 2.83333E+03-1.00000E+02
 -1      1471 0.00000E+00 2.83333E+03 1.00000E+02
 -1      1472 3.33333E+02 2.83333E+03-1.00000E+02
 -1      1474 3.33333E+02 2.83333E+03 1.00000E+02
 -1      1475 6.66667E+02 2.83333E+03-1.00000E+02
 -1      1477 6.66667E+02 2.83333E+03 1.00000E+02
 -1      1478 1.00000E+03 2.83333E+03-1.00000E+02
 -1      1480 1.00000E+03 2.83333E+03 1.00000E+02
 -1      1481 1.33333E+03 2.83333E+03-1.00000E+02
 -1      1483 1.33333E+03 2.83333E+03 1.00000E+02
 -1      1484 1.66667E+03 2.83333E+03-1.00000E+02
 -1      1486 1.66667E+03 2.83333E+03 1.00000E+02
 -1      1487 2.00000E+03 2.83333E+03-1.00000E+02
 -1      1489 2.00000E+03 2.83333E+03 1.00000E+02
 -1      1490 2.33333E+03 2.83333E+03-1.00000E+02
 -1      1492 2.33333E+03 2.83333E+03 1.00000E+02
 -1      1493 2.66667E+03 2.83333E+03-1.00000E+02
 -1      1495 2.66667E+03 2.83333E+03 1.00000E+02
 -1      1496 3.00000E+03 2.83333E+03-1.00000E+02
 -1      1498 3.00000E+03 2.83333E+03 1.00000E+02
 -1      1499 3.33333E+03 2.83333E+03-1.00000E+02
 -1      1501 3.33333E+03 2.83333E+03 1.00000E+02
 -1      1502 3.66667E+03 2.83333E+03-1.00000E+02
 -1      1504 3.66667E+03 2.83333E+03 1.00000E+02
 -1      1505 4.00000E+03 2.83333E+03-1.00000E+02
 -1      1507 4.00000E+03 2.83333E+03 1.00000E+02
 -1      1508 0.00000E+00 3.00000E+03-1.00000E+02
 -1      1509 0.00000E+00 3.00000E+03 0.00000E+00
 -1      1510 0.00000E+00 3.00000E+03 1.00000E+02
 -1      1511 1.66667E+02 3.00000E+03-1.00000E+02
 -1      1513 1.66667E+02 3.00000E+03 1.00000E+02
 -1      1514 3.33333E+02 3.00000E+03-1.00000E+02
 -1      1515 3.33333E+02 3.00000E+03 0.00000E+00
 -1      1516 3.33333E+02 3.00000E+03 1.00000E+02
 -1      1517 5.00000E+02 3.00000E+03-1.00000E+02
 -1      1519 5.00000E+02 3.00000E+03 1.00000E+02
 -1      1520 6.66667E+02 3.00000E+03-1.00000E+02
 -1      1521 6.66667E+02 3.00000E+03 0.00000E+00
 -1      1522 6.66667E+02 3.00000E+03 1.00000E+02
 -1      1523 8.33333E+02 3.00000E+03-1.00000E+02
 -1      1525 8.33333E+02 3.00000E+03 1.00000E+02
 -1      1526 1.00000E+03 3.00000E+03-1.00000E+02
 -1      1527 1.00000E+03 3.00000E+03 0.00000E+00
 -1      1528 1.00000E+03 3.00000E+03 1.00000E+02
 -1      1529 1.16667E+03 3.00000E+03-1.00000E+02
 -1      1531 1.16667E+03 3.00000E+03 1.00000E+02
 -1      1532 1.33333E+03 3.00000E+03-1.00000E+02
 -1      1533 1.33333E+03 3.00000E+03 0.00000E+00
 -1      1534 1.33333E+03 3.00000E+03 1.00000E+02
 -1      1535 1.50000E+03 3.00000E+03-1.00000E+02
 -1      1537 1.50000E+03 3.00000E+03 1.00000E+02
 -1      1538 1.66667E+03 3.00000E+03-1.00000E+02
 -1      1539 1.66667E+03 3.00000E+03 0.00000E+00
 -1      1540 1.66667E+03 3.00000E+03 1.00000E+02
 -1      1541 1.83333E+03 3.00000E+03-1.00000E+02
 -1      1543 1.83333E+03 3.00000E+03 1.00000E+02
 -1      1544 2.00000E+03 3.00000E+03-1.00000E+02
 -1      1545 2.00000E+03 3.00000E+03 0.00000E+00
 -1      1546 2.00000E+03 3.00000E+03 1.00000E+02
 -1      1547 2.16667E+03 3.00000E+03-1.00000E+02
 -1      1549 2.16667E+03 3.00000E+03 1.00000E+02
 -1      1550 2.33333E+03 3.00000E+03-1.00000E+02
 -1      1551 2.33333E+03 3.00000E+03 0.00000E+00
 -1      1552 2.33333E+03 3.00000E+03 1.00000E+02
 -1      1553 2.50000E+03 3.00000E+03-1.00000E+02
 -1      1555 2.50000E+03 3.00000E+03 1.00000E+02
 -1      1556 2.66667E+03 3.00000E+03-1.00000E+02
 -1      1557 2.66667E+03 3.00000E+03 0.00000E+00
 -1      1558 2.66667E+03 3.00000E+03 1.00000E+02
 -1      1559 2.83333E+03 3.00000E+03-1.00000E+02
 -1      1561 2.83333E+03 3.00000E+03 1.00000E+02
 -1      1562 3.00000E+03 3.00000E+03-1.00000E+02
 -1      1563 3.00000E+03 3.00000E+03 0.00000E+00
 -1      1564 3.00000E+03 3.00000E+03 1.00000E+02
 -1      1565 3.16667E+03 3.00000E+03-1.00000E+02
 -1      1567 3.16667E+03 3.00000E+03 1.00000E+02
 -1      1568 3.33333E+03 3.00000E+03-1.00000E+02
 -1      1569 3.33333E+03 3.00000E+03 0.00000E+00
 -1      1570 3.33333E+03 3.00000E+03 1.00000E+02
 -1      1571 3.50000E+03 3.00000E+03-1.00000E+02
 -1      1573 3.50000E+03 3.00000E+03 1.00000E+02
 -1      1574 3.66667E+03 3.00000E+03-1.00000E+02
 -1      1575 3.66667E+03 3.00000E+03 0.00000E+00
 -1      1576 3.66667E+03 3.00000E+03 1.00000E+02
 -1      1577 3.83333E+03 3.00000E+03-1.00000E+02
 -1      1579 3.83333E+03 3.00000E+03 1.00000E+02
 -1      1580 4.00000E+03 3.00000E+03-1.00000E+02
 -1      1581 4.00000E+03 3.00000E+03 0.00000E+00
 -1      1582 4.00000E+03 3.00000E+03 1.00000E+02
 -1      1583 0.00000E+00 3.16667E+03-1.00000E+02
 -1      1585 0.00000E+00 3.16667E+03 1.00000E+02
 -1      1586 3.33333E+02 3.16667E+03-1.00000E+02
 -1      1588 3.33333E+02 3.16667E+03 1.00000E+02
 -1      1589 6.66667E+02 3.16667E+03-1.00000E+02
 -1      1591 6.66667E+02 3.16667E+03 1.00000E+02
 -1      1592 1.00000E+03 3.16667E+03-1.00000E+02
 -1      1594 1.00000E+03 3.16667E+03 1.00000E+02
 -1      1595 1.33333E+03 3.16667E+03-1.00000E+02
 -1      1597 1.33333E+03 3.16667E+03 1.00000E+02
 -1      1598 1.66667E+03 3.16667E+03-1.00000E+02
 -1      1600 1.66667E+03 3.16667E+03 1.00000E+02
 -1      1601 2.00000E+03 3.16667E+03-1.00000E+02
 -1      1603 2.00000E+03 3.16667E+03 1.00000E+02
 -1      1604 2.33333E+03 3.16667E+03-1.00000E+02
 -1      1606 2.33333E+03 3.16667E+03 1.00000E+02
 -1      1607 2.66667E+03 3.16667E+03-1.00000E+02
 -1      1609 2.66667E+03 3.16667E+03 1.00000E+02
 -1      1610 3.00000E+03 3.16667E+03-1.00000E+02
 -1      1612 3.00000E+03 3.16667E+03 1.00000E+02
 -1      1613 3.33333E+03 3.16667E+03-1.00000E+02
 -1      1615 3.33333E+03 3.16667E+03 1.00000E+02
 -1      1616 3.66667E+03 3.16667E+03-1.00000E+02
 -1      1618 3.66667E+03 3.16667E+03 1.00000E+02
 -1      1619 4.00000E+03 3.16667E+03-1.00000E+02
 -1      1621 4.00000E+03 3.16667E+03 1.00000E+02
 -1      1622 0.00000E+00 3.33333E+03-1.00000E+02
 -1      1623 0.00000E+00 3.33333E+03 0.00000E+00
 -1      1624 0.00000E+00 3.33333E+03 1.00000E+02
 -1      1625 1.66667E+02 3.33333E+03-1.00000E+02
 -1      1627 1.66667E+02 3.33333E+03 1.00000E+02
 -1      1628 3.33333E+02 3.33333E+03-1.00000E+02
 -1      1629 3.33333E+02 3.33333E+03 0.00000E+00
 -1      1630 3.33333E+02 3.33333E+03 1.00000E+02
 -1      1631 5.00000E+02 3.33333E+03-1.00000E+02
 -1      1633 5.00000E+02 3.33333E+03 1.00000E+02
 -1      1634 6.66667E+02 3.33333E+03-1.00000E+02
 -1      1635 6.66667E+02 3.33333E+03 0.00000E+00
 -1      1636 6.66667E+02 3.33333E+03 1.00000E+02
 -1      1637 8.33333E+02 3.33333E+03-1.00000E+02
 -1      1639 8.33333E+02 3.33333E+03 1.00000E+02
 -1      1640 1.00000E+03 3.33333E+03-1.00000E+02
 -1      1641 1.00000E+03 3.33333E+03 0.00000E+00
 -1      1642 1.00000E+03 3.33333E+03 1.00000E+02
 -1      1643 1.16667E+03 3.33333E+03-1.00000E+02
 -1      1645 1.16667E+03 3.33333E+03 1.00000E+02
 -1      1646 1.33333E+03 3.33333E+03-1.00000E+02
 -1      1647 1.33333E+03 3.33333E+03 0.00000E+00
 -1      1648 1.33333E+03 3.33333E+03 1.00000E+02
 -1      1649 1.50000E+03 3.33333E+03-1.00000E+02
 -1      1651 1.50000E+03 3.33333E+03 1.00000E+02
 -1      1652 1.66667E+03 3.33333E+03-1.00000E+02
 -1      1653 1.66667E+03 3.33333E+03 0.00000E+00
 -1      1654 1.66667E+03 3.33333E+03 1.00000E+02
 -1      1655 1.83333E+03 3.33333E+03-1.00000E+02
 -1      1657 1.83333E+03 3.33333E+03 1.00000E+02
 -1      1658 2.00000E+03 3.33333E+03-1.00000E+02
 -1      1659 2.00000E+03 3.33333E+03 0.00000E+00
 -1      1660 2.00000E+03 3.33333E+03 1.00000E+02
 -1      1661 2.16667E+03 3.33333E+03-1.00000E+02
 -1      1663 2.16667E+03 3.33333E+03 1.00000E+02
 -1      1664 2.33333E+03 3.33333E+03-1.00000E+02
 -1      1665 2.33333E+03 3.33333E+03 0.00000E+00
 -1      1666 2.33333E+03 3.33333E+03 1.00000E+02
 -1      1667 2.50000E+03 3.33333E+03-1.00000E+02
 -1      1669 2.50000E+03 3.33333E+03 1.00000E+02
 -1      1670 2.66667E+03 3.33333E+03-1.00000E+02
 -1      1671 2.66667E+03 3.33333E+03 0.00000E+00
 -1      1672 2.66667E+03 3.33333E+03 1.00000E+02
 -1      1673 2.83333E+03 3.33333E+03-1.00000E+02
 -1      1675 2.83333E+03 3.33333E+03 1.00000E+02
 -1      1676 3.00000E+03 3.33333E+03-1.00000E+02
 -1      1677 3.00000E+03 3.33333E+03 0.00000E+00
 -1      1678 3.00000E+03 3.33333E+03 1.00000E+02
 -1      1679 3.16667E+03 3.33333E+03-1.00000E+02
 -1      1681 3.16667E+03 3.33333E+03 1.00000E+02
 -1      1682 3.33333E+03 3.33333E+03-1.00000E+02
 -1      1683 3.33333E+03 3.33333E+03 0.00000E+00
 -1      1684 3.33333E+03 3.33333E+03 1.00000E+02
 -1      1685 3.50000E+03 3.33333E+03-1.00000E+02
 -1      1687 3.50000E+03 3.33333E+03 1.00000E+02
 -1      1688 3.66667E+03 3.33333E+03-1.00000E+02
 -1      1689 3.66667E+03 3.33333E+03 0.00000E+00
 -1      1690 3.66667E+03 3.33333E+03 1.00000E+02
 -1      1691 3.83333E+03 3.33333E+03-1.00000E+02
 -1      1693 3.83333E+03 3.33333E+03 1.00000E+02
 -1      1694 4.00000E+03 3.33333E+03-1.00000E+02
 -1      1695 4.00000E+03 3.33333E+03 0.00000E+00
 -1      1696 4.00000E+03 3.33333E+03 1.00000E+02
 -1      1697 0.00000E+00 3.50000E+03-1.00000E+02
 -1      1699 0.00000E+00 3.50000E+03 1.00000E+02
 -1      1700 3.33333E+02 3.50000E+03-1.00000E+02
 -1      1702 3.33333E+02 3.50000E+03 1.00000E+02
 -1      1703 6.66667E+02 3.50000E+03-1.00000E+02
 -1      1705 6.66667E+02 3.50000E+03 1.00000E+02
 -1      1706 1.00000E+03 3.50000E+03-1.00000E+02
 -1      1708 1.00000E+03 3.50000E+03 1.00000E+02
 -1      1709 1.33333E+03 3.50000E+03-1.00000E+02
 -1      1711 1.33333E+03 3.50000E+03 1.00000E+02
 -1      1712 1.66667E+03 3.50000E+03-1.00000E+02
 -1      1714 1.66667E+03 3.50000E+03 1.00000E+02
 -1      1715 2.00000E+03 3.50000E+03-1.00000E+02
 -1      1717 2.00000E+03 3.50000E+03 1.00000E+02
 -1      1718 2.33333E+03 3.50000E+03-1.00000E+02
 -1      1720 2.33333E+03 3.50000E+03 1.00000E+02
 -1      1721 2.66667E+03 3.50000E+03-1.00000E+02
 -1      1723 2.66667E+03 3.50000E+03 1.00000E+02
 -1      1724 3.00000E+03 3.50000E+03-1.00000E+02
 -1      1726 3.00000E+03 3.50000E+03 1.00000E+02
 -1      1727 3.33333E+03 3.50000E+03-1.00000E+02
 -1      1729 3.33333E+03 3.50000E+03 1.00000E+02
 -1      1730 3.66667E+03 3.50000E+03-1.00000E+02
 -1      1732 3.66667E+03 3.50000E+03 1.00000E+02
 -1      1733 4.00000E+03 3.50000E+03-1.00000E+02
 -1      1735 4.00000E+03 3.50000E+03 1.00000E+02
 -1      1736 0.00000E+00 3.66667E+03-1.00000E+02
 -1      1737 0.00000E+00 3.66667E+03 0.00000E+00
 -1      1738 0.00000E+00 3.66667E+03 1.00000E+02
 -1      1739 1.66667E+02 3.66667E+03-1.00000E+02
 -1      1741 1.66667E+02 3.66667E+03 1.00000E+02
 -1      1742 3.33333E+02 3.66667E+03-1.00000E+02
 -1      1743 3.33333E+02 3.66667E+03 0.00000E+00
 -1      1744 3.33333E+02 3.66667E+03 1.00000E+02
 -1      1745 5.00000E+02 3.66667E+03-1.00000E+02
 -1      1747 5.00000E+02 3.66667E+03 1.00000E+02
 -1      1748 6.66667E+02 3.66667E+03-1.00000E+02
 -1      1749 6.66667E+02 3.66667E+03 0.00000E+00
 -1      1750 6.66667E+02 3.66667E+03 1.00000E+02
 -1      1751 8.33333E+02 3.66667E+03-1.00000E+02
 -1      1753 8.33333E+02 3.66667E+03 1.00000E+02
 -1      1754 1.00000E+03 3.66667E+03-1.00000E+02
 -1      1755 1.00000E+03 3.66667E+03 0.00000E+00
 -1      1756 1.00000E+03 3.66667E+03 1.00000E+02
 -1      1757 1.16667E+03 3.66667E+03-1.00000E+02
 -1      1759 1.16667E+03 3.66667E+03 1.00000E+02
 -1      1760 1.33333E+03 3.66667E+03-1.00000E+02
 -1      1761 1.33333E+03 3.66667E+03 0.00000E+00
 -1      1762 1.33333E+03 3.66667E+03 1.00000E+02
 -1      1763 1.50000E+03 3.66667E+03-1.00000E+02
 -1      1765 1.50000E+03 3.66667E+03 1.00000E+02
 -1      1766 1.66667E+03 3.66667E+03-1.00000E+02
 -1      1767 1.66667E+03 3.66667E+03 0.00000E+00
 -1      1768 1.66667E+03 3.66667E+03 1.00000E+02
 -1      1769 1.83333E+03 3.66667E+03-1.00000E+02
 -1      1771 1.83333E+03 3.66667E+03 1.00000E+02
 -1      1772 2.00000E+03 3.66667E+03-1.00000E+02
 -1      1773 2.00000E+03 3.66667E+03 0.00000E+00
 -1      1774 2.00000E+03 3.66667E+03 1.00000E+02
 -1      1775 2.16667E+03 3.66667E+03-1.00000E+02
 -1      1777 2.16667E+03 3.66667E+03 1.00000E+02
 -1      1778 2.33333E+03 3.66667E+03-1.00000E+02
 -1      1779 2.33333E+03 3.66667E+03 0.00000E+00
 -1      1780 2.33333E+03 3.66667E+03 1.00000E+02
 -1      1781 2.50000E+03 3.66667E+03-1.00000E+02
 -1      1783 2.50000E+03 3.66667E+03 1.00000E+02
 -1      1784 2.66667E+03 3.66667E+03-1.00000E+02
 -1      1785 2.66667E+03 3.66667E+03 0.00000E+00
 -1      1786 2.66667E+03 3.66667E+03 1.00000E+02
 -1      1787 2.83333E+03 3.66667E+03-1.00000E+02
 -1      1789 2.83333E+03 3.66667E+03 1.00000E+02
 -1      1790 3.00000E+03 3.66667E+03-1.00000E+02
 -1      1791 3.00000E+03 3.66667E+03 0.00000E+00
 -1      1792 3.00000E+03 3.66667E+03 1.00000E+02
 -1      1793 3.16667E+03 3.66667E+03-1.00000E+02
 -1      1795 3.16667E+03 3.66667E+03 1.00000E+02
 -1      1796 3.33333E+03 3.66667E+03-1.00000E+02
 -1      1797 3.33333E+03 3.66667E+03 0.00000E+00
 -1      1798 3.33333E+03 3.66667E+03 1.00000E+02
 -1      1799 3.50000E+03 3.66667E+03-1.00000E+02
 -1      1801 3.50000E+03 3.66667E+03 1.00000E+02
 -1      1802 3.66667E+03 3.66667E+03-1.00000E+02
 -1      1803 3.66667E+03 3.66667E+03 0.00000E+00
 -1      1804 3.66667E+03 3.66667E+03 1.00000E+02
 -1      1805 3.83333E+03 3.66667E+03-1.00000E+02
 -1      1807 3.83333E+03 3.66667E+03 1.00000E+02
 -1      1808 4.00000E+03 3.66667E+03-1.00000E+02
 -1      1809 4.00000E+03 3.66667E+03 0.00000E+00
 -1      1810 4.00000E+03 3.66667E+03 1.00000E+02
 -1      1811 0.00000E+00 3.83333E+03-1.00000E+02
 -1      1813 0.00000E+00 3.83333E+03 1.00000E+02
 -1      1814 3.33333E+02 3.83333E+03-1.00000E+02
 -1      1816 3.33333E+02 3.83333E+03 1.00000E+02
 -1      1817 6.66667E+02 3.83333E+03-1.00000E+02
 -1      1819 6.66667E+02 3.83333E+03 1.00000E+02
 -1      1820 1.00000E+03 3.83333E+03-1.00000E+02
 -1      1822 1.00000E+03 3.83333E+03 1.00000E+02
 -1      1823 1.33333E+03 3.83333E+03-1.00000E+02
 -1      1825 1.33333E+03 3.83333E+03 1.00000E+02
 -1      1826 1.66667E+03 3.83333E+03-1.00000E+02
 -1      1828 1.66667E+03 3.83333E+03 1.00000E+02
 -1      1829 2.00000E+03 3.83333E+03-1.00000E+02
 -1      1831 2.00000E+03 3.83333E+03 1.00000E+02
 -1      1832 2.33333E+03 3.83333E+03-1.00000E+02
 -1      1834 2.33333E+03 3.83333E+03 1.00000E+02
 -1      1835 2.66667E+03 3.83333E+03-1.00000E+02
 -1      1837 2.66667E+03 3.83333E+03 1.00000E+02
 -1      1838 3.00000E+03 3.83333E+03-1.00000E+02
 -1      1840 3.00000E+03 3.83333E+03 1.00000E+02
 -1      1841 3.33333E+03 3.83333E+03-1.00000E+02
 -1      1843 3.33333E+03 3.83333E+03 1.00000E+02
 -1      1844 3.66667E+03 3.83333E+03-1.00000E+02
 -1      1846 3.66667E+03 3.83333E+03 1.00000E+02
 -1      1847 4.00000E+03 3.83333E+03-1.00000E+02
 -1      1849 4.00000E+03 3.83333E+03 1.00000E+02
 -1      1850 0.00000E+00 4.00000E+03-1.00000E+02
 -1      1851 0.00000E+00 4.00000E+03 0.00000E+00
 -1      1852 0.00000E+00 4.00000E+03 1.00000E+02
 -1      1853 1.66667E+02 4.00000E+03-1.00000E+02
 -1      1855 1.66667E+02 4.00000E+03 1.00000E+02
 -1      1856 3.33333E+02 4.00000E+03-1.00000E+02
 -1      1857 3.33333E+02 4.00000E+03 0.00000E+00
 -1      1858 3.33333E+02 4.00000E+03 1.00000E+02
 -1      1859 5.00000E+02 4.00000E+03-1.00000E+02
 -1      1861 5.00000E+02 4.00000E+03 1.00000E+02
 -1      1862 6.66667E+02 4.00000E+03-1.00000E+02
 -1      1863 6.66667E+02 4.00000E+03 0.00000E+00
 -1      1864 6.66667E+02 4.00000E+03 1.00000E+02
 -1      1865 8.33333E+02 4.00000E+03-1.00000E+02
 -1      1867 8.33333E+02 4.00000E+03 1.00000E+02
 -1      1868 1.00000E+03 4.00000E+03-1.00000E+02
 -1      1869 1.00000E+03 4.00000E+03 0.00000E+00
 -1      1870 1.00000E+03 4.00000E+03 1.00000E+02
 -1      1871 1.16667E+03 4.00000E+03-1.00000E+02
 -1      1873 1.16667E+03 4.00000E+03 1.00000E+02
 -1      1874 1.33333E+03 4.00000E+03-1.00000E+02
 -1      1875 1.33333E+03 4.00000E+03 0.00000E+00
 -1      1876 1.33333E+03 4.00000E+03 1.00000E+02
 -1      1877 1.50000E+03 4.00000E+03-1.00000E+02
 -1      1879 1.50000E+03 4.00000E+03 1.00000E+02
 -1      1880 1.66667E+03 4.00000E+03-1.00000E+02
 -1      1881 1.66667E+03 4.00000E+03 0.00000E+00
 -1      1882 1.66667E+03 4.00000E+03 1.00000E+02
 -1      1883 1.83333E+03 4.00000E+03-1.00000E+02
 -1      1885 1.83333E+03 4.00000E+03 1.00000E+02
 -1      1886 2.00000E+03 4.00000E+03-1.00000E+02
 -1      1887 2.00000E+03 4.00000E+03 0.00000E+00
 -1      1888 2.00000E+03 4.00000E+03 1.00000E+02
 -1      1889 2.16667E+03 4.00000E+03-1.00000E+02
 -1      1891 2.16667E+03 4.00000E+03 1.00000E+02
 -1      1892 2.33333E+03 4.00000E+03-1.00000E+02
 -1      1893 2.33333E+03 4.00000E+03 0.00000E+00
 -1      1894 2.33333E+03 4.00000E+03 1.00000E+02
 -1      1895 2.50000E+03 4.00000E+03-1.00000E+02
 -1      1897 2.50000E+03 4.00000E+03 1.00000E+02
 -1      1898 2.66667E+03 4.00000E+03-1.00000E+02
 -1      1899 2.66667E+03 4.00000E+03 0.00000E+00
 -1      1900 2.66667E+03 4.00000E+03 1.00000E+02
 -1      1901 2.83333E+03 4.00000E+03-1.00000E+02
 -1      1903 2.83333E+03 4.00000E+03 1.00000E+02
 -1      1904 3.00000E+03 4.00000E+03-1.00000E+02
 -1      1905 3.00000E+03 4.00000E+03 0.00000E+00
 -1      1906 3.00000E+03 4.00000E+03 1.00000E+02
 -1      1907 3.16667E+03 4.00000E+03-1.00000E+02
 -1      1909 3.16667E+03 4.00000E+03 1.00000E+02
 -1      1910 3.33333E+03 4.00000E+03-1.00000E+02
 -1      1911 3.33333E+03 4.00000E+03 0.00000E+00
 -1      1912 3.33333E+03 4.00000E+03 1.00000E+02
 -1      1913 3.50000E+03 4.00000E+03-1.00000E+02
 -1      1915 3.50000E+03 4.00000E+03 1.00000E+02
 -1      1916 3.66667E+03 4.00000E+03-1.00000E+02
 -1      1917 3.66667E+03 4.00000E+03 0.00000E+00
 -1      1918 3.66667E+03 4.00000E+03 1.00000E+02
 -1      1919 3.83333E+03 4.00000E+03-1.00000E+02
 -1      1921 3.83333E+03 4.00000E+03 1.00000E+02
 -1      1922 4.00000E+03 4.00000E+03-1.00000E+02
 -1      1923 4.00000E+03 4.00000E+03 0.00000E+00
 -1      1924 4.00000E+03 4.00000E+03 1.00000E+02
 -3
    3C                           144                                     1
 -1         1    4    0    1
 -2       482       488       602       596       484       490       604       598       485       560
 -2       599       557       483       489       603       597       487       562       601       559
 -1         2    4    0    1
 -2       488       494       608       602       490       496       610       604       491       563
 -2       605       560       489       495       609       603       493       565       607       562
 -1         3    4    0    1
 -2       494       500       614       608       496       502       616       610       497       566
 -2       611       563       495       501       615       609       499       568       613       565
 -1         4    4    0    1
 -2       500       506       620       614       502       508       622       616       503       569
 -2       617       566       501       507       621       615       505       571       619       568
 -1         5    4    0    1
 -2       506       512       626       620       508       514       628       622       509       572
 -2       623       569       507       513       627       621       511       574       625       571
 -1         6    4    0    1
 -2       512       518       632       626       514       520       634       628       515       575
 -2       629       572       513       519       633       627       517       577       631       574
 -1         7    4    0    1
 -2       518       524       638       632       520       526       640       634       521       578
 -2       635       575       519       525       639       633       523       580       637       577
 -1         8    4    0    1
 -2       524       530       644       638       526       532       646       640       527       581
 -2       641       578       525       531       645       639       529       583       643       580
 -1         9    4    0    1
 -2       530       536       650       644       532       538       652       646       533       584
 -2       647       581       531       537       651       645       535       586       649       583
 -1        10    4    0    1
 -2       536       542       656       650       538       544       658       652       539       587
 -2       653       584       537       543       657       651       541       589       655       586
 -1        11    4    0    1
 -2       542       548       662       656       544       550       664       658       545       590
 -2       659       587       543       549       663       657       547       592       661       589
 -1        12    4    0    1
 -2       548       554       668       662       550       556       670       664       551       593
 -2       665       590       549       555       669       663       553       595       667       592
 -1        13    4    0    1
 -2       596       602       716       710       598       604       718       712       599       674
 -2       713       671       597       603       717       711       601       676       715       673
 -1        14    4    0    1
 -2       602       608       722       716       604       610       724       718       605       677
 -2       719       674       603       609       723       717       607       679       721       676
 -1        15    4    0    1
 -2       608       614       728       722       610       616       730       724       611       680
 -2       725       677       609       615       729       723       613       682       727       679
 -1        16    4    0    1
 -2       614       620       734       728       616       622       736       730       617       683
 -2       731       680       615       621       735       729       619       685       733       682
 -1        17    4    0    1
 -2       620       626       740       734       622       628       742       736       623       686
 -2       737       683       621       627       741       735       625       688       739       685
 -1        18    4    0    1
 -2       626       632       746       740       628       634       748       742       629       689
 -2       743       686       627       633       747       741       631       691       745       688
 -1        19    4    0    1
 -2       632       638       752       746       634       640       754       748       635       692
 -2       749       689       633       639       753       747       637       694       751       691
 -1        20    4    0    1
 -2       638       644       758       752       640       646       760       754       641       695
 -2       755       692       639       645       759       753       643       697       757       694
 -1        21    4    0    1
 -2       644       650       764       758       646       652       766       760       647       698
 -2       761       695       645       651       765       759       649       700       763       697
 -1        22    4    0    1
 -2       650       656       770       764       652       658       772       766       653       701
 -2       767       698       651       657       771       765       655       703       769       700
 -1        23    4    0    1
 -2       656       662       776       770       658       664       778       772       659       704
 -2       773       701       657       663       777       771       661       706       775       703
 -1        24    4    0    1
 -2       662       668       782       776       664       670       784       778       665       707
 -2       779       704       663       669       783       777       667       709       781       706
 -1        25    4    0    1
 -2       710       716       830       824       712       718       832       826       713       788
 -2       827       785       711       717       831       825       715       790       829       787
 -1        26    4    0    1
 -2       716       722       836       830       718       724       838       832       719       791
 -2       833       788       717       723       837       831       721       793       835       790
 -1        27    4    0    1
 -2       722       728       842       836       724       730       844       838       725       794
 -2       839       791       723       729       843       837       727       796       841       793
 -1        28    4    0    1
 -2       728       734       848       842       730       736       850       844       731       797
 -2       845       794       729       735       849       843       733       799       847       796
 -1        29    4    0    1
 -2       734       740       854       848       736       742       856       850       737       800
 -2       851       797       735       741       855       849       739       802       853       799
 -1        30    4    0    1
 -2       740       746       860       854       742       748       862       856       743       803
 -2       857       800       741       747       861       855       745       805       859       802
 -1        31    4    0    1
 -2       746       752       866       860       748       754       868       862       749       806
 -2       863       803       747       753       867       861       751       808       865       805
 -1        32    4    0    1
 -2       752       758       872       866       754       760       874       868       755       809
 -2       869       806       753       759       873       867       757       811       871       808
 -1        33    4    0    1
 -2       758       764       878       872       760       766       880       874       761       812
 -2       875       809       759       765       879       873       763       814       877       811
 -1        34    4    0    1
 -2       764       770       884       878       766       772       886       880       767       815
 -2       881       812       765       771       885       879       769       817       883       814
 -1        35    4    0    1
 -2       770       776       890       884       772       778       892       886       773       818
 -2       887       815       771       777       891       885       775       820       889       817
 -1        36    4    0    1
 -2       776       782       896       890       778       784       898       892       779       821
 -2       893       818       777       783       897       891       781       823       895       820
 -1        37    4    0    1
 -2       824       830       944       938       826       832       946       940       827       902
 -2       941       899       825       831       945       939       829       904       943       901
 -1        38    4    0    1
 -2       830       836       950       944       832       838       952       946       833       905
 -2       947       902       831       837       951       945       835       907       949       904
 -1        39    4    0    1
 -2       836       842       956       950       838       844       958       952       839       908
 -2       953       905       837       843       957       951       841       910       955       907
 -1        40    4    0    1
 -2       842       848       962       956       844       850       964       958       845       911
 -2       959       908       843       849       963       957       847       913       961       910
 -1        41    4    0    1
 -2       848       854       968       962       850       856       970       964       851       914
 -2       965       911       849       855       969       963       853       916       967       913
 -1        42    4    0    1
 -2       854       860       974       968       856       862       976       970       857       917
 -2       971       914       855       861       975       969       859       919       973       916
 -1        43    4    0    1
 -2       860       866       980       974       862       868       982       976       863       920
 -2       977       917       861       867       981       975       865       922       979       919
 -1        44    4    0    1
 -2       866       872       986       980       868       874       988       982       869       923
 -2       983       920       867       873       987       981       871       925       985       922
 -1        45    4    0    1
 -2       872       878       992       986       874       880       994       988       875       926
 -2       989       923       873       879       993       987       877       928       991       925
 -1        46    4    0    1
 -2       878       884       998       992       880       886      1000       994       881       929
 -2       995       926       879       885       999       993       883       931       997       928
 -1        47    4    0    1
 -2       884       890      1004       998       886       892      1006      1000       887       932
 -2      1001       929       885       891      1005       999       889       934      1003       931
 -1        48    4    0    1
 -2       890       896      1010      1004       892       898      1012      1006       893       935
 -2      1007       932       891       897      1011      1005       895       937      1009       934
 -1        49    4    0    1
 -2       938       944      1058      1052       940       946      1060      1054       941      1016
 -2      1055      1013       939       945      1059      1053       943      1018      1057      1015
 -1        50    4    0    1
 -2       944       950      1064      1058       946       952      1066      1060       947      1019
 -2      1061      1016       945       951      1065      1059       949      1021      1063      1018
 -1        51    4    0    1
 -2       950       956      1070      1064       952       958      1072      1066       953      1022
 -2      1067      1019       951       957      1071      1065       955      1024      1069      1021
 -1        52    4    0    1
 -2       956       962      1076      1070       958       964      1078      1072       959      1025
 -2      1073      1022       957       963      1077      1071       961      1027      1075      1024
 -1        53    4    0    1
 -2       962       968      1082      1076       964       970      1084      1078       965      1028
 -2      1079      1025       963       969      1083      1077       967      1030      1081      1027
 -1        54    4    0    1
 -2       968       974      1088      1082       970       976      1090      1084       971      1031
 -2      1085      1028       969       975      1089      1083       973      1033      1087      1030
 -1        55    4    0    1
 -2       974       980      1094      1088       976       982      1096      1090       977      1034
 -2      1091      1031       975       981      1095      1089       979      1036      1093      1033
 -1        56    4    0    1
 -2       980       986      1100      1094       982       988      1102      1096       983      1037
 -2      1097      1034       981       987      1101      1095       985      1039      1099      1036
 -1        57    4    0    1
 -2       986       992      1106      1100       988       994      1108      1102       989      1040
 -2      1103      1037       987       993      1107      1101       991      1042      1105      1039
 -1        58    4    0    1
 -2       992       998      1112      1106       994      1000      1114      1108       995      1043
 -2      1109      1040       993       999      1113      1107       997      1045      1111      1042
 -1        59    4    0    1
 -2       998      1004      1118      1112      1000      1006      1120      1114      1001      1046
 -2      1115      1043       999      1005      1119      1113      1003      1048      1117      1045
 -1        60    4    0    1
 -2      1004      1010      1124      1118      1006      1012      1126      1120      1007      1049
 -2      1121      1046      1005      1011      1125      1119      1009      1051      1123      1048
 -1        61    4    0    1
 -2      1052      1058      1172      1166      1054      1060      1174      1168      1055      1130
 -2      1169      1127      1053      1059      1173      1167      1057      1132      1171      1129
 -1        62    4    0    1
 -2      1058      1064      1178      1172      1060      1066      1180      1174      1061      1133
 -2      1175      1130      1059      1065      1179      1173      1063      1135      1177      1132
 -1        63    4    0    1
 -2      1064      1070      1184      1178      1066      1072      1186      1180      1067      1136
 -2      1181      1133      1065      1071      1185      1179      1069      1138      1183      1135
 -1        64    4    0    1
 -2      1070      1076      1190      1184      1072      1078      1192      1186      1073      1139
 -2      1187      1136      1071      1077      1191      1185      1075      1141      1189      1138
 -1        65    4    0    1
 -2      1076      1082      1196      1190      1078      1084      1198      1192      1079      1142
 -2      1193      1139      1077      1083      1197      1191      1081      1144      1195      1141
 -1        66    4    0    1
 -2      1082      1088      1202      1196      1084      1090      1204      1198      1085      1145
 -2      1199      1142      1083      1089      1203      1197      1087      1147      1201      1144
 -1        67    4    0    1
 -2      1088      1094      1208      1202      1090      1096      1210      1204      1091      1148
 -2      1205      1145      1089      1095      1209      1203      1093      1150      1207      1147
 -1        68    4    0    1
 -2      1094      1100      1214      1208      1096      1102      1216      1210      1097      1151
 -2      1211      1148      1095      1101      1215      1209      1099      1153      1213      1150
 -1        69    4    0    1
 -2      1100      1106      1220      1214      1102      1108      1222      1216      1103      1154
 -2      1217      1151      1101      1107      1221      1215      1105      1156      1219      1153
 -1        70    4    0    1
 -2      1106      1112      1226      1220      1108      1114      1228      1222      1109      1157
 -2      1223      1154      1107      1113      1227      1221      1111      1159      1225      1156
 -1        71    4    0    1
 -2      1112      1118      1232      1226      1114      1120      1234      1228      1115      1160
 -2      1229      1157      1113      1119      1233      1227      1117      1162      1231      1159
 -1        72    4    0    1
 -2      1118      1124      1238      1232      1120      1126      1240      1234      1121      1163
 -2      1235      1160      1119      1125      1239      1233      1123      1165      1237      1162
 -1        73    4    0    1
 -2      1166      1172      1286      1280      1168      1174      1288      1282      1169      1244
 -2      1283      1241      1167      1173      1287      1281      1171      1246      1285      1243
 -1        74    4    0    1
 -2      1172      1178      1292      1286      1174      1180      1294      1288      1175      1247
 -2      1289      1244      1173      1179      1293      1287      1177      1249      1291      1246
 -1        75    4    0    1
 -2      1178      1184      1298      1292      1180      1186      1300      1294      1181      1250
 -2      1295      1247      1179      1185      1299      1293      1183      1252      1297      1249
 -1        76    4    0    1
 -2      1184      1190      1304      1298      1186      1192      1306      1300      1187      1253
 -2      1301      1250      1185      1191      1305      1299      1189      1255      1303      1252
 -1        77    4    0    1
 -2      1190      1196      1310      1304      1192      1198      1312      1306      1193      1256
 -2      1307      1253      1191      1197      1311      1305      1195      1258      1309      1255
 -1        78    4    0    1
 -2      1196      1202      1316      1310      1198      1204      1318      1312      1199      1259
 -2      1313      1256      1197      1203      1317      1311      1201      1261      1315      1258
 -1        79    4    0    1
 -2      1202      1208      1322      1316      1204      1210      1324      1318      1205      1262
 -2      1319      1259      1203      1209      1323      1317      1207      1264      1321      1261
 -1        80    4    0    1
 -2      1208      1214      1328      1322      1210      1216      1330      1324      1211      1265
 -2      1325      1262      1209      1215      1329      1323      1213      1267      1327      1264
 -1        81    4    0    1
 -2      1214      1220      1334      1328      1216      1222      1336      1330      1217      1268
 -2      1331      1265      1215      1221      1335      1329      1219      1270      1333      1267
 -1        82    4    0    1
 -2      1220      1226      1340      1334      1222      1228      1342      1336      1223      1271
 -2      1337      1268      1221      1227      1341      1335      1225      1273      1339      1270
 -1        83    4    0    1
 -2      1226      1232      1346      1340      1228      1234      1348      1342      1229      1274
 -2      1343      1271      1227      1233      1347      1341      1231      1276      1345      1273
 -1        84    4    0    1
 -2      1232      1238      1352      1346      1234      1240      1354      1348      1235      1277
 -2      1349      1274      1233      1239      1353      1347      1237      1279      1351      1276
 -1        85    4    0    1
 -2      1280      1286      1400      1394      1282      1288      1402      1396      1283      1358
 -2      1397      1355      1281      1287      1401      1395      1285      1360      1399      1357
 -1        86    4    0    1
 -2      1286      1292      1406      1400      1288      1294      1408      1402      1289      1361
 -2      1403      1358      1287      1293      1407      1401      1291      1363      1405      1360
 -1        87    4    0    1
 -2      1292      1298      1412      1406      1294      1300      1414      1408      1295      1364
 -2      1409      1361      1293      1299      1413      1407      1297      1366      1411      1363
 -1        88    4    0    1
 -2      1298      1304      1418      1412      1300      1306      1420      1414      1301      1367
 -2      1415      1364      1299      1305      1419      1413      1303      1369      1417      1366
 -1        89    4    0    1
 -2      1304      1310      1424      1418      1306      1312      1426      1420      1307      1370
 -2      1421      1367      1305      1311      1425      1419      1309      1372      1423      1369
 -1        90    4    0    1
 -2      1310      1316      1430      1424      1312      1318      1432      1426      1313      1373
 -2      1427      1370      1311      1317      1431      1425      1315      1375      1429      1372
 -1        91    4    0    1
 -2      1316      1322      1436      1430      1318      1324      1438      1432      1319      1376
 -2      1433      1373      1317      1323      1437      1431      1321      1378      1435      1375
 -1        92    4    0    1
 -2      1322      1328      1442      1436      1324      1330      1444      1438      1325      1379
 -2      1439      1376      1323      1329      1443      1437      1327      1381      1441      1378
 -1        93    4    0    1
 -2      1328      1334      1448      1442      1330      1336      1450      1444      1331      1382
 -2      1445      1379      1329      1335      1449      1443      1333      1384      1447      1381
 -1        94    4    0    1
 -2      1334      1340      1454      1448      1336      1342      1456      1450      1337      1385
 -2      1451      1382      1335      1341      1455      1449      1339      1387      1453      1384
 -1        95    4    0    1
 -2      1340      1346      1460      1454      1342      1348      1462      1456      1343      1388
 -2      1457      1385      1341      1347      1461      1455      1345      1390      1459      1387
 -1        96    4    0    1
 -2      1346      1352      1466      1460      1348      1354      1468      1462      1349      1391
 -2      1463      1388      1347      1353      1467      1461      1351      1393      1465      1390
 -1        97    4    0    1
 -2      1394      1400      1514      1508      1396      1402      1516      1510      1397      1472
 -2      1511      1469      1395      1401      1515      1509      1399      1474      1513      1471
 -1        98    4    0    1
 -2      1400      1406      1520      1514      1402      1408      1522      1516      1403      1475
 -2      1517      1472      1401      1407      1521      1515      1405      1477      1519      1474
 -1        99    4    0    1
 -2      1406      1412      1526      1520      1408      1414      1528      1522      1409      1478
 -2      1523      1475      1407      1413      1527      1521      1411      1480      1525      1477
 -1       100    4    0    1
 -2      1412      1418      1532      1526      1414      1420      1534      1528      1415      1481
 -2      1529      1478      1413      1419      1533      1527      1417      1483      1531      1480
 -1       101    4    0    1
 -2      1418      1424      1538      1532      1420      1426      1540      1534      1421      1484
 -2      1535      1481      1419      1425      1539      1533      1423      1486      1537      1483
 -1       102    4    0    1
 -2      1424      1430      1544      1538      1426      1432      1546      1540      1427      1487
 -2      1541      1484      1425      1431      1545      1539      1429      1489      1543      1486
 -1       103    4    0    1
 -2      1430      1436      1550      1544      1432      1438      1552      1546      1433      1490
 -2      1547      1487      1431      1437      1551      1545      1435      1492      1549      1489
 -1       104    4    0    1
 -2      1436      1442      1556      1550      1438      1444      1558      1552      1439      1493
 -2      1553      1490      1437      1443      1557      1551      1441      1495      1555      1492
 -1       105    4    0    1
 -2      1442      1448      1562      1556      1444      1450      1564      1558      1445      1496
 -2      1559      1493      1443      1449      1563      1557      1447      1498      1561      1495
 -1       106    4    0    1
 -2      1448      1454      1568      1562      1450      1456      1570      1564      1451      1499
 -2      1565      1496      1449      1455      1569      1563      1453      1501      1567      1498
 -1       107    4    0    1
 -2      1454      1460      1574      1568      1456      1462      1576      1570      1457      1502
 -2      1571      1499      1455      1461      1575      1569      1459      1504      1573      1501
 -1       108    4    0    1
 -2      1460      1466      1580      1574      1462      1468      1582      1576      1463      1505
 -2      1577      1502      1461      1467      1581      1575      1465      1507      1579      1504
 -1       109    4    0    1
 -2      1508      1514      1628      1622      1510      1516      1630      1624      1511      1586
 -2      1625      1583      1509      1515      1629      1623      1513      1588      1627      1585
 -1       110    4    0    1
 -2      1514      1520      1634      1628      1516      1522      1636      1630      1517      1589
 -2      1631      1586      1515      1521      1635      1629      1519      1591      1633      1588
 -1       111    4    0    1
 -2      1520      1526      1640      1634      1522      1528      1642      1636      1523      1592
 -2      1637      1589      1521      1527      1641      1635      1525      1594      1639      1591
 -1       112    4    0    1
 -2      1526      1532      1646      1640      1528      1534      1648      1642      1529      1595
 -2      1643      1592      1527      1533      1647      1641      1531      1597      1645      1594
 -1       113    4    0    1
 -2      1532      1538      1652      1646      1534      1540      1654      1648      1535      1598
 -2      1649      1595      1533      1539      1653      1647      1537      1600      1651      1597
 -1       114    4    0    1
 -2      1538      1544      1658      1652      1540      1546      1660      1654      1541      1601
 -2      1655      1598      1539      1545      1659      1653      1543      1603      1657      1600
 -1       115    4    0    1
 -2      1544      1550      1664      1658      1546      1552      1666      1660      1547      1604
 -2      1661      1601      1545      1551      1665      1659      1549      1606      1663      1603
 -1       116    4    0    1
 -2      1550      1556      1670      1664      1552      1558      1672      1666      1553      1607
 -2      1667      1604      1551      1557      1671      1665      1555      1609      1669      1606
 -1       117    4    0    1
 -2      1556      1562      1676      1670      1558      1564      1678      1672      1559      1610
 -2      1673      1607      1557      1563      1677      1671      1561      1612      1675      1609
 -1       118    4    0    1
 -2      1562      1568      1682      1676      1564      1570      1684      1678      1565      1613
 -2      1679      1610      1563      1569      1683      1677      1567      1615      1681      1612
 -1       119    4    0    1
 -2      1568      1574      1688      1682      1570      1576      1690      1684      1571      1616
 -2      1685      1613      1569      1575      1689      1683      1573      1618      1687      1615
 -1       120    4    0    1
 -2      1574      1580      1694      1688      1576      1582      1696      1690      1577      1619
 -2      1691      1616      1575      1581      1695      1689      1579      1621      1693      1618
 -1       121    4    0    1
 -2      1622      1628      1742      1736      1624      1630      1744      1738      1625      1700
 -2      1739      1697      1623      1629      1743      1737      1627      1702      1741      1699
 -1       122    4    0    1
 -2      1628      1634      1748      1742      1630      1636      1750      1744      1631      1703
 -2      1745      1700      1629      1635      1749      1743      1633      1705      1747      1702
 -1       123    4    0    1
 -2      1634      1640      1754      1748      1636      1642      1756      1750      1637      1706
 -2      1751      1703      1635      1641      1755      1749      1639      1708      1753      1705
 -1       124    4    0    1
 -2      1640      1646      1760      1754      1642      1648      1762      1756      1643      1709
 -2      1757      1706      1641      1647      1761      1755      1645      1711      1759      1708
 -1       125    4    0    1
 -2      1646      1652      1766      1760      1648      1654      1768      1762      1649      1712
 -2      1763      1709      1647      1653      1767      1761      1651      1714      1765      1711
 -1       126    4    0    1
 -2      1652      1658      1772      1766      1654      1660      1774      1768      1655      1715
 -2      1769      1712      1653      1659      1773      1767      1657      1717      1771      1714
 -1       127    4    0    1
 -2      1658      1664      1778      1772      1660      1666      1780      1774      1661      1718
 -2      1775      1715      1659      1665      1779      1773      1663      1720      1777      1717
 -1       128    4    0    1
 -2      1664      1670      1784      1778      1666      1672      1786      1780      1667      1721
 -2      1781      1718      1665      1671      1785      1779      1669      1723      1783      1720
 -1       129    4    0    1
 -2      1670      1676      1790      1784      1672      1678      1792      1786      1673      1724
 -2      1787      1721      1671      1677      1791      1785      1675      1726      1789      1723
 -1       130    4    0    1
 -2      1676      1682      1796      1790      1678      1684      1798      1792      1679      1727
 -2      1793      1724      1677      1683      1797      1791      1681      1729      1795      1726
 -1       131    4    0    1
 -2      1682      1688      1802      1796      1684      1690      1804      1798      1685      1730
 -2      1799      1727      1683      1689      1803      1797      1687      1732      1801      1729
 -1       132    4    0    1
 -2      1688      1694      1808      1802      1690      1696      1810      1804      1691      1733
 -2      1805      1730      1689      1695      1809      1803      1693      1735      1807      1732
 -1       133    4    0    1
 -2      1736      1742      1856      1850      1738      1744      1858      1852      1739      1814
 -2      1853      1811      1737      1743      1857      1851      1741      1816      1855      1813
 -1       134    4    0    1
 -2      1742      1748      1862      1856      1744      1750      1864      1858      1745      1817
 -2      1859      1814      1743      1749      1863      1857      1747      1819      1861      1816
 -1       135    4    0    1
 -2      1748      1754      1868      1862      1750      1756      1870      1864      1751      1820
 -2      1865      1817      1749      1755      1869      1863      1753      1822      1867      1819
 -1       136    4    0    1
 -2      1754      1760      1874      1868      1756      1762      1876      1870      1757      1823
 -2      1871      1820      1755      1761      1875      1869      1759      1825      1873      1822
 -1       137    4    0    1
 -2      1760      1766      1880      1874      1762      1768      1882      1876      1763      1826
 -2      1877      1823      1761      1767      1881      1875      1765      1828      1879      1825
 -1       138    4    0    1
 -2      1766      1772      1886      1880      1768      1774      1888      1882      1769      1829
 -2      1883      1826      1767      1773      1887      1881      1771      1831      1885      1828
 -1       139    4    0    1
 -2      1772      1778      1892      1886      1774      1780      1894      1888      1775      1832
 -2      1889      1829      1773      1779      1893      1887      1777      1834      1891      1831
 -1       140    4    0    1
 -2      1778      1784      1898      1892      1780      1786      1900      1894      1781      1835
 -2      1895      1832      1779      1785      1899      1893      1783      1837      1897      1834
 -1       141    4    0    1
 -2      1784      1790      1904      1898      1786      1792      1906      1900      1787      1838
 -2      1901      1835      1785      1791      1905      1899      1789      1840      1903      1837
 -1       142    4    0    1
 -2      1790      1796      1910      1904      1792      1798      1912      1906      1793      1841
 -2      1907      1838      1791      1797      1911      1905      1795      1843      1909      1840
 -1       143    4    0    1
 -2      1796      1802      1916      1910      1798      1804      1918      1912      1799      1844
 -2      1913      1841      1797      1803      1917      1911      1801      1846      1915      1843
 -1       144    4    0    1
 -2      1802      1808      1922      1916      1804      1810      1924      1918      1805      1847
 -2      1919      1844      1803      1809      1923      1917      1807      1849      1921      1846
 -3
    1PSTEP                         1           1           1          
  100CL  101 1.000000000        1131                     0    1           1
 -4  DISP        4    1
 -5  D1          1    2    1    0
 -5  D2          1    2    2    0
 -5  D3          1    2    3    0
 -5  ALL         1    2    0    0    1ALL
 -1       482-5.99612E-03-5.99612E-03-3.33333E-05
 -1       483 0.00000E+00 0.00000E+00 0.00000E+00
 -1       484 5.99612E-03 5.99612E-03 3.33333E-05
 -1       485-7.33743E-03-1.20154E-02-3.33333E-05
 -1       487 7.31521E-03 1.20154E-02 3.33333E-05
 -1       488-8.53662E-03-2.52344E-02-3.33333E-05
 -1       489-2.22222E-05 6.99787E-15 0.00000E+00
 -1       490 8.49217E-03 2.52344E-02 3.33333E-05
 -1       491-7.68106E-03-3.60315E-02-3.33333E-05
 -1       493 7.61439E-03 3.60315E-02 3.33333E-05
 -1       494-6.93389E-03-4.65913E-02-3.33333E-05
 -1       495-4.44445E-05 8.33925E-15 0.00000E+00
 -1       496 6.84500E-03 4.65913E-02 3.33333E-05
 -1       497-6.15359E-03-5.59663E-02-3.33333E-05
 -1       499 6.04247E-03 5.59663E-02 3.33333E-05
 -1       500-5.42367E-03-6.42561E-02-3.33333E-05
 -1       501-6.66667E-05 9.05461E-15 0.00000E+00
 -1       502 5.29033E-03 6.42561E-02 3.33333E-05
 -1       503-4.56021E-03-7.13525E-02-3.33333E-05
 -1       505 4.40465E-03 7.13525E-02 3.33333E-05
 -1       506-3.69705E-03-7.71850E-02-3.33333E-05
 -1       507-8.88887E-05 9.73093E-15 0.00000E+00
 -1       508 3.51927E-03 7.71850E-02 3.33333E-05
 -1       509-2.81646E-03-8.17636E-02-3.33333E-05
 -1       511 2.61646E-03 8.17636E-02 3.33333E-05
 -1       512-1.93285E-03-8.50367E-02-3.33333E-05
 -1       513-1.11111E-04 9.91525E-15 0.00000E+00
 -1       514 1.71062E-03 8.50367E-02 3.33333E-05
 -1       515-1.03376E-03-8.70155E-02-3.33333E-05
 -1       517 7.89318E-04 8.70155E-02 3.33333E-05
 -1       518-1.33333E-04-8.76683E-02-3.33333E-05
 -1       519-1.33333E-04 1.01108E-14 0.00000E+00
 -1       520-1.33333E-04 8.76683E-02 3.33333E-05
 -1       521 7.67095E-04-8.70155E-02-3.33333E-05
 -1       523-1.05598E-03 8.70155E-02 3.33333E-05
 -1       524 1.66618E-03-8.50367E-02-3.33333E-05
 -1       525-1.55555E-04 1.02767E-14 0.00000E+00
 -1       526-1.97729E-03 8.50367E-02 3.33333E-05
 -1       527 2.54979E-03-8.17636E-02-3.33333E-05
 -1       529-2.88313E-03 8.17636E-02 3.33333E-05
 -1       530 3.43038E-03-7.71850E-02-3.33333E-05
 -1       531-1.77778E-04 1.06911E-14 0.00000E+00
 -1       532-3.78594E-03 7.71850E-02 3.33333E-05
 -1       533 4.29354E-03-7.13525E-02-3.33333E-05
 -1       535-4.67132E-03 7.13525E-02 3.33333E-05
 -1       536 5.15700E-03-6.42561E-02-3.33333E-05
 -1       537-2.00000E-04 1.05306E-14 0.00000E+00
 -1       538-5.55700E-03 6.42561E-02 3.33333E-05
 -1       539 5.88693E-03-5.59661E-02-3.33333E-05
 -1       541-6.30915E-03 5.59661E-02 3.33333E-05
 -1       542 6.66721E-03-4.65915E-02-3.33333E-05
 -1       543-2.22222E-04 9.81940E-15 0.00000E+00
 -1       544-7.11165E-03 4.65915E-02 3.33333E-05
 -1       545 7.41439E-03-3.60315E-02-3.33333E-05
 -1       547-7.88106E-03 3.60315E-02 3.33333E-05
 -1       548 8.26995E-03-2.52341E-02-3.33333E-05
 -1       549-2.44445E-04 8.39888E-15 0.00000E+00
 -1       550-8.75884E-03 2.52341E-02 3.33333E-05
 -1       551 7.07079E-03-1.20156E-02-3.33333E-05
 -1       553-7.58190E-03 1.20156E-02 3.33333E-05
 -1       554 5.72946E-03-5.99611E-03-3.33333E-05
 -1       555-2.66667E-04 0.00000E+00 0.00000E+00
 -1       556-6.26280E-03 5.99611E-03 3.33333E-05
 -1       557-1.20154E-02-7.33743E-03-3.33333E-05
 -1       559 1.20154E-02 7.31521E-03 3.33333E-05
 -1       560-1.11420E-02-2.50730E-02-4.12899E-02
 -1       562 1.10975E-02 2.50508E-02-4.12233E-02
 -1       563-9.61273E-03-4.58092E-02-7.81965E-02
 -1       565 9.52385E-03 4.57869E-02-7.81299E-02
 -1       566-7.40041E-03-6.31584E-02-1.07847E-01
 -1       568 7.26708E-03 6.31362E-02-1.07781E-01
 -1       569-5.06752E-03-7.59135E-02-1.29471E-01
 -1       571 4.88975E-03 7.58913E-02-1.29404E-01
 -1       572-2.62009E-03-8.36720E-02-1.42595E-01
 -1       574 2.39786E-03 8.36497E-02-1.42528E-01
 -1       575-1.33333E-04-8.62732E-02-1.46993E-01
 -1       577-1.33333E-04 8.62510E-02-1.46926E-01
 -1       578 2.35342E-03-8.36720E-02-1.42595E-01
 -1       580-2.66453E-03 8.36497E-02-1.42528E-01
 -1       581 4.80086E-03-7.59135E-02-1.29471E-01
 -1       583-5.15641E-03 7.58913E-02-1.29404E-01
 -1       584 7.13374E-03-6.31584E-02-1.07847E-01
 -1       586-7.53374E-03 6.31362E-02-1.07781E-01
 -1       587 9.34605E-03-4.58093E-02-7.81968E-02
 -1       589-9.79049E-03 4.57871E-02-7.81302E-02
 -1       590 1.08753E-02-2.50728E-02-4.12896E-02
 -1       592-1.13642E-02 2.50506E-02-4.12229E-02
 -1       593 1.17488E-02-7.33743E-03-3.33333E-05
 -1       595-1.22821E-02 7.31521E-03 3.33333E-05
 -1       596-2.52344E-02-8.53662E-03-3.33333E-05
 -1       597-9.86632E-15-2.22222E-05 0.00000E+00
 -1       598 2.52344E-02 8.49217E-03 3.33333E-05
 -1       599-2.50730E-02-1.11420E-02-4.12899E-02
 -1       601 2.50508E-02 1.10975E-02-4.12233E-02
 -1       602-2.42903E-02-2.42903E-02-8.12817E-02
 -1       603-2.22222E-05-2.22222E-05-8.14343E-02
 -1       604 2.42458E-02 2.42458E-02-8.12150E-02
 -1       605-2.25645E-02-3.35939E-02-1.18863E-01
 -1       607 2.24978E-02 3.35494E-02-1.18796E-01
 -1       608-2.04745E-02-4.36702E-02-1.53393E-01
 -1       609-4.44445E-05-2.22222E-05-1.53714E-01
 -1       610 2.03856E-02 4.36258E-02-1.53326E-01
 -1       611-1.82689E-02-5.23860E-02-1.84544E-01
 -1       613 1.81578E-02 5.23415E-02-1.84478E-01
 -1       614-1.59130E-02-6.02842E-02-2.11885E-01
 -1       615-6.66667E-05-2.22222E-05-2.12291E-01
 -1       616 1.57797E-02 6.02397E-02-2.11818E-01
 -1       617-1.34096E-02-6.69974E-02-2.35310E-01
 -1       619 1.32540E-02 6.69529E-02-2.35243E-01
 -1       620-1.08304E-02-7.25725E-02-2.54598E-01
 -1       621-8.88887E-05-2.22222E-05-2.55061E-01
 -1       622 1.06526E-02 7.25281E-02-2.54532E-01
 -1       623-8.19905E-03-7.69387E-02-2.69727E-01
 -1       625 7.99905E-03 7.68942E-02-2.69661E-01
 -1       626-5.53262E-03-8.00722E-02-2.80551E-01
 -1       627-1.11111E-04-2.22222E-05-2.81045E-01
 -1       628 5.31040E-03 8.00278E-02-2.80484E-01
 -1       629-2.83834E-03-8.19621E-02-2.87089E-01
 -1       631 2.59390E-03 8.19177E-02-2.87022E-01
 -1       632-1.33333E-04-8.25890E-02-2.89249E-01
 -1       633-1.33333E-04-2.22222E-05-2.89753E-01
 -1       634-1.33333E-04 8.25445E-02-2.89183E-01
 -1       635 2.57168E-03-8.19621E-02-2.87089E-01
 -1       637-2.86056E-03 8.19177E-02-2.87022E-01
 -1       638 5.26595E-03-8.00722E-02-2.80551E-01
 -1       639-1.55555E-04-2.22222E-05-2.81045E-01
 -1       640-5.57706E-03 8.00278E-02-2.80484E-01
 -1       641 7.93238E-03-7.69387E-02-2.69727E-01
 -1       643-8.26571E-03 7.68942E-02-2.69661E-01
 -1       644 1.05637E-02-7.25725E-02-2.54598E-01
 -1       645-1.77778E-04-2.22222E-05-2.55061E-01
 -1       646-1.09193E-02 7.25281E-02-2.54532E-01
 -1       647 1.31429E-02-6.69974E-02-2.35310E-01
 -1       649-1.35207E-02 6.69529E-02-2.35243E-01
 -1       650 1.56464E-02-6.02842E-02-2.11885E-01
 -1       651-2.00000E-04-2.22222E-05-2.12291E-01
 -1       652-1.60464E-02 6.02397E-02-2.11818E-01
 -1       653 1.80023E-02-5.23858E-02-1.84544E-01
 -1       655-1.84245E-02 5.23414E-02-1.84477E-01
 -1       656 2.02078E-02-4.36704E-02-1.53394E-01
 -1       657-2.22222E-04-2.22222E-05-1.53715E-01
 -1       658-2.06523E-02 4.36259E-02-1.53327E-01
 -1       659 2.22978E-02-3.35939E-02-1.18863E-01
 -1       661-2.27645E-02 3.35494E-02-1.18796E-01
 -1       662 2.40236E-02-2.42901E-02-8.12810E-02
 -1       663-2.44445E-04-2.22222E-05-8.14336E-02
 -1       664-2.45125E-02 2.42456E-02-8.12143E-02
 -1       665 2.48064E-02-1.11421E-02-4.12907E-02
 -1       667-2.53175E-02 1.10976E-02-4.12240E-02
 -1       668 2.49677E-02-8.53661E-03-3.33333E-05
 -1       669-2.66667E-04-2.22222E-05 0.00000E+00
 -1       670-2.55010E-02 8.49217E-03 3.33333E-05
 -1       671-3.60315E-02-7.68106E-03-3.33333E-05
 -1       673 3.60315E-02 7.61439E-03 3.33333E-05
 -1       674-3.35939E-02-2.25645E-02-1.18863E-01
 -1       676 3.35494E-02 2.24978E-02-1.18796E-01
 -1       677-2.86388E-02-4.07887E-02-2.24343E-01
 -1       679 2.85499E-02 4.07220E-02-2.24277E-01
 -1       680-2.22519E-02-5.64069E-02-3.10134E-01
 -1       682 2.21185E-02 5.63402E-02-3.10067E-01
 -1       683-1.51690E-02-6.80225E-02-3.72971E-01
 -1       685 1.49912E-02 6.79558E-02-3.72905E-01
 -1       686-7.72477E-03-7.51240E-02-4.11192E-01
 -1       688 7.50255E-03 7.50573E-02-4.11126E-01
 -1       689-1.33333E-04-7.75112E-02-4.24010E-01
 -1       691-1.33333E-04 7.74445E-02-4.23943E-01
 -1       692 7.45811E-03-7.51240E-02-4.11192E-01
 -1       694-7.76922E-03 7.50573E-02-4.11126E-01
 -1       695 1.49023E-02-6.80225E-02-3.72971E-01
 -1       697-1.52579E-02 6.79558E-02-3.72905E-01
 -1       698 2.19852E-02-5.64069E-02-3.10134E-01
 -1       700-2.23852E-02 5.63402E-02-3.10067E-01
 -1       701 2.83720E-02-4.07889E-02-2.24344E-01
 -1       703-2.88165E-02 4.07222E-02-2.24277E-01
 -1       704 3.33272E-02-2.25643E-02-1.18862E-01
 -1       706-3.38161E-02 2.24976E-02-1.18795E-01
 -1       707 3.57649E-02-7.68106E-03-3.33333E-05
 -1       709-3.62982E-02 7.61439E-03 3.33333E-05
 -1       710-4.65913E-02-6.93389E-03-3.33333E-05
 -1       711-1.20970E-14-4.44445E-05 0.00000E+00
 -1       712 4.65913E-02 6.84500E-03 3.33333E-05
 -1       713-4.58092E-02-9.61273E-03-7.81965E-02
 -1       715 4.57869E-02 9.52385E-03-7.81299E-02
 -1       716-4.36702E-02-2.04745E-02-1.53393E-01
 -1       717-2.22222E-05-4.44445E-05-1.53714E-01
 -1       718 4.36258E-02 2.03856E-02-1.53326E-01
 -1       719-4.07887E-02-2.86388E-02-2.24343E-01
 -1       721 4.07220E-02 2.85499E-02-2.24277E-01
 -1       722-3.72462E-02-3.72462E-02-2.89753E-01
 -1       723-4.44445E-05-4.44445E-05-2.90273E-01
 -1       724 3.71573E-02 3.71573E-02-2.89686E-01
 -1       725-3.33090E-02-4.48105E-02-3.48859E-01
 -1       727 3.31979E-02 4.47216E-02-3.48793E-01
 -1       728-2.90277E-02-5.16496E-02-4.00958E-01
 -1       729-6.66667E-05-4.44445E-05-4.01632E-01
 -1       730 2.88944E-02 5.15607E-02-4.00891E-01
 -1       731-2.45006E-02-5.75093E-02-4.45683E-01
 -1       733 2.43450E-02 5.74205E-02-4.45616E-01
 -1       734-1.97982E-02-6.23800E-02-4.82591E-01
 -1       735-8.88887E-05-4.44445E-05-4.83363E-01
 -1       736 1.96204E-02 6.22911E-02-4.82525E-01
 -1       737-1.49769E-02-6.62100E-02-5.11560E-01
 -1       739 1.47769E-02 6.61211E-02-5.11494E-01
 -1       740-1.00718E-02-6.89625E-02-5.32310E-01
 -1       741-1.11111E-04-4.44445E-05-5.33138E-01
 -1       742 9.84962E-03 6.88737E-02-5.32243E-01
 -1       743-5.11502E-03-7.06249E-02-5.44844E-01
 -1       745 4.87058E-03 7.05360E-02-5.44778E-01
 -1       746-1.33333E-04-7.11765E-02-5.48992E-01
 -1       747-1.33333E-04-4.44445E-05-5.49838E-01
 -1       748-1.33333E-04 7.10876E-02-5.48925E-01
 -1       749 4.84836E-03-7.06249E-02-5.44844E-01
 -1       751-5.13725E-03 7.05360E-02-5.44778E-01
 -1       752 9.80518E-03-6.89625E-02-5.32310E-01
 -1       753-1.55555E-04-4.44445E-05-5.33138E-01
 -1       754-1.01163E-02 6.88737E-02-5.32243E-01
 -1       755 1.47102E-02-6.62100E-02-5.11560E-01
 -1       757-1.50436E-02 6.61211E-02-5.11494E-01
 -1       758 1.95315E-02-6.23800E-02-4.82591E-01
 -1       759-1.77778E-04-4.44445E-05-4.83363E-01
 -1       760-1.98871E-02 6.22911E-02-4.82525E-01
 -1       761 2.42339E-02-5.75093E-02-4.45683E-01
 -1       763-2.46117E-02 5.74205E-02-4.45616E-01
 -1       764 2.87611E-02-5.16496E-02-4.00958E-01
 -1       765-2.00000E-04-4.44445E-05-4.01632E-01
 -1       766-2.91611E-02 5.15607E-02-4.00891E-01
 -1       767 3.30424E-02-4.48104E-02-3.48858E-01
 -1       769-3.34646E-02 4.47215E-02-3.48792E-01
 -1       770 3.69794E-02-3.72463E-02-2.89754E-01
 -1       771-2.22222E-04-4.44445E-05-2.90274E-01
 -1       772-3.74239E-02 3.71574E-02-2.89687E-01
 -1       773 4.05220E-02-2.86388E-02-2.24343E-01
 -1       775-4.09887E-02 2.85499E-02-2.24277E-01
 -1       776 4.34036E-02-2.04743E-02-1.53392E-01
 -1       777-2.44445E-04-4.44445E-05-1.53713E-01
 -1       778-4.38925E-02 2.03855E-02-1.53325E-01
 -1       779 4.55425E-02-9.61285E-03-7.81979E-02
 -1       781-4.60536E-02 9.52396E-03-7.81313E-02
 -1       782 4.63247E-02-6.93388E-03-3.33333E-05
 -1       783-2.66667E-04-4.44445E-05 0.00000E+00
 -1       784-4.68580E-02 6.84499E-03 3.33333E-05
 -1       785-5.59663E-02-6.15359E-03-3.33333E-05
 -1       787 5.59663E-02 6.04247E-03 3.33333E-05
 -1       788-5.23860E-02-1.82689E-02-1.84544E-01
 -1       790 5.23415E-02 1.81578E-02-1.84478E-01
 -1       791-4.48105E-02-3.33090E-02-3.48859E-01
 -1       793 4.47216E-02 3.31979E-02-3.48793E-01
 -1       794-3.49734E-02-4.62661E-02-4.83207E-01
 -1       796 3.48401E-02 4.61550E-02-4.83141E-01
 -1       797-2.38839E-02-5.59579E-02-5.82014E-01
 -1       799 2.37061E-02 5.58468E-02-5.81947E-01
 -1       800-1.21450E-02-6.19142E-02-6.42260E-01
 -1       802 1.19227E-02 6.18031E-02-6.42193E-01
 -1       803-1.33333E-04-6.39208E-02-6.62485E-01
 -1       805-1.33333E-04 6.38097E-02-6.62419E-01
 -1       806 1.18783E-02-6.19142E-02-6.42260E-01
 -1       808-1.21894E-02 6.18031E-02-6.42193E-01
 -1       809 2.36172E-02-5.59579E-02-5.82014E-01
 -1       811-2.39728E-02 5.58468E-02-5.81947E-01
 -1       812 3.47068E-02-4.62661E-02-4.83207E-01
 -1       814-3.51068E-02 4.61550E-02-4.83141E-01
 -1       815 4.45438E-02-3.33091E-02-3.48861E-01
 -1       817-4.49882E-02 3.31980E-02-3.48794E-01
 -1       818 5.21194E-02-1.82687E-02-1.84543E-01
 -1       820-5.26083E-02 1.81576E-02-1.84476E-01
 -1       821 5.56996E-02-6.15359E-03-3.33333E-05
 -1       823-5.62329E-02 6.04247E-03 3.33333E-05
 -1       824-6.42561E-02-5.42367E-03-3.33333E-05
 -1       825-1.34784E-14-6.66667E-05 0.00000E+00
 -1       826 6.42561E-02 5.29033E-03 3.33333E-05
 -1       827-6.31584E-02-7.40041E-03-1.07847E-01
 -1       829 6.31362E-02 7.26708E-03-1.07781E-01
 -1       830-6.02842E-02-1.59130E-02-2.11885E-01
 -1       831-2.22222E-05-6.66667E-05-2.12291E-01
 -1       832 6.02397E-02 1.57797E-02-2.11818E-01
 -1       833-5.64069E-02-2.22519E-02-3.10134E-01
 -1       835 5.63402E-02 2.21185E-02-3.10067E-01
 -1       836-5.16496E-02-2.90277E-02-4.00958E-01
 -1       837-4.44445E-05-6.66667E-05-4.01632E-01
 -1       838 5.15607E-02 2.88944E-02-4.00891E-01
 -1       839-4.62661E-02-3.49734E-02-4.83207E-01
 -1       841 4.61550E-02 3.48401E-02-4.83141E-01
 -1       842-4.03808E-02-4.03808E-02-5.55864E-01
 -1       843-6.66667E-05-6.66667E-05-5.56743E-01
 -1       844 4.02475E-02 4.02475E-02-5.55797E-01
 -1       845-3.41284E-02-4.50222E-02-6.18337E-01
 -1       847 3.39728E-02 4.48888E-02-6.18270E-01
 -1       848-2.76030E-02-4.88965E-02-6.69976E-01
 -1       849-8.88887E-05-6.66667E-05-6.70987E-01
 -1       850 2.74252E-02 4.87632E-02-6.69909E-01
 -1       851-2.08867E-02-5.19450E-02-7.10541E-01
 -1       853 2.06867E-02 5.18117E-02-7.10474E-01
 -1       854-1.40367E-02-5.41415E-02-7.39626E-01
 -1       855-1.11111E-04-6.66667E-05-7.40714E-01
 -1       856 1.38145E-02 5.40082E-02-7.39560E-01
 -1       857-7.10509E-03-5.54685E-02-7.57200E-01
 -1       859 6.86064E-03 5.53351E-02-7.57133E-01
 -1       860-1.33333E-04-5.59100E-02-7.63021E-01
 -1       861-1.33333E-04-6.66667E-05-7.64133E-01
 -1       862-1.33333E-04 5.57767E-02-7.62954E-01
 -1       863 6.83842E-03-5.54685E-02-7.57200E-01
 -1       865-7.12731E-03 5.53351E-02-7.57133E-01
 -1       866 1.37701E-02-5.41415E-02-7.39626E-01
 -1       867-1.55555E-04-6.66667E-05-7.40714E-01
 -1       868-1.40812E-02 5.40082E-02-7.39560E-01
 -1       869 2.06201E-02-5.19450E-02-7.10541E-01
 -1       871-2.09534E-02 5.18117E-02-7.10474E-01
 -1       872 2.73363E-02-4.88965E-02-6.69976E-01
 -1       873-1.77778E-04-6.66667E-05-6.70987E-01
 -1       874-2.76919E-02 4.87632E-02-6.69909E-01
 -1       875 3.38617E-02-4.50222E-02-6.18337E-01
 -1       877-3.42395E-02 4.48888E-02-6.18270E-01
 -1       878 4.01142E-02-4.03808E-02-5.55864E-01
 -1       879-2.00000E-04-6.66667E-05-5.56743E-01
 -1       880-4.05142E-02 4.02475E-02-5.55797E-01
 -1       881 4.59995E-02-3.49733E-02-4.83206E-01
 -1       883-4.64218E-02 3.48400E-02-4.83139E-01
 -1       884 5.13828E-02-2.90278E-02-4.00959E-01
 -1       885-2.22222E-04-6.66667E-05-4.01634E-01
 -1       886-5.18273E-02 2.88945E-02-4.00893E-01
 -1       887 5.61402E-02-2.22519E-02-3.10134E-01
 -1       889-5.66069E-02 2.21185E-02-3.10067E-01
 -1       890 6.00176E-02-1.59129E-02-2.11883E-01
 -1       891-2.44445E-04-6.66667E-05-2.12290E-01
 -1       892-6.05065E-02 1.57795E-02-2.11817E-01
 -1       893 6.28917E-02-7.40050E-03-1.07849E-01
 -1       895-6.34029E-02 7.26717E-03-1.07783E-01
 -1       896 6.39895E-02-5.42367E-03-3.33333E-05
 -1       897-2.66667E-04-6.66667E-05 0.00000E+00
 -1       898-6.45228E-02 5.29033E-03 3.33333E-05
 -1       899-7.13525E-02-4.56021E-03-3.33333E-05
 -1       901 7.13525E-02 4.40465E-03 3.33333E-05
 -1       902-6.69974E-02-1.34096E-02-2.35310E-01
 -1       904 6.69529E-02 1.32540E-02-2.35243E-01
 -1       905-5.75093E-02-2.45006E-02-4.45683E-01
 -1       907 5.74205E-02 2.43450E-02-4.45616E-01
 -1       908-4.50222E-02-3.41284E-02-6.18337E-01
 -1       910 4.48888E-02 3.39728E-02-6.18270E-01
 -1       911-3.08058E-02-4.13678E-02-7.45692E-01
 -1       913 3.06281E-02 4.12122E-02-7.45625E-01
 -1       914-1.56671E-02-4.58335E-02-8.23495E-01
 -1       916 1.54449E-02 4.56779E-02-8.23429E-01
 -1       917-1.33333E-04-4.73407E-02-8.49639E-01
 -1       919-1.33333E-04 4.71852E-02-8.49572E-01
 -1       920 1.54005E-02-4.58335E-02-8.23495E-01
 -1       922-1.57116E-02 4.56779E-02-8.23429E-01
 -1       923 3.05392E-02-4.13678E-02-7.45692E-01
 -1       925-3.08947E-02 4.12122E-02-7.45625E-01
 -1       926 4.47555E-02-3.41284E-02-6.18337E-01
 -1       928-4.51555E-02 3.39728E-02-6.18270E-01
 -1       929 5.72426E-02-2.45007E-02-4.45685E-01
 -1       931-5.76870E-02 2.43451E-02-4.45618E-01
 -1       932 6.67308E-02-1.34095E-02-2.35308E-01
 -1       934-6.72197E-02 1.32539E-02-2.35241E-01
 -1       935 7.10859E-02-4.56021E-03-3.33333E-05
 -1       937-7.16192E-02 4.40465E-03 3.33333E-05
 -1       938-7.71850E-02-3.69705E-03-3.33333E-05
 -1       939-1.43785E-14-8.88887E-05 0.00000E+00
 -1       940 7.71850E-02 3.51927E-03 3.33333E-05
 -1       941-7.59135E-02-5.06752E-03-1.29471E-01
 -1       943 7.58913E-02 4.88975E-03-1.29404E-01
 -1       944-7.25725E-02-1.08304E-02-2.54598E-01
 -1       945-2.22222E-05-8.88887E-05-2.55061E-01
 -1       946 7.25281E-02 1.06526E-02-2.54532E-01
 -1       947-6.80225E-02-1.51690E-02-3.72971E-01
 -1       949 6.79558E-02 1.49912E-02-3.72905E-01
 -1       950-6.23800E-02-1.97982E-02-4.82591E-01
 -1       951-4.44445E-05-8.88887E-05-4.83363E-01
 -1       952 6.22911E-02 1.96204E-02-4.82525E-01
 -1       953-5.59579E-02-2.38839E-02-5.82014E-01
 -1       955 5.58468E-02 2.37061E-02-5.81947E-01
 -1       956-4.88965E-02-2.76030E-02-6.69976E-01
 -1       957-6.66667E-05-8.88887E-05-6.70987E-01
 -1       958 4.87632E-02 2.74252E-02-6.69909E-01
 -1       959-4.13678E-02-3.08058E-02-7.45692E-01
 -1       961 4.12122E-02 3.06281E-02-7.45625E-01
 -1       962-3.34827E-02-3.34827E-02-8.08350E-01
 -1       963-8.88887E-05-8.88887E-05-8.09518E-01
 -1       964 3.33050E-02 3.33050E-02-8.08283E-01
 -1       965-2.53464E-02-3.55929E-02-8.57605E-01
 -1       967 2.51464E-02 3.54151E-02-8.57538E-01
 -1       968-1.70321E-02-3.71148E-02-8.92948E-01
 -1       969-1.11111E-04-8.88887E-05-8.94206E-01
 -1       970 1.68098E-02 3.69370E-02-8.92881E-01
 -1       971-8.60965E-03-3.80349E-02-9.14306E-01
 -1       973 8.36521E-03 3.78571E-02-9.14239E-01
 -1       974-1.33333E-04-3.83414E-02-9.21385E-01
 -1       975-1.33333E-04-8.88887E-05-9.22673E-01
 -1       976-1.33333E-04 3.81636E-02-9.21318E-01
 -1       977 8.34299E-03-3.80349E-02-9.14306E-01
 -1       979-8.63188E-03 3.78571E-02-9.14239E-01
 -1       980 1.67654E-02-3.71148E-02-8.92948E-01
 -1       981-1.55555E-04-8.88887E-05-8.94206E-01
 -1       982-1.70765E-02 3.69370E-02-8.92881E-01
 -1       983 2.50798E-02-3.55929E-02-8.57605E-01
 -1       985-2.54131E-02 3.54151E-02-8.57538E-01
 -1       986 3.32161E-02-3.34827E-02-8.08350E-01
 -1       987-1.77778E-04-8.88887E-05-8.09518E-01
 -1       988-3.35716E-02 3.33050E-02-8.08283E-01
 -1       989 4.11011E-02-3.08058E-02-7.45692E-01
 -1       991-4.14789E-02 3.06281E-02-7.45625E-01
 -1       992 4.86299E-02-2.76030E-02-6.69976E-01
 -1       993-2.00000E-04-8.88887E-05-6.70987E-01
 -1       994-4.90299E-02 2.74252E-02-6.69909E-01
 -1       995 5.56913E-02-2.38838E-02-5.82012E-01
 -1       997-5.61135E-02 2.37061E-02-5.81946E-01
 -1       998 6.21132E-02-1.97983E-02-4.82593E-01
 -1       999-2.22222E-04-8.88887E-05-4.83365E-01
 -1      1000-6.25577E-02 1.96205E-02-4.82527E-01
 -1      1001 6.77558E-02-1.51690E-02-3.72971E-01
 -1      1003-6.82225E-02 1.49912E-02-3.72905E-01
 -1      1004 7.23059E-02-1.08303E-02-2.54596E-01
 -1      1005-2.44445E-04-8.88887E-05-2.55059E-01
 -1      1006-7.27948E-02 1.06525E-02-2.54529E-01
 -1      1007 7.56468E-02-5.06759E-03-1.29473E-01
 -1      1009-7.61579E-02 4.88981E-03-1.29406E-01
 -1      1010 7.69184E-02-3.69705E-03-3.33333E-05
 -1      1011-2.66667E-04-8.88887E-05 0.00000E+00
 -1      1012-7.74517E-02 3.51927E-03 3.33333E-05
 -1      1013-8.17636E-02-2.81646E-03-3.33333E-05
 -1      1015 8.17636E-02 2.61646E-03 3.33333E-05
 -1      1016-7.69387E-02-8.19905E-03-2.69727E-01
 -1      1018 7.68942E-02 7.99905E-03-2.69661E-01
 -1      1019-6.62100E-02-1.49769E-02-5.11560E-01
 -1      1021 6.61211E-02 1.47769E-02-5.11494E-01
 -1      1022-5.19450E-02-2.08867E-02-7.10541E-01
 -1      1024 5.18117E-02 2.06867E-02-7.10474E-01
 -1      1025-3.55929E-02-2.53464E-02-8.57605E-01
 -1      1027 3.54151E-02 2.51464E-02-8.57538E-01
 -1      1028-1.81086E-02-2.81041E-02-9.47566E-01
 -1      1030 1.78863E-02 2.79041E-02-9.47499E-01
 -1      1031-1.33333E-04-2.90360E-02-9.77814E-01
 -1      1033-1.33333E-04 2.88360E-02-9.77748E-01
 -1      1034 1.78419E-02-2.81041E-02-9.47566E-01
 -1      1036-1.81530E-02 2.79041E-02-9.47499E-01
 -1      1037 3.53262E-02-2.53464E-02-8.57605E-01
 -1      1039-3.56818E-02 2.51464E-02-8.57538E-01
 -1      1040 5.16783E-02-2.08867E-02-7.10541E-01
 -1      1042-5.20783E-02 2.06867E-02-7.10474E-01
 -1      1043 6.59432E-02-1.49769E-02-5.11562E-01
 -1      1045-6.63877E-02 1.47769E-02-5.11496E-01
 -1      1046 7.66721E-02-8.19897E-03-2.69725E-01
 -1      1048-7.71610E-02 7.99897E-03-2.69658E-01
 -1      1049 8.14970E-02-2.81646E-03-3.33333E-05
 -1      1051-8.20303E-02 2.61646E-03 3.33333E-05
 -1      1052-8.50367E-02-1.93285E-03-3.33333E-05
 -1      1053-1.47720E-14-1.11111E-04 0.00000E+00
 -1      1054 8.50367E-02 1.71062E-03 3.33333E-05
 -1      1055-8.36720E-02-2.62009E-03-1.42595E-01
 -1      1057 8.36497E-02 2.39786E-03-1.42528E-01
 -1      1058-8.00722E-02-5.53262E-03-2.80551E-01
 -1      1059-2.22222E-05-1.11111E-04-2.81045E-01
 -1      1060 8.00278E-02 5.31040E-03-2.80484E-01
 -1      1061-7.51240E-02-7.72477E-03-4.11192E-01
 -1      1063 7.50573E-02 7.50255E-03-4.11126E-01
 -1      1064-6.89625E-02-1.00718E-02-5.32310E-01
 -1      1065-4.44445E-05-1.11111E-04-5.33138E-01
 -1      1066 6.88737E-02 9.84962E-03-5.32243E-01
 -1      1067-6.19142E-02-1.21450E-02-6.42260E-01
 -1      1069 6.18031E-02 1.19227E-02-6.42193E-01
 -1      1070-5.41415E-02-1.40367E-02-7.39626E-01
 -1      1071-6.66667E-05-1.11111E-04-7.40714E-01
 -1      1072 5.40082E-02 1.38145E-02-7.39560E-01
 -1      1073-4.58335E-02-1.56671E-02-8.23495E-01
 -1      1075 4.56779E-02 1.54449E-02-8.23429E-01
 -1      1076-3.71148E-02-1.70321E-02-8.92948E-01
 -1      1077-8.88887E-05-1.11111E-04-8.94206E-01
 -1      1078 3.69370E-02 1.68098E-02-8.92881E-01
 -1      1079-2.81041E-02-1.81086E-02-9.47566E-01
 -1      1081 2.79041E-02 1.78863E-02-9.47499E-01
 -1      1082-1.88858E-02-1.88858E-02-9.86776E-01
 -1      1083-1.11111E-04-1.11111E-04-9.88135E-01
 -1      1084 1.86636E-02 1.86636E-02-9.86709E-01
 -1      1085-9.54121E-03-1.93558E-02-1.01047E+00
 -1      1087 9.29676E-03 1.91336E-02-1.01041E+00
 -1      1088-1.33333E-04-1.95125E-02-1.01833E+00
 -1      1089-1.33333E-04-1.11111E-04-1.01972E+00
 -1      1090-1.33333E-04 1.92903E-02-1.01826E+00
 -1      1091 9.27454E-03-1.93558E-02-1.01047E+00
 -1      1093-9.56343E-03 1.91336E-02-1.01041E+00
 -1      1094 1.86192E-02-1.88858E-02-9.86776E-01
 -1      1095-1.55555E-04-1.11111E-04-9.88135E-01
 -1      1096-1.89303E-02 1.86636E-02-9.86709E-01
 -1      1097 2.78375E-02-1.81086E-02-9.47566E-01
 -1      1099-2.81708E-02 1.78863E-02-9.47499E-01
 -1      1100 3.68481E-02-1.70321E-02-8.92948E-01
 -1      1101-1.77778E-04-1.11111E-04-8.94206E-01
 -1      1102-3.72037E-02 1.68098E-02-8.92881E-01
 -1      1103 4.55668E-02-1.56671E-02-8.23495E-01
 -1      1105-4.59446E-02 1.54449E-02-8.23429E-01
 -1      1106 5.38749E-02-1.40367E-02-7.39626E-01
 -1      1107-2.00000E-04-1.11111E-04-7.40714E-01
 -1      1108-5.42749E-02 1.38145E-02-7.39560E-01
 -1      1109 6.16477E-02-1.21449E-02-6.42258E-01
 -1      1111-6.20699E-02 1.19227E-02-6.42192E-01
 -1      1112 6.86958E-02-1.00719E-02-5.32312E-01
 -1      1113-2.22222E-04-1.11111E-04-5.33140E-01
 -1      1114-6.91402E-02 9.84966E-03-5.32246E-01
 -1      1115 7.48573E-02-7.72477E-03-4.11192E-01
 -1      1117-7.53240E-02 7.50255E-03-4.11126E-01
 -1      1118 7.98056E-02-5.53257E-03-2.80549E-01
 -1      1119-2.44445E-04-1.11111E-04-2.81042E-01
 -1      1120-8.02945E-02 5.31035E-03-2.80482E-01
 -1      1121 8.34052E-02-2.62012E-03-1.42598E-01
 -1      1123-8.39164E-02 2.39789E-03-1.42531E-01
 -1      1124 8.47700E-02-1.93285E-03-3.33333E-05
 -1      1125-2.66667E-04-1.11111E-04 0.00000E+00
 -1      1126-8.53034E-02 1.71062E-03 3.33333E-05
 -1      1127-8.70155E-02-1.03376E-03-3.33333E-05
 -1      1129 8.70155E-02 7.89318E-04 3.33333E-05
 -1      1130-8.19621E-02-2.83834E-03-2.87089E-01
 -1      1132 8.19177E-02 2.59390E-03-2.87022E-01
 -1      1133-7.06249E-02-5.11502E-03-5.44844E-01
 -1      1135 7.05360E-02 4.87058E-03-5.44778E-01
 -1      1136-5.54685E-02-7.10509E-03-7.57200E-01
 -1      1138 5.53351E-02 6.86064E-03-7.57133E-01
 -1      1139-3.80349E-02-8.60965E-03-9.14306E-01
 -1      1141 3.78571E-02 8.36521E-03-9.14239E-01
 -1      1142-1.93558E-02-9.54121E-03-1.01047E+00
 -1      1144 1.91336E-02 9.29676E-03-1.01041E+00
 -1      1145-1.33333E-04-9.85620E-03-1.04282E+00
 -1      1147-1.33333E-04 9.61176E-03-1.04275E+00
 -1      1148 1.90891E-02-9.54121E-03-1.01047E+00
 -1      1150-1.94002E-02 9.29676E-03-1.01041E+00
 -1      1151 3.77683E-02-8.60965E-03-9.14306E-01
 -1      1153-3.81238E-02 8.36521E-03-9.14239E-01
 -1      1154 5.52018E-02-7.10509E-03-7.57200E-01
 -1      1156-5.56018E-02 6.86064E-03-7.57133E-01
 -1      1157 7.03581E-02-5.11504E-03-5.44846E-01
 -1      1159-7.08026E-02 4.87060E-03-5.44780E-01
 -1      1160 8.16955E-02-2.83832E-03-2.87086E-01
 -1      1162-8.21844E-02 2.59387E-03-2.87020E-01
 -1      1163 8.67488E-02-1.03376E-03-3.33333E-05
 -1      1165-8.72822E-02 7.89318E-04 3.33333E-05
 -1      1166-8.76683E-02-1.33333E-04-3.33333E-05
 -1      1167-1.51723E-14-1.33333E-04 0.00000E+00
 -1      1168 8.76683E-02-1.33333E-04 3.33333E-05
 -1      1169-8.62732E-02-1.33333E-04-1.46993E-01
 -1      1171 8.62510E-02-1.33333E-04-1.46926E-01
 -1      1172-8.25890E-02-1.33333E-04-2.89249E-01
 -1      1173-2.22222E-05-1.33333E-04-2.89753E-01
 -1      1174 8.25445E-02-1.33333E-04-2.89183E-01
 -1      1175-7.75112E-02-1.33333E-04-4.24010E-01
 -1      1177 7.74445E-02-1.33333E-04-4.23943E-01
 -1      1178-7.11765E-02-1.33333E-04-5.48992E-01
 -1      1179-4.44445E-05-1.33333E-04-5.49838E-01
 -1      1180 7.10876E-02-1.33333E-04-5.48925E-01
 -1      1181-6.39208E-02-1.33333E-04-6.62485E-01
 -1      1183 6.38097E-02-1.33333E-04-6.62419E-01
 -1      1184-5.59100E-02-1.33333E-04-7.63021E-01
 -1      1185-6.66667E-05-1.33333E-04-7.64133E-01
 -1      1186 5.57767E-02-1.33333E-04-7.62954E-01
 -1      1187-4.73407E-02-1.33333E-04-8.49639E-01
 -1      1189 4.71852E-02-1.33333E-04-8.49572E-01
 -1      1190-3.83414E-02-1.33333E-04-9.21385E-01
 -1      1191-8.88887E-05-1.33333E-04-9.22673E-01
 -1      1192 3.81636E-02-1.33333E-04-9.21318E-01
 -1      1193-2.90360E-02-1.33333E-04-9.77814E-01
 -1      1195 2.88360E-02-1.33333E-04-9.77748E-01
 -1      1196-1.95125E-02-1.33333E-04-1.01833E+00
 -1      1197-1.11111E-04-1.33333E-04-1.01972E+00
 -1      1198 1.92903E-02-1.33333E-04-1.01826E+00
 -1      1199-9.85620E-03-1.33333E-04-1.04282E+00
 -1      1201 9.61176E-03-1.33333E-04-1.04275E+00
 -1      1202-1.33333E-04-1.33333E-04-1.05094E+00
 -1      1203-1.33333E-04-1.33333E-04-1.05236E+00
 -1      1204-1.33333E-04-1.33333E-04-1.05087E+00
 -1      1205 9.58954E-03-1.33333E-04-1.04282E+00
 -1      1207-9.87842E-03-1.33333E-04-1.04275E+00
 -1      1208 1.92458E-02-1.33333E-04-1.01833E+00
 -1      1209-1.55555E-04-1.33333E-04-1.01972E+00
 -1      1210-1.95569E-02-1.33333E-04-1.01826E+00
 -1      1211 2.87693E-02-1.33333E-04-9.77814E-01
 -1      1213-2.91027E-02-1.33333E-04-9.77748E-01
 -1      1214 3.80747E-02-1.33333E-04-9.21385E-01
 -1      1215-1.77778E-04-1.33333E-04-9.22673E-01
 -1      1216-3.84303E-02-1.33333E-04-9.21318E-01
 -1      1217 4.70741E-02-1.33333E-04-8.49639E-01
 -1      1219-4.74518E-02-1.33333E-04-8.49572E-01
 -1      1220 5.56434E-02-1.33333E-04-7.63021E-01
 -1      1221-2.00000E-04-1.33333E-04-7.64133E-01
 -1      1222-5.60434E-02-1.33333E-04-7.62954E-01
 -1      1223 6.36543E-02-1.33333E-04-6.62483E-01
 -1      1225-6.40765E-02-1.33333E-04-6.62417E-01
 -1      1226 7.09097E-02-1.33333E-04-5.48994E-01
 -1      1227-2.22222E-04-1.33333E-04-5.49840E-01
 -1      1228-7.13541E-02-1.33333E-04-5.48927E-01
 -1      1229 7.72445E-02-1.33333E-04-4.24010E-01
 -1      1231-7.77112E-02-1.33333E-04-4.23943E-01
 -1      1232 8.23224E-02-1.33333E-04-2.89247E-01
 -1      1233-2.44445E-04-1.33333E-04-2.89750E-01
 -1      1234-8.28113E-02-1.33333E-04-2.89180E-01
 -1      1235 8.60065E-02-1.33333E-04-1.46996E-01
 -1      1237-8.65176E-02-1.33333E-04-1.46929E-01
 -1      1238 8.74016E-02-1.33333E-04-3.33333E-05
 -1      1239-2.66667E-04-1.33333E-04 0.00000E+00
 -1      1240-8.79350E-02-1.33333E-04 3.33333E-05
 -1      1241-8.70155E-02 7.67095E-04-3.33333E-05
 -1      1243 8.70155E-02-1.05598E-03 3.33333E-05
 -1      1244-8.19621E-02 2.57168E-03-2.87089E-01
 -1      1246 8.19177E-02-2.86056E-03-2.87022E-01
 -1      1247-7.06249E-02 4.84836E-03-5.44844E-01
 -1      1249 7.05360E-02-5.13725E-03-5.44778E-01
 -1      1250-5.54685E-02 6.83842E-03-7.57200E-01
 -1      1252 5.53351E-02-7.12731E-03-7.57133E-01
 -1      1253-3.80349E-02 8.34299E-03-9.14306E-01
 -1      1255 3.78571E-02-8.63188E-03-9.14239E-01
 -1      1256-1.93558E-02 9.27454E-03-1.01047E+00
 -1      1258 1.91336E-02-9.56343E-03-1.01041E+00
 -1      1259-1.33333E-04 9.58954E-03-1.04282E+00
 -1      1261-1.33333E-04-9.87842E-03-1.04275E+00
 -1      1262 1.90891E-02 9.27454E-03-1.01047E+00
 -1      1264-1.94002E-02-9.56343E-03-1.01041E+00
 -1      1265 3.77683E-02 8.34299E-03-9.14306E-01
 -1      1267-3.81238E-02-8.63188E-03-9.14239E-01
 -1      1268 5.52018E-02 6.83842E-03-7.57200E-01
 -1      1270-5.56018E-02-7.12731E-03-7.57133E-01
 -1      1271 7.03581E-02 4.84838E-03-5.44846E-01
 -1      1273-7.08026E-02-5.13727E-03-5.44780E-01
 -1      1274 8.16955E-02 2.57165E-03-2.87086E-01
 -1      1276-8.21844E-02-2.86054E-03-2.87020E-01
 -1      1277 8.67488E-02 7.67095E-04-3.33333E-05
 -1      1279-8.72822E-02-1.05598E-03 3.33333E-05
 -1      1280-8.50367E-02 1.66618E-03-3.33333E-05
 -1      1281-1.55041E-14-1.55555E-04 0.00000E+00
 -1      1282 8.50367E-02-1.97729E-03 3.33333E-05
 -1      1283-8.36720E-02 2.35342E-03-1.42595E-01
 -1      1285 8.36497E-02-2.66453E-03-1.42528E-01
 -1      1286-8.00722E-02 5.26595E-03-2.80551E-01
 -1      1287-2.22222E-05-1.55555E-04-2.81045E-01
 -1      1288 8.00278E-02-5.57706E-03-2.80484E-01
 -1      1289-7.51240E-02 7.45811E-03-4.11192E-01
 -1      1291 7.50573E-02-7.76922E-03-4.11126E-01
 -1      1292-6.89625E-02 9.80518E-03-5.32310E-01
 -1      1293-4.44445E-05-1.55555E-04-5.33138E-01
 -1      1294 6.88737E-02-1.01163E-02-5.32243E-01
 -1      1295-6.19142E-02 1.18783E-02-6.42260E-01
 -1      1297 6.18031E-02-1.21894E-02-6.42193E-01
 -1      1298-5.41415E-02 1.37701E-02-7.39626E-01
 -1      1299-6.66667E-05-1.55555E-04-7.40714E-01
 -1      1300 5.40082E-02-1.40812E-02-7.39560E-01
 -1      1301-4.58335E-02 1.54005E-02-8.23495E-01
 -1      1303 4.56779E-02-1.57116E-02-8.23429E-01
 -1      1304-3.71148E-02 1.67654E-02-8.92948E-01
 -1      1305-8.88887E-05-1.55555E-04-8.94206E-01
 -1      1306 3.69370E-02-1.70765E-02-8.92881E-01
 -1      1307-2.81041E-02 1.78419E-02-9.47566E-01
 -1      1309 2.79041E-02-1.81530E-02-9.47499E-01
 -1      1310-1.88858E-02 1.86192E-02-9.86776E-01
 -1      1311-1.11111E-04-1.55555E-04-9.88135E-01
 -1      1312 1.86636E-02-1.89303E-02-9.86709E-01
 -1      1313-9.54121E-03 1.90891E-02-1.01047E+00
 -1      1315 9.29676E-03-1.94002E-02-1.01041E+00
 -1      1316-1.33333E-04 1.92458E-02-1.01833E+00
 -1      1317-1.33333E-04-1.55555E-04-1.01972E+00
 -1      1318-1.33333E-04-1.95569E-02-1.01826E+00
 -1      1319 9.27454E-03 1.90891E-02-1.01047E+00
 -1      1321-9.56343E-03-1.94002E-02-1.01041E+00
 -1      1322 1.86192E-02 1.86192E-02-9.86776E-01
 -1      1323-1.55555E-04-1.55555E-04-9.88135E-01
 -1      1324-1.89303E-02-1.89303E-02-9.86709E-01
 -1      1325 2.78375E-02 1.78419E-02-9.47566E-01
 -1      1327-2.81708E-02-1.81530E-02-9.47499E-01
 -1      1328 3.68481E-02 1.67654E-02-8.92948E-01
 -1      1329-1.77778E-04-1.55555E-04-8.94206E-01
 -1      1330-3.72037E-02-1.70765E-02-8.92881E-01
 -1      1331 4.55668E-02 1.54005E-02-8.23495E-01
 -1      1333-4.59446E-02-1.57116E-02-8.23429E-01
 -1      1334 5.38749E-02 1.37701E-02-7.39626E-01
 -1      1335-2.00000E-04-1.55555E-04-7.40714E-01
 -1      1336-5.42749E-02-1.40812E-02-7.39560E-01
 -1      1337 6.16477E-02 1.18783E-02-6.42258E-01
 -1      1339-6.20699E-02-1.21894E-02-6.42192E-01
 -1      1340 6.86958E-02 9.80522E-03-5.32312E-01
 -1      1341-2.22222E-04-1.55555E-04-5.33140E-01
 -1      1342-6.91402E-02-1.01163E-02-5.32246E-01
 -1      1343 7.48573E-02 7.45811E-03-4.11192E-01
 -1      1345-7.53240E-02-7.76922E-03-4.11126E-01
 -1      1346 7.98056E-02 5.26590E-03-2.80549E-01
 -1      1347-2.44445E-04-1.55555E-04-2.81042E-01
 -1      1348-8.02945E-02-5.57701E-03-2.80482E-01
 -1      1349 8.34052E-02 2.35345E-03-1.42598E-01
 -1      1351-8.39164E-02-2.66456E-03-1.42531E-01
 -1      1352 8.47700E-02 1.66618E-03-3.33333E-05
 -1      1353-2.66667E-04-1.55555E-04 0.00000E+00
 -1      1354-8.53034E-02-1.97729E-03 3.33333E-05
 -1      1355-8.17636E-02 2.54979E-03-3.33333E-05
 -1      1357 8.17636E-02-2.88313E-03 3.33333E-05
 -1      1358-7.69387E-02 7.93238E-03-2.69727E-01
 -1      1360 7.68942E-02-8.26571E-03-2.69661E-01
 -1      1361-6.62100E-02 1.47102E-02-5.11560E-01
 -1      1363 6.61211E-02-1.50436E-02-5.11494E-01
 -1      1364-5.19450E-02 2.06201E-02-7.10541E-01
 -1      1366 5.18117E-02-2.09534E-02-7.10474E-01
 -1      1367-3.55929E-02 2.50798E-02-8.57605E-01
 -1      1369 3.54151E-02-2.54131E-02-8.57538E-01
 -1      1370-1.81086E-02 2.78375E-02-9.47566E-01
 -1      1372 1.78863E-02-2.81708E-02-9.47499E-01
 -1      1373-1.33333E-04 2.87693E-02-9.77814E-01
 -1      1375-1.33333E-04-2.91027E-02-9.77748E-01
 -1      1376 1.78419E-02 2.78375E-02-9.47566E-01
 -1      1378-1.81530E-02-2.81708E-02-9.47499E-01
 -1      1379 3.53262E-02 2.50798E-02-8.57605E-01
 -1      1381-3.56818E-02-2.54131E-02-8.57538E-01
 -1      1382 5.16783E-02 2.06201E-02-7.10541E-01
 -1      1384-5.20783E-02-2.09534E-02-7.10474E-01
 -1      1385 6.59432E-02 1.47103E-02-5.11562E-01
 -1      1387-6.63877E-02-1.50436E-02-5.11496E-01
 -1      1388 7.66721E-02 7.93231E-03-2.69725E-01
 -1      1390-7.71610E-02-8.26564E-03-2.69658E-01
 -1      1391 8.14970E-02 2.54979E-03-3.33333E-05
 -1      1393-8.20303E-02-2.88313E-03 3.33333E-05
 -1      1394-7.71850E-02 3.43038E-03-3.33333E-05
 -1      1395-1.58337E-14-1.77778E-04 0.00000E+00
 -1      1396 7.71850E-02-3.78594E-03 3.33333E-05
 -1      1397-7.59135E-02 4.80086E-03-1.29471E-01
 -1      1399 7.58913E-02-5.15641E-03-1.29404E-01
 -1      1400-7.25725E-02 1.05637E-02-2.54598E-01
 -1      1401-2.22222E-05-1.77778E-04-2.55061E-01
 -1      1402 7.25281E-02-1.09193E-02-2.54532E-01
 -1      1403-6.80225E-02 1.49023E-02-3.72971E-01
 -1      1405 6.79558E-02-1.52579E-02-3.72905E-01
 -1      1406-6.23800E-02 1.95315E-02-4.82591E-01
 -1      1407-4.44445E-05-1.77778E-04-4.83363E-01
 -1      1408 6.22911E-02-1.98871E-02-4.82525E-01
 -1      1409-5.59579E-02 2.36172E-02-5.82014E-01
 -1      1411 5.58468E-02-2.39728E-02-5.81947E-01
 -1      1412-4.88965E-02 2.73363E-02-6.69976E-01
 -1      1413-6.66667E-05-1.77778E-04-6.70987E-01
 -1      1414 4.87632E-02-2.76919E-02-6.69909E-01
 -1      1415-4.13678E-02 3.05392E-02-7.45692E-01
 -1      1417 4.12122E-02-3.08947E-02-7.45625E-01
 -1      1418-3.34827E-02 3.32161E-02-8.08350E-01
 -1      1419-8.88887E-05-1.77778E-04-8.09518E-01
 -1      1420 3.33050E-02-3.35716E-02-8.08283E-01
 -1      1421-2.53464E-02 3.53262E-02-8.57605E-01
 -1      1423 2.51464E-02-3.56818E-02-8.57538E-01
 -1      1424-1.70321E-02 3.68481E-02-8.92948E-01
 -1      1425-1.11111E-04-1.77778E-04-8.94206E-01
 -1      1426 1.68098E-02-3.72037E-02-8.92881E-01
 -1      1427-8.60965E-03 3.77683E-02-9.14306E-01
 -1      1429 8.36521E-03-3.81238E-02-9.14239E-01
 -1      1430-1.33333E-04 3.80747E-02-9.21385E-01
 -1      1431-1.33333E-04-1.77778E-04-9.22673E-01
 -1      1432-1.33333E-04-3.84303E-02-9.21318E-01
 -1      1433 8.34299E-03 3.77683E-02-9.14306E-01
 -1      1435-8.63188E-03-3.81238E-02-9.14239E-01
 -1      1436 1.67654E-02 3.68481E-02-8.92948E-01
 -1      1437-1.55555E-04-1.77778E-04-8.94206E-01
 -1      1438-1.70765E-02-3.72037E-02-8.92881E-01
 -1      1439 2.50798E-02 3.53262E-02-8.57605E-01
 -1      1441-2.54131E-02-3.56818E-02-8.57538E-01
 -1      1442 3.32161E-02 3.32161E-02-8.08350E-01
 -1      1443-1.77778E-04-1.77778E-04-8.09518E-01
 -1      1444-3.35716E-02-3.35716E-02-8.08283E-01
 -1      1445 4.11011E-02 3.05392E-02-7.45692E-01
 -1      1447-4.14789E-02-3.08947E-02-7.45625E-01
 -1      1448 4.86299E-02 2.73363E-02-6.69976E-01
 -1      1449-2.00000E-04-1.77778E-04-6.70987E-01
 -1      1450-4.90299E-02-2.76919E-02-6.69909E-01
 -1      1451 5.56913E-02 2.36172E-02-5.82012E-01
 -1      1453-5.61135E-02-2.39727E-02-5.81946E-01
 -1      1454 6.21132E-02 1.95316E-02-4.82593E-01
 -1      1455-2.22222E-04-1.77778E-04-4.83365E-01
 -1      1456-6.25577E-02-1.98872E-02-4.82527E-01
 -1      1457 6.77558E-02 1.49023E-02-3.72971E-01
 -1      1459-6.82225E-02-1.52579E-02-3.72905E-01
 -1      1460 7.23059E-02 1.05636E-02-2.54596E-01
 -1      1461-2.44445E-04-1.77778E-04-2.55059E-01
 -1      1462-7.27948E-02-1.09192E-02-2.54529E-01
 -1      1463 7.56468E-02 4.80092E-03-1.29473E-01
 -1      1465-7.61579E-02-5.15648E-03-1.29406E-01
 -1      1466 7.69184E-02 3.43038E-03-3.33333E-05
 -1      1467-2.66667E-04-1.77778E-04 0.00000E+00
 -1      1468-7.74517E-02-3.78594E-03 3.33333E-05
 -1      1469-7.13525E-02 4.29354E-03-3.33333E-05
 -1      1471 7.13525E-02-4.67132E-03 3.33333E-05
 -1      1472-6.69974E-02 1.31429E-02-2.35310E-01
 -1      1474 6.69529E-02-1.35207E-02-2.35243E-01
 -1      1475-5.75093E-02 2.42339E-02-4.45683E-01
 -1      1477 5.74205E-02-2.46117E-02-4.45616E-01
 -1      1478-4.50222E-02 3.38617E-02-6.18337E-01
 -1      1480 4.48888E-02-3.42395E-02-6.18270E-01
 -1      1481-3.08058E-02 4.11011E-02-7.45692E-01
 -1      1483 3.06281E-02-4.14789E-02-7.45625E-01
 -1      1484-1.56671E-02 4.55668E-02-8.23495E-01
 -1      1486 1.54449E-02-4.59446E-02-8.23429E-01
 -1      1487-1.33333E-04 4.70741E-02-8.49639E-01
 -1      1489-1.33333E-04-4.74518E-02-8.49572E-01
 -1      1490 1.54005E-02 4.55668E-02-8.23495E-01
 -1      1492-1.57116E-02-4.59446E-02-8.23429E-01
 -1      1493 3.05392E-02 4.11011E-02-7.45692E-01
 -1      1495-3.08947E-02-4.14789E-02-7.45625E-01
 -1      1496 4.47555E-02 3.38617E-02-6.18337E-01
 -1      1498-4.51555E-02-3.42395E-02-6.18270E-01
 -1      1499 5.72426E-02 2.42340E-02-4.45685E-01
 -1      1501-5.76870E-02-2.46118E-02-4.45618E-01
 -1      1502 6.67308E-02 1.31428E-02-2.35308E-01
 -1      1504-6.72197E-02-1.35206E-02-2.35241E-01
 -1      1505 7.10859E-02 4.29354E-03-3.33333E-05
 -1      1507-7.16192E-02-4.67132E-03 3.33333E-05
 -1      1508-6.42561E-02 5.15700E-03-3.33333E-05
 -1      1509-1.61277E-14-2.00000E-04 0.00000E+00
 -1      1510 6.42561E-02-5.55700E-03 3.33333E-05
 -1      1511-6.31584E-02 7.13374E-03-1.07847E-01
 -1      1513 6.31362E-02-7.53374E-03-1.07781E-01
 -1      1514-6.02842E-02 1.56464E-02-2.11885E-01
 -1      1515-2.22222E-05-2.00000E-04-2.12291E-01
 -1      1516 6.02397E-02-1.60464E-02-2.11818E-01
 -1      1517-5.64069E-02 2.19852E-02-3.10134E-01
 -1      1519 5.63402E-02-2.23852E-02-3.10067E-01
 -1      1520-5.16496E-02 2.87611E-02-4.00958E-01
 -1      1521-4.44445E-05-2.00000E-04-4.01632E-01
 -1      1522 5.15607E-02-2.91611E-02-4.00891E-01
 -1      1523-4.62661E-02 3.47068E-02-4.83207E-01
 -1      1525 4.61550E-02-3.51068E-02-4.83141E-01
 -1      1526-4.03808E-02 4.01142E-02-5.55864E-01
 -1      1527-6.66667E-05-2.00000E-04-5.56743E-01
 -1      1528 4.02475E-02-4.05142E-02-5.55797E-01
 -1      1529-3.41284E-02 4.47555E-02-6.18337E-01
 -1      1531 3.39728E-02-4.51555E-02-6.18270E-01
 -1      1532-2.76030E-02 4.86299E-02-6.69976E-01
 -1      1533-8.88887E-05-2.00000E-04-6.70987E-01
 -1      1534 2.74252E-02-4.90299E-02-6.69909E-01
 -1      1535-2.08867E-02 5.16783E-02-7.10541E-01
 -1      1537 2.06867E-02-5.20783E-02-7.10474E-01
 -1      1538-1.40367E-02 5.38749E-02-7.39626E-01
 -1      1539-1.11111E-04-2.00000E-04-7.40714E-01
 -1      1540 1.38145E-02-5.42749E-02-7.39560E-01
 -1      1541-7.10509E-03 5.52018E-02-7.57200E-01
 -1      1543 6.86064E-03-5.56018E-02-7.57133E-01
 -1      1544-1.33333E-04 5.56434E-02-7.63021E-01
 -1      1545-1.33333E-04-2.00000E-04-7.64133E-01
 -1      1546-1.33333E-04-5.60434E-02-7.62954E-01
 -1      1547 6.83842E-03 5.52018E-02-7.57200E-01
 -1      1549-7.12731E-03-5.56018E-02-7.57133E-01
 -1      1550 1.37701E-02 5.38749E-02-7.39626E-01
 -1      1551-1.55555E-04-2.00000E-04-7.40714E-01
 -1      1552-1.40812E-02-5.42749E-02-7.39560E-01
 -1      1553 2.06201E-02 5.16783E-02-7.10541E-01
 -1      1555-2.09534E-02-5.20783E-02-7.10474E-01
 -1      1556 2.73363E-02 4.86299E-02-6.69976E-01
 -1      1557-1.77778E-04-2.00000E-04-6.70987E-01
 -1      1558-2.76919E-02-4.90299E-02-6.69909E-01
 -1      1559 3.38617E-02 4.47555E-02-6.18337E-01
 -1      1561-3.42395E-02-4.51555E-02-6.18270E-01
 -1      1562 4.01142E-02 4.01142E-02-5.55864E-01
 -1      1563-2.00000E-04-2.00000E-04-5.56743E-01
 -1      1564-4.05142E-02-4.05142E-02-5.55797E-01
 -1      1565 4.59995E-02 3.47067E-02-4.83206E-01
 -1      1567-4.64218E-02-3.51067E-02-4.83139E-01
 -1      1568 5.13828E-02 2.87612E-02-4.00959E-01
 -1      1569-2.22222E-04-2.00000E-04-4.01634E-01
 -1      1570-5.18273E-02-2.91612E-02-4.00893E-01
 -1      1571 5.61402E-02 2.19852E-02-3.10134E-01
 -1      1573-5.66069E-02-2.23852E-02-3.10067E-01
 -1      1574 6.00176E-02 1.56462E-02-2.11883E-01
 -1      1575-2.44445E-04-2.00000E-04-2.12290E-01
 -1      1576-6.05065E-02-1.60462E-02-2.11817E-01
 -1      1577 6.28917E-02 7.13383E-03-1.07849E-01
 -1      1579-6.34029E-02-7.53383E-03-1.07783E-01
 -1      1580 6.39895E-02 5.15700E-03-3.33333E-05
 -1      1581-2.66667E-04-2.00000E-04 0.00000E+00
 -1      1582-6.45228E-02-5.55700E-03 3.33333E-05
 -1      1583-5.59661E-02 5.88693E-03-3.33333E-05
 -1      1585 5.59661E-02-6.30915E-03 3.33333E-05
 -1      1586-5.23858E-02 1.80023E-02-1.84544E-01
 -1      1588 5.23414E-02-1.84245E-02-1.84477E-01
 -1      1589-4.48104E-02 3.30424E-02-3.48858E-01
 -1      1591 4.47215E-02-3.34646E-02-3.48792E-01
 -1      1592-3.49733E-02 4.59995E-02-4.83206E-01
 -1      1594 3.48400E-02-4.64218E-02-4.83139E-01
 -1      1595-2.38838E-02 5.56913E-02-5.82012E-01
 -1      1597 2.37061E-02-5.61135E-02-5.81946E-01
 -1      1598-1.21449E-02 6.16477E-02-6.42258E-01
 -1      1600 1.19227E-02-6.20699E-02-6.42192E-01
 -1      1601-1.33333E-04 6.36543E-02-6.62483E-01
 -1      1603-1.33333E-04-6.40765E-02-6.62417E-01
 -1      1604 1.18783E-02 6.16477E-02-6.42258E-01
 -1      1606-1.21894E-02-6.20699E-02-6.42192E-01
 -1      1607 2.36172E-02 5.56913E-02-5.82012E-01
 -1      1609-2.39727E-02-5.61135E-02-5.81946E-01
 -1      1610 3.47067E-02 4.59995E-02-4.83206E-01
 -1      1612-3.51067E-02-4.64218E-02-4.83139E-01
 -1      1613 4.45437E-02 3.30425E-02-3.48860E-01
 -1      1615-4.49881E-02-3.34647E-02-3.48793E-01
 -1      1616 5.21192E-02 1.80021E-02-1.84542E-01
 -1      1618-5.26081E-02-1.84243E-02-1.84476E-01
 -1      1619 5.56994E-02 5.88693E-03-3.33333E-05
 -1      1621-5.62328E-02-6.30915E-03 3.33333E-05
 -1      1622-4.65915E-02 6.66721E-03-3.33333E-05
 -1      1623-1.63511E-14-2.22222E-04 0.00000E+00
 -1      1624 4.65915E-02-7.11165E-03 3.33333E-05
 -1      1625-4.58093E-02 9.34605E-03-7.81968E-02
 -1      1627 4.57871E-02-9.79049E-03-7.81302E-02
 -1      1628-4.36704E-02 2.02078E-02-1.53394E-01
 -1      1629-2.22222E-05-2.22222E-04-1.53715E-01
 -1      1630 4.36259E-02-2.06523E-02-1.53327E-01
 -1      1631-4.07889E-02 2.83720E-02-2.24344E-01
 -1      1633 4.07222E-02-2.88165E-02-2.24277E-01
 -1      1634-3.72463E-02 3.69794E-02-2.89754E-01
 -1      1635-4.44445E-05-2.22222E-04-2.90274E-01
 -1      1636 3.71574E-02-3.74239E-02-2.89687E-01
 -1      1637-3.33091E-02 4.45438E-02-3.48861E-01
 -1      1639 3.31980E-02-4.49882E-02-3.48794E-01
 -1      1640-2.90278E-02 5.13828E-02-4.00959E-01
 -1      1641-6.66667E-05-2.22222E-04-4.01634E-01
 -1      1642 2.88945E-02-5.18273E-02-4.00893E-01
 -1      1643-2.45007E-02 5.72426E-02-4.45685E-01
 -1      1645 2.43451E-02-5.76870E-02-4.45618E-01
 -1      1646-1.97983E-02 6.21132E-02-4.82593E-01
 -1      1647-8.88887E-05-2.22222E-04-4.83365E-01
 -1      1648 1.96205E-02-6.25577E-02-4.82527E-01
 -1      1649-1.49769E-02 6.59432E-02-5.11562E-01
 -1      1651 1.47769E-02-6.63877E-02-5.11496E-01
 -1      1652-1.00719E-02 6.86958E-02-5.32312E-01
 -1      1653-1.11111E-04-2.22222E-04-5.33140E-01
 -1      1654 9.84966E-03-6.91402E-02-5.32246E-01
 -1      1655-5.11504E-03 7.03581E-02-5.44846E-01
 -1      1657 4.87060E-03-7.08026E-02-5.44780E-01
 -1      1658-1.33333E-04 7.09097E-02-5.48994E-01
 -1      1659-1.33333E-04-2.22222E-04-5.49840E-01
 -1      1660-1.33333E-04-7.13541E-02-5.48927E-01
 -1      1661 4.84838E-03 7.03581E-02-5.44846E-01
 -1      1663-5.13727E-03-7.08026E-02-5.44780E-01
 -1      1664 9.80522E-03 6.86958E-02-5.32312E-01
 -1      1665-1.55555E-04-2.22222E-04-5.33140E-01
 -1      1666-1.01163E-02-6.91402E-02-5.32246E-01
 -1      1667 1.47103E-02 6.59432E-02-5.11562E-01
 -1      1669-1.50436E-02-6.63877E-02-5.11496E-01
 -1      1670 1.95316E-02 6.21132E-02-4.82593E-01
 -1      1671-1.77778E-04-2.22222E-04-4.83365E-01
 -1      1672-1.98872E-02-6.25577E-02-4.82527E-01
 -1      1673 2.42340E-02 5.72426E-02-4.45685E-01
 -1      1675-2.46118E-02-5.76870E-02-4.45618E-01
 -1      1676 2.87612E-02 5.13828E-02-4.00959E-01
 -1      1677-2.00000E-04-2.22222E-04-4.01634E-01
 -1      1678-2.91612E-02-5.18273E-02-4.00893E-01
 -1      1679 3.30425E-02 4.45437E-02-3.48860E-01
 -1      1681-3.34647E-02-4.49881E-02-3.48793E-01
 -1      1682 3.69796E-02 3.69796E-02-2.89755E-01
 -1      1683-2.22222E-04-2.22222E-04-2.90275E-01
 -1      1684-3.74240E-02-3.74240E-02-2.89688E-01
 -1      1685 4.05222E-02 2.83720E-02-2.24344E-01
 -1      1687-4.09889E-02-2.88165E-02-2.24277E-01
 -1      1688 4.34038E-02 2.02076E-02-1.53392E-01
 -1      1689-2.44445E-04-2.22222E-04-1.53714E-01
 -1      1690-4.38927E-02-2.06521E-02-1.53326E-01
 -1      1691 4.55426E-02 9.34616E-03-7.81982E-02
 -1      1693-4.60538E-02-9.79061E-03-7.81315E-02
 -1      1694 4.63248E-02 6.66721E-03-3.33333E-05
 -1      1695-2.66667E-04-2.22222E-04 0.00000E+00
 -1      1696-4.68582E-02-7.11165E-03 3.33333E-05
 -1      1697-3.60315E-02 7.41439E-03-3.33333E-05
 -1      1699 3.60315E-02-7.88106E-03 3.33333E-05
 -1      1700-3.35939E-02 2.22978E-02-1.18863E-01
 -1      1702 3.35494E-02-2.27645E-02-1.18796E-01
 -1      1703-2.86388E-02 4.05220E-02-2.24343E-01
 -1      1705 2.85499E-02-4.09887E-02-2.24277E-01
 -1      1706-2.22519E-02 5.61402E-02-3.10134E-01
 -1      1708 2.21185E-02-5.66069E-02-3.10067E-01
 -1      1709-1.51690E-02 6.77558E-02-3.72971E-01
 -1      1711 1.49912E-02-6.82225E-02-3.72905E-01
 -1      1712-7.72477E-03 7.48573E-02-4.11192E-01
 -1      1714 7.50255E-03-7.53240E-02-4.11126E-01
 -1      1715-1.33333E-04 7.72445E-02-4.24010E-01
 -1      1717-1.33333E-04-7.77112E-02-4.23943E-01
 -1      1718 7.45811E-03 7.48573E-02-4.11192E-01
 -1      1720-7.76922E-03-7.53240E-02-4.11126E-01
 -1      1721 1.49023E-02 6.77558E-02-3.72971E-01
 -1      1723-1.52579E-02-6.82225E-02-3.72905E-01
 -1      1724 2.19852E-02 5.61402E-02-3.10134E-01
 -1      1726-2.23852E-02-5.66069E-02-3.10067E-01
 -1      1727 2.83720E-02 4.05222E-02-2.24344E-01
 -1      1729-2.88165E-02-4.09889E-02-2.24277E-01
 -1      1730 3.33272E-02 2.22976E-02-1.18862E-01
 -1      1732-3.38161E-02-2.27643E-02-1.18795E-01
 -1      1733 3.57649E-02 7.41439E-03-3.33333E-05
 -1      1735-3.62982E-02-7.88106E-03 3.33333E-05
 -1      1736-2.52341E-02 8.26995E-03-3.33333E-05
 -1      1737-1.66638E-14-2.44445E-04 0.00000E+00
 -1      1738 2.52341E-02-8.75884E-03 3.33333E-05
 -1      1739-2.50728E-02 1.08753E-02-4.12896E-02
 -1      1741 2.50506E-02-1.13642E-02-4.12229E-02
 -1      1742-2.42901E-02 2.40236E-02-8.12810E-02
 -1      1743-2.22222E-05-2.44445E-04-8.14336E-02
 -1      1744 2.42456E-02-2.45125E-02-8.12143E-02
 -1      1745-2.25643E-02 3.33272E-02-1.18862E-01
 -1      1747 2.24976E-02-3.38161E-02-1.18795E-01
 -1      1748-2.04743E-02 4.34036E-02-1.53392E-01
 -1      1749-4.44445E-05-2.44445E-04-1.53713E-01
 -1      1750 2.03855E-02-4.38925E-02-1.53325E-01
 -1      1751-1.82687E-02 5.21194E-02-1.84543E-01
 -1      1753 1.81576E-02-5.26083E-02-1.84476E-01
 -1      1754-1.59129E-02 6.00176E-02-2.11883E-01
 -1      1755-6.66667E-05-2.44445E-04-2.12290E-01
 -1      1756 1.57795E-02-6.05065E-02-2.11817E-01
 -1      1757-1.34095E-02 6.67308E-02-2.35308E-01
 -1      1759 1.32539E-02-6.72197E-02-2.35241E-01
 -1      1760-1.08303E-02 7.23059E-02-2.54596E-01
 -1      1761-8.88887E-05-2.44445E-04-2.55059E-01
 -1      1762 1.06525E-02-7.27948E-02-2.54529E-01
 -1      1763-8.19897E-03 7.66721E-02-2.69725E-01
 -1      1765 7.99897E-03-7.71610E-02-2.69658E-01
 -1      1766-5.53257E-03 7.98056E-02-2.80549E-01
 -1      1767-1.11111E-04-2.44445E-04-2.81042E-01
 -1      1768 5.31035E-03-8.02945E-02-2.80482E-01
 -1      1769-2.83832E-03 8.16955E-02-2.87086E-01
 -1      1771 2.59387E-03-8.21844E-02-2.87020E-01
 -1      1772-1.33333E-04 8.23224E-02-2.89247E-01
 -1      1773-1.33333E-04-2.44445E-04-2.89750E-01
 -1      1774-1.33333E-04-8.28113E-02-2.89180E-01
 -1      1775 2.57165E-03 8.16955E-02-2.87086E-01
 -1      1777-2.86054E-03-8.21844E-02-2.87020E-01
 -1      1778 5.26590E-03 7.98056E-02-2.80549E-01
 -1      1779-1.55555E-04-2.44445E-04-2.81042E-01
 -1      1780-5.57701E-03-8.02945E-02-2.80482E-01
 -1      1781 7.93231E-03 7.66721E-02-2.69725E-01
 -1      1783-8.26564E-03-7.71610E-02-2.69658E-01
 -1      1784 1.05636E-02 7.23059E-02-2.54596E-01
 -1      1785-1.77778E-04-2.44445E-04-2.55059E-01
 -1      1786-1.09192E-02-7.27948E-02-2.54529E-01
 -1      1787 1.31428E-02 6.67308E-02-2.35308E-01
 -1      1789-1.35206E-02-6.72197E-02-2.35241E-01
 -1      1790 1.56462E-02 6.00176E-02-2.11883E-01
 -1      1791-2.00000E-04-2.44445E-04-2.12290E-01
 -1      1792-1.60462E-02-6.05065E-02-2.11817E-01
 -1      1793 1.80021E-02 5.21192E-02-1.84542E-01
 -1      1795-1.84243E-02-5.26081E-02-1.84476E-01
 -1      1796 2.02076E-02 4.34038E-02-1.53392E-01
 -1      1797-2.22222E-04-2.44445E-04-1.53714E-01
 -1      1798-2.06521E-02-4.38927E-02-1.53326E-01
 -1      1799 2.22976E-02 3.33272E-02-1.18862E-01
 -1      1801-2.27643E-02-3.38161E-02-1.18795E-01
 -1      1802 2.40234E-02 2.40234E-02-8.12803E-02
 -1      1803-2.44445E-04-2.44445E-04-8.14329E-02
 -1      1804-2.45123E-02-2.45123E-02-8.12136E-02
 -1      1805 2.48061E-02 1.08754E-02-4.12903E-02
 -1      1807-2.53172E-02-1.13643E-02-4.12237E-02
 -1      1808 2.49675E-02 8.26995E-03-3.33333E-05
 -1      1809-2.66667E-04-2.44445E-04 0.00000E+00
 -1      1810-2.55008E-02-8.75884E-03 3.33333E-05
 -1      1811-1.20156E-02 7.07079E-03-3.33333E-05
 -1      1813 1.20156E-02-7.58190E-03 3.33333E-05
 -1      1814-1.11421E-02 2.48064E-02-4.12907E-02
 -1      1816 1.10976E-02-2.53175E-02-4.12240E-02
 -1      1817-9.61285E-03 4.55425E-02-7.81979E-02
 -1      1819 9.52396E-03-4.60536E-02-7.81313E-02
 -1      1820-7.40050E-03 6.28917E-02-1.07849E-01
 -1      1822 7.26717E-03-6.34029E-02-1.07783E-01
 -1      1823-5.06759E-03 7.56468E-02-1.29473E-01
 -1      1825 4.88981E-03-7.61579E-02-1.29406E-01
 -1      1826-2.62012E-03 8.34052E-02-1.42598E-01
 -1      1828 2.39789E-03-8.39164E-02-1.42531E-01
 -1      1829-1.33333E-04 8.60065E-02-1.46996E-01
 -1      1831-1.33333E-04-8.65176E-02-1.46929E-01
 -1      1832 2.35345E-03 8.34052E-02-1.42598E-01
 -1      1834-2.66456E-03-8.39164E-02-1.42531E-01
 -1      1835 4.80092E-03 7.56468E-02-1.29473E-01
 -1      1837-5.15648E-03-7.61579E-02-1.29406E-01
 -1      1838 7.13383E-03 6.28917E-02-1.07849E-01
 -1      1840-7.53383E-03-6.34029E-02-1.07783E-01
 -1      1841 9.34616E-03 4.55426E-02-7.81982E-02
 -1      1843-9.79061E-03-4.60538E-02-7.81315E-02
 -1      1844 1.08754E-02 2.48061E-02-4.12903E-02
 -1      1846-1.13643E-02-2.53172E-02-4.12237E-02
 -1      1847 1.17489E-02 7.07079E-03-3.33333E-05
 -1      1849-1.22823E-02-7.58190E-03 3.33333E-05
 -1      1850-5.99611E-03 5.72946E-03-3.33333E-05
 -1      1851-1.70608E-14-2.66667E-04 0.00000E+00
 -1      1852 5.99611E-03-6.26280E-03 3.33333E-05
 -1      1853-7.33743E-03 1.17488E-02-3.33333E-05
 -1      1855 7.31521E-03-1.22821E-02 3.33333E-05
 -1      1856-8.53661E-03 2.49677E-02-3.33333E-05
 -1      1857-2.22222E-05-2.66667E-04 0.00000E+00
 -1      1858 8.49217E-03-2.55010E-02 3.33333E-05
 -1      1859-7.68106E-03 3.57649E-02-3.33333E-05
 -1      1861 7.61439E-03-3.62982E-02 3.33333E-05
 -1      1862-6.93388E-03 4.63247E-02-3.33333E-05
 -1      1863-4.44445E-05-2.66667E-04 0.00000E+00
 -1      1864 6.84499E-03-4.68580E-02 3.33333E-05
 -1      1865-6.15359E-03 5.56996E-02-3.33333E-05
 -1      1867 6.04247E-03-5.62329E-02 3.33333E-05
 -1      1868-5.42367E-03 6.39895E-02-3.33333E-05
 -1      1869-6.66667E-05-2.66667E-04 0.00000E+00
 -1      1870 5.29033E-03-6.45228E-02 3.33333E-05
 -1      1871-4.56021E-03 7.10859E-02-3.33333E-05
 -1      1873 4.40465E-03-7.16192E-02 3.33333E-05
 -1      1874-3.69705E-03 7.69184E-02-3.33333E-05
 -1      1875-8.88887E-05-2.66667E-04 0.00000E+00
 -1      1876 3.51927E-03-7.74517E-02 3.33333E-05
 -1      1877-2.81646E-03 8.14970E-02-3.33333E-05
 -1      1879 2.61646E-03-8.20303E-02 3.33333E-05
 -1      1880-1.93285E-03 8.47700E-02-3.33333E-05
 -1      1881-1.11111E-04-2.66667E-04 0.00000E+00
 -1      1882 1.71062E-03-8.53034E-02 3.33333E-05
 -1      1883-1.03376E-03 8.67488E-02-3.33333E-05
 -1      1885 7.89318E-04-8.72822E-02 3.33333E-05
 -1      1886-1.33333E-04 8.74016E-02-3.33333E-05
 -1      1887-1.33333E-04-2.66667E-04 0.00000E+00
 -1      1888-1.33333E-04-8.79350E-02 3.33333E-05
 -1      1889 7.67095E-04 8.67488E-02-3.33333E-05
 -1      1891-1.05598E-03-8.72822E-02 3.33333E-05
 -1      1892 1.66618E-03 8.47700E-02-3.33333E-05
 -1      1893-1.55555E-04-2.66667E-04 0.00000E+00
 -1      1894-1.97729E-03-8.53034E-02 3.33333E-05
 -1      1895 2.54979E-03 8.14970E-02-3.33333E-05
 -1      1897-2.88313E-03-8.20303E-02 3.33333E-05
 -1      1898 3.43038E-03 7.69184E-02-3.33333E-05
 -1      1899-1.77778E-04-2.66667E-04 0.00000E+00
 -1      1900-3.78594E-03-7.74517E-02 3.33333E-05
 -1      1901 4.29354E-03 7.10859E-02-3.33333E-05
 -1      1903-4.67132E-03-7.16192E-02 3.33333E-05
 -1      1904 5.15700E-03 6.39895E-02-3.33333E-05
 -1      1905-2.00000E-04-2.66667E-04 0.00000E+00
 -1      1906-5.55700E-03-6.45228E-02 3.33333E-05
 -1      1907 5.88693E-03 5.56994E-02-3.33333E-05
 -1      1909-6.30915E-03-5.62328E-02 3.33333E-05
 -1      1910 6.66721E-03 4.63248E-02-3.33333E-05
 -1      1911-2.22222E-04-2.66667E-04 0.00000E+00
 -1      1912-7.11165E-03-4.68582E-02 3.33333E-05
 -1      1913 7.41439E-03 3.57649E-02-3.33333E-05
 -1      1915-7.88106E-03-3.62982E-02 3.33333E-05
 -1      1916 8.26995E-03 2.49675E-02-3.33333E-05
 -1      1917-2.44445E-04-2.66667E-04 0.00000E+00
 -1      1918-8.75884E-03-2.55008E-02 3.33333E-05
 -1      1919 7.07079E-03 1.17489E-02-3.33333E-05
 -1      1921-7.58190E-03-1.22823E-02 3.33333E-05
 -1      1922 5.72946E-03 5.72946E-03-3.33333E-05
 -1      1923-2.66667E-04-2.66667E-04 0.00000E+00
 -1      1924-6.26279E-03-6.26279E-03 3.33333E-05
 -3
    1PSTEP                         2           1           1          
  100CL  101 1.000000000        1131                     0    1           1
 -4  STRESS      6    1
 -5  SXX         1    4    1    1
 -5  SYY         1    4    2    2
 -5  SZZ         1    4    3    3
 -5  SXY         1    4    1    2
 -5  SYZ         1    4    2    3
 -5  SZX         1    4    3    1
 -1       482-2.11007E-01-2.11007E-01-7.44032E-02-3.74902E-01 4.39635E-01 4.39635E-01
 -1       483-5.44925E-13 1.31201E-13 9.99960E-03-1.81299E-13 4.39635E-01 4.39635E-01
 -1       484 2.11007E-01 2.11007E-01 9.44024E-02 3.74902E-01 4.39635E-01 4.39635E-01
 -1       485-1.51007E-01-7.76030E-02-3.57226E-02-7.24165E-01 7.88567E-02 5.27373E-01
 -1       487 1.51007E-01 7.76030E-02 5.57218E-02 7.24165E-01 7.88567E-02 5.27373E-01
 -1       488 8.00004E-03 4.40971E-02 2.04186E-02-8.53627E-01-1.38145E-01 6.07161E-01
 -1       489-2.94254E-13-7.27300E-14 9.99960E-03-1.94011E-14-1.38145E-01 6.07161E-01
 -1       490-8.00004E-03-4.40971E-02-4.19426E-04 8.53627E-01-1.38145E-01 6.07161E-01
 -1       491 9.16601E-02 5.22899E-02 3.87890E-02-6.63027E-01-6.22461E-02 5.46820E-01
 -1       493-9.16601E-02-5.22899E-02-1.87898E-02 6.63027E-01-6.22461E-02 5.46820E-01
 -1       494 9.63523E-02 6.55928E-02 4.23879E-02-6.68926E-01-1.17211E-01 5.01214E-01
 -1       495-1.32217E-13 5.16080E-15 9.99960E-03-1.50713E-14-1.17211E-01 5.01214E-01
 -1       496-9.63523E-02-6.55928E-02-2.23887E-02 6.68926E-01-1.17211E-01 5.01214E-01
 -1       497 1.08956E-01 6.70417E-02 4.51983E-02-5.68792E-01-1.19642E-01 4.46535E-01
 -1       499-1.08956E-01-6.70417E-02-2.51991E-02 5.68792E-01-1.19642E-01 4.46535E-01
 -1       500 1.08542E-01 7.46268E-02 4.66323E-02-4.89668E-01-1.33294E-01 3.87839E-01
 -1       501-8.37941E-14 7.63278E-17 9.99960E-03 4.53804E-15-1.33294E-01 3.87839E-01
 -1       502-1.08542E-01-7.46268E-02-2.66332E-02 4.89668E-01-1.33294E-01 3.87839E-01
 -1       503 1.16195E-01 7.68940E-02 4.86163E-02-4.10064E-01-1.39043E-01 3.25959E-01
 -1       505-1.16195E-01-7.68940E-02-2.86171E-02 4.10064E-01-1.39043E-01 3.25959E-01
 -1       506 1.17814E-01 7.90377E-02 4.93688E-02-3.32818E-01-1.46678E-01 2.62873E-01
 -1       507-7.38784E-14-5.34642E-15 9.99960E-03-5.06539E-15-1.46678E-01 2.62873E-01
 -1       508-1.17814E-01-7.90377E-02-2.93696E-02 3.32818E-01-1.46678E-01 2.62873E-01
 -1       509 1.19668E-01 7.96560E-02 4.98633E-02-2.49983E-01-1.50771E-01 1.97930E-01
 -1       511-1.19668E-01-7.96560E-02-2.98641E-02 2.49983E-01-1.50771E-01 1.97930E-01
 -1       512 1.20857E-01 8.07805E-02 5.03260E-02-1.67059E-01-1.54692E-01 1.32630E-01
 -1       513-6.04065E-14 8.28851E-15 9.99960E-03 2.62984E-15-1.54692E-01 1.32630E-01
 -1       514-1.20857E-01-8.07805E-02-3.03268E-02 1.67059E-01-1.54692E-01 1.32630E-01
 -1       515 1.21521E-01 8.10902E-02 5.05207E-02-8.35302E-02-1.55977E-01 6.63355E-02
 -1       517-1.21521E-01-8.10902E-02-3.05215E-02 8.35302E-02-1.55977E-01 6.63355E-02
 -1       518 1.21863E-01 8.14746E-02 5.06660E-02 2.28967E-09-1.57242E-01-1.95911E-10
 -1       519-3.41810E-14 3.91354E-15 9.99960E-03-1.97021E-15-1.57242E-01-1.95907E-10
 -1       520-1.21863E-01-8.14746E-02-3.06668E-02-2.28967E-09-1.57242E-01-1.95902E-10
 -1       521 1.21521E-01 8.10902E-02 5.05207E-02 8.35302E-02-1.55977E-01-6.63355E-02
 -1       523-1.21521E-01-8.10902E-02-3.05215E-02-8.35302E-02-1.55977E-01-6.63355E-02
 -1       524 1.20857E-01 8.07805E-02 5.03260E-02 1.67059E-01-1.54692E-01-1.32630E-01
 -1       525-1.96371E-14 6.97359E-16 9.99960E-03-3.46251E-15-1.54692E-01-1.32630E-01
 -1       526-1.20857E-01-8.07805E-02-3.03268E-02-1.67059E-01-1.54692E-01-1.32630E-01
 -1       527 1.19668E-01 7.96559E-02 4.98633E-02 2.49984E-01-1.50771E-01-1.97930E-01
 -1       529-1.19668E-01-7.96559E-02-2.98641E-02-2.49984E-01-1.50771E-01-1.97930E-01
 -1       530 1.17814E-01 7.90376E-02 4.93688E-02 3.32818E-01-1.46678E-01-2.62873E-01
 -1       531-6.57356E-14-1.11543E-14 9.99960E-03 9.50628E-15-1.46678E-01-2.62873E-01
 -1       532-1.17814E-01-7.90376E-02-2.93696E-02-3.32818E-01-1.46678E-01-2.62873E-01
 -1       533 1.16195E-01 7.68942E-02 4.86163E-02 4.10064E-01-1.39043E-01-3.25959E-01
 -1       535-1.16195E-01-7.68942E-02-2.86171E-02-4.10064E-01-1.39043E-01-3.25959E-01
 -1       536 1.08541E-01 7.46266E-02 4.66322E-02 4.89669E-01-1.33294E-01-3.87840E-01
 -1       537-8.21322E-14-1.13833E-14 9.99960E-03 9.99201E-16-1.33294E-01-3.87840E-01
 -1       538-1.08541E-01-7.46266E-02-2.66330E-02-4.89669E-01-1.33294E-01-3.87840E-01
 -1       539 1.08956E-01 6.70414E-02 4.51983E-02 5.68793E-01-1.19642E-01-4.46536E-01
 -1       541-1.08956E-01-6.70414E-02-2.51991E-02-5.68793E-01-1.19642E-01-4.46536E-01
 -1       542 9.63532E-02 6.55933E-02 4.23881E-02 6.68925E-01-1.17210E-01-5.01213E-01
 -1       543-7.99083E-14 1.21170E-14 9.99960E-03 1.24345E-14-1.17210E-01-5.01213E-01
 -1       544-9.63532E-02-6.55933E-02-2.23889E-02-6.68925E-01-1.17210E-01-5.01213E-01
 -1       545 9.16593E-02 5.22899E-02 3.87889E-02 6.63028E-01-6.22470E-02-5.46820E-01
 -1       547-9.16593E-02-5.22899E-02-1.87897E-02-6.63028E-01-6.22470E-02-5.46820E-01
 -1       548 7.99785E-03 4.40974E-02 2.04182E-02 8.53633E-01-1.38149E-01-6.07161E-01
 -1       549-1.80522E-13-1.36533E-13 9.99960E-03 6.91947E-14-1.38149E-01-6.07161E-01
 -1       550-7.99785E-03-4.40974E-02-4.19047E-04-8.53633E-01-1.38149E-01-6.07161E-01
 -1       551-1.51008E-01-7.76018E-02-3.57225E-02 7.24171E-01 7.88520E-02-5.27374E-01
 -1       553 1.51008E-01 7.76018E-02 5.57217E-02-7.24171E-01 7.88520E-02-5.27374E-01
 -1       554-2.11005E-01-2.11006E-01-7.44026E-02 3.74905E-01 4.39632E-01-4.39637E-01
 -1       555-1.23956E-13 4.94230E-13 9.99960E-03-1.67116E-13 4.39632E-01-4.39637E-01
 -1       556 2.11005E-01 2.11006E-01 9.44018E-02-3.74905E-01 4.39632E-01-4.39637E-01
 -1       557-7.76030E-02-1.51007E-01-3.57226E-02-7.24165E-01 5.27373E-01 7.88567E-02
 -1       559 7.76030E-02 1.51007E-01 5.57218E-02 7.24165E-01 5.27373E-01 7.88567E-02
 -1       560 1.66352E-01 1.88580E-01 2.52035E-02-1.63689E+00-1.49040E-01 1.28226E-01
 -1       562-1.66352E-01-1.88580E-01-5.20432E-03 1.63689E+00-1.49040E-01 1.28226E-01
 -1       563 2.79832E-01 3.43685E-01 2.82793E-02-1.26818E+00-9.20132E-02 1.14281E-01
 -1       565-2.79832E-01-3.43685E-01-8.28010E-03 1.26818E+00-9.20132E-02 1.14281E-01
 -1       566 3.27130E-01 4.34898E-01 3.04879E-02-9.66653E-01-1.03858E-01 9.05450E-02
 -1       568-3.27130E-01-4.34898E-01-1.04887E-02 9.66653E-01-1.03858E-01 9.05450E-02
 -1       569 3.54356E-01 4.95171E-01 3.09598E-02-6.53933E-01-1.15212E-01 6.23464E-02
 -1       571-3.54356E-01-4.95171E-01-1.09606E-02 6.53933E-01-1.15212E-01 6.23464E-02
 -1       572 3.68172E-01 5.28739E-01 3.13277E-02-3.29764E-01-1.22410E-01 3.15926E-02
 -1       574-3.68172E-01-5.28739E-01-1.13285E-02 3.29764E-01-1.22410E-01 3.15926E-02
 -1       575 3.72502E-01 5.39807E-01 3.14043E-02-2.53149E-10-1.24730E-01-3.51149E-10
 -1       577-3.72502E-01-5.39807E-01-1.14051E-02 2.53137E-10-1.24730E-01-3.51151E-10
 -1       578 3.68172E-01 5.28739E-01 3.13277E-02 3.29764E-01-1.22410E-01-3.15926E-02
 -1       580-3.68172E-01-5.28739E-01-1.13285E-02-3.29764E-01-1.22410E-01-3.15926E-02
 -1       581 3.54356E-01 4.95171E-01 3.09598E-02 6.53933E-01-1.15212E-01-6.23464E-02
 -1       583-3.54356E-01-4.95171E-01-1.09606E-02-6.53933E-01-1.15212E-01-6.23464E-02
 -1       584 3.27129E-01 4.34897E-01 3.04880E-02 9.66654E-01-1.03858E-01-9.05451E-02
 -1       586-3.27129E-01-4.34897E-01-1.04888E-02-9.66654E-01-1.03858E-01-9.05451E-02
 -1       587 2.79832E-01 3.43686E-01 2.82795E-02 1.26818E+00-9.20131E-02-1.14281E-01
 -1       589-2.79832E-01-3.43686E-01-8.28026E-03-1.26818E+00-9.20131E-02-1.14281E-01
 -1       590 1.66352E-01 1.88581E-01 2.52034E-02 1.63690E+00-1.49044E-01-1.28226E-01
 -1       592-1.66352E-01-1.88581E-01-5.20422E-03-1.63690E+00-1.49044E-01-1.28226E-01
 -1       593-7.76018E-02-1.51004E-01-3.57218E-02 7.24172E-01 5.27368E-01-7.88570E-02
 -1       595 7.76018E-02 1.51004E-01 5.57210E-02-7.24172E-01 5.27368E-01-7.88570E-02
 -1       596 4.40971E-02 8.00004E-03 2.04186E-02-8.53627E-01 6.07161E-01-1.38145E-01
 -1       597 1.53514E-13 1.88308E-13 9.99960E-03 7.30804E-14 6.07161E-01-1.38145E-01
 -1       598-4.40971E-02-8.00004E-03-4.19426E-04 8.53627E-01 6.07161E-01-1.38145E-01
 -1       599 1.88580E-01 1.66352E-01 2.52035E-02-1.63689E+00 1.28226E-01-1.49040E-01
 -1       601-1.88580E-01-1.66352E-01-5.20432E-03 1.63689E+00 1.28226E-01-1.49040E-01
 -1       602 3.18766E-01 3.18766E-01 2.59407E-02-2.06267E+00-1.55204E-01-1.55204E-01
 -1       603 3.62210E-15-7.39062E-14 9.99960E-03-4.46587E-14-1.55204E-01-1.55204E-01
 -1       604-3.18766E-01-3.18766E-01-5.94154E-03 2.06267E+00-1.55204E-01-1.55204E-01
 -1       605 3.97371E-01 4.53523E-01 1.79722E-02-1.67986E+00-3.20860E-02-1.33508E-01
 -1       607-3.97371E-01-4.53523E-01 2.02703E-03 1.67986E+00-3.20860E-02-1.33508E-01
 -1       608 4.84092E-01 5.90169E-01 1.20045E-02-1.60197E+00-7.59260E-02-1.17226E-01
 -1       609-6.40946E-14-8.00748E-15 9.99960E-03-2.59792E-14-7.59260E-02-1.17226E-01
 -1       610-4.84092E-01-5.90169E-01 7.99471E-03 1.60197E+00-7.59260E-02-1.17226E-01
 -1       611 5.23767E-01 6.78125E-01 1.20372E-02-1.39441E+00-6.60236E-02-1.01368E-01
 -1       613-5.23767E-01-6.78125E-01 7.96204E-03 1.39441E+00-6.60236E-02-1.01368E-01
 -1       614 5.67587E-01 7.68960E-01 1.34748E-02-1.23055E+00-8.05185E-02-8.55306E-02
 -1       615-6.36435E-14-1.11022E-14 9.99960E-03-2.31759E-14-8.05185E-02-8.55306E-02
 -1       616-5.67587E-01-7.68960E-01 6.52441E-03 1.23055E+00-8.05185E-02-8.55306E-02
 -1       617 5.90749E-01 8.25835E-01 1.24543E-02-1.02856E+00-8.39080E-02-7.13284E-02
 -1       619-5.90749E-01-8.25835E-01 7.54488E-03 1.02856E+00-8.39080E-02-7.13284E-02
 -1       620 6.15391E-01 8.83379E-01 1.18634E-02-8.33568E-01-9.07359E-02-5.66898E-02
 -1       621-3.15720E-14-1.67921E-15 9.99960E-03-1.19349E-14-9.07359E-02-5.66898E-02
 -1       622-6.15391E-01-8.83379E-01 8.13575E-03 8.33568E-01-9.07359E-02-5.66898E-02
 -1       623 6.27814E-01 9.16063E-01 1.17761E-02-6.26504E-01-9.36664E-02-4.25588E-02
 -1       625-6.27814E-01-9.16063E-01 8.22308E-03 6.26504E-01-9.36664E-02-4.25588E-02
 -1       626 6.40637E-01 9.49112E-01 1.18418E-02-4.20721E-01-9.71967E-02-2.82855E-02
 -1       627-4.12725E-14-1.39611E-14 9.99960E-03 3.03924E-15-9.71967E-02-2.82855E-02
 -1       628-6.40637E-01-9.49112E-01 8.15741E-03 4.20721E-01-9.71967E-02-2.82855E-02
 -1       629 6.44505E-01 9.59637E-01 1.17171E-02-2.10261E-01-9.82266E-02-1.41481E-02
 -1       631-6.44505E-01-9.59637E-01 8.28214E-03 2.10261E-01-9.82266E-02-1.41481E-02
 -1       632 6.48530E-01 9.70301E-01 1.16516E-02 1.96962E-09-9.93678E-02 5.04571E-10
 -1       633-4.01484E-14 9.63118E-15 9.99960E-03-3.60703E-15-9.93678E-02 5.04568E-10
 -1       634-6.48530E-01-9.70301E-01 8.34764E-03-1.96963E-09-9.93678E-02 5.04564E-10
 -1       635 6.44505E-01 9.59637E-01 1.17171E-02 2.10261E-01-9.82266E-02 1.41481E-02
 -1       637-6.44505E-01-9.59637E-01 8.28213E-03-2.10261E-01-9.82266E-02 1.41481E-02
 -1       638 6.40637E-01 9.49112E-01 1.18418E-02 4.20721E-01-9.71967E-02 2.82855E-02
 -1       639-4.45893E-14-1.39611E-14 9.99960E-03 4.50334E-15-9.71967E-02 2.82855E-02
 -1       640-6.40637E-01-9.49112E-01 8.15739E-03-4.20721E-01-9.71967E-02 2.82855E-02
 -1       641 6.27814E-01 9.16063E-01 1.17761E-02 6.26504E-01-9.36664E-02 4.25588E-02
 -1       643-6.27814E-01-9.16063E-01 8.22311E-03-6.26504E-01-9.36664E-02 4.25588E-02
 -1       644 6.15391E-01 8.83379E-01 1.18634E-02 8.33568E-01-9.07360E-02 5.66898E-02
 -1       645-2.64927E-14-1.13382E-14 9.99960E-03 1.27953E-14-9.07360E-02 5.66898E-02
 -1       646-6.15391E-01-8.83379E-01 8.13584E-03-8.33568E-01-9.07360E-02 5.66898E-02
 -1       647 5.90749E-01 8.25835E-01 1.24544E-02 1.02856E+00-8.39079E-02 7.13284E-02
 -1       649-5.90749E-01-8.25835E-01 7.54477E-03-1.02856E+00-8.39079E-02 7.13284E-02
 -1       650 5.67586E-01 7.68959E-01 1.34749E-02 1.23056E+00-8.05183E-02 8.55307E-02
 -1       651-2.87825E-14 9.99201E-16 9.99960E-03 2.49800E-16-8.05183E-02 8.55307E-02
 -1       652-5.67586E-01-7.68959E-01 6.52435E-03-1.23056E+00-8.05183E-02 8.55307E-02
 -1       653 5.23766E-01 6.78124E-01 1.20370E-02 1.39441E+00-6.60233E-02 1.01368E-01
 -1       655-5.23766E-01-6.78124E-01 7.96224E-03-1.39441E+00-6.60233E-02 1.01368E-01
 -1       656 4.84093E-01 5.90170E-01 1.20046E-02 1.60197E+00-7.59255E-02 1.17226E-01
 -1       657-1.11022E-14 4.66294E-15 9.99960E-03-8.60423E-16-7.59255E-02 1.17226E-01
 -1       658-4.84093E-01-5.90170E-01 7.99455E-03-1.60197E+00-7.59255E-02 1.17226E-01
 -1       659 3.97371E-01 4.53523E-01 1.79720E-02 1.67986E+00-3.20868E-02 1.33508E-01
 -1       661-3.97371E-01-4.53523E-01 2.02719E-03-1.67986E+00-3.20868E-02 1.33508E-01
 -1       662 3.18765E-01 3.18765E-01 2.59404E-02 2.06268E+00-1.55209E-01 1.55205E-01
 -1       663 5.72667E-14-1.02626E-14 9.99960E-03-3.73035E-14-1.55209E-01 1.55205E-01
 -1       664-3.18765E-01-3.18765E-01-5.94120E-03-2.06268E+00-1.55209E-01 1.55205E-01
 -1       665 1.88582E-01 1.66354E-01 2.52041E-02 1.63690E+00 1.28220E-01 1.49040E-01
 -1       667-1.88582E-01-1.66354E-01-5.20489E-03-1.63690E+00 1.28220E-01 1.49040E-01
 -1       668 4.40994E-02 8.00263E-03 2.04196E-02 8.53635E-01 6.07156E-01 1.38145E-01
 -1       669 7.28306E-14 2.74881E-13 9.99960E-03-1.65146E-14 6.07156E-01 1.38145E-01
 -1       670-4.40994E-02-8.00263E-03-4.20409E-04-8.53635E-01 6.07156E-01 1.38145E-01
 -1       671 5.22899E-02 9.16601E-02 3.87890E-02-6.63027E-01 5.46820E-01-6.22461E-02
 -1       673-5.22899E-02-9.16601E-02-1.87898E-02 6.63027E-01 5.46820E-01-6.22461E-02
 -1       674 4.53523E-01 3.97371E-01 1.79722E-02-1.67986E+00-1.33508E-01-3.20860E-02
 -1       676-4.53523E-01-3.97371E-01 2.02703E-03 1.67986E+00-1.33508E-01-3.20860E-02
 -1       677 6.83174E-01 7.14677E-01 1.72121E-02-1.31666E+00-6.99255E-02-1.88689E-02
 -1       679-6.83174E-01-7.14677E-01 2.78707E-03 1.31666E+00-6.99255E-02-1.88689E-02
 -1       680 8.10922E-01 9.46352E-01 1.72086E-02-1.01385E+00-7.33138E-02-1.03810E-02
 -1       682-8.10922E-01-9.46352E-01 2.79062E-03 1.01385E+00-7.33138E-02-1.03810E-02
 -1       683 8.85690E-01 1.10242E+00 1.70468E-02-6.90559E-01-8.28051E-02-5.65995E-03
 -1       685-8.85690E-01-1.10242E+00 2.95236E-03 6.90559E-01-8.28051E-02-5.65995E-03
 -1       686 9.24492E-01 1.19277E+00 1.69809E-02-3.49208E-01-8.89756E-02-2.42688E-03
 -1       688-9.24492E-01-1.19277E+00 3.01829E-03 3.49208E-01-8.89756E-02-2.42688E-03
 -1       689 9.36587E-01 1.22239E+00 1.69499E-02 1.59965E-09-9.10025E-02 3.76760E-10
 -1       691-9.36587E-01-1.22239E+00 3.04927E-03-1.59967E-09-9.10025E-02 3.76748E-10
 -1       692 9.24492E-01 1.19277E+00 1.69809E-02 3.49208E-01-8.89756E-02 2.42688E-03
 -1       694-9.24492E-01-1.19277E+00 3.01826E-03-3.49208E-01-8.89756E-02 2.42688E-03
 -1       695 8.85690E-01 1.10242E+00 1.70467E-02 6.90559E-01-8.28051E-02 5.65996E-03
 -1       697-8.85690E-01-1.10242E+00 2.95247E-03-6.90559E-01-8.28051E-02 5.65996E-03
 -1       698 8.10921E-01 9.46351E-01 1.72086E-02 1.01386E+00-7.33137E-02 1.03811E-02
 -1       700-8.10921E-01-9.46351E-01 2.79061E-03-1.01386E+00-7.33137E-02 1.03811E-02
 -1       701 6.83175E-01 7.14679E-01 1.72125E-02 1.31665E+00-6.99252E-02 1.88689E-02
 -1       703-6.83175E-01-7.14679E-01 2.78667E-03-1.31665E+00-6.99252E-02 1.88689E-02
 -1       704 4.53522E-01 3.97368E-01 1.79714E-02 1.67987E+00-1.33513E-01 3.20861E-02
 -1       706-4.53522E-01-3.97368E-01 2.02776E-03-1.67987E+00-1.33513E-01 3.20861E-02
 -1       707 5.22936E-02 9.16631E-02 3.87904E-02 6.63034E-01 5.46815E-01 6.22457E-02
 -1       709-5.22936E-02-9.16631E-02-1.87912E-02-6.63034E-01 5.46815E-01 6.22457E-02
 -1       710 6.55928E-02 9.63523E-02 4.23879E-02-6.68926E-01 5.01214E-01-1.17211E-01
 -1       711-6.27623E-15 7.89438E-14 9.99960E-03 1.43496E-14 5.01214E-01-1.17211E-01
 -1       712-6.55928E-02-9.63523E-02-2.23887E-02 6.68926E-01 5.01214E-01-1.17211E-01
 -1       713 3.43685E-01 2.79832E-01 2.82793E-02-1.26818E+00 1.14281E-01-9.20132E-02
 -1       715-3.43685E-01-2.79832E-01-8.28010E-03 1.26818E+00 1.14281E-01-9.20132E-02
 -1       716 5.90169E-01 4.84092E-01 1.20045E-02-1.60197E+00-1.17226E-01-7.59260E-02
 -1       717 1.24623E-14 8.87485E-15 9.99960E-03 4.05231E-15-1.17226E-01-7.59260E-02
 -1       718-5.90169E-01-4.84092E-01 7.99471E-03 1.60197E+00-1.17226E-01-7.59260E-02
 -1       719 7.14677E-01 6.83174E-01 1.72121E-02-1.31666E+00-1.88689E-02-6.99255E-02
 -1       721-7.14677E-01-6.83174E-01 2.78707E-03 1.31666E+00-1.88689E-02-6.99255E-02
 -1       722 8.64776E-01 8.64776E-01 2.40422E-02-1.26212E+00-5.59964E-02-5.59964E-02
 -1       723-1.18933E-14-8.90954E-15 9.99960E-03-8.02136E-15-5.59964E-02-5.59964E-02
 -1       724-8.64776E-01-8.64776E-01-4.04299E-03 1.26212E+00-5.59964E-02-5.59964E-02
 -1       725 9.48322E-01 1.00697E+00 2.27956E-02-1.10652E+00-4.96937E-02-4.84922E-02
 -1       727-9.48322E-01-1.00697E+00-2.79639E-03 1.10652E+00-4.96937E-02-4.84922E-02
 -1       728 1.03538E+00 1.14596E+00 2.16108E-02-9.80464E-01-6.06988E-02-4.00061E-02
 -1       729 2.91434E-15-7.74381E-15 9.99960E-03-1.89154E-14-6.06988E-02-4.00061E-02
 -1       730-1.03538E+00-1.14596E+00-1.61160E-03 9.80464E-01-6.06988E-02-4.00061E-02
 -1       731 1.08436E+00 1.24476E+00 2.18642E-02-8.23047E-01-6.37100E-02-3.26405E-02
 -1       733-1.08436E+00-1.24476E+00-1.86505E-03 8.23047E-01-6.37100E-02-3.26405E-02
 -1       734 1.13497E+00 1.34332E+00 2.23966E-02-6.69730E-01-6.89975E-02-2.52160E-02
 -1       735-1.19904E-14-2.23432E-14 9.99960E-03-1.32810E-14-6.89975E-02-2.52160E-02
 -1       736-1.13497E+00-1.34332E+00-2.39737E-03 6.69730E-01-6.89975E-02-2.52160E-02
 -1       737 1.16072E+00 1.40085E+00 2.22658E-02-5.04336E-01-7.16626E-02-1.87092E-02
 -1       739-1.16072E+00-1.40085E+00-2.26661E-03 5.04336E-01-7.16626E-02-1.87092E-02
 -1       740 1.18693E+00 1.45840E+00 2.22318E-02-3.39523E-01-7.46227E-02-1.21980E-02
 -1       741-3.03368E-14-1.88183E-14 9.99960E-03-1.06998E-14-7.46227E-02-1.21980E-02
 -1       742-1.18693E+00-1.45840E+00-2.23263E-03 3.39523E-01-7.46227E-02-1.21980E-02
 -1       743 1.19478E+00 1.47736E+00 2.22238E-02-1.69704E-01-7.55221E-02-6.11145E-03
 -1       745-1.19478E+00-1.47736E+00-2.22456E-03 1.69704E-01-7.55221E-02-6.11145E-03
 -1       746 1.20304E+00 1.49645E+00 2.23221E-02-3.13515E-10-7.64838E-02 5.46361E-10
 -1       747-5.01266E-14-2.39808E-14 9.99960E-03-2.00834E-14-7.64838E-02 5.46356E-10
 -1       748-1.20304E+00-1.49645E+00-2.32286E-03 3.13475E-10-7.64838E-02 5.46350E-10
 -1       749 1.19478E+00 1.47736E+00 2.22238E-02 1.69704E-01-7.55221E-02 6.11145E-03
 -1       751-1.19478E+00-1.47736E+00-2.22457E-03-1.69704E-01-7.55221E-02 6.11145E-03
 -1       752 1.18693E+00 1.45840E+00 2.22319E-02 3.39523E-01-7.46227E-02 1.21980E-02
 -1       753-1.01308E-14-6.60583E-15 9.99960E-03-1.51962E-15-7.46227E-02 1.21980E-02
 -1       754-1.18693E+00-1.45840E+00-2.23266E-03-3.39523E-01-7.46227E-02 1.21980E-02
 -1       755 1.16072E+00 1.40085E+00 2.22658E-02 5.04336E-01-7.16626E-02 1.87092E-02
 -1       757-1.16072E+00-1.40085E+00-2.26656E-03-5.04336E-01-7.16626E-02 1.87092E-02
 -1       758 1.13497E+00 1.34332E+00 2.23964E-02 6.69730E-01-6.89975E-02 2.52160E-02
 -1       759-1.17129E-14 1.10190E-14 9.99960E-03 1.60427E-14-6.89975E-02 2.52160E-02
 -1       760-1.13497E+00-1.34332E+00-2.39724E-03-6.69730E-01-6.89975E-02 2.52160E-02
 -1       761 1.08436E+00 1.24476E+00 2.18644E-02 8.23047E-01-6.37100E-02 3.26405E-02
 -1       763-1.08436E+00-1.24476E+00-1.86521E-03-8.23047E-01-6.37100E-02 3.26405E-02
 -1       764 1.03538E+00 1.14596E+00 2.16109E-02 9.80465E-01-6.06987E-02 4.00062E-02
 -1       765 1.85130E-14 2.41474E-15 9.99960E-03-5.92582E-15-6.06987E-02 4.00062E-02
 -1       766-1.03538E+00-1.14596E+00-1.61167E-03-9.80465E-01-6.06987E-02 4.00062E-02
 -1       767 9.48321E-01 1.00697E+00 2.27954E-02 1.10652E+00-4.96935E-02 4.84923E-02
 -1       769-9.48321E-01-1.00697E+00-2.79618E-03-1.10652E+00-4.96935E-02 4.84923E-02
 -1       770 8.64778E-01 8.64778E-01 2.40427E-02 1.26212E+00-5.59960E-02 5.59963E-02
 -1       771 3.45557E-15 9.71445E-16 9.99960E-03-1.99285E-14-5.59960E-02 5.59963E-02
 -1       772-8.64778E-01-8.64778E-01-4.04347E-03-1.26212E+00-5.59960E-02 5.59963E-02
 -1       773 7.14677E-01 6.83174E-01 1.72120E-02 1.31666E+00-1.88696E-02 6.99255E-02
 -1       775-7.14677E-01-6.83174E-01 2.78723E-03-1.31666E+00-1.88696E-02 6.99255E-02
 -1       776 5.90168E-01 4.84089E-01 1.20039E-02 1.60198E+00-1.17230E-01 7.59258E-02
 -1       777-3.33067E-16 5.87932E-14 9.99960E-03-2.57294E-14-1.17230E-01 7.59258E-02
 -1       778-5.90168E-01-4.84089E-01 7.99532E-03-1.60198E+00-1.17230E-01 7.59258E-02
 -1       779 3.43688E-01 2.79833E-01 2.82802E-02 1.26819E+00 1.14276E-01 9.20128E-02
 -1       781-3.43688E-01-2.79833E-01-8.28102E-03-1.26819E+00 1.14276E-01 9.20128E-02
 -1       782 6.55969E-02 9.63566E-02 4.23895E-02 6.68932E-01 5.01209E-01 1.17210E-01
 -1       783-2.83974E-15 1.23963E-13 9.99960E-03-1.43496E-14 5.01209E-01 1.17210E-01
 -1       784-6.55969E-02-9.63566E-02-2.23903E-02-6.68932E-01 5.01209E-01 1.17210E-01
 -1       785 6.70417E-02 1.08956E-01 4.51983E-02-5.68792E-01 4.46535E-01-1.19642E-01
 -1       787-6.70417E-02-1.08956E-01-2.51991E-02 5.68792E-01 4.46535E-01-1.19642E-01
 -1       788 6.78125E-01 5.23767E-01 1.20372E-02-1.39441E+00-1.01368E-01-6.60236E-02
 -1       790-6.78125E-01-5.23767E-01 7.96204E-03 1.39441E+00-1.01368E-01-6.60236E-02
 -1       791 1.00697E+00 9.48322E-01 2.27956E-02-1.10652E+00-4.84922E-02-4.96937E-02
 -1       793-1.00697E+00-9.48322E-01-2.79639E-03 1.10652E+00-4.84922E-02-4.96937E-02
 -1       794 1.21439E+00 1.26726E+00 2.03140E-02-8.60301E-01-5.17906E-02-3.41334E-02
 -1       796-1.21439E+00-1.26726E+00-3.14763E-04 8.60301E-01-5.17906E-02-3.41334E-02
 -1       797 1.33758E+00 1.49193E+00 2.09345E-02-5.89563E-01-5.92676E-02-2.12089E-02
 -1       799-1.33758E+00-1.49193E+00-9.35291E-04 5.89563E-01-5.92676E-02-2.12089E-02
 -1       800 1.40211E+00 1.62523E+00 2.07951E-02-2.99287E-01-6.41420E-02-1.01526E-02
 -1       802-1.40211E+00-1.62523E+00-7.95937E-04 2.99287E-01-6.41420E-02-1.01526E-02
 -1       803 1.42215E+00 1.66934E+00 2.08524E-02 9.31604E-10-6.58082E-02 3.96950E-10
 -1       805-1.42215E+00-1.66934E+00-8.53157E-04-9.31642E-10-6.58082E-02 3.96974E-10
 -1       806 1.40211E+00 1.62523E+00 2.07952E-02 2.99287E-01-6.41420E-02 1.01526E-02
 -1       808-1.40211E+00-1.62523E+00-7.95977E-04-2.99287E-01-6.41420E-02 1.01526E-02
 -1       809 1.33758E+00 1.49193E+00 2.09343E-02 5.89563E-01-5.92676E-02 2.12090E-02
 -1       811-1.33758E+00-1.49193E+00-9.35132E-04-5.89563E-01-5.92676E-02 2.12090E-02
 -1       812 1.21439E+00 1.26726E+00 2.03140E-02 8.60301E-01-5.17905E-02 3.41335E-02
 -1       814-1.21439E+00-1.26726E+00-3.14830E-04-8.60301E-01-5.17905E-02 3.41335E-02
 -1       815 1.00697E+00 9.48324E-01 2.27961E-02 1.10652E+00-4.84921E-02 4.96936E-02
 -1       817-1.00697E+00-9.48324E-01-2.79694E-03-1.10652E+00-4.84921E-02 4.96936E-02
 -1       818 6.78124E-01 5.23764E-01 1.20365E-02 1.39442E+00-1.01372E-01 6.60236E-02
 -1       820-6.78124E-01-5.23764E-01 7.96274E-03-1.39442E+00-1.01372E-01 6.60236E-02
 -1       821 6.70467E-02 1.08960E-01 4.52001E-02 5.68798E-01 4.46531E-01 1.19641E-01
 -1       823-6.70467E-02-1.08960E-01-2.52009E-02-5.68798E-01 4.46531E-01 1.19641E-01
 -1       824 7.46268E-02 1.08542E-01 4.66323E-02-4.89668E-01 3.87839E-01-1.33294E-01
 -1       825 5.52336E-15 6.11039E-14 9.99960E-03 1.94289E-16 3.87839E-01-1.33294E-01
 -1       826-7.46268E-02-1.08542E-01-2.66332E-02 4.89668E-01 3.87839E-01-1.33294E-01
 -1       827 4.34898E-01 3.27130E-01 3.04879E-02-9.66653E-01 9.05450E-02-1.03858E-01
 -1       829-4.34898E-01-3.27130E-01-1.04887E-02 9.66653E-01 9.05450E-02-1.03858E-01
 -1       830 7.68960E-01 5.67587E-01 1.34748E-02-1.23055E+00-8.55306E-02-8.05185E-02
 -1       831 1.03528E-14 3.37230E-14 9.99960E-03 2.44249E-15-8.55306E-02-8.05185E-02
 -1       832-7.68960E-01-5.67587E-01 6.52441E-03 1.23055E+00-8.55306E-02-8.05185E-02
 -1       833 9.46352E-01 8.10922E-01 1.72086E-02-1.01385E+00-1.03810E-02-7.33138E-02
 -1       835-9.46352E-01-8.10922E-01 2.79062E-03 1.01385E+00-1.03810E-02-7.33138E-02
 -1       836 1.14596E+00 1.03538E+00 2.16108E-02-9.80464E-01-4.00061E-02-6.06988E-02
 -1       837 2.21212E-14-2.55629E-14 9.99960E-03-2.10942E-15-4.00061E-02-6.06988E-02
 -1       838-1.14596E+00-1.03538E+00-1.61160E-03 9.80464E-01-4.00061E-02-6.06988E-02
 -1       839 1.26726E+00 1.21439E+00 2.03140E-02-8.60301E-01-3.41334E-02-5.17906E-02
 -1       841-1.26726E+00-1.21439E+00-3.14763E-04 8.60301E-01-3.41334E-02-5.17906E-02
 -1       842 1.39076E+00 1.39076E+00 1.89317E-02-7.65185E-01-4.24044E-02-4.24044E-02
 -1       843-1.71807E-14-1.08247E-15 9.99960E-03-1.80689E-14-4.24044E-02-4.24044E-02
 -1       844-1.39076E+00-1.39076E+00 1.06748E-03 7.65185E-01-4.24044E-02-4.24044E-02
 -1       845 1.46360E+00 1.51774E+00 1.92475E-02-6.43677E-01-4.45533E-02-3.45622E-02
 -1       847-1.46360E+00-1.51774E+00 7.51663E-04 6.43677E-01-4.45533E-02-3.45622E-02
 -1       848 1.53726E+00 1.64432E+00 1.96467E-02-5.25739E-01-4.86402E-02-2.66359E-02
 -1       849-1.20737E-14-2.65621E-14 9.99960E-03-2.04836E-14-4.86402E-02-2.66359E-02
 -1       850-1.53726E+00-1.64432E+00 3.52473E-04 5.25739E-01-4.86402E-02-2.66359E-02
 -1       851 1.57549E+00 1.71989E+00 1.94862E-02-3.96247E-01-5.06227E-02-1.97610E-02
 -1       853-1.57549E+00-1.71989E+00 5.13029E-04 3.96247E-01-5.06227E-02-1.97610E-02
 -1       854 1.61426E+00 1.79546E+00 1.94306E-02-2.67392E-01-5.28977E-02-1.28729E-02
 -1       855-1.24900E-14-1.40998E-14 9.99960E-03 2.34535E-15-5.28977E-02-1.28729E-02
 -1       856-1.61426E+00-1.79546E+00 5.68561E-04 2.67392E-01-5.28977E-02-1.28729E-02
 -1       857 1.62601E+00 1.82059E+00 1.94086E-02-1.33643E-01-5.35741E-02-6.43418E-03
 -1       859-1.62601E+00-1.82059E+00 5.90626E-04 1.33643E-01-5.35741E-02-6.43418E-03
 -1       860 1.63821E+00 1.84578E+00 1.94838E-02 3.10012E-10-5.43204E-02-1.56016E-10
 -1       861 1.79023E-14 1.05194E-14 9.99960E-03-2.31951E-14-5.43204E-02-1.56012E-10
 -1       862-1.63821E+00-1.84578E+00 5.15375E-04-3.10059E-10-5.43204E-02-1.56008E-10
 -1       863 1.62601E+00 1.82059E+00 1.94086E-02 1.33643E-01-5.35741E-02 6.43418E-03
 -1       865-1.62601E+00-1.82059E+00 5.90605E-04-1.33643E-01-5.35741E-02 6.43418E-03
 -1       866 1.61426E+00 1.79546E+00 1.94307E-02 2.67392E-01-5.28977E-02 1.28729E-02
 -1       867-2.86993E-14-1.99840E-15 9.99960E-03 2.47719E-15-5.28977E-02 1.28729E-02
 -1       868-1.61426E+00-1.79546E+00 5.68517E-04-2.67392E-01-5.28977E-02 1.28729E-02
 -1       869 1.57549E+00 1.71989E+00 1.94861E-02 3.96247E-01-5.06227E-02 1.97610E-02
 -1       871-1.57549E+00-1.71989E+00 5.13094E-04-3.96247E-01-5.06227E-02 1.97610E-02
 -1       872 1.53726E+00 1.64432E+00 1.96466E-02 5.25739E-01-4.86402E-02 2.66359E-02
 -1       873 8.27116E-15-1.57374E-14 9.99960E-03 1.92901E-15-4.86402E-02 2.66359E-02
 -1       874-1.53726E+00-1.64432E+00 3.52648E-04-5.25739E-01-4.86402E-02 2.66359E-02
 -1       875 1.46360E+00 1.51774E+00 1.92478E-02 6.43677E-01-4.45532E-02 3.45622E-02
 -1       877-1.46360E+00-1.51774E+00 7.51420E-04-6.43677E-01-4.45532E-02 3.45622E-02
 -1       878 1.39076E+00 1.39076E+00 1.89318E-02 7.65186E-01-4.24043E-02 4.24045E-02
 -1       879 1.48770E-14 4.63518E-15 9.99960E-03-2.77833E-14-4.24043E-02 4.24045E-02
 -1       880-1.39076E+00-1.39076E+00 1.06742E-03-7.65186E-01-4.24043E-02 4.24045E-02
 -1       881 1.26726E+00 1.21438E+00 2.03137E-02 8.60301E-01-3.41333E-02 5.17907E-02
 -1       883-1.26726E+00-1.21438E+00-3.14467E-04-8.60301E-01-3.41333E-02 5.17907E-02
 -1       884 1.14596E+00 1.03539E+00 2.16114E-02 9.80463E-01-4.00058E-02 6.06987E-02
 -1       885 5.05151E-15 5.52336E-15 9.99960E-03-2.56462E-14-4.00058E-02 6.06987E-02
 -1       886-1.14596E+00-1.03539E+00-1.61223E-03-9.80463E-01-4.00058E-02 6.06987E-02
 -1       887 9.46352E-01 8.10921E-01 1.72083E-02 1.01385E+00-1.03815E-02 7.33138E-02
 -1       889-9.46352E-01-8.10921E-01 2.79087E-03-1.01385E+00-1.03815E-02 7.33138E-02
 -1       890 7.68959E-01 5.67584E-01 1.34739E-02 1.23056E+00-8.55336E-02 8.05184E-02
 -1       891 4.56579E-15 5.30409E-14 9.99960E-03-2.53686E-14-8.55336E-02 8.05184E-02
 -1       892-7.68959E-01-5.67584E-01 6.52526E-03-1.23056E+00-8.55336E-02 8.05184E-02
 -1       893 4.34902E-01 3.27132E-01 3.04890E-02 9.66660E-01 9.05409E-02 1.03857E-01
 -1       895-4.34902E-01-3.27132E-01-1.04898E-02-9.66660E-01 9.05409E-02 1.03857E-01
 -1       896 7.46326E-02 1.08546E-01 4.66344E-02 4.89674E-01 3.87836E-01 1.33294E-01
 -1       897 4.90927E-15 8.45365E-14 9.99960E-03-6.89726E-15 3.87836E-01 1.33294E-01
 -1       898-7.46326E-02-1.08546E-01-2.66352E-02-4.89674E-01 3.87836E-01 1.33294E-01
 -1       899 7.68940E-02 1.16195E-01 4.86163E-02-4.10064E-01 3.25959E-01-1.39043E-01
 -1       901-7.68940E-02-1.16195E-01-2.86171E-02 4.10064E-01 3.25959E-01-1.39043E-01
 -1       902 8.25835E-01 5.90749E-01 1.24543E-02-1.02856E+00-7.13284E-02-8.39080E-02
 -1       904-8.25835E-01-5.90749E-01 7.54488E-03 1.02856E+00-7.13284E-02-8.39080E-02
 -1       905 1.24476E+00 1.08436E+00 2.18642E-02-8.23047E-01-3.26405E-02-6.37100E-02
 -1       907-1.24476E+00-1.08436E+00-1.86505E-03 8.23047E-01-3.26405E-02-6.37100E-02
 -1       908 1.51774E+00 1.46360E+00 1.92475E-02-6.43677E-01-3.45622E-02-4.45533E-02
 -1       910-1.51774E+00-1.46360E+00 7.51663E-04 6.43677E-01-3.45622E-02-4.45533E-02
 -1       911 1.68258E+00 1.73532E+00 1.99508E-02-4.43094E-01-3.97895E-02-2.81044E-02
 -1       913-1.68258E+00-1.73532E+00 4.83599E-05 4.43094E-01-3.97895E-02-2.81044E-02
 -1       914 1.76976E+00 1.89835E+00 1.97577E-02-2.25556E-01-4.33234E-02-1.35806E-02
 -1       916-1.76976E+00-1.89835E+00 2.41518E-04 2.25556E-01-4.33234E-02-1.35806E-02
 -1       917 1.79694E+00 1.95269E+00 1.98156E-02 7.79684E-10-4.45231E-02 1.12273E-10
 -1       919-1.79694E+00-1.95269E+00 1.83641E-04-7.79728E-10-4.45231E-02 1.12276E-10
 -1       920 1.76976E+00 1.89835E+00 1.97577E-02 2.25556E-01-4.33234E-02 1.35806E-02
 -1       922-1.76976E+00-1.89835E+00 2.41470E-04-2.25556E-01-4.33234E-02 1.35806E-02
 -1       923 1.68258E+00 1.73532E+00 1.99506E-02 4.43094E-01-3.97895E-02 2.81044E-02
 -1       925-1.68258E+00-1.73532E+00 4.85537E-05-4.43094E-01-3.97895E-02 2.81044E-02
 -1       926 1.51774E+00 1.46360E+00 1.92476E-02 6.43678E-01-3.45622E-02 4.45533E-02
 -1       928-1.51774E+00-1.46360E+00 7.51592E-04-6.43678E-01-3.45622E-02 4.45533E-02
 -1       929 1.24476E+00 1.08437E+00 2.18649E-02 8.23046E-01-3.26403E-02 6.37100E-02
 -1       931-1.24476E+00-1.08437E+00-1.86572E-03-8.23046E-01-3.26403E-02 6.37100E-02
 -1       932 8.25834E-01 5.90746E-01 1.24534E-02 1.02857E+00-7.13309E-02 8.39079E-02
 -1       934-8.25834E-01-5.90746E-01 7.54580E-03-1.02857E+00-7.13309E-02 8.39079E-02
 -1       935 7.69002E-02 1.16199E-01 4.86185E-02 4.10069E-01 3.25956E-01 1.39043E-01
 -1       937-7.69002E-02-1.16199E-01-2.86193E-02-4.10069E-01 3.25956E-01 1.39043E-01
 -1       938 7.90377E-02 1.17814E-01 4.93688E-02-3.32818E-01 2.62873E-01-1.46678E-01
 -1       939-1.02141E-14 5.25378E-14 9.99960E-03 2.60902E-15 2.62873E-01-1.46678E-01
 -1       940-7.90377E-02-1.17814E-01-2.93696E-02 3.32818E-01 2.62873E-01-1.46678E-01
 -1       941 4.95171E-01 3.54356E-01 3.09598E-02-6.53933E-01 6.23464E-02-1.15212E-01
 -1       943-4.95171E-01-3.54356E-01-1.09606E-02 6.53933E-01 6.23464E-02-1.15212E-01
 -1       944 8.83379E-01 6.15391E-01 1.18634E-02-8.33568E-01-5.66898E-02-9.07359E-02
 -1       945 1.37668E-14 1.65701E-14 9.99960E-03 4.21885E-15-5.66898E-02-9.07359E-02
 -1       946-8.83379E-01-6.15391E-01 8.13575E-03 8.33568E-01-5.66898E-02-9.07359E-02
 -1       947 1.10242E+00 8.85690E-01 1.70468E-02-6.90559E-01-5.65995E-03-8.28051E-02
 -1       949-1.10242E+00-8.85690E-01 2.95236E-03 6.90559E-01-5.65995E-03-8.28051E-02
 -1       950 1.34332E+00 1.13497E+00 2.23966E-02-6.69730E-01-2.52160E-02-6.89975E-02
 -1       951 2.08444E-14 1.65701E-14 9.99960E-03 4.45477E-15-2.52160E-02-6.89975E-02
 -1       952-1.34332E+00-1.13497E+00-2.39737E-03 6.69730E-01-2.52160E-02-6.89975E-02
 -1       953 1.49193E+00 1.33758E+00 2.09345E-02-5.89563E-01-2.12089E-02-5.92676E-02
 -1       955-1.49193E+00-1.33758E+00-9.35291E-04 5.89563E-01-2.12089E-02-5.92676E-02
 -1       956 1.64432E+00 1.53726E+00 1.96467E-02-5.25739E-01-2.66359E-02-4.86402E-02
 -1       957-6.27276E-15-3.58324E-14 9.99960E-03 1.13798E-15-2.66359E-02-4.86402E-02
 -1       958-1.64432E+00-1.53726E+00 3.52473E-04 5.25739E-01-2.66359E-02-4.86402E-02
 -1       959 1.73532E+00 1.68258E+00 1.99508E-02-4.43094E-01-2.81044E-02-3.97895E-02
 -1       961-1.73532E+00-1.68258E+00 4.83599E-05 4.43094E-01-2.81044E-02-3.97895E-02
 -1       962 1.82744E+00 1.82744E+00 2.03872E-02-3.62695E-01-3.08312E-02-3.08312E-02
 -1       963-8.90954E-15-2.42029E-14 9.99960E-03-3.31887E-14-3.08312E-02-3.08312E-02
 -1       964-1.82744E+00-1.82744E+00-3.88016E-04 3.62695E-01-3.08312E-02-3.08312E-02
 -1       965 1.87579E+00 1.91488E+00 2.02308E-02-2.73621E-01-3.21626E-02-2.28854E-02
 -1       967-1.87579E+00-1.91488E+00-2.31607E-04 2.73621E-01-3.21626E-02-2.28854E-02
 -1       968 1.92476E+00 2.00224E+00 2.01823E-02-1.84901E-01-3.36678E-02-1.49354E-02
 -1       969-6.88338E-15-4.04121E-14 9.99960E-03 5.22846E-15-3.36678E-02-1.49354E-02
 -1       970-1.92476E+00-2.00224E+00-1.83081E-04 1.84901E-01-3.36678E-02-1.49354E-02
 -1       971 1.93968E+00 2.03145E+00 2.01641E-02-9.24232E-02-3.41295E-02-7.46807E-03
 -1       973-1.93968E+00-2.03145E+00-1.64905E-04 9.24232E-02-3.41295E-02-7.46807E-03
 -1       974 1.95515E+00 2.06065E+00 2.02525E-02 7.39414E-11-3.46295E-02-1.65748E-11
 -1       975 1.83187E-14-3.32512E-14 9.99960E-03-2.23773E-14-3.46295E-02-1.65802E-11
 -1       976-1.95515E+00-2.06065E+00-2.53320E-04-7.39862E-11-3.46295E-02-1.65857E-11
 -1       977 1.93968E+00 2.03145E+00 2.01641E-02 9.24232E-02-3.41295E-02 7.46807E-03
 -1       979-1.93968E+00-2.03145E+00-1.64930E-04-9.24232E-02-3.41295E-02 7.46807E-03
 -1       980 1.92476E+00 2.00224E+00 2.01823E-02 1.84901E-01-3.36678E-02 1.49354E-02
 -1       981 1.01585E-14 5.05151E-15 9.99960E-03-6.21378E-15-3.36678E-02 1.49354E-02
 -1       982-1.92476E+00-2.00224E+00-1.83133E-04-1.84901E-01-3.36678E-02 1.49354E-02
 -1       983 1.87579E+00 1.91488E+00 2.02307E-02 2.73621E-01-3.21626E-02 2.28854E-02
 -1       985-1.87579E+00-1.91488E+00-2.31529E-04-2.73621E-01-3.21626E-02 2.28854E-02
 -1       986 1.82744E+00 1.82744E+00 2.03870E-02 3.62695E-01-3.08312E-02 3.08312E-02
 -1       987-1.42941E-14-8.32667E-15 9.99960E-03-1.07345E-14-3.08312E-02 3.08312E-02
 -1       988-1.82744E+00-1.82744E+00-3.87808E-04-3.62695E-01-3.08312E-02 3.08312E-02
 -1       989 1.73532E+00 1.68258E+00 1.99511E-02 4.43094E-01-2.81044E-02 3.97895E-02
 -1       991-1.73532E+00-1.68258E+00 4.80754E-05-4.43094E-01-2.81044E-02 3.97895E-02
 -1       992 1.64432E+00 1.53726E+00 1.96468E-02 5.25740E-01-2.66359E-02 4.86403E-02
 -1       993 1.32117E-14 2.94209E-15 9.99960E-03-2.30926E-14-2.66359E-02 4.86403E-02
 -1       994-1.64432E+00-1.53726E+00 3.52393E-04-5.25740E-01-2.66359E-02 4.86403E-02
 -1       995 1.49192E+00 1.33757E+00 2.09341E-02 5.89564E-01-2.12088E-02 5.92677E-02
 -1       997-1.49192E+00-1.33757E+00-9.34940E-04-5.89564E-01-2.12088E-02 5.92677E-02
 -1       998 1.34332E+00 1.13497E+00 2.23973E-02 6.69730E-01-2.52159E-02 6.89974E-02
 -1       999 1.53488E-14 1.91236E-14 9.99960E-03-1.52933E-14-2.52159E-02 6.89974E-02
 -1      1000-1.34332E+00-1.13497E+00-2.39808E-03-6.69730E-01-2.52159E-02 6.89974E-02
 -1      1001 1.10242E+00 8.85690E-01 1.70466E-02 6.90560E-01-5.66029E-03 8.28051E-02
 -1      1003-1.10242E+00-8.85690E-01 2.95263E-03-6.90560E-01-5.66029E-03 8.28051E-02
 -1      1004 8.83377E-01 6.15388E-01 1.18625E-02 8.33572E-01-5.66918E-02 9.07358E-02
 -1      1005 2.01089E-14 4.43950E-14 9.99960E-03-2.01644E-14-5.66918E-02 9.07358E-02
 -1      1006-8.83377E-01-6.15388E-01 8.13671E-03-8.33572E-01-5.66918E-02 9.07358E-02
 -1      1007 4.95175E-01 3.54358E-01 3.09611E-02 6.53937E-01 6.23436E-02 1.15212E-01
 -1      1009-4.95175E-01-3.54358E-01-1.09619E-02-6.53937E-01 6.23436E-02 1.15212E-01
 -1      1010 7.90444E-02 1.17819E-01 4.93711E-02 3.32822E-01 2.62870E-01 1.46677E-01
 -1      1011-1.63029E-14 6.17492E-14 9.99960E-03-1.24900E-15 2.62870E-01 1.46677E-01
 -1      1012-7.90444E-02-1.17819E-01-2.93719E-02-3.32822E-01 2.62870E-01 1.46677E-01
 -1      1013 7.96560E-02 1.19668E-01 4.98633E-02-2.49983E-01 1.97930E-01-1.50771E-01
 -1      1015-7.96560E-02-1.19668E-01-2.98641E-02 2.49983E-01 1.97930E-01-1.50771E-01
 -1      1016 9.16063E-01 6.27814E-01 1.17761E-02-6.26504E-01-4.25588E-02-9.36664E-02
 -1      1018-9.16063E-01-6.27814E-01 8.22308E-03 6.26504E-01-4.25588E-02-9.36664E-02
 -1      1019 1.40085E+00 1.16072E+00 2.22658E-02-5.04336E-01-1.87092E-02-7.16626E-02
 -1      1021-1.40085E+00-1.16072E+00-2.26661E-03 5.04336E-01-1.87092E-02-7.16626E-02
 -1      1022 1.71989E+00 1.57549E+00 1.94862E-02-3.96247E-01-1.97610E-02-5.06227E-02
 -1      1024-1.71989E+00-1.57549E+00 5.13029E-04 3.96247E-01-1.97610E-02-5.06227E-02
 -1      1025 1.91488E+00 1.87579E+00 2.02308E-02-2.73621E-01-2.28854E-02-3.21626E-02
 -1      1027-1.91488E+00-1.87579E+00-2.31607E-04 2.73621E-01-2.28854E-02-3.21626E-02
 -1      1028 2.01882E+00 2.05717E+00 2.00287E-02-1.39553E-01-2.50106E-02-1.55957E-02
 -1      1030-2.01882E+00-2.05717E+00-2.95332E-05 1.39553E-01-2.50106E-02-1.55957E-02
 -1      1031 2.05132E+00 2.11785E+00 2.00963E-02 3.35981E-10-2.57325E-02 1.58683E-10
 -1      1033-2.05132E+00-2.11785E+00-9.70630E-05-3.36007E-10-2.57325E-02 1.58619E-10
 -1      1034 2.01882E+00 2.05717E+00 2.00288E-02 1.39553E-01-2.50106E-02 1.55957E-02
 -1      1036-2.01882E+00-2.05717E+00-2.95877E-05-1.39553E-01-2.50106E-02 1.55957E-02
 -1      1037 1.91488E+00 1.87579E+00 2.02306E-02 2.73621E-01-2.28854E-02 3.21626E-02
 -1      1039-1.91488E+00-1.87579E+00-2.31388E-04-2.73621E-01-2.28854E-02 3.21626E-02
 -1      1040 1.71989E+00 1.57549E+00 1.94863E-02 3.96248E-01-1.97610E-02 5.06228E-02
 -1      1042-1.71989E+00-1.57549E+00 5.12945E-04-3.96248E-01-1.97610E-02 5.06228E-02
 -1      1043 1.40085E+00 1.16072E+00 2.22665E-02 5.04336E-01-1.87091E-02 7.16625E-02
 -1      1045-1.40085E+00-1.16072E+00-2.26735E-03-5.04336E-01-1.87091E-02 7.16625E-02
 -1      1046 9.16062E-01 6.27811E-01 1.17751E-02 6.26507E-01-4.25603E-02 9.36663E-02
 -1      1048-9.16062E-01-6.27811E-01 8.22408E-03-6.26507E-01-4.25603E-02 9.36663E-02
 -1      1049 7.96630E-02 1.19673E-01 4.98658E-02 2.49986E-01 1.97928E-01 1.50770E-01
 -1      1051-7.96630E-02-1.19673E-01-2.98666E-02-2.49986E-01 1.97928E-01 1.50770E-01
 -1      1052 8.07805E-02 1.20857E-01 5.03260E-02-1.67059E-01 1.32630E-01-1.54692E-01
 -1      1053 1.89362E-14 2.77001E-14 9.99960E-03 1.35308E-15 1.32630E-01-1.54692E-01
 -1      1054-8.07805E-02-1.20857E-01-3.03268E-02 1.67059E-01 1.32630E-01-1.54692E-01
 -1      1055 5.28739E-01 3.68172E-01 3.13277E-02-3.29764E-01 3.15926E-02-1.22410E-01
 -1      1057-5.28739E-01-3.68172E-01-1.13285E-02 3.29764E-01 3.15926E-02-1.22410E-01
 -1      1058 9.49112E-01 6.40637E-01 1.18418E-02-4.20721E-01-2.82855E-02-9.71967E-02
 -1      1059-1.66950E-14 2.75752E-14 9.99960E-03 1.61191E-14-2.82855E-02-9.71967E-02
 -1      1060-9.49112E-01-6.40637E-01 8.15741E-03 4.20721E-01-2.82855E-02-9.71967E-02
 -1      1061 1.19277E+00 9.24492E-01 1.69809E-02-3.49208E-01-2.42688E-03-8.89756E-02
 -1      1063-1.19277E+00-9.24492E-01 3.01829E-03 3.49208E-01-2.42688E-03-8.89756E-02
 -1      1064 1.45840E+00 1.18693E+00 2.22318E-02-3.39523E-01-1.21980E-02-7.46227E-02
 -1      1065 1.51823E-14-1.65146E-14 9.99960E-03 1.61746E-14-1.21980E-02-7.46227E-02
 -1      1066-1.45840E+00-1.18693E+00-2.23263E-03 3.39523E-01-1.21980E-02-7.46227E-02
 -1      1067 1.62523E+00 1.40211E+00 2.07951E-02-2.99287E-01-1.01526E-02-6.41420E-02
 -1      1069-1.62523E+00-1.40211E+00-7.95937E-04 2.99287E-01-1.01526E-02-6.41420E-02
 -1      1070 1.79546E+00 1.61426E+00 1.94306E-02-2.67392E-01-1.28729E-02-5.28977E-02
 -1      1071 1.89848E-14 1.00753E-14 9.99960E-03 2.63678E-16-1.28729E-02-5.28977E-02
 -1      1072-1.79546E+00-1.61426E+00 5.68561E-04 2.67392E-01-1.28729E-02-5.28977E-02
 -1      1073 1.89835E+00 1.76976E+00 1.97577E-02-2.25556E-01-1.35806E-02-4.33234E-02
 -1      1075-1.89835E+00-1.76976E+00 2.41518E-04 2.25556E-01-1.35806E-02-4.33234E-02
 -1      1076 2.00224E+00 1.92476E+00 2.01823E-02-1.84901E-01-1.49354E-02-3.36678E-02
 -1      1077 2.02616E-14-1.47105E-14 9.99960E-03 2.05530E-14-1.49354E-02-3.36678E-02
 -1      1078-2.00224E+00-1.92476E+00-1.83081E-04 1.84901E-01-1.49354E-02-3.36678E-02
 -1      1079 2.05717E+00 2.01882E+00 2.00287E-02-1.39553E-01-1.55957E-02-2.50106E-02
 -1      1081-2.05717E+00-2.01882E+00-2.95332E-05 1.39553E-01-1.55957E-02-2.50106E-02
 -1      1082 2.11275E+00 2.11275E+00 1.99770E-02-9.43989E-02-1.63500E-02-1.63500E-02
 -1      1083-4.57967E-14 2.35922E-14 9.99960E-03 9.93476E-15-1.63500E-02-1.63500E-02
 -1      1084-2.11275E+00-2.11275E+00 2.22129E-05 9.43989E-02-1.63500E-02-1.63500E-02
 -1      1085 2.12976E+00 2.14426E+00 1.99589E-02-4.71833E-02-1.65801E-02-8.17400E-03
 -1      1087-2.12976E+00-2.14426E+00 4.03028E-05 4.71833E-02-1.65801E-02-8.17400E-03
 -1      1088 2.14735E+00 2.17572E+00 2.00451E-02 6.67784E-11-1.68325E-02 4.38238E-11
 -1      1089 1.16573E-15-1.20459E-14 9.99960E-03-4.89280E-15-1.68325E-02 4.37769E-11
 -1      1090-2.14735E+00-2.17572E+00-4.59491E-05-6.67882E-11-1.68325E-02 4.37301E-11
 -1      1091 2.12976E+00 2.14426E+00 1.99589E-02 4.71833E-02-1.65801E-02 8.17400E-03
 -1      1093-2.12976E+00-2.14426E+00 4.02747E-05-4.71833E-02-1.65801E-02 8.17400E-03
 -1      1094 2.11275E+00 2.11275E+00 1.99770E-02 9.43989E-02-1.63500E-02 1.63500E-02
 -1      1095 3.49165E-14 1.11022E-15 9.99960E-03 4.94917E-15-1.63500E-02 1.63500E-02
 -1      1096-2.11275E+00-2.11275E+00 2.21565E-05-9.43989E-02-1.63500E-02 1.63500E-02
 -1      1097 2.05717E+00 2.01882E+00 2.00286E-02 1.39553E-01-1.55957E-02 2.50106E-02
 -1      1099-2.05717E+00-2.01882E+00-2.94488E-05-1.39553E-01-1.55957E-02 2.50106E-02
 -1      1100 2.00224E+00 1.92476E+00 2.01821E-02 1.84901E-01-1.49355E-02 3.36678E-02
 -1      1101 1.60982E-15-9.24261E-15 9.99960E-03 1.61676E-15-1.49355E-02 3.36678E-02
 -1      1102-2.00224E+00-1.92476E+00-1.82855E-04-1.84901E-01-1.49355E-02 3.36678E-02
 -1      1103 1.89835E+00 1.76976E+00 1.97580E-02 2.25556E-01-1.35806E-02 4.33233E-02
 -1      1105-1.89835E+00-1.76976E+00 2.41208E-04-2.25556E-01-1.35806E-02 4.33233E-02
 -1      1106 1.79546E+00 1.61425E+00 1.94307E-02 2.67392E-01-1.28728E-02 5.28978E-02
 -1      1107 3.26406E-14 4.00235E-14 9.99960E-03-1.43080E-14-1.28728E-02 5.28978E-02
 -1      1108-1.79546E+00-1.61425E+00 5.68475E-04-2.67392E-01-1.28728E-02 5.28978E-02
 -1      1109 1.62523E+00 1.40211E+00 2.07948E-02 2.99287E-01-1.01526E-02 6.41421E-02
 -1      1111-1.62523E+00-1.40211E+00-7.95553E-04-2.99287E-01-1.01526E-02 6.41421E-02
 -1      1112 1.45840E+00 1.18693E+00 2.22326E-02 3.39523E-01-1.21980E-02 7.46226E-02
 -1      1113 1.23512E-14 1.40721E-14 9.99960E-03-1.87905E-14-1.21980E-02 7.46226E-02
 -1      1114-1.45840E+00-1.18693E+00-2.23340E-03-3.39523E-01-1.21980E-02 7.46226E-02
 -1      1115 1.19277E+00 9.24492E-01 1.69806E-02 3.49208E-01-2.42706E-03 8.89756E-02
 -1      1117-1.19277E+00-9.24492E-01 3.01858E-03-3.49208E-01-2.42706E-03 8.89756E-02
 -1      1118 9.49111E-01 6.40634E-01 1.18407E-02 4.20723E-01-2.82866E-02 9.71966E-02
 -1      1119-3.41394E-15 1.66117E-14 9.99960E-03-2.04350E-14-2.82866E-02 9.71966E-02
 -1      1120-9.49111E-01-6.40634E-01 8.15845E-03-4.20723E-01-2.82866E-02 9.71966E-02
 -1      1121 5.28743E-01 3.68174E-01 3.13291E-02 3.29767E-01 3.15912E-02 1.22410E-01
 -1      1123-5.28743E-01-3.68174E-01-1.13299E-02-3.29767E-01 3.15912E-02 1.22410E-01
 -1      1124 8.07877E-02 1.20862E-01 5.03285E-02 1.67060E-01 1.32628E-01 1.54691E-01
 -1      1125 2.74607E-14 4.11025E-14 9.99960E-03-2.83801E-15 1.32628E-01 1.54691E-01
 -1      1126-8.07877E-02-1.20862E-01-3.03293E-02-1.67060E-01 1.32628E-01 1.54691E-01
 -1      1127 8.10902E-02 1.21521E-01 5.05207E-02-8.35302E-02 6.63355E-02-1.55977E-01
 -1      1129-8.10902E-02-1.21521E-01-3.05215E-02 8.35302E-02 6.63355E-02-1.55977E-01
 -1      1130 9.59637E-01 6.44505E-01 1.17171E-02-2.10261E-01-1.41481E-02-9.82266E-02
 -1      1132-9.59637E-01-6.44505E-01 8.28214E-03 2.10261E-01-1.41481E-02-9.82266E-02
 -1      1133 1.47736E+00 1.19478E+00 2.22238E-02-1.69704E-01-6.11145E-03-7.55221E-02
 -1      1135-1.47736E+00-1.19478E+00-2.22456E-03 1.69704E-01-6.11145E-03-7.55221E-02
 -1      1136 1.82059E+00 1.62601E+00 1.94086E-02-1.33643E-01-6.43418E-03-5.35741E-02
 -1      1138-1.82059E+00-1.62601E+00 5.90626E-04 1.33643E-01-6.43418E-03-5.35741E-02
 -1      1139 2.03145E+00 1.93968E+00 2.01641E-02-9.24232E-02-7.46807E-03-3.41295E-02
 -1      1141-2.03145E+00-1.93968E+00-1.64905E-04 9.24232E-02-7.46807E-03-3.41295E-02
 -1      1142 2.14426E+00 2.12976E+00 1.99589E-02-4.71833E-02-8.17400E-03-1.65801E-02
 -1      1144-2.14426E+00-2.12976E+00 4.03028E-05 4.71833E-02-8.17400E-03-1.65801E-02
 -1      1145 2.17960E+00 2.19345E+00 2.00271E-02 1.16207E-10-8.41504E-03 1.29472E-10
 -1      1147-2.17960E+00-2.19345E+00-2.78682E-05-1.16211E-10-8.41504E-03 1.29470E-10
 -1      1148 2.14426E+00 2.12976E+00 1.99590E-02 4.71833E-02-8.17400E-03 1.65801E-02
 -1      1150-2.14426E+00-2.12976E+00 4.02454E-05-4.71833E-02-8.17400E-03 1.65801E-02
 -1      1151 2.03145E+00 1.93968E+00 2.01639E-02 9.24232E-02-7.46807E-03 3.41295E-02
 -1      1153-2.03145E+00-1.93968E+00-1.64675E-04-9.24232E-02-7.46807E-03 3.41295E-02
 -1      1154 1.82059E+00 1.62601E+00 1.94087E-02 1.33643E-01-6.43417E-03 5.35742E-02
 -1      1156-1.82059E+00-1.62601E+00 5.90538E-04-1.33643E-01-6.43417E-03 5.35742E-02
 -1      1157 1.47736E+00 1.19479E+00 2.22245E-02 1.69704E-01-6.11141E-03 7.55220E-02
 -1      1159-1.47736E+00-1.19479E+00-2.22533E-03-1.69704E-01-6.11141E-03 7.55220E-02
 -1      1160 9.59635E-01 6.44502E-01 1.17160E-02 2.10262E-01-1.41486E-02 9.82266E-02
 -1      1162-9.59635E-01-6.44502E-01 8.28319E-03-2.10262E-01-1.41486E-02 9.82266E-02
 -1      1163 8.10975E-02 1.21526E-01 5.05233E-02 8.35311E-02 6.63349E-02 1.55977E-01
 -1      1165-8.10975E-02-1.21526E-01-3.05241E-02-8.35311E-02 6.63349E-02 1.55977E-01
 -1      1166 8.14746E-02 1.21863E-01 5.06660E-02 2.28960E-09-1.95858E-10-1.57242E-01
 -1      1167-2.92787E-14 2.29955E-14 9.99960E-03-9.98160E-15-1.95868E-10-1.57242E-01
 -1      1168-8.14746E-02-1.21863E-01-3.06668E-02-2.28962E-09-1.95877E-10-1.57242E-01
 -1      1169 5.39807E-01 3.72502E-01 3.14043E-02-2.53234E-10-3.51139E-10-1.24730E-01
 -1      1171-5.39807E-01-3.72502E-01-1.14051E-02 2.53237E-10-3.51149E-10-1.24730E-01
 -1      1172 9.70301E-01 6.48530E-01 1.16516E-02 1.96952E-09 5.04560E-10-9.93678E-02
 -1      1173 3.10307E-14 1.34615E-14 9.99960E-03 9.19317E-15 5.04557E-10-9.93678E-02
 -1      1174-9.70301E-01-6.48530E-01 8.34764E-03-1.96950E-09 5.04553E-10-9.93678E-02
 -1      1175 1.22239E+00 9.36587E-01 1.69499E-02 1.59957E-09 3.76733E-10-9.10025E-02
 -1      1177-1.22239E+00-9.36587E-01 3.04927E-03-1.59957E-09 3.76720E-10-9.10025E-02
 -1      1178 1.49645E+00 1.20304E+00 2.23221E-02-3.13650E-10 5.46349E-10-7.64838E-02
 -1      1179 1.77081E-14 3.16969E-14 9.99960E-03 1.19037E-14 5.46329E-10-7.64838E-02
 -1      1180-1.49645E+00-1.20304E+00-2.32286E-03 3.13673E-10 5.46310E-10-7.64838E-02
 -1      1181 1.66934E+00 1.42215E+00 2.08524E-02 9.31467E-10 3.97005E-10-6.58082E-02
 -1      1183-1.66934E+00-1.42215E+00-8.53157E-04-9.31436E-10 3.97022E-10-6.58082E-02
 -1      1184 1.84578E+00 1.63821E+00 1.94838E-02 3.09951E-10-1.55973E-10-5.43204E-02
 -1      1185-3.94129E-15-2.03726E-14 9.99960E-03 4.76030E-15-1.55934E-10-5.43204E-02
 -1      1186-1.84578E+00-1.63821E+00 5.15375E-04-3.09942E-10-1.55895E-10-5.43204E-02
 -1      1187 1.95269E+00 1.79694E+00 1.98156E-02 7.79607E-10 1.12358E-10-4.45231E-02
 -1      1189-1.95269E+00-1.79694E+00 1.83641E-04-7.79614E-10 1.12293E-10-4.45231E-02
 -1      1190 2.06065E+00 1.95515E+00 2.02525E-02 7.37401E-11-1.64470E-11-3.46295E-02
 -1      1191-1.67089E-14 1.80689E-14 9.99960E-03 2.50673E-15-1.65420E-11-3.46295E-02
 -1      1192-2.06065E+00-1.95515E+00-2.53320E-04-7.37351E-11-1.66370E-11-3.46295E-02
 -1      1193 2.11785E+00 2.05132E+00 2.00963E-02 3.35677E-10 1.58606E-10-2.57325E-02
 -1      1195-2.11785E+00-2.05132E+00-9.70630E-05-3.35649E-10 1.58602E-10-2.57325E-02
 -1      1196 2.17572E+00 2.14735E+00 2.00451E-02 6.64743E-11 4.35540E-11-1.68325E-02
 -1      1197 6.26721E-14 4.55191E-15 9.99960E-03 7.16800E-15 4.36387E-11-1.68325E-02
 -1      1198-2.17572E+00-2.14735E+00-4.59491E-05-6.64600E-11 4.37234E-11-1.68325E-02
 -1      1199 2.19345E+00 2.17960E+00 2.00271E-02 1.16054E-10 1.29353E-10-8.41504E-03
 -1      1201-2.19345E+00-2.17960E+00-2.78682E-05-1.16038E-10 1.29421E-10-8.41504E-03
 -1      1202 2.21179E+00 2.21179E+00 2.01147E-02 1.20219E-13-2.44739E-12-2.46166E-12
 -1      1203 1.46549E-14 1.04916E-14 9.99960E-03 8.98020E-15-2.46773E-12-2.42393E-12
 -1      1204-2.21179E+00-2.21179E+00-1.15460E-04-1.02259E-13-2.48807E-12-2.38621E-12
 -1      1205 2.19345E+00 2.17960E+00 2.00271E-02-1.16197E-10 1.29587E-10 8.41504E-03
 -1      1207-2.19345E+00-2.17960E+00-2.78970E-05 1.16210E-10 1.29505E-10 8.41504E-03
 -1      1208 2.17572E+00 2.14735E+00 2.00452E-02-6.62360E-11 4.38455E-11 1.68325E-02
 -1      1209-4.96825E-14-1.01585E-14 9.99960E-03-2.99392E-15 4.38137E-11 1.68325E-02
 -1      1210-2.17572E+00-2.14735E+00-4.60070E-05 6.62301E-11 4.37818E-11 1.68325E-02
 -1      1211 2.11785E+00 2.05132E+00 2.00962E-02-3.36188E-10 1.58902E-10 2.57325E-02
 -1      1213-2.11785E+00-2.05132E+00-9.69761E-05 3.36177E-10 1.58880E-10 2.57325E-02
 -1      1214 2.06065E+00 1.95515E+00 2.02523E-02-7.49541E-11-1.60193E-11 3.46295E-02
 -1      1215 5.27356E-15 9.74221E-15 9.99960E-03-1.36356E-14-1.60300E-11 3.46295E-02
 -1      1216-2.06065E+00-1.95515E+00-2.53088E-04 7.49269E-11-1.60408E-11 3.46295E-02
 -1      1217 1.95269E+00 1.79694E+00 1.98159E-02-7.79119E-10 1.11683E-10 4.45231E-02
 -1      1219-1.95269E+00-1.79694E+00 1.83322E-04 7.79067E-10 1.11691E-10 4.45231E-02
 -1      1220 1.84578E+00 1.63821E+00 1.94839E-02-3.11041E-10-1.56587E-10 5.43205E-02
 -1      1221-3.03646E-14 2.05391E-14 9.99960E-03-2.98650E-14-1.56539E-10 5.43205E-02
 -1      1222-1.84578E+00-1.63821E+00 5.15285E-04 3.10981E-10-1.56492E-10 5.43205E-02
 -1      1223 1.66933E+00 1.42215E+00 2.08520E-02-9.31420E-10 3.97022E-10 6.58083E-02
 -1      1225-1.66933E+00-1.42215E+00-8.52762E-04 9.31363E-10 3.97040E-10 6.58083E-02
 -1      1226 1.49645E+00 1.20305E+00 2.23228E-02 3.14693E-10 5.45628E-10 7.64837E-02
 -1      1227 6.38378E-15 1.30729E-14 9.99960E-03-2.70051E-14 5.45601E-10 7.64837E-02
 -1      1228-1.49645E+00-1.20305E+00-2.32364E-03-3.14747E-10 5.45574E-10 7.64837E-02
 -1      1229 1.22239E+00 9.36587E-01 1.69496E-02-1.59980E-09 3.77021E-10 9.10025E-02
 -1      1231-1.22239E+00-9.36587E-01 3.04956E-03 1.59976E-09 3.77018E-10 9.10025E-02
 -1      1232 9.70299E-01 6.48526E-01 1.16505E-02-1.96795E-09 5.06017E-10 9.93677E-02
 -1      1233 1.24623E-14 1.31423E-14 9.99960E-03-1.27110E-14 5.06015E-10 9.93677E-02
 -1      1234-9.70299E-01-6.48526E-01 8.34870E-03 1.96792E-09 5.06012E-10 9.93677E-02
 -1      1235 5.39812E-01 3.72504E-01 3.14056E-02 2.53572E-10-3.50546E-10 1.24729E-01
 -1      1237-5.39812E-01-3.72504E-01-1.14064E-02-2.53592E-10-3.50562E-10 1.24729E-01
 -1      1238 8.14821E-02 1.21869E-01 5.06686E-02-2.29095E-09-1.95934E-10 1.57241E-01
 -1      1239-1.08212E-14 2.33043E-14 9.99960E-03 3.29511E-15-1.95948E-10 1.57241E-01
 -1      1240-8.14821E-02-1.21869E-01-3.06694E-02 2.29096E-09-1.95961E-10 1.57241E-01
 -1      1241 8.10902E-02 1.21521E-01 5.05207E-02 8.35302E-02-6.63355E-02-1.55977E-01
 -1      1243-8.10902E-02-1.21521E-01-3.05215E-02-8.35302E-02-6.63355E-02-1.55977E-01
 -1      1244 9.59637E-01 6.44505E-01 1.17171E-02 2.10261E-01 1.41481E-02-9.82266E-02
 -1      1246-9.59637E-01-6.44505E-01 8.28213E-03-2.10261E-01 1.41481E-02-9.82266E-02
 -1      1247 1.47736E+00 1.19478E+00 2.22238E-02 1.69704E-01 6.11145E-03-7.55221E-02
 -1      1249-1.47736E+00-1.19478E+00-2.22457E-03-1.69704E-01 6.11145E-03-7.55221E-02
 -1      1250 1.82059E+00 1.62601E+00 1.94086E-02 1.33643E-01 6.43418E-03-5.35741E-02
 -1      1252-1.82059E+00-1.62601E+00 5.90605E-04-1.33643E-01 6.43418E-03-5.35741E-02
 -1      1253 2.03145E+00 1.93968E+00 2.01641E-02 9.24232E-02 7.46807E-03-3.41295E-02
 -1      1255-2.03145E+00-1.93968E+00-1.64930E-04-9.24232E-02 7.46807E-03-3.41295E-02
 -1      1256 2.14426E+00 2.12976E+00 1.99589E-02 4.71833E-02 8.17400E-03-1.65801E-02
 -1      1258-2.14426E+00-2.12976E+00 4.02747E-05-4.71833E-02 8.17400E-03-1.65801E-02
 -1      1259 2.17960E+00 2.19345E+00 2.00271E-02-1.16296E-10 8.41504E-03 1.29625E-10
 -1      1261-2.17960E+00-2.19345E+00-2.78970E-05 1.16327E-10 8.41504E-03 1.29630E-10
 -1      1262 2.14426E+00 2.12976E+00 1.99590E-02-4.71833E-02 8.17400E-03 1.65801E-02
 -1      1264-2.14426E+00-2.12976E+00 4.02173E-05 4.71833E-02 8.17400E-03 1.65801E-02
 -1      1265 2.03145E+00 1.93968E+00 2.01639E-02-9.24232E-02 7.46807E-03 3.41295E-02
 -1      1267-2.03145E+00-1.93968E+00-1.64700E-04 9.24232E-02 7.46807E-03 3.41295E-02
 -1      1268 1.82059E+00 1.62601E+00 1.94087E-02-1.33643E-01 6.43417E-03 5.35742E-02
 -1      1270-1.82059E+00-1.62601E+00 5.90516E-04 1.33643E-01 6.43417E-03 5.35742E-02
 -1      1271 1.47736E+00 1.19479E+00 2.22245E-02-1.69704E-01 6.11141E-03 7.55220E-02
 -1      1273-1.47736E+00-1.19479E+00-2.22535E-03 1.69704E-01 6.11141E-03 7.55220E-02
 -1      1274 9.59635E-01 6.44502E-01 1.17160E-02-2.10262E-01 1.41486E-02 9.82266E-02
 -1      1276-9.59635E-01-6.44502E-01 8.28318E-03 2.10262E-01 1.41486E-02 9.82266E-02
 -1      1277 8.10976E-02 1.21526E-01 5.05233E-02-8.35311E-02-6.63349E-02 1.55977E-01
 -1      1279-8.10976E-02-1.21526E-01-3.05241E-02 8.35311E-02-6.63349E-02 1.55977E-01
 -1      1280 8.07805E-02 1.20857E-01 5.03260E-02 1.67059E-01-1.32630E-01-1.54692E-01
 -1      1281 1.66707E-14 1.65527E-14 9.99960E-03-1.31839E-16-1.32630E-01-1.54692E-01
 -1      1282-8.07805E-02-1.20857E-01-3.03268E-02-1.67059E-01-1.32630E-01-1.54692E-01
 -1      1283 5.28739E-01 3.68172E-01 3.13277E-02 3.29764E-01-3.15926E-02-1.22410E-01
 -1      1285-5.28739E-01-3.68172E-01-1.13285E-02-3.29764E-01-3.15926E-02-1.22410E-01
 -1      1286 9.49112E-01 6.40637E-01 1.18418E-02 4.20721E-01 2.82855E-02-9.71967E-02
 -1      1287 5.06539E-15 1.69587E-14 9.99960E-03-9.08995E-16 2.82855E-02-9.71967E-02
 -1      1288-9.49112E-01-6.40637E-01 8.15739E-03-4.20721E-01 2.82855E-02-9.71967E-02
 -1      1289 1.19277E+00 9.24492E-01 1.69809E-02 3.49208E-01 2.42688E-03-8.89756E-02
 -1      1291-1.19277E+00-9.24492E-01 3.01826E-03-3.49208E-01 2.42688E-03-8.89756E-02
 -1      1292 1.45840E+00 1.18693E+00 2.22319E-02 3.39523E-01 1.21980E-02-7.46227E-02
 -1      1293 5.96745E-15 2.69229E-15 9.99960E-03-1.58207E-15 1.21980E-02-7.46227E-02
 -1      1294-1.45840E+00-1.18693E+00-2.23266E-03-3.39523E-01 1.21980E-02-7.46227E-02
 -1      1295 1.62523E+00 1.40211E+00 2.07952E-02 2.99287E-01 1.01526E-02-6.41420E-02
 -1      1297-1.62523E+00-1.40211E+00-7.95977E-04-2.99287E-01 1.01526E-02-6.41420E-02
 -1      1298 1.79546E+00 1.61426E+00 1.94307E-02 2.67392E-01 1.28729E-02-5.28977E-02
 -1      1299 3.22797E-14 1.99563E-14 9.99960E-03 5.42622E-15 1.28729E-02-5.28977E-02
 -1      1300-1.79546E+00-1.61426E+00 5.68517E-04-2.67392E-01 1.28729E-02-5.28977E-02
 -1      1301 1.89835E+00 1.76976E+00 1.97577E-02 2.25556E-01 1.35806E-02-4.33234E-02
 -1      1303-1.89835E+00-1.76976E+00 2.41470E-04-2.25556E-01 1.35806E-02-4.33234E-02
 -1      1304 2.00224E+00 1.92476E+00 2.01823E-02 1.84901E-01 1.49354E-02-3.36678E-02
 -1      1305 2.50910E-14-2.16216E-14 9.99960E-03 1.12098E-14 1.49354E-02-3.36678E-02
 -1      1306-2.00224E+00-1.92476E+00-1.83133E-04-1.84901E-01 1.49354E-02-3.36678E-02
 -1      1307 2.05717E+00 2.01882E+00 2.00288E-02 1.39553E-01 1.55957E-02-2.50106E-02
 -1      1309-2.05717E+00-2.01882E+00-2.95877E-05-1.39553E-01 1.55957E-02-2.50106E-02
 -1      1310 2.11275E+00 2.11275E+00 1.99770E-02 9.43989E-02 1.63500E-02-1.63500E-02
 -1      1311-3.33067E-16 1.11577E-14 9.99960E-03-9.09169E-15 1.63500E-02-1.63500E-02
 -1      1312-2.11275E+00-2.11275E+00 2.21565E-05-9.43989E-02 1.63500E-02-1.63500E-02
 -1      1313 2.12976E+00 2.14426E+00 1.99590E-02 4.71833E-02 1.65801E-02-8.17400E-03
 -1      1315-2.12976E+00-2.14426E+00 4.02454E-05-4.71833E-02 1.65801E-02-8.17400E-03
 -1      1316 2.14735E+00 2.17572E+00 2.00452E-02-6.65073E-11 1.68325E-02 4.39529E-11
 -1      1317 2.40363E-14 4.86278E-14 9.99960E-03 6.79415E-15 1.68325E-02 4.39239E-11
 -1      1318-2.14735E+00-2.17572E+00-4.60070E-05 6.65209E-11 1.68325E-02 4.38949E-11
 -1      1319 2.12976E+00 2.14426E+00 1.99590E-02-4.71833E-02 1.65801E-02 8.17400E-03
 -1      1321-2.12976E+00-2.14426E+00 4.02173E-05 4.71833E-02 1.65801E-02 8.17400E-03
 -1      1322 2.11275E+00 2.11275E+00 1.99771E-02-9.43989E-02 1.63500E-02 1.63500E-02
 -1      1323-1.07137E-14 2.95319E-14 9.99960E-03-7.66227E-15 1.63500E-02 1.63500E-02
 -1      1324-2.11275E+00-2.11275E+00 2.21001E-05 9.43989E-02 1.63500E-02 1.63500E-02
 -1      1325 2.05717E+00 2.01882E+00 2.00287E-02-1.39553E-01 1.55957E-02 2.50106E-02
 -1      1327-2.05717E+00-2.01882E+00-2.95033E-05 1.39553E-01 1.55957E-02 2.50106E-02
 -1      1328 2.00224E+00 1.92476E+00 2.01821E-02-1.84901E-01 1.49355E-02 3.36678E-02
 -1      1329-1.85407E-14-4.99600E-16 9.99960E-03-1.15151E-14 1.49355E-02 3.36678E-02
 -1      1330-2.00224E+00-1.92476E+00-1.82907E-04 1.84901E-01 1.49355E-02 3.36678E-02
 -1      1331 1.89835E+00 1.76976E+00 1.97580E-02-2.25556E-01 1.35806E-02 4.33234E-02
 -1      1333-1.89835E+00-1.76976E+00 2.41160E-04 2.25556E-01 1.35806E-02 4.33234E-02
 -1      1334 1.79546E+00 1.61425E+00 1.94308E-02-2.67392E-01 1.28728E-02 5.28978E-02
 -1      1335-3.68594E-14-3.49720E-14 9.99960E-03-2.85189E-14 1.28728E-02 5.28978E-02
 -1      1336-1.79546E+00-1.61425E+00 5.68431E-04 2.67392E-01 1.28728E-02 5.28978E-02
 -1      1337 1.62523E+00 1.40211E+00 2.07948E-02-2.99287E-01 1.01526E-02 6.41421E-02
 -1      1339-1.62523E+00-1.40211E+00-7.95593E-04 2.99287E-01 1.01526E-02 6.41421E-02
 -1      1340 1.45840E+00 1.18693E+00 2.22326E-02-3.39523E-01 1.21980E-02 7.46225E-02
 -1      1341 1.06581E-14 3.10862E-15 9.99960E-03-2.42514E-14 1.21980E-02 7.46225E-02
 -1      1342-1.45840E+00-1.18693E+00-2.23343E-03 3.39523E-01 1.21980E-02 7.46225E-02
 -1      1343 1.19277E+00 9.24492E-01 1.69806E-02-3.49208E-01 2.42705E-03 8.89756E-02
 -1      1345-1.19277E+00-9.24492E-01 3.01855E-03 3.49208E-01 2.42705E-03 8.89756E-02
 -1      1346 9.49111E-01 6.40634E-01 1.18408E-02-4.20723E-01 2.82866E-02 9.71966E-02
 -1      1347 6.09235E-15 1.46133E-14 9.99960E-03-1.24831E-14 2.82866E-02 9.71966E-02
 -1      1348-9.49111E-01-6.40634E-01 8.15843E-03 4.20723E-01 2.82866E-02 9.71966E-02
 -1      1349 5.28743E-01 3.68174E-01 3.13291E-02-3.29767E-01-3.15912E-02 1.22410E-01
 -1      1351-5.28743E-01-3.68174E-01-1.13299E-02 3.29767E-01-3.15912E-02 1.22410E-01
 -1      1352 8.07878E-02 1.20862E-01 5.03285E-02-1.67060E-01-1.32628E-01 1.54691E-01
 -1      1353 2.51188E-15 1.08247E-15 9.99960E-03-8.45157E-15-1.32628E-01 1.54691E-01
 -1      1354-8.07878E-02-1.20862E-01-3.03293E-02 1.67060E-01-1.32628E-01 1.54691E-01
 -1      1355 7.96559E-02 1.19668E-01 4.98633E-02 2.49984E-01-1.97930E-01-1.50771E-01
 -1      1357-7.96559E-02-1.19668E-01-2.98641E-02-2.49984E-01-1.97930E-01-1.50771E-01
 -1      1358 9.16063E-01 6.27814E-01 1.17761E-02 6.26504E-01 4.25588E-02-9.36664E-02
 -1      1360-9.16063E-01-6.27814E-01 8.22311E-03-6.26504E-01 4.25588E-02-9.36664E-02
 -1      1361 1.40085E+00 1.16072E+00 2.22658E-02 5.04336E-01 1.87092E-02-7.16626E-02
 -1      1363-1.40085E+00-1.16072E+00-2.26656E-03-5.04336E-01 1.87092E-02-7.16626E-02
 -1      1364 1.71989E+00 1.57549E+00 1.94861E-02 3.96247E-01 1.97610E-02-5.06227E-02
 -1      1366-1.71989E+00-1.57549E+00 5.13094E-04-3.96247E-01 1.97610E-02-5.06227E-02
 -1      1367 1.91488E+00 1.87579E+00 2.02307E-02 2.73621E-01 2.28854E-02-3.21626E-02
 -1      1369-1.91488E+00-1.87579E+00-2.31529E-04-2.73621E-01 2.28854E-02-3.21626E-02
 -1      1370 2.01882E+00 2.05717E+00 2.00286E-02 1.39553E-01 2.50106E-02-1.55957E-02
 -1      1372-2.01882E+00-2.05717E+00-2.94488E-05-1.39553E-01 2.50106E-02-1.55957E-02
 -1      1373 2.05132E+00 2.11785E+00 2.00962E-02-3.36474E-10 2.57325E-02 1.59026E-10
 -1      1375-2.05132E+00-2.11785E+00-9.69761E-05 3.36507E-10 2.57325E-02 1.58952E-10
 -1      1376 2.01882E+00 2.05717E+00 2.00287E-02-1.39553E-01 2.50106E-02 1.55957E-02
 -1      1378-2.01882E+00-2.05717E+00-2.95033E-05 1.39553E-01 2.50106E-02 1.55957E-02
 -1      1379 1.91488E+00 1.87579E+00 2.02305E-02-2.73621E-01 2.28854E-02 3.21626E-02
 -1      1381-1.91488E+00-1.87579E+00-2.31311E-04 2.73621E-01 2.28854E-02 3.21626E-02
 -1      1382 1.71989E+00 1.57549E+00 1.94862E-02-3.96248E-01 1.97610E-02 5.06228E-02
 -1      1384-1.71989E+00-1.57549E+00 5.13010E-04 3.96248E-01 1.97610E-02 5.06228E-02
 -1      1385 1.40085E+00 1.16072E+00 2.22665E-02-5.04336E-01 1.87091E-02 7.16625E-02
 -1      1387-1.40085E+00-1.16072E+00-2.26730E-03 5.04336E-01 1.87091E-02 7.16625E-02
 -1      1388 9.16062E-01 6.27811E-01 1.17751E-02-6.26507E-01 4.25603E-02 9.36664E-02
 -1      1390-9.16062E-01-6.27811E-01 8.22411E-03 6.26507E-01 4.25603E-02 9.36664E-02
 -1      1391 7.96629E-02 1.19673E-01 4.98658E-02-2.49986E-01-1.97928E-01 1.50770E-01
 -1      1393-7.96629E-02-1.19673E-01-2.98666E-02 2.49986E-01-1.97928E-01 1.50770E-01
 -1      1394 7.90376E-02 1.17814E-01 4.93688E-02 3.32818E-01-2.62873E-01-1.46678E-01
 -1      1395 9.74221E-15 1.73681E-14 9.99960E-03-3.77476E-15-2.62873E-01-1.46678E-01
 -1      1396-7.90376E-02-1.17814E-01-2.93696E-02-3.32818E-01-2.62873E-01-1.46678E-01
 -1      1397 4.95171E-01 3.54356E-01 3.09598E-02 6.53933E-01-6.23464E-02-1.15212E-01
 -1      1399-4.95171E-01-3.54356E-01-1.09606E-02-6.53933E-01-6.23464E-02-1.15212E-01
 -1      1400 8.83379E-01 6.15391E-01 1.18634E-02 8.33568E-01 5.66898E-02-9.07360E-02
 -1      1401-9.90874E-15 8.56260E-15 9.99960E-03 4.88498E-15 5.66898E-02-9.07360E-02
 -1      1402-8.83379E-01-6.15391E-01 8.13584E-03-8.33568E-01 5.66898E-02-9.07360E-02
 -1      1403 1.10242E+00 8.85690E-01 1.70467E-02 6.90559E-01 5.65996E-03-8.28051E-02
 -1      1405-1.10242E+00-8.85690E-01 2.95247E-03-6.90559E-01 5.65996E-03-8.28051E-02
 -1      1406 1.34332E+00 1.13497E+00 2.23964E-02 6.69730E-01 2.52160E-02-6.89975E-02
 -1      1407 1.06581E-14 7.82707E-15 9.99960E-03 9.76996E-15 2.52160E-02-6.89975E-02
 -1      1408-1.34332E+00-1.13497E+00-2.39724E-03-6.69730E-01 2.52160E-02-6.89975E-02
 -1      1409 1.49193E+00 1.33758E+00 2.09343E-02 5.89563E-01 2.12090E-02-5.92676E-02
 -1      1411-1.49193E+00-1.33758E+00-9.35132E-04-5.89563E-01 2.12090E-02-5.92676E-02
 -1      1412 1.64432E+00 1.53726E+00 1.96466E-02 5.25739E-01 2.66359E-02-4.86402E-02
 -1      1413 1.53766E-14-1.76525E-14 9.99960E-03 2.83107E-15 2.66359E-02-4.86402E-02
 -1      1414-1.64432E+00-1.53726E+00 3.52648E-04-5.25739E-01 2.66359E-02-4.86402E-02
 -1      1415 1.73532E+00 1.68258E+00 1.99506E-02 4.43094E-01 2.81044E-02-3.97895E-02
 -1      1417-1.73532E+00-1.68258E+00 4.85537E-05-4.43094E-01 2.81044E-02-3.97895E-02
 -1      1418 1.82744E+00 1.82744E+00 2.03870E-02 3.62695E-01 3.08312E-02-3.08312E-02
 -1      1419 4.50473E-14 3.40006E-14 9.99960E-03-1.74374E-14 3.08312E-02-3.08312E-02
 -1      1420-1.82744E+00-1.82744E+00-3.87808E-04-3.62695E-01 3.08312E-02-3.08312E-02
 -1      1421 1.87579E+00 1.91488E+00 2.02306E-02 2.73621E-01 3.21626E-02-2.28854E-02
 -1      1423-1.87579E+00-1.91488E+00-2.31388E-04-2.73621E-01 3.21626E-02-2.28854E-02
 -1      1424 1.92476E+00 2.00224E+00 2.01821E-02 1.84901E-01 3.36678E-02-1.49355E-02
 -1      1425 2.49523E-14 4.44089E-15 9.99960E-03-8.53484E-16 3.36678E-02-1.49355E-02
 -1      1426-1.92476E+00-2.00224E+00-1.82855E-04-1.84901E-01 3.36678E-02-1.49355E-02
 -1      1427 1.93968E+00 2.03145E+00 2.01639E-02 9.24232E-02 3.41295E-02-7.46807E-03
 -1      1429-1.93968E+00-2.03145E+00-1.64675E-04-9.24232E-02 3.41295E-02-7.46807E-03
 -1      1430 1.95515E+00 2.06065E+00 2.02523E-02-7.52502E-11 3.46295E-02-1.59367E-11
 -1      1431-6.38656E-14-2.07057E-14 9.99960E-03 2.53373E-14 3.46295E-02-1.59709E-11
 -1      1432-1.95515E+00-2.06065E+00-2.53088E-04 7.53009E-11 3.46295E-02-1.60052E-11
 -1      1433 1.93968E+00 2.03145E+00 2.01639E-02-9.24232E-02 3.41295E-02 7.46807E-03
 -1      1435-1.93968E+00-2.03145E+00-1.64700E-04 9.24232E-02 3.41295E-02 7.46807E-03
 -1      1436 1.92476E+00 2.00224E+00 2.01821E-02-1.84901E-01 3.36678E-02 1.49355E-02
 -1      1437 2.09832E-14 4.34652E-14 9.99960E-03-1.92867E-14 3.36678E-02 1.49355E-02
 -1      1438-1.92476E+00-2.00224E+00-1.82907E-04 1.84901E-01 3.36678E-02 1.49355E-02
 -1      1439 1.87579E+00 1.91488E+00 2.02305E-02-2.73621E-01 3.21626E-02 2.28854E-02
 -1      1441-1.87579E+00-1.91488E+00-2.31311E-04 2.73621E-01 3.21626E-02 2.28854E-02
 -1      1442 1.82744E+00 1.82744E+00 2.03868E-02-3.62695E-01 3.08312E-02 3.08312E-02
 -1      1443-1.22957E-14-2.80331E-15 9.99960E-03 6.30052E-15 3.08312E-02 3.08312E-02
 -1      1444-1.82744E+00-1.82744E+00-3.87601E-04 3.62695E-01 3.08312E-02 3.08312E-02
 -1      1445 1.73532E+00 1.68258E+00 1.99509E-02-4.43094E-01 2.81044E-02 3.97895E-02
 -1      1447-1.73532E+00-1.68258E+00 4.82692E-05 4.43094E-01 2.81044E-02 3.97895E-02
 -1      1448 1.64432E+00 1.53726E+00 1.96466E-02-5.25740E-01 2.66359E-02 4.86403E-02
 -1      1449 2.49800E-15-6.93889E-16 9.99960E-03-1.24067E-14 2.66359E-02 4.86403E-02
 -1      1450-1.64432E+00-1.53726E+00 3.52568E-04 5.25740E-01 2.66359E-02 4.86403E-02
 -1      1451 1.49192E+00 1.33757E+00 2.09340E-02-5.89564E-01 2.12088E-02 5.92677E-02
 -1      1453-1.49192E+00-1.33757E+00-9.34781E-04 5.89564E-01 2.12088E-02 5.92677E-02
 -1      1454 1.34332E+00 1.13497E+00 2.23972E-02-6.69730E-01 2.52159E-02 6.89974E-02
 -1      1455-1.55431E-14 2.47025E-15 9.99960E-03-2.16493E-15 2.52159E-02 6.89974E-02
 -1      1456-1.34332E+00-1.13497E+00-2.39795E-03 6.69730E-01 2.52159E-02 6.89974E-02
 -1      1457 1.10242E+00 8.85690E-01 1.70465E-02-6.90560E-01 5.66031E-03 8.28051E-02
 -1      1459-1.10242E+00-8.85690E-01 2.95274E-03 6.90560E-01 5.66031E-03 8.28051E-02
 -1      1460 8.83377E-01 6.15388E-01 1.18624E-02-8.33572E-01 5.66918E-02 9.07359E-02
 -1      1461 1.87211E-14 4.53804E-15 9.99960E-03 2.55351E-15 5.66918E-02 9.07359E-02
 -1      1462-8.83377E-01-6.15388E-01 8.13680E-03 8.33572E-01 5.66918E-02 9.07359E-02
 -1      1463 4.95175E-01 3.54358E-01 3.09610E-02-6.53937E-01-6.23436E-02 1.15212E-01
 -1      1465-4.95175E-01-3.54358E-01-1.09618E-02 6.53937E-01-6.23436E-02 1.15212E-01
 -1      1466 7.90443E-02 1.17819E-01 4.93711E-02-3.32822E-01-2.62870E-01 1.46677E-01
 -1      1467-1.01620E-14-2.05599E-14 9.99960E-03 2.34535E-15-2.62870E-01 1.46677E-01
 -1      1468-7.90443E-02-1.17819E-01-2.93719E-02 3.32822E-01-2.62870E-01 1.46677E-01
 -1      1469 7.68942E-02 1.16195E-01 4.86163E-02 4.10064E-01-3.25959E-01-1.39043E-01
 -1      1471-7.68942E-02-1.16195E-01-2.86171E-02-4.10064E-01-3.25959E-01-1.39043E-01
 -1      1472 8.25835E-01 5.90749E-01 1.24544E-02 1.02856E+00 7.13284E-02-8.39079E-02
 -1      1474-8.25835E-01-5.90749E-01 7.54477E-03-1.02856E+00 7.13284E-02-8.39079E-02
 -1      1475 1.24476E+00 1.08436E+00 2.18644E-02 8.23047E-01 3.26405E-02-6.37100E-02
 -1      1477-1.24476E+00-1.08436E+00-1.86521E-03-8.23047E-01 3.26405E-02-6.37100E-02
 -1      1478 1.51774E+00 1.46360E+00 1.92478E-02 6.43677E-01 3.45622E-02-4.45532E-02
 -1      1480-1.51774E+00-1.46360E+00 7.51420E-04-6.43677E-01 3.45622E-02-4.45532E-02
 -1      1481 1.68258E+00 1.73532E+00 1.99511E-02 4.43094E-01 3.97895E-02-2.81044E-02
 -1      1483-1.68258E+00-1.73532E+00 4.80754E-05-4.43094E-01 3.97895E-02-2.81044E-02
 -1      1484 1.76976E+00 1.89835E+00 1.97580E-02 2.25556E-01 4.33233E-02-1.35806E-02
 -1      1486-1.76976E+00-1.89835E+00 2.41208E-04-2.25556E-01 4.33233E-02-1.35806E-02
 -1      1487 1.79694E+00 1.95269E+00 1.98159E-02-7.79389E-10 4.45231E-02 1.11683E-10
 -1      1489-1.79694E+00-1.95269E+00 1.83322E-04 7.79389E-10 4.45231E-02 1.11665E-10
 -1      1490 1.76976E+00 1.89835E+00 1.97580E-02-2.25556E-01 4.33234E-02 1.35806E-02
 -1      1492-1.76976E+00-1.89835E+00 2.41160E-04 2.25556E-01 4.33234E-02 1.35806E-02
 -1      1493 1.68258E+00 1.73532E+00 1.99509E-02-4.43094E-01 3.97895E-02 2.81044E-02
 -1      1495-1.68258E+00-1.73532E+00 4.82692E-05 4.43094E-01 3.97895E-02 2.81044E-02
 -1      1496 1.51774E+00 1.46360E+00 1.92479E-02-6.43678E-01 3.45621E-02 4.45533E-02
 -1      1498-1.51774E+00-1.46360E+00 7.51349E-04 6.43678E-01 3.45621E-02 4.45533E-02
 -1      1499 1.24476E+00 1.08437E+00 2.18651E-02-8.23046E-01 3.26403E-02 6.37099E-02
 -1      1501-1.24476E+00-1.08437E+00-1.86589E-03 8.23046E-01 3.26403E-02 6.37099E-02
 -1      1502 8.25834E-01 5.90746E-01 1.24535E-02-1.02857E+00 7.13309E-02 8.39079E-02
 -1      1504-8.25834E-01-5.90746E-01 7.54569E-03 1.02857E+00 7.13309E-02 8.39079E-02
 -1      1505 7.69004E-02 1.16199E-01 4.86186E-02-4.10069E-01-3.25956E-01 1.39043E-01
 -1      1507-7.69004E-02-1.16199E-01-2.86194E-02 4.10069E-01-3.25956E-01 1.39043E-01
 -1      1508 7.46266E-02 1.08541E-01 4.66322E-02 4.89669E-01-3.87840E-01-1.33294E-01
 -1      1509-6.62664E-15 7.85483E-15 9.99960E-03 6.60583E-15-3.87840E-01-1.33294E-01
 -1      1510-7.46266E-02-1.08541E-01-2.66330E-02-4.89669E-01-3.87840E-01-1.33294E-01
 -1      1511 4.34897E-01 3.27129E-01 3.04880E-02 9.66654E-01-9.05451E-02-1.03858E-01
 -1      1513-4.34897E-01-3.27129E-01-1.04888E-02-9.66654E-01-9.05451E-02-1.03858E-01
 -1      1514 7.68959E-01 5.67586E-01 1.34749E-02 1.23056E+00 8.55307E-02-8.05183E-02
 -1      1515 8.77076E-15-5.00988E-15 9.99960E-03 3.58047E-15 8.55307E-02-8.05183E-02
 -1      1516-7.68959E-01-5.67586E-01 6.52435E-03-1.23056E+00 8.55307E-02-8.05183E-02
 -1      1517 9.46351E-01 8.10921E-01 1.72086E-02 1.01386E+00 1.03811E-02-7.33137E-02
 -1      1519-9.46351E-01-8.10921E-01 2.79061E-03-1.01386E+00 1.03811E-02-7.33137E-02
 -1      1520 1.14596E+00 1.03538E+00 2.16109E-02 9.80465E-01 4.00062E-02-6.06987E-02
 -1      1521 1.97065E-14 9.93650E-15 9.99960E-03 2.35922E-16 4.00062E-02-6.06987E-02
 -1      1522-1.14596E+00-1.03538E+00-1.61167E-03-9.80465E-01 4.00062E-02-6.06987E-02
 -1      1523 1.26726E+00 1.21439E+00 2.03140E-02 8.60301E-01 3.41335E-02-5.17905E-02
 -1      1525-1.26726E+00-1.21439E+00-3.14830E-04-8.60301E-01 3.41335E-02-5.17905E-02
 -1      1526 1.39076E+00 1.39076E+00 1.89318E-02 7.65186E-01 4.24045E-02-4.24043E-02
 -1      1527 1.53211E-14-1.19071E-14 9.99960E-03-4.44089E-15 4.24045E-02-4.24043E-02
 -1      1528-1.39076E+00-1.39076E+00 1.06742E-03-7.65186E-01 4.24045E-02-4.24043E-02
 -1      1529 1.46360E+00 1.51774E+00 1.92476E-02 6.43678E-01 4.45533E-02-3.45622E-02
 -1      1531-1.46360E+00-1.51774E+00 7.51592E-04-6.43678E-01 4.45533E-02-3.45622E-02
 -1      1532 1.53726E+00 1.64432E+00 1.96468E-02 5.25740E-01 4.86403E-02-2.66359E-02
 -1      1533-4.44089E-14 7.71605E-15 9.99960E-03 7.07767E-16 4.86403E-02-2.66359E-02
 -1      1534-1.53726E+00-1.64432E+00 3.52393E-04-5.25740E-01 4.86403E-02-2.66359E-02
 -1      1535 1.57549E+00 1.71989E+00 1.94863E-02 3.96248E-01 5.06228E-02-1.97610E-02
 -1      1537-1.57549E+00-1.71989E+00 5.12945E-04-3.96248E-01 5.06228E-02-1.97610E-02
 -1      1538 1.61425E+00 1.79546E+00 1.94307E-02 2.67392E-01 5.28978E-02-1.28728E-02
 -1      1539 6.24500E-15-6.71685E-15 9.99960E-03 4.17028E-15 5.28978E-02-1.28728E-02
 -1      1540-1.61425E+00-1.79546E+00 5.68475E-04-2.67392E-01 5.28978E-02-1.28728E-02
 -1      1541 1.62601E+00 1.82059E+00 1.94087E-02 1.33643E-01 5.35742E-02-6.43417E-03
 -1      1543-1.62601E+00-1.82059E+00 5.90538E-04-1.33643E-01 5.35742E-02-6.43417E-03
 -1      1544 1.63821E+00 1.84578E+00 1.94839E-02-3.11259E-10 5.43205E-02-1.56660E-10
 -1      1545 1.45439E-14 3.75533E-14 9.99960E-03-2.31727E-15 5.43205E-02-1.56628E-10
 -1      1546-1.63821E+00-1.84578E+00 5.15285E-04 3.11255E-10 5.43205E-02-1.56596E-10
 -1      1547 1.62601E+00 1.82059E+00 1.94087E-02-1.33643E-01 5.35742E-02 6.43417E-03
 -1      1549-1.62601E+00-1.82059E+00 5.90516E-04 1.33643E-01 5.35742E-02 6.43417E-03
 -1      1550 1.61425E+00 1.79546E+00 1.94308E-02-2.67392E-01 5.28978E-02 1.28728E-02
 -1      1551-4.44089E-15 8.60423E-16 9.99960E-03-1.66464E-14 5.28978E-02 1.28728E-02
 -1      1552-1.61425E+00-1.79546E+00 5.68431E-04 2.67392E-01 5.28978E-02 1.28728E-02
 -1      1553 1.57549E+00 1.71989E+00 1.94862E-02-3.96248E-01 5.06228E-02 1.97610E-02
 -1      1555-1.57549E+00-1.71989E+00 5.13010E-04 3.96248E-01 5.06228E-02 1.97610E-02
 -1      1556 1.53726E+00 1.64432E+00 1.96466E-02-5.25740E-01 4.86403E-02 2.66359E-02
 -1      1557 4.18832E-14-8.74301E-15 9.99960E-03-8.81240E-15 4.86403E-02 2.66359E-02
 -1      1558-1.53726E+00-1.64432E+00 3.52568E-04 5.25740E-01 4.86403E-02 2.66359E-02
 -1      1559 1.46360E+00 1.51774E+00 1.92479E-02-6.43678E-01 4.45533E-02 3.45621E-02
 -1      1561-1.46360E+00-1.51774E+00 7.51349E-04 6.43678E-01 4.45533E-02 3.45621E-02
 -1      1562 1.39076E+00 1.39076E+00 1.89318E-02-7.65187E-01 4.24044E-02 4.24044E-02
 -1      1563 8.10463E-15-7.68829E-15 9.99960E-03-1.75832E-14 4.24044E-02 4.24044E-02
 -1      1564-1.39076E+00-1.39076E+00 1.06736E-03 7.65187E-01 4.24044E-02 4.24044E-02
 -1      1565 1.26726E+00 1.21438E+00 2.03137E-02-8.60302E-01 3.41333E-02 5.17906E-02
 -1      1567-1.26726E+00-1.21438E+00-3.14533E-04 8.60302E-01 3.41333E-02 5.17906E-02
 -1      1568 1.14596E+00 1.03539E+00 2.16115E-02-9.80464E-01 4.00059E-02 6.06986E-02
 -1      1569-1.01863E-14-7.85483E-15 9.99960E-03-2.99760E-15 4.00059E-02 6.06986E-02
 -1      1570-1.14596E+00-1.03539E+00-1.61230E-03 9.80464E-01 4.00059E-02 6.06986E-02
 -1      1571 9.46351E-01 8.10921E-01 1.72083E-02-1.01386E+00 1.03816E-02 7.33137E-02
 -1      1573-9.46351E-01-8.10921E-01 2.79086E-03 1.01386E+00 1.03816E-02 7.33137E-02
 -1      1574 7.68958E-01 5.67584E-01 1.34740E-02-1.23056E+00 8.55337E-02 8.05182E-02
 -1      1575-1.21847E-14 6.20337E-15 9.99960E-03-2.88658E-15 8.55337E-02 8.05182E-02
 -1      1576-7.68958E-01-5.67584E-01 6.52520E-03 1.23056E+00 8.55337E-02 8.05182E-02
 -1      1577 4.34901E-01 3.27131E-01 3.04891E-02-9.66661E-01-9.05410E-02 1.03857E-01
 -1      1579-4.34901E-01-3.27131E-01-1.04899E-02 9.66661E-01-9.05410E-02 1.03857E-01
 -1      1580 7.46324E-02 1.08546E-01 4.66343E-02-4.89674E-01-3.87836E-01 1.33294E-01
 -1      1581 3.74700E-15 7.03257E-15 9.99960E-03 1.40166E-15-3.87836E-01 1.33294E-01
 -1      1582-7.46324E-02-1.08546E-01-2.66351E-02 4.89674E-01-3.87836E-01 1.33294E-01
 -1      1583 6.70414E-02 1.08956E-01 4.51983E-02 5.68793E-01-4.46536E-01-1.19642E-01
 -1      1585-6.70414E-02-1.08956E-01-2.51991E-02-5.68793E-01-4.46536E-01-1.19642E-01
 -1      1586 6.78124E-01 5.23766E-01 1.20370E-02 1.39441E+00 1.01368E-01-6.60233E-02
 -1      1588-6.78124E-01-5.23766E-01 7.96224E-03-1.39441E+00 1.01368E-01-6.60233E-02
 -1      1589 1.00697E+00 9.48321E-01 2.27954E-02 1.10652E+00 4.84923E-02-4.96935E-02
 -1      1591-1.00697E+00-9.48321E-01-2.79618E-03-1.10652E+00 4.84923E-02-4.96935E-02
 -1      1592 1.21438E+00 1.26726E+00 2.03137E-02 8.60301E-01 5.17907E-02-3.41333E-02
 -1      1594-1.21438E+00-1.26726E+00-3.14467E-04-8.60301E-01 5.17907E-02-3.41333E-02
 -1      1595 1.33757E+00 1.49192E+00 2.09341E-02 5.89564E-01 5.92677E-02-2.12088E-02
 -1      1597-1.33757E+00-1.49192E+00-9.34940E-04-5.89564E-01 5.92677E-02-2.12088E-02
 -1      1598 1.40211E+00 1.62523E+00 2.07948E-02 2.99287E-01 6.41421E-02-1.01526E-02
 -1      1600-1.40211E+00-1.62523E+00-7.95553E-04-2.99287E-01 6.41421E-02-1.01526E-02
 -1      1601 1.42215E+00 1.66933E+00 2.08520E-02-9.31566E-10 6.58083E-02 3.96965E-10
 -1      1603-1.42215E+00-1.66933E+00-8.52762E-04 9.31570E-10 6.58083E-02 3.96983E-10
 -1      1604 1.40211E+00 1.62523E+00 2.07948E-02-2.99287E-01 6.41421E-02 1.01526E-02
 -1      1606-1.40211E+00-1.62523E+00-7.95593E-04 2.99287E-01 6.41421E-02 1.01526E-02
 -1      1607 1.33757E+00 1.49192E+00 2.09340E-02-5.89564E-01 5.92677E-02 2.12088E-02
 -1      1609-1.33757E+00-1.49192E+00-9.34781E-04 5.89564E-01 5.92677E-02 2.12088E-02
 -1      1610 1.21438E+00 1.26726E+00 2.03137E-02-8.60302E-01 5.17906E-02 3.41333E-02
 -1      1612-1.21438E+00-1.26726E+00-3.14533E-04 8.60302E-01 5.17906E-02 3.41333E-02
 -1      1613 1.00697E+00 9.48323E-01 2.27959E-02-1.10652E+00 4.84921E-02 4.96935E-02
 -1      1615-1.00697E+00-9.48323E-01-2.79672E-03 1.10652E+00 4.84921E-02 4.96935E-02
 -1      1616 6.78123E-01 5.23764E-01 1.20363E-02-1.39442E+00 1.01372E-01 6.60233E-02
 -1      1618-6.78123E-01-5.23764E-01 7.96294E-03 1.39442E+00 1.01372E-01 6.60233E-02
 -1      1619 6.70464E-02 1.08960E-01 4.52001E-02-5.68799E-01-4.46532E-01 1.19641E-01
 -1      1621-6.70464E-02-1.08960E-01-2.52009E-02 5.68799E-01-4.46532E-01 1.19641E-01
 -1      1622 6.55933E-02 9.63532E-02 4.23881E-02 6.68925E-01-5.01213E-01-1.17210E-01
 -1      1623-7.78023E-15 1.59595E-15 9.99960E-03 1.88738E-15-5.01213E-01-1.17210E-01
 -1      1624-6.55933E-02-9.63532E-02-2.23889E-02-6.68925E-01-5.01213E-01-1.17210E-01
 -1      1625 3.43686E-01 2.79832E-01 2.82795E-02 1.26818E+00-1.14281E-01-9.20131E-02
 -1      1627-3.43686E-01-2.79832E-01-8.28026E-03-1.26818E+00-1.14281E-01-9.20131E-02
 -1      1628 5.90170E-01 4.84093E-01 1.20046E-02 1.60197E+00 1.17226E-01-7.59255E-02
 -1      1629 4.63518E-15 1.38917E-14 9.99960E-03 3.94129E-15 1.17226E-01-7.59255E-02
 -1      1630-5.90170E-01-4.84093E-01 7.99455E-03-1.60197E+00 1.17226E-01-7.59255E-02
 -1      1631 7.14679E-01 6.83175E-01 1.72125E-02 1.31665E+00 1.88689E-02-6.99252E-02
 -1      1633-7.14679E-01-6.83175E-01 2.78667E-03-1.31665E+00 1.88689E-02-6.99252E-02
 -1      1634 8.64778E-01 8.64778E-01 2.40427E-02 1.26212E+00 5.59963E-02-5.59960E-02
 -1      1635-6.10623E-15-1.85962E-15 9.99960E-03 2.47025E-15 5.59963E-02-5.59960E-02
 -1      1636-8.64778E-01-8.64778E-01-4.04347E-03-1.26212E+00 5.59963E-02-5.59960E-02
 -1      1637 9.48324E-01 1.00697E+00 2.27961E-02 1.10652E+00 4.96936E-02-4.84921E-02
 -1      1639-9.48324E-01-1.00697E+00-2.79694E-03-1.10652E+00 4.96936E-02-4.84921E-02
 -1      1640 1.03539E+00 1.14596E+00 2.16114E-02 9.80463E-01 6.06987E-02-4.00058E-02
 -1      1641 1.71252E-14-2.63678E-15 9.99960E-03 4.53804E-15 6.06987E-02-4.00058E-02
 -1      1642-1.03539E+00-1.14596E+00-1.61223E-03-9.80463E-01 6.06987E-02-4.00058E-02
 -1      1643 1.08437E+00 1.24476E+00 2.18649E-02 8.23046E-01 6.37100E-02-3.26403E-02
 -1      1645-1.08437E+00-1.24476E+00-1.86572E-03-8.23046E-01 6.37100E-02-3.26403E-02
 -1      1646 1.13497E+00 1.34332E+00 2.23973E-02 6.69730E-01 6.89974E-02-2.52159E-02
 -1      1647 2.78666E-14-8.04912E-15 9.99960E-03 3.63598E-15 6.89974E-02-2.52159E-02
 -1      1648-1.13497E+00-1.34332E+00-2.39808E-03-6.69730E-01 6.89974E-02-2.52159E-02
 -1      1649 1.16072E+00 1.40085E+00 2.22665E-02 5.04336E-01 7.16625E-02-1.87091E-02
 -1      1651-1.16072E+00-1.40085E+00-2.26735E-03-5.04336E-01 7.16625E-02-1.87091E-02
 -1      1652 1.18693E+00 1.45840E+00 2.22326E-02 3.39523E-01 7.46226E-02-1.21980E-02
 -1      1653-7.96585E-15 2.18714E-14 9.99960E-03 5.68295E-15 7.46226E-02-1.21980E-02
 -1      1654-1.18693E+00-1.45840E+00-2.23340E-03-3.39523E-01 7.46226E-02-1.21980E-02
 -1      1655 1.19479E+00 1.47736E+00 2.22245E-02 1.69704E-01 7.55220E-02-6.11141E-03
 -1      1657-1.19479E+00-1.47736E+00-2.22533E-03-1.69704E-01 7.55220E-02-6.11141E-03
 -1      1658 1.20305E+00 1.49645E+00 2.23228E-02 3.14671E-10 7.64837E-02 5.45609E-10
 -1      1659-1.21292E-14-8.18789E-15 9.99960E-03-4.16605E-15 7.64837E-02 5.45582E-10
 -1      1660-1.20305E+00-1.49645E+00-2.32364E-03-3.14680E-10 7.64837E-02 5.45555E-10
 -1      1661 1.19479E+00 1.47736E+00 2.22245E-02-1.69704E-01 7.55220E-02 6.11141E-03
 -1      1663-1.19479E+00-1.47736E+00-2.22535E-03 1.69704E-01 7.55220E-02 6.11141E-03
 -1      1664 1.18693E+00 1.45840E+00 2.22326E-02-3.39523E-01 7.46225E-02 1.21980E-02
 -1      1665 1.40166E-14 6.43929E-15 9.99960E-03-2.06779E-15 7.46225E-02 1.21980E-02
 -1      1666-1.18693E+00-1.45840E+00-2.23343E-03 3.39523E-01 7.46225E-02 1.21980E-02
 -1      1667 1.16072E+00 1.40085E+00 2.22665E-02-5.04336E-01 7.16625E-02 1.87091E-02
 -1      1669-1.16072E+00-1.40085E+00-2.26730E-03 5.04336E-01 7.16625E-02 1.87091E-02
 -1      1670 1.13497E+00 1.34332E+00 2.23972E-02-6.69730E-01 6.89974E-02 2.52159E-02
 -1      1671-1.66256E-14-5.15143E-14 9.99960E-03 2.63678E-16 6.89974E-02 2.52159E-02
 -1      1672-1.13497E+00-1.34332E+00-2.39795E-03 6.69730E-01 6.89974E-02 2.52159E-02
 -1      1673 1.08437E+00 1.24476E+00 2.18651E-02-8.23046E-01 6.37099E-02 3.26403E-02
 -1      1675-1.08437E+00-1.24476E+00-1.86589E-03 8.23046E-01 6.37099E-02 3.26403E-02
 -1      1676 1.03539E+00 1.14596E+00 2.16115E-02-9.80464E-01 6.06986E-02 4.00059E-02
 -1      1677 1.12133E-14 5.16254E-15 9.99960E-03-4.91274E-15 6.06986E-02 4.00059E-02
 -1      1678-1.03539E+00-1.14596E+00-1.61230E-03 9.80464E-01 6.06986E-02 4.00059E-02
 -1      1679 9.48323E-01 1.00697E+00 2.27959E-02-1.10652E+00 4.96935E-02 4.84921E-02
 -1      1681-9.48323E-01-1.00697E+00-2.79672E-03 1.10652E+00 4.96935E-02 4.84921E-02
 -1      1682 8.64779E-01 8.64779E-01 2.40432E-02-1.26211E+00 5.59960E-02 5.59960E-02
 -1      1683 2.08167E-15-3.84415E-15 9.99960E-03 3.33067E-16 5.59960E-02 5.59960E-02
 -1      1684-8.64779E-01-8.64779E-01-4.04396E-03 1.26211E+00 5.59960E-02 5.59960E-02
 -1      1685 7.14679E-01 6.83175E-01 1.72124E-02-1.31666E+00 1.88696E-02 6.99252E-02
 -1      1687-7.14679E-01-6.83175E-01 2.78684E-03 1.31666E+00 1.88696E-02 6.99252E-02
 -1      1688 5.90169E-01 4.84090E-01 1.20040E-02-1.60197E+00 1.17230E-01 7.59253E-02
 -1      1689-1.55431E-15 4.73233E-15 9.99960E-03 3.05311E-16 1.17230E-01 7.59253E-02
 -1      1690-5.90169E-01-4.84090E-01 7.99516E-03 1.60197E+00 1.17230E-01 7.59253E-02
 -1      1691 3.43689E-01 2.79834E-01 2.82804E-02-1.26819E+00-1.14276E-01 9.20127E-02
 -1      1693-3.43689E-01-2.79834E-01-8.28118E-03 1.26819E+00-1.14276E-01 9.20127E-02
 -1      1694 6.55973E-02 9.63574E-02 4.23898E-02-6.68932E-01-5.01209E-01 1.17210E-01
 -1      1695-1.77636E-15 1.73472E-16 9.99960E-03 1.11022E-15-5.01209E-01 1.17210E-01
 -1      1696-6.55973E-02-9.63574E-02-2.23906E-02 6.68932E-01-5.01209E-01 1.17210E-01
 -1      1697 5.22899E-02 9.16593E-02 3.87889E-02 6.63028E-01-5.46820E-01-6.22470E-02
 -1      1699-5.22899E-02-9.16593E-02-1.87897E-02-6.63028E-01-5.46820E-01-6.22470E-02
 -1      1700 4.53523E-01 3.97371E-01 1.79720E-02 1.67986E+00 1.33508E-01-3.20868E-02
 -1      1702-4.53523E-01-3.97371E-01 2.02719E-03-1.67986E+00 1.33508E-01-3.20868E-02
 -1      1703 6.83174E-01 7.14677E-01 1.72120E-02 1.31666E+00 6.99255E-02-1.88696E-02
 -1      1705-6.83174E-01-7.14677E-01 2.78723E-03-1.31666E+00 6.99255E-02-1.88696E-02
 -1      1706 8.10921E-01 9.46352E-01 1.72083E-02 1.01385E+00 7.33138E-02-1.03815E-02
 -1      1708-8.10921E-01-9.46352E-01 2.79087E-03-1.01385E+00 7.33138E-02-1.03815E-02
 -1      1709 8.85690E-01 1.10242E+00 1.70466E-02 6.90560E-01 8.28051E-02-5.66029E-03
 -1      1711-8.85690E-01-1.10242E+00 2.95263E-03-6.90560E-01 8.28051E-02-5.66029E-03
 -1      1712 9.24492E-01 1.19277E+00 1.69806E-02 3.49208E-01 8.89756E-02-2.42706E-03
 -1      1714-9.24492E-01-1.19277E+00 3.01858E-03-3.49208E-01 8.89756E-02-2.42706E-03
 -1      1715 9.36587E-01 1.22239E+00 1.69496E-02-1.59980E-09 9.10025E-02 3.77028E-10
 -1      1717-9.36587E-01-1.22239E+00 3.04956E-03 1.59979E-09 9.10025E-02 3.76982E-10
 -1      1718 9.24492E-01 1.19277E+00 1.69806E-02-3.49208E-01 8.89756E-02 2.42705E-03
 -1      1720-9.24492E-01-1.19277E+00 3.01855E-03 3.49208E-01 8.89756E-02 2.42705E-03
 -1      1721 8.85690E-01 1.10242E+00 1.70465E-02-6.90560E-01 8.28051E-02 5.66031E-03
 -1      1723-8.85690E-01-1.10242E+00 2.95274E-03 6.90560E-01 8.28051E-02 5.66031E-03
 -1      1724 8.10921E-01 9.46351E-01 1.72083E-02-1.01386E+00 7.33137E-02 1.03816E-02
 -1      1726-8.10921E-01-9.46351E-01 2.79086E-03 1.01386E+00 7.33137E-02 1.03816E-02
 -1      1727 6.83175E-01 7.14679E-01 1.72124E-02-1.31666E+00 6.99252E-02 1.88696E-02
 -1      1729-6.83175E-01-7.14679E-01 2.78684E-03 1.31666E+00 6.99252E-02 1.88696E-02
 -1      1730 4.53522E-01 3.97368E-01 1.79713E-02-1.67987E+00 1.33513E-01 3.20869E-02
 -1      1732-4.53522E-01-3.97368E-01 2.02792E-03 1.67987E+00 1.33513E-01 3.20869E-02
 -1      1733 5.22936E-02 9.16624E-02 3.87902E-02-6.63035E-01-5.46815E-01 6.22466E-02
 -1      1735-5.22936E-02-9.16624E-02-1.87910E-02 6.63035E-01-5.46815E-01 6.22466E-02
 -1      1736 4.40974E-02 7.99785E-03 2.04182E-02 8.53633E-01-6.07161E-01-1.38149E-01
 -1      1737 1.09808E-15-1.40166E-15 9.99960E-03 1.83187E-15-6.07161E-01-1.38149E-01
 -1      1738-4.40974E-02-7.99785E-03-4.19047E-04-8.53633E-01-6.07161E-01-1.38149E-01
 -1      1739 1.88581E-01 1.66352E-01 2.52034E-02 1.63690E+00-1.28226E-01-1.49044E-01
 -1      1741-1.88581E-01-1.66352E-01-5.20422E-03-1.63690E+00-1.28226E-01-1.49044E-01
 -1      1742 3.18765E-01 3.18765E-01 2.59404E-02 2.06268E+00 1.55205E-01-1.55209E-01
 -1      1743 1.27676E-15 3.26128E-16 9.99960E-03-1.36002E-15 1.55205E-01-1.55209E-01
 -1      1744-3.18765E-01-3.18765E-01-5.94120E-03-2.06268E+00 1.55205E-01-1.55209E-01
 -1      1745 3.97368E-01 4.53522E-01 1.79714E-02 1.67987E+00 3.20861E-02-1.33513E-01
 -1      1747-3.97368E-01-4.53522E-01 2.02776E-03-1.67987E+00 3.20861E-02-1.33513E-01
 -1      1748 4.84089E-01 5.90168E-01 1.20039E-02 1.60198E+00 7.59258E-02-1.17230E-01
 -1      1749 7.86871E-15 1.65146E-15 9.99960E-03-2.22045E-16 7.59258E-02-1.17230E-01
 -1      1750-4.84089E-01-5.90168E-01 7.99532E-03-1.60198E+00 7.59258E-02-1.17230E-01
 -1      1751 5.23764E-01 6.78124E-01 1.20365E-02 1.39442E+00 6.60236E-02-1.01372E-01
 -1      1753-5.23764E-01-6.78124E-01 7.96274E-03-1.39442E+00 6.60236E-02-1.01372E-01
 -1      1754 5.67584E-01 7.68959E-01 1.34739E-02 1.23056E+00 8.05184E-02-8.55336E-02
 -1      1755-2.92821E-15 8.45157E-15 9.99960E-03 8.32667E-17 8.05184E-02-8.55336E-02
 -1      1756-5.67584E-01-7.68959E-01 6.52526E-03-1.23056E+00 8.05184E-02-8.55336E-02
 -1      1757 5.90746E-01 8.25834E-01 1.24534E-02 1.02857E+00 8.39079E-02-7.13309E-02
 -1      1759-5.90746E-01-8.25834E-01 7.54580E-03-1.02857E+00 8.39079E-02-7.13309E-02
 -1      1760 6.15388E-01 8.83377E-01 1.18625E-02 8.33572E-01 9.07358E-02-5.66918E-02
 -1      1761 1.05749E-14 1.43774E-14 9.99960E-03 6.89726E-15 9.07358E-02-5.66918E-02
 -1      1762-6.15388E-01-8.83377E-01 8.13671E-03-8.33572E-01 9.07358E-02-5.66918E-02
 -1      1763 6.27811E-01 9.16062E-01 1.17751E-02 6.26507E-01 9.36663E-02-4.25603E-02
 -1      1765-6.27811E-01-9.16062E-01 8.22408E-03-6.26507E-01 9.36663E-02-4.25603E-02
 -1      1766 6.40634E-01 9.49111E-01 1.18407E-02 4.20723E-01 9.71966E-02-2.82866E-02
 -1      1767 2.16493E-15-8.78464E-15 9.99960E-03-6.05072E-15 9.71966E-02-2.82866E-02
 -1      1768-6.40634E-01-9.49111E-01 8.15845E-03-4.20723E-01 9.71966E-02-2.82866E-02
 -1      1769 6.44502E-01 9.59635E-01 1.17160E-02 2.10262E-01 9.82266E-02-1.41486E-02
 -1      1771-6.44502E-01-9.59635E-01 8.28319E-03-2.10262E-01 9.82266E-02-1.41486E-02
 -1      1772 6.48526E-01 9.70299E-01 1.16505E-02-1.96794E-09 9.93677E-02 5.06000E-10
 -1      1773-7.41074E-15-2.42306E-14 9.99960E-03-1.97542E-16 9.93677E-02 5.06004E-10
 -1      1774-6.48526E-01-9.70299E-01 8.34870E-03 1.96794E-09 9.93677E-02 5.06009E-10
 -1      1775 6.44502E-01 9.59635E-01 1.17160E-02-2.10262E-01 9.82266E-02 1.41486E-02
 -1      1777-6.44502E-01-9.59635E-01 8.28318E-03 2.10262E-01 9.82266E-02 1.41486E-02
 -1      1778 6.40634E-01 9.49111E-01 1.18408E-02-4.20723E-01 9.71966E-02 2.82866E-02
 -1      1779 7.88258E-15-1.62925E-14 9.99960E-03-4.49640E-15 9.71966E-02 2.82866E-02
 -1      1780-6.40634E-01-9.49111E-01 8.15843E-03 4.20723E-01 9.71966E-02 2.82866E-02
 -1      1781 6.27811E-01 9.16062E-01 1.17751E-02-6.26507E-01 9.36664E-02 4.25603E-02
 -1      1783-6.27811E-01-9.16062E-01 8.22411E-03 6.26507E-01 9.36664E-02 4.25603E-02
 -1      1784 6.15388E-01 8.83377E-01 1.18624E-02-8.33572E-01 9.07359E-02 5.66918E-02
 -1      1785 9.89486E-15 6.99441E-15 9.99960E-03-9.42302E-15 9.07359E-02 5.66918E-02
 -1      1786-6.15388E-01-8.83377E-01 8.13680E-03 8.33572E-01 9.07359E-02 5.66918E-02
 -1      1787 5.90746E-01 8.25834E-01 1.24535E-02-1.02857E+00 8.39079E-02 7.13309E-02
 -1      1789-5.90746E-01-8.25834E-01 7.54569E-03 1.02857E+00 8.39079E-02 7.13309E-02
 -1      1790 5.67584E-01 7.68958E-01 1.34740E-02-1.23056E+00 8.05182E-02 8.55337E-02
 -1      1791-2.58127E-15-1.82077E-14 9.99960E-03-1.55431E-15 8.05182E-02 8.55337E-02
 -1      1792-5.67584E-01-7.68958E-01 6.52520E-03 1.23056E+00 8.05182E-02 8.55337E-02
 -1      1793 5.23764E-01 6.78123E-01 1.20363E-02-1.39442E+00 6.60233E-02 1.01372E-01
 -1      1795-5.23764E-01-6.78123E-01 7.96294E-03 1.39442E+00 6.60233E-02 1.01372E-01
 -1      1796 4.84090E-01 5.90169E-01 1.20040E-02-1.60197E+00 7.59253E-02 1.17230E-01
 -1      1797-3.25434E-15-8.60423E-16 9.99960E-03-3.08087E-15 7.59253E-02 1.17230E-01
 -1      1798-4.84090E-01-5.90169E-01 7.99516E-03 1.60197E+00 7.59253E-02 1.17230E-01
 -1      1799 3.97368E-01 4.53522E-01 1.79713E-02-1.67987E+00 3.20869E-02 1.33513E-01
 -1      1801-3.97368E-01-4.53522E-01 2.02792E-03 1.67987E+00 3.20869E-02 1.33513E-01
 -1      1802 3.18765E-01 3.18765E-01 2.59401E-02-2.06269E+00 1.55209E-01 1.55209E-01
 -1      1803 1.37390E-15 6.79318E-15 9.99960E-03-8.60423E-16 1.55209E-01 1.55209E-01
 -1      1804-3.18765E-01-3.18765E-01-5.94087E-03 2.06269E+00 1.55209E-01 1.55209E-01
 -1      1805 1.88582E-01 1.66353E-01 2.52040E-02-1.63691E+00-1.28220E-01 1.49044E-01
 -1      1807-1.88582E-01-1.66353E-01-5.20478E-03 1.63691E+00-1.28220E-01 1.49044E-01
 -1      1808 4.40997E-02 8.00044E-03 2.04192E-02-8.53642E-01-6.07156E-01 1.38149E-01
 -1      1809-4.27262E-15-3.24393E-15 9.99960E-03-9.43690E-16-6.07156E-01 1.38149E-01
 -1      1810-4.40997E-02-8.00044E-03-4.20031E-04 8.53642E-01-6.07156E-01 1.38149E-01
 -1      1811-7.76018E-02-1.51008E-01-3.57225E-02 7.24171E-01-5.27374E-01 7.88520E-02
 -1      1813 7.76018E-02 1.51008E-01 5.57217E-02-7.24171E-01-5.27374E-01 7.88520E-02
 -1      1814 1.66354E-01 1.88582E-01 2.52041E-02 1.63690E+00 1.49040E-01 1.28220E-01
 -1      1816-1.66354E-01-1.88582E-01-5.20489E-03-1.63690E+00 1.49040E-01 1.28220E-01
 -1      1817 2.79833E-01 3.43688E-01 2.82802E-02 1.26819E+00 9.20128E-02 1.14276E-01
 -1      1819-2.79833E-01-3.43688E-01-8.28102E-03-1.26819E+00 9.20128E-02 1.14276E-01
 -1      1820 3.27132E-01 4.34902E-01 3.04890E-02 9.66660E-01 1.03857E-01 9.05409E-02
 -1      1822-3.27132E-01-4.34902E-01-1.04898E-02-9.66660E-01 1.03857E-01 9.05409E-02
 -1      1823 3.54358E-01 4.95175E-01 3.09611E-02 6.53937E-01 1.15212E-01 6.23436E-02
 -1      1825-3.54358E-01-4.95175E-01-1.09619E-02-6.53937E-01 1.15212E-01 6.23436E-02
 -1      1826 3.68174E-01 5.28743E-01 3.13291E-02 3.29767E-01 1.22410E-01 3.15912E-02
 -1      1828-3.68174E-01-5.28743E-01-1.13299E-02-3.29767E-01 1.22410E-01 3.15912E-02
 -1      1829 3.72504E-01 5.39812E-01 3.14056E-02 2.53589E-10 1.24729E-01-3.50566E-10
 -1      1831-3.72504E-01-5.39812E-01-1.14064E-02-2.53591E-10 1.24729E-01-3.50555E-10
 -1      1832 3.68174E-01 5.28743E-01 3.13291E-02-3.29767E-01 1.22410E-01-3.15912E-02
 -1      1834-3.68174E-01-5.28743E-01-1.13299E-02 3.29767E-01 1.22410E-01-3.15912E-02
 -1      1835 3.54358E-01 4.95175E-01 3.09610E-02-6.53937E-01 1.15212E-01-6.23436E-02
 -1      1837-3.54358E-01-4.95175E-01-1.09618E-02 6.53937E-01 1.15212E-01-6.23436E-02
 -1      1838 3.27131E-01 4.34901E-01 3.04891E-02-9.66661E-01 1.03857E-01-9.05410E-02
 -1      1840-3.27131E-01-4.34901E-01-1.04899E-02 9.66661E-01 1.03857E-01-9.05410E-02
 -1      1841 2.79834E-01 3.43689E-01 2.82804E-02-1.26819E+00 9.20127E-02-1.14276E-01
 -1      1843-2.79834E-01-3.43689E-01-8.28118E-03 1.26819E+00 9.20127E-02-1.14276E-01
 -1      1844 1.66353E-01 1.88582E-01 2.52040E-02-1.63691E+00 1.49044E-01-1.28220E-01
 -1      1846-1.66353E-01-1.88582E-01-5.20478E-03 1.63691E+00 1.49044E-01-1.28220E-01
 -1      1847-7.76005E-02-1.51005E-01-3.57216E-02-7.24177E-01-5.27369E-01-7.88523E-02
 -1      1849 7.76005E-02 1.51005E-01 5.57208E-02 7.24177E-01-5.27369E-01-7.88523E-02
 -1      1850-2.11006E-01-2.11005E-01-7.44026E-02 3.74905E-01-4.39637E-01 4.39632E-01
 -1      1851 4.05231E-15 5.67602E-15 9.99960E-03-2.55351E-15-4.39637E-01 4.39632E-01
 -1      1852 2.11006E-01 2.11005E-01 9.44018E-02-3.74905E-01-4.39637E-01 4.39632E-01
 -1      1853-1.51004E-01-7.76018E-02-3.57218E-02 7.24172E-01-7.88570E-02 5.27368E-01
 -1      1855 1.51004E-01 7.76018E-02 5.57210E-02-7.24172E-01-7.88570E-02 5.27368E-01
 -1      1856 8.00263E-03 4.40994E-02 2.04196E-02 8.53635E-01 1.38145E-01 6.07156E-01
 -1      1857 0.00000E+00-3.60822E-16 9.99960E-03-2.55351E-15 1.38145E-01 6.07156E-01
 -1      1858-8.00263E-03-4.40994E-02-4.20409E-04-8.53635E-01 1.38145E-01 6.07156E-01
 -1      1859 9.16631E-02 5.22936E-02 3.87904E-02 6.63034E-01 6.22457E-02 5.46815E-01
 -1      1861-9.16631E-02-5.22936E-02-1.87912E-02-6.63034E-01 6.22457E-02 5.46815E-01
 -1      1862 9.63566E-02 6.55969E-02 4.23895E-02 6.68932E-01 1.17210E-01 5.01209E-01
 -1      1863-9.20097E-15-1.08247E-15 9.99960E-03 7.49401E-16 1.17210E-01 5.01209E-01
 -1      1864-9.63566E-02-6.55969E-02-2.23903E-02-6.68932E-01 1.17210E-01 5.01209E-01
 -1      1865 1.08960E-01 6.70467E-02 4.52001E-02 5.68798E-01 1.19641E-01 4.46531E-01
 -1      1867-1.08960E-01-6.70467E-02-2.52009E-02-5.68798E-01 1.19641E-01 4.46531E-01
 -1      1868 1.08546E-01 7.46326E-02 4.66344E-02 4.89674E-01 1.33294E-01 3.87836E-01
 -1      1869-5.07580E-15-5.14519E-15 9.99960E-03-5.42622E-15 1.33294E-01 3.87836E-01
 -1      1870-1.08546E-01-7.46326E-02-2.66352E-02-4.89674E-01 1.33294E-01 3.87836E-01
 -1      1871 1.16199E-01 7.69002E-02 4.86185E-02 4.10069E-01 1.39043E-01 3.25956E-01
 -1      1873-1.16199E-01-7.69002E-02-2.86193E-02-4.10069E-01 1.39043E-01 3.25956E-01
 -1      1874 1.17819E-01 7.90444E-02 4.93711E-02 3.32822E-01 1.46677E-01 2.62870E-01
 -1      1875 2.47025E-15-1.80411E-16 9.99960E-03 4.44089E-15 1.46677E-01 2.62870E-01
 -1      1876-1.17819E-01-7.90444E-02-2.93719E-02-3.32822E-01 1.46677E-01 2.62870E-01
 -1      1877 1.19673E-01 7.96630E-02 4.98658E-02 2.49986E-01 1.50770E-01 1.97928E-01
 -1      1879-1.19673E-01-7.96630E-02-2.98666E-02-2.49986E-01 1.50770E-01 1.97928E-01
 -1      1880 1.20862E-01 8.07877E-02 5.03285E-02 1.67060E-01 1.54691E-01 1.32628E-01
 -1      1881 1.81556E-14-3.81639E-15 9.99960E-03 4.28824E-15 1.54691E-01 1.32628E-01
 -1      1882-1.20862E-01-8.07877E-02-3.03293E-02-1.67060E-01 1.54691E-01 1.32628E-01
 -1      1883 1.21526E-01 8.10975E-02 5.05233E-02 8.35311E-02 1.55977E-01 6.63349E-02
 -1      1885-1.21526E-01-8.10975E-02-3.05241E-02-8.35311E-02 1.55977E-01 6.63349E-02
 -1      1886 1.21869E-01 8.14821E-02 5.06686E-02-2.29094E-09 1.57241E-01-1.95927E-10
 -1      1887 2.74954E-14 2.04732E-14 9.99960E-03-6.72986E-15 1.57241E-01-1.95940E-10
 -1      1888-1.21869E-01-8.14821E-02-3.06694E-02 2.29092E-09 1.57241E-01-1.95953E-10
 -1      1889 1.21526E-01 8.10976E-02 5.05233E-02-8.35311E-02 1.55977E-01-6.63349E-02
 -1      1891-1.21526E-01-8.10976E-02-3.05241E-02 8.35311E-02 1.55977E-01-6.63349E-02
 -1      1892 1.20862E-01 8.07878E-02 5.03285E-02-1.67060E-01 1.54691E-01-1.32628E-01
 -1      1893 1.81834E-14-8.60423E-16 9.99960E-03 1.32533E-15 1.54691E-01-1.32628E-01
 -1      1894-1.20862E-01-8.07878E-02-3.03293E-02 1.67060E-01 1.54691E-01-1.32628E-01
 -1      1895 1.19673E-01 7.96629E-02 4.98658E-02-2.49986E-01 1.50770E-01-1.97928E-01
 -1      1897-1.19673E-01-7.96629E-02-2.98666E-02 2.49986E-01 1.50770E-01-1.97928E-01
 -1      1898 1.17819E-01 7.90443E-02 4.93711E-02-3.32822E-01 1.46677E-01-2.62870E-01
 -1      1899 7.82707E-15-8.80199E-15 9.99960E-03 1.11022E-16 1.46677E-01-2.62870E-01
 -1      1900-1.17819E-01-7.90443E-02-2.93719E-02 3.32822E-01 1.46677E-01-2.62870E-01
 -1      1901 1.16199E-01 7.69004E-02 4.86186E-02-4.10069E-01 1.39043E-01-3.25956E-01
 -1      1903-1.16199E-01-7.69004E-02-2.86194E-02 4.10069E-01 1.39043E-01-3.25956E-01
 -1      1904 1.08546E-01 7.46324E-02 4.66343E-02-4.89674E-01 1.33294E-01-3.87836E-01
 -1      1905 3.50414E-15 1.20008E-14 9.99960E-03 3.35842E-15 1.33294E-01-3.87836E-01
 -1      1906-1.08546E-01-7.46324E-02-2.66351E-02 4.89674E-01 1.33294E-01-3.87836E-01
 -1      1907 1.08960E-01 6.70464E-02 4.52001E-02-5.68799E-01 1.19641E-01-4.46532E-01
 -1      1909-1.08960E-01-6.70464E-02-2.52009E-02 5.68799E-01 1.19641E-01-4.46532E-01
 -1      1910 9.63574E-02 6.55973E-02 4.23898E-02-6.68932E-01 1.17210E-01-5.01209E-01
 -1      1911 1.39402E-14 4.44783E-15 9.99960E-03 2.08167E-15 1.17210E-01-5.01209E-01
 -1      1912-9.63574E-02-6.55973E-02-2.23906E-02 6.68932E-01 1.17210E-01-5.01209E-01
 -1      1913 9.16624E-02 5.22936E-02 3.87902E-02-6.63035E-01 6.22466E-02-5.46815E-01
 -1      1915-9.16624E-02-5.22936E-02-1.87910E-02 6.63035E-01 6.22466E-02-5.46815E-01
 -1      1916 8.00044E-03 4.40997E-02 2.04192E-02-8.53642E-01 1.38149E-01-6.07156E-01
 -1      1917 3.38271E-15-6.15133E-15 9.99960E-03 3.35842E-15 1.38149E-01-6.07156E-01
 -1      1918-8.00044E-03-4.40997E-02-4.20031E-04 8.53642E-01 1.38149E-01-6.07156E-01
 -1      1919-1.51005E-01-7.76005E-02-3.57216E-02-7.24177E-01-7.88523E-02-5.27369E-01
 -1      1921 1.51005E-01 7.76005E-02 5.57208E-02 7.24177E-01-7.88523E-02-5.27369E-01
 -1      1922-2.11004E-01-2.11004E-01-7.44020E-02-3.74908E-01-4.39633E-01-4.39633E-01
 -1      1923-2.72005E-15-2.59515E-15 9.99960E-03-1.63758E-15-4.39633E-01-4.39633E-01
 -1      1924 2.11004E-01 2.11004E-01 9.44012E-02 3.74908E-01-4.39633E-01-4.39633E-01
 -3
    1PSTEP                         3           1           1          
  100CL  101 1.000000000        1131                     0    1           1
 -4  ERROR       1    1
 -5  STR(%)      1    1    0    0
 -1       482 4.55682E+01
 -1       483 4.55682E+01
 -1       484 4.55682E+01
 -1       485 4.55682E+01
 -1       487 4.55682E+01
 -1       488 4.55682E+01
 -1       489 4.55682E+01
 -1       490 4.55682E+01
 -1       491 4.34349E+01
 -1       493 4.34349E+01
 -1       494 4.13016E+01
 -1       495 4.13016E+01
 -1       496 4.13016E+01
 -1       497 4.59502E+01
 -1       499 4.59502E+01
 -1       500 5.05987E+01
 -1       501 5.05987E+01
 -1       502 5.05987E+01
 -1       503 5.44643E+01
 -1       505 5.44643E+01
 -1       506 5.83299E+01
 -1       507 5.83299E+01
 -1       508 5.83299E+01
 -1       509 5.97352E+01
 -1       511 5.97352E+01
 -1       512 6.11405E+01
 -1       513 6.11405E+01
 -1       514 6.11405E+01
 -1       515 6.11405E+01
 -1       517 6.11405E+01
 -1       518 6.11405E+01
 -1       519 6.11405E+01
 -1       520 6.11405E+01
 -1       521 6.11405E+01
 -1       523 6.11405E+01
 -1       524 6.11405E+01
 -1       525 6.11405E+01
 -1       526 6.11405E+01
 -1       527 5.97352E+01
 -1       529 5.97352E+01
 -1       530 5.83299E+01
 -1       531 5.83299E+01
 -1       532 5.83299E+01
 -1       533 5.44643E+01
 -1       535 5.44643E+01
 -1       536 5.05987E+01
 -1       537 5.05987E+01
 -1       538 5.05987E+01
 -1       539 4.59501E+01
 -1       541 4.59501E+01
 -1       542 4.13015E+01
 -1       543 4.13015E+01
 -1       544 4.13015E+01
 -1       545 4.34348E+01
 -1       547 4.34348E+01
 -1       548 4.55681E+01
 -1       549 4.55681E+01
 -1       550 4.55681E+01
 -1       551 4.55681E+01
 -1       553 4.55681E+01
 -1       554 4.55681E+01
 -1       555 4.55681E+01
 -1       556 4.55681E+01
 -1       557 4.55682E+01
 -1       559 4.55682E+01
 -1       560 4.55682E+01
 -1       562 4.55682E+01
 -1       563 4.94159E+01
 -1       565 4.94159E+01
 -1       566 5.67672E+01
 -1       568 5.67672E+01
 -1       569 6.09326E+01
 -1       571 6.09326E+01
 -1       572 6.23454E+01
 -1       574 6.23454E+01
 -1       575 6.23454E+01
 -1       577 6.23454E+01
 -1       578 6.23454E+01
 -1       580 6.23454E+01
 -1       581 6.09326E+01
 -1       583 6.09326E+01
 -1       584 5.67672E+01
 -1       586 5.67672E+01
 -1       587 4.94158E+01
 -1       589 4.94158E+01
 -1       590 4.55681E+01
 -1       592 4.55681E+01
 -1       593 4.55681E+01
 -1       595 4.55681E+01
 -1       596 4.55682E+01
 -1       597 4.55682E+01
 -1       598 4.55682E+01
 -1       599 4.55682E+01
 -1       601 4.55682E+01
 -1       602 4.55682E+01
 -1       603 4.55682E+01
 -1       604 4.55682E+01
 -1       605 5.15492E+01
 -1       607 5.15492E+01
 -1       608 5.75302E+01
 -1       609 5.75302E+01
 -1       610 5.75302E+01
 -1       611 6.02330E+01
 -1       613 6.02330E+01
 -1       614 6.29358E+01
 -1       615 6.29358E+01
 -1       616 6.29358E+01
 -1       617 6.32355E+01
 -1       619 6.32355E+01
 -1       620 6.35352E+01
 -1       621 6.35352E+01
 -1       622 6.35352E+01
 -1       623 6.35428E+01
 -1       625 6.35428E+01
 -1       626 6.35504E+01
 -1       627 6.35504E+01
 -1       628 6.35504E+01
 -1       629 6.35504E+01
 -1       631 6.35504E+01
 -1       632 6.35504E+01
 -1       633 6.35504E+01
 -1       634 6.35504E+01
 -1       635 6.35504E+01
 -1       637 6.35504E+01
 -1       638 6.35504E+01
 -1       639 6.35504E+01
 -1       640 6.35504E+01
 -1       641 6.35428E+01
 -1       643 6.35428E+01
 -1       644 6.35352E+01
 -1       645 6.35352E+01
 -1       646 6.35352E+01
 -1       647 6.32355E+01
 -1       649 6.32355E+01
 -1       650 6.29358E+01
 -1       651 6.29358E+01
 -1       652 6.29358E+01
 -1       653 6.02329E+01
 -1       655 6.02329E+01
 -1       656 5.75301E+01
 -1       657 5.75301E+01
 -1       658 5.75301E+01
 -1       659 5.15491E+01
 -1       661 5.15491E+01
 -1       662 4.55681E+01
 -1       663 4.55681E+01
 -1       664 4.55681E+01
 -1       665 4.55681E+01
 -1       667 4.55681E+01
 -1       668 4.55681E+01
 -1       669 4.55681E+01
 -1       670 4.55681E+01
 -1       671 4.34349E+01
 -1       673 4.34349E+01
 -1       674 5.15492E+01
 -1       676 5.15492E+01
 -1       677 6.04878E+01
 -1       679 6.04878E+01
 -1       680 6.34493E+01
 -1       682 6.34493E+01
 -1       683 6.38073E+01
 -1       685 6.38073E+01
 -1       686 6.38148E+01
 -1       688 6.38148E+01
 -1       689 6.38140E+01
 -1       691 6.38140E+01
 -1       692 6.38148E+01
 -1       694 6.38148E+01
 -1       695 6.38073E+01
 -1       697 6.38073E+01
 -1       698 6.34493E+01
 -1       700 6.34493E+01
 -1       701 6.04877E+01
 -1       703 6.04877E+01
 -1       704 5.15492E+01
 -1       706 5.15492E+01
 -1       707 4.34350E+01
 -1       709 4.34350E+01
 -1       710 4.13016E+01
 -1       711 4.13016E+01
 -1       712 4.13016E+01
 -1       713 4.94159E+01
 -1       715 4.94159E+01
 -1       716 5.75302E+01
 -1       717 5.75302E+01
 -1       718 5.75302E+01
 -1       719 6.04878E+01
 -1       721 6.04878E+01
 -1       722 6.34453E+01
 -1       723 6.34453E+01
 -1       724 6.34453E+01
 -1       725 6.37041E+01
 -1       727 6.37041E+01
 -1       728 6.39629E+01
 -1       729 6.39629E+01
 -1       730 6.39629E+01
 -1       731 6.40211E+01
 -1       733 6.40211E+01
 -1       734 6.40793E+01
 -1       735 6.40793E+01
 -1       736 6.40793E+01
 -1       737 6.40793E+01
 -1       739 6.40793E+01
 -1       740 6.40793E+01
 -1       741 6.40793E+01
 -1       742 6.40793E+01
 -1       743 6.40785E+01
 -1       745 6.40785E+01
 -1       746 6.40777E+01
 -1       747 6.40777E+01
 -1       748 6.40777E+01
 -1       749 6.40785E+01
 -1       751 6.40785E+01
 -1       752 6.40793E+01
 -1       753 6.40793E+01
 -1       754 6.40793E+01
 -1       755 6.40793E+01
 -1       757 6.40793E+01
 -1       758 6.40793E+01
 -1       759 6.40793E+01
 -1       760 6.40793E+01
 -1       761 6.40211E+01
 -1       763 6.40211E+01
 -1       764 6.39629E+01
 -1       765 6.39629E+01
 -1       766 6.39629E+01
 -1       767 6.37041E+01
 -1       769 6.37041E+01
 -1       770 6.34453E+01
 -1       771 6.34453E+01
 -1       772 6.34453E+01
 -1       773 6.04878E+01
 -1       775 6.04878E+01
 -1       776 5.75302E+01
 -1       777 5.75302E+01
 -1       778 5.75302E+01
 -1       779 4.94161E+01
 -1       781 4.94161E+01
 -1       782 4.13019E+01
 -1       783 4.13019E+01
 -1       784 4.13019E+01
 -1       785 4.59502E+01
 -1       787 4.59502E+01
 -1       788 6.02330E+01
 -1       790 6.02330E+01
 -1       791 6.37041E+01
 -1       793 6.37041E+01
 -1       794 6.46606E+01
 -1       796 6.46606E+01
 -1       797 6.47188E+01
 -1       799 6.47188E+01
 -1       800 6.41677E+01
 -1       802 6.41677E+01
 -1       803 6.41669E+01
 -1       805 6.41669E+01
 -1       806 6.41677E+01
 -1       808 6.41677E+01
 -1       809 6.47188E+01
 -1       811 6.47188E+01
 -1       812 6.46606E+01
 -1       814 6.46606E+01
 -1       815 6.37041E+01
 -1       817 6.37041E+01
 -1       818 6.02330E+01
 -1       820 6.02330E+01
 -1       821 4.59504E+01
 -1       823 4.59504E+01
 -1       824 5.05987E+01
 -1       825 5.05987E+01
 -1       826 5.05987E+01
 -1       827 5.67672E+01
 -1       829 5.67672E+01
 -1       830 6.29358E+01
 -1       831 6.29358E+01
 -1       832 6.29358E+01
 -1       833 6.34493E+01
 -1       835 6.34493E+01
 -1       836 6.39629E+01
 -1       837 6.39629E+01
 -1       838 6.39629E+01
 -1       839 6.46606E+01
 -1       841 6.46606E+01
 -1       842 6.53583E+01
 -1       843 6.53583E+01
 -1       844 6.53583E+01
 -1       845 6.53583E+01
 -1       847 6.53583E+01
 -1       848 6.53583E+01
 -1       849 6.53583E+01
 -1       850 6.53583E+01
 -1       851 6.48072E+01
 -1       853 6.48072E+01
 -1       854 6.42561E+01
 -1       855 6.42561E+01
 -1       856 6.42561E+01
 -1       857 6.42561E+01
 -1       859 6.42561E+01
 -1       860 6.42561E+01
 -1       861 6.42561E+01
 -1       862 6.42561E+01
 -1       863 6.42561E+01
 -1       865 6.42561E+01
 -1       866 6.42561E+01
 -1       867 6.42561E+01
 -1       868 6.42561E+01
 -1       869 6.48072E+01
 -1       871 6.48072E+01
 -1       872 6.53583E+01
 -1       873 6.53583E+01
 -1       874 6.53583E+01
 -1       875 6.53583E+01
 -1       877 6.53583E+01
 -1       878 6.53583E+01
 -1       879 6.53583E+01
 -1       880 6.53583E+01
 -1       881 6.46606E+01
 -1       883 6.46606E+01
 -1       884 6.39629E+01
 -1       885 6.39629E+01
 -1       886 6.39629E+01
 -1       887 6.34493E+01
 -1       889 6.34493E+01
 -1       890 6.29358E+01
 -1       891 6.29358E+01
 -1       892 6.29358E+01
 -1       893 5.67674E+01
 -1       895 5.67674E+01
 -1       896 5.05989E+01
 -1       897 5.05989E+01
 -1       898 5.05989E+01
 -1       899 5.44643E+01
 -1       901 5.44643E+01
 -1       902 6.32355E+01
 -1       904 6.32355E+01
 -1       905 6.40211E+01
 -1       907 6.40211E+01
 -1       908 6.53583E+01
 -1       910 6.53583E+01
 -1       911 6.54206E+01
 -1       913 6.54206E+01
 -1       914 6.48695E+01
 -1       916 6.48695E+01
 -1       917 6.42901E+01
 -1       919 6.42901E+01
 -1       920 6.48695E+01
 -1       922 6.48695E+01
 -1       923 6.54206E+01
 -1       925 6.54206E+01
 -1       926 6.53583E+01
 -1       928 6.53583E+01
 -1       929 6.40211E+01
 -1       931 6.40211E+01
 -1       932 6.32355E+01
 -1       934 6.32355E+01
 -1       935 5.44644E+01
 -1       937 5.44644E+01
 -1       938 5.83299E+01
 -1       939 5.83299E+01
 -1       940 5.83299E+01
 -1       941 6.09326E+01
 -1       943 6.09326E+01
 -1       944 6.35352E+01
 -1       945 6.35352E+01
 -1       946 6.35352E+01
 -1       947 6.38073E+01
 -1       949 6.38073E+01
 -1       950 6.40793E+01
 -1       951 6.40793E+01
 -1       952 6.40793E+01
 -1       953 6.47188E+01
 -1       955 6.47188E+01
 -1       956 6.53583E+01
 -1       957 6.53583E+01
 -1       958 6.53583E+01
 -1       959 6.54206E+01
 -1       961 6.54206E+01
 -1       962 6.54829E+01
 -1       963 6.54829E+01
 -1       964 6.54829E+01
 -1       965 6.54829E+01
 -1       967 6.54829E+01
 -1       968 6.54829E+01
 -1       969 6.54829E+01
 -1       970 6.54829E+01
 -1       971 6.49035E+01
 -1       973 6.49035E+01
 -1       974 6.43242E+01
 -1       975 6.43242E+01
 -1       976 6.43242E+01
 -1       977 6.49035E+01
 -1       979 6.49035E+01
 -1       980 6.54829E+01
 -1       981 6.54829E+01
 -1       982 6.54829E+01
 -1       983 6.54829E+01
 -1       985 6.54829E+01
 -1       986 6.54829E+01
 -1       987 6.54829E+01
 -1       988 6.54829E+01
 -1       989 6.54206E+01
 -1       991 6.54206E+01
 -1       992 6.53583E+01
 -1       993 6.53583E+01
 -1       994 6.53583E+01
 -1       995 6.47188E+01
 -1       997 6.47188E+01
 -1       998 6.40793E+01
 -1       999 6.40793E+01
 -1      1000 6.40793E+01
 -1      1001 6.38073E+01
 -1      1003 6.38073E+01
 -1      1004 6.35352E+01
 -1      1005 6.35352E+01
 -1      1006 6.35352E+01
 -1      1007 6.09325E+01
 -1      1009 6.09325E+01
 -1      1010 5.83298E+01
 -1      1011 5.83298E+01
 -1      1012 5.83298E+01
 -1      1013 5.97352E+01
 -1      1015 5.97352E+01
 -1      1016 6.35428E+01
 -1      1018 6.35428E+01
 -1      1019 6.40793E+01
 -1      1021 6.40793E+01
 -1      1022 6.48072E+01
 -1      1024 6.48072E+01
 -1      1025 6.54829E+01
 -1      1027 6.54829E+01
 -1      1028 6.54996E+01
 -1      1030 6.54996E+01
 -1      1031 6.49203E+01
 -1      1033 6.49203E+01
 -1      1034 6.54829E+01
 -1      1036 6.54829E+01
 -1      1037 6.54829E+01
 -1      1039 6.54829E+01
 -1      1040 6.48072E+01
 -1      1042 6.48072E+01
 -1      1043 6.40793E+01
 -1      1045 6.40793E+01
 -1      1046 6.35428E+01
 -1      1048 6.35428E+01
 -1      1049 5.97352E+01
 -1      1051 5.97352E+01
 -1      1052 6.11405E+01
 -1      1053 6.11405E+01
 -1      1054 6.11405E+01
 -1      1055 6.23454E+01
 -1      1057 6.23454E+01
 -1      1058 6.35504E+01
 -1      1059 6.35504E+01
 -1      1060 6.35504E+01
 -1      1061 6.38148E+01
 -1      1063 6.38148E+01
 -1      1064 6.40793E+01
 -1      1065 6.40793E+01
 -1      1066 6.40793E+01
 -1      1067 6.41677E+01
 -1      1069 6.41677E+01
 -1      1070 6.42561E+01
 -1      1071 6.42561E+01
 -1      1072 6.42561E+01
 -1      1073 6.48695E+01
 -1      1075 6.48695E+01
 -1      1076 6.54829E+01
 -1      1077 6.54829E+01
 -1      1078 6.54829E+01
 -1      1079 6.54996E+01
 -1      1081 6.54996E+01
 -1      1082 6.55164E+01
 -1      1083 6.55164E+01
 -1      1084 6.55164E+01
 -1      1085 6.55164E+01
 -1      1087 6.55164E+01
 -1      1088 6.55164E+01
 -1      1089 6.55164E+01
 -1      1090 6.55164E+01
 -1      1091 6.54996E+01
 -1      1093 6.54996E+01
 -1      1094 6.54829E+01
 -1      1095 6.54829E+01
 -1      1096 6.54829E+01
 -1      1097 6.54829E+01
 -1      1099 6.54829E+01
 -1      1100 6.54829E+01
 -1      1101 6.54829E+01
 -1      1102 6.54829E+01
 -1      1103 6.48695E+01
 -1      1105 6.48695E+01
 -1      1106 6.42561E+01
 -1      1107 6.42561E+01
 -1      1108 6.42561E+01
 -1      1109 6.41677E+01
 -1      1111 6.41677E+01
 -1      1112 6.40793E+01
 -1      1113 6.40793E+01
 -1      1114 6.40793E+01
 -1      1115 6.38149E+01
 -1      1117 6.38149E+01
 -1      1118 6.35504E+01
 -1      1119 6.35504E+01
 -1      1120 6.35504E+01
 -1      1121 6.23455E+01
 -1      1123 6.23455E+01
 -1      1124 6.11406E+01
 -1      1125 6.11406E+01
 -1      1126 6.11406E+01
 -1      1127 6.11405E+01
 -1      1129 6.11405E+01
 -1      1130 6.35504E+01
 -1      1132 6.35504E+01
 -1      1133 6.40785E+01
 -1      1135 6.40785E+01
 -1      1136 6.42561E+01
 -1      1138 6.42561E+01
 -1      1139 6.49035E+01
 -1      1141 6.49035E+01
 -1      1142 6.55164E+01
 -1      1144 6.55164E+01
 -1      1145 6.55164E+01
 -1      1147 6.55164E+01
 -1      1148 6.54996E+01
 -1      1150 6.54996E+01
 -1      1151 6.49035E+01
 -1      1153 6.49035E+01
 -1      1154 6.42561E+01
 -1      1156 6.42561E+01
 -1      1157 6.40785E+01
 -1      1159 6.40785E+01
 -1      1160 6.35504E+01
 -1      1162 6.35504E+01
 -1      1163 6.11406E+01
 -1      1165 6.11406E+01
 -1      1166 6.11405E+01
 -1      1167 6.11405E+01
 -1      1168 6.11405E+01
 -1      1169 6.23454E+01
 -1      1171 6.23454E+01
 -1      1172 6.35504E+01
 -1      1173 6.35504E+01
 -1      1174 6.35504E+01
 -1      1175 6.38140E+01
 -1      1177 6.38140E+01
 -1      1178 6.40777E+01
 -1      1179 6.40777E+01
 -1      1180 6.40777E+01
 -1      1181 6.41669E+01
 -1      1183 6.41669E+01
 -1      1184 6.42561E+01
 -1      1185 6.42561E+01
 -1      1186 6.42561E+01
 -1      1187 6.42901E+01
 -1      1189 6.42901E+01
 -1      1190 6.43242E+01
 -1      1191 6.43242E+01
 -1      1192 6.43242E+01
 -1      1193 6.49203E+01
 -1      1195 6.49203E+01
 -1      1196 6.55164E+01
 -1      1197 6.55164E+01
 -1      1198 6.55164E+01
 -1      1199 6.55164E+01
 -1      1201 6.55164E+01
 -1      1202 6.55164E+01
 -1      1203 6.55164E+01
 -1      1204 6.55164E+01
 -1      1205 6.55164E+01
 -1      1207 6.55164E+01
 -1      1208 6.55164E+01
 -1      1209 6.55164E+01
 -1      1210 6.55164E+01
 -1      1211 6.49203E+01
 -1      1213 6.49203E+01
 -1      1214 6.43242E+01
 -1      1215 6.43242E+01
 -1      1216 6.43242E+01
 -1      1217 6.42901E+01
 -1      1219 6.42901E+01
 -1      1220 6.42561E+01
 -1      1221 6.42561E+01
 -1      1222 6.42561E+01
 -1      1223 6.41669E+01
 -1      1225 6.41669E+01
 -1      1226 6.40777E+01
 -1      1227 6.40777E+01
 -1      1228 6.40777E+01
 -1      1229 6.38140E+01
 -1      1231 6.38140E+01
 -1      1232 6.35504E+01
 -1      1233 6.35504E+01
 -1      1234 6.35504E+01
 -1      1235 6.23455E+01
 -1      1237 6.23455E+01
 -1      1238 6.11406E+01
 -1      1239 6.11406E+01
 -1      1240 6.11406E+01
 -1      1241 6.11405E+01
 -1      1243 6.11405E+01
 -1      1244 6.35504E+01
 -1      1246 6.35504E+01
 -1      1247 6.40785E+01
 -1      1249 6.40785E+01
 -1      1250 6.42561E+01
 -1      1252 6.42561E+01
 -1      1253 6.43242E+01
 -1      1255 6.43242E+01
 -1      1256 6.49299E+01
 -1      1258 6.49299E+01
 -1      1259 6.55164E+01
 -1      1261 6.55164E+01
 -1      1262 6.55164E+01
 -1      1264 6.55164E+01
 -1      1265 6.43242E+01
 -1      1267 6.43242E+01
 -1      1268 6.42561E+01
 -1      1270 6.42561E+01
 -1      1271 6.40785E+01
 -1      1273 6.40785E+01
 -1      1274 6.35504E+01
 -1      1276 6.35504E+01
 -1      1277 6.11406E+01
 -1      1279 6.11406E+01
 -1      1280 6.11405E+01
 -1      1281 6.11405E+01
 -1      1282 6.11405E+01
 -1      1283 6.23454E+01
 -1      1285 6.23454E+01
 -1      1286 6.35504E+01
 -1      1287 6.35504E+01
 -1      1288 6.35504E+01
 -1      1289 6.38148E+01
 -1      1291 6.38148E+01
 -1      1292 6.40793E+01
 -1      1293 6.40793E+01
 -1      1294 6.40793E+01
 -1      1295 6.41677E+01
 -1      1297 6.41677E+01
 -1      1298 6.42561E+01
 -1      1299 6.42561E+01
 -1      1300 6.42561E+01
 -1      1301 6.42901E+01
 -1      1303 6.42901E+01
 -1      1304 6.43242E+01
 -1      1305 6.43242E+01
 -1      1306 6.43242E+01
 -1      1307 6.43338E+01
 -1      1309 6.43338E+01
 -1      1310 6.43434E+01
 -1      1311 6.43434E+01
 -1      1312 6.43434E+01
 -1      1313 6.49299E+01
 -1      1315 6.49299E+01
 -1      1316 6.55164E+01
 -1      1317 6.55164E+01
 -1      1318 6.55164E+01
 -1      1319 6.55164E+01
 -1      1321 6.55164E+01
 -1      1322 6.55164E+01
 -1      1323 6.55164E+01
 -1      1324 6.55164E+01
 -1      1325 6.49203E+01
 -1      1327 6.49203E+01
 -1      1328 6.43242E+01
 -1      1329 6.43242E+01
 -1      1330 6.43242E+01
 -1      1331 6.42901E+01
 -1      1333 6.42901E+01
 -1      1334 6.42561E+01
 -1      1335 6.42561E+01
 -1      1336 6.42561E+01
 -1      1337 6.41677E+01
 -1      1339 6.41677E+01
 -1      1340 6.40793E+01
 -1      1341 6.40793E+01
 -1      1342 6.40793E+01
 -1      1343 6.38149E+01
 -1      1345 6.38149E+01
 -1      1346 6.35504E+01
 -1      1347 6.35504E+01
 -1      1348 6.35504E+01
 -1      1349 6.23455E+01
 -1      1351 6.23455E+01
 -1      1352 6.11406E+01
 -1      1353 6.11406E+01
 -1      1354 6.11406E+01
 -1      1355 5.97352E+01
 -1      1357 5.97352E+01
 -1      1358 6.35428E+01
 -1      1360 6.35428E+01
 -1      1361 6.40793E+01
 -1      1363 6.40793E+01
 -1      1364 6.42507E+01
 -1      1366 6.42507E+01
 -1      1367 6.43154E+01
 -1      1369 6.43154E+01
 -1      1370 6.43338E+01
 -1      1372 6.43338E+01
 -1      1373 6.49203E+01
 -1      1375 6.49203E+01
 -1      1376 6.49203E+01
 -1      1378 6.49203E+01
 -1      1379 6.43154E+01
 -1      1381 6.43154E+01
 -1      1382 6.42507E+01
 -1      1384 6.42507E+01
 -1      1385 6.40793E+01
 -1      1387 6.40793E+01
 -1      1388 6.35428E+01
 -1      1390 6.35428E+01
 -1      1391 5.97352E+01
 -1      1393 5.97352E+01
 -1      1394 5.83299E+01
 -1      1395 5.83299E+01
 -1      1396 5.83299E+01
 -1      1397 6.09326E+01
 -1      1399 6.09326E+01
 -1      1400 6.35352E+01
 -1      1401 6.35352E+01
 -1      1402 6.35352E+01
 -1      1403 6.38073E+01
 -1      1405 6.38073E+01
 -1      1406 6.40793E+01
 -1      1407 6.40793E+01
 -1      1408 6.40793E+01
 -1      1409 6.41623E+01
 -1      1411 6.41623E+01
 -1      1412 6.42453E+01
 -1      1413 6.42453E+01
 -1      1414 6.42453E+01
 -1      1415 6.42759E+01
 -1      1417 6.42759E+01
 -1      1418 6.43066E+01
 -1      1419 6.43066E+01
 -1      1420 6.43066E+01
 -1      1421 6.43154E+01
 -1      1423 6.43154E+01
 -1      1424 6.43242E+01
 -1      1425 6.43242E+01
 -1      1426 6.43242E+01
 -1      1427 6.43242E+01
 -1      1429 6.43242E+01
 -1      1430 6.43242E+01
 -1      1431 6.43242E+01
 -1      1432 6.43242E+01
 -1      1433 6.43242E+01
 -1      1435 6.43242E+01
 -1      1436 6.43242E+01
 -1      1437 6.43242E+01
 -1      1438 6.43242E+01
 -1      1439 6.43154E+01
 -1      1441 6.43154E+01
 -1      1442 6.43066E+01
 -1      1443 6.43066E+01
 -1      1444 6.43066E+01
 -1      1445 6.42759E+01
 -1      1447 6.42759E+01
 -1      1448 6.42453E+01
 -1      1449 6.42453E+01
 -1      1450 6.42453E+01
 -1      1451 6.41623E+01
 -1      1453 6.41623E+01
 -1      1454 6.40793E+01
 -1      1455 6.40793E+01
 -1      1456 6.40793E+01
 -1      1457 6.38073E+01
 -1      1459 6.38073E+01
 -1      1460 6.35352E+01
 -1      1461 6.35352E+01
 -1      1462 6.35352E+01
 -1      1463 6.09325E+01
 -1      1465 6.09325E+01
 -1      1466 5.83298E+01
 -1      1467 5.83298E+01
 -1      1468 5.83298E+01
 -1      1469 5.44643E+01
 -1      1471 5.44643E+01
 -1      1472 6.32355E+01
 -1      1474 6.32355E+01
 -1      1475 6.40211E+01
 -1      1477 6.40211E+01
 -1      1478 6.42095E+01
 -1      1480 6.42095E+01
 -1      1481 6.42759E+01
 -1      1483 6.42759E+01
 -1      1484 6.42901E+01
 -1      1486 6.42901E+01
 -1      1487 6.42901E+01
 -1      1489 6.42901E+01
 -1      1490 6.42901E+01
 -1      1492 6.42901E+01
 -1      1493 6.42759E+01
 -1      1495 6.42759E+01
 -1      1496 6.42095E+01
 -1      1498 6.42095E+01
 -1      1499 6.40211E+01
 -1      1501 6.40211E+01
 -1      1502 6.32355E+01
 -1      1504 6.32355E+01
 -1      1505 5.44644E+01
 -1      1507 5.44644E+01
 -1      1508 5.05987E+01
 -1      1509 5.05987E+01
 -1      1510 5.05987E+01
 -1      1511 5.67672E+01
 -1      1513 5.67672E+01
 -1      1514 6.29358E+01
 -1      1515 6.29358E+01
 -1      1516 6.29358E+01
 -1      1517 6.34493E+01
 -1      1519 6.34493E+01
 -1      1520 6.39629E+01
 -1      1521 6.39629E+01
 -1      1522 6.39629E+01
 -1      1523 6.40683E+01
 -1      1525 6.40683E+01
 -1      1526 6.41737E+01
 -1      1527 6.41737E+01
 -1      1528 6.41737E+01
 -1      1529 6.42095E+01
 -1      1531 6.42095E+01
 -1      1532 6.42453E+01
 -1      1533 6.42453E+01
 -1      1534 6.42453E+01
 -1      1535 6.42507E+01
 -1      1537 6.42507E+01
 -1      1538 6.42561E+01
 -1      1539 6.42561E+01
 -1      1540 6.42561E+01
 -1      1541 6.42561E+01
 -1      1543 6.42561E+01
 -1      1544 6.42561E+01
 -1      1545 6.42561E+01
 -1      1546 6.42561E+01
 -1      1547 6.42561E+01
 -1      1549 6.42561E+01
 -1      1550 6.42561E+01
 -1      1551 6.42561E+01
 -1      1552 6.42561E+01
 -1      1553 6.42507E+01
 -1      1555 6.42507E+01
 -1      1556 6.42453E+01
 -1      1557 6.42453E+01
 -1      1558 6.42453E+01
 -1      1559 6.42095E+01
 -1      1561 6.42095E+01
 -1      1562 6.41737E+01
 -1      1563 6.41737E+01
 -1      1564 6.41737E+01
 -1      1565 6.40683E+01
 -1      1567 6.40683E+01
 -1      1568 6.39629E+01
 -1      1569 6.39629E+01
 -1      1570 6.39629E+01
 -1      1571 6.34493E+01
 -1      1573 6.34493E+01
 -1      1574 6.29358E+01
 -1      1575 6.29358E+01
 -1      1576 6.29358E+01
 -1      1577 5.67674E+01
 -1      1579 5.67674E+01
 -1      1580 5.05989E+01
 -1      1581 5.05989E+01
 -1      1582 5.05989E+01
 -1      1583 4.59501E+01
 -1      1585 4.59501E+01
 -1      1586 6.02329E+01
 -1      1588 6.02329E+01
 -1      1589 6.37041E+01
 -1      1591 6.37041E+01
 -1      1592 6.40683E+01
 -1      1594 6.40683E+01
 -1      1595 6.41623E+01
 -1      1597 6.41623E+01
 -1      1598 6.41677E+01
 -1      1600 6.41677E+01
 -1      1601 6.41669E+01
 -1      1603 6.41669E+01
 -1      1604 6.41677E+01
 -1      1606 6.41677E+01
 -1      1607 6.41623E+01
 -1      1609 6.41623E+01
 -1      1610 6.40683E+01
 -1      1612 6.40683E+01
 -1      1613 6.37041E+01
 -1      1615 6.37041E+01
 -1      1616 6.02330E+01
 -1      1618 6.02330E+01
 -1      1619 4.59504E+01
 -1      1621 4.59504E+01
 -1      1622 4.13015E+01
 -1      1623 4.13015E+01
 -1      1624 4.13015E+01
 -1      1625 4.94158E+01
 -1      1627 4.94158E+01
 -1      1628 5.75301E+01
 -1      1629 5.75301E+01
 -1      1630 5.75301E+01
 -1      1631 6.04877E+01
 -1      1633 6.04877E+01
 -1      1634 6.34453E+01
 -1      1635 6.34453E+01
 -1      1636 6.34453E+01
 -1      1637 6.37041E+01
 -1      1639 6.37041E+01
 -1      1640 6.39629E+01
 -1      1641 6.39629E+01
 -1      1642 6.39629E+01
 -1      1643 6.40211E+01
 -1      1645 6.40211E+01
 -1      1646 6.40793E+01
 -1      1647 6.40793E+01
 -1      1648 6.40793E+01
 -1      1649 6.40793E+01
 -1      1651 6.40793E+01
 -1      1652 6.40793E+01
 -1      1653 6.40793E+01
 -1      1654 6.40793E+01
 -1      1655 6.40785E+01
 -1      1657 6.40785E+01
 -1      1658 6.40777E+01
 -1      1659 6.40777E+01
 -1      1660 6.40777E+01
 -1      1661 6.40785E+01
 -1      1663 6.40785E+01
 -1      1664 6.40793E+01
 -1      1665 6.40793E+01
 -1      1666 6.40793E+01
 -1      1667 6.40793E+01
 -1      1669 6.40793E+01
 -1      1670 6.40793E+01
 -1      1671 6.40793E+01
 -1      1672 6.40793E+01
 -1      1673 6.40211E+01
 -1      1675 6.40211E+01
 -1      1676 6.39629E+01
 -1      1677 6.39629E+01
 -1      1678 6.39629E+01
 -1      1679 6.37041E+01
 -1      1681 6.37041E+01
 -1      1682 6.34453E+01
 -1      1683 6.34453E+01
 -1      1684 6.34453E+01
 -1      1685 6.04877E+01
 -1      1687 6.04877E+01
 -1      1688 5.75302E+01
 -1      1689 5.75302E+01
 -1      1690 5.75302E+01
 -1      1691 4.94160E+01
 -1      1693 4.94160E+01
 -1      1694 4.13018E+01
 -1      1695 4.13018E+01
 -1      1696 4.13018E+01
 -1      1697 4.34348E+01
 -1      1699 4.34348E+01
 -1      1700 5.15491E+01
 -1      1702 5.15491E+01
 -1      1703 6.04878E+01
 -1      1705 6.04878E+01
 -1      1706 6.34493E+01
 -1      1708 6.34493E+01
 -1      1709 6.38073E+01
 -1      1711 6.38073E+01
 -1      1712 6.38149E+01
 -1      1714 6.38149E+01
 -1      1715 6.38140E+01
 -1      1717 6.38140E+01
 -1      1718 6.38149E+01
 -1      1720 6.38149E+01
 -1      1721 6.38073E+01
 -1      1723 6.38073E+01
 -1      1724 6.34493E+01
 -1      1726 6.34493E+01
 -1      1727 6.04877E+01
 -1      1729 6.04877E+01
 -1      1730 5.15491E+01
 -1      1732 5.15491E+01
 -1      1733 4.34349E+01
 -1      1735 4.34349E+01
 -1      1736 4.55681E+01
 -1      1737 4.55681E+01
 -1      1738 4.55681E+01
 -1      1739 4.55681E+01
 -1      1741 4.55681E+01
 -1      1742 4.55681E+01
 -1      1743 4.55681E+01
 -1      1744 4.55681E+01
 -1      1745 5.15492E+01
 -1      1747 5.15492E+01
 -1      1748 5.75302E+01
 -1      1749 5.75302E+01
 -1      1750 5.75302E+01
 -1      1751 6.02330E+01
 -1      1753 6.02330E+01
 -1      1754 6.29358E+01
 -1      1755 6.29358E+01
 -1      1756 6.29358E+01
 -1      1757 6.32355E+01
 -1      1759 6.32355E+01
 -1      1760 6.35352E+01
 -1      1761 6.35352E+01
 -1      1762 6.35352E+01
 -1      1763 6.35428E+01
 -1      1765 6.35428E+01
 -1      1766 6.35504E+01
 -1      1767 6.35504E+01
 -1      1768 6.35504E+01
 -1      1769 6.35504E+01
 -1      1771 6.35504E+01
 -1      1772 6.35504E+01
 -1      1773 6.35504E+01
 -1      1774 6.35504E+01
 -1      1775 6.35504E+01
 -1      1777 6.35504E+01
 -1      1778 6.35504E+01
 -1      1779 6.35504E+01
 -1      1780 6.35504E+01
 -1      1781 6.35428E+01
 -1      1783 6.35428E+01
 -1      1784 6.35352E+01
 -1      1785 6.35352E+01
 -1      1786 6.35352E+01
 -1      1787 6.32355E+01
 -1      1789 6.32355E+01
 -1      1790 6.29358E+01
 -1      1791 6.29358E+01
 -1      1792 6.29358E+01
 -1      1793 6.02330E+01
 -1      1795 6.02330E+01
 -1      1796 5.75302E+01
 -1      1797 5.75302E+01
 -1      1798 5.75302E+01
 -1      1799 5.15491E+01
 -1      1801 5.15491E+01
 -1      1802 4.55680E+01
 -1      1803 4.55680E+01
 -1      1804 4.55680E+01
 -1      1805 4.55680E+01
 -1      1807 4.55680E+01
 -1      1808 4.55680E+01
 -1      1809 4.55680E+01
 -1      1810 4.55680E+01
 -1      1811 4.55681E+01
 -1      1813 4.55681E+01
 -1      1814 4.55681E+01
 -1      1816 4.55681E+01
 -1      1817 4.94161E+01
 -1      1819 4.94161E+01
 -1      1820 5.67674E+01
 -1      1822 5.67674E+01
 -1      1823 6.09325E+01
 -1      1825 6.09325E+01
 -1      1826 6.23455E+01
 -1      1828 6.23455E+01
 -1      1829 6.23455E+01
 -1      1831 6.23455E+01
 -1      1832 6.23455E+01
 -1      1834 6.23455E+01
 -1      1835 6.09325E+01
 -1      1837 6.09325E+01
 -1      1838 5.67674E+01
 -1      1840 5.67674E+01
 -1      1841 4.94160E+01
 -1      1843 4.94160E+01
 -1      1844 4.55680E+01
 -1      1846 4.55680E+01
 -1      1847 4.55680E+01
 -1      1849 4.55680E+01
 -1      1850 4.55681E+01
 -1      1851 4.55681E+01
 -1      1852 4.55681E+01
 -1      1853 4.55681E+01
 -1      1855 4.55681E+01
 -1      1856 4.55681E+01
 -1      1857 4.55681E+01
 -1      1858 4.55681E+01
 -1      1859 4.34350E+01
 -1      1861 4.34350E+01
 -1      1862 4.13019E+01
 -1      1863 4.13019E+01
 -1      1864 4.13019E+01
 -1      1865 4.59504E+01
 -1      1867 4.59504E+01
 -1      1868 5.05989E+01
 -1      1869 5.05989E+01
 -1      1870 5.05989E+01
 -1      1871 5.44644E+01
 -1      1873 5.44644E+01
 -1      1874 5.83298E+01
 -1      1875 5.83298E+01
 -1      1876 5.83298E+01
 -1      1877 5.97352E+01
 -1      1879 5.97352E+01
 -1      1880 6.11406E+01
 -1      1881 6.11406E+01
 -1      1882 6.11406E+01
 -1      1883 6.11406E+01
 -1      1885 6.11406E+01
 -1      1886 6.11406E+01
 -1      1887 6.11406E+01
 -1      1888 6.11406E+01
 -1      1889 6.11406E+01
 -1      1891 6.11406E+01
 -1      1892 6.11406E+01
 -1      1893 6.11406E+01
 -1      1894 6.11406E+01
 -1      1895 5.97352E+01
 -1      1897 5.97352E+01
 -1      1898 5.83298E+01
 -1      1899 5.83298E+01
 -1      1900 5.83298E+01
 -1      1901 5.44644E+01
 -1      1903 5.44644E+01
 -1      1904 5.05989E+01
 -1      1905 5.05989E+01
 -1      1906 5.05989E+01
 -1      1907 4.59504E+01
 -1      1909 4.59504E+01
 -1      1910 4.13018E+01
 -1      1911 4.13018E+01
 -1      1912 4.13018E+01
 -1      1913 4.34349E+01
 -1      1915 4.34349E+01
 -1      1916 4.55680E+01
 -1      1917 4.55680E+01
 -1      1918 4.55680E+01
 -1      1919 4.55680E+01
 -1      1921 4.55680E+01
 -1      1922 4.55680E+01
 -1      1923 4.55680E+01
 -1      1924 4.55680E+01
 -3
 9999
