
                        S T E P       1


                                INCREMENT     1


 stresses (elem, integ.pnt.,sxx,syy,szz,sxy,sxz,syz) for set EHOLE and time  0.1000000E+01

         1   1 -3.116978E+00 -1.033375E+02  9.265942E-03  2.771726E+00 -1.980203E-04 -4.639130E-03
         1   2 -4.869451E+00 -6.395424E+01  1.250991E-02 -3.300803E-01 -5.786631E-03  5.983862E-03
         1   3 -3.776827E+00 -9.745935E+01  5.117998E-02  9.660011E+00  1.802408E-02 -2.075908E-02
         1   4 -3.293204E+00 -6.155543E+01 -4.141860E-02 -1.985811E+00 -3.517686E-03  1.033038E-02
         1   5 -3.116978E+00 -1.033375E+02  9.265942E-03  2.771726E+00  1.980203E-04  4.639130E-03
         1   6 -4.869451E+00 -6.395424E+01  1.250991E-02 -3.300803E-01  5.786631E-03 -5.983862E-03
         1   7 -3.776827E+00 -9.745935E+01  5.117998E-02  9.660011E+00 -1.802408E-02  2.075908E-02
         1   8 -3.293204E+00 -6.155543E+01 -4.141860E-02 -1.985811E+00  3.517686E-03 -1.033038E-02
         7   1 -4.963730E+00 -8.942747E+01 -1.072399E-01  1.350761E+01 -1.286782E-03 -1.846223E-02
         7   2 -8.583925E-01 -5.767731E+01  3.560448E-02 -3.169133E+00 -1.752159E-02  3.418484E-02
         7   3 -5.592749E+00 -7.379770E+01  8.493518E-02  1.601993E+01  1.194265E-03 -3.791492E-03
         7   4  4.381913E+00 -5.145710E+01 -7.772580E-02 -5.860597E+00 -5.876018E-03  4.806976E-02
         7   5 -4.963730E+00 -8.942747E+01 -1.072399E-01  1.350761E+01  1.286782E-03  1.846223E-02
         7   6 -8.583925E-01 -5.767731E+01  3.560448E-02 -3.169133E+00  1.752159E-02 -3.418484E-02
         7   7 -5.592749E+00 -7.379770E+01  8.493518E-02  1.601993E+01 -1.194265E-03  3.791492E-03
         7   8  4.381913E+00 -5.145710E+01 -7.772580E-02 -5.860597E+00  5.876018E-03 -4.806976E-02
        13   1 -5.492845E+00 -6.038346E+01  1.000381E-01  1.518369E+01  1.771694E-02 -7.938607E-02
        13   2  9.811201E+00 -4.508600E+01  6.797371E-02 -8.121326E+00 -2.818745E-02  7.680552E-02
        13   3 -3.633835E+00 -4.055062E+01  5.743697E-02  1.088355E+01  6.226699E-02 -5.836002E-02
        13   4  1.855561E+01 -3.716190E+01 -2.625673E-01 -1.159439E+01 -4.735853E-02  6.202163E-02
        13   5 -5.492845E+00 -6.038346E+01  1.000381E-01  1.518369E+01 -1.771694E-02  7.938607E-02
        13   6  9.811201E+00 -4.508600E+01  6.797371E-02 -8.121326E+00  2.818745E-02 -7.680552E-02
        13   7 -3.633835E+00 -4.055062E+01  5.743697E-02  1.088355E+01 -6.226699E-02  5.836002E-02
        13   8  1.855561E+01 -3.716190E+01 -2.625673E-01 -1.159439E+01  4.735853E-02 -6.202163E-02
        19   1 -8.943000E-01 -2.646757E+01 -3.331310E-01  7.321730E+00  2.153305E-02 -2.547468E-02
        19   2  2.532137E+01 -2.914151E+01  3.647531E-01 -1.378956E+01 -6.939892E-02  7.653260E-02
        19   3  7.235160E+00 -5.601607E+00  3.761595E-01 -1.712510E+00  4.999604E-02 -7.766644E-02
        19   4  3.250608E+01 -1.930042E+01 -1.627388E-01 -1.536797E+01 -9.647029E-02  7.952445E-02
        19   5 -8.943000E-01 -2.646757E+01 -3.331310E-01  7.321730E+00 -2.153305E-02  2.547468E-02
        19   6  2.532137E+01 -2.914151E+01  3.647531E-01 -1.378956E+01  6.939892E-02 -7.653260E-02
        19   7  7.235160E+00 -5.601607E+00  3.761595E-01 -1.712510E+00 -4.999604E-02  7.766644E-02
        19   8  3.250608E+01 -1.930042E+01 -1.627388E-01 -1.536797E+01  9.647029E-02 -7.952445E-02
        25   1  1.394273E+01  5.652778E+00 -5.747324E-01 -1.166886E+01  7.060201E-02 -2.082138E-02
        25   2  4.022440E+01 -8.702820E+00  3.725318E-01 -1.888323E+01 -6.388786E-02  4.426645E-02
        25   3  3.030411E+01  2.244241E+01  1.941075E-01 -2.529268E+01  4.399569E-02 -9.972635E-03
        25   4  5.267351E+01  2.377154E+00 -2.327983E-02 -2.473227E+01 -5.458566E-02  4.969332E-02
        25   5  1.394273E+01  5.652778E+00 -5.747324E-01 -1.166886E+01 -7.060201E-02  2.082138E-02
        25   6  4.022440E+01 -8.702820E+00  3.725318E-01 -1.888323E+01  6.388786E-02 -4.426645E-02
        25   7  3.030411E+01  2.244241E+01  1.941075E-01 -2.529268E+01 -4.399569E-02  9.972635E-03
        25   8  5.267351E+01  2.377154E+00 -2.327983E-02 -2.473227E+01  5.458566E-02 -4.969332E-02
        31   1  4.499502E+01  2.987115E+01 -1.797246E-01 -3.610177E+01  2.552007E-02 -4.607016E-02
        31   2  6.488971E+01  1.023209E+01  8.805753E-02 -3.009953E+01 -6.371979E-02  2.079465E-02
        31   3  7.069988E+01  3.683235E+01  1.294020E-01 -4.924445E+01  3.494217E-02 -1.404998E-02
        31   4  8.392383E+01  1.829784E+01 -1.949835E-03 -3.716151E+01 -5.430230E-02  4.320930E-02
        31   5  4.499502E+01  2.987115E+01 -1.797246E-01 -3.610177E+01 -2.552007E-02  4.607016E-02
        31   6  6.488971E+01  1.023209E+01  8.805753E-02 -3.009953E+01  6.371979E-02 -2.079465E-02
        31   7  7.069988E+01  3.683235E+01  1.294020E-01 -4.924445E+01 -3.494217E-02  1.404998E-02
        31   8  8.392383E+01  1.829784E+01 -1.949835E-03 -3.716151E+01  5.430230E-02 -4.320930E-02
        37   1  9.184220E+01  3.737310E+01 -1.821272E-01 -5.724406E+01  4.011508E-02 -2.175446E-02
        37   2  1.005137E+02  2.211462E+01  7.670625E-02 -4.171494E+01 -5.167885E-02  2.264162E-02
        37   3  1.237924E+02  3.552863E+01  7.426128E-02 -6.391520E+01  3.176763E-02 -1.452932E-02
        37   4  1.244067E+02  2.428435E+01  3.995616E-03 -4.578378E+01 -4.656874E-02  3.293493E-02
        37   5  9.184220E+01  3.737310E+01 -1.821272E-01 -5.724406E+01 -4.011508E-02  2.175446E-02
        37   6  1.005137E+02  2.211462E+01  7.670625E-02 -4.171494E+01  5.167885E-02 -2.264162E-02
        37   7  1.237924E+02  3.552863E+01  7.426128E-02 -6.391520E+01 -3.176763E-02  1.452932E-02
        37   8  1.244067E+02  2.428435E+01  3.995616E-03 -4.578378E+01  4.656874E-02 -3.293493E-02
        43   1  1.476378E+02  3.102455E+01 -9.280129E-02 -6.537252E+01  2.208181E-02 -1.523373E-02
        43   2  1.429608E+02  2.386756E+01  1.211267E-02 -4.650567E+01 -4.016553E-02  9.600010E-03
        43   3  1.792716E+02  2.376029E+01  5.544965E-02 -6.185038E+01  2.553804E-02 -9.973135E-04
        43   4  1.670214E+02  2.157721E+01 -3.896070E-03 -4.409454E+01 -3.445483E-02  2.432250E-02
        43   5  1.476378E+02  3.102455E+01 -9.280129E-02 -6.537252E+01 -2.208181E-02  1.523373E-02
        43   6  1.429608E+02  2.386756E+01  1.211267E-02 -4.650567E+01  4.016553E-02 -9.600010E-03
        43   7  1.792716E+02  2.376029E+01  5.544965E-02 -6.185038E+01 -2.553804E-02  9.973135E-04
        43   8  1.670214E+02  2.157721E+01 -3.896070E-03 -4.409454E+01  3.445483E-02 -2.432250E-02
        49   1  2.000661E+02  1.743387E+01 -4.864391E-02 -5.527197E+01  1.689621E-02 -1.663508E-02
        49   2  1.832433E+02  1.894833E+01 -9.645710E-03 -3.937949E+01 -2.758540E-02  1.096244E-03
        49   3  2.232424E+02  9.986035E+00  3.540941E-02 -4.137396E+01  1.011499E-02  3.194086E-03
        49   4  2.010474E+02  1.536428E+01 -9.497884E-03 -2.977572E+01 -2.223042E-02  1.463856E-02
        49   5  2.000661E+02  1.743387E+01 -4.864391E-02 -5.527197E+01 -1.689621E-02  1.663508E-02
        49   6  1.832433E+02  1.894833E+01 -9.645710E-03 -3.937949E+01  2.758540E-02 -1.096244E-03
        49   7  2.232424E+02  9.986035E+00  3.540941E-02 -4.137396E+01 -1.011499E-02 -3.194086E-03
        49   8  2.010474E+02  1.536428E+01 -9.497884E-03 -2.977572E+01  2.223042E-02 -1.463856E-02
        55   1  2.350841E+02  5.591960E+00 -1.271457E-02 -2.820122E+01  1.185402E-02 -8.954391E-03
        55   2  2.103123E+02  1.310182E+01 -1.908522E-02 -2.038641E+01 -8.321009E-03  2.363346E-04
        55   3  2.429072E+02  2.483070E+00  4.859854E-03 -7.907112E+00 -3.401885E-03 -1.605159E-03
        55   4  2.163857E+02  1.138091E+01 -1.409098E-02 -6.184368E+00 -5.669115E-03  4.989647E-03
        55   5  2.350841E+02  5.591960E+00 -1.271457E-02 -2.820122E+01 -1.185402E-02  8.954391E-03
        55   6  2.103123E+02  1.310182E+01 -1.908522E-02 -2.038641E+01  8.321009E-03 -2.363346E-04
        55   7  2.429072E+02  2.483070E+00  4.859854E-03 -7.907112E+00  3.401885E-03  1.605159E-03
        55   8  2.163857E+02  1.138091E+01 -1.409098E-02 -6.184368E+00  5.669115E-03 -4.989647E-03
        61   1  2.420897E+02  2.489689E+00  1.726666E-02  7.648344E+00  2.082493E-04 -6.664966E-04
        61   2  2.157441E+02  1.125916E+01 -2.017857E-02  4.943149E+00  1.022197E-02  6.057207E-03
        61   3  2.320811E+02  5.430213E+00 -2.699501E-02  2.760849E+01 -1.385735E-02 -9.177565E-03
        61   4  2.080798E+02  1.264953E+01 -1.193684E-02  1.894195E+01  1.287282E-02  9.161221E-05
        61   5  2.420897E+02  2.489689E+00  1.726666E-02  7.648344E+00 -2.082493E-04  6.664966E-04
        61   6  2.157441E+02  1.125916E+01 -2.017857E-02  4.943149E+00 -1.022197E-02 -6.057207E-03
        61   7  2.320811E+02  5.430213E+00 -2.699501E-02  2.760849E+01  1.385735E-02  9.177565E-03
        61   8  2.080798E+02  1.264953E+01 -1.193684E-02  1.894195E+01 -1.287282E-02 -9.161220E-05
        67   1  2.188291E+02  9.725220E+00  4.453638E-02  4.030929E+01 -1.305242E-02  2.912754E-03
        67   2  1.977041E+02  1.461154E+01 -1.530594E-02  2.803987E+01  2.636461E-02  1.579927E-02
        67   3  1.940598E+02  1.672680E+01 -6.501624E-02  5.336813E+01 -2.144231E-02 -1.866925E-02
        67   4  1.787568E+02  1.775035E+01  1.178905E-03  3.716639E+01  3.131754E-02  1.006170E-03
        67   5  2.188291E+02  9.725220E+00  4.453638E-02  4.030929E+01  1.305242E-02 -2.912754E-03
        67   6  1.977041E+02  1.461154E+01 -1.530594E-02  2.803987E+01 -2.636461E-02 -1.579927E-02
        67   7  1.940598E+02  1.672680E+01 -6.501624E-02  5.336813E+01  2.144231E-02  1.866925E-02
        67   8  1.787568E+02  1.775035E+01  1.178905E-03  3.716639E+01 -3.131754E-02 -1.006170E-03
        73   1  1.724718E+02  2.269664E+01  7.115962E-02  5.922902E+01 -2.745250E-02  1.583922E-03
        73   2  1.618719E+02  1.997996E+01 -7.453482E-03  4.147749E+01  3.853761E-02  2.709648E-02
        73   3  1.402563E+02  2.917833E+01 -9.679682E-02  6.184702E+01 -2.175192E-02 -2.314908E-02
        73   4  1.373791E+02  2.178684E+01  2.364913E-02  4.346689E+01  4.713473E-02  8.409884E-03
        73   5  1.724718E+02  2.269664E+01  7.115962E-02  5.922902E+01  2.745250E-02 -1.583922E-03
        73   6  1.618719E+02  1.997996E+01 -7.453482E-03  4.147749E+01 -3.853761E-02 -2.709648E-02
        73   7  1.402563E+02  2.917833E+01 -9.679682E-02  6.184702E+01  2.175192E-02  2.314908E-02
        73   8  1.373791E+02  2.178684E+01  2.364913E-02  4.346689E+01 -4.713473E-02 -8.409884E-03
        79   1  1.164330E+02  3.311108E+01  8.651864E-02  5.980866E+01 -3.703033E-02 -1.074928E-02
        79   2  1.187186E+02  2.186063E+01 -8.019971E-03  4.249358E+01  4.611048E-02  3.332807E-02
        79   3  8.500241E+01  3.415658E+01 -1.897554E-01  5.271717E+01 -3.495727E-02 -1.101412E-02
        79   4  9.503006E+01  1.952909E+01  7.584453E-02  3.836375E+01  4.776704E-02  2.282031E-02
        79   5  1.164330E+02  3.311108E+01  8.651864E-02  5.980866E+01  3.703033E-02  1.074928E-02
        79   6  1.187186E+02  2.186063E+01 -8.019971E-03  4.249358E+01 -4.611048E-02 -3.332807E-02
        79   7  8.500241E+01  3.415658E+01 -1.897554E-01  5.271717E+01  3.495727E-02  1.101412E-02
        79   8  9.503006E+01  1.952909E+01  7.584453E-02  3.836375E+01 -4.776704E-02 -2.282031E-02
        85   1  6.459078E+01  3.315559E+01  1.085715E-01  4.466599E+01 -3.052946E-02 -2.104375E-02
        85   2  7.876226E+01  1.575925E+01 -8.120816E-03  3.388864E+01  5.057012E-02  3.876332E-02
        85   3  4.016356E+01  2.606418E+01 -1.736078E-01  3.192165E+01 -3.421818E-02 -5.328406E-02
        85   4  6.026609E+01  8.333607E+00  9.411513E-02  2.718468E+01  6.138641E-02  2.595408E-02
        85   5  6.459078E+01  3.315559E+01  1.085715E-01  4.466599E+01  3.052946E-02  2.104375E-02
        85   6  7.876226E+01  1.575925E+01 -8.120816E-03  3.388864E+01 -5.057012E-02 -3.876332E-02
        85   7  4.016356E+01  2.606418E+01 -1.736078E-01  3.192165E+01  3.421818E-02  5.328406E-02
        85   8  6.026609E+01  8.333607E+00  9.411513E-02  2.718468E+01 -6.138641E-02 -2.595408E-02
        91   1  2.648819E+01  1.878233E+01  1.817990E-01  2.176204E+01 -5.779188E-02 -1.258891E-02
        91   2  4.851244E+01  1.255160E+00 -5.672146E-03  2.214397E+01  7.239220E-02  6.800968E-02
        91   3  1.152115E+01  3.260593E+00 -4.961506E-01  9.230392E+00 -4.592159E-02 -2.015658E-02
        91   4  3.663420E+01 -8.341650E+00  3.814656E-01  1.666611E+01  7.841873E-02  2.410064E-02
        91   5  2.648819E+01  1.878233E+01  1.817990E-01  2.176204E+01  5.779188E-02  1.258891E-02
        91   6  4.851244E+01  1.255160E+00 -5.672146E-03  2.214397E+01 -7.239220E-02 -6.800968E-02
        91   7  1.152115E+01  3.260593E+00 -4.961506E-01  9.230392E+00  4.592159E-02  2.015658E-02
        91   8  3.663420E+01 -8.341650E+00  3.814656E-01  1.666611E+01 -7.841873E-02 -2.410064E-02
        97   1  5.620838E+00 -6.870768E+00  3.940023E-01  3.432791E-01 -3.828145E-02 -2.193047E-02
        97   2  2.915746E+01 -1.749497E+01 -2.534804E-01  1.333483E+01  4.635461E-02  1.054644E-02
        97   3 -1.630108E+00 -2.524871E+01 -2.967656E-01 -7.561619E+00  9.563480E-03 -1.877255E-02
        97   4  2.252761E+01 -2.528265E+01  2.733512E-01  1.184905E+01 -7.696485E-03  7.472776E-02
        97   5  5.620838E+00 -6.870768E+00  3.940023E-01  3.432791E-01  3.828145E-02  2.193047E-02
        97   6  2.915746E+01 -1.749497E+01 -2.534804E-01  1.333483E+01 -4.635461E-02 -1.054644E-02
        97   7 -1.630108E+00 -2.524871E+01 -2.967656E-01 -7.561619E+00 -9.563480E-03  1.877255E-02
        97   8  2.252761E+01 -2.528265E+01  2.733512E-01  1.184905E+01  7.696485E-03 -7.472776E-02
       103   1 -3.776197E+00 -3.722015E+01  1.117182E-01 -1.047756E+01  3.097697E-03 -8.484921E-02
       103   2  1.610586E+01 -3.202055E+01 -3.370788E-01  9.676238E+00 -5.911547E-03  8.756074E-02
       103   3 -5.280427E+00 -5.421196E+01  7.573063E-02 -1.401367E+01 -4.163103E-02 -1.003420E-01
       103   4  8.193923E+00 -3.847460E+01  8.389680E-02  6.544749E+00  5.124499E-02  1.182310E-01
       103   5 -3.776197E+00 -3.722015E+01  1.117182E-01 -1.047756E+01 -3.097697E-03  8.484921E-02
       103   6  1.610586E+01 -3.202055E+01 -3.370788E-01  9.676238E+00  5.911547E-03 -8.756074E-02
       103   7 -5.280427E+00 -5.421196E+01  7.573063E-02 -1.401367E+01  4.163103E-02  1.003420E-01
       103   8  8.193923E+00 -3.847460E+01  8.389680E-02  6.544749E+00 -5.124499E-02 -1.182310E-01
       109   1 -5.145564E+00 -6.544084E+01  6.911897E-02 -1.454891E+01 -2.345542E-02 -7.734404E-03
       109   2  3.381080E+00 -4.388774E+01 -3.487948E-02  4.550141E+00  4.061493E-02  4.556828E-02
       109   3 -4.442163E+00 -7.841029E+01 -9.217322E-02 -1.207545E+01 -7.341052E-03 -1.241206E-02
       109   4 -1.190804E+00 -4.913391E+01  3.911989E-02  2.221819E+00  1.927572E-02  2.569546E-02
       109   5 -5.145564E+00 -6.544084E+01  6.911897E-02 -1.454891E+01  2.345542E-02  7.734404E-03
       109   6  3.381080E+00 -4.388774E+01 -3.487948E-02  4.550141E+00 -4.061493E-02 -4.556828E-02
       109   7 -4.442163E+00 -7.841029E+01 -9.217322E-02 -1.207545E+01  7.341052E-03  1.241206E-02
       109   8 -1.190804E+00 -4.913391E+01  3.911989E-02  2.221819E+00 -1.927572E-02 -2.569546E-02
       115   1 -3.364925E+00 -8.499678E+01  3.372390E-02 -8.602849E+00 -1.087018E-02 -1.592389E-02
       115   2 -3.238731E+00 -5.239744E+01 -2.222569E-02  1.387252E+00  3.986776E-03  5.887574E-03
       115   3 -2.712704E+00 -8.984812E+01 -7.209993E-03 -2.439985E+00 -7.627267E-03 -4.097238E-03
       115   4 -4.559920E+00 -5.436900E+01  4.162218E-02  1.683997E-01  1.414511E-02  3.560995E-03
       115   5 -3.364925E+00 -8.499678E+01  3.372390E-02 -8.602849E+00  1.087018E-02  1.592389E-02
       115   6 -3.238731E+00 -5.239744E+01 -2.222569E-02  1.387252E+00 -3.986776E-03 -5.887574E-03
       115   7 -2.712704E+00 -8.984812E+01 -7.209993E-03 -2.439985E+00  7.627267E-03  4.097238E-03
       115   8 -4.559920E+00 -5.436900E+01  4.162218E-02  1.683997E-01 -1.414511E-02 -3.560995E-03
       121   1 -2.712704E+00 -8.984812E+01 -7.209993E-03  2.439985E+00 -7.627267E-03  4.097238E-03
       121   2 -4.559920E+00 -5.436900E+01  4.162218E-02 -1.683997E-01  1.414511E-02 -3.560995E-03
       121   3 -3.364925E+00 -8.499678E+01  3.372390E-02  8.602849E+00 -1.087018E-02  1.592389E-02
       121   4 -3.238731E+00 -5.239744E+01 -2.222569E-02 -1.387252E+00  3.986776E-03 -5.887574E-03
       121   5 -2.712704E+00 -8.984812E+01 -7.209993E-03  2.439985E+00  7.627267E-03 -4.097238E-03
       121   6 -4.559920E+00 -5.436900E+01  4.162218E-02 -1.683997E-01 -1.414511E-02  3.560995E-03
       121   7 -3.364925E+00 -8.499678E+01  3.372390E-02  8.602849E+00  1.087018E-02 -1.592389E-02
       121   8 -3.238731E+00 -5.239744E+01 -2.222569E-02 -1.387252E+00 -3.986776E-03  5.887574E-03
       127   1 -4.442163E+00 -7.841029E+01 -9.217322E-02  1.207545E+01 -7.341052E-03  1.241206E-02
       127   2 -1.190804E+00 -4.913391E+01  3.911989E-02 -2.221819E+00  1.927572E-02 -2.569546E-02
       127   3 -5.145564E+00 -6.544084E+01  6.911897E-02  1.454891E+01 -2.345542E-02  7.734404E-03
       127   4  3.381080E+00 -4.388774E+01 -3.487948E-02 -4.550141E+00  4.061493E-02 -4.556828E-02
       127   5 -4.442163E+00 -7.841029E+01 -9.217322E-02  1.207545E+01  7.341052E-03 -1.241206E-02
       127   6 -1.190804E+00 -4.913391E+01  3.911989E-02 -2.221819E+00 -1.927572E-02  2.569546E-02
       127   7 -5.145564E+00 -6.544084E+01  6.911897E-02  1.454891E+01  2.345542E-02 -7.734404E-03
       127   8  3.381080E+00 -4.388774E+01 -3.487948E-02 -4.550141E+00 -4.061493E-02  4.556828E-02
       133   1 -5.280427E+00 -5.421196E+01  7.573063E-02  1.401367E+01 -4.163103E-02  1.003420E-01
       133   2  8.193923E+00 -3.847460E+01  8.389680E-02 -6.544749E+00  5.124499E-02 -1.182310E-01
       133   3 -3.776197E+00 -3.722015E+01  1.117182E-01  1.047756E+01  3.097697E-03  8.484921E-02
       133   4  1.610586E+01 -3.202055E+01 -3.370788E-01 -9.676238E+00 -5.911547E-03 -8.756074E-02
       133   5 -5.280427E+00 -5.421196E+01  7.573063E-02  1.401367E+01  4.163103E-02 -1.003420E-01
       133   6  8.193923E+00 -3.847460E+01  8.389680E-02 -6.544749E+00 -5.124499E-02  1.182310E-01
       133   7 -3.776197E+00 -3.722015E+01  1.117182E-01  1.047756E+01 -3.097697E-03 -8.484921E-02
       133   8  1.610586E+01 -3.202055E+01 -3.370788E-01 -9.676238E+00  5.911547E-03  8.756074E-02
       139   1 -1.630108E+00 -2.524871E+01 -2.967656E-01  7.561619E+00  9.563480E-03  1.877255E-02
       139   2  2.252761E+01 -2.528265E+01  2.733512E-01 -1.184905E+01 -7.696485E-03 -7.472776E-02
       139   3  5.620838E+00 -6.870768E+00  3.940023E-01 -3.432791E-01 -3.828145E-02  2.193047E-02
       139   4  2.915746E+01 -1.749497E+01 -2.534804E-01 -1.333483E+01  4.635461E-02 -1.054644E-02
       139   5 -1.630108E+00 -2.524871E+01 -2.967656E-01  7.561619E+00 -9.563480E-03 -1.877255E-02
       139   6  2.252761E+01 -2.528265E+01  2.733512E-01 -1.184905E+01  7.696485E-03  7.472776E-02
       139   7  5.620838E+00 -6.870768E+00  3.940023E-01 -3.432791E-01  3.828145E-02 -2.193047E-02
       139   8  2.915746E+01 -1.749497E+01 -2.534804E-01 -1.333483E+01 -4.635461E-02  1.054644E-02
       145   1  1.152115E+01  3.260593E+00 -4.961506E-01 -9.230392E+00 -4.592159E-02  2.015658E-02
       145   2  3.663420E+01 -8.341650E+00  3.814656E-01 -1.666611E+01  7.841873E-02 -2.410064E-02
       145   3  2.648819E+01  1.878233E+01  1.817990E-01 -2.176204E+01 -5.779188E-02  1.258891E-02
       145   4  4.851244E+01  1.255160E+00 -5.672146E-03 -2.214397E+01  7.239220E-02 -6.800968E-02
       145   5  1.152115E+01  3.260593E+00 -4.961506E-01 -9.230392E+00  4.592159E-02 -2.015658E-02
       145   6  3.663420E+01 -8.341650E+00  3.814656E-01 -1.666611E+01 -7.841873E-02  2.410064E-02
       145   7  2.648819E+01  1.878233E+01  1.817990E-01 -2.176204E+01  5.779188E-02 -1.258891E-02
       145   8  4.851244E+01  1.255160E+00 -5.672146E-03 -2.214397E+01 -7.239220E-02  6.800968E-02
       151   1  4.016356E+01  2.606418E+01 -1.736078E-01 -3.192165E+01 -3.421818E-02  5.328406E-02
       151   2  6.026609E+01  8.333607E+00  9.411513E-02 -2.718468E+01  6.138641E-02 -2.595408E-02
       151   3  6.459078E+01  3.315559E+01  1.085715E-01 -4.466599E+01 -3.052946E-02  2.104375E-02
       151   4  7.876226E+01  1.575925E+01 -8.120816E-03 -3.388864E+01  5.057012E-02 -3.876332E-02
       151   5  4.016356E+01  2.606418E+01 -1.736078E-01 -3.192165E+01  3.421818E-02 -5.328406E-02
       151   6  6.026609E+01  8.333607E+00  9.411513E-02 -2.718468E+01 -6.138641E-02  2.595408E-02
       151   7  6.459078E+01  3.315559E+01  1.085715E-01 -4.466599E+01  3.052946E-02 -2.104375E-02
       151   8  7.876226E+01  1.575925E+01 -8.120816E-03 -3.388864E+01 -5.057012E-02  3.876332E-02
       157   1  8.500241E+01  3.415658E+01 -1.897554E-01 -5.271717E+01 -3.495727E-02  1.101412E-02
       157   2  9.503006E+01  1.952909E+01  7.584453E-02 -3.836375E+01  4.776704E-02 -2.282031E-02
       157   3  1.164330E+02  3.311108E+01  8.651864E-02 -5.980866E+01 -3.703033E-02  1.074928E-02
       157   4  1.187186E+02  2.186063E+01 -8.019971E-03 -4.249358E+01  4.611048E-02 -3.332807E-02
       157   5  8.500241E+01  3.415658E+01 -1.897554E-01 -5.271717E+01  3.495727E-02 -1.101412E-02
       157   6  9.503006E+01  1.952909E+01  7.584453E-02 -3.836375E+01 -4.776704E-02  2.282031E-02
       157   7  1.164330E+02  3.311108E+01  8.651864E-02 -5.980866E+01  3.703033E-02 -1.074928E-02
       157   8  1.187186E+02  2.186063E+01 -8.019971E-03 -4.249358E+01 -4.611048E-02  3.332807E-02
       163   1  1.402563E+02  2.917833E+01 -9.679682E-02 -6.184702E+01 -2.175192E-02  2.314908E-02
       163   2  1.373791E+02  2.178684E+01  2.364913E-02 -4.346689E+01  4.713473E-02 -8.409884E-03
       163   3  1.724718E+02  2.269664E+01  7.115962E-02 -5.922902E+01 -2.745250E-02 -1.583922E-03
       163   4  1.618719E+02  1.997996E+01 -7.453482E-03 -4.147749E+01  3.853761E-02 -2.709648E-02
       163   5  1.402563E+02  2.917833E+01 -9.679682E-02 -6.184702E+01  2.175192E-02 -2.314908E-02
       163   6  1.373791E+02  2.178684E+01  2.364913E-02 -4.346689E+01 -4.713473E-02  8.409884E-03
       163   7  1.724718E+02  2.269664E+01  7.115962E-02 -5.922902E+01  2.745250E-02  1.583922E-03
       163   8  1.618719E+02  1.997996E+01 -7.453482E-03 -4.147749E+01 -3.853761E-02  2.709648E-02
       169   1  1.940598E+02  1.672680E+01 -6.501624E-02 -5.336813E+01 -2.144231E-02  1.866925E-02
       169   2  1.787568E+02  1.775035E+01  1.178905E-03 -3.716639E+01  3.131754E-02 -1.006170E-03
       169   3  2.188291E+02  9.725220E+00  4.453638E-02 -4.030929E+01 -1.305242E-02 -2.912754E-03
       169   4  1.977041E+02  1.461154E+01 -1.530594E-02 -2.803987E+01  2.636461E-02 -1.579927E-02
       169   5  1.940598E+02  1.672680E+01 -6.501624E-02 -5.336813E+01  2.144231E-02 -1.866925E-02
       169   6  1.787568E+02  1.775035E+01  1.178905E-03 -3.716639E+01 -3.131754E-02  1.006170E-03
       169   7  2.188291E+02  9.725220E+00  4.453638E-02 -4.030929E+01  1.305242E-02  2.912754E-03
       169   8  1.977041E+02  1.461154E+01 -1.530594E-02 -2.803987E+01 -2.636461E-02  1.579927E-02
       175   1  2.320811E+02  5.430213E+00 -2.699501E-02 -2.760849E+01 -1.385735E-02  9.177565E-03
       175   2  2.080798E+02  1.264953E+01 -1.193684E-02 -1.894195E+01  1.287282E-02 -9.161221E-05
       175   3  2.420897E+02  2.489689E+00  1.726666E-02 -7.648344E+00  2.082493E-04  6.664966E-04
       175   4  2.157441E+02  1.125916E+01 -2.017857E-02 -4.943149E+00  1.022197E-02 -6.057207E-03
       175   5  2.320811E+02  5.430213E+00 -2.699501E-02 -2.760849E+01  1.385735E-02 -9.177565E-03
       175   6  2.080798E+02  1.264953E+01 -1.193684E-02 -1.894195E+01 -1.287282E-02  9.161221E-05
       175   7  2.420897E+02  2.489689E+00  1.726666E-02 -7.648344E+00 -2.082493E-04 -6.664966E-04
       175   8  2.157441E+02  1.125916E+01 -2.017857E-02 -4.943149E+00 -1.022197E-02  6.057207E-03
       181   1  2.429072E+02  2.483070E+00  4.859854E-03  7.907112E+00 -3.401885E-03  1.605159E-03
       181   2  2.163857E+02  1.138091E+01 -1.409098E-02  6.184368E+00 -5.669115E-03 -4.989647E-03
       181   3  2.350841E+02  5.591960E+00 -1.271457E-02  2.820122E+01  1.185402E-02  8.954391E-03
       181   4  2.103123E+02  1.310182E+01 -1.908522E-02  2.038641E+01 -8.321009E-03 -2.363346E-04
       181   5  2.429072E+02  2.483070E+00  4.859854E-03  7.907112E+00  3.401885E-03 -1.605159E-03
       181   6  2.163857E+02  1.138091E+01 -1.409098E-02  6.184368E+00  5.669115E-03  4.989647E-03
       181   7  2.350841E+02  5.591960E+00 -1.271457E-02  2.820122E+01 -1.185402E-02 -8.954391E-03
       181   8  2.103123E+02  1.310182E+01 -1.908522E-02  2.038641E+01  8.321009E-03  2.363346E-04
       187   1  2.232424E+02  9.986035E+00  3.540941E-02  4.137396E+01  1.011499E-02 -3.194086E-03
       187   2  2.010474E+02  1.536428E+01 -9.497884E-03  2.977572E+01 -2.223042E-02 -1.463856E-02
       187   3  2.000661E+02  1.743387E+01 -4.864391E-02  5.527197E+01  1.689621E-02  1.663508E-02
       187   4  1.832433E+02  1.894833E+01 -9.645710E-03  3.937949E+01 -2.758540E-02 -1.096244E-03
       187   5  2.232424E+02  9.986035E+00  3.540941E-02  4.137396E+01 -1.011499E-02  3.194086E-03
       187   6  2.010474E+02  1.536428E+01 -9.497884E-03  2.977572E+01  2.223042E-02  1.463856E-02
       187   7  2.000661E+02  1.743387E+01 -4.864391E-02  5.527197E+01 -1.689621E-02 -1.663508E-02
       187   8  1.832433E+02  1.894833E+01 -9.645710E-03  3.937949E+01  2.758540E-02  1.096244E-03
       193   1  1.792716E+02  2.376029E+01  5.544965E-02  6.185038E+01  2.553804E-02  9.973135E-04
       193   2  1.670214E+02  2.157721E+01 -3.896070E-03  4.409454E+01 -3.445483E-02 -2.432250E-02
       193   3  1.476378E+02  3.102455E+01 -9.280129E-02  6.537252E+01  2.208181E-02  1.523373E-02
       193   4  1.429608E+02  2.386756E+01  1.211267E-02  4.650567E+01 -4.016553E-02 -9.600010E-03
       193   5  1.792716E+02  2.376029E+01  5.544965E-02  6.185038E+01 -2.553804E-02 -9.973135E-04
       193   6  1.670214E+02  2.157721E+01 -3.896070E-03  4.409454E+01  3.445483E-02  2.432250E-02
       193   7  1.476378E+02  3.102455E+01 -9.280129E-02  6.537252E+01 -2.208181E-02 -1.523373E-02
       193   8  1.429608E+02  2.386756E+01  1.211267E-02  4.650567E+01  4.016553E-02  9.600010E-03
       199   1  1.237924E+02  3.552863E+01  7.426128E-02  6.391520E+01  3.176763E-02  1.452932E-02
       199   2  1.244067E+02  2.428435E+01  3.995616E-03  4.578378E+01 -4.656874E-02 -3.293493E-02
       199   3  9.184220E+01  3.737310E+01 -1.821272E-01  5.724406E+01  4.011508E-02  2.175446E-02
       199   4  1.005137E+02  2.211462E+01  7.670625E-02  4.171494E+01 -5.167885E-02 -2.264162E-02
       199   5  1.237924E+02  3.552863E+01  7.426128E-02  6.391520E+01 -3.176763E-02 -1.452932E-02
       199   6  1.244067E+02  2.428435E+01  3.995616E-03  4.578378E+01  4.656874E-02  3.293493E-02
       199   7  9.184220E+01  3.737310E+01 -1.821272E-01  5.724406E+01 -4.011508E-02 -2.175446E-02
       199   8  1.005137E+02  2.211462E+01  7.670625E-02  4.171494E+01  5.167885E-02  2.264162E-02
       205   1  7.069988E+01  3.683235E+01  1.294020E-01  4.924445E+01  3.494217E-02  1.404998E-02
       205   2  8.392383E+01  1.829784E+01 -1.949835E-03  3.716151E+01 -5.430230E-02 -4.320930E-02
       205   3  4.499502E+01  2.987115E+01 -1.797246E-01  3.610177E+01  2.552007E-02  4.607016E-02
       205   4  6.488971E+01  1.023209E+01  8.805753E-02  3.009953E+01 -6.371979E-02 -2.079465E-02
       205   5  7.069988E+01  3.683235E+01  1.294020E-01  4.924445E+01 -3.494217E-02 -1.404998E-02
       205   6  8.392383E+01  1.829784E+01 -1.949835E-03  3.716151E+01  5.430230E-02  4.320930E-02
       205   7  4.499502E+01  2.987115E+01 -1.797246E-01  3.610177E+01 -2.552007E-02 -4.607016E-02
       205   8  6.488971E+01  1.023209E+01  8.805753E-02  3.009953E+01  6.371979E-02  2.079465E-02
       211   1  3.030411E+01  2.244241E+01  1.941075E-01  2.529268E+01  4.399569E-02  9.972635E-03
       211   2  5.267351E+01  2.377154E+00 -2.327983E-02  2.473227E+01 -5.458566E-02 -4.969332E-02
       211   3  1.394273E+01  5.652778E+00 -5.747324E-01  1.166886E+01  7.060201E-02  2.082138E-02
       211   4  4.022440E+01 -8.702820E+00  3.725318E-01  1.888323E+01 -6.388786E-02 -4.426645E-02
       211   5  3.030411E+01  2.244241E+01  1.941075E-01  2.529268E+01 -4.399569E-02 -9.972635E-03
       211   6  5.267351E+01  2.377154E+00 -2.327983E-02  2.473227E+01  5.458566E-02  4.969332E-02
       211   7  1.394273E+01  5.652778E+00 -5.747324E-01  1.166886E+01 -7.060201E-02 -2.082138E-02
       211   8  4.022440E+01 -8.702820E+00  3.725318E-01  1.888323E+01  6.388786E-02  4.426645E-02
       217   1  7.235160E+00 -5.601607E+00  3.761595E-01  1.712510E+00  4.999604E-02  7.766644E-02
       217   2  3.250608E+01 -1.930042E+01 -1.627388E-01  1.536797E+01 -9.647029E-02 -7.952445E-02
       217   3 -8.943000E-01 -2.646757E+01 -3.331310E-01 -7.321730E+00  2.153305E-02  2.547468E-02
       217   4  2.532137E+01 -2.914151E+01  3.647531E-01  1.378956E+01 -6.939892E-02 -7.653260E-02
       217   5  7.235160E+00 -5.601607E+00  3.761595E-01  1.712510E+00 -4.999604E-02 -7.766644E-02
       217   6  3.250608E+01 -1.930042E+01 -1.627388E-01  1.536797E+01  9.647029E-02  7.952445E-02
       217   7 -8.943000E-01 -2.646757E+01 -3.331310E-01 -7.321730E+00 -2.153305E-02 -2.547468E-02
       217   8  2.532137E+01 -2.914151E+01  3.647531E-01  1.378956E+01  6.939892E-02  7.653260E-02
       223   1 -3.633835E+00 -4.055062E+01  5.743697E-02 -1.088355E+01  6.226699E-02  5.836002E-02
       223   2  1.855561E+01 -3.716190E+01 -2.625673E-01  1.159439E+01 -4.735853E-02 -6.202163E-02
       223   3 -5.492845E+00 -6.038346E+01  1.000381E-01 -1.518369E+01  1.771694E-02  7.938607E-02
       223   4  9.811201E+00 -4.508600E+01  6.797371E-02  8.121326E+00 -2.818745E-02 -7.680552E-02
       223   5 -3.633835E+00 -4.055062E+01  5.743697E-02 -1.088355E+01 -6.226699E-02 -5.836002E-02
       223   6  1.855561E+01 -3.716190E+01 -2.625673E-01  1.159439E+01  4.735853E-02  6.202163E-02
       223   7 -5.492845E+00 -6.038346E+01  1.000381E-01 -1.518369E+01 -1.771694E-02 -7.938607E-02
       223   8  9.811201E+00 -4.508600E+01  6.797371E-02  8.121326E+00  2.818745E-02  7.680552E-02
       229   1 -5.592749E+00 -7.379770E+01  8.493518E-02 -1.601993E+01  1.194265E-03  3.791492E-03
       229   2  4.381913E+00 -5.145710E+01 -7.772580E-02  5.860597E+00 -5.876018E-03 -4.806976E-02
       229   3 -4.963730E+00 -8.942747E+01 -1.072399E-01 -1.350761E+01 -1.286782E-03  1.846223E-02
       229   4 -8.583925E-01 -5.767731E+01  3.560448E-02  3.169133E+00 -1.752159E-02 -3.418484E-02
       229   5 -5.592749E+00 -7.379770E+01  8.493518E-02 -1.601993E+01 -1.194265E-03 -3.791492E-03
       229   6  4.381913E+00 -5.145710E+01 -7.772580E-02  5.860597E+00  5.876018E-03  4.806976E-02
       229   7 -4.963730E+00 -8.942747E+01 -1.072399E-01 -1.350761E+01  1.286782E-03 -1.846223E-02
       229   8 -8.583925E-01 -5.767731E+01  3.560448E-02  3.169133E+00  1.752159E-02  3.418484E-02
       235   1 -3.776827E+00 -9.745935E+01  5.117998E-02 -9.660011E+00  1.802408E-02  2.075908E-02
       235   2 -3.293204E+00 -6.155543E+01 -4.141860E-02  1.985811E+00 -3.517686E-03 -1.033038E-02
       235   3 -3.116978E+00 -1.033375E+02  9.265942E-03 -2.771726E+00 -1.980203E-04  4.639130E-03
       235   4 -4.869451E+00 -6.395424E+01  1.250991E-02  3.300803E-01 -5.786631E-03 -5.983862E-03
       235   5 -3.776827E+00 -9.745935E+01  5.117998E-02 -9.660011E+00 -1.802408E-02 -2.075908E-02
       235   6 -3.293204E+00 -6.155543E+01 -4.141860E-02  1.985811E+00  3.517686E-03  1.033038E-02
       235   7 -3.116978E+00 -1.033375E+02  9.265942E-03 -2.771726E+00  1.980203E-04 -4.639130E-03
       235   8 -4.869451E+00 -6.395424E+01  1.250991E-02  3.300803E-01  5.786631E-03  5.983862E-03

 forces (fx,fy,fz) for set NLEFT and time  0.1000000E+01

       873  1.358783E+03  4.915992E+01 -2.698454E+02
       874  1.358783E+03  4.915992E+01  2.698454E+02
       875 -5.295478E+03  2.898271E+02 -1.144548E+03
       877 -5.295478E+03  2.898271E+02  1.144548E+03
       879 -6.486861E+03  4.799974E+02  1.188837E-09
       920  1.216572E+03 -4.281703E+01 -2.811102E+02
       921  1.216572E+03 -4.281703E+01  2.811102E+02
       922 -3.551685E+03  1.047297E+02 -3.080998E+02
       924 -3.551685E+03  1.047297E+02  3.080998E+02
       926 -5.739157E+03  2.713994E+02  1.481638E-09
       967  1.163699E+03 -1.279843E-11 -1.616935E+02
       968  1.163699E+03 -1.572827E-11  1.616935E+02
       969 -3.120157E+03  9.906261E+00 -4.433504E+02
       971 -3.120157E+03  9.906261E+00  4.433504E+02
       973 -5.291507E+03  4.461387E-11  1.526004E-09
      1014  1.216572E+03  4.281703E+01 -2.811102E+02
      1015  1.216572E+03  4.281703E+01  2.811102E+02
      1016 -3.120157E+03 -9.906261E+00 -4.433504E+02
      1018 -3.120157E+03 -9.906261E+00  4.433504E+02
      1020 -5.739157E+03 -2.713994E+02  1.589122E-09
      1061  1.358783E+03 -4.915992E+01 -2.698454E+02
      1062  1.358783E+03 -4.915992E+01  2.698454E+02
      1063 -3.551685E+03 -1.047297E+02 -3.080998E+02
      1065 -3.551685E+03 -1.047297E+02  3.080998E+02
      1067 -6.486861E+03 -4.799974E+02  1.374616E-09
      1110 -5.295478E+03 -2.898271E+02 -1.144548E+03
      1112 -5.295478E+03 -2.898271E+02  1.144548E+03

                        S T E P       2


                                INCREMENT     1


 stresses (elem, integ.pnt.,sxx,syy,szz,sxy,sxz,syz) for set EHOLE and time  0.2000000E+01

         1   1 -7.679315E+01  5.541526E+01 -1.137444E-02 -4.373595E+00  2.843990E-03  1.394136E-03
         1   2 -6.256413E+01  4.528929E+01  1.414781E-02 -3.552017E+00 -3.298350E-03 -1.235397E-03
         1   3 -7.486740E+01  5.346913E+01 -1.827429E-03 -1.619597E+01  4.355345E-04  2.729778E-03
         1   4 -6.092674E+01  4.369185E+01  4.115311E-03 -1.320368E+01 -3.577018E-03 -6.352841E-04
         1   5 -7.679315E+01  5.541526E+01 -1.137444E-02 -4.373595E+00 -2.843990E-03 -1.394136E-03
         1   6 -6.256413E+01  4.528929E+01  1.414781E-02 -3.552017E+00  3.298350E-03  1.235397E-03
         1   7 -7.486740E+01  5.346913E+01 -1.827429E-03 -1.619597E+01 -4.355345E-04 -2.729778E-03
         1   8 -6.092674E+01  4.369185E+01  4.115311E-03 -1.320368E+01  3.577018E-03  6.352841E-04
         7   1 -7.209162E+01  5.065075E+01  1.057755E-02 -2.452944E+01  1.941073E-03  6.419203E-04
         7   2 -5.852327E+01  4.141993E+01  1.102909E-02 -1.986876E+01 -2.511625E-03 -3.999399E-03
         7   3 -6.678296E+01  4.497829E+01 -5.070414E-02 -3.519561E+01  7.234461E-03  1.836987E-03
         7   4 -5.365828E+01  3.692232E+01  4.376699E-02 -2.840888E+01 -1.605627E-03 -3.977774E-03
         7   5 -7.209162E+01  5.065075E+01  1.057755E-02 -2.452944E+01 -1.941073E-03 -6.419203E-04
         7   6 -5.852327E+01  4.141993E+01  1.102909E-02 -1.986876E+01  2.511625E-03  3.999399E-03
         7   7 -6.678296E+01  4.497829E+01 -5.070414E-02 -3.519561E+01 -7.234461E-03 -1.836987E-03
         7   8 -5.365828E+01  3.692232E+01  4.376699E-02 -2.840888E+01  1.605627E-03  3.977774E-03
        13   1 -6.142945E+01  3.968146E+01 -1.652765E-03 -4.210793E+01 -3.347371E-03  8.576098E-03
        13   2 -4.920551E+01  3.262924E+01  6.279496E-04 -3.403992E+01 -6.666118E-04 -7.562040E-03
        13   3 -5.295599E+01  3.129504E+01  8.450719E-02 -5.020367E+01 -8.506136E-03 -2.087379E-03
        13   4 -4.194869E+01  2.564466E+01 -6.434424E-02 -4.074393E+01  1.093653E-03 -6.644160E-03
        13   5 -6.142945E+01  3.968146E+01 -1.652765E-03 -4.210793E+01  3.347371E-03 -8.576098E-03
        13   6 -4.920551E+01  3.262924E+01  6.279496E-04 -3.403992E+01  6.666118E-04  7.562040E-03
        13   7 -5.295599E+01  3.129504E+01  8.450719E-02 -5.020367E+01  8.506136E-03  2.087379E-03
        13   8 -4.194869E+01  2.564466E+01 -6.434424E-02 -4.074393E+01 -1.093653E-03  6.644160E-03
        19   1 -4.674805E+01  2.423272E+01 -7.568967E-02 -5.560292E+01  7.138585E-03  5.813250E-03
        19   2 -3.635006E+01  2.026715E+01  4.552506E-02 -4.559267E+01  6.545112E-04 -3.390236E-03
        19   3 -3.617267E+01  1.317804E+01 -1.136804E-01 -6.130363E+01  9.207554E-03  1.707025E-02
        19   4 -2.845480E+01  1.217784E+01  1.664732E-01 -5.233813E+01 -1.046903E-03 -5.241747E-03
        19   5 -4.674805E+01  2.423272E+01 -7.568967E-02 -5.560292E+01 -7.138585E-03 -5.813250E-03
        19   6 -3.635006E+01  2.026715E+01  4.552506E-02 -4.559267E+01 -6.545112E-04  3.390236E-03
        19   7 -3.617267E+01  1.317804E+01 -1.136804E-01 -6.130363E+01 -9.207554E-03 -1.707025E-02
        19   8 -2.845480E+01  1.217784E+01  1.664732E-01 -5.233813E+01  1.046903E-03  5.241747E-03
        25   1 -2.761951E+01  5.326208E+00  1.372770E-01 -6.411053E+01 -1.756679E-03  3.139305E-05
        25   2 -2.239575E+01  4.851891E+00 -1.485020E-01 -5.577566E+01 -1.595861E-03 -1.602728E-02
        25   3 -1.591931E+01 -7.134837E+00 -3.869903E-02 -6.645473E+01 -3.579325E-02 -1.186064E-02
        25   4 -1.159412E+01 -5.224182E+00  1.150445E-01 -5.895136E+01 -7.448961E-03 -1.691633E-02
        25   5 -2.761951E+01  5.326208E+00  1.372770E-01 -6.411053E+01  1.756679E-03 -3.139305E-05
        25   6 -2.239575E+01  4.851891E+00 -1.485020E-01 -5.577566E+01  1.595861E-03  1.602728E-02
        25   7 -1.591931E+01 -7.134837E+00 -3.869903E-02 -6.645473E+01  3.579325E-02  1.186064E-02
        25   8 -1.159412E+01 -5.224182E+00  1.150445E-01 -5.895136E+01  7.448961E-03  1.691633E-02
        31   1 -7.059634E+00 -1.557894E+01  6.230255E-02 -6.676140E+01 -1.631973E-02  3.190881E-02
        31   2 -3.821352E+00 -1.325733E+01  2.752411E-02 -5.982128E+01  2.260886E-02 -1.607607E-02
        31   3  5.531624E+00 -2.760813E+01 -8.023812E-02 -6.494890E+01  1.592053E-01  3.070507E-02
        31   4  8.047668E+00 -2.408136E+01  7.757869E-02 -5.935397E+01  5.555915E-02  3.326433E-03
        31   5 -7.059634E+00 -1.557894E+01  6.230255E-02 -6.676140E+01  1.631973E-02 -3.190881E-02
        31   6 -3.821352E+00 -1.325733E+01  2.752411E-02 -5.982128E+01 -2.260886E-02  1.607607E-02
        31   7  5.531624E+00 -2.760813E+01 -8.023812E-02 -6.494890E+01 -1.592053E-01 -3.070507E-02
        31   8  8.047668E+00 -2.408136E+01  7.757869E-02 -5.935397E+01 -5.555915E-02 -3.326433E-03
        37   1  1.404310E+01 -3.595265E+01 -4.693012E-01 -6.296264E+01 -1.178311E-01 -6.996707E-02
        37   2  1.655603E+01 -3.210247E+01 -2.023765E-01 -5.749388E+01 -3.681591E-02 -3.682672E-02
        37   3  2.669689E+01 -4.730865E+01 -1.362133E-01 -5.764484E+01 -2.800796E-01  1.942091E-01
        37   4  2.951131E+01 -4.118098E+01  3.815818E-01 -5.278578E+01  9.169738E-03  2.765361E-02
        37   5  1.404310E+01 -3.595265E+01 -4.693012E-01 -6.296264E+01  1.178311E-01  6.996707E-02
        37   6  1.655603E+01 -3.210247E+01 -2.023765E-01 -5.749388E+01  3.681591E-02  3.682672E-02
        37   7  2.669689E+01 -4.730865E+01 -1.362133E-01 -5.764484E+01  2.800796E-01 -1.942091E-01
        37   8  2.951131E+01 -4.118098E+01  3.815818E-01 -5.278578E+01 -9.169738E-03 -2.765361E-02
        43   1  3.379035E+01 -5.435917E+01  5.546823E-01 -5.410517E+01  3.102665E-01  1.492184E-01
        43   2  3.716500E+01 -4.938622E+01 -1.800000E-01 -4.916358E+01  1.250453E-01  5.467308E-02
        43   3  4.912316E+01 -5.820403E+01  4.035349E+00 -4.073926E+01 -1.704978E-01 -1.150354E+00
        43   4  4.975380E+01 -5.800386E+01 -2.980255E-01 -4.199739E+01 -1.025613E-01 -5.458651E-01
        43   5  3.379035E+01 -5.435917E+01  5.546823E-01 -5.410517E+01 -3.102665E-01 -1.492184E-01
        43   6  3.716500E+01 -4.938622E+01 -1.800000E-01 -4.916358E+01 -1.250453E-01 -5.467308E-02
        43   7  4.912316E+01 -5.820403E+01  4.035349E+00 -4.073926E+01  1.704978E-01  1.150354E+00
        43   8  4.975380E+01 -5.800386E+01 -2.980255E-01 -4.199739E+01  1.025613E-01  5.458651E-01
        49   1  4.628853E+01 -7.319293E+01 -3.355006E+00 -4.311524E+01  1.076467E-02  6.771620E-01
        49   2  6.392474E+01 -6.298258E+01  2.975175E-01 -3.426040E+01 -3.711262E-04  3.422802E-01
        49   3  7.558574E+01 -7.172498E+01 -8.340238E+00 -2.160921E+01  5.256400E-01  1.756965E+00
        49   4  8.694458E+01 -5.221384E+01 -5.500975E-01 -9.382989E+00 -9.888858E-02  8.931179E-01
        49   5  4.628853E+01 -7.319293E+01 -3.355006E+00 -4.311524E+01 -1.076467E-02 -6.771620E-01
        49   6  6.392474E+01 -6.298258E+01  2.975175E-01 -3.426040E+01  3.711262E-04 -3.422802E-01
        49   7  7.558574E+01 -7.172498E+01 -8.340238E+00 -2.160921E+01 -5.256400E-01 -1.756965E+00
        49   8  8.694458E+01 -5.221384E+01 -5.500975E-01 -9.382989E+00  9.888858E-02 -8.931179E-01
        55   1  1.218720E+02 -2.932803E+00  8.548137E+00 -8.607845E+00 -1.473816E-01 -1.861745E+00
        55   2  9.917298E+01 -1.686565E+01  5.080264E-01  2.562147E+00 -3.640309E-01 -8.744904E-01
        55   3  1.381870E+02  1.046425E+01  3.502055E+00 -9.569485E+00 -2.868915E-01 -5.861515E-01
        55   4  1.087752E+02  6.407218E+00 -2.427375E-01 -4.692736E-01 -8.186660E-02 -2.713396E-01
        55   5  1.218720E+02 -2.932803E+00  8.548137E+00 -8.607845E+00  1.473816E-01  1.861745E+00
        55   6  9.917298E+01 -1.686565E+01  5.080264E-01  2.562147E+00  3.640309E-01  8.744904E-01
        55   7  1.381870E+02  1.046425E+01  3.502055E+00 -9.569485E+00  2.868915E-01  5.861515E-01
        55   8  1.087752E+02  6.407218E+00 -2.427375E-01 -4.692736E-01  8.186660E-02  2.713396E-01
        61   1  1.327494E+02 -5.751931E+00 -4.471091E+00  7.658118E+00  2.849444E-01  1.150856E+00
        61   2  1.148042E+02  7.672348E+00  3.319636E-01  3.205088E+00  9.249648E-02  5.662216E-01
        61   3  1.301946E+02  4.393087E+00 -6.030232E-01  1.443052E+01  2.851983E-01 -2.823365E-01
        61   4  1.136180E+02  8.181081E+00  1.700634E-01  1.142446E+01  1.226425E-01 -1.159759E-01
        61   5  1.327494E+02 -5.751931E+00 -4.471091E+00  7.658118E+00 -2.849444E-01 -1.150856E+00
        61   6  1.148042E+02  7.672348E+00  3.319636E-01  3.205088E+00 -9.249648E-02 -5.662216E-01
        61   7  1.301946E+02  4.393087E+00 -6.030232E-01  1.443052E+01 -2.851983E-01  2.823365E-01
        61   8  1.136180E+02  8.181081E+00  1.700634E-01  1.142446E+01 -1.226425E-01  1.159759E-01
        67   1  1.236954E+02  5.863502E+00  1.269631E-01  2.351473E+01 -4.150384E-01 -7.017562E-02
        67   2  1.088025E+02  7.514177E+00 -4.440848E-01  1.743704E+01 -1.138874E-02 -1.344130E-02
        67   3  1.128585E+02  1.020948E+01  6.046080E-01  3.094865E+01 -7.304451E-02  1.019756E-01
        67   4  1.011828E+02  1.170876E+01  2.318082E-01  2.309082E+01 -2.977954E-02  3.946810E-02
        67   5  1.236954E+02  5.863502E+00  1.269631E-01  2.351473E+01  4.150384E-01  7.017562E-02
        67   6  1.088025E+02  7.514177E+00 -4.440848E-01  1.743704E+01  1.138874E-02  1.344130E-02
        67   7  1.128585E+02  1.020948E+01  6.046080E-01  3.094865E+01  7.304451E-02 -1.019756E-01
        67   8  1.011828E+02  1.170876E+01  2.318082E-01  2.309082E+01  2.977954E-02 -3.946810E-02
        73   1  1.022699E+02  1.339305E+01  5.025013E-02  3.592420E+01  1.537328E-01 -8.790301E-02
        73   2  9.347127E+01  1.356663E+01 -3.019647E-02  2.623612E+01  7.618661E-02 -2.041666E-02
        73   3  8.694692E+01  1.878078E+01 -3.153567E-02  3.878201E+01 -5.521376E-02 -2.032352E-02
        73   4  8.178182E+01  1.611227E+01 -5.471684E-02  2.875294E+01  3.931106E-02  1.794310E-02
        73   5  1.022699E+02  1.339305E+01  5.025013E-02  3.592420E+01 -1.537328E-01  8.790301E-02
        73   6  9.347127E+01  1.356663E+01 -3.019647E-02  2.623612E+01 -7.618661E-02  2.041666E-02
        73   7  8.694692E+01  1.878078E+01 -3.153567E-02  3.878201E+01  5.521376E-02  2.032352E-02
        73   8  8.178182E+01  1.611227E+01 -5.471684E-02  2.875294E+01 -3.931106E-02 -1.794310E-02
        79   1  7.493865E+01  2.212403E+01 -4.404552E-02  3.937238E+01 -2.624197E-02  1.991160E-02
        79   2  7.257694E+01  1.736742E+01 -4.268132E-02  2.930612E+01  7.226754E-03  2.074439E-02
        79   3  5.889672E+01  2.515205E+01 -6.457141E-02  3.746165E+01 -1.129055E-02 -9.915642E-03
        79   4  6.044870E+01  1.826367E+01  4.673968E-02  2.824519E+01  2.233958E-02  9.724733E-03
        79   5  7.493865E+01  2.212403E+01 -4.404552E-02  3.937238E+01  2.624197E-02 -1.991160E-02
        79   6  7.257694E+01  1.736742E+01 -4.268132E-02  2.930612E+01 -7.226754E-03 -2.074439E-02
        79   7  5.889672E+01  2.515205E+01 -6.457141E-02  3.746165E+01  1.129055E-02  9.915642E-03
        79   8  6.044870E+01  1.826367E+01  4.673968E-02  2.824519E+01 -2.233958E-02 -9.724733E-03
        85   1  4.785925E+01  2.651075E+01  3.437250E-02  3.451056E+01 -1.641758E-02 -1.447833E-02
        85   2  5.185332E+01  1.791088E+01  3.492459E-03  2.655096E+01  2.760838E-02  2.089680E-02
        85   3  3.419484E+01  2.591042E+01 -6.012652E-02  2.899908E+01 -1.837770E-02 -2.318787E-02
        85   4  4.155926E+01  1.619298E+01  1.976005E-02  2.347330E+01  2.725712E-02  1.625104E-02
        85   5  4.785925E+01  2.651075E+01  3.437250E-02  3.451056E+01  1.641758E-02  1.447833E-02
        85   6  5.185332E+01  1.791088E+01  3.492459E-03  2.655096E+01 -2.760838E-02 -2.089680E-02
        85   7  3.419484E+01  2.591042E+01 -6.012652E-02  2.899908E+01  1.837770E-02  2.318787E-02
        85   8  4.155926E+01  1.619298E+01  1.976005E-02  2.347330E+01 -2.725712E-02 -1.625104E-02
        91   1  2.591527E+01  2.429711E+01  6.944796E-02  2.422711E+01 -2.324229E-02 -1.126064E-02
        91   2  3.483999E+01  1.406182E+01 -4.019931E-03  2.089328E+01  3.263474E-02  3.556177E-02
        91   3  1.639719E+01  1.952030E+01 -1.838953E-01  1.770421E+01 -2.158529E-02 -1.402767E-02
        91   4  2.751050E+01  1.072394E+01  1.264035E-01  1.758919E+01  3.681882E-02  1.501493E-02
        91   5  2.591527E+01  2.429711E+01  6.944796E-02  2.422711E+01  2.324229E-02  1.126064E-02
        91   6  3.483999E+01  1.406182E+01 -4.019931E-03  2.089328E+01 -3.263474E-02 -3.556177E-02
        91   7  1.639719E+01  1.952030E+01 -1.838953E-01  1.770421E+01  2.158529E-02  1.402767E-02
        91   8  2.751050E+01  1.072394E+01  1.264035E-01  1.758919E+01 -3.681882E-02 -1.501493E-02
        97   1  1.172175E+01  1.608152E+01  1.596615E-01  1.288046E+01 -1.784649E-02 -1.165589E-02
        97   2  2.289427E+01  7.268926E+00 -1.016930E-01  1.527171E+01  1.982064E-02  1.161808E-02
        97   3  6.135175E+00  9.119258E+00 -1.334498E-01  7.733347E+00  8.016958E-03 -1.544169E-02
        97   4  1.830379E+01  4.068476E+00  1.105917E-01  1.317020E+01 -5.913881E-03  4.093691E-02
        97   5  1.172175E+01  1.608152E+01  1.596615E-01  1.288046E+01  1.784649E-02  1.165589E-02
        97   6  2.289427E+01  7.268926E+00 -1.016930E-01  1.527171E+01 -1.982064E-02 -1.161808E-02
        97   7  6.135175E+00  9.119258E+00 -1.334498E-01  7.733347E+00 -8.016958E-03  1.544169E-02
        97   8  1.830379E+01  4.068476E+00  1.105917E-01  1.317020E+01  5.913881E-03 -4.093691E-02
       103   1  3.756562E+00  4.426524E+00  7.179286E-02  5.126509E+00  9.193882E-04 -4.132443E-02
       103   2  1.431945E+01  1.430743E+00 -1.778303E-01  1.130030E+01 -4.650009E-03  4.544803E-02
       103   3  1.268964E+00 -2.406479E+00  2.774167E-02  1.745886E+00 -1.705276E-02 -4.950250E-02
       103   4  9.430224E+00 -4.302163E-01  3.640842E-02  8.817983E+00  2.231744E-02  5.955750E-02
       103   5  3.756562E+00  4.426524E+00  7.179286E-02  5.126509E+00 -9.193882E-04  4.132443E-02
       103   6  1.431945E+01  1.430743E+00 -1.778303E-01  1.130030E+01  4.650009E-03 -4.544803E-02
       103   7  1.268964E+00 -2.406479E+00  2.774167E-02  1.745886E+00  1.705276E-02  4.950250E-02
       103   8  9.430224E+00 -4.302163E-01  3.640842E-02  8.817983E+00 -2.231744E-02 -5.955750E-02
       109   1  3.097057E-01 -6.960818E+00  4.598182E-02  6.718545E-02 -9.799876E-03 -6.830377E-03
       109   2  6.377809E+00 -2.269039E+00 -3.327102E-02  6.941436E+00  1.577744E-02  2.476181E-02
       109   3 -5.084425E-01 -1.237219E+01 -4.011759E-02 -9.455328E-01 -8.286756E-04 -8.315150E-03
       109   4  3.393907E+00 -3.965189E+00  1.197186E-02  4.471243E+00  6.887936E-03  1.545267E-02
       109   5  3.097057E-01 -6.960818E+00  4.598182E-02  6.718545E-02  9.799876E-03  6.830377E-03
       109   6  6.377809E+00 -2.269039E+00 -3.327102E-02  6.941436E+00 -1.577744E-02 -2.476181E-02
       109   7 -5.084425E-01 -1.237219E+01 -4.011759E-02 -9.455328E-01  8.286756E-04  8.315150E-03
       109   8  3.393907E+00 -3.965189E+00  1.197186E-02  4.471243E+00 -6.887936E-03 -1.545267E-02
       115   1 -5.490013E-01 -1.514222E+01  2.583599E-02 -9.366111E-01 -3.719130E-03 -8.008559E-03
       115   2  1.971640E+00 -5.145585E+00 -2.546561E-02  2.925581E+00 -1.398143E-03  3.843820E-03
       115   3 -6.422465E-01 -1.721401E+01  6.621729E-04 -3.228815E-01 -1.345677E-03 -2.165447E-03
       115   4  1.042362E+00 -5.802330E+00  9.808007E-03  7.036684E-01  3.766700E-03  2.833069E-03
       115   5 -5.490013E-01 -1.514222E+01  2.583599E-02 -9.366111E-01  3.719130E-03  8.008559E-03
       115   6  1.971640E+00 -5.145585E+00 -2.546561E-02  2.925581E+00  1.398143E-03 -3.843820E-03
       115   7 -6.422465E-01 -1.721401E+01  6.621729E-04 -3.228815E-01  1.345677E-03  2.165447E-03
       115   8  1.042362E+00 -5.802330E+00  9.808007E-03  7.036684E-01 -3.766700E-03 -2.833069E-03
       121   1 -6.422465E-01 -1.721401E+01  6.621729E-04  3.228815E-01 -1.345677E-03  2.165447E-03
       121   2  1.042362E+00 -5.802330E+00  9.808007E-03 -7.036684E-01  3.766700E-03 -2.833069E-03
       121   3 -5.490013E-01 -1.514222E+01  2.583599E-02  9.366111E-01 -3.719130E-03  8.008559E-03
       121   4  1.971640E+00 -5.145585E+00 -2.546561E-02 -2.925581E+00 -1.398143E-03 -3.843820E-03
       121   5 -6.422465E-01 -1.721401E+01  6.621729E-04  3.228815E-01  1.345677E-03 -2.165447E-03
       121   6  1.042362E+00 -5.802330E+00  9.808007E-03 -7.036684E-01 -3.766700E-03  2.833069E-03
       121   7 -5.490013E-01 -1.514222E+01  2.583599E-02  9.366111E-01  3.719130E-03 -8.008559E-03
       121   8  1.971640E+00 -5.145585E+00 -2.546561E-02 -2.925581E+00  1.398143E-03  3.843820E-03
       127   1 -5.084425E-01 -1.237219E+01 -4.011759E-02  9.455328E-01 -8.286756E-04  8.315150E-03
       127   2  3.393907E+00 -3.965189E+00  1.197186E-02 -4.471243E+00  6.887936E-03 -1.545267E-02
       127   3  3.097057E-01 -6.960818E+00  4.598182E-02 -6.718545E-02 -9.799876E-03  6.830377E-03
       127   4  6.377809E+00 -2.269039E+00 -3.327102E-02 -6.941436E+00  1.577744E-02 -2.476181E-02
       127   5 -5.084425E-01 -1.237219E+01 -4.011759E-02  9.455328E-01  8.286756E-04 -8.315150E-03
       127   6  3.393907E+00 -3.965189E+00  1.197186E-02 -4.471243E+00 -6.887936E-03  1.545267E-02
       127   7  3.097057E-01 -6.960818E+00  4.598182E-02 -6.718545E-02  9.799876E-03 -6.830377E-03
       127   8  6.377809E+00 -2.269039E+00 -3.327102E-02 -6.941436E+00 -1.577744E-02  2.476181E-02
       133   1  1.268964E+00 -2.406479E+00  2.774167E-02 -1.745886E+00 -1.705276E-02  4.950250E-02
       133   2  9.430224E+00 -4.302163E-01  3.640842E-02 -8.817983E+00  2.231744E-02 -5.955750E-02
       133   3  3.756562E+00  4.426524E+00  7.179286E-02 -5.126509E+00  9.193882E-04  4.132443E-02
       133   4  1.431945E+01  1.430743E+00 -1.778303E-01 -1.130030E+01 -4.650009E-03 -4.544803E-02
       133   5  1.268964E+00 -2.406479E+00  2.774167E-02 -1.745886E+00  1.705276E-02 -4.950250E-02
       133   6  9.430224E+00 -4.302163E-01  3.640842E-02 -8.817983E+00 -2.231744E-02  5.955750E-02
       133   7  3.756562E+00  4.426524E+00  7.179286E-02 -5.126509E+00 -9.193882E-04 -4.132443E-02
       133   8  1.431945E+01  1.430743E+00 -1.778303E-01 -1.130030E+01  4.650009E-03  4.544803E-02
       139   1  6.135175E+00  9.119258E+00 -1.334498E-01 -7.733347E+00  8.016958E-03  1.544169E-02
       139   2  1.830379E+01  4.068476E+00  1.105917E-01 -1.317020E+01 -5.913881E-03 -4.093691E-02
       139   3  1.172175E+01  1.608152E+01  1.596615E-01 -1.288046E+01 -1.784649E-02  1.165589E-02
       139   4  2.289427E+01  7.268926E+00 -1.016930E-01 -1.527171E+01  1.982064E-02 -1.161808E-02
       139   5  6.135175E+00  9.119258E+00 -1.334498E-01 -7.733347E+00 -8.016958E-03 -1.544169E-02
       139   6  1.830379E+01  4.068476E+00  1.105917E-01 -1.317020E+01  5.913881E-03  4.093691E-02
       139   7  1.172175E+01  1.608152E+01  1.596615E-01 -1.288046E+01  1.784649E-02 -1.165589E-02
       139   8  2.289427E+01  7.268926E+00 -1.016930E-01 -1.527171E+01 -1.982064E-02  1.161808E-02
       145   1  1.639719E+01  1.952030E+01 -1.838953E-01 -1.770421E+01 -2.158529E-02  1.402767E-02
       145   2  2.751050E+01  1.072394E+01  1.264035E-01 -1.758919E+01  3.681882E-02 -1.501493E-02
       145   3  2.591527E+01  2.429711E+01  6.944796E-02 -2.422711E+01 -2.324229E-02  1.126064E-02
       145   4  3.483999E+01  1.406182E+01 -4.019931E-03 -2.089328E+01  3.263474E-02 -3.556177E-02
       145   5  1.639719E+01  1.952030E+01 -1.838953E-01 -1.770421E+01  2.158529E-02 -1.402767E-02
       145   6  2.751050E+01  1.072394E+01  1.264035E-01 -1.758919E+01 -3.681882E-02  1.501493E-02
       145   7  2.591527E+01  2.429711E+01  6.944796E-02 -2.422711E+01  2.324229E-02 -1.126064E-02
       145   8  3.483999E+01  1.406182E+01 -4.019931E-03 -2.089328E+01 -3.263474E-02  3.556177E-02
       151   1  3.419484E+01  2.591042E+01 -6.012652E-02 -2.899908E+01 -1.837770E-02  2.318787E-02
       151   2  4.155926E+01  1.619298E+01  1.976005E-02 -2.347330E+01  2.725712E-02 -1.625104E-02
       151   3  4.785925E+01  2.651075E+01  3.437250E-02 -3.451056E+01 -1.641758E-02  1.447833E-02
       151   4  5.185332E+01  1.791088E+01  3.492459E-03 -2.655096E+01  2.760838E-02 -2.089680E-02
       151   5  3.419484E+01  2.591042E+01 -6.012652E-02 -2.899908E+01  1.837770E-02 -2.318787E-02
       151   6  4.155926E+01  1.619298E+01  1.976005E-02 -2.347330E+01 -2.725712E-02  1.625104E-02
       151   7  4.785925E+01  2.651075E+01  3.437250E-02 -3.451056E+01  1.641758E-02 -1.447833E-02
       151   8  5.185332E+01  1.791088E+01  3.492459E-03 -2.655096E+01 -2.760838E-02  2.089680E-02
       157   1  5.889672E+01  2.515205E+01 -6.457141E-02 -3.746165E+01 -1.129055E-02  9.915642E-03
       157   2  6.044870E+01  1.826367E+01  4.673968E-02 -2.824519E+01  2.233958E-02 -9.724733E-03
       157   3  7.493865E+01  2.212403E+01 -4.404552E-02 -3.937238E+01 -2.624197E-02 -1.991160E-02
       157   4  7.257694E+01  1.736742E+01 -4.268132E-02 -2.930612E+01  7.226754E-03 -2.074439E-02
       157   5  5.889672E+01  2.515205E+01 -6.457141E-02 -3.746165E+01  1.129055E-02 -9.915642E-03
       157   6  6.044870E+01  1.826367E+01  4.673968E-02 -2.824519E+01 -2.233958E-02  9.724733E-03
       157   7  7.493865E+01  2.212403E+01 -4.404552E-02 -3.937238E+01  2.624197E-02  1.991160E-02
       157   8  7.257694E+01  1.736742E+01 -4.268132E-02 -2.930612E+01 -7.226754E-03  2.074439E-02
       163   1  8.694692E+01  1.878078E+01 -3.153567E-02 -3.878201E+01 -5.521376E-02  2.032352E-02
       163   2  8.178182E+01  1.611227E+01 -5.471684E-02 -2.875294E+01  3.931106E-02 -1.794310E-02
       163   3  1.022699E+02  1.339305E+01  5.025013E-02 -3.592420E+01  1.537328E-01  8.790301E-02
       163   4  9.347127E+01  1.356663E+01 -3.019647E-02 -2.623612E+01  7.618661E-02  2.041666E-02
       163   5  8.694692E+01  1.878078E+01 -3.153567E-02 -3.878201E+01  5.521376E-02 -2.032352E-02
       163   6  8.178182E+01  1.611227E+01 -5.471684E-02 -2.875294E+01 -3.931106E-02  1.794310E-02
       163   7  1.022699E+02  1.339305E+01  5.025013E-02 -3.592420E+01 -1.537328E-01 -8.790301E-02
       163   8  9.347127E+01  1.356663E+01 -3.019647E-02 -2.623612E+01 -7.618661E-02 -2.041666E-02
       169   1  1.128585E+02  1.020948E+01  6.046080E-01 -3.094865E+01 -7.304451E-02 -1.019756E-01
       169   2  1.011828E+02  1.170876E+01  2.318082E-01 -2.309082E+01 -2.977954E-02 -3.946810E-02
       169   3  1.236954E+02  5.863502E+00  1.269631E-01 -2.351473E+01 -4.150384E-01  7.017562E-02
       169   4  1.088025E+02  7.514177E+00 -4.440848E-01 -1.743704E+01 -1.138874E-02  1.344130E-02
       169   5  1.128585E+02  1.020948E+01  6.046080E-01 -3.094865E+01  7.304451E-02  1.019756E-01
       169   6  1.011828E+02  1.170876E+01  2.318082E-01 -2.309082E+01  2.977954E-02  3.946810E-02
       169   7  1.236954E+02  5.863502E+00  1.269631E-01 -2.351473E+01  4.150384E-01 -7.017562E-02
       169   8  1.088025E+02  7.514177E+00 -4.440848E-01 -1.743704E+01  1.138874E-02 -1.344130E-02
       175   1  1.301946E+02  4.393087E+00 -6.030232E-01 -1.443052E+01  2.851983E-01  2.823365E-01
       175   2  1.136180E+02  8.181081E+00  1.700634E-01 -1.142446E+01  1.226425E-01  1.159759E-01
       175   3  1.327494E+02 -5.751931E+00 -4.471091E+00 -7.658118E+00  2.849444E-01 -1.150856E+00
       175   4  1.148042E+02  7.672348E+00  3.319636E-01 -3.205088E+00  9.249648E-02 -5.662216E-01
       175   5  1.301946E+02  4.393087E+00 -6.030232E-01 -1.443052E+01 -2.851983E-01 -2.823365E-01
       175   6  1.136180E+02  8.181081E+00  1.700634E-01 -1.142446E+01 -1.226425E-01 -1.159759E-01
       175   7  1.327494E+02 -5.751931E+00 -4.471091E+00 -7.658118E+00 -2.849444E-01  1.150856E+00
       175   8  1.148042E+02  7.672348E+00  3.319636E-01 -3.205088E+00 -9.249648E-02  5.662216E-01
       181   1  1.381870E+02  1.046425E+01  3.502055E+00  9.569485E+00 -2.868915E-01  5.861515E-01
       181   2  1.087752E+02  6.407218E+00 -2.427375E-01  4.692736E-01 -8.186660E-02  2.713396E-01
       181   3  1.218720E+02 -2.932803E+00  8.548137E+00  8.607845E+00 -1.473816E-01  1.861745E+00
       181   4  9.917298E+01 -1.686565E+01  5.080264E-01 -2.562147E+00 -3.640309E-01  8.744904E-01
       181   5  1.381870E+02  1.046425E+01  3.502055E+00  9.569485E+00  2.868915E-01 -5.861515E-01
       181   6  1.087752E+02  6.407218E+00 -2.427375E-01  4.692736E-01  8.186660E-02 -2.713396E-01
       181   7  1.218720E+02 -2.932803E+00  8.548137E+00  8.607845E+00  1.473816E-01 -1.861745E+00
       181   8  9.917298E+01 -1.686565E+01  5.080264E-01 -2.562147E+00  3.640309E-01 -8.744904E-01
       187   1  7.558574E+01 -7.172498E+01 -8.340238E+00  2.160921E+01  5.256400E-01 -1.756965E+00
       187   2  8.694458E+01 -5.221384E+01 -5.500975E-01  9.382989E+00 -9.888858E-02 -8.931179E-01
       187   3  4.628853E+01 -7.319293E+01 -3.355006E+00  4.311524E+01  1.076467E-02 -6.771620E-01
       187   4  6.392474E+01 -6.298258E+01  2.975175E-01  3.426040E+01 -3.711262E-04 -3.422802E-01
       187   5  7.558574E+01 -7.172498E+01 -8.340238E+00  2.160921E+01 -5.256400E-01  1.756965E+00
       187   6  8.694458E+01 -5.221384E+01 -5.500975E-01  9.382989E+00  9.888858E-02  8.931179E-01
       187   7  4.628853E+01 -7.319293E+01 -3.355006E+00  4.311524E+01 -1.076467E-02  6.771620E-01
       187   8  6.392474E+01 -6.298258E+01  2.975175E-01  3.426040E+01  3.711262E-04  3.422802E-01
       193   1  4.912316E+01 -5.820403E+01  4.035349E+00  4.073926E+01 -1.704978E-01  1.150354E+00
       193   2  4.975380E+01 -5.800386E+01 -2.980255E-01  4.199739E+01 -1.025613E-01  5.458651E-01
       193   3  3.379035E+01 -5.435917E+01  5.546823E-01  5.410517E+01  3.102665E-01 -1.492184E-01
       193   4  3.716500E+01 -4.938622E+01 -1.800000E-01  4.916358E+01  1.250453E-01 -5.467308E-02
       193   5  4.912316E+01 -5.820403E+01  4.035349E+00  4.073926E+01  1.704978E-01 -1.150354E+00
       193   6  4.975380E+01 -5.800386E+01 -2.980255E-01  4.199739E+01  1.025613E-01 -5.458651E-01
       193   7  3.379035E+01 -5.435917E+01  5.546823E-01  5.410517E+01 -3.102665E-01  1.492184E-01
       193   8  3.716500E+01 -4.938622E+01 -1.800000E-01  4.916358E+01 -1.250453E-01  5.467308E-02
       199   1  2.669689E+01 -4.730865E+01 -1.362133E-01  5.764484E+01 -2.800796E-01 -1.942091E-01
       199   2  2.951131E+01 -4.118098E+01  3.815818E-01  5.278578E+01  9.169738E-03 -2.765361E-02
       199   3  1.404310E+01 -3.595265E+01 -4.693012E-01  6.296264E+01 -1.178311E-01  6.996707E-02
       199   4  1.655603E+01 -3.210247E+01 -2.023765E-01  5.749388E+01 -3.681591E-02  3.682672E-02
       199   5  2.669689E+01 -4.730865E+01 -1.362133E-01  5.764484E+01  2.800796E-01  1.942091E-01
       199   6  2.951131E+01 -4.118098E+01  3.815818E-01  5.278578E+01 -9.169738E-03  2.765361E-02
       199   7  1.404310E+01 -3.595265E+01 -4.693012E-01  6.296264E+01  1.178311E-01 -6.996707E-02
       199   8  1.655603E+01 -3.210247E+01 -2.023765E-01  5.749388E+01  3.681591E-02 -3.682672E-02
       205   1  5.531624E+00 -2.760813E+01 -8.023812E-02  6.494890E+01  1.592053E-01 -3.070507E-02
       205   2  8.047668E+00 -2.408136E+01  7.757869E-02  5.935397E+01  5.555915E-02 -3.326433E-03
       205   3 -7.059634E+00 -1.557894E+01  6.230255E-02  6.676140E+01 -1.631973E-02 -3.190881E-02
       205   4 -3.821352E+00 -1.325733E+01  2.752411E-02  5.982128E+01  2.260886E-02  1.607607E-02
       205   5  5.531624E+00 -2.760813E+01 -8.023812E-02  6.494890E+01 -1.592053E-01  3.070507E-02
       205   6  8.047668E+00 -2.408136E+01  7.757869E-02  5.935397E+01 -5.555915E-02  3.326433E-03
       205   7 -7.059634E+00 -1.557894E+01  6.230255E-02  6.676140E+01  1.631973E-02  3.190881E-02
       205   8 -3.821352E+00 -1.325733E+01  2.752411E-02  5.982128E+01 -2.260886E-02 -1.607607E-02
       211   1 -1.591931E+01 -7.134837E+00 -3.869903E-02  6.645473E+01 -3.579325E-02  1.186064E-02
       211   2 -1.159412E+01 -5.224182E+00  1.150445E-01  5.895136E+01 -7.448961E-03  1.691633E-02
       211   3 -2.761951E+01  5.326208E+00  1.372770E-01  6.411053E+01 -1.756679E-03 -3.139305E-05
       211   4 -2.239575E+01  4.851891E+00 -1.485020E-01  5.577566E+01 -1.595861E-03  1.602728E-02
       211   5 -1.591931E+01 -7.134837E+00 -3.869903E-02  6.645473E+01  3.579325E-02 -1.186064E-02
       211   6 -1.159412E+01 -5.224182E+00  1.150445E-01  5.895136E+01  7.448961E-03 -1.691633E-02
       211   7 -2.761951E+01  5.326208E+00  1.372770E-01  6.411053E+01  1.756679E-03  3.139305E-05
       211   8 -2.239575E+01  4.851891E+00 -1.485020E-01  5.577566E+01  1.595861E-03 -1.602728E-02
       217   1 -3.617267E+01  1.317804E+01 -1.136804E-01  6.130363E+01  9.207554E-03 -1.707025E-02
       217   2 -2.845480E+01  1.217784E+01  1.664732E-01  5.233813E+01 -1.046903E-03  5.241747E-03
       217   3 -4.674805E+01  2.423272E+01 -7.568967E-02  5.560292E+01  7.138585E-03 -5.813250E-03
       217   4 -3.635006E+01  2.026715E+01  4.552506E-02  4.559267E+01  6.545112E-04  3.390236E-03
       217   5 -3.617267E+01  1.317804E+01 -1.136804E-01  6.130363E+01 -9.207554E-03  1.707025E-02
       217   6 -2.845480E+01  1.217784E+01  1.664732E-01  5.233813E+01  1.046903E-03 -5.241747E-03
       217   7 -4.674805E+01  2.423272E+01 -7.568967E-02  5.560292E+01 -7.138585E-03  5.813250E-03
       217   8 -3.635006E+01  2.026715E+01  4.552506E-02  4.559267E+01 -6.545112E-04 -3.390236E-03
       223   1 -5.295599E+01  3.129504E+01  8.450719E-02  5.020367E+01 -8.506136E-03  2.087379E-03
       223   2 -4.194869E+01  2.564466E+01 -6.434424E-02  4.074393E+01  1.093653E-03  6.644160E-03
       223   3 -6.142945E+01  3.968146E+01 -1.652765E-03  4.210793E+01 -3.347371E-03 -8.576098E-03
       223   4 -4.920551E+01  3.262924E+01  6.279496E-04  3.403992E+01 -6.666118E-04  7.562040E-03
       223   5 -5.295599E+01  3.129504E+01  8.450719E-02  5.020367E+01  8.506136E-03 -2.087379E-03
       223   6 -4.194869E+01  2.564466E+01 -6.434424E-02  4.074393E+01 -1.093653E-03 -6.644160E-03
       223   7 -6.142945E+01  3.968146E+01 -1.652765E-03  4.210793E+01  3.347371E-03  8.576098E-03
       223   8 -4.920551E+01  3.262924E+01  6.279496E-04  3.403992E+01  6.666118E-04 -7.562040E-03
       229   1 -6.678296E+01  4.497829E+01 -5.070414E-02  3.519561E+01  7.234461E-03 -1.836987E-03
       229   2 -5.365828E+01  3.692232E+01  4.376699E-02  2.840888E+01 -1.605627E-03  3.977774E-03
       229   3 -7.209162E+01  5.065075E+01  1.057755E-02  2.452944E+01  1.941073E-03 -6.419203E-04
       229   4 -5.852327E+01  4.141993E+01  1.102909E-02  1.986876E+01 -2.511625E-03  3.999399E-03
       229   5 -6.678296E+01  4.497829E+01 -5.070414E-02  3.519561E+01 -7.234461E-03  1.836987E-03
       229   6 -5.365828E+01  3.692232E+01  4.376699E-02  2.840888E+01  1.605627E-03 -3.977774E-03
       229   7 -7.209162E+01  5.065075E+01  1.057755E-02  2.452944E+01 -1.941073E-03  6.419203E-04
       229   8 -5.852327E+01  4.141993E+01  1.102909E-02  1.986876E+01  2.511625E-03 -3.999399E-03
       235   1 -7.486740E+01  5.346913E+01 -1.827429E-03  1.619597E+01  4.355345E-04 -2.729778E-03
       235   2 -6.092674E+01  4.369185E+01  4.115311E-03  1.320368E+01 -3.577018E-03  6.352841E-04
       235   3 -7.679315E+01  5.541526E+01 -1.137444E-02  4.373595E+00  2.843990E-03 -1.394136E-03
       235   4 -6.256413E+01  4.528929E+01  1.414781E-02  3.552017E+00 -3.298350E-03  1.235397E-03
       235   5 -7.486740E+01  5.346913E+01 -1.827429E-03  1.619597E+01 -4.355345E-04  2.729778E-03
       235   6 -6.092674E+01  4.369185E+01  4.115311E-03  1.320368E+01  3.577018E-03 -6.352841E-04
       235   7 -7.679315E+01  5.541526E+01 -1.137444E-02  4.373595E+00 -2.843990E-03  1.394136E-03
       235   8 -6.256413E+01  4.528929E+01  1.414781E-02  3.552017E+00  3.298350E-03 -1.235397E-03

 forces (fx,fy,fz) for set NLEFT and time  0.2000000E+01

       873  6.574446E+02  7.744687E+00 -1.279673E+02
       874  6.574446E+02  7.744687E+00  1.279673E+02
       875 -2.518207E+03  1.789721E+02 -5.421639E+02
       877 -2.518207E+03  1.789721E+02  5.421639E+02
       879 -3.100865E+03  3.338623E+02  2.328733E-10
       920  5.981837E+02 -4.344062E+01 -1.379953E+02
       921  5.981837E+02 -4.344062E+01  1.379953E+02
       922 -1.722644E+03  1.140115E+02 -1.518756E+02
       924 -1.722644E+03  1.140115E+02  1.518756E+02
       926 -2.842373E+03  2.077745E+02  3.308287E-10
       967  5.828734E+02 -5.107248E-12 -8.356808E+01
       968  5.828734E+02 -9.161928E-12  8.356808E+01
       969 -1.567777E+03  3.119513E+01 -2.209297E+02
       971 -1.567777E+03  3.119513E+01  2.209297E+02
       973 -2.673350E+03  2.130374E-11  3.923191E-10
      1014  5.981837E+02  4.344062E+01 -1.379953E+02
      1015  5.981837E+02  4.344062E+01  1.379953E+02
      1016 -1.567777E+03 -3.119513E+01 -2.209297E+02
      1018 -1.567777E+03 -3.119513E+01  2.209297E+02
      1020 -2.842373E+03 -2.077745E+02  4.605489E-10
      1061  6.574446E+02 -7.744687E+00 -1.279673E+02
      1062  6.574446E+02 -7.744687E+00  1.279673E+02
      1063 -1.722644E+03 -1.140115E+02 -1.518756E+02
      1065 -1.722644E+03 -1.140115E+02  1.518756E+02
      1067 -3.100865E+03 -3.338623E+02  4.364793E-10
      1110 -2.518207E+03 -1.789721E+02 -5.421639E+02
      1112 -2.518207E+03 -1.789721E+02  5.421639E+02

                        S T E P       3


     E I G E N V A L U E   O U T P U T

 MODE NO    EIGENVALUE                       FREQUENCY   
                                     REAL PART            IMAGINARY PART
                           (RAD/TIME)      (CYCLES/TIME     (RAD/TIME)

      1   0.1742968E+07   0.1320215E+04   0.2101187E+03   0.0000000E+00
      2   0.2768440E+08   0.5261596E+04   0.8374091E+03   0.0000000E+00
      3   0.6428165E+08   0.8017584E+04   0.1276038E+04   0.0000000E+00
      4   0.1095390E+09   0.1046609E+05   0.1665729E+04   0.0000000E+00
      5   0.3112230E+09   0.1764151E+05   0.2807734E+04   0.0000000E+00
      6   0.4980281E+09   0.2231654E+05   0.3551788E+04   0.0000000E+00

     P A R T I C I P A T I O N   F A C T O R S

MODE NO.   X-COMPONENT     Y-COMPONENT     Z-COMPONENT     X-ROTATION      Y-ROTATION      Z-ROTATION

      1  -0.4189764E-16   0.1262980E-14   0.2930608E-01  -0.2470608E-12  -0.1448809E+01   0.8071499E-13
      2   0.4386339E-16  -0.1297736E-14   0.3170553E-14  -0.9710300E+00   0.8906582E-12  -0.5750652E-13
      3  -0.9086631E-16   0.1010266E-13  -0.1702944E-01  -0.6287189E-12  -0.9107248E+00   0.5009930E-12
      4  -0.4324154E-15   0.3006460E-01   0.4578637E-14  -0.3898731E-13   0.3886142E-12   0.1546317E+01
      5   0.3083098E-15   0.3640480E-15  -0.7009232E-15  -0.3812022E+00   0.9257612E-13   0.1214827E-13
      6   0.8732571E-16   0.9012206E-15  -0.1021397E-01   0.4084320E-13  -0.7470703E+00   0.4240724E-13

     E F F E C T I V E   M O D A L   M A S S

MODE NO.   X-COMPONENT     Y-COMPONENT     Z-COMPONENT     X-ROTATION      Y-ROTATION      Z-ROTATION

      1   0.1755412E-32   0.1595118E-29   0.8588461E-03   0.6103906E-25   0.2099048E+01   0.6514909E-26
      2   0.1923997E-32   0.1684118E-29   0.1005240E-28   0.9428993E+00   0.7932720E-24   0.3306999E-26
      3   0.8256686E-32   0.1020637E-27   0.2900018E-03   0.3952874E-24   0.8294196E+00   0.2509940E-24
      4   0.1869831E-30   0.9038800E-03   0.2096392E-28   0.1520010E-26   0.1510210E-24   0.2391095E+01
      5   0.9505495E-31   0.1325309E-30   0.4912933E-30   0.1453151E+00   0.8570338E-26   0.1475804E-27
      6   0.7625779E-32   0.8121986E-30   0.1043253E-03   0.1668167E-26   0.5581140E+00   0.1798374E-26
TOTAL     0.3015999E-30   0.9038800E-03   0.1253173E-02   0.1088214E+01   0.3486582E+01   0.2391095E+01

     T O T A L   E F F E C T I V E   M A S S

MODE NO.   X-COMPONENT     Y-COMPONENT     Z-COMPONENT     X-ROTATION      Y-ROTATION      Z-ROTATION

          0.1423186E-02   0.1423186E-02   0.1423186E-02   0.1261274E+01   0.4771860E+01   0.6009414E+01


                    E I G E N V A L U E    N U M B E R     1


 stresses (elem, integ.pnt.,sxx,syy,szz,sxy,sxz,syz) for set EHOLE and time  0.3000000E+01

         1   1 -4.845079E-01  4.622018E+00  1.864941E+00 -5.133555E+00 -1.521164E+01  1.429464E+01
         1   2  7.454912E+01  2.800775E+01 -2.783675E+00 -1.523503E+01 -3.502608E+01  1.687083E+00
         1   3  5.754728E+00  1.795066E+01  2.340940E+00 -2.259694E+01 -2.107369E+01  5.392430E+01
         1   4  8.991291E+01  2.842778E+01 -3.011205E+00 -5.703066E+01 -3.515276E+01  3.356369E+00
         1   5  4.845079E-01 -4.622018E+00 -1.864941E+00  5.133555E+00 -1.521164E+01  1.429464E+01
         1   6 -7.454912E+01 -2.800775E+01  2.783675E+00  1.523503E+01 -3.502608E+01  1.687083E+00
         1   7 -5.754728E+00 -1.795066E+01 -2.340940E+00  2.259694E+01 -2.107369E+01  5.392430E+01
         1   8 -8.991291E+01 -2.842778E+01  3.011205E+00  5.703066E+01 -3.515276E+01  3.356369E+00
         7   1  1.295435E+01  3.550439E+01  1.635870E+00 -3.740373E+01 -2.956059E+01  7.953289E+01
         7   2  1.135837E+02  3.111852E+01 -2.520277E+00 -8.714638E+01 -3.479456E+01  6.524898E+00
         7   3  3.493343E+01  7.043430E+01  1.888430E+00 -6.655389E+01 -4.696895E+01  1.116470E+02
         7   4  1.611313E+02  3.206372E+01 -3.274849E+00 -1.266920E+02 -3.196499E+01  5.920308E+00
         7   5 -1.295435E+01 -3.550439E+01 -1.635870E+00  3.740373E+01 -2.956059E+01  7.953289E+01
         7   6 -1.135837E+02 -3.111852E+01  2.520277E+00  8.714638E+01 -3.479456E+01  6.524898E+00
         7   7 -3.493343E+01 -7.043430E+01 -1.888430E+00  6.655389E+01 -4.696895E+01  1.116470E+02
         7   8 -1.611313E+02 -3.206372E+01  3.274849E+00  1.266920E+02 -3.196499E+01  5.920308E+00
        13   1  5.908141E+01  1.001493E+02  2.304746E+00 -9.292519E+01 -6.301578E+01  1.313410E+02
        13   2  2.082978E+02  3.449601E+01 -2.614358E+00 -1.550925E+02 -3.066163E+01  2.736561E+00
        13   3  1.011936E+02  1.425708E+02  1.475522E+00 -1.371445E+02 -8.051961E+01  1.522885E+02
        13   4  2.848724E+02  3.684931E+01 -2.480991E+00 -1.901072E+02 -2.817306E+01  1.471652E+00
        13   5 -5.908141E+01 -1.001493E+02 -2.304746E+00  9.292519E+01 -6.301578E+01  1.313410E+02
        13   6 -2.082978E+02 -3.449601E+01  2.614358E+00  1.550925E+02 -3.066163E+01  2.736561E+00
        13   7 -1.011936E+02 -1.425708E+02 -1.475522E+00  1.371445E+02 -8.051961E+01  1.522885E+02
        13   8 -2.848724E+02 -3.684931E+01  2.480991E+00  1.901072E+02 -2.817306E+01  1.471652E+00
        19   1  1.393099E+02  1.793156E+02  1.000212E+00 -1.670987E+02 -1.013926E+02  1.649095E+02
        19   2  3.420583E+02  4.783817E+01 -1.394950E+00 -2.153838E+02 -2.442897E+01  1.288271E+01
        19   3  2.077604E+02  2.349146E+02  1.748632E+00 -2.202084E+02 -1.313916E+02  1.885017E+02
        19   4  4.149756E+02  7.181972E+01 -1.690194E+00 -2.470812E+02 -3.226537E+01  2.548321E+01
        19   5 -1.393099E+02 -1.793156E+02 -1.000212E+00  1.670987E+02 -1.013926E+02  1.649095E+02
        19   6 -3.420583E+02 -4.783817E+01  1.394950E+00  2.153838E+02 -2.442897E+01  1.288271E+01
        19   7 -2.077604E+02 -2.349146E+02 -1.748632E+00  2.202084E+02 -1.313916E+02  1.885017E+02
        19   8 -4.149756E+02 -7.181972E+01  1.690194E+00  2.470812E+02 -3.226537E+01  2.548321E+01
        25   1  2.702579E+02  2.643441E+02 -8.659520E-01 -2.678112E+02 -1.465723E+02  1.920837E+02
        25   2  4.796263E+02  9.852362E+01  2.239514E-01 -2.719808E+02 -4.624048E+01  4.205131E+01
        25   3  3.874630E+02  3.067011E+02  9.811413E-01 -3.377187E+02 -1.759178E+02  1.878482E+02
        25   4  5.840089E+02  1.241954E+02 -1.040939E+00 -3.033602E+02 -5.529760E+01  5.667140E+01
        25   5 -2.702579E+02 -2.643441E+02  8.659520E-01  2.678112E+02 -1.465723E+02  1.920837E+02
        25   6 -4.796263E+02 -9.852362E+01 -2.239514E-01  2.719808E+02 -4.624048E+01  4.205131E+01
        25   7 -3.874630E+02 -3.067011E+02 -9.811413E-01  3.377187E+02 -1.759178E+02  1.878482E+02
        25   8 -5.840089E+02 -1.241954E+02  1.040939E+00  3.033602E+02 -5.529760E+01  5.667140E+01
        31   1  4.900898E+02  3.205152E+02 -5.973034E-01 -3.899301E+02 -1.876816E+02  1.799099E+02
        31   2  6.752185E+02  1.467015E+02  7.090222E-01 -3.279480E+02 -6.209740E+01  6.403697E+01
        31   3  6.660744E+02  3.276187E+02  6.015997E-01 -4.539166E+02 -1.976718E+02  1.577441E+02
        31   4  8.137859E+02  1.645177E+02 -5.166913E-01 -3.557612E+02 -6.746396E+01  6.753489E+01
        31   5 -4.900898E+02 -3.205152E+02  5.973034E-01  3.899301E+02 -1.876816E+02  1.799099E+02
        31   6 -6.752185E+02 -1.467015E+02 -7.090222E-01  3.279480E+02 -6.209740E+01  6.403697E+01
        31   7 -6.660744E+02 -3.276187E+02 -6.015997E-01  4.539166E+02 -1.976718E+02  1.577441E+02
        31   8 -8.137859E+02 -1.645177E+02  5.166913E-01  3.557612E+02 -6.746396E+01  6.753489E+01
        37   1  8.105487E+02  3.126616E+02 -1.042992E+00 -4.919073E+02 -1.940698E+02  1.388693E+02
        37   2  9.317565E+02  1.746440E+02  1.196442E+00 -3.732783E+02 -6.625879E+01  6.579129E+01
        37   3  1.035210E+03  2.813027E+02  2.782389E-02 -5.208702E+02 -1.766170E+02  1.040668E+02
        37   4  1.102254E+03  1.743071E+02  7.548189E-02 -3.836325E+02 -5.762275E+01  6.007326E+01
        37   5 -8.105487E+02 -3.126616E+02  1.042992E+00  4.919073E+02 -1.940698E+02  1.388693E+02
        37   6 -9.317565E+02 -1.746440E+02 -1.196442E+00  3.732783E+02 -6.625879E+01  6.579129E+01
        37   7 -1.035210E+03 -2.813027E+02 -2.782389E-02  5.208702E+02 -1.766170E+02  1.040668E+02
        37   8 -1.102254E+03 -1.743071E+02 -7.548189E-02  3.836325E+02 -5.762275E+01  6.007326E+01
        43   1  1.207535E+03  2.424901E+02 -9.310349E-01 -5.225683E+02 -1.518729E+02  7.997870E+01
        43   2  1.238561E+03  1.684592E+02  1.448636E+00 -3.807383E+02 -4.288242E+01  5.310462E+01
        43   3  1.450385E+03  1.851290E+02 -4.133264E-01 -4.902015E+02 -1.009399E+02  4.529375E+01
        43   4  1.423242E+03  1.507935E+02  5.471309E-01 -3.564613E+02 -1.472829E+01  4.381402E+01
        43   5 -1.207535E+03 -2.424901E+02  9.310349E-01  5.225683E+02 -1.518729E+02  7.997870E+01
        43   6 -1.238561E+03 -1.684592E+02 -1.448636E+00  3.807383E+02 -4.288242E+01  5.310462E+01
        43   7 -1.450385E+03 -1.851290E+02  4.133264E-01  4.902015E+02 -1.009399E+02  4.529375E+01
        43   8 -1.423242E+03 -1.507935E+02 -5.471309E-01  3.564613E+02 -1.472829E+01  4.381402E+01
        49   1  1.620871E+03  1.373714E+02 -1.006609E+00 -4.407744E+02 -5.290449E+01  2.520553E+01
        49   2  1.558862E+03  1.346471E+02  1.693828E+00 -3.224608E+02  1.532452E+01  3.759498E+01
        49   3  1.834684E+03  8.130097E+01 -7.658454E-01 -3.363079E+02  2.960152E+01  4.942441E+00
        49   4  1.726168E+03  1.109065E+02  9.791874E-01 -2.539463E+02  6.292692E+01  3.400086E+01
        49   5 -1.620871E+03 -1.373714E+02  1.006609E+00  4.407744E+02 -5.290449E+01  2.520553E+01
        49   6 -1.558862E+03 -1.346471E+02 -1.693828E+00  3.224608E+02  1.532452E+01  3.759498E+01
        49   7 -1.834684E+03 -8.130097E+01  7.658454E-01  3.363079E+02  2.960152E+01  4.942441E+00
        49   8 -1.726168E+03 -1.109065E+02 -9.791874E-01  2.539463E+02  6.292692E+01  3.400086E+01
        55   1  1.965453E+03  4.708705E+01 -1.041242E+00 -2.360744E+02  9.681801E+01 -1.466834E+00
        55   2  1.834873E+03  9.588473E+01  1.854705E+00 -1.872244E+02  1.054599E+02  3.534423E+01
        55   3  2.099154E+03  2.259585E+01 -1.086936E+00 -7.283677E+01  2.001950E+02  5.691124E+00
        55   4  1.949280E+03  8.200315E+01  1.404345E+00 -8.033047E+01  1.650084E+02  4.566872E+01
        55   5 -1.965453E+03 -4.708705E+01  1.041242E+00  2.360744E+02  9.681801E+01 -1.466834E+00
        55   6 -1.834873E+03 -9.588473E+01 -1.854705E+00  1.872244E+02  1.054599E+02  3.534423E+01
        55   7 -2.099154E+03 -2.259585E+01  1.086936E+00  7.283677E+01  2.001950E+02  5.691124E+00
        55   8 -1.949280E+03 -8.200315E+01 -1.404345E+00  8.033047E+01  1.650084E+02  4.566872E+01
        61   1  2.156810E+03  2.193005E+01 -1.050291E+00  5.918416E+01  2.763733E+02  2.005710E+01
        61   2  2.007171E+03  7.903713E+01  1.919897E+00  8.342320E+00  2.121558E+02  5.915473E+01
        61   3  2.175282E+03  4.838257E+01 -1.373281E+00  2.449371E+02  3.822322E+02  6.137524E+01
        61   4  2.043710E+03  8.554020E+01  1.831566E+00  1.323023E+02  2.701693E+02  8.670119E+01
        61   5 -2.156810E+03 -2.193005E+01  1.050291E+00 -5.918416E+01  2.763733E+02  2.005710E+01
        61   6 -2.007171E+03 -7.903713E+01 -1.919897E+00 -8.342320E+00  2.121558E+02  5.915473E+01
        61   7 -2.175282E+03 -4.838257E+01  1.373281E+00 -2.449371E+02  3.822322E+02  6.137524E+01
        61   8 -2.043710E+03 -8.554020E+01 -1.831566E+00 -1.323023E+02  2.701693E+02  8.670119E+01
        67   1  2.144086E+03  8.854830E+01 -9.866531E-01  3.765018E+02  4.530165E+02  9.798932E+01
        67   2  2.039164E+03  9.813235E+01  1.844957E+00  2.233717E+02  3.109847E+02  1.120800E+02
        67   3  2.041984E+03  1.631639E+02 -1.727208E+00  5.379351E+02  5.393489E+02  1.705217E+02
        67   4  1.994087E+03  1.231970E+02  2.283798E+00  3.369298E+02  3.519932E+02  1.522564E+02
        67   5 -2.144086E+03 -8.854830E+01  9.866531E-01 -3.765018E+02  4.530165E+02  9.798932E+01
        67   6 -2.039164E+03 -9.813235E+01 -1.844957E+00 -2.233717E+02  3.109847E+02  1.120800E+02
        67   7 -2.041984E+03 -1.631639E+02  1.727208E+00 -5.379351E+02  5.393489E+02  1.705217E+02
        67   8 -1.994087E+03 -1.231970E+02 -2.283798E+00 -3.369298E+02  3.519932E+02  1.522564E+02
        73   1  1.931018E+03  2.343087E+02 -7.560060E-01  6.354006E+02  5.898971E+02  2.235234E+02
        73   2  1.932493E+03  1.446630E+02  1.536123E+00  4.106938E+02  3.759484E+02  1.833301E+02
        73   3  1.736272E+03  3.324125E+02 -1.962401E+00  7.340297E+02  6.371900E+02  3.135100E+02
        73   4  1.824524E+03  1.752514E+02  2.725461E+00  4.932110E+02  3.882261E+02  2.239029E+02
        73   5 -1.931018E+03 -2.343087E+02  7.560060E-01 -6.354006E+02  5.898971E+02  2.235234E+02
        73   6 -1.932493E+03 -1.446630E+02 -1.536123E+00 -4.106938E+02  3.759484E+02  1.833301E+02
        73   7 -1.736272E+03 -3.324125E+02  1.962401E+00 -7.340297E+02  6.371900E+02  3.135100E+02
        73   8 -1.824524E+03 -1.752514E+02 -2.725461E+00 -4.932110E+02  3.882261E+02  2.239029E+02
        79   1  1.576397E+03  4.100688E+02 -3.691838E-01  7.762567E+02  6.564955E+02  3.705112E+02
        79   2  1.724884E+03  1.939146E+02  1.061569E+00  5.391656E+02  3.894442E+02  2.497600E+02
        79   3  1.339097E+03  4.937162E+02 -2.510743E+00  7.967257E+02  6.533794E+02  4.567044E+02
        79   4  1.582468E+03  2.172462E+02  2.755923E+00  5.854313E+02  3.702048E+02  2.740675E+02
        79   5 -1.576397E+03 -4.100688E+02  3.691838E-01 -7.762567E+02  6.564955E+02  3.705112E+02
        79   6 -1.724884E+03 -1.939146E+02 -1.061569E+00 -5.391656E+02  3.894442E+02  2.497600E+02
        79   7 -1.339097E+03 -4.937162E+02  2.510743E+00 -7.967257E+02  6.533794E+02  4.567044E+02
        79   8 -1.582468E+03 -2.172462E+02 -2.755923E+00 -5.854313E+02  3.702048E+02  2.740675E+02
        85   1  1.169612E+03  5.545157E+02  6.033291E-01  7.826489E+02  6.389596E+02  5.018387E+02
        85   2  1.468242E+03  2.225981E+02 -4.975370E-02  6.037891E+02  3.492137E+02  2.828352E+02
        85   3  9.379114E+02  5.971588E+02 -2.480482E+00  7.382274E+02  5.872276E+02  5.579766E+02
        85   4  1.321291E+03  2.351121E+02  3.769265E+00  6.216395E+02  3.065066E+02  2.781057E+02
        85   5 -1.169612E+03 -5.545157E+02 -6.033291E-01 -7.826489E+02  6.389596E+02  5.018387E+02
        85   6 -1.468242E+03 -2.225981E+02  4.975370E-02 -6.037891E+02  3.492137E+02  2.828352E+02
        85   7 -9.379114E+02 -5.971588E+02  2.480482E+00 -7.382274E+02  5.872276E+02  5.579766E+02
        85   8 -1.321291E+03 -2.351121E+02 -3.769265E+00 -6.216395E+02  3.065066E+02  2.781057E+02
        91   1  7.934228E+02  6.177206E+02  4.628711E-01  6.884339E+02  5.437783E+02  5.775270E+02
        91   2  1.208358E+03  2.313275E+02 -3.617209E-01  6.223112E+02  2.721827E+02  2.602619E+02
        91   3  6.148810E+02  6.054425E+02 -8.028429E-01  6.099483E+02  4.525381E+02  5.879923E+02
        91   4  1.061496E+03  2.434028E+02 -5.706324E-01  6.168712E+02  2.270949E+02  2.207569E+02
        91   5 -7.934228E+02 -6.177206E+02 -4.628711E-01 -6.884339E+02  5.437783E+02  5.775270E+02
        91   6 -1.208358E+03 -2.313275E+02  3.617209E-01 -6.223112E+02  2.721827E+02  2.602619E+02
        91   7 -6.148810E+02 -6.054425E+02  8.028429E-01 -6.099483E+02  4.525381E+02  5.879923E+02
        91   8 -1.061496E+03 -2.434028E+02  5.706324E-01 -6.168712E+02  2.270949E+02  2.207569E+02
        97   1  5.028125E+02  5.997694E+02  1.768947E+00  5.439513E+02  4.032313E+02  5.782879E+02
        97   2  9.756324E+02  2.395106E+02 -1.278785E+00  6.012699E+02  1.793842E+02  1.719623E+02
        97   3  3.658414E+02  5.653703E+02 -2.093292E+00  4.650101E+02  3.093692E+02  5.151722E+02
        97   4  8.640415E+02  2.626183E+02  3.579516E+00  5.650310E+02  1.456572E+02  1.290626E+02
        97   5 -5.028125E+02 -5.997694E+02 -1.768947E+00 -5.439513E+02  4.032313E+02  5.782879E+02
        97   6 -9.756324E+02 -2.395106E+02  1.278785E+00 -6.012699E+02  1.793842E+02  1.719623E+02
        97   7 -3.658414E+02 -5.653703E+02  2.093292E+00 -4.650101E+02  3.093692E+02  5.151722E+02
        97   8 -8.640415E+02 -2.626183E+02 -3.579516E+00 -5.650310E+02  1.456572E+02  1.290626E+02
       103   1  2.850056E+02  5.474528E+02  8.142456E-01  4.166285E+02  2.511355E+02  4.757151E+02
       103   2  7.495619E+02  2.876248E+02 -2.378844E+00  5.214708E+02  1.427832E+02  8.953030E+01
       103   3  1.846146E+02  5.269502E+02  5.880550E+00  3.249771E+02  1.934123E+02  4.121319E+02
       103   4  5.849573E+02  3.515212E+02 -6.939598E+00  4.496968E+02  1.322163E+02  7.617754E+01
       103   5 -2.850056E+02 -5.474528E+02 -8.142456E-01 -4.166285E+02  2.511355E+02  4.757151E+02
       103   6 -7.495619E+02 -2.876248E+02  2.378844E+00 -5.214708E+02  1.427832E+02  8.953030E+01
       103   7 -1.846146E+02 -5.269502E+02 -5.880550E+00 -3.249771E+02  1.934123E+02  4.121319E+02
       103   8 -5.849573E+02 -3.515212E+02  6.939598E+00 -4.496968E+02  1.322163E+02  7.617754E+01
       109   1  1.190948E+02  5.059176E+02  4.933095E+00  2.570794E+02  1.425497E+02  3.493267E+02
       109   2  4.781904E+02  3.966027E+02 -8.274958E+00  3.794143E+02  1.292819E+02  7.595261E+01
       109   3  5.439917E+01  4.819858E+02  5.361624E+00  1.653994E+02  8.917904E+01  2.497422E+02
       109   4  3.636874E+02  4.421223E+02 -7.711768E+00  2.722075E+02  1.287661E+02  5.841707E+01
       109   5 -1.190948E+02 -5.059176E+02 -4.933095E+00 -2.570794E+02  1.425497E+02  3.493267E+02
       109   6 -4.781904E+02 -3.966027E+02  8.274958E+00 -3.794143E+02  1.292819E+02  7.595261E+01
       109   7 -5.439917E+01 -4.819858E+02 -5.361624E+00 -1.653994E+02  8.917904E+01  2.497422E+02
       109   8 -3.636874E+02 -4.421223E+02  7.711768E+00 -2.722075E+02  1.287661E+02  5.841707E+01
       115   1  2.809421E+01  4.697097E+02  7.022535E+00  1.061387E+02  6.269629E+01  1.688632E+02
       115   2  3.041050E+02  4.604767E+02 -9.732371E+00  1.818377E+02  1.258886E+02  3.612356E+01
       115   3  7.059831E+00  4.573744E+02  6.154169E+00  2.700867E+01  4.493317E+01  4.553280E+01
       115   4  2.652363E+02  4.785200E+02 -8.967527E+00  4.977061E+01  1.218904E+02  1.082207E+01
       115   5 -2.809421E+01 -4.697097E+02 -7.022535E+00 -1.061387E+02  6.269629E+01  1.688632E+02
       115   6 -3.041050E+02 -4.604767E+02  9.732371E+00 -1.818377E+02  1.258886E+02  3.612356E+01
       115   7 -7.059831E+00 -4.573744E+02 -6.154169E+00 -2.700867E+01  4.493317E+01  4.553280E+01
       115   8 -2.652363E+02 -4.785200E+02  8.967527E+00 -4.977061E+01  1.218904E+02  1.082207E+01
       121   1  7.059831E+00  4.573744E+02  6.154169E+00 -2.700867E+01  4.493317E+01 -4.553280E+01
       121   2  2.652363E+02  4.785200E+02 -8.967527E+00 -4.977061E+01  1.218904E+02 -1.082207E+01
       121   3  2.809421E+01  4.697097E+02  7.022535E+00 -1.061387E+02  6.269629E+01 -1.688632E+02
       121   4  3.041050E+02  4.604767E+02 -9.732371E+00 -1.818377E+02  1.258886E+02 -3.612356E+01
       121   5 -7.059831E+00 -4.573744E+02 -6.154169E+00  2.700867E+01  4.493317E+01 -4.553280E+01
       121   6 -2.652363E+02 -4.785200E+02  8.967527E+00  4.977061E+01  1.218904E+02 -1.082207E+01
       121   7 -2.809421E+01 -4.697097E+02 -7.022535E+00  1.061387E+02  6.269629E+01 -1.688632E+02
       121   8 -3.041050E+02 -4.604767E+02  9.732371E+00  1.818377E+02  1.258886E+02 -3.612356E+01
       127   1  5.439917E+01  4.819858E+02  5.361624E+00 -1.653994E+02  8.917904E+01 -2.497422E+02
       127   2  3.636874E+02  4.421223E+02 -7.711768E+00 -2.722075E+02  1.287661E+02 -5.841707E+01
       127   3  1.190948E+02  5.059176E+02  4.933095E+00 -2.570794E+02  1.425497E+02 -3.493267E+02
       127   4  4.781904E+02  3.966027E+02 -8.274958E+00 -3.794143E+02  1.292819E+02 -7.595261E+01
       127   5 -5.439917E+01 -4.819858E+02 -5.361624E+00  1.653994E+02  8.917904E+01 -2.497422E+02
       127   6 -3.636874E+02 -4.421223E+02  7.711768E+00  2.722075E+02  1.287661E+02 -5.841707E+01
       127   7 -1.190948E+02 -5.059176E+02 -4.933095E+00  2.570794E+02  1.425497E+02 -3.493267E+02
       127   8 -4.781904E+02 -3.966027E+02  8.274958E+00  3.794143E+02  1.292819E+02 -7.595261E+01
       133   1  1.846146E+02  5.269502E+02  5.880550E+00 -3.249771E+02  1.934123E+02 -4.121319E+02
       133   2  5.849573E+02  3.515212E+02 -6.939598E+00 -4.496968E+02  1.322163E+02 -7.617754E+01
       133   3  2.850056E+02  5.474528E+02  8.142456E-01 -4.166285E+02  2.511355E+02 -4.757151E+02
       133   4  7.495619E+02  2.876248E+02 -2.378844E+00 -5.214708E+02  1.427832E+02 -8.953030E+01
       133   5 -1.846146E+02 -5.269502E+02 -5.880550E+00  3.249771E+02  1.934123E+02 -4.121319E+02
       133   6 -5.849573E+02 -3.515212E+02  6.939598E+00  4.496968E+02  1.322163E+02 -7.617754E+01
       133   7 -2.850056E+02 -5.474528E+02 -8.142456E-01  4.166285E+02  2.511355E+02 -4.757151E+02
       133   8 -7.495619E+02 -2.876248E+02  2.378844E+00  5.214708E+02  1.427832E+02 -8.953030E+01
       139   1  3.658414E+02  5.653703E+02 -2.093292E+00 -4.650101E+02  3.093692E+02 -5.151722E+02
       139   2  8.640415E+02  2.626183E+02  3.579516E+00 -5.650310E+02  1.456572E+02 -1.290626E+02
       139   3  5.028125E+02  5.997694E+02  1.768947E+00 -5.439513E+02  4.032313E+02 -5.782879E+02
       139   4  9.756324E+02  2.395106E+02 -1.278785E+00 -6.012699E+02  1.793842E+02 -1.719623E+02
       139   5 -3.658414E+02 -5.653703E+02  2.093292E+00  4.650101E+02  3.093692E+02 -5.151722E+02
       139   6 -8.640415E+02 -2.626183E+02 -3.579516E+00  5.650310E+02  1.456572E+02 -1.290626E+02
       139   7 -5.028125E+02 -5.997694E+02 -1.768947E+00  5.439513E+02  4.032313E+02 -5.782879E+02
       139   8 -9.756324E+02 -2.395106E+02  1.278785E+00  6.012699E+02  1.793842E+02 -1.719623E+02
       145   1  6.148810E+02  6.054425E+02 -8.028429E-01 -6.099483E+02  4.525381E+02 -5.879923E+02
       145   2  1.061496E+03  2.434028E+02 -5.706324E-01 -6.168712E+02  2.270949E+02 -2.207569E+02
       145   3  7.934228E+02  6.177206E+02  4.628711E-01 -6.884339E+02  5.437783E+02 -5.775270E+02
       145   4  1.208358E+03  2.313275E+02 -3.617209E-01 -6.223112E+02  2.721827E+02 -2.602619E+02
       145   5 -6.148810E+02 -6.054425E+02  8.028429E-01  6.099483E+02  4.525381E+02 -5.879923E+02
       145   6 -1.061496E+03 -2.434028E+02  5.706324E-01  6.168712E+02  2.270949E+02 -2.207569E+02
       145   7 -7.934228E+02 -6.177206E+02 -4.628711E-01  6.884339E+02  5.437783E+02 -5.775270E+02
       145   8 -1.208358E+03 -2.313275E+02  3.617209E-01  6.223112E+02  2.721827E+02 -2.602619E+02
       151   1  9.379114E+02  5.971588E+02 -2.480482E+00 -7.382274E+02  5.872276E+02 -5.579766E+02
       151   2  1.321291E+03  2.351121E+02  3.769265E+00 -6.216395E+02  3.065066E+02 -2.781057E+02
       151   3  1.169612E+03  5.545157E+02  6.033291E-01 -7.826489E+02  6.389596E+02 -5.018387E+02
       151   4  1.468242E+03  2.225981E+02 -4.975370E-02 -6.037891E+02  3.492137E+02 -2.828352E+02
       151   5 -9.379114E+02 -5.971588E+02  2.480482E+00  7.382274E+02  5.872276E+02 -5.579766E+02
       151   6 -1.321291E+03 -2.351121E+02 -3.769265E+00  6.216395E+02  3.065066E+02 -2.781057E+02
       151   7 -1.169612E+03 -5.545157E+02 -6.033291E-01  7.826489E+02  6.389596E+02 -5.018387E+02
       151   8 -1.468242E+03 -2.225981E+02  4.975370E-02  6.037891E+02  3.492137E+02 -2.828352E+02
       157   1  1.339097E+03  4.937162E+02 -2.510743E+00 -7.967257E+02  6.533794E+02 -4.567044E+02
       157   2  1.582468E+03  2.172462E+02  2.755923E+00 -5.854313E+02  3.702048E+02 -2.740675E+02
       157   3  1.576397E+03  4.100688E+02 -3.691838E-01 -7.762567E+02  6.564955E+02 -3.705112E+02
       157   4  1.724884E+03  1.939146E+02  1.061569E+00 -5.391656E+02  3.894442E+02 -2.497600E+02
       157   5 -1.339097E+03 -4.937162E+02  2.510743E+00  7.967257E+02  6.533794E+02 -4.567044E+02
       157   6 -1.582468E+03 -2.172462E+02 -2.755923E+00  5.854313E+02  3.702048E+02 -2.740675E+02
       157   7 -1.576397E+03 -4.100688E+02  3.691838E-01  7.762567E+02  6.564955E+02 -3.705112E+02
       157   8 -1.724884E+03 -1.939146E+02 -1.061569E+00  5.391656E+02  3.894442E+02 -2.497600E+02
       163   1  1.736272E+03  3.324125E+02 -1.962401E+00 -7.340297E+02  6.371900E+02 -3.135100E+02
       163   2  1.824524E+03  1.752514E+02  2.725461E+00 -4.932110E+02  3.882261E+02 -2.239029E+02
       163   3  1.931018E+03  2.343087E+02 -7.560060E-01 -6.354006E+02  5.898971E+02 -2.235234E+02
       163   4  1.932493E+03  1.446630E+02  1.536123E+00 -4.106938E+02  3.759484E+02 -1.833301E+02
       163   5 -1.736272E+03 -3.324125E+02  1.962401E+00  7.340297E+02  6.371900E+02 -3.135100E+02
       163   6 -1.824524E+03 -1.752514E+02 -2.725461E+00  4.932110E+02  3.882261E+02 -2.239029E+02
       163   7 -1.931018E+03 -2.343087E+02  7.560060E-01  6.354006E+02  5.898971E+02 -2.235234E+02
       163   8 -1.932493E+03 -1.446630E+02 -1.536123E+00  4.106938E+02  3.759484E+02 -1.833301E+02
       169   1  2.041984E+03  1.631639E+02 -1.727208E+00 -5.379351E+02  5.393489E+02 -1.705217E+02
       169   2  1.994087E+03  1.231970E+02  2.283798E+00 -3.369298E+02  3.519932E+02 -1.522564E+02
       169   3  2.144086E+03  8.854830E+01 -9.866531E-01 -3.765018E+02  4.530165E+02 -9.798932E+01
       169   4  2.039164E+03  9.813235E+01  1.844957E+00 -2.233717E+02  3.109847E+02 -1.120800E+02
       169   5 -2.041984E+03 -1.631639E+02  1.727208E+00  5.379351E+02  5.393489E+02 -1.705217E+02
       169   6 -1.994087E+03 -1.231970E+02 -2.283798E+00  3.369298E+02  3.519932E+02 -1.522564E+02
       169   7 -2.144086E+03 -8.854830E+01  9.866531E-01  3.765018E+02  4.530165E+02 -9.798932E+01
       169   8 -2.039164E+03 -9.813235E+01 -1.844957E+00  2.233717E+02  3.109847E+02 -1.120800E+02
       175   1  2.175282E+03  4.838257E+01 -1.373281E+00 -2.449371E+02  3.822322E+02 -6.137524E+01
       175   2  2.043710E+03  8.554020E+01  1.831566E+00 -1.323023E+02  2.701693E+02 -8.670119E+01
       175   3  2.156810E+03  2.193005E+01 -1.050291E+00 -5.918416E+01  2.763733E+02 -2.005710E+01
       175   4  2.007171E+03  7.903713E+01  1.919897E+00 -8.342320E+00  2.121558E+02 -5.915473E+01
       175   5 -2.175282E+03 -4.838257E+01  1.373281E+00  2.449371E+02  3.822322E+02 -6.137524E+01
       175   6 -2.043710E+03 -8.554020E+01 -1.831566E+00  1.323023E+02  2.701693E+02 -8.670119E+01
       175   7 -2.156810E+03 -2.193005E+01  1.050291E+00  5.918416E+01  2.763733E+02 -2.005710E+01
       175   8 -2.007171E+03 -7.903713E+01 -1.919897E+00  8.342320E+00  2.121558E+02 -5.915473E+01
       181   1  2.099154E+03  2.259585E+01 -1.086936E+00  7.283677E+01  2.001950E+02 -5.691124E+00
       181   2  1.949280E+03  8.200315E+01  1.404345E+00  8.033047E+01  1.650084E+02 -4.566872E+01
       181   3  1.965453E+03  4.708705E+01 -1.041242E+00  2.360744E+02  9.681801E+01  1.466834E+00
       181   4  1.834873E+03  9.588473E+01  1.854705E+00  1.872244E+02  1.054599E+02 -3.534423E+01
       181   5 -2.099154E+03 -2.259585E+01  1.086936E+00 -7.283677E+01  2.001950E+02 -5.691124E+00
       181   6 -1.949280E+03 -8.200315E+01 -1.404345E+00 -8.033047E+01  1.650084E+02 -4.566872E+01
       181   7 -1.965453E+03 -4.708705E+01  1.041242E+00 -2.360744E+02  9.681801E+01  1.466834E+00
       181   8 -1.834873E+03 -9.588473E+01 -1.854705E+00 -1.872244E+02  1.054599E+02 -3.534423E+01
       187   1  1.834684E+03  8.130097E+01 -7.658454E-01  3.363079E+02  2.960152E+01 -4.942441E+00
       187   2  1.726168E+03  1.109065E+02  9.791874E-01  2.539463E+02  6.292692E+01 -3.400086E+01
       187   3  1.620871E+03  1.373714E+02 -1.006609E+00  4.407744E+02 -5.290449E+01 -2.520553E+01
       187   4  1.558862E+03  1.346471E+02  1.693828E+00  3.224608E+02  1.532452E+01 -3.759498E+01
       187   5 -1.834684E+03 -8.130097E+01  7.658454E-01 -3.363079E+02  2.960152E+01 -4.942441E+00
       187   6 -1.726168E+03 -1.109065E+02 -9.791874E-01 -2.539463E+02  6.292692E+01 -3.400086E+01
       187   7 -1.620871E+03 -1.373714E+02  1.006609E+00 -4.407744E+02 -5.290449E+01 -2.520553E+01
       187   8 -1.558862E+03 -1.346471E+02 -1.693828E+00 -3.224608E+02  1.532452E+01 -3.759498E+01
       193   1  1.450385E+03  1.851290E+02 -4.133264E-01  4.902015E+02 -1.009399E+02 -4.529375E+01
       193   2  1.423242E+03  1.507935E+02  5.471309E-01  3.564613E+02 -1.472829E+01 -4.381402E+01
       193   3  1.207535E+03  2.424901E+02 -9.310349E-01  5.225683E+02 -1.518729E+02 -7.997870E+01
       193   4  1.238561E+03  1.684592E+02  1.448636E+00  3.807383E+02 -4.288242E+01 -5.310462E+01
       193   5 -1.450385E+03 -1.851290E+02  4.133264E-01 -4.902015E+02 -1.009399E+02 -4.529375E+01
       193   6 -1.423242E+03 -1.507935E+02 -5.471309E-01 -3.564613E+02 -1.472829E+01 -4.381402E+01
       193   7 -1.207535E+03 -2.424901E+02  9.310349E-01 -5.225683E+02 -1.518729E+02 -7.997870E+01
       193   8 -1.238561E+03 -1.684592E+02 -1.448636E+00 -3.807383E+02 -4.288242E+01 -5.310462E+01
       199   1  1.035210E+03  2.813027E+02  2.782389E-02  5.208702E+02 -1.766170E+02 -1.040668E+02
       199   2  1.102254E+03  1.743071E+02  7.548189E-02  3.836325E+02 -5.762275E+01 -6.007326E+01
       199   3  8.105487E+02  3.126616E+02 -1.042992E+00  4.919073E+02 -1.940698E+02 -1.388693E+02
       199   4  9.317565E+02  1.746440E+02  1.196442E+00  3.732783E+02 -6.625879E+01 -6.579129E+01
       199   5 -1.035210E+03 -2.813027E+02 -2.782389E-02 -5.208702E+02 -1.766170E+02 -1.040668E+02
       199   6 -1.102254E+03 -1.743071E+02 -7.548189E-02 -3.836325E+02 -5.762275E+01 -6.007326E+01
       199   7 -8.105487E+02 -3.126616E+02  1.042992E+00 -4.919073E+02 -1.940698E+02 -1.388693E+02
       199   8 -9.317565E+02 -1.746440E+02 -1.196442E+00 -3.732783E+02 -6.625879E+01 -6.579129E+01
       205   1  6.660744E+02  3.276187E+02  6.015997E-01  4.539166E+02 -1.976718E+02 -1.577441E+02
       205   2  8.137859E+02  1.645177E+02 -5.166913E-01  3.557612E+02 -6.746396E+01 -6.753489E+01
       205   3  4.900898E+02  3.205152E+02 -5.973034E-01  3.899301E+02 -1.876816E+02 -1.799099E+02
       205   4  6.752185E+02  1.467015E+02  7.090222E-01  3.279480E+02 -6.209740E+01 -6.403697E+01
       205   5 -6.660744E+02 -3.276187E+02 -6.015997E-01 -4.539166E+02 -1.976718E+02 -1.577441E+02
       205   6 -8.137859E+02 -1.645177E+02  5.166913E-01 -3.557612E+02 -6.746396E+01 -6.753489E+01
       205   7 -4.900898E+02 -3.205152E+02  5.973034E-01 -3.899301E+02 -1.876816E+02 -1.799099E+02
       205   8 -6.752185E+02 -1.467015E+02 -7.090222E-01 -3.279480E+02 -6.209740E+01 -6.403697E+01
       211   1  3.874630E+02  3.067011E+02  9.811413E-01  3.377187E+02 -1.759178E+02 -1.878482E+02
       211   2  5.840089E+02  1.241954E+02 -1.040939E+00  3.033602E+02 -5.529760E+01 -5.667140E+01
       211   3  2.702579E+02  2.643441E+02 -8.659520E-01  2.678112E+02 -1.465723E+02 -1.920837E+02
       211   4  4.796263E+02  9.852362E+01  2.239514E-01  2.719808E+02 -4.624048E+01 -4.205131E+01
       211   5 -3.874630E+02 -3.067011E+02 -9.811413E-01 -3.377187E+02 -1.759178E+02 -1.878482E+02
       211   6 -5.840089E+02 -1.241954E+02  1.040939E+00 -3.033602E+02 -5.529760E+01 -5.667140E+01
       211   7 -2.702579E+02 -2.643441E+02  8.659520E-01 -2.678112E+02 -1.465723E+02 -1.920837E+02
       211   8 -4.796263E+02 -9.852362E+01 -2.239514E-01 -2.719808E+02 -4.624048E+01 -4.205131E+01
       217   1  2.077604E+02  2.349146E+02  1.748632E+00  2.202084E+02 -1.313916E+02 -1.885017E+02
       217   2  4.149756E+02  7.181972E+01 -1.690194E+00  2.470812E+02 -3.226537E+01 -2.548321E+01
       217   3  1.393099E+02  1.793156E+02  1.000212E+00  1.670987E+02 -1.013926E+02 -1.649095E+02
       217   4  3.420583E+02  4.783817E+01 -1.394950E+00  2.153838E+02 -2.442897E+01 -1.288271E+01
       217   5 -2.077604E+02 -2.349146E+02 -1.748632E+00 -2.202084E+02 -1.313916E+02 -1.885017E+02
       217   6 -4.149756E+02 -7.181972E+01  1.690194E+00 -2.470812E+02 -3.226537E+01 -2.548321E+01
       217   7 -1.393099E+02 -1.793156E+02 -1.000212E+00 -1.670987E+02 -1.013926E+02 -1.649095E+02
       217   8 -3.420583E+02 -4.783817E+01  1.394950E+00 -2.153838E+02 -2.442897E+01 -1.288271E+01
       223   1  1.011936E+02  1.425708E+02  1.475522E+00  1.371445E+02 -8.051961E+01 -1.522885E+02
       223   2  2.848724E+02  3.684931E+01 -2.480991E+00  1.901072E+02 -2.817306E+01 -1.471652E+00
       223   3  5.908141E+01  1.001493E+02  2.304746E+00  9.292519E+01 -6.301578E+01 -1.313410E+02
       223   4  2.082978E+02  3.449601E+01 -2.614358E+00  1.550925E+02 -3.066163E+01 -2.736561E+00
       223   5 -1.011936E+02 -1.425708E+02 -1.475522E+00 -1.371445E+02 -8.051961E+01 -1.522885E+02
       223   6 -2.848724E+02 -3.684931E+01  2.480991E+00 -1.901072E+02 -2.817306E+01 -1.471652E+00
       223   7 -5.908141E+01 -1.001493E+02 -2.304746E+00 -9.292519E+01 -6.301578E+01 -1.313410E+02
       223   8 -2.082978E+02 -3.449601E+01  2.614358E+00 -1.550925E+02 -3.066163E+01 -2.736561E+00
       229   1  3.493343E+01  7.043430E+01  1.888430E+00  6.655389E+01 -4.696895E+01 -1.116470E+02
       229   2  1.611313E+02  3.206372E+01 -3.274849E+00  1.266920E+02 -3.196499E+01 -5.920308E+00
       229   3  1.295435E+01  3.550439E+01  1.635870E+00  3.740373E+01 -2.956059E+01 -7.953289E+01
       229   4  1.135837E+02  3.111852E+01 -2.520277E+00  8.714638E+01 -3.479456E+01 -6.524898E+00
       229   5 -3.493343E+01 -7.043430E+01 -1.888430E+00 -6.655389E+01 -4.696895E+01 -1.116470E+02
       229   6 -1.611313E+02 -3.206372E+01  3.274849E+00 -1.266920E+02 -3.196499E+01 -5.920308E+00
       229   7 -1.295435E+01 -3.550439E+01 -1.635870E+00 -3.740373E+01 -2.956059E+01 -7.953289E+01
       229   8 -1.135837E+02 -3.111852E+01  2.520277E+00 -8.714638E+01 -3.479456E+01 -6.524898E+00
       235   1  5.754728E+00  1.795066E+01  2.340940E+00  2.259694E+01 -2.107369E+01 -5.392430E+01
       235   2  8.991291E+01  2.842778E+01 -3.011205E+00  5.703066E+01 -3.515276E+01 -3.356369E+00
       235   3 -4.845079E-01  4.622018E+00  1.864941E+00  5.133555E+00 -1.521164E+01 -1.429464E+01
       235   4  7.454912E+01  2.800775E+01 -2.783675E+00  1.523503E+01 -3.502608E+01 -1.687083E+00
       235   5 -5.754728E+00 -1.795066E+01 -2.340940E+00 -2.259694E+01 -2.107369E+01 -5.392430E+01
       235   6 -8.991291E+01 -2.842778E+01  3.011205E+00 -5.703066E+01 -3.515276E+01 -3.356369E+00
       235   7  4.845079E-01 -4.622018E+00 -1.864941E+00 -5.133555E+00 -1.521164E+01 -1.429464E+01
       235   8 -7.454912E+01 -2.800775E+01  2.783675E+00 -1.523503E+01 -3.502608E+01 -1.687083E+00

 forces (fx,fy,fz) for set NLEFT and time  0.3000000E+01

       873 -4.973987E+04 -3.380650E+03 -1.158592E+05
       874  4.973987E+04  3.380650E+03 -1.158592E+05
       875 -7.146114E+04  2.779771E+04  1.711096E+04
       877  7.146114E+04 -2.779771E+04  1.711096E+04
       879  7.573499E-08 -5.320544E-10  2.125252E+05
       920 -4.815924E+04  2.414032E+03 -1.310228E+05
       921  4.815924E+04 -2.414032E+03 -1.310228E+05
       922 -9.373725E+04 -1.171697E+03 -9.182747E+03
       924  9.373725E+04  1.171697E+03 -9.182747E+03
       926  3.889591E-08  3.411884E-09  2.565146E+05
       967 -4.672324E+04  2.238579E-09 -1.321535E+05
       968  4.672324E+04 -4.565544E-09 -1.321535E+05
       969 -9.519998E+04 -3.366775E+02 -6.364839E+03
       971  9.519998E+04  3.366775E+02 -6.364839E+03
       973  4.892172E-09  6.299700E-09  2.564220E+05
      1014 -4.815924E+04 -2.414032E+03 -1.310228E+05
      1015  4.815924E+04  2.414032E+03 -1.310228E+05
      1016 -9.519998E+04  3.366775E+02 -6.364839E+03
      1018  9.519998E+04 -3.366775E+02 -6.364839E+03
      1020 -2.897650E-08  4.817821E-09  2.565146E+05
      1061 -4.973987E+04  3.380650E+03 -1.158592E+05
      1062  4.973987E+04 -3.380650E+03 -1.158592E+05
      1063 -9.373725E+04  1.171697E+03 -9.182747E+03
      1065  9.373725E+04 -1.171697E+03 -9.182747E+03
      1067 -6.479468E-08  2.382876E-10  2.125252E+05
      1110 -7.146114E+04 -2.779771E+04  1.711096E+04
      1112  7.146114E+04  2.779771E+04  1.711096E+04

                    E I G E N V A L U E    N U M B E R     2


 stresses (elem, integ.pnt.,sxx,syy,szz,sxy,sxz,syz) for set EHOLE and time  0.3000000E+01

         1   1  6.797062E+01  3.786973E+02 -2.420112E-02 -8.824108E+02 -7.881161E+01  2.513444E+03
         1   2  1.872669E+02  1.849540E+02  1.231086E+00 -2.767835E+03  1.261288E+01  4.570946E+02
         1   3  2.768361E+02  1.376584E+03 -4.160589E+00 -1.022142E+03 -2.611425E+02  2.420709E+03
         1   4  7.037799E+02  6.870379E+02  5.095663E+00 -2.785999E+03  5.260019E+01  4.399641E+02
         1   5 -6.797062E+01 -3.786973E+02  2.420112E-02  8.824108E+02 -7.881161E+01  2.513444E+03
         1   6 -1.872669E+02 -1.849540E+02 -1.231086E+00  2.767835E+03  1.261288E+01  4.570946E+02
         1   7 -2.768361E+02 -1.376584E+03  4.160589E+00  1.022142E+03 -2.611425E+02  2.420709E+03
         1   8 -7.037799E+02 -6.870379E+02 -5.095663E+00  2.785999E+03  5.260019E+01  4.399641E+02
         7   1  4.558296E+02  2.057874E+03 -4.821069E+00 -1.217924E+03 -3.923888E+02  2.297263E+03
         7   2  1.072074E+03  1.033207E+03  8.202328E+00 -2.813307E+03  8.570336E+01  3.984292E+02
         7   3  7.698015E+02  2.849351E+03 -1.393073E+01 -1.586774E+03 -4.976884E+02  2.039768E+03
         7   4  1.569733E+03  1.484132E+03  1.739405E+01 -2.855602E+03  1.374983E+02  3.572564E+02
         7   5 -4.558296E+02 -2.057874E+03  4.821069E+00  1.217924E+03 -3.923888E+02  2.297263E+03
         7   6 -1.072074E+03 -1.033207E+03 -8.202328E+00  2.813307E+03  8.570336E+01  3.984292E+02
         7   7 -7.698015E+02 -2.849351E+03  1.393073E+01  1.586774E+03 -4.976884E+02  2.039768E+03
         7   8 -1.569733E+03 -1.484132E+03 -1.739405E+01  2.855602E+03  1.374983E+02  3.572564E+02
        13   1  1.096325E+03  3.338337E+03  1.873432E+00 -1.917539E+03 -5.474837E+02  1.801573E+03
        13   2  1.882550E+03  1.730702E+03  3.486169E+00 -2.885390E+03  1.861252E+02  3.094045E+02
        13   3  1.509503E+03  3.776371E+03 -2.724645E+01 -2.368077E+03 -4.816176E+02  1.457061E+03
        13   4  2.304440E+03  2.116147E+03  2.459059E+01 -2.954807E+03  2.535271E+02  2.654500E+02
        13   5 -1.096325E+03 -3.338337E+03 -1.873432E+00  1.917539E+03 -5.474837E+02  1.801573E+03
        13   6 -1.882550E+03 -1.730702E+03 -3.486169E+00  2.885390E+03  1.861252E+02  3.094045E+02
        13   7 -1.509503E+03 -3.776371E+03  2.724645E+01  2.368077E+03 -4.816176E+02  1.457061E+03
        13   8 -2.304440E+03 -2.116147E+03 -2.459059E+01  2.954807E+03  2.535271E+02  2.654500E+02
        19   1  1.876708E+03  4.045175E+03 -2.683918E+01 -2.643806E+03 -4.805610E+02  1.181037E+03
        19   2  2.587953E+03  2.478877E+03  4.767177E+01 -2.992630E+03  2.718477E+02  2.992136E+02
        19   3  2.491954E+03  4.357226E+03  1.566315E+01 -3.078224E+03 -3.842444E+02  7.746709E+02
        19   4  2.856811E+03  2.858688E+03 -3.242655E+00 -2.990646E+03  2.180847E+02  3.821962E+02
        19   5 -1.876708E+03 -4.045175E+03  2.683918E+01  2.643806E+03 -4.805610E+02  1.181037E+03
        19   6 -2.587953E+03 -2.478877E+03 -4.767177E+01  2.992630E+03  2.718477E+02  2.992136E+02
        19   7 -2.491954E+03 -4.357226E+03 -1.566315E+01  3.078224E+03 -3.842444E+02  7.746709E+02
        19   8 -2.856811E+03 -2.858688E+03  3.242655E+00  2.990646E+03  2.180847E+02  3.821962E+02
        25   1  2.881305E+03  4.209310E+03 -4.539082E+01 -3.396393E+03 -1.859960E+02  5.332061E+02
        25   2  3.137889E+03  3.198802E+03  3.987151E+01 -3.092778E+03  2.919658E+02  3.035667E+02
        25   3  3.639384E+03  4.025389E+03 -2.141412E+00 -3.674645E+03  1.023803E+02  3.839058E+01
        25   4  3.386671E+03  3.332051E+03  8.647610E+00 -3.209635E+03  3.676402E+02  2.144870E+02
        25   5 -2.881305E+03 -4.209310E+03  4.539082E+01  3.396393E+03 -1.859960E+02  5.332061E+02
        25   6 -3.137889E+03 -3.198802E+03 -3.987151E+01  3.092778E+03  2.919658E+02  3.035667E+02
        25   7 -3.639384E+03 -4.025389E+03  2.141412E+00  3.674645E+03  1.023803E+02  3.839058E+01
        25   8 -3.386671E+03 -3.332051E+03 -8.647610E+00  3.209635E+03  3.676402E+02  2.144870E+02
        31   1  4.129256E+03  3.684933E+03 -1.302197E+01 -3.778457E+03  4.206851E+02 -2.148369E+02
        31   2  3.639476E+03  3.354369E+03  2.283714E+01 -3.306298E+03  5.150848E+02  9.180684E+01
        31   3  4.775459E+03  3.131051E+03 -8.517662E+00 -3.751991E+03  9.160041E+02 -6.043775E+02
        31   4  3.887619E+03  3.209706E+03  1.298657E+01 -3.375220E+03  7.301006E+02 -6.601900E+01
        31   5 -4.129256E+03 -3.684933E+03  1.302197E+01  3.778457E+03  4.206851E+02 -2.148369E+02
        31   6 -3.639476E+03 -3.354369E+03 -2.283714E+01  3.306298E+03  5.150848E+02  9.180684E+01
        31   7 -4.775459E+03 -3.131051E+03  8.517662E+00  3.751991E+03  9.160041E+02 -6.043775E+02
        31   8 -3.887619E+03 -3.209706E+03 -1.298657E+01  3.375220E+03  7.301006E+02 -6.601900E+01
        37   1  5.136767E+03  2.660026E+03 -1.026888E+01 -3.591902E+03  1.339573E+03 -7.794451E+02
        37   2  4.053628E+03  3.000622E+03  1.470822E+01 -3.368773E+03  9.557383E+02 -1.878130E+02
        37   3  5.444364E+03  1.993938E+03 -9.483394E+00 -3.209133E+03  1.945817E+03 -9.951919E+02
        37   4  4.157951E+03  2.622317E+03  1.341665E+01 -3.292468E+03  1.274809E+03 -3.125677E+02
        37   5 -5.136767E+03 -2.660026E+03  1.026888E+01  3.591902E+03  1.339573E+03 -7.794451E+02
        37   6 -4.053628E+03 -3.000622E+03 -1.470822E+01  3.368773E+03  9.557383E+02 -1.878130E+02
        37   7 -5.444364E+03 -1.993938E+03  9.483394E+00  3.209133E+03  1.945817E+03 -9.951919E+02
        37   8 -4.157951E+03 -2.622317E+03 -1.341665E+01  3.292468E+03  1.274809E+03 -3.125677E+02
        43   1  5.489696E+03  1.547442E+03 -4.296592E+00 -2.824412E+03  2.398332E+03 -1.036710E+03
        43   2  4.136396E+03  2.281541E+03  8.341257E+00 -3.162246E+03  1.541060E+03 -3.766888E+02
        43   3  5.255449E+03  9.849198E+02 -8.688470E+00 -2.222655E+03  2.991611E+03 -1.029048E+03
        43   4  3.952949E+03  1.803648E+03  1.214254E+01 -2.941469E+03  1.883373E+03 -4.043912E+02
        43   5 -5.489696E+03 -1.547442E+03  4.296592E+00  2.824412E+03  2.398332E+03 -1.036710E+03
        43   6 -4.136396E+03 -2.281541E+03 -8.341257E+00  3.162246E+03  1.541060E+03 -3.766888E+02
        43   7 -5.255449E+03 -9.849198E+02  8.688470E+00  2.222655E+03  2.991611E+03 -1.029048E+03
        43   8 -3.952949E+03 -1.803648E+03 -1.214254E+01  2.941469E+03  1.883373E+03 -4.043912E+02
        49   1  4.874511E+03  6.807878E+02 -1.665724E+00 -1.758272E+03  3.380438E+03 -9.205327E+02
        49   2  3.667618E+03  1.437454E+03  3.487657E+00 -2.736971E+03  2.124271E+03 -3.844117E+02
        49   3  4.049133E+03  3.352765E+02 -6.890819E+00 -1.175215E+03  3.823408E+03 -7.063032E+02
        49   4  3.129552E+03  9.703225E+02  1.008000E+01 -2.474719E+03  2.389394E+03 -2.998994E+02
        49   5 -4.874511E+03 -6.807878E+02  1.665724E+00  1.758272E+03  3.380438E+03 -9.205327E+02
        49   6 -3.667618E+03 -1.437454E+03 -3.487656E+00  2.736971E+03  2.124271E+03 -3.844117E+02
        49   7 -4.049133E+03 -3.352765E+02  6.890819E+00  1.175215E+03  3.823408E+03 -7.063032E+02
        49   8 -3.129552E+03 -9.703225E+02 -1.008000E+01  2.474719E+03  2.389394E+03 -2.998994E+02
        55   1  3.272097E+03  1.987680E+02  7.411255E-01 -8.204526E+02  4.056692E+03 -4.775683E+02
        55   2  2.586040E+03  6.364991E+02 -7.853371E-01 -2.295634E+03  2.534738E+03 -2.068937E+02
        55   3  2.002878E+03  3.761561E+01 -4.806638E+00 -5.008498E+02  4.234282E+03 -1.352519E+02
        55   4  1.761194E+03  2.175188E+02  7.308524E+00 -2.126080E+03  2.635214E+03 -5.004519E+01
        55   5 -3.272097E+03 -1.987680E+02 -7.411255E-01  8.204526E+02  4.056692E+03 -4.775683E+02
        55   6 -2.586040E+03 -6.364991E+02  7.853371E-01  2.295634E+03  2.534738E+03 -2.068937E+02
        55   7 -2.002878E+03 -3.761561E+01  4.806638E+00  5.008498E+02  4.234282E+03 -1.352519E+02
        55   8 -1.761194E+03 -2.175188E+02 -7.308524E+00  2.126080E+03  2.635214E+03 -5.004519E+01
        61   1  1.004019E+03 -6.871807E+00  3.109449E+00 -4.059889E+02  4.248596E+03  1.423690E+02
        61   2  1.062954E+03 -8.685873E+01 -4.762718E+00 -2.060855E+03  2.636339E+03  7.003666E+01
        61   3 -3.983386E+02 -1.340082E+02 -2.533385E+00 -4.860927E+02  4.103555E+03  4.882390E+02
        61   4  1.363457E+02 -4.899562E+02  3.865298E+00 -2.065341E+03  2.531270E+03  2.213782E+02
        61   5 -1.004019E+03  6.871807E+00 -3.109449E+00  4.059889E+02  4.248596E+03  1.423690E+02
        61   6 -1.062954E+03  8.685873E+01  4.762718E+00  2.060855E+03  2.636339E+03  7.003666E+01
        61   7  3.983386E+02  1.340082E+02  2.533385E+00  4.860927E+02  4.103555E+03  4.882390E+02
        61   8 -1.363457E+02  4.899562E+02 -3.865298E+00  2.065341E+03  2.531270E+03  2.213782E+02
        67   1 -1.361668E+03 -2.196898E+02  5.623887E+00 -6.901423E+02  3.884474E+03  7.227820E+02
        67   2 -5.549191E+02 -8.021674E+02 -8.603922E+00 -2.138431E+03  2.380679E+03  3.055571E+02
        67   3 -2.538786E+03 -4.895531E+02  3.957215E-01 -1.130279E+03  3.437110E+03  9.356032E+02
        67   4 -1.367715E+03 -1.232863E+03 -7.934685E-01 -2.294957E+03  2.093844E+03  3.676765E+02
        67   5  1.361668E+03  2.196898E+02 -5.623887E+00  6.901423E+02  3.884474E+03  7.227820E+02
        67   6  5.549191E+02  8.021674E+02  8.603922E+00  2.138431E+03  2.380679E+03  3.055571E+02
        67   7  2.538786E+03  4.895531E+02 -3.957215E-01  1.130279E+03  3.437110E+03  9.356032E+02
        67   8  1.367715E+03  1.232863E+03  7.934685E-01  2.294957E+03  2.093844E+03  3.676765E+02
        73   1 -3.226461E+03 -7.293192E+02  8.188806E+00 -1.540123E+03  3.026358E+03  1.040691E+03
        73   2 -1.904091E+03 -1.570954E+03 -1.217337E+01 -2.454344E+03  1.830545E+03  3.622448E+02
        73   3 -3.911628E+03 -1.233713E+03  3.889648E+00 -2.141000E+03  2.374135E+03  1.012530E+03
        73   4 -2.459469E+03 -2.014167E+03 -6.972138E+00 -2.658840E+03  1.446532E+03  2.834129E+02
        73   5  3.226461E+03  7.293192E+02 -8.188806E+00  1.540123E+03  3.026358E+03  1.040691E+03
        73   6  1.904091E+03  1.570954E+03  1.217337E+01  2.454344E+03  1.830545E+03  3.622448E+02
        73   7  3.911628E+03  1.233713E+03 -3.889648E+00  2.141000E+03  2.374135E+03  1.012530E+03
        73   8  2.459469E+03  2.014167E+03  6.972138E+00  2.658840E+03  1.446532E+03  2.834129E+02
        79   1 -4.195916E+03 -1.651954E+03  9.535911E+00 -2.574656E+03  1.860182E+03  9.370015E+02
        79   2 -2.768632E+03 -2.334609E+03 -1.457504E+01 -2.813019E+03  1.144063E+03  1.694570E+02
        79   3 -4.306436E+03 -2.325526E+03  1.296703E+01 -3.075714E+03  1.152436E+03  6.198105E+02
        79   4 -3.054306E+03 -2.691622E+03 -1.689697E+01 -2.959539E+03  7.802648E+02 -3.907525E+01
        79   5  4.195916E+03  1.651954E+03 -9.535911E+00  2.574656E+03  1.860182E+03  9.370015E+02
        79   6  2.768632E+03  2.334609E+03  1.457504E+01  2.813019E+03  1.144063E+03  1.694570E+02
        79   7  4.306436E+03  2.325526E+03 -1.296703E+01  3.075714E+03  1.152436E+03  6.198105E+02
        79   8  3.054306E+03  2.691622E+03  1.689697E+01  2.959539E+03  7.802648E+02 -3.907525E+01
        85   1 -4.217922E+03 -2.828260E+03  9.623397E+00 -3.347478E+03  6.443469E+02  3.661239E+02
        85   2 -3.155237E+03 -2.882514E+03 -1.540267E+01 -3.047245E+03  5.191308E+02 -2.339936E+02
        85   3 -3.872234E+03 -3.456502E+03  1.656474E+01 -3.535646E+03  4.375925E+01 -1.990361E+02
        85   4 -3.258058E+03 -3.006849E+03 -3.076814E+01 -3.119871E+03  2.850119E+02 -4.901252E+02
        85   5  4.217922E+03  2.828260E+03 -9.623397E+00  3.347478E+03  6.443469E+02  3.661239E+02
        85   6  3.155237E+03  2.882514E+03  1.540267E+01  3.047245E+03  5.191308E+02 -2.339936E+02
        85   7  3.872234E+03  3.456502E+03 -1.656474E+01  3.535646E+03  4.375925E+01 -1.990361E+02
        85   8  3.258058E+03  3.006849E+03  3.076814E+01  3.119871E+03  2.850119E+02 -4.901252E+02
        91   1 -3.563560E+03 -3.873200E+03  1.412046E+00 -3.553326E+03 -3.480487E+02 -5.714208E+02
        91   2 -3.208507E+03 -2.952581E+03 -9.123301E+00 -3.142455E+03  1.224732E+02 -6.890958E+02
        91   3 -2.950020E+03 -4.123352E+03  6.586214E+01 -3.434928E+03 -6.894904E+02 -1.314743E+03
        91   4 -3.254469E+03 -2.803746E+03 -5.699968E+01 -3.232133E+03  7.857423E+01 -8.486844E+02
        91   5  3.563560E+03  3.873200E+03 -1.412046E+00  3.553326E+03 -3.480487E+02 -5.714208E+02
        91   6  3.208507E+03  2.952581E+03  9.123301E+00  3.142455E+03  1.224732E+02 -6.890958E+02
        91   7  2.950020E+03  4.123352E+03 -6.586214E+01  3.434928E+03 -6.894904E+02 -1.314743E+03
        91   8  3.254469E+03  2.803746E+03  5.699968E+01  3.232133E+03  7.857423E+01 -8.486844E+02
        97   1 -2.702239E+03 -4.399755E+03 -2.933087E+01 -3.193153E+03 -9.346751E+02 -1.674114E+03
        97   2 -3.078279E+03 -2.368086E+03  1.440932E+01 -3.284237E+03  2.052827E+00 -9.925013E+02
        97   3 -2.140604E+03 -4.090457E+03  3.990234E+01 -2.876937E+03 -1.024256E+03 -2.300176E+03
        97   4 -2.984295E+03 -1.997442E+03 -7.385236E+01 -3.589125E+03  1.498820E+02 -8.719204E+02
        97   5  2.702239E+03  4.399755E+03  2.933087E+01  3.193153E+03 -9.346751E+02 -1.674114E+03
        97   6  3.078279E+03  2.368086E+03 -1.440932E+01  3.284237E+03  2.052827E+00 -9.925013E+02
        97   7  2.140604E+03  4.090457E+03 -3.990234E+01  2.876937E+03 -1.024256E+03 -2.300176E+03
        97   8  2.984295E+03  1.997442E+03  7.385236E+01  3.589125E+03  1.498820E+02 -8.719204E+02
       103   1 -1.791925E+03 -3.859392E+03  4.042457E+01 -2.703607E+03 -9.747972E+02 -2.729162E+03
       103   2 -2.745808E+03 -1.603675E+03 -3.466842E+01 -3.719518E+03  1.616557E+02 -8.442411E+02
       103   3 -1.383970E+03 -3.483283E+03 -6.050051E+00 -2.311364E+03 -1.021401E+03 -3.271690E+03
       103   4 -2.348120E+03 -1.265030E+03  2.728495E+00 -3.846956E+03  1.072764E+02 -9.484335E+02
       103   5  1.791925E+03  3.859392E+03 -4.042457E+01  2.703607E+03 -9.747972E+02 -2.729162E+03
       103   6  2.745808E+03  1.603675E+03  3.466842E+01  3.719518E+03  1.616557E+02 -8.442411E+02
       103   7  1.383970E+03  3.483283E+03  6.050051E+00  2.311364E+03 -1.021401E+03 -3.271690E+03
       103   8  2.348120E+03  1.265030E+03 -2.728495E+00  3.846956E+03  1.072764E+02 -9.484335E+02
       109   1 -1.009509E+03 -2.996644E+03  1.419674E+01 -1.995222E+03 -9.201454E+02 -3.651917E+03
       109   2 -2.021788E+03 -1.111097E+03 -1.996275E+01 -3.952280E+03  6.791788E+01 -1.030039E+03
       109   3 -6.251121E+02 -2.198068E+03  3.270646E-01 -1.641611E+03 -7.014834E+02 -4.062594E+03
       109   4 -1.418611E+03 -7.535857E+02 -3.879316E+00 -4.051529E+03  3.772965E+01 -1.114176E+03
       109   5  1.009509E+03  2.996644E+03 -1.419674E+01  1.995222E+03 -9.201454E+02 -3.651917E+03
       109   6  2.021788E+03  1.111097E+03  1.996275E+01  3.952280E+03  6.791788E+01 -1.030039E+03
       109   7  6.251121E+02  2.198068E+03 -3.270646E-01  1.641611E+03 -7.014834E+02 -4.062594E+03
       109   8  1.418611E+03  7.535857E+02  3.879316E+00  4.051529E+03  3.772965E+01 -1.114176E+03
       115   1 -3.845080E+02 -1.478088E+03  2.998404E+00 -1.448865E+03 -4.698457E+02 -4.263154E+03
       115   2 -9.445168E+02 -4.983267E+02 -5.203757E-01 -4.095611E+03  1.854890E+01 -1.184158E+03
       115   3 -9.746158E+01 -4.119862E+02 -2.306581E+00 -1.314800E+03 -1.371291E+02 -4.414087E+03
       115   4 -2.515563E+02 -1.290689E+02  1.655633E+00 -4.123899E+03  4.306865E+00 -1.214641E+03
       115   5  3.845080E+02  1.478088E+03 -2.998404E+00  1.448865E+03 -4.698457E+02 -4.263154E+03
       115   6  9.445168E+02  4.983267E+02  5.203757E-01  4.095611E+03  1.854890E+01 -1.184158E+03
       115   7  9.746158E+01  4.119862E+02  2.306581E+00  1.314800E+03 -1.371291E+02 -4.414087E+03
       115   8  2.515563E+02  1.290689E+02 -1.655633E+00  4.123899E+03  4.306865E+00 -1.214641E+03
       121   1  9.746158E+01  4.119862E+02  2.306581E+00 -1.314800E+03  1.371291E+02 -4.414087E+03
       121   2  2.515563E+02  1.290689E+02 -1.655633E+00 -4.123899E+03 -4.306865E+00 -1.214641E+03
       121   3  3.845080E+02  1.478088E+03 -2.998404E+00 -1.448865E+03  4.698457E+02 -4.263154E+03
       121   4  9.445168E+02  4.983267E+02  5.203757E-01 -4.095611E+03 -1.854890E+01 -1.184158E+03
       121   5 -9.746158E+01 -4.119862E+02 -2.306581E+00  1.314800E+03  1.371291E+02 -4.414087E+03
       121   6 -2.515563E+02 -1.290689E+02  1.655633E+00  4.123899E+03 -4.306865E+00 -1.214641E+03
       121   7 -3.845080E+02 -1.478088E+03  2.998404E+00  1.448865E+03  4.698457E+02 -4.263154E+03
       121   8 -9.445168E+02 -4.983267E+02 -5.203757E-01  4.095611E+03 -1.854890E+01 -1.184158E+03
       127   1  6.251121E+02  2.198068E+03 -3.270646E-01 -1.641611E+03  7.014834E+02 -4.062594E+03
       127   2  1.418611E+03  7.535857E+02  3.879316E+00 -4.051529E+03 -3.772965E+01 -1.114176E+03
       127   3  1.009509E+03  2.996644E+03 -1.419674E+01 -1.995222E+03  9.201454E+02 -3.651917E+03
       127   4  2.021788E+03  1.111097E+03  1.996275E+01 -3.952280E+03 -6.791788E+01 -1.030039E+03
       127   5 -6.251121E+02 -2.198068E+03  3.270646E-01  1.641611E+03  7.014834E+02 -4.062594E+03
       127   6 -1.418611E+03 -7.535857E+02 -3.879316E+00  4.051529E+03 -3.772965E+01 -1.114176E+03
       127   7 -1.009509E+03 -2.996644E+03  1.419674E+01  1.995222E+03  9.201454E+02 -3.651917E+03
       127   8 -2.021788E+03 -1.111097E+03 -1.996275E+01  3.952280E+03 -6.791788E+01 -1.030039E+03
       133   1  1.383970E+03  3.483283E+03  6.050051E+00 -2.311364E+03  1.021401E+03 -3.271690E+03
       133   2  2.348120E+03  1.265030E+03 -2.728495E+00 -3.846956E+03 -1.072764E+02 -9.484335E+02
       133   3  1.791925E+03  3.859392E+03 -4.042457E+01 -2.703607E+03  9.747972E+02 -2.729162E+03
       133   4  2.745808E+03  1.603675E+03  3.466842E+01 -3.719518E+03 -1.616557E+02 -8.442411E+02
       133   5 -1.383970E+03 -3.483283E+03 -6.050051E+00  2.311364E+03  1.021401E+03 -3.271690E+03
       133   6 -2.348120E+03 -1.265030E+03  2.728495E+00  3.846956E+03 -1.072764E+02 -9.484335E+02
       133   7 -1.791925E+03 -3.859392E+03  4.042457E+01  2.703607E+03  9.747972E+02 -2.729162E+03
       133   8 -2.745808E+03 -1.603675E+03 -3.466842E+01  3.719518E+03 -1.616557E+02 -8.442411E+02
       139   1  2.140604E+03  4.090457E+03 -3.990234E+01 -2.876937E+03  1.024256E+03 -2.300176E+03
       139   2  2.984295E+03  1.997442E+03  7.385236E+01 -3.589125E+03 -1.498820E+02 -8.719204E+02
       139   3  2.702239E+03  4.399755E+03  2.933087E+01 -3.193153E+03  9.346751E+02 -1.674114E+03
       139   4  3.078279E+03  2.368086E+03 -1.440932E+01 -3.284237E+03 -2.052827E+00 -9.925013E+02
       139   5 -2.140604E+03 -4.090457E+03  3.990234E+01  2.876937E+03  1.024256E+03 -2.300176E+03
       139   6 -2.984295E+03 -1.997442E+03 -7.385236E+01  3.589125E+03 -1.498820E+02 -8.719204E+02
       139   7 -2.702239E+03 -4.399755E+03 -2.933087E+01  3.193153E+03  9.346751E+02 -1.674114E+03
       139   8 -3.078279E+03 -2.368086E+03  1.440932E+01  3.284237E+03 -2.052827E+00 -9.925013E+02
       145   1  2.950020E+03  4.123352E+03 -6.586214E+01 -3.434928E+03  6.894904E+02 -1.314743E+03
       145   2  3.254469E+03  2.803746E+03  5.699968E+01 -3.232133E+03 -7.857423E+01 -8.486844E+02
       145   3  3.563560E+03  3.873200E+03 -1.412046E+00 -3.553326E+03  3.480487E+02 -5.714208E+02
       145   4  3.208507E+03  2.952581E+03  9.123301E+00 -3.142455E+03 -1.224732E+02 -6.890958E+02
       145   5 -2.950020E+03 -4.123352E+03  6.586214E+01  3.434928E+03  6.894904E+02 -1.314743E+03
       145   6 -3.254469E+03 -2.803746E+03 -5.699968E+01  3.232133E+03 -7.857423E+01 -8.486844E+02
       145   7 -3.563560E+03 -3.873200E+03  1.412046E+00  3.553326E+03  3.480487E+02 -5.714208E+02
       145   8 -3.208507E+03 -2.952581E+03 -9.123301E+00  3.142455E+03 -1.224732E+02 -6.890958E+02
       151   1  3.872234E+03  3.456502E+03 -1.656474E+01 -3.535646E+03 -4.375925E+01 -1.990361E+02
       151   2  3.258058E+03  3.006849E+03  3.076814E+01 -3.119871E+03 -2.850119E+02 -4.901252E+02
       151   3  4.217922E+03  2.828260E+03 -9.623397E+00 -3.347478E+03 -6.443469E+02  3.661239E+02
       151   4  3.155237E+03  2.882514E+03  1.540267E+01 -3.047245E+03 -5.191308E+02 -2.339936E+02
       151   5 -3.872234E+03 -3.456502E+03  1.656474E+01  3.535646E+03 -4.375925E+01 -1.990361E+02
       151   6 -3.258058E+03 -3.006849E+03 -3.076814E+01  3.119871E+03 -2.850119E+02 -4.901252E+02
       151   7 -4.217922E+03 -2.828260E+03  9.623397E+00  3.347478E+03 -6.443469E+02  3.661239E+02
       151   8 -3.155237E+03 -2.882514E+03 -1.540267E+01  3.047245E+03 -5.191308E+02 -2.339936E+02
       157   1  4.306436E+03  2.325526E+03 -1.296703E+01 -3.075714E+03 -1.152436E+03  6.198105E+02
       157   2  3.054306E+03  2.691622E+03  1.689697E+01 -2.959539E+03 -7.802648E+02 -3.907525E+01
       157   3  4.195916E+03  1.651954E+03 -9.535911E+00 -2.574656E+03 -1.860182E+03  9.370015E+02
       157   4  2.768632E+03  2.334609E+03  1.457504E+01 -2.813019E+03 -1.144063E+03  1.694570E+02
       157   5 -4.306436E+03 -2.325526E+03  1.296703E+01  3.075714E+03 -1.152436E+03  6.198105E+02
       157   6 -3.054306E+03 -2.691622E+03 -1.689697E+01  2.959539E+03 -7.802648E+02 -3.907525E+01
       157   7 -4.195916E+03 -1.651954E+03  9.535911E+00  2.574656E+03 -1.860182E+03  9.370015E+02
       157   8 -2.768632E+03 -2.334609E+03 -1.457504E+01  2.813019E+03 -1.144063E+03  1.694570E+02
       163   1  3.911628E+03  1.233713E+03 -3.889648E+00 -2.141000E+03 -2.374135E+03  1.012530E+03
       163   2  2.459469E+03  2.014167E+03  6.972138E+00 -2.658840E+03 -1.446532E+03  2.834129E+02
       163   3  3.226461E+03  7.293192E+02 -8.188806E+00 -1.540123E+03 -3.026358E+03  1.040691E+03
       163   4  1.904091E+03  1.570954E+03  1.217337E+01 -2.454344E+03 -1.830545E+03  3.622448E+02
       163   5 -3.911628E+03 -1.233713E+03  3.889648E+00  2.141000E+03 -2.374135E+03  1.012530E+03
       163   6 -2.459469E+03 -2.014167E+03 -6.972138E+00  2.658840E+03 -1.446532E+03  2.834129E+02
       163   7 -3.226461E+03 -7.293192E+02  8.188806E+00  1.540123E+03 -3.026358E+03  1.040691E+03
       163   8 -1.904091E+03 -1.570954E+03 -1.217337E+01  2.454344E+03 -1.830545E+03  3.622448E+02
       169   1  2.538786E+03  4.895531E+02 -3.957215E-01 -1.130279E+03 -3.437110E+03  9.356032E+02
       169   2  1.367715E+03  1.232863E+03  7.934685E-01 -2.294957E+03 -2.093844E+03  3.676765E+02
       169   3  1.361668E+03  2.196898E+02 -5.623887E+00 -6.901423E+02 -3.884474E+03  7.227820E+02
       169   4  5.549191E+02  8.021674E+02  8.603922E+00 -2.138431E+03 -2.380679E+03  3.055571E+02
       169   5 -2.538786E+03 -4.895531E+02  3.957215E-01  1.130279E+03 -3.437110E+03  9.356032E+02
       169   6 -1.367715E+03 -1.232863E+03 -7.934685E-01  2.294957E+03 -2.093844E+03  3.676765E+02
       169   7 -1.361668E+03 -2.196898E+02  5.623887E+00  6.901423E+02 -3.884474E+03  7.227820E+02
       169   8 -5.549191E+02 -8.021674E+02 -8.603922E+00  2.138431E+03 -2.380679E+03  3.055571E+02
       175   1  3.983386E+02  1.340082E+02  2.533385E+00 -4.860927E+02 -4.103555E+03  4.882390E+02
       175   2 -1.363457E+02  4.899562E+02 -3.865298E+00 -2.065341E+03 -2.531270E+03  2.213782E+02
       175   3 -1.004019E+03  6.871807E+00 -3.109449E+00 -4.059889E+02 -4.248596E+03  1.423690E+02
       175   4 -1.062954E+03  8.685873E+01  4.762718E+00 -2.060855E+03 -2.636339E+03  7.003666E+01
       175   5 -3.983386E+02 -1.340082E+02 -2.533385E+00  4.860927E+02 -4.103555E+03  4.882390E+02
       175   6  1.363457E+02 -4.899562E+02  3.865298E+00  2.065341E+03 -2.531270E+03  2.213782E+02
       175   7  1.004019E+03 -6.871807E+00  3.109449E+00  4.059889E+02 -4.248596E+03  1.423690E+02
       175   8  1.062954E+03 -8.685873E+01 -4.762718E+00  2.060855E+03 -2.636339E+03  7.003666E+01
       181   1 -2.002878E+03 -3.761561E+01  4.806638E+00 -5.008498E+02 -4.234282E+03 -1.352519E+02
       181   2 -1.761194E+03 -2.175188E+02 -7.308524E+00 -2.126080E+03 -2.635214E+03 -5.004519E+01
       181   3 -3.272097E+03 -1.987680E+02 -7.411255E-01 -8.204526E+02 -4.056692E+03 -4.775683E+02
       181   4 -2.586040E+03 -6.364991E+02  7.853371E-01 -2.295634E+03 -2.534738E+03 -2.068937E+02
       181   5  2.002878E+03  3.761561E+01 -4.806638E+00  5.008498E+02 -4.234282E+03 -1.352519E+02
       181   6  1.761194E+03  2.175188E+02  7.308524E+00  2.126080E+03 -2.635214E+03 -5.004519E+01
       181   7  3.272097E+03  1.987680E+02  7.411255E-01  8.204526E+02 -4.056692E+03 -4.775683E+02
       181   8  2.586040E+03  6.364991E+02 -7.853371E-01  2.295634E+03 -2.534738E+03 -2.068937E+02
       187   1 -4.049133E+03 -3.352765E+02  6.890819E+00 -1.175215E+03 -3.823408E+03 -7.063032E+02
       187   2 -3.129552E+03 -9.703225E+02 -1.008000E+01 -2.474719E+03 -2.389394E+03 -2.998994E+02
       187   3 -4.874511E+03 -6.807878E+02  1.665724E+00 -1.758272E+03 -3.380438E+03 -9.205327E+02
       187   4 -3.667618E+03 -1.437454E+03 -3.487656E+00 -2.736971E+03 -2.124271E+03 -3.844117E+02
       187   5  4.049133E+03  3.352765E+02 -6.890819E+00  1.175215E+03 -3.823408E+03 -7.063032E+02
       187   6  3.129552E+03  9.703225E+02  1.008000E+01  2.474719E+03 -2.389394E+03 -2.998994E+02
       187   7  4.874511E+03  6.807878E+02 -1.665724E+00  1.758272E+03 -3.380438E+03 -9.205327E+02
       187   8  3.667618E+03  1.437454E+03  3.487656E+00  2.736971E+03 -2.124271E+03 -3.844117E+02
       193   1 -5.255449E+03 -9.849198E+02  8.688470E+00 -2.222655E+03 -2.991611E+03 -1.029048E+03
       193   2 -3.952949E+03 -1.803648E+03 -1.214254E+01 -2.941469E+03 -1.883373E+03 -4.043912E+02
       193   3 -5.489696E+03 -1.547442E+03  4.296592E+00 -2.824412E+03 -2.398332E+03 -1.036710E+03
       193   4 -4.136396E+03 -2.281541E+03 -8.341257E+00 -3.162246E+03 -1.541060E+03 -3.766888E+02
       193   5  5.255449E+03  9.849198E+02 -8.688470E+00  2.222655E+03 -2.991611E+03 -1.029048E+03
       193   6  3.952949E+03  1.803648E+03  1.214254E+01  2.941469E+03 -1.883373E+03 -4.043912E+02
       193   7  5.489696E+03  1.547442E+03 -4.296592E+00  2.824412E+03 -2.398332E+03 -1.036710E+03
       193   8  4.136396E+03  2.281541E+03  8.341257E+00  3.162246E+03 -1.541060E+03 -3.766888E+02
       199   1 -5.444364E+03 -1.993938E+03  9.483394E+00 -3.209133E+03 -1.945817E+03 -9.951919E+02
       199   2 -4.157951E+03 -2.622317E+03 -1.341665E+01 -3.292468E+03 -1.274809E+03 -3.125677E+02
       199   3 -5.136767E+03 -2.660026E+03  1.026888E+01 -3.591902E+03 -1.339573E+03 -7.794451E+02
       199   4 -4.053628E+03 -3.000622E+03 -1.470822E+01 -3.368773E+03 -9.557383E+02 -1.878130E+02
       199   5  5.444364E+03  1.993938E+03 -9.483394E+00  3.209133E+03 -1.945817E+03 -9.951919E+02
       199   6  4.157951E+03  2.622317E+03  1.341665E+01  3.292468E+03 -1.274809E+03 -3.125677E+02
       199   7  5.136767E+03  2.660026E+03 -1.026888E+01  3.591902E+03 -1.339573E+03 -7.794451E+02
       199   8  4.053628E+03  3.000622E+03  1.470822E+01  3.368773E+03 -9.557383E+02 -1.878130E+02
       205   1 -4.775459E+03 -3.131051E+03  8.517662E+00 -3.751991E+03 -9.160041E+02 -6.043775E+02
       205   2 -3.887619E+03 -3.209706E+03 -1.298657E+01 -3.375220E+03 -7.301006E+02 -6.601900E+01
       205   3 -4.129256E+03 -3.684933E+03  1.302197E+01 -3.778457E+03 -4.206851E+02 -2.148369E+02
       205   4 -3.639476E+03 -3.354369E+03 -2.283714E+01 -3.306298E+03 -5.150848E+02  9.180684E+01
       205   5  4.775459E+03  3.131051E+03 -8.517662E+00  3.751991E+03 -9.160041E+02 -6.043775E+02
       205   6  3.887619E+03  3.209706E+03  1.298657E+01  3.375220E+03 -7.301006E+02 -6.601900E+01
       205   7  4.129256E+03  3.684933E+03 -1.302197E+01  3.778457E+03 -4.206851E+02 -2.148369E+02
       205   8  3.639476E+03  3.354369E+03  2.283714E+01  3.306298E+03 -5.150848E+02  9.180684E+01
       211   1 -3.639384E+03 -4.025389E+03  2.141412E+00 -3.674645E+03 -1.023803E+02  3.839058E+01
       211   2 -3.386671E+03 -3.332051E+03 -8.647610E+00 -3.209635E+03 -3.676402E+02  2.144870E+02
       211   3 -2.881305E+03 -4.209310E+03  4.539082E+01 -3.396393E+03  1.859960E+02  5.332061E+02
       211   4 -3.137889E+03 -3.198802E+03 -3.987151E+01 -3.092778E+03 -2.919658E+02  3.035667E+02
       211   5  3.639384E+03  4.025389E+03 -2.141412E+00  3.674645E+03 -1.023803E+02  3.839058E+01
       211   6  3.386671E+03  3.332051E+03  8.647610E+00  3.209635E+03 -3.676402E+02  2.144870E+02
       211   7  2.881305E+03  4.209310E+03 -4.539082E+01  3.396393E+03  1.859960E+02  5.332061E+02
       211   8  3.137889E+03  3.198802E+03  3.987151E+01  3.092778E+03 -2.919658E+02  3.035667E+02
       217   1 -2.491954E+03 -4.357226E+03 -1.566315E+01 -3.078224E+03  3.842444E+02  7.746709E+02
       217   2 -2.856811E+03 -2.858688E+03  3.242655E+00 -2.990646E+03 -2.180847E+02  3.821962E+02
       217   3 -1.876708E+03 -4.045175E+03  2.683918E+01 -2.643806E+03  4.805610E+02  1.181037E+03
       217   4 -2.587953E+03 -2.478877E+03 -4.767177E+01 -2.992630E+03 -2.718477E+02  2.992136E+02
       217   5  2.491954E+03  4.357226E+03  1.566315E+01  3.078224E+03  3.842444E+02  7.746709E+02
       217   6  2.856811E+03  2.858688E+03 -3.242655E+00  2.990646E+03 -2.180847E+02  3.821962E+02
       217   7  1.876708E+03  4.045175E+03 -2.683918E+01  2.643806E+03  4.805610E+02  1.181037E+03
       217   8  2.587953E+03  2.478877E+03  4.767177E+01  2.992630E+03 -2.718477E+02  2.992136E+02
       223   1 -1.509503E+03 -3.776371E+03  2.724645E+01 -2.368077E+03  4.816176E+02  1.457061E+03
       223   2 -2.304440E+03 -2.116147E+03 -2.459059E+01 -2.954807E+03 -2.535271E+02  2.654500E+02
       223   3 -1.096325E+03 -3.338337E+03 -1.873432E+00 -1.917539E+03  5.474837E+02  1.801573E+03
       223   4 -1.882550E+03 -1.730702E+03 -3.486169E+00 -2.885390E+03 -1.861252E+02  3.094045E+02
       223   5  1.509503E+03  3.776371E+03 -2.724645E+01  2.368077E+03  4.816176E+02  1.457061E+03
       223   6  2.304440E+03  2.116147E+03  2.459059E+01  2.954807E+03 -2.535271E+02  2.654500E+02
       223   7  1.096325E+03  3.338337E+03  1.873432E+00  1.917539E+03  5.474837E+02  1.801573E+03
       223   8  1.882550E+03  1.730702E+03  3.486169E+00  2.885390E+03 -1.861252E+02  3.094045E+02
       229   1 -7.698015E+02 -2.849351E+03  1.393073E+01 -1.586774E+03  4.976884E+02  2.039768E+03
       229   2 -1.569733E+03 -1.484132E+03 -1.739405E+01 -2.855602E+03 -1.374983E+02  3.572564E+02
       229   3 -4.558296E+02 -2.057874E+03  4.821069E+00 -1.217924E+03  3.923888E+02  2.297263E+03
       229   4 -1.072074E+03 -1.033207E+03 -8.202328E+00 -2.813307E+03 -8.570336E+01  3.984292E+02
       229   5  7.698015E+02  2.849351E+03 -1.393073E+01  1.586774E+03  4.976884E+02  2.039768E+03
       229   6  1.569733E+03  1.484132E+03  1.739405E+01  2.855602E+03 -1.374983E+02  3.572564E+02
       229   7  4.558296E+02  2.057874E+03 -4.821069E+00  1.217924E+03  3.923888E+02  2.297263E+03
       229   8  1.072074E+03  1.033207E+03  8.202328E+00  2.813307E+03 -8.570336E+01  3.984292E+02
       235   1 -2.768361E+02 -1.376584E+03  4.160589E+00 -1.022142E+03  2.611425E+02  2.420709E+03
       235   2 -7.037799E+02 -6.870379E+02 -5.095663E+00 -2.785999E+03 -5.260019E+01  4.399641E+02
       235   3 -6.797062E+01 -3.786973E+02  2.420112E-02 -8.824108E+02  7.881161E+01  2.513444E+03
       235   4 -1.872669E+02 -1.849540E+02 -1.231086E+00 -2.767835E+03 -1.261288E+01  4.570946E+02
       235   5  2.768361E+02  1.376584E+03 -4.160589E+00  1.022142E+03  2.611425E+02  2.420709E+03
       235   6  7.037799E+02  6.870379E+02  5.095663E+00  2.785999E+03 -5.260019E+01  4.399641E+02
       235   7  6.797062E+01  3.786973E+02 -2.420112E-02  8.824108E+02  7.881161E+01  2.513444E+03
       235   8  1.872669E+02  1.849540E+02  1.231086E+00  2.767835E+03 -1.261288E+01  4.570946E+02

 forces (fx,fy,fz) for set NLEFT and time  0.3000000E+01

       873  1.683390E+05  1.027135E+04  3.669750E+05
       874 -1.683390E+05 -1.027135E+04  3.669750E+05
       875  4.758713E+05  2.481088E+04  7.345542E+04
       877 -4.758713E+05 -2.481088E+04  7.345542E+04
       879 -9.171617E-08  2.833985E-08 -5.791521E+05
       920  7.626597E+04  1.464332E+04  1.966481E+05
       921 -7.626597E+04 -1.464332E+04  1.966481E+05
       922  2.078967E+05  3.633155E+04  1.745173E+04
       924 -2.078967E+05 -3.633155E+04  1.745173E+04
       926 -4.550179E-08  2.876368E-08 -3.814328E+05
       967 -1.208418E-07  1.348044E+04 -3.534933E-07
       968  1.246578E-07 -1.348044E+04 -3.497768E-07
       969  7.018393E+04  2.305059E+04  9.015534E+03
       971 -7.018393E+04 -2.305059E+04  9.015534E+03
       973 -1.272474E-08  2.561501E-08  6.843547E-07
      1014 -7.626597E+04  1.464332E+04 -1.966481E+05
      1015  7.626597E+04 -1.464332E+04 -1.966481E+05
      1016 -7.018393E+04  2.305059E+04 -9.015534E+03
      1018  7.018393E+04 -2.305059E+04 -9.015534E+03
      1020  2.345996E-08  2.567322E-08  3.814328E+05
      1061 -1.683390E+05  1.027135E+04 -3.669750E+05
      1062  1.683390E+05 -1.027135E+04 -3.669750E+05
      1063 -2.078967E+05  3.633155E+04 -1.745173E+04
      1065  2.078967E+05 -3.633155E+04 -1.745173E+04
      1067  7.040217E-08  2.224715E-08  5.791521E+05
      1110 -4.758713E+05  2.481088E+04 -7.345542E+04
      1112  4.758713E+05 -2.481088E+04 -7.345542E+04

                    E I G E N V A L U E    N U M B E R     3


 stresses (elem, integ.pnt.,sxx,syy,szz,sxy,sxz,syz) for set EHOLE and time  0.3000000E+01

         1   1  3.698467E+01  2.106026E+03  3.032108E+01 -1.531458E+02 -2.756534E+02  2.790646E+02
         1   2  1.567857E+03  2.319353E+03 -4.505396E+01 -3.123994E+02 -6.613092E+02  5.371792E+01
         1   3  1.683459E+02  2.249785E+03  3.717117E+01 -6.186123E+02 -3.885724E+02  1.043929E+03
         1   4  1.839481E+03  2.255994E+03 -4.843273E+01 -1.153194E+03 -6.771093E+02  1.609865E+02
         1   5 -3.698467E+01 -2.106026E+03 -3.032108E+01  1.531458E+02 -2.756534E+02  2.790646E+02
         1   6 -1.567857E+03 -2.319353E+03  4.505396E+01  3.123994E+02 -6.613092E+02  5.371792E+01
         1   7 -1.683459E+02 -2.249785E+03 -3.717117E+01  6.186123E+02 -3.885724E+02  1.043929E+03
         1   8 -1.839481E+03 -2.255994E+03  4.843273E+01  1.153194E+03 -6.771093E+02  1.609865E+02
         7   1  3.282398E+02  2.432226E+03  2.701358E+01 -9.767064E+02 -5.534837E+02  1.545295E+03
         7   2  2.252251E+03  2.196668E+03 -4.029069E+01 -1.745264E+03 -6.872614E+02  2.665062E+02
         7   3  7.518396E+02  2.784811E+03  2.722122E+01 -1.570272E+03 -8.885663E+02  2.169570E+03
         7   4  3.066622E+03  2.020548E+03 -5.040152E+01 -2.480580E+03 -6.763688E+02  3.316733E+02
         7   5 -3.282398E+02 -2.432226E+03 -2.701358E+01  9.767064E+02 -5.534837E+02  1.545295E+03
         7   6 -2.252251E+03 -2.196668E+03  4.029069E+01  1.745264E+03 -6.872614E+02  2.665062E+02
         7   7 -7.518396E+02 -2.784811E+03 -2.722122E+01  1.570272E+03 -8.885663E+02  2.169570E+03
         7   8 -3.066622E+03 -2.020548E+03  5.040152E+01  2.480580E+03 -6.763688E+02  3.316733E+02
        13   1  1.203072E+03  3.074017E+03  3.811923E+01 -2.046159E+03 -1.203825E+03  2.560275E+03
        13   2  3.849837E+03  1.870953E+03 -4.152220E+01 -2.978528E+03 -6.862173E+02  3.184715E+02
        13   3  1.927281E+03  3.446355E+03  2.262959E+01 -2.754856E+03 -1.565393E+03  2.975532E+03
        13   4  5.074181E+03  1.633448E+03 -3.895140E+01 -3.532113E+03 -7.165052E+02  3.644974E+02
        13   5 -1.203072E+03 -3.074017E+03 -3.811923E+01  2.046159E+03 -1.203825E+03  2.560275E+03
        13   6 -3.849837E+03 -1.870953E+03  4.152220E+01  2.978528E+03 -6.862173E+02  3.184715E+02
        13   7 -1.927281E+03 -3.446355E+03 -2.262959E+01  2.754856E+03 -1.565393E+03  2.975532E+03
        13   8 -5.074181E+03 -1.633448E+03  3.895140E+01  3.532113E+03 -7.165052E+02  3.644974E+02
        19   1  2.541544E+03  3.779533E+03  1.299735E+01 -3.183506E+03 -1.953937E+03  3.230386E+03
        19   2  5.945292E+03  1.593065E+03 -1.720683E+01 -3.891380E+03 -7.158146E+02  6.126685E+02
        19   3  3.584391E+03  4.285241E+03  1.916442E+01 -3.882844E+03 -2.560235E+03  3.673268E+03
        19   4  6.961504E+03  1.668534E+03 -1.769214E+01 -4.279025E+03 -9.360691E+02  8.802785E+02
        19   5 -2.541544E+03 -3.779533E+03 -1.299735E+01  3.183506E+03 -1.953937E+03  3.230386E+03
        19   6 -5.945292E+03 -1.593065E+03  1.720683E+01  3.891380E+03 -7.158146E+02  6.126685E+02
        19   7 -3.584391E+03 -4.285241E+03 -1.916442E+01  3.882844E+03 -2.560235E+03  3.673268E+03
        19   8 -6.961504E+03 -1.668534E+03  1.769214E+01  4.279025E+03 -9.360691E+02  8.802785E+02
        25   1  4.487335E+03  4.487368E+03 -1.340871E+01 -4.478750E+03 -2.885066E+03  3.757710E+03
        25   2  7.798134E+03  1.855671E+03  6.989981E+00 -4.524078E+03 -1.254272E+03  1.205073E+03
        25   3  6.054593E+03  4.787234E+03  1.040329E+01 -5.278549E+03 -3.500384E+03  3.718928E+03
        25   4  9.127780E+03  1.944060E+03 -1.127247E+01 -4.755830E+03 -1.539306E+03  1.489363E+03
        25   5 -4.487335E+03 -4.487368E+03  1.340871E+01  4.478750E+03 -2.885066E+03  3.757710E+03
        25   6 -7.798134E+03 -1.855671E+03 -6.989981E+00  4.524078E+03 -1.254272E+03  1.205073E+03
        25   7 -6.054593E+03 -4.787234E+03 -1.040329E+01  5.278549E+03 -3.500384E+03  3.718928E+03
        25   8 -9.127780E+03 -1.944060E+03  1.127247E+01  4.755830E+03 -1.539306E+03  1.489363E+03
        31   1  7.356336E+03  4.759821E+03 -1.159861E+01 -5.829882E+03 -3.794106E+03  3.610327E+03
        31   2  1.021508E+04  2.084201E+03  1.597942E+01 -4.908766E+03 -1.761403E+03  1.631704E+03
        31   3  9.483806E+03  4.585084E+03  5.976296E+00 -6.410403E+03 -4.141881E+03  3.260440E+03
        31   4  1.175164E+04  2.108101E+03 -3.779593E+00 -4.992657E+03 -2.033901E+03  1.698230E+03
        31   5 -7.356336E+03 -4.759821E+03  1.159861E+01  5.829882E+03 -3.794106E+03  3.610327E+03
        31   6 -1.021508E+04 -2.084201E+03 -1.597942E+01  4.908766E+03 -1.761403E+03  1.631704E+03
        31   7 -9.483806E+03 -4.585084E+03 -5.976296E+00  6.410403E+03 -4.141881E+03  3.260440E+03
        31   8 -1.175164E+04 -2.108101E+03  3.779593E+00  4.992657E+03 -2.033901E+03  1.698230E+03
        37   1  1.112366E+04  4.197482E+03 -1.737824E+01 -6.685087E+03 -4.234285E+03  2.970213E+03
        37   2  1.298799E+04  2.116188E+03  2.074024E+01 -4.997846E+03 -2.165806E+03  1.666865E+03
        37   3  1.352192E+04  3.591137E+03 -1.729869E+00 -6.727847E+03 -4.228892E+03  2.402091E+03
        37   4  1.462984E+04  1.971247E+03  4.746898E+00 -4.812382E+03 -2.272571E+03  1.544367E+03
        37   5 -1.112366E+04 -4.197482E+03  1.737824E+01  6.685087E+03 -4.234285E+03  2.970213E+03
        37   6 -1.298799E+04 -2.116188E+03 -2.074024E+01  4.997846E+03 -2.165806E+03  1.666865E+03
        37   7 -1.352192E+04 -3.591137E+03  1.729869E+00  6.727847E+03 -4.228892E+03  2.402091E+03
        37   8 -1.462984E+04 -1.971247E+03 -4.746898E+00  4.812382E+03 -2.272571E+03  1.544367E+03
        43   1  1.522879E+04  2.979115E+03 -1.401328E+01 -6.507283E+03 -4.063515E+03  2.017420E+03
        43   2  1.584913E+04  1.825490E+03  2.091675E+01 -4.548890E+03 -2.241518E+03  1.397533E+03
        43   3  1.743351E+04  2.163157E+03 -6.369737E+00 -5.807185E+03 -3.661562E+03  1.412166E+03
        43   4  1.732415E+04  1.550918E+03  1.041342E+01 -3.970932E+03 -2.115912E+03  1.163244E+03
        43   5 -1.522879E+04 -2.979115E+03  1.401328E+01  6.507283E+03 -4.063515E+03  2.017420E+03
        43   6 -1.584913E+04 -1.825490E+03 -2.091675E+01  4.548890E+03 -2.241518E+03  1.397533E+03
        43   7 -1.743351E+04 -2.163157E+03  6.369737E+00  5.807185E+03 -3.661562E+03  1.412166E+03
        43   8 -1.732415E+04 -1.550918E+03 -1.041342E+01  3.970932E+03 -2.115912E+03  1.163244E+03
        49   1  1.881433E+04  1.542833E+03 -1.340887E+01 -5.026281E+03 -3.239103E+03  1.053541E+03
        49   2  1.828003E+04  1.340514E+03  2.013413E+01 -3.388740E+03 -1.908965E+03  9.806463E+02
        49   3  2.028733E+04  8.628797E+02 -9.061382E+00 -3.630939E+03 -2.507017E+03  5.804950E+02
        49   4  1.923912E+04  1.075240E+03  1.446732E+01 -2.416814E+03 -1.561146E+03  7.533320E+02
        49   5 -1.881433E+04 -1.542833E+03  1.340887E+01  5.026281E+03 -3.239103E+03  1.053541E+03
        49   6 -1.828003E+04 -1.340514E+03 -2.013413E+01  3.388740E+03 -1.908965E+03  9.806463E+02
        49   7 -2.028733E+04 -8.628797E+02  9.061381E+00  3.630939E+03 -2.507017E+03  5.804950E+02
        49   8 -1.923912E+04 -1.075240E+03 -1.446732E+01  2.416814E+03 -1.561146E+03  7.533320E+02
        55   1  2.096838E+04  4.807713E+02 -1.191937E+01 -2.427264E+03 -1.904065E+03  3.525973E+02
        55   2  1.968101E+04  9.273509E+02  1.790738E+01 -1.584804E+03 -1.219876E+03  6.168050E+02
        55   3  2.129847E+04  2.199928E+02 -1.038240E+01 -6.499562E+02 -9.947557E+02  1.357723E+02
        55   4  1.984250E+04  8.220066E+02  1.698546E+01 -3.901578E+02 -7.408601E+02  4.901360E+02
        55   5 -2.096838E+04 -4.807713E+02  1.191937E+01  2.427264E+03 -1.904065E+03  3.525973E+02
        55   6 -1.968101E+04 -9.273509E+02 -1.790738E+01  1.584804E+03 -1.219876E+03  6.168050E+02
        55   7 -2.129847E+04 -2.199928E+02  1.038240E+01  6.499562E+02 -9.947557E+02  1.357723E+02
        55   8 -1.984250E+04 -8.220066E+02 -1.698546E+01  3.901578E+02 -7.408601E+02  4.901360E+02
        61   1  2.107927E+04  2.210640E+02 -1.026606E+01  6.690616E+02 -3.381203E+02  9.626946E+01
        61   2  1.963181E+04  8.236442E+02  1.477023E+01  5.083274E+02 -3.526639E+02  4.482725E+02
        61   3  2.017048E+04  4.668438E+02 -1.080753E+01  2.361146E+03  5.499534E+02  1.710958E+02
        61   4  1.892432E+04  9.320795E+02  1.810709E+01  1.644066E+03  1.235762E+02  4.567414E+02
        61   5 -2.107927E+04 -2.210640E+02  1.026606E+01 -6.690616E+02 -3.381203E+02  9.626946E+01
        61   6 -1.963181E+04 -8.236442E+02 -1.477023E+01 -5.083274E+02 -3.526639E+02  4.482725E+02
        61   7 -2.017048E+04 -4.668438E+02  1.080753E+01 -2.361146E+03  5.499534E+02  1.710958E+02
        61   8 -1.892432E+04 -9.320795E+02 -1.810709E+01 -1.644066E+03  1.235762E+02  4.567414E+02
        67   1  1.911230E+04  8.234623E+02 -7.908940E+00  3.446186E+03  1.122842E+03  3.112302E+02
        67   2  1.810478E+04  1.072339E+03  1.077710E+01  2.391676E+03  4.592409E+02  5.079871E+02
        67   3  1.721852E+04  1.426281E+03 -1.062898E+01  4.627647E+03  1.806953E+03  6.189985E+02
        67   4  1.670692E+04  1.314777E+03  1.781921E+01  3.210334E+03  8.082800E+02  6.154517E+02
        67   5 -1.911230E+04 -8.234623E+02  7.908940E+00 -3.446186E+03  1.122842E+03  3.112302E+02
        67   6 -1.810478E+04 -1.072339E+03 -1.077710E+01 -2.391676E+03  4.592409E+02  5.079871E+02
        67   7 -1.721852E+04 -1.426281E+03  1.062898E+01 -4.627647E+03  1.806953E+03  6.189985E+02
        67   8 -1.670692E+04 -1.314777E+03 -1.781921E+01 -3.210334E+03  8.082800E+02  6.154517E+02
        73   1  1.561704E+04  1.955944E+03 -4.679466E+00  5.228894E+03  2.189710E+03  8.706423E+02
        73   2  1.548591E+04  1.495948E+03  6.019704E+00  3.657776E+03  1.016864E+03  7.132173E+02
        73   3  1.324018E+04  2.615022E+03 -9.853925E+00  5.685923E+03  2.556518E+03  1.283218E+03
        73   4  1.374016E+04  1.719733E+03  1.578470E+01  4.043915E+03  1.169302E+03  8.369891E+02
        73   5 -1.561704E+04 -1.955944E+03  4.679466E+00 -5.228894E+03  2.189710E+03  8.706423E+02
        73   6 -1.548591E+04 -1.495948E+03 -6.019704E+00 -3.657776E+03  1.016864E+03  7.132173E+02
        73   7 -1.324018E+04 -2.615022E+03  9.853925E+00 -5.685923E+03  2.556518E+03  1.283218E+03
        73   8 -1.374016E+04 -1.719733E+03 -1.578470E+01 -4.043915E+03  1.169302E+03  8.369891E+02
        79   1  1.149646E+04  3.082184E+03  1.047217E-01  5.748461E+03  2.704313E+03  1.548463E+03
        79   2  1.239399E+04  1.822337E+03  3.038680E-01  4.167269E+03  1.225663E+03  9.131930E+02
        79   3  9.162080E+03  3.501198E+03 -1.117263E+01  5.536660E+03  2.732366E+03  1.919810E+03
        79   4  1.065736E+04  1.903556E+03  1.427487E+01  4.174179E+03  1.189497E+03  9.621713E+02
        79   5 -1.149646E+04 -3.082184E+03 -1.047217E-01 -5.748461E+03  2.704313E+03  1.548463E+03
        79   6 -1.239399E+04 -1.822337E+03 -3.038680E-01 -4.167269E+03  1.225663E+03  9.131930E+02
        79   7 -9.162080E+03 -3.501198E+03  1.117263E+01 -5.536660E+03  2.732366E+03  1.919810E+03
        79   8 -1.065736E+04 -1.903556E+03 -1.427487E+01 -4.174179E+03  1.189497E+03  9.621713E+02
        85   1  7.629814E+03  3.729324E+03  6.576894E+00  5.188683E+03  2.669286E+03  2.102948E+03
        85   2  9.411097E+03  1.864888E+03 -6.529622E+00  4.058874E+03  1.116328E+03  9.607822E+02
        85   3  5.730223E+03  3.748555E+03 -3.481300E+00  4.564556E+03  2.428979E+03  2.307226E+03
        85   4  7.904267E+03  1.780980E+03  1.968588E+00  3.835610E+03  9.546571E+02  8.897344E+02
        85   5 -7.629814E+03 -3.729324E+03 -6.576894E+00 -5.188683E+03  2.669286E+03  2.102948E+03
        85   6 -9.411097E+03 -1.864888E+03  6.529622E+00 -4.058874E+03  1.116328E+03  9.607822E+02
        85   7 -5.730223E+03 -3.748555E+03  3.481300E+00 -4.564556E+03  2.428979E+03  2.307226E+03
        85   8 -7.904267E+03 -1.780980E+03 -1.968588E+00 -3.835610E+03  9.546571E+02  8.897344E+02
        91   1  4.596117E+03  3.682851E+03  1.339387E+01  4.024616E+03  2.223609E+03  2.355194E+03
        91   2  6.898826E+03  1.618837E+03 -1.491104E+01  3.607110E+03  8.179609E+02  7.783736E+02
        91   3  3.268111E+03  3.337007E+03 -1.332517E+01  3.287193E+03  1.805203E+03  2.343162E+03
        91   4  5.716201E+03  1.470107E+03  1.081653E+01  3.297130E+03  6.467887E+02  5.767456E+02
        91   5 -4.596117E+03 -3.682851E+03 -1.339387E+01 -4.024616E+03  2.223609E+03  2.355194E+03
        91   6 -6.898826E+03 -1.618837E+03  1.491104E+01 -3.607110E+03  8.179609E+02  7.783736E+02
        91   7 -3.268111E+03 -3.337007E+03  1.332517E+01 -3.287193E+03  1.805203E+03  2.343162E+03
        91   8 -5.716201E+03 -1.470107E+03 -1.081653E+01 -3.297130E+03  6.467887E+02  5.767456E+02
        97   1  2.546409E+03  3.094758E+03  1.580339E+01  2.781464E+03  1.586435E+03  2.266265E+03
        97   2  4.957706E+03  1.264933E+03 -1.521995E+01  3.025577E+03  4.392219E+02  3.658101E+02
        97   3  1.764801E+03  2.606014E+03  2.891210E+01  2.199765E+03  1.198371E+03  1.949596E+03
        97   4  4.062534E+03  1.087055E+03 -4.356470E+01  2.643283E+03  3.038257E+02  2.130574E+02
        97   5 -2.546409E+03 -3.094758E+03 -1.580339E+01 -2.781464E+03  1.586435E+03  2.266265E+03
        97   6 -4.957706E+03 -1.264933E+03  1.521995E+01 -3.025577E+03  4.392219E+02  3.658101E+02
        97   7 -1.764801E+03 -2.606014E+03 -2.891210E+01 -2.199765E+03  1.198371E+03  1.949596E+03
        97   8 -4.062534E+03 -1.087055E+03  4.356470E+01 -2.643283E+03  3.038257E+02  2.130574E+02
       103   1  1.301600E+03  2.263958E+03  2.625867E+01  1.838558E+03  9.445628E+02  1.782744E+03
       103   2  3.409337E+03  1.058469E+03 -3.948816E+01  2.353231E+03  3.190932E+02  6.722953E+01
       103   3  7.838284E+02  1.898838E+03  1.992905E+01  1.303656E+03  7.194466E+02  1.514226E+03
       103   4  2.503980E+03  1.114474E+03 -1.792753E+01  1.930560E+03  3.280772E+02  7.252226E+01
       103   5 -1.301600E+03 -2.263958E+03 -2.625867E+01 -1.838558E+03  9.445628E+02  1.782744E+03
       103   6 -3.409337E+03 -1.058469E+03  3.948816E+01 -2.353231E+03  3.190932E+02  6.722953E+01
       103   7 -7.838284E+02 -1.898838E+03 -1.992905E+01 -1.303656E+03  7.194466E+02  1.514226E+03
       103   8 -2.503980E+03 -1.114474E+03  1.792753E+01 -1.930560E+03  3.280772E+02  7.252226E+01
       109   1  4.749913E+02  1.643070E+03  9.752588E+00  9.731812E+02  5.310188E+02  1.280590E+03
       109   2  1.935118E+03  1.122509E+03 -2.375145E+01  1.583234E+03  3.246565E+02  9.083820E+01
       109   3  1.995118E+02  1.312662E+03  4.404546E+00  5.871791E+02  3.281830E+02  9.039855E+02
       109   4  1.368700E+03  1.179807E+03 -9.101940E+00  1.088791E+03  3.389444E+02  8.778637E+01
       109   5 -4.749913E+02 -1.643070E+03 -9.752588E+00 -9.731812E+02  5.310188E+02  1.280590E+03
       109   6 -1.935118E+03 -1.122509E+03  2.375145E+01 -1.583234E+03  3.246565E+02  9.083820E+01
       109   7 -1.995118E+02 -1.312662E+03 -4.404546E+00 -5.871791E+02  3.281830E+02  9.039855E+02
       109   8 -1.368700E+03 -1.179807E+03  9.101940E+00 -1.088791E+03  3.389444E+02  8.778637E+01
       115   1  1.070783E+02  1.147876E+03  1.220339E+01  3.677243E+02  2.305220E+02  6.097435E+02
       115   2  1.087940E+03  1.183773E+03 -1.157596E+01  7.092398E+02  3.363115E+02  4.795248E+01
       115   3  2.421197E+01  1.029447E+03  7.524022E+00  8.916325E+01  1.608126E+02  1.599920E+02
       115   4  9.021969E+02  1.190830E+03 -1.246091E+01  1.885053E+02  3.316569E+02  2.289570E+01
       115   5 -1.070783E+02 -1.147876E+03 -1.220339E+01 -3.677243E+02  2.305220E+02  6.097435E+02
       115   6 -1.087940E+03 -1.183773E+03  1.157596E+01 -7.092398E+02  3.363115E+02  4.795248E+01
       115   7 -2.421197E+01 -1.029447E+03 -7.524022E+00 -8.916325E+01  1.608126E+02  1.599920E+02
       115   8 -9.021969E+02 -1.190830E+03  1.246091E+01 -1.885053E+02  3.316569E+02  2.289570E+01
       121   1  2.421197E+01  1.029447E+03  7.524022E+00 -8.916325E+01  1.608126E+02 -1.599920E+02
       121   2  9.021969E+02  1.190830E+03 -1.246091E+01 -1.885053E+02  3.316569E+02 -2.289570E+01
       121   3  1.070783E+02  1.147876E+03  1.220339E+01 -3.677243E+02  2.305220E+02 -6.097435E+02
       121   4  1.087940E+03  1.183773E+03 -1.157596E+01 -7.092398E+02  3.363115E+02 -4.795248E+01
       121   5 -2.421197E+01 -1.029447E+03 -7.524022E+00  8.916325E+01  1.608126E+02 -1.599920E+02
       121   6 -9.021969E+02 -1.190830E+03  1.246091E+01  1.885053E+02  3.316569E+02 -2.289570E+01
       121   7 -1.070783E+02 -1.147876E+03 -1.220339E+01  3.677243E+02  2.305220E+02 -6.097435E+02
       121   8 -1.087940E+03 -1.183773E+03  1.157596E+01  7.092398E+02  3.363115E+02 -4.795248E+01
       127   1  1.995118E+02  1.312662E+03  4.404546E+00 -5.871791E+02  3.281830E+02 -9.039855E+02
       127   2  1.368700E+03  1.179807E+03 -9.101940E+00 -1.088791E+03  3.389444E+02 -8.778637E+01
       127   3  4.749913E+02  1.643070E+03  9.752588E+00 -9.731812E+02  5.310188E+02 -1.280590E+03
       127   4  1.935118E+03  1.122509E+03 -2.375145E+01 -1.583234E+03  3.246565E+02 -9.083820E+01
       127   5 -1.995118E+02 -1.312662E+03 -4.404546E+00  5.871791E+02  3.281830E+02 -9.039855E+02
       127   6 -1.368700E+03 -1.179807E+03  9.101940E+00  1.088791E+03  3.389444E+02 -8.778637E+01
       127   7 -4.749913E+02 -1.643070E+03 -9.752588E+00  9.731812E+02  5.310188E+02 -1.280590E+03
       127   8 -1.935118E+03 -1.122509E+03  2.375145E+01  1.583234E+03  3.246565E+02 -9.083820E+01
       133   1  7.838284E+02  1.898838E+03  1.992905E+01 -1.303656E+03  7.194466E+02 -1.514226E+03
       133   2  2.503980E+03  1.114474E+03 -1.792753E+01 -1.930560E+03  3.280772E+02 -7.252226E+01
       133   3  1.301600E+03  2.263958E+03  2.625867E+01 -1.838558E+03  9.445628E+02 -1.782744E+03
       133   4  3.409337E+03  1.058469E+03 -3.948816E+01 -2.353231E+03  3.190932E+02 -6.722953E+01
       133   5 -7.838284E+02 -1.898838E+03 -1.992905E+01  1.303656E+03  7.194466E+02 -1.514226E+03
       133   6 -2.503980E+03 -1.114474E+03  1.792753E+01  1.930560E+03  3.280772E+02 -7.252226E+01
       133   7 -1.301600E+03 -2.263958E+03 -2.625867E+01  1.838558E+03  9.445628E+02 -1.782744E+03
       133   8 -3.409337E+03 -1.058469E+03  3.948816E+01  2.353231E+03  3.190932E+02 -6.722953E+01
       139   1  1.764801E+03  2.606014E+03  2.891210E+01 -2.199765E+03  1.198371E+03 -1.949596E+03
       139   2  4.062534E+03  1.087055E+03 -4.356470E+01 -2.643283E+03  3.038257E+02 -2.130574E+02
       139   3  2.546409E+03  3.094758E+03  1.580339E+01 -2.781464E+03  1.586435E+03 -2.266265E+03
       139   4  4.957706E+03  1.264933E+03 -1.521995E+01 -3.025577E+03  4.392219E+02 -3.658101E+02
       139   5 -1.764801E+03 -2.606014E+03 -2.891210E+01  2.199765E+03  1.198371E+03 -1.949596E+03
       139   6 -4.062534E+03 -1.087055E+03  4.356470E+01  2.643283E+03  3.038257E+02 -2.130574E+02
       139   7 -2.546409E+03 -3.094758E+03 -1.580339E+01  2.781464E+03  1.586435E+03 -2.266265E+03
       139   8 -4.957706E+03 -1.264933E+03  1.521995E+01  3.025577E+03  4.392219E+02 -3.658101E+02
       145   1  3.268111E+03  3.337007E+03 -1.332517E+01 -3.287193E+03  1.805203E+03 -2.343162E+03
       145   2  5.716201E+03  1.470107E+03  1.081653E+01 -3.297130E+03  6.467887E+02 -5.767456E+02
       145   3  4.596117E+03  3.682851E+03  1.339387E+01 -4.024616E+03  2.223609E+03 -2.355194E+03
       145   4  6.898826E+03  1.618837E+03 -1.491104E+01 -3.607110E+03  8.179609E+02 -7.783736E+02
       145   5 -3.268111E+03 -3.337007E+03  1.332517E+01  3.287193E+03  1.805203E+03 -2.343162E+03
       145   6 -5.716201E+03 -1.470107E+03 -1.081653E+01  3.297130E+03  6.467887E+02 -5.767456E+02
       145   7 -4.596117E+03 -3.682851E+03 -1.339387E+01  4.024616E+03  2.223609E+03 -2.355194E+03
       145   8 -6.898826E+03 -1.618837E+03  1.491104E+01  3.607110E+03  8.179609E+02 -7.783736E+02
       151   1  5.730223E+03  3.748555E+03 -3.481300E+00 -4.564556E+03  2.428979E+03 -2.307226E+03
       151   2  7.904267E+03  1.780980E+03  1.968588E+00 -3.835610E+03  9.546571E+02 -8.897344E+02
       151   3  7.629814E+03  3.729324E+03  6.576894E+00 -5.188683E+03  2.669286E+03 -2.102948E+03
       151   4  9.411097E+03  1.864888E+03 -6.529622E+00 -4.058874E+03  1.116328E+03 -9.607822E+02
       151   5 -5.730223E+03 -3.748555E+03  3.481300E+00  4.564556E+03  2.428979E+03 -2.307226E+03
       151   6 -7.904267E+03 -1.780980E+03 -1.968588E+00  3.835610E+03  9.546571E+02 -8.897344E+02
       151   7 -7.629814E+03 -3.729324E+03 -6.576894E+00  5.188683E+03  2.669286E+03 -2.102948E+03
       151   8 -9.411097E+03 -1.864888E+03  6.529622E+00  4.058874E+03  1.116328E+03 -9.607822E+02
       157   1  9.162080E+03  3.501198E+03 -1.117263E+01 -5.536660E+03  2.732366E+03 -1.919810E+03
       157   2  1.065736E+04  1.903556E+03  1.427487E+01 -4.174179E+03  1.189497E+03 -9.621713E+02
       157   3  1.149646E+04  3.082184E+03  1.047217E-01 -5.748461E+03  2.704313E+03 -1.548463E+03
       157   4  1.239399E+04  1.822337E+03  3.038680E-01 -4.167269E+03  1.225663E+03 -9.131930E+02
       157   5 -9.162080E+03 -3.501198E+03  1.117263E+01  5.536660E+03  2.732366E+03 -1.919810E+03
       157   6 -1.065736E+04 -1.903556E+03 -1.427487E+01  4.174179E+03  1.189497E+03 -9.621713E+02
       157   7 -1.149646E+04 -3.082184E+03 -1.047217E-01  5.748461E+03  2.704313E+03 -1.548463E+03
       157   8 -1.239399E+04 -1.822337E+03 -3.038680E-01  4.167269E+03  1.225663E+03 -9.131930E+02
       163   1  1.324018E+04  2.615022E+03 -9.853925E+00 -5.685923E+03  2.556518E+03 -1.283218E+03
       163   2  1.374016E+04  1.719733E+03  1.578470E+01 -4.043915E+03  1.169302E+03 -8.369891E+02
       163   3  1.561704E+04  1.955944E+03 -4.679466E+00 -5.228894E+03  2.189710E+03 -8.706423E+02
       163   4  1.548591E+04  1.495948E+03  6.019704E+00 -3.657776E+03  1.016864E+03 -7.132173E+02
       163   5 -1.324018E+04 -2.615022E+03  9.853925E+00  5.685923E+03  2.556518E+03 -1.283218E+03
       163   6 -1.374016E+04 -1.719733E+03 -1.578470E+01  4.043915E+03  1.169302E+03 -8.369891E+02
       163   7 -1.561704E+04 -1.955944E+03  4.679466E+00  5.228894E+03  2.189710E+03 -8.706423E+02
       163   8 -1.548591E+04 -1.495948E+03 -6.019704E+00  3.657776E+03  1.016864E+03 -7.132173E+02
       169   1  1.721852E+04  1.426281E+03 -1.062898E+01 -4.627647E+03  1.806953E+03 -6.189985E+02
       169   2  1.670692E+04  1.314777E+03  1.781921E+01 -3.210334E+03  8.082800E+02 -6.154517E+02
       169   3  1.911230E+04  8.234623E+02 -7.908940E+00 -3.446186E+03  1.122842E+03 -3.112302E+02
       169   4  1.810478E+04  1.072339E+03  1.077710E+01 -2.391676E+03  4.592409E+02 -5.079871E+02
       169   5 -1.721852E+04 -1.426281E+03  1.062898E+01  4.627647E+03  1.806953E+03 -6.189985E+02
       169   6 -1.670692E+04 -1.314777E+03 -1.781921E+01  3.210334E+03  8.082800E+02 -6.154517E+02
       169   7 -1.911230E+04 -8.234623E+02  7.908940E+00  3.446186E+03  1.122842E+03 -3.112302E+02
       169   8 -1.810478E+04 -1.072339E+03 -1.077710E+01  2.391676E+03  4.592409E+02 -5.079871E+02
       175   1  2.017048E+04  4.668438E+02 -1.080753E+01 -2.361146E+03  5.499534E+02 -1.710958E+02
       175   2  1.892432E+04  9.320795E+02  1.810709E+01 -1.644066E+03  1.235762E+02 -4.567414E+02
       175   3  2.107927E+04  2.210640E+02 -1.026606E+01 -6.690616E+02 -3.381203E+02 -9.626946E+01
       175   4  1.963181E+04  8.236442E+02  1.477023E+01 -5.083274E+02 -3.526639E+02 -4.482725E+02
       175   5 -2.017048E+04 -4.668438E+02  1.080753E+01  2.361146E+03  5.499534E+02 -1.710958E+02
       175   6 -1.892432E+04 -9.320795E+02 -1.810709E+01  1.644066E+03  1.235762E+02 -4.567414E+02
       175   7 -2.107927E+04 -2.210640E+02  1.026606E+01  6.690616E+02 -3.381203E+02 -9.626946E+01
       175   8 -1.963181E+04 -8.236442E+02 -1.477023E+01  5.083274E+02 -3.526639E+02 -4.482725E+02
       181   1  2.129847E+04  2.199928E+02 -1.038240E+01  6.499562E+02 -9.947557E+02 -1.357723E+02
       181   2  1.984250E+04  8.220066E+02  1.698546E+01  3.901578E+02 -7.408601E+02 -4.901360E+02
       181   3  2.096838E+04  4.807713E+02 -1.191937E+01  2.427264E+03 -1.904065E+03 -3.525973E+02
       181   4  1.968101E+04  9.273509E+02  1.790738E+01  1.584804E+03 -1.219876E+03 -6.168050E+02
       181   5 -2.129847E+04 -2.199928E+02  1.038240E+01 -6.499562E+02 -9.947557E+02 -1.357723E+02
       181   6 -1.984250E+04 -8.220066E+02 -1.698546E+01 -3.901578E+02 -7.408601E+02 -4.901360E+02
       181   7 -2.096838E+04 -4.807713E+02  1.191937E+01 -2.427264E+03 -1.904065E+03 -3.525973E+02
       181   8 -1.968101E+04 -9.273509E+02 -1.790738E+01 -1.584804E+03 -1.219876E+03 -6.168050E+02
       187   1  2.028733E+04  8.628797E+02 -9.061382E+00  3.630939E+03 -2.507017E+03 -5.804950E+02
       187   2  1.923912E+04  1.075240E+03  1.446732E+01  2.416814E+03 -1.561146E+03 -7.533320E+02
       187   3  1.881433E+04  1.542833E+03 -1.340887E+01  5.026281E+03 -3.239103E+03 -1.053541E+03
       187   4  1.828003E+04  1.340514E+03  2.013413E+01  3.388740E+03 -1.908965E+03 -9.806463E+02
       187   5 -2.028733E+04 -8.628797E+02  9.061382E+00 -3.630939E+03 -2.507017E+03 -5.804950E+02
       187   6 -1.923912E+04 -1.075240E+03 -1.446732E+01 -2.416814E+03 -1.561146E+03 -7.533320E+02
       187   7 -1.881433E+04 -1.542833E+03  1.340887E+01 -5.026281E+03 -3.239103E+03 -1.053541E+03
       187   8 -1.828003E+04 -1.340514E+03 -2.013413E+01 -3.388740E+03 -1.908965E+03 -9.806463E+02
       193   1  1.743351E+04  2.163157E+03 -6.369737E+00  5.807185E+03 -3.661562E+03 -1.412166E+03
       193   2  1.732415E+04  1.550918E+03  1.041342E+01  3.970932E+03 -2.115912E+03 -1.163244E+03
       193   3  1.522879E+04  2.979115E+03 -1.401328E+01  6.507283E+03 -4.063515E+03 -2.017420E+03
       193   4  1.584913E+04  1.825490E+03  2.091675E+01  4.548890E+03 -2.241518E+03 -1.397533E+03
       193   5 -1.743351E+04 -2.163157E+03  6.369737E+00 -5.807185E+03 -3.661562E+03 -1.412166E+03
       193   6 -1.732415E+04 -1.550918E+03 -1.041342E+01 -3.970932E+03 -2.115912E+03 -1.163244E+03
       193   7 -1.522879E+04 -2.979115E+03  1.401328E+01 -6.507283E+03 -4.063515E+03 -2.017420E+03
       193   8 -1.584913E+04 -1.825490E+03 -2.091675E+01 -4.548890E+03 -2.241518E+03 -1.397533E+03
       199   1  1.352192E+04  3.591137E+03 -1.729869E+00  6.727847E+03 -4.228892E+03 -2.402091E+03
       199   2  1.462984E+04  1.971247E+03  4.746898E+00  4.812382E+03 -2.272571E+03 -1.544367E+03
       199   3  1.112366E+04  4.197482E+03 -1.737824E+01  6.685087E+03 -4.234285E+03 -2.970213E+03
       199   4  1.298799E+04  2.116188E+03  2.074024E+01  4.997846E+03 -2.165806E+03 -1.666865E+03
       199   5 -1.352192E+04 -3.591137E+03  1.729869E+00 -6.727847E+03 -4.228892E+03 -2.402091E+03
       199   6 -1.462984E+04 -1.971247E+03 -4.746898E+00 -4.812382E+03 -2.272571E+03 -1.544367E+03
       199   7 -1.112366E+04 -4.197482E+03  1.737824E+01 -6.685087E+03 -4.234285E+03 -2.970213E+03
       199   8 -1.298799E+04 -2.116188E+03 -2.074024E+01 -4.997846E+03 -2.165806E+03 -1.666865E+03
       205   1  9.483806E+03  4.585084E+03  5.976296E+00  6.410403E+03 -4.141881E+03 -3.260440E+03
       205   2  1.175164E+04  2.108101E+03 -3.779593E+00  4.992657E+03 -2.033901E+03 -1.698230E+03
       205   3  7.356336E+03  4.759821E+03 -1.159861E+01  5.829882E+03 -3.794106E+03 -3.610327E+03
       205   4  1.021508E+04  2.084201E+03  1.597942E+01  4.908766E+03 -1.761403E+03 -1.631704E+03
       205   5 -9.483806E+03 -4.585084E+03 -5.976296E+00 -6.410403E+03 -4.141881E+03 -3.260440E+03
       205   6 -1.175164E+04 -2.108101E+03  3.779593E+00 -4.992657E+03 -2.033901E+03 -1.698230E+03
       205   7 -7.356336E+03 -4.759821E+03  1.159861E+01 -5.829882E+03 -3.794106E+03 -3.610327E+03
       205   8 -1.021508E+04 -2.084201E+03 -1.597942E+01 -4.908766E+03 -1.761403E+03 -1.631704E+03
       211   1  6.054593E+03  4.787234E+03  1.040329E+01  5.278549E+03 -3.500384E+03 -3.718928E+03
       211   2  9.127780E+03  1.944060E+03 -1.127247E+01  4.755830E+03 -1.539306E+03 -1.489363E+03
       211   3  4.487335E+03  4.487368E+03 -1.340871E+01  4.478750E+03 -2.885066E+03 -3.757710E+03
       211   4  7.798134E+03  1.855671E+03  6.989981E+00  4.524078E+03 -1.254272E+03 -1.205073E+03
       211   5 -6.054593E+03 -4.787234E+03 -1.040329E+01 -5.278549E+03 -3.500384E+03 -3.718928E+03
       211   6 -9.127780E+03 -1.944060E+03  1.127247E+01 -4.755830E+03 -1.539306E+03 -1.489363E+03
       211   7 -4.487335E+03 -4.487368E+03  1.340871E+01 -4.478750E+03 -2.885066E+03 -3.757710E+03
       211   8 -7.798134E+03 -1.855671E+03 -6.989981E+00 -4.524078E+03 -1.254272E+03 -1.205073E+03
       217   1  3.584391E+03  4.285241E+03  1.916442E+01  3.882844E+03 -2.560235E+03 -3.673268E+03
       217   2  6.961504E+03  1.668534E+03 -1.769214E+01  4.279025E+03 -9.360691E+02 -8.802785E+02
       217   3  2.541544E+03  3.779533E+03  1.299735E+01  3.183506E+03 -1.953937E+03 -3.230386E+03
       217   4  5.945292E+03  1.593065E+03 -1.720683E+01  3.891380E+03 -7.158146E+02 -6.126685E+02
       217   5 -3.584391E+03 -4.285241E+03 -1.916442E+01 -3.882844E+03 -2.560235E+03 -3.673268E+03
       217   6 -6.961504E+03 -1.668534E+03  1.769214E+01 -4.279025E+03 -9.360691E+02 -8.802785E+02
       217   7 -2.541544E+03 -3.779533E+03 -1.299735E+01 -3.183506E+03 -1.953937E+03 -3.230386E+03
       217   8 -5.945292E+03 -1.593065E+03  1.720683E+01 -3.891380E+03 -7.158146E+02 -6.126685E+02
       223   1  1.927281E+03  3.446355E+03  2.262959E+01  2.754856E+03 -1.565393E+03 -2.975532E+03
       223   2  5.074181E+03  1.633448E+03 -3.895140E+01  3.532113E+03 -7.165052E+02 -3.644974E+02
       223   3  1.203072E+03  3.074017E+03  3.811923E+01  2.046159E+03 -1.203825E+03 -2.560275E+03
       223   4  3.849837E+03  1.870953E+03 -4.152220E+01  2.978528E+03 -6.862173E+02 -3.184715E+02
       223   5 -1.927281E+03 -3.446355E+03 -2.262959E+01 -2.754856E+03 -1.565393E+03 -2.975532E+03
       223   6 -5.074181E+03 -1.633448E+03  3.895140E+01 -3.532113E+03 -7.165052E+02 -3.644974E+02
       223   7 -1.203072E+03 -3.074017E+03 -3.811923E+01 -2.046159E+03 -1.203825E+03 -2.560275E+03
       223   8 -3.849837E+03 -1.870953E+03  4.152220E+01 -2.978528E+03 -6.862173E+02 -3.184715E+02
       229   1  7.518396E+02  2.784811E+03  2.722122E+01  1.570272E+03 -8.885663E+02 -2.169570E+03
       229   2  3.066622E+03  2.020548E+03 -5.040152E+01  2.480580E+03 -6.763688E+02 -3.316733E+02
       229   3  3.282398E+02  2.432226E+03  2.701358E+01  9.767064E+02 -5.534837E+02 -1.545295E+03
       229   4  2.252251E+03  2.196668E+03 -4.029069E+01  1.745264E+03 -6.872614E+02 -2.665062E+02
       229   5 -7.518396E+02 -2.784811E+03 -2.722122E+01 -1.570272E+03 -8.885663E+02 -2.169570E+03
       229   6 -3.066622E+03 -2.020548E+03  5.040152E+01 -2.480580E+03 -6.763688E+02 -3.316733E+02
       229   7 -3.282398E+02 -2.432226E+03 -2.701358E+01 -9.767064E+02 -5.534837E+02 -1.545295E+03
       229   8 -2.252251E+03 -2.196668E+03  4.029069E+01 -1.745264E+03 -6.872614E+02 -2.665062E+02
       235   1  1.683459E+02  2.249785E+03  3.717117E+01  6.186123E+02 -3.885724E+02 -1.043929E+03
       235   2  1.839481E+03  2.255994E+03 -4.843273E+01  1.153194E+03 -6.771093E+02 -1.609865E+02
       235   3  3.698467E+01  2.106026E+03  3.032108E+01  1.531458E+02 -2.756534E+02 -2.790646E+02
       235   4  1.567857E+03  2.319353E+03 -4.505396E+01  3.123994E+02 -6.613092E+02 -5.371792E+01
       235   5 -1.683459E+02 -2.249785E+03 -3.717117E+01 -6.186123E+02 -3.885724E+02 -1.043929E+03
       235   6 -1.839481E+03 -2.255994E+03  4.843273E+01 -1.153194E+03 -6.771093E+02 -1.609865E+02
       235   7 -3.698467E+01 -2.106026E+03 -3.032108E+01 -1.531458E+02 -2.756534E+02 -2.790646E+02
       235   8 -1.567857E+03 -2.319353E+03  4.505396E+01 -3.123994E+02 -6.613092E+02 -5.371792E+01

 forces (fx,fy,fz) for set NLEFT and time  0.3000000E+01

       873  3.375236E+05  1.850507E+04  7.755504E+05
       874 -3.375236E+05 -1.850507E+04  7.755504E+05
       875  6.322778E+05 -1.037955E+05 -5.446855E+03
       877 -6.322778E+05  1.037955E+05 -5.446855E+03
       879  6.517148E-07 -1.714902E-07 -1.342351E+06
       920  2.945333E+05 -5.390625E+03  7.934806E+05
       921 -2.945333E+05  5.390625E+03  7.934806E+05
       922  5.871613E+05  1.709395E+04  7.312386E+04
       924 -5.871613E+05 -1.709395E+04  7.312386E+04
       926  2.828347E-07 -1.769145E-07 -1.535569E+06
       967  2.689533E+05  5.265375E-08  7.634582E+05
       968 -2.689533E+05  2.590203E-08  7.634582E+05
       969  5.602848E+05  3.005311E+03  6.125329E+04
       971 -5.602848E+05 -3.005311E+03  6.125329E+04
       973  2.724846E-09 -1.567141E-07 -1.468241E+06
      1014  2.945333E+05  5.390625E+03  7.934806E+05
      1015 -2.945333E+05 -5.390625E+03  7.934806E+05
      1016  5.602848E+05 -3.005311E+03  6.125329E+04
      1018 -5.602848E+05  3.005311E+03  6.125329E+04
      1020 -2.759443E-07 -1.837500E-07 -1.535569E+06
      1061  3.375236E+05 -1.850507E+04  7.755504E+05
      1062 -3.375236E+05  1.850507E+04  7.755504E+05
      1063  5.871613E+05 -1.709395E+04  7.312386E+04
      1065 -5.871613E+05  1.709395E+04  7.312386E+04
      1067 -6.369373E-07 -1.728931E-07 -1.342351E+06
      1110  6.322778E+05  1.037955E+05 -5.446855E+03
      1112 -6.322778E+05 -1.037955E+05 -5.446855E+03

                    E I G E N V A L U E    N U M B E R     4


 stresses (elem, integ.pnt.,sxx,syy,szz,sxy,sxz,syz) for set EHOLE and time  0.3000000E+01

         1   1 -5.331424E+01 -9.849350E+02  1.324645E+01  8.264859E+02 -1.434787E-01  5.225441E+00
         1   2 -3.447535E+02 -5.983217E+02 -1.236685E+01  3.353566E+03  3.509187E-01 -7.711056E+00
         1   3 -3.824814E+02 -3.691072E+03 -1.553871E+01  1.240789E+03 -1.042358E+00  5.523806E+00
         1   4 -1.253020E+03 -2.039558E+03  1.463131E+01  3.518499E+03  2.876836E-02 -7.274334E+00
         1   5 -5.331424E+01 -9.849350E+02  1.324645E+01  8.264859E+02  1.434787E-01 -5.225441E+00
         1   6 -3.447535E+02 -5.983217E+02 -1.236685E+01  3.353566E+03 -3.509187E-01  7.711056E+00
         1   7 -3.824814E+02 -3.691072E+03 -1.553871E+01  1.240789E+03  1.042358E+00 -5.523806E+00
         1   8 -1.253020E+03 -2.039558E+03  1.463131E+01  3.518499E+03 -2.876836E-02  7.274334E+00
         7   1 -6.278718E+02 -5.470903E+03  1.508194E+01  1.822659E+03 -1.150590E-01  5.620133E+00
         7   2 -2.005867E+03 -3.124864E+03 -9.573062E+00  3.764874E+03  1.105200E+00 -8.075292E+00
         7   3 -1.331651E+03 -7.679795E+03 -1.721524E+01  2.936237E+03  8.625311E-01  4.508400E+00
         7   4 -3.053006E+03 -4.266722E+03  1.875711E+01  4.176926E+03  4.751101E-01 -8.690831E+00
         7   5 -6.278718E+02 -5.470903E+03  1.508194E+01  1.822659E+03  1.150590E-01 -5.620133E+00
         7   6 -2.005867E+03 -3.124864E+03 -9.573062E+00  3.764874E+03 -1.105200E+00  8.075292E+00
         7   7 -1.331651E+03 -7.679795E+03 -1.721524E+01  2.936237E+03 -8.625311E-01 -4.508400E+00
         7   8 -3.053006E+03 -4.266722E+03  1.875711E+01  4.176926E+03 -4.751101E-01  8.690831E+00
        13   1 -1.976776E+03 -8.925358E+03  2.966260E+00  3.927950E+03 -1.875298E+00  7.349840E+00
        13   2 -3.948209E+03 -5.045398E+03 -1.365260E+01  4.561550E+03  2.457704E+00 -8.543807E+00
        13   3 -3.197543E+03 -1.026043E+04 -4.196732E+00  5.360003E+03 -7.727269E+00  4.887671E+00
        13   4 -5.169724E+03 -5.748935E+03  1.544008E+01  5.038146E+03  5.109067E+00 -6.472674E+00
        13   5 -1.976776E+03 -8.925358E+03  2.966260E+00  3.927950E+03  1.875298E+00 -7.349840E+00
        13   6 -3.948209E+03 -5.045398E+03 -1.365260E+01  4.561550E+03 -2.457704E+00  8.543807E+00
        13   7 -3.197543E+03 -1.026043E+04 -4.196732E+00  5.360003E+03  7.727269E+00 -4.887671E+00
        13   8 -5.169724E+03 -5.748935E+03  1.544008E+01  5.038146E+03 -5.109067E+00  6.472674E+00
        19   1 -4.201307E+03 -1.099030E+04  2.211093E+01  6.386717E+03  1.316116E+00  4.047571E+00
        19   2 -6.131345E+03 -6.528142E+03 -1.629348E+01  5.536442E+03  3.793506E+00 -6.883284E+00
        19   3 -6.047721E+03 -1.158499E+04 -1.827736E+01  7.900232E+03 -2.117352E-01  4.985349E+00
        19   4 -7.295961E+03 -7.634406E+03  1.381907E-01  6.287395E+03  3.999802E+00 -7.095876E+00
        19   5 -4.201307E+03 -1.099030E+04  2.211093E+01  6.386717E+03 -1.316116E+00 -4.047571E+00
        19   6 -6.131345E+03 -6.528142E+03 -1.629348E+01  5.536442E+03 -3.793506E+00  6.883284E+00
        19   7 -6.047721E+03 -1.158499E+04 -1.827736E+01  7.900232E+03  2.117352E-01 -4.985349E+00
        19   8 -7.295961E+03 -7.634406E+03  1.381907E-01  6.287395E+03 -3.999802E+00  7.095876E+00
        25   1 -7.566641E+03 -1.145497E+04  1.327617E+01  8.911681E+03 -5.510647E+00  1.599226E+00
        25   2 -8.367464E+03 -8.079318E+03  2.638888E+00  6.911057E+03  1.774627E+00 -1.966491E+00
        25   3 -9.933749E+03 -1.083641E+04  8.306657E+00  1.003305E+04 -1.260044E+00  2.272295E+00
        25   4 -9.911869E+03 -8.343197E+03 -7.456637E+00  7.688138E+03  1.814289E+00 -3.647204E+00
        25   5 -7.566641E+03 -1.145497E+04  1.327617E+01  8.911681E+03  5.510647E+00 -1.599226E+00
        25   6 -8.367464E+03 -8.079318E+03  2.638888E+00  6.911057E+03 -1.774627E+00  1.966491E+00
        25   7 -9.933749E+03 -1.083641E+04  8.306657E+00  1.003305E+04  1.260044E+00 -2.272295E+00
        25   8 -9.911869E+03 -8.343197E+03 -7.456637E+00  7.688138E+03 -1.814289E+00  3.647204E+00
        31   1 -1.176627E+04 -1.008150E+04 -9.203460E+00  1.052459E+04  4.372603E-01  1.384111E+00
        31   2 -1.112323E+04 -8.115194E+03  1.536074E+01  8.083683E+03  1.813250E+00 -1.399610E+00
        31   3 -1.416095E+04 -8.601362E+03  5.844506E+00  1.073781E+04 -7.756736E-01  8.020494E-02
        31   4 -1.279271E+04 -7.562927E+03 -8.164324E+00  8.391753E+03  2.986740E-01 -2.290398E+00
        31   5 -1.176627E+04 -1.008150E+04 -9.203460E+00  1.052459E+04 -4.372603E-01 -1.384111E+00
        31   6 -1.112323E+04 -8.115194E+03  1.536074E+01  8.083683E+03 -1.813250E+00  1.399610E+00
        31   7 -1.416095E+04 -8.601362E+03  5.844506E+00  1.073781E+04  7.756736E-01 -8.020495E-02
        31   8 -1.279271E+04 -7.562927E+03 -8.164324E+00  8.391753E+03 -2.986740E-01  2.290398E+00
        37   1 -1.577538E+04 -7.404768E+03 -9.609075E+00  1.046784E+04 -1.040105E-01  1.595788E+00
        37   2 -1.387908E+04 -6.848419E+03  1.297118E+01  8.324606E+03  3.213333E-01  3.253322E-02
        37   3 -1.747231E+04 -5.574193E+03  9.965098E+00  9.587533E+03  4.402894E-01 -2.820019E-01
        37   4 -1.509019E+04 -5.776964E+03 -6.590891E+00  7.928865E+03 -7.879145E-01 -9.876921E-01
        37   5 -1.577538E+04 -7.404768E+03 -9.609075E+00  1.046784E+04  1.040105E-01 -1.595788E+00
        37   6 -1.387908E+04 -6.848419E+03  1.297118E+01  8.324606E+03 -3.213333E-01 -3.253321E-02
        37   7 -1.747231E+04 -5.574193E+03  9.965098E+00  9.587533E+03 -4.402894E-01  2.820019E-01
        37   8 -1.509019E+04 -5.776964E+03 -6.590891E+00  7.928865E+03  7.879145E-01  9.876920E-01
        43   1 -1.828946E+04 -4.346232E+03 -1.192591E+01  8.564748E+03  1.005403E+00  3.211761E-01
        43   2 -1.559841E+04 -4.854543E+03  1.288500E+01  7.341559E+03 -1.651067E+00  3.802513E-01
        43   3 -1.852040E+04 -2.733169E+03  1.151255E+01  6.835428E+03  1.951484E+00 -4.377625E-01
        43   4 -1.575438E+04 -3.686656E+03 -6.670386E+00  6.323242E+03 -2.297838E+00  1.216448E-01
        43   5 -1.828946E+04 -4.346232E+03 -1.192591E+01  8.564748E+03 -1.005403E+00 -3.211761E-01
        43   6 -1.559841E+04 -4.854543E+03  1.288500E+01  7.341559E+03  1.651067E+00 -3.802513E-01
        43   7 -1.852040E+04 -2.733169E+03  1.151255E+01  6.835428E+03 -1.951484E+00  4.377625E-01
        43   8 -1.575438E+04 -3.686656E+03 -6.670386E+00  6.323242E+03  2.297838E+00 -1.216449E-01
        49   1 -1.805407E+04 -1.854357E+03 -1.435863E+01  5.387193E+03  1.798995E+00 -2.910432E-01
        49   2 -1.529920E+04 -2.848675E+03  1.156454E+01  5.408499E+03 -3.906584E+00  3.843759E-01
        49   3 -1.637014E+04 -8.502786E+02  1.434274E+01  3.437908E+03  3.711232E+00  2.653777E-01
        49   4 -1.402532E+04 -1.910414E+03 -7.125347E+00  4.181930E+03 -4.080465E+00  1.059269E+00
        49   5 -1.805407E+04 -1.854357E+03 -1.435863E+01  5.387193E+03 -1.798995E+00  2.910432E-01
        49   6 -1.529920E+04 -2.848675E+03  1.156454E+01  5.408499E+03  3.906584E+00 -3.843759E-01
        49   7 -1.637014E+04 -8.502786E+02  1.434274E+01  3.437908E+03 -3.711232E+00 -2.653777E-01
        49   8 -1.402532E+04 -1.910414E+03 -7.125347E+00  4.181930E+03  4.080465E+00 -1.059269E+00
        55   1 -1.448239E+04 -4.870509E+02 -1.667648E+01  2.124758E+03  2.779326E+00 -1.235038E+00
        55   2 -1.248647E+04 -1.305461E+03  9.924148E+00  3.329424E+03 -5.979746E+00 -6.090004E-01
        55   3 -1.102152E+04 -1.006004E+02  1.842258E+01  7.666963E+02  4.619186E+00  1.577690E+00
        55   4 -9.878240E+03 -6.573287E+02 -8.991577E+00  2.463566E+03 -5.984272E+00  1.499078E+00
        55   5 -1.448239E+04 -4.870509E+02 -1.667648E+01  2.124758E+03 -2.779326E+00  1.235038E+00
        55   6 -1.248647E+04 -1.305461E+03  9.924148E+00  3.329424E+03  5.979746E+00  6.090004E-01
        55   7 -1.102152E+04 -1.006004E+02  1.842258E+01  7.666963E+02 -4.619186E+00 -1.577690E+00
        55   8 -9.878240E+03 -6.573287E+02 -8.991577E+00  2.463566E+03  5.984272E+00 -1.499078E+00
        61   1 -8.063958E+03 -1.045512E+02 -1.896322E+01  1.609829E+02  4.345626E+00 -1.634209E+00
        61   2 -7.521472E+03 -2.097164E+02  8.535067E+00  2.076316E+03 -7.340886E+00 -1.891815E+00
        61   3 -3.613914E+03  7.456310E+01  2.348744E+01  1.898446E+01  4.595590E+00  2.154431E+00
        61   4 -4.186537E+03  3.810010E+02 -1.229464E+01  2.004392E+03 -7.500870E+00  9.555004E-01
        61   5 -8.063958E+03 -1.045512E+02 -1.896322E+01  1.609829E+02 -4.345626E+00  1.634209E+00
        61   6 -7.521472E+03 -2.097164E+02  8.535067E+00  2.076316E+03  7.340886E+00  1.891815E+00
        61   7 -3.613914E+03  7.456310E+01  2.348744E+01  1.898446E+01 -4.595590E+00 -2.154431E+00
        61   8 -4.186537E+03  3.810010E+02 -1.229464E+01  2.004392E+03  7.500870E+00 -9.555004E-01
        67   1 -3.460504E+02  1.128095E+02 -2.013125E+01  4.230040E+02  5.450786E+00 -9.533674E-01
        67   2 -1.595767E+03  9.220566E+02  7.837187E+00  2.280145E+03 -7.926566E+00 -2.911736E+00
        67   3  3.928445E+03  7.124660E+02  2.916228E+01  1.612655E+03  5.388731E+00  3.048738E+00
        67   4  1.573029E+03  1.814468E+03 -1.778298E+01  3.042768E+03 -8.185960E+00  3.749106E-02
        67   5 -3.460504E+02  1.128095E+02 -2.013125E+01  4.230040E+02 -5.450786E+00  9.533674E-01
        67   6 -1.595767E+03  9.220566E+02  7.837187E+00  2.280145E+03  7.926566E+00  2.911736E+00
        67   7  3.928445E+03  7.124660E+02  2.916228E+01  1.612655E+03 -5.388731E+00 -3.048738E+00
        67   8  1.573029E+03  1.814468E+03 -1.778298E+01  3.042768E+03  8.185960E+00 -3.749106E-02
        73   1  6.625830E+03  1.238315E+03 -2.460730E+01  2.892350E+03  5.681065E+00 -1.009310E+00
        73   2  3.737532E+03  2.697414E+03  7.367477E+00  3.848995E+03 -8.013828E+00 -3.942747E+00
        73   3  9.641441E+03  2.742241E+03  2.995173E+01  4.928999E+03  3.678596E+00  4.845899E+00
        73   4  5.950342E+03  4.091048E+03 -2.377521E+01  5.044410E+03 -9.107498E+00 -4.011891E-01
        73   5  6.625830E+03  1.238315E+03 -2.460730E+01  2.892350E+03 -5.681065E+00  1.009310E+00
        73   6  3.737532E+03  2.697414E+03  7.367477E+00  3.848995E+03  8.013828E+00  3.942747E+00
        73   7  9.641441E+03  2.742241E+03  2.995173E+01  4.928999E+03 -3.678596E+00 -4.845899E+00
        73   8  5.950342E+03  4.091048E+03 -2.377521E+01  5.044410E+03  9.107498E+00  4.011891E-01
        79   1  1.111580E+04  3.983264E+03 -2.621368E+01  6.559047E+03  6.590211E+00 -4.075966E-01
        79   2  7.234683E+03  5.345428E+03  9.645534E+00  5.972422E+03 -6.517496E+00 -3.275950E+00
        79   3  1.227885E+04  6.416901E+03  3.933532E+01  8.564727E+03  2.486187E+00 -1.844551E+00
        79   4  8.159364E+03  7.027040E+03 -2.664340E+01  6.965085E+03 -5.349262E+00 -2.157581E+00
        79   5  1.111580E+04  3.983264E+03 -2.621368E+01  6.559047E+03 -6.590211E+00  4.075966E-01
        79   6  7.234683E+03  5.345428E+03  9.645534E+00  5.972422E+03  6.517496E+00  3.275950E+00
        79   7  1.227885E+04  6.416901E+03  3.933532E+01  8.564727E+03 -2.486187E+00  1.844551E+00
        79   8  8.159364E+03  7.027040E+03 -2.664340E+01  6.965085E+03  5.349262E+00  2.157581E+00
        85   1  1.234593E+04  8.182056E+03 -1.540549E+01  9.852237E+03  3.384901E+00  2.852495E+00
        85   2  8.492066E+03  8.355359E+03  1.009171E+01  7.556612E+03 -5.417579E+00 -1.674000E+00
        85   3  1.176069E+04  1.094965E+04  3.451505E+01  1.093277E+04  5.792228E+00  7.603510E+00
        85   4  8.326586E+03  9.694544E+03 -3.560214E+01  7.847737E+03 -5.584137E+00 -2.005368E+00
        85   5  1.234593E+04  8.182056E+03 -1.540549E+01  9.852237E+03 -3.384901E+00 -2.852495E+00
        85   6  8.492066E+03  8.355359E+03  1.009171E+01  7.556612E+03  5.417579E+00  1.674000E+00
        85   7  1.176069E+04  1.094965E+04  3.451505E+01  1.093277E+04 -5.792228E+00 -7.603510E+00
        85   8  8.326586E+03  9.694544E+03 -3.560214E+01  7.847737E+03  5.584137E+00  2.005368E+00
        91   1  1.072714E+04  1.271762E+04 -2.458059E+01  1.131540E+04  9.410925E+00 -4.022329E+00
        91   2  8.010239E+03  1.051702E+04 -2.879357E+00  7.846192E+03 -7.959063E+00 -5.023362E+00
        91   3  8.992338E+03  1.481933E+04 -9.297327E+00  1.100608E+04 -1.106990E+01  2.035772E-01
        91   4  7.383711E+03  1.072255E+04 -1.862020E+01  7.427993E+03 -1.157077E+01  5.697131E+00
        91   5  1.072714E+04  1.271762E+04 -2.458059E+01  1.131540E+04 -9.410925E+00  4.022329E+00
        91   6  8.010239E+03  1.051702E+04 -2.879357E+00  7.846192E+03  7.959063E+00  5.023362E+00
        91   7  8.992338E+03  1.481933E+04 -9.297327E+00  1.100608E+04  1.106990E+01 -2.035772E-01
        91   8  7.383711E+03  1.072255E+04 -1.862020E+01  7.427993E+03  1.157077E+01 -5.697131E+00
        97   1  7.593582E+03  1.583029E+04  1.061152E+01  1.037511E+04  3.138058E+00 -1.974472E+01
        97   2  6.744200E+03  1.047934E+04  1.545765E+01  7.002257E+03  1.350596E+01  2.689767E+01
        97   3  5.736398E+03  1.597451E+04 -2.841806E+01  8.935309E+03 -8.391488E+00 -5.440308E+00
        97   4  6.015245E+03  9.157712E+03  3.835348E+01  6.471987E+03  2.774734E+01  3.269351E+00
        97   5  7.593582E+03  1.583029E+04  1.061152E+01  1.037511E+04 -3.138057E+00  1.974472E+01
        97   6  6.744200E+03  1.047934E+04  1.545765E+01  7.002257E+03 -1.350596E+01 -2.689767E+01
        97   7  5.736398E+03  1.597451E+04 -2.841806E+01  8.935309E+03  8.391488E+00  5.440308E+00
        97   8  6.015245E+03  9.157712E+03  3.835348E+01  6.471987E+03 -2.774734E+01 -3.269351E+00
       103   1  4.555260E+03  1.545593E+04 -2.274004E+01  7.736782E+03 -3.197499E+01  5.736226E+00
       103   2  5.463369E+03  8.214340E+03  3.747180E+01  6.238124E+03  2.631050E+01 -2.547992E+00
       103   3  3.041345E+03  1.413080E+04 -5.421920E+00  6.013726E+03  7.282726E+00  2.332670E+00
       103   4  4.619599E+03  7.218732E+03  8.344422E+00  6.123023E+03 -6.243236E+00 -8.011693E+00
       103   5  4.555260E+03  1.545593E+04 -2.274004E+01  7.736782E+03  3.197499E+01 -5.736226E+00
       103   6  5.463369E+03  8.214340E+03  3.747180E+01  6.238124E+03 -2.631050E+01  2.547992E+00
       103   7  3.041345E+03  1.413080E+04 -5.421920E+00  6.013726E+03 -7.282726E+00 -2.332670E+00
       103   8  4.619599E+03  7.218732E+03  8.344422E+00  6.123023E+03  6.243236E+00  8.011693E+00
       109   1  2.114808E+03  1.247847E+04  2.220939E+01  4.663751E+03  7.602526E+00 -8.315844E+00
       109   2  3.829067E+03  6.198317E+03 -3.158363E+01  5.973926E+03 -1.132704E+01  1.550815E+01
       109   3  1.068990E+03  9.144630E+03 -2.716360E+01  3.041894E+03  2.646371E+00 -1.345516E+01
       109   4  2.710472E+03  4.613481E+03  2.042227E+01  5.833022E+03  2.639496E+00  1.771053E+01
       109   5  2.114808E+03  1.247847E+04  2.220939E+01  4.663751E+03 -7.602526E+00  8.315844E+00
       109   6  3.829067E+03  6.198317E+03 -3.158363E+01  5.973926E+03  1.132704E+01 -1.550815E+01
       109   7  1.068990E+03  9.144630E+03 -2.716360E+01  3.041894E+03 -2.646371E+00  1.345516E+01
       109   8  2.710472E+03  4.613481E+03  2.042227E+01  5.833022E+03 -2.639496E+00 -1.771053E+01
       115   1  6.849244E+02  6.248598E+03  2.828850E+01  2.136165E+03 -6.696706E+00 -1.231114E+01
       115   2  1.744987E+03  3.010977E+03 -2.411620E+01  5.678190E+03  1.957657E+00  1.840249E+01
       115   3  9.248793E+01  1.683909E+03 -2.901154E+01  1.477527E+03  1.422938E+00 -1.299261E+01
       115   4  4.973448E+02  9.165566E+02  2.422725E+01  5.607738E+03  2.740979E+00  1.853275E+01
       115   5  6.849244E+02  6.248598E+03  2.828850E+01  2.136165E+03  6.696706E+00  1.231114E+01
       115   6  1.744987E+03  3.010977E+03 -2.411620E+01  5.678190E+03 -1.957657E+00 -1.840249E+01
       115   7  9.248793E+01  1.683909E+03 -2.901154E+01  1.477527E+03 -1.422938E+00  1.299261E+01
       115   8  4.973448E+02  9.165566E+02  2.422725E+01  5.607738E+03 -2.740979E+00 -1.853275E+01
       121   1 -9.248793E+01 -1.683909E+03  2.901154E+01  1.477527E+03 -1.422938E+00 -1.299261E+01
       121   2 -4.973448E+02 -9.165566E+02 -2.422725E+01  5.607738E+03 -2.740979E+00  1.853275E+01
       121   3 -6.849244E+02 -6.248598E+03 -2.828850E+01  2.136165E+03  6.696706E+00 -1.231114E+01
       121   4 -1.744987E+03 -3.010977E+03  2.411620E+01  5.678190E+03 -1.957657E+00  1.840249E+01
       121   5 -9.248793E+01 -1.683909E+03  2.901154E+01  1.477527E+03  1.422938E+00  1.299261E+01
       121   6 -4.973448E+02 -9.165566E+02 -2.422725E+01  5.607738E+03  2.740979E+00 -1.853275E+01
       121   7 -6.849244E+02 -6.248598E+03 -2.828850E+01  2.136165E+03 -6.696706E+00  1.231114E+01
       121   8 -1.744987E+03 -3.010977E+03  2.411620E+01  5.678190E+03  1.957657E+00 -1.840249E+01
       127   1 -1.068990E+03 -9.144630E+03  2.716360E+01  3.041894E+03 -2.646371E+00 -1.345516E+01
       127   2 -2.710472E+03 -4.613481E+03 -2.042227E+01  5.833022E+03 -2.639496E+00  1.771053E+01
       127   3 -2.114808E+03 -1.247847E+04 -2.220939E+01  4.663751E+03 -7.602526E+00 -8.315844E+00
       127   4 -3.829067E+03 -6.198317E+03  3.158363E+01  5.973926E+03  1.132704E+01  1.550815E+01
       127   5 -1.068990E+03 -9.144630E+03  2.716360E+01  3.041894E+03  2.646371E+00  1.345516E+01
       127   6 -2.710472E+03 -4.613481E+03 -2.042227E+01  5.833022E+03  2.639496E+00 -1.771053E+01
       127   7 -2.114808E+03 -1.247847E+04 -2.220939E+01  4.663751E+03  7.602526E+00  8.315844E+00
       127   8 -3.829067E+03 -6.198317E+03  3.158363E+01  5.973926E+03 -1.132704E+01 -1.550815E+01
       133   1 -3.041345E+03 -1.413080E+04  5.421920E+00  6.013726E+03 -7.282726E+00  2.332670E+00
       133   2 -4.619599E+03 -7.218732E+03 -8.344422E+00  6.123023E+03  6.243236E+00 -8.011693E+00
       133   3 -4.555260E+03 -1.545593E+04  2.274004E+01  7.736782E+03  3.197499E+01  5.736226E+00
       133   4 -5.463369E+03 -8.214340E+03 -3.747180E+01  6.238124E+03 -2.631050E+01 -2.547992E+00
       133   5 -3.041345E+03 -1.413080E+04  5.421920E+00  6.013726E+03  7.282726E+00 -2.332670E+00
       133   6 -4.619599E+03 -7.218732E+03 -8.344422E+00  6.123023E+03 -6.243236E+00  8.011693E+00
       133   7 -4.555260E+03 -1.545593E+04  2.274004E+01  7.736782E+03 -3.197499E+01 -5.736226E+00
       133   8 -5.463369E+03 -8.214340E+03 -3.747180E+01  6.238124E+03  2.631050E+01  2.547992E+00
       139   1 -5.736398E+03 -1.597451E+04  2.841806E+01  8.935309E+03  8.391488E+00 -5.440308E+00
       139   2 -6.015245E+03 -9.157712E+03 -3.835348E+01  6.471987E+03 -2.774734E+01  3.269351E+00
       139   3 -7.593582E+03 -1.583029E+04 -1.061152E+01  1.037511E+04 -3.138058E+00 -1.974472E+01
       139   4 -6.744200E+03 -1.047934E+04 -1.545765E+01  7.002257E+03 -1.350596E+01  2.689767E+01
       139   5 -5.736398E+03 -1.597451E+04  2.841806E+01  8.935309E+03 -8.391488E+00  5.440308E+00
       139   6 -6.015245E+03 -9.157712E+03 -3.835348E+01  6.471987E+03  2.774734E+01 -3.269351E+00
       139   7 -7.593582E+03 -1.583029E+04 -1.061152E+01  1.037511E+04  3.138057E+00  1.974472E+01
       139   8 -6.744200E+03 -1.047934E+04 -1.545765E+01  7.002257E+03  1.350596E+01 -2.689767E+01
       145   1 -8.992338E+03 -1.481933E+04  9.297327E+00  1.100608E+04  1.106990E+01  2.035772E-01
       145   2 -7.383711E+03 -1.072255E+04  1.862020E+01  7.427993E+03  1.157077E+01  5.697131E+00
       145   3 -1.072714E+04 -1.271762E+04  2.458059E+01  1.131540E+04 -9.410925E+00 -4.022329E+00
       145   4 -8.010239E+03 -1.051702E+04  2.879357E+00  7.846192E+03  7.959063E+00 -5.023362E+00
       145   5 -8.992338E+03 -1.481933E+04  9.297327E+00  1.100608E+04 -1.106990E+01 -2.035772E-01
       145   6 -7.383711E+03 -1.072255E+04  1.862020E+01  7.427993E+03 -1.157077E+01 -5.697131E+00
       145   7 -1.072714E+04 -1.271762E+04  2.458059E+01  1.131540E+04  9.410925E+00  4.022329E+00
       145   8 -8.010239E+03 -1.051702E+04  2.879357E+00  7.846192E+03 -7.959063E+00  5.023362E+00
       151   1 -1.176069E+04 -1.094965E+04 -3.451505E+01  1.093277E+04 -5.792228E+00  7.603510E+00
       151   2 -8.326586E+03 -9.694544E+03  3.560214E+01  7.847737E+03  5.584137E+00 -2.005368E+00
       151   3 -1.234593E+04 -8.182056E+03  1.540549E+01  9.852237E+03 -3.384901E+00  2.852495E+00
       151   4 -8.492066E+03 -8.355359E+03 -1.009171E+01  7.556612E+03  5.417579E+00 -1.674000E+00
       151   5 -1.176069E+04 -1.094965E+04 -3.451505E+01  1.093277E+04  5.792228E+00 -7.603510E+00
       151   6 -8.326586E+03 -9.694544E+03  3.560214E+01  7.847737E+03 -5.584137E+00  2.005368E+00
       151   7 -1.234593E+04 -8.182056E+03  1.540549E+01  9.852237E+03  3.384901E+00 -2.852495E+00
       151   8 -8.492066E+03 -8.355359E+03 -1.009171E+01  7.556612E+03 -5.417579E+00  1.674000E+00
       157   1 -1.227885E+04 -6.416901E+03 -3.933532E+01  8.564727E+03 -2.486187E+00 -1.844551E+00
       157   2 -8.159364E+03 -7.027040E+03  2.664340E+01  6.965085E+03  5.349262E+00 -2.157581E+00
       157   3 -1.111580E+04 -3.983264E+03  2.621368E+01  6.559047E+03 -6.590211E+00 -4.075966E-01
       157   4 -7.234683E+03 -5.345428E+03 -9.645534E+00  5.972422E+03  6.517496E+00 -3.275950E+00
       157   5 -1.227885E+04 -6.416901E+03 -3.933532E+01  8.564727E+03  2.486187E+00  1.844551E+00
       157   6 -8.159364E+03 -7.027040E+03  2.664340E+01  6.965085E+03 -5.349262E+00  2.157581E+00
       157   7 -1.111580E+04 -3.983264E+03  2.621368E+01  6.559047E+03  6.590211E+00  4.075966E-01
       157   8 -7.234683E+03 -5.345428E+03 -9.645534E+00  5.972422E+03 -6.517496E+00  3.275950E+00
       163   1 -9.641441E+03 -2.742241E+03 -2.995173E+01  4.928999E+03 -3.678596E+00  4.845899E+00
       163   2 -5.950342E+03 -4.091048E+03  2.377521E+01  5.044410E+03  9.107498E+00 -4.011891E-01
       163   3 -6.625830E+03 -1.238315E+03  2.460730E+01  2.892350E+03 -5.681065E+00 -1.009310E+00
       163   4 -3.737532E+03 -2.697414E+03 -7.367477E+00  3.848995E+03  8.013828E+00 -3.942747E+00
       163   5 -9.641441E+03 -2.742241E+03 -2.995173E+01  4.928999E+03  3.678596E+00 -4.845899E+00
       163   6 -5.950342E+03 -4.091048E+03  2.377521E+01  5.044410E+03 -9.107498E+00  4.011891E-01
       163   7 -6.625830E+03 -1.238315E+03  2.460730E+01  2.892350E+03  5.681065E+00  1.009310E+00
       163   8 -3.737532E+03 -2.697414E+03 -7.367477E+00  3.848995E+03 -8.013828E+00  3.942747E+00
       169   1 -3.928445E+03 -7.124660E+02 -2.916228E+01  1.612655E+03 -5.388731E+00  3.048738E+00
       169   2 -1.573029E+03 -1.814468E+03  1.778298E+01  3.042768E+03  8.185960E+00  3.749107E-02
       169   3  3.460504E+02 -1.128095E+02  2.013125E+01  4.230040E+02 -5.450786E+00 -9.533674E-01
       169   4  1.595767E+03 -9.220566E+02 -7.837187E+00  2.280145E+03  7.926566E+00 -2.911736E+00
       169   5 -3.928445E+03 -7.124660E+02 -2.916228E+01  1.612655E+03  5.388731E+00 -3.048738E+00
       169   6 -1.573029E+03 -1.814468E+03  1.778298E+01  3.042768E+03 -8.185960E+00 -3.749107E-02
       169   7  3.460504E+02 -1.128095E+02  2.013125E+01  4.230040E+02  5.450786E+00  9.533674E-01
       169   8  1.595767E+03 -9.220566E+02 -7.837187E+00  2.280145E+03 -7.926566E+00  2.911736E+00
       175   1  3.613914E+03 -7.456310E+01 -2.348744E+01  1.898446E+01 -4.595590E+00  2.154431E+00
       175   2  4.186537E+03 -3.810010E+02  1.229464E+01  2.004392E+03  7.500870E+00  9.555004E-01
       175   3  8.063958E+03  1.045512E+02  1.896322E+01  1.609829E+02 -4.345626E+00 -1.634209E+00
       175   4  7.521472E+03  2.097164E+02 -8.535067E+00  2.076316E+03  7.340886E+00 -1.891815E+00
       175   5  3.613914E+03 -7.456310E+01 -2.348744E+01  1.898446E+01  4.595590E+00 -2.154431E+00
       175   6  4.186537E+03 -3.810010E+02  1.229464E+01  2.004392E+03 -7.500870E+00 -9.555004E-01
       175   7  8.063958E+03  1.045512E+02  1.896322E+01  1.609829E+02  4.345626E+00  1.634209E+00
       175   8  7.521472E+03  2.097164E+02 -8.535067E+00  2.076316E+03 -7.340886E+00  1.891815E+00
       181   1  1.102152E+04  1.006004E+02 -1.842258E+01  7.666963E+02 -4.619186E+00  1.577690E+00
       181   2  9.878240E+03  6.573287E+02  8.991577E+00  2.463566E+03  5.984272E+00  1.499078E+00
       181   3  1.448239E+04  4.870509E+02  1.667648E+01  2.124758E+03 -2.779326E+00 -1.235038E+00
       181   4  1.248647E+04  1.305461E+03 -9.924148E+00  3.329424E+03  5.979746E+00 -6.090004E-01
       181   5  1.102152E+04  1.006004E+02 -1.842258E+01  7.666963E+02  4.619186E+00 -1.577690E+00
       181   6  9.878240E+03  6.573287E+02  8.991577E+00  2.463566E+03 -5.984272E+00 -1.499078E+00
       181   7  1.448239E+04  4.870509E+02  1.667648E+01  2.124758E+03  2.779326E+00  1.235038E+00
       181   8  1.248647E+04  1.305461E+03 -9.924148E+00  3.329424E+03 -5.979746E+00  6.090004E-01
       187   1  1.637014E+04  8.502786E+02 -1.434274E+01  3.437908E+03 -3.711232E+00  2.653777E-01
       187   2  1.402532E+04  1.910414E+03  7.125347E+00  4.181930E+03  4.080465E+00  1.059269E+00
       187   3  1.805407E+04  1.854357E+03  1.435863E+01  5.387193E+03 -1.798995E+00 -2.910432E-01
       187   4  1.529920E+04  2.848675E+03 -1.156454E+01  5.408499E+03  3.906584E+00  3.843759E-01
       187   5  1.637014E+04  8.502786E+02 -1.434274E+01  3.437908E+03  3.711232E+00 -2.653777E-01
       187   6  1.402532E+04  1.910414E+03  7.125347E+00  4.181930E+03 -4.080465E+00 -1.059269E+00
       187   7  1.805407E+04  1.854357E+03  1.435863E+01  5.387193E+03  1.798995E+00  2.910432E-01
       187   8  1.529920E+04  2.848675E+03 -1.156454E+01  5.408499E+03 -3.906584E+00 -3.843759E-01
       193   1  1.852040E+04  2.733169E+03 -1.151255E+01  6.835428E+03 -1.951484E+00 -4.377625E-01
       193   2  1.575438E+04  3.686656E+03  6.670386E+00  6.323242E+03  2.297838E+00  1.216449E-01
       193   3  1.828946E+04  4.346232E+03  1.192591E+01  8.564748E+03 -1.005403E+00  3.211761E-01
       193   4  1.559841E+04  4.854543E+03 -1.288500E+01  7.341559E+03  1.651067E+00  3.802513E-01
       193   5  1.852040E+04  2.733169E+03 -1.151255E+01  6.835428E+03  1.951484E+00  4.377625E-01
       193   6  1.575438E+04  3.686656E+03  6.670386E+00  6.323242E+03 -2.297838E+00 -1.216449E-01
       193   7  1.828946E+04  4.346232E+03  1.192591E+01  8.564748E+03  1.005403E+00 -3.211761E-01
       193   8  1.559841E+04  4.854543E+03 -1.288500E+01  7.341559E+03 -1.651067E+00 -3.802513E-01
       199   1  1.747231E+04  5.574193E+03 -9.965098E+00  9.587533E+03 -4.402894E-01 -2.820019E-01
       199   2  1.509019E+04  5.776964E+03  6.590891E+00  7.928865E+03  7.879145E-01 -9.876921E-01
       199   3  1.577538E+04  7.404768E+03  9.609075E+00  1.046784E+04  1.040105E-01  1.595788E+00
       199   4  1.387908E+04  6.848419E+03 -1.297118E+01  8.324606E+03 -3.213333E-01  3.253321E-02
       199   5  1.747231E+04  5.574193E+03 -9.965098E+00  9.587533E+03  4.402894E-01  2.820019E-01
       199   6  1.509019E+04  5.776964E+03  6.590891E+00  7.928865E+03 -7.879145E-01  9.876921E-01
       199   7  1.577538E+04  7.404768E+03  9.609075E+00  1.046784E+04 -1.040105E-01 -1.595788E+00
       199   8  1.387908E+04  6.848419E+03 -1.297118E+01  8.324606E+03  3.213333E-01 -3.253322E-02
       205   1  1.416095E+04  8.601362E+03 -5.844506E+00  1.073781E+04  7.756736E-01  8.020492E-02
       205   2  1.279271E+04  7.562927E+03  8.164324E+00  8.391753E+03 -2.986740E-01 -2.290398E+00
       205   3  1.176627E+04  1.008150E+04  9.203460E+00  1.052459E+04 -4.372603E-01  1.384111E+00
       205   4  1.112323E+04  8.115194E+03 -1.536074E+01  8.083683E+03 -1.813250E+00 -1.399610E+00
       205   5  1.416095E+04  8.601362E+03 -5.844506E+00  1.073781E+04 -7.756736E-01 -8.020492E-02
       205   6  1.279271E+04  7.562927E+03  8.164324E+00  8.391753E+03  2.986740E-01  2.290398E+00
       205   7  1.176627E+04  1.008150E+04  9.203460E+00  1.052459E+04  4.372603E-01 -1.384111E+00
       205   8  1.112323E+04  8.115194E+03 -1.536074E+01  8.083683E+03  1.813250E+00  1.399610E+00
       211   1  9.933749E+03  1.083641E+04 -8.306657E+00  1.003305E+04  1.260044E+00  2.272295E+00
       211   2  9.911869E+03  8.343197E+03  7.456637E+00  7.688138E+03 -1.814289E+00 -3.647204E+00
       211   3  7.566641E+03  1.145497E+04 -1.327617E+01  8.911681E+03  5.510647E+00  1.599226E+00
       211   4  8.367464E+03  8.079318E+03 -2.638888E+00  6.911057E+03 -1.774627E+00 -1.966491E+00
       211   5  9.933749E+03  1.083641E+04 -8.306657E+00  1.003305E+04 -1.260044E+00 -2.272295E+00
       211   6  9.911869E+03  8.343197E+03  7.456637E+00  7.688138E+03  1.814289E+00  3.647204E+00
       211   7  7.566641E+03  1.145497E+04 -1.327617E+01  8.911681E+03 -5.510647E+00 -1.599226E+00
       211   8  8.367464E+03  8.079318E+03 -2.638888E+00  6.911057E+03  1.774627E+00  1.966491E+00
       217   1  6.047721E+03  1.158499E+04  1.827736E+01  7.900232E+03  2.117352E-01  4.985349E+00
       217   2  7.295961E+03  7.634406E+03 -1.381907E-01  6.287395E+03 -3.999802E+00 -7.095876E+00
       217   3  4.201307E+03  1.099030E+04 -2.211093E+01  6.386717E+03 -1.316116E+00  4.047571E+00
       217   4  6.131345E+03  6.528142E+03  1.629348E+01  5.536442E+03 -3.793506E+00 -6.883284E+00
       217   5  6.047721E+03  1.158499E+04  1.827736E+01  7.900232E+03 -2.117352E-01 -4.985349E+00
       217   6  7.295961E+03  7.634406E+03 -1.381907E-01  6.287395E+03  3.999802E+00  7.095876E+00
       217   7  4.201307E+03  1.099030E+04 -2.211093E+01  6.386717E+03  1.316116E+00 -4.047571E+00
       217   8  6.131345E+03  6.528142E+03  1.629348E+01  5.536442E+03  3.793506E+00  6.883284E+00
       223   1  3.197543E+03  1.026043E+04  4.196732E+00  5.360003E+03  7.727269E+00  4.887671E+00
       223   2  5.169724E+03  5.748935E+03 -1.544008E+01  5.038146E+03 -5.109067E+00 -6.472674E+00
       223   3  1.976776E+03  8.925358E+03 -2.966260E+00  3.927950E+03  1.875298E+00  7.349840E+00
       223   4  3.948209E+03  5.045398E+03  1.365260E+01  4.561550E+03 -2.457704E+00 -8.543807E+00
       223   5  3.197543E+03  1.026043E+04  4.196732E+00  5.360003E+03 -7.727269E+00 -4.887671E+00
       223   6  5.169724E+03  5.748935E+03 -1.544008E+01  5.038146E+03  5.109067E+00  6.472674E+00
       223   7  1.976776E+03  8.925358E+03 -2.966260E+00  3.927950E+03 -1.875298E+00 -7.349840E+00
       223   8  3.948209E+03  5.045398E+03  1.365260E+01  4.561550E+03  2.457704E+00  8.543807E+00
       229   1  1.331651E+03  7.679795E+03  1.721524E+01  2.936237E+03 -8.625311E-01  4.508400E+00
       229   2  3.053006E+03  4.266722E+03 -1.875711E+01  4.176926E+03 -4.751101E-01 -8.690831E+00
       229   3  6.278718E+02  5.470903E+03 -1.508194E+01  1.822659E+03  1.150590E-01  5.620133E+00
       229   4  2.005867E+03  3.124864E+03  9.573062E+00  3.764874E+03 -1.105200E+00 -8.075292E+00
       229   5  1.331651E+03  7.679795E+03  1.721524E+01  2.936237E+03  8.625311E-01 -4.508400E+00
       229   6  3.053006E+03  4.266722E+03 -1.875711E+01  4.176926E+03  4.751101E-01  8.690831E+00
       229   7  6.278718E+02  5.470903E+03 -1.508194E+01  1.822659E+03 -1.150590E-01 -5.620133E+00
       229   8  2.005867E+03  3.124864E+03  9.573062E+00  3.764874E+03  1.105200E+00  8.075292E+00
       235   1  3.824814E+02  3.691072E+03  1.553871E+01  1.240789E+03  1.042358E+00  5.523806E+00
       235   2  1.253020E+03  2.039558E+03 -1.463131E+01  3.518499E+03 -2.876836E-02 -7.274334E+00
       235   3  5.331424E+01  9.849350E+02 -1.324645E+01  8.264859E+02  1.434787E-01  5.225441E+00
       235   4  3.447535E+02  5.983217E+02  1.236685E+01  3.353566E+03 -3.509187E-01 -7.711056E+00
       235   5  3.824814E+02  3.691072E+03  1.553871E+01  1.240789E+03 -1.042358E+00 -5.523806E+00
       235   6  1.253020E+03  2.039558E+03 -1.463131E+01  3.518499E+03  2.876836E-02  7.274334E+00
       235   7  5.331424E+01  9.849350E+02 -1.324645E+01  8.264859E+02 -1.434787E-01 -5.225441E+00
       235   8  3.447535E+02  5.983217E+02  1.236685E+01  3.353566E+03  3.509187E-01  7.711056E+00

 forces (fx,fy,fz) for set NLEFT and time  0.3000000E+01

       873 -4.555918E+05  1.958491E+03  7.256803E+04
       874 -4.555918E+05  1.958491E+03 -7.256803E+04
       875  2.070085E+06 -9.996394E+04  4.480365E+05
       877  2.070085E+06 -9.996394E+04 -4.480365E+05
       879  1.876029E+06 -4.374387E+05  5.421789E-07
       920 -1.752258E+05  1.165744E+05  5.399482E+04
       921 -1.752258E+05  1.165744E+05 -5.399482E+04
       922  7.417771E+05 -1.787757E+05  3.355378E+04
       924  7.417771E+05 -1.787757E+05 -3.355378E+04
       926  8.253176E+05 -4.407166E+05  5.679281E-07
       967 -1.188300E-07  1.004118E+05 -3.017685E-07
       968  9.393455E-08  1.004118E+05 -2.933029E-07
       969  2.143313E+05 -1.786366E+05  4.825107E+04
       971  2.143313E+05 -1.786366E+05 -4.825107E+04
       973  4.824506E-08 -3.823844E+05  5.733982E-07
      1014  1.752258E+05  1.165744E+05 -5.399482E+04
      1015  1.752258E+05  1.165744E+05  5.399482E+04
      1016 -2.143313E+05 -1.786366E+05 -4.825107E+04
      1018 -2.143313E+05 -1.786366E+05  4.825107E+04
      1020 -8.253176E+05 -4.407166E+05  6.047894E-07
      1061  4.555918E+05  1.958491E+03 -7.256803E+04
      1062  4.555918E+05  1.958491E+03  7.256803E+04
      1063 -7.417771E+05 -1.787757E+05 -3.355378E+04
      1065 -7.417771E+05 -1.787757E+05  3.355378E+04
      1067 -1.876029E+06 -4.374387E+05  5.889742E-07
      1110 -2.070085E+06 -9.996394E+04 -4.480365E+05
      1112 -2.070085E+06 -9.996394E+04  4.480365E+05

                    E I G E N V A L U E    N U M B E R     5


 stresses (elem, integ.pnt.,sxx,syy,szz,sxy,sxz,syz) for set EHOLE and time  0.3000000E+01

         1   1 -3.236973E+02 -8.523596E+02 -7.270126E+00  4.362639E+03  5.237093E+02 -1.694998E+04
         1   2 -7.745529E+02  2.400774E+01 -2.583467E+00  1.375972E+04  4.841617E+01 -5.776358E+03
         1   3 -1.217371E+03 -2.986675E+03  2.838501E+01  4.607003E+03  1.858826E+03 -1.644360E+04
         1   4 -2.878628E+03  1.104637E+01 -2.959423E+01  1.346177E+04  1.917666E+02 -5.655693E+03
         1   5  3.236973E+02  8.523596E+02  7.270126E+00 -4.362639E+03  5.237093E+02 -1.694998E+04
         1   6  7.745529E+02 -2.400774E+01  2.583467E+00 -1.375972E+04  4.841617E+01 -5.776358E+03
         1   7  1.217371E+03  2.986675E+03 -2.838501E+01 -4.607003E+03  1.858826E+03 -1.644360E+04
         1   8  2.878628E+03 -1.104637E+01  2.959423E+01 -1.346177E+04  1.917666E+02 -5.655693E+03
         7   1 -1.896475E+03 -4.409430E+03  2.440245E+01  4.933257E+03  2.772830E+03 -1.576449E+04
         7   2 -4.252404E+03  3.952058E+01 -4.389347E+01  1.305590E+04  2.563930E+02 -5.412934E+03
         7   3 -2.894083E+03 -5.838237E+03  6.426153E+01  5.451666E+03  3.746081E+03 -1.438332E+04
         7   4 -5.870522E+03 -7.292620E+00 -8.790849E+01  1.221267E+04  3.550044E+02 -5.090752E+03
         7   5  1.896475E+03  4.409430E+03 -2.440245E+01 -4.933257E+03  2.772830E+03 -1.576449E+04
         7   6  4.252404E+03 -3.952058E+01  4.389347E+01 -1.305590E+04  2.563930E+02 -5.412934E+03
         7   7  2.894083E+03  5.838237E+03 -6.426153E+01 -5.451666E+03  3.746081E+03 -1.438332E+04
         7   8  5.870522E+03  7.292620E+00  8.790849E+01 -1.221267E+04  3.550044E+02 -5.090752E+03
        13   1 -3.817655E+03 -6.595587E+03 -2.539367E+00  5.906492E+03  4.213208E+03 -1.309575E+04
        13   2 -6.593234E+03  1.729816E+02 -2.086702E+01  1.138083E+04  3.810628E+02 -4.813752E+03
        13   3 -4.484919E+03 -6.855355E+03  1.467735E+02  6.289193E+03  4.318244E+03 -1.129329E+04
        13   4 -7.234451E+03 -1.190455E+02 -1.285527E+02  1.021621E+04  4.048213E+02 -4.367812E+03
        13   5  3.817655E+03  6.595587E+03  2.539367E+00 -5.906492E+03  4.213208E+03 -1.309575E+04
        13   6  6.593234E+03 -1.729816E+02  2.086702E+01 -1.138083E+04  3.810628E+02 -4.813752E+03
        13   7  4.484919E+03  6.855355E+03 -1.467735E+02 -6.289193E+03  4.318244E+03 -1.129329E+04
        13   8  7.234451E+03  1.190455E+02  1.285527E+02 -1.021621E+04  4.048213E+02 -4.367812E+03
        19   1 -5.027197E+03 -7.055661E+03  1.168535E+02  6.083153E+03  4.708326E+03 -9.873828E+03
        19   2 -7.357077E+03 -8.200947E+02 -2.273760E+02  9.110534E+03  6.164585E+02 -4.461763E+03
        19   3 -5.630525E+03 -7.465477E+03 -8.762160E+01  5.947318E+03  4.720887E+03 -7.855996E+03
        19   4 -6.710585E+03 -1.360025E+03  3.741171E+01  7.092770E+03  1.390289E+03 -4.895749E+03
        19   5  5.027197E+03  7.055661E+03 -1.168535E+02 -6.083153E+03  4.708326E+03 -9.873828E+03
        19   6  7.357077E+03  8.200947E+02  2.273760E+02 -9.110534E+03  6.164585E+02 -4.461763E+03
        19   7  5.630525E+03  7.465477E+03  8.762160E+01 -5.947318E+03  4.720887E+03 -7.855996E+03
        19   8  6.710585E+03  1.360025E+03 -3.741171E+01 -7.092770E+03  1.390289E+03 -4.895749E+03
        25   1 -5.350581E+03 -6.333706E+03  2.231167E+02  5.929611E+03  4.181331E+03 -6.710454E+03
        25   2 -6.369609E+03 -2.464381E+03 -1.973764E+02  6.146535E+03  1.344416E+03 -4.408053E+03
        25   3 -5.557402E+03 -5.527247E+03 -4.569235E+00  5.222700E+03  3.499928E+03 -4.294310E+03
        25   4 -4.751578E+03 -2.664204E+03 -2.050791E+01  4.835739E+03  1.544740E+03 -3.884820E+03
        25   5  5.350581E+03  6.333706E+03 -2.231167E+02 -5.929611E+03  4.181331E+03 -6.710454E+03
        25   6  6.369609E+03  2.464381E+03  1.973764E+02 -6.146535E+03  1.344416E+03 -4.408053E+03
        25   7  5.557402E+03  5.527247E+03  4.569235E+00 -5.222700E+03  3.499928E+03 -4.294310E+03
        25   8  4.751578E+03  2.664204E+03  2.050791E+01 -4.835739E+03  1.544740E+03 -3.884820E+03
        31   1 -5.048478E+03 -4.359726E+03  5.139803E+01  4.513726E+03  2.584578E+03 -3.109665E+03
        31   2 -3.683972E+03 -2.863718E+03 -9.036771E+01  4.101310E+03  1.272150E+03 -3.214912E+03
        31   3 -3.907534E+03 -2.897241E+03  1.887004E+01  3.233299E+03  1.216038E+03 -1.284244E+03
        31   4 -1.509570E+03 -2.682631E+03 -3.748882E+01  3.102609E+03  9.143655E+02 -2.327549E+03
        31   5  5.048478E+03  4.359726E+03 -5.139803E+01 -4.513726E+03  2.584578E+03 -3.109665E+03
        31   6  3.683972E+03  2.863718E+03  9.036771E+01 -4.101310E+03  1.272150E+03 -3.214912E+03
        31   7  3.907534E+03  2.897241E+03 -1.887004E+01 -3.233299E+03  1.216038E+03 -1.284244E+03
        31   8  1.509570E+03  2.682631E+03  3.748882E+01 -3.102609E+03  9.143655E+02 -2.327549E+03
        37   1 -2.465597E+03 -1.852161E+03  3.764840E+01  2.109887E+03  5.170097E+01 -4.556276E+02
        37   2  2.232017E+02 -2.420026E+03 -4.153691E+01  2.429969E+03  3.945513E+02 -1.647401E+03
        37   3  2.050158E+02 -6.787339E+02  1.732282E+01  5.422532E+02 -1.488299E+03  6.336549E+02
        37   4  3.056208E+03 -1.918483E+03 -3.390539E+01  1.679342E+03 -3.171885E+02 -8.653410E+02
        37   5  2.465597E+03  1.852161E+03 -3.764840E+01 -2.109887E+03  5.170097E+01 -4.556276E+02
        37   6 -2.232017E+02  2.420026E+03  4.153691E+01 -2.429969E+03  3.945513E+02 -1.647401E+03
        37   7 -2.050158E+02  6.787339E+02 -1.732282E+01 -5.422532E+02 -1.488299E+03  6.336549E+02
        37   8 -3.056208E+03  1.918483E+03  3.390539E+01 -1.679342E+03 -3.171885E+02 -8.653410E+02
        43   1  2.679047E+03 -1.368474E+02  6.682430E+00 -5.080493E+02 -2.559993E+03  9.766276E+02
        43   2  5.364380E+03 -1.499660E+03 -5.638098E+00  1.207309E+03 -9.244933E+02 -3.974099E+02
        43   3  6.615482E+03  3.616219E+02  9.729441E+00 -1.561573E+03 -3.818490E+03  1.300679E+03
        43   4  8.677004E+03 -9.820543E+02 -2.169606E+01  8.616071E+02 -1.677298E+03  5.294160E+01
        43   5 -2.679047E+03  1.368474E+02 -6.682430E+00  5.080493E+02 -2.559993E+03  9.766276E+02
        43   6 -5.364380E+03  1.499660E+03  5.638098E+00 -1.207309E+03 -9.244933E+02 -3.974099E+02
        43   7 -6.615482E+03 -3.616219E+02 -9.729441E+00  1.561573E+03 -3.818490E+03  1.300679E+03
        43   8 -8.677004E+03  9.820543E+02  2.169606E+01 -8.616071E+02 -1.677298E+03  5.294160E+01
        49   1  9.712994E+03  3.844776E+02 -4.845156E+00 -1.960067E+03 -4.537176E+03  1.214973E+03
        49   2  1.123406E+04 -6.118717E+02  1.467915E+01  8.039238E+02 -2.171287E+03  2.458985E+02
        49   3  1.398163E+04  3.673703E+02  7.179754E-01 -1.877220E+03 -5.210601E+03  9.983494E+02
        49   4  1.449451E+04 -1.634666E+02 -7.365071E+00  1.113324E+03 -2.701064E+03  3.479360E+02
        49   5 -9.712994E+03 -3.844776E+02  4.845156E+00  1.960067E+03 -4.537176E+03  1.214973E+03
        49   6 -1.123406E+04  6.118717E+02 -1.467915E+01 -8.039238E+02 -2.171287E+03  2.458985E+02
        49   7 -1.398163E+04 -3.673703E+02 -7.179755E-01  1.877220E+03 -5.210601E+03  9.983494E+02
        49   8 -1.449451E+04  1.634666E+02  7.365071E+00 -1.113324E+03 -2.701064E+03  3.479360E+02
        55   1  1.687278E+04  1.970535E+02 -1.304417E+01 -1.324164E+03 -5.452538E+03  6.705417E+02
        55   2  1.674417E+04  1.832087E+02  2.556179E+01  1.604378E+03 -2.953454E+03  3.235290E+02
        55   3  2.023411E+04  1.824987E+02 -6.747532E+00 -2.044461E+00 -5.485319E+03  2.282361E+02
        55   4  1.918428E+04  6.906951E+02  6.507588E+00  2.589977E+03 -3.149361E+03  2.015409E+02
        55   5 -1.687278E+04 -1.970535E+02  1.304417E+01  1.324164E+03 -5.452538E+03  6.705417E+02
        55   6 -1.674417E+04 -1.832087E+02 -2.556179E+01 -1.604378E+03 -2.953454E+03  3.235290E+02
        55   7 -2.023411E+04 -1.824987E+02  6.747532E+00  2.044461E+00 -5.485319E+03  2.282361E+02
        55   8 -1.918428E+04 -6.906951E+02 -6.507588E+00 -2.589977E+03 -3.149361E+03  2.015409E+02
        61   1  2.204839E+04  2.494107E+02 -1.688844E+01  1.332487E+03 -5.309221E+03 -1.313197E+02
        61   2  2.054164E+04  1.149689E+03  2.873470E+01  3.509873E+03 -3.155460E+03  7.038931E+01
        61   3  2.350938E+04  7.125968E+02 -1.145388E+01  3.375612E+03 -4.885743E+03 -5.343270E+02
        61   4  2.152121E+04  1.881171E+03  1.739755E+01  4.848347E+03 -3.079916E+03 -1.359089E+02
        61   5 -2.204839E+04 -2.494107E+02  1.688844E+01 -1.332487E+03 -5.309221E+03 -1.313197E+02
        61   6 -2.054164E+04 -1.149689E+03 -2.873470E+01 -3.509873E+03 -3.155460E+03  7.038931E+01
        61   7 -2.350938E+04 -7.125968E+02  1.145388E+01 -3.375612E+03 -4.885743E+03 -5.343270E+02
        61   8 -2.152121E+04 -1.881171E+03 -1.739755E+01 -4.848347E+03 -3.079916E+03 -1.359089E+02
        67   1  2.374285E+04  1.255729E+03 -1.826618E+01  4.934621E+03 -4.486911E+03 -7.937312E+02
        67   2  2.165194E+04  2.529912E+03  2.669615E+01  5.845631E+03 -2.938948E+03 -2.933855E+02
        67   3  2.300046E+04  2.295977E+03 -1.221523E+01  6.838082E+03 -3.921902E+03 -1.056540E+03
        67   4  2.098132E+04  3.484861E+03  2.318631E+01  7.008296E+03 -2.752870E+03 -5.213338E+02
        67   5 -2.374285E+04 -1.255729E+03  1.826618E+01 -4.934621E+03 -4.486911E+03 -7.937312E+02
        67   6 -2.165194E+04 -2.529912E+03 -2.669615E+01 -5.845631E+03 -2.938948E+03 -2.933855E+02
        67   7 -2.300046E+04 -2.295977E+03  1.221523E+01 -6.838082E+03 -3.921902E+03 -1.056540E+03
        67   8 -2.098132E+04 -3.484861E+03 -2.318631E+01 -7.008296E+03 -2.752870E+03 -5.213338E+02
        73   1  2.173456E+04  3.211230E+03 -1.686893E+01  7.978129E+03 -3.534651E+03 -1.209942E+03
        73   2  1.995138E+04  4.241871E+03  2.024350E+01  7.681811E+03 -2.593800E+03 -6.961158E+02
        73   3  1.927306E+04  4.500942E+03 -1.041510E+01  9.001604E+03 -3.115949E+03 -1.414234E+03
        73   4  1.796133E+04  5.225578E+03  2.280031E+01  8.217930E+03 -2.438143E+03 -9.743274E+02
        73   5 -2.173456E+04 -3.211230E+03  1.686893E+01 -7.978129E+03 -3.534651E+03 -1.209942E+03
        73   6 -1.995138E+04 -4.241871E+03 -2.024350E+01 -7.681811E+03 -2.593800E+03 -6.961158E+02
        73   7 -1.927306E+04 -4.500942E+03  1.041510E+01 -9.001604E+03 -3.115949E+03 -1.414234E+03
        73   8 -1.796133E+04 -5.225578E+03 -2.280031E+01 -8.217930E+03 -2.438143E+03 -9.743274E+02
        79   1  1.708227E+04  5.418694E+03 -1.433510E+01  9.329552E+03 -2.902677E+03 -1.562204E+03
        79   2  1.617738E+04  5.906655E+03  1.360535E+01  8.322849E+03 -2.339347E+03 -1.207800E+03
        79   3  1.385902E+04  6.443944E+03  9.731097E-01  9.194639E+03 -2.759051E+03 -1.898367E+03
        79   4  1.348951E+04  6.666421E+03  9.523843E+00  8.051038E+03 -2.243378E+03 -1.590434E+03
        79   5 -1.708227E+04 -5.418694E+03  1.433510E+01 -9.329552E+03 -2.902677E+03 -1.562204E+03
        79   6 -1.617738E+04 -5.906655E+03 -1.360535E+01 -8.322849E+03 -2.339347E+03 -1.207800E+03
        79   7 -1.385902E+04 -6.443944E+03 -9.731097E-01 -9.194639E+03 -2.759051E+03 -1.898367E+03
        79   8 -1.348951E+04 -6.666421E+03 -9.523843E+00 -8.051038E+03 -2.243378E+03 -1.590434E+03
        85   1  1.146975E+04  6.994021E+03 -7.977466E+00  8.722402E+03 -2.749850E+03 -2.165031E+03
        85   2  1.147233E+04  7.134217E+03  5.964377E+00  7.561592E+03 -2.199634E+03 -1.916101E+03
        85   3  8.418015E+03  7.393079E+03  4.492493E+00  7.690114E+03 -2.805869E+03 -2.778762E+03
        85   4  8.723374E+03  7.530221E+03 -1.409804E+01  6.545359E+03 -2.078959E+03 -2.378705E+03
        85   5 -1.146975E+04 -6.994021E+03  7.977466E+00 -8.722402E+03 -2.749850E+03 -2.165031E+03
        85   6 -1.147233E+04 -7.134217E+03 -5.964377E+00 -7.561592E+03 -2.199634E+03 -1.916101E+03
        85   7 -8.418015E+03 -7.393079E+03 -4.492493E+00 -7.690114E+03 -2.805869E+03 -2.778762E+03
        85   8 -8.723374E+03 -7.530221E+03  1.409804E+01 -6.545359E+03 -2.078959E+03 -2.378705E+03
        91   1  6.398407E+03  7.407383E+03 -1.148091E+01  6.716225E+03 -2.884085E+03 -3.221333E+03
        91   2  6.931437E+03  7.740529E+03  1.045984E+01  5.611649E+03 -2.015162E+03 -2.748671E+03
        91   3  4.195874E+03  7.250106E+03  7.224215E+01  5.182553E+03 -2.901190E+03 -4.196661E+03
        91   4  4.508425E+03  7.670124E+03 -5.996784E+01  4.035606E+03 -1.737873E+03 -3.139615E+03
        91   5 -6.398407E+03 -7.407383E+03  1.148091E+01 -6.716225E+03 -2.884085E+03 -3.221333E+03
        91   6 -6.931437E+03 -7.740529E+03 -1.045984E+01 -5.611649E+03 -2.015162E+03 -2.748671E+03
        91   7 -4.195874E+03 -7.250106E+03 -7.224215E+01 -5.182553E+03 -2.901190E+03 -4.196661E+03
        91   8 -4.508425E+03 -7.670124E+03  5.996784E+01 -4.035606E+03 -1.737873E+03 -3.139615E+03
        97   1  2.603429E+03  6.617626E+03 -5.852415E+01  4.151929E+03 -2.959273E+03 -4.674390E+03
        97   2  3.304888E+03  7.797678E+03  5.596073E+01  2.809383E+03 -1.683697E+03 -3.511982E+03
        97   3  1.200097E+03  6.091312E+03  3.723787E+01  2.628443E+03 -2.833212E+03 -5.619330E+03
        97   4  1.690334E+03  7.203914E+03 -8.551811E+01  7.391780E+02 -1.172988E+03 -3.442576E+03
        97   5 -2.603429E+03 -6.617626E+03  5.852415E+01 -4.151929E+03 -2.959273E+03 -4.674390E+03
        97   6 -3.304888E+03 -7.797678E+03 -5.596073E+01 -2.809383E+03 -1.683697E+03 -3.511982E+03
        97   7 -1.200097E+03 -6.091312E+03 -3.723787E+01 -2.628443E+03 -2.833212E+03 -5.619330E+03
        97   8 -1.690334E+03 -7.203914E+03  8.551811E+01 -7.391780E+02 -1.172988E+03 -3.442576E+03
       103   1  4.934172E+02  5.429210E+03  5.334916E+01  1.499590E+03 -2.533794E+03 -6.293766E+03
       103   2  8.327871E+02  6.836566E+03 -4.152850E+01 -5.197982E+02 -9.493157E+02 -3.552404E+03
       103   3 -2.248375E+02  4.292237E+03 -1.198423E+01  3.700515E+02 -2.330781E+03 -7.168519E+03
       103   4 -7.178449E+01  5.943798E+03  2.237637E+01 -2.001174E+03 -7.816921E+02 -3.924341E+03
       103   5 -4.934172E+02 -5.429210E+03 -5.334916E+01 -1.499590E+03 -2.533794E+03 -6.293766E+03
       103   6 -8.327871E+02 -6.836566E+03  4.152850E+01  5.197982E+02 -9.493157E+02 -3.552404E+03
       103   7  2.248375E+02 -4.292237E+03  1.198423E+01 -3.700515E+02 -2.330781E+03 -7.168519E+03
       103   8  7.178449E+01 -5.943798E+03 -2.237637E+01  2.001174E+03 -7.816921E+02 -3.924341E+03
       109   1 -4.050473E+02  3.480429E+03 -2.121953E+00 -2.769054E+02 -2.084513E+03 -7.816892E+03
       109   2 -5.061541E+02  4.952688E+03 -9.952241E+00 -3.006692E+03 -6.497647E+02 -4.081087E+03
       109   3 -4.402383E+02  2.297420E+03 -1.879961E+01 -9.947574E+02 -1.495910E+03 -8.512498E+03
       109   4 -6.180510E+02  3.568233E+03  1.805714E+01 -4.074430E+03 -4.327206E+02 -4.320909E+03
       109   5  4.050473E+02 -3.480429E+03  2.121953E+00  2.769054E+02 -2.084513E+03 -7.816892E+03
       109   6  5.061541E+02 -4.952688E+03  9.952241E+00  3.006692E+03 -6.497647E+02 -4.081087E+03
       109   7  4.402383E+02 -2.297420E+03  1.879961E+01  9.947574E+02 -1.495910E+03 -8.512498E+03
       109   8  6.180510E+02 -3.568233E+03 -1.805714E+01  4.074430E+03 -4.327206E+02 -4.320909E+03
       115   1 -3.160776E+02  1.496814E+03  6.648527E-01 -1.329751E+03 -1.017065E+03 -8.871162E+03
       115   2 -5.083925E+02  2.373154E+03  1.332265E+01 -4.625655E+03 -2.973677E+02 -4.461484E+03
       115   3 -1.051253E+02  3.737529E+02 -1.414675E+01 -1.574455E+03 -2.752064E+02 -9.140020E+03
       115   4 -1.388242E+02  6.749782E+02  1.451760E+01 -5.005410E+03 -7.139194E+01 -4.537329E+03
       115   5  3.160776E+02 -1.496814E+03 -6.648527E-01  1.329751E+03 -1.017065E+03 -8.871162E+03
       115   6  5.083925E+02 -2.373154E+03 -1.332265E+01  4.625655E+03 -2.973677E+02 -4.461484E+03
       115   7  1.051253E+02 -3.737529E+02  1.414675E+01  1.574455E+03 -2.752064E+02 -9.140020E+03
       115   8  1.388242E+02 -6.749782E+02 -1.451760E+01  5.005410E+03 -7.139194E+01 -4.537329E+03
       121   1  1.051253E+02 -3.737529E+02  1.414675E+01 -1.574455E+03  2.752064E+02 -9.140020E+03
       121   2  1.388242E+02 -6.749782E+02 -1.451760E+01 -5.005410E+03  7.139194E+01 -4.537329E+03
       121   3  3.160776E+02 -1.496814E+03 -6.648527E-01 -1.329751E+03  1.017065E+03 -8.871162E+03
       121   4  5.083925E+02 -2.373154E+03 -1.332265E+01 -4.625655E+03  2.973677E+02 -4.461484E+03
       121   5 -1.051253E+02  3.737529E+02 -1.414675E+01  1.574455E+03  2.752064E+02 -9.140020E+03
       121   6 -1.388242E+02  6.749782E+02  1.451760E+01  5.005410E+03  7.139194E+01 -4.537329E+03
       121   7 -3.160776E+02  1.496814E+03  6.648527E-01  1.329751E+03  1.017065E+03 -8.871162E+03
       121   8 -5.083925E+02  2.373154E+03  1.332265E+01  4.625655E+03  2.973677E+02 -4.461484E+03
       127   1  4.402383E+02 -2.297420E+03  1.879961E+01 -9.947574E+02  1.495910E+03 -8.512498E+03
       127   2  6.180510E+02 -3.568233E+03 -1.805714E+01 -4.074430E+03  4.327206E+02 -4.320909E+03
       127   3  4.050473E+02 -3.480429E+03  2.121953E+00 -2.769054E+02  2.084513E+03 -7.816892E+03
       127   4  5.061541E+02 -4.952688E+03  9.952241E+00 -3.006692E+03  6.497647E+02 -4.081087E+03
       127   5 -4.402383E+02  2.297420E+03 -1.879961E+01  9.947574E+02  1.495910E+03 -8.512498E+03
       127   6 -6.180510E+02  3.568233E+03  1.805714E+01  4.074430E+03  4.327206E+02 -4.320909E+03
       127   7 -4.050473E+02  3.480429E+03 -2.121953E+00  2.769054E+02  2.084513E+03 -7.816892E+03
       127   8 -5.061541E+02  4.952688E+03 -9.952241E+00  3.006692E+03  6.497647E+02 -4.081087E+03
       133   1  2.248375E+02 -4.292237E+03  1.198423E+01  3.700515E+02  2.330781E+03 -7.168519E+03
       133   2  7.178449E+01 -5.943798E+03 -2.237637E+01 -2.001174E+03  7.816921E+02 -3.924341E+03
       133   3 -4.934172E+02 -5.429210E+03 -5.334916E+01  1.499590E+03  2.533794E+03 -6.293766E+03
       133   4 -8.327871E+02 -6.836566E+03  4.152850E+01 -5.197982E+02  9.493157E+02 -3.552404E+03
       133   5 -2.248375E+02  4.292237E+03 -1.198423E+01 -3.700515E+02  2.330781E+03 -7.168519E+03
       133   6 -7.178449E+01  5.943798E+03  2.237637E+01  2.001174E+03  7.816921E+02 -3.924341E+03
       133   7  4.934172E+02  5.429210E+03  5.334916E+01 -1.499590E+03  2.533794E+03 -6.293766E+03
       133   8  8.327871E+02  6.836566E+03 -4.152850E+01  5.197982E+02  9.493157E+02 -3.552404E+03
       139   1 -1.200097E+03 -6.091312E+03 -3.723787E+01  2.628443E+03  2.833212E+03 -5.619330E+03
       139   2 -1.690334E+03 -7.203914E+03  8.551811E+01  7.391780E+02  1.172988E+03 -3.442576E+03
       139   3 -2.603429E+03 -6.617626E+03  5.852415E+01  4.151929E+03  2.959273E+03 -4.674390E+03
       139   4 -3.304888E+03 -7.797678E+03 -5.596073E+01  2.809383E+03  1.683697E+03 -3.511982E+03
       139   5  1.200097E+03  6.091312E+03  3.723787E+01 -2.628443E+03  2.833212E+03 -5.619330E+03
       139   6  1.690334E+03  7.203914E+03 -8.551811E+01 -7.391780E+02  1.172988E+03 -3.442576E+03
       139   7  2.603429E+03  6.617626E+03 -5.852415E+01 -4.151929E+03  2.959273E+03 -4.674390E+03
       139   8  3.304888E+03  7.797678E+03  5.596073E+01 -2.809383E+03  1.683697E+03 -3.511982E+03
       145   1 -4.195874E+03 -7.250106E+03 -7.224215E+01  5.182553E+03  2.901190E+03 -4.196661E+03
       145   2 -4.508425E+03 -7.670124E+03  5.996784E+01  4.035606E+03  1.737873E+03 -3.139615E+03
       145   3 -6.398407E+03 -7.407383E+03  1.148091E+01  6.716225E+03  2.884085E+03 -3.221333E+03
       145   4 -6.931437E+03 -7.740529E+03 -1.045984E+01  5.611649E+03  2.015162E+03 -2.748671E+03
       145   5  4.195874E+03  7.250106E+03  7.224215E+01 -5.182553E+03  2.901190E+03 -4.196661E+03
       145   6  4.508425E+03  7.670124E+03 -5.996784E+01 -4.035606E+03  1.737873E+03 -3.139615E+03
       145   7  6.398407E+03  7.407383E+03 -1.148091E+01 -6.716225E+03  2.884085E+03 -3.221333E+03
       145   8  6.931437E+03  7.740529E+03  1.045984E+01 -5.611649E+03  2.015162E+03 -2.748671E+03
       151   1 -8.418015E+03 -7.393079E+03 -4.492493E+00  7.690114E+03  2.805869E+03 -2.778762E+03
       151   2 -8.723374E+03 -7.530221E+03  1.409804E+01  6.545359E+03  2.078959E+03 -2.378705E+03
       151   3 -1.146975E+04 -6.994021E+03  7.977466E+00  8.722402E+03  2.749850E+03 -2.165031E+03
       151   4 -1.147233E+04 -7.134217E+03 -5.964377E+00  7.561592E+03  2.199634E+03 -1.916101E+03
       151   5  8.418015E+03  7.393079E+03  4.492493E+00 -7.690114E+03  2.805869E+03 -2.778762E+03
       151   6  8.723374E+03  7.530221E+03 -1.409804E+01 -6.545359E+03  2.078959E+03 -2.378705E+03
       151   7  1.146975E+04  6.994021E+03 -7.977466E+00 -8.722402E+03  2.749850E+03 -2.165031E+03
       151   8  1.147233E+04  7.134217E+03  5.964377E+00 -7.561592E+03  2.199634E+03 -1.916101E+03
       157   1 -1.385902E+04 -6.443944E+03 -9.731097E-01  9.194639E+03  2.759051E+03 -1.898367E+03
       157   2 -1.348951E+04 -6.666421E+03 -9.523843E+00  8.051038E+03  2.243378E+03 -1.590434E+03
       157   3 -1.708227E+04 -5.418694E+03  1.433510E+01  9.329552E+03  2.902677E+03 -1.562204E+03
       157   4 -1.617738E+04 -5.906655E+03 -1.360535E+01  8.322849E+03  2.339347E+03 -1.207800E+03
       157   5  1.385902E+04  6.443944E+03  9.731097E-01 -9.194639E+03  2.759051E+03 -1.898367E+03
       157   6  1.348951E+04  6.666421E+03  9.523843E+00 -8.051038E+03  2.243378E+03 -1.590434E+03
       157   7  1.708227E+04  5.418694E+03 -1.433510E+01 -9.329552E+03  2.902677E+03 -1.562204E+03
       157   8  1.617738E+04  5.906655E+03  1.360535E+01 -8.322849E+03  2.339347E+03 -1.207800E+03
       163   1 -1.927306E+04 -4.500942E+03  1.041510E+01  9.001604E+03  3.115949E+03 -1.414234E+03
       163   2 -1.796133E+04 -5.225578E+03 -2.280031E+01  8.217930E+03  2.438143E+03 -9.743274E+02
       163   3 -2.173456E+04 -3.211230E+03  1.686893E+01  7.978129E+03  3.534651E+03 -1.209942E+03
       163   4 -1.995138E+04 -4.241871E+03 -2.024350E+01  7.681811E+03  2.593800E+03 -6.961158E+02
       163   5  1.927306E+04  4.500942E+03 -1.041510E+01 -9.001604E+03  3.115949E+03 -1.414234E+03
       163   6  1.796133E+04  5.225578E+03  2.280031E+01 -8.217930E+03  2.438143E+03 -9.743274E+02
       163   7  2.173456E+04  3.211230E+03 -1.686893E+01 -7.978129E+03  3.534651E+03 -1.209942E+03
       163   8  1.995138E+04  4.241871E+03  2.024350E+01 -7.681811E+03  2.593800E+03 -6.961158E+02
       169   1 -2.300046E+04 -2.295977E+03  1.221523E+01  6.838082E+03  3.921902E+03 -1.056540E+03
       169   2 -2.098132E+04 -3.484861E+03 -2.318631E+01  7.008296E+03  2.752870E+03 -5.213338E+02
       169   3 -2.374285E+04 -1.255729E+03  1.826618E+01  4.934621E+03  4.486911E+03 -7.937312E+02
       169   4 -2.165194E+04 -2.529912E+03 -2.669615E+01  5.845631E+03  2.938948E+03 -2.933855E+02
       169   5  2.300046E+04  2.295977E+03 -1.221523E+01 -6.838082E+03  3.921902E+03 -1.056540E+03
       169   6  2.098132E+04  3.484861E+03  2.318631E+01 -7.008296E+03  2.752870E+03 -5.213338E+02
       169   7  2.374285E+04  1.255729E+03 -1.826618E+01 -4.934621E+03  4.486911E+03 -7.937312E+02
       169   8  2.165194E+04  2.529912E+03  2.669615E+01 -5.845631E+03  2.938948E+03 -2.933855E+02
       175   1 -2.350938E+04 -7.125968E+02  1.145388E+01  3.375612E+03  4.885743E+03 -5.343270E+02
       175   2 -2.152121E+04 -1.881171E+03 -1.739755E+01  4.848347E+03  3.079916E+03 -1.359089E+02
       175   3 -2.204839E+04 -2.494107E+02  1.688844E+01  1.332487E+03  5.309221E+03 -1.313197E+02
       175   4 -2.054164E+04 -1.149689E+03 -2.873470E+01  3.509873E+03  3.155460E+03  7.038931E+01
       175   5  2.350938E+04  7.125968E+02 -1.145388E+01 -3.375612E+03  4.885743E+03 -5.343270E+02
       175   6  2.152121E+04  1.881171E+03  1.739755E+01 -4.848347E+03  3.079916E+03 -1.359089E+02
       175   7  2.204839E+04  2.494107E+02 -1.688844E+01 -1.332487E+03  5.309221E+03 -1.313197E+02
       175   8  2.054164E+04  1.149689E+03  2.873470E+01 -3.509873E+03  3.155460E+03  7.038931E+01
       181   1 -2.023411E+04 -1.824987E+02  6.747532E+00 -2.044461E+00  5.485319E+03  2.282361E+02
       181   2 -1.918428E+04 -6.906951E+02 -6.507588E+00  2.589977E+03  3.149361E+03  2.015409E+02
       181   3 -1.687278E+04 -1.970535E+02  1.304417E+01 -1.324164E+03  5.452538E+03  6.705417E+02
       181   4 -1.674417E+04 -1.832087E+02 -2.556179E+01  1.604378E+03  2.953454E+03  3.235290E+02
       181   5  2.023411E+04  1.824987E+02 -6.747532E+00  2.044461E+00  5.485319E+03  2.282361E+02
       181   6  1.918428E+04  6.906951E+02  6.507588E+00 -2.589977E+03  3.149361E+03  2.015409E+02
       181   7  1.687278E+04  1.970535E+02 -1.304417E+01  1.324164E+03  5.452538E+03  6.705417E+02
       181   8  1.674417E+04  1.832087E+02  2.556179E+01 -1.604378E+03  2.953454E+03  3.235290E+02
       187   1 -1.398163E+04 -3.673703E+02 -7.179755E-01 -1.877220E+03  5.210601E+03  9.983494E+02
       187   2 -1.449451E+04  1.634666E+02  7.365071E+00  1.113324E+03  2.701064E+03  3.479360E+02
       187   3 -9.712994E+03 -3.844776E+02  4.845156E+00 -1.960067E+03  4.537176E+03  1.214973E+03
       187   4 -1.123406E+04  6.118717E+02 -1.467915E+01  8.039238E+02  2.171287E+03  2.458985E+02
       187   5  1.398163E+04  3.673703E+02  7.179754E-01  1.877220E+03  5.210601E+03  9.983494E+02
       187   6  1.449451E+04 -1.634666E+02 -7.365071E+00 -1.113324E+03  2.701064E+03  3.479360E+02
       187   7  9.712994E+03  3.844776E+02 -4.845156E+00  1.960067E+03  4.537176E+03  1.214973E+03
       187   8  1.123406E+04 -6.118717E+02  1.467915E+01 -8.039238E+02  2.171287E+03  2.458985E+02
       193   1 -6.615482E+03 -3.616219E+02 -9.729441E+00 -1.561573E+03  3.818490E+03  1.300679E+03
       193   2 -8.677004E+03  9.820543E+02  2.169606E+01  8.616071E+02  1.677298E+03  5.294160E+01
       193   3 -2.679047E+03  1.368474E+02 -6.682430E+00 -5.080493E+02  2.559993E+03  9.766276E+02
       193   4 -5.364380E+03  1.499660E+03  5.638098E+00  1.207309E+03  9.244933E+02 -3.974099E+02
       193   5  6.615482E+03  3.616219E+02  9.729441E+00  1.561573E+03  3.818490E+03  1.300679E+03
       193   6  8.677004E+03 -9.820543E+02 -2.169606E+01 -8.616071E+02  1.677298E+03  5.294160E+01
       193   7  2.679047E+03 -1.368474E+02  6.682430E+00  5.080493E+02  2.559993E+03  9.766276E+02
       193   8  5.364380E+03 -1.499660E+03 -5.638098E+00 -1.207309E+03  9.244933E+02 -3.974099E+02
       199   1 -2.050158E+02  6.787339E+02 -1.732282E+01  5.422532E+02  1.488299E+03  6.336549E+02
       199   2 -3.056208E+03  1.918483E+03  3.390539E+01  1.679342E+03  3.171885E+02 -8.653410E+02
       199   3  2.465597E+03  1.852161E+03 -3.764840E+01  2.109887E+03 -5.170097E+01 -4.556276E+02
       199   4 -2.232017E+02  2.420026E+03  4.153691E+01  2.429969E+03 -3.945513E+02 -1.647401E+03
       199   5  2.050158E+02 -6.787339E+02  1.732282E+01 -5.422532E+02  1.488299E+03  6.336549E+02
       199   6  3.056208E+03 -1.918483E+03 -3.390539E+01 -1.679342E+03  3.171885E+02 -8.653410E+02
       199   7 -2.465597E+03 -1.852161E+03  3.764840E+01 -2.109887E+03 -5.170097E+01 -4.556276E+02
       199   8  2.232017E+02 -2.420026E+03 -4.153691E+01 -2.429969E+03 -3.945513E+02 -1.647401E+03
       205   1  3.907534E+03  2.897241E+03 -1.887004E+01  3.233299E+03 -1.216038E+03 -1.284244E+03
       205   2  1.509570E+03  2.682631E+03  3.748882E+01  3.102609E+03 -9.143655E+02 -2.327549E+03
       205   3  5.048478E+03  4.359726E+03 -5.139803E+01  4.513726E+03 -2.584578E+03 -3.109665E+03
       205   4  3.683972E+03  2.863718E+03  9.036771E+01  4.101310E+03 -1.272150E+03 -3.214912E+03
       205   5 -3.907534E+03 -2.897241E+03  1.887004E+01 -3.233299E+03 -1.216038E+03 -1.284244E+03
       205   6 -1.509570E+03 -2.682631E+03 -3.748882E+01 -3.102609E+03 -9.143655E+02 -2.327549E+03
       205   7 -5.048478E+03 -4.359726E+03  5.139803E+01 -4.513726E+03 -2.584578E+03 -3.109665E+03
       205   8 -3.683972E+03 -2.863718E+03 -9.036771E+01 -4.101310E+03 -1.272150E+03 -3.214912E+03
       211   1  5.557402E+03  5.527247E+03  4.569235E+00  5.222700E+03 -3.499928E+03 -4.294310E+03
       211   2  4.751578E+03  2.664204E+03  2.050791E+01  4.835739E+03 -1.544740E+03 -3.884820E+03
       211   3  5.350581E+03  6.333706E+03 -2.231167E+02  5.929611E+03 -4.181331E+03 -6.710454E+03
       211   4  6.369609E+03  2.464381E+03  1.973764E+02  6.146535E+03 -1.344416E+03 -4.408053E+03
       211   5 -5.557402E+03 -5.527247E+03 -4.569235E+00 -5.222700E+03 -3.499928E+03 -4.294310E+03
       211   6 -4.751578E+03 -2.664204E+03 -2.050791E+01 -4.835739E+03 -1.544740E+03 -3.884820E+03
       211   7 -5.350581E+03 -6.333706E+03  2.231167E+02 -5.929611E+03 -4.181331E+03 -6.710454E+03
       211   8 -6.369609E+03 -2.464381E+03 -1.973764E+02 -6.146535E+03 -1.344416E+03 -4.408053E+03
       217   1  5.630525E+03  7.465477E+03  8.762160E+01  5.947318E+03 -4.720887E+03 -7.855996E+03
       217   2  6.710585E+03  1.360025E+03 -3.741171E+01  7.092770E+03 -1.390289E+03 -4.895749E+03
       217   3  5.027197E+03  7.055661E+03 -1.168535E+02  6.083153E+03 -4.708326E+03 -9.873828E+03
       217   4  7.357077E+03  8.200947E+02  2.273760E+02  9.110534E+03 -6.164585E+02 -4.461763E+03
       217   5 -5.630525E+03 -7.465477E+03 -8.762160E+01 -5.947318E+03 -4.720887E+03 -7.855996E+03
       217   6 -6.710585E+03 -1.360025E+03  3.741171E+01 -7.092770E+03 -1.390289E+03 -4.895749E+03
       217   7 -5.027197E+03 -7.055661E+03  1.168535E+02 -6.083153E+03 -4.708326E+03 -9.873828E+03
       217   8 -7.357077E+03 -8.200947E+02 -2.273760E+02 -9.110534E+03 -6.164585E+02 -4.461763E+03
       223   1  4.484919E+03  6.855355E+03 -1.467735E+02  6.289193E+03 -4.318244E+03 -1.129329E+04
       223   2  7.234451E+03  1.190455E+02  1.285527E+02  1.021621E+04 -4.048213E+02 -4.367812E+03
       223   3  3.817655E+03  6.595587E+03  2.539367E+00  5.906492E+03 -4.213208E+03 -1.309575E+04
       223   4  6.593234E+03 -1.729816E+02  2.086702E+01  1.138083E+04 -3.810628E+02 -4.813752E+03
       223   5 -4.484919E+03 -6.855355E+03  1.467735E+02 -6.289193E+03 -4.318244E+03 -1.129329E+04
       223   6 -7.234451E+03 -1.190455E+02 -1.285527E+02 -1.021621E+04 -4.048213E+02 -4.367812E+03
       223   7 -3.817655E+03 -6.595587E+03 -2.539367E+00 -5.906492E+03 -4.213208E+03 -1.309575E+04
       223   8 -6.593234E+03  1.729816E+02 -2.086702E+01 -1.138083E+04 -3.810628E+02 -4.813752E+03
       229   1  2.894083E+03  5.838237E+03 -6.426153E+01  5.451666E+03 -3.746081E+03 -1.438332E+04
       229   2  5.870522E+03  7.292620E+00  8.790849E+01  1.221267E+04 -3.550044E+02 -5.090752E+03
       229   3  1.896475E+03  4.409430E+03 -2.440245E+01  4.933257E+03 -2.772830E+03 -1.576449E+04
       229   4  4.252404E+03 -3.952058E+01  4.389347E+01  1.305590E+04 -2.563930E+02 -5.412934E+03
       229   5 -2.894083E+03 -5.838237E+03  6.426153E+01 -5.451666E+03 -3.746081E+03 -1.438332E+04
       229   6 -5.870522E+03 -7.292620E+00 -8.790849E+01 -1.221267E+04 -3.550044E+02 -5.090752E+03
       229   7 -1.896475E+03 -4.409430E+03  2.440245E+01 -4.933257E+03 -2.772830E+03 -1.576449E+04
       229   8 -4.252404E+03  3.952058E+01 -4.389347E+01 -1.305590E+04 -2.563930E+02 -5.412934E+03
       235   1  1.217371E+03  2.986675E+03 -2.838501E+01  4.607003E+03 -1.858826E+03 -1.644360E+04
       235   2  2.878628E+03 -1.104637E+01  2.959423E+01  1.346177E+04 -1.917666E+02 -5.655693E+03
       235   3  3.236973E+02  8.523596E+02  7.270126E+00  4.362639E+03 -5.237093E+02 -1.694998E+04
       235   4  7.745529E+02 -2.400774E+01  2.583467E+00  1.375972E+04 -4.841617E+01 -5.776358E+03
       235   5 -1.217371E+03 -2.986675E+03  2.838501E+01 -4.607003E+03 -1.858826E+03 -1.644360E+04
       235   6 -2.878628E+03  1.104637E+01 -2.959423E+01 -1.346177E+04 -1.917666E+02 -5.655693E+03
       235   7 -3.236973E+02 -8.523596E+02 -7.270126E+00 -4.362639E+03 -5.237093E+02 -1.694998E+04
       235   8 -7.745529E+02  2.400774E+01 -2.583467E+00 -1.375972E+04 -4.841617E+01 -5.776358E+03

 forces (fx,fy,fz) for set NLEFT and time  0.3000000E+01

       873  6.438674E+05  3.603797E+04  1.394810E+06
       874 -6.438674E+05 -3.603797E+04  1.394810E+06
       875  1.807161E+06  1.067809E+05  3.256733E+05
       877 -1.807161E+06 -1.067809E+05  3.256733E+05
       879 -1.773151E-08 -1.420267E-08 -2.138229E+06
       920  3.011069E+05  5.858960E+04  7.567825E+05
       921 -3.011069E+05 -5.858960E+04  7.567825E+05
       922  8.052690E+05  1.285272E+05  9.801005E+04
       924 -8.052690E+05 -1.285272E+05  9.801005E+04
       926 -3.111836E-08 -7.072231E-09 -1.436620E+06
       967  1.591616E-08  5.226015E+04  1.056469E-08
       968  8.563120E-09 -5.226015E+04  8.790721E-09
       969  2.787656E+05  9.100500E+04  4.951285E+04
       971 -2.787656E+05 -9.100500E+04  4.951285E+04
       973 -5.118272E-08 -1.122680E-08 -9.982614E-09
      1014 -3.011069E+05  5.858960E+04 -7.567825E+05
      1015  3.011069E+05 -5.858960E+04 -7.567825E+05
      1016 -2.787656E+05  9.100500E+04 -4.951285E+04
      1018  2.787656E+05 -9.100500E+04 -4.951285E+04
      1020 -6.241680E-08 -2.070738E-08  1.436620E+06
      1061 -6.438674E+05  3.603797E+04 -1.394810E+06
      1062  6.438674E+05 -3.603797E+04 -1.394810E+06
      1063 -8.052690E+05  1.285272E+05 -9.801005E+04
      1065  8.052690E+05 -1.285272E+05 -9.801005E+04
      1067 -6.824848E-08 -3.183595E-08  2.138229E+06
      1110 -1.807161E+06  1.067809E+05 -3.256733E+05
      1112  1.807161E+06 -1.067809E+05 -3.256733E+05

                    E I G E N V A L U E    N U M B E R     6


 stresses (elem, integ.pnt.,sxx,syy,szz,sxy,sxz,syz) for set EHOLE and time  0.3000000E+01

         1   1 -2.096227E+02 -1.164864E+04 -7.796295E+01  6.519215E+02  1.001333E+03 -1.080319E+03
         1   2 -6.039526E+03 -1.199962E+04  1.150344E+02  1.142360E+03  2.636559E+03 -2.934981E+02
         1   3 -6.817256E+02 -1.177504E+04 -9.152030E+01  2.531769E+03  1.423949E+03 -3.987594E+03
         1   4 -6.894316E+03 -1.150773E+04  1.216879E+02  4.139898E+03  2.753305E+03 -1.033479E+03
         1   5  2.096227E+02  1.164864E+04  7.796295E+01 -6.519215E+02  1.001333E+03 -1.080319E+03
         1   6  6.039526E+03  1.199962E+04 -1.150344E+02 -1.142360E+03  2.636559E+03 -2.934981E+02
         1   7  6.817256E+02  1.177504E+04  9.152030E+01 -2.531769E+03  1.423949E+03 -3.987594E+03
         1   8  6.894316E+03  1.150773E+04 -1.216879E+02 -4.139898E+03  2.753305E+03 -1.033479E+03
         7   1 -1.279902E+03 -1.189696E+04 -6.936649E+01  3.890532E+03  2.053260E+03 -5.920604E+03
         7   2 -8.164869E+03 -1.087988E+04  9.684709E+01  6.192056E+03  2.856234E+03 -1.624414E+03
         7   3 -2.676441E+03 -1.204527E+04 -4.809527E+01  5.870185E+03  3.310369E+03 -8.279916E+03
         7   4 -1.059073E+04 -9.547293E+03  1.122469E+02  8.537569E+03  2.983829E+03 -2.206082E+03
         7   5  1.279902E+03  1.189696E+04  6.936649E+01 -3.890532E+03  2.053260E+03 -5.920604E+03
         7   6  8.164869E+03  1.087988E+04 -9.684709E+01 -6.192056E+03  2.856234E+03 -1.624414E+03
         7   7  2.676441E+03  1.204527E+04  4.809527E+01 -5.870185E+03  3.310369E+03 -8.279916E+03
         7   8  1.059073E+04  9.547293E+03 -1.122469E+02 -8.537569E+03  2.983829E+03 -2.206082E+03
        13   1 -4.119199E+03 -1.211732E+04 -1.032395E+02  7.262363E+03  4.505804E+03 -9.780062E+03
        13   2 -1.279151E+04 -8.278744E+03  9.942418E+01  9.989355E+03  3.150656E+03 -2.348104E+03
        13   3 -6.132365E+03 -1.190728E+04 -3.800066E+01  8.995425E+03  5.927843E+03 -1.132853E+04
        13   4 -1.597290E+04 -6.441886E+03  8.172481E+01  1.129185E+04  3.577088E+03 -2.808673E+03
        13   5  4.119199E+03  1.211732E+04  1.032395E+02 -7.262363E+03  4.505804E+03 -9.780062E+03
        13   6  1.279151E+04  8.278744E+03 -9.942418E+01 -9.989355E+03  3.150656E+03 -2.348104E+03
        13   7  6.132365E+03  1.190728E+04  3.800066E+01 -8.995425E+03  5.927843E+03 -1.132853E+04
        13   8  1.597290E+04  6.441886E+03 -8.172481E+01 -1.129185E+04  3.577088E+03 -2.808673E+03
        19   1 -7.683478E+03 -1.180065E+04 -7.343958E+00  9.746477E+03  7.288748E+03 -1.226794E+04
        19   2 -1.796728E+04 -5.413011E+03 -1.925787E+00  1.188984E+04  3.836024E+03 -3.847387E+03
        19   3 -1.000174E+04 -1.165258E+04  3.100404E+00  1.074652E+04  9.572837E+03 -1.375894E+04
        19   4 -1.968465E+04 -4.348099E+03 -2.051111E+01  1.211897E+04  4.847801E+03 -4.919590E+03
        19   5  7.683478E+03  1.180065E+04  7.343958E+00 -9.746477E+03  7.288748E+03 -1.226794E+04
        19   6  1.796728E+04  5.413011E+03  1.925787E+00 -1.188984E+04  3.836024E+03 -3.847387E+03
        19   7  1.000174E+04  1.165258E+04 -3.100404E+00 -1.074652E+04  9.572837E+03 -1.375894E+04
        19   8  1.968465E+04  4.348099E+03  2.051111E+01 -1.211897E+04  4.847801E+03 -4.919590E+03
        25   1 -1.177691E+04 -1.113988E+04  4.852797E+01  1.150727E+04  1.082985E+04 -1.402968E+04
        25   2 -2.069652E+04 -3.920148E+03 -4.713048E+01  1.187793E+04  6.143974E+03 -6.100244E+03
        25   3 -1.421113E+04 -1.053091E+04 -1.690610E+00  1.206898E+04  1.312334E+04 -1.390277E+04
        25   4 -2.230884E+04 -2.924101E+03 -3.302187E+00  1.104524E+04  7.516649E+03 -7.078959E+03
        25   5  1.177691E+04  1.113988E+04 -4.852797E+01 -1.150727E+04  1.082985E+04 -1.402968E+04
        25   6  2.069652E+04  3.920148E+03  4.713048E+01 -1.187793E+04  6.143974E+03 -6.100244E+03
        25   7  1.421113E+04  1.053091E+04  1.690610E+00 -1.206898E+04  1.312334E+04 -1.390277E+04
        25   8  2.230884E+04  2.924101E+03  3.302187E+00 -1.104524E+04  7.516649E+03 -7.078959E+03
        31   1 -1.586030E+04 -9.502802E+03  5.176635E+01  1.219958E+04  1.431715E+04 -1.355371E+04
        31   2 -2.320371E+04 -2.523129E+03 -7.549093E+01  1.025536E+04  8.570464E+03 -7.523831E+03
        31   3 -1.805413E+04 -8.008587E+03 -3.989531E-01  1.171075E+04  1.592355E+04 -1.241131E+04
        31   4 -2.374787E+04 -1.714534E+03 -1.729209E+01  8.769720E+03  1.002286E+04 -7.647973E+03
        31   5  1.586030E+04  9.502802E+03 -5.176635E+01 -1.219958E+04  1.431715E+04 -1.355371E+04
        31   6  2.320371E+04  2.523129E+03  7.549093E+01 -1.025536E+04  8.570464E+03 -7.523831E+03
        31   7  1.805413E+04  8.008587E+03  3.989531E-01 -1.171075E+04  1.592355E+04 -1.241131E+04
        31   8  2.374787E+04  1.714534E+03  1.729209E+01 -8.769720E+03  1.002286E+04 -7.647973E+03
        37   1 -1.911911E+04 -6.483663E+03  5.852067E+01  1.097149E+04  1.665878E+04 -1.152202E+04
        37   2 -2.378744E+04 -1.281009E+03 -6.678850E+01  7.558877E+03  1.091364E+04 -7.453287E+03
        37   3 -1.982769E+04 -4.683525E+03  1.226655E+01  9.318065E+03  1.752372E+04 -9.726354E+03
        37   4 -2.292299E+04 -5.796859E+02 -3.403588E+01  5.596311E+03  1.203084E+04 -6.853338E+03
        37   5  1.911911E+04  6.483663E+03 -5.852067E+01 -1.097149E+04  1.665878E+04 -1.152202E+04
        37   6  2.378744E+04  1.281009E+03  6.678850E+01 -7.558877E+03  1.091364E+04 -7.453287E+03
        37   7  1.982769E+04  4.683525E+03 -1.226655E+01 -9.318065E+03  1.752372E+04 -9.726354E+03
        37   8  2.292299E+04  5.796859E+02  3.403588E+01 -5.596311E+03  1.203084E+04 -6.853338E+03
        43   1 -1.952022E+04 -3.289160E+03  3.925830E+01  7.779402E+03  1.779775E+04 -8.558440E+03
        43   2 -2.169994E+04 -1.770442E+02 -4.638348E+01  4.076036E+03  1.260331E+04 -6.210508E+03
        43   3 -1.791330E+04 -1.826638E+03  1.270754E+01  5.402753E+03  1.801887E+04 -6.566594E+03
        43   4 -1.900382E+04  2.514859E+02 -3.818314E+01  1.986170E+03  1.327322E+04 -5.111864E+03
        43   5  1.952022E+04  3.289160E+03 -3.925830E+01 -7.779402E+03  1.779775E+04 -8.558440E+03
        43   6  2.169994E+04  1.770442E+02  4.638348E+01 -4.076036E+03  1.260331E+04 -6.210508E+03
        43   7  1.791330E+04  1.826638E+03 -1.270754E+01 -5.402753E+03  1.801887E+04 -6.566594E+03
        43   8  1.900382E+04 -2.514859E+02  3.818314E+01 -1.986170E+03  1.327322E+04 -5.111864E+03
        49   1 -1.580083E+04 -9.692631E+02  2.835396E+01  3.645408E+03  1.796927E+04 -5.367419E+03
        49   2 -1.633089E+04  4.340705E+02 -2.284255E+01  5.369666E+02  1.354571E+04 -4.222922E+03
        49   3 -1.174328E+04 -2.824992E+02  7.647125E+00  1.537358E+03  1.784672E+04 -3.445594E+03
        49   4 -1.184049E+04  4.704345E+02 -3.412794E+01 -1.108640E+03  1.382227E+04 -2.898218E+03
        49   5  1.580083E+04  9.692631E+02 -2.835396E+01 -3.645408E+03  1.796927E+04 -5.367419E+03
        49   6  1.633089E+04 -4.340705E+02  2.284255E+01 -5.369666E+02  1.354571E+04 -4.222922E+03
        49   7  1.174328E+04  2.824992E+02 -7.647125E+00 -1.537358E+03  1.784672E+04 -3.445594E+03
        49   8  1.184049E+04 -4.704345E+02  3.412794E+01  1.108640E+03  1.382227E+04 -2.898218E+03
        55   1 -8.068920E+03 -5.496753E+01  1.505932E+01  3.645014E+02  1.769375E+04 -2.327089E+03
        55   2 -7.978522E+03  3.826799E+02 -2.148621E-01 -2.000560E+03  1.388313E+04 -1.924926E+03
        55   3 -2.417370E+03  1.847178E+01 -1.239889E+00 -4.865167E+02  1.751726E+04 -5.404659E+02
        55   4 -2.351259E+03  1.209877E+02 -2.197900E+01 -2.610168E+03  1.389528E+04 -5.445222E+02
        55   5  8.068920E+03  5.496753E+01 -1.505932E+01 -3.645014E+02  1.769375E+04 -2.327089E+03
        55   6  7.978522E+03 -3.826799E+02  2.148621E-01  2.000560E+03  1.388313E+04 -1.924926E+03
        55   7  2.417370E+03 -1.847178E+01  1.239889E+00  4.865167E+02  1.751726E+04 -5.404659E+02
        55   8  2.351259E+03 -1.209877E+02  2.197900E+01  2.610168E+03  1.389528E+04 -5.445222E+02
        61   1  1.888308E+03 -2.768695E+01  3.893765E+00 -4.956147E+02  1.741754E+04  5.112756E+02
        61   2  1.974033E+03 -7.796669E+01  1.758457E+01 -2.586062E+03  1.383040E+04  4.306622E+02
        61   3  7.573571E+03  4.666385E+01 -1.156750E+01  3.352684E+02  1.731619E+04  2.251353E+03
        61   4  7.605302E+03 -3.067178E+02 -4.144319E+00 -1.901440E+03  1.364915E+04  1.783051E+03
        61   5 -1.888308E+03  2.768695E+01 -3.893765E+00  4.956147E+02  1.741754E+04  5.112756E+02
        61   6 -1.974033E+03  7.796669E+01 -1.758457E+01  2.586062E+03  1.383040E+04  4.306622E+02
        61   7 -7.573571E+03 -4.666385E+01  1.156750E+01 -3.352684E+02  1.731619E+04  2.251353E+03
        61   8 -7.605302E+03  3.067178E+02  4.144319E+00  1.901440E+03  1.364915E+04  1.783051E+03
        67   1  1.129456E+04  2.751511E+02 -5.562871E+00  1.501888E+03  1.727773E+04  3.310547E+03
        67   2  1.147435E+04 -3.444831E+02  2.917032E+01 -9.554137E+02  1.346841E+04  2.715902E+03
        67   3  1.545603E+04  9.805048E+02 -2.281466E+01  3.626604E+03  1.714890E+04  5.096768E+03
        67   4  1.597367E+04 -1.951310E+02  1.709689E+01  7.813330E+02  1.305139E+04  3.964464E+03
        67   5 -1.129456E+04 -2.751511E+02  5.562871E+00 -1.501888E+03  1.727773E+04  3.310547E+03
        67   6 -1.147435E+04  3.444831E+02 -2.917032E+01  9.554137E+02  1.346841E+04  2.715902E+03
        67   7 -1.545603E+04 -9.805048E+02  2.281466E+01 -3.626604E+03  1.714890E+04  5.096768E+03
        67   8 -1.597367E+04  1.951310E+02 -1.709689E+01 -7.813330E+02  1.305139E+04  3.964464E+03
        73   1  1.766406E+04  1.855936E+03 -1.111980E+01  5.416513E+03  1.703415E+04  6.183044E+03
        73   2  1.865957E+04  1.094577E+02  3.257326E+01  2.300482E+03  1.268887E+04  4.784213E+03
        73   3  1.944218E+04  3.402110E+03 -3.183068E+01  7.883846E+03  1.662166E+04  7.967369E+03
        73   4  2.135612E+04  7.716157E+02  3.809226E+01  4.502136E+03  1.193431E+04  5.783807E+03
        73   5 -1.766406E+04 -1.855936E+03  1.111980E+01 -5.416513E+03  1.703415E+04  6.183044E+03
        73   6 -1.865957E+04 -1.094577E+02 -3.257326E+01 -2.300482E+03  1.268887E+04  4.784213E+03
        73   7 -1.944218E+04 -3.402110E+03  3.183068E+01 -7.883846E+03  1.662166E+04  7.967369E+03
        73   8 -2.135612E+04 -7.716157E+02 -3.809226E+01 -4.502136E+03  1.193431E+04  5.783807E+03
        79   1  1.987919E+04  4.875948E+03 -1.165826E+01  9.520895E+03  1.623603E+04  8.986446E+03
        79   2  2.259257E+04  1.400026E+03  2.869818E+01  6.103999E+03  1.131867E+04  6.353653E+03
        79   3  1.936640E+04  6.915697E+03 -4.661577E+01  1.135856E+04  1.527714E+04  1.053939E+04
        79   4  2.343564E+04  2.488763E+03  5.619724E+01  8.171400E+03  1.019178E+04  6.874533E+03
        79   5 -1.987919E+04 -4.875948E+03  1.165826E+01 -9.520895E+03  1.623603E+04  8.986446E+03
        79   6 -2.259257E+04 -1.400026E+03 -2.869818E+01 -6.103999E+03  1.131867E+04  6.353653E+03
        79   7 -1.936640E+04 -6.915697E+03  4.661577E+01 -1.135856E+04  1.527714E+04  1.053939E+04
        79   8 -2.343564E+04 -2.488763E+03 -5.619724E+01 -8.171400E+03  1.019178E+04  6.874533E+03
        85   1  1.842302E+04  8.632513E+03 -4.188999E-01  1.226809E+04  1.450390E+04  1.127632E+04
        85   2  2.338865E+04  3.290627E+03  1.371369E+01  9.450603E+03  9.312210E+03  7.027732E+03
        85   3  1.639787E+04  1.058240E+04 -3.766115E+01  1.301055E+04  1.292834E+04  1.221832E+04
        85   4  2.276964E+04  4.641179E+03  5.044290E+01  1.097066E+04  7.916599E+03  6.895490E+03
        85   5 -1.842302E+04 -8.632513E+03  4.188999E-01 -1.226809E+04  1.450390E+04  1.127632E+04
        85   6 -2.338865E+04 -3.290627E+03 -1.371369E+01 -9.450603E+03  9.312210E+03  7.027732E+03
        85   7 -1.639787E+04 -1.058240E+04  3.766115E+01 -1.301055E+04  1.292834E+04  1.221832E+04
        85   8 -2.276964E+04 -4.641179E+03 -5.044290E+01 -1.097066E+04  7.916599E+03  6.895490E+03
        91   1  1.479925E+04  1.200654E+04  4.321438E+00  1.305080E+04  1.178922E+04  1.245738E+04
        91   2  2.187291E+04  5.503492E+03 -1.035225E+00  1.176043E+04  6.923317E+03  6.481967E+03
        91   3  1.239075E+04  1.336446E+04 -3.849142E+01  1.268463E+04  9.663994E+03  1.247023E+04
        91   4  2.019861E+04  7.107422E+03  4.815024E+01  1.251660E+04  5.627798E+03  5.592677E+03
        91   5 -1.479925E+04 -1.200654E+04 -4.321438E+00 -1.305080E+04  1.178922E+04  1.245738E+04
        91   6 -2.187291E+04 -5.503492E+03  1.035225E+00 -1.176043E+04  6.923317E+03  6.481967E+03
        91   7 -1.239075E+04 -1.336446E+04  3.849142E+01 -1.268463E+04  9.663994E+03  1.247023E+04
        91   8 -2.019861E+04 -7.107422E+03 -4.815024E+01 -1.251660E+04  5.627798E+03  5.592677E+03
        97   1  1.055824E+04  1.435148E+04 -2.385196E+01  1.206457E+04  8.490963E+03  1.218486E+04
        97   2  1.915618E+04  8.043596E+03  4.107500E+01  1.267423E+04  4.414624E+03  4.531097E+03
        97   3  8.225480E+03  1.535634E+04  3.838949E+01  1.111467E+04  6.404451E+03  1.082113E+04
        97   4  1.732092E+04  9.565773E+03 -5.538314E+01  1.221598E+04  3.467834E+03  3.619682E+03
        97   5 -1.055824E+04 -1.435148E+04  2.385196E+01 -1.206457E+04  8.490963E+03  1.218486E+04
        97   6 -1.915618E+04 -8.043596E+03 -4.107500E+01 -1.267423E+04  4.414624E+03  4.531097E+03
        97   7 -8.225480E+03 -1.535634E+04 -3.838949E+01 -1.111467E+04  6.404451E+03  1.082113E+04
        97   8 -1.732092E+04 -9.565773E+03  5.538314E+01 -1.221598E+04  3.467834E+03  3.619682E+03
       103   1  6.618937E+03  1.599297E+04  5.209337E+01  1.026261E+04  5.229719E+03  9.959755E+03
       103   2  1.545893E+04  1.096975E+04 -8.715812E+01  1.155460E+04  3.177898E+03  2.683062E+03
       103   3  4.512953E+03  1.690793E+04  6.656159E+01  8.453469E+03  3.931061E+03  8.561133E+03
       103   4  1.244496E+04  1.314174E+04 -4.863421E+01  1.017482E+04  2.757191E+03  2.239782E+03
       103   5 -6.618937E+03 -1.599297E+04 -5.209337E+01 -1.026261E+04  5.229719E+03  9.959755E+03
       103   6 -1.545893E+04 -1.096975E+04  8.715812E+01 -1.155460E+04  3.177898E+03  2.683062E+03
       103   7 -4.512953E+03 -1.690793E+04 -6.656159E+01 -8.453469E+03  3.931061E+03  8.561133E+03
       103   8 -1.244496E+04 -1.314174E+04  4.863421E+01 -1.017482E+04  2.757191E+03  2.239782E+03
       109   1  3.001403E+03  1.734777E+04  4.563048E+00  6.946631E+03  2.866508E+03  7.235306E+03
       109   2  1.035172E+04  1.457941E+04 -5.141055E+01  8.687335E+03  2.570942E+03  2.071824E+03
       109   3  1.537869E+03  1.772022E+04  1.446246E+01  4.711442E+03  1.768735E+03  5.158489E+03
       109   4  8.069329E+03  1.616865E+04 -2.075599E+01  6.283423E+03  2.413248E+03  1.515429E+03
       109   5 -3.001403E+03 -1.734777E+04 -4.563048E+00 -6.946631E+03  2.866508E+03  7.235306E+03
       109   6 -1.035172E+04 -1.457941E+04  5.141055E+01 -8.687335E+03  2.570942E+03  2.071824E+03
       109   7 -1.537869E+03 -1.772022E+04 -1.446246E+01 -4.711442E+03  1.768735E+03  5.158489E+03
       109   8 -8.069329E+03 -1.616865E+04  2.075599E+01 -6.283423E+03  2.413248E+03  1.515429E+03
       115   1  8.937465E+02  1.788062E+04  3.519660E+01  3.093954E+03  1.218261E+03  3.467250E+03
       115   2  6.874632E+03  1.692634E+04 -3.711545E+01  4.191500E+03  2.302893E+03  9.677019E+02
       115   3  3.808961E+02  1.797669E+04  2.605043E+01  8.123559E+02  8.433219E+02  9.364629E+02
       115   4  6.062910E+03  1.747488E+04 -4.119644E+01  1.150875E+03  2.187048E+03  2.748303E+02
       115   5 -8.937465E+02 -1.788062E+04 -3.519660E+01 -3.093954E+03  1.218261E+03  3.467250E+03
       115   6 -6.874632E+03 -1.692634E+04  3.711545E+01 -4.191500E+03  2.302893E+03  9.677019E+02
       115   7 -3.808961E+02 -1.797669E+04 -2.605043E+01 -8.123559E+02  8.433219E+02  9.364629E+02
       115   8 -6.062910E+03 -1.747488E+04  4.119644E+01 -1.150875E+03  2.187048E+03  2.748303E+02
       121   1  3.808961E+02  1.797669E+04  2.605043E+01 -8.123559E+02  8.433219E+02 -9.364629E+02
       121   2  6.062910E+03  1.747488E+04 -4.119644E+01 -1.150875E+03  2.187048E+03 -2.748303E+02
       121   3  8.937465E+02  1.788062E+04  3.519660E+01 -3.093954E+03  1.218261E+03 -3.467250E+03
       121   4  6.874632E+03  1.692634E+04 -3.711545E+01 -4.191500E+03  2.302893E+03 -9.677019E+02
       121   5 -3.808961E+02 -1.797669E+04 -2.605043E+01  8.123559E+02  8.433219E+02 -9.364629E+02
       121   6 -6.062910E+03 -1.747488E+04  4.119644E+01  1.150875E+03  2.187048E+03 -2.748303E+02
       121   7 -8.937465E+02 -1.788062E+04 -3.519660E+01  3.093954E+03  1.218261E+03 -3.467250E+03
       121   8 -6.874632E+03 -1.692634E+04  3.711545E+01  4.191500E+03  2.302893E+03 -9.677019E+02
       127   1  1.537869E+03  1.772022E+04  1.446246E+01 -4.711442E+03  1.768735E+03 -5.158489E+03
       127   2  8.069329E+03  1.616865E+04 -2.075599E+01 -6.283423E+03  2.413248E+03 -1.515429E+03
       127   3  3.001403E+03  1.734777E+04  4.563048E+00 -6.946631E+03  2.866508E+03 -7.235306E+03
       127   4  1.035172E+04  1.457941E+04 -5.141055E+01 -8.687335E+03  2.570942E+03 -2.071824E+03
       127   5 -1.537869E+03 -1.772022E+04 -1.446246E+01  4.711442E+03  1.768735E+03 -5.158489E+03
       127   6 -8.069329E+03 -1.616865E+04  2.075599E+01  6.283423E+03  2.413248E+03 -1.515429E+03
       127   7 -3.001403E+03 -1.734777E+04 -4.563048E+00  6.946631E+03  2.866508E+03 -7.235306E+03
       127   8 -1.035172E+04 -1.457941E+04  5.141055E+01  8.687335E+03  2.570942E+03 -2.071824E+03
       133   1  4.512953E+03  1.690793E+04  6.656159E+01 -8.453469E+03  3.931061E+03 -8.561133E+03
       133   2  1.244496E+04  1.314174E+04 -4.863421E+01 -1.017482E+04  2.757191E+03 -2.239782E+03
       133   3  6.618937E+03  1.599297E+04  5.209337E+01 -1.026261E+04  5.229719E+03 -9.959755E+03
       133   4  1.545893E+04  1.096975E+04 -8.715812E+01 -1.155460E+04  3.177898E+03 -2.683062E+03
       133   5 -4.512953E+03 -1.690793E+04 -6.656159E+01  8.453469E+03  3.931061E+03 -8.561133E+03
       133   6 -1.244496E+04 -1.314174E+04  4.863421E+01  1.017482E+04  2.757191E+03 -2.239782E+03
       133   7 -6.618937E+03 -1.599297E+04 -5.209337E+01  1.026261E+04  5.229719E+03 -9.959755E+03
       133   8 -1.545893E+04 -1.096975E+04  8.715812E+01  1.155460E+04  3.177898E+03 -2.683062E+03
       139   1  8.225480E+03  1.535634E+04  3.838949E+01 -1.111467E+04  6.404451E+03 -1.082113E+04
       139   2  1.732092E+04  9.565773E+03 -5.538314E+01 -1.221598E+04  3.467834E+03 -3.619682E+03
       139   3  1.055824E+04  1.435148E+04 -2.385196E+01 -1.206457E+04  8.490963E+03 -1.218486E+04
       139   4  1.915618E+04  8.043596E+03  4.107500E+01 -1.267423E+04  4.414624E+03 -4.531097E+03
       139   5 -8.225480E+03 -1.535634E+04 -3.838949E+01  1.111467E+04  6.404451E+03 -1.082113E+04
       139   6 -1.732092E+04 -9.565773E+03  5.538314E+01  1.221598E+04  3.467834E+03 -3.619682E+03
       139   7 -1.055824E+04 -1.435148E+04  2.385196E+01  1.206457E+04  8.490963E+03 -1.218486E+04
       139   8 -1.915618E+04 -8.043596E+03 -4.107500E+01  1.267423E+04  4.414624E+03 -4.531097E+03
       145   1  1.239075E+04  1.336446E+04 -3.849142E+01 -1.268463E+04  9.663994E+03 -1.247023E+04
       145   2  2.019861E+04  7.107422E+03  4.815024E+01 -1.251660E+04  5.627798E+03 -5.592677E+03
       145   3  1.479925E+04  1.200654E+04  4.321438E+00 -1.305080E+04  1.178922E+04 -1.245738E+04
       145   4  2.187291E+04  5.503492E+03 -1.035225E+00 -1.176043E+04  6.923317E+03 -6.481967E+03
       145   5 -1.239075E+04 -1.336446E+04  3.849142E+01  1.268463E+04  9.663994E+03 -1.247023E+04
       145   6 -2.019861E+04 -7.107422E+03 -4.815024E+01  1.251660E+04  5.627798E+03 -5.592677E+03
       145   7 -1.479925E+04 -1.200654E+04 -4.321438E+00  1.305080E+04  1.178922E+04 -1.245738E+04
       145   8 -2.187291E+04 -5.503492E+03  1.035225E+00  1.176043E+04  6.923317E+03 -6.481967E+03
       151   1  1.639787E+04  1.058240E+04 -3.766115E+01 -1.301055E+04  1.292834E+04 -1.221832E+04
       151   2  2.276964E+04  4.641179E+03  5.044290E+01 -1.097066E+04  7.916599E+03 -6.895490E+03
       151   3  1.842302E+04  8.632513E+03 -4.188999E-01 -1.226809E+04  1.450390E+04 -1.127632E+04
       151   4  2.338865E+04  3.290627E+03  1.371369E+01 -9.450603E+03  9.312210E+03 -7.027732E+03
       151   5 -1.639787E+04 -1.058240E+04  3.766115E+01  1.301055E+04  1.292834E+04 -1.221832E+04
       151   6 -2.276964E+04 -4.641179E+03 -5.044290E+01  1.097066E+04  7.916599E+03 -6.895490E+03
       151   7 -1.842302E+04 -8.632513E+03  4.188999E-01  1.226809E+04  1.450390E+04 -1.127632E+04
       151   8 -2.338865E+04 -3.290627E+03 -1.371369E+01  9.450603E+03  9.312210E+03 -7.027732E+03
       157   1  1.936640E+04  6.915697E+03 -4.661577E+01 -1.135856E+04  1.527714E+04 -1.053939E+04
       157   2  2.343564E+04  2.488763E+03  5.619724E+01 -8.171400E+03  1.019178E+04 -6.874533E+03
       157   3  1.987919E+04  4.875948E+03 -1.165826E+01 -9.520895E+03  1.623603E+04 -8.986446E+03
       157   4  2.259257E+04  1.400026E+03  2.869818E+01 -6.103999E+03  1.131867E+04 -6.353653E+03
       157   5 -1.936640E+04 -6.915697E+03  4.661577E+01  1.135856E+04  1.527714E+04 -1.053939E+04
       157   6 -2.343564E+04 -2.488763E+03 -5.619724E+01  8.171400E+03  1.019178E+04 -6.874533E+03
       157   7 -1.987919E+04 -4.875948E+03  1.165826E+01  9.520895E+03  1.623603E+04 -8.986446E+03
       157   8 -2.259257E+04 -1.400026E+03 -2.869818E+01  6.103999E+03  1.131867E+04 -6.353653E+03
       163   1  1.944218E+04  3.402110E+03 -3.183068E+01 -7.883846E+03  1.662166E+04 -7.967369E+03
       163   2  2.135612E+04  7.716157E+02  3.809226E+01 -4.502136E+03  1.193431E+04 -5.783807E+03
       163   3  1.766406E+04  1.855936E+03 -1.111980E+01 -5.416513E+03  1.703415E+04 -6.183044E+03
       163   4  1.865957E+04  1.094577E+02  3.257326E+01 -2.300482E+03  1.268887E+04 -4.784213E+03
       163   5 -1.944218E+04 -3.402110E+03  3.183068E+01  7.883846E+03  1.662166E+04 -7.967369E+03
       163   6 -2.135612E+04 -7.716157E+02 -3.809226E+01  4.502136E+03  1.193431E+04 -5.783807E+03
       163   7 -1.766406E+04 -1.855936E+03  1.111980E+01  5.416513E+03  1.703415E+04 -6.183044E+03
       163   8 -1.865957E+04 -1.094577E+02 -3.257326E+01  2.300482E+03  1.268887E+04 -4.784213E+03
       169   1  1.545603E+04  9.805048E+02 -2.281466E+01 -3.626604E+03  1.714890E+04 -5.096768E+03
       169   2  1.597367E+04 -1.951310E+02  1.709689E+01 -7.813330E+02  1.305139E+04 -3.964464E+03
       169   3  1.129456E+04  2.751511E+02 -5.562871E+00 -1.501888E+03  1.727773E+04 -3.310547E+03
       169   4  1.147435E+04 -3.444831E+02  2.917032E+01  9.554137E+02  1.346841E+04 -2.715902E+03
       169   5 -1.545603E+04 -9.805048E+02  2.281466E+01  3.626604E+03  1.714890E+04 -5.096768E+03
       169   6 -1.597367E+04  1.951310E+02 -1.709689E+01  7.813330E+02  1.305139E+04 -3.964464E+03
       169   7 -1.129456E+04 -2.751511E+02  5.562871E+00  1.501888E+03  1.727773E+04 -3.310547E+03
       169   8 -1.147435E+04  3.444831E+02 -2.917032E+01 -9.554137E+02  1.346841E+04 -2.715902E+03
       175   1  7.573571E+03  4.666385E+01 -1.156750E+01 -3.352684E+02  1.731619E+04 -2.251353E+03
       175   2  7.605302E+03 -3.067178E+02 -4.144319E+00  1.901440E+03  1.364915E+04 -1.783051E+03
       175   3  1.888308E+03 -2.768695E+01  3.893765E+00  4.956147E+02  1.741754E+04 -5.112756E+02
       175   4  1.974033E+03 -7.796669E+01  1.758457E+01  2.586062E+03  1.383040E+04 -4.306622E+02
       175   5 -7.573571E+03 -4.666385E+01  1.156750E+01  3.352684E+02  1.731619E+04 -2.251353E+03
       175   6 -7.605302E+03  3.067178E+02  4.144319E+00 -1.901440E+03  1.364915E+04 -1.783051E+03
       175   7 -1.888308E+03  2.768695E+01 -3.893765E+00 -4.956147E+02  1.741754E+04 -5.112756E+02
       175   8 -1.974033E+03  7.796669E+01 -1.758457E+01 -2.586062E+03  1.383040E+04 -4.306622E+02
       181   1 -2.417370E+03  1.847178E+01 -1.239889E+00  4.865167E+02  1.751726E+04  5.404659E+02
       181   2 -2.351259E+03  1.209877E+02 -2.197900E+01  2.610168E+03  1.389528E+04  5.445222E+02
       181   3 -8.068920E+03 -5.496753E+01  1.505932E+01 -3.645014E+02  1.769375E+04  2.327089E+03
       181   4 -7.978522E+03  3.826799E+02 -2.148621E-01  2.000560E+03  1.388313E+04  1.924926E+03
       181   5  2.417370E+03 -1.847178E+01  1.239889E+00 -4.865167E+02  1.751726E+04  5.404659E+02
       181   6  2.351259E+03 -1.209877E+02  2.197900E+01 -2.610168E+03  1.389528E+04  5.445222E+02
       181   7  8.068920E+03  5.496753E+01 -1.505932E+01  3.645014E+02  1.769375E+04  2.327089E+03
       181   8  7.978522E+03 -3.826799E+02  2.148621E-01 -2.000560E+03  1.388313E+04  1.924926E+03
       187   1 -1.174328E+04 -2.824992E+02  7.647125E+00 -1.537358E+03  1.784672E+04  3.445594E+03
       187   2 -1.184049E+04  4.704345E+02 -3.412794E+01  1.108640E+03  1.382227E+04  2.898218E+03
       187   3 -1.580083E+04 -9.692631E+02  2.835396E+01 -3.645408E+03  1.796927E+04  5.367419E+03
       187   4 -1.633089E+04  4.340705E+02 -2.284255E+01 -5.369666E+02  1.354571E+04  4.222922E+03
       187   5  1.174328E+04  2.824992E+02 -7.647125E+00  1.537358E+03  1.784672E+04  3.445594E+03
       187   6  1.184049E+04 -4.704345E+02  3.412794E+01 -1.108640E+03  1.382227E+04  2.898218E+03
       187   7  1.580083E+04  9.692631E+02 -2.835396E+01  3.645408E+03  1.796927E+04  5.367419E+03
       187   8  1.633089E+04 -4.340705E+02  2.284255E+01  5.369666E+02  1.354571E+04  4.222922E+03
       193   1 -1.791330E+04 -1.826638E+03  1.270754E+01 -5.402753E+03  1.801887E+04  6.566594E+03
       193   2 -1.900382E+04  2.514859E+02 -3.818314E+01 -1.986170E+03  1.327322E+04  5.111864E+03
       193   3 -1.952022E+04 -3.289160E+03  3.925830E+01 -7.779402E+03  1.779775E+04  8.558440E+03
       193   4 -2.169994E+04 -1.770442E+02 -4.638348E+01 -4.076036E+03  1.260331E+04  6.210508E+03
       193   5  1.791330E+04  1.826638E+03 -1.270754E+01  5.402753E+03  1.801887E+04  6.566594E+03
       193   6  1.900382E+04 -2.514859E+02  3.818314E+01  1.986170E+03  1.327322E+04  5.111864E+03
       193   7  1.952022E+04  3.289160E+03 -3.925830E+01  7.779402E+03  1.779775E+04  8.558440E+03
       193   8  2.169994E+04  1.770442E+02  4.638348E+01  4.076036E+03  1.260331E+04  6.210508E+03
       199   1 -1.982769E+04 -4.683525E+03  1.226655E+01 -9.318065E+03  1.752372E+04  9.726354E+03
       199   2 -2.292299E+04 -5.796859E+02 -3.403588E+01 -5.596311E+03  1.203084E+04  6.853338E+03
       199   3 -1.911911E+04 -6.483663E+03  5.852067E+01 -1.097149E+04  1.665878E+04  1.152202E+04
       199   4 -2.378744E+04 -1.281009E+03 -6.678850E+01 -7.558877E+03  1.091364E+04  7.453287E+03
       199   5  1.982769E+04  4.683525E+03 -1.226655E+01  9.318065E+03  1.752372E+04  9.726354E+03
       199   6  2.292299E+04  5.796859E+02  3.403588E+01  5.596311E+03  1.203084E+04  6.853338E+03
       199   7  1.911911E+04  6.483663E+03 -5.852067E+01  1.097149E+04  1.665878E+04  1.152202E+04
       199   8  2.378744E+04  1.281009E+03  6.678850E+01  7.558877E+03  1.091364E+04  7.453287E+03
       205   1 -1.805413E+04 -8.008587E+03 -3.989531E-01 -1.171075E+04  1.592355E+04  1.241131E+04
       205   2 -2.374787E+04 -1.714534E+03 -1.729209E+01 -8.769720E+03  1.002286E+04  7.647973E+03
       205   3 -1.586030E+04 -9.502802E+03  5.176635E+01 -1.219958E+04  1.431715E+04  1.355371E+04
       205   4 -2.320371E+04 -2.523129E+03 -7.549093E+01 -1.025536E+04  8.570464E+03  7.523831E+03
       205   5  1.805413E+04  8.008587E+03  3.989531E-01  1.171075E+04  1.592355E+04  1.241131E+04
       205   6  2.374787E+04  1.714534E+03  1.729209E+01  8.769720E+03  1.002286E+04  7.647973E+03
       205   7  1.586030E+04  9.502802E+03 -5.176635E+01  1.219958E+04  1.431715E+04  1.355371E+04
       205   8  2.320371E+04  2.523129E+03  7.549093E+01  1.025536E+04  8.570464E+03  7.523831E+03
       211   1 -1.421113E+04 -1.053091E+04 -1.690610E+00 -1.206898E+04  1.312334E+04  1.390277E+04
       211   2 -2.230884E+04 -2.924101E+03 -3.302187E+00 -1.104524E+04  7.516649E+03  7.078959E+03
       211   3 -1.177691E+04 -1.113988E+04  4.852797E+01 -1.150727E+04  1.082985E+04  1.402968E+04
       211   4 -2.069652E+04 -3.920148E+03 -4.713048E+01 -1.187793E+04  6.143974E+03  6.100244E+03
       211   5  1.421113E+04  1.053091E+04  1.690610E+00  1.206898E+04  1.312334E+04  1.390277E+04
       211   6  2.230884E+04  2.924101E+03  3.302187E+00  1.104524E+04  7.516649E+03  7.078959E+03
       211   7  1.177691E+04  1.113988E+04 -4.852797E+01  1.150727E+04  1.082985E+04  1.402968E+04
       211   8  2.069652E+04  3.920148E+03  4.713048E+01  1.187793E+04  6.143974E+03  6.100244E+03
       217   1 -1.000174E+04 -1.165258E+04  3.100404E+00 -1.074652E+04  9.572837E+03  1.375894E+04
       217   2 -1.968465E+04 -4.348099E+03 -2.051111E+01 -1.211897E+04  4.847801E+03  4.919590E+03
       217   3 -7.683478E+03 -1.180065E+04 -7.343958E+00 -9.746477E+03  7.288748E+03  1.226794E+04
       217   4 -1.796728E+04 -5.413011E+03 -1.925787E+00 -1.188984E+04  3.836024E+03  3.847387E+03
       217   5  1.000174E+04  1.165258E+04 -3.100404E+00  1.074652E+04  9.572837E+03  1.375894E+04
       217   6  1.968465E+04  4.348099E+03  2.051111E+01  1.211897E+04  4.847801E+03  4.919590E+03
       217   7  7.683478E+03  1.180065E+04  7.343958E+00  9.746477E+03  7.288748E+03  1.226794E+04
       217   8  1.796728E+04  5.413011E+03  1.925787E+00  1.188984E+04  3.836024E+03  3.847387E+03
       223   1 -6.132365E+03 -1.190728E+04 -3.800066E+01 -8.995425E+03  5.927843E+03  1.132853E+04
       223   2 -1.597290E+04 -6.441886E+03  8.172481E+01 -1.129185E+04  3.577088E+03  2.808673E+03
       223   3 -4.119199E+03 -1.211732E+04 -1.032395E+02 -7.262363E+03  4.505804E+03  9.780062E+03
       223   4 -1.279151E+04 -8.278744E+03  9.942418E+01 -9.989355E+03  3.150656E+03  2.348104E+03
       223   5  6.132365E+03  1.190728E+04  3.800066E+01  8.995425E+03  5.927843E+03  1.132853E+04
       223   6  1.597290E+04  6.441886E+03 -8.172481E+01  1.129185E+04  3.577088E+03  2.808673E+03
       223   7  4.119199E+03  1.211732E+04  1.032395E+02  7.262363E+03  4.505804E+03  9.780062E+03
       223   8  1.279151E+04  8.278744E+03 -9.942418E+01  9.989355E+03  3.150656E+03  2.348104E+03
       229   1 -2.676441E+03 -1.204527E+04 -4.809527E+01 -5.870185E+03  3.310369E+03  8.279916E+03
       229   2 -1.059073E+04 -9.547293E+03  1.122469E+02 -8.537569E+03  2.983829E+03  2.206082E+03
       229   3 -1.279902E+03 -1.189696E+04 -6.936649E+01 -3.890532E+03  2.053260E+03  5.920604E+03
       229   4 -8.164869E+03 -1.087988E+04  9.684709E+01 -6.192056E+03  2.856234E+03  1.624414E+03
       229   5  2.676441E+03  1.204527E+04  4.809527E+01  5.870185E+03  3.310369E+03  8.279916E+03
       229   6  1.059073E+04  9.547293E+03 -1.122469E+02  8.537569E+03  2.983829E+03  2.206082E+03
       229   7  1.279902E+03  1.189696E+04  6.936649E+01  3.890532E+03  2.053260E+03  5.920604E+03
       229   8  8.164869E+03  1.087988E+04 -9.684709E+01  6.192056E+03  2.856234E+03  1.624414E+03
       235   1 -6.817256E+02 -1.177504E+04 -9.152030E+01 -2.531769E+03  1.423949E+03  3.987594E+03
       235   2 -6.894316E+03 -1.150773E+04  1.216879E+02 -4.139898E+03  2.753305E+03  1.033479E+03
       235   3 -2.096227E+02 -1.164864E+04 -7.796295E+01 -6.519215E+02  1.001333E+03  1.080319E+03
       235   4 -6.039526E+03 -1.199962E+04  1.150344E+02 -1.142360E+03  2.636559E+03  2.934981E+02
       235   5  6.817256E+02  1.177504E+04  9.152030E+01  2.531769E+03  1.423949E+03  3.987594E+03
       235   6  6.894316E+03  1.150773E+04 -1.216879E+02  4.139898E+03  2.753305E+03  1.033479E+03
       235   7  2.096227E+02  1.164864E+04  7.796295E+01  6.519215E+02  1.001333E+03  1.080319E+03
       235   8  6.039526E+03  1.199962E+04 -1.150344E+02  1.142360E+03  2.636559E+03  2.934981E+02

 forces (fx,fy,fz) for set NLEFT and time  0.3000000E+01

       873  8.886512E+05  3.456245E+04  2.037698E+06
       874 -8.886512E+05 -3.456245E+04  2.037698E+06
       875  1.831845E+06 -1.454564E+05  1.823484E+05
       877 -1.831845E+06  1.454564E+05  1.823484E+05
       879  6.036134E-08 -2.589695E-08 -3.333462E+06
       920  7.754915E+05 -9.955082E+02  2.041197E+06
       921 -7.754915E+05  9.955082E+02  2.041197E+06
       922  1.520789E+06  3.394188E+04  2.642466E+05
       924 -1.520789E+06 -3.394188E+04  2.642466E+05
       926  2.025627E-08 -2.154491E-08 -3.834190E+06
       967  7.026116E+05  9.579082E-09  1.941914E+06
       968 -7.026116E+05 -9.970805E-09  1.941914E+06
       969  1.463048E+06  2.610251E+03  2.641793E+05
       971 -1.463048E+06 -2.610251E+03  2.641793E+05
       973 -1.069566E-08 -1.351989E-08 -3.620355E+06
      1014  7.754915E+05  9.955082E+02  2.041197E+06
      1015 -7.754915E+05 -9.955082E+02  2.041197E+06
      1016  1.463048E+06 -2.610251E+03  2.641793E+05
      1018 -1.463048E+06  2.610251E+03  2.641793E+05
      1020 -4.321919E-08 -3.688228E-08 -3.834190E+06
      1061  8.886512E+05 -3.456245E+04  2.037698E+06
      1062 -8.886512E+05  3.456245E+04  2.037698E+06
      1063  1.520789E+06 -3.394188E+04  2.642466E+05
      1065 -1.520789E+06  3.394188E+04  2.642466E+05
      1067 -8.792267E-08 -2.022171E-08 -3.333462E+06
      1110  1.831845E+06  1.454564E+05  1.823484E+05
      1112 -1.831845E+06 -1.454564E+05  1.823484E+05
