    1C
    1Uccxview sample: a block tied onto a base, its slave surface past t
    1UUSER                                                              
    1UDATE              10.october.2026                                 
    1UTIME              12:54:39                                        
    1UHOST                                                              
    1UPGM               CalculiX                                        
    1UVERSION           Version 2.22                             
    1UCOMPILETIME       Mon Aug  5 19:15:25 CEST 2024                    
    1UDIR                                                               
    1UDBN                                                               
    1UMAT    1STEEL                                                     
    2C                           519                                     1
 -1         1 0.00000E+00 0.00000E+00-1.00000E+01
 -1         2 5.00000E+00 0.00000E+00-1.00000E+01
 -1         3 1.00000E+01 0.00000E+00-1.00000E+01
 -1         4 1.50000E+01 0.00000E+00-1.00000E+01
 -1         5 2.00000E+01 0.00000E+00-1.00000E+01
 -1         6 2.50000E+01 0.00000E+00-1.00000E+01
 -1         7 3.00000E+01 0.00000E+00-1.00000E+01
 -1         8 3.50000E+01 0.00000E+00-1.00000E+01
 -1         9 4.00000E+01 0.00000E+00-1.00000E+01
 -1        10 0.00000E+00 5.00000E+00-1.00000E+01
 -1        11 5.00000E+00 5.00000E+00-1.00000E+01
 -1        12 1.00000E+01 5.00000E+00-1.00000E+01
 -1        13 1.50000E+01 5.00000E+00-1.00000E+01
 -1        14 2.00000E+01 5.00000E+00-1.00000E+01
 -1        15 2.50000E+01 5.00000E+00-1.00000E+01
 -1        16 3.00000E+01 5.00000E+00-1.00000E+01
 -1        17 3.50000E+01 5.00000E+00-1.00000E+01
 -1        18 4.00000E+01 5.00000E+00-1.00000E+01
 -1        19 0.00000E+00 1.00000E+01-1.00000E+01
 -1        20 5.00000E+00 1.00000E+01-1.00000E+01
 -1        21 1.00000E+01 1.00000E+01-1.00000E+01
 -1        22 1.50000E+01 1.00000E+01-1.00000E+01
 -1        23 2.00000E+01 1.00000E+01-1.00000E+01
 -1        24 2.50000E+01 1.00000E+01-1.00000E+01
 -1        25 3.00000E+01 1.00000E+01-1.00000E+01
 -1        26 3.50000E+01 1.00000E+01-1.00000E+01
 -1        27 4.00000E+01 1.00000E+01-1.00000E+01
 -1        28 0.00000E+00 1.50000E+01-1.00000E+01
 -1        29 5.00000E+00 1.50000E+01-1.00000E+01
 -1        30 1.00000E+01 1.50000E+01-1.00000E+01
 -1        31 1.50000E+01 1.50000E+01-1.00000E+01
 -1        32 2.00000E+01 1.50000E+01-1.00000E+01
 -1        33 2.50000E+01 1.50000E+01-1.00000E+01
 -1        34 3.00000E+01 1.50000E+01-1.00000E+01
 -1        35 3.50000E+01 1.50000E+01-1.00000E+01
 -1        36 4.00000E+01 1.50000E+01-1.00000E+01
 -1        37 0.00000E+00 2.00000E+01-1.00000E+01
 -1        38 5.00000E+00 2.00000E+01-1.00000E+01
 -1        39 1.00000E+01 2.00000E+01-1.00000E+01
 -1        40 1.50000E+01 2.00000E+01-1.00000E+01
 -1        41 2.00000E+01 2.00000E+01-1.00000E+01
 -1        42 2.50000E+01 2.00000E+01-1.00000E+01
 -1        43 3.00000E+01 2.00000E+01-1.00000E+01
 -1        44 3.50000E+01 2.00000E+01-1.00000E+01
 -1        45 4.00000E+01 2.00000E+01-1.00000E+01
 -1        46 0.00000E+00 0.00000E+00-5.00000E+00
 -1        47 5.00000E+00 0.00000E+00-5.00000E+00
 -1        48 1.00000E+01 0.00000E+00-5.00000E+00
 -1        49 1.50000E+01 0.00000E+00-5.00000E+00
 -1        50 2.00000E+01 0.00000E+00-5.00000E+00
 -1        51 2.50000E+01 0.00000E+00-5.00000E+00
 -1        52 3.00000E+01 0.00000E+00-5.00000E+00
 -1        53 3.50000E+01 0.00000E+00-5.00000E+00
 -1        54 4.00000E+01 0.00000E+00-5.00000E+00
 -1        55 0.00000E+00 5.00000E+00-5.00000E+00
 -1        56 5.00000E+00 5.00000E+00-5.00000E+00
 -1        57 1.00000E+01 5.00000E+00-5.00000E+00
 -1        58 1.50000E+01 5.00000E+00-5.00000E+00
 -1        59 2.00000E+01 5.00000E+00-5.00000E+00
 -1        60 2.50000E+01 5.00000E+00-5.00000E+00
 -1        61 3.00000E+01 5.00000E+00-5.00000E+00
 -1        62 3.50000E+01 5.00000E+00-5.00000E+00
 -1        63 4.00000E+01 5.00000E+00-5.00000E+00
 -1        64 0.00000E+00 1.00000E+01-5.00000E+00
 -1        65 5.00000E+00 1.00000E+01-5.00000E+00
 -1        66 1.00000E+01 1.00000E+01-5.00000E+00
 -1        67 1.50000E+01 1.00000E+01-5.00000E+00
 -1        68 2.00000E+01 1.00000E+01-5.00000E+00
 -1        69 2.50000E+01 1.00000E+01-5.00000E+00
 -1        70 3.00000E+01 1.00000E+01-5.00000E+00
 -1        71 3.50000E+01 1.00000E+01-5.00000E+00
 -1        72 4.00000E+01 1.00000E+01-5.00000E+00
 -1        73 0.00000E+00 1.50000E+01-5.00000E+00
 -1        74 5.00000E+00 1.50000E+01-5.00000E+00
 -1        75 1.00000E+01 1.50000E+01-5.00000E+00
 -1        76 1.50000E+01 1.50000E+01-5.00000E+00
 -1        77 2.00000E+01 1.50000E+01-5.00000E+00
 -1        78 2.50000E+01 1.50000E+01-5.00000E+00
 -1        79 3.00000E+01 1.50000E+01-5.00000E+00
 -1        80 3.50000E+01 1.50000E+01-5.00000E+00
 -1        81 4.00000E+01 1.50000E+01-5.00000E+00
 -1        82 0.00000E+00 2.00000E+01-5.00000E+00
 -1        83 5.00000E+00 2.00000E+01-5.00000E+00
 -1        84 1.00000E+01 2.00000E+01-5.00000E+00
 -1        85 1.50000E+01 2.00000E+01-5.00000E+00
 -1        86 2.00000E+01 2.00000E+01-5.00000E+00
 -1        87 2.50000E+01 2.00000E+01-5.00000E+00
 -1        88 3.00000E+01 2.00000E+01-5.00000E+00
 -1        89 3.50000E+01 2.00000E+01-5.00000E+00
 -1        90 4.00000E+01 2.00000E+01-5.00000E+00
 -1        91 0.00000E+00 0.00000E+00 0.00000E+00
 -1        92 5.00000E+00 0.00000E+00 0.00000E+00
 -1        93 1.00000E+01 0.00000E+00 0.00000E+00
 -1        94 1.50000E+01 0.00000E+00 0.00000E+00
 -1        95 2.00000E+01 0.00000E+00 0.00000E+00
 -1        96 2.50000E+01 0.00000E+00 0.00000E+00
 -1        97 3.00000E+01 0.00000E+00 0.00000E+00
 -1        98 3.50000E+01 0.00000E+00 0.00000E+00
 -1        99 4.00000E+01 0.00000E+00 0.00000E+00
 -1       100 0.00000E+00 5.00000E+00 0.00000E+00
 -1       101 5.00000E+00 5.00000E+00 0.00000E+00
 -1       102 1.00000E+01 5.00000E+00 0.00000E+00
 -1       103 1.50000E+01 5.00000E+00 0.00000E+00
 -1       104 2.00000E+01 5.00000E+00 0.00000E+00
 -1       105 2.50000E+01 5.00000E+00 0.00000E+00
 -1       106 3.00000E+01 5.00000E+00 0.00000E+00
 -1       107 3.50000E+01 5.00000E+00 0.00000E+00
 -1       108 4.00000E+01 5.00000E+00 0.00000E+00
 -1       109 0.00000E+00 1.00000E+01 0.00000E+00
 -1       110 5.00000E+00 1.00000E+01 0.00000E+00
 -1       111 1.00000E+01 1.00000E+01 0.00000E+00
 -1       112 1.50000E+01 1.00000E+01 0.00000E+00
 -1       113 2.00000E+01 1.00000E+01 0.00000E+00
 -1       114 2.50000E+01 1.00000E+01 0.00000E+00
 -1       115 3.00000E+01 1.00000E+01 0.00000E+00
 -1       116 3.50000E+01 1.00000E+01 0.00000E+00
 -1       117 4.00000E+01 1.00000E+01 0.00000E+00
 -1       118 0.00000E+00 1.50000E+01 0.00000E+00
 -1       119 5.00000E+00 1.50000E+01 0.00000E+00
 -1       120 1.00000E+01 1.50000E+01 0.00000E+00
 -1       121 1.50000E+01 1.50000E+01 0.00000E+00
 -1       122 2.00000E+01 1.50000E+01 0.00000E+00
 -1       123 2.50000E+01 1.50000E+01 0.00000E+00
 -1       124 3.00000E+01 1.50000E+01 0.00000E+00
 -1       125 3.50000E+01 1.50000E+01 0.00000E+00
 -1       126 4.00000E+01 1.50000E+01 0.00000E+00
 -1       127 0.00000E+00 2.00000E+01 0.00000E+00
 -1       128 5.00000E+00 2.00000E+01 0.00000E+00
 -1       129 1.00000E+01 2.00000E+01 0.00000E+00
 -1       130 1.50000E+01 2.00000E+01 0.00000E+00
 -1       131 2.00000E+01 2.00000E+01 0.00000E+00
 -1       132 2.50000E+01 2.00000E+01 0.00000E+00
 -1       133 3.00000E+01 2.00000E+01 0.00000E+00
 -1       134 3.50000E+01 2.00000E+01 0.00000E+00
 -1       135 4.00000E+01 2.00000E+01 0.00000E+00
 -1       136 1.60000E+01 2.77556E-16 0.00000E+00
 -1       137 1.87273E+01 2.77556E-16 0.00000E+00
 -1       138 2.14545E+01 2.77556E-16 0.00000E+00
 -1       139 2.41818E+01 2.77556E-16 0.00000E+00
 -1       140 2.69091E+01 2.77556E-16 0.00000E+00
 -1       141 2.96364E+01 2.77556E-16 0.00000E+00
 -1       142 3.23636E+01 2.77556E-16 0.00000E+00
 -1       143 3.50909E+01 2.77556E-16 0.00000E+00
 -1       144 3.78182E+01 2.77556E-16 0.00000E+00
 -1       145 4.05455E+01 0.00000E+00 0.00000E+00
 -1       146 4.32727E+01 0.00000E+00 0.00000E+00
 -1       147 4.60000E+01 0.00000E+00 0.00000E+00
 -1       148 1.60000E+01 2.85714E+00 0.00000E+00
 -1       149 1.87273E+01 2.85714E+00 0.00000E+00
 -1       150 2.14545E+01 2.85714E+00 0.00000E+00
 -1       151 2.41818E+01 2.85714E+00 0.00000E+00
 -1       152 2.69091E+01 2.85714E+00 0.00000E+00
 -1       153 2.96364E+01 2.85714E+00 0.00000E+00
 -1       154 3.23636E+01 2.85714E+00 0.00000E+00
 -1       155 3.50909E+01 2.85714E+00 0.00000E+00
 -1       156 3.78182E+01 2.85714E+00 0.00000E+00
 -1       157 4.05455E+01 2.85714E+00 0.00000E+00
 -1       158 4.32727E+01 2.85714E+00 0.00000E+00
 -1       159 4.60000E+01 2.85714E+00 0.00000E+00
 -1       160 1.60000E+01 5.71429E+00 0.00000E+00
 -1       161 1.87273E+01 5.71429E+00 0.00000E+00
 -1       162 2.14545E+01 5.71429E+00 0.00000E+00
 -1       163 2.41818E+01 5.71429E+00 0.00000E+00
 -1       164 2.69091E+01 5.71429E+00 0.00000E+00
 -1       165 2.96364E+01 5.71429E+00 0.00000E+00
 -1       166 3.23636E+01 5.71429E+00 0.00000E+00
 -1       167 3.50909E+01 5.71429E+00 0.00000E+00
 -1       168 3.78182E+01 5.71429E+00 0.00000E+00
 -1       169 4.05455E+01 5.71429E+00 0.00000E+00
 -1       170 4.32727E+01 5.71429E+00 0.00000E+00
 -1       171 4.60000E+01 5.71429E+00 0.00000E+00
 -1       172 1.60000E+01 8.57143E+00 0.00000E+00
 -1       173 1.87273E+01 8.57143E+00 0.00000E+00
 -1       174 2.14545E+01 8.57143E+00 0.00000E+00
 -1       175 2.41818E+01 8.57143E+00 0.00000E+00
 -1       176 2.69091E+01 8.57143E+00 0.00000E+00
 -1       177 2.96364E+01 8.57143E+00 0.00000E+00
 -1       178 3.23636E+01 8.57143E+00 0.00000E+00
 -1       179 3.50909E+01 8.57143E+00 0.00000E+00
 -1       180 3.78182E+01 8.57143E+00 0.00000E+00
 -1       181 4.05455E+01 8.57143E+00 0.00000E+00
 -1       182 4.32727E+01 8.57143E+00 0.00000E+00
 -1       183 4.60000E+01 8.57143E+00 0.00000E+00
 -1       184 1.60000E+01 1.14286E+01 0.00000E+00
 -1       185 1.87273E+01 1.14286E+01 0.00000E+00
 -1       186 2.14545E+01 1.14286E+01 0.00000E+00
 -1       187 2.41818E+01 1.14286E+01 0.00000E+00
 -1       188 2.69091E+01 1.14286E+01 0.00000E+00
 -1       189 2.96364E+01 1.14286E+01 0.00000E+00
 -1       190 3.23636E+01 1.14286E+01 0.00000E+00
 -1       191 3.50909E+01 1.14286E+01 0.00000E+00
 -1       192 3.78182E+01 1.14286E+01 0.00000E+00
 -1       193 4.05455E+01 1.14286E+01 0.00000E+00
 -1       194 4.32727E+01 1.14286E+01 0.00000E+00
 -1       195 4.60000E+01 1.14286E+01 0.00000E+00
 -1       196 1.60000E+01 1.42857E+01 0.00000E+00
 -1       197 1.87273E+01 1.42857E+01 0.00000E+00
 -1       198 2.14545E+01 1.42857E+01 0.00000E+00
 -1       199 2.41818E+01 1.42857E+01 0.00000E+00
 -1       200 2.69091E+01 1.42857E+01 0.00000E+00
 -1       201 2.96364E+01 1.42857E+01 0.00000E+00
 -1       202 3.23636E+01 1.42857E+01 0.00000E+00
 -1       203 3.50909E+01 1.42857E+01 0.00000E+00
 -1       204 3.78182E+01 1.42857E+01 0.00000E+00
 -1       205 4.05455E+01 1.42857E+01 0.00000E+00
 -1       206 4.32727E+01 1.42857E+01 0.00000E+00
 -1       207 4.60000E+01 1.42857E+01 0.00000E+00
 -1       208 1.60000E+01 1.71429E+01 0.00000E+00
 -1       209 1.87273E+01 1.71429E+01 0.00000E+00
 -1       210 2.14545E+01 1.71429E+01 0.00000E+00
 -1       211 2.41818E+01 1.71429E+01 0.00000E+00
 -1       212 2.69091E+01 1.71429E+01 0.00000E+00
 -1       213 2.96364E+01 1.71429E+01 0.00000E+00
 -1       214 3.23636E+01 1.71429E+01 0.00000E+00
 -1       215 3.50909E+01 1.71429E+01 0.00000E+00
 -1       216 3.78182E+01 1.71429E+01 0.00000E+00
 -1       217 4.05455E+01 1.71429E+01 0.00000E+00
 -1       218 4.32727E+01 1.71429E+01 0.00000E+00
 -1       219 4.60000E+01 1.71429E+01 0.00000E+00
 -1       220 1.60000E+01 2.00000E+01 0.00000E+00
 -1       221 1.87273E+01 2.00000E+01 0.00000E+00
 -1       222 2.14545E+01 2.00000E+01 0.00000E+00
 -1       223 2.41818E+01 2.00000E+01 0.00000E+00
 -1       224 2.69091E+01 2.00000E+01 0.00000E+00
 -1       225 2.96364E+01 2.00000E+01 0.00000E+00
 -1       226 3.23636E+01 2.00000E+01 0.00000E+00
 -1       227 3.50909E+01 2.00000E+01 0.00000E+00
 -1       228 3.78182E+01 2.00000E+01 0.00000E+00
 -1       229 4.05455E+01 2.00000E+01 0.00000E+00
 -1       230 4.32727E+01 2.00000E+01 0.00000E+00
 -1       231 4.60000E+01 2.00000E+01 0.00000E+00
 -1       232 1.60000E+01 0.00000E+00 3.33333E+00
 -1       233 1.87273E+01 0.00000E+00 3.33333E+00
 -1       234 2.14545E+01 0.00000E+00 3.33333E+00
 -1       235 2.41818E+01 0.00000E+00 3.33333E+00
 -1       236 2.69091E+01 0.00000E+00 3.33333E+00
 -1       237 2.96364E+01 0.00000E+00 3.33333E+00
 -1       238 3.23636E+01 0.00000E+00 3.33333E+00
 -1       239 3.50909E+01 0.00000E+00 3.33333E+00
 -1       240 3.78182E+01 0.00000E+00 3.33333E+00
 -1       241 4.05455E+01 0.00000E+00 3.33333E+00
 -1       242 4.32727E+01 0.00000E+00 3.33333E+00
 -1       243 4.60000E+01 0.00000E+00 3.33333E+00
 -1       244 1.60000E+01 2.85714E+00 3.33333E+00
 -1       245 1.87273E+01 2.85714E+00 3.33333E+00
 -1       246 2.14545E+01 2.85714E+00 3.33333E+00
 -1       247 2.41818E+01 2.85714E+00 3.33333E+00
 -1       248 2.69091E+01 2.85714E+00 3.33333E+00
 -1       249 2.96364E+01 2.85714E+00 3.33333E+00
 -1       250 3.23636E+01 2.85714E+00 3.33333E+00
 -1       251 3.50909E+01 2.85714E+00 3.33333E+00
 -1       252 3.78182E+01 2.85714E+00 3.33333E+00
 -1       253 4.05455E+01 2.85714E+00 3.33333E+00
 -1       254 4.32727E+01 2.85714E+00 3.33333E+00
 -1       255 4.60000E+01 2.85714E+00 3.33333E+00
 -1       256 1.60000E+01 5.71429E+00 3.33333E+00
 -1       257 1.87273E+01 5.71429E+00 3.33333E+00
 -1       258 2.14545E+01 5.71429E+00 3.33333E+00
 -1       259 2.41818E+01 5.71429E+00 3.33333E+00
 -1       260 2.69091E+01 5.71429E+00 3.33333E+00
 -1       261 2.96364E+01 5.71429E+00 3.33333E+00
 -1       262 3.23636E+01 5.71429E+00 3.33333E+00
 -1       263 3.50909E+01 5.71429E+00 3.33333E+00
 -1       264 3.78182E+01 5.71429E+00 3.33333E+00
 -1       265 4.05455E+01 5.71429E+00 3.33333E+00
 -1       266 4.32727E+01 5.71429E+00 3.33333E+00
 -1       267 4.60000E+01 5.71429E+00 3.33333E+00
 -1       268 1.60000E+01 8.57143E+00 3.33333E+00
 -1       269 1.87273E+01 8.57143E+00 3.33333E+00
 -1       270 2.14545E+01 8.57143E+00 3.33333E+00
 -1       271 2.41818E+01 8.57143E+00 3.33333E+00
 -1       272 2.69091E+01 8.57143E+00 3.33333E+00
 -1       273 2.96364E+01 8.57143E+00 3.33333E+00
 -1       274 3.23636E+01 8.57143E+00 3.33333E+00
 -1       275 3.50909E+01 8.57143E+00 3.33333E+00
 -1       276 3.78182E+01 8.57143E+00 3.33333E+00
 -1       277 4.05455E+01 8.57143E+00 3.33333E+00
 -1       278 4.32727E+01 8.57143E+00 3.33333E+00
 -1       279 4.60000E+01 8.57143E+00 3.33333E+00
 -1       280 1.60000E+01 1.14286E+01 3.33333E+00
 -1       281 1.87273E+01 1.14286E+01 3.33333E+00
 -1       282 2.14545E+01 1.14286E+01 3.33333E+00
 -1       283 2.41818E+01 1.14286E+01 3.33333E+00
 -1       284 2.69091E+01 1.14286E+01 3.33333E+00
 -1       285 2.96364E+01 1.14286E+01 3.33333E+00
 -1       286 3.23636E+01 1.14286E+01 3.33333E+00
 -1       287 3.50909E+01 1.14286E+01 3.33333E+00
 -1       288 3.78182E+01 1.14286E+01 3.33333E+00
 -1       289 4.05455E+01 1.14286E+01 3.33333E+00
 -1       290 4.32727E+01 1.14286E+01 3.33333E+00
 -1       291 4.60000E+01 1.14286E+01 3.33333E+00
 -1       292 1.60000E+01 1.42857E+01 3.33333E+00
 -1       293 1.87273E+01 1.42857E+01 3.33333E+00
 -1       294 2.14545E+01 1.42857E+01 3.33333E+00
 -1       295 2.41818E+01 1.42857E+01 3.33333E+00
 -1       296 2.69091E+01 1.42857E+01 3.33333E+00
 -1       297 2.96364E+01 1.42857E+01 3.33333E+00
 -1       298 3.23636E+01 1.42857E+01 3.33333E+00
 -1       299 3.50909E+01 1.42857E+01 3.33333E+00
 -1       300 3.78182E+01 1.42857E+01 3.33333E+00
 -1       301 4.05455E+01 1.42857E+01 3.33333E+00
 -1       302 4.32727E+01 1.42857E+01 3.33333E+00
 -1       303 4.60000E+01 1.42857E+01 3.33333E+00
 -1       304 1.60000E+01 1.71429E+01 3.33333E+00
 -1       305 1.87273E+01 1.71429E+01 3.33333E+00
 -1       306 2.14545E+01 1.71429E+01 3.33333E+00
 -1       307 2.41818E+01 1.71429E+01 3.33333E+00
 -1       308 2.69091E+01 1.71429E+01 3.33333E+00
 -1       309 2.96364E+01 1.71429E+01 3.33333E+00
 -1       310 3.23636E+01 1.71429E+01 3.33333E+00
 -1       311 3.50909E+01 1.71429E+01 3.33333E+00
 -1       312 3.78182E+01 1.71429E+01 3.33333E+00
 -1       313 4.05455E+01 1.71429E+01 3.33333E+00
 -1       314 4.32727E+01 1.71429E+01 3.33333E+00
 -1       315 4.60000E+01 1.71429E+01 3.33333E+00
 -1       316 1.60000E+01 2.00000E+01 3.33333E+00
 -1       317 1.87273E+01 2.00000E+01 3.33333E+00
 -1       318 2.14545E+01 2.00000E+01 3.33333E+00
 -1       319 2.41818E+01 2.00000E+01 3.33333E+00
 -1       320 2.69091E+01 2.00000E+01 3.33333E+00
 -1       321 2.96364E+01 2.00000E+01 3.33333E+00
 -1       322 3.23636E+01 2.00000E+01 3.33333E+00
 -1       323 3.50909E+01 2.00000E+01 3.33333E+00
 -1       324 3.78182E+01 2.00000E+01 3.33333E+00
 -1       325 4.05455E+01 2.00000E+01 3.33333E+00
 -1       326 4.32727E+01 2.00000E+01 3.33333E+00
 -1       327 4.60000E+01 2.00000E+01 3.33333E+00
 -1       328 1.60000E+01 0.00000E+00 6.66667E+00
 -1       329 1.87273E+01 0.00000E+00 6.66667E+00
 -1       330 2.14545E+01 0.00000E+00 6.66667E+00
 -1       331 2.41818E+01 0.00000E+00 6.66667E+00
 -1       332 2.69091E+01 0.00000E+00 6.66667E+00
 -1       333 2.96364E+01 0.00000E+00 6.66667E+00
 -1       334 3.23636E+01 0.00000E+00 6.66667E+00
 -1       335 3.50909E+01 0.00000E+00 6.66667E+00
 -1       336 3.78182E+01 0.00000E+00 6.66667E+00
 -1       337 4.05455E+01 0.00000E+00 6.66667E+00
 -1       338 4.32727E+01 0.00000E+00 6.66667E+00
 -1       339 4.60000E+01 0.00000E+00 6.66667E+00
 -1       340 1.60000E+01 2.85714E+00 6.66667E+00
 -1       341 1.87273E+01 2.85714E+00 6.66667E+00
 -1       342 2.14545E+01 2.85714E+00 6.66667E+00
 -1       343 2.41818E+01 2.85714E+00 6.66667E+00
 -1       344 2.69091E+01 2.85714E+00 6.66667E+00
 -1       345 2.96364E+01 2.85714E+00 6.66667E+00
 -1       346 3.23636E+01 2.85714E+00 6.66667E+00
 -1       347 3.50909E+01 2.85714E+00 6.66667E+00
 -1       348 3.78182E+01 2.85714E+00 6.66667E+00
 -1       349 4.05455E+01 2.85714E+00 6.66667E+00
 -1       350 4.32727E+01 2.85714E+00 6.66667E+00
 -1       351 4.60000E+01 2.85714E+00 6.66667E+00
 -1       352 1.60000E+01 5.71429E+00 6.66667E+00
 -1       353 1.87273E+01 5.71429E+00 6.66667E+00
 -1       354 2.14545E+01 5.71429E+00 6.66667E+00
 -1       355 2.41818E+01 5.71429E+00 6.66667E+00
 -1       356 2.69091E+01 5.71429E+00 6.66667E+00
 -1       357 2.96364E+01 5.71429E+00 6.66667E+00
 -1       358 3.23636E+01 5.71429E+00 6.66667E+00
 -1       359 3.50909E+01 5.71429E+00 6.66667E+00
 -1       360 3.78182E+01 5.71429E+00 6.66667E+00
 -1       361 4.05455E+01 5.71429E+00 6.66667E+00
 -1       362 4.32727E+01 5.71429E+00 6.66667E+00
 -1       363 4.60000E+01 5.71429E+00 6.66667E+00
 -1       364 1.60000E+01 8.57143E+00 6.66667E+00
 -1       365 1.87273E+01 8.57143E+00 6.66667E+00
 -1       366 2.14545E+01 8.57143E+00 6.66667E+00
 -1       367 2.41818E+01 8.57143E+00 6.66667E+00
 -1       368 2.69091E+01 8.57143E+00 6.66667E+00
 -1       369 2.96364E+01 8.57143E+00 6.66667E+00
 -1       370 3.23636E+01 8.57143E+00 6.66667E+00
 -1       371 3.50909E+01 8.57143E+00 6.66667E+00
 -1       372 3.78182E+01 8.57143E+00 6.66667E+00
 -1       373 4.05455E+01 8.57143E+00 6.66667E+00
 -1       374 4.32727E+01 8.57143E+00 6.66667E+00
 -1       375 4.60000E+01 8.57143E+00 6.66667E+00
 -1       376 1.60000E+01 1.14286E+01 6.66667E+00
 -1       377 1.87273E+01 1.14286E+01 6.66667E+00
 -1       378 2.14545E+01 1.14286E+01 6.66667E+00
 -1       379 2.41818E+01 1.14286E+01 6.66667E+00
 -1       380 2.69091E+01 1.14286E+01 6.66667E+00
 -1       381 2.96364E+01 1.14286E+01 6.66667E+00
 -1       382 3.23636E+01 1.14286E+01 6.66667E+00
 -1       383 3.50909E+01 1.14286E+01 6.66667E+00
 -1       384 3.78182E+01 1.14286E+01 6.66667E+00
 -1       385 4.05455E+01 1.14286E+01 6.66667E+00
 -1       386 4.32727E+01 1.14286E+01 6.66667E+00
 -1       387 4.60000E+01 1.14286E+01 6.66667E+00
 -1       388 1.60000E+01 1.42857E+01 6.66667E+00
 -1       389 1.87273E+01 1.42857E+01 6.66667E+00
 -1       390 2.14545E+01 1.42857E+01 6.66667E+00
 -1       391 2.41818E+01 1.42857E+01 6.66667E+00
 -1       392 2.69091E+01 1.42857E+01 6.66667E+00
 -1       393 2.96364E+01 1.42857E+01 6.66667E+00
 -1       394 3.23636E+01 1.42857E+01 6.66667E+00
 -1       395 3.50909E+01 1.42857E+01 6.66667E+00
 -1       396 3.78182E+01 1.42857E+01 6.66667E+00
 -1       397 4.05455E+01 1.42857E+01 6.66667E+00
 -1       398 4.32727E+01 1.42857E+01 6.66667E+00
 -1       399 4.60000E+01 1.42857E+01 6.66667E+00
 -1       400 1.60000E+01 1.71429E+01 6.66667E+00
 -1       401 1.87273E+01 1.71429E+01 6.66667E+00
 -1       402 2.14545E+01 1.71429E+01 6.66667E+00
 -1       403 2.41818E+01 1.71429E+01 6.66667E+00
 -1       404 2.69091E+01 1.71429E+01 6.66667E+00
 -1       405 2.96364E+01 1.71429E+01 6.66667E+00
 -1       406 3.23636E+01 1.71429E+01 6.66667E+00
 -1       407 3.50909E+01 1.71429E+01 6.66667E+00
 -1       408 3.78182E+01 1.71429E+01 6.66667E+00
 -1       409 4.05455E+01 1.71429E+01 6.66667E+00
 -1       410 4.32727E+01 1.71429E+01 6.66667E+00
 -1       411 4.60000E+01 1.71429E+01 6.66667E+00
 -1       412 1.60000E+01 2.00000E+01 6.66667E+00
 -1       413 1.87273E+01 2.00000E+01 6.66667E+00
 -1       414 2.14545E+01 2.00000E+01 6.66667E+00
 -1       415 2.41818E+01 2.00000E+01 6.66667E+00
 -1       416 2.69091E+01 2.00000E+01 6.66667E+00
 -1       417 2.96364E+01 2.00000E+01 6.66667E+00
 -1       418 3.23636E+01 2.00000E+01 6.66667E+00
 -1       419 3.50909E+01 2.00000E+01 6.66667E+00
 -1       420 3.78182E+01 2.00000E+01 6.66667E+00
 -1       421 4.05455E+01 2.00000E+01 6.66667E+00
 -1       422 4.32727E+01 2.00000E+01 6.66667E+00
 -1       423 4.60000E+01 2.00000E+01 6.66667E+00
 -1       424 1.60000E+01 0.00000E+00 1.00000E+01
 -1       425 1.87273E+01 0.00000E+00 1.00000E+01
 -1       426 2.14545E+01 0.00000E+00 1.00000E+01
 -1       427 2.41818E+01 0.00000E+00 1.00000E+01
 -1       428 2.69091E+01 0.00000E+00 1.00000E+01
 -1       429 2.96364E+01 0.00000E+00 1.00000E+01
 -1       430 3.23636E+01 0.00000E+00 1.00000E+01
 -1       431 3.50909E+01 0.00000E+00 1.00000E+01
 -1       432 3.78182E+01 0.00000E+00 1.00000E+01
 -1       433 4.05455E+01 0.00000E+00 1.00000E+01
 -1       434 4.32727E+01 0.00000E+00 1.00000E+01
 -1       435 4.60000E+01 0.00000E+00 1.00000E+01
 -1       436 1.60000E+01 2.85714E+00 1.00000E+01
 -1       437 1.87273E+01 2.85714E+00 1.00000E+01
 -1       438 2.14545E+01 2.85714E+00 1.00000E+01
 -1       439 2.41818E+01 2.85714E+00 1.00000E+01
 -1       440 2.69091E+01 2.85714E+00 1.00000E+01
 -1       441 2.96364E+01 2.85714E+00 1.00000E+01
 -1       442 3.23636E+01 2.85714E+00 1.00000E+01
 -1       443 3.50909E+01 2.85714E+00 1.00000E+01
 -1       444 3.78182E+01 2.85714E+00 1.00000E+01
 -1       445 4.05455E+01 2.85714E+00 1.00000E+01
 -1       446 4.32727E+01 2.85714E+00 1.00000E+01
 -1       447 4.60000E+01 2.85714E+00 1.00000E+01
 -1       448 1.60000E+01 5.71429E+00 1.00000E+01
 -1       449 1.87273E+01 5.71429E+00 1.00000E+01
 -1       450 2.14545E+01 5.71429E+00 1.00000E+01
 -1       451 2.41818E+01 5.71429E+00 1.00000E+01
 -1       452 2.69091E+01 5.71429E+00 1.00000E+01
 -1       453 2.96364E+01 5.71429E+00 1.00000E+01
 -1       454 3.23636E+01 5.71429E+00 1.00000E+01
 -1       455 3.50909E+01 5.71429E+00 1.00000E+01
 -1       456 3.78182E+01 5.71429E+00 1.00000E+01
 -1       457 4.05455E+01 5.71429E+00 1.00000E+01
 -1       458 4.32727E+01 5.71429E+00 1.00000E+01
 -1       459 4.60000E+01 5.71429E+00 1.00000E+01
 -1       460 1.60000E+01 8.57143E+00 1.00000E+01
 -1       461 1.87273E+01 8.57143E+00 1.00000E+01
 -1       462 2.14545E+01 8.57143E+00 1.00000E+01
 -1       463 2.41818E+01 8.57143E+00 1.00000E+01
 -1       464 2.69091E+01 8.57143E+00 1.00000E+01
 -1       465 2.96364E+01 8.57143E+00 1.00000E+01
 -1       466 3.23636E+01 8.57143E+00 1.00000E+01
 -1       467 3.50909E+01 8.57143E+00 1.00000E+01
 -1       468 3.78182E+01 8.57143E+00 1.00000E+01
 -1       469 4.05455E+01 8.57143E+00 1.00000E+01
 -1       470 4.32727E+01 8.57143E+00 1.00000E+01
 -1       471 4.60000E+01 8.57143E+00 1.00000E+01
 -1       472 1.60000E+01 1.14286E+01 1.00000E+01
 -1       473 1.87273E+01 1.14286E+01 1.00000E+01
 -1       474 2.14545E+01 1.14286E+01 1.00000E+01
 -1       475 2.41818E+01 1.14286E+01 1.00000E+01
 -1       476 2.69091E+01 1.14286E+01 1.00000E+01
 -1       477 2.96364E+01 1.14286E+01 1.00000E+01
 -1       478 3.23636E+01 1.14286E+01 1.00000E+01
 -1       479 3.50909E+01 1.14286E+01 1.00000E+01
 -1       480 3.78182E+01 1.14286E+01 1.00000E+01
 -1       481 4.05455E+01 1.14286E+01 1.00000E+01
 -1       482 4.32727E+01 1.14286E+01 1.00000E+01
 -1       483 4.60000E+01 1.14286E+01 1.00000E+01
 -1       484 1.60000E+01 1.42857E+01 1.00000E+01
 -1       485 1.87273E+01 1.42857E+01 1.00000E+01
 -1       486 2.14545E+01 1.42857E+01 1.00000E+01
 -1       487 2.41818E+01 1.42857E+01 1.00000E+01
 -1       488 2.69091E+01 1.42857E+01 1.00000E+01
 -1       489 2.96364E+01 1.42857E+01 1.00000E+01
 -1       490 3.23636E+01 1.42857E+01 1.00000E+01
 -1       491 3.50909E+01 1.42857E+01 1.00000E+01
 -1       492 3.78182E+01 1.42857E+01 1.00000E+01
 -1       493 4.05455E+01 1.42857E+01 1.00000E+01
 -1       494 4.32727E+01 1.42857E+01 1.00000E+01
 -1       495 4.60000E+01 1.42857E+01 1.00000E+01
 -1       496 1.60000E+01 1.71429E+01 1.00000E+01
 -1       497 1.87273E+01 1.71429E+01 1.00000E+01
 -1       498 2.14545E+01 1.71429E+01 1.00000E+01
 -1       499 2.41818E+01 1.71429E+01 1.00000E+01
 -1       500 2.69091E+01 1.71429E+01 1.00000E+01
 -1       501 2.96364E+01 1.71429E+01 1.00000E+01
 -1       502 3.23636E+01 1.71429E+01 1.00000E+01
 -1       503 3.50909E+01 1.71429E+01 1.00000E+01
 -1       504 3.78182E+01 1.71429E+01 1.00000E+01
 -1       505 4.05455E+01 1.71429E+01 1.00000E+01
 -1       506 4.32727E+01 1.71429E+01 1.00000E+01
 -1       507 4.60000E+01 1.71429E+01 1.00000E+01
 -1       508 1.60000E+01 2.00000E+01 1.00000E+01
 -1       509 1.87273E+01 2.00000E+01 1.00000E+01
 -1       510 2.14545E+01 2.00000E+01 1.00000E+01
 -1       511 2.41818E+01 2.00000E+01 1.00000E+01
 -1       512 2.69091E+01 2.00000E+01 1.00000E+01
 -1       513 2.96364E+01 2.00000E+01 1.00000E+01
 -1       514 3.23636E+01 2.00000E+01 1.00000E+01
 -1       515 3.50909E+01 2.00000E+01 1.00000E+01
 -1       516 3.78182E+01 2.00000E+01 1.00000E+01
 -1       517 4.05455E+01 2.00000E+01 1.00000E+01
 -1       518 4.32727E+01 2.00000E+01 1.00000E+01
 -1       519 4.60000E+01 2.00000E+01 1.00000E+01
 -3
    3C                           295                                     1
 -1         1    1    0    1
 -2         1         2        11        10        46        47        56        55
 -1         2    1    0    1
 -2         2         3        12        11        47        48        57        56
 -1         3    1    0    1
 -2         3         4        13        12        48        49        58        57
 -1         4    1    0    1
 -2         4         5        14        13        49        50        59        58
 -1         5    1    0    1
 -2         5         6        15        14        50        51        60        59
 -1         6    1    0    1
 -2         6         7        16        15        51        52        61        60
 -1         7    1    0    1
 -2         7         8        17        16        52        53        62        61
 -1         8    1    0    1
 -2         8         9        18        17        53        54        63        62
 -1         9    1    0    1
 -2        10        11        20        19        55        56        65        64
 -1        10    1    0    1
 -2        11        12        21        20        56        57        66        65
 -1        11    1    0    1
 -2        12        13        22        21        57        58        67        66
 -1        12    1    0    1
 -2        13        14        23        22        58        59        68        67
 -1        13    1    0    1
 -2        14        15        24        23        59        60        69        68
 -1        14    1    0    1
 -2        15        16        25        24        60        61        70        69
 -1        15    1    0    1
 -2        16        17        26        25        61        62        71        70
 -1        16    1    0    1
 -2        17        18        27        26        62        63        72        71
 -1        17    1    0    1
 -2        19        20        29        28        64        65        74        73
 -1        18    1    0    1
 -2        20        21        30        29        65        66        75        74
 -1        19    1    0    1
 -2        21        22        31        30        66        67        76        75
 -1        20    1    0    1
 -2        22        23        32        31        67        68        77        76
 -1        21    1    0    1
 -2        23        24        33        32        68        69        78        77
 -1        22    1    0    1
 -2        24        25        34        33        69        70        79        78
 -1        23    1    0    1
 -2        25        26        35        34        70        71        80        79
 -1        24    1    0    1
 -2        26        27        36        35        71        72        81        80
 -1        25    1    0    1
 -2        28        29        38        37        73        74        83        82
 -1        26    1    0    1
 -2        29        30        39        38        74        75        84        83
 -1        27    1    0    1
 -2        30        31        40        39        75        76        85        84
 -1        28    1    0    1
 -2        31        32        41        40        76        77        86        85
 -1        29    1    0    1
 -2        32        33        42        41        77        78        87        86
 -1        30    1    0    1
 -2        33        34        43        42        78        79        88        87
 -1        31    1    0    1
 -2        34        35        44        43        79        80        89        88
 -1        32    1    0    1
 -2        35        36        45        44        80        81        90        89
 -1        33    1    0    1
 -2        46        47        56        55        91        92       101       100
 -1        34    1    0    1
 -2        47        48        57        56        92        93       102       101
 -1        35    1    0    1
 -2        48        49        58        57        93        94       103       102
 -1        36    1    0    1
 -2        49        50        59        58        94        95       104       103
 -1        37    1    0    1
 -2        50        51        60        59        95        96       105       104
 -1        38    1    0    1
 -2        51        52        61        60        96        97       106       105
 -1        39    1    0    1
 -2        52        53        62        61        97        98       107       106
 -1        40    1    0    1
 -2        53        54        63        62        98        99       108       107
 -1        41    1    0    1
 -2        55        56        65        64       100       101       110       109
 -1        42    1    0    1
 -2        56        57        66        65       101       102       111       110
 -1        43    1    0    1
 -2        57        58        67        66       102       103       112       111
 -1        44    1    0    1
 -2        58        59        68        67       103       104       113       112
 -1        45    1    0    1
 -2        59        60        69        68       104       105       114       113
 -1        46    1    0    1
 -2        60        61        70        69       105       106       115       114
 -1        47    1    0    1
 -2        61        62        71        70       106       107       116       115
 -1        48    1    0    1
 -2        62        63        72        71       107       108       117       116
 -1        49    1    0    1
 -2        64        65        74        73       109       110       119       118
 -1        50    1    0    1
 -2        65        66        75        74       110       111       120       119
 -1        51    1    0    1
 -2        66        67        76        75       111       112       121       120
 -1        52    1    0    1
 -2        67        68        77        76       112       113       122       121
 -1        53    1    0    1
 -2        68        69        78        77       113       114       123       122
 -1        54    1    0    1
 -2        69        70        79        78       114       115       124       123
 -1        55    1    0    1
 -2        70        71        80        79       115       116       125       124
 -1        56    1    0    1
 -2        71        72        81        80       116       117       126       125
 -1        57    1    0    1
 -2        73        74        83        82       118       119       128       127
 -1        58    1    0    1
 -2        74        75        84        83       119       120       129       128
 -1        59    1    0    1
 -2        75        76        85        84       120       121       130       129
 -1        60    1    0    1
 -2        76        77        86        85       121       122       131       130
 -1        61    1    0    1
 -2        77        78        87        86       122       123       132       131
 -1        62    1    0    1
 -2        78        79        88        87       123       124       133       132
 -1        63    1    0    1
 -2        79        80        89        88       124       125       134       133
 -1        64    1    0    1
 -2        80        81        90        89       125       126       135       134
 -1        65    1    0    1
 -2       136       137       149       148       232       233       245       244
 -1        66    1    0    1
 -2       137       138       150       149       233       234       246       245
 -1        67    1    0    1
 -2       138       139       151       150       234       235       247       246
 -1        68    1    0    1
 -2       139       140       152       151       235       236       248       247
 -1        69    1    0    1
 -2       140       141       153       152       236       237       249       248
 -1        70    1    0    1
 -2       141       142       154       153       237       238       250       249
 -1        71    1    0    1
 -2       142       143       155       154       238       239       251       250
 -1        72    1    0    1
 -2       143       144       156       155       239       240       252       251
 -1        73    1    0    1
 -2       144       145       157       156       240       241       253       252
 -1        74    1    0    1
 -2       145       146       158       157       241       242       254       253
 -1        75    1    0    1
 -2       146       147       159       158       242       243       255       254
 -1        76    1    0    1
 -2       148       149       161       160       244       245       257       256
 -1        77    1    0    1
 -2       149       150       162       161       245       246       258       257
 -1        78    1    0    1
 -2       150       151       163       162       246       247       259       258
 -1        79    1    0    1
 -2       151       152       164       163       247       248       260       259
 -1        80    1    0    1
 -2       152       153       165       164       248       249       261       260
 -1        81    1    0    1
 -2       153       154       166       165       249       250       262       261
 -1        82    1    0    1
 -2       154       155       167       166       250       251       263       262
 -1        83    1    0    1
 -2       155       156       168       167       251       252       264       263
 -1        84    1    0    1
 -2       156       157       169       168       252       253       265       264
 -1        85    1    0    1
 -2       157       158       170       169       253       254       266       265
 -1        86    1    0    1
 -2       158       159       171       170       254       255       267       266
 -1        87    1    0    1
 -2       160       161       173       172       256       257       269       268
 -1        88    1    0    1
 -2       161       162       174       173       257       258       270       269
 -1        89    1    0    1
 -2       162       163       175       174       258       259       271       270
 -1        90    1    0    1
 -2       163       164       176       175       259       260       272       271
 -1        91    1    0    1
 -2       164       165       177       176       260       261       273       272
 -1        92    1    0    1
 -2       165       166       178       177       261       262       274       273
 -1        93    1    0    1
 -2       166       167       179       178       262       263       275       274
 -1        94    1    0    1
 -2       167       168       180       179       263       264       276       275
 -1        95    1    0    1
 -2       168       169       181       180       264       265       277       276
 -1        96    1    0    1
 -2       169       170       182       181       265       266       278       277
 -1        97    1    0    1
 -2       170       171       183       182       266       267       279       278
 -1        98    1    0    1
 -2       172       173       185       184       268       269       281       280
 -1        99    1    0    1
 -2       173       174       186       185       269       270       282       281
 -1       100    1    0    1
 -2       174       175       187       186       270       271       283       282
 -1       101    1    0    1
 -2       175       176       188       187       271       272       284       283
 -1       102    1    0    1
 -2       176       177       189       188       272       273       285       284
 -1       103    1    0    1
 -2       177       178       190       189       273       274       286       285
 -1       104    1    0    1
 -2       178       179       191       190       274       275       287       286
 -1       105    1    0    1
 -2       179       180       192       191       275       276       288       287
 -1       106    1    0    1
 -2       180       181       193       192       276       277       289       288
 -1       107    1    0    1
 -2       181       182       194       193       277       278       290       289
 -1       108    1    0    1
 -2       182       183       195       194       278       279       291       290
 -1       109    1    0    1
 -2       184       185       197       196       280       281       293       292
 -1       110    1    0    1
 -2       185       186       198       197       281       282       294       293
 -1       111    1    0    1
 -2       186       187       199       198       282       283       295       294
 -1       112    1    0    1
 -2       187       188       200       199       283       284       296       295
 -1       113    1    0    1
 -2       188       189       201       200       284       285       297       296
 -1       114    1    0    1
 -2       189       190       202       201       285       286       298       297
 -1       115    1    0    1
 -2       190       191       203       202       286       287       299       298
 -1       116    1    0    1
 -2       191       192       204       203       287       288       300       299
 -1       117    1    0    1
 -2       192       193       205       204       288       289       301       300
 -1       118    1    0    1
 -2       193       194       206       205       289       290       302       301
 -1       119    1    0    1
 -2       194       195       207       206       290       291       303       302
 -1       120    1    0    1
 -2       196       197       209       208       292       293       305       304
 -1       121    1    0    1
 -2       197       198       210       209       293       294       306       305
 -1       122    1    0    1
 -2       198       199       211       210       294       295       307       306
 -1       123    1    0    1
 -2       199       200       212       211       295       296       308       307
 -1       124    1    0    1
 -2       200       201       213       212       296       297       309       308
 -1       125    1    0    1
 -2       201       202       214       213       297       298       310       309
 -1       126    1    0    1
 -2       202       203       215       214       298       299       311       310
 -1       127    1    0    1
 -2       203       204       216       215       299       300       312       311
 -1       128    1    0    1
 -2       204       205       217       216       300       301       313       312
 -1       129    1    0    1
 -2       205       206       218       217       301       302       314       313
 -1       130    1    0    1
 -2       206       207       219       218       302       303       315       314
 -1       131    1    0    1
 -2       208       209       221       220       304       305       317       316
 -1       132    1    0    1
 -2       209       210       222       221       305       306       318       317
 -1       133    1    0    1
 -2       210       211       223       222       306       307       319       318
 -1       134    1    0    1
 -2       211       212       224       223       307       308       320       319
 -1       135    1    0    1
 -2       212       213       225       224       308       309       321       320
 -1       136    1    0    1
 -2       213       214       226       225       309       310       322       321
 -1       137    1    0    1
 -2       214       215       227       226       310       311       323       322
 -1       138    1    0    1
 -2       215       216       228       227       311       312       324       323
 -1       139    1    0    1
 -2       216       217       229       228       312       313       325       324
 -1       140    1    0    1
 -2       217       218       230       229       313       314       326       325
 -1       141    1    0    1
 -2       218       219       231       230       314       315       327       326
 -1       142    1    0    1
 -2       232       233       245       244       328       329       341       340
 -1       143    1    0    1
 -2       233       234       246       245       329       330       342       341
 -1       144    1    0    1
 -2       234       235       247       246       330       331       343       342
 -1       145    1    0    1
 -2       235       236       248       247       331       332       344       343
 -1       146    1    0    1
 -2       236       237       249       248       332       333       345       344
 -1       147    1    0    1
 -2       237       238       250       249       333       334       346       345
 -1       148    1    0    1
 -2       238       239       251       250       334       335       347       346
 -1       149    1    0    1
 -2       239       240       252       251       335       336       348       347
 -1       150    1    0    1
 -2       240       241       253       252       336       337       349       348
 -1       151    1    0    1
 -2       241       242       254       253       337       338       350       349
 -1       152    1    0    1
 -2       242       243       255       254       338       339       351       350
 -1       153    1    0    1
 -2       244       245       257       256       340       341       353       352
 -1       154    1    0    1
 -2       245       246       258       257       341       342       354       353
 -1       155    1    0    1
 -2       246       247       259       258       342       343       355       354
 -1       156    1    0    1
 -2       247       248       260       259       343       344       356       355
 -1       157    1    0    1
 -2       248       249       261       260       344       345       357       356
 -1       158    1    0    1
 -2       249       250       262       261       345       346       358       357
 -1       159    1    0    1
 -2       250       251       263       262       346       347       359       358
 -1       160    1    0    1
 -2       251       252       264       263       347       348       360       359
 -1       161    1    0    1
 -2       252       253       265       264       348       349       361       360
 -1       162    1    0    1
 -2       253       254       266       265       349       350       362       361
 -1       163    1    0    1
 -2       254       255       267       266       350       351       363       362
 -1       164    1    0    1
 -2       256       257       269       268       352       353       365       364
 -1       165    1    0    1
 -2       257       258       270       269       353       354       366       365
 -1       166    1    0    1
 -2       258       259       271       270       354       355       367       366
 -1       167    1    0    1
 -2       259       260       272       271       355       356       368       367
 -1       168    1    0    1
 -2       260       261       273       272       356       357       369       368
 -1       169    1    0    1
 -2       261       262       274       273       357       358       370       369
 -1       170    1    0    1
 -2       262       263       275       274       358       359       371       370
 -1       171    1    0    1
 -2       263       264       276       275       359       360       372       371
 -1       172    1    0    1
 -2       264       265       277       276       360       361       373       372
 -1       173    1    0    1
 -2       265       266       278       277       361       362       374       373
 -1       174    1    0    1
 -2       266       267       279       278       362       363       375       374
 -1       175    1    0    1
 -2       268       269       281       280       364       365       377       376
 -1       176    1    0    1
 -2       269       270       282       281       365       366       378       377
 -1       177    1    0    1
 -2       270       271       283       282       366       367       379       378
 -1       178    1    0    1
 -2       271       272       284       283       367       368       380       379
 -1       179    1    0    1
 -2       272       273       285       284       368       369       381       380
 -1       180    1    0    1
 -2       273       274       286       285       369       370       382       381
 -1       181    1    0    1
 -2       274       275       287       286       370       371       383       382
 -1       182    1    0    1
 -2       275       276       288       287       371       372       384       383
 -1       183    1    0    1
 -2       276       277       289       288       372       373       385       384
 -1       184    1    0    1
 -2       277       278       290       289       373       374       386       385
 -1       185    1    0    1
 -2       278       279       291       290       374       375       387       386
 -1       186    1    0    1
 -2       280       281       293       292       376       377       389       388
 -1       187    1    0    1
 -2       281       282       294       293       377       378       390       389
 -1       188    1    0    1
 -2       282       283       295       294       378       379       391       390
 -1       189    1    0    1
 -2       283       284       296       295       379       380       392       391
 -1       190    1    0    1
 -2       284       285       297       296       380       381       393       392
 -1       191    1    0    1
 -2       285       286       298       297       381       382       394       393
 -1       192    1    0    1
 -2       286       287       299       298       382       383       395       394
 -1       193    1    0    1
 -2       287       288       300       299       383       384       396       395
 -1       194    1    0    1
 -2       288       289       301       300       384       385       397       396
 -1       195    1    0    1
 -2       289       290       302       301       385       386       398       397
 -1       196    1    0    1
 -2       290       291       303       302       386       387       399       398
 -1       197    1    0    1
 -2       292       293       305       304       388       389       401       400
 -1       198    1    0    1
 -2       293       294       306       305       389       390       402       401
 -1       199    1    0    1
 -2       294       295       307       306       390       391       403       402
 -1       200    1    0    1
 -2       295       296       308       307       391       392       404       403
 -1       201    1    0    1
 -2       296       297       309       308       392       393       405       404
 -1       202    1    0    1
 -2       297       298       310       309       393       394       406       405
 -1       203    1    0    1
 -2       298       299       311       310       394       395       407       406
 -1       204    1    0    1
 -2       299       300       312       311       395       396       408       407
 -1       205    1    0    1
 -2       300       301       313       312       396       397       409       408
 -1       206    1    0    1
 -2       301       302       314       313       397       398       410       409
 -1       207    1    0    1
 -2       302       303       315       314       398       399       411       410
 -1       208    1    0    1
 -2       304       305       317       316       400       401       413       412
 -1       209    1    0    1
 -2       305       306       318       317       401       402       414       413
 -1       210    1    0    1
 -2       306       307       319       318       402       403       415       414
 -1       211    1    0    1
 -2       307       308       320       319       403       404       416       415
 -1       212    1    0    1
 -2       308       309       321       320       404       405       417       416
 -1       213    1    0    1
 -2       309       310       322       321       405       406       418       417
 -1       214    1    0    1
 -2       310       311       323       322       406       407       419       418
 -1       215    1    0    1
 -2       311       312       324       323       407       408       420       419
 -1       216    1    0    1
 -2       312       313       325       324       408       409       421       420
 -1       217    1    0    1
 -2       313       314       326       325       409       410       422       421
 -1       218    1    0    1
 -2       314       315       327       326       410       411       423       422
 -1       219    1    0    1
 -2       328       329       341       340       424       425       437       436
 -1       220    1    0    1
 -2       329       330       342       341       425       426       438       437
 -1       221    1    0    1
 -2       330       331       343       342       426       427       439       438
 -1       222    1    0    1
 -2       331       332       344       343       427       428       440       439
 -1       223    1    0    1
 -2       332       333       345       344       428       429       441       440
 -1       224    1    0    1
 -2       333       334       346       345       429       430       442       441
 -1       225    1    0    1
 -2       334       335       347       346       430       431       443       442
 -1       226    1    0    1
 -2       335       336       348       347       431       432       444       443
 -1       227    1    0    1
 -2       336       337       349       348       432       433       445       444
 -1       228    1    0    1
 -2       337       338       350       349       433       434       446       445
 -1       229    1    0    1
 -2       338       339       351       350       434       435       447       446
 -1       230    1    0    1
 -2       340       341       353       352       436       437       449       448
 -1       231    1    0    1
 -2       341       342       354       353       437       438       450       449
 -1       232    1    0    1
 -2       342       343       355       354       438       439       451       450
 -1       233    1    0    1
 -2       343       344       356       355       439       440       452       451
 -1       234    1    0    1
 -2       344       345       357       356       440       441       453       452
 -1       235    1    0    1
 -2       345       346       358       357       441       442       454       453
 -1       236    1    0    1
 -2       346       347       359       358       442       443       455       454
 -1       237    1    0    1
 -2       347       348       360       359       443       444       456       455
 -1       238    1    0    1
 -2       348       349       361       360       444       445       457       456
 -1       239    1    0    1
 -2       349       350       362       361       445       446       458       457
 -1       240    1    0    1
 -2       350       351       363       362       446       447       459       458
 -1       241    1    0    1
 -2       352       353       365       364       448       449       461       460
 -1       242    1    0    1
 -2       353       354       366       365       449       450       462       461
 -1       243    1    0    1
 -2       354       355       367       366       450       451       463       462
 -1       244    1    0    1
 -2       355       356       368       367       451       452       464       463
 -1       245    1    0    1
 -2       356       357       369       368       452       453       465       464
 -1       246    1    0    1
 -2       357       358       370       369       453       454       466       465
 -1       247    1    0    1
 -2       358       359       371       370       454       455       467       466
 -1       248    1    0    1
 -2       359       360       372       371       455       456       468       467
 -1       249    1    0    1
 -2       360       361       373       372       456       457       469       468
 -1       250    1    0    1
 -2       361       362       374       373       457       458       470       469
 -1       251    1    0    1
 -2       362       363       375       374       458       459       471       470
 -1       252    1    0    1
 -2       364       365       377       376       460       461       473       472
 -1       253    1    0    1
 -2       365       366       378       377       461       462       474       473
 -1       254    1    0    1
 -2       366       367       379       378       462       463       475       474
 -1       255    1    0    1
 -2       367       368       380       379       463       464       476       475
 -1       256    1    0    1
 -2       368       369       381       380       464       465       477       476
 -1       257    1    0    1
 -2       369       370       382       381       465       466       478       477
 -1       258    1    0    1
 -2       370       371       383       382       466       467       479       478
 -1       259    1    0    1
 -2       371       372       384       383       467       468       480       479
 -1       260    1    0    1
 -2       372       373       385       384       468       469       481       480
 -1       261    1    0    1
 -2       373       374       386       385       469       470       482       481
 -1       262    1    0    1
 -2       374       375       387       386       470       471       483       482
 -1       263    1    0    1
 -2       376       377       389       388       472       473       485       484
 -1       264    1    0    1
 -2       377       378       390       389       473       474       486       485
 -1       265    1    0    1
 -2       378       379       391       390       474       475       487       486
 -1       266    1    0    1
 -2       379       380       392       391       475       476       488       487
 -1       267    1    0    1
 -2       380       381       393       392       476       477       489       488
 -1       268    1    0    1
 -2       381       382       394       393       477       478       490       489
 -1       269    1    0    1
 -2       382       383       395       394       478       479       491       490
 -1       270    1    0    1
 -2       383       384       396       395       479       480       492       491
 -1       271    1    0    1
 -2       384       385       397       396       480       481       493       492
 -1       272    1    0    1
 -2       385       386       398       397       481       482       494       493
 -1       273    1    0    1
 -2       386       387       399       398       482       483       495       494
 -1       274    1    0    1
 -2       388       389       401       400       484       485       497       496
 -1       275    1    0    1
 -2       389       390       402       401       485       486       498       497
 -1       276    1    0    1
 -2       390       391       403       402       486       487       499       498
 -1       277    1    0    1
 -2       391       392       404       403       487       488       500       499
 -1       278    1    0    1
 -2       392       393       405       404       488       489       501       500
 -1       279    1    0    1
 -2       393       394       406       405       489       490       502       501
 -1       280    1    0    1
 -2       394       395       407       406       490       491       503       502
 -1       281    1    0    1
 -2       395       396       408       407       491       492       504       503
 -1       282    1    0    1
 -2       396       397       409       408       492       493       505       504
 -1       283    1    0    1
 -2       397       398       410       409       493       494       506       505
 -1       284    1    0    1
 -2       398       399       411       410       494       495       507       506
 -1       285    1    0    1
 -2       400       401       413       412       496       497       509       508
 -1       286    1    0    1
 -2       401       402       414       413       497       498       510       509
 -1       287    1    0    1
 -2       402       403       415       414       498       499       511       510
 -1       288    1    0    1
 -2       403       404       416       415       499       500       512       511
 -1       289    1    0    1
 -2       404       405       417       416       500       501       513       512
 -1       290    1    0    1
 -2       405       406       418       417       501       502       514       513
 -1       291    1    0    1
 -2       406       407       419       418       502       503       515       514
 -1       292    1    0    1
 -2       407       408       420       419       503       504       516       515
 -1       293    1    0    1
 -2       408       409       421       420       504       505       517       516
 -1       294    1    0    1
 -2       409       410       422       421       505       506       518       517
 -1       295    1    0    1
 -2       410       411       423       422       506       507       519       518
 -3
    1PSTEP                         1           1           1          
  100CL  101 1.000000000         519                     0    1           1
 -4  DISP        4    1
 -5  D1          1    2    1    0
 -5  D2          1    2    2    0
 -5  D3          1    2    3    0
 -5  ALL         1    2    0    0    1ALL
 -1         1 0.00000E+00 0.00000E+00 0.00000E+00
 -1         2-4.51250E-03-1.93235E-03-2.32936E-03
 -1         3-8.83517E-03-1.89752E-03-9.10045E-03
 -1         4-1.23349E-02-1.54998E-03-2.05422E-02
 -1         5-1.48474E-02-1.06526E-03-3.50095E-02
 -1         6-1.62271E-02-6.17611E-04-5.11216E-02
 -1         7-1.68143E-02-2.98049E-04-6.76282E-02
 -1         8-1.69919E-02-1.31402E-04-8.39900E-02
 -1         9-1.70279E-02-5.39190E-05-1.00121E-01
 -1        10 0.00000E+00 0.00000E+00 0.00000E+00
 -1        11-4.33924E-03-6.83537E-04-3.43291E-03
 -1        12-8.84441E-03-8.60611E-04-1.03735E-02
 -1        13-1.23644E-02-7.02475E-04-2.15723E-02
 -1        14-1.48873E-02-4.99913E-04-3.56533E-02
 -1        15-1.62893E-02-3.11398E-04-5.14260E-02
 -1        16-1.68742E-02-1.67243E-04-6.77300E-02
 -1        17-1.70328E-02-7.98669E-05-8.39933E-02
 -1        18-1.70671E-02-4.42455E-05-1.00102E-01
 -1        19 0.00000E+00 0.00000E+00 0.00000E+00
 -1        20-4.46540E-03-6.32861E-10-3.66336E-03
 -1        21-8.78669E-03-1.16042E-09-1.07094E-02
 -1        22-1.22797E-02-1.71172E-09-2.18488E-02
 -1        23-1.48058E-02-2.27512E-09-3.58288E-02
 -1        24-1.62387E-02-2.75727E-09-5.15184E-02
 -1        25-1.68549E-02-3.15364E-09-6.77712E-02
 -1        26-1.70320E-02-3.46081E-09-8.40050E-02
 -1        27-1.70751E-02-3.61331E-09-1.00109E-01
 -1        28 0.00000E+00 0.00000E+00 0.00000E+00
 -1        29-4.33924E-03 6.83536E-04-3.43291E-03
 -1        30-8.84441E-03 8.60609E-04-1.03735E-02
 -1        31-1.23644E-02 7.02471E-04-2.15723E-02
 -1        32-1.48873E-02 4.99908E-04-3.56533E-02
 -1        33-1.62893E-02 3.11393E-04-5.14260E-02
 -1        34-1.68742E-02 1.67237E-04-6.77300E-02
 -1        35-1.70328E-02 7.98600E-05-8.39933E-02
 -1        36-1.70671E-02 4.42383E-05-1.00102E-01
 -1        37 0.00000E+00 0.00000E+00 0.00000E+00
 -1        38-4.51250E-03 1.93235E-03-2.32936E-03
 -1        39-8.83517E-03 1.89752E-03-9.10046E-03
 -1        40-1.23349E-02 1.54997E-03-2.05422E-02
 -1        41-1.48474E-02 1.06525E-03-3.50095E-02
 -1        42-1.62271E-02 6.17605E-04-5.11216E-02
 -1        43-1.68143E-02 2.98043E-04-6.76282E-02
 -1        44-1.69919E-02 1.31395E-04-8.39900E-02
 -1        45-1.70279E-02 5.39118E-05-1.00121E-01
 -1        46 0.00000E+00 0.00000E+00 0.00000E+00
 -1        47 7.93732E-07 1.55532E-05-1.37379E-03
 -1        48-9.82927E-06 7.60364E-06-8.48602E-03
 -1        49-3.30375E-04-1.42448E-05-1.99815E-02
 -1        50-4.66994E-04-1.67043E-04-3.48625E-02
 -1        51-5.53314E-04-2.29428E-04-5.10671E-02
 -1        52-7.97991E-04-1.84871E-04-6.75604E-02
 -1        53-9.90852E-04-1.47536E-04-8.40270E-02
 -1        54-1.01093E-03-1.22720E-04-1.00130E-01
 -1        55 0.00000E+00 0.00000E+00 0.00000E+00
 -1        56 2.75397E-06 1.25717E-05-2.40218E-03
 -1        57 4.87026E-05 1.56422E-05-9.71088E-03
 -1        58-2.21188E-04-1.69152E-06-2.09148E-02
 -1        59-4.17378E-04-6.68330E-05-3.53840E-02
 -1        60-5.83770E-04-1.10618E-04-5.13252E-02
 -1        61-8.37472E-04-9.43600E-05-6.76726E-02
 -1        62-1.00712E-03-8.03455E-05-8.40448E-02
 -1        63-1.01369E-03-7.67398E-05-1.00121E-01
 -1        64 0.00000E+00 0.00000E+00 0.00000E+00
 -1        65 1.25189E-05-9.46891E-13-2.55819E-03
 -1        66 8.16379E-05-3.55211E-11-1.00252E-02
 -1        67-1.94462E-04-2.02853E-10-2.11450E-02
 -1        68-4.10419E-04-2.65781E-10-3.55202E-02
 -1        69-5.81538E-04-4.56677E-10-5.14026E-02
 -1        70-8.40445E-04-7.08054E-10-6.77181E-02
 -1        71-1.00981E-03-9.00387E-10-8.40695E-02
 -1        72-1.01317E-03-9.90061E-10-1.00149E-01
 -1        73 0.00000E+00 0.00000E+00 0.00000E+00
 -1        74 2.75397E-06-1.25717E-05-2.40218E-03
 -1        75 4.87025E-05-1.56422E-05-9.71088E-03
 -1        76-2.21188E-04 1.69141E-06-2.09148E-02
 -1        77-4.17378E-04 6.68324E-05-3.53840E-02
 -1        78-5.83770E-04 1.10617E-04-5.13252E-02
 -1        79-8.37472E-04 9.43586E-05-6.76726E-02
 -1        80-1.00712E-03 8.03436E-05-8.40448E-02
 -1        81-1.01369E-03 7.67377E-05-1.00121E-01
 -1        82 0.00000E+00 0.00000E+00 0.00000E+00
 -1        83 7.93716E-07-1.55532E-05-1.37379E-03
 -1        84-9.82920E-06-7.60360E-06-8.48602E-03
 -1        85-3.30375E-04 1.42448E-05-1.99815E-02
 -1        86-4.66994E-04 1.67042E-04-3.48625E-02
 -1        87-5.53314E-04 2.29427E-04-5.10671E-02
 -1        88-7.97991E-04 1.84869E-04-6.75604E-02
 -1        89-9.90852E-04 1.47535E-04-8.40270E-02
 -1        90-1.01093E-03 1.22718E-04-1.00130E-01
 -1        91 0.00000E+00 0.00000E+00 0.00000E+00
 -1        92 4.50045E-03 1.95172E-03-2.33425E-03
 -1        93 8.68986E-03 1.99919E-03-9.01607E-03
 -1        94 1.24028E-02 1.31836E-03-2.02236E-02
 -1        95 1.41929E-02 3.56588E-04-3.54378E-02
 -1        96 1.48279E-02 3.51016E-05-5.13358E-02
 -1        97 1.49633E-02-5.72249E-05-6.75292E-02
 -1        98 1.47757E-02-1.56439E-04-8.40547E-02
 -1        99 1.45895E-02-2.84988E-04-1.00332E-01
 -1       100 0.00000E+00 0.00000E+00 0.00000E+00
 -1       101 4.33614E-03 7.13018E-04-3.44711E-03
 -1       102 8.79236E-03 9.05023E-04-1.03567E-02
 -1       103 1.26513E-02 5.53768E-04-2.09681E-02
 -1       104 1.44096E-02 1.98446E-04-3.56046E-02
 -1       105 1.49167E-02 3.32654E-05-5.14885E-02
 -1       106 1.50102E-02-2.79832E-05-6.76399E-02
 -1       107 1.48283E-02-6.78548E-05-8.41259E-02
 -1       108 1.46617E-02-9.88600E-05-1.00329E-01
 -1       109 0.00000E+00 0.00000E+00 0.00000E+00
 -1       110 4.49076E-03 6.44215E-10-3.68398E-03
 -1       111 8.78469E-03 1.02680E-09-1.07049E-02
 -1       112 1.26168E-02 1.67830E-09-2.12089E-02
 -1       113 1.43767E-02 1.99029E-09-3.57326E-02
 -1       114 1.49207E-02 1.85183E-09-5.15585E-02
 -1       115 1.50109E-02 1.74464E-09-6.76806E-02
 -1       116 1.48238E-02 1.59025E-09-8.41558E-02
 -1       117 1.46679E-02 1.32133E-09-1.00363E-01
 -1       118 0.00000E+00 0.00000E+00 0.00000E+00
 -1       119 4.33614E-03-7.13017E-04-3.44711E-03
 -1       120 8.79236E-03-9.05020E-04-1.03567E-02
 -1       121 1.26513E-02-5.53765E-04-2.09681E-02
 -1       122 1.44096E-02-1.98443E-04-3.56046E-02
 -1       123 1.49167E-02-3.32618E-05-5.14885E-02
 -1       124 1.50102E-02 2.79867E-05-6.76399E-02
 -1       125 1.48283E-02 6.78579E-05-8.41259E-02
 -1       126 1.46617E-02 9.88629E-05-1.00329E-01
 -1       127 0.00000E+00 0.00000E+00 0.00000E+00
 -1       128 4.50045E-03-1.95172E-03-2.33425E-03
 -1       129 8.68986E-03-1.99918E-03-9.01607E-03
 -1       130 1.24028E-02-1.31835E-03-2.02236E-02
 -1       131 1.41929E-02-3.56584E-04-3.54378E-02
 -1       132 1.48279E-02-3.50980E-05-5.13358E-02
 -1       133 1.49633E-02 5.72284E-05-6.75292E-02
 -1       134 1.47757E-02 1.56443E-04-8.40547E-02
 -1       135 1.45895E-02 2.84991E-04-1.00332E-01
 -1       136 1.27608E-02 1.12600E-03-2.32665E-02
 -1       137 1.37372E-02 6.01397E-04-3.15652E-02
 -1       138 1.43776E-02 2.63067E-04-4.00625E-02
 -1       139 1.47240E-02 8.77096E-05-4.87343E-02
 -1       140 1.48796E-02-1.50515E-07-5.75188E-02
 -1       141 1.49535E-02-5.05109E-05-6.63516E-02
 -1       142 1.48746E-02-1.04126E-04-7.53411E-02
 -1       143 1.47723E-02-1.58776E-04-8.43506E-02
 -1       144 1.46707E-02-2.28894E-04-9.32293E-02
 -1       145 1.41639E-02-2.88654E-04-1.03075E-01
 -1       146 1.38885E-02-1.18676E-04-1.12872E-01
 -1       147 1.37354E-02 4.09854E-05-1.23185E-01
 -1       148 1.28992E-02 7.58404E-04-2.36259E-02
 -1       149 1.38657E-02 4.22822E-04-3.17445E-02
 -1       150 1.44802E-02 1.98683E-04-4.01555E-02
 -1       151 1.47867E-02 7.20445E-05-4.88228E-02
 -1       152 1.49212E-02 5.58088E-06-5.75969E-02
 -1       153 1.49820E-02-3.50928E-05-6.64166E-02
 -1       154 1.49029E-02-7.13861E-05-7.53937E-02
 -1       155 1.48026E-02-1.07143E-04-8.43905E-02
 -1       156 1.47071E-02-1.46858E-04-9.32459E-02
 -1       157 1.41584E-02-1.46998E-04-1.03178E-01
 -1       158 1.38712E-02-6.90473E-05-1.12914E-01
 -1       159 1.37596E-02-1.99152E-05-1.22892E-01
 -1       160 1.29981E-02 4.13746E-04-2.39266E-02
 -1       161 1.39573E-02 2.47620E-04-3.19014E-02
 -1       162 1.45539E-02 1.28910E-04-4.02411E-02
 -1       163 1.48334E-02 5.16822E-05-4.89006E-02
 -1       164 1.49528E-02 8.46834E-06-5.76638E-02
 -1       165 1.50035E-02-2.01676E-05-6.64715E-02
 -1       166 1.49240E-02-4.01409E-05-7.54383E-02
 -1       167 1.48247E-02-5.86441E-05-8.44248E-02
 -1       168 1.47346E-02-7.31402E-05-9.32631E-02
 -1       169 1.41963E-02-6.30883E-05-1.03210E-01
 -1       170 1.39328E-02-3.54656E-05-1.12909E-01
 -1       171 1.38199E-02-4.00600E-05-1.22866E-01
 -1       172 1.29786E-02 1.37916E-04-2.40513E-02
 -1       173 1.39383E-02 8.25413E-05-3.19910E-02
 -1       174 1.45413E-02 4.29714E-05-4.03046E-02
 -1       175 1.48322E-02 1.72286E-05-4.89460E-02
 -1       176 1.49543E-02 2.82399E-06-5.76974E-02
 -1       177 1.50041E-02-6.72138E-06-6.64960E-02
 -1       178 1.49230E-02-1.33792E-05-7.54586E-02
 -1       179 1.48222E-02-1.95470E-05-8.44419E-02
 -1       180 1.47355E-02-2.43791E-05-9.32816E-02
 -1       181 1.42187E-02-1.65368E-05-1.03219E-01
 -1       182 1.39666E-02-1.17655E-05-1.12906E-01
 -1       183 1.38525E-02-1.56123E-05-1.22847E-01
 -1       184 1.29786E-02-1.37916E-04-2.40513E-02
 -1       185 1.39383E-02-8.25393E-05-3.19910E-02
 -1       186 1.45413E-02-4.29685E-05-4.03046E-02
 -1       187 1.48322E-02-1.72253E-05-4.89460E-02
 -1       188 1.49543E-02-2.82044E-06-5.76974E-02
 -1       189 1.50041E-02 6.72502E-06-6.64960E-02
 -1       190 1.49230E-02 1.33828E-05-7.54586E-02
 -1       191 1.48222E-02 1.95506E-05-8.44419E-02
 -1       192 1.47355E-02 2.43825E-05-9.32816E-02
 -1       193 1.42187E-02 1.65390E-05-1.03219E-01
 -1       194 1.39666E-02 1.17669E-05-1.12906E-01
 -1       195 1.38525E-02 1.56136E-05-1.22847E-01
 -1       196 1.29981E-02-4.13742E-04-2.39266E-02
 -1       197 1.39573E-02-2.47616E-04-3.19014E-02
 -1       198 1.45539E-02-1.28906E-04-4.02411E-02
 -1       199 1.48334E-02-5.16784E-05-4.89006E-02
 -1       200 1.49528E-02-8.46475E-06-5.76638E-02
 -1       201 1.50035E-02 2.01711E-05-6.64715E-02
 -1       202 1.49240E-02 4.01441E-05-7.54383E-02
 -1       203 1.48247E-02 5.86471E-05-8.44248E-02
 -1       204 1.47346E-02 7.31430E-05-9.32631E-02
 -1       205 1.41963E-02 6.30900E-05-1.03210E-01
 -1       206 1.39328E-02 3.54666E-05-1.12909E-01
 -1       207 1.38199E-02 4.00610E-05-1.22866E-01
 -1       208 1.28992E-02-7.58406E-04-2.36259E-02
 -1       209 1.38657E-02-4.22821E-04-3.17445E-02
 -1       210 1.44802E-02-1.98681E-04-4.01555E-02
 -1       211 1.47867E-02-7.20411E-05-4.88228E-02
 -1       212 1.49212E-02-5.57724E-06-5.75969E-02
 -1       213 1.49820E-02 3.50966E-05-6.64166E-02
 -1       214 1.49029E-02 7.13899E-05-7.53937E-02
 -1       215 1.48026E-02 1.07147E-04-8.43906E-02
 -1       216 1.47071E-02 1.46862E-04-9.32459E-02
 -1       217 1.41584E-02 1.47001E-04-1.03178E-01
 -1       218 1.38712E-02 6.90487E-05-1.12914E-01
 -1       219 1.37596E-02 1.99147E-05-1.22892E-01
 -1       220 1.27608E-02-1.12600E-03-2.32665E-02
 -1       221 1.37372E-02-6.01393E-04-3.15652E-02
 -1       222 1.43776E-02-2.63064E-04-4.00625E-02
 -1       223 1.47240E-02-8.77060E-05-4.87343E-02
 -1       224 1.48796E-02 1.54082E-07-5.75188E-02
 -1       225 1.49535E-02 5.05145E-05-6.63516E-02
 -1       226 1.48746E-02 1.04129E-04-7.53411E-02
 -1       227 1.47723E-02 1.58780E-04-8.43506E-02
 -1       228 1.46707E-02 2.28898E-04-9.32293E-02
 -1       229 1.41639E-02 2.88656E-04-1.03075E-01
 -1       230 1.38885E-02 1.18676E-04-1.12872E-01
 -1       231 1.37354E-02-4.09869E-05-1.23185E-01
 -1       232 2.48105E-02 5.75899E-04-2.30684E-02
 -1       233 2.47296E-02 4.19427E-04-3.20271E-02
 -1       234 2.49928E-02 2.73936E-04-4.04356E-02
 -1       235 2.52859E-02 1.65562E-04-4.89841E-02
 -1       236 2.55008E-02 1.01088E-04-5.76438E-02
 -1       237 2.56209E-02 5.31908E-05-6.64103E-02
 -1       238 2.56803E-02 1.37696E-05-7.52916E-02
 -1       239 2.56615E-02-4.61005E-05-8.42760E-02
 -1       240 2.56648E-02-1.33487E-04-9.34505E-02
 -1       241 2.57524E-02-9.91811E-05-1.02985E-01
 -1       242 2.57287E-02-6.74906E-05-1.12899E-01
 -1       243 2.57060E-02-3.06646E-05-1.22851E-01
 -1       244 2.49842E-02 4.75476E-04-2.29691E-02
 -1       245 2.48529E-02 3.58091E-04-3.19840E-02
 -1       246 2.50899E-02 2.21235E-04-4.04461E-02
 -1       247 2.53547E-02 1.29782E-04-4.90278E-02
 -1       248 2.55445E-02 7.47404E-05-5.77089E-02
 -1       249 2.56552E-02 3.80973E-05-6.64866E-02
 -1       250 2.57165E-02 4.48011E-06-7.53758E-02
 -1       251 2.57040E-02-3.80990E-05-8.43632E-02
 -1       252 2.56949E-02-7.48551E-05-9.35419E-02
 -1       253 2.57551E-02-7.06449E-05-1.03061E-01
 -1       254 2.56996E-02-4.89466E-05-1.12928E-01
 -1       255 2.56721E-02-4.77212E-05-1.22730E-01
 -1       256 2.50458E-02 2.88643E-04-2.31234E-02
 -1       257 2.48825E-02 2.28659E-04-3.20890E-02
 -1       258 2.51205E-02 1.43695E-04-4.05021E-02
 -1       259 2.53854E-02 8.46556E-05-4.90732E-02
 -1       260 2.55678E-02 4.78562E-05-5.77554E-02
 -1       261 2.56738E-02 2.37017E-05-6.65329E-02
 -1       262 2.57310E-02 2.18539E-06-7.54197E-02
 -1       263 2.57136E-02-1.91532E-05-8.44004E-02
 -1       264 2.57108E-02-3.37112E-05-9.35726E-02
 -1       265 2.57802E-02-3.48204E-05-1.03081E-01
 -1       266 2.57184E-02-2.78431E-05-1.12917E-01
 -1       267 2.56853E-02-3.25424E-05-1.22701E-01
 -1       268 2.50724E-02 9.19750E-05-2.31987E-02
 -1       269 2.48940E-02 7.73509E-05-3.21545E-02
 -1       270 2.51327E-02 5.08222E-05-4.05436E-02
 -1       271 2.53974E-02 3.02985E-05-4.91049E-02
 -1       272 2.55785E-02 1.68641E-05-5.77821E-02
 -1       273 2.56825E-02 7.98173E-06-6.65568E-02
 -1       274 2.57373E-02 9.61744E-07-7.54403E-02
 -1       275 2.57204E-02-4.98774E-06-8.44174E-02
 -1       276 2.57215E-02-8.47290E-06-9.35860E-02
 -1       277 2.57937E-02-9.94639E-06-1.03087E-01
 -1       278 2.57352E-02-9.00813E-06-1.12916E-01
 -1       279 2.57017E-02-1.30734E-05-1.22688E-01
 -1       280 2.50724E-02-9.19703E-05-2.31987E-02
 -1       281 2.48940E-02-7.73458E-05-3.21545E-02
 -1       282 2.51327E-02-5.08165E-05-4.05436E-02
 -1       283 2.53974E-02-3.02923E-05-4.91049E-02
 -1       284 2.55785E-02-1.68576E-05-5.77821E-02
 -1       285 2.56825E-02-7.97510E-06-6.65568E-02
 -1       286 2.57373E-02-9.54988E-07-7.54403E-02
 -1       287 2.57204E-02 4.99454E-06-8.44174E-02
 -1       288 2.57215E-02 8.47952E-06-9.35860E-02
 -1       289 2.57937E-02 9.95281E-06-1.03087E-01
 -1       290 2.57352E-02 9.01423E-06-1.12916E-01
 -1       291 2.57017E-02 1.30795E-05-1.22688E-01
 -1       292 2.50458E-02-2.88636E-04-2.31235E-02
 -1       293 2.48825E-02-2.28652E-04-3.20890E-02
 -1       294 2.51205E-02-1.43688E-04-4.05021E-02
 -1       295 2.53854E-02-8.46486E-05-4.90732E-02
 -1       296 2.55678E-02-4.78493E-05-5.77554E-02
 -1       297 2.56738E-02-2.36948E-05-6.65330E-02
 -1       298 2.57310E-02-2.17855E-06-7.54197E-02
 -1       299 2.57136E-02 1.91600E-05-8.44004E-02
 -1       300 2.57108E-02 3.37176E-05-9.35726E-02
 -1       301 2.57802E-02 3.48265E-05-1.03081E-01
 -1       302 2.57184E-02 2.78490E-05-1.12917E-01
 -1       303 2.56853E-02 3.25479E-05-1.22701E-01
 -1       304 2.49842E-02-4.75471E-04-2.29691E-02
 -1       305 2.48529E-02-3.58086E-04-3.19840E-02
 -1       306 2.50899E-02-2.21229E-04-4.04461E-02
 -1       307 2.53547E-02-1.29776E-04-4.90278E-02
 -1       308 2.55445E-02-7.47339E-05-5.77089E-02
 -1       309 2.56552E-02-3.80906E-05-6.64866E-02
 -1       310 2.57165E-02-4.47331E-06-7.53758E-02
 -1       311 2.57040E-02 3.81061E-05-8.43632E-02
 -1       312 2.56949E-02 7.48626E-05-9.35419E-02
 -1       313 2.57551E-02 7.06518E-05-1.03061E-01
 -1       314 2.56996E-02 4.89528E-05-1.12928E-01
 -1       315 2.56721E-02 4.77270E-05-1.22730E-01
 -1       316 2.48105E-02-5.75892E-04-2.30684E-02
 -1       317 2.47296E-02-4.19420E-04-3.20271E-02
 -1       318 2.49928E-02-2.73929E-04-4.04356E-02
 -1       319 2.52859E-02-1.65555E-04-4.89841E-02
 -1       320 2.55008E-02-1.01081E-04-5.76439E-02
 -1       321 2.56209E-02-5.31839E-05-6.64103E-02
 -1       322 2.56803E-02-1.37627E-05-7.52916E-02
 -1       323 2.56615E-02 4.61074E-05-8.42760E-02
 -1       324 2.56648E-02 1.33494E-04-9.34506E-02
 -1       325 2.57524E-02 9.91875E-05-1.02985E-01
 -1       326 2.57287E-02 6.74966E-05-1.12899E-01
 -1       327 2.57060E-02 3.06705E-05-1.22851E-01
 -1       328 3.58417E-02 2.54233E-04-2.30556E-02
 -1       329 3.58881E-02 2.51293E-04-3.19054E-02
 -1       330 3.59304E-02 2.16466E-04-4.05910E-02
 -1       331 3.60933E-02 1.89868E-04-4.91488E-02
 -1       332 3.62829E-02 1.77349E-04-5.77612E-02
 -1       333 3.64668E-02 1.69870E-04-6.64745E-02
 -1       334 3.66296E-02 1.53139E-04-7.53136E-02
 -1       335 3.67972E-02 1.21305E-04-8.43191E-02
 -1       336 3.69710E-02 8.72881E-05-9.35728E-02
 -1       337 3.71113E-02 4.20944E-05-1.03104E-01
 -1       338 3.71951E-02 1.22699E-05-1.12905E-01
 -1       339 3.72190E-02-1.71841E-05-1.22842E-01
 -1       340 3.58620E-02 2.41718E-04-2.29833E-02
 -1       341 3.59299E-02 2.07526E-04-3.18366E-02
 -1       342 3.59662E-02 1.73310E-04-4.05701E-02
 -1       343 3.61168E-02 1.44284E-04-4.91679E-02
 -1       344 3.62982E-02 1.28354E-04-5.78138E-02
 -1       345 3.64813E-02 1.18198E-04-6.65533E-02
 -1       346 3.66509E-02 1.03595E-04-7.54104E-02
 -1       347 3.68263E-02 7.89959E-05-8.44280E-02
 -1       348 3.70027E-02 5.02925E-05-9.36816E-02
 -1       349 3.71406E-02 2.34814E-05-1.03183E-01
 -1       350 3.72340E-02 2.36966E-06-1.12931E-01
 -1       351 3.72566E-02-2.21638E-06-1.22722E-01
 -1       352 3.58967E-02 1.77508E-04-2.30101E-02
 -1       353 3.59663E-02 1.47372E-04-3.18528E-02
 -1       354 3.59944E-02 1.15929E-04-4.05933E-02
 -1       355 3.61420E-02 9.20796E-05-4.91975E-02
 -1       356 3.63204E-02 7.80412E-05-5.78522E-02
 -1       357 3.64999E-02 6.88156E-05-6.65991E-02
 -1       358 3.66675E-02 5.82064E-05-7.54599E-02
 -1       359 3.68422E-02 4.33559E-05-8.44763E-02
 -1       360 3.70177E-02 2.62859E-05-9.37211E-02
 -1       361 3.71527E-02 9.93136E-06-1.03209E-01
 -1       362 3.72430E-02-2.47902E-06-1.12919E-01
 -1       363 3.72632E-02-7.72727E-06-1.22693E-01
 -1       364 3.59123E-02 6.28325E-05-2.30570E-02
 -1       365 3.59822E-02 5.23584E-05-3.18889E-02
 -1       366 3.60090E-02 4.04159E-05-4.06197E-02
 -1       367 3.61566E-02 3.15400E-05-4.92188E-02
 -1       368 3.63341E-02 2.62477E-05-5.78734E-02
 -1       369 3.65114E-02 2.26367E-05-6.66205E-02
 -1       370 3.66764E-02 1.87976E-05-7.54804E-02
 -1       371 3.68492E-02 1.38263E-05-8.44938E-02
 -1       372 3.70230E-02 8.07902E-06-9.37335E-02
 -1       373 3.71564E-02 2.78002E-06-1.03214E-01
 -1       374 3.72448E-02-1.12738E-06-1.12917E-01
 -1       375 3.72632E-02-2.35224E-06-1.22682E-01
 -1       376 3.59123E-02-6.28238E-05-2.30570E-02
 -1       377 3.59822E-02-5.23496E-05-3.18889E-02
 -1       378 3.60090E-02-4.04069E-05-4.06197E-02
 -1       379 3.61566E-02-3.15307E-05-4.92188E-02
 -1       380 3.63341E-02-2.62382E-05-5.78734E-02
 -1       381 3.65114E-02-2.26270E-05-6.66205E-02
 -1       382 3.66764E-02-1.87877E-05-7.54804E-02
 -1       383 3.68492E-02-1.38161E-05-8.44938E-02
 -1       384 3.70230E-02-8.06861E-06-9.37335E-02
 -1       385 3.71564E-02-2.76946E-06-1.03214E-01
 -1       386 3.72448E-02 1.13795E-06-1.12917E-01
 -1       387 3.72632E-02 2.36244E-06-1.22682E-01
 -1       388 3.58967E-02-1.77497E-04-2.30101E-02
 -1       389 3.59663E-02-1.47362E-04-3.18528E-02
 -1       390 3.59944E-02-1.15919E-04-4.05933E-02
 -1       391 3.61420E-02-9.20695E-05-4.91975E-02
 -1       392 3.63204E-02-7.80309E-05-5.78523E-02
 -1       393 3.64999E-02-6.88052E-05-6.65991E-02
 -1       394 3.66675E-02-5.81959E-05-7.54600E-02
 -1       395 3.68422E-02-4.33453E-05-8.44763E-02
 -1       396 3.70177E-02-2.62752E-05-9.37211E-02
 -1       397 3.71527E-02-9.92068E-06-1.03209E-01
 -1       398 3.72430E-02 2.48966E-06-1.12919E-01
 -1       399 3.72632E-02 7.73776E-06-1.22693E-01
 -1       400 3.58620E-02-2.41708E-04-2.29833E-02
 -1       401 3.59299E-02-2.07517E-04-3.18366E-02
 -1       402 3.59662E-02-1.73300E-04-4.05701E-02
 -1       403 3.61168E-02-1.44275E-04-4.91679E-02
 -1       404 3.62982E-02-1.28345E-04-5.78138E-02
 -1       405 3.64813E-02-1.18188E-04-6.65533E-02
 -1       406 3.66509E-02-1.03585E-04-7.54104E-02
 -1       407 3.68263E-02-7.89860E-05-8.44280E-02
 -1       408 3.70027E-02-5.02823E-05-9.36816E-02
 -1       409 3.71406E-02-2.34710E-05-1.03183E-01
 -1       410 3.72340E-02-2.35916E-06-1.12931E-01
 -1       411 3.72566E-02 2.22663E-06-1.22722E-01
 -1       412 3.58417E-02-2.54222E-04-2.30556E-02
 -1       413 3.58881E-02-2.51283E-04-3.19054E-02
 -1       414 3.59304E-02-2.16456E-04-4.05910E-02
 -1       415 3.60933E-02-1.89858E-04-4.91488E-02
 -1       416 3.62829E-02-1.77339E-04-5.77612E-02
 -1       417 3.64668E-02-1.69860E-04-6.64745E-02
 -1       418 3.66296E-02-1.53129E-04-7.53136E-02
 -1       419 3.67972E-02-1.21294E-04-8.43191E-02
 -1       420 3.69710E-02-8.72775E-05-9.35729E-02
 -1       421 3.71113E-02-4.20837E-05-1.03104E-01
 -1       422 3.71951E-02-1.22593E-05-1.12905E-01
 -1       423 3.72190E-02 1.71942E-05-1.22842E-01
 -1       424 4.67062E-02 1.53106E-04-2.30603E-02
 -1       425 4.66844E-02 1.46907E-04-3.18786E-02
 -1       426 4.67157E-02 1.67836E-04-4.05955E-02
 -1       427 4.68059E-02 2.01981E-04-4.92342E-02
 -1       428 4.70079E-02 2.49070E-04-5.78556E-02
 -1       429 4.72815E-02 2.87780E-04-6.65651E-02
 -1       430 4.76103E-02 3.07673E-04-7.54073E-02
 -1       431 4.79768E-02 3.01599E-04-8.44361E-02
 -1       432 4.83528E-02 2.62506E-04-9.36913E-02
 -1       433 4.86995E-02 1.89001E-04-1.03209E-01
 -1       434 4.89596E-02 6.35881E-05-1.12925E-01
 -1       435 4.91245E-02-8.83880E-05-1.23150E-01
 -1       436 4.67171E-02 1.52573E-04-2.30054E-02
 -1       437 4.66999E-02 1.41050E-04-3.18267E-02
 -1       438 4.67325E-02 1.43328E-04-4.05687E-02
 -1       439 4.68155E-02 1.56262E-04-4.92468E-02
 -1       440 4.70125E-02 1.76864E-04-5.79062E-02
 -1       441 4.72886E-02 1.95565E-04-6.66470E-02
 -1       442 4.76252E-02 2.02017E-04-7.55124E-02
 -1       443 4.80011E-02 1.91237E-04-8.45535E-02
 -1       444 4.83853E-02 1.59085E-04-9.38029E-02
 -1       445 4.87387E-02 1.01856E-04-1.03293E-01
 -1       446 4.89827E-02 1.94371E-05-1.12962E-01
 -1       447 4.91046E-02-2.91881E-05-1.22858E-01
 -1       448 4.67359E-02 1.24991E-04-2.29948E-02
 -1       449 4.67278E-02 1.10743E-04-3.18174E-02
 -1       450 4.67687E-02 1.03274E-04-4.05703E-02
 -1       451 4.68510E-02 1.02361E-04-4.92664E-02
 -1       452 4.70446E-02 1.06706E-04-5.79408E-02
 -1       453 4.73157E-02 1.11484E-04-6.66944E-02
 -1       454 4.76470E-02 1.10550E-04-7.55680E-02
 -1       455 4.80164E-02 9.96704E-05-8.46109E-02
 -1       456 4.83909E-02 7.71072E-05-9.38543E-02
 -1       457 4.87278E-02 4.35508E-05-1.03325E-01
 -1       458 4.89507E-02 6.40543E-06-1.12957E-01
 -1       459 4.90662E-02-2.35973E-07-1.22834E-01
 -1       460 4.67453E-02 5.01558E-05-2.30114E-02
 -1       461 4.67439E-02 4.39560E-05-3.18306E-02
 -1       462 4.67886E-02 3.85839E-05-4.05838E-02
 -1       463 4.68713E-02 3.61139E-05-4.92823E-02
 -1       464 4.70636E-02 3.58529E-05-5.79595E-02
 -1       465 4.73316E-02 3.60927E-05-6.67161E-02
 -1       466 4.76586E-02 3.47533E-05-7.55910E-02
 -1       467 4.80225E-02 3.03670E-05-8.46322E-02
 -1       468 4.83899E-02 2.24527E-05-9.38708E-02
 -1       469 4.87179E-02 1.17323E-05-1.03333E-01
 -1       470 4.89353E-02 2.25825E-06-1.12955E-01
 -1       471 4.90525E-02 6.68806E-07-1.22818E-01
 -1       472 4.67453E-02-5.01438E-05-2.30114E-02
 -1       473 4.67439E-02-4.39440E-05-3.18306E-02
 -1       474 4.67886E-02-3.85717E-05-4.05838E-02
 -1       475 4.68713E-02-3.61016E-05-4.92823E-02
 -1       476 4.70636E-02-3.58404E-05-5.79595E-02
 -1       477 4.73316E-02-3.60799E-05-6.67161E-02
 -1       478 4.76586E-02-3.47402E-05-7.55910E-02
 -1       479 4.80225E-02-3.03534E-05-8.46322E-02
 -1       480 4.83899E-02-2.24385E-05-9.38708E-02
 -1       481 4.87179E-02-1.17174E-05-1.03333E-01
 -1       482 4.89353E-02-2.24290E-06-1.12955E-01
 -1       483 4.90525E-02-6.53708E-07-1.22818E-01
 -1       484 4.67359E-02-1.24978E-04-2.29948E-02
 -1       485 4.67278E-02-1.10730E-04-3.18174E-02
 -1       486 4.67687E-02-1.03261E-04-4.05703E-02
 -1       487 4.68510E-02-1.02348E-04-4.92664E-02
 -1       488 4.70446E-02-1.06693E-04-5.79408E-02
 -1       489 4.73157E-02-1.11470E-04-6.66944E-02
 -1       490 4.76470E-02-1.10536E-04-7.55680E-02
 -1       491 4.80164E-02-9.96559E-05-8.46109E-02
 -1       492 4.83909E-02-7.70923E-05-9.38543E-02
 -1       493 4.87278E-02-4.35355E-05-1.03325E-01
 -1       494 4.89507E-02-6.38997E-06-1.12957E-01
 -1       495 4.90662E-02 2.51003E-07-1.22834E-01
 -1       496 4.67171E-02-1.52560E-04-2.30054E-02
 -1       497 4.66999E-02-1.41037E-04-3.18267E-02
 -1       498 4.67325E-02-1.43316E-04-4.05687E-02
 -1       499 4.68155E-02-1.56249E-04-4.92468E-02
 -1       500 4.70125E-02-1.76852E-04-5.79062E-02
 -1       501 4.72886E-02-1.95553E-04-6.66470E-02
 -1       502 4.76252E-02-2.02004E-04-7.55124E-02
 -1       503 4.80011E-02-1.91224E-04-8.45535E-02
 -1       504 4.83853E-02-1.59071E-04-9.38029E-02
 -1       505 4.87387E-02-1.01842E-04-1.03293E-01
 -1       506 4.89827E-02-1.94217E-05-1.12962E-01
 -1       507 4.91046E-02 2.92048E-05-1.22858E-01
 -1       508 4.67062E-02-1.53093E-04-2.30603E-02
 -1       509 4.66844E-02-1.46894E-04-3.18787E-02
 -1       510 4.67157E-02-1.67823E-04-4.05955E-02
 -1       511 4.68059E-02-2.01968E-04-4.92342E-02
 -1       512 4.70079E-02-2.49057E-04-5.78556E-02
 -1       513 4.72815E-02-2.87767E-04-6.65651E-02
 -1       514 4.76103E-02-3.07660E-04-7.54073E-02
 -1       515 4.79768E-02-3.01585E-04-8.44361E-02
 -1       516 4.83528E-02-2.62491E-04-9.36913E-02
 -1       517 4.86996E-02-1.88987E-04-1.03209E-01
 -1       518 4.89596E-02-6.35724E-05-1.12925E-01
 -1       519 4.91245E-02 8.84054E-05-1.23150E-01
 -3
    1PSTEP                         2           1           1          
  100CL  101 1.000000000         519                     0    1           1
 -4  STRESS      6    1
 -5  SXX         1    4    1    1
 -5  SYY         1    4    2    2
 -5  SZZ         1    4    3    3
 -5  SXY         1    4    1    2
 -5  SYZ         1    4    2    3
 -5  SZX         1    4    3    1
 -1         1-2.15156E+02-7.96923E+01-5.42396E+01-2.54755E+01-4.75181E+00 6.15526E+00
 -1         2-1.90155E+02 5.07221E-01 1.51567E+01-1.10252E+01 6.90749E+00 1.99819E+00
 -1         3-1.64402E+02-5.39844E+00-5.25099E-02 2.47575E+00 2.38283E+00-1.10060E+01
 -1         4-1.27350E+02-9.87389E-01 2.97855E+00 5.27700E+00 2.51498E+00-2.05701E+01
 -1         5-8.41365E+01-3.48376E+00-8.23594E+00 5.94213E+00 9.49214E-01-2.12227E+01
 -1         6-4.29127E+01-1.54524E+00-5.82271E+00 4.48716E+00-1.15274E-02-1.46009E+01
 -1         7-1.64860E+01 3.18047E-01-1.11568E+00 2.44031E+00-3.04091E-01-8.65595E+00
 -1         8-4.66321E+00-7.65237E-02-2.87264E+00 9.23101E-01-3.56788E-01-4.12935E+00
 -1         9-1.78152E+00-3.46624E-01-6.00311E-01 3.02348E-01-6.98838E-01-1.77113E+00
 -1        10-2.07002E+02-7.77728E+01-5.00470E+01-1.20835E+01 1.42406E+00-1.14403E+01
 -1        11-1.93818E+02-1.31781E+01 1.45792E+01-6.74991E+00 2.11877E+00-1.08661E+01
 -1        12-1.70731E+02-1.12559E+01-4.32991E-01 6.31276E-01 2.60007E+00-9.36509E+00
 -1        13-1.27952E+02-4.11223E+00 6.39727E+00 3.31533E+00 1.74724E+00-1.32596E+01
 -1        14-8.33226E+01-3.61572E+00-2.79429E+00 3.60343E+00 1.09725E+00-1.39643E+01
 -1        15-4.25542E+01-1.01035E+00-3.66037E+00 2.82936E+00 2.82933E-01-9.84061E+00
 -1        16-1.58251E+01 1.02879E+00-1.20362E+00 1.65529E+00-6.80963E-02-5.97599E+00
 -1        17-4.11934E+00 4.75370E-01-3.17604E+00 6.80822E-01-2.97809E-01-2.77685E+00
 -1        18-1.56749E+00 3.83742E-01-6.87859E-01 2.23077E-01-5.83890E-01-8.86030E-01
 -1        19-2.14259E+02-7.95667E+01-5.15916E+01-1.15004E-05 1.36013E-07-1.49322E+01
 -1        20-1.95639E+02-2.61497E+01 1.47382E+01-1.47471E-05 1.33233E-06-1.11981E+01
 -1        21-1.66585E+02-1.40761E+01 2.11893E+00-1.48596E-05-1.00738E-07-1.01850E+01
 -1        22-1.27785E+02-6.74848E+00 8.08100E+00-1.50215E-05-2.20105E-06-1.29113E+01
 -1        23-8.42065E+01-4.96430E+00-1.71572E+00-1.22979E-05-1.01425E-06-1.37293E+01
 -1        24-4.38815E+01-1.12408E+00-3.51256E+00-8.77107E-06-4.31146E-07-9.66947E+00
 -1        25-1.67513E+01 1.67807E+00-1.52723E+00-6.20791E-06-7.44628E-07-5.76551E+00
 -1        26-4.67291E+00 9.96954E-01-3.75318E+00-3.74049E-06-9.21773E-07-2.56742E+00
 -1        27-2.08370E+00 9.39764E-01-1.58353E+00-2.10236E-06-9.78256E-07-7.18296E-01
 -1        28-2.07002E+02-7.77728E+01-5.00470E+01 1.20835E+01-1.42406E+00-1.14403E+01
 -1        29-1.93818E+02-1.31781E+01 1.45792E+01 6.74988E+00-2.11877E+00-1.08661E+01
 -1        30-1.70731E+02-1.12559E+01-4.32998E-01-6.31302E-01-2.60007E+00-9.36510E+00
 -1        31-1.27952E+02-4.11223E+00 6.39726E+00-3.31535E+00-1.74724E+00-1.32596E+01
 -1        32-8.33225E+01-3.61571E+00-2.79428E+00-3.60345E+00-1.09726E+00-1.39643E+01
 -1        33-4.25542E+01-1.01035E+00-3.66037E+00-2.82937E+00-2.82934E-01-9.84061E+00
 -1        34-1.58251E+01 1.02879E+00-1.20362E+00-1.65530E+00 6.80948E-02-5.97599E+00
 -1        35-4.11934E+00 4.75371E-01-3.17604E+00-6.80827E-01 2.97807E-01-2.77685E+00
 -1        36-1.56749E+00 3.83742E-01-6.87856E-01-2.23080E-01 5.83887E-01-8.86031E-01
 -1        37-2.15156E+02-7.96923E+01-5.42396E+01 2.54755E+01 4.75181E+00 6.15523E+00
 -1        38-1.90155E+02 5.07223E-01 1.51567E+01 1.10252E+01-6.90749E+00 1.99816E+00
 -1        39-1.64402E+02-5.39844E+00-5.25074E-02-2.47577E+00-2.38283E+00-1.10061E+01
 -1        40-1.27349E+02-9.87388E-01 2.97855E+00-5.27702E+00-2.51498E+00-2.05701E+01
 -1        41-8.41365E+01-3.48376E+00-8.23595E+00-5.94214E+00-9.49215E-01-2.12227E+01
 -1        42-4.29126E+01-1.54524E+00-5.82271E+00-4.48717E+00 1.15257E-02-1.46009E+01
 -1        43-1.64860E+01 3.18049E-01-1.11568E+00-2.44032E+00 3.04090E-01-8.65596E+00
 -1        44-4.66321E+00-7.65246E-02-2.87265E+00-9.23103E-01 3.56785E-01-4.12936E+00
 -1        45-1.78152E+00-3.46626E-01-6.00315E-01-3.02350E-01 6.98835E-01-1.77113E+00
 -1        46-3.81061E-03 2.57035E-03-1.42740E-02 2.85588E-01-5.34520E+00 5.46474E+00
 -1        47-3.97782E-01-3.05747E-01-6.69567E-01 2.37842E-01 7.09646E+00 1.56269E+00
 -1        48-5.50762E+00-1.83940E-01 1.64794E+00 8.39599E-01 2.84583E+00-9.15173E+00
 -1        49-1.00124E+01 2.17972E-01 5.05811E+00 6.16114E-01 2.20747E+00-1.80486E+01
 -1        50-8.11414E+00-1.20675E+00-1.33857E+01-6.48973E-01 2.82876E-01-2.02889E+01
 -1        51-8.96097E+00 3.76279E-01-7.93133E+00-6.49735E-01 1.29835E-02-1.46544E+01
 -1        52-9.94418E+00 7.37612E-01-5.67006E-01-1.16361E-01-3.01987E-01-1.04245E+01
 -1        53-5.02493E+00 3.54877E-01-3.04680E+00 1.62045E-01-4.03128E-01-7.05438E+00
 -1        54-2.27522E+00-5.94244E-01-5.88116E+00 2.85716E-01-1.35629E+00-4.91738E+00
 -1        55 1.00730E-02 4.43528E-02-4.82627E-03 2.05185E-01 7.83432E-01-1.15227E+01
 -1        56 9.56032E-01-1.89211E-01-4.35469E-01 3.06846E-01 2.57071E+00-1.10867E+01
 -1        57-3.66377E+00-1.38772E+00 5.17982E-01 6.49878E-01 2.56524E+00-7.30049E+00
 -1        58-8.19862E+00 8.78435E-01 1.19919E+01 1.51479E-01 1.33155E+00-9.97526E+00
 -1        59-7.65789E+00-9.10156E-02-2.81712E+00-5.22940E-01 7.61703E-01-1.27650E+01
 -1        60-1.00417E+01 4.40557E-02-5.19670E+00-2.34901E-01 1.94610E-01-1.02092E+01
 -1        61-9.71599E+00 6.63665E-01-7.44740E-01 1.62800E-02-1.98573E-01-7.65518E+00
 -1        62-4.61627E+00 3.56100E-01-4.45225E+00-2.37135E-02-3.87627E-01-5.29955E+00
 -1        63-1.39849E+00 4.16337E-01-5.79252E+00-4.22516E-02-7.78701E-01-3.56551E+00
 -1        64 3.66508E-01 4.49229E-02 9.50232E-02-1.26712E-08-5.20958E-07-1.44180E+01
 -1        65 1.66473E+00-2.46533E-01-3.86134E-01-1.64893E-07 2.53135E-06-1.13879E+01
 -1        66-3.04674E+00-1.48539E+00 5.11124E-01-2.77593E-06-1.90455E-06-8.24599E+00
 -1        67-8.60438E+00 1.31381E+00 1.29466E+01-2.39805E-07-2.10783E-06-9.35168E+00
 -1        68-8.09858E+00-3.28532E-01-1.94557E+00-1.62225E-06 6.88299E-08-1.24573E+01
 -1        69-9.98638E+00 1.91274E-01-4.69587E+00-3.01243E-06 1.57854E-07-9.93277E+00
 -1        70-9.72783E+00 9.05167E-01-7.00596E-01-2.79298E-06-3.60755E-07-7.41273E+00
 -1        71-4.49406E+00 6.73554E-01-4.80330E+00-1.15290E-06-7.19317E-07-5.18560E+00
 -1        72-1.25265E+00 1.03896E+00-6.31074E+00-3.46379E-07-1.93387E-06-3.49624E+00
 -1        73 1.00733E-02 4.43528E-02-4.82620E-03-2.05185E-01-7.83432E-01-1.15227E+01
 -1        74 9.56030E-01-1.89211E-01-4.35469E-01-3.06846E-01-2.57071E+00-1.10867E+01
 -1        75-3.66377E+00-1.38771E+00 5.17986E-01-6.49878E-01-2.56523E+00-7.30050E+00
 -1        76-8.19862E+00 8.78438E-01 1.19919E+01-1.51483E-01-1.33155E+00-9.97528E+00
 -1        77-7.65789E+00-9.10185E-02-2.81712E+00 5.22936E-01-7.61705E-01-1.27650E+01
 -1        78-1.00417E+01 4.40520E-02-5.19670E+00 2.34897E-01-1.94611E-01-1.02092E+01
 -1        79-9.71599E+00 6.63662E-01-7.44738E-01-1.62839E-02 1.98572E-01-7.65518E+00
 -1        80-4.61627E+00 3.56096E-01-4.45225E+00 2.37109E-02 3.87623E-01-5.29955E+00
 -1        81-1.39849E+00 4.16333E-01-5.79251E+00 4.22515E-02 7.78697E-01-3.56551E+00
 -1        82-3.81124E-03 2.57035E-03-1.42741E-02-2.85588E-01 5.34520E+00 5.46472E+00
 -1        83-3.97780E-01-3.05746E-01-6.69566E-01-2.37842E-01-7.09646E+00 1.56267E+00
 -1        84-5.50762E+00-1.83946E-01 1.64794E+00-8.39595E-01-2.84583E+00-9.15176E+00
 -1        85-1.00124E+01 2.17982E-01 5.05813E+00-6.16124E-01-2.20746E+00-1.80486E+01
 -1        86-8.11414E+00-1.20675E+00-1.33857E+01 6.48969E-01-2.82879E-01-2.02889E+01
 -1        87-8.96097E+00 3.76277E-01-7.93134E+00 6.49734E-01-1.29865E-02-1.46544E+01
 -1        88-9.94418E+00 7.37613E-01-5.67008E-01 1.16359E-01 3.01985E-01-1.04245E+01
 -1        89-5.02493E+00 3.54876E-01-3.04682E+00-1.62049E-01 4.03121E-01-7.05439E+00
 -1        90-2.27522E+00-5.94250E-01-5.88119E+00-2.85716E-01 1.35629E+00-4.91739E+00
 -1        91 2.14409E+02 7.93991E+01 5.39555E+01 2.58571E+01-4.64929E+00 6.06354E+00
 -1        92 1.87018E+02-9.11271E-01-1.57127E+01 1.22804E+01 6.65829E+00 1.78937E+00
 -1        93 1.68941E+02 6.22433E+00 2.03915E+00-2.72712E+00 2.25664E+00-8.31455E+00
 -1        94 1.17164E+02 6.58635E+00 6.41528E+00-7.75837E+00 2.36873E+00-1.71276E+01
 -1        95 4.77293E+01 4.06887E+00-1.73104E+01-5.34466E+00 8.81664E-01-1.92217E+01
 -1        96 1.34750E+01 1.57295E+00-1.02862E+01-1.23245E+00-4.70499E-01-1.38174E+01
 -1        97-2.54027E+00 4.05144E-01-4.50916E-01-5.50486E-01-2.86081E-01-1.17967E+01
 -1        98-9.14773E+00-1.80957E-01-3.48730E+00-7.53996E-01-8.24260E-01-9.94411E+00
 -1        99-9.18818E+00 1.97142E+00-9.90270E+00-7.35145E-01-1.67425E+00-8.40312E+00
 -1       100 2.06584E+02 7.77017E+01 4.99427E+01 1.25639E+01 1.41462E+00-1.16226E+01
 -1       101 1.92494E+02 1.21680E+01-1.51414E+01 7.58237E+00 2.19374E+00-1.15267E+01
 -1       102 1.79341E+02 1.11010E+01 3.18360E-01-8.60399E-01 2.20931E+00-4.92585E+00
 -1       103 1.24869E+02 1.42828E+01 1.80984E+01-4.49576E+00 1.09482E+00-5.93960E+00
 -1       104 4.96268E+01 6.19982E+00-1.46009E+00-3.02784E+00 1.06352E+00-1.17320E+01
 -1       105 1.05734E+01 2.08014E-02-7.08360E+00-8.84869E-01-1.33978E-01-1.11040E+01
 -1       106-3.54370E+00-1.13376E-01-7.09434E-01-3.15543E-01-2.86012E-01-9.56372E+00
 -1       107-9.64197E+00-1.35730E+00-6.00725E+00-2.19937E-01-6.83406E-01-7.85352E+00
 -1       108-8.99084E+00 2.63852E-01-1.02953E+01-6.10231E-02-7.71579E-01-6.10744E+00
 -1       109 2.15076E+02 7.97299E+01 5.19424E+01 1.16890E-05 5.03769E-08-1.51581E+01
 -1       110 1.95065E+02 2.42827E+01-1.55793E+01 1.39079E-05 1.72475E-06-1.18015E+01
 -1       111 1.76590E+02 1.50571E+01-2.18420E+00 1.42762E-05 2.03276E-07-5.90987E+00
 -1       112 1.25928E+02 2.04242E+01 1.89421E+01 3.09835E-06-6.49013E-06-5.69411E+00
 -1       113 5.04898E+01 6.43869E+00-1.04292E+00 1.13919E-06 2.78311E-06-1.09861E+01
 -1       114 1.17127E+01 1.11701E-01-6.29850E+00 2.37070E-06 1.46662E-06-1.00339E+01
 -1       115-3.59573E+00-6.25431E-03-3.55242E-01 2.03825E-06-3.63535E-07-8.99757E+00
 -1       116-9.65161E+00-1.88799E+00-6.16180E+00 6.38967E-07-1.23993E-06-7.77655E+00
 -1       117-9.44896E+00-2.01268E+00-1.10610E+01 4.11287E-07-1.46129E-06-6.20981E+00
 -1       118 2.06584E+02 7.77017E+01 4.99427E+01-1.25639E+01-1.41462E+00-1.16226E+01
 -1       119 1.92494E+02 1.21680E+01-1.51415E+01-7.58235E+00-2.19374E+00-1.15267E+01
 -1       120 1.79341E+02 1.11010E+01 3.18364E-01 8.60425E-01-2.20931E+00-4.92586E+00
 -1       121 1.24869E+02 1.42828E+01 1.80983E+01 4.49579E+00-1.09481E+00-5.93963E+00
 -1       122 4.96268E+01 6.19982E+00-1.46007E+00 3.02785E+00-1.06352E+00-1.17320E+01
 -1       123 1.05734E+01 2.08047E-02-7.08358E+00 8.84869E-01 1.33977E-01-1.11040E+01
 -1       124-3.54370E+00-1.13379E-01-7.09432E-01 3.15539E-01 2.86012E-01-9.56372E+00
 -1       125-9.64197E+00-1.35730E+00-6.00725E+00 2.19930E-01 6.83401E-01-7.85351E+00
 -1       126-8.99082E+00 2.63881E-01-1.02953E+01 6.10149E-02 7.71570E-01-6.10742E+00
 -1       127 2.14409E+02 7.93991E+01 5.39555E+01-2.58571E+01 4.64929E+00 6.06351E+00
 -1       128 1.87018E+02-9.11272E-01-1.57127E+01-1.22804E+01-6.65829E+00 1.78934E+00
 -1       129 1.68941E+02 6.22434E+00 2.03915E+00 2.72715E+00-2.25665E+00-8.31457E+00
 -1       130 1.17164E+02 6.58636E+00 6.41532E+00 7.75842E+00-2.36870E+00-1.71276E+01
 -1       131 4.77292E+01 4.06885E+00-1.73104E+01 5.34468E+00-8.81674E-01-1.92217E+01
 -1       132 1.34750E+01 1.57294E+00-1.02863E+01 1.23244E+00 4.70492E-01-1.38174E+01
 -1       133-2.54028E+00 4.05146E-01-4.50920E-01 5.50475E-01 2.86081E-01-1.17968E+01
 -1       134-9.14775E+00-1.80958E-01-3.48733E+00 7.53983E-01 8.24253E-01-9.94414E+00
 -1       135-9.18821E+00 1.97144E+00-9.90277E+00 7.35129E-01 1.67423E+00-8.40315E+00
 -1       136 7.49473E+01 6.18610E+00 2.20632E+01-1.03617E+01-1.63464E+01 2.16284E+01
 -1       137 6.20063E+01 2.41505E+00-1.97558E+01-7.81853E+00-4.43894E+00 1.62601E+01
 -1       138 3.41312E+01 1.73765E+00-1.57745E+01-4.06612E+00-4.71632E-01 5.88908E+00
 -1       139 1.61253E+01 5.74227E-01-1.08842E+01-1.69051E+00-1.45918E-01-3.46103E-01
 -1       140 7.23459E+00 1.01346E+00-4.98783E+00-5.95816E-01 1.08625E-01-2.35866E+00
 -1       141-8.73189E-01-2.60397E-01-3.02349E+00-4.85354E-01 1.19676E-01-3.75061E+00
 -1       142-6.37013E+00 9.41316E-01 2.72142E+00-5.59370E-01 4.59612E-01-4.16605E+00
 -1       143-8.26657E+00 1.73619E+00 3.63767E+00-6.08504E-01 4.28774E-01-3.12860E+00
 -1       144-2.79201E+01-9.27741E+00-2.01491E+01-7.07594E-01 6.22204E-01-7.41112E+00
 -1       145-3.32758E+01 4.39103E-01 1.68333E+00 1.29965E+00 8.01946E-01-1.04863E+01
 -1       146-1.66360E+01-3.37640E+00-5.33154E+00 3.75919E+00-7.68397E-01-1.06341E+01
 -1       147-8.97894E+00-2.04761E+00 1.96582E+01 4.07126E+00 5.50286E+00-1.26880E+01
 -1       148 8.57480E+01 1.47424E+01 5.57885E+01-6.94132E+00-1.36262E+01 2.63950E+01
 -1       149 6.61487E+01 4.40791E+00-4.53100E+00-5.06211E+00-4.49579E+00 1.92952E+01
 -1       150 3.30389E+01 1.30899E+00-1.11426E+01-2.65401E+00-1.13441E+00 6.76697E+00
 -1       151 1.44002E+01 4.36358E-01-8.58335E+00-1.21650E+00-4.61857E-01-1.76339E-01
 -1       152 5.99791E+00 8.51094E-01-4.55704E+00-4.70587E-01-1.22679E-01-2.09860E+00
 -1       153-1.72565E+00-4.69802E-01-4.01361E+00-3.55179E-01 9.33935E-02-3.36695E+00
 -1       154-7.09498E+00 5.37808E-01 4.50260E-01-3.42367E-01 3.10943E-01-3.69237E+00
 -1       155-9.19397E+00 1.32184E+00 2.68062E-01-4.33124E-01 2.78169E-01-2.43206E+00
 -1       156-3.14118E+01-1.11236E+01-2.63423E+01 1.07908E-01 1.02782E+00-8.28393E+00
 -1       157-3.58903E+01-1.46847E+00 2.18721E+00 1.67475E+00 1.61874E-01-1.05615E+01
 -1       158-1.48074E+01-2.18649E+00-3.61652E+00 2.83573E+00-5.58889E-02-5.44555E+00
 -1       159-9.13402E+00-2.83756E+00 8.31444E+00 2.86383E+00 3.34017E+00-4.71290E+00
 -1       160 8.96231E+01 2.39746E+01 6.73613E+01-4.25040E+00-8.41939E+00 2.77643E+01
 -1       161 6.78116E+01 7.42015E+00-8.31395E-01-3.28133E+00-3.45241E+00 2.00070E+01
 -1       162 3.18352E+01 8.92939E-01-9.86695E+00-2.06922E+00-1.39039E+00 6.50570E+00
 -1       163 1.30024E+01-1.99049E-01-7.04938E+00-1.11390E+00-6.17743E-01-5.49119E-01
 -1       164 5.16569E+00 3.53624E-01-3.59264E+00-5.51549E-01-2.51998E-01-2.16673E+00
 -1       165-2.04571E+00-6.67102E-01-3.56766E+00-3.73686E-01 3.85545E-02-3.30536E+00
 -1       166-7.23497E+00 7.09777E-02 3.81372E-01-3.01084E-01 1.45318E-01-3.65409E+00
 -1       167-9.54491E+00 3.11448E-01-2.67326E-01-2.38517E-01 2.42731E-01-2.46679E+00
 -1       168-3.14245E+01-1.31708E+01-2.76463E+01 3.16658E-01 5.17054E-01-8.32669E+00
 -1       169-3.58921E+01-5.36901E+00 2.05165E+00 1.44199E+00 2.58529E-01-1.04418E+01
 -1       170-1.44383E+01-3.36644E+00-3.63637E+00 1.79765E+00 3.32943E-01-5.97633E+00
 -1       171-7.65888E+00 7.38708E-01 9.69628E+00 1.43362E+00 7.27731E-01-5.78902E+00
 -1       172 9.15246E+01 2.85310E+01 7.17825E+01-2.02705E+00-2.58764E+00 2.92144E+01
 -1       173 6.94620E+01 8.89144E+00 1.24144E+00-1.67609E+00-1.18466E+00 2.14299E+01
 -1       174 3.31806E+01 1.02741E+00-8.11473E+00-1.14383E+00-6.04261E-01 7.68144E+00
 -1       175 1.38292E+01-2.97747E-01-5.97696E+00-6.16857E-01-2.62518E-01 1.32834E-01
 -1       176 5.31134E+00 1.87246E-01-3.15744E+00-3.29005E-01-1.03452E-01-1.72271E+00
 -1       177-2.16953E+00-7.34842E-01-3.57820E+00-2.29647E-01 1.84510E-02-2.98779E+00
 -1       178-7.50613E+00-2.14939E-01 1.99866E-01-2.05835E-01 5.15748E-02-3.38688E+00
 -1       179-9.71074E+00-1.96999E-01-4.54856E-01-1.97325E-01 9.31737E-02-2.21547E+00
 -1       180-3.04810E+01-1.38179E+01-2.72404E+01 6.10391E-02 1.26477E-01-7.98293E+00
 -1       181-3.51382E+01-7.15804E+00 1.83949E+00 4.99478E-01 7.03133E-02-1.03420E+01
 -1       182-1.41187E+01-3.64357E+00-3.75595E+00 5.22389E-01 1.03417E-01-5.97062E+00
 -1       183-7.31720E+00 2.84415E+00 9.87294E+00 4.07027E-01 3.01272E-01-5.74136E+00
 -1       184 9.15246E+01 2.85310E+01 7.17825E+01 2.02709E+00 2.58769E+00 2.92144E+01
 -1       185 6.94620E+01 8.89143E+00 1.24140E+00 1.67612E+00 1.18469E+00 2.14299E+01
 -1       186 3.31806E+01 1.02740E+00-8.11477E+00 1.14386E+00 6.04277E-01 7.68143E+00
 -1       187 1.38292E+01-2.97754E-01-5.97699E+00 6.16870E-01 2.62529E-01 1.32826E-01
 -1       188 5.31133E+00 1.87242E-01-3.15745E+00 3.29015E-01 1.03459E-01-1.72271E+00
 -1       189-2.16953E+00-7.34843E-01-3.57820E+00 2.29655E-01-1.84484E-02-2.98780E+00
 -1       190-7.50613E+00-2.14940E-01 1.99859E-01 2.05841E-01-5.15719E-02-3.38689E+00
 -1       191-9.71074E+00-1.97002E-01-4.54864E-01 1.97329E-01-9.31730E-02-2.21547E+00
 -1       192-3.04810E+01-1.38179E+01-2.72404E+01-6.10541E-02-1.26475E-01-7.98294E+00
 -1       193-3.51382E+01-7.15805E+00 1.83949E+00-4.99520E-01-7.03137E-02-1.03420E+01
 -1       194-1.41187E+01-3.64359E+00-3.75597E+00-5.22424E-01-1.03417E-01-5.97064E+00
 -1       195-7.31720E+00 2.84417E+00 9.87301E+00-4.07056E-01-3.01307E-01-5.74140E+00
 -1       196 8.96232E+01 2.39746E+01 6.73614E+01 4.25042E+00 8.41942E+00 2.77643E+01
 -1       197 6.78116E+01 7.42013E+00-8.31379E-01 3.28135E+00 3.45242E+00 2.00070E+01
 -1       198 3.18353E+01 8.92927E-01-9.86695E+00 2.06923E+00 1.39039E+00 6.50570E+00
 -1       199 1.30024E+01-1.99055E-01-7.04939E+00 1.11390E+00 6.17744E-01-5.49124E-01
 -1       200 5.16569E+00 3.53619E-01-3.59265E+00 5.51551E-01 2.51998E-01-2.16674E+00
 -1       201-2.04571E+00-6.67103E-01-3.56767E+00 3.73685E-01-3.85547E-02-3.30537E+00
 -1       202-7.23498E+00 7.09770E-02 3.81366E-01 3.01081E-01-1.45318E-01-3.65409E+00
 -1       203-9.54491E+00 3.11448E-01-2.67337E-01 2.38515E-01-2.42733E-01-2.46680E+00
 -1       204-3.14246E+01-1.31708E+01-2.76463E+01-3.16677E-01-5.17062E-01-8.32670E+00
 -1       205-3.58921E+01-5.36899E+00 2.05166E+00-1.44203E+00-2.58527E-01-1.04418E+01
 -1       206-1.44383E+01-3.36644E+00-3.63636E+00-1.79767E+00-3.32947E-01-5.97632E+00
 -1       207-7.65889E+00 7.38664E-01 9.69626E+00-1.43363E+00-7.27731E-01-5.78901E+00
 -1       208 8.57479E+01 1.47423E+01 5.57882E+01 6.94140E+00 1.36263E+01 2.63949E+01
 -1       209 6.61486E+01 4.40788E+00-4.53112E+00 5.06217E+00 4.49579E+00 1.92951E+01
 -1       210 3.30389E+01 1.30899E+00-1.11427E+01 2.65404E+00 1.13440E+00 6.76696E+00
 -1       211 1.44002E+01 4.36359E-01-8.58338E+00 1.21651E+00 4.61850E-01-1.76342E-01
 -1       212 5.99793E+00 8.51096E-01-4.55705E+00 4.70583E-01 1.22674E-01-2.09860E+00
 -1       213-1.72565E+00-4.69800E-01-4.01361E+00 3.55172E-01-9.33938E-02-3.36696E+00
 -1       214-7.09499E+00 5.37813E-01 4.50270E-01 3.42358E-01-3.10945E-01-3.69238E+00
 -1       215-9.19398E+00 1.32185E+00 2.68079E-01 4.33117E-01-2.78171E-01-2.43207E+00
 -1       216-3.14118E+01-1.11236E+01-2.63423E+01-1.07925E-01-1.02783E+00-8.28394E+00
 -1       217-3.58903E+01-1.46843E+00 2.18722E+00-1.67478E+00-1.61878E-01-1.05615E+01
 -1       218-1.48074E+01-2.18649E+00-3.61652E+00-2.83577E+00 5.59097E-02-5.44556E+00
 -1       219-9.13407E+00-2.83768E+00 8.31442E+00-2.86388E+00-3.34027E+00-4.71290E+00
 -1       220 7.49472E+01 6.18599E+00 2.20630E+01 1.03618E+01 1.63464E+01 2.16283E+01
 -1       221 6.20062E+01 2.41499E+00-1.97559E+01 7.81857E+00 4.43894E+00 1.62600E+01
 -1       222 3.41312E+01 1.73763E+00-1.57745E+01 4.06613E+00 4.71624E-01 5.88906E+00
 -1       223 1.61253E+01 5.74221E-01-1.08842E+01 1.69052E+00 1.45911E-01-3.46109E-01
 -1       224 7.23459E+00 1.01346E+00-4.98782E+00 5.95811E-01-1.08630E-01-2.35867E+00
 -1       225-8.73195E-01-2.60397E-01-3.02349E+00 4.85345E-01-1.19677E-01-3.75061E+00
 -1       226-6.37013E+00 9.41320E-01 2.72143E+00 5.59360E-01-4.59614E-01-4.16605E+00
 -1       227-8.26658E+00 1.73620E+00 3.63769E+00 6.08498E-01-4.28776E-01-3.12861E+00
 -1       228-2.79200E+01-9.27739E+00-2.01491E+01 7.07575E-01-6.22225E-01-7.41113E+00
 -1       229-3.32757E+01 4.39164E-01 1.68334E+00-1.29967E+00-8.01937E-01-1.04863E+01
 -1       230-1.66360E+01-3.37643E+00-5.33156E+00-3.75923E+00 7.68435E-01-1.06341E+01
 -1       231-8.97897E+00-2.04770E+00 1.96584E+01-4.07132E+00-5.50303E+00-1.26881E+01
 -1       232-7.02140E+00-3.80064E+00 1.25326E+01 8.34226E-01-8.68193E+00 1.55438E+01
 -1       233 5.87417E+00-2.76422E+00-4.72919E+00-2.95429E-01-3.68746E+00 1.44795E+01
 -1       234 1.88465E+01-1.03008E+00-1.11079E+01-6.64317E-01-1.20128E+00 9.77371E+00
 -1       235 1.71485E+01 6.01059E-02-8.45302E+00-3.46429E-01-3.02545E-01 4.03854E+00
 -1       236 1.14560E+01 1.49536E-01-4.33216E+00-2.22153E-01-2.30197E-02 1.21736E+00
 -1       237 6.49175E+00 1.31607E-01-1.94189E+00-1.33936E-01 1.64954E-01-5.49160E-01
 -1       238 1.66292E+00 9.16065E-02 1.65675E+00-2.55913E-01 3.71574E-01-1.28171E+00
 -1       239-1.32384E+00 1.07372E-01 1.22099E+00-6.82617E-01 5.62272E-01-1.34484E+00
 -1       240 2.54938E+00 9.01765E-01-1.18282E+01 2.03677E-01 7.00471E-01-6.10257E+00
 -1       241 2.45658E-01 8.40569E-01-3.14483E+00 9.53373E-01 1.07011E+00-1.12887E+01
 -1       242-1.54398E+00 1.03715E-03-2.09782E+00-1.20516E-01 6.83784E-01-1.25095E+01
 -1       243 8.92081E-01 1.95577E+00 1.11480E+01-5.56518E-01 3.32214E+00-1.30322E+01
 -1       244-7.64771E+00-5.35052E+00 2.63584E+01-3.33779E-01-8.35386E+00 1.31503E+01
 -1       245 4.49542E+00-5.17779E+00 2.53179E+00-1.43607E+00-4.34696E+00 1.22186E+01
 -1       246 1.74410E+01-2.03298E+00-8.09183E+00-1.49252E+00-1.53517E+00 7.80826E+00
 -1       247 1.54230E+01-3.56214E-01-6.87647E+00-6.80146E-01-5.11625E-01 2.76760E+00
 -1       248 1.01853E+01-1.87311E-02-3.94111E+00-3.28822E-01-1.40637E-01 4.45775E-01
 -1       249 5.99438E+00 7.32726E-03-2.56478E+00-2.23544E-01 1.34085E-01-9.88939E-01
 -1       250 1.59198E+00 2.05395E-01 2.53794E-01-3.79303E-01 3.66098E-01-1.51486E+00
 -1       251-2.36447E+00 9.43529E-02-1.24253E+00-4.92457E-01 6.28657E-01-1.42903E+00
 -1       252-7.39661E-01-1.13448E+00-1.63050E+01 4.41263E-02 8.33234E-01-6.03343E+00
 -1       253-2.00406E+00 1.09044E+00-2.99977E+00 8.12891E-01 7.91472E-01-1.00345E+01
 -1       254-2.97956E+00 1.17955E-01-1.97297E+00 3.72144E-01 7.22724E-01-8.74205E+00
 -1       255-1.51676E+00 1.07743E+00 4.71778E+00-1.16058E-01 2.54405E+00-8.04816E+00
 -1       256-8.46360E+00-6.34150E+00 3.56180E+01-8.29023E-01-6.35191E+00 1.46958E+01
 -1       257 4.27807E+00-7.18915E+00 7.01623E+00-1.55241E+00-3.74831E+00 1.34482E+01
 -1       258 1.80679E+01-2.71161E+00-6.02217E+00-1.50320E+00-1.55516E+00 8.22148E+00
 -1       259 1.54707E+01-6.43638E-01-5.42827E+00-7.85812E-01-6.38429E-01 2.64786E+00
 -1       260 9.92358E+00-9.09799E-02-3.12743E+00-3.81681E-01-2.20893E-01 3.59157E-01
 -1       261 5.67251E+00-1.29538E-01-2.41182E+00-2.61508E-01 7.83865E-02-9.70205E-01
 -1       262 1.16532E+00 2.36518E-01-2.56919E-02-3.44309E-01 2.87284E-01-1.42044E+00
 -1       263-2.57131E+00-2.73804E-02-1.74313E+00-3.15282E-01 5.04142E-01-1.27562E+00
 -1       264-8.42080E-01-3.03952E+00-1.75813E+01 1.28976E-01 6.47601E-01-5.98885E+00
 -1       265-2.01289E+00 7.87457E-01-2.86430E+00 6.48821E-01 5.82677E-01-9.83706E+00
 -1       266-3.59913E+00-1.94595E-01-1.92807E+00 6.08259E-01 5.84850E-01-8.43261E+00
 -1       267-1.30017E+00 2.48760E+00 5.37038E+00 4.46785E-01 9.52876E-01-7.72588E+00
 -1       268-8.92458E+00-5.26366E+00 3.85397E+01-1.66884E-01-2.03290E+00 1.56263E+01
 -1       269 4.31847E+00-7.48252E+00 8.77011E+00-4.49898E-01-1.33309E+00 1.44070E+01
 -1       270 1.83413E+01-3.27015E+00-4.92718E+00-5.18634E-01-6.45431E-01 8.99061E+00
 -1       271 1.54571E+01-1.11753E+00-4.79129E+00-3.28864E-01-2.96485E-01 3.05654E+00
 -1       272 9.82395E+00-3.09526E-01-2.80960E+00-1.70857E-01-1.00243E-01 6.38804E-01
 -1       273 5.47740E+00-2.35582E-01-2.38556E+00-1.07973E-01 2.34399E-02-7.44655E-01
 -1       274 1.06279E+00 2.02131E-01-3.59704E-02-1.03302E-01 1.05186E-01-1.20385E+00
 -1       275-2.56818E+00-4.44579E-01-1.83375E+00-4.65135E-02 1.64720E-01-1.06269E+00
 -1       276-8.48201E-01-4.04071E+00-1.76278E+01 7.71058E-02 2.10970E-01-5.81877E+00
 -1       277-1.90721E+00 1.65415E-01-2.84942E+00 1.87604E-01 1.66088E-01-9.83162E+00
 -1       278-3.46191E+00-2.47395E-01-1.85115E+00 2.12485E-01 1.67907E-01-8.47983E+00
 -1       279-1.38202E+00 2.87919E+00 5.31791E+00 1.56347E-01 3.37110E-01-7.78787E+00
 -1       280-8.92459E+00-5.26366E+00 3.85397E+01 1.66888E-01 2.03295E+00 1.56263E+01
 -1       281 4.31847E+00-7.48252E+00 8.77009E+00 4.49907E-01 1.33312E+00 1.44070E+01
 -1       282 1.83413E+01-3.27014E+00-4.92720E+00 5.18646E-01 6.45447E-01 8.99061E+00
 -1       283 1.54571E+01-1.11753E+00-4.79130E+00 3.28874E-01 2.96495E-01 3.05654E+00
 -1       284 9.82395E+00-3.09524E-01-2.80961E+00 1.70866E-01 1.00250E-01 6.38800E-01
 -1       285 5.47740E+00-2.35581E-01-2.38556E+00 1.07980E-01-2.34363E-02-7.44659E-01
 -1       286 1.06279E+00 2.02132E-01-3.59750E-02 1.03307E-01-1.05184E-01-1.20386E+00
 -1       287-2.56819E+00-4.44577E-01-1.83376E+00 4.65130E-02-1.64718E-01-1.06270E+00
 -1       288-8.48204E-01-4.04071E+00-1.76279E+01-7.71120E-02-2.10970E-01-5.81877E+00
 -1       289-1.90721E+00 1.65420E-01-2.84942E+00-1.87610E-01-1.66086E-01-9.83163E+00
 -1       290-3.46191E+00-2.47398E-01-1.85115E+00-2.12491E-01-1.67913E-01-8.47984E+00
 -1       291-1.38201E+00 2.87919E+00 5.31796E+00-1.56348E-01-3.37143E-01-7.78789E+00
 -1       292-8.46359E+00-6.34149E+00 3.56180E+01 8.29024E-01 6.35193E+00 1.46958E+01
 -1       293 4.27807E+00-7.18915E+00 7.01624E+00 1.55241E+00 3.74832E+00 1.34482E+01
 -1       294 1.80679E+01-2.71161E+00-6.02217E+00 1.50321E+00 1.55517E+00 8.22148E+00
 -1       295 1.54707E+01-6.43635E-01-5.42828E+00 7.85815E-01 6.38431E-01 2.64786E+00
 -1       296 9.92358E+00-9.09778E-02-3.12743E+00 3.81684E-01 2.20894E-01 3.59151E-01
 -1       297 5.67251E+00-1.29537E-01-2.41182E+00 2.61510E-01-7.83856E-02-9.70211E-01
 -1       298 1.16531E+00 2.36519E-01-2.56981E-02 3.44310E-01-2.87283E-01-1.42045E+00
 -1       299-2.57132E+00-2.73764E-02-1.74314E+00 3.15279E-01-5.04141E-01-1.27563E+00
 -1       300-8.42082E-01-3.03951E+00-1.75813E+01-1.28982E-01-6.47604E-01-5.98886E+00
 -1       301-2.01289E+00 7.87463E-01-2.86430E+00-6.48828E-01-5.82676E-01-9.83707E+00
 -1       302-3.59914E+00-1.94596E-01-1.92807E+00-6.08269E-01-5.84854E-01-8.43261E+00
 -1       303-1.30017E+00 2.48759E+00 5.37037E+00-4.46795E-01-9.52884E-01-7.72587E+00
 -1       304-7.64771E+00-5.35052E+00 2.63583E+01 3.33758E-01 8.35386E+00 1.31502E+01
 -1       305 4.49542E+00-5.17777E+00 2.53171E+00 1.43606E+00 4.34695E+00 1.22186E+01
 -1       306 1.74410E+01-2.03297E+00-8.09187E+00 1.49251E+00 1.53517E+00 7.80826E+00
 -1       307 1.54230E+01-3.56212E-01-6.87650E+00 6.80145E-01 5.11621E-01 2.76761E+00
 -1       308 1.01853E+01-1.87304E-02-3.94113E+00 3.28822E-01 1.40635E-01 4.45775E-01
 -1       309 5.99438E+00 7.32918E-03-2.56478E+00 2.23543E-01-1.34085E-01-9.88942E-01
 -1       310 1.59198E+00 2.05395E-01 2.53803E-01 3.79302E-01-3.66098E-01-1.51487E+00
 -1       311-2.36447E+00 9.43538E-02-1.24251E+00 4.92456E-01-6.28657E-01-1.42904E+00
 -1       312-7.39643E-01-1.13445E+00-1.63050E+01-4.41297E-02-8.33239E-01-6.03344E+00
 -1       313-2.00405E+00 1.09044E+00-2.99977E+00-8.12897E-01-7.91477E-01-1.00346E+01
 -1       314-2.97955E+00 1.17962E-01-1.97298E+00-3.72136E-01-7.22726E-01-8.74208E+00
 -1       315-1.51676E+00 1.07743E+00 4.71778E+00 1.16074E-01-2.54411E+00-8.04819E+00
 -1       316-7.02137E+00-3.80061E+00 1.25325E+01-8.34250E-01 8.68189E+00 1.55438E+01
 -1       317 5.87418E+00-2.76418E+00-4.72921E+00 2.95417E-01 3.68745E+00 1.44795E+01
 -1       318 1.88465E+01-1.03007E+00-1.11079E+01 6.64307E-01 1.20128E+00 9.77370E+00
 -1       319 1.71485E+01 6.01145E-02-8.45301E+00 3.46423E-01 3.02541E-01 4.03853E+00
 -1       320 1.14560E+01 1.49537E-01-4.33215E+00 2.22149E-01 2.30172E-02 1.21736E+00
 -1       321 6.49175E+00 1.31609E-01-1.94189E+00 1.33933E-01-1.64955E-01-5.49165E-01
 -1       322 1.66292E+00 9.16054E-02 1.65675E+00 2.55910E-01-3.71574E-01-1.28172E+00
 -1       323-1.32383E+00 1.07371E-01 1.22099E+00 6.82614E-01-5.62272E-01-1.34485E+00
 -1       324 2.54941E+00 9.01790E-01-1.18282E+01-2.03677E-01-7.00473E-01-6.10258E+00
 -1       325 2.45670E-01 8.40558E-01-3.14484E+00-9.53374E-01-1.07011E+00-1.12887E+01
 -1       326-1.54398E+00 1.03525E-03-2.09784E+00 1.20534E-01-6.83787E-01-1.25096E+01
 -1       327 8.92119E-01 1.95580E+00 1.11481E+01 5.56550E-01-3.32224E+00-1.30323E+01
 -1       328 4.45364E+00 1.12150E-01-5.71655E-01 3.71400E-01-2.72305E+00 2.94552E+00
 -1       329 3.24809E+00-7.39130E-01 5.22739E+00 4.92302E-01-1.17300E+00 5.96574E+00
 -1       330 7.46795E+00-1.57372E+00-2.11668E+00 2.68381E-02-7.38179E-01 8.61273E+00
 -1       331 1.25229E+01-8.11621E-01-3.96895E+00 4.78676E-02-2.83671E-01 6.60281E+00
 -1       332 1.36539E+01-2.51110E-01-2.41607E+00 1.32824E-01-3.54542E-02 4.14764E+00
 -1       333 1.30947E+01-7.05875E-02-6.72314E-01 7.50202E-02 1.53344E-01 2.53251E+00
 -1       334 1.27389E+01 3.01359E-01 4.64101E-01-5.95656E-02 2.73320E-01 1.64778E+00
 -1       335 1.29806E+01 4.07815E-01-9.07779E-01-2.92029E-02 4.63127E-01 2.70005E-01
 -1       336 1.09888E+01-7.32620E-01-3.75626E+00-1.54628E-01 9.48169E-01-3.31073E+00
 -1       337 7.92076E+00-4.11041E-01-4.10571E+00-1.52120E-01 5.60458E-01-8.32745E+00
 -1       338 3.41887E+00 6.25418E-01 8.12824E-01 4.95255E-01 8.51620E-01-1.21005E+01
 -1       339-7.32172E-01-1.63518E+00-9.52619E+00 8.04303E-01 3.30149E+00-1.31306E+01
 -1       340 5.16705E+00-1.56228E+00-2.63489E+00-1.04544E-01-3.44236E+00 9.67404E-01
 -1       341 3.88941E+00-6.23026E-01 5.48623E+00 2.09832E-01-2.05831E+00 3.89065E+00
 -1       342 6.94038E+00-1.78679E+00-1.24663E+00 3.56530E-02-1.10741E+00 6.40259E+00
 -1       343 1.19249E+01-8.97566E-01-3.23591E+00 8.79606E-02-4.44304E-01 4.82079E+00
 -1       344 1.34106E+01-2.23038E-01-2.04611E+00 2.18382E-01-8.87752E-02 2.80150E+00
 -1       345 1.33468E+01 3.80093E-02-7.30804E-01 1.61454E-01 1.51135E-01 1.55986E+00
 -1       346 1.32045E+01 4.19024E-01 6.77115E-03-1.03760E-02 3.64808E-01 9.56751E-01
 -1       347 1.31565E+01 5.24465E-01-1.76780E+00-1.73457E-01 6.43547E-01-1.16704E-01
 -1       348 1.10508E+01-1.89162E-01-4.24531E+00-1.89276E-01 8.52402E-01-2.84915E+00
 -1       349 8.29534E+00 6.42807E-02-4.15399E+00-1.32205E-01 6.75591E-01-6.69758E+00
 -1       350 3.75359E+00 6.49514E-01 6.07387E-01 2.13611E-01 7.55436E-01-8.38972E+00
 -1       351 1.31951E+00-4.13266E-01-3.11157E+00 4.54110E-01 2.53212E+00-8.21186E+00
 -1       352 5.73918E+00-4.67438E+00 1.45982E+00-1.74497E-01-3.38222E+00 9.92562E-01
 -1       353 4.01936E+00-2.14536E+00 8.48761E+00-7.77561E-02-2.43812E+00 3.94962E+00
 -1       354 6.47529E+00-3.05784E+00-9.29966E-02-1.31025E-01-1.31249E+00 6.38361E+00
 -1       355 1.16744E+01-1.48200E+00-2.72739E+00 5.24613E-02-5.51053E-01 4.68422E+00
 -1       356 1.31725E+01-3.36800E-01-1.81429E+00 2.06314E-01-1.45516E-01 2.67780E+00
 -1       357 1.31871E+01 2.38820E-01-7.50592E-01 1.66519E-01 1.24174E-01 1.51359E+00
 -1       358 1.31207E+01 7.82069E-01-2.53298E-01 1.48560E-03 3.62730E-01 1.02344E+00
 -1       359 1.30248E+01 8.62723E-01-2.34033E+00-1.45981E-01 5.82006E-01 9.11629E-02
 -1       360 1.09687E+01 3.57825E-01-4.78513E+00-2.18119E-01 7.04604E-01-2.66901E+00
 -1       361 7.93716E+00 2.94941E-01-4.64833E+00-2.22205E-01 5.86613E-01-6.39334E+00
 -1       362 3.72774E+00 1.20938E+00 5.04580E-01-1.19221E-01 6.19910E-01-8.04827E+00
 -1       363 7.37560E-01-8.29396E-01-3.66219E+00-6.70071E-02 9.09583E-01-7.93531E+00
 -1       364 5.50969E+00-6.53811E+00 2.70561E+00-1.20852E-01-1.26148E+00 1.24937E+00
 -1       365 4.02885E+00-3.33941E+00 9.82251E+00-9.62071E-02-9.84999E-01 4.31862E+00
 -1       366 6.47141E+00-3.73048E+00 6.01084E-01-7.88471E-02-5.54371E-01 6.74193E+00
 -1       367 1.16535E+01-1.81206E+00-2.37678E+00 1.83492E-02-2.45060E-01 4.87005E+00
 -1       368 1.30662E+01-4.20100E-01-1.64532E+00 7.71123E-02-7.54950E-02 2.77995E+00
 -1       369 1.30532E+01 3.61515E-01-6.91469E-01 6.25122E-02 3.97789E-02 1.61380E+00
 -1       370 1.29912E+01 1.00477E+00-3.00032E-01 1.60950E-03 1.33084E-01 1.14105E+00
 -1       371 1.29220E+01 1.07152E+00-2.43896E+00-6.07843E-02 2.06282E-01 1.75190E-01
 -1       372 1.09155E+01 5.88992E-01-4.83282E+00-9.19677E-02 2.30478E-01-2.63669E+00
 -1       373 7.81739E+00 4.86492E-01-4.70969E+00-8.66015E-02 2.14031E-01-6.44938E+00
 -1       374 3.61218E+00 1.35821E+00 4.49483E-01-5.07714E-02 1.66636E-01-8.15524E+00
 -1       375 7.86730E-01-4.52350E-01-3.52739E+00-2.66610E-02 3.24820E-01-7.99219E+00
 -1       376 5.50969E+00-6.53811E+00 2.70561E+00 1.20856E-01 1.26151E+00 1.24937E+00
 -1       377 4.02885E+00-3.33941E+00 9.82250E+00 9.62119E-02 9.85021E-01 4.31862E+00
 -1       378 6.47141E+00-3.73048E+00 6.01078E-01 7.88545E-02 5.54384E-01 6.74193E+00
 -1       379 1.16535E+01-1.81206E+00-2.37678E+00-1.83411E-02 2.45067E-01 4.87005E+00
 -1       380 1.30662E+01-4.20100E-01-1.64533E+00-7.71036E-02 7.54991E-02 2.77995E+00
 -1       381 1.30532E+01 3.61515E-01-6.91471E-01-6.25021E-02-3.97765E-02 1.61380E+00
 -1       382 1.29912E+01 1.00477E+00-3.00033E-01-1.59784E-03-1.33082E-01 1.14105E+00
 -1       383 1.29220E+01 1.07152E+00-2.43896E+00 6.07977E-02-2.06281E-01 1.75189E-01
 -1       384 1.09155E+01 5.88992E-01-4.83283E+00 9.19823E-02-2.30477E-01-2.63669E+00
 -1       385 7.81738E+00 4.86491E-01-4.70970E+00 8.66143E-02-2.14031E-01-6.44938E+00
 -1       386 3.61218E+00 1.35821E+00 4.49484E-01 5.07782E-02-1.66641E-01-8.15526E+00
 -1       387 7.86718E-01-4.52349E-01-3.52743E+00 2.66625E-02-3.24851E-01-7.99221E+00
 -1       388 5.73918E+00-4.67436E+00 1.45982E+00 1.74500E-01 3.38223E+00 9.92560E-01
 -1       389 4.01936E+00-2.14535E+00 8.48762E+00 7.77609E-02 2.43813E+00 3.94962E+00
 -1       390 6.47530E+00-3.05784E+00-9.29954E-02 1.31032E-01 1.31249E+00 6.38361E+00
 -1       391 1.16744E+01-1.48199E+00-2.72739E+00-5.24536E-02 5.51055E-01 4.68422E+00
 -1       392 1.31725E+01-3.36799E-01-1.81429E+00-2.06305E-01 1.45518E-01 2.67780E+00
 -1       393 1.31871E+01 2.38820E-01-7.50594E-01-1.66509E-01-1.24173E-01 1.51359E+00
 -1       394 1.31207E+01 7.82069E-01-2.53300E-01-1.47571E-03-3.62729E-01 1.02344E+00
 -1       395 1.30248E+01 8.62722E-01-2.34033E+00 1.45992E-01-5.82005E-01 9.11613E-02
 -1       396 1.09687E+01 3.57823E-01-4.78514E+00 2.18130E-01-7.04602E-01-2.66901E+00
 -1       397 7.93717E+00 2.94944E-01-4.64833E+00 2.22215E-01-5.86613E-01-6.39334E+00
 -1       398 3.72774E+00 1.20938E+00 5.04580E-01 1.19230E-01-6.19914E-01-8.04827E+00
 -1       399 7.37566E-01-8.29383E-01-3.66218E+00 6.70169E-02-9.09591E-01-7.93531E+00
 -1       400 5.16705E+00-1.56225E+00-2.63493E+00 1.04542E-01 3.44235E+00 9.67413E-01
 -1       401 3.88941E+00-6.23022E-01 5.48619E+00-2.09836E-01 2.05830E+00 3.89066E+00
 -1       402 6.94039E+00-1.78677E+00-1.24665E+00-3.56512E-02 1.10741E+00 6.40260E+00
 -1       403 1.19249E+01-8.97562E-01-3.23592E+00-8.79557E-02 4.44302E-01 4.82080E+00
 -1       404 1.34106E+01-2.23037E-01-2.04612E+00-2.18376E-01 8.87744E-02 2.80150E+00
 -1       405 1.33468E+01 3.80079E-02-7.30804E-01-1.61447E-01-1.51134E-01 1.55986E+00
 -1       406 1.32045E+01 4.19023E-01 6.77492E-03 1.03819E-02-3.64806E-01 9.56752E-01
 -1       407 1.31565E+01 5.24465E-01-1.76779E+00 1.73462E-01-6.43544E-01-1.16707E-01
 -1       408 1.10508E+01-1.89169E-01-4.24531E+00 1.89281E-01-8.52402E-01-2.84916E+00
 -1       409 8.29535E+00 6.42810E-02-4.15399E+00 1.32209E-01-6.75591E-01-6.69761E+00
 -1       410 3.75360E+00 6.49508E-01 6.07388E-01-2.13618E-01-7.55439E-01-8.38975E+00
 -1       411 1.31951E+00-4.13273E-01-3.11157E+00-4.54125E-01-2.53218E+00-8.21189E+00
 -1       412 4.45363E+00 1.12188E-01-5.71598E-01-3.71389E-01 2.72303E+00 2.94553E+00
 -1       413 3.24807E+00-7.39136E-01 5.22740E+00-4.92302E-01 1.17298E+00 5.96574E+00
 -1       414 7.46795E+00-1.57372E+00-2.11668E+00-2.68358E-02 7.38172E-01 8.61273E+00
 -1       415 1.25229E+01-8.11618E-01-3.96894E+00-4.78643E-02 2.83667E-01 6.60281E+00
 -1       416 1.36539E+01-2.51108E-01-2.41606E+00-1.32819E-01 3.54533E-02 4.14764E+00
 -1       417 1.30947E+01-7.05887E-02-6.72313E-01-7.50161E-02-1.53343E-01 2.53251E+00
 -1       418 1.27389E+01 3.01359E-01 4.64100E-01 5.95689E-02-2.73317E-01 1.64777E+00
 -1       419 1.29807E+01 4.07817E-01-9.07782E-01 2.92059E-02-4.63124E-01 2.69996E-01
 -1       420 1.09888E+01-7.32629E-01-3.75627E+00 1.54631E-01-9.48165E-01-3.31075E+00
 -1       421 7.92076E+00-4.11036E-01-4.10571E+00 1.52121E-01-5.60455E-01-8.32748E+00
 -1       422 3.41887E+00 6.25423E-01 8.12834E-01-4.95272E-01-8.51624E-01-1.21006E+01
 -1       423-7.32210E-01-1.63522E+00-9.52633E+00-8.04332E-01-3.30158E+00-1.31306E+01
 -1       424-1.77121E+00-6.30200E-01-1.38979E-01 3.82501E-02-3.54342E-01 7.00023E-01
 -1       425 9.68547E-01 5.16394E-01 2.40645E+00 3.44864E-01-5.78488E-01 2.27669E+00
 -1       426 4.65869E+00-6.66151E-02 1.44081E+00 1.08403E+00-1.99991E-01 4.70150E+00
 -1       427 1.09373E+01-6.90147E-01-1.82285E+00 1.29825E+00-1.51966E-01 5.18519E+00
 -1       428 1.79881E+01-2.80647E-01-1.15815E+00 1.25970E+00 1.67586E-02 3.78856E+00
 -1       429 2.31659E+01 1.31735E-01-2.15838E-01 9.87921E-01 1.00889E-01 2.63386E+00
 -1       430 2.68396E+01 3.52241E-01 9.87276E-02 6.01722E-01 2.04026E-01 1.85681E+00
 -1       431 2.84967E+01 1.26250E-01-1.10693E+00 4.98103E-02 3.65860E-01 3.44897E-01
 -1       432 2.76115E+01 2.33101E-01-1.48058E+00-5.98479E-01 3.44028E-01-2.25222E+00
 -1       433 2.33659E+01-2.39179E-02-1.77621E+00-1.55702E+00 5.46356E-01-4.99898E+00
 -1       434 1.63331E+01 2.68342E+00 2.52147E+00-2.92264E+00-6.07553E-01-9.63434E+00
 -1       435 9.84929E+00 2.71266E+00-1.76922E+01-3.80025E+00 5.46282E+00-1.28859E+01
 -1       436-2.21266E+00-1.97142E+00-1.80307E+00 3.49481E-01-1.28561E+00 3.98498E-01
 -1       437 2.88935E-01-7.90375E-01 7.02939E-01 4.94421E-01-8.47802E-01 1.25904E+00
 -1       438 4.31203E+00-4.40325E-01 1.55315E+00 9.88900E-01-5.31010E-01 3.24753E+00
 -1       439 1.04486E+01-9.34572E-01-1.65349E+00 1.19701E+00-2.83121E-01 3.73562E+00
 -1       440 1.79586E+01-1.46351E-01-1.03300E+00 1.16979E+00-5.43910E-02 2.54358E+00
 -1       441 2.36771E+01 5.12729E-01-1.93255E-01 9.13491E-01 1.16897E-01 1.67870E+00
 -1       442 2.76370E+01 9.39703E-01-6.99080E-02 4.87683E-01 2.61616E-01 1.19608E+00
 -1       443 2.94057E+01 9.34962E-01-1.19447E+00-6.28971E-02 4.27085E-01 1.33722E-01
 -1       444 2.85871E+01 1.29696E+00-1.14058E+00-7.96768E-01 5.15051E-01-1.75819E+00
 -1       445 2.32374E+01 9.55195E-01-1.92925E+00-1.69338E+00 4.83381E-01-3.71781E+00
 -1       446 1.34433E+01 1.90695E+00 7.31926E-01-2.26311E+00-1.51492E-01-4.77712E+00
 -1       447 1.00244E+01 3.91204E+00-6.34298E+00-2.39760E+00 3.33836E+00-5.06206E+00
 -1       448-1.50758E+00-4.26867E+00-9.75429E-03 1.36919E-01-1.76266E+00 1.02672E-01
 -1       449 6.17381E-01-2.92085E+00 1.66789E+00 3.75300E-01-1.30369E+00 9.83480E-01
 -1       450 4.40118E+00-1.81537E+00 2.46937E+00 7.51310E-01-7.81839E-01 3.00416E+00
 -1       451 1.01230E+01-1.80734E+00-1.37851E+00 9.04559E-01-3.99178E-01 3.57699E+00
 -1       452 1.76469E+01-1.59736E-01-9.22468E-01 9.07854E-01-1.00765E-01 2.43615E+00
 -1       453 2.34344E+01 1.10663E+00-2.62838E-01 7.08904E-01 1.00529E-01 1.62821E+00
 -1       454 2.74505E+01 2.02554E+00-2.88047E-01 3.27355E-01 2.76492E-01 1.21090E+00
 -1       455 2.91223E+01 2.39788E+00-1.55771E+00-1.79579E-01 4.37500E-01 1.92493E-01
 -1       456 2.78244E+01 2.84091E+00-1.82294E+00-7.76762E-01 4.86255E-01-1.63560E+00
 -1       457 2.22293E+01 2.80843E+00-2.11755E+00-1.37734E+00 4.23520E-01-3.50495E+00
 -1       458 1.30617E+01 3.62958E+00 8.22556E-01-1.37124E+00 3.39974E-01-5.26463E+00
 -1       459 8.18105E+00 1.33679E+00-7.67865E+00-1.02205E+00 6.54230E-01-6.17672E+00
 -1       460-1.29802E+00-6.65745E+00 1.25164E+00-5.60216E-03-8.07896E-01 2.12405E-01
 -1       461 7.31379E-01-4.86624E+00 2.56184E+00 8.21723E-02-6.15063E-01 1.13753E+00
 -1       462 4.24955E+00-3.17529E+00 2.86699E+00 2.02777E-01-3.74105E-01 3.15082E+00
 -1       463 9.91484E+00-2.53516E+00-1.27043E+00 2.71031E-01-1.81847E-01 3.69950E+00
 -1       464 1.74665E+01-2.53859E-01-8.47331E-01 2.86375E-01-5.15382E-02 2.51993E+00
 -1       465 2.32646E+01 1.50817E+00-2.48156E-01 2.24060E-01 3.43418E-02 1.70452E+00
 -1       466 2.72770E+01 2.78451E+00-3.46860E-01 8.96005E-02 1.04859E-01 1.29855E+00
 -1       467 2.89318E+01 3.46736E+00-1.63693E+00-9.20000E-02 1.63888E-01 2.71548E-01
 -1       468 2.75792E+01 4.11524E+00-1.88357E+00-2.94521E-01 1.85002E-01-1.61497E+00
 -1       469 2.19910E+01 3.99834E+00-2.07000E+00-4.53767E-01 1.51908E-01-3.57919E+00
 -1       470 1.30301E+01 3.89686E+00 9.76912E-01-3.92448E-01 1.11396E-01-5.31915E+00
 -1       471 8.01988E+00 6.30607E-02-7.71143E+00-2.54322E-01 2.68360E-01-6.15872E+00
 -1       472-1.29802E+00-6.65744E+00 1.25163E+00 5.60604E-03 8.07915E-01 2.12404E-01
 -1       473 7.31378E-01-4.86623E+00 2.56184E+00-8.21676E-02 6.15076E-01 1.13753E+00
 -1       474 4.24955E+00-3.17529E+00 2.86698E+00-2.02771E-01 3.74114E-01 3.15082E+00
 -1       475 9.91484E+00-2.53516E+00-1.27043E+00-2.71022E-01 1.81852E-01 3.69950E+00
 -1       476 1.74665E+01-2.53859E-01-8.47332E-01-2.86364E-01 5.15405E-02 2.51993E+00
 -1       477 2.32646E+01 1.50818E+00-2.48157E-01-2.24044E-01-3.43404E-02 1.70452E+00
 -1       478 2.72770E+01 2.78451E+00-3.46860E-01-8.95786E-02-1.04858E-01 1.29855E+00
 -1       479 2.89318E+01 3.46736E+00-1.63693E+00 9.20298E-02-1.63888E-01 2.71548E-01
 -1       480 2.75792E+01 4.11524E+00-1.88357E+00 2.94559E-01-1.85002E-01-1.61497E+00
 -1       481 2.19910E+01 3.99835E+00-2.07000E+00 4.53810E-01-1.51908E-01-3.57919E+00
 -1       482 1.30302E+01 3.89688E+00 9.76930E-01 3.92483E-01-1.11397E-01-5.31918E+00
 -1       483 8.01988E+00 6.30440E-02-7.71150E+00 2.54348E-01-2.68394E-01-6.15877E+00
 -1       484-1.50759E+00-4.26866E+00-9.75822E-03-1.36917E-01 1.76267E+00 1.02672E-01
 -1       485 6.17382E-01-2.92084E+00 1.66789E+00-3.75295E-01 1.30370E+00 9.83480E-01
 -1       486 4.40119E+00-1.81536E+00 2.46937E+00-7.51300E-01 7.81841E-01 3.00416E+00
 -1       487 1.01230E+01-1.80734E+00-1.37851E+00-9.04545E-01 3.99179E-01 3.57698E+00
 -1       488 1.76469E+01-1.59737E-01-9.22468E-01-9.07839E-01 1.00766E-01 2.43615E+00
 -1       489 2.34344E+01 1.10662E+00-2.62839E-01-7.08886E-01-1.00528E-01 1.62821E+00
 -1       490 2.74505E+01 2.02554E+00-2.88047E-01-3.27334E-01-2.76491E-01 1.21090E+00
 -1       491 2.91223E+01 2.39787E+00-1.55771E+00 1.79604E-01-4.37499E-01 1.92492E-01
 -1       492 2.78245E+01 2.84090E+00-1.82294E+00 7.76792E-01-4.86254E-01-1.63560E+00
 -1       493 2.22293E+01 2.80842E+00-2.11755E+00 1.37737E+00-4.23518E-01-3.50495E+00
 -1       494 1.30617E+01 3.62958E+00 8.22545E-01 1.37126E+00-3.39977E-01-5.26462E+00
 -1       495 8.18106E+00 1.33683E+00-7.67864E+00 1.02206E+00-6.54229E-01-6.17671E+00
 -1       496-2.21267E+00-1.97141E+00-1.80309E+00-3.49480E-01 1.28560E+00 3.98504E-01
 -1       497 2.88935E-01-7.90359E-01 7.02930E-01-4.94416E-01 8.47798E-01 1.25905E+00
 -1       498 4.31203E+00-4.40316E-01 1.55314E+00-9.88892E-01 5.31007E-01 3.24754E+00
 -1       499 1.04486E+01-9.34566E-01-1.65350E+00-1.19700E+00 2.83120E-01 3.73563E+00
 -1       500 1.79586E+01-1.46352E-01-1.03300E+00-1.16978E+00 5.43905E-02 2.54358E+00
 -1       501 2.36771E+01 5.12725E-01-1.93255E-01-9.13478E-01-1.16897E-01 1.67870E+00
 -1       502 2.76370E+01 9.39694E-01-6.99061E-02-4.87669E-01-2.61614E-01 1.19609E+00
 -1       503 2.94057E+01 9.34951E-01-1.19447E+00 6.29122E-02-4.27082E-01 1.33720E-01
 -1       504 2.85871E+01 1.29695E+00-1.14057E+00 7.96786E-01-5.15049E-01-1.75820E+00
 -1       505 2.32374E+01 9.55179E-01-1.92925E+00 1.69340E+00-4.83382E-01-3.71783E+00
 -1       506 1.34433E+01 1.90695E+00 7.31918E-01 2.26314E+00 1.51514E-01-4.77713E+00
 -1       507 1.00244E+01 3.91216E+00-6.34296E+00 2.39765E+00-3.33846E+00-5.06206E+00
 -1       508-1.77120E+00-6.30169E-01-1.38954E-01-3.82498E-02 3.54326E-01 7.00019E-01
 -1       509 9.68560E-01 5.16422E-01 2.40648E+00-3.44855E-01 5.78478E-01 2.27669E+00
 -1       510 4.65869E+00-6.66021E-02 1.44082E+00-1.08402E+00 1.99982E-01 4.70150E+00
 -1       511 1.09373E+01-6.90138E-01-1.82284E+00-1.29824E+00 1.51962E-01 5.18518E+00
 -1       512 1.79881E+01-2.80649E-01-1.15815E+00-1.25969E+00-1.67594E-02 3.78856E+00
 -1       513 2.31659E+01 1.31728E-01-2.15838E-01-9.87908E-01-1.00887E-01 2.63386E+00
 -1       514 2.68396E+01 3.52229E-01 9.87257E-02-6.01711E-01-2.04023E-01 1.85681E+00
 -1       515 2.84967E+01 1.26232E-01-1.10694E+00-4.98002E-02-3.65856E-01 3.44890E-01
 -1       516 2.76115E+01 2.33083E-01-1.48059E+00 5.98486E-01-3.44022E-01-2.25224E+00
 -1       517 2.33659E+01-2.39433E-02-1.77622E+00 1.55703E+00-5.46355E-01-4.99900E+00
 -1       518 1.63332E+01 2.68344E+00 2.52149E+00 2.92267E+00 6.07593E-01-9.63443E+00
 -1       519 9.84932E+00 2.71274E+00-1.76924E+01 3.80031E+00-5.46300E+00-1.28861E+01
 -3
    1PSTEP                         3           1           1          
  100CL  101 1.000000000         519                     0    1           1
 -4  ERROR       1    1
 -5  STR(%)      1    1    0    0
 -1         1 8.24890E+01
 -1         2 8.69683E+01
 -1         3 8.69683E+01
 -1         4 7.16463E+01
 -1         5 6.68254E+01
 -1         6 5.59725E+01
 -1         7 2.69544E+01
 -1         8 3.42110E+01
 -1         9 3.42110E+01
 -1        10 8.24890E+01
 -1        11 8.78413E+01
 -1        12 8.78413E+01
 -1        13 7.25013E+01
 -1        14 6.69057E+01
 -1        15 5.59725E+01
 -1        16 2.69544E+01
 -1        17 3.42936E+01
 -1        18 3.42936E+01
 -1        19 7.63542E+01
 -1        20 8.78413E+01
 -1        21 8.78413E+01
 -1        22 7.25013E+01
 -1        23 6.69057E+01
 -1        24 5.59466E+01
 -1        25 2.58397E+01
 -1        26 3.42936E+01
 -1        27 3.42936E+01
 -1        28 8.24890E+01
 -1        29 8.78413E+01
 -1        30 8.78413E+01
 -1        31 7.25013E+01
 -1        32 6.69057E+01
 -1        33 5.59725E+01
 -1        34 2.69544E+01
 -1        35 3.42935E+01
 -1        36 3.42935E+01
 -1        37 8.24890E+01
 -1        38 8.69683E+01
 -1        39 8.69683E+01
 -1        40 7.16463E+01
 -1        41 6.68254E+01
 -1        42 5.59725E+01
 -1        43 2.69544E+01
 -1        44 3.42111E+01
 -1        45 3.42111E+01
 -1        46 8.24890E+01
 -1        47 8.69683E+01
 -1        48 9.02574E+01
 -1        49 9.02574E+01
 -1        50 7.78538E+01
 -1        51 5.59725E+01
 -1        52 4.75124E+01
 -1        53 3.42110E+01
 -1        54 3.42110E+01
 -1        55 8.24890E+01
 -1        56 8.78413E+01
 -1        57 9.02574E+01
 -1        58 9.02574E+01
 -1        59 7.93591E+01
 -1        60 7.43754E+01
 -1        61 4.75124E+01
 -1        62 3.42936E+01
 -1        63 3.42936E+01
 -1        64 7.63972E+01
 -1        65 8.78413E+01
 -1        66 9.01254E+01
 -1        67 9.01254E+01
 -1        68 7.93591E+01
 -1        69 7.43754E+01
 -1        70 4.12179E+01
 -1        71 3.42936E+01
 -1        72 3.42936E+01
 -1        73 8.24890E+01
 -1        74 8.78413E+01
 -1        75 9.02573E+01
 -1        76 9.02573E+01
 -1        77 7.93591E+01
 -1        78 7.43753E+01
 -1        79 4.75124E+01
 -1        80 3.42935E+01
 -1        81 3.42935E+01
 -1        82 8.24890E+01
 -1        83 8.69683E+01
 -1        84 9.02573E+01
 -1        85 9.02573E+01
 -1        86 7.78538E+01
 -1        87 5.59725E+01
 -1        88 4.75124E+01
 -1        89 3.42111E+01
 -1        90 3.42111E+01
 -1        91 8.24783E+01
 -1        92 8.63143E+01
 -1        93 9.02574E+01
 -1        94 9.02574E+01
 -1        95 7.78538E+01
 -1        96 5.28831E+01
 -1        97 4.75124E+01
 -1        98 2.13673E+01
 -1        99 2.13673E+01
 -1       100 8.24783E+01
 -1       101 8.63143E+01
 -1       102 9.02574E+01
 -1       103 9.02574E+01
 -1       104 7.93591E+01
 -1       105 7.43754E+01
 -1       106 4.75124E+01
 -1       107 2.13673E+01
 -1       108 2.13673E+01
 -1       109 7.63972E+01
 -1       110 8.38211E+01
 -1       111 9.01254E+01
 -1       112 9.01254E+01
 -1       113 7.93591E+01
 -1       114 7.43754E+01
 -1       115 4.12179E+01
 -1       116 1.55484E+01
 -1       117 1.55484E+01
 -1       118 8.24783E+01
 -1       119 8.63143E+01
 -1       120 9.02573E+01
 -1       121 9.02573E+01
 -1       122 7.93591E+01
 -1       123 7.43753E+01
 -1       124 4.75124E+01
 -1       125 2.13676E+01
 -1       126 2.13676E+01
 -1       127 8.24783E+01
 -1       128 8.63143E+01
 -1       129 9.02573E+01
 -1       130 9.02573E+01
 -1       131 7.78538E+01
 -1       132 5.28832E+01
 -1       133 4.75124E+01
 -1       134 2.13676E+01
 -1       135 2.13676E+01
 -1       136 6.92105E+01
 -1       137 6.92105E+01
 -1       138 4.16551E+01
 -1       139 1.72492E+01
 -1       140 2.59437E+01
 -1       141 7.41129E+01
 -1       142 7.41129E+01
 -1       143 7.48376E+01
 -1       144 7.48376E+01
 -1       145 5.82655E+01
 -1       146 8.46129E+01
 -1       147 8.46129E+01
 -1       148 6.92105E+01
 -1       149 6.92105E+01
 -1       150 4.16551E+01
 -1       151 1.72492E+01
 -1       152 2.72810E+01
 -1       153 7.41129E+01
 -1       154 7.41129E+01
 -1       155 7.48376E+01
 -1       156 7.48376E+01
 -1       157 5.82655E+01
 -1       158 8.46129E+01
 -1       159 8.46129E+01
 -1       160 5.77938E+01
 -1       161 5.77938E+01
 -1       162 3.78060E+01
 -1       163 1.64598E+01
 -1       164 3.04137E+01
 -1       165 6.22727E+01
 -1       166 6.22727E+01
 -1       167 6.62360E+01
 -1       168 6.62360E+01
 -1       169 5.43856E+01
 -1       170 6.98539E+01
 -1       171 6.98539E+01
 -1       172 5.51525E+01
 -1       173 5.51525E+01
 -1       174 3.67857E+01
 -1       175 1.64598E+01
 -1       176 3.04137E+01
 -1       177 6.22093E+01
 -1       178 6.22093E+01
 -1       179 6.62360E+01
 -1       180 6.62360E+01
 -1       181 5.43856E+01
 -1       182 6.71844E+01
 -1       183 6.71844E+01
 -1       184 5.51525E+01
 -1       185 5.51525E+01
 -1       186 3.67857E+01
 -1       187 1.64598E+01
 -1       188 3.04137E+01
 -1       189 6.22092E+01
 -1       190 6.22092E+01
 -1       191 6.62360E+01
 -1       192 6.62360E+01
 -1       193 5.43856E+01
 -1       194 6.71841E+01
 -1       195 6.71841E+01
 -1       196 5.77940E+01
 -1       197 5.77940E+01
 -1       198 3.78060E+01
 -1       199 1.64598E+01
 -1       200 3.04137E+01
 -1       201 6.22727E+01
 -1       202 6.22727E+01
 -1       203 6.62360E+01
 -1       204 6.62360E+01
 -1       205 5.43856E+01
 -1       206 6.98538E+01
 -1       207 6.98538E+01
 -1       208 6.92106E+01
 -1       209 6.92106E+01
 -1       210 4.16551E+01
 -1       211 1.72491E+01
 -1       212 2.72810E+01
 -1       213 7.41129E+01
 -1       214 7.41129E+01
 -1       215 7.48377E+01
 -1       216 7.48377E+01
 -1       217 5.82655E+01
 -1       218 8.46130E+01
 -1       219 8.46130E+01
 -1       220 6.92106E+01
 -1       221 6.92106E+01
 -1       222 4.16551E+01
 -1       223 1.72491E+01
 -1       224 2.59435E+01
 -1       225 7.41129E+01
 -1       226 7.41129E+01
 -1       227 7.48377E+01
 -1       228 7.48377E+01
 -1       229 5.82655E+01
 -1       230 8.46130E+01
 -1       231 8.46130E+01
 -1       232 9.19051E+01
 -1       233 9.19051E+01
 -1       234 4.18670E+01
 -1       235 2.42018E+01
 -1       236 2.59437E+01
 -1       237 7.41129E+01
 -1       238 9.93656E+01
 -1       239 9.93656E+01
 -1       240 9.75318E+01
 -1       241 5.82655E+01
 -1       242 8.46129E+01
 -1       243 8.46129E+01
 -1       244 9.19051E+01
 -1       245 9.19051E+01
 -1       246 4.30780E+01
 -1       247 2.42018E+01
 -1       248 2.72810E+01
 -1       249 7.41129E+01
 -1       250 1.01554E+02
 -1       251 1.02048E+02
 -1       252 1.02048E+02
 -1       253 5.82655E+01
 -1       254 8.46129E+01
 -1       255 8.46129E+01
 -1       256 7.79117E+01
 -1       257 7.79117E+01
 -1       258 4.30780E+01
 -1       259 1.88288E+01
 -1       260 3.04137E+01
 -1       261 6.22727E+01
 -1       262 1.03946E+02
 -1       263 1.07702E+02
 -1       264 1.07702E+02
 -1       265 5.43856E+01
 -1       266 6.98539E+01
 -1       267 6.98539E+01
 -1       268 7.46504E+01
 -1       269 7.46504E+01
 -1       270 3.96188E+01
 -1       271 1.87367E+01
 -1       272 3.04137E+01
 -1       273 6.22093E+01
 -1       274 1.04137E+02
 -1       275 1.07702E+02
 -1       276 1.07702E+02
 -1       277 5.43856E+01
 -1       278 6.71844E+01
 -1       279 6.71844E+01
 -1       280 7.46503E+01
 -1       281 7.46503E+01
 -1       282 3.96188E+01
 -1       283 1.87367E+01
 -1       284 3.04137E+01
 -1       285 6.22092E+01
 -1       286 1.04137E+02
 -1       287 1.07702E+02
 -1       288 1.07702E+02
 -1       289 5.43856E+01
 -1       290 6.71841E+01
 -1       291 6.71841E+01
 -1       292 7.79118E+01
 -1       293 7.79118E+01
 -1       294 4.30781E+01
 -1       295 1.88288E+01
 -1       296 3.04137E+01
 -1       297 6.22727E+01
 -1       298 1.03946E+02
 -1       299 1.07702E+02
 -1       300 1.07702E+02
 -1       301 5.43856E+01
 -1       302 6.98538E+01
 -1       303 6.98538E+01
 -1       304 9.19053E+01
 -1       305 9.19053E+01
 -1       306 4.30781E+01
 -1       307 2.42018E+01
 -1       308 2.72810E+01
 -1       309 7.41129E+01
 -1       310 1.01554E+02
 -1       311 1.02047E+02
 -1       312 1.02047E+02
 -1       313 5.82655E+01
 -1       314 8.46130E+01
 -1       315 8.46130E+01
 -1       316 9.19053E+01
 -1       317 9.19053E+01
 -1       318 4.18670E+01
 -1       319 2.42018E+01
 -1       320 2.59435E+01
 -1       321 7.41129E+01
 -1       322 9.93656E+01
 -1       323 9.93656E+01
 -1       324 9.75317E+01
 -1       325 5.82655E+01
 -1       326 8.46130E+01
 -1       327 8.46130E+01
 -1       328 1.19726E+02
 -1       329 1.19726E+02
 -1       330 4.18670E+01
 -1       331 2.51835E+01
 -1       332 1.77356E+01
 -1       333 4.00867E+01
 -1       334 9.93656E+01
 -1       335 9.93656E+01
 -1       336 9.75318E+01
 -1       337 3.71217E+01
 -1       338 7.25850E+01
 -1       339 7.25850E+01
 -1       340 1.19726E+02
 -1       341 1.19726E+02
 -1       342 4.30780E+01
 -1       343 2.51835E+01
 -1       344 1.89600E+01
 -1       345 4.32180E+01
 -1       346 1.01554E+02
 -1       347 1.02048E+02
 -1       348 1.02048E+02
 -1       349 3.93066E+01
 -1       350 7.25850E+01
 -1       351 7.25850E+01
 -1       352 7.79117E+01
 -1       353 7.79117E+01
 -1       354 4.30780E+01
 -1       355 2.23392E+01
 -1       356 1.89985E+01
 -1       357 4.45431E+01
 -1       358 1.03946E+02
 -1       359 1.07702E+02
 -1       360 1.07702E+02
 -1       361 3.93066E+01
 -1       362 5.45645E+01
 -1       363 5.45645E+01
 -1       364 7.46504E+01
 -1       365 7.46504E+01
 -1       366 3.96188E+01
 -1       367 2.23392E+01
 -1       368 1.92348E+01
 -1       369 4.45431E+01
 -1       370 1.04137E+02
 -1       371 1.07702E+02
 -1       372 1.07702E+02
 -1       373 3.78895E+01
 -1       374 4.14590E+01
 -1       375 4.14590E+01
 -1       376 7.46503E+01
 -1       377 7.46503E+01
 -1       378 3.96188E+01
 -1       379 2.23392E+01
 -1       380 1.92348E+01
 -1       381 4.45431E+01
 -1       382 1.04137E+02
 -1       383 1.07702E+02
 -1       384 1.07702E+02
 -1       385 3.78895E+01
 -1       386 4.14587E+01
 -1       387 4.14587E+01
 -1       388 7.79118E+01
 -1       389 7.79118E+01
 -1       390 4.30781E+01
 -1       391 2.23392E+01
 -1       392 1.89985E+01
 -1       393 4.45431E+01
 -1       394 1.03946E+02
 -1       395 1.07702E+02
 -1       396 1.07702E+02
 -1       397 3.93066E+01
 -1       398 5.45646E+01
 -1       399 5.45646E+01
 -1       400 1.19726E+02
 -1       401 1.19726E+02
 -1       402 4.30781E+01
 -1       403 2.51834E+01
 -1       404 1.89600E+01
 -1       405 4.32181E+01
 -1       406 1.01554E+02
 -1       407 1.02047E+02
 -1       408 1.02047E+02
 -1       409 3.93066E+01
 -1       410 7.25853E+01
 -1       411 7.25853E+01
 -1       412 1.19726E+02
 -1       413 1.19726E+02
 -1       414 4.18670E+01
 -1       415 2.51834E+01
 -1       416 1.77356E+01
 -1       417 4.00867E+01
 -1       418 9.93656E+01
 -1       419 9.93656E+01
 -1       420 9.75317E+01
 -1       421 3.71217E+01
 -1       422 7.25853E+01
 -1       423 7.25853E+01
 -1       424 1.19726E+02
 -1       425 1.19726E+02
 -1       426 2.51835E+01
 -1       427 2.51835E+01
 -1       428 1.12728E+01
 -1       429 2.82709E+01
 -1       430 3.23226E+01
 -1       431 3.23226E+01
 -1       432 3.68116E+01
 -1       433 3.71217E+01
 -1       434 7.25850E+01
 -1       435 7.25850E+01
 -1       436 1.19726E+02
 -1       437 1.19726E+02
 -1       438 2.51835E+01
 -1       439 2.51835E+01
 -1       440 1.26749E+01
 -1       441 2.82709E+01
 -1       442 3.23226E+01
 -1       443 3.23226E+01
 -1       444 3.93066E+01
 -1       445 3.93066E+01
 -1       446 7.25850E+01
 -1       447 7.25850E+01
 -1       448 2.08871E+01
 -1       449 2.08871E+01
 -1       450 2.23392E+01
 -1       451 2.23392E+01
 -1       452 1.26749E+01
 -1       453 2.79035E+01
 -1       454 3.14860E+01
 -1       455 3.21433E+01
 -1       456 3.93066E+01
 -1       457 3.93066E+01
 -1       458 5.45645E+01
 -1       459 5.45645E+01
 -1       460 1.12681E+01
 -1       461 1.87172E+01
 -1       462 2.23392E+01
 -1       463 2.23392E+01
 -1       464 1.20970E+01
 -1       465 2.76593E+01
 -1       466 3.09887E+01
 -1       467 3.16165E+01
 -1       468 3.78895E+01
 -1       469 3.78895E+01
 -1       470 4.14590E+01
 -1       471 4.14590E+01
 -1       472 1.12683E+01
 -1       473 1.87173E+01
 -1       474 2.23392E+01
 -1       475 2.23392E+01
 -1       476 1.20970E+01
 -1       477 2.76593E+01
 -1       478 3.09887E+01
 -1       479 3.16165E+01
 -1       480 3.78895E+01
 -1       481 3.78895E+01
 -1       482 4.14587E+01
 -1       483 4.14587E+01
 -1       484 2.08870E+01
 -1       485 2.08870E+01
 -1       486 2.23392E+01
 -1       487 2.23392E+01
 -1       488 1.26749E+01
 -1       489 2.79035E+01
 -1       490 3.14861E+01
 -1       491 3.21433E+01
 -1       492 3.93066E+01
 -1       493 3.93066E+01
 -1       494 5.45646E+01
 -1       495 5.45646E+01
 -1       496 1.19726E+02
 -1       497 1.19726E+02
 -1       498 2.51834E+01
 -1       499 2.51834E+01
 -1       500 1.26749E+01
 -1       501 2.82709E+01
 -1       502 3.23226E+01
 -1       503 3.23226E+01
 -1       504 3.93066E+01
 -1       505 3.93066E+01
 -1       506 7.25853E+01
 -1       507 7.25853E+01
 -1       508 1.19726E+02
 -1       509 1.19726E+02
 -1       510 2.51834E+01
 -1       511 2.51834E+01
 -1       512 1.12728E+01
 -1       513 2.82709E+01
 -1       514 3.23226E+01
 -1       515 3.23226E+01
 -1       516 3.68116E+01
 -1       517 3.71217E+01
 -1       518 7.25853E+01
 -1       519 7.25853E+01
 -3
 9999
