    1C
    1Uccxview showcase: every element type and modelling feature in one 
    1UUSER                                                              
    1UDATE              27.september.2026                               
    1UTIME              13:33:14                                        
    1UHOST                                                              
    1UPGM               CalculiX                                        
    1UVERSION           Version 2.22                             
    1UCOMPILETIME       Mon Aug  5 19:15:25 CEST 2024                    
    1UDIR                                                               
    1UDBN                                                               
    1UMAT    1STEEL                                                     
    1UMAT    2ALU                                                       
    1UMAT    3SI1                                                       
    1UMAT    4SPRING                                                    
    1UMAT    5DASHPOT                                                   
    1UMAT    6MASS                                                      
    1UMAT    7SPRING                                                    
    1UMAT    8SPRING                                                    
    1UMAT    9GAP                                                       
    2C                           328                                     1
 -1         1 0.00000E+00 0.00000E+00 0.00000E+00
 -1         2 5.00000E+00 0.00000E+00 0.00000E+00
 -1         3 1.00000E+01 0.00000E+00 0.00000E+00
 -1         4 0.00000E+00 5.00000E+00 0.00000E+00
 -1         5 5.00000E+00 5.00000E+00 0.00000E+00
 -1         6 1.00000E+01 5.00000E+00 0.00000E+00
 -1         7 0.00000E+00 1.00000E+01 0.00000E+00
 -1         8 5.00000E+00 1.00000E+01 0.00000E+00
 -1         9 1.00000E+01 1.00000E+01 0.00000E+00
 -1        10 0.00000E+00 0.00000E+00 5.00000E+00
 -1        11 5.00000E+00 0.00000E+00 5.00000E+00
 -1        12 1.00000E+01 0.00000E+00 5.00000E+00
 -1        13 0.00000E+00 5.00000E+00 5.00000E+00
 -1        14 5.00000E+00 5.00000E+00 5.00000E+00
 -1        15 1.00000E+01 5.00000E+00 5.00000E+00
 -1        16 0.00000E+00 1.00000E+01 5.00000E+00
 -1        17 5.00000E+00 1.00000E+01 5.00000E+00
 -1        18 1.00000E+01 1.00000E+01 5.00000E+00
 -1        19 0.00000E+00 0.00000E+00 1.00000E+01
 -1        20 5.00000E+00 0.00000E+00 1.00000E+01
 -1        21 1.00000E+01 0.00000E+00 1.00000E+01
 -1        22 0.00000E+00 5.00000E+00 1.00000E+01
 -1        23 5.00000E+00 5.00000E+00 1.00000E+01
 -1        24 1.00000E+01 5.00000E+00 1.00000E+01
 -1        25 0.00000E+00 1.00000E+01 1.00000E+01
 -1        26 5.00000E+00 1.00000E+01 1.00000E+01
 -1        27 1.00000E+01 1.00000E+01 1.00000E+01
 -1        30 2.00000E+01 0.00000E+00 0.00000E+00
 -1        31 3.00000E+01 0.00000E+00 0.00000E+00
 -1        32 3.00000E+01 1.00000E+01 0.00000E+00
 -1        33 2.00000E+01 1.00000E+01 0.00000E+00
 -1        34 2.00000E+01 0.00000E+00 1.00000E+01
 -1        35 3.00000E+01 0.00000E+00 1.00000E+01
 -1        36 3.00000E+01 1.00000E+01 1.00000E+01
 -1        37 2.00000E+01 1.00000E+01 1.00000E+01
 -1        38 2.50000E+01 0.00000E+00 0.00000E+00
 -1        39 3.00000E+01 5.00000E+00 0.00000E+00
 -1        40 2.50000E+01 1.00000E+01 0.00000E+00
 -1        41 2.00000E+01 5.00000E+00 0.00000E+00
 -1        42 2.50000E+01 0.00000E+00 1.00000E+01
 -1        43 3.00000E+01 5.00000E+00 1.00000E+01
 -1        44 2.50000E+01 1.00000E+01 1.00000E+01
 -1        45 2.00000E+01 5.00000E+00 1.00000E+01
 -1        46 2.00000E+01 0.00000E+00 5.00000E+00
 -1        47 3.00000E+01 0.00000E+00 5.00000E+00
 -1        48 3.00000E+01 1.00000E+01 5.00000E+00
 -1        49 2.00000E+01 1.00000E+01 5.00000E+00
 -1        50 2.00000E+01 0.00000E+00 2.00000E+01
 -1        51 3.00000E+01 0.00000E+00 2.00000E+01
 -1        52 3.00000E+01 1.00000E+01 2.00000E+01
 -1        53 2.00000E+01 1.00000E+01 2.00000E+01
 -1        54 2.50000E+01 0.00000E+00 2.00000E+01
 -1        55 3.00000E+01 5.00000E+00 2.00000E+01
 -1        56 2.50000E+01 1.00000E+01 2.00000E+01
 -1        57 2.00000E+01 5.00000E+00 2.00000E+01
 -1        58 2.00000E+01 0.00000E+00 1.50000E+01
 -1        59 3.00000E+01 0.00000E+00 1.50000E+01
 -1        60 3.00000E+01 1.00000E+01 1.50000E+01
 -1        61 2.00000E+01 1.00000E+01 1.50000E+01
 -1        63 4.00000E+01 0.00000E+00 0.00000E+00
 -1        64 4.40000E+01 0.00000E+00 0.00000E+00
 -1        65 4.00000E+01 4.00000E+00 0.00000E+00
 -1        66 4.00000E+01 0.00000E+00 6.00000E+00
 -1        67 5.00000E+01 0.00000E+00 0.00000E+00
 -1        68 5.40000E+01 0.00000E+00 0.00000E+00
 -1        69 5.00000E+01 4.00000E+00 0.00000E+00
 -1        70 5.00000E+01 0.00000E+00 6.00000E+00
 -1        71 5.20000E+01 0.00000E+00 0.00000E+00
 -1        72 5.20000E+01 2.00000E+00 0.00000E+00
 -1        73 5.00000E+01 2.00000E+00 0.00000E+00
 -1        74 5.00000E+01 0.00000E+00 3.00000E+00
 -1        75 5.20000E+01 0.00000E+00 3.00000E+00
 -1        76 5.00000E+01 2.00000E+00 3.00000E+00
 -1        77 6.00000E+01 0.00000E+00 0.00000E+00
 -1        78 6.40000E+01 0.00000E+00 0.00000E+00
 -1        79 6.00000E+01 4.00000E+00 0.00000E+00
 -1        80 6.00000E+01 0.00000E+00 6.00000E+00
 -1        81 6.40000E+01 0.00000E+00 6.00000E+00
 -1        82 6.00000E+01 4.00000E+00 6.00000E+00
 -1        83 7.00000E+01 0.00000E+00 0.00000E+00
 -1        84 7.40000E+01 0.00000E+00 0.00000E+00
 -1        85 7.00000E+01 4.00000E+00 0.00000E+00
 -1        86 7.00000E+01 0.00000E+00 6.00000E+00
 -1        87 7.40000E+01 0.00000E+00 6.00000E+00
 -1        88 7.00000E+01 4.00000E+00 6.00000E+00
 -1        89 7.20000E+01 0.00000E+00 0.00000E+00
 -1        90 7.20000E+01 2.00000E+00 0.00000E+00
 -1        91 7.00000E+01 2.00000E+00 0.00000E+00
 -1        92 7.20000E+01 0.00000E+00 6.00000E+00
 -1        93 7.20000E+01 2.00000E+00 6.00000E+00
 -1        94 7.00000E+01 2.00000E+00 6.00000E+00
 -1        95 7.00000E+01 0.00000E+00 3.00000E+00
 -1        96 7.40000E+01 0.00000E+00 3.00000E+00
 -1        97 7.00000E+01 4.00000E+00 3.00000E+00
 -1       151 1.80000E+02 0.00000E+00 0.00000E+00
 -1       152 1.86000E+02 0.00000E+00 0.00000E+00
 -1       154 1.80000E+02 1.20000E+01 0.00000E+00
 -1       155 1.84000E+02 1.20000E+01 0.00000E+00
 -1       156 2.00000E+02 0.00000E+00 0.00000E+00
 -1       157 2.05000E+02 0.00000E+00 0.00000E+00
 -1       158 2.10000E+02 0.00000E+00 0.00000E+00
 -1       159 2.00000E+02 5.00000E+00 0.00000E+00
 -1       160 2.05000E+02 5.00000E+00 0.00000E+00
 -1       161 2.10000E+02 5.00000E+00 0.00000E+00
 -1       162 2.00000E+02 1.00000E+01 0.00000E+00
 -1       163 2.05000E+02 1.00000E+01 0.00000E+00
 -1       164 2.10000E+02 1.00000E+01 0.00000E+00
 -1       165 2.00000E+02 0.00000E+00 5.00000E+00
 -1       166 2.05000E+02 0.00000E+00 5.00000E+00
 -1       167 2.10000E+02 0.00000E+00 5.00000E+00
 -1       168 2.00000E+02 5.00000E+00 5.00000E+00
 -1       169 2.05000E+02 5.00000E+00 5.00000E+00
 -1       170 2.10000E+02 5.00000E+00 5.00000E+00
 -1       171 2.00000E+02 1.00000E+01 5.00000E+00
 -1       172 2.05000E+02 1.00000E+01 5.00000E+00
 -1       173 2.10000E+02 1.00000E+01 5.00000E+00
 -1       174 2.00000E+02 2.77556E-16 5.00000E+00
 -1       175 2.05000E+02 2.77556E-16 5.00000E+00
 -1       176 2.10000E+02 2.77556E-16 5.00000E+00
 -1       177 2.00000E+02 5.00000E+00 5.00000E+00
 -1       178 2.05000E+02 5.00000E+00 5.00000E+00
 -1       179 2.10000E+02 5.00000E+00 5.00000E+00
 -1       180 2.00000E+02 1.00000E+01 5.00000E+00
 -1       181 2.05000E+02 1.00000E+01 5.00000E+00
 -1       182 2.10000E+02 1.00000E+01 5.00000E+00
 -1       183 2.00000E+02 0.00000E+00 1.00000E+01
 -1       184 2.05000E+02 0.00000E+00 1.00000E+01
 -1       185 2.10000E+02 0.00000E+00 1.00000E+01
 -1       186 2.00000E+02 5.00000E+00 1.00000E+01
 -1       187 2.05000E+02 5.00000E+00 1.00000E+01
 -1       188 2.10000E+02 5.00000E+00 1.00000E+01
 -1       189 2.00000E+02 1.00000E+01 1.00000E+01
 -1       190 2.05000E+02 1.00000E+01 1.00000E+01
 -1       191 2.10000E+02 1.00000E+01 1.00000E+01
 -1       192 2.20000E+02 0.00000E+00 0.00000E+00
 -1       193 2.25000E+02 0.00000E+00 0.00000E+00
 -1       194 2.30000E+02 0.00000E+00 0.00000E+00
 -1       195 2.20000E+02 5.00000E+00 0.00000E+00
 -1       196 2.25000E+02 5.00000E+00 0.00000E+00
 -1       197 2.30000E+02 5.00000E+00 0.00000E+00
 -1       198 2.20000E+02 1.00000E+01 0.00000E+00
 -1       199 2.25000E+02 1.00000E+01 0.00000E+00
 -1       200 2.30000E+02 1.00000E+01 0.00000E+00
 -1       201 2.20000E+02 0.00000E+00 5.00000E+00
 -1       202 2.25000E+02 0.00000E+00 5.00000E+00
 -1       203 2.30000E+02 0.00000E+00 5.00000E+00
 -1       204 2.20000E+02 5.00000E+00 5.00000E+00
 -1       205 2.25000E+02 5.00000E+00 5.00000E+00
 -1       206 2.30000E+02 5.00000E+00 5.00000E+00
 -1       207 2.20000E+02 1.00000E+01 5.00000E+00
 -1       208 2.25000E+02 1.00000E+01 5.00000E+00
 -1       209 2.30000E+02 1.00000E+01 5.00000E+00
 -1       210 2.20000E+02 0.00000E+00 5.00000E+00
 -1       211 2.25000E+02 0.00000E+00 5.00000E+00
 -1       212 2.30000E+02 0.00000E+00 5.00000E+00
 -1       213 2.20000E+02 5.00000E+00 5.00000E+00
 -1       214 2.25000E+02 5.00000E+00 5.00000E+00
 -1       215 2.30000E+02 5.00000E+00 5.00000E+00
 -1       216 2.20000E+02 1.00000E+01 5.00000E+00
 -1       217 2.25000E+02 1.00000E+01 5.00000E+00
 -1       218 2.30000E+02 1.00000E+01 5.00000E+00
 -1       219 2.20000E+02 0.00000E+00 1.00000E+01
 -1       220 2.25000E+02 0.00000E+00 1.00000E+01
 -1       221 2.30000E+02 0.00000E+00 1.00000E+01
 -1       222 2.20000E+02 5.00000E+00 1.00000E+01
 -1       223 2.25000E+02 5.00000E+00 1.00000E+01
 -1       224 2.30000E+02 5.00000E+00 1.00000E+01
 -1       225 2.20000E+02 1.00000E+01 1.00000E+01
 -1       226 2.25000E+02 1.00000E+01 1.00000E+01
 -1       227 2.30000E+02 1.00000E+01 1.00000E+01
 -1       251 8.00000E+01 0.00000E+00-5.00000E-01
 -1       253 8.00000E+01 0.00000E+00 5.00000E-01
 -1       254 8.50000E+01 0.00000E+00-5.00000E-01
 -1       256 8.50000E+01 0.00000E+00 5.00000E-01
 -1       257 9.00000E+01 0.00000E+00-5.00000E-01
 -1       259 9.00000E+01 0.00000E+00 5.00000E-01
 -1       260 8.00000E+01 5.00000E+00-5.00000E-01
 -1       262 8.00000E+01 5.00000E+00 5.00000E-01
 -1       263 8.50000E+01 5.00000E+00-5.00000E-01
 -1       265 8.50000E+01 5.00000E+00 5.00000E-01
 -1       266 9.00000E+01 5.00000E+00-5.00000E-01
 -1       268 9.00000E+01 5.00000E+00 5.00000E-01
 -1       269 8.00000E+01 1.00000E+01-5.00000E-01
 -1       271 8.00000E+01 1.00000E+01 5.00000E-01
 -1       272 8.50000E+01 1.00000E+01-5.00000E-01
 -1       274 8.50000E+01 1.00000E+01 5.00000E-01
 -1       275 9.00000E+01 1.00000E+01-5.00000E-01
 -1       277 9.00000E+01 1.00000E+01 5.00000E-01
 -1       278 9.50000E+01 0.00000E+00-5.00000E-01
 -1       279 9.50000E+01 0.00000E+00 0.00000E+00
 -1       280 9.50000E+01 0.00000E+00 5.00000E-01
 -1       281 1.00000E+02 0.00000E+00-5.00000E-01
 -1       282 1.00000E+02 0.00000E+00 0.00000E+00
 -1       283 1.00000E+02 0.00000E+00 5.00000E-01
 -1       284 1.05000E+02 0.00000E+00-5.00000E-01
 -1       285 1.05000E+02 0.00000E+00 0.00000E+00
 -1       286 1.05000E+02 0.00000E+00 5.00000E-01
 -1       287 9.50000E+01 5.00000E+00-5.00000E-01
 -1       288 9.50000E+01 5.00000E+00 0.00000E+00
 -1       289 9.50000E+01 5.00000E+00 5.00000E-01
 -1       290 1.00000E+02 5.00000E+00-5.00000E-01
 -1       291 1.00000E+02 5.00000E+00 0.00000E+00
 -1       292 1.00000E+02 5.00000E+00 5.00000E-01
 -1       293 1.05000E+02 5.00000E+00-5.00000E-01
 -1       294 1.05000E+02 5.00000E+00 0.00000E+00
 -1       295 1.05000E+02 5.00000E+00 5.00000E-01
 -1       296 9.50000E+01 1.00000E+01-5.00000E-01
 -1       297 9.50000E+01 1.00000E+01 0.00000E+00
 -1       298 9.50000E+01 1.00000E+01 5.00000E-01
 -1       299 1.00000E+02 1.00000E+01-5.00000E-01
 -1       300 1.00000E+02 1.00000E+01 0.00000E+00
 -1       301 1.00000E+02 1.00000E+01 5.00000E-01
 -1       302 1.05000E+02 1.00000E+01-5.00000E-01
 -1       303 1.05000E+02 1.00000E+01 0.00000E+00
 -1       304 1.05000E+02 1.00000E+01 5.00000E-01
 -1       305 9.75000E+01 0.00000E+00-5.00000E-01
 -1       307 9.75000E+01 0.00000E+00 5.00000E-01
 -1       308 1.00000E+02 2.50000E+00-5.00000E-01
 -1       310 1.00000E+02 2.50000E+00 5.00000E-01
 -1       311 9.75000E+01 5.00000E+00-5.00000E-01
 -1       313 9.75000E+01 5.00000E+00 5.00000E-01
 -1       314 9.50000E+01 2.50000E+00-5.00000E-01
 -1       316 9.50000E+01 2.50000E+00 5.00000E-01
 -1       317 1.02500E+02 0.00000E+00-5.00000E-01
 -1       319 1.02500E+02 0.00000E+00 5.00000E-01
 -1       320 1.05000E+02 2.50000E+00-5.00000E-01
 -1       322 1.05000E+02 2.50000E+00 5.00000E-01
 -1       323 1.02500E+02 5.00000E+00-5.00000E-01
 -1       325 1.02500E+02 5.00000E+00 5.00000E-01
 -1       326 1.00000E+02 7.50000E+00-5.00000E-01
 -1       328 1.00000E+02 7.50000E+00 5.00000E-01
 -1       329 9.75000E+01 1.00000E+01-5.00000E-01
 -1       331 9.75000E+01 1.00000E+01 5.00000E-01
 -1       332 9.50000E+01 7.50000E+00-5.00000E-01
 -1       334 9.50000E+01 7.50000E+00 5.00000E-01
 -1       335 1.05000E+02 7.50000E+00-5.00000E-01
 -1       337 1.05000E+02 7.50000E+00 5.00000E-01
 -1       338 1.02500E+02 1.00000E+01-5.00000E-01
 -1       340 1.02500E+02 1.00000E+01 5.00000E-01
 -1       341 1.10000E+02 0.00000E+00-5.00000E-01
 -1       343 1.10000E+02 0.00000E+00 5.00000E-01
 -1       344 1.16000E+02 0.00000E+00-5.00000E-01
 -1       346 1.16000E+02 0.00000E+00 5.00000E-01
 -1       347 1.10000E+02 6.00000E+00-5.00000E-01
 -1       349 1.10000E+02 6.00000E+00 5.00000E-01
 -1       350 1.20000E+02 0.00000E+00-5.00000E-01
 -1       351 1.20000E+02 0.00000E+00 0.00000E+00
 -1       352 1.20000E+02 0.00000E+00 5.00000E-01
 -1       353 1.26000E+02 0.00000E+00-5.00000E-01
 -1       354 1.26000E+02 0.00000E+00 0.00000E+00
 -1       355 1.26000E+02 0.00000E+00 5.00000E-01
 -1       356 1.20000E+02 6.00000E+00-5.00000E-01
 -1       357 1.20000E+02 6.00000E+00 0.00000E+00
 -1       358 1.20000E+02 6.00000E+00 5.00000E-01
 -1       359 1.23000E+02 0.00000E+00-5.00000E-01
 -1       361 1.23000E+02 0.00000E+00 5.00000E-01
 -1       362 1.23000E+02 3.00000E+00-5.00000E-01
 -1       364 1.23000E+02 3.00000E+00 5.00000E-01
 -1       365 1.20000E+02 3.00000E+00-5.00000E-01
 -1       367 1.20000E+02 3.00000E+00 5.00000E-01
 -1       368 1.30000E+02-5.00000E-01-5.00000E-01
 -1       369 1.30000E+02 5.00000E-01-5.00000E-01
 -1       370 1.30000E+02 5.00000E-01 5.00000E-01
 -1       371 1.30000E+02-5.00000E-01 5.00000E-01
 -1       376 1.32500E+02-5.00000E-01-5.00000E-01
 -1       377 1.32500E+02 5.00000E-01-5.00000E-01
 -1       378 1.32500E+02 5.00000E-01 5.00000E-01
 -1       379 1.32500E+02-5.00000E-01 5.00000E-01
 -1       384 1.35000E+02-5.00000E-01-5.00000E-01
 -1       385 1.35000E+02 5.00000E-01-5.00000E-01
 -1       386 1.35000E+02 5.00000E-01 5.00000E-01
 -1       387 1.35000E+02-5.00000E-01 5.00000E-01
 -1       392 1.37500E+02-5.00000E-01-5.00000E-01
 -1       393 1.37500E+02 5.00000E-01-5.00000E-01
 -1       394 1.37500E+02 5.00000E-01 5.00000E-01
 -1       395 1.37500E+02-5.00000E-01 5.00000E-01
 -1       400 1.40000E+02-5.00000E-01-5.00000E-01
 -1       401 1.40000E+02 5.00000E-01-5.00000E-01
 -1       402 1.40000E+02 5.00000E-01 5.00000E-01
 -1       403 1.40000E+02-5.00000E-01 5.00000E-01
 -1       408 1.45000E+02-5.00000E-01-5.00000E-01
 -1       409 1.45000E+02 5.00000E-01-5.00000E-01
 -1       410 1.45000E+02 5.00000E-01 5.00000E-01
 -1       411 1.45000E+02-5.00000E-01 5.00000E-01
 -1       412 1.45000E+02 0.00000E+00-5.00000E-01
 -1       413 1.45000E+02 5.00000E-01 0.00000E+00
 -1       414 1.45000E+02 0.00000E+00 5.00000E-01
 -1       415 1.45000E+02-5.00000E-01 0.00000E+00
 -1       416 1.47500E+02-5.00000E-01-5.00000E-01
 -1       417 1.47500E+02 5.00000E-01-5.00000E-01
 -1       418 1.47500E+02 5.00000E-01 5.00000E-01
 -1       419 1.47500E+02-5.00000E-01 5.00000E-01
 -1       424 1.50000E+02-5.00000E-01-5.00000E-01
 -1       425 1.50000E+02 5.00000E-01-5.00000E-01
 -1       426 1.50000E+02 5.00000E-01 5.00000E-01
 -1       427 1.50000E+02-5.00000E-01 5.00000E-01
 -1       428 1.50000E+02 0.00000E+00-5.00000E-01
 -1       429 1.50000E+02 5.00000E-01 0.00000E+00
 -1       430 1.50000E+02 0.00000E+00 5.00000E-01
 -1       431 1.50000E+02-5.00000E-01 0.00000E+00
 -1       432 1.52500E+02-5.00000E-01-5.00000E-01
 -1       433 1.52500E+02 5.00000E-01-5.00000E-01
 -1       434 1.52500E+02 5.00000E-01 5.00000E-01
 -1       435 1.52500E+02-5.00000E-01 5.00000E-01
 -1       440 1.55000E+02-5.00000E-01-5.00000E-01
 -1       441 1.55000E+02 5.00000E-01-5.00000E-01
 -1       442 1.55000E+02 5.00000E-01 5.00000E-01
 -1       443 1.55000E+02-5.00000E-01 5.00000E-01
 -1       444 1.55000E+02 0.00000E+00-5.00000E-01
 -1       445 1.55000E+02 5.00000E-01 0.00000E+00
 -1       446 1.55000E+02 0.00000E+00 5.00000E-01
 -1       447 1.55000E+02-5.00000E-01 0.00000E+00
 -1       448 1.60543E+02-7.07107E-01-4.52679E-01
 -1       449 1.60543E+02 7.07107E-01-4.52679E-01
 -1       450 1.59457E+02 7.07107E-01 4.52679E-01
 -1       451 1.59457E+02-7.07107E-01 4.52679E-01
 -1       457 1.70543E+02-7.07107E-01 4.52679E-01
 -1       458 1.70543E+02 7.07107E-01 4.52679E-01
 -1       459 1.69457E+02 7.07107E-01-4.52679E-01
 -1       460 1.69457E+02-7.07107E-01-4.52679E-01
 -1       466 1.65543E+02-7.07107E-01 5.54732E+00
 -1       467 1.65543E+02 7.07107E-01 5.54732E+00
 -1       468 1.64457E+02 7.07107E-01 6.45268E+00
 -1       469 1.64457E+02-7.07107E-01 6.45268E+00
 -1       475 1.65543E+02-7.07107E-01 6.45268E+00
 -1       476 1.65543E+02 7.07107E-01 6.45268E+00
 -1       477 1.64457E+02 7.07107E-01 5.54732E+00
 -1       478 1.64457E+02-7.07107E-01 5.54732E+00
 -3
    3C                            51                                     1
 -1         1    1    0    1
 -2         1         2         5         4        10        11        14        13
 -1         2    1    0    1
 -2         2         3         6         5        11        12        15        14
 -1         3    1    0    1
 -2         4         5         8         7        13        14        17        16
 -1         4    1    0    1
 -2         5         6         9         8        14        15        18        17
 -1         5    1    0    1
 -2        10        11        14        13        19        20        23        22
 -1         6    1    0    1
 -2        11        12        15        14        20        21        24        23
 -1         7    1    0    1
 -2        13        14        17        16        22        23        26        25
 -1         8    1    0    1
 -2        14        15        18        17        23        24        27        26
 -1         9    4    0    1
 -2        30        31        32        33        34        35        36        37        38        39
 -2        40        41        46        47        48        49        42        43        44        45
 -1        10    4    0    1
 -2        34        35        36        37        50        51        52        53        42        43
 -2        44        45        58        59        60        61        54        55        56        57
 -1        11    3    0    1
 -2        63        64        65        66
 -1        12    6    0    1
 -2        67        68        69        70        71        72        73        74        75        76
 -1        13    2    0    1
 -2        77        78        79        80        81        82
 -1        14    5    0    1
 -2        83        84        85        86        87        88        89        90        91        95
 -2        96        97        92        93        94
 -1        16    1    0    2
 -2       251       254       263       260       253       256       265       262
 -1        17    1    0    2
 -2       254       257       266       263       256       259       268       265
 -1        18    1    0    2
 -2       260       263       272       269       262       265       274       271
 -1        19    1    0    2
 -2       263       266       275       272       265       268       277       274
 -1        20    4    0    2
 -2       278       281       290       287       280       283       292       289       305       308
 -2       311       314       279       282       291       288       307       310       313       316
 -1        21    4    0    2
 -2       281       284       293       290       283       286       295       292       317       320
 -2       323       308       282       285       294       291       319       322       325       310
 -1        22    4    0    2
 -2       287       290       299       296       289       292       301       298       311       326
 -2       329       332       288       291       300       297       313       328       331       334
 -1        23    4    0    2
 -2       290       293       302       299       292       295       304       301       323       335
 -2       338       326       291       294       303       300       325       337       340       328
 -1        24    2    0    2
 -2       341       344       347       343       346       349
 -1        25    5    0    2
 -2       350       353       356       352       355       358       359       362       365       351
 -2       354       357       361       364       367
 -1        26    1    0    1
 -2       368       376       377       369       371       379       378       370
 -1        27    1    0    1
 -2       376       384       385       377       379       387       386       378
 -1        28    1    0    1
 -2       384       392       393       385       387       395       394       386
 -1        29    1    0    1
 -2       392       400       401       393       395       403       402       394
 -1        30    4    0    1
 -2       408       424       425       409       411       427       426       410       416       428
 -2       417       412       415       431       429       413       419       430       418       414
 -1        31    4    0    1
 -2       424       440       441       425       427       443       442       426       432       444
 -2       433       428       431       447       445       429       435       446       434       430
 -1        32    1    0    2
 -2       448       466       467       449       451       469       468       450
 -1        33    1    0    2
 -2       457       475       476       458       460       478       477       459
 -1        34   11    0    4
 -2       151       152
 -1        35   11    0    5
 -2       151       152
 -1        38   11    0    9
 -2       154       155
 -1        40    1    0    1
 -2       156       157       160       159       165       166       169       168
 -1        41    1    0    1
 -2       157       158       161       160       166       167       170       169
 -1        42    1    0    1
 -2       159       160       163       162       168       169       172       171
 -1        43    1    0    1
 -2       160       161       164       163       169       170       173       172
 -1        44    1    0    1
 -2       174       175       178       177       183       184       187       186
 -1        45    1    0    1
 -2       175       176       179       178       184       185       188       187
 -1        46    1    0    1
 -2       177       178       181       180       186       187       190       189
 -1        47    1    0    1
 -2       178       179       182       181       187       188       191       190
 -1        48    1    0    1
 -2       192       193       196       195       201       202       205       204
 -1        49    1    0    1
 -2       193       194       197       196       202       203       206       205
 -1        50    1    0    1
 -2       195       196       199       198       204       205       208       207
 -1        51    1    0    1
 -2       196       197       200       199       205       206       209       208
 -1        52    1    0    1
 -2       210       211       214       213       219       220       223       222
 -1        53    1    0    1
 -2       211       212       215       214       220       221       224       223
 -1        54    1    0    1
 -2       213       214       217       216       222       223       226       225
 -1        55    1    0    1
 -2       214       215       218       217       223       224       227       226
 -3
    1PSTEP                         1           1           1          
  100CL  101 1.000000000         328                     0    1           1
 -4  DISP        4    1
 -5  D1          1    2    1    0
 -5  D2          1    2    2    0
 -5  D3          1    2    3    0
 -5  ALL         1    2    0    0    1ALL
 -1         1 0.00000E+00 0.00000E+00 0.00000E+00
 -1         2 4.24443E-04 1.58057E-04 1.47311E-04
 -1         3 8.48886E-04 0.00000E+00 0.00000E+00
 -1         4 0.00000E+00 0.00000E+00 0.00000E+00
 -1         5 4.24443E-04-1.33834E-20 1.49189E-04
 -1         6 8.48886E-04 0.00000E+00 0.00000E+00
 -1         7 0.00000E+00 0.00000E+00 0.00000E+00
 -1         8 4.24443E-04-1.58057E-04 1.47311E-04
 -1         9 8.48886E-04 0.00000E+00 0.00000E+00
 -1        10 0.00000E+00 0.00000E+00 0.00000E+00
 -1        11 4.24443E-04 1.53362E-04-1.90409E-05
 -1        12 8.48886E-04 0.00000E+00 0.00000E+00
 -1        13 0.00000E+00 0.00000E+00 0.00000E+00
 -1        14 4.24443E-04-4.00890E-21-1.71629E-05
 -1        15 8.48886E-04 0.00000E+00 0.00000E+00
 -1        16 0.00000E+00 0.00000E+00 0.00000E+00
 -1        17 4.24443E-04-1.53362E-04-1.90409E-05
 -1        18 8.48886E-04 0.00000E+00 0.00000E+00
 -1        19 0.00000E+00 0.00000E+00 0.00000E+00
 -1        20 4.24443E-04 1.48667E-04-2.05842E-04
 -1        21 8.48886E-04 0.00000E+00 0.00000E+00
 -1        22 0.00000E+00 0.00000E+00 0.00000E+00
 -1        23 4.24443E-04-1.40440E-20-2.03964E-04
 -1        24 8.48886E-04 0.00000E+00 0.00000E+00
 -1        25 0.00000E+00 0.00000E+00 0.00000E+00
 -1        26 4.24443E-04-1.48667E-04-2.05842E-04
 -1        27 8.48886E-04 0.00000E+00 0.00000E+00
 -1        30 0.00000E+00 0.00000E+00 0.00000E+00
 -1        31 3.02988E-05-1.94927E-19-4.78979E-04
 -1        32 3.02988E-05-1.94926E-19-4.78979E-04
 -1        33 0.00000E+00 0.00000E+00 0.00000E+00
 -1        34 0.00000E+00 0.00000E+00 0.00000E+00
 -1        35 3.25000E-04 6.58388E-20-4.78983E-04
 -1        36 3.25000E-04 6.58391E-20-4.78983E-04
 -1        37 0.00000E+00 0.00000E+00 0.00000E+00
 -1        38-1.80137E-05 1.28073E-05-1.60375E-04
 -1        39 3.02988E-05-1.94926E-19-4.78979E-04
 -1        40-1.80137E-05-1.28073E-05-1.60375E-04
 -1        41 0.00000E+00 0.00000E+00 0.00000E+00
 -1        42 1.62500E-04 6.96426E-05-1.75289E-04
 -1        43 3.25000E-04 6.58389E-20-4.78983E-04
 -1        44 1.62500E-04-6.96426E-05-1.75289E-04
 -1        45 0.00000E+00 0.00000E+00 0.00000E+00
 -1        46 0.00000E+00 0.00000E+00 0.00000E+00
 -1        47 1.77650E-04-6.45439E-20-4.78981E-04
 -1        48 1.77650E-04-6.45436E-20-4.78981E-04
 -1        49 0.00000E+00 0.00000E+00 0.00000E+00
 -1        50 0.00000E+00 0.00000E+00 0.00000E+00
 -1        51 6.19702E-04 3.26604E-19-4.78988E-04
 -1        52 6.19702E-04 3.26604E-19-4.78988E-04
 -1        53 0.00000E+00 0.00000E+00 0.00000E+00
 -1        54 3.43014E-04 1.26478E-04-2.99663E-04
 -1        55 6.19702E-04 3.26604E-19-4.78988E-04
 -1        56 3.43014E-04-1.26478E-04-2.99663E-04
 -1        57 0.00000E+00 0.00000E+00 0.00000E+00
 -1        58 0.00000E+00 0.00000E+00 0.00000E+00
 -1        59 4.72351E-04 1.96221E-19-4.78986E-04
 -1        60 4.72351E-04 1.96222E-19-4.78986E-04
 -1        61 0.00000E+00 0.00000E+00 0.00000E+00
 -1        63 0.00000E+00 0.00000E+00 0.00000E+00
 -1        64 0.00000E+00 0.00000E+00 0.00000E+00
 -1        65 0.00000E+00 0.00000E+00 0.00000E+00
 -1        66 2.78571E-03 0.00000E+00 7.84802E-04
 -1        67 0.00000E+00 0.00000E+00 0.00000E+00
 -1        68 0.00000E+00 0.00000E+00 0.00000E+00
 -1        69 0.00000E+00 0.00000E+00 0.00000E+00
 -1        70 2.07472E-02 1.67653E-03 7.84802E-04
 -1        71 0.00000E+00 0.00000E+00 0.00000E+00
 -1        72 0.00000E+00 0.00000E+00 0.00000E+00
 -1        73 0.00000E+00 0.00000E+00 0.00000E+00
 -1        74 5.37072E-03-2.76637E-04 2.00369E-03
 -1        75 5.37247E-03 1.44238E-03-2.00369E-03
 -1        76 3.42432E-03 9.16583E-05 9.81002E-04
 -1        77 0.00000E+00 0.00000E+00 0.00000E+00
 -1        78 0.00000E+00 0.00000E+00 0.00000E+00
 -1        79 0.00000E+00 0.00000E+00 0.00000E+00
 -1        80 9.08356E-03-3.51213E-03 1.85714E-03
 -1        81 9.08356E-03 7.02427E-03-3.71429E-03
 -1        82-1.45284E-03-3.51213E-03 1.85714E-03
 -1        83 0.00000E+00 0.00000E+00 0.00000E+00
 -1        84 0.00000E+00 0.00000E+00 0.00000E+00
 -1        85 0.00000E+00 0.00000E+00 0.00000E+00
 -1        86-5.54312E-05-5.54312E-05-1.20583E-03
 -1        87 3.14374E-04-2.66390E-04-1.76294E-03
 -1        88-2.66390E-04 3.14374E-04-1.76294E-03
 -1        89 0.00000E+00 0.00000E+00 0.00000E+00
 -1        90 0.00000E+00 0.00000E+00 0.00000E+00
 -1        91 0.00000E+00 0.00000E+00 0.00000E+00
 -1        92 1.10777E-04-1.36738E-04-1.09305E-03
 -1        93 3.34079E-05 3.34079E-05-9.05853E-04
 -1        94-1.36738E-04 1.10777E-04-1.09305E-03
 -1        95-6.46594E-05-6.46594E-05-5.29763E-04
 -1        96 1.31499E-04-3.46248E-05-8.33638E-04
 -1        97-3.46248E-05 1.31499E-04-8.33638E-04
 -1       151 0.00000E+00 0.00000E+00 0.00000E+00
 -1       152 3.00000E-02 0.00000E+00 0.00000E+00
 -1       154 8.00020E-02 0.00000E+00 0.00000E+00
 -1       155 0.00000E+00 0.00000E+00 0.00000E+00
 -1       156 0.00000E+00 0.00000E+00 0.00000E+00
 -1       157 0.00000E+00 0.00000E+00 0.00000E+00
 -1       158 0.00000E+00 0.00000E+00 0.00000E+00
 -1       159 0.00000E+00 0.00000E+00 0.00000E+00
 -1       160 0.00000E+00 0.00000E+00 0.00000E+00
 -1       161 0.00000E+00 0.00000E+00 0.00000E+00
 -1       162 0.00000E+00 0.00000E+00 0.00000E+00
 -1       163 0.00000E+00 0.00000E+00 0.00000E+00
 -1       164 0.00000E+00 0.00000E+00 0.00000E+00
 -1       165-1.50721E-05-1.50721E-05-4.47822E-05
 -1       166-1.03201E-19-1.49037E-05-4.18345E-05
 -1       167 1.50721E-05-1.50721E-05-4.47822E-05
 -1       168-1.49037E-05-2.28404E-21-4.18345E-05
 -1       169-1.74538E-19-5.32148E-21-3.87390E-05
 -1       170 1.49037E-05-1.16231E-20-4.18345E-05
 -1       171-1.50721E-05 1.50721E-05-4.47822E-05
 -1       172-1.35799E-19 1.49037E-05-4.18345E-05
 -1       173 1.50721E-05 1.50721E-05-4.47822E-05
 -1       174-1.50721E-05-1.50721E-05-4.47822E-05
 -1       175-1.02364E-19-1.49037E-05-4.18345E-05
 -1       176 1.50721E-05-1.50721E-05-4.47822E-05
 -1       177-1.49037E-05-1.44737E-21-4.18345E-05
 -1       178-1.75366E-19-6.14880E-21-3.87390E-05
 -1       179 1.49037E-05-1.24598E-20-4.18345E-05
 -1       180-1.50721E-05 1.50721E-05-4.47822E-05
 -1       181-1.36636E-19 1.49037E-05-4.18345E-05
 -1       182 1.50721E-05 1.50721E-05-4.47822E-05
 -1       183-1.44296E-05-1.44296E-05-9.02668E-05
 -1       184-6.02593E-19-1.50288E-05-9.00061E-05
 -1       185 1.44296E-05-1.44296E-05-9.02668E-05
 -1       186-1.50288E-05-6.79079E-20-9.00061E-05
 -1       187-6.24617E-19-2.25473E-20-8.93513E-05
 -1       188 1.50288E-05-1.08200E-20-9.00061E-05
 -1       189-1.44296E-05 1.44296E-05-9.02668E-05
 -1       190-5.42441E-19 1.50288E-05-9.00061E-05
 -1       191 1.44296E-05 1.44296E-05-9.02668E-05
 -1       192 0.00000E+00 0.00000E+00 0.00000E+00
 -1       193 0.00000E+00 0.00000E+00 0.00000E+00
 -1       194 0.00000E+00 0.00000E+00 0.00000E+00
 -1       195 0.00000E+00 0.00000E+00 0.00000E+00
 -1       196 0.00000E+00 0.00000E+00 0.00000E+00
 -1       197 0.00000E+00 0.00000E+00 0.00000E+00
 -1       198 0.00000E+00 0.00000E+00 0.00000E+00
 -1       199 0.00000E+00 0.00000E+00 0.00000E+00
 -1       200 0.00000E+00 0.00000E+00 0.00000E+00
 -1       201-2.54233E-05-2.54084E-05-7.06465E-05
 -1       202 1.03784E-08-2.38906E-05-6.32392E-05
 -1       203 2.54171E-05-2.53692E-05-7.04894E-05
 -1       204-2.41725E-05-9.02425E-11-6.38127E-05
 -1       205-1.13330E-09-1.84258E-10-5.68852E-05
 -1       206 2.42361E-05 6.07387E-11-6.40468E-05
 -1       207-2.54231E-05 2.54083E-05-7.06463E-05
 -1       208 1.05741E-08 2.38904E-05-6.32394E-05
 -1       209 2.54170E-05 2.53690E-05-7.04888E-05
 -1       210 0.00000E+00 0.00000E+00-1.15424E-04
 -1       211 2.11612E-05-2.08421E-05-1.09567E-04
 -1       212 4.31480E-05-2.12149E-05-1.15215E-04
 -1       213 0.00000E+00 0.00000E+00-1.10404E-04
 -1       214 2.59778E-05 2.43536E-10-1.04970E-04
 -1       215 4.48595E-05 1.00150E-10-1.10730E-04
 -1       216 0.00000E+00 0.00000E+00-1.15424E-04
 -1       217 2.11609E-05 2.08423E-05-1.09567E-04
 -1       218 4.31480E-05 2.12154E-05-1.15215E-04
 -1       219 0.00000E+00 0.00000E+00-1.76317E-04
 -1       220 2.30498E-05-2.32856E-05-1.81103E-04
 -1       221 4.67271E-05-2.36770E-05-1.84871E-04
 -1       222 0.00000E+00 0.00000E+00-1.76451E-04
 -1       223 2.78766E-05 2.18927E-11-1.79440E-04
 -1       224 4.81680E-05 1.23983E-10-1.82042E-04
 -1       225 0.00000E+00 0.00000E+00-1.76316E-04
 -1       226 2.30497E-05 2.32858E-05-1.81103E-04
 -1       227 4.67269E-05 2.36772E-05-1.84870E-04
 -1       251 0.00000E+00 0.00000E+00 6.21692E-08
 -1       253 0.00000E+00 0.00000E+00-6.21692E-08
 -1       254 2.38257E-04 1.70293E-05 1.19717E-03
 -1       256-2.37778E-04-1.75413E-05 1.19703E-03
 -1       257 2.95497E-04 2.01887E-05 3.87661E-03
 -1       259-2.94484E-04-2.06774E-05 3.87646E-03
 -1       260 0.00000E+00 0.00000E+00 6.51308E-08
 -1       262 0.00000E+00 0.00000E+00-6.51308E-08
 -1       263 2.45365E-04-3.72863E-19 1.27537E-03
 -1       265-2.44758E-04-7.06596E-19 1.27522E-03
 -1       266 2.96508E-04 2.75254E-18 3.98533E-03
 -1       268-2.95513E-04 3.12069E-18 3.98519E-03
 -1       269 0.00000E+00 0.00000E+00 6.21692E-08
 -1       271 0.00000E+00 0.00000E+00-6.21692E-08
 -1       272 2.38257E-04-1.70293E-05 1.19717E-03
 -1       274-2.37778E-04 1.75413E-05 1.19703E-03
 -1       275 2.95497E-04-2.01887E-05 3.87661E-03
 -1       277-2.94484E-04 2.06774E-05 3.87646E-03
 -1       278 0.00000E+00 0.00000E+00 5.94852E-08
 -1       279 0.00000E+00 0.00000E+00 0.00000E+00
 -1       280 0.00000E+00 0.00000E+00-5.94852E-08
 -1       281 2.66443E-04 3.99202E-05 1.52013E-03
 -1       282 2.79411E-07-2.34337E-07 1.51655E-03
 -1       283-2.65883E-04-4.03897E-05 1.51998E-03
 -1       284 3.07185E-04 1.40597E-05 4.43883E-03
 -1       285 5.23060E-07-2.40113E-07 4.43962E-03
 -1       286-3.06140E-04-1.45396E-05 4.43869E-03
 -1       287 0.00000E+00 0.00000E+00 7.03499E-08
 -1       288 0.00000E+00 0.00000E+00 0.00000E+00
 -1       289 0.00000E+00 0.00000E+00-7.03499E-08
 -1       290 2.69029E-04-4.87593E-18 1.68227E-03
 -1       291 3.02591E-07-1.04909E-18 1.67822E-03
 -1       292-2.68424E-04 1.82543E-18 1.68214E-03
 -1       293 2.99671E-04 1.53690E-17 4.54012E-03
 -1       294 5.36219E-07 3.70440E-18 4.54163E-03
 -1       295-2.98598E-04-6.27776E-18 4.53998E-03
 -1       296 0.00000E+00 0.00000E+00 5.94852E-08
 -1       297 0.00000E+00 0.00000E+00 0.00000E+00
 -1       298 0.00000E+00 0.00000E+00-5.94852E-08
 -1       299 2.66443E-04-3.99202E-05 1.52013E-03
 -1       300 2.79411E-07 2.34337E-07 1.51655E-03
 -1       301-2.65883E-04 4.03897E-05 1.51998E-03
 -1       302 3.07185E-04-1.40597E-05 4.43883E-03
 -1       303 5.23060E-07 2.40113E-07 4.43962E-03
 -1       304-3.06140E-04 1.45396E-05 4.43869E-03
 -1       305 1.34375E-04 2.55648E-05 5.07061E-04
 -1       307-1.34105E-04-2.59377E-05 5.06920E-04
 -1       308 2.48554E-04 1.44104E-05 1.66418E-03
 -1       310-2.47962E-04-1.46299E-05 1.66404E-03
 -1       311 1.51045E-04-5.76526E-18 6.01678E-04
 -1       313-1.50694E-04 9.26268E-19 6.01535E-04
 -1       314 8.36626E-05-5.02890E-07 1.96001E-06
 -1       316-8.35595E-05 4.84763E-07 1.83553E-06
 -1       317 2.96074E-04 2.86857E-05 2.91348E-03
 -1       319-2.95271E-04-2.91624E-05 2.91333E-03
 -1       320 3.06810E-04 1.13474E-05 4.50167E-03
 -1       322-3.05753E-04-1.15974E-05 4.50153E-03
 -1       323 2.89847E-04 3.28865E-18 3.05570E-03
 -1       325-2.89008E-04-2.54957E-18 3.05556E-03
 -1       326 2.48554E-04-1.44104E-05 1.66418E-03
 -1       328-2.47962E-04 1.46299E-05 1.66404E-03
 -1       329 1.34375E-04-2.55648E-05 5.07061E-04
 -1       331-1.34105E-04 2.59377E-05 5.06920E-04
 -1       332 8.36626E-05 5.02890E-07 1.96001E-06
 -1       334-8.35595E-05-4.84763E-07 1.83553E-06
 -1       335 3.06810E-04-1.13474E-05 4.50167E-03
 -1       337-3.05753E-04 1.15974E-05 4.50153E-03
 -1       338 2.96074E-04-2.86857E-05 2.91348E-03
 -1       340-2.95271E-04 2.91624E-05 2.91333E-03
 -1       341 0.00000E+00 0.00000E+00 0.00000E+00
 -1       343 0.00000E+00 0.00000E+00 0.00000E+00
 -1       344 0.00000E+00 0.00000E+00 0.00000E+00
 -1       346 0.00000E+00 0.00000E+00 0.00000E+00
 -1       347 0.00000E+00 0.00000E+00 0.00000E+00
 -1       349 0.00000E+00 0.00000E+00 0.00000E+00
 -1       350 0.00000E+00 0.00000E+00 0.00000E+00
 -1       351 0.00000E+00 0.00000E+00 0.00000E+00
 -1       352 0.00000E+00 0.00000E+00 0.00000E+00
 -1       353 0.00000E+00 0.00000E+00 0.00000E+00
 -1       354 0.00000E+00 0.00000E+00 0.00000E+00
 -1       355 0.00000E+00 0.00000E+00 0.00000E+00
 -1       356 0.00000E+00 0.00000E+00 0.00000E+00
 -1       357 0.00000E+00 0.00000E+00 0.00000E+00
 -1       358 0.00000E+00 0.00000E+00 0.00000E+00
 -1       359 0.00000E+00 0.00000E+00 0.00000E+00
 -1       361 0.00000E+00 0.00000E+00 0.00000E+00
 -1       362 0.00000E+00 0.00000E+00 0.00000E+00
 -1       364 0.00000E+00 0.00000E+00 0.00000E+00
 -1       365 0.00000E+00 0.00000E+00 0.00000E+00
 -1       367 0.00000E+00 0.00000E+00 0.00000E+00
 -1       368-9.93436E-19-7.74372E-04-1.50035E-18
 -1       369 9.93436E-19 7.74372E-04-3.02299E-18
 -1       370-9.90364E-19-7.74372E-04 7.04866E-19
 -1       371 9.90364E-19 7.74372E-04 3.81848E-18
 -1       376-1.24457E-02-6.53286E-04-3.17334E-02
 -1       377-1.24457E-02 6.53286E-04-3.17334E-02
 -1       378 1.24457E-02-6.53286E-04-3.17334E-02
 -1       379 1.24457E-02 6.53286E-04-3.17334E-02
 -1       384-2.13821E-02-4.28571E-04-1.16922E-01
 -1       385-2.13821E-02 4.28571E-04-1.16922E-01
 -1       386 2.13821E-02-4.28571E-04-1.16922E-01
 -1       387 2.13821E-02 4.28571E-04-1.16922E-01
 -1       392-2.67315E-02-2.03856E-04-2.37825E-01
 -1       393-2.67315E-02 2.03856E-04-2.37825E-01
 -1       394 2.67315E-02-2.03856E-04-2.37825E-01
 -1       395 2.67315E-02 2.03856E-04-2.37825E-01
 -1       400-2.85714E-02-8.27704E-05-3.76701E-01
 -1       401-2.85714E-02 8.27704E-05-3.76701E-01
 -1       402 2.85714E-02-8.27704E-05-3.76701E-01
 -1       403 2.85714E-02 8.27704E-05-3.76701E-01
 -1       408 4.68755E-12-6.85238E-04 5.33953E-10
 -1       409-4.68755E-12 6.85238E-04 5.58298E-10
 -1       410 4.67472E-12-6.85239E-04-5.33899E-10
 -1       411-4.67472E-12 6.85239E-04-5.58352E-10
 -1       412-7.06819E-26-1.21996E-11 5.46125E-10
 -1       413-6.41538E-15-5.46126E-10 1.21996E-11
 -1       414 7.06819E-26 1.21996E-11-5.46125E-10
 -1       415 6.41538E-15 5.46126E-10-1.21996E-11
 -1       416-1.04110E-02-1.87444E-04-2.75209E-02
 -1       417-1.04110E-02 1.11480E-03-2.65935E-02
 -1       418 1.04110E-02-1.11480E-03-2.65935E-02
 -1       419 1.04110E-02 1.87439E-04-2.75209E-02
 -1       424-1.98850E-02 5.15855E-04-1.04801E-01
 -1       425-1.98850E-02 1.33886E-03-1.02946E-01
 -1       426 1.98850E-02-1.33886E-03-1.02946E-01
 -1       427 1.98850E-02-5.15858E-04-1.04801E-01
 -1       428-1.99130E-02 9.29159E-04-1.04196E-01
 -1       429 2.67120E-09-4.32642E-09-1.02631E-01
 -1       430 1.99130E-02-9.29159E-04-1.04196E-01
 -1       431 2.67122E-09 4.32664E-09-1.04490E-01
 -1       432-2.44479E-02 1.20335E-03-2.17404E-01
 -1       433-2.44479E-02 1.58594E-03-2.14615E-01
 -1       434 2.44478E-02-1.58595E-03-2.14615E-01
 -1       435 2.44478E-02-1.20334E-03-2.17404E-01
 -1       440-2.75420E-02 1.68176E-03-3.49074E-01
 -1       441-2.75420E-02 2.04211E-03-3.45350E-01
 -1       442 2.75421E-02-2.04219E-03-3.45351E-01
 -1       443 2.75421E-02-1.68168E-03-3.49074E-01
 -1       444-2.75250E-02 1.85471E-03-3.47174E-01
 -1       445 2.78474E-08-1.59580E-08-3.45355E-01
 -1       446 2.75251E-02-1.85471E-03-3.47174E-01
 -1       447 2.78474E-08 1.59585E-08-3.49065E-01
 -1       448-9.20361E-05-1.08481E-04-2.79896E-04
 -1       449-9.20361E-05 1.08481E-04-2.79896E-04
 -1       450 9.20361E-05 1.08481E-04 2.79896E-04
 -1       451 9.20361E-05-1.08481E-04 2.79896E-04
 -1       457-9.20361E-05-1.08481E-04 2.79896E-04
 -1       458-9.20361E-05 1.08481E-04 2.79896E-04
 -1       459 9.20361E-05 1.08481E-04-2.79896E-04
 -1       460 9.20361E-05-1.08481E-04-2.79896E-04
 -1       466-9.20361E-05-1.08481E-04-5.00634E-03
 -1       467-9.20361E-05 1.08481E-04-5.00634E-03
 -1       468 9.20361E-05 1.08481E-04-4.44654E-03
 -1       469 9.20361E-05-1.08481E-04-4.44654E-03
 -1       475-9.20361E-05-1.08481E-04-4.44654E-03
 -1       476-9.20361E-05 1.08481E-04-4.44654E-03
 -1       477 9.20361E-05 1.08481E-04-5.00634E-03
 -1       478 9.20361E-05-1.08481E-04-5.00634E-03
 -3
    1PSTEP                         2           1           1          
  100CL  101 1.000000000         328                     0    1           1
 -4  STRESS      6    1
 -5  SXX         1    4    1    1
 -5  SYY         1    4    2    2
 -5  SZZ         1    4    3    3
 -5  SXY         1    4    1    2
 -5  SYZ         1    4    2    3
 -5  SZX         1    4    3    1
 -1         1 2.39965E+01 1.02844E+01 1.02844E+01 2.55318E+00-6.47566E-09 2.37959E+00
 -1         2 1.61359E+01-2.68270E+00-2.95067E+00-8.88178E-16-4.55051E-02 2.22045E-16
 -1         3 2.39965E+01 1.02844E+01 1.02844E+01-2.55318E+00-6.47566E-09-2.37959E+00
 -1         4 2.39965E+01 1.02844E+01 1.02844E+01-8.32667E-17-7.63278E-17 2.40993E+00
 -1         5 1.61359E+01-2.68270E+00-2.95067E+00-8.43076E-16 5.81132E-17 3.33067E-16
 -1         6 2.39965E+01 1.02844E+01 1.02844E+01 8.88178E-16 2.11962E-16-2.40993E+00
 -1         7 2.39965E+01 1.02844E+01 1.02844E+01-2.55318E+00 6.47566E-09 2.37959E+00
 -1         8 1.61359E+01-2.68270E+00-2.95067E+00 2.22045E-16 4.55051E-02 2.22045E-16
 -1         9 2.39965E+01 1.02844E+01 1.02844E+01 2.55318E+00 6.47566E-09-2.37959E+00
 -1        10 2.39965E+01 1.02844E+01 1.02844E+01 2.47734E+00-6.47566E-09-3.07570E-01
 -1        11 1.60019E+01-2.66501E+00-3.41499E+00-1.11022E-15-4.55051E-02-1.22125E-15
 -1        12 2.39965E+01 1.02844E+01 1.02844E+01-2.47734E+00-6.47566E-09 3.07570E-01
 -1        13 2.39965E+01 1.02844E+01 1.02844E+01-1.38778E-17 8.40257E-18-2.77233E-01
 -1        14 1.60019E+01-2.66501E+00-3.41499E+00-1.27329E-15 1.56125E-17 1.24900E-16
 -1        15 2.39965E+01 1.02844E+01 1.02844E+01 1.11022E-16 2.04155E-16 2.77233E-01
 -1        16 2.39965E+01 1.02844E+01 1.02844E+01-2.47734E+00 6.47566E-09-3.07570E-01
 -1        17 1.60019E+01-2.66501E+00-3.41499E+00-1.77636E-15 4.55051E-02 1.08247E-15
 -1        18 2.39965E+01 1.02844E+01 1.02844E+01 2.47734E+00 6.47566E-09 3.07570E-01
 -1        19 2.39965E+01 1.02844E+01 1.02844E+01 2.40149E+00-6.47566E-09-3.32506E+00
 -1        20 1.58679E+01-2.64731E+00-3.87930E+00-4.44089E-16-4.55051E-02-8.88178E-16
 -1        21 2.39965E+01 1.02844E+01 1.02844E+01-2.40149E+00-6.47566E-09 3.32506E+00
 -1        22 2.39965E+01 1.02844E+01 1.02844E+01-2.49800E-16 3.25261E-17-3.29473E+00
 -1        23 1.58679E+01-2.64731E+00-3.87930E+00-4.30211E-16-4.23273E-16-1.99840E-15
 -1        24 2.39965E+01 1.02844E+01 1.02844E+01 9.99201E-16 2.23346E-16 3.29473E+00
 -1        25 2.39965E+01 1.02844E+01 1.02844E+01-2.40149E+00 6.47566E-09-3.32506E+00
 -1        26 1.58679E+01-2.64731E+00-3.87930E+00 1.33227E-15 4.55051E-02 2.66454E-15
 -1        27 2.39965E+01 1.02844E+01 1.02844E+01 2.40149E+00 6.47566E-09 3.32506E+00
 -1        30-3.22090E+00-1.84323E+00-1.72799E+00 4.13777E-01 3.06034E-01-1.13403E+00
 -1        31 4.27895E+00 1.37096E+00 1.48613E+00-4.13777E-01 3.06034E-01-3.86571E+00
 -1        32 4.27895E+00 1.37096E+00 1.48613E+00 4.13777E-01-3.06034E-01-3.86571E+00
 -1        33-3.22090E+00-1.84323E+00-1.72799E+00-4.13777E-01-3.06034E-01-1.13403E+00
 -1        34 7.49966E+00 7.49965E-01 1.49994E+00 2.24996E+00 3.06034E-01-1.61581E+00
 -1        35 7.49974E+00 7.49970E-01 1.49988E+00-2.24996E+00 3.06034E-01-3.38399E+00
 -1        36 7.49974E+00 7.49970E-01 1.49988E+00 2.24996E+00-3.06034E-01-3.38399E+00
 -1        37 7.49966E+00 7.49965E-01 1.49994E+00-2.24996E+00-3.06034E-01-1.61581E+00
 -1        38 5.29026E-01-2.36134E-01-1.20927E-01-5.27356E-16 3.06034E-01-2.49987E+00
 -1        39 4.27895E+00 1.37096E+00 1.48613E+00-2.60902E-15-7.10543E-15-3.86571E+00
 -1        40 5.29026E-01-2.36134E-01-1.20927E-01-1.38778E-15-3.06034E-01-2.49987E+00
 -1        41-3.22090E+00-1.84323E+00-1.72799E+00 6.93889E-16-1.77636E-15-1.13403E+00
 -1        42 7.49970E+00 7.49968E-01 1.49991E+00 3.99680E-15 3.06034E-01-2.49990E+00
 -1        43 7.49974E+00 7.49970E-01 1.49988E+00 1.99840E-15 1.22125E-15-3.38399E+00
 -1        44 7.49970E+00 7.49968E-01 1.49991E+00 8.88178E-16-3.06034E-01-2.49990E+00
 -1        45 7.49966E+00 7.49965E-01 1.49994E+00 2.88658E-15-5.96745E-16-1.61581E+00
 -1        46 2.36045E+00-3.25605E-01 4.01706E-01 1.33187E+00 3.06034E-01-1.37491E+00
 -1        47 6.11043E+00 1.28150E+00 2.00874E+00-1.33187E+00 3.06034E-01-3.62486E+00
 -1        48 6.11043E+00 1.28150E+00 2.00874E+00 1.33187E+00-3.06034E-01-3.62486E+00
 -1        49 2.36045E+00-3.25605E-01 4.01706E-01-1.33187E+00-3.06034E-01-1.37491E+00
 -1        50 1.82204E+01 3.34323E+00 4.72795E+00 4.08615E+00 3.06034E-01-5.63396E+00
 -1        51 1.07204E+01 1.28910E-01 1.51356E+00-4.08615E+00 3.06034E-01 6.34098E-01
 -1        52 1.07204E+01 1.28910E-01 1.51356E+00 4.08615E+00-3.06034E-01 6.34098E-01
 -1        53 1.82204E+01 3.34323E+00 4.72795E+00-4.08615E+00-3.06034E-01-5.63396E+00
 -1        54 1.44704E+01 1.73607E+00 3.12075E+00-8.88178E-16 3.06034E-01-2.49993E+00
 -1        55 1.07204E+01 1.28910E-01 1.51356E+00-8.88178E-16 4.82947E-15 6.34098E-01
 -1        56 1.44704E+01 1.73607E+00 3.12075E+00-5.32907E-15-3.06034E-01-2.49993E+00
 -1        57 1.82204E+01 3.34323E+00 4.72795E+00-5.32907E-15 6.21725E-15-5.63396E+00
 -1        58 1.26389E+01 1.82557E+00 2.59822E+00 3.16806E+00 3.06034E-01-3.62489E+00
 -1        59 8.88897E+00 2.18408E-01 9.90985E-01-3.16806E+00 3.06034E-01-1.37494E+00
 -1        60 8.88897E+00 2.18408E-01 9.90985E-01 3.16806E+00-3.06034E-01-1.37494E+00
 -1        61 1.26389E+01 1.82557E+00 2.59822E+00-3.16806E+00-3.06034E-01-3.62489E+00
 -1        63 1.58470E+01 1.58470E+01 3.69762E+01 0.00000E+00 0.00000E+00 3.75000E+01
 -1        64 1.58470E+01 1.58470E+01 3.69762E+01 0.00000E+00 0.00000E+00 3.75000E+01
 -1        65 1.58470E+01 1.58470E+01 3.69762E+01 0.00000E+00 0.00000E+00 3.75000E+01
 -1        66 1.58470E+01 1.58470E+01 3.69762E+01 0.00000E+00 0.00000E+00 3.75000E+01
 -1        67 1.45990E+02 1.45990E+02 3.40643E+02 5.00677E-05-3.74645E+01 9.90352E+00
 -1        68-1.77684E+02-1.77684E+02-4.14595E+02 5.00677E-05 5.50978E+01 9.99794E+00
 -1        69 6.33880E+01 6.33878E+01 1.47905E+02 5.00677E-05-1.76333E+01-9.49028E+01
 -1        70-6.91797E+01-9.96928E+00-2.21857E+02-1.83659E+01-8.88358E-16 2.25000E+02
 -1        71-1.58469E+01-1.58470E+01-3.69759E+01 5.00677E-05 8.81663E+00 9.95073E+00
 -1        72-5.71478E+01-5.71480E+01-1.33345E+02 5.00677E-05 1.87323E+01-4.24524E+01
 -1        73 1.04689E+02 1.04689E+02 2.44274E+02 5.00677E-05-2.75489E+01-4.24996E+01
 -1        74 3.84051E+01 6.80102E+01 5.93931E+01-9.18291E+00-1.87323E+01 1.17452E+02
 -1        75-1.23432E+02-9.38266E+01-3.18226E+02-9.18291E+00 2.75489E+01 1.17499E+02
 -1        76-2.89586E+00 2.67093E+01-3.69759E+01-9.18291E+00-8.81663E+00 6.50485E+01
 -1        77-3.43634E-14-3.68306E-14-7.77139E-14 0.00000E+00-2.69689E-14 6.06765E+01
 -1        78 2.28698E-14 3.44452E-15 7.27881E-14 0.00000E+00 8.36022E-15-2.31765E+01
 -1        79-3.43634E-14-3.68306E-14-7.77139E-14 0.00000E+00-2.69689E-14 6.06765E+01
 -1        80 2.28698E-14 3.44452E-15 7.27881E-14 0.00000E+00 8.36022E-15-2.31765E+01
 -1        81-3.43634E-14-3.68306E-14-7.77139E-14 0.00000E+00-2.69689E-14 6.06765E+01
 -1        82 2.28698E-14 3.44452E-15 7.27881E-14 0.00000E+00 8.36022E-15-2.31765E+01
 -1        83-1.09012E+01-1.09012E+01-2.66178E+01 3.28364E+00-3.01526E+00-3.01526E+00
 -1        84-1.79259E+01-1.79259E+01-4.30087E+01 3.28362E+00 1.69406E+00 2.43628E+00
 -1        85-1.79259E+01-1.79259E+01-4.30087E+01 3.28362E+00 2.43628E+00 1.69406E+00
 -1        86 7.06859E+00 7.06859E+00-3.63180E+01-1.33107E+00 2.13216E+01 2.13216E+01
 -1        87 1.51805E+01 9.77689E+00-3.81586E+01-4.91778E+00 1.74477E+01-3.76543E+01
 -1        88 9.77689E+00 1.51805E+01-3.81586E+01-4.91778E+00-3.76543E+01 1.74477E+01
 -1        89-1.44135E+01-1.44136E+01-3.48133E+01 3.28363E+00-6.60598E-01-2.89488E-01
 -1        90-1.79259E+01-1.79259E+01-4.30087E+01 3.28362E+00 2.06517E+00 2.06517E+00
 -1        91-1.44136E+01-1.44135E+01-3.48133E+01 3.28363E+00-2.89488E-01-6.60598E-01
 -1        92 1.11245E+01 8.42274E+00-3.72383E+01-3.12443E+00 1.93847E+01-8.16631E+00
 -1        93 1.24787E+01 1.24787E+01-3.81586E+01-4.91778E+00-1.01033E+01-1.01033E+01
 -1        94 8.42274E+00 1.11245E+01-3.72383E+01-3.12443E+00-8.16631E+00 1.93847E+01
 -1        95-1.91632E+00-1.91632E+00-3.14679E+01 9.76284E-01 9.15319E+00 9.15319E+00
 -1        96-1.37270E+00-4.07450E+00-4.05837E+01-8.17082E-01 9.57089E+00-1.76090E+01
 -1        97-4.07450E+00-1.37270E+00-4.05837E+01-8.17082E-01-1.76090E+01 9.57089E+00
 -1       151 0.00000E+00 0.00000E+00 0.00000E+00 0.00000E+00 0.00000E+00 0.00000E+00
 -1       152 0.00000E+00 0.00000E+00 0.00000E+00 0.00000E+00 0.00000E+00 0.00000E+00
 -1       154 0.00000E+00 0.00000E+00 0.00000E+00 0.00000E+00 0.00000E+00 0.00000E+00
 -1       155 0.00000E+00 0.00000E+00 0.00000E+00 0.00000E+00 0.00000E+00 0.00000E+00
 -1       156-1.08509E+00-1.08509E+00-2.53183E+00-3.62585E-08-2.43467E-01-2.43467E-01
 -1       157-1.01366E+00-1.01366E+00-2.36517E+00 7.98447E-17-2.40748E-01-1.69005E-15
 -1       158-1.08509E+00-1.08509E+00-2.53183E+00 3.62585E-08-2.43467E-01 2.43467E-01
 -1       159-1.01366E+00-1.01366E+00-2.36517E+00-1.30782E-18-4.03323E-17-2.40748E-01
 -1       160-9.38657E-01-9.38657E-01-2.19016E+00 7.34411E-17-1.19913E-16-2.82044E-15
 -1       161-1.01366E+00-1.01366E+00-2.36517E+00-6.61905E-17-1.92554E-16 2.40748E-01
 -1       162-1.08509E+00-1.08509E+00-2.53183E+00 3.62585E-08 2.43467E-01-2.43467E-01
 -1       163-1.01366E+00-1.01366E+00-2.36517E+00 5.93601E-17 2.40748E-01-2.17361E-15
 -1       164-1.08509E+00-1.08509E+00-2.53183E+00-3.62585E-08 2.43467E-01 2.43467E-01
 -1       165 1.32267E-01 1.32267E-01-1.80142E+00 5.43869E-03-1.95851E-01-1.95851E-01
 -1       166 1.99613E-01 1.94174E-01-1.63884E+00 7.98406E-16-1.90745E-01 5.68642E-15
 -1       167 1.32267E-01 1.32267E-01-1.80142E+00-5.43869E-03-1.95851E-01 1.95851E-01
 -1       168 1.94174E-01 1.99613E-01-1.63884E+00-8.47846E-16 1.45717E-15-1.90745E-01
 -1       169 2.65099E-01 2.65099E-01-1.46791E+00-7.00666E-17 1.38778E-16 1.81452E-15
 -1       170 1.94174E-01 1.99613E-01-1.63884E+00 1.40296E-16-8.74301E-16 1.90745E-01
 -1       171 1.32267E-01 1.32267E-01-1.80142E+00-5.43869E-03 1.95851E-01-1.95851E-01
 -1       172 1.99613E-01 1.94174E-01-1.63884E+00-5.73760E-16 1.90745E-01 3.43475E-16
 -1       173 1.32267E-01 1.32267E-01-1.80142E+00 5.43869E-03 1.95851E-01 1.95851E-01
 -1       174 1.15230E-01 1.15230E-01-1.84114E+00 5.43882E-03 5.79936E-02 5.79936E-02
 -1       175 4.60446E-02 4.06060E-02-1.99713E+00 1.13971E-15 4.79820E-02-7.63278E-16
 -1       176 1.15230E-01 1.15230E-01-1.84114E+00-5.43882E-03 5.79936E-02-5.79936E-02
 -1       177 4.06060E-02 4.60446E-02-1.99713E+00-1.35916E-15 7.45931E-16 4.79820E-02
 -1       178-2.26124E-02-2.26124E-02-2.13920E+00 2.23291E-16-7.80626E-17-2.79637E-15
 -1       179 4.06060E-02 4.60446E-02-1.99713E+00-1.78026E-16-6.90420E-16-4.79820E-02
 -1       180 1.15230E-01 1.15230E-01-1.84114E+00-5.43882E-03-5.79936E-02 5.79936E-02
 -1       181 4.60446E-02 4.06060E-02-1.99713E+00-3.73182E-16-4.79820E-02-2.72005E-15
 -1       182 1.15230E-01 1.15230E-01-1.84114E+00 5.43882E-03-5.79936E-02-5.79936E-02
 -1       183 6.33400E-02 6.33400E-02-1.87227E+00-1.93573E-02 1.45891E-02 1.45891E-02
 -1       184 1.27513E-02 3.21087E-02-2.00967E+00 2.23346E-15 8.55580E-03 5.07493E-15
 -1       185 6.33400E-02 6.33400E-02-1.87227E+00 1.93573E-02 1.45891E-02-1.45891E-02
 -1       186 3.21087E-02 1.27513E-02-2.00967E+00 4.84855E-16 1.55258E-16 8.55580E-03
 -1       187-1.25126E-02-1.25126E-02-2.13314E+00 1.16910E-15 3.33934E-17 2.61726E-15
 -1       188 3.21087E-02 1.27513E-02-2.00967E+00 9.71445E-16-6.19296E-16-8.55580E-03
 -1       189 6.33400E-02 6.33400E-02-1.87227E+00 1.93573E-02-1.45891E-02 1.45891E-02
 -1       190 1.27513E-02 3.21087E-02-2.00967E+00-1.50921E-16-8.55580E-03 3.49980E-15
 -1       191 6.33400E-02 6.33400E-02-1.87227E+00-1.93573E-02-1.45891E-02-1.45891E-02
 -1       192-1.71179E+00-1.71179E+00-3.99412E+00-2.96249E-07-4.10436E-01-4.10676E-01
 -1       193-1.53231E+00-1.53231E+00-3.57532E+00-6.64187E-09-3.85917E-01 1.67655E-04
 -1       194-1.70798E+00-1.70798E+00-3.98523E+00 2.88281E-07-4.09802E-01 4.10577E-01
 -1       195-1.54620E+00-1.54620E+00-3.60775E+00-1.81731E-11-1.45769E-06-3.90471E-01
 -1       196-1.37834E+00-1.37834E+00-3.21608E+00-1.99256E-11-2.97643E-06-1.83114E-05
 -1       197-1.55187E+00-1.55187E+00-3.62098E+00-3.16980E-11 9.81170E-07 3.91499E-01
 -1       198-1.71179E+00-1.71179E+00-3.99411E+00 2.96224E-07 4.10434E-01-4.10673E-01
 -1       199-1.53231E+00-1.53231E+00-3.57534E+00 6.59306E-09 3.85915E-01 1.70815E-04
 -1       200-1.70797E+00-1.70797E+00-3.98520E+00-2.88374E-07 4.09800E-01 4.10574E-01
 -1       201 3.41840E-01 3.41023E-01-2.76218E+00 4.47238E-02-3.00045E-01-2.91021E-01
 -1       202 4.83781E-01 4.34356E-01-2.38050E+00 1.31154E-04-2.83275E-01 1.43641E-03
 -1       203 3.43179E-01 3.41967E-01-2.75490E+00-4.29627E-02-3.05730E-01 2.93460E-01
 -1       204 4.36060E-01 4.76025E-01-2.40640E+00 1.02713E-07-3.93383E-07-2.78566E-01
 -1       205 5.69003E-01 5.58864E-01-2.05071E+00 2.79942E-06-4.59446E-06-1.90904E-03
 -1       206 4.33163E-01 4.69730E-01-2.41899E+00 2.67111E-06 5.85194E-06 2.75812E-01
 -1       207 3.41844E-01 3.41029E-01-2.76218E+00-4.47203E-02 3.00045E-01-2.91023E-01
 -1       208 4.83772E-01 4.34361E-01-2.38051E+00-1.28082E-04 2.83270E-01 1.44338E-03
 -1       209 3.43167E-01 3.41958E-01-2.75488E+00 4.29596E-02 3.05737E-01 2.93470E-01
 -1       210-2.79056E-01-9.62708E-01-2.92992E+00-3.36673E-01 8.10843E-02 9.46115E-02
 -1       211-8.59361E-03-3.22257E-02-3.01665E+00-9.35429E-02 3.47841E-02 3.21901E-02
 -1       212 6.93567E-02 4.44215E-02-2.89126E+00 2.16225E-02 3.26801E-02-3.34305E-02
 -1       213-1.31614E-01-9.70877E-01-3.10459E+00 3.93398E-06 1.01953E-06 8.77841E-02
 -1       214-3.13055E-02-8.25884E-02-3.16180E+00-1.59959E-06-4.08949E-06 2.80382E-02
 -1       215-1.46338E-01-7.09514E-02-3.06016E+00-2.57258E-06 4.33625E-06-3.96064E-02
 -1       216-2.79072E-01-9.62714E-01-2.92992E+00 3.36677E-01-8.10822E-02 9.46085E-02
 -1       217-8.59473E-03-3.22340E-02-3.01665E+00 9.35416E-02-3.47872E-02 3.21962E-02
 -1       218 6.93698E-02 4.44336E-02-2.89127E+00-2.16200E-02-3.26757E-02-3.34251E-02
 -1       219-1.72280E-01-9.16946E-01-2.88416E+00-3.76146E-01-2.16756E-03-7.73204E-02
 -1       220 1.51788E-01 1.49278E-01-2.91409E+00-1.13264E-01-1.26101E-02-3.85822E-02
 -1       221 2.24594E-01 2.24586E-01-2.79064E+00 1.69530E-02 5.91930E-03-3.04300E-03
 -1       222-2.42616E-02-9.24868E-01-3.05858E+00 3.53621E-07 1.29993E-06-4.82904E-02
 -1       223 1.21431E-01 9.56463E-02-3.06251E+00 1.87791E-07-2.24886E-06-1.44886E-02
 -1       224-6.97673E-03 1.02403E-01-2.96635E+00-3.74709E-07 1.81692E-06 1.14143E-02
 -1       225-1.72285E-01-9.16948E-01-2.88416E+00 3.76148E-01 2.17016E-03-7.73204E-02
 -1       226 1.51788E-01 1.49285E-01-2.91408E+00 1.13264E-01 1.26107E-02-3.85788E-02
 -1       227 2.24577E-01 2.24573E-01-2.79067E+00-1.69554E-02-5.91989E-03-3.04633E-03
 -1       251 3.76484E+00 1.25657E+00 4.24240E-02 9.04689E-02 2.27444E-01-5.57632E-02
 -1       253-3.76561E+00-1.26301E+00-6.22106E-02-9.14804E-02 2.27428E-01-5.57795E-02
 -1       254 2.20862E+00 4.74349E-01-4.87142E-02 9.06771E-02-1.36351E-01 1.42300E-01
 -1       256-2.20856E+00-4.73781E-01 2.87150E-02-9.10074E-02-1.36351E-01 1.42283E-01
 -1       257 7.96837E-01-1.83620E-02 4.58554E-03 2.21105E-02-6.88340E-03-3.51151E-03
 -1       259-7.95943E-01 1.84457E-02-2.47973E-02-2.17597E-02-6.86705E-03-3.52786E-03
 -1       260 3.91171E+00 1.32837E+00 1.14174E-01 2.78206E-16-6.63358E-15 3.55751E-01
 -1       262-3.91094E+00-1.33513E+00-1.34386E-01 1.44849E-16-5.55112E-16 3.55768E-01
 -1       263 2.21913E+00 4.79559E-01-4.35040E-02 1.30278E-15 9.16975E-15 5.76922E-02
 -1       265-2.21920E+00-4.78992E-01 2.35048E-02-1.01481E-15-6.61970E-15 5.77085E-02
 -1       266 6.70995E-01-7.97452E-02-5.67437E-02-1.47365E-15-1.10814E-14 1.03508E-01
 -1       268-6.71888E-01 8.01462E-02 3.69571E-02 1.94202E-15 1.03459E-14 1.03524E-01
 -1       269 3.76484E+00 1.25657E+00 4.24240E-02-9.04689E-02-2.27444E-01-5.57632E-02
 -1       271-3.76561E+00-1.26301E+00-6.22106E-02 9.14804E-02-2.27428E-01-5.57795E-02
 -1       272 2.20862E+00 4.74349E-01-4.87142E-02-9.06771E-02 1.36351E-01 1.42300E-01
 -1       274-2.20856E+00-4.73781E-01 2.87150E-02 9.10074E-02 1.36351E-01 1.42283E-01
 -1       275 7.96837E-01-1.83620E-02 4.58554E-03-2.21105E-02 6.88340E-03-3.51151E-03
 -1       277-7.95943E-01 1.84457E-02-2.47973E-02 2.17597E-02 6.86705E-03-3.52786E-03
 -1       278 5.59594E+00 2.72152E+00 2.73644E+00 2.08943E+00 3.99553E-02 2.67335E+00
 -1       279-1.06165E-03-4.17662E-03-1.00570E-02-1.60199E-03 3.99496E-02 2.65478E+00
 -1       280-5.59805E+00-2.72987E+00-2.75654E+00-2.09264E+00 3.99537E-02 2.67303E+00
 -1       281 2.16425E+00-2.77072E-01-3.68489E-01-3.94369E-01 6.58680E-02-3.58942E-01
 -1       282 7.19590E-04 6.45453E-04-9.99870E-03 3.05748E-04 6.33632E-02-3.56626E-01
 -1       283-2.16281E+00 2.78377E-01 3.48498E-01 3.94978E-01 6.58926E-02-3.58836E-01
 -1       284 2.76889E-01 2.71706E-01 4.10260E-01-1.40170E-01 3.71390E-02 6.11075E-01
 -1       285 4.55877E-05-1.93233E-04-9.96736E-03 3.97075E-05 4.09812E-02 6.33987E-01
 -1       286-2.76829E-01-2.72113E-01-4.30210E-01 1.40260E-01 3.71499E-02 6.11025E-01
 -1       287 6.96545E+00 3.45870E+00 3.43012E+00-1.03584E-13 3.93505E-14 3.81172E+00
 -1       288 1.45713E-03-2.36014E-03-1.01475E-02-3.21219E-14-2.73184E-14 3.79075E+00
 -1       289-6.96253E+00-3.46342E+00-3.45042E+00 3.74145E-14-3.32442E-14 3.81164E+00
 -1       290 1.64879E+00 1.17319E-01-5.41464E-01 7.22755E-14 4.78784E-15-2.59177E-01
 -1       291-4.22705E-04-5.90553E-04-1.00158E-02 1.24537E-14 1.12022E-13-2.54985E-01
 -1       292-1.64963E+00-1.18481E-01 5.21444E-01-4.04676E-14 1.08358E-13-2.59154E-01
 -1       293 1.75554E-01-2.45332E-01 4.10162E-01 1.24387E-13-4.88831E-13 4.65655E-01
 -1       294 1.75167E-04 4.51229E-04-9.84582E-03 1.07865E-14-2.76223E-13 4.94968E-01
 -1       295-1.75203E-01 2.46231E-01-4.29853E-01-9.65339E-14-3.35981E-13 4.65703E-01
 -1       296 5.59594E+00 2.72152E+00 2.73644E+00-2.08943E+00-3.99553E-02 2.67335E+00
 -1       297-1.06165E-03-4.17662E-03-1.00570E-02 1.60199E-03-3.99496E-02 2.65478E+00
 -1       298-5.59805E+00-2.72987E+00-2.75654E+00 2.09264E+00-3.99537E-02 2.67303E+00
 -1       299 2.16425E+00-2.77072E-01-3.68489E-01 3.94369E-01-6.58680E-02-3.58942E-01
 -1       300 7.19590E-04 6.45453E-04-9.99870E-03-3.05748E-04-6.33632E-02-3.56626E-01
 -1       301-2.16281E+00 2.78377E-01 3.48498E-01-3.94978E-01-6.58926E-02-3.58836E-01
 -1       302 2.76889E-01 2.71706E-01 4.10260E-01 1.40170E-01-3.71390E-02 6.11075E-01
 -1       303 4.55877E-05-1.93233E-04-9.96736E-03-3.97075E-05-4.09812E-02 6.33987E-01
 -1       304-2.76829E-01-2.72113E-01-4.30210E-01-1.40260E-01-3.71499E-02 6.11025E-01
 -1       305 4.77687E+00 1.57567E+00 1.59601E+00 9.76592E-01-1.74457E-01 9.35082E-01
 -1       307-4.77599E+00-1.57681E+00-1.61594E+00-9.77453E-01-1.74429E-01 9.34961E-01
 -1       308 1.07401E+00-4.89851E-01-8.64817E-01 2.42242E-02 8.92089E-02 7.27885E-01
 -1       310-1.07454E+00 4.89647E-01 8.44804E-01-2.38771E-02 8.92231E-02 7.27935E-01
 -1       311 5.02894E+00 2.05537E+00 1.77045E+00-3.07532E-14-3.29597E-14 9.13197E-01
 -1       313-5.02722E+00-2.05603E+00-1.79024E+00 2.09277E-14 9.23567E-14 9.13214E-01
 -1       314 4.14765E+00 2.03965E+00 2.03310E+00 1.37488E-01 2.60465E-02-8.36555E-01
 -1       316-4.14865E+00-2.04659E+00-2.05314E+00-1.40003E-01 2.59321E-02-8.36769E-01
 -1       317 2.48868E-01-5.07900E-01-4.66432E-01-3.35206E-01 1.75160E-02-2.00113E-01
 -1       319-2.48579E-01 5.08201E-01 4.46391E-01 3.35419E-01 1.75174E-02-2.00070E-01
 -1       320 6.94239E-01 2.43691E-01 6.40689E-01-7.35208E-02-7.07148E-02 9.30534E-02
 -1       322-6.94315E-01-2.43608E-01-6.60723E-01 7.35246E-02-7.07095E-02 9.30361E-02
 -1       323 1.15434E-01-4.83130E-01-4.67038E-01 1.20265E-13-5.85226E-14-1.91741E-01
 -1       325-1.15594E-01 4.82956E-01 4.46891E-01-8.54039E-14-2.58658E-13-1.91750E-01
 -1       326 1.07401E+00-4.89851E-01-8.64817E-01-2.42242E-02-8.92089E-02 7.27885E-01
 -1       328-1.07454E+00 4.89647E-01 8.44804E-01 2.38771E-02-8.92231E-02 7.27935E-01
 -1       329 4.77687E+00 1.57567E+00 1.59601E+00-9.76592E-01 1.74457E-01 9.35082E-01
 -1       331-4.77599E+00-1.57681E+00-1.61594E+00 9.77453E-01 1.74429E-01 9.34961E-01
 -1       332 4.14765E+00 2.03965E+00 2.03310E+00-1.37488E-01-2.60465E-02-8.36555E-01
 -1       334-4.14865E+00-2.04659E+00-2.05314E+00 1.40003E-01-2.59321E-02-8.36769E-01
 -1       335 6.94239E-01 2.43691E-01 6.40689E-01 7.35208E-02 7.07148E-02 9.30534E-02
 -1       337-6.94315E-01-2.43608E-01-6.60723E-01-7.35246E-02 7.07095E-02 9.30361E-02
 -1       338 2.48868E-01-5.07900E-01-4.66432E-01 3.35206E-01-1.75160E-02-2.00113E-01
 -1       340-2.48579E-01 5.08201E-01 4.46391E-01-3.35419E-01-1.75174E-02-2.00070E-01
 -1       341 0.00000E+00 0.00000E+00 0.00000E+00 0.00000E+00 0.00000E+00 0.00000E+00
 -1       343 0.00000E+00 0.00000E+00 0.00000E+00 0.00000E+00 0.00000E+00 0.00000E+00
 -1       344 0.00000E+00 0.00000E+00 0.00000E+00 0.00000E+00 0.00000E+00 0.00000E+00
 -1       346 0.00000E+00 0.00000E+00 0.00000E+00 0.00000E+00 0.00000E+00 0.00000E+00
 -1       347 0.00000E+00 0.00000E+00 0.00000E+00 0.00000E+00 0.00000E+00 0.00000E+00
 -1       349 0.00000E+00 0.00000E+00 0.00000E+00 0.00000E+00 0.00000E+00 0.00000E+00
 -1       350 0.00000E+00 0.00000E+00 0.00000E+00 0.00000E+00 0.00000E+00 0.00000E+00
 -1       351 0.00000E+00 0.00000E+00 0.00000E+00 0.00000E+00 0.00000E+00 0.00000E+00
 -1       352 0.00000E+00 0.00000E+00 0.00000E+00 0.00000E+00 0.00000E+00 0.00000E+00
 -1       353 0.00000E+00 0.00000E+00 0.00000E+00 0.00000E+00 0.00000E+00 0.00000E+00
 -1       354 0.00000E+00 0.00000E+00 0.00000E+00 0.00000E+00 0.00000E+00 0.00000E+00
 -1       355 0.00000E+00 0.00000E+00 0.00000E+00 0.00000E+00 0.00000E+00 0.00000E+00
 -1       356 0.00000E+00 0.00000E+00 0.00000E+00 0.00000E+00 0.00000E+00 0.00000E+00
 -1       357 0.00000E+00 0.00000E+00 0.00000E+00 0.00000E+00 0.00000E+00 0.00000E+00
 -1       358 0.00000E+00 0.00000E+00 0.00000E+00 0.00000E+00 0.00000E+00 0.00000E+00
 -1       359 0.00000E+00 0.00000E+00 0.00000E+00 0.00000E+00 0.00000E+00 0.00000E+00
 -1       361 0.00000E+00 0.00000E+00 0.00000E+00 0.00000E+00 0.00000E+00 0.00000E+00
 -1       362 0.00000E+00 0.00000E+00 0.00000E+00 0.00000E+00 0.00000E+00 0.00000E+00
 -1       364 0.00000E+00 0.00000E+00 0.00000E+00 0.00000E+00 0.00000E+00 0.00000E+00
 -1       365 0.00000E+00 0.00000E+00 0.00000E+00 0.00000E+00 0.00000E+00 0.00000E+00
 -1       367 0.00000E+00 0.00000E+00 0.00000E+00 0.00000E+00 0.00000E+00 0.00000E+00
 -1       368-1.03532E+03 1.90381E+01 1.46698E+01 3.91196E+00 9.77989E+00-1.99992E+01
 -1       369-1.03532E+03 1.90381E+01 1.46698E+01-3.91196E+00-9.77989E+00-1.99992E+01
 -1       370 1.03532E+03-1.90381E+01-1.46698E+01 3.91196E+00-9.77989E+00-1.99992E+01
 -1       371 1.03532E+03-1.90381E+01-1.46698E+01-3.91196E+00 9.77989E+00-1.99992E+01
 -1       376-8.93717E+02 8.14669E+00 6.27745E+00 5.58594E+00 4.18497E+00-1.99992E+01
 -1       377-8.93717E+02 8.14669E+00 6.27745E+00-5.58594E+00-4.18497E+00-1.99992E+01
 -1       378 8.93717E+02-8.14669E+00-6.27745E+00 5.58594E+00-4.18497E+00-1.99992E+01
 -1       379 8.93717E+02-8.14669E+00-6.27745E+00-5.58594E+00 4.18497E+00-1.99992E+01
 -1       384-5.99996E+02-2.02647E-11-3.40687E-11 7.25993E+00 2.58282E-12-1.99992E+01
 -1       385-5.99996E+02 1.86375E-11 3.42038E-11-7.25993E+00 3.61844E-12-1.99992E+01
 -1       386 5.99996E+02 2.32134E-11 3.95026E-11 7.25993E+00 5.85132E-12-1.99992E+01
 -1       387 5.99996E+02-1.37135E-11-1.98312E-11-7.25993E+00 4.94893E-12-1.99992E+01
 -1       392-3.06276E+02-8.14669E+00-6.27745E+00 5.58594E+00-4.18497E+00-1.99992E+01
 -1       393-3.06276E+02-8.14669E+00-6.27745E+00-5.58594E+00 4.18497E+00-1.99992E+01
 -1       394 3.06276E+02 8.14669E+00 6.27745E+00 5.58594E+00 4.18497E+00-1.99992E+01
 -1       395 3.06276E+02 8.14669E+00 6.27745E+00-5.58594E+00-4.18497E+00-1.99992E+01
 -1       400-1.64669E+02-1.90381E+01-1.46698E+01 3.91196E+00-9.77989E+00-1.99992E+01
 -1       401-1.64669E+02-1.90381E+01-1.46698E+01-3.91196E+00 9.77989E+00-1.99992E+01
 -1       402 1.64669E+02 1.90381E+01 1.46698E+01 3.91196E+00 9.77989E+00-1.99992E+01
 -1       403 1.64669E+02 1.90381E+01 1.46698E+01-3.91196E+00-9.77989E+00-1.99992E+01
 -1       408-1.06419E+03-1.39816E+02-3.61202E+02 1.27629E+01 1.10693E+02-8.53316E+01
 -1       409-1.06419E+03-1.39816E+02-3.61202E+02 1.71980E+01-1.10693E+02-5.53707E+01
 -1       410 1.06419E+03 1.39815E+02 3.61201E+02-1.71977E+01-1.10693E+02-5.53704E+01
 -1       411 1.06419E+03 1.39815E+02 3.61201E+02-1.27632E+01 1.10693E+02-8.53314E+01
 -1       412-1.06577E+03-1.40494E+02-3.61880E+02 1.50096E+01 2.94896E-06-7.55622E+01
 -1       413-5.89032E-04-5.80130E-04-5.80114E-04 5.33428E-05-1.10693E+02-5.02869E+01
 -1       414 1.06577E+03 1.40493E+02 3.61879E+02-1.50096E+01 2.95612E-06-7.55620E+01
 -1       415-5.89042E-04-5.80138E-04-5.80142E-04-5.33422E-05 1.10693E+02-8.03060E+01
 -1       416-8.90649E+02-3.72609E+01-1.47651E+02 1.48827E+01 5.30954E+01-1.11596E+01
 -1       417-8.90649E+02-3.84246E+01-1.46487E+02 1.50782E+01-5.30954E+01 1.88013E+01
 -1       418 8.90651E+02 3.84280E+01 1.46491E+02-1.50785E+01-5.30918E+01 1.88011E+01
 -1       419 8.90651E+02 3.72644E+01 1.47654E+02-1.48825E+01 5.30918E+01-1.11598E+01
 -1       424-5.57238E+02 3.89612E+01 1.05960E+02 1.67761E+01-3.76988E+01-1.03036E+02
 -1       425-5.57238E+02 3.66338E+01 1.08288E+02 1.33014E+01 3.76988E+01-7.29583E+01
 -1       426 5.57237E+02-3.66332E+01-1.08287E+02-1.33017E+01 3.77058E+01-7.29586E+01
 -1       427 5.57237E+02-3.89605E+01-1.05960E+02-1.67758E+01-3.77058E+01-1.03036E+02
 -1       428-5.56759E+02 3.80021E+01 1.07327E+02 1.49804E+01-2.90915E-01-8.31708E+01
 -1       429-2.26772E-03-2.81250E-03-1.05001E-03 1.86224E-05 3.79932E+01-7.30002E+01
 -1       430 5.56755E+02-3.80042E+01-1.07332E+02-1.49804E+01-2.90915E-01-8.31707E+01
 -1       431-2.26772E-03-2.81250E-03-1.05002E-03-1.86219E-05-3.74114E+01-1.02961E+02
 -1       432-3.10142E+02-2.71079E+00 4.08829E+01 1.70603E+01-1.50104E+01 3.31275E+00
 -1       433-3.10142E+02 7.92952E-01 3.73791E+01 1.31338E+01 1.50104E+01 3.35068E+01
 -1       434 3.10142E+02-7.96674E-01-3.73829E+01-1.31342E+01 1.49997E+01 3.35065E+01
 -1       435 3.10142E+02 2.70707E+00-4.08866E+01-1.70599E+01-1.49997E+01 3.31240E+00
 -1       440-2.22056E+02-1.60318E+01-6.34050E+01 1.75707E+01 4.14589E+01-1.12882E+02
 -1       441-2.22056E+02-6.69698E+00-7.27398E+01 1.26233E+01-4.14589E+01-8.26884E+01
 -1       442 2.22033E+02 6.64144E+00 7.26843E+01-1.26241E+01-4.14873E+01-8.26892E+01
 -1       443 2.22033E+02 1.59762E+01 6.33495E+01-1.75699E+01 4.14873E+01-1.12883E+02
 -1       444-2.19508E+02-1.02692E+01-6.69702E+01 1.49513E+01 1.16685E+00-9.47082E+01
 -1       445-6.60416E-03-1.54509E-02-2.25570E-02 3.93888E-05-4.26399E+01-8.78561E+01
 -1       446 2.19494E+02 1.02241E+01 6.69393E+01-1.49513E+01 1.16685E+00-9.47081E+01
 -1       447-6.60416E-03-1.54509E-02-2.25570E-02-3.93886E-05 4.03062E+01-1.17759E+02
 -1       448-1.33366E+01 3.45955E-14-1.92048E+01 1.40843E-14-2.84878E-13-1.60040E+01
 -1       449-1.33366E+01-2.47667E-14-1.92048E+01 1.47320E-14-3.06794E-13-1.60040E+01
 -1       450-1.33366E+01-1.67435E-13-1.92048E+01-1.33690E-14 2.93874E-13-1.60040E+01
 -1       451-1.33366E+01 1.63044E-13-1.92048E+01 6.15457E-14 3.83709E-13-1.60040E+01
 -1       457-1.33366E+01 3.88730E-13-1.92048E+01 9.42408E-14 4.68794E-13 1.60040E+01
 -1       458-1.33366E+01-3.70954E-13-1.92048E+01 9.22615E-14 4.61733E-13 1.60040E+01
 -1       459-1.33366E+01-2.01666E-14-1.92048E+01-9.43079E-14-4.61984E-13 1.60040E+01
 -1       460-1.33366E+01 1.17778E-14-1.92048E+01-1.65148E-13-3.82175E-13 1.60040E+01
 -1       466-1.33366E+01-1.73588E-13-1.92048E+01-5.47147E-13 6.62564E-13-1.60040E+01
 -1       467-1.33366E+01 2.15348E-13-1.92048E+01-4.36689E-14 2.69741E-13-1.60040E+01
 -1       468-1.33366E+01-2.54985E-12-1.92048E+01 4.26774E-14-2.80515E-13-1.60040E+01
 -1       469-1.33366E+01-2.53845E-12-1.92048E+01-3.84602E-13 2.68932E-13-1.60040E+01
 -1       475-1.33366E+01-8.01624E-14-1.92048E+01-5.12801E-13-9.28153E-13 1.60040E+01
 -1       476-1.33366E+01 3.17763E-14-1.92048E+01-3.14790E-14-4.71062E-13 1.60040E+01
 -1       477-1.33366E+01-2.13572E-12-1.92048E+01 3.32183E-14 5.50868E-13 1.60040E+01
 -1       478-1.33366E+01-2.91079E-12-1.92048E+01-5.22516E-13 2.42503E-13 1.60040E+01
 -3
    1PSTEP                         3           1           1          
  100CL  101 1.000000000         328                     0    1           1
 -4  TOSTRAIN    6    1
 -5  EXX         1    4    1    1
 -5  EYY         1    4    2    2
 -5  EZZ         1    4    3    3
 -5  EXY         1    4    1    2
 -5  EYZ         1    4    2    3
 -5  EZX         1    4    3    1
 -1         1 8.48852E-05 5.24015E-10 5.61609E-10 1.58054E-05-4.00874E-14 1.47308E-05
 -1         2 8.48852E-05-3.16108E-05-3.32696E-05-8.47033E-21-2.81698E-07 8.47033E-22
 -1         3 8.48852E-05 5.24015E-10 5.61609E-10-1.58054E-05-4.00874E-14-1.47308E-05
 -1         4 8.48852E-05 5.24015E-10 5.61609E-10-4.76456E-22-4.78110E-22 1.49186E-05
 -1         5 8.48852E-05-3.16108E-05-3.32696E-05-5.69100E-21 3.97047E-22-4.23516E-22
 -1         6 8.48852E-05 5.24015E-10 5.61609E-10 3.81165E-21 1.31522E-21-1.49186E-05
 -1         7 8.48852E-05 5.24015E-10 5.61609E-10-1.58054E-05 4.00874E-14 1.47308E-05
 -1         8 8.48852E-05-3.16108E-05-3.32696E-05-1.69407E-21 2.81698E-07 8.47033E-22
 -1         9 8.48852E-05 5.24015E-10 5.61609E-10 1.58054E-05 4.00874E-14-1.47308E-05
 -1        10 8.48852E-05 5.17755E-10 5.96127E-10 1.53359E-05-4.00874E-14-1.90400E-06
 -1        11 8.48852E-05-3.06718E-05-3.53145E-05-2.54110E-21-2.81698E-07-6.67038E-21
 -1        12 8.48852E-05 5.17755E-10 5.96127E-10-1.53359E-05-4.00874E-14 1.90400E-06
 -1        13 8.48852E-05 5.17755E-10 5.96127E-10-1.32349E-22 5.64551E-23-1.71620E-06
 -1        14 8.48852E-05-3.06718E-05-3.53145E-05-7.17331E-21 9.26442E-23 1.08526E-21
 -1        15 8.48852E-05 5.17755E-10 5.96127E-10 9.52912E-22 1.26269E-21 1.71620E-06
 -1        16 8.48852E-05 5.17755E-10 5.96127E-10-1.53359E-05 4.00874E-14-1.90400E-06
 -1        17 8.48852E-05-3.06718E-05-3.53145E-05-1.10114E-20 2.81698E-07 6.35275E-21
 -1        18 8.48852E-05 5.17755E-10 5.96127E-10 1.53359E-05 4.00874E-14 1.90400E-06
 -1        19 8.48852E-05 5.11495E-10 6.30646E-10 1.48664E-05-4.00874E-14-2.05837E-05
 -1        20 8.48852E-05-2.97328E-05-3.73594E-05-3.38813E-21-2.81698E-07-6.77626E-21
 -1        21 8.48852E-05 5.11495E-10 6.30646E-10-1.48664E-05-4.00874E-14 2.05837E-05
 -1        22 8.48852E-05 5.11495E-10 6.30646E-10-2.32934E-21 2.06795E-22-2.03959E-05
 -1        23 8.48852E-05-2.97328E-05-3.73594E-05-1.90582E-21-2.59404E-21-1.10114E-20
 -1        24 8.48852E-05 5.11495E-10 6.30646E-10 5.92923E-21 1.38139E-21 2.03959E-05
 -1        25 8.48852E-05 5.11495E-10 6.30646E-10-1.48664E-05 4.00874E-14-2.05837E-05
 -1        26 8.48852E-05-2.97328E-05-3.73594E-05 1.01644E-20 2.81698E-07 1.69407E-20
 -1        27 8.48852E-05 5.11495E-10 6.30646E-10 1.48664E-05 4.00874E-14 2.05837E-05
 -1        30-1.02359E-05-1.70745E-06-9.94043E-07 2.56148E-06 1.89450E-06-7.02016E-06
 -1        31 1.62944E-05-1.70745E-06-9.94478E-07-2.56148E-06 1.89450E-06-2.39306E-05
 -1        32 1.62944E-05-1.70745E-06-9.94478E-07 2.56148E-06-1.89450E-06-2.39306E-05
 -1        33-1.02359E-05-1.70745E-06-9.94043E-07-2.56148E-06-1.89450E-06-7.02016E-06
 -1        34 3.24985E-05-9.28531E-06-4.64258E-06 1.39283E-05 1.89450E-06-1.00026E-05
 -1        35 3.24990E-05-9.28531E-06-4.64302E-06-1.39283E-05 1.89450E-06-2.09485E-05
 -1        36 3.24990E-05-9.28531E-06-4.64302E-06 1.39283E-05-1.89450E-06-2.09485E-05
 -1        37 3.24985E-05-9.28531E-06-4.64258E-06-1.39283E-05-1.89450E-06-1.00026E-05
 -1        38 3.02926E-06-1.70745E-06-9.94261E-07-2.96462E-21 1.89450E-06-1.54754E-05
 -1        39 1.62944E-05-1.70745E-06-9.94478E-07-1.50348E-20-4.42575E-20-2.39306E-05
 -1        40 3.02926E-06-1.70745E-06-9.94261E-07-8.04681E-21-1.89450E-06-1.54754E-05
 -1        41-1.02359E-05-1.70745E-06-9.94043E-07 4.02341E-21-1.14349E-20-7.02016E-06
 -1        42 3.24987E-05-9.28531E-06-4.64280E-06 2.71051E-20 1.89450E-06-1.54756E-05
 -1        43 3.24990E-05-9.28531E-06-4.64302E-06 1.31290E-20 7.46448E-21-2.09485E-05
 -1        44 3.24987E-05-9.28531E-06-4.64280E-06 5.50571E-21-1.89450E-06-1.54756E-05
 -1        45 3.24985E-05-9.28531E-06-4.64258E-06 1.94818E-20-3.70577E-21-1.00026E-05
 -1        46 1.11315E-05-5.49644E-06-9.94043E-07 8.24489E-06 1.89450E-06-8.51138E-06
 -1        47 2.43970E-05-5.49644E-06-9.94478E-07-8.24489E-06 1.89450E-06-2.24396E-05
 -1        48 2.43970E-05-5.49644E-06-9.94478E-07 8.24489E-06-1.89450E-06-2.24396E-05
 -1        49 1.11315E-05-5.49644E-06-9.94043E-07-8.24489E-06-1.89450E-06-8.51138E-06
 -1        50 7.52335E-05-1.68632E-05-8.29113E-06 2.52952E-05 1.89450E-06-3.48769E-05
 -1        51 4.87030E-05-1.68632E-05-8.29156E-06-2.52952E-05 1.89450E-06 3.92537E-06
 -1        52 4.87030E-05-1.68632E-05-8.29156E-06 2.52952E-05-1.89450E-06 3.92537E-06
 -1        53 7.52335E-05-1.68632E-05-8.29113E-06-2.52952E-05-1.89450E-06-3.48769E-05
 -1        54 6.19682E-05-1.68632E-05-8.29134E-06-1.01644E-20 1.89450E-06-1.54758E-05
 -1        55 4.87030E-05-1.68632E-05-8.29156E-06-8.47033E-21 3.02814E-20 3.92537E-06
 -1        56 6.19682E-05-1.68632E-05-8.29134E-06-3.21873E-20-1.89450E-06-1.54758E-05
 -1        57 7.52335E-05-1.68632E-05-8.29113E-06-3.38813E-20 3.83282E-20-3.48769E-05
 -1        58 5.38658E-05-1.30742E-05-8.29113E-06 1.96118E-05 1.89450E-06-2.24398E-05
 -1        59 4.06007E-05-1.30742E-05-8.29156E-06-1.96118E-05 1.89450E-06-8.51154E-06
 -1        60 4.06007E-05-1.30742E-05-8.29156E-06 1.96118E-05-1.89450E-06-8.51154E-06
 -1        61 5.38658E-05-1.30742E-05-8.29113E-06-1.96118E-05-1.89450E-06-2.24398E-05
 -1        63 0.00000E+00 0.00000E+00 1.30800E-04 0.00000E+00 0.00000E+00 2.32143E-04
 -1        64 0.00000E+00 0.00000E+00 1.30800E-04 0.00000E+00 0.00000E+00 2.32143E-04
 -1        65 0.00000E+00 0.00000E+00 1.30800E-04 0.00000E+00 0.00000E+00 2.32143E-04
 -1        66 0.00000E+00 0.00000E+00 1.30800E-04 0.00000E+00 0.00000E+00 2.32143E-04
 -1        67-4.78032E-12-1.00402E-09 1.20500E-03 3.09943E-10-2.31923E-04 6.13075E-05
 -1        68-4.78032E-12-1.00402E-09-1.46659E-03 3.09943E-10 3.41082E-04 6.18920E-05
 -1        69-4.78032E-12-1.00402E-09 5.23203E-04 3.09943E-10-1.09158E-04-5.87493E-04
 -1        70 1.75352E-06 3.68294E-04-9.43393E-04-1.13694E-04-5.64869E-21 1.39286E-03
 -1        71-4.78032E-12-1.00402E-09-1.30799E-04 3.09943E-10 5.45791E-05 6.15998E-05
 -1        72-4.78032E-12-1.00402E-09-4.71695E-04 3.09943E-10 1.15962E-04-2.62801E-04
 -1        73-4.78032E-12-1.00402E-09 8.64100E-04 3.09943E-10-1.70541E-04-2.63093E-04
 -1        74 8.76758E-07 1.84147E-04 1.30802E-04-5.68466E-05-1.15962E-04 7.27082E-04
 -1        75 8.76758E-07 1.84147E-04-1.20499E-03-5.68466E-05 1.70541E-04 7.27374E-04
 -1        76 8.76758E-07 1.84147E-04-2.10095E-04-5.68466E-05-5.45791E-05 4.02681E-04
 -1        77 0.00000E+00-1.52737E-20-2.68360E-19 0.00000E+00-1.66950E-19 3.75616E-04
 -1        78 0.00000E+00-1.20252E-19 3.09018E-19 0.00000E+00 5.17537E-20-1.43473E-04
 -1        79 0.00000E+00-1.52737E-20-2.68360E-19 0.00000E+00-1.66950E-19 3.75616E-04
 -1        80 0.00000E+00-1.20252E-19 3.09018E-19 0.00000E+00 5.17537E-20-1.43473E-04
 -1        81 0.00000E+00-1.52737E-20-2.68360E-19 0.00000E+00-1.66950E-19 3.75616E-04
 -1        82 0.00000E+00-1.20252E-19 3.09018E-19 0.00000E+00 5.17537E-20-1.43473E-04
 -1        83 1.68800E-06 1.68800E-06-9.56051E-05 2.03273E-05-1.86659E-05-1.86659E-05
 -1        84 1.68816E-06 1.68801E-06-1.53587E-04 2.03272E-05 1.04871E-05 1.50818E-05
 -1        85 1.68801E-06 1.68816E-06-1.53587E-04 2.03272E-05 1.50818E-05 1.04871E-05
 -1        86 7.54448E-05 7.54448E-05-1.93139E-04-8.23993E-06 1.31991E-04 1.31991E-04
 -1        87 1.12833E-04 7.93825E-05-2.17361E-04-3.04434E-05 1.08010E-04-2.33098E-04
 -1        88 7.93825E-05 1.12833E-04-2.17361E-04-3.04434E-05-2.33098E-04 1.08010E-04
 -1        89 1.68808E-06 1.68801E-06-1.24596E-04 2.03272E-05-4.08941E-06-1.79207E-06
 -1        90 1.68809E-06 1.68809E-06-1.53587E-04 2.03272E-05 1.27844E-05 1.27844E-05
 -1        91 1.68801E-06 1.68808E-06-1.24596E-04 2.03272E-05-1.79207E-06-4.08941E-06
 -1        92 9.41391E-05 7.74137E-05-2.05250E-04-1.93417E-05 1.20000E-04-5.05534E-05
 -1        93 9.61079E-05 9.61079E-05-2.17361E-04-3.04434E-05-6.25441E-05-6.25441E-05
 -1        94 7.74137E-05 9.41391E-05-2.05250E-04-1.93417E-05-5.05534E-05 1.20000E-04
 -1        95 3.85664E-05 3.85664E-05-1.44372E-04 6.04367E-06 5.66626E-05 5.66626E-05
 -1        96 5.72607E-05 4.05353E-05-1.85474E-04-5.05813E-06 5.92484E-05-1.09008E-04
 -1        97 4.05353E-05 5.72607E-05-1.85474E-04-5.05813E-06-1.09008E-04 5.92484E-05
 -1       151 0.00000E+00 0.00000E+00 0.00000E+00 0.00000E+00 0.00000E+00 0.00000E+00
 -1       152 0.00000E+00 0.00000E+00 0.00000E+00 0.00000E+00 0.00000E+00 0.00000E+00
 -1       154 0.00000E+00 0.00000E+00 0.00000E+00 0.00000E+00 0.00000E+00 0.00000E+00
 -1       155 0.00000E+00 0.00000E+00 0.00000E+00 0.00000E+00 0.00000E+00 0.00000E+00
 -1       156-5.05399E-11-5.05399E-11-8.95610E-06-2.24458E-13-1.50718E-06-1.50718E-06
 -1       157-5.05399E-11-5.06593E-11-8.36656E-06 4.93672E-22-1.49034E-06-1.05664E-20
 -1       158-5.05399E-11-5.05399E-11-8.95610E-06 2.24458E-13-1.50718E-06 1.50718E-06
 -1       159-5.06593E-11-5.05399E-11-8.36656E-06-1.00296E-23-3.26736E-22-1.49034E-06
 -1       160-5.06593E-11-5.06593E-11-7.74748E-06 4.55053E-22-8.02365E-22-1.74461E-20
 -1       161-5.06593E-11-5.05399E-11-8.36656E-06-4.11109E-22-1.16136E-21 1.49034E-06
 -1       162-5.05399E-11-5.05399E-11-8.95610E-06 2.24458E-13 1.50718E-06-1.50718E-06
 -1       163-5.05399E-11-5.06593E-11-8.36656E-06 3.67682E-22 1.49034E-06-1.35194E-20
 -1       164-5.05399E-11-5.05399E-11-8.95610E-06-2.24458E-13 1.50718E-06 1.50718E-06
 -1       165 3.01435E-06 3.01435E-06-8.95610E-06 3.36681E-08-1.21241E-06-1.21241E-06
 -1       166 3.01435E-06 2.98068E-06-8.36656E-06 4.94158E-21-1.18080E-06 3.52048E-20
 -1       167 3.01435E-06 3.01435E-06-8.95610E-06-3.36681E-08-1.21241E-06 1.21241E-06
 -1       168 2.98068E-06 3.01435E-06-8.36656E-06-5.24598E-21 9.07913E-21-1.18080E-06
 -1       169 2.98068E-06 2.98068E-06-7.74748E-06-4.33443E-22 8.47033E-22 1.11438E-20
 -1       170 2.98068E-06 3.01435E-06-8.36656E-06 8.70194E-22-5.39984E-21 1.18080E-06
 -1       171 3.01435E-06 3.01435E-06-8.95610E-06-3.36681E-08 1.21241E-06-1.21241E-06
 -1       172 3.01435E-06 2.98068E-06-8.36656E-06-3.55191E-21 1.18080E-06 2.17052E-21
 -1       173 3.01435E-06 3.01435E-06-8.95610E-06 3.36681E-08 1.21241E-06 1.21241E-06
 -1       174 3.01430E-06 3.01430E-06-9.09655E-06 3.36689E-08 3.59008E-07 3.59008E-07
 -1       175 3.01430E-06 2.98063E-06-9.63394E-06 7.05750E-21 2.97032E-07-4.63221E-21
 -1       176 3.01430E-06 3.01430E-06-9.09655E-06-3.36689E-08 3.59008E-07-3.59008E-07
 -1       177 2.98063E-06 3.01430E-06-9.63394E-06-8.41574E-21 4.55280E-21 2.97032E-07
 -1       178 2.98063E-06 2.98063E-06-1.01221E-05 1.38222E-21-4.36751E-22-1.73509E-20
 -1       179 2.98063E-06 3.01430E-06-9.63394E-06-1.10180E-21-4.23516E-21-2.97032E-07
 -1       180 3.01430E-06 3.01430E-06-9.09655E-06-3.36689E-08-3.59008E-07 3.59008E-07
 -1       181 3.01430E-06 2.98063E-06-9.63394E-06-2.30949E-21-2.97032E-07-1.68877E-20
 -1       182 3.01430E-06 3.01430E-06-9.09655E-06 3.36689E-08-3.59008E-07-3.59008E-07
 -1       183 2.88581E-06 2.88581E-06-9.09655E-06-1.19831E-07 9.03132E-08 9.03132E-08
 -1       184 2.88581E-06 3.00564E-06-9.63394E-06 1.38172E-20 5.29645E-08 3.14296E-20
 -1       185 2.88581E-06 2.88581E-06-9.09655E-06 1.19831E-07 9.03132E-08-9.03132E-08
 -1       186 3.00564E-06 2.88581E-06-9.63394E-06 2.99770E-21 9.38023E-22 5.29645E-08
 -1       187 3.00564E-06 3.00564E-06-1.01221E-05 7.23328E-21 1.75362E-22 1.61863E-20
 -1       188 3.00564E-06 2.88581E-06-9.63394E-06 6.02187E-21-3.86459E-21-5.29645E-08
 -1       189 2.88581E-06 2.88581E-06-9.09655E-06 1.19831E-07-9.03132E-08 9.03132E-08
 -1       190 2.88581E-06 3.00564E-06-9.63394E-06-9.39677E-22-5.29645E-08 2.16920E-20
 -1       191 2.88581E-06 2.88581E-06-9.09655E-06-1.19831E-07-9.03132E-08-9.03132E-08
 -1       192-8.32861E-11-8.26784E-11-1.41288E-05-1.83392E-12-2.54080E-06-2.54228E-06
 -1       193-8.33355E-11-8.37153E-11-1.26473E-05-4.11163E-14-2.38901E-06 1.03786E-09
 -1       194-8.33849E-11-8.26263E-11-1.40974E-05 1.78460E-12-2.53687E-06 2.54167E-06
 -1       195-8.41815E-11-8.26787E-11-1.27620E-05-1.12500E-16-9.02380E-12-2.41720E-06
 -1       196-8.41978E-11-8.37153E-11-1.13765E-05-1.23349E-16-1.84255E-11-1.13356E-10
 -1       197-8.42141E-11-8.26264E-11-1.28088E-05-1.96226E-16 6.07391E-12 2.42357E-06
 -1       198-8.32861E-11-8.26790E-11-1.41287E-05 1.83377E-12 2.54078E-06-2.54226E-06
 -1       199-8.33353E-11-8.37154E-11-1.26474E-05 4.08142E-14 2.38900E-06 1.05743E-09
 -1       200-8.33844E-11-8.26264E-11-1.40972E-05-1.78517E-12 2.53686E-06 2.54165E-06
 -1       201 5.08661E-06 5.08155E-06-1.41288E-05 2.76862E-07-1.85742E-06-1.80156E-06
 -1       202 5.08392E-06 4.77796E-06-1.26473E-05 8.11906E-10-1.75361E-06 8.89207E-09
 -1       203 5.08123E-06 5.07373E-06-1.40974E-05-2.65959E-07-1.89262E-06 1.81666E-06
 -1       204 4.83416E-06 5.08156E-06-1.27620E-05 6.35843E-13-2.43523E-12-1.72445E-06
 -1       205 4.84075E-06 4.77799E-06-1.13765E-05 1.73298E-11-2.84419E-11-1.18179E-08
 -1       206 4.84734E-06 5.07370E-06-1.28088E-05 1.65355E-11 3.62263E-11 1.70741E-06
 -1       207 5.08661E-06 5.08156E-06-1.41287E-05-2.76840E-07 1.85742E-06-1.80157E-06
 -1       208 5.08389E-06 4.77801E-06-1.26474E-05-7.92888E-10 1.75357E-06 8.93519E-09
 -1       209 5.08116E-06 5.07368E-06-1.40972E-05 2.65941E-07 1.89266E-06 1.81672E-06
 -1       210 4.23205E-06-7.53552E-11-1.21780E-05-2.08417E-06 5.01950E-07 5.85690E-07
 -1       211 4.31462E-06 4.16833E-06-1.43067E-05-5.79075E-07 2.15330E-07 1.99272E-07
 -1       212 4.39719E-06 4.24283E-06-1.39305E-05 1.33853E-07 2.02306E-07-2.06950E-07
 -1       213 5.19536E-06-7.53551E-11-1.32088E-05 2.43532E-11 6.31138E-12 5.43425E-07
 -1       214 4.48577E-06 4.16830E-06-1.48935E-05-9.90225E-12-2.53159E-11 1.73570E-07
 -1       215 3.77617E-06 4.24285E-06-1.42618E-05-1.59255E-11 2.68435E-11-2.45183E-07
 -1       216 4.23199E-06-7.53550E-11-1.21780E-05 2.08419E-06-5.01938E-07 5.85672E-07
 -1       217 4.31462E-06 4.16828E-06-1.43067E-05 5.79067E-07-2.15349E-07 1.99310E-07
 -1       218 4.39724E-06 4.24288E-06-1.39305E-05-1.33838E-07-2.02278E-07-2.06917E-07
 -1       219 4.60976E-06-7.36220E-11-1.21780E-05-2.32852E-06-1.34182E-08-4.78650E-07
 -1       220 4.67253E-06 4.65699E-06-1.43067E-05-7.01159E-07-7.80625E-08-2.38842E-07
 -1       221 4.73529E-06 4.73524E-06-1.39305E-05 1.04947E-07 3.66433E-08-1.88376E-08
 -1       222 5.57511E-06-7.36218E-11-1.32088E-05 2.18909E-12 8.04721E-12-2.98940E-07
 -1       223 4.81662E-06 4.65700E-06-1.48935E-05 1.16252E-12-1.39215E-11-8.96916E-08
 -1       224 4.05813E-06 4.73524E-06-1.42618E-05-2.31962E-12 1.12476E-11 7.06601E-08
 -1       225 4.60974E-06-7.36216E-11-1.21780E-05 2.32853E-06 1.34343E-08-4.78650E-07
 -1       226 4.67250E-06 4.65701E-06-1.43067E-05 7.01160E-07 7.80660E-08-2.38821E-07
 -1       227 4.73526E-06 4.73524E-06-1.39305E-05-1.04962E-07-3.66469E-08-1.88583E-08
 -1       251 4.76596E-05 2.43618E-09-2.30663E-05 1.71891E-06 4.32144E-06-1.05950E-06
 -1       253-4.75469E-05 2.46070E-09 2.28176E-05-1.73813E-06 4.32113E-06-1.05981E-06
 -1       254 2.95451E-05-3.40599E-06-1.33442E-05 1.72287E-06-2.59067E-06 2.70370E-06
 -1       256-2.94526E-05 3.50809E-06 1.30555E-05-1.72914E-06-2.59067E-06 2.70339E-06
 -1       257 1.14483E-05-4.04045E-06-3.60445E-06 4.20099E-07-1.30785E-07-6.67187E-08
 -1       259-1.13407E-05 4.13272E-06 3.31110E-06-4.13434E-07-1.30474E-07-6.70293E-08
 -1       260 4.90811E-05-2.46243E-09-2.30722E-05 5.39653E-21-1.26208E-19 6.75927E-06
 -1       262-4.89429E-05-2.43790E-09 2.28117E-05 2.87197E-21-1.05879E-20 6.75958E-06
 -1       263 2.96462E-05-3.40570E-06-1.33439E-05 2.47492E-20 1.74065E-19 1.09615E-06
 -1       265-2.95555E-05 3.50838E-06 1.30558E-05-1.91641E-20-1.25520E-19 1.09646E-06
 -1       266 1.02291E-05-4.03497E-06-3.59794E-06-2.79918E-20-2.10594E-19 1.96664E-06
 -1       268-1.01505E-05 4.13819E-06 3.31760E-06 3.68724E-20 1.96512E-19 1.96695E-06
 -1       269 4.76596E-05 2.43618E-09-2.30663E-05-1.71891E-06-4.32144E-06-1.05950E-06
 -1       271-4.75469E-05 2.46070E-09 2.28176E-05 1.73813E-06-4.32113E-06-1.05981E-06
 -1       272 2.95451E-05-3.40599E-06-1.33442E-05-1.72287E-06 2.59067E-06 2.70370E-06
 -1       274-2.94526E-05 3.50809E-06 1.30555E-05 1.72914E-06 2.59067E-06 2.70339E-06
 -1       275 1.14483E-05-4.04045E-06-3.60445E-06-4.20099E-07 1.30785E-07-6.67187E-08
 -1       277-1.13407E-05 4.13272E-06 3.31110E-06 4.13434E-07 1.30474E-07-6.70293E-08
 -1       278 5.42117E-05-4.02319E-07-1.18934E-07 3.96991E-05 7.59151E-07 5.07936E-05
 -1       279 5.19351E-08-7.24938E-09-1.18977E-07-3.04378E-08 7.59043E-07 5.04408E-05
 -1       280-5.41076E-05 3.87814E-07-1.18996E-07-3.97601E-05 7.59120E-07 5.07876E-05
 -1       281 3.39612E-05-1.24239E-05-1.41608E-05-7.49301E-06 1.25149E-06-6.81990E-06
 -1       282 5.43737E-08 5.29652E-08-1.49274E-07 5.80921E-09 1.20390E-06-6.77590E-06
 -1       283-3.38525E-05 1.25300E-05 1.38623E-05 7.50458E-06 1.25196E-06-6.81788E-06
 -1       284 7.40571E-07 6.42102E-07 3.27462E-06-2.66323E-06 7.05641E-07 1.16104E-05
 -1       285 4.85512E-08 4.40136E-08-1.41695E-07 7.54443E-10 7.78642E-07 1.20458E-05
 -1       286-6.43757E-07-5.54142E-07-3.55798E-06 2.66494E-06 7.05847E-07 1.16095E-05
 -1       287 6.70305E-05 4.02339E-07-1.40670E-07-1.96512E-18 7.47454E-19 7.24226E-05
 -1       288 7.97806E-08 7.25235E-09-1.40707E-07-6.10114E-19-5.18914E-19 7.20243E-05
 -1       289-6.68710E-05-3.87840E-07-1.40719E-07 7.18284E-19-6.31781E-19 7.24211E-05
 -1       290 2.55537E-05-3.54428E-06-1.60612E-05 1.37304E-18 9.23266E-20-4.92437E-06
 -1       291 4.39629E-08 4.07738E-08-1.38307E-07 2.35938E-19 2.12648E-18-4.84471E-06
 -1       292-2.54658E-05 3.62599E-06 1.57846E-05-7.67835E-19 2.05956E-18-4.92393E-06
 -1       293 1.73087E-06-6.26598E-06 6.18841E-06 2.36301E-18-9.28560E-18 8.84745E-06
 -1       294 4.67912E-08 5.20363E-08-1.43608E-07 2.04876E-19-5.24822E-18 9.40439E-06
 -1       295-1.63725E-06 6.36999E-06-6.47560E-06-1.83383E-18-6.38282E-18 8.84836E-06
 -1       296 5.42117E-05-4.02319E-07-1.18934E-07-3.96991E-05-7.59151E-07 5.07936E-05
 -1       297 5.19351E-08-7.24938E-09-1.18977E-07 3.04378E-08-7.59043E-07 5.04408E-05
 -1       298-5.41076E-05 3.87814E-07-1.18996E-07 3.97601E-05-7.59120E-07 5.07876E-05
 -1       299 3.39612E-05-1.24239E-05-1.41608E-05 7.49301E-06-1.25149E-06-6.81990E-06
 -1       300 5.43737E-08 5.29652E-08-1.49274E-07-5.80921E-09-1.20390E-06-6.77590E-06
 -1       301-3.38525E-05 1.25300E-05 1.38623E-05-7.50458E-06-1.25196E-06-6.81788E-06
 -1       302 7.40571E-07 6.42102E-07 3.27462E-06 2.66323E-06-7.05641E-07 1.16104E-05
 -1       303 4.85512E-08 4.40136E-08-1.41695E-07-7.54443E-10-7.78642E-07 1.20458E-05
 -1       304-6.43757E-07-5.54142E-07-3.55798E-06-2.66494E-06-7.05847E-07 1.16095E-05
 -1       305 5.32888E-05-7.53404E-06-7.14747E-06 1.85553E-05-3.31469E-06 1.77666E-05
 -1       307-5.31768E-05 7.60747E-06 6.86403E-06-1.85716E-05-3.31415E-06 1.77643E-05
 -1       308 2.17293E-05-7.98408E-06-1.51084E-05 4.60261E-07 1.69497E-06 1.38298E-05
 -1       310-2.16415E-05 8.07799E-06 1.48260E-05-4.53664E-07 1.69524E-06 1.38308E-05
 -1       311 5.38060E-05-2.69190E-06-8.10530E-06-5.81065E-19-6.26169E-19 1.73508E-05
 -1       313-5.36850E-05 2.76764E-06 7.81754E-06 3.98953E-19 1.75505E-18 1.73511E-05
 -1       314 4.00521E-05 1.28276E-11-1.24460E-07 2.61228E-06 4.94883E-07-1.58945E-05
 -1       316-3.99391E-05-9.85529E-12-1.24515E-07-2.66005E-06 4.92710E-07-1.58986E-05
 -1       317 8.14854E-06-6.23005E-06-5.44216E-06-6.36892E-06 3.32805E-07-3.80214E-06
 -1       319-8.05135E-06 6.32748E-06 5.15309E-06 6.37297E-06 3.32831E-07-3.80132E-06
 -1       320 5.74848E-06-2.81194E-06 4.73104E-06-1.39689E-06-1.34358E-06 1.76801E-06
 -1       322-5.65551E-06 2.90793E-06-5.01727E-06 1.39697E-06-1.34348E-06 1.76769E-06
 -1       323 6.12842E-06-5.24429E-06-4.93855E-06 2.28466E-18-1.11147E-18-3.64308E-06
 -1       325-6.03492E-06 5.33755E-06 4.65231E-06-1.62186E-18-4.91470E-18-3.64325E-06
 -1       326 2.17293E-05-7.98408E-06-1.51084E-05-4.60261E-07-1.69497E-06 1.38298E-05
 -1       328-2.16415E-05 8.07799E-06 1.48260E-05 4.53664E-07-1.69524E-06 1.38308E-05
 -1       329 5.32888E-05-7.53404E-06-7.14747E-06-1.85553E-05 3.31469E-06 1.77666E-05
 -1       331-5.31768E-05 7.60747E-06 6.86403E-06 1.85716E-05 3.31415E-06 1.77643E-05
 -1       332 4.00521E-05 1.28276E-11-1.24460E-07-2.61228E-06-4.94883E-07-1.58945E-05
 -1       334-3.99391E-05-9.85529E-12-1.24515E-07 2.66005E-06-4.92710E-07-1.58986E-05
 -1       335 5.74848E-06-2.81194E-06 4.73104E-06 1.39689E-06 1.34358E-06 1.76801E-06
 -1       337-5.65551E-06 2.90793E-06-5.01727E-06-1.39697E-06 1.34348E-06 1.76769E-06
 -1       338 8.14854E-06-6.23005E-06-5.44216E-06 6.36892E-06-3.32805E-07-3.80214E-06
 -1       340-8.05135E-06 6.32748E-06 5.15309E-06-6.37297E-06-3.32831E-07-3.80132E-06
 -1       341 0.00000E+00 0.00000E+00 0.00000E+00 0.00000E+00 0.00000E+00 0.00000E+00
 -1       343 0.00000E+00 0.00000E+00 0.00000E+00 0.00000E+00 0.00000E+00 0.00000E+00
 -1       344 0.00000E+00 0.00000E+00 0.00000E+00 0.00000E+00 0.00000E+00 0.00000E+00
 -1       346 0.00000E+00 0.00000E+00 0.00000E+00 0.00000E+00 0.00000E+00 0.00000E+00
 -1       347 0.00000E+00 0.00000E+00 0.00000E+00 0.00000E+00 0.00000E+00 0.00000E+00
 -1       349 0.00000E+00 0.00000E+00 0.00000E+00 0.00000E+00 0.00000E+00 0.00000E+00
 -1       350 0.00000E+00 0.00000E+00 0.00000E+00 0.00000E+00 0.00000E+00 0.00000E+00
 -1       351 0.00000E+00 0.00000E+00 0.00000E+00 0.00000E+00 0.00000E+00 0.00000E+00
 -1       352 0.00000E+00 0.00000E+00 0.00000E+00 0.00000E+00 0.00000E+00 0.00000E+00
 -1       353 0.00000E+00 0.00000E+00 0.00000E+00 0.00000E+00 0.00000E+00 0.00000E+00
 -1       354 0.00000E+00 0.00000E+00 0.00000E+00 0.00000E+00 0.00000E+00 0.00000E+00
 -1       355 0.00000E+00 0.00000E+00 0.00000E+00 0.00000E+00 0.00000E+00 0.00000E+00
 -1       356 0.00000E+00 0.00000E+00 0.00000E+00 0.00000E+00 0.00000E+00 0.00000E+00
 -1       357 0.00000E+00 0.00000E+00 0.00000E+00 0.00000E+00 0.00000E+00 0.00000E+00
 -1       358 0.00000E+00 0.00000E+00 0.00000E+00 0.00000E+00 0.00000E+00 0.00000E+00
 -1       359 0.00000E+00 0.00000E+00 0.00000E+00 0.00000E+00 0.00000E+00 0.00000E+00
 -1       361 0.00000E+00 0.00000E+00 0.00000E+00 0.00000E+00 0.00000E+00 0.00000E+00
 -1       362 0.00000E+00 0.00000E+00 0.00000E+00 0.00000E+00 0.00000E+00 0.00000E+00
 -1       364 0.00000E+00 0.00000E+00 0.00000E+00 0.00000E+00 0.00000E+00 0.00000E+00
 -1       365 0.00000E+00 0.00000E+00 0.00000E+00 0.00000E+00 0.00000E+00 0.00000E+00
 -1       367 0.00000E+00 0.00000E+00 0.00000E+00 0.00000E+00 0.00000E+00 0.00000E+00
 -1       368-4.97827E-03 1.54873E-03 1.52169E-03 2.42169E-05 6.05422E-05-1.23805E-04
 -1       369-4.97827E-03 1.54873E-03 1.52169E-03-2.42169E-05-6.05422E-05-1.23805E-04
 -1       370 4.97827E-03-1.54873E-03-1.52169E-03 2.42169E-05-6.05422E-05-1.23805E-04
 -1       371 4.97827E-03-1.54873E-03-1.52169E-03-2.42169E-05 6.05422E-05-1.23805E-04
 -1       376-4.27640E-03 1.30656E-03 1.29499E-03 3.45796E-05 2.59069E-05-1.23805E-04
 -1       377-4.27640E-03 1.30656E-03 1.29499E-03-3.45796E-05-2.59069E-05-1.23805E-04
 -1       378 4.27640E-03-1.30656E-03-1.29499E-03 3.45796E-05-2.59069E-05-1.23805E-04
 -1       379 4.27640E-03-1.30656E-03-1.29499E-03-3.45796E-05 2.59069E-05-1.23805E-04
 -1       384-2.85713E-03 8.57137E-04 8.57137E-04 4.49424E-05 1.59988E-17-1.23805E-04
 -1       385-2.85713E-03 8.57137E-04 8.57137E-04-4.49424E-05 2.24023E-17-1.23805E-04
 -1       386 2.85713E-03-8.57137E-04-8.57137E-04 4.49424E-05 3.62191E-17-1.23805E-04
 -1       387 2.85713E-03-8.57137E-04-8.57137E-04-4.49424E-05 3.06490E-17-1.23805E-04
 -1       392-1.43785E-03 4.07711E-04 4.19282E-04 3.45796E-05-2.59069E-05-1.23805E-04
 -1       393-1.43785E-03 4.07711E-04 4.19282E-04-3.45796E-05 2.59069E-05-1.23805E-04
 -1       394 1.43785E-03-4.07711E-04-4.19282E-04 3.45796E-05 2.59069E-05-1.23805E-04
 -1       395 1.43785E-03-4.07711E-04-4.19282E-04-3.45796E-05-2.59069E-05-1.23805E-04
 -1       400-7.35983E-04 1.65541E-04 1.92582E-04 2.42169E-05-6.05422E-05-1.23805E-04
 -1       401-7.35983E-04 1.65541E-04 1.92582E-04-2.42169E-05 6.05422E-05-1.23805E-04
 -1       402 7.35983E-04-1.65541E-04-1.92582E-04 2.42169E-05 6.05422E-05-1.23805E-04
 -1       403 7.35983E-04-1.65541E-04-1.92582E-04-2.42169E-05-6.05422E-05-1.23805E-04
 -1       408-4.35183E-03 1.37048E-03-3.43326E-09 7.90087E-05 6.85243E-04-5.28244E-04
 -1       409-4.35183E-03 1.37048E-03-3.38418E-09 1.06464E-04-6.85243E-04-3.42771E-04
 -1       410 4.35182E-03-1.37048E-03 1.19985E-09-1.06462E-04-6.85243E-04-3.42769E-04
 -1       411 4.35182E-03-1.37048E-03 1.24872E-09-7.90104E-05 6.85243E-04-5.28242E-04
 -1       412-4.35742E-03 1.37048E-03-3.40881E-09 9.29163E-05 1.82554E-11-4.67766E-04
 -1       413-1.14742E-09-1.09232E-09-1.09221E-09 3.30217E-10-6.85243E-04-3.11300E-04
 -1       414 4.35742E-03-1.37048E-03 1.22420E-09-9.29163E-05 1.82998E-11-4.67765E-04
 -1       415-1.14742E-09-1.09230E-09-1.09232E-09-3.30213E-10 6.85243E-04-4.97133E-04
 -1       416-3.97703E-03 1.30585E-03 6.22486E-04 9.21310E-05 3.28686E-04-6.90833E-05
 -1       417-3.97703E-03 1.29865E-03 6.29690E-04 9.33414E-05-3.28686E-04 1.16389E-04
 -1       418 3.97703E-03-1.29864E-03-6.29681E-04-9.33429E-05-3.28664E-04 1.16388E-04
 -1       419 3.97703E-03-1.30584E-03-6.22478E-04-9.21295E-05 3.28664E-04-6.90848E-05
 -1       424-2.86055E-03 8.30212E-04 1.24497E-03 1.03852E-04-2.33373E-04-6.37840E-04
 -1       425-2.86055E-03 8.15805E-04 1.25938E-03 8.23419E-05 2.33373E-04-4.51646E-04
 -1       426 2.86054E-03-8.15801E-04-1.25937E-03-8.23439E-05 2.33417E-04-4.51648E-04
 -1       427 2.86054E-03-8.30208E-04-1.24496E-03-1.03850E-04-2.33417E-04-6.37842E-04
 -1       428-2.85885E-03 8.23009E-04 1.25216E-03 9.27359E-05-1.80091E-06-5.14867E-04
 -1       429-5.28081E-09-8.65323E-09 2.25740E-09 1.15282E-10 2.35196E-04-4.51906E-04
 -1       430 2.85884E-03-8.23004E-04-1.25218E-03-9.27359E-05-1.80091E-06-5.14866E-04
 -1       431-5.28081E-09-8.65324E-09 2.25739E-09-1.15279E-10-2.31594E-04-6.37378E-04
 -1       432-1.53140E-03 3.71747E-04 6.41613E-04 1.05611E-04-9.29212E-05 2.05075E-05
 -1       433-1.53140E-03 3.93437E-04 6.19923E-04 8.13046E-05 9.29212E-05 2.07423E-04
 -1       434 1.53141E-03-3.93450E-04-6.19936E-04-8.13068E-05 9.28551E-05 2.07421E-04
 -1       435 1.53141E-03-3.71760E-04-6.41626E-04-1.05609E-04-9.28551E-05 2.05053E-05
 -1       440-9.43928E-04 3.31459E-04 3.81965E-05 1.08771E-04 2.56650E-04-6.98796E-04
 -1       441-9.43928E-04 3.89246E-04-1.95904E-05 7.81445E-05-2.56650E-04-5.11880E-04
 -1       442 9.43975E-04-3.89398E-04 1.94386E-05-7.81495E-05-2.56826E-04-5.11886E-04
 -1       443 9.43975E-04-3.31611E-04-3.83483E-05-1.08766E-04 2.56826E-04-6.98801E-04
 -1       444-9.34932E-04 3.60353E-04 9.34706E-06 9.25554E-05 7.22336E-06-5.86289E-04
 -1       445 2.28485E-08-3.19168E-08-7.59069E-08 2.43836E-10-2.63962E-04-5.43871E-04
 -1       446 9.34978E-04-3.60505E-04-9.41089E-06-9.25554E-05 7.22336E-06-5.86288E-04
 -1       447 2.28485E-08-3.19168E-08-7.59069E-08-2.43834E-10 2.49515E-04-7.28982E-04
 -1       448-9.99867E-05 1.53409E-04-2.11481E-04 2.67602E-19-5.41268E-18-3.04075E-04
 -1       449-9.99867E-05 1.53409E-04-2.11481E-04 2.79908E-19-5.82909E-18-3.04075E-04
 -1       450-9.99867E-05 1.53409E-04-2.11481E-04-2.54011E-19 5.58360E-18-3.04075E-04
 -1       451-9.99867E-05 1.53409E-04-2.11481E-04 1.16937E-18 7.29047E-18-3.04075E-04
 -1       457-9.99867E-05 1.53409E-04-2.11481E-04 1.79057E-18 8.90708E-18 3.04075E-04
 -1       458-9.99867E-05 1.53409E-04-2.11481E-04 1.75297E-18 8.77292E-18 3.04075E-04
 -1       459-9.99867E-05 1.53409E-04-2.11481E-04-1.79185E-18-8.77770E-18 3.04075E-04
 -1       460-9.99867E-05 1.53409E-04-2.11481E-04-3.13781E-18-7.26133E-18 3.04075E-04
 -1       466-9.99867E-05 1.53409E-04-2.11481E-04-1.03958E-17 1.25887E-17-3.04075E-04
 -1       467-9.99867E-05 1.53409E-04-2.11481E-04-8.29710E-19 5.12508E-18-3.04075E-04
 -1       468-9.99867E-05 1.53409E-04-2.11481E-04 8.10871E-19-5.32978E-18-3.04075E-04
 -1       469-9.99867E-05 1.53409E-04-2.11481E-04-7.30743E-18 5.10971E-18-3.04075E-04
 -1       475-9.99867E-05 1.53409E-04-2.11481E-04-9.74323E-18-1.76349E-17 3.04075E-04
 -1       476-9.99867E-05 1.53409E-04-2.11481E-04-5.98101E-19-8.95017E-18 3.04075E-04
 -1       477-9.99867E-05 1.53409E-04-2.11481E-04 6.31147E-19 1.04665E-17 3.04075E-04
 -1       478-9.99867E-05 1.53409E-04-2.11481E-04-9.92781E-18 4.60755E-18 3.04075E-04
 -3
    1PSTEP                         4           1           1          
  100CL  101 1.000000000         328                     0    1           1
 -4  FORC        4    1
 -5  F1          1    2    1    0
 -5  F2          1    2    2    0
 -5  F3          1    2    3    0
 -5  ALL         1    2    0    0    1ALL
 -1         1-1.39975E+02-4.79390E+01-4.61457E+01
 -1         2 3.15512E-14-4.37882E-15 0.00000E+00
 -1         3 1.39975E+02-4.79390E+01-4.61457E+01
 -1         4-2.48478E+02 2.18731E-14-9.24809E+01
 -1         5 2.47996E-14 8.50611E-15 2.35367E-14
 -1         6 2.48478E+02 1.17948E-14-9.24809E+01
 -1         7-1.39975E+02 4.79390E+01-4.61457E+01
 -1         8 2.21767E-14-1.26301E-14 2.57572E-14
 -1         9 1.39975E+02 4.79390E+01-4.61457E+01
 -1        10-2.47656E+02-9.52460E+01 6.60990E+00
 -1        11 2.55351E-14-6.14791E-15-1.15463E-14
 -1        12 2.47656E+02-9.52460E+01 6.60990E+00
 -1        13-4.33378E+02 3.79930E-14 1.28406E+01
 -1        14 1.06914E-13 3.04659E-14-7.54952E-15
 -1        15 4.33378E+02-7.38559E-15 1.28406E+01
 -1        16-2.47656E+02 9.52460E+01 6.60990E+00
 -1        17-2.15383E-14-2.00421E-14-1.28786E-14
 -1        18 2.47656E+02 9.52460E+01 6.60990E+00
 -1        19-1.43336E+02-4.73070E+01 4.91004E+01
 -1        20-1.11022E-15 3.48370E-15-1.87500E+01
 -1        21 1.43336E+02-4.73070E+01 4.91004E+01
 -1        22-2.56210E+02 3.17758E-15 9.80111E+01
 -1        23-4.04676E-14 3.06439E-15-3.75000E+01
 -1        24 2.56210E+02-9.48764E-15 9.80111E+01
 -1        25-1.43336E+02 4.73070E+01 4.91004E+01
 -1        26 4.21885E-14-6.37901E-15-1.87500E+01
 -1        27 1.43336E+02 4.73070E+01 4.91004E+01
 -1        30 5.62631E+01 3.88155E+00-7.17898E+00
 -1        31-1.45972E+01-5.04684E+00 2.10952E+01
 -1        32-1.45972E+01 5.04684E+00 2.10952E+01
 -1        33 5.62631E+01-3.88155E+00-7.17898E+00
 -1        34 9.37498E+01-1.24999E+01-8.11004E+00
 -1        35-9.37505E+01-1.25000E+01 6.62947E+01
 -1        36-9.37505E+01 1.25000E+01 6.62947E+01
 -1        37 9.37498E+01 1.24999E+01-8.11004E+00
 -1        38 8.79297E-14 3.20299E-14 8.26006E-14
 -1        39 1.84439E+02 1.26121E-13-1.22235E+02
 -1        40 7.46070E-14-1.53211E-14 6.75016E-14
 -1        41-1.77730E+01 1.09579E-13 6.22862E+01
 -1        42 1.30562E-13-2.24265E-14 3.73035E-14
 -1        43 4.25002E+02 3.95239E-14-1.48054E+02
 -1        44 2.69118E-13-3.04201E-14-1.06581E-13
 -1        45-4.25000E+02-1.23290E-13 1.49565E+02
 -1        46-1.38510E+02-7.00377E+00 3.01993E+01
 -1        47 1.38511E+02-2.48606E+01-1.18610E+02
 -1        48 1.38511E+02 2.48606E+01-1.18610E+02
 -1        49-1.38510E+02 7.00377E+00 3.01993E+01
 -1        50 2.49865E+01-1.63817E+01 1.78209E+01
 -1        51-6.66540E+01-7.45294E+00 4.60944E+01
 -1        52-6.66540E+01 7.45294E+00 4.60944E+01
 -1        53 2.49865E+01 1.63817E+01 1.78209E+01
 -1        54 2.74891E-13 3.82472E-14-4.26326E-14
 -1        55 2.90560E+02-3.02203E-13-2.22394E+01
 -1        56 9.05942E-14-2.75335E-14 5.50671E-14
 -1        57-4.57228E+02-1.09079E-13 1.62287E+02
 -1        58-3.36489E+02-4.29964E+01 3.01998E+01
 -1        59 3.36490E+02-2.51389E+01-1.18610E+02
 -1        60 3.36490E+02 2.51389E+01-1.18610E+02
 -1        61-3.36489E+02 4.29964E+01 3.01998E+01
 -1        63-1.63388E+02-6.33878E+01-2.48603E+02
 -1        64 6.33878E+01 0.00000E+00 1.50000E+02
 -1        65 0.00000E+00 6.33878E+01 0.00000E+00
 -1        66 1.00000E+02 0.00000E+00 9.86033E+01
 -1        67-1.13244E+02-9.61389E+01-1.49348E+02
 -1        68-1.34650E+02 3.67318E+00-2.20013E+01
 -1        69 3.67318E+00 4.63653E+01-1.41066E+01
 -1        70 1.00000E+02 6.05616E-15-9.86033E+01
 -1        71 1.88299E+02 9.53817E+01 2.55846E+02
 -1        72 6.02887E+00-1.39460E+02 8.81564E+01
 -1        73-5.01071E+01 9.01786E+01-5.99432E+01
 -1        74-2.27374E-13-1.46779E-13-2.84217E-14
 -1        75 6.39488E-14 1.27572E-13 3.55271E-14
 -1        76 1.20792E-13 1.87703E-14 3.55271E-14
 -1        77-5.00000E+01 1.79005E-13-2.25000E+02
 -1        78-5.00000E+01 2.48115E-14 2.25000E+02
 -1        79-5.00000E+01-1.29381E-13-9.66570E-14
 -1        80 5.00000E+01 2.13123E-14-8.83932E-14
 -1        81 5.00000E+01-2.48115E-14 7.44346E-14
 -1        82 5.00000E+01-7.09354E-14-1.49950E-14
 -1        83 1.54787E+00 1.54787E+00-2.29526E+01
 -1        84-5.63806E+00-2.25924E+00-2.05719E+01
 -1        85-2.25924E+00-5.63806E+00-2.05719E+01
 -1        86 4.50159E-01 4.50159E-01-5.00000E+01
 -1        87 4.50159E-01 4.50159E-01-5.00000E+01
 -1        88 4.50159E-01 4.50159E-01-5.00000E+01
 -1        89-2.56175E+00 5.12637E+01 1.14850E+02
 -1        90-4.50535E+01-4.50535E+01 1.34397E+02
 -1        91 5.12637E+01-2.56175E+00 1.14850E+02
 -1        92 4.50159E-01 4.50159E-01-5.00000E+01
 -1        93 4.50159E-01 4.50159E-01-5.00000E+01
 -1        94 4.50159E-01 4.50159E-01-5.00000E+01
 -1        95-3.28626E-14-2.84217E-14 3.37508E-14
 -1        96 2.53131E-14 6.21725E-15-7.10543E-15
 -1        97 1.77636E-15 2.84217E-14 7.10543E-14
 -1       151-3.00000E+01 0.00000E+00 0.00000E+00
 -1       152 3.00000E+01 0.00000E+00 0.00000E+00
 -1       154 4.00000E+01 0.00000E+00 0.00000E+00
 -1       155 9.79212E-04 0.00000E+00 0.00000E+00
 -1       156 4.73366E+00 4.73366E+00 1.41645E+01
 -1       157-3.55098E-14 9.18940E+00 2.49939E+01
 -1       158-4.73366E+00 4.73366E+00 1.41645E+01
 -1       159 9.18940E+00-1.61919E-14 2.49939E+01
 -1       160-3.49096E-14 1.23339E-14 4.33662E+01
 -1       161-9.18940E+00-2.85882E-15 2.49939E+01
 -1       162 4.73366E+00-4.73366E+00 1.41645E+01
 -1       163-7.79932E-15-9.18940E+00 2.49939E+01
 -1       164-4.73366E+00-4.73366E+00 1.41645E+01
 -1       165 4.82941E-01 4.82941E-01-1.17376E+01
 -1       166 9.41608E-15 7.52661E-01-2.50152E+01
 -1       167-4.82941E-01 4.82941E-01-1.17376E+01
 -1       168 7.52661E-01 2.60209E-15-2.50152E+01
 -1       169-7.89646E-15 4.29864E-15-5.29888E+01
 -1       170-7.52661E-01-7.41074E-15-2.50152E+01
 -1       171 4.82941E-01-4.82941E-01-1.17376E+01
 -1       172-8.79852E-15-7.52661E-01-2.50152E+01
 -1       173-4.82941E-01-4.82941E-01-1.17376E+01
 -1       174-4.82941E-01-4.82941E-01 1.17376E+01
 -1       175-8.45201E-15-7.52661E-01 2.50152E+01
 -1       176 4.82941E-01-4.82941E-01 1.17376E+01
 -1       177-7.52661E-01 9.48026E-16 2.50152E+01
 -1       178 9.75218E-15-4.26308E-15 5.29888E+01
 -1       179 7.52661E-01 7.33268E-15 2.50152E+01
 -1       180-4.82941E-01 4.82941E-01 1.17376E+01
 -1       181 6.99267E-15 7.52661E-01 2.50152E+01
 -1       182 4.82941E-01 4.82941E-01 1.17376E+01
 -1       183-1.02739E-15-6.72639E-16-1.25000E+01
 -1       184 1.06208E-15-9.84456E-16-2.50000E+01
 -1       185 2.16840E-16-6.24500E-17-1.25000E+01
 -1       186-7.94937E-16 2.14672E-16-2.50000E+01
 -1       187 1.10545E-15 6.76542E-16-5.00000E+01
 -1       188 4.68375E-17-5.20417E-18-2.50000E+01
 -1       189 1.14665E-15 2.77556E-17-1.25000E+01
 -1       190-3.29597E-17 2.60209E-17-2.50000E+01
 -1       191 9.02056E-17-1.45717E-16-1.25000E+01
 -1       192 6.87814E+00 6.91865E+00 2.15764E+01
 -1       193-5.24446E-03 1.34071E+01 3.74082E+01
 -1       194-6.88154E+00 6.93769E+00 2.15816E+01
 -1       195 1.33638E+01 3.38258E-06 3.74834E+01
 -1       196 1.83000E-02 1.79623E-05 6.38563E+01
 -1       197-1.33647E+01-2.24702E-06 3.75136E+01
 -1       198 6.87814E+00-6.91863E+00 2.15764E+01
 -1       199-5.25310E-03-1.34070E+01 3.74081E+01
 -1       200-6.88157E+00-6.93769E+00 2.15816E+01
 -1       201-6.56684E-10-6.65918E-10 2.21585E-04
 -1       202 1.27154E-09-1.22052E-09 4.63885E-04
 -1       203 5.99734E-10-6.46224E-10 2.18216E-04
 -1       204-1.21822E-09 1.42010E-09 4.71477E-04
 -1       205 2.37702E-09 2.57503E-09 9.83017E-04
 -1       206 1.13755E-09-1.38495E-09 4.70232E-04
 -1       207-6.60813E-10 6.68210E-10 2.20705E-04
 -1       208-1.38781E-09 1.21765E-09 4.64772E-04
 -1       209 6.01774E-10 6.46244E-10 2.18193E-04
 -1       210 1.11433E+00 4.87676E+00-2.21604E-04
 -1       211-1.27200E-09 1.22095E-09-4.64214E-04
 -1       212-5.99474E-10 6.45762E-10-2.17859E-04
 -1       213-2.26911E+00-4.37782E-05-4.71464E-04
 -1       214-2.37807E-09-2.57397E-09-9.83920E-04
 -1       215-1.13611E-09 1.38389E-09-4.69363E-04
 -1       216 1.11440E+00-4.87681E+00-2.21578E-04
 -1       217 1.38607E-09-1.21697E-09-4.64235E-04
 -1       218-6.01382E-10-6.45798E-10-2.17848E-04
 -1       219 1.15247E+00 5.16972E+00-1.87500E+01
 -1       220 2.28116E-16-2.70096E-15-3.75000E+01
 -1       221 3.91614E-16-1.19349E-15-1.87500E+01
 -1       222-2.26470E+00-1.62261E-06-3.75000E+01
 -1       223-3.52973E-15 2.88441E-15-7.50000E+01
 -1       224 4.78090E-15-5.30825E-16-3.75000E+01
 -1       225 1.15251E+00-5.16973E+00-1.87500E+01
 -1       226-4.37150E-16 1.34441E-15-3.75000E+01
 -1       227-8.32667E-16 1.26288E-15-1.87500E+01
 -1       251-2.21317E+00-5.87486E-01-5.98209E-02
 -1       253 2.21482E+00 5.94014E-01-1.84821E-01
 -1       254-1.46133E-14-2.11810E-14 2.50000E-01
 -1       256-1.68546E-14-6.69690E-15 9.79467E-14
 -1       257 1.74513E-14-3.26163E-14 1.25000E-01
 -1       259 1.64105E-14-3.58810E-14 2.63974E-13
 -1       260-5.57366E+00-5.13131E-15-3.80358E-01
 -1       262 5.57036E+00-1.37251E-14-6.30358E-01
 -1       263-4.45650E-14 1.30819E-14 5.00000E-01
 -1       265-3.38254E-14 9.02024E-15 2.95341E-13
 -1       266 3.80460E-14 3.44434E-14 2.50000E-01
 -1       268 4.56232E-14 2.65439E-14 6.06857E-13
 -1       269-2.21317E+00 5.87486E-01-5.98209E-02
 -1       271 2.21482E+00-5.94014E-01-1.84821E-01
 -1       272 5.91888E-15 5.22889E-15 2.50000E-01
 -1       274 1.09565E-14 3.75134E-16-4.37836E-14
 -1       275-3.73312E-15 3.50761E-15 1.25000E-01
 -1       277-1.24484E-14 4.40620E-15-9.38936E-14
 -1       278-2.17334E+00-5.73611E-01-5.97444E+00
 -1       279 1.78472E-03 3.41888E-03 1.15774E+01
 -1       280 2.17336E+00 5.75107E-01-5.93277E+00
 -1       281 6.00995E-15-5.76449E-15-8.33333E-02
 -1       282-7.60932E-14-7.36394E-14 4.19975E-13
 -1       283 9.69671E-14 2.22297E-14-4.00206E-13
 -1       284-4.89192E-14 7.74172E-14-4.16667E-02
 -1       285 5.62675E-14-7.63452E-14-1.65536E-12
 -1       286 5.07944E-14-3.10611E-14 6.23068E-13
 -1       287-5.65425E+00 1.69521E-13-1.30552E+01
 -1       288-1.71159E-03-1.56511E-13 2.45200E+01
 -1       289 5.65236E+00-8.82145E-14-1.29719E+01
 -1       290 7.28367E-14-8.42165E-14-1.66667E-01
 -1       291-1.15240E-13 5.40119E-14 1.60981E-12
 -1       292 8.45303E-14-1.36317E-14-1.21915E-12
 -1       293 1.63758E-14 4.51679E-15-8.33333E-02
 -1       294 9.17530E-14-4.93034E-14-7.35870E-13
 -1       295 7.00742E-14 1.08138E-14 6.43322E-14
 -1       296-2.17334E+00 5.73611E-01-5.97444E+00
 -1       297 1.78472E-03-3.41888E-03 1.15774E+01
 -1       298 2.17336E+00-5.75107E-01-5.93277E+00
 -1       299 5.65138E-14-1.83824E-14-8.33333E-02
 -1       300-3.03021E-14 3.83252E-14 7.26780E-14
 -1       301 6.55335E-14-6.35679E-15-5.91957E-14
 -1       302 6.14786E-15-3.79531E-14-4.16667E-02
 -1       303 3.21410E-14 9.45424E-14-6.33049E-13
 -1       304 5.97578E-14 2.14689E-14 2.35867E-13
 -1       305-2.87127E-14 1.13546E-14 1.66667E-01
 -1       307-2.68448E-15 1.55388E-14-2.29244E-15
 -1       308-1.04210E-13 4.82778E-14 3.33333E-01
 -1       310-7.18063E-14 4.80874E-14 6.10852E-13
 -1       311-1.91483E-14-9.69353E-15 3.33333E-01
 -1       313 9.84553E-15 7.10077E-15-4.11206E-13
 -1       314 8.22649E-15 2.85865E-14 1.66667E-01
 -1       316 1.47508E-14 1.95902E-14-1.30137E-13
 -1       317 4.24825E-14-1.07227E-13 1.66667E-01
 -1       319-9.64862E-14-5.73513E-14 7.85616E-13
 -1       320 5.34676E-14-8.21947E-14 1.66667E-01
 -1       322 9.62390E-14 5.93692E-14 8.11864E-13
 -1       323-4.84257E-14 3.93830E-14 3.33333E-01
 -1       325-1.99151E-13 5.29714E-14 1.32021E-12
 -1       326-7.78544E-15 8.06758E-14 3.33333E-01
 -1       328-1.27724E-13-9.21778E-14 1.71204E-13
 -1       329-1.08377E-14 1.09652E-14 1.66667E-01
 -1       331-1.52846E-14-3.38219E-14-8.47863E-14
 -1       332 5.13229E-15 4.38603E-15 1.66667E-01
 -1       334 1.23274E-14-2.45185E-14-1.36740E-13
 -1       335 8.48696E-14 3.60363E-14 1.66667E-01
 -1       337 3.48610E-14-2.54501E-14 1.02391E-12
 -1       338-4.79894E-14 3.29754E-14 1.66667E-01
 -1       340-1.22048E-13 3.91423E-14 3.22825E-13
 -1       341 0.00000E+00 0.00000E+00 0.00000E+00
 -1       343 0.00000E+00 0.00000E+00 0.00000E+00
 -1       344 0.00000E+00 0.00000E+00 0.00000E+00
 -1       346 0.00000E+00 0.00000E+00 0.00000E+00
 -1       347 0.00000E+00 0.00000E+00 0.00000E+00
 -1       349 0.00000E+00 0.00000E+00 0.00000E+00
 -1       350 0.00000E+00 0.00000E+00 0.00000E+00
 -1       351 0.00000E+00 0.00000E+00 0.00000E+00
 -1       352 0.00000E+00 0.00000E+00 0.00000E+00
 -1       353 0.00000E+00 0.00000E+00 0.00000E+00
 -1       354 0.00000E+00 0.00000E+00 0.00000E+00
 -1       355 0.00000E+00 0.00000E+00 0.00000E+00
 -1       356 0.00000E+00 0.00000E+00 0.00000E+00
 -1       357 0.00000E+00 0.00000E+00 0.00000E+00
 -1       358 0.00000E+00 0.00000E+00 0.00000E+00
 -1       359 0.00000E+00 0.00000E+00 0.00000E+00
 -1       361 0.00000E+00 0.00000E+00 0.00000E+00
 -1       362 0.00000E+00 0.00000E+00 0.00000E+00
 -1       364 0.00000E+00 0.00000E+00 0.00000E+00
 -1       365 0.00000E+00 0.00000E+00 0.00000E+00
 -1       367 0.00000E+00 0.00000E+00 0.00000E+00
 -1       368 1.00000E+02 1.16913E-13 5.00000E+00
 -1       369 1.00000E+02 1.01141E-13 5.00000E+00
 -1       370-1.00000E+02-1.07858E-13 5.00000E+00
 -1       371-1.00000E+02-7.50580E-14 5.00000E+00
 -1       376 1.80189E-13 1.71377E-13-2.30621E-13
 -1       377 1.03695E-13 5.39346E-13-1.17101E-12
 -1       378-5.53335E-13 8.63198E-14 5.83644E-13
 -1       379-3.23075E-13-8.26811E-13 9.72888E-13
 -1       384 6.14231E-13 1.25636E-13 1.66919E-12
 -1       385 3.48832E-13-7.34801E-13-3.78908E-12
 -1       386 9.25926E-14 1.51895E-12 4.14935E-12
 -1       387 8.47711E-13-9.06331E-13-2.52096E-12
 -1       392-7.89979E-13 3.99820E-12 9.14974E-12
 -1       393 2.69340E-13-3.21088E-12 5.51947E-12
 -1       394 7.01883E-13-3.12400E-12-6.32705E-12
 -1       395-6.27276E-14 2.34805E-12-8.48124E-12
 -1       400-8.72191E-13-8.75577E-13-5.00000E+00
 -1       401-7.99805E-13-9.11937E-13-5.00000E+00
 -1       402-2.52243E-13 1.09723E-12-5.00000E+00
 -1       403 5.66658E-13 6.71407E-13-5.00000E+00
 -1       408 3.31335E+01-5.35405E-01 1.21086E+02
 -1       409 3.31335E+01-5.34530E-01 1.20551E+02
 -1       410-3.31339E+01 5.35405E-01 1.20017E+02
 -1       411-3.31339E+01 5.34530E-01 1.21087E+02
 -1       412 1.33733E+02-1.43003E+00 1.27287E+02
 -1       413 1.78156E-04-8.75088E-04-3.59819E+02
 -1       414-1.33732E+02 1.43003E+00 1.27285E+02
 -1       415 1.78155E-04 8.75085E-04-3.56959E+02
 -1       416-6.16736E-11-4.29801E-10 4.03309E-10
 -1       417 6.41629E-11 6.61840E-10-7.93255E-10
 -1       418 3.09062E-11 2.22304E-10 5.31509E-10
 -1       419-1.44085E-10-5.44131E-10-1.41475E-10
 -1       424 3.91548E-12 8.59425E-10-4.22136E-11
 -1       425-4.58886E-11 3.14661E-10 2.20872E-10
 -1       426 6.50885E-12 9.40450E-10 1.36310E-12
 -1       427 1.02128E-11 1.31078E-09-2.51036E-10
 -1       428 5.94208E-11-7.21223E-10-2.76056E-10
 -1       429 1.56777E-10 2.74325E-10-2.95604E-10
 -1       430 3.25971E-11-1.90497E-09 3.05099E-10
 -1       431-8.03145E-11-1.01695E-09 3.37158E-10
 -1       432-4.15201E-12-1.07329E-11 2.44215E-11
 -1       433-6.83875E-12 1.89688E-11-1.01208E-11
 -1       434-7.38520E-13-2.13644E-11 1.11555E-12
 -1       435 8.87762E-13 1.23889E-11-1.48932E-11
 -1       440 3.33045E-12 1.25464E+00-6.24533E+00
 -1       441 5.33662E-12 1.24533E+00-3.74536E+00
 -1       442 1.41487E-12-1.25464E+00-3.75467E+00
 -1       443-1.22199E-12-1.24533E+00-6.25464E+00
 -1       444 2.28706E-14-3.15473E-11 2.15910E-11
 -1       445 3.39284E-13-3.46567E-12 9.85896E-11
 -1       446-1.42641E-12-2.67848E-11 2.32669E-11
 -1       447-1.30207E-12-5.57110E-13 7.40419E-11
 -1       448 1.04167E+01 3.52303E-13 1.25000E+01
 -1       449 1.04167E+01-9.60179E-13 1.25000E+01
 -1       450 1.04167E+01-1.37478E-12 1.25000E+01
 -1       451 1.04167E+01 1.92628E-12 1.25000E+01
 -1       457-1.04167E+01 4.00662E-13 1.25000E+01
 -1       458-1.04167E+01-9.60171E-13 1.25000E+01
 -1       459-1.04167E+01-1.40700E-12 1.25000E+01
 -1       460-1.04167E+01 1.88918E-12 1.25000E+01
 -1       466-1.04167E+01 7.38698E-13-1.25000E+01
 -1       467-1.04167E+01-1.92830E-12-1.25000E+01
 -1       468-1.04167E+01-2.69712E-12-1.25000E+01
 -1       469-1.04167E+01 3.94309E-12-1.25000E+01
 -1       475 1.04167E+01 8.42121E-13-1.25000E+01
 -1       476 1.04167E+01-1.91549E-12-1.25000E+01
 -1       477 1.04167E+01-2.73903E-12-1.25000E+01
 -1       478 1.04167E+01 3.88973E-12-1.25000E+01
 -3
    1PSTEP                         5           1           1          
  100CL  101 1.000000000           9                     0    1           1
 -4  CONTACT     6    1
 -5  COPEN       1    1    0    0
 -5  CSLIP1      1    1    0    0
 -5  CSLIP2      1    1    0    0
 -5  CPRESS      1    1    0    0
 -5  CSHEAR1     1    1    0    0
 -5  CSHEAR2     1    1    0    0
 -1       218-4.47261E-05 0.00000E+00 0.00000E+00 2.86712E+00 0.00000E+00 0.00000E+00
 -1       217-4.63274E-05 0.00000E+00 0.00000E+00 2.99008E+00 0.00000E+00 0.00000E+00
 -1       216-4.47773E-05 0.00000E+00 0.00000E+00 2.87103E+00 0.00000E+00 0.00000E+00
 -1       215-4.66834E-05 0.00000E+00 0.00000E+00 3.01757E+00 0.00000E+00 0.00000E+00
 -1       214-4.80845E-05 0.00000E+00 0.00000E+00 3.12631E+00 0.00000E+00 0.00000E+00
 -1       213-4.65914E-05 0.00000E+00 0.00000E+00 3.01047E+00 0.00000E+00 0.00000E+00
 -1       212-4.47260E-05 0.00000E+00 0.00000E+00 2.86711E+00 0.00000E+00 0.00000E+00
 -1       211-4.63274E-05 0.00000E+00 0.00000E+00 2.99009E+00 0.00000E+00 0.00000E+00
 -1       210-4.47773E-05 0.00000E+00 0.00000E+00 2.87103E+00 0.00000E+00 0.00000E+00
 -3
    1PSTEP                         6           1           1          
  100CL  101 1.000000000         328                     0    1           1
 -4  ERROR       1    1
 -5  STR(%)      1    1    0    0
 -1         1 1.00392E+01
 -1         2 1.00392E+01
 -1         3 1.00392E+01
 -1         4 1.00392E+01
 -1         5 1.00392E+01
 -1         6 1.00392E+01
 -1         7 1.00392E+01
 -1         8 1.00392E+01
 -1         9 1.00392E+01
 -1        10 1.16339E+01
 -1        11 1.16339E+01
 -1        12 1.16339E+01
 -1        13 1.16339E+01
 -1        14 1.16339E+01
 -1        15 1.16339E+01
 -1        16 1.16339E+01
 -1        17 1.16339E+01
 -1        18 1.16339E+01
 -1        19 1.16339E+01
 -1        20 1.16339E+01
 -1        21 1.16339E+01
 -1        22 1.16339E+01
 -1        23 1.16339E+01
 -1        24 1.16339E+01
 -1        25 1.16339E+01
 -1        26 1.16339E+01
 -1        27 1.16339E+01
 -1        30 4.82073E+01
 -1        31 4.82073E+01
 -1        32 4.82073E+01
 -1        33 4.82073E+01
 -1        34 4.82073E+01
 -1        35 4.82073E+01
 -1        36 4.82073E+01
 -1        37 4.82073E+01
 -1        38 4.82073E+01
 -1        39 4.82073E+01
 -1        40 4.82073E+01
 -1        41 4.82073E+01
 -1        42 4.82073E+01
 -1        43 4.82073E+01
 -1        44 4.82073E+01
 -1        45 4.82073E+01
 -1        46 4.82073E+01
 -1        47 4.82073E+01
 -1        48 4.82073E+01
 -1        49 4.82073E+01
 -1        50 2.22565E+01
 -1        51 2.22565E+01
 -1        52 2.22565E+01
 -1        53 2.22565E+01
 -1        54 2.22565E+01
 -1        55 2.22565E+01
 -1        56 2.22565E+01
 -1        57 2.22565E+01
 -1        58 3.52319E+01
 -1        59 3.52319E+01
 -1        60 3.52319E+01
 -1        61 3.52319E+01
 -1        63 0.00000E+00
 -1        64 0.00000E+00
 -1        65 0.00000E+00
 -1        66 0.00000E+00
 -1        67 3.71993E+01
 -1        68 3.71993E+01
 -1        69 3.71993E+01
 -1        70 3.71993E+01
 -1        71 3.71993E+01
 -1        72 3.71993E+01
 -1        73 3.71993E+01
 -1        74 3.71993E+01
 -1        75 3.71993E+01
 -1        76 3.71993E+01
 -1        77 0.00000E+00
 -1        78 0.00000E+00
 -1        79 0.00000E+00
 -1        80 0.00000E+00
 -1        81 0.00000E+00
 -1        82 0.00000E+00
 -1        83 1.18810E+01
 -1        84 1.18810E+01
 -1        85 1.18810E+01
 -1        86 1.18810E+01
 -1        87 1.18810E+01
 -1        88 1.18810E+01
 -1        89 1.18810E+01
 -1        90 1.18810E+01
 -1        91 1.18810E+01
 -1        92 1.18810E+01
 -1        93 1.18810E+01
 -1        94 1.18810E+01
 -1        95 1.18810E+01
 -1        96 1.18810E+01
 -1        97 1.18810E+01
 -1       151 0.00000E+00
 -1       152 0.00000E+00
 -1       154 0.00000E+00
 -1       155 0.00000E+00
 -1       156 1.54447E+01
 -1       157 1.54447E+01
 -1       158 1.54447E+01
 -1       159 1.54447E+01
 -1       160 1.54447E+01
 -1       161 1.54447E+01
 -1       162 1.54447E+01
 -1       163 1.54447E+01
 -1       164 1.54447E+01
 -1       165 1.54447E+01
 -1       166 1.54447E+01
 -1       167 1.54447E+01
 -1       168 1.54447E+01
 -1       169 1.54447E+01
 -1       170 1.54447E+01
 -1       171 1.54447E+01
 -1       172 1.54447E+01
 -1       173 1.54447E+01
 -1       174 2.55796E+00
 -1       175 2.55796E+00
 -1       176 2.55796E+00
 -1       177 2.55796E+00
 -1       178 2.55796E+00
 -1       179 2.55796E+00
 -1       180 2.55796E+00
 -1       181 2.55796E+00
 -1       182 2.55796E+00
 -1       183 2.55796E+00
 -1       184 2.55796E+00
 -1       185 2.55796E+00
 -1       186 2.55796E+00
 -1       187 2.55796E+00
 -1       188 2.55796E+00
 -1       189 2.55796E+00
 -1       190 2.55796E+00
 -1       191 2.55796E+00
 -1       192 1.95813E+01
 -1       193 1.95813E+01
 -1       194 1.95114E+01
 -1       195 1.95813E+01
 -1       196 1.95813E+01
 -1       197 1.95114E+01
 -1       198 1.95813E+01
 -1       199 1.95813E+01
 -1       200 1.95112E+01
 -1       201 1.95813E+01
 -1       202 1.95813E+01
 -1       203 1.95114E+01
 -1       204 1.95813E+01
 -1       205 1.95813E+01
 -1       206 1.95114E+01
 -1       207 1.95813E+01
 -1       208 1.95813E+01
 -1       209 1.95112E+01
 -1       210 1.27020E+00
 -1       211 2.69174E+00
 -1       212 2.69174E+00
 -1       213 1.27022E+00
 -1       214 2.69174E+00
 -1       215 2.69174E+00
 -1       216 1.27022E+00
 -1       217 2.69165E+00
 -1       218 2.69165E+00
 -1       219 1.27020E+00
 -1       220 2.69174E+00
 -1       221 2.69174E+00
 -1       222 1.27022E+00
 -1       223 2.69174E+00
 -1       224 2.69174E+00
 -1       225 1.27022E+00
 -1       226 2.69165E+00
 -1       227 2.69165E+00
 -1       251 1.22736E+02
 -1       253 1.22736E+02
 -1       254 1.22736E+02
 -1       256 1.22736E+02
 -1       257 1.17820E+02
 -1       259 1.17820E+02
 -1       260 1.22736E+02
 -1       262 1.22736E+02
 -1       263 1.22736E+02
 -1       265 1.22736E+02
 -1       266 1.17820E+02
 -1       268 1.17820E+02
 -1       269 1.22736E+02
 -1       271 1.22736E+02
 -1       272 1.22736E+02
 -1       274 1.22736E+02
 -1       275 1.17820E+02
 -1       277 1.17820E+02
 -1       278 2.75447E+01
 -1       279 2.75447E+01
 -1       280 2.75447E+01
 -1       281 2.75447E+01
 -1       282 2.75447E+01
 -1       283 2.75447E+01
 -1       284 2.43262E+01
 -1       285 2.43262E+01
 -1       286 2.43262E+01
 -1       287 2.75447E+01
 -1       288 2.75447E+01
 -1       289 2.75447E+01
 -1       290 2.75447E+01
 -1       291 2.75447E+01
 -1       292 2.75447E+01
 -1       293 2.43262E+01
 -1       294 2.43262E+01
 -1       295 2.43262E+01
 -1       296 2.75447E+01
 -1       297 2.75447E+01
 -1       298 2.75447E+01
 -1       299 2.75447E+01
 -1       300 2.75447E+01
 -1       301 2.75447E+01
 -1       302 2.43262E+01
 -1       303 2.43262E+01
 -1       304 2.43262E+01
 -1       305 2.75447E+01
 -1       307 2.75447E+01
 -1       308 2.75447E+01
 -1       310 2.75447E+01
 -1       311 2.75447E+01
 -1       313 2.75447E+01
 -1       314 2.75447E+01
 -1       316 2.75447E+01
 -1       317 2.59355E+01
 -1       319 2.59355E+01
 -1       320 2.43262E+01
 -1       322 2.43262E+01
 -1       323 2.59355E+01
 -1       325 2.59355E+01
 -1       326 2.75447E+01
 -1       328 2.75447E+01
 -1       329 2.75447E+01
 -1       331 2.75447E+01
 -1       332 2.75447E+01
 -1       334 2.75447E+01
 -1       335 2.43262E+01
 -1       337 2.43262E+01
 -1       338 2.59355E+01
 -1       340 2.59355E+01
 -1       341 0.00000E+00
 -1       343 0.00000E+00
 -1       344 0.00000E+00
 -1       346 0.00000E+00
 -1       347 0.00000E+00
 -1       349 0.00000E+00
 -1       350 0.00000E+00
 -1       351 0.00000E+00
 -1       352 0.00000E+00
 -1       353 0.00000E+00
 -1       354 0.00000E+00
 -1       355 0.00000E+00
 -1       356 0.00000E+00
 -1       357 0.00000E+00
 -1       358 0.00000E+00
 -1       359 0.00000E+00
 -1       361 0.00000E+00
 -1       362 0.00000E+00
 -1       364 0.00000E+00
 -1       365 0.00000E+00
 -1       367 0.00000E+00
 -1       368 1.22327E+02
 -1       369 1.22327E+02
 -1       370 1.22327E+02
 -1       371 1.22327E+02
 -1       376 1.23250E+02
 -1       377 1.23250E+02
 -1       378 1.23250E+02
 -1       379 1.23250E+02
 -1       384 1.24241E+02
 -1       385 1.24241E+02
 -1       386 1.24241E+02
 -1       387 1.24241E+02
 -1       392 1.24241E+02
 -1       393 1.24241E+02
 -1       394 1.24241E+02
 -1       395 1.24241E+02
 -1       400 1.18514E+02
 -1       401 1.18514E+02
 -1       402 1.18514E+02
 -1       403 1.18514E+02
 -1       408 2.47923E+01
 -1       409 2.47923E+01
 -1       410 2.47923E+01
 -1       411 2.47923E+01
 -1       412 2.47923E+01
 -1       413 2.47923E+01
 -1       414 2.47923E+01
 -1       415 2.47923E+01
 -1       416 2.47923E+01
 -1       417 2.47923E+01
 -1       418 2.47923E+01
 -1       419 2.47923E+01
 -1       424 2.47923E+01
 -1       425 2.47923E+01
 -1       426 2.47923E+01
 -1       427 2.47923E+01
 -1       428 2.47923E+01
 -1       429 2.47923E+01
 -1       430 2.47923E+01
 -1       431 2.47923E+01
 -1       432 2.39831E+01
 -1       433 2.39831E+01
 -1       434 2.39831E+01
 -1       435 2.39831E+01
 -1       440 2.31738E+01
 -1       441 2.31738E+01
 -1       442 2.31738E+01
 -1       443 2.31738E+01
 -1       444 2.31738E+01
 -1       445 2.31738E+01
 -1       446 2.31738E+01
 -1       447 2.31738E+01
 -1       448 8.66749E-13
 -1       449 8.66749E-13
 -1       450 8.66749E-13
 -1       451 8.66749E-13
 -1       457 1.07847E-12
 -1       458 1.07847E-12
 -1       459 1.07847E-12
 -1       460 1.07847E-12
 -1       466 8.66749E-13
 -1       467 8.66749E-13
 -1       468 8.66749E-13
 -1       469 8.66749E-13
 -1       475 1.07847E-12
 -1       476 1.07847E-12
 -1       477 1.07847E-12
 -1       478 1.07847E-12
 -3
    1PSTEP                         7           1           2          
    1PGM                1.000000E+00                                  
    1PGK                1.000000E+06                                  
    1PHID                         -1                                  
    1PSUBC                         0                                  
    1PMODE                         1                                  
  100CL  102 159.1549431         328                     2    2MODAL      1
 -4  DISP        4    1
 -5  D1          1    2    1    0
 -5  D2          1    2    2    0
 -5  D3          1    2    3    0
 -5  ALL         1    2    0    0    1ALL
 -1         1 0.00000E+00 0.00000E+00 0.00000E+00
 -1         2-1.69407E-21-8.47033E-22 1.69407E-21
 -1         3-3.38813E-21 0.00000E+00 0.00000E+00
 -1         4 0.00000E+00 0.00000E+00 0.00000E+00
 -1         5 0.00000E+00-2.54110E-21-8.47033E-22
 -1         6-3.38813E-21 0.00000E+00 0.00000E+00
 -1         7 0.00000E+00 0.00000E+00 0.00000E+00
 -1         8-5.08220E-21-2.11758E-22-8.47033E-22
 -1         9-3.38813E-21 0.00000E+00 0.00000E+00
 -1        10 0.00000E+00 0.00000E+00 0.00000E+00
 -1        11-1.69407E-21-1.69407E-21 2.11758E-22
 -1        12-3.38813E-21 0.00000E+00 0.00000E+00
 -1        13 0.00000E+00 0.00000E+00 0.00000E+00
 -1        14-5.08220E-21 0.00000E+00-2.11758E-22
 -1        15-3.38813E-21 0.00000E+00 0.00000E+00
 -1        16 0.00000E+00 0.00000E+00 0.00000E+00
 -1        17-1.69407E-21-8.47033E-22-1.05879E-22
 -1        18-3.38813E-21 0.00000E+00 0.00000E+00
 -1        19 0.00000E+00 0.00000E+00 0.00000E+00
 -1        20-1.69407E-21-1.69407E-21 0.00000E+00
 -1        21-3.38813E-21 0.00000E+00 0.00000E+00
 -1        22 0.00000E+00 0.00000E+00 0.00000E+00
 -1        23 0.00000E+00-4.23516E-22 1.69407E-21
 -1        24-3.38813E-21 0.00000E+00 0.00000E+00
 -1        25 0.00000E+00 0.00000E+00 0.00000E+00
 -1        26-1.69407E-21-1.32349E-23 0.00000E+00
 -1        27-3.38813E-21 0.00000E+00 0.00000E+00
 -1        30 0.00000E+00 0.00000E+00 0.00000E+00
 -1        31 3.38811E-20-2.54108E-20-8.48031E-22
 -1        32 3.38807E-20-2.54108E-20-2.62590E-20
 -1        33 0.00000E+00 0.00000E+00 0.00000E+00
 -1        34 0.00000E+00 0.00000E+00 0.00000E+00
 -1        35-2.12179E-25 1.49773E-25-8.47033E-22
 -1        36-5.86612E-25 1.49773E-25-2.62580E-20
 -1        37 0.00000E+00 0.00000E+00 0.00000E+00
 -1        38 6.77626E-21 3.38813E-21-1.35525E-20
 -1        39 3.38809E-20-2.54108E-20-1.35535E-20
 -1        40 1.35525E-20 0.00000E+00-2.71051E-20
 -1        41 0.00000E+00 0.00000E+00 0.00000E+00
 -1        42-3.38813E-21 3.38813E-21-1.35525E-20
 -1        43-3.99395E-25 1.49773E-25-1.35525E-20
 -1        44-1.69407E-21 6.77626E-21-8.13152E-20
 -1        45 0.00000E+00 0.00000E+00 0.00000E+00
 -1        46 0.00000E+00 0.00000E+00 0.00000E+00
 -1        47 1.69404E-20-1.27053E-20-8.47532E-22
 -1        48 1.69401E-20-1.27053E-20-2.62585E-20
 -1        49 0.00000E+00 0.00000E+00 0.00000E+00
 -1        50 0.00000E+00 0.00000E+00 0.00000E+00
 -1        51-3.38815E-20 2.54111E-20-8.46034E-22
 -1        52-3.38819E-20 2.54111E-20-2.62570E-20
 -1        53 0.00000E+00 0.00000E+00 0.00000E+00
 -1        54 0.00000E+00 1.35525E-20 6.77626E-21
 -1        55-3.38817E-20 2.54111E-20-1.35515E-20
 -1        56-6.77626E-21 2.71051E-20-2.71051E-20
 -1        57 0.00000E+00 0.00000E+00 0.00000E+00
 -1        58 0.00000E+00 0.00000E+00 0.00000E+00
 -1        59-1.69409E-20 1.27056E-20-8.46534E-22
 -1        60-1.69412E-20 1.27056E-20-2.62575E-20
 -1        61 0.00000E+00 0.00000E+00 0.00000E+00
 -1        63 0.00000E+00 0.00000E+00 0.00000E+00
 -1        64 0.00000E+00 0.00000E+00 0.00000E+00
 -1        65 0.00000E+00 0.00000E+00 0.00000E+00
 -1        66 0.00000E+00-4.23516E-22-1.05879E-22
 -1        67 0.00000E+00 0.00000E+00 0.00000E+00
 -1        68 0.00000E+00 0.00000E+00 0.00000E+00
 -1        69 0.00000E+00 0.00000E+00 0.00000E+00
 -1        70 0.00000E+00-3.38813E-21-1.05879E-22
 -1        71 0.00000E+00 0.00000E+00 0.00000E+00
 -1        72 0.00000E+00 0.00000E+00 0.00000E+00
 -1        73 0.00000E+00 0.00000E+00 0.00000E+00
 -1        74 1.69407E-21 0.00000E+00 0.00000E+00
 -1        75 3.38813E-21-4.23516E-22-8.47033E-22
 -1        76 3.38813E-21-8.47033E-22 4.23516E-22
 -1        77 0.00000E+00 0.00000E+00 0.00000E+00
 -1        78 0.00000E+00 0.00000E+00 0.00000E+00
 -1        79 0.00000E+00 0.00000E+00 0.00000E+00
 -1        80-8.49023E-12 8.49023E-12-6.77626E-21
 -1        81-8.49023E-12-1.69805E-11-8.47033E-22
 -1        82 1.69805E-11 8.49023E-12 6.77626E-21
 -1        83 0.00000E+00 0.00000E+00 0.00000E+00
 -1        84 0.00000E+00 0.00000E+00 0.00000E+00
 -1        85 0.00000E+00 0.00000E+00 0.00000E+00
 -1        86-5.50571E-21 0.00000E+00-9.34383E-21
 -1        87 0.00000E+00-1.69407E-21 3.38813E-21
 -1        88 1.69407E-21-8.47033E-22 1.69407E-21
 -1        89 0.00000E+00 0.00000E+00 0.00000E+00
 -1        90 0.00000E+00 0.00000E+00 0.00000E+00
 -1        91 0.00000E+00 0.00000E+00 0.00000E+00
 -1        92 1.69407E-21 1.27055E-21 8.47033E-22
 -1        93 1.69407E-21 8.47033E-22 3.38813E-21
 -1        94 4.23516E-22 4.23516E-22 2.64698E-23
 -1        95 3.38813E-21 0.00000E+00 3.38813E-21
 -1        96 3.38813E-21 3.38813E-21 0.00000E+00
 -1        97 1.69407E-21 1.69407E-21 0.00000E+00
 -1       151 0.00000E+00 0.00000E+00 0.00000E+00
 -1       152 3.16228E+01 0.00000E+00 0.00000E+00
 -1       154 0.00000E+00 0.00000E+00 0.00000E+00
 -1       155 0.00000E+00 0.00000E+00 0.00000E+00
 -1       156 0.00000E+00 0.00000E+00 0.00000E+00
 -1       157 0.00000E+00 0.00000E+00 0.00000E+00
 -1       158 0.00000E+00 0.00000E+00 0.00000E+00
 -1       159 0.00000E+00 0.00000E+00 0.00000E+00
 -1       160 0.00000E+00 0.00000E+00 0.00000E+00
 -1       161 0.00000E+00 0.00000E+00 0.00000E+00
 -1       162 0.00000E+00 0.00000E+00 0.00000E+00
 -1       163 0.00000E+00 0.00000E+00 0.00000E+00
 -1       164 0.00000E+00 0.00000E+00 0.00000E+00
 -1       165 3.38813E-21 1.69407E-21 0.00000E+00
 -1       166 3.38813E-21-4.23516E-22 1.69407E-21
 -1       167 6.77626E-21 0.00000E+00 8.47033E-22
 -1       168 6.77626E-21 0.00000E+00 1.69407E-21
 -1       169 6.77626E-21-8.47033E-22 4.23516E-22
 -1       170 0.00000E+00-1.69407E-21-8.47033E-22
 -1       171 3.38813E-21 0.00000E+00 0.00000E+00
 -1       172 0.00000E+00-8.47033E-22 0.00000E+00
 -1       173 6.77626E-21-4.23516E-22-6.77626E-21
 -1       174 3.38813E-21 1.69407E-21 1.88079E-37
 -1       175 3.38813E-21-4.23516E-22 1.69407E-21
 -1       176 6.77626E-21-1.17549E-37 8.47033E-22
 -1       177 6.77626E-21-4.70198E-38 1.69407E-21
 -1       178 6.77626E-21-8.47033E-22 4.23516E-22
 -1       179 7.52316E-37-1.69407E-21-8.47033E-22
 -1       180 3.38813E-21-4.70198E-38 9.40395E-38
 -1       181 5.64237E-37-8.47033E-22 2.35099E-38
 -1       182 6.77626E-21-4.23516E-22-6.77626E-21
 -1       183 1.35525E-20-2.54110E-21 8.47033E-22
 -1       184 0.00000E+00 0.00000E+00 3.38813E-21
 -1       185 6.77626E-21 1.69407E-21 1.69407E-21
 -1       186 0.00000E+00-8.47033E-22 6.77626E-21
 -1       187 0.00000E+00-8.47033E-22 0.00000E+00
 -1       188 1.35525E-20 1.69407E-21-8.47033E-22
 -1       189-6.77626E-21-4.23516E-22 1.69407E-21
 -1       190 6.77626E-21-2.11758E-22-8.47033E-22
 -1       191 0.00000E+00 0.00000E+00-3.38813E-21
 -1       192 0.00000E+00 0.00000E+00 0.00000E+00
 -1       193 0.00000E+00 0.00000E+00 0.00000E+00
 -1       194 0.00000E+00 0.00000E+00 0.00000E+00
 -1       195 0.00000E+00 0.00000E+00 0.00000E+00
 -1       196 0.00000E+00 0.00000E+00 0.00000E+00
 -1       197 0.00000E+00 0.00000E+00 0.00000E+00
 -1       198 0.00000E+00 0.00000E+00 0.00000E+00
 -1       199 0.00000E+00 0.00000E+00 0.00000E+00
 -1       200 0.00000E+00 0.00000E+00 0.00000E+00
 -1       201-1.69407E-21 0.00000E+00-1.69407E-21
 -1       202-1.69407E-21-8.47033E-22-4.23516E-22
 -1       203 0.00000E+00-1.69407E-21 2.11758E-22
 -1       204 1.69407E-21 0.00000E+00-1.69407E-21
 -1       205-1.69407E-21-2.11758E-22-6.35275E-22
 -1       206-3.38813E-21-8.47033E-22 0.00000E+00
 -1       207 0.00000E+00 4.23516E-22-1.69407E-21
 -1       208-8.47033E-22 0.00000E+00-8.47033E-22
 -1       209-1.05879E-22-1.69407E-21 4.23516E-22
 -1       210 0.00000E+00 0.00000E+00 2.77556E-17
 -1       211 9.19031E-20 5.42101E-19 5.55112E-17
 -1       212 3.46225E-19 5.42101E-20 2.77556E-17
 -1       213 0.00000E+00 0.00000E+00 2.77556E-17
 -1       214 1.84653E-19 4.47233E-19 2.77556E-17
 -1       215 1.05032E-19 4.06576E-19 2.77556E-17
 -1       216 0.00000E+00 0.00000E+00 5.55112E-17
 -1       217-5.35325E-19 2.98156E-19 2.77556E-17
 -1       218-4.33681E-19 6.77626E-20 0.00000E+00
 -1       219 0.00000E+00 0.00000E+00 2.77556E-17
 -1       220-2.06676E-19-2.84603E-19 2.77556E-17
 -1       221 2.23617E-19-4.06576E-20 5.55112E-17
 -1       222 0.00000E+00 0.00000E+00 0.00000E+00
 -1       223-2.64433E-20-4.98055E-19 5.55112E-17
 -1       224-3.86671E-19 2.03288E-20 2.77556E-17
 -1       225 0.00000E+00 0.00000E+00 5.55112E-17
 -1       226 1.66018E-19-3.79471E-19 8.32667E-17
 -1       227-2.87991E-20-3.38813E-20 2.77556E-17
 -1       251 0.00000E+00 0.00000E+00 5.29396E-23
 -1       253 0.00000E+00-0.00000E+00-5.29396E-23
 -1       254 0.00000E+00 2.03288E-20 4.33681E-19
 -1       256-5.42101E-20-2.03288E-20 2.16840E-19
 -1       257 1.08420E-19-2.71051E-20 0.00000E+00
 -1       259-5.42101E-20-1.35525E-20 0.00000E+00
 -1       260 0.00000E+00 0.00000E+00 2.11758E-22
 -1       262 0.00000E+00-0.00000E+00-2.11758E-22
 -1       263 5.42101E-20 1.69407E-21 4.33681E-19
 -1       265-1.62630E-19 0.00000E+00 4.33681E-19
 -1       266 1.08420E-19 1.35525E-20 8.67362E-19
 -1       268-1.08420E-19 0.00000E+00 1.73472E-18
 -1       269 0.00000E+00 0.00000E+00-5.29396E-23
 -1       271 0.00000E+00-0.00000E+00 5.29396E-23
 -1       272 1.62630E-19-1.69407E-21 0.00000E+00
 -1       274-5.42101E-20 1.35525E-20 2.16840E-19
 -1       275 1.08420E-19-6.77626E-21 1.73472E-18
 -1       277-1.08420E-19 3.38813E-21-8.67362E-19
 -1       278 0.00000E+00 0.00000E+00 4.23516E-22
 -1       279 0.00000E+00 0.00000E+00 0.00000E+00
 -1       280 0.00000E+00-0.00000E+00-4.23516E-22
 -1       281 1.08420E-19 1.35525E-20 4.33681E-19
 -1       282 3.38813E-21-3.38813E-21 4.33681E-19
 -1       283-5.42101E-20 3.38813E-21 2.16840E-19
 -1       284 5.42101E-20 6.77626E-21 1.73472E-18
 -1       285 3.38813E-21-2.71051E-20 1.73472E-18
 -1       286-5.42101E-20 2.71051E-20 8.67362E-19
 -1       287 0.00000E+00 0.00000E+00 0.00000E+00
 -1       288 0.00000E+00 0.00000E+00 0.00000E+00
 -1       289 0.00000E+00-0.00000E+00 0.00000E+00
 -1       290 2.71051E-20-3.38813E-21 4.33681E-19
 -1       291 0.00000E+00 3.38813E-21 0.00000E+00
 -1       292 0.00000E+00 4.06576E-20 2.16840E-19
 -1       293 5.42101E-20 2.11758E-22 8.67362E-19
 -1       294-1.69407E-21 1.35525E-20 1.73472E-18
 -1       295 0.00000E+00 0.00000E+00 8.67362E-19
 -1       296 0.00000E+00 0.00000E+00-6.35275E-22
 -1       297 0.00000E+00 0.00000E+00 0.00000E+00
 -1       298 0.00000E+00-0.00000E+00 6.35275E-22
 -1       299 5.42101E-20-1.35525E-20 2.16840E-19
 -1       300-3.38813E-21 1.35525E-20 4.33681E-19
 -1       301-5.42101E-20 2.71051E-20 1.08420E-19
 -1       302 5.42101E-20-6.77626E-21 8.67362E-19
 -1       303-6.77626E-21 1.35525E-20 4.33681E-19
 -1       304-5.42101E-20 2.71051E-20 4.33681E-19
 -1       305 5.42101E-20 6.77626E-21 2.16840E-19
 -1       307-2.71051E-20 1.69407E-21-1.08420E-19
 -1       308 0.00000E+00 5.08220E-21 4.33681E-19
 -1       310-5.42101E-20 6.77626E-21 6.50521E-19
 -1       311 2.71051E-20-3.38813E-21-5.42101E-20
 -1       313-5.42101E-20 1.35525E-20 5.42101E-20
 -1       314 0.00000E+00-5.29396E-23 3.38813E-21
 -1       316-1.35525E-20 2.11758E-22 0.00000E+00
 -1       317 5.42101E-20 6.77626E-21 4.33681E-19
 -1       319-1.08420E-19 6.77626E-21 4.33681E-19
 -1       320 5.42101E-20 0.00000E+00 0.00000E+00
 -1       322 0.00000E+00 0.00000E+00 8.67362E-19
 -1       323 5.42101E-20-1.69407E-21 4.33681E-19
 -1       325 0.00000E+00 2.71051E-20 8.67362E-19
 -1       326 5.42101E-20-6.77626E-21 2.16840E-19
 -1       328 0.00000E+00 1.35525E-20 4.33681E-19
 -1       329 1.35525E-20-3.38813E-21 2.71051E-20
 -1       331-1.35525E-20 6.77626E-21 2.71051E-20
 -1       332 0.00000E+00 1.05879E-22-3.38813E-21
 -1       334-6.77626E-21 1.69407E-21 0.00000E+00
 -1       335 5.42101E-20-6.77626E-21-8.67362E-19
 -1       337-5.42101E-20 2.71051E-20 4.33681E-19
 -1       338 5.42101E-20-1.35525E-20 0.00000E+00
 -1       340-5.42101E-20 0.00000E+00 0.00000E+00
 -1       341 0.00000E+00 0.00000E+00-6.61744E-24
 -1       343 0.00000E+00-0.00000E+00 6.61744E-24
 -1       344 0.00000E+00 0.00000E+00-6.61744E-24
 -1       346 0.00000E+00-0.00000E+00 6.61744E-24
 -1       347 4.23516E-22 3.38813E-21 2.71051E-20
 -1       349 0.00000E+00-3.38813E-21 1.35525E-20
 -1       350 0.00000E+00 0.00000E+00-1.05879E-22
 -1       351 0.00000E+00 0.00000E+00 0.00000E+00
 -1       352 0.00000E+00-0.00000E+00 1.05879E-22
 -1       353 0.00000E+00 0.00000E+00 2.64698E-23
 -1       354 0.00000E+00 0.00000E+00 0.00000E+00
 -1       355 0.00000E+00-0.00000E+00-2.64698E-23
 -1       356 0.00000E+00-6.77626E-21-5.42101E-20
 -1       357-6.77626E-21-6.77626E-21 0.00000E+00
 -1       358-6.77626E-21 8.47033E-22 0.00000E+00
 -1       359 0.00000E+00-3.38813E-21 4.23516E-22
 -1       361-4.23516E-22 0.00000E+00 8.47033E-22
 -1       362-3.38813E-21-3.38813E-21-2.71051E-20
 -1       364 0.00000E+00 8.47033E-22 0.00000E+00
 -1       365-1.69407E-21-3.38813E-21-1.35525E-20
 -1       367-1.69407E-21 2.11758E-22 0.00000E+00
 -1       368 0.00000E+00 5.92923E-21-4.23516E-21
 -1       369 0.00000E+00-6.77626E-21 3.38813E-21
 -1       370 5.43443E-40 8.47033E-22 0.00000E+00
 -1       371 9.25977E-38 5.08218E-21 8.47033E-22
 -1       376 2.71051E-20-5.42101E-20 0.00000E+00
 -1       377 5.42101E-20 0.00000E+00 0.00000E+00
 -1       378-2.71051E-20-1.08420E-19 1.08420E-19
 -1       379-5.42101E-20 0.00000E+00 1.08420E-19
 -1       384 2.71051E-20-4.33681E-19 8.67362E-19
 -1       385 0.00000E+00-2.16840E-19 8.67362E-19
 -1       386-2.71051E-20-2.16840E-19 8.67362E-19
 -1       387 0.00000E+00-4.33681E-19 8.67362E-19
 -1       392 5.42101E-20-8.67362E-19 8.67362E-19
 -1       393 0.00000E+00-4.33681E-19 8.67362E-19
 -1       394-2.71051E-20-4.33681E-19 8.67362E-19
 -1       395-5.42101E-19-8.67362E-19 1.73472E-18
 -1       400 2.71051E-20-1.73472E-18 8.67362E-18
 -1       401 4.33681E-19-1.73472E-18 1.73472E-18
 -1       402-2.71051E-20 0.00000E+00 1.73472E-18
 -1       403-6.50521E-19-1.73472E-18 1.73472E-18
 -1       408 3.38813E-21-3.70577E-22 1.69407E-21
 -1       409-3.38813E-21 3.17637E-22-1.69407E-21
 -1       410 6.75772E-21 5.29396E-23 5.08220E-21
 -1       411-3.82744E-32 6.67037E-21-5.08220E-21
 -1       412 0.00000E+00-3.36166E-21 0.00000E+00
 -1       413-1.69407E-21 1.85288E-22 1.69407E-21
 -1       414 0.00000E+00 3.36166E-21 0.00000E+00
 -1       415 1.69407E-21-1.85288E-22-1.69407E-21
 -1       416 2.71051E-20 1.08420E-19 0.00000E+00
 -1       417 0.00000E+00 1.08420E-19-5.42101E-20
 -1       418-2.71051E-20 2.16840E-19-5.42101E-20
 -1       419 5.42101E-20 1.08420E-19-2.71051E-20
 -1       424 1.08420E-19 0.00000E+00 0.00000E+00
 -1       425-2.16840E-19 0.00000E+00 0.00000E+00
 -1       426-1.08420E-19 0.00000E+00-1.08420E-19
 -1       427 1.08420E-19 4.33681E-19-2.16840E-19
 -1       428-2.71051E-20 0.00000E+00-1.08420E-19
 -1       429 0.00000E+00 1.30104E-18-2.16840E-19
 -1       430-2.71051E-20 4.33681E-19-1.08420E-19
 -1       431 0.00000E+00 4.33681E-19-1.08420E-19
 -1       432 1.08420E-19 0.00000E+00-4.33681E-19
 -1       433-1.08420E-19 0.00000E+00 0.00000E+00
 -1       434 0.00000E+00 8.67362E-19-4.33681E-19
 -1       435 1.08420E-19 1.73472E-18-2.16840E-19
 -1       440 0.00000E+00 3.46945E-18-3.46945E-18
 -1       441-1.08420E-19 1.73472E-18-4.33681E-19
 -1       442-5.42101E-20 0.00000E+00-8.67362E-19
 -1       443 1.08420E-19 7.83219E-18-4.33681E-19
 -1       444-5.42101E-20 1.73472E-18-1.30104E-18
 -1       445-1.08420E-19 1.73472E-18 0.00000E+00
 -1       446 2.71051E-20 1.73472E-18 0.00000E+00
 -1       447 1.08420E-19 1.73472E-18-4.33681E-19
 -1       448 3.38813E-21 2.11758E-22-2.71051E-20
 -1       449-1.35525E-20-2.11758E-22-1.35525E-20
 -1       450-3.38813E-21 0.00000E+00 0.00000E+00
 -1       451 1.35525E-20 8.67612E-21 4.06576E-20
 -1       457-5.08220E-21-6.35275E-22 0.00000E+00
 -1       458 0.00000E+00 4.23516E-22 6.77626E-21
 -1       459 1.69407E-21 2.11758E-22-3.38813E-21
 -1       460 3.38813E-21-7.36441E-21-3.38813E-21
 -1       466 4.06576E-20 1.27055E-21-1.69407E-21
 -1       467 0.00000E+00 4.23516E-22 1.35525E-20
 -1       468 0.00000E+00-1.69407E-21 1.69407E-21
 -1       469-1.35525E-20 4.37321E-20-1.35525E-20
 -1       475 1.52466E-20-8.20563E-22 8.47033E-21
 -1       476 6.77626E-21 8.47033E-22-6.77626E-21
 -1       477 5.08220E-21-2.64698E-23-1.69407E-21
 -1       478 0.00000E+00 1.35009E-20 0.00000E+00
 -3
    1PSTEP                         8           1           2          
    1PGM                1.000000E+00                                  
    1PGK                1.000000E+06                                  
    1PHID                         -1                                  
    1PSUBC                         0                                  
    1PMODE                         1                                  
  100CL  102 159.1549431         328                     2    2MODAL      1
 -4  STRESS      6    1
 -5  SXX         1    4    1    1
 -5  SYY         1    4    2    2
 -5  SZZ         1    4    3    3
 -5  SXY         1    4    1    2
 -5  SYZ         1    4    2    3
 -5  SZX         1    4    3    1
 -1         1-9.57748E-17-4.10466E-17-4.10463E-17-1.36818E-17 1.55030E-23 2.73662E-17
 -1         2-1.72741E-16-1.72743E-16-1.65901E-16 2.73656E-17-5.47307E-17 5.47314E-22
 -1         3-9.57774E-17-4.10477E-17-4.10474E-17 1.36825E-17 1.55030E-23-2.73645E-17
 -1         4 4.00387E-21 1.41233E-21 1.60595E-21-4.10474E-17 1.16550E-23-1.36824E-17
 -1         5-7.26866E-17-7.69560E-18 2.56653E-18-2.73652E-17 2.05240E-17-8.20959E-17
 -1         6-1.91556E-16-8.20959E-17-8.20957E-17 4.10478E-17 1.16550E-23 1.36829E-17
 -1         7-2.87332E-16-1.23143E-16-1.23143E-16-3.42030E-18-3.68302E-22-1.36820E-17
 -1         8-2.13768E-17 1.08607E-16 5.72968E-17-8.20961E-17-1.02622E-17 5.47310E-17
 -1         9 9.57788E-17 4.10476E-17 4.10474E-17 3.42028E-18-3.68302E-22 1.36830E-17
 -1        10-9.57761E-17-4.10474E-17-4.10474E-17-2.73648E-17-1.35929E-23 3.42052E-18
 -1        11-7.52523E-17 3.42074E-17-4.78886E-17-5.47306E-17-1.36827E-17 1.63704E-33
 -1        12-9.57767E-17-4.10477E-17-4.10476E-17 2.73649E-17-1.35929E-23-3.42052E-18
 -1        13-2.87333E-16-1.23143E-16-1.23143E-16 5.50303E-22 3.46406E-23-3.42088E-18
 -1        14-5.47283E-17 1.36834E-17 4.10488E-17 9.12189E-23 1.45379E-17-9.12189E-23
 -1        15 9.57803E-17 4.10482E-17 4.10483E-17-2.70804E-22 3.46406E-23 3.42060E-18
 -1        16-9.57757E-17-4.10473E-17-4.10476E-17-1.36822E-17-5.70294E-23-1.71051E-18
 -1        17-1.06038E-16-7.86748E-17-3.76269E-17 5.47308E-17 3.31374E-18 2.73652E-17
 -1        18-9.57776E-17-4.10481E-17-4.10484E-17 1.36826E-17-5.70294E-23 1.71015E-18
 -1        19-9.57758E-17-4.10482E-17-4.10480E-17-2.73646E-17-4.26888E-23-1.00880E-21
 -1        20-7.01217E-17 2.56549E-17-2.22343E-17 2.73656E-17 2.73653E-17-5.47314E-22
 -1        21-9.57784E-17-4.10493E-17-4.10491E-17 2.73654E-17-4.26888E-23-6.68189E-22
 -1        22 2.99704E-21 6.57779E-22 5.85524E-22-6.84101E-18 3.02966E-24 2.73647E-17
 -1        23-2.92337E-17 5.26468E-17 8.70672E-17-2.31112E-33-6.84134E-18 8.20957E-17
 -1        24-1.91556E-16-8.20961E-17-8.20962E-17 6.84101E-18 3.02966E-24-2.73658E-17
 -1        25-9.57751E-17-4.10465E-17-4.10473E-17-2.14031E-19 1.45050E-22-9.74593E-22
 -1        26-8.32695E-17-1.52851E-17-2.51200E-17-2.73656E-17-1.38964E-17-5.47314E-22
 -1        27-9.57777E-17-4.10476E-17-4.10484E-17 2.13277E-19 1.45050E-22-7.02396E-22
 -1        30-2.18925E-16-1.45948E-16-1.09456E-16 3.51191E-16-7.29679E-17-3.94503E-16
 -1        31 2.07975E-15 8.39207E-16 8.75715E-16-6.88692E-16-7.29679E-17 1.80139E-16
 -1        32 8.75648E-16 7.29628E-17-4.74327E-16-5.79232E-16-3.64806E-17-2.50951E-17
 -1        33 1.09464E-16-2.55409E-16-8.02715E-16 2.41731E-16-3.64806E-17-6.54483E-16
 -1        34-2.73652E-16-1.82477E-17 5.47213E-17 1.18584E-16-3.37501E-16-3.58031E-16
 -1        35 4.92563E-16 3.10137E-16 3.83122E-16-1.00340E-16-3.37501E-16 2.16656E-16
 -1        36 2.18879E-16 1.45931E-16 1.09455E-16-2.09801E-16-2.91892E-16 1.75367E-15
 -1        37-1.64182E-16-1.82441E-17-5.47372E-17 2.28046E-16-2.91892E-16-2.37850E-15
 -1        38 9.30415E-16 3.46630E-16 3.83130E-16-1.68751E-16-7.29679E-17-1.07182E-16
 -1        39 1.47770E-15 4.56085E-16 2.00694E-16-6.33962E-16-5.47242E-17 7.75221E-17
 -1        40 4.92556E-16-9.12230E-17-6.38521E-16-1.68751E-16-3.64806E-17-3.39789E-16
 -1        41-5.47308E-17-2.00678E-16-4.56085E-16 2.96461E-16-5.47242E-17-5.24493E-16
 -1        42 1.09456E-16 1.45945E-16 2.18922E-16 9.12239E-18-3.37501E-16-7.06878E-17
 -1        43 3.55721E-16 2.28034E-16 2.46288E-16-1.55070E-16-3.14697E-16 9.85161E-16
 -1        44 2.73484E-17 6.38437E-17 2.73587E-17 9.12239E-18-2.91892E-16-3.12416E-16
 -1        45-2.18917E-16-1.82459E-17-7.93923E-21 1.73315E-16-3.14697E-16-1.36827E-15
 -1        46-2.87343E-16-1.23145E-16-1.23141E-16 2.34890E-16-2.18917E-16-3.94511E-16
 -1        47 1.24511E-15 5.33628E-16 5.33648E-16-3.94515E-16-2.18917E-16 1.80155E-16
 -1        48 3.28337E-16-1.09474E-16-6.93251E-16-3.94515E-16-1.82430E-16 8.50604E-16
 -1        49-2.46288E-16-3.55749E-16-9.39542E-16 2.34890E-16-1.82430E-16-1.53017E-15
 -1        50 1.23144E-15 8.30072E-16 9.03031E-16 1.96118E-16-1.27699E-16 3.35220E-16
 -1        51-2.59972E-15-8.11847E-16-7.38872E-16 1.41385E-16-1.27699E-16-4.03607E-16
 -1        52-1.55987E-15-2.09823E-16 2.28025E-16-2.96459E-16-7.29682E-17 2.96797E-17
 -1        53 7.38883E-16 7.75350E-16 1.21318E-15 6.33962E-16-7.29682E-17-5.99768E-16
 -1        54-6.84138E-16 9.11266E-18 8.20796E-17 1.68752E-16-1.27699E-16-3.41934E-17
 -1        55-2.07979E-15-5.10835E-16-2.55423E-16-7.75367E-17-1.00334E-16-1.86964E-16
 -1        56-4.10494E-16 2.82763E-16 7.20604E-16 1.68752E-16-7.29682E-17-2.85044E-16
 -1        57 9.85163E-16 8.02711E-16 1.05811E-15 4.15040E-16-1.00334E-16-1.32274E-16
 -1        58 5.19949E-16 4.46959E-16 5.74649E-16 1.57349E-16-2.18918E-16 6.83837E-18
 -1        59-1.01253E-15-2.09810E-16-8.21041E-17 2.05218E-17-2.18918E-16-7.52333E-17
 -1        60-4.51570E-16 1.86975E-16 6.79555E-16-2.53131E-16-1.64187E-16 9.05355E-16
 -1        61 5.06279E-16 5.97475E-16 1.09004E-15 4.31003E-16-1.64187E-16-1.47545E-15
 -1        63-2.13794E-18-2.13794E-18-4.98854E-18 0.00000E+00-5.70118E-18 0.00000E+00
 -1        64-2.13794E-18-2.13794E-18-4.98854E-18 0.00000E+00-5.70118E-18 0.00000E+00
 -1        65-2.13794E-18-2.13794E-18-4.98854E-18 0.00000E+00-5.70118E-18 0.00000E+00
 -1        66-2.13794E-18-2.13794E-18-4.98854E-18 0.00000E+00-5.70118E-18 0.00000E+00
 -1        67 2.13701E-18 2.13813E-18 4.98848E-18-2.79758E-22 4.56096E-17 9.12182E-17
 -1        68-6.62773E-17-6.62761E-17-1.54645E-16-2.79758E-22 2.28048E-17 1.82437E-16
 -1        69 3.63441E-17 3.63453E-17 8.48051E-17-2.79758E-22 9.32527E-23 1.82437E-16
 -1        70 3.69864E-16-4.06208E-17 8.76557E-17 1.02621E-16-1.02621E-16-1.59634E-16
 -1        71-3.20701E-17-3.20690E-17-7.48282E-17-2.79758E-22 3.42072E-17 1.36828E-16
 -1        72-1.49666E-17-1.49654E-17-3.49198E-17-2.79758E-22 1.14025E-17 1.82437E-16
 -1        73 1.92406E-17 1.92417E-17 4.48968E-17-2.79758E-22 2.28048E-17 1.36828E-16
 -1        74 1.86000E-16-1.92413E-17 4.63221E-17 5.13104E-17-2.85058E-17-3.42079E-17
 -1        75 1.51793E-16-5.34485E-17-3.34945E-17 5.13104E-17-3.99082E-17 1.14016E-17
 -1        76 2.03104E-16-2.13776E-18 8.62304E-17 5.13104E-17-5.13106E-17 1.14016E-17
 -1        77 4.65620E-17 1.16246E-16 3.89604E-17 5.22631E-17-2.59704E-17-4.55693E-17
 -1        78 3.52521E-16 8.30150E-16 3.44919E-16 3.58222E-16 1.78002E-16 4.36687E-17
 -1        79 4.65620E-17 1.16246E-16 3.89604E-17 5.22631E-17-2.59704E-17-4.55693E-17
 -1        80 3.52521E-16 8.30150E-16 3.44919E-16 3.58222E-16 1.78002E-16 4.36687E-17
 -1        81 4.65620E-17 1.16246E-16 3.89604E-17 5.22631E-17-2.59704E-17-4.55693E-17
 -1        82 3.52521E-16 8.30150E-16 3.44919E-16 3.58222E-16 1.78002E-16 4.36687E-17
 -1        83 4.68295E-16 5.86308E-16 1.26371E-15-1.28260E-17-8.89077E-17 1.87788E-16
 -1        84-1.02899E-16 1.51184E-17-6.90525E-17-1.28295E-17 1.27734E-16 1.00368E-16
 -1        85-6.83332E-17 4.96820E-17 1.15956E-17-1.28279E-17 1.37106E-17-3.26586E-17
 -1        86 8.89469E-16 1.69410E-16-9.91809E-16 4.57520E-16 4.45042E-16 9.24719E-17
 -1        87-7.22901E-16-1.43089E-16 1.71822E-16-3.63451E-16-3.45997E-16-3.16351E-16
 -1        88-8.97126E-17-1.25629E-16 1.89757E-16 1.28273E-17-3.02526E-16-1.09446E-16
 -1        89 1.82698E-16 3.00713E-16 5.97331E-16-1.28278E-17 1.94132E-17 1.44078E-16
 -1        90-8.56163E-17 3.24002E-17-2.87284E-17-1.28287E-17 7.07223E-17 3.38549E-17
 -1        91 1.99981E-16 3.17995E-16 6.37655E-16-1.28270E-17-3.75985E-17 7.75648E-17
 -1        92 8.32839E-17 1.31605E-17-4.09994E-16 4.70344E-17 4.95225E-17-1.11940E-16
 -1        93-4.06307E-16-1.34359E-16 1.80789E-16-1.75312E-16-3.24261E-16-2.12899E-16
 -1        94 3.99878E-16 2.18905E-17-4.01026E-16 2.35174E-16 7.12580E-17-8.48712E-18
 -1        95 6.78882E-16 3.77859E-16 1.35953E-16 2.22347E-16 1.78067E-16 1.40130E-16
 -1        96-4.12900E-16-6.39852E-17 5.13846E-17-1.88140E-16-1.09131E-16-1.07991E-16
 -1        97-7.90229E-17-3.79734E-17 1.00676E-16-2.99312E-22-1.44408E-16-7.10523E-17
 -1       151 0.00000E+00 0.00000E+00 0.00000E+00 0.00000E+00 0.00000E+00 0.00000E+00
 -1       152 0.00000E+00 0.00000E+00 0.00000E+00 0.00000E+00 0.00000E+00 0.00000E+00
 -1       154 0.00000E+00 0.00000E+00 0.00000E+00 0.00000E+00 0.00000E+00 0.00000E+00
 -1       155 0.00000E+00 0.00000E+00 0.00000E+00 0.00000E+00 0.00000E+00 0.00000E+00
 -1       156-2.73657E-22 2.30968E-22-1.14316E-21-5.56076E-22 2.73654E-17 5.47283E-17
 -1       157 4.10494E-17 4.10493E-17 9.57788E-17 1.45590E-22-6.84103E-18 5.47288E-17
 -1       158 2.05267E-17 2.05257E-17 4.78901E-17 2.64895E-22 7.59858E-22 1.09460E-16
 -1       159 4.10487E-17 4.10484E-17 9.57783E-17 6.15278E-22 2.44561E-22 1.09460E-16
 -1       160 1.02626E-17 1.02626E-17 2.39452E-17 3.61000E-22-1.36821E-17 1.09460E-16
 -1       161-2.05240E-17-2.05237E-17-4.78888E-17 3.00843E-22-2.73645E-17-9.73302E-22
 -1       162 8.98596E-22 1.68845E-22-3.35780E-22 1.71384E-21 4.83280E-22 5.47288E-17
 -1       163 1.53482E-21 5.72084E-22 1.28049E-21 6.12807E-22-1.36817E-17-1.26156E-21
 -1       164-1.64190E-16-1.64191E-16-3.83113E-16 4.82381E-22-6.84019E-18 1.09461E-16
 -1       165-4.10484E-17-9.57788E-17-4.10493E-17 2.05236E-17 5.47308E-17 8.20936E-17
 -1       166 1.26565E-16 5.81521E-17 1.26564E-16 4.10481E-17-2.73651E-17 6.15701E-17
 -1       167 1.71035E-16 6.84232E-18 8.89376E-17-1.02620E-16-2.73647E-17 9.57770E-17
 -1       168 2.05243E-17-6.84123E-18 7.52540E-17-1.36823E-17 1.96031E-22 8.89355E-17
 -1       169-1.86426E-16-8.38059E-17-6.32819E-17-4.10478E-17-2.73649E-17 8.89358E-17
 -1       170-4.08770E-16-1.96688E-16-2.17212E-16-1.36825E-17-8.89367E-17-2.05253E-17
 -1       171-1.91557E-16-8.20961E-17-8.20966E-17-6.84123E-17-2.73650E-17 5.47287E-17
 -1       172 9.57799E-17 4.10485E-17 4.10492E-17-1.12882E-16-2.05233E-17-5.47322E-17
 -1       173 2.49710E-16 7.18349E-17-1.88135E-16 1.16303E-16-1.02619E-16-9.81164E-22
 -1       174-2.05198E-17-7.52532E-17 6.84119E-18 2.05248E-17-4.10477E-17 1.91560E-16
 -1       175 1.26562E-16 5.81503E-17 1.26562E-16 4.10482E-17-1.36826E-17-4.78888E-17
 -1       176 1.71025E-16 6.83843E-18 8.89335E-17-1.02621E-16 5.58996E-22-1.36821E-17
 -1       177 1.02620E-16 7.52542E-17 2.66811E-16-1.36820E-17-1.36821E-17-1.29984E-16
 -1       178-2.06954E-16-1.04332E-16-1.11175E-16-4.10474E-17-1.36821E-17-1.29984E-16
 -1       179-3.88251E-16-1.76167E-16-1.69326E-16-1.36831E-17-6.84079E-18 1.98400E-16
 -1       180-1.50515E-16-4.10511E-17 1.36788E-17-6.84127E-17-3.42058E-17-1.64189E-16
 -1       181 7.52494E-17 2.05212E-17-6.84530E-18-1.12881E-16 3.42157E-18 5.47326E-17
 -1       182 4.95992E-16 3.18120E-16 3.86533E-16 1.16303E-16-8.89370E-17-2.18922E-16
 -1       183-7.04655E-16-2.12080E-16-2.39448E-16-1.77875E-16 2.73657E-17 2.05242E-16
 -1       184-1.71034E-16-8.89374E-17-6.84311E-18 3.42069E-17-4.78893E-17-4.78890E-17
 -1       185 4.03635E-16 1.84715E-16 2.12080E-16 1.36826E-16-1.36823E-17-2.73648E-17
 -1       186 1.48799E-16 1.83006E-16 3.12990E-16-1.64191E-16-6.84078E-18-2.18921E-16
 -1       187 3.70285E-16 1.47943E-16 1.37679E-16 7.52553E-17-3.42061E-17-1.71032E-16
 -1       188 7.45702E-16 2.80493E-16 3.07858E-16-1.36828E-17 1.36832E-17 2.05241E-16
 -1       189 8.17537E-16 3.93375E-16 4.34422E-16-1.06039E-16-8.89366E-17-2.05237E-16
 -1       190 1.86423E-16 9.74870E-17 4.95966E-17 1.12883E-16-3.41978E-18 6.84151E-17
 -1       191-3.42069E-16-1.77876E-16-1.36840E-17-2.15502E-16-3.42062E-17-1.50509E-16
 -1       192-4.10455E-17-4.10469E-17-9.57765E-17-2.38720E-22 1.61093E-22-2.73653E-17
 -1       193-1.02606E-17-1.02615E-17-2.39433E-17 1.61093E-22-1.36824E-17-2.73651E-17
 -1       194 5.13125E-18 5.13067E-18 1.19727E-17 5.60907E-22-2.73650E-17 6.53586E-22
 -1       195-4.10459E-17-4.10470E-17-9.57765E-17-3.34769E-23 1.04812E-22 2.73654E-17
 -1       196-1.53919E-17-1.53924E-17-3.59157E-17 9.17103E-23-3.42043E-18-2.73652E-17
 -1       197 3.91364E-23-6.37097E-23 3.54077E-22 2.13864E-22-1.36823E-17-5.47303E-17
 -1       198-4.10451E-17-4.10466E-17-9.57761E-17 1.23236E-22 6.84138E-18-7.76260E-23
 -1       199-2.05220E-17-2.05228E-17-4.78875E-17-3.83355E-23 1.48961E-22-1.36825E-17
 -1       200 1.02630E-17 1.02628E-17 2.39456E-17-2.05973E-22-2.73651E-17-1.70983E-18
 -1       201-4.10462E-17-4.10470E-17-9.57767E-17 4.10479E-17 1.48961E-22-6.84114E-18
 -1       202 5.30215E-17 4.61795E-17 1.19736E-17-1.36826E-17-1.71031E-17-1.19720E-17
 -1       203 1.21434E-16 9.40682E-17 7.35448E-17-6.84130E-17-3.07856E-17 1.02627E-17
 -1       204-2.27473E-16-1.11171E-16-1.72742E-16 1.02620E-17 9.26793E-23 4.44689E-17
 -1       205-1.48798E-16-5.30198E-17-8.72258E-17 5.98624E-23-6.84110E-18-1.36824E-17
 -1       206-9.57786E-17-4.10480E-17-4.10476E-17-1.11170E-17-1.19720E-17-4.44682E-17
 -1       207-7.86732E-17-3.76262E-17-1.06038E-16-3.42066E-17 6.84137E-18 1.36827E-17
 -1       208-1.83846E-17-9.83347E-18-4.40395E-17-3.42069E-18-3.42052E-18 3.42089E-18
 -1       209 3.16419E-17-1.96683E-17 2.13800E-17 2.56549E-17-2.05238E-17 1.88143E-17
 -1       210 5.19816E-15 2.22911E-15 2.23182E-15 8.75690E-15 1.64382E-18 4.48343E-13
 -1       211-6.65042E-13-6.73700E-13-1.56734E-12 1.93611E-15-4.61704E-13-4.82684E-15
 -1       212 6.95442E-13 6.98610E-13 1.58393E-12-1.17774E-14-1.53077E-15-4.50331E-13
 -1       213-6.62096E-13-6.68061E-13-1.56478E-12 7.22449E-15 2.24172E-13-8.27826E-18
 -1       214 6.72538E-13 6.66901E-13 1.56754E-12-1.78215E-15-2.39449E-13-3.40997E-15
 -1       215-4.34976E-15-1.55846E-15-1.79396E-15-6.95595E-15-2.30417E-13-7.93452E-15
 -1       216-3.02774E-14-1.29825E-14-1.29977E-14 4.81640E-15 4.48342E-13-4.48364E-13
 -1       217 1.32918E-12 1.33137E-12 3.12959E-12-1.10830E-14-1.09535E-14-4.37023E-13
 -1       218 6.70049E-13 6.55819E-13 1.56345E-12-1.24239E-14-4.49998E-13-4.41801E-13
 -1       219-1.16829E-14-5.00566E-15-5.00294E-15-4.59747E-15-4.48350E-13-8.90020E-18
 -1       220-6.71382E-13-6.81890E-13-1.57170E-12 2.58303E-15 4.35004E-13 2.19351E-13
 -1       221 6.98331E-13 6.86400E-13 1.58113E-12-5.91774E-15-4.49883E-13 4.46377E-13
 -1       222-6.74031E-13-6.73176E-13-1.56989E-12-8.04543E-15 2.24174E-13 8.96702E-13
 -1       223 6.60444E-13 6.65158E-13 1.56339E-12 3.17441E-15 4.33084E-13 2.20768E-13
 -1       224-2.02967E-14-8.54925E-15-8.67529E-15 6.33516E-15-2.30414E-13-4.56289E-13
 -1       225 9.37504E-15 4.01142E-15 3.99626E-15-6.12977E-15 8.96698E-13 4.48349E-13
 -1       226 1.34711E-12 1.35141E-12 3.14098E-12 2.83536E-15 4.37403E-13-2.12845E-13
 -1       227 6.60184E-13 6.64727E-13 1.56316E-12 1.13635E-14-1.64164E-15-8.90158E-13
 -1       251 1.22689E-17 3.33448E-18-2.16091E-18 7.13321E-17 6.10154E-17 2.28781E-15
 -1       253-1.11222E-15-5.50515E-16-5.56011E-16-1.42656E-16 8.16378E-17 1.13597E-15
 -1       254-1.01420E-14-1.08959E-14-2.21214E-14 2.49653E-16-9.65781E-16-1.70851E-15
 -1       256-1.14306E-14-1.09185E-14-2.25541E-14-5.70624E-16 1.81054E-16-1.71519E-15
 -1       257 2.67918E-15 1.98485E-15 1.53883E-15-2.85307E-16 5.06979E-15-5.99012E-15
 -1       259 1.53314E-16 3.14931E-16 1.54217E-16-2.85310E-16 9.62367E-15-4.85163E-15
 -1       260 9.99660E-16 4.33483E-16 2.06124E-16 2.67452E-17-2.08857E-17 1.71915E-15
 -1       262-3.15208E-15-1.43574E-15-1.30646E-15 1.78273E-17-1.47519E-17 1.70466E-15
 -1       263 8.98541E-16 2.49618E-16 2.53160E-16 4.54717E-16-1.16047E-15-3.35119E-15
 -1       265-8.80939E-16-9.43741E-17-1.95595E-16-8.91815E-18-1.64448E-17-1.07106E-15
 -1       266 4.55678E-14 4.50959E-14 9.06191E-14 6.24110E-17 4.27970E-15-3.00057E-15
 -1       268 4.55722E-14 4.50824E-14 9.06457E-14-1.42659E-16-2.56782E-15 1.57417E-15
 -1       269 3.05096E-15 1.24991E-15 9.52263E-16-8.92616E-18-3.14603E-17-1.12978E-15
 -1       271-7.54630E-16-2.73163E-16 1.42474E-16 7.13183E-17-3.98150E-17-1.13776E-17
 -1       272 1.18694E-14 1.12542E-14 2.25577E-14 4.99291E-16-2.04170E-15-7.13096E-16
 -1       274 1.01614E-14 1.08657E-14 2.23698E-14 5.26039E-16-9.00478E-16-7.56089E-15
 -1       275-1.34240E-13-1.33955E-13-2.70677E-13 8.02353E-17 4.54170E-15 3.69800E-15
 -1       277-1.33955E-13-1.33420E-13-2.70347E-13 5.34869E-17-1.37072E-14-1.11160E-14
 -1       278 2.20367E-15 1.06016E-15 1.01791E-15 7.13345E-17 6.46545E-17 2.27583E-15
 -1       279 3.02490E-17-2.06294E-18-4.99804E-17-1.60494E-16 3.56137E-17 2.58423E-20
 -1       280-1.15938E-15-5.79832E-16-6.33615E-16-2.67481E-16 6.73095E-18-3.41713E-15
 -1       281 1.03409E-14 1.04479E-14 2.20382E-14-1.87240E-15-1.51576E-15-9.05779E-15
 -1       282-1.29702E-14-1.23817E-14-2.35440E-14-1.15019E-15 2.01506E-15-2.56782E-15
 -1       283-3.62849E-14-3.51080E-14-6.90968E-14-3.03152E-16 1.01110E-14 1.63941E-15
 -1       284 4.52222E-14 4.44354E-14 9.03018E-14 3.56605E-17-3.60571E-14 1.80463E-14
 -1       285-4.08661E-14-4.25089E-14-8.82274E-14 2.58577E-16-1.31603E-14 1.19834E-14
 -1       286-1.29259E-13-1.32397E-13-2.68495E-13 1.15910E-15 5.17137E-15 2.49645E-15
 -1       287 1.68969E-15 8.37085E-16 8.33456E-16-5.34978E-17-6.85491E-17-3.42384E-15
 -1       288-1.66978E-15-7.96548E-16-8.13631E-16-3.56666E-17-3.56535E-17-3.42381E-15
 -1       289-4.46763E-15-2.15389E-15-2.18506E-15 1.42657E-16-2.79143E-18-3.41140E-20
 -1       290-7.70815E-14-7.74738E-14-1.57256E-13 7.30571E-16-2.15769E-15 7.13279E-16
 -1       291-9.91736E-15-1.04256E-14-2.18909E-14 8.10818E-16-2.67508E-16 6.13435E-15
 -1       292 5.76508E-14 5.65274E-14 1.13572E-13 7.13295E-16 7.66814E-16 6.99031E-15
 -1       293 1.76600E-13 1.76814E-13 3.59488E-13 2.11726E-17-5.43771E-15 2.38953E-15
 -1       294-1.11116E-16 6.91342E-16 1.93723E-16-3.28784E-16-6.85325E-15 6.56229E-15
 -1       295-1.76680E-13-1.76109E-13-3.59284E-13-9.27286E-16-4.84479E-15-1.81892E-15
 -1       296 6.05268E-17 5.60655E-17 1.27350E-16-1.93019E-21 6.12723E-17-5.60612E-16
 -1       297-4.18725E-17-4.41098E-17 6.09253E-17 1.06998E-16 3.57306E-17 1.14129E-15
 -1       298-4.82966E-18-7.61490E-17 6.15555E-17 1.42657E-16 9.96388E-18-1.00223E-17
 -1       299 5.07971E-14 5.00481E-14 1.01583E-13-2.31824E-16 2.92455E-15-5.77935E-15
 -1       300-5.12324E-15-4.58827E-15-1.07930E-14-5.52803E-16 1.64051E-15-5.42108E-15
 -1       301-6.13564E-14-6.00725E-14-1.23556E-13-9.98612E-16-5.92035E-15-3.92142E-15
 -1       302-6.63917E-14-6.63181E-14-1.34869E-13 1.06998E-16 3.77691E-14 1.12701E-14
 -1       303-2.24282E-14-2.26043E-14-4.52162E-14 5.79553E-16 1.45868E-14 5.70629E-15
 -1       304 2.18757E-14 2.15903E-14 4.46995E-14 8.55957E-16 2.81762E-15 5.27843E-15
 -1       305-3.39433E-15-4.64370E-15-1.02418E-14-7.84628E-16-2.15108E-15-1.10782E-15
 -1       307-2.90032E-14-2.86242E-14-5.69643E-14-5.52807E-16 5.91362E-15 2.51909E-16
 -1       308-1.12494E-14-1.14277E-14-2.26614E-14-4.37310E-16-1.38202E-15-6.53441E-15
 -1       310 3.37535E-14 3.40744E-14 6.79213E-14 3.11510E-16 1.47115E-15 5.38431E-15
 -1       311-2.71632E-14-2.74825E-14-5.59802E-14 3.03150E-16-1.45946E-15-5.70627E-16
 -1       313 3.87591E-14 3.87480E-14 7.87039E-14 5.70634E-16 7.46181E-16-2.85304E-16
 -1       314 3.89309E-16 1.04000E-16-7.41610E-17 9.19175E-18 4.69810E-18-9.47312E-16
 -1       316-3.26537E-15-1.69611E-15-1.87435E-15-3.67849E-17 9.15798E-18 2.16241E-16
 -1       317 5.41043E-14 5.45122E-14 1.11740E-13-7.48954E-16-1.66376E-14 1.49798E-15
 -1       319-5.57644E-14-5.61567E-14-1.12826E-13 6.95470E-16 9.79003E-15 2.14050E-16
 -1       320 1.78854E-13 1.77929E-13 3.60603E-13 1.00364E-17-6.17554E-15 4.08369E-15
 -1       322-8.55184E-14-8.75157E-14-1.78531E-13 2.67490E-16 1.61052E-15-1.23040E-15
 -1       323 7.80166E-14 7.76421E-14 1.57622E-13 4.46927E-16-3.33136E-15-1.37310E-15
 -1       325-3.30392E-14-3.28430E-14-6.72757E-14-7.13271E-17-2.28594E-15 4.22628E-15
 -1       326 6.27904E-15 5.74407E-15 1.15585E-14 9.72430E-17-1.05214E-15-6.73344E-15
 -1       328 1.68296E-14 1.65087E-14 3.37716E-14-2.54110E-16 4.10117E-16 1.32122E-15
 -1       329 2.87808E-14 2.81722E-14 5.67423E-14-2.85314E-16 2.22577E-15 2.53010E-16
 -1       331-2.85053E-14-2.76137E-14-5.64662E-14 1.42662E-16-3.08160E-15 3.23400E-17
 -1       332 1.29794E-15 7.27300E-16 9.05991E-16-1.83876E-17 3.85038E-17-2.72499E-15
 -1       334-1.37274E-15-5.88121E-16-4.09452E-16-8.02418E-17 4.51856E-17 1.24494E-15
 -1       335 1.32293E-13 1.32504E-13 2.69532E-13 3.67781E-17 1.77753E-15-2.44313E-15
 -1       337-8.45908E-16 1.00510E-17-2.73531E-16-2.99207E-23-2.27712E-15-1.55154E-15
 -1       338 5.45574E-15 5.36881E-15 1.11638E-14-1.06996E-16 1.80106E-14 3.55591E-17
 -1       340-5.67520E-15-5.81786E-15-1.13797E-14-2.85318E-16-5.31422E-15-6.06398E-16
 -1       341-2.08819E-16-1.86667E-16-4.46118E-16 1.62103E-18 5.18945E-17-3.71506E-18
 -1       343-2.51821E-16-2.73973E-16-4.89120E-16 2.36501E-19 7.54641E-18-3.71506E-18
 -1       344-2.51821E-16-2.73973E-16-4.89120E-16 2.36501E-19 7.54641E-18-3.71506E-18
 -1       346-2.08819E-16-1.86667E-16-4.46118E-16 1.62103E-18 5.18945E-17-3.71506E-18
 -1       347-2.08819E-16-1.86667E-16-4.46118E-16 1.62103E-18 5.18945E-17-3.71506E-18
 -1       349-2.51821E-16-2.73973E-16-4.89120E-16 2.36501E-19 7.54641E-18-3.71506E-18
 -1       350-4.44366E-16-5.23868E-16-8.22695E-16-9.80774E-17 1.17923E-16 3.22362E-17
 -1       351-4.30161E-16-4.72513E-16-8.01061E-16-5.34969E-17 1.16530E-16 3.46742E-17
 -1       352-4.15957E-16-4.21158E-16-7.79426E-16-8.91634E-18 1.15136E-16 3.71122E-17
 -1       353 1.23549E-16 1.62928E-16 2.11461E-16-8.91580E-18-1.17984E-16 7.54239E-17
 -1       354 1.20161E-16 1.33536E-16 2.00644E-16 9.65942E-18-2.35288E-18 7.18250E-17
 -1       355 1.16774E-16 1.04143E-16 1.89827E-16 2.82346E-17 1.13278E-16 6.82260E-17
 -1       356 7.72460E-15 7.70454E-15 1.59429E-14 2.08043E-17-6.12084E-16-6.23471E-16
 -1       357 2.33932E-15 2.29697E-15 4.79188E-15-1.82036E-17 2.73677E-17-1.47364E-16
 -1       358-3.04597E-15-3.11061E-15-6.35916E-15-5.72116E-17 6.66820E-16 3.28742E-16
 -1       359-1.60409E-16-1.80470E-16-3.05617E-16-5.34966E-17-3.04710E-20 5.38301E-17
 -1       361-1.49591E-16-1.58507E-16-2.94800E-16 9.65915E-18 1.14207E-16 5.26691E-17
 -1       362 3.92408E-15 3.93373E-15 8.07719E-15 5.94426E-18-3.65034E-16-2.74023E-16
 -1       364-1.46460E-15-1.50323E-15-3.08466E-15-1.44885E-17 3.90049E-16 1.98484E-16
 -1       365 3.64012E-15 3.59034E-15 7.56011E-15-3.86365E-17-2.47081E-16-2.95617E-16
 -1       367-1.73096E-15-1.76588E-15-3.56929E-15-3.30640E-17 3.90978E-16 1.82927E-16
 -1       368 1.73075E-15-1.52560E-15-2.94595E-16 1.54275E-15 5.47360E-16 1.28327E-16
 -1       369 2.94852E-15-3.15384E-15-2.19649E-15 3.73881E-15 6.84140E-16-1.17962E-16
 -1       370-3.57822E-15-3.05823E-15-1.27982E-15-1.02435E-17 5.47315E-16 3.51139E-15
 -1       371-4.79599E-15-1.42998E-15 6.22078E-16 3.32149E-15 4.10535E-16 3.48402E-15
 -1       376 2.10060E-14 2.97217E-14 3.65630E-14-4.92905E-15 4.37849E-15 4.87157E-15
 -1       377 1.82421E-14 2.61915E-14 3.46748E-14-1.18682E-15-9.03056E-15 4.74843E-15
 -1       378-1.35152E-15-1.87972E-14 1.81461E-14-1.30996E-15-8.75691E-15 4.82881E-15
 -1       379 1.41240E-15-1.52670E-14 2.00343E-14-4.91537E-15 4.65214E-15 4.81513E-15
 -1       384 2.79378E-14 6.30277E-14 2.62216E-14-1.62056E-14 3.87882E-19 1.35655E-14
 -1       385 2.19036E-14 5.77050E-14 2.28142E-14-1.00650E-14-2.73290E-16 1.35656E-14
 -1       386 2.61999E-14 6.02498E-14 2.70010E-14-8.31354E-15 2.40351E-19 1.18292E-14
 -1       387 5.24133E-17 5.17804E-14 1.66163E-14-1.70812E-14 2.73919E-16 2.58402E-14
 -1       392 1.57766E-13 2.28281E-13 2.97606E-13-2.60531E-14 1.61969E-18 7.88061E-14
 -1       393 7.65112E-14 1.32091E-13 6.22311E-14-2.95537E-14-3.40201E-16 1.26913E-14
 -1       394 5.24025E-14 1.21994E-13 5.26809E-14 4.44424E-14-7.00526E-14 1.27026E-14
 -1       395 1.21398E-13 2.12929E-13 2.82802E-13 1.99209E-14-6.97108E-14-3.32709E-14
 -1       400-8.43669E-13-8.41808E-13-1.96279E-12 4.36947E-15-5.60440E-13 1.97454E-13
 -1       401 4.89460E-14 2.08285E-14 2.09402E-14-9.62437E-15-4.20466E-13-9.20961E-15
 -1       402 2.10073E-13 4.90200E-13 2.10090E-13 6.39340E-14 1.40114E-13-9.18271E-15
 -1       403-6.42698E-13-3.55360E-13-1.75656E-12 2.18837E-14 1.40097E-16-5.47181E-14
 -1       408-2.93041E-15-4.64865E-15-3.69640E-15 6.47589E-15-7.83991E-16-3.55781E-16
 -1       409 1.53537E-14 1.02838E-14 9.11409E-15 6.44262E-15-2.95055E-16-3.69269E-15
 -1       410-1.12850E-15-1.54474E-15 6.21077E-16 1.56458E-14 7.99094E-16-8.66266E-17
 -1       411 4.50547E-15-6.82667E-17-9.22386E-17-8.69534E-16 2.46795E-15 1.72437E-15
 -1       412 7.74765E-15 3.48250E-15 3.36939E-15 6.51401E-15-2.69493E-16-4.04882E-15
 -1       413 1.69065E-14 9.34403E-15 9.29826E-15 3.17892E-14 2.52563E-16-4.51703E-15
 -1       414 3.50573E-16-1.37327E-15-3.06712E-16 1.08918E-14 1.90355E-15 1.42139E-15
 -1       415-4.93440E-15-4.03361E-15-4.11329E-15 6.08798E-15 8.42523E-16 6.84030E-16
 -1       416 1.84843E-15-2.61984E-15-5.92317E-15 2.19577E-15 1.25967E-14-1.53524E-14
 -1       417-5.06647E-14-4.26882E-14-9.63108E-14-6.57237E-15 2.32063E-13 2.35634E-14
 -1       418-6.50988E-15-5.53285E-14 4.97539E-14-1.64371E-15-2.12359E-13-2.97484E-14
 -1       419 6.85261E-14 1.52597E-13 6.06448E-14-4.59373E-15-2.79211E-14 1.62826E-14
 -1       424-1.69824E-14-2.22924E-14-5.73211E-14-4.90431E-14 7.00537E-14-2.10032E-14
 -1       425-1.01244E-13-9.59400E-14-2.18536E-13-5.25398E-14 4.55368E-13 6.65400E-14
 -1       426-8.71613E-14-3.00069E-13-2.32618E-15 1.22601E-14-4.29099E-13-4.89985E-14
 -1       427 2.93347E-14 9.76387E-14-7.44593E-15-3.69356E-14-8.75850E-15 3.23601E-14
 -1       428-3.94044E-14-3.94012E-14-9.19467E-14-5.77696E-14 2.80228E-13 2.36441E-14
 -1       429 3.64889E-14 1.08219E-13 2.06456E-14 8.75892E-15 2.07026E-18 1.40250E-14
 -1       430-9.10875E-15-8.14590E-14 4.11367E-14-2.99560E-14-2.01412E-13-7.44354E-15
 -1       431 1.39071E-13 3.44841E-13 9.96374E-14-5.26993E-14 1.75150E-14 1.79383E-14
 -1       432 1.77775E-13-9.89401E-14 7.06703E-13 4.29095E-14-3.34862E-13-6.48022E-14
 -1       433 2.81982E-13 5.58711E-13 3.66050E-13 6.13016E-15 3.67801E-13 2.36443E-14
 -1       434 2.03248E-13 6.96089E-13-2.61855E-14-4.37852E-15-4.11581E-13-2.53955E-14
 -1       435-9.22628E-13-1.69743E-12-1.37799E-12 1.06379E-13 8.34020E-13 5.25450E-15
 -1       440 4.54490E-13-3.75682E-13 1.93618E-12 1.59378E-13-4.57467E-13-1.13842E-13
 -1       441 4.66752E-13 7.50482E-13 8.20536E-13 7.53102E-14 1.75137E-13-2.53953E-14
 -1       442-2.74896E-13-1.21835E-13-7.56537E-13-6.91812E-14-6.65540E-13-2.62713E-15
 -1       443-2.37384E-12-5.04855E-12-2.86423E-12 2.61341E-13 1.79272E-12-1.92653E-14
 -1       444 4.59096E-13 1.86758E-13 1.37771E-12 1.03333E-13-2.47291E-13-5.73586E-14
 -1       445 6.64746E-13 1.66199E-12 6.06950E-13-1.05088E-14-3.15252E-13-8.75419E-16
 -1       446-1.32283E-12-2.58452E-12-1.80972E-12 5.73396E-14 4.57465E-13-1.31329E-15
 -1       447-3.70933E-13-1.35591E-12 1.19463E-13 1.37029E-13 5.97577E-13-4.20337E-14
 -1       448 1.55447E-15 1.45891E-15 2.92990E-15 5.80124E-17 9.04725E-16-6.56764E-16
 -1       449 1.07785E-16 1.14542E-16 3.02756E-16 1.75072E-16 7.89556E-16 6.04365E-17
 -1       450-2.89376E-16-5.94336E-16-2.10358E-16 1.21618E-16-1.84848E-16-5.29751E-17
 -1       451 4.24080E-16 2.50663E-16 1.63679E-15 8.29147E-17 2.43491E-17-1.02742E-15
 -1       457-4.06437E-16-1.54097E-16-2.19343E-16 2.20783E-16 1.87112E-16-3.58705E-17
 -1       458 1.36580E-16 1.36722E-16 1.18911E-16 9.47822E-17 1.12035E-16 1.54141E-16
 -1       459 4.96992E-16 7.25065E-16 5.63815E-16-2.83681E-17-1.45077E-17 1.24592E-16
 -1       460 2.46496E-17 4.17221E-16 1.03299E-16 5.07994E-17 1.16769E-16-7.41891E-17
 -1       466 2.94785E-15 1.46379E-15 1.61485E-15-1.80475E-15 2.18693E-16-3.32214E-16
 -1       467-2.99403E-16-1.31290E-16 2.85423E-17-1.16841E-15-3.29213E-16 2.55831E-16
 -1       468-2.00872E-15-3.50423E-15-1.79672E-15-2.13132E-16-2.94885E-16 1.42420E-16
 -1       469 5.05312E-16-2.40852E-15-9.90414E-16-7.71119E-16 3.47049E-16-7.02875E-16
 -1       475 8.80794E-16 7.11586E-16 1.02541E-15-3.61551E-16-4.38373E-16 3.42693E-16
 -1       476-1.91576E-16-3.17834E-17-1.54861E-16-1.77176E-16-2.54802E-16-5.99954E-20
 -1       477-6.15438E-16-1.03575E-15-4.94230E-16 7.79485E-17-3.07033E-18-2.96088E-17
 -1       478 5.27606E-16-3.09409E-16 5.63774E-16-1.53261E-16-1.30440E-16 3.04374E-16
 -3
    1PSTEP                         9           1           2          
    1PGM                1.000000E+00                                  
    1PGK                1.000000E+06                                  
    1PHID                         -1                                  
    1PSUBC                         0                                  
    1PMODE                         1                                  
  100CL  102 159.1549431         328                     2    2MODAL      1
 -4  TOSTRAIN    6    1
 -5  EXX         1    4    1    1
 -5  EYY         1    4    2    2
 -5  EZZ         1    4    3    3
 -5  EXY         1    4    1    2
 -5  EYZ         1    4    2    3
 -5  EZX         1    4    3    1
 -1         1-3.38795E-22-1.20170E-27 6.78740E-28-8.46967E-23 9.59709E-29 1.69410E-22
 -1         2-3.38800E-22-3.38810E-22-2.96458E-22 1.69406E-22-3.38809E-22 3.38813E-27
 -1         3-3.38804E-22-1.20170E-27 6.78740E-28 8.47014E-23 9.59709E-29-1.69399E-22
 -1         4 1.47542E-26-1.28863E-27-9.00587E-29-2.54103E-22 7.21501E-29-8.47004E-23
 -1         5-3.38800E-22 6.35259E-23 1.27053E-22-1.69404E-22 1.27053E-22-5.08213E-22
 -1         6-6.77614E-22-1.28863E-27-9.00587E-29 2.54105E-22 7.21501E-29 8.47038E-23
 -1         7-1.01641E-21-1.37556E-27-2.28588E-27-2.11733E-23-2.27996E-27-8.46981E-23
 -1         8-3.38800E-22 4.65862E-22 1.48227E-22-5.08214E-22-6.35282E-23 3.38811E-22
 -1         9 3.38811E-22-1.37556E-27-2.28588E-27 2.11731E-23-2.27996E-27 8.47040E-23
 -1        10-3.38799E-22-1.82620E-27-1.46596E-27-1.69401E-22-8.41465E-29 2.11746E-23
 -1        11-3.38800E-22 3.38808E-22-1.69405E-22-3.38809E-22-8.47023E-23 3.08567E-38
 -1        12-3.38801E-22-1.82620E-27-1.46596E-27 1.69402E-22-8.41465E-29-2.11746E-23
 -1        13-1.01642E-21-1.74746E-27-1.26151E-27 3.40664E-27 2.14442E-28-2.11769E-23
 -1        14-3.38800E-22 8.47011E-23 2.54106E-22 5.64689E-28 8.99963E-23-5.64689E-28
 -1        15 3.38816E-22-1.74746E-27-1.26151E-27-1.67641E-27 2.14442E-28 2.11751E-23
 -1        16-3.38796E-22-1.66872E-27-3.16003E-27-8.46991E-23-3.53039E-28-1.05889E-23
 -1        17-3.38800E-22-1.69406E-22 8.47002E-23 3.38810E-22 2.05136E-23 1.69404E-22
 -1        18-3.38803E-22-1.66872E-27-3.16003E-27 8.47015E-23-3.53039E-28 1.05866E-23
 -1        19-3.38795E-22-5.15452E-27-3.61067E-27-1.69400E-22-2.64264E-28-6.24495E-27
 -1        20-3.38800E-22 2.54103E-22-4.23535E-23 1.69406E-22 1.69404E-22-3.38813E-27
 -1        21-3.38804E-22-5.15452E-27-3.61067E-27 1.69405E-22-2.64264E-28-4.13641E-27
 -1        22 1.24955E-26-1.98567E-27-2.43296E-27-4.23491E-23 1.87551E-29 1.69400E-22
 -1        23-3.38800E-22 1.68080E-22 3.81159E-22-1.17549E-38-4.23511E-23 5.08211E-22
 -1        24-6.77612E-22-1.98567E-27-2.43296E-27 4.23491E-23 1.87551E-29-1.69407E-22
 -1        25-3.38795E-22 1.18318E-27-4.03418E-27-1.32495E-24 8.97929E-28-6.03319E-27
 -1        26-3.38800E-22 8.20561E-23 2.11729E-23-1.69406E-22-8.60252E-23-3.38813E-27
 -1        27-3.38804E-22 1.18318E-27-4.03418E-27 1.32029E-24 8.97929E-28-4.34817E-27
 -1        30-6.77638E-22-2.25874E-22 2.77216E-26 2.17404E-21-4.51706E-22-2.44216E-21
 -1        31 7.45370E-21-2.25874E-22 1.27570E-25-4.26333E-21-4.51706E-22 1.11515E-21
 -1        32 4.74313E-21-2.25874E-22-3.61386E-21-3.58572E-21-2.25832E-22-1.55350E-22
 -1        33 2.03286E-21-2.25874E-22-3.61396E-21 1.49643E-21-2.25832E-22-4.05156E-21
 -1        34-1.35521E-21 2.25865E-22 6.77577E-22 7.34094E-22-2.08929E-21-2.21638E-21
 -1        35 1.35517E-21 2.25865E-22 6.77677E-22-6.21150E-22-2.08929E-21 1.34120E-21
 -1        36 6.77442E-22 2.25865E-22 5.51265E-26-1.29877E-21-1.80695E-21 1.08560E-20
 -1        37-6.77559E-22 2.25865E-22-4.47217E-26 1.41171E-21-1.80695E-21-1.47240E-20
 -1        38 3.38803E-21-2.25874E-22 7.76457E-26-1.04465E-21-4.51706E-22-6.63508E-22
 -1        39 6.09842E-21-2.25874E-22-1.80686E-21-3.92453E-21-3.38769E-22 4.79898E-22
 -1        40 3.38799E-21-2.25874E-22-3.61391E-21-1.04465E-21-2.25832E-22-2.10346E-21
 -1        41 6.77611E-22-2.25874E-22-1.80696E-21 1.83524E-21-3.38769E-22-3.24686E-21
 -1        42-2.12164E-26 2.25865E-22 6.77627E-22 5.64719E-23-2.08929E-21-4.37591E-22
 -1        43 1.01630E-21 2.25865E-22 3.38866E-22-9.59960E-22-1.94812E-21 6.09862E-21
 -1        44-5.86595E-26 2.25865E-22 5.20238E-27 5.64719E-23-1.80695E-21-1.93401E-21
 -1        45-1.01638E-21 2.25865E-22 3.38766E-22 1.07290E-21-1.94812E-21-8.47021E-21
 -1        46-1.01646E-21 1.34695E-33 2.77216E-26 1.45408E-21-1.35520E-21-2.44221E-21
 -1        47 4.40442E-21-2.69191E-33 1.27570E-25-2.44224E-21-1.35520E-21 1.11524E-21
 -1        48 2.71026E-21-2.69245E-33-3.61386E-21-2.44224E-21-1.12933E-21 5.26564E-21
 -1        49 6.77618E-22 1.34472E-33-3.61396E-21 1.45408E-21-1.12933E-21-9.47250E-21
 -1        50 3.38815E-21 9.03477E-22 1.35513E-21 1.21407E-21-7.90519E-22 2.07517E-21
 -1        51-1.01643E-20 9.03477E-22 1.35523E-21 8.75241E-22-7.90519E-22-2.49852E-21
 -1        52-7.45396E-21 9.03477E-22 3.61397E-21-1.83522E-21-4.51708E-22 1.83731E-22
 -1        53 6.77732E-22 9.03477E-22 3.61387E-21 3.92453E-21-4.51708E-22-3.71285E-21
 -1        54-3.38807E-21 9.03477E-22 1.35518E-21 1.04465E-21-7.90519E-22-2.11674E-22
 -1        55-8.80913E-21 9.03477E-22 2.48460E-21-4.79989E-22-6.21114E-22-1.15739E-21
 -1        56-3.38811E-21 9.03477E-22 3.61392E-21 1.04465E-21-4.51708E-22-1.76456E-21
 -1        57 2.03294E-21 9.03477E-22 2.48450E-21 2.56930E-21-6.21114E-22-8.18836E-22
 -1        58 1.01651E-21 5.64666E-22 1.35513E-21 9.74068E-22-1.35520E-21 4.23327E-23
 -1        59-4.40455E-21 5.64666E-22 1.35523E-21 1.27040E-22-1.35520E-21-4.65730E-22
 -1        60-3.38823E-21 5.64666E-22 3.61397E-21-1.56700E-21-1.01639E-21 5.60458E-21
 -1        61 1.19458E-25 5.64666E-22 3.61387E-21 2.66811E-21-1.01639E-21-9.13375E-21
 -1        63 0.00000E+00 0.00000E+00-1.76465E-23 0.00000E+00-3.52930E-23 0.00000E+00
 -1        64 0.00000E+00 0.00000E+00-1.76465E-23 0.00000E+00-3.52930E-23 0.00000E+00
 -1        65 0.00000E+00 0.00000E+00-1.76465E-23 0.00000E+00-3.52930E-23 0.00000E+00
 -1        66 0.00000E+00 0.00000E+00-1.76465E-23 0.00000E+00-3.52930E-23 0.00000E+00
 -1        67-4.61823E-27 2.30912E-27 1.76473E-23-1.73184E-27 2.82345E-22 5.64684E-22
 -1        68-4.61823E-27 2.30912E-27-5.47042E-22-1.73184E-27 1.41173E-22 1.12937E-21
 -1        69-4.61823E-27 2.30912E-27 2.99992E-22-1.73184E-27 5.77279E-28 1.12937E-21
 -1        70 1.69406E-21-8.47031E-22-5.29388E-23 6.35274E-22-6.35275E-22-9.88211E-22
 -1        71-4.61823E-27 2.30912E-27-2.64697E-22-1.73184E-27 2.11759E-22 8.47029E-22
 -1        72-4.61823E-27 2.30912E-27-1.23525E-22-1.73184E-27 7.05867E-23 1.12937E-21
 -1        73-4.61823E-27 2.30912E-27 1.58820E-22-1.73184E-27 1.41173E-22 8.47029E-22
 -1        74 8.47029E-22-4.23515E-22-1.76458E-23 3.17636E-22-1.76465E-22-2.11763E-22
 -1        75 8.47029E-22-4.23515E-22-2.99990E-22 3.17636E-22-2.47051E-22 7.05811E-23
 -1        76 8.47029E-22-4.23515E-22 1.23527E-22 3.17636E-22-3.17637E-22 7.05811E-23
 -1        77 0.00000E+00 4.31378E-22-4.70574E-23 3.23534E-22-1.60769E-22-2.82096E-22
 -1        78 0.00000E+00 2.95675E-21-4.70574E-23 2.21757E-21 1.10192E-21 2.70330E-22
 -1        79 0.00000E+00 4.31378E-22-4.70574E-23 3.23534E-22-1.60769E-22-2.82096E-22
 -1        80 0.00000E+00 2.95675E-21-4.70574E-23 2.21757E-21 1.10192E-21 2.70330E-22
 -1        81 0.00000E+00 4.31378E-22-4.70574E-23 3.23534E-22-1.60769E-22-2.82096E-22
 -1        82 0.00000E+00 2.95675E-21-4.70574E-23 2.21757E-21 1.10192E-21 2.70330E-22
 -1        83-4.12911E-22 3.17642E-22 4.51111E-21-7.93993E-23-5.50381E-22 1.16250E-21
 -1        84-4.12948E-22 3.17638E-22-2.03420E-22-7.94208E-23 7.90735E-22 6.21327E-22
 -1        85-4.12936E-22 3.17634E-22 8.18619E-23-7.94109E-23 8.48749E-23-2.02172E-22
 -1        86 5.41042E-21 9.52914E-22-6.23558E-21 2.83227E-21 2.75502E-21 5.72445E-22
 -1        87-3.48343E-21 1.05881E-22 2.05533E-21-2.24994E-21-2.14189E-21-1.95836E-21
 -1        88-5.18814E-22-7.41153E-22 1.21124E-21 7.94072E-23-1.87278E-21-6.77524E-22
 -1        89-4.12929E-22 3.17640E-22 2.15385E-21-7.94100E-23 1.20177E-22 8.91913E-22
 -1        90-4.12942E-22 3.17636E-22-6.07792E-23-7.94158E-23 4.37805E-22 2.09578E-22
 -1        91-4.12923E-22 3.17638E-22 2.29649E-21-7.94051E-23-2.32753E-22 4.80163E-22
 -1        92 9.63494E-22 5.29397E-22-2.09013E-21 2.91166E-22 3.06568E-22-6.92960E-22
 -1        93-2.00112E-21-3.17636E-22 1.63328E-21-1.08526E-21-2.00733E-21-1.31794E-21
 -1        94 2.44580E-21 1.05881E-22-2.51217E-21 1.45584E-21 4.41121E-22-5.25393E-23
 -1        95 2.49876E-21 6.35278E-22-8.62236E-22 1.37643E-21 1.10232E-21 8.67472E-22
 -1        96-1.94819E-21 2.11759E-22 9.25953E-22-1.16468E-21-6.75575E-22-6.68518E-22
 -1        97-4.65875E-22-2.11759E-22 6.46549E-22-1.85288E-27-8.93952E-22-4.39848E-22
 -1       151 0.00000E+00 0.00000E+00 0.00000E+00 0.00000E+00 0.00000E+00 0.00000E+00
 -1       152 0.00000E+00 0.00000E+00 0.00000E+00 0.00000E+00 0.00000E+00 0.00000E+00
 -1       154 0.00000E+00 0.00000E+00 0.00000E+00 0.00000E+00 0.00000E+00 0.00000E+00
 -1       155 0.00000E+00 0.00000E+00 0.00000E+00 0.00000E+00 0.00000E+00 0.00000E+00
 -1       156 0.00000E+00 3.12387E-27-5.38262E-27-3.44237E-27 1.69405E-22 3.38794E-22
 -1       157 4.66215E-27 4.02514E-27 3.38806E-22 9.01274E-28-4.23492E-23 3.38797E-22
 -1       158 9.32431E-27 3.12387E-27 1.69402E-22 1.63982E-27 4.70388E-27 6.77608E-22
 -1       159 3.46045E-27 1.56193E-27 3.38805E-22 3.80886E-27 1.51395E-27 6.77607E-22
 -1       160 1.05706E-27 1.36374E-27 8.47032E-23 2.23476E-27-8.46987E-23 6.77609E-22
 -1       161-1.34634E-27 7.14901E-28-1.69402E-22 1.86236E-27-1.69399E-22-6.02520E-27
 -1       162 4.51751E-27 2.16455E-39-3.12387E-27 1.06095E-26 2.99174E-27 3.38797E-22
 -1       163 4.66215E-27-1.29767E-27 3.08771E-27 3.79357E-27-8.46962E-23-7.80967E-27
 -1       164 4.80680E-27-1.69407E-27-1.35523E-21 2.98617E-27-4.23440E-23 6.77614E-22
 -1       165 0.00000E+00-3.38807E-22-5.38262E-27 1.27051E-22 3.38810E-22 5.08199E-22
 -1       166 3.38812E-22-8.46996E-23 3.38806E-22 2.54107E-22-1.69403E-22 3.81148E-22
 -1       167 6.77624E-22-3.38807E-22 1.69402E-22-6.35266E-22-1.69401E-22 5.92905E-22
 -1       168 2.25875E-27-1.69404E-22 3.38805E-22-8.46998E-23 1.21352E-27 5.50553E-22
 -1       169-6.77617E-22-4.23502E-23 8.47032E-23-2.54105E-22-1.69402E-22 5.50555E-22
 -1       170-1.35524E-21-4.23507E-23-1.69402E-22-8.47011E-23-5.50560E-22-1.27061E-22
 -1       171-6.77615E-22 7.48404E-37-3.12387E-27-4.23504E-22-1.69402E-22 3.38797E-22
 -1       172 3.38812E-22-8.47033E-28 3.08771E-27-6.98791E-22-1.27049E-22-3.38818E-22
 -1       173 1.35524E-21 2.54106E-22-1.35523E-21 7.19971E-22-6.35261E-22-6.07387E-27
 -1       174 1.80700E-26-3.38808E-22 1.69396E-22 1.27058E-22-2.54105E-22 1.18585E-21
 -1       175 3.38803E-22-8.47002E-23 3.38802E-22 2.54108E-22-8.47018E-23-2.96455E-22
 -1       176 6.77588E-22-3.38805E-22 1.69402E-22-6.35274E-22 3.46045E-27-8.46989E-23
 -1       177 2.25875E-27-1.69405E-22 1.01642E-21-8.46979E-23-8.46984E-23-8.04661E-22
 -1       178-6.77627E-22-4.23503E-23-8.47093E-23-2.54103E-22-8.46987E-23-8.04665E-22
 -1       179-1.35526E-21-4.23493E-23-3.12387E-27-8.47049E-23-4.23478E-23 1.22819E-21
 -1       180-6.77633E-22-1.86236E-27 3.38803E-22-4.23507E-22-2.11750E-22-1.01641E-21
 -1       181 3.38794E-22-3.96396E-28-1.69412E-22-6.98787E-22 2.11812E-23 3.38821E-22
 -1       182 1.35522E-21 2.54107E-22 6.77617E-22 7.19971E-22-5.50562E-22-1.35523E-21
 -1       183-2.71046E-21 3.38812E-22 1.69396E-22-1.10113E-21 1.69407E-22 1.27055E-21
 -1       184-6.77620E-22-1.69401E-22 3.38802E-22 2.11757E-22-2.96457E-22-2.96455E-22
 -1       185 1.35522E-21 4.25325E-27 1.69402E-22 8.47019E-22-8.46998E-23-1.69401E-22
 -1       186 3.46045E-27 2.11756E-22 1.01642E-21-1.01642E-21-4.23477E-23-1.35523E-21
 -1       187 1.35523E-21-2.11743E-23-8.47093E-23 4.65866E-22-2.11752E-22-1.05877E-21
 -1       188 2.71046E-21-1.69403E-22-3.12387E-27-8.47029E-23 8.47055E-23 1.27054E-21
 -1       189 2.71047E-21 8.47011E-23 3.38803E-22-6.56434E-22-5.50560E-22-1.27052E-21
 -1       190 6.77611E-22 1.27052E-22-1.69412E-22 6.98800E-22-2.11701E-23 4.23522E-22
 -1       191-1.35524E-21-3.38810E-22 6.77617E-22-1.33406E-21-2.11752E-22-9.31721E-22
 -1       192 6.92091E-27-1.29767E-27-3.38803E-22-1.47779E-27 9.97245E-28-1.69404E-22
 -1       193 4.06130E-27-1.71215E-27-8.46983E-23 9.97245E-28-8.47005E-23-1.69403E-22
 -1       194 1.20170E-27-2.42705E-27 4.23528E-23 3.47228E-27-1.69402E-22 4.04601E-27
 -1       195 5.38262E-27-1.14746E-27-3.38803E-22-2.07238E-28 6.48835E-28 1.69405E-22
 -1       196 2.57709E-27-7.80967E-28-1.27049E-22 5.67731E-28-2.11741E-23-1.69404E-22
 -1       197-2.28447E-28-8.65113E-28 1.72119E-27 1.32392E-27-8.47001E-23-3.38807E-22
 -1       198 8.05028E-27-9.97245E-28-3.38803E-22 7.62886E-28 4.23514E-23-4.80542E-28
 -1       199 5.26127E-27 1.50212E-28-1.69400E-22-2.37315E-28 9.22139E-28-8.47014E-23
 -1       200 2.47225E-27 6.96821E-28 8.47043E-23-1.27507E-27-1.69403E-22-1.05847E-23
 -1       201 4.51751E-27-8.47033E-28-3.38803E-22 2.54106E-22 9.22139E-28-4.23499E-23
 -1       202 1.69407E-22 1.27052E-22-8.46983E-23-8.47016E-23-1.05876E-22-7.41122E-23
 -1       203 3.38810E-22 1.69403E-22 4.23528E-23-4.23509E-22-1.90578E-22 6.35311E-23
 -1       204-6.77615E-22 4.23504E-23-3.38803E-22 6.35266E-23 5.73729E-28 2.75283E-22
 -1       205-5.08212E-22 8.47018E-23-1.27049E-22 3.70577E-28-4.23497E-23-8.47007E-23
 -1       206-3.38809E-22-5.64689E-28 1.72119E-27-6.88197E-23-7.41123E-23-2.75279E-22
 -1       207-1.69399E-22 8.47016E-23-3.38803E-22-2.11755E-22 4.23513E-23 8.47024E-23
 -1       208-1.05843E-23 4.23512E-23-1.69400E-22-2.11757E-23-2.11746E-23 2.11769E-23
 -1       209 1.48231E-22-1.69404E-22 8.47043E-23 1.58816E-22-1.27052E-22 1.16469E-22
 -1       210 1.83804E-20 5.62507E-25 1.73188E-23 5.42094E-20 1.01760E-23 2.77546E-18
 -1       211 3.46221E-20-1.89732E-20-5.55105E-18 1.19855E-20-2.85817E-18-2.98804E-20
 -1       212 5.08638E-20 7.04725E-20 5.55100E-18-7.29077E-20-9.47618E-21-2.78776E-18
 -1       213 3.69304E-20 2.59523E-25-5.55109E-18 4.47230E-20 1.38773E-18-5.12464E-23
 -1       214 1.05032E-20-2.43941E-20 5.55100E-18-1.10324E-20-1.48230E-18-2.11093E-20
 -1       215-1.59240E-20 1.35549E-21-1.02363E-22-4.30606E-20-1.42639E-18-4.91184E-20
 -1       216-1.07064E-19-4.34614E-26-9.37035E-23 2.98158E-20 2.77545E-18-2.77559E-18
 -1       217-4.33670E-20-2.98149E-20 1.11020E-17-6.86088E-20-6.78075E-20-2.70538E-18
 -1       218 2.03296E-20-6.77615E-20 5.55089E-18-7.69100E-20-2.78570E-18-2.73496E-18
 -1       219-4.13350E-20 4.78388E-25 1.73188E-23-2.84605E-20-2.77550E-18-5.50965E-23
 -1       220 2.23612E-20-4.26900E-20-5.55105E-18 1.59902E-20 2.69288E-18 1.35789E-18
 -1       221 8.60574E-20 1.21971E-20 5.55100E-18-3.66336E-20-2.78499E-18 2.76329E-18
 -1       222-5.28834E-21 3.12398E-25-5.55109E-18-4.98050E-20 1.38774E-18 5.55101E-18
 -1       223-3.86665E-20-9.48646E-21 5.55100E-18 1.96511E-20 2.68099E-18 1.36666E-18
 -1       224-7.20447E-20 6.77919E-22-1.02363E-22 3.92176E-20-1.42637E-18-2.82464E-18
 -1       225 3.32035E-20 1.46407E-25-9.37035E-23-3.79462E-20 5.55099E-18 2.77549E-18
 -1       226-2.87943E-21 2.37171E-20 1.11020E-17 1.75522E-20 2.70773E-18-1.31761E-18
 -1       227-3.89624E-20-1.08412E-20 5.55089E-18 7.03457E-20-1.01626E-20-5.51050E-18
 -1       251 1.69738E-22-1.66791E-26-1.04429E-22 1.35531E-21 1.15929E-21 4.34684E-20
 -1       253-1.06723E-20 1.09599E-26-1.04429E-22-2.71047E-21 1.55112E-21 2.15834E-20
 -1       254 1.07678E-20-3.55755E-21-2.16841E-19 4.74341E-21-1.83498E-20-3.24617E-20
 -1       256-5.49515E-21 4.23507E-21-2.16841E-19-1.08419E-20 3.44003E-21-3.25886E-20
 -1       257 2.16623E-20 8.47016E-21-4.33681E-24-5.42083E-21 9.63261E-20-1.13812E-19
 -1       259-2.15033E-23 3.04923E-21-4.33681E-24-5.42089E-21 1.82850E-19-9.21810E-20
 -1       260 1.12656E-20 5.08197E-22-3.81162E-21 5.08158E-22-3.96829E-22 3.26638E-20
 -1       262-3.21022E-20 5.08217E-22 2.96460E-21 3.38720E-22-2.80286E-22 3.23885E-20
 -1       263 1.04661E-20-1.86348E-21-1.79618E-21 8.63961E-21-2.20490E-20-6.36727E-20
 -1       265-1.12178E-20 3.72689E-21 1.80369E-21-1.69445E-22-3.12452E-22-2.03502E-20
 -1       266 1.11700E-20 2.20222E-21 8.67144E-19 1.18581E-21 8.13143E-20-5.70108E-20
 -1       268 1.11700E-20 1.86343E-21 8.67568E-19-2.71052E-21-4.87886E-20 2.99093E-20
 -1       269 3.32035E-20-1.01646E-21-6.67179E-21-1.69597E-22-5.97745E-22-2.14659E-20
 -1       271-1.01643E-20-1.01644E-21 6.88066E-21 1.35505E-21-7.56486E-22-2.16174E-22
 -1       272 1.01643E-20-1.52465E-21 2.13241E-19 9.48652E-21-3.87923E-20-1.35488E-20
 -1       274-1.15196E-20 1.86346E-21 2.20441E-19 9.99474E-21-1.71091E-20-1.43657E-19
 -1       275-1.01643E-20-4.74334E-21-2.60247E-18 1.52447E-21 8.62923E-20 7.02619E-20
 -1       277-1.01643E-20 9.03502E-27-2.60163E-18 1.01625E-21-2.60437E-19-2.11204E-19
 -1       278 2.16844E-20-4.23236E-23-8.44996E-22 1.35536E-21 1.22844E-21 4.32408E-20
 -1       279 6.77476E-22 6.35488E-23-8.46882E-22-3.04938E-21 6.76661E-22 4.91003E-25
 -1       280-1.08420E-20 1.69371E-22-8.52497E-22-5.08214E-21 1.27888E-22-6.49254E-20
 -1       281-5.42119E-21-3.38825E-21 2.16827E-19-3.55756E-20-2.87994E-20-1.72098E-19
 -1       282-1.59243E-20-4.74330E-21-2.16827E-19-2.18536E-20 3.82862E-20-4.87885E-20
 -1       283-2.71053E-20-4.74350E-21-6.50530E-19-5.75989E-21 1.92109E-19 3.11489E-20
 -1       284 1.08419E-20-4.10822E-21 8.67355E-19 6.77549E-22-6.85084E-19 3.42880E-19
 -1       285 3.25266E-20 1.31311E-21-8.67337E-19 4.91297E-21-2.50045E-19 2.27685E-19
 -1       286 4.33681E-20-1.62633E-20-2.60212E-18 2.20229E-20 9.82560E-20 4.74326E-20
 -1       287 1.62630E-20 6.35230E-23-5.42010E-24-1.01646E-21-1.30243E-21-6.50530E-20
 -1       288-1.62632E-20 3.28251E-22 3.67729E-24-6.77666E-22-6.77416E-22-6.50523E-20
 -1       289-4.33683E-20 5.92899E-22 5.79308E-25 2.71048E-21-5.30373E-23-6.48166E-25
 -1       290 5.42104E-21-2.03293E-21-1.51790E-18 1.38808E-20-4.09961E-20 1.35523E-20
 -1       291 1.06727E-20 1.01648E-21-2.16825E-19 1.54055E-20-5.08265E-21 1.16553E-19
 -1       292 2.16841E-20 3.38792E-22 1.08419E-18 1.35526E-20 1.45695E-20 1.32816E-19
 -1       293-5.42114E-21-1.35527E-21 3.46944E-18 4.02279E-22-1.03317E-19 4.54010E-20
 -1       294-5.75982E-21 9.48689E-21 3.21186E-23-6.24689E-21-1.30212E-19 1.24683E-19
 -1       295-1.03804E-25 1.08420E-20-3.46948E-18-1.76184E-20-9.20509E-20-3.45594E-20
 -1       296-2.36658E-27-8.47669E-23 1.26963E-21-3.66736E-26 1.16417E-21-1.06516E-20
 -1       297-6.77452E-22-7.19961E-22 1.27571E-21 2.03297E-21 6.78881E-22 2.16846E-20
 -1       298-1.97604E-25-1.35526E-21 1.26112E-21 2.71049E-21 1.89314E-22-1.90423E-22
 -1       299 1.08420E-20-3.38807E-21 9.75767E-19-4.40465E-21 5.55664E-20-1.09808E-19
 -1       300-6.77678E-22 9.48681E-21-1.08402E-19-1.05033E-20 3.11698E-20-1.03000E-19
 -1       301-1.08421E-20 1.35526E-20-1.19264E-18-1.89736E-20-1.12487E-19-7.45071E-20
 -1       302 1.50175E-25 1.39762E-21-1.30107E-18 2.03296E-21 7.17613E-19 2.14132E-19
 -1       303-6.77823E-22-4.02352E-21-4.33650E-19 1.10115E-20 2.77149E-19 1.08419E-19
 -1       304 1.71863E-25-5.42097E-21 4.33653E-19 1.62632E-20 5.35347E-20 1.00290E-19
 -1       305 2.16840E-20-2.05404E-21-1.08418E-19-1.49079E-20-4.08705E-20-2.10485E-20
 -1       307-1.08422E-20-3.64226E-21-5.42104E-19-1.05033E-20 1.12359E-19 4.78627E-21
 -1       308 8.22977E-26-3.38807E-21-2.16828E-19-8.30889E-21-2.62584E-20-1.24154E-19
 -1       310 1.35536E-21 7.45402E-21 6.50544E-19 5.91869E-21 2.79519E-20 1.02302E-19
 -1       311 5.42099E-21-6.45845E-22-5.42101E-19 5.75984E-21-2.77297E-20-1.08419E-20
 -1       313 2.33383E-26-2.11743E-22 7.58951E-19 1.08421E-20 1.41774E-20-5.42077E-21
 -1       314 5.42088E-21 2.35292E-26-3.38504E-21 1.74643E-22 8.92638E-23-1.79989E-20
 -1       316-2.98159E-20 3.22130E-28-3.38665E-21-6.98913E-22 1.74002E-22 4.10858E-21
 -1       317-1.08417E-20-3.09147E-21 1.08424E-18-1.42301E-20-3.16114E-19 2.84616E-20
 -1       319 3.63525E-25-7.45375E-21-1.08418E-18 1.32139E-20 1.86011E-19 4.06695E-21
 -1       320 1.62635E-20-1.31269E-21 3.46950E-18 1.90692E-22-1.17335E-19 7.75901E-20
 -1       322 3.25266E-20-5.42084E-21-1.73471E-18 5.08232E-21 3.05998E-20-2.33776E-20
 -1       323 5.42112E-21-1.69403E-21 1.51792E-18 8.49162E-21-6.32958E-20-2.60890E-20
 -1       325 4.43255E-26 3.72702E-21-6.50494E-19-1.35522E-21-4.34328E-20 8.02993E-20
 -1       326 8.13152E-21-2.03290E-21 1.08440E-19 1.84762E-21-1.99906E-20-1.27935E-19
 -1       328 3.38813E-21-2.71055E-21 3.25285E-19-4.82808E-21 7.79223E-21 2.51033E-20
 -1       329 1.08422E-20-7.19967E-22 5.42112E-19-5.42096E-21 4.22896E-20 4.80719E-21
 -1       331-1.08419E-20 6.09871E-21-5.42099E-19 2.71058E-21-5.85505E-20 6.14460E-22
 -1       332 1.08423E-20 2.12463E-26 3.39514E-21-3.49365E-22 7.31573E-22-5.17749E-20
 -1       334-1.49077E-20 1.93506E-26 3.39474E-21-1.52459E-21 8.58527E-22 2.36539E-20
 -1       335-5.42127E-21-1.39770E-21 2.60213E-18 6.98783E-22 3.37730E-20-4.64194E-20
 -1       337-1.08423E-20 5.42094E-21 3.28893E-23-5.68494E-28-4.32653E-20-2.94792E-20
 -1       338-1.86000E-25-1.65182E-21 1.08452E-19-2.03293E-21 3.42201E-19 6.75623E-22
 -1       340-2.01166E-25-2.71061E-21-1.08385E-19-5.42105E-21-1.00970E-19-1.15216E-20
 -1       341 0.00000E+00 4.20896E-22-4.50869E-21 3.07995E-23 9.85996E-22-7.05861E-23
 -1       343 0.00000E+00-4.20896E-22-4.50869E-21 4.49352E-24 1.43382E-22-7.05861E-23
 -1       344 0.00000E+00-4.20896E-22-4.50869E-21 4.49352E-24 1.43382E-22-7.05861E-23
 -1       346 0.00000E+00 4.20896E-22-4.50869E-21 3.07995E-23 9.85996E-22-7.05861E-23
 -1       347 0.00000E+00 4.20896E-22-4.50869E-21 3.07995E-23 9.85996E-22-7.05861E-23
 -1       349 0.00000E+00-4.20896E-22-4.50869E-21 4.49352E-24 1.43382E-22-7.05861E-23
 -1       350-1.19234E-27-1.51054E-21-7.18826E-21-1.86347E-21 2.24053E-21 6.12489E-22
 -1       351-1.41173E-22-9.45855E-22-7.18826E-21-1.01644E-21 2.21406E-21 6.58811E-22
 -1       352-2.82345E-22-3.81169E-22-7.18826E-21-1.69410E-22 2.18759E-21 7.05133E-22
 -1       353 1.19234E-27 7.48216E-22 1.67034E-21-1.69400E-22-2.24169E-21 1.43305E-21
 -1       354 1.41173E-22 3.95287E-22 1.67034E-21 1.83529E-22-4.47046E-23 1.36467E-21
 -1       355 2.82345E-22 4.23578E-23 1.67034E-21 5.36458E-22 2.15228E-21 1.29629E-21
 -1       356-1.12937E-21-1.51054E-21 1.55018E-19 3.95282E-22-1.16296E-20-1.18459E-20
 -1       357-1.22251E-36-8.04682E-22 4.65986E-20-3.45869E-22 5.19987E-22-2.79992E-21
 -1       358 1.12937E-21-9.88240E-23-6.18212E-20-1.08702E-21 1.26696E-20 6.24609E-21
 -1       359-2.58609E-37-3.81163E-22-2.75896E-21-1.01644E-21-5.78948E-25 1.02277E-21
 -1       361 1.85728E-36-1.69405E-22-2.75896E-21 1.83524E-22 2.16994E-21 1.00071E-21
 -1       362-5.64686E-22-3.81162E-22 7.83444E-20 1.12941E-22-6.93564E-21-5.20644E-21
 -1       364 7.05859E-22-2.82331E-23-3.00755E-20-2.75281E-22 7.41093E-21 3.77119E-21
 -1       365-5.64687E-22-1.51054E-21 7.39151E-20-7.34094E-22-4.69453E-21-5.61673E-21
 -1       367 4.23514E-22-2.39996E-22-3.45047E-20-6.28216E-22 7.42858E-21 3.47561E-21
 -1       368 1.08420E-20-9.31640E-21-1.69591E-21 9.55035E-21 3.38842E-21 7.94406E-22
 -1       369 2.16839E-20-1.60926E-20-1.01662E-20 2.31450E-20 4.23515E-21-7.30238E-22
 -1       370-1.08420E-20-7.62294E-21 3.38628E-21-6.34121E-23 3.38814E-21 2.17372E-20
 -1       371-2.16839E-20-8.46714E-22 1.18565E-20 2.05616E-20 2.54141E-21 2.15678E-20
 -1       376 5.33627E-21 5.92903E-20 1.01641E-19-3.05132E-20 2.71049E-20 3.01574E-20
 -1       377-8.47028E-23 4.91260E-20 1.01641E-19-7.34698E-21-5.59035E-20 2.93950E-20
 -1       378-5.50568E-21-1.13503E-19 1.15194E-19-8.10930E-21-5.42094E-20 2.98927E-20
 -1       379-8.47028E-23-1.03338E-19 1.15194E-19-3.04285E-20 2.87990E-20 2.98080E-20
 -1       384 5.53811E-21 2.22761E-19-5.08597E-21-1.00320E-19 2.40118E-24 8.39771E-20
 -1       385-1.07244E-20 2.10903E-19-5.08751E-21-6.23072E-20-1.69180E-21 8.39773E-20
 -1       386 1.17134E-22 2.10903E-19 5.07682E-21-5.14648E-20 1.48789E-24 7.32283E-20
 -1       387-9.74600E-20 2.22761E-19 5.07836E-21-1.05741E-19 1.69569E-21 1.59963E-19
 -1       392 2.89121E-25 4.36519E-19 8.65677E-19-1.61281E-19 1.00266E-23 4.87847E-19
 -1       393 8.67361E-20 4.30801E-19-1.66440E-21-1.82951E-19-2.10600E-21 7.85650E-20
 -1       394 2.89121E-25 4.30805E-19 1.72371E-21 2.75120E-19-4.33659E-19 7.86353E-20
 -1       395-1.30103E-19 4.36522E-19 8.69065E-19 1.23320E-19-4.31543E-19-2.05963E-19
 -1       400-1.09062E-20 6.16385E-22-6.93879E-18 2.70491E-20-3.46939E-18 1.22233E-18
 -1       401 1.73406E-19-6.54156E-22 3.74005E-23-5.95794E-20-2.60289E-18-5.70119E-20
 -1       402-6.42837E-23 1.73405E-18 3.74005E-23 3.95782E-19 8.67374E-19-5.68454E-20
 -1       403-4.34326E-20 1.73532E-18-6.93879E-18 1.35471E-19 8.67266E-22-3.38731E-19
 -1       408-2.03284E-21-1.26696E-20-6.77467E-21 4.00888E-20-4.85328E-21-2.20246E-21
 -1       409 4.54014E-20 1.40166E-20 6.77542E-21 3.98829E-20-1.82653E-21-2.28595E-20
 -1       410-4.05430E-21-6.63101E-21 6.77643E-21 9.68551E-20 4.94677E-21-5.36260E-22
 -1       411 2.16839E-20-6.62969E-21-6.77809E-21-5.38283E-21 1.52778E-20 1.06747E-20
 -1       412 2.71051E-20 7.01853E-22 1.65883E-24 4.03248E-20-1.66829E-21-2.50641E-20
 -1       413 5.38753E-20 7.06002E-21 6.77666E-21 1.96790E-19 1.56348E-21-2.79626E-20
 -1       414 4.06936E-21-6.60202E-21 4.55363E-25 6.74257E-20 1.17839E-20 8.79910E-21
 -1       415-1.18587E-20-6.28241E-21-6.77565E-21 3.76875E-20 5.21562E-21 4.23447E-21
 -1       416 2.10064E-20-6.65439E-21-2.71036E-20 1.35929E-20 7.79795E-20-9.50389E-20
 -1       417-4.26906E-20 6.68804E-21-3.25262E-19-4.06861E-20 1.43658E-18 1.45868E-19
 -1       418-2.30357E-20-3.25246E-19 3.25264E-19-1.01754E-20-1.31460E-18-1.84156E-19
 -1       419 2.16839E-20 5.42121E-19-2.71048E-20-2.84374E-20-1.72845E-19 1.00797E-19
 -1       424 3.28650E-20-6.47501E-24-2.16851E-19-3.03600E-19 4.33666E-19-1.30020E-19
 -1       425-3.28650E-20-2.80219E-23-7.58955E-19-3.25246E-19 2.81894E-18 4.11915E-19
 -1       426 1.69388E-20-1.30106E-18 5.42108E-19 7.58961E-20-2.65633E-18-3.03324E-19
 -1       427 1.08422E-20 4.33677E-19-2.16847E-19-2.28649E-19-5.42193E-20 2.00325E-19
 -1       428-2.95156E-26 1.94201E-23-3.25262E-19-3.57621E-19 1.73474E-18 1.46368E-19
 -1       429-1.03357E-20 4.33709E-19-1.08414E-19 5.42219E-20 1.28159E-23 8.68213E-20
 -1       430 1.42284E-20-4.33654E-19 3.25271E-19-1.85442E-19-1.24683E-18-4.60791E-20
 -1       431 2.72746E-20 1.30109E-18-2.16839E-19-3.26234E-19 1.08426E-19 1.11047E-19
 -1       432-2.16840E-20-1.73468E-18 3.25263E-18 2.65630E-19-2.07296E-18-4.01156E-19
 -1       433 2.16841E-20 1.73477E-18 5.42105E-19 3.79486E-20 2.27686E-18 1.46369E-19
 -1       434 1.08420E-20 3.06176E-18-1.40946E-18-2.71051E-20-2.54788E-18-1.57210E-19
 -1       435 1.98615E-25-4.79641E-18-2.81894E-18 6.58538E-19 5.16298E-18 3.25278E-20
 -1       440-6.50523E-20-5.20421E-18 9.10734E-18 9.86628E-19-2.83194E-18-7.04736E-19
 -1       441-2.16844E-20 1.73474E-18 2.16841E-18 4.66206E-19 1.08418E-18-1.57209E-19
 -1       442-5.42105E-20 8.93308E-19-3.03580E-18-4.28265E-19-4.12001E-18-1.62632E-20
 -1       443 1.30878E-25-1.65578E-17-3.03580E-18 1.61783E-18 1.10978E-17-1.19262E-19
 -1       444-4.87893E-20-1.73469E-18 5.63789E-18 6.39682E-19-1.53085E-18-3.55077E-19
 -1       445-7.58945E-20 6.09755E-18-4.33677E-19-6.50546E-20-1.95156E-18-5.41926E-21
 -1       446-2.16841E-20-7.83219E-18-3.03578E-18 3.54960E-19 2.83193E-18-8.12991E-21
 -1       447 9.26994E-26-6.09746E-18 3.03579E-18 8.48276E-19 3.69929E-18-2.60209E-19
 -1       448 1.51662E-21-2.99093E-22 2.76498E-20 1.10223E-21 1.71898E-20-1.24785E-20
 -1       449-4.27469E-22-2.99093E-22 3.27697E-21 3.32636E-21 1.50016E-20 1.14829E-21
 -1       450-3.40391E-22-6.13462E-21 1.16095E-21 2.31073E-21-3.51210E-21-1.00653E-21
 -1       451-2.83970E-21-6.13462E-21 2.02018E-20 1.57538E-21 4.62633E-22-1.95211E-20
 -1       457-4.04574E-21 7.48720E-22-4.90954E-22 4.19488E-21 3.55512E-21-6.81540E-22
 -1       458 7.46014E-22 7.48720E-22 4.10302E-22 1.80086E-21 2.12866E-21 2.92868E-21
 -1       459 1.02373E-21 5.35712E-21 2.29338E-21-5.38994E-22-2.75646E-22 2.36725E-21
 -1       460-2.10175E-21 5.35712E-21-6.07401E-22 9.65188E-22 2.21862E-21-1.40959E-21
 -1       466 2.75986E-20-5.98654E-22 2.27159E-21-3.42903E-20 4.15517E-21-6.31207E-21
 -1       467-3.79280E-21-5.98654E-22 2.43815E-21-2.21998E-20-6.25505E-21 4.86079E-21
 -1       468-3.70572E-21-3.21206E-20 3.22140E-22-4.04950E-21-5.60281E-21 2.70597E-21
 -1       469 2.32423E-20-3.21206E-20-5.17649E-21-1.46513E-20 6.59394E-21-1.33546E-20
 -1       475 4.39409E-21 1.17915E-21 7.14171E-21-6.86947E-21-8.32909E-21 6.51116E-21
 -1       476-1.85690E-21 1.17915E-21-1.15932E-21-3.36634E-21-4.84125E-21-1.13991E-24
 -1       477-1.57918E-21-9.56520E-21 7.23758E-22 1.48102E-21-5.83363E-23-5.62567E-22
 -1       478 6.33809E-21-9.56520E-21 7.02526E-21-2.91195E-21-2.47837E-21 5.78311E-21
 -3
    1PSTEP                        10           1           2          
    1PGM                1.000000E+00                                  
    1PGK                1.000000E+06                                  
    1PHID                         -1                                  
    1PSUBC                         0                                  
    1PMODE                         1                                  
  100CL  102 159.1549431         328                     2    2MODAL      1
 -4  ERROR       1    1
 -5  STR(%)      1    1    0    0
 -1         1 4.11580E+01
 -1         2 1.03193E+02
 -1         3 1.03193E+02
 -1         4 7.82825E+01
 -1         5 1.21591E+02
 -1         6 1.21591E+02
 -1         7 7.82825E+01
 -1         8 1.21591E+02
 -1         9 1.21591E+02
 -1        10 1.07165E+02
 -1        11 1.30116E+02
 -1        12 1.30116E+02
 -1        13 1.07165E+02
 -1        14 1.30116E+02
 -1        15 1.30116E+02
 -1        16 7.98088E+01
 -1        17 1.21591E+02
 -1        18 1.21591E+02
 -1        19 1.07165E+02
 -1        20 1.30116E+02
 -1        21 1.30116E+02
 -1        22 1.07165E+02
 -1        23 1.30116E+02
 -1        24 1.30116E+02
 -1        25 7.98088E+01
 -1        26 1.17751E+02
 -1        27 1.17751E+02
 -1        30 1.19814E+02
 -1        31 1.19814E+02
 -1        32 1.19814E+02
 -1        33 1.19814E+02
 -1        34 1.27871E+02
 -1        35 1.27871E+02
 -1        36 1.27871E+02
 -1        37 1.27871E+02
 -1        38 1.19814E+02
 -1        39 1.19814E+02
 -1        40 1.19814E+02
 -1        41 1.19814E+02
 -1        42 1.27871E+02
 -1        43 1.27871E+02
 -1        44 1.27871E+02
 -1        45 1.27871E+02
 -1        46 1.23843E+02
 -1        47 1.23843E+02
 -1        48 1.23843E+02
 -1        49 1.23843E+02
 -1        50 1.27871E+02
 -1        51 1.27871E+02
 -1        52 1.27871E+02
 -1        53 1.27871E+02
 -1        54 1.27871E+02
 -1        55 1.27871E+02
 -1        56 1.27871E+02
 -1        57 1.27871E+02
 -1        58 1.27871E+02
 -1        59 1.27871E+02
 -1        60 1.27871E+02
 -1        61 1.27871E+02
 -1        63 0.00000E+00
 -1        64 0.00000E+00
 -1        65 0.00000E+00
 -1        66 0.00000E+00
 -1        67 4.15387E+01
 -1        68 4.15387E+01
 -1        69 4.15387E+01
 -1        70 4.15387E+01
 -1        71 4.15387E+01
 -1        72 4.15387E+01
 -1        73 4.15387E+01
 -1        74 4.15387E+01
 -1        75 4.15387E+01
 -1        76 4.15387E+01
 -1        77 0.00000E+00
 -1        78 0.00000E+00
 -1        79 0.00000E+00
 -1        80 0.00000E+00
 -1        81 0.00000E+00
 -1        82 0.00000E+00
 -1        83 5.83275E+01
 -1        84 5.83275E+01
 -1        85 5.83275E+01
 -1        86 5.83275E+01
 -1        87 5.83275E+01
 -1        88 5.83275E+01
 -1        89 5.83275E+01
 -1        90 5.83275E+01
 -1        91 5.83275E+01
 -1        92 5.83275E+01
 -1        93 5.83275E+01
 -1        94 5.83275E+01
 -1        95 5.83275E+01
 -1        96 5.83275E+01
 -1        97 5.83275E+01
 -1       151 0.00000E+00
 -1       152 0.00000E+00
 -1       154 0.00000E+00
 -1       155 0.00000E+00
 -1       156 1.20711E+02
 -1       157 1.20711E+02
 -1       158 1.05176E+02
 -1       159 1.20711E+02
 -1       160 1.25311E+02
 -1       161 1.25311E+02
 -1       162 1.19259E+02
 -1       163 1.25311E+02
 -1       164 1.25311E+02
 -1       165 1.20711E+02
 -1       166 1.20711E+02
 -1       167 1.05176E+02
 -1       168 1.20711E+02
 -1       169 1.25311E+02
 -1       170 1.25311E+02
 -1       171 1.19259E+02
 -1       172 1.25311E+02
 -1       173 1.25311E+02
 -1       174 9.77457E+01
 -1       175 9.86041E+01
 -1       176 9.86041E+01
 -1       177 9.77457E+01
 -1       178 9.86041E+01
 -1       179 9.86041E+01
 -1       180 7.53203E+01
 -1       181 9.21596E+01
 -1       182 9.21596E+01
 -1       183 9.77457E+01
 -1       184 9.86041E+01
 -1       185 9.86041E+01
 -1       186 9.77457E+01
 -1       187 9.86041E+01
 -1       188 9.86041E+01
 -1       189 7.53203E+01
 -1       190 9.21596E+01
 -1       191 9.21596E+01
 -1       192 5.78856E+01
 -1       193 1.17981E+02
 -1       194 1.17981E+02
 -1       195 5.78856E+01
 -1       196 1.17981E+02
 -1       197 1.17981E+02
 -1       198 4.63524E+01
 -1       199 7.75013E+01
 -1       200 7.75013E+01
 -1       201 5.78856E+01
 -1       202 1.17981E+02
 -1       203 1.17981E+02
 -1       204 5.78856E+01
 -1       205 1.17981E+02
 -1       206 1.17981E+02
 -1       207 4.63524E+01
 -1       208 7.75013E+01
 -1       209 7.75013E+01
 -1       210 1.25423E+02
 -1       211 1.25423E+02
 -1       212 1.24055E+02
 -1       213 1.25423E+02
 -1       214 1.25423E+02
 -1       215 1.24055E+02
 -1       216 9.97299E+01
 -1       217 9.97299E+01
 -1       218 5.46664E+01
 -1       219 1.25423E+02
 -1       220 1.25423E+02
 -1       221 1.24055E+02
 -1       222 1.25423E+02
 -1       223 1.25423E+02
 -1       224 1.24055E+02
 -1       225 9.97299E+01
 -1       226 9.97299E+01
 -1       227 5.46664E+01
 -1       251 1.12387E+02
 -1       253 1.12387E+02
 -1       254 1.43789E+02
 -1       256 1.43789E+02
 -1       257 1.43789E+02
 -1       259 1.43789E+02
 -1       260 1.25290E+02
 -1       262 1.25290E+02
 -1       263 1.43789E+02
 -1       265 1.43789E+02
 -1       266 1.43789E+02
 -1       268 1.43789E+02
 -1       269 1.25290E+02
 -1       271 1.25290E+02
 -1       272 1.33371E+02
 -1       274 1.33371E+02
 -1       275 1.33371E+02
 -1       277 1.33371E+02
 -1       278 4.67346E+01
 -1       279 4.67346E+01
 -1       280 4.67346E+01
 -1       281 4.67346E+01
 -1       282 4.67346E+01
 -1       283 4.67346E+01
 -1       284 3.73940E+01
 -1       285 3.73940E+01
 -1       286 3.73940E+01
 -1       287 4.67346E+01
 -1       288 4.67346E+01
 -1       289 4.67346E+01
 -1       290 4.67346E+01
 -1       291 4.67346E+01
 -1       292 4.67346E+01
 -1       293 3.73940E+01
 -1       294 3.73940E+01
 -1       295 3.73940E+01
 -1       296 4.66278E+01
 -1       297 4.66278E+01
 -1       298 4.66278E+01
 -1       299 4.66278E+01
 -1       300 4.66278E+01
 -1       301 4.66278E+01
 -1       302 3.51773E+01
 -1       303 3.51773E+01
 -1       304 3.51773E+01
 -1       305 4.67346E+01
 -1       307 4.67346E+01
 -1       308 4.67346E+01
 -1       310 4.67346E+01
 -1       311 4.67346E+01
 -1       313 4.67346E+01
 -1       314 4.67346E+01
 -1       316 4.67346E+01
 -1       317 4.20643E+01
 -1       319 4.20643E+01
 -1       320 3.73940E+01
 -1       322 3.73940E+01
 -1       323 4.20643E+01
 -1       325 4.20643E+01
 -1       326 4.66812E+01
 -1       328 4.66812E+01
 -1       329 4.66278E+01
 -1       331 4.66278E+01
 -1       332 4.66812E+01
 -1       334 4.66812E+01
 -1       335 3.62856E+01
 -1       337 3.62856E+01
 -1       338 4.09025E+01
 -1       340 4.09025E+01
 -1       341 0.00000E+00
 -1       343 0.00000E+00
 -1       344 0.00000E+00
 -1       346 0.00000E+00
 -1       347 0.00000E+00
 -1       349 0.00000E+00
 -1       350 6.00296E+01
 -1       351 6.00296E+01
 -1       352 6.00296E+01
 -1       353 6.00296E+01
 -1       354 6.00296E+01
 -1       355 6.00296E+01
 -1       356 6.00296E+01
 -1       357 6.00296E+01
 -1       358 6.00296E+01
 -1       359 6.00296E+01
 -1       361 6.00296E+01
 -1       362 6.00296E+01
 -1       364 6.00296E+01
 -1       365 6.00296E+01
 -1       367 6.00296E+01
 -1       368 1.25563E+02
 -1       369 1.25563E+02
 -1       370 1.25563E+02
 -1       371 1.25563E+02
 -1       376 1.25563E+02
 -1       377 1.25563E+02
 -1       378 1.25563E+02
 -1       379 1.25563E+02
 -1       384 8.04076E+01
 -1       385 8.04076E+01
 -1       386 8.04076E+01
 -1       387 8.04076E+01
 -1       392 1.39500E+02
 -1       393 1.39500E+02
 -1       394 1.39500E+02
 -1       395 1.39500E+02
 -1       400 1.39500E+02
 -1       401 1.39500E+02
 -1       402 1.39500E+02
 -1       403 1.39500E+02
 -1       408 2.74326E+01
 -1       409 2.74326E+01
 -1       410 2.74326E+01
 -1       411 2.74326E+01
 -1       412 2.74326E+01
 -1       413 2.74326E+01
 -1       414 2.74326E+01
 -1       415 2.74326E+01
 -1       416 3.08358E+01
 -1       417 3.08358E+01
 -1       418 3.08358E+01
 -1       419 3.08358E+01
 -1       424 3.42390E+01
 -1       425 3.42390E+01
 -1       426 3.42390E+01
 -1       427 3.42390E+01
 -1       428 3.42390E+01
 -1       429 3.42390E+01
 -1       430 3.42390E+01
 -1       431 3.42390E+01
 -1       432 3.42390E+01
 -1       433 3.42390E+01
 -1       434 3.42390E+01
 -1       435 3.42390E+01
 -1       440 3.42390E+01
 -1       441 3.42390E+01
 -1       442 3.42390E+01
 -1       443 3.42390E+01
 -1       444 3.42390E+01
 -1       445 3.42390E+01
 -1       446 3.42390E+01
 -1       447 3.42390E+01
 -1       448 2.58791E+02
 -1       449 2.58791E+02
 -1       450 2.58791E+02
 -1       451 2.58791E+02
 -1       457 1.96155E+02
 -1       458 1.96155E+02
 -1       459 1.96155E+02
 -1       460 1.96155E+02
 -1       466 2.58791E+02
 -1       467 2.58791E+02
 -1       468 2.58791E+02
 -1       469 2.58791E+02
 -1       475 1.96155E+02
 -1       476 1.96155E+02
 -1       477 1.96155E+02
 -1       478 1.96155E+02
 -3
    1PSTEP                        11           1           2          
    1PGM                1.000000E+00                                  
    1PGK                2.038017E+07                                  
    1PHID                         -1                                  
    1PSUBC                         0                                  
    1PMODE                         2                                  
  100CL  103 718.4954833         328                     2    3MODAL      1
 -4  DISP        4    1
 -5  D1          1    2    1    0
 -5  D2          1    2    2    0
 -5  D3          1    2    3    0
 -5  ALL         1    2    0    0    1ALL
 -1         1 0.00000E+00 0.00000E+00 0.00000E+00
 -1         2 2.08167E-17 6.93889E-18 0.00000E+00
 -1         3 1.38778E-17 0.00000E+00 0.00000E+00
 -1         4 0.00000E+00 0.00000E+00 0.00000E+00
 -1         5 6.93889E-18 3.46945E-18 6.93889E-18
 -1         6 1.38778E-17 0.00000E+00 0.00000E+00
 -1         7 0.00000E+00 0.00000E+00 0.00000E+00
 -1         8 6.93889E-18 8.67362E-19 3.46945E-18
 -1         9 1.38778E-17 0.00000E+00 0.00000E+00
 -1        10 0.00000E+00 0.00000E+00 0.00000E+00
 -1        11-6.93889E-18 0.00000E+00 0.00000E+00
 -1        12 1.38778E-17 0.00000E+00 0.00000E+00
 -1        13 0.00000E+00 0.00000E+00 0.00000E+00
 -1        14 2.08167E-17 3.46945E-18 8.67362E-19
 -1        15 1.38778E-17 0.00000E+00 0.00000E+00
 -1        16 0.00000E+00 0.00000E+00 0.00000E+00
 -1        17-6.93889E-18 3.46945E-18 4.33681E-19
 -1        18 1.38778E-17 0.00000E+00 0.00000E+00
 -1        19 0.00000E+00 0.00000E+00 0.00000E+00
 -1        20 6.93889E-18 6.93889E-18-3.46945E-18
 -1        21 1.38778E-17 0.00000E+00 0.00000E+00
 -1        22 0.00000E+00 0.00000E+00 0.00000E+00
 -1        23 0.00000E+00 1.73472E-18-3.46945E-18
 -1        24 1.38778E-17 0.00000E+00 0.00000E+00
 -1        25 0.00000E+00 0.00000E+00 0.00000E+00
 -1        26 0.00000E+00 5.42101E-20-3.46945E-18
 -1        27 1.38778E-17 0.00000E+00 0.00000E+00
 -1        30 0.00000E+00 0.00000E+00 0.00000E+00
 -1        31-1.11021E-16 6.93885E-17 7.63319E-17
 -1        32-1.11020E-16 6.93885E-17 1.45721E-16
 -1        33 0.00000E+00 0.00000E+00 0.00000E+00
 -1        34 0.00000E+00 0.00000E+00 0.00000E+00
 -1        35 2.77567E-17-4.08981E-22 7.63278E-17
 -1        36 2.77577E-17-4.08981E-22 1.45717E-16
 -1        37 0.00000E+00 0.00000E+00 0.00000E+00
 -1        38-4.16334E-17 0.00000E+00 1.11022E-16
 -1        39-1.11021E-16 6.93885E-17 1.11026E-16
 -1        40-8.32667E-17 0.00000E+00 5.55112E-17
 -1        41 0.00000E+00 0.00000E+00 0.00000E+00
 -1        42 1.38778E-17-1.38778E-17 5.55112E-17
 -1        43 2.77572E-17-4.08981E-22 1.11022E-16
 -1        44 6.93889E-18 0.00000E+00 0.00000E+00
 -1        45 0.00000E+00 0.00000E+00 0.00000E+00
 -1        46 0.00000E+00 0.00000E+00 0.00000E+00
 -1        47-4.16322E-17 3.46941E-17 7.63299E-17
 -1        48-4.16312E-17 3.46941E-17 1.45719E-16
 -1        49 0.00000E+00 0.00000E+00 0.00000E+00
 -1        50 0.00000E+00 0.00000E+00 0.00000E+00
 -1        51 1.66535E-16-6.93893E-17 7.63237E-17
 -1        52 1.66536E-16-6.93893E-17 1.45713E-16
 -1        53 0.00000E+00 0.00000E+00 0.00000E+00
 -1        54 2.77556E-17-2.77556E-17 5.55112E-17
 -1        55 1.66535E-16-6.93893E-17 1.11018E-16
 -1        56 0.00000E+00-5.55112E-17 1.11022E-16
 -1        57 0.00000E+00 0.00000E+00 0.00000E+00
 -1        58 0.00000E+00 0.00000E+00 0.00000E+00
 -1        59 9.71456E-17-3.46949E-17 7.63258E-17
 -1        60 9.71467E-17-3.46949E-17 1.45715E-16
 -1        61 0.00000E+00 0.00000E+00 0.00000E+00
 -1        63 0.00000E+00 0.00000E+00 0.00000E+00
 -1        64 0.00000E+00 0.00000E+00 0.00000E+00
 -1        65 0.00000E+00 0.00000E+00 0.00000E+00
 -1        66 3.46945E-18 1.73472E-18 8.67362E-19
 -1        67 0.00000E+00 0.00000E+00 0.00000E+00
 -1        68 0.00000E+00 0.00000E+00 0.00000E+00
 -1        69 0.00000E+00 0.00000E+00 0.00000E+00
 -1        70 0.00000E+00 0.00000E+00 8.67362E-19
 -1        71 0.00000E+00 0.00000E+00 0.00000E+00
 -1        72 0.00000E+00 0.00000E+00 0.00000E+00
 -1        73 0.00000E+00 0.00000E+00 0.00000E+00
 -1        74-6.93889E-18 1.38778E-17-4.33681E-19
 -1        75-6.93889E-18 1.73472E-18 6.93889E-18
 -1        76 0.00000E+00 3.46945E-18-3.46945E-18
 -1        77 0.00000E+00 0.00000E+00 0.00000E+00
 -1        78 0.00000E+00 0.00000E+00 0.00000E+00
 -1        79 0.00000E+00 0.00000E+00 0.00000E+00
 -1        80-4.49838E-07 4.49838E-07 2.77556E-17
 -1        81-4.49838E-07-8.99676E-07 0.00000E+00
 -1        82 8.99676E-07 4.49838E-07 0.00000E+00
 -1        83 0.00000E+00 0.00000E+00 0.00000E+00
 -1        84 0.00000E+00 0.00000E+00 0.00000E+00
 -1        85 0.00000E+00 0.00000E+00 0.00000E+00
 -1        86-5.20417E-18 0.00000E+00-3.96818E-17
 -1        87 1.73472E-18 6.93889E-18 0.00000E+00
 -1        88 6.93889E-18 1.73472E-18-6.93889E-18
 -1        89 0.00000E+00 0.00000E+00 0.00000E+00
 -1        90 0.00000E+00 0.00000E+00 0.00000E+00
 -1        91 0.00000E+00 0.00000E+00 0.00000E+00
 -1        92 0.00000E+00 0.00000E+00-1.73472E-18
 -1        93 0.00000E+00-6.93889E-18-1.38778E-17
 -1        94-3.46945E-18-1.73472E-18-2.16840E-19
 -1        95 0.00000E+00-6.93889E-18 0.00000E+00
 -1        96 0.00000E+00 0.00000E+00-1.73472E-18
 -1        97 0.00000E+00-6.93889E-18-3.46945E-18
 -1       151 0.00000E+00 0.00000E+00 0.00000E+00
 -1       152-1.73508E-18 0.00000E+00 0.00000E+00
 -1       154 0.00000E+00 0.00000E+00 0.00000E+00
 -1       155 0.00000E+00 0.00000E+00 0.00000E+00
 -1       156 0.00000E+00 0.00000E+00 0.00000E+00
 -1       157 0.00000E+00 0.00000E+00 0.00000E+00
 -1       158 0.00000E+00 0.00000E+00 0.00000E+00
 -1       159 0.00000E+00 0.00000E+00 0.00000E+00
 -1       160 0.00000E+00 0.00000E+00 0.00000E+00
 -1       161 0.00000E+00 0.00000E+00 0.00000E+00
 -1       162 0.00000E+00 0.00000E+00 0.00000E+00
 -1       163 0.00000E+00 0.00000E+00 0.00000E+00
 -1       164 0.00000E+00 0.00000E+00 0.00000E+00
 -1       165-1.38778E-17-1.04083E-17-1.38778E-17
 -1       166 0.00000E+00 1.73472E-18-1.04083E-17
 -1       167 0.00000E+00 1.73472E-18-1.73472E-18
 -1       168-1.38778E-17-8.67362E-19-6.93889E-18
 -1       169-1.38778E-17 6.93889E-18 0.00000E+00
 -1       170-1.38778E-17 3.46945E-18 3.46945E-18
 -1       171 0.00000E+00 1.73472E-18-3.46945E-18
 -1       172-1.38778E-17 6.93889E-18 0.00000E+00
 -1       173-2.77556E-17 8.67362E-19 1.38778E-17
 -1       174-1.38778E-17-1.04083E-17-1.38778E-17
 -1       175-7.70372E-34 1.73472E-18-1.04083E-17
 -1       176-7.70372E-34 1.73472E-18-1.73472E-18
 -1       177-1.38778E-17-8.67362E-19-6.93889E-18
 -1       178-1.38778E-17 6.93889E-18-9.62965E-34
 -1       179-1.38778E-17 3.46945E-18 3.46945E-18
 -1       180-1.54074E-33 1.73472E-18-3.46945E-18
 -1       181-1.38778E-17 6.93889E-18-1.92593E-34
 -1       182-2.77556E-17 8.67362E-19 1.38778E-17
 -1       183 0.00000E+00 3.46945E-18-6.93889E-18
 -1       184 0.00000E+00 0.00000E+00 6.93889E-18
 -1       185-2.77556E-17 3.46945E-18-6.93889E-18
 -1       186 0.00000E+00 6.93889E-18-1.38778E-17
 -1       187-5.55112E-17 0.00000E+00-6.93889E-18
 -1       188-8.32667E-17 0.00000E+00 6.93889E-18
 -1       189-5.55112E-17 0.00000E+00-1.38778E-17
 -1       190 0.00000E+00 1.73472E-18 3.46945E-18
 -1       191-2.77556E-17-6.93889E-18 1.38778E-17
 -1       192 0.00000E+00 0.00000E+00 0.00000E+00
 -1       193 0.00000E+00 0.00000E+00 0.00000E+00
 -1       194 0.00000E+00 0.00000E+00 0.00000E+00
 -1       195 0.00000E+00 0.00000E+00 0.00000E+00
 -1       196 0.00000E+00 0.00000E+00 0.00000E+00
 -1       197 0.00000E+00 0.00000E+00 0.00000E+00
 -1       198 0.00000E+00 0.00000E+00 0.00000E+00
 -1       199 0.00000E+00 0.00000E+00 0.00000E+00
 -1       200 0.00000E+00 0.00000E+00 0.00000E+00
 -1       201 6.93889E-18 8.67362E-19 6.93889E-18
 -1       202 3.46945E-18 0.00000E+00 1.73472E-18
 -1       203 6.93889E-18 6.93889E-18 0.00000E+00
 -1       204 0.00000E+00-1.73472E-18 3.46945E-18
 -1       205 6.93889E-18 8.67362E-19 8.67362E-19
 -1       206 1.38778E-17 6.93889E-18-8.67362E-19
 -1       207 1.38778E-17 0.00000E+00 6.93889E-18
 -1       208 1.73472E-18 0.00000E+00 6.93889E-18
 -1       209 4.33681E-19 1.04083E-17 0.00000E+00
 -1       210 0.00000E+00 0.00000E+00 5.04765E+02
 -1       211-6.27761E-03 1.55320E-03 5.04759E+02
 -1       212-1.47755E-02 8.26276E-03 5.04730E+02
 -1       213 0.00000E+00 0.00000E+00 5.04768E+02
 -1       214-6.12373E-03-1.60955E-13 5.04766E+02
 -1       215-7.16642E-03-4.67182E-13 5.04743E+02
 -1       216 0.00000E+00 0.00000E+00 5.04765E+02
 -1       217-6.27761E-03-1.55320E-03 5.04759E+02
 -1       218-1.47755E-02-8.26276E-03 5.04730E+02
 -1       219 0.00000E+00 0.00000E+00 5.04723E+02
 -1       220 9.61082E-03-1.51960E-03 5.04775E+02
 -1       221 2.36904E-02-1.39344E-02 5.04687E+02
 -1       222 0.00000E+00 0.00000E+00 5.04784E+02
 -1       223 1.02857E-02-1.06817E-13 5.04758E+02
 -1       224 1.15675E-02-1.92207E-13 5.04758E+02
 -1       225 0.00000E+00 0.00000E+00 5.04723E+02
 -1       226 9.61082E-03 1.51960E-03 5.04775E+02
 -1       227 2.36904E-02 1.39344E-02 5.04687E+02
 -1       251 0.00000E+00 0.00000E+00-6.72205E-18
 -1       253 0.00000E+00-0.00000E+00 6.72205E-18
 -1       254-4.44089E-16-5.55112E-17-8.88178E-16
 -1       256 4.44089E-16 5.55112E-17-1.77636E-15
 -1       257-2.22045E-16-2.22045E-16 0.00000E+00
 -1       259 2.22045E-16-2.77556E-17-7.10543E-15
 -1       260 0.00000E+00 0.00000E+00 0.00000E+00
 -1       262 0.00000E+00-0.00000E+00 0.00000E+00
 -1       263-2.22045E-16-6.93889E-18-1.77636E-15
 -1       265 2.22045E-16 0.00000E+00 0.00000E+00
 -1       266-2.22045E-16-1.11022E-16-3.55271E-15
 -1       268 6.66134E-16 0.00000E+00-3.55271E-15
 -1       269 0.00000E+00 0.00000E+00 5.42101E-18
 -1       271 0.00000E+00-0.00000E+00-5.42101E-18
 -1       272-4.44089E-16 1.38778E-17-8.88178E-16
 -1       274 2.22045E-16-2.77556E-17-1.77636E-15
 -1       275-2.22045E-16 4.16334E-17 3.55271E-15
 -1       277 2.22045E-16 1.38778E-17-1.06581E-14
 -1       278 0.00000E+00 0.00000E+00 1.73472E-18
 -1       279 0.00000E+00 0.00000E+00 0.00000E+00
 -1       280 0.00000E+00-0.00000E+00-1.73472E-18
 -1       281-2.22045E-16 0.00000E+00-8.88178E-16
 -1       282 0.00000E+00-4.16334E-17-1.77636E-15
 -1       283 2.22045E-16-1.38778E-17-1.77636E-15
 -1       284-4.44089E-16 0.00000E+00 3.55271E-15
 -1       285 0.00000E+00-5.55112E-17-3.55271E-15
 -1       286 2.22045E-16-1.11022E-16-7.10543E-15
 -1       287 0.00000E+00 0.00000E+00 5.63785E-18
 -1       288 0.00000E+00 0.00000E+00 0.00000E+00
 -1       289 0.00000E+00-0.00000E+00-5.63785E-18
 -1       290-1.11022E-16 1.38778E-17-8.88178E-16
 -1       291 3.46945E-18 0.00000E+00-1.77636E-15
 -1       292 2.22045E-16-5.55112E-17-1.77636E-15
 -1       293-4.44089E-16 2.42861E-17 0.00000E+00
 -1       294 6.93889E-18-5.55112E-17-7.10543E-15
 -1       295 2.22045E-16-1.11022E-16-7.10543E-15
 -1       296 0.00000E+00 0.00000E+00-9.54098E-18
 -1       297 0.00000E+00 0.00000E+00 0.00000E+00
 -1       298 0.00000E+00-0.00000E+00 9.54098E-18
 -1       299-1.11022E-16 2.77556E-17-1.33227E-15
 -1       300 1.38778E-17 0.00000E+00 0.00000E+00
 -1       301 3.33067E-16-5.55112E-17-8.88178E-16
 -1       302-2.22045E-16 2.77556E-17-3.55271E-15
 -1       303-2.77556E-17 0.00000E+00 0.00000E+00
 -1       304 2.22045E-16 1.11022E-16 0.00000E+00
 -1       305-3.33067E-16-2.77556E-17-4.44089E-16
 -1       307 1.11022E-16 1.38778E-17-1.33227E-15
 -1       308-4.44089E-16 0.00000E+00-8.88178E-16
 -1       310 1.11022E-16-2.77556E-17-8.88178E-16
 -1       311-2.22045E-16 1.38778E-17-1.11022E-15
 -1       313 2.22045E-16-2.77556E-17-2.22045E-16
 -1       314-5.55112E-17-3.25261E-18-6.93889E-18
 -1       316 0.00000E+00 0.00000E+00-1.38778E-17
 -1       317-4.44089E-16-5.55112E-17-1.77636E-15
 -1       319 2.22045E-16-5.55112E-17 0.00000E+00
 -1       320-4.44089E-16-4.16334E-17 0.00000E+00
 -1       322 2.22045E-16-1.66533E-16 0.00000E+00
 -1       323-4.44089E-16 3.46945E-17-1.77636E-15
 -1       325 2.22045E-16 0.00000E+00-1.77636E-15
 -1       326-1.11022E-16 2.77556E-17 0.00000E+00
 -1       328 1.11022E-16-5.55112E-17-8.88178E-16
 -1       329-5.55112E-17 2.77556E-17-1.11022E-16
 -1       331 5.55112E-17 0.00000E+00-3.33067E-16
 -1       332-2.77556E-17 4.77049E-18 2.77556E-17
 -1       334 0.00000E+00 6.93889E-18 5.55112E-17
 -1       335 0.00000E+00 5.55112E-17-3.55271E-15
 -1       337 0.00000E+00 0.00000E+00-3.55271E-15
 -1       338-1.11022E-16 0.00000E+00-1.77636E-15
 -1       340 4.44089E-16-1.11022E-16-1.77636E-15
 -1       341 0.00000E+00 0.00000E+00 0.00000E+00
 -1       343 0.00000E+00-0.00000E+00 0.00000E+00
 -1       344 0.00000E+00 0.00000E+00 0.00000E+00
 -1       346 0.00000E+00-0.00000E+00 0.00000E+00
 -1       347-8.67362E-19-4.16334E-17-5.55112E-17
 -1       349 0.00000E+00 2.77556E-17-5.55112E-17
 -1       350 0.00000E+00 0.00000E+00 0.00000E+00
 -1       351 0.00000E+00 0.00000E+00 0.00000E+00
 -1       352 0.00000E+00-0.00000E+00 0.00000E+00
 -1       353 0.00000E+00 0.00000E+00 0.00000E+00
 -1       354 0.00000E+00 0.00000E+00 0.00000E+00
 -1       355 0.00000E+00-0.00000E+00 0.00000E+00
 -1       356 1.38778E-17 2.77556E-17 1.11022E-16
 -1       357 0.00000E+00 2.77556E-17 0.00000E+00
 -1       358 1.38778E-17-3.46945E-18 1.11022E-16
 -1       359 0.00000E+00 2.77556E-17 0.00000E+00
 -1       361 1.73472E-18-3.46945E-18-1.73472E-18
 -1       362 1.38778E-17 1.38778E-17 5.55112E-17
 -1       364 0.00000E+00-3.46945E-18-5.55112E-17
 -1       365 0.00000E+00 2.77556E-17 5.55112E-17
 -1       367 0.00000E+00-8.67362E-19 5.55112E-17
 -1       368 9.21572E-19 6.93889E-18 2.08167E-17
 -1       369-9.21572E-19 0.00000E+00-2.08167E-17
 -1       370 1.83744E-18-6.93889E-18 3.46945E-18
 -1       371-4.20232E-34-2.08166E-17-3.46945E-18
 -1       376-1.66533E-16 2.22045E-16 4.44089E-16
 -1       377-4.44089E-16 2.22045E-16-4.44089E-16
 -1       378 0.00000E+00 0.00000E+00-8.88178E-16
 -1       379 4.44089E-16 0.00000E+00-8.88178E-16
 -1       384-1.11022E-16 8.88178E-16-3.55271E-15
 -1       385-4.44089E-16 1.77636E-15-1.77636E-15
 -1       386 1.11022E-16 1.77636E-15-1.77636E-15
 -1       387 0.00000E+00 8.88178E-16 0.00000E+00
 -1       392-3.33067E-16 5.32907E-15-7.10543E-15
 -1       393 0.00000E+00 3.55271E-15 3.55271E-15
 -1       394 2.22045E-16 1.77636E-15-7.10543E-15
 -1       395 4.44089E-16 3.55271E-15-7.10543E-15
 -1       400-1.11022E-16 3.55271E-15-3.55271E-15
 -1       401 0.00000E+00 3.55271E-15-7.10543E-15
 -1       402 0.00000E+00 3.55271E-15-1.06581E-14
 -1       403 8.88178E-16 3.55271E-15 7.10543E-15
 -1       408-2.77556E-17 6.07153E-18-2.08167E-17
 -1       409 2.77556E-17 4.33681E-19 1.38778E-17
 -1       410-5.53592E-17-6.50521E-18 6.93889E-18
 -1       411 1.09163E-27 5.46437E-17 0.00000E+00
 -1       412 0.00000E+00-2.40692E-17-3.46945E-18
 -1       413 1.38778E-17-3.03577E-18 1.04083E-17
 -1       414 0.00000E+00 2.40692E-17 3.46945E-18
 -1       415-1.38778E-17 3.03577E-18-1.04083E-17
 -1       416-1.11022E-16 0.00000E+00-1.11022E-16
 -1       417 2.22045E-16-8.88178E-16 0.00000E+00
 -1       418 1.11022E-16-8.88178E-16 1.11022E-16
 -1       419-6.66134E-16-4.44089E-16 0.00000E+00
 -1       424-2.22045E-16-5.32907E-15 0.00000E+00
 -1       425 0.00000E+00 0.00000E+00 0.00000E+00
 -1       426 0.00000E+00-3.55271E-15 0.00000E+00
 -1       427 0.00000E+00 0.00000E+00 8.88178E-16
 -1       428 0.00000E+00-3.55271E-15 4.44089E-16
 -1       429 0.00000E+00 0.00000E+00 8.88178E-16
 -1       430-2.22045E-16-1.77636E-15 0.00000E+00
 -1       431-4.44089E-16 0.00000E+00-8.88178E-16
 -1       432-6.66134E-16-7.10543E-15 8.88178E-16
 -1       433 4.44089E-16 0.00000E+00-8.88178E-16
 -1       434 4.44089E-16 0.00000E+00 0.00000E+00
 -1       435 0.00000E+00-3.55271E-15 0.00000E+00
 -1       440-4.44089E-16 0.00000E+00-1.42109E-14
 -1       441 8.88178E-16 0.00000E+00 0.00000E+00
 -1       442 2.22045E-16 0.00000E+00 3.55271E-15
 -1       443-8.88178E-16 1.59673E-14 3.55271E-15
 -1       444 2.22045E-16-7.10543E-15 0.00000E+00
 -1       445 4.44089E-16 0.00000E+00 1.77636E-15
 -1       446 0.00000E+00-7.10543E-15 1.77636E-15
 -1       447 0.00000E+00-7.10543E-15 0.00000E+00
 -1       448-1.80411E-16-1.73472E-18 1.38778E-16
 -1       449 1.66533E-16 1.73472E-18-5.55112E-17
 -1       450 1.38778E-17 0.00000E+00 2.77556E-17
 -1       451 0.00000E+00-3.12729E-16-1.11022E-16
 -1       457 1.38778E-17 4.33681E-19 0.00000E+00
 -1       458 0.00000E+00 0.00000E+00-1.38778E-17
 -1       459-1.38778E-17-4.33681E-19 0.00000E+00
 -1       460 0.00000E+00 3.99585E-17 1.38778E-17
 -1       466-2.77556E-17 1.73472E-18 1.38778E-17
 -1       467 0.00000E+00-5.20417E-18-1.11022E-16
 -1       468-5.55112E-17 3.46945E-18-1.38778E-17
 -1       469 2.77556E-17-1.59750E-16 1.66533E-16
 -1       475-5.89806E-17-2.16840E-19-2.42861E-17
 -1       476 0.00000E+00 0.00000E+00 5.55112E-17
 -1       477 6.93889E-18 2.16840E-19 1.38778E-17
 -1       478-3.46945E-18-1.07046E-16 1.04083E-17
 -3
    1PSTEP                        12           1           2          
    1PGM                1.000000E+00                                  
    1PGK                2.038017E+07                                  
    1PHID                         -1                                  
    1PSUBC                         0                                  
    1PMODE                         2                                  
  100CL  103 718.4954833         328                     2    3MODAL      1
 -4  STRESS      6    1
 -5  SXX         1    4    1    1
 -5  SYY         1    4    2    2
 -5  SZZ         1    4    3    3
 -5  SXY         1    4    1    2
 -5  SYZ         1    4    2    3
 -5  SZX         1    4    3    1
 -1         1 1.17691E-12 5.04392E-13 5.04394E-13 1.12084E-13-1.43103E-19-1.90956E-19
 -1         2 3.08233E-13-2.80263E-14 8.40638E-14-2.24179E-13-9.34082E-20-4.48353E-13
 -1         3-3.92313E-13-1.68134E-13-1.68132E-13-1.12090E-13-1.43103E-19 1.58978E-18
 -1         4 3.92300E-13 1.68130E-13 1.68131E-13 5.60437E-14 1.35166E-19 1.12090E-13
 -1         5 1.71625E-13-1.50623E-13-2.48699E-13-1.12088E-13 2.80222E-14 2.24178E-13
 -1         6 3.92300E-13 1.68129E-13 1.68131E-13-5.60422E-14 1.35166E-19-1.12086E-13
 -1         7 3.92298E-13 1.68130E-13 1.68132E-13 1.40143E-14 1.64960E-19 5.60423E-14
 -1         8 2.55692E-13-5.25442E-14-6.65539E-14 2.98906E-18-1.40110E-14-2.24177E-13
 -1         9 3.92304E-13 1.68132E-13 1.68134E-13-1.40051E-14 1.64960E-19-5.60438E-14
 -1        10-3.92321E-13-1.68136E-13-1.68134E-13-2.82203E-18-5.22717E-19 1.12688E-18
 -1        11 4.34333E-13 3.22251E-13 1.54120E-13 4.48353E-13 1.40107E-14-1.12088E-13
 -1        12 1.17692E-12 5.04397E-13 5.04399E-13 2.78382E-19-5.22717E-19 1.51248E-18
 -1        13 1.17692E-12 5.04397E-13 5.04398E-13 5.60438E-14-3.95072E-20 1.40122E-14
 -1        14 3.08234E-13 1.40108E-13-8.40684E-14 5.60449E-19-1.05083E-14-5.60434E-14
 -1        15-3.92321E-13-1.68136E-13-1.68134E-13-5.60421E-14-3.95072E-20-1.40097E-14
 -1        16-3.92317E-13-1.68134E-13-1.68132E-13 5.60461E-14 5.19798E-19 7.00607E-15
 -1        17 3.08234E-13 8.40637E-14-2.80236E-14-4.48352E-13-1.35729E-14-5.60436E-14
 -1        18 1.17692E-12 5.04396E-13 5.04398E-13-5.60401E-14 5.19798E-19-7.00417E-15
 -1        19 3.92300E-13 1.68130E-13 1.68132E-13 1.12083E-13-6.04162E-19-5.60418E-14
 -1        20 1.82134E-13-2.10170E-13-1.54124E-13-1.12091E-13 1.12088E-13 2.24178E-13
 -1        21 3.92300E-13 1.68130E-13 1.68132E-13-1.12091E-13-6.04162E-19 5.60457E-14
 -1        22-3.40751E-18-2.97287E-19 1.68416E-18 2.80213E-14-1.39638E-19-5.60432E-14
 -1        23 2.03807E-13-1.31576E-13-1.60473E-13-5.60440E-14-2.80222E-14-3.36265E-13
 -1        24 7.84604E-13 3.36260E-13 3.36262E-13-2.80206E-14-1.39638E-19 5.60443E-14
 -1        25-7.42998E-18-1.69361E-18 2.16138E-19 8.79134E-16 7.25552E-19-5.60411E-14
 -1        26 2.57006E-13-2.14576E-14-9.32630E-14 2.98906E-18-5.51681E-14 1.12090E-13
 -1        27 7.84609E-13 3.36262E-13 3.36264E-13-8.69975E-16 7.25552E-19 5.60465E-14
 -1        30-2.01759E-12-1.12087E-12-1.71863E-12-7.84626E-13-3.73619E-13 2.89554E-12
 -1        31-5.15596E-12-2.46592E-12-3.06375E-12 1.45715E-12-3.73619E-13-6.91150E-13
 -1        32-4.48181E-13-4.48295E-13-1.04612E-12 1.45715E-12-2.98893E-13 2.97041E-12
 -1        33-6.72531E-12-3.13847E-12-3.73623E-12-7.84624E-13-2.98893E-13 7.28500E-13
 -1        34 6.72483E-13 3.73618E-13-7.47169E-14-4.85713E-13-3.73622E-13 9.90069E-13
 -1        35 6.72581E-13 3.73631E-13-7.47693E-14 4.10991E-13-3.73622E-13 9.90085E-13
 -1        36 1.90566E-12 1.15830E-12 1.30770E-12-3.73586E-14-4.48348E-13 4.50218E-12
 -1        37 3.36179E-13 4.85691E-13 6.35165E-13-3.73637E-14-4.48348E-13-1.32641E-12
 -1        38-3.58678E-12-1.79339E-12-2.39119E-12 3.36260E-13-3.73619E-13 1.10219E-12
 -1        39-2.80207E-12-1.45711E-12-2.05493E-12 1.45715E-12-3.36256E-13 1.13963E-12
 -1        40-3.58675E-12-1.79338E-12-2.39118E-12 3.36260E-13-2.98893E-13 1.84945E-12
 -1        41-4.37145E-12-2.12967E-12-2.72743E-12-7.84625E-13-3.36256E-13 1.81202E-12
 -1        42 6.72532E-13 3.73624E-13-7.47431E-14-3.73612E-14-3.73622E-13 9.90077E-13
 -1        43 1.28912E-12 7.65963E-13 6.16467E-13 1.86816E-13-4.10985E-13 2.74613E-12
 -1        44 1.12092E-12 8.21993E-13 9.71435E-13-3.73612E-14-4.48348E-13 1.58789E-12
 -1        45 5.04331E-13 4.29654E-13 2.80224E-13-2.61539E-13-4.10985E-13-1.68171E-13
 -1        46-7.84596E-13-4.85693E-13-1.15818E-12-6.35175E-13-3.73619E-13 1.99885E-12
 -1        47-2.35375E-12-1.15821E-12-1.83077E-12 9.34066E-13-3.73619E-13 2.05507E-13
 -1        48 3.92504E-13 1.87501E-14-6.53806E-13 7.09889E-13-2.98893E-13 3.86706E-12
 -1        49-3.53079E-12-1.66263E-12-2.33512E-12-4.10999E-13-2.98893E-13-1.68190E-13
 -1        50-1.79354E-12-1.19566E-12-8.96757E-13-4.85712E-13 2.24185E-13 8.78031E-13
 -1        51 1.07605E-11 4.18461E-12 4.48345E-12-9.34062E-13 2.24185E-13 8.77892E-13
 -1        52 1.47958E-11 6.42642E-12 7.92087E-12-3.73608E-14 6.30697E-18 6.53733E-13
 -1        53-4.03532E-12-1.64402E-12-1.49495E-13-1.38241E-12 6.30697E-18 1.99890E-12
 -1        54 4.48348E-12 1.49448E-12 1.79335E-12-7.09887E-13 2.24185E-13 8.77961E-13
 -1        55 1.27781E-11 5.30552E-12 6.20216E-12-4.85711E-13 1.12095E-13 7.65812E-13
 -1        56 5.38022E-12 2.39120E-12 3.88569E-12-7.09887E-13 6.30697E-18 1.32632E-12
 -1        57-2.91443E-12-1.41984E-12-5.23126E-13-9.34063E-13 1.12095E-13 1.43847E-12
 -1        58-4.48485E-13-2.98955E-13-2.24229E-13-4.85707E-13-7.47198E-14 8.78007E-13
 -1        59 5.82860E-12 2.39120E-12 2.46585E-12-2.61532E-13-7.47198E-14 8.77949E-13
 -1        60 8.68694E-12 4.12861E-12 5.39888E-12-3.73556E-14-2.98898E-13 2.44719E-12
 -1        61-1.51335E-12-2.42917E-13 1.02743E-12-7.09884E-13-2.98898E-13 2.05480E-13
 -1        63 1.75140E-14 1.75140E-14 4.08661E-14 0.00000E+00 2.33520E-14 4.67041E-14
 -1        64 1.75140E-14 1.75140E-14 4.08661E-14 0.00000E+00 2.33520E-14 4.67041E-14
 -1        65 1.75140E-14 1.75140E-14 4.08661E-14 0.00000E+00 2.33520E-14 4.67041E-14
 -1        66 1.75140E-14 1.75140E-14 4.08661E-14 0.00000E+00 2.33520E-14 4.67041E-14
 -1        67-5.25395E-14-5.25349E-14-1.22597E-13 1.14589E-18 7.47266E-13-3.73634E-13
 -1        68 5.42938E-13 5.42943E-13 1.26685E-12 1.14589E-18 9.34082E-14-3.73634E-13
 -1        69-2.97736E-13-2.97732E-13-6.94722E-13 1.14589E-18 1.86816E-13-6.04775E-19
 -1        70-1.17344E-12-2.85478E-12-1.05668E-12-4.20336E-13-9.92463E-13 9.69110E-13
 -1        71 2.45199E-13 2.45204E-13 5.72127E-13 1.14589E-18 4.20337E-13-3.73634E-13
 -1        72 1.22601E-13 1.22606E-13 2.86064E-13 1.14589E-18 1.40112E-13-1.86817E-13
 -1        73-1.75138E-13-1.75133E-13-4.08660E-13 1.14589E-18 4.67041E-13-1.86817E-13
 -1        74-6.12989E-13-1.45366E-12-5.89638E-13-2.10167E-13-1.22598E-13 2.97738E-13
 -1        75-3.15250E-13-1.15592E-12 1.05086E-13-2.10167E-13-4.49527E-13 2.97738E-13
 -1        76-7.35587E-13-1.57626E-12-8.75701E-13-2.10167E-13-4.02823E-13 4.84555E-13
 -1        77 1.86816E-13 1.86816E-13 4.35905E-13-1.42714E-13 4.26829E-13-7.13631E-14
 -1        78 1.86816E-13 1.86816E-13 4.35905E-13-9.78188E-13 9.10509E-15-4.89098E-13
 -1        79 1.86816E-13 1.86816E-13 4.35905E-13-1.42714E-13 4.26829E-13-7.13631E-14
 -1        80 1.86816E-13 1.86816E-13 4.35905E-13-9.78188E-13 9.10509E-15-4.89098E-13
 -1        81 1.86816E-13 1.86816E-13 4.35905E-13-1.42714E-13 4.26829E-13-7.13631E-14
 -1        82 1.86816E-13 1.86816E-13 4.35905E-13-9.78188E-13 9.10509E-15-4.89098E-13
 -1        83 1.12391E-12 1.18696E-12 2.92370E-12-3.15262E-14-6.42541E-13-2.04305E-13
 -1        84-2.68454E-13-2.05404E-13-3.25143E-13-3.15244E-14-4.40175E-13-2.97724E-13
 -1        85-2.01311E-13-1.38255E-13-1.68485E-13-3.15250E-14-7.35965E-13-4.22273E-13
 -1        86-1.36307E-12-2.21075E-12-4.39714E-12-2.76722E-13 2.63111E-12 1.77915E-12
 -1        87-8.81444E-13-2.00934E-12-5.64501E-13 1.43615E-13-1.70848E-12-8.65469E-13
 -1        88 6.56874E-13 9.30098E-13 4.09476E-13 3.50292E-15-1.09938E-12-1.95329E-12
 -1        89 4.27728E-13 4.90779E-13 1.29928E-12-3.15253E-14-5.41358E-13-2.51014E-13
 -1        90-2.34883E-13-1.71829E-13-2.46814E-13-3.15247E-14-5.88070E-13-3.59998E-13
 -1        91 4.61300E-13 5.24354E-13 1.37761E-12-3.15256E-14-6.89253E-13-3.13289E-13
 -1        92-1.12226E-12-2.11005E-12-2.48082E-12-6.65533E-14 4.61317E-13 4.56842E-13
 -1        93-1.12285E-13-5.39623E-13-7.75124E-14 7.35591E-14-1.40393E-12-1.40938E-12
 -1        94-3.53100E-13-6.40326E-13-1.99383E-12-1.36609E-13 7.65866E-13-8.70666E-14
 -1        95-1.19582E-13-5.11894E-13-7.36724E-13-1.54124E-13 9.94286E-13 7.87424E-13
 -1        96-5.74949E-13-1.10737E-12-4.44822E-13 5.60454E-14-1.07433E-12-5.81596E-13
 -1        97 2.27782E-13 3.95922E-13 1.20495E-13-1.40111E-14-9.17673E-13-1.18778E-12
 -1       151 0.00000E+00 0.00000E+00 0.00000E+00 0.00000E+00 0.00000E+00 0.00000E+00
 -1       152 0.00000E+00 0.00000E+00 0.00000E+00 0.00000E+00 0.00000E+00 0.00000E+00
 -1       154 0.00000E+00 0.00000E+00 0.00000E+00 0.00000E+00 0.00000E+00 0.00000E+00
 -1       155 0.00000E+00 0.00000E+00 0.00000E+00 0.00000E+00 0.00000E+00 0.00000E+00
 -1       156-3.36269E-13-3.36270E-13-7.84614E-13-3.05993E-19-1.68136E-13-2.24174E-13
 -1       157-2.52201E-13-2.52203E-13-5.88461E-13 1.62774E-18 2.80194E-14 3.01897E-18
 -1       158-4.20334E-14-4.20355E-14-9.80759E-14 4.35659E-18 2.80180E-14 2.27769E-18
 -1       159-1.68131E-13-1.68133E-13-3.92303E-13-1.87415E-18-1.40134E-14-2.24174E-13
 -1       160 2.32836E-18-3.07085E-19 3.10737E-18 6.21072E-19 1.12086E-13-2.24174E-13
 -1       161 8.40697E-14 8.40667E-14 1.96156E-13 3.51385E-18 5.60407E-14-2.24174E-13
 -1       162-8.40601E-14-8.40636E-14-1.96150E-13-3.34291E-18 2.80198E-14 3.76025E-18
 -1       163 4.81949E-18 1.83043E-18 1.28195E-18-3.11054E-19 1.12086E-13-2.24172E-13
 -1       164 3.36269E-13 3.36267E-13 7.84617E-13 2.72080E-18 1.40076E-14-4.48349E-13
 -1       165 6.79535E-13 5.39424E-13-2.17165E-13 1.96155E-13-5.60464E-14-1.68129E-13
 -1       166 2.66210E-13 2.10165E-13-2.94228E-13-1.26098E-13 1.96153E-13 9.80810E-14
 -1       167 2.80225E-19 5.60431E-14-5.60422E-14-2.24174E-13 1.12085E-13 1.40113E-13
 -1       168-2.10142E-14 1.75139E-13-2.45187E-13 2.38187E-13 7.00534E-14-1.12085E-13
 -1       169 6.30518E-14 1.47116E-13 6.30530E-14-7.70604E-14 1.96153E-13-1.40107E-13
 -1       170 7.35602E-14 5.95472E-14 1.85647E-13-2.80219E-13 1.82141E-13-1.68129E-13
 -1       171-8.05631E-13-2.73213E-13-4.69366E-13 3.08241E-13 8.40642E-14 5.60485E-14
 -1       172-7.84616E-13-3.36264E-13-3.36265E-13-7.00573E-15 1.12086E-13-8.40613E-14
 -1       173-5.11402E-13-1.47116E-13 3.85301E-13-3.22253E-13 1.82141E-13-2.24171E-13
 -1       174 1.18396E-12 1.04383E-12 9.59766E-13 1.96165E-13 3.36266E-13 2.80222E-13
 -1       175 9.38767E-13 8.82705E-13 1.27502E-12-1.26087E-13 1.40110E-13 9.80845E-14
 -1       176-8.40414E-14-2.80129E-14-2.52191E-13-2.24159E-13 1.12089E-13-3.08229E-13
 -1       177-2.10131E-14 1.75138E-13-2.45193E-13 2.38191E-13 2.10166E-13 3.36266E-13
 -1       178-1.05066E-13-2.10095E-14-3.29253E-13-7.70575E-14-2.80232E-14-5.88460E-13
 -1       179 7.35860E-14 5.95587E-14 1.85656E-13-2.80218E-13 7.00552E-14-1.06483E-12
 -1       180-9.73750E-13-4.41338E-13-8.61666E-13 3.08239E-13 2.80211E-14-8.40660E-13
 -1       181-7.00527E-13-2.52184E-13-1.40095E-13-7.01076E-15-8.40675E-14 3.64294E-13
 -1       182-8.47638E-13-4.83366E-13-3.99300E-13-3.22267E-13 4.20326E-14 2.24185E-13
 -1       183 2.52211E-13 3.64286E-13 4.76378E-13-5.60376E-14 1.12088E-13 4.48355E-13
 -1       184-3.64274E-13 8.40678E-14 6.44513E-13-8.96699E-13-2.52201E-13 7.17678E-18
 -1       185-1.77939E-12-9.94782E-13-1.05083E-12-8.40650E-13 2.52199E-13-6.72517E-13
 -1       186-3.34864E-12-1.61127E-12-1.77941E-12-5.60442E-13 7.00544E-14 3.36267E-13
 -1       187-2.50096E-12-1.12789E-12-1.38008E-12-5.60417E-14-1.40112E-13-5.04393E-13
 -1       188-1.61125E-12-8.82689E-13-6.02470E-13 3.79407E-18 1.12088E-13-8.96701E-13
 -1       189 2.71816E-12 7.00562E-13 5.88478E-13-8.68690E-13-2.80226E-14-6.16482E-13
 -1       190 9.10739E-13 5.18421E-13 5.74467E-13 8.40660E-13 8.40654E-14 4.48361E-13
 -1       191-1.73735E-12-1.06483E-12-8.40652E-13 7.56591E-13-1.40112E-14 1.68141E-13
 -1       192 1.68128E-13 1.68130E-13 3.92305E-13-1.61048E-19 1.40116E-14 1.12087E-13
 -1       193 4.20281E-14 4.20307E-14 9.80731E-14-1.41608E-18-4.91888E-19 5.60421E-14
 -1       194-5.88402E-18-3.13331E-18-3.32013E-18-3.06866E-18 1.12087E-13 1.12085E-13
 -1       195 8.40656E-14 8.40646E-14 1.96149E-13-4.39203E-19-2.80226E-14-1.58794E-18
 -1       196 2.10139E-14 2.10141E-14 4.90339E-14-1.07126E-18 1.40097E-14 1.12087E-13
 -1       197-2.10212E-14-2.10198E-14-4.90430E-14-1.59150E-18 1.12087E-13 2.24175E-13
 -1       198 1.68131E-13 1.68130E-13 3.92304E-13-1.06522E-18-1.33164E-18 2.24175E-13
 -1       199 1.68129E-13 1.68129E-13 3.92304E-13-7.51291E-19-2.09478E-18 2.80201E-14
 -1       200-5.05773E-18-3.50936E-18-4.64222E-18 1.83826E-19 1.68130E-13 7.00371E-15
 -1       201-9.10753E-14-6.30520E-14 2.45189E-13-1.26100E-13-4.20329E-14 2.80208E-14
 -1       202 6.30461E-14 9.10698E-14 1.19090E-13 1.05082E-13-1.40117E-14-2.40584E-18
 -1       203 1.96151E-13 8.40642E-14 8.40639E-14 2.24175E-13 9.80762E-14 8.40632E-14
 -1       204 4.65866E-13 2.27678E-13 3.53774E-13 9.80771E-14-2.80224E-14-4.20350E-14
 -1       205 4.13324E-13 1.89147E-13 2.17167E-13 5.60435E-14 5.60430E-14 7.70587E-14
 -1       206 4.13323E-13 2.45191E-13 1.61123E-13 4.55349E-14 1.12087E-13 1.96153E-13
 -1       207-4.76378E-13-2.80247E-14 1.40105E-13 2.24176E-13 5.60434E-14 2.24175E-13
 -1       208-2.32937E-13-4.37875E-14 2.08410E-13-4.90393E-19 9.80757E-14-2.80244E-14
 -1       209 1.05046E-14 1.64627E-13 5.25375E-14-4.90386E-14 1.82141E-13-1.05085E-13
 -1       210-1.35612E+03-1.15330E+03-2.48822E+03 2.50898E+01 4.91777E+01-9.52839E+01
 -1       211-6.96455E+01 1.18854E+02 6.83279E+02 6.92236E+01 6.32414E+01-2.61511E+01
 -1       212-1.72090E+03-1.71331E+03-2.83334E+03 2.31300E+02-1.47583E+02 1.51033E+02
 -1       213 3.88390E+01 2.36683E+02 7.50105E+02-2.59994E-09 1.31647E-09-3.15827E+01
 -1       214-4.32714E+02-3.67129E+02-5.73595E+02-2.98257E-09-1.11855E-09 6.31675E+01
 -1       215 1.22182E+02-1.11078E+02 6.64340E+02-3.06946E-09-1.32900E-09-6.96054E+01
 -1       216-1.35612E+03-1.15330E+03-2.48822E+03-2.50898E+01-4.91777E+01-9.52839E+01
 -1       217-6.96455E+01 1.18854E+02 6.83279E+02-6.92236E+01-6.32414E+01-2.61511E+01
 -1       218-1.72090E+03-1.71331E+03-2.83334E+03-2.31300E+02 1.47583E+02 1.51033E+02
 -1       219-4.57814E+02-7.68313E+02-2.10323E+03-2.45473E+01 9.73347E+02 8.29296E+02
 -1       220 1.09220E+03 7.58612E+02 1.22376E+03-1.01644E+02-3.22204E+02-3.91672E+01
 -1       221 9.34274E+01 8.87378E+01-1.74843E+03-3.96372E+02 8.00142E+02-7.99579E+02
 -1       222 9.66598E+02 6.34294E+02 1.14772E+03-1.72552E-09 3.86058E-09-4.16618E+02
 -1       223 1.71336E+02 3.35721E+01-2.72170E+02 1.79310E-09 1.44991E-09 6.19289E+01
 -1       224 7.91459E+02 1.20023E+03 1.25852E+03 1.59787E-09-8.01265E-10 3.12953E+02
 -1       225-4.57814E+02-7.68313E+02-2.10323E+03 2.45473E+01-9.73347E+02 8.29296E+02
 -1       226 1.09220E+03 7.58612E+02 1.22376E+03 1.01644E+02 3.22204E+02-3.91672E+01
 -1       227 9.34274E+01 8.87378E+01-1.74843E+03 3.96372E+02-8.00142E+02-7.99579E+02
 -1       251-7.32575E-12-2.32247E-12-3.00818E-13 7.30460E-14-2.56869E-13-2.17868E-14
 -1       253 8.26193E-12 3.91602E-12 3.01606E-12 6.57360E-13-3.27577E-13-4.65296E-12
 -1       254-4.62144E-11-4.50446E-11-9.13147E-11 2.72468E-13-2.50631E-12 2.16575E-11
 -1       256-4.40898E-11-4.63529E-11-9.29882E-11-1.55353E-12 1.15631E-11 2.88383E-12
 -1       257-3.58507E-10-3.60006E-10-7.34482E-10-6.96734E-13-1.47999E-11 1.52893E-11
 -1       259-3.68569E-10-3.66270E-10-7.39870E-10 2.07879E-12 2.26880E-11-1.76268E-11
 -1       260-4.36269E-12-2.00714E-12-1.13080E-12 7.30469E-14 1.43788E-13-4.70319E-12
 -1       262 3.43118E-12 1.11213E-12 5.27659E-13 1.09566E-13 1.48353E-13 4.70301E-12
 -1       263 8.96613E-11 9.13784E-11 1.84667E-10-3.55351E-13 8.34248E-13 5.77163E-13
 -1       265 9.72514E-11 9.34904E-11 1.86715E-10-6.47511E-13 8.45627E-13 5.91330E-13
 -1       266 2.12303E-12 4.22182E-12 2.28072E-12-4.91582E-13 1.34622E-11 1.28693E-11
 -1       268 9.93455E-12 6.19013E-12 5.14378E-12 5.62190E-14-5.28177E-12 3.49144E-12
 -1       269-9.91220E-12-4.94546E-12-5.66281E-12 7.30488E-14-3.98744E-14-2.85952E-14
 -1       271 3.90533E-12 1.86018E-12 1.14284E-12-1.46068E-13 3.99642E-14-4.64608E-12
 -1       272-4.77537E-11-4.65850E-11-9.31186E-11-9.12982E-13 3.00615E-12 2.50773E-11
 -1       274-4.39099E-11-4.55898E-11-9.18860E-11 1.82619E-13-1.10405E-11-1.22223E-11
 -1       275-7.19632E-10-7.21385E-10-1.46992E-09-1.46057E-13 3.55889E-11 3.38221E-11
 -1       277-7.26188E-10-7.27064E-10-1.47468E-09-2.41030E-12-3.93870E-11-3.61596E-11
 -1       278-2.33398E-11-1.17901E-11-1.18359E-11-1.75300E-12-2.03241E-13-4.70224E-12
 -1       279-9.45548E-12-4.84925E-12-4.96327E-12-8.76479E-13-2.19108E-13-1.40238E-11
 -1       280 4.42831E-12 2.09093E-12 1.90786E-12 3.65210E-13-2.35086E-13-1.86713E-11
 -1       281-1.36257E-10-1.36403E-10-2.76497E-10-5.55115E-12-4.01727E-12-1.16824E-11
 -1       282-4.26407E-11-4.33711E-11-9.05532E-11-4.43727E-12 8.98386E-12 1.16869E-11
 -1       283 4.75309E-11 4.62161E-11 9.31068E-11-2.77557E-12 2.19857E-11 4.44044E-11
 -1       284-9.04777E-10-9.09122E-10-1.84204E-09 1.16868E-12-5.90170E-11 1.18034E-10
 -1       285-5.42080E-10-5.46718E-10-1.10537E-09 4.74760E-13 3.44752E-11-5.84287E-12
 -1       286-1.83755E-10-1.86093E-10-3.70742E-10-6.57341E-13 1.46667E-10-1.15698E-10
 -1       287-1.65328E-11-8.18325E-12-8.94569E-12 5.11290E-13 3.94830E-13-1.87877E-11
 -1       288-2.65387E-12-1.36421E-12-2.11487E-12 2.19126E-13 5.47906E-13-9.34912E-12
 -1       289 1.33839E-11 6.51803E-12 5.77893E-12-2.92177E-13 7.00619E-13 4.76353E-12
 -1       290-1.40296E-10-1.37520E-10-2.78199E-10 3.36903E-12 1.08832E-11-3.71045E-12
 -1       291-4.73177E-11-4.58934E-11-9.29306E-11 1.54301E-12 6.35473E-12-2.92155E-12
 -1       292 4.27140E-11 4.35174E-11 9.06290E-11 2.92155E-13-6.35471E-12 1.65655E-11
 -1       293-1.08017E-09-1.08177E-09-2.20559E-09 3.81640E-12-2.35376E-11 6.26694E-11
 -1       294-3.54287E-10-3.56077E-10-7.31798E-10-8.21713E-13-3.16086E-11-2.45419E-11
 -1       295 3.65241E-10 3.67579E-10 7.39214E-10-4.38250E-12-5.83784E-11-7.90309E-11
 -1       296-1.52281E-12-5.54999E-13 6.50563E-13 1.02258E-12-7.05417E-13 4.82518E-12
 -1       297-3.58275E-12-1.63801E-12-3.87405E-13 7.30408E-13-8.76293E-13 7.01209E-12
 -1       298-1.61219E-12-7.35708E-13 5.60301E-13 2.92167E-13-1.04778E-12-2.48800E-12
 -1       299 2.49403E-10 2.49257E-10 5.06509E-10-3.65232E-13-2.64412E-11-6.74492E-12
 -1       300 2.91644E-11 2.56583E-11 4.91770E-11 7.12168E-13-9.20287E-12 4.67446E-12
 -1       301-1.90356E-10-1.97368E-10-4.07729E-10 2.62948E-12-8.32714E-12 6.74512E-12
 -1       302 5.36381E-10 5.38681E-10 1.10084E-09-5.25901E-12 1.35853E-11-1.69452E-11
 -1       303 1.71375E-10 1.76452E-10 3.63474E-10 4.01759E-13 5.82876E-11 1.86982E-11
 -1       304-1.95338E-10-1.84820E-10-3.74143E-10 8.47276E-12 4.68922E-11 4.73310E-11
 -1       305-9.51315E-11-9.25705E-11-1.86287E-10-2.92164E-12-4.34822E-12 7.00306E-12
 -1       307 4.32266E-12 1.69322E-12 1.98580E-12-6.57354E-13 1.80070E-11 2.34668E-12
 -1       308-9.23250E-11-9.13024E-11-1.84938E-10 3.82891E-13-1.46098E-12-7.96010E-12
 -1       310 9.03205E-11 8.98823E-11 1.83816E-10-7.30449E-14-1.88937E-16 5.35934E-11
 -1       311-1.79560E-12-1.04204E-13-6.26848E-13 2.41037E-12 6.93220E-12 4.24341E-12
 -1       313 9.52784E-11 9.28681E-11 1.86434E-10-7.30412E-13-1.56346E-12 5.10621E-12
 -1       314-2.45350E-11-1.22640E-11-1.26286E-11-2.01995E-13 1.06159E-13-1.02279E-11
 -1       316 6.55456E-12 3.04862E-12 2.68365E-12 7.30551E-14 6.50996E-14-7.64419E-13
 -1       317-1.41033E-10-1.39024E-10-2.78929E-10-2.92167E-12-2.05252E-11 4.67469E-11
 -1       319 3.17181E-10 3.16743E-10 6.44412E-10-1.67997E-12 7.66201E-11-1.63607E-11
 -1       320-5.32690E-10-5.38278E-10-1.09949E-09 2.00846E-13-2.26249E-11 8.10036E-11
 -1       322 5.46768E-10 5.45600E-10 1.10656E-09-1.67997E-12-2.64817E-12-6.46413E-11
 -1       323-4.13974E-10-4.09154E-10-8.31184E-10 4.14511E-12 5.38695E-12 2.56740E-11
 -1       325 4.08561E-10 4.08780E-10 8.29282E-10-1.16866E-12-4.57787E-11-1.39874E-11
 -1       326 2.42672E-11 2.36829E-11 4.69103E-11-3.99267E-14-2.70213E-12-1.43631E-11
 -1       328-1.09975E-10-1.11728E-10-2.28594E-10 1.27838E-13 6.57648E-13 7.13165E-12
 -1       329 9.96858E-11 1.00754E-10 2.06034E-10 1.31474E-12-6.74019E-12-9.15285E-12
 -1       331-1.17721E-10-1.21081E-10-2.49780E-10 5.84329E-13-7.28341E-12 3.30983E-12
 -1       332-7.21848E-12-2.83598E-12-1.37542E-12 3.40099E-13-2.26638E-14-5.63663E-13
 -1       334 3.72081E-12 2.55216E-12 4.01297E-12-3.65270E-14 1.37079E-13 3.92382E-12
 -1       335-1.74542E-10-1.78012E-10-3.65034E-10 1.44260E-12-2.44500E-11-6.93934E-12
 -1       337 1.74544E-10 1.81555E-10 3.66205E-10 8.76529E-13 4.02281E-11-3.27961E-11
 -1       338 2.91515E-10 2.91551E-10 5.96537E-10-1.75297E-12 1.16919E-12-3.65252E-12
 -1       340-2.98353E-10-2.98353E-10-6.01038E-10 6.13552E-12-4.67415E-12 2.58563E-11
 -1       341-2.79246E-13-5.66954E-13-2.79246E-13-3.31986E-15 3.65205E-13 7.60844E-15
 -1       343 1.61092E-13 3.27065E-13 1.61092E-13-4.84355E-16 3.65205E-13 7.60844E-15
 -1       344 1.61092E-13 3.27065E-13 1.61092E-13-4.84355E-16 3.65205E-13 7.60844E-15
 -1       346-2.79246E-13-5.66954E-13-2.79246E-13-3.31986E-15 3.65205E-13 7.60844E-15
 -1       347-2.79246E-13-5.66954E-13-2.79246E-13-3.31986E-15 3.65205E-13 7.60844E-15
 -1       349 1.61092E-13 3.27065E-13 1.61092E-13-4.84355E-16 3.65205E-13 7.60844E-15
 -1       350 1.36964E-12 2.18222E-12 1.96820E-12 3.89552E-13-4.46862E-13 6.59464E-14
 -1       351 1.07515E-12 1.49209E-12 1.64328E-12 1.15649E-13-4.46862E-13 5.07296E-14
 -1       352 7.80659E-13 8.01967E-13 1.31836E-12-1.58254E-13-4.46862E-13 3.55128E-14
 -1       353-3.82918E-12-4.47742E-12-7.12616E-12-3.40858E-13-2.49050E-13-1.77524E-13
 -1       354-3.51992E-12-3.75730E-12-6.78646E-12-2.03907E-13-1.20771E-12-1.62308E-13
 -1       355-3.21066E-12-3.03719E-12-6.44677E-12-6.69557E-14-2.16637E-12-1.47091E-13
 -1       356-2.50235E-11-2.56718E-11-5.21196E-11-9.73876E-14 8.92216E-13-1.66878E-12
 -1       357-2.72909E-12-3.04256E-12-6.20867E-12 1.52176E-15-7.51201E-13-1.18184E-12
 -1       358 1.95653E-11 1.95866E-11 3.97023E-11 1.00431E-13-2.39462E-12-6.94905E-13
 -1       359-1.22977E-12-1.14760E-12-2.57898E-12 2.43466E-14-3.47956E-13-5.57890E-14
 -1       361-1.21500E-12-1.11761E-12-2.56421E-12-1.12605E-13-1.30662E-12-5.57890E-14
 -1       362-1.44264E-11-1.50746E-11-2.96229E-11-2.19123E-13 3.21583E-13-9.23153E-13
 -1       364 8.17734E-12 8.27473E-12 1.66277E-11 1.67377E-14-2.28049E-12-4.20998E-13
 -1       365-1.18269E-11-1.17448E-11-2.50757E-11 1.46082E-13 2.22677E-13-8.01418E-13
 -1       367 1.01730E-11 1.01943E-11 2.05103E-11-2.89114E-14-1.42074E-12-3.29696E-13
 -1       368-2.06427E-11-1.34096E-11-9.48427E-12 1.26505E-14-5.60361E-12-9.22368E-13
 -1       369-4.25716E-11-1.30397E-11-5.75124E-12-5.33786E-13 5.61278E-13-2.79748E-11
 -1       370 3.12905E-12 7.50702E-12 2.46570E-12-7.18608E-12 1.07279E-15-4.27566E-11
 -1       371 4.43050E-11 1.53859E-11 6.98140E-12-5.96712E-12-6.16382E-12-4.28296E-11
 -1       376-1.67682E-10-1.65860E-10-3.75464E-10-8.27029E-12-9.07909E-11 9.65024E-12
 -1       377-7.54411E-11-5.84347E-11-1.29050E-10 6.36434E-12-8.63073E-11 2.55668E-11
 -1       378-4.92563E-11-5.00949E-11-1.27436E-10-6.97415E-12-1.68128E-11 2.49295E-11
 -1       379-1.66396E-10-1.68191E-10-3.84521E-10-2.12725E-11-2.12964E-11 6.71868E-11
 -1       384 5.28876E-10 6.76140E-10 1.11049E-09 5.89584E-11 1.42912E-10-1.19825E-10
 -1       385 1.35499E-10 2.66398E-10 1.23487E-10 3.07101E-11 1.44593E-10 1.02559E-10
 -1       386 1.19582E-10 2.57655E-10 1.10261E-10 4.14705E-11-1.42916E-10-6.31014E-11
 -1       387 5.34929E-10 6.76813E-10 1.10668E-09 6.97187E-11-1.44597E-10-9.89704E-11
 -1       392-2.11491E-10-5.00287E-10-2.11794E-10 6.94351E-11 7.18213E-10 5.90364E-11
 -1       393-1.47733E-09-1.78006E-09-3.21367E-09 5.43094E-11 7.16812E-10-7.18843E-11
 -1       394-1.51072E-09-1.79550E-09-3.23178E-09 9.47380E-12-1.44312E-10-1.28980E-10
 -1       395-1.63272E-10-4.80762E-10-1.94932E-10 2.45995E-11-1.42911E-10 1.74108E-10
 -1       400 1.31297E-09 1.30176E-09 3.02317E-09-4.59642E-11-2.86379E-10 1.94943E-10
 -1       401-4.34873E-10-4.33141E-10-1.00592E-09 1.00965E-11-2.88060E-10-3.44879E-10
 -1       402-4.60611E-10-4.44532E-10-1.01815E-09-1.32179E-11-1.43529E-09-1.14243E-10
 -1       403 1.33745E-09 1.31189E-09 3.03246E-09-6.92787E-11-1.43361E-09 5.40357E-10
 -1       408-1.92489E-11-3.33303E-11-1.14044E-11 9.02740E-11-2.10705E-12-3.92257E-12
 -1       409 5.72301E-11 4.79690E-11 3.01074E-11-5.29283E-11 2.23704E-12 1.55838E-12
 -1       410 2.62511E-11-3.33607E-12 5.41515E-12-1.30998E-11 9.71179E-17-8.81766E-12
 -1       411-1.55528E-10-7.93138E-11-6.60776E-11-2.68721E-11 1.33063E-11-1.21050E-11
 -1       412 2.52598E-11 9.99515E-12 1.20323E-11 4.76835E-12 2.27907E-12 8.22537E-12
 -1       413 4.34779E-11 2.93546E-11 2.03918E-11-2.08132E-12 1.12624E-12 1.07160E-11
 -1       414-7.87655E-11-4.73904E-11-3.63916E-11-1.99843E-11 8.86728E-12-1.54014E-11
 -1       415-1.02917E-10-5.66837E-11-4.35102E-11 7.74225E-11 5.60730E-12-2.95370E-11
 -1       416-6.49801E-10-1.08278E-09-1.05602E-09-4.13461E-11 4.70854E-10-9.83045E-11
 -1       417 3.41318E-10 4.94514E-10 6.47101E-10 8.96144E-12 2.24184E-10-4.72105E-12
 -1       418-2.52442E-10-3.25974E-10-5.23250E-10 3.68842E-11-2.06242E-10-1.35519E-11
 -1       419 2.82464E-10 2.10722E-10 7.30826E-10 3.04916E-11-5.24649E-10 2.33136E-11
 -1       424-3.73829E-10-5.77442E-11-1.06206E-09-1.75709E-10 1.43475E-09 5.72224E-11
 -1       425 1.50725E-09 2.94153E-09 2.08071E-09 1.07660E-11 1.43479E-10-2.85831E-11
 -1       426-8.31042E-10-1.42200E-09-1.42198E-09 1.00381E-10-7.89121E-10-3.22268E-11
 -1       427 4.23240E-10-2.08068E-10 1.37018E-09-3.00697E-10-6.45645E-10 9.68461E-11
 -1       428 4.59130E-10 1.33435E-09 2.58256E-10-1.39643E-10 8.60858E-10 4.48086E-11
 -1       429 2.26608E-10 5.07075E-10 2.20102E-10 8.24734E-11-1.43472E-10-3.04044E-11
 -1       430-3.02850E-10-9.18878E-10-2.73266E-10-2.22033E-10-6.45641E-10-8.93895E-12
 -1       431-6.40404E-11-3.75844E-10 5.45443E-11-3.32956E-10 5.73903E-10 1.20077E-10
 -1       432-2.27729E-10-1.65525E-09 9.27238E-10 1.93689E-10-6.44037E-10-1.21952E-10
 -1       433 3.17084E-09 6.87256E-09 3.57256E-09 7.17354E-11-1.07607E-09-1.79325E-11
 -1       434 3.99163E-09 9.43337E-09 3.84097E-09 7.53217E-11 7.17341E-11 7.53261E-11
 -1       435-4.35204E-09-8.62435E-09-5.75812E-09 3.11734E-10 1.93531E-09 4.30446E-11
 -1       440 1.35402E-09-3.27312E-09 7.63107E-09 4.80646E-10-1.41880E-10-5.66730E-10
 -1       441 3.92404E-09 8.48655E-09 4.46926E-09 1.07607E-10-1.14782E-09-3.22830E-11
 -1       442 5.74556E-09 1.29520E-08 6.35533E-09-7.53238E-11 5.73901E-10 1.54236E-10
 -1       443-9.82806E-09-2.20713E-08-1.03159E-08 1.20065E-09 5.59073E-09-6.45651E-11
 -1       444 1.55675E-09 1.52810E-09 3.53670E-09 1.93688E-10-1.28968E-09-1.64995E-10
 -1       445 6.65669E-09 1.49823E-08 7.23776E-09-7.53297E-11-7.17381E-10 4.66320E-11
 -1       446-3.08587E-09-5.62212E-09-4.47760E-09 3.18908E-10 2.43748E-09 5.02188E-11
 -1       447-2.35236E-09-8.38225E-09 5.09967E-10 4.91080E-10 2.29400E-09-2.08038E-10
 -1       448-1.09059E-11-7.23547E-12-1.15396E-11 8.95970E-12-9.56860E-12 7.30403E-12
 -1       449 1.31958E-11 8.72090E-12 1.27113E-11 4.48410E-12-5.91149E-12-2.10133E-12
 -1       450 2.50216E-11 3.16369E-11 2.39418E-11-1.59194E-12 2.30463E-13-1.67116E-12
 -1       451 9.84601E-13 1.67032E-11 2.72525E-12 3.18370E-12-3.06660E-12 7.99763E-12
 -1       457 9.45267E-13 7.21765E-13 1.30707E-12-9.43182E-13-6.52307E-13-4.45569E-13
 -1       458 7.96578E-13 8.87384E-13 1.95764E-12-2.44268E-13-1.82692E-13-4.59034E-13
 -1       459-7.64224E-13-2.12028E-12 3.97651E-13-2.51873E-13-1.86181E-13-1.15961E-13
 -1       460-6.44942E-13-2.10577E-12 3.22354E-13-6.33698E-13-1.03630E-12-1.41411E-13
 -1       466-3.17671E-12-1.54869E-12-4.74878E-13 4.71465E-12-1.89845E-12-3.00224E-12
 -1       467-5.70220E-13-7.39364E-13-6.28866E-13 2.22750E-12 1.01629E-13-4.20781E-12
 -1       468 6.23102E-12 1.19754E-11 5.57716E-12 2.83226E-13-9.87012E-13-3.77764E-12
 -1       469 3.68932E-12 1.21888E-11 8.76544E-12 3.07042E-12-2.62704E-12-2.30864E-12
 -1       475-3.76561E-12-2.93896E-12-5.17282E-12 2.62442E-12 2.69054E-12-1.18657E-12
 -1       476 5.87220E-13 3.39501E-13 4.09093E-13 1.22192E-12 1.40898E-12 4.69678E-13
 -1       477 4.33637E-12 8.11265E-12 4.15906E-12 3.10492E-13-1.48085E-14 8.12751E-13
 -1       478-4.58685E-14 5.01432E-12-8.47585E-13 2.03008E-12 8.86249E-13-8.82414E-13
 -3
    1PSTEP                        13           1           2          
    1PGM                1.000000E+00                                  
    1PGK                2.038017E+07                                  
    1PHID                         -1                                  
    1PSUBC                         0                                  
    1PMODE                         2                                  
  100CL  103 718.4954833         328                     2    3MODAL      1
 -4  TOSTRAIN    6    1
 -5  EXX         1    4    1    1
 -5  EYY         1    4    2    2
 -5  EZZ         1    4    3    3
 -5  EXY         1    4    1    2
 -5  EYZ         1    4    2    3
 -5  EZX         1    4    3    1
 -1         1 4.16323E-18-2.46108E-24 1.24023E-23 6.93853E-19-8.85876E-25-1.18211E-24
 -1         2 1.38772E-18-6.93883E-19 8.09538E-24-1.38777E-18-5.78241E-25-2.77552E-18
 -1         3-1.38778E-18-2.46108E-24 1.24023E-23-6.93891E-19-8.85876E-25 9.84150E-24
 -1         4 1.38772E-18 5.04183E-25 1.11959E-23 3.46937E-19 8.36739E-25 6.93888E-19
 -1         5 1.38772E-18-6.07146E-19-1.21428E-18-6.93878E-19 1.73471E-19 1.38777E-18
 -1         6 1.38772E-18 5.04183E-25 1.11959E-23-3.46928E-19 8.36739E-25-6.93864E-19
 -1         7 1.38771E-18 3.46945E-24 1.64500E-23 8.67549E-20 1.02118E-24 3.46928E-19
 -1         8 1.38772E-18-5.20408E-19-6.07135E-19 1.85037E-23-8.67345E-20-1.38777E-18
 -1         9 1.38773E-18 3.46945E-24 1.64500E-23-8.66982E-20 1.02118E-24-3.46938E-19
 -1        10-1.38781E-18 4.23283E-24 1.29435E-23-1.74697E-23-3.23587E-24 6.97592E-24
 -1        11 1.38772E-18 6.93884E-19-3.46932E-19 2.77552E-18 8.67330E-20-6.93876E-19
 -1        12 4.16326E-18 4.23283E-24 1.29435E-23 1.72332E-24-3.23587E-24 9.36295E-24
 -1        13 4.16325E-18 4.30342E-24 1.22542E-23 3.46938E-19-2.44568E-25 8.67420E-20
 -1        14 1.38772E-18 3.46943E-19-1.04081E-18 3.46945E-24-6.50515E-20-3.46936E-19
 -1        15-1.38781E-18 4.30342E-24 1.22542E-23-3.46927E-19-2.44568E-25-8.67267E-20
 -1        16-1.38780E-18 4.37401E-24 1.52564E-23 3.46952E-19 3.21780E-24 4.33709E-20
 -1        17 1.38772E-18 2.85507E-24-6.93871E-19-2.77551E-18-8.40226E-20-3.46937E-19
 -1        18 4.16324E-18 4.37401E-24 1.52564E-23-3.46915E-19 3.21780E-24-4.33592E-20
 -1        19 1.38772E-18-1.48116E-25 1.34847E-23 6.93850E-19-3.74005E-24-3.46926E-19
 -1        20 1.38772E-18-1.04082E-18-6.93872E-19-6.93896E-19 6.93879E-19 1.38777E-18
 -1        21 1.38772E-18-1.48116E-25 1.34847E-23-6.93897E-19-3.74005E-24 3.46950E-19
 -1        22-1.82075E-23 1.04628E-24 1.33124E-23 1.73465E-19-8.64423E-25-3.46934E-19
 -1        23 1.38772E-18-6.88459E-19-8.67343E-19-3.46939E-19-1.73471E-19-2.08164E-18
 -1        24 2.77546E-18 1.04628E-24 1.33124E-23-1.73461E-19-8.64423E-25 3.46941E-19
 -1        25-3.32702E-23 2.24068E-24 1.40629E-23 5.44226E-21 4.49151E-24-3.46921E-19
 -1        26 1.38772E-18-3.36097E-19-7.80607E-19 1.85037E-23-3.41517E-19 6.93892E-19
 -1        27 2.77548E-18 2.24068E-24 1.40629E-23-5.38556E-21 4.49151E-24 3.46954E-19
 -1        30-5.55114E-18-1.56173E-23-3.70046E-18-4.85721E-18-2.31288E-18 1.79247E-17
 -1        31-1.66527E-17-1.56172E-23-3.70087E-18 9.02043E-18-2.31288E-18-4.27855E-18
 -1        32 6.91915E-22-1.56172E-23-3.70087E-18 9.02042E-18-1.85029E-18 1.83882E-17
 -1        33-2.22043E-17-1.56173E-23-3.70046E-18-4.85720E-18-1.85029E-18 4.50976E-18
 -1        34 2.77530E-18 9.25180E-19-1.85022E-18-3.00680E-18-2.31290E-18 6.12900E-18
 -1        35 2.77582E-18 9.25180E-19-1.85063E-18 2.54423E-18-2.31290E-18 6.12910E-18
 -1        36 5.55169E-18 9.25180E-19 1.85009E-18-2.31268E-19-2.77549E-18 2.78707E-17
 -1        37-3.70843E-22 9.25180E-19 1.85050E-18-2.31299E-19-2.77549E-18-8.21112E-18
 -1        38-1.11019E-17-1.56172E-23-3.70066E-18 2.08161E-18-2.31288E-18 6.82310E-18
 -1        39-8.32599E-18-1.56172E-23-3.70087E-18 9.02043E-18-2.08158E-18 7.05484E-18
 -1        40-1.11018E-17-1.56172E-23-3.70066E-18 2.08161E-18-1.85029E-18 1.14490E-17
 -1        41-1.38777E-17-1.56173E-23-3.70046E-18-4.85720E-18-2.08158E-18 1.12173E-17
 -1        42 2.77556E-18 9.25180E-19-1.85043E-18-2.31284E-19-2.31290E-18 6.12905E-18
 -1        43 4.16376E-18 9.25180E-19-2.72650E-22 1.15648E-18-2.54419E-18 1.69999E-17
 -1        44 2.77566E-18 9.25180E-19 1.85029E-18-2.31284E-19-2.77549E-18 9.82977E-18
 -1        45 1.38746E-18 9.25180E-19 1.36328E-22-1.61905E-18-2.54419E-18-1.04106E-18
 -1        46-1.38778E-18 4.62574E-19-3.70046E-18-3.93204E-18-2.31288E-18 1.23738E-17
 -1        47-6.93834E-18 4.62574E-19-3.70087E-18 5.78231E-18-2.31288E-18 1.27218E-18
 -1        48 2.77629E-18 4.62574E-19-3.70087E-18 4.39455E-18-1.85029E-18 2.39390E-17
 -1        49-1.11022E-17 4.62574E-19-3.70046E-18-2.54428E-18-1.85029E-18-1.04117E-18
 -1        50-5.55148E-18-1.85034E-18 1.13903E-23-3.00679E-18 1.38781E-18 5.43543E-18
 -1        51 3.88575E-17-1.85034E-18-3.97588E-22-5.78229E-18 1.38781E-18 5.43457E-18
 -1        52 4.99599E-17-1.85034E-18 7.40104E-18-2.31281E-19 3.90431E-23 4.04692E-18
 -1        53-1.66536E-17-1.85034E-18 7.40145E-18-8.55780E-18 3.90431E-23 1.23742E-17
 -1        54 1.66530E-17-1.85034E-18-1.93099E-22-4.39454E-18 1.38781E-18 5.43500E-18
 -1        55 4.44087E-17-1.85034E-18 3.70032E-18-3.00678E-18 6.93924E-19 4.74074E-18
 -1        56 1.66531E-17-1.85034E-18 7.40125E-18-4.39454E-18 3.90431E-23 8.21054E-18
 -1        57-1.11026E-17-1.85034E-18 3.70073E-18-5.78229E-18 6.93924E-19 8.90479E-18
 -1        58-1.38824E-18-4.62574E-19 1.13903E-23-3.00676E-18-4.62551E-19 5.43528E-18
 -1        59 2.08166E-17-4.62574E-19-3.97588E-22-1.61901E-18-4.62551E-19 5.43492E-18
 -1        60 2.77557E-17-4.62574E-19 7.40104E-18-2.31249E-19-1.85032E-18 1.51493E-17
 -1        61-8.32714E-18-4.62574E-19 7.40145E-18-4.39452E-18-1.85032E-18 1.27202E-18
 -1        63 0.00000E+00 0.00000E+00 1.44560E-19 0.00000E+00 1.44560E-19 2.89121E-19
 -1        64 0.00000E+00 0.00000E+00 1.44560E-19 0.00000E+00 1.44560E-19 2.89121E-19
 -1        65 0.00000E+00 0.00000E+00 1.44560E-19 0.00000E+00 1.44560E-19 2.89121E-19
 -1        66 0.00000E+00 0.00000E+00 1.44560E-19 0.00000E+00 1.44560E-19 2.89121E-19
 -1        67 0.00000E+00 2.83744E-23-4.33688E-19 7.09360E-24 4.62593E-18-2.31297E-18
 -1        68 0.00000E+00 2.83744E-23 4.48137E-18 7.09360E-24 5.78241E-19-2.31297E-18
 -1        69 0.00000E+00 2.83744E-23-2.45753E-18 7.09360E-24 1.15648E-18-3.74385E-24
 -1        70 0.00000E+00-1.04083E-17 7.22796E-19-2.60208E-18-6.14382E-18 5.99925E-18
 -1        71 0.00000E+00 2.83744E-23 2.02384E-18 7.09360E-24 2.60209E-18-2.31297E-18
 -1        72 0.00000E+00 2.83744E-23 1.01192E-18 7.09360E-24 8.67362E-19-1.15649E-18
 -1        73 0.00000E+00 2.83744E-23-1.44561E-18 7.09360E-24 2.89121E-18-1.15649E-18
 -1        74 0.00000E+00-5.20415E-18 1.44554E-19-1.30104E-18-7.58943E-19 1.84314E-18
 -1        75 0.00000E+00-5.20415E-18 2.60208E-18-1.30104E-18-2.78279E-18 1.84314E-18
 -1        76 0.00000E+00-5.20415E-18-8.67369E-19-1.30104E-18-2.49367E-18 2.99962E-18
 -1        77 0.00000E+00 0.00000E+00 1.54198E-18-8.83467E-19 2.64227E-18-4.41772E-19
 -1        78 0.00000E+00 0.00000E+00 1.54198E-18-6.05545E-18 5.63649E-20-3.02775E-18
 -1        79 0.00000E+00 0.00000E+00 1.54198E-18-8.83467E-19 2.64227E-18-4.41772E-19
 -1        80 0.00000E+00 0.00000E+00 1.54198E-18-6.05545E-18 5.63649E-20-3.02775E-18
 -1        81 0.00000E+00 0.00000E+00 1.54198E-18-8.83467E-19 2.64227E-18-4.41772E-19
 -1        82 0.00000E+00 0.00000E+00 1.54198E-18-6.05545E-18 5.63649E-20-3.02775E-18
 -1        83-5.20415E-19-1.30097E-19 1.06211E-17-1.95162E-19-3.97764E-18-1.26474E-18
 -1        84-5.20430E-19-1.30119E-19-8.71359E-19-1.95151E-19-2.72489E-18-1.84305E-18
 -1        85-5.20423E-19-1.30075E-19-3.17218E-19-1.95155E-19-4.55597E-18-2.61407E-18
 -1        86 2.94902E-18-2.29849E-18-1.58333E-17-1.71304E-18 1.62878E-17 1.10138E-17
 -1        87-5.20430E-19-7.50267E-18 1.44160E-18 8.89047E-19-1.05763E-17-5.35766E-18
 -1        88 1.21429E-18 2.90568E-18-3.17218E-19 2.16848E-20-6.80569E-18-1.20918E-17
 -1        89-5.20423E-19-1.30108E-19 4.87488E-18-1.95157E-19-3.35126E-18-1.55390E-18
 -1        90-5.20426E-19-1.30097E-19-5.94288E-19-1.95153E-19-3.64043E-18-2.22856E-18
 -1        91-5.20419E-19-1.30086E-19 5.15195E-18-1.95159E-19-4.26680E-18-1.93941E-18
 -1        92 1.21429E-18-4.90058E-18-7.19586E-18-4.11996E-19 2.85577E-18 2.82807E-18
 -1        93 3.46932E-19-2.29849E-18 5.62190E-19 4.55366E-19-8.69099E-18-8.72472E-18
 -1        94 2.08166E-18 3.03593E-19-8.07527E-18-8.45678E-19 4.74108E-18-5.38983E-19
 -1        95 1.21430E-18-1.21430E-18-2.60610E-18-9.54101E-19 6.15510E-18 4.87453E-18
 -1        96-5.20430E-19-3.81639E-18 2.85120E-19 3.46948E-19-6.65059E-18-3.60036E-18
 -1        97 3.46936E-19 1.38780E-18-3.17218E-19-8.67351E-20-5.68083E-18-7.35292E-18
 -1       151 0.00000E+00 0.00000E+00 0.00000E+00 0.00000E+00 0.00000E+00 0.00000E+00
 -1       152 0.00000E+00 0.00000E+00 0.00000E+00 0.00000E+00 0.00000E+00 0.00000E+00
 -1       154 0.00000E+00 0.00000E+00 0.00000E+00 0.00000E+00 0.00000E+00 0.00000E+00
 -1       155 0.00000E+00 0.00000E+00 0.00000E+00 0.00000E+00 0.00000E+00 0.00000E+00
 -1       156-1.85037E-23-2.33518E-23-2.77549E-18-1.89424E-24-1.04084E-18-1.38774E-18
 -1       157-9.25186E-24-1.84553E-23-2.08162E-18 1.00765E-23 1.73453E-19 1.86889E-23
 -1       158 0.00000E+00-1.29435E-23-3.46930E-19 2.69694E-23 1.73445E-19 1.41000E-23
 -1       159 6.62038E-35-1.34106E-23-1.38773E-18-1.16019E-23-8.67497E-20-1.38774E-18
 -1       160 7.08701E-24-9.22764E-24 1.19095E-23 3.84473E-24 6.93866E-19-1.38774E-18
 -1       161 1.41740E-23-4.73702E-24 6.93881E-19 2.17524E-23 3.46919E-19-1.38774E-18
 -1       162 1.85037E-23-3.46945E-24-6.93869E-19-2.06942E-23 1.73456E-19 2.32778E-23
 -1       163 1.85037E-23-2.94908E-34-3.39539E-24-1.92557E-24 6.93864E-19-1.38773E-18
 -1       164 1.85037E-23 3.46945E-24 2.77551E-18 1.68431E-23 8.67138E-20-2.77549E-18
 -1       165 2.77551E-18 1.90816E-18-2.77549E-18 1.21429E-18-3.46954E-19-1.04080E-18
 -1       166 1.38776E-18 1.04081E-18-2.08162E-18-7.80610E-19 1.21428E-18 6.07168E-19
 -1       167 0.00000E+00 3.46932E-19-3.46930E-19-1.38774E-18 6.93861E-19 8.67369E-19
 -1       168 2.16667E-34 1.21428E-18-1.38773E-18 1.47449E-18 4.33664E-19-6.93859E-19
 -1       169 4.62593E-24 5.20405E-19 1.19095E-23-4.77041E-19 1.21428E-18-8.67328E-19
 -1       170 9.25186E-24-8.67382E-20 6.93881E-19-1.73469E-18 1.12754E-18-1.04080E-18
 -1       171-2.77551E-18 5.20408E-19-6.93869E-19 1.90816E-18 5.20397E-19 3.46967E-19
 -1       172-2.77551E-18 1.73334E-33-3.39539E-24-4.33688E-20 6.93867E-19-5.20379E-19
 -1       173-2.77551E-18-5.20408E-19 2.77551E-18-1.99490E-18 1.12754E-18-1.38773E-18
 -1       174 2.77563E-18 1.90815E-18 1.38776E-18 1.21436E-18 2.08165E-18 1.73471E-18
 -1       175 1.38786E-18 1.04081E-18 3.46940E-18-7.80541E-19 8.67346E-19 6.07190E-19
 -1       176 9.37035E-23 3.46937E-19-1.04083E-18-1.38765E-18 6.93887E-19-1.90808E-18
 -1       177 1.73188E-23 1.21428E-18-1.38777E-18 1.47451E-18 1.30103E-18 2.08165E-18
 -1       178 6.01371E-23 5.20411E-19-1.38776E-18-4.77022E-19-1.73477E-19-3.64285E-18
 -1       179 1.02955E-22-8.67330E-20 6.93869E-19-1.73469E-18 4.33675E-19-6.59183E-18
 -1       180-2.77547E-18 5.20414E-19-2.08162E-18 1.90815E-18 1.73464E-19-5.20408E-18
 -1       181-2.77545E-18 1.18611E-23 6.93898E-19-4.34000E-20-5.20418E-19 2.25515E-18
 -1       182-2.77542E-18-5.20403E-19 4.92216E-24-1.99498E-18 2.60202E-19 1.38781E-18
 -1       183 5.55112E-23 6.93855E-19 1.38776E-18-3.46899E-19 6.93875E-19 2.77553E-18
 -1       184-2.77547E-18-1.84553E-23 3.46940E-18-5.55099E-18-1.56124E-18 4.44277E-23
 -1       185-5.55099E-18-6.93891E-19-1.04083E-18-5.20402E-18 1.56123E-18-4.16320E-18
 -1       186-1.11021E-17-3.46954E-19-1.38777E-18-3.46940E-18 4.33670E-19 2.08165E-18
 -1       187-8.32653E-18 1.73465E-19-1.38776E-18-3.46925E-19-8.67361E-19-3.12243E-18
 -1       188-5.55097E-18-1.04082E-18 6.93869E-19 2.34871E-23 6.93879E-19-5.55101E-18
 -1       189 1.11021E-17-1.38776E-18-2.08162E-18-5.37761E-18-1.73473E-19-3.81632E-18
 -1       190 2.77559E-18 3.46948E-19 6.93898E-19 5.20409E-18 5.20405E-19 2.77557E-18
 -1       191-5.55097E-18-1.38775E-18 4.92216E-24 4.68366E-18-8.67358E-20 1.04087E-18
 -1       192-9.54809E-24 1.69769E-24 1.38775E-18-9.96963E-25 8.67382E-20 6.93875E-19
 -1       193-1.41740E-23 1.50115E-24 3.46931E-19-8.76619E-24-3.04502E-24 3.46927E-19
 -1       194-1.87999E-23-1.77175E-24-2.92823E-24-1.89965E-23 6.93874E-19 6.93862E-19
 -1       195 6.69391E-24 5.78241E-25 6.93859E-19-2.71887E-24-1.73473E-19-9.83010E-24
 -1       196-2.38632E-24-1.32881E-24 1.73455E-19-6.63161E-24 8.67266E-20 6.93869E-19
 -1       197-1.14665E-23-2.31296E-24-1.73480E-19-9.85217E-24 6.93869E-19 1.38775E-18
 -1       198 2.01673E-24-5.41212E-25 1.38774E-18-6.59423E-24-8.24349E-24 1.38775E-18
 -1       199-5.21128E-24-4.15877E-24 1.38775E-18-4.65085E-24-1.29677E-23 1.73458E-19
 -1       200-1.24393E-23-2.85418E-24-9.86713E-24 1.13797E-24 1.04080E-18 4.33563E-20
 -1       201-6.93887E-19-5.20410E-19 1.38775E-18-7.80617E-19-2.60203E-19 1.73462E-19
 -1       202-9.25186E-24 1.73471E-19 3.46931E-19 6.50508E-19-8.67391E-20-1.48933E-23
 -1       203 6.93869E-19-1.15648E-24-2.92823E-24 1.38775E-18 6.07138E-19 5.20391E-19
 -1       204 1.38777E-18-8.67347E-20 6.93859E-19 6.07144E-19-1.73472E-19-2.60217E-19
 -1       205 1.38776E-18-8.67362E-25 1.73455E-19 3.46936E-19 3.46933E-19 4.77030E-19
 -1       206 1.38775E-18 3.46939E-19-1.73480E-19 2.81883E-19 6.93870E-19 1.21428E-18
 -1       207-2.42858E-18 3.46940E-19 1.38774E-18 1.38776E-18 3.46935E-19 1.38775E-18
 -1       208-1.34440E-18-1.73473E-19 1.38775E-18-3.03577E-24 6.07135E-19-1.73485E-19
 -1       209-2.60213E-19 6.93879E-19-9.86713E-24-3.03572E-19 1.12754E-18-6.50527E-19
 -1       210-1.25553E-03-1.03314E-09-8.26378E-03 1.55318E-04 3.04433E-04-5.89853E-04
 -1       211-1.47755E-03-3.10647E-04 3.18341E-03 4.28527E-04 3.91494E-04-1.61888E-04
 -1       212-1.69957E-03-1.65254E-03-8.58608E-03 1.43186E-03-9.13608E-04 9.34968E-04
 -1       213-1.22475E-03-1.03314E-09 3.17833E-03-1.60949E-14 8.14984E-15-1.95512E-04
 -1       214-7.16653E-04-3.10647E-04-1.58877E-03-1.84635E-14-6.92447E-15 3.91037E-04
 -1       215-2.08555E-04-1.65254E-03 3.14766E-03-1.90013E-14-8.22693E-15-4.30890E-04
 -1       216-1.25553E-03-1.03314E-09-8.26378E-03-1.55318E-04-3.04433E-04-5.89853E-04
 -1       217-1.47755E-03-3.10647E-04 3.18341E-03-4.28527E-04-3.91494E-04-1.61888E-04
 -1       218-1.69957E-03-1.65254E-03-8.58608E-03-1.43186E-03 9.13608E-04 9.34968E-04
 -1       219 1.92214E-03 1.14658E-09-8.26378E-03-1.51959E-04 6.02548E-03 5.13374E-03
 -1       220 2.36901E-03 3.03917E-04 3.18341E-03-6.29224E-04-1.99460E-03-2.42463E-04
 -1       221 2.81588E-03 2.78685E-03-8.58608E-03-2.45373E-03 4.95326E-03-4.94978E-03
 -1       222 2.05712E-03 1.14658E-09 3.17833E-03-1.06818E-14 2.38980E-14-2.57906E-03
 -1       223 1.15674E-03 3.03917E-04-1.58877E-03 1.11002E-14 8.97578E-15 3.83369E-04
 -1       224 2.56360E-04 2.78685E-03 3.14766E-03 9.89183E-15-4.96088E-15 1.93733E-03
 -1       225 1.92214E-03 1.14658E-09-8.26378E-03 1.51959E-04-6.02548E-03 5.13374E-03
 -1       226 2.36901E-03 3.03917E-04 3.18341E-03 6.29224E-04 1.99460E-03-2.42463E-04
 -1       227 2.81588E-03 2.78685E-03-8.58608E-03 2.45373E-03-4.95326E-03-4.94978E-03
 -1       251-9.22866E-17 2.77559E-18 4.11871E-17 1.38787E-18-4.88051E-18-4.13949E-19
 -1       253 8.53477E-17 2.77552E-18-1.43237E-17 1.24898E-17-6.22396E-18-8.84063E-17
 -1       254-1.73693E-17 4.85707E-18-8.74274E-16 5.17689E-18-4.76200E-17 4.11492E-16
 -1       256 2.70395E-17-1.59594E-17-9.02030E-16-2.95171E-17 2.19700E-16 5.47928E-17
 -1       257 3.82060E-17 9.71418E-18-7.10532E-15-1.32379E-17-2.81199E-16 2.90496E-16
 -1       259-5.06107E-17-6.93908E-18-7.10532E-15 3.94970E-17 4.31073E-16-3.34909E-16
 -1       260-4.75311E-17-2.77550E-18 1.38749E-17 1.38789E-18 2.73197E-18-8.93606E-17
 -1       262 4.12865E-17-2.77556E-18-1.38805E-17 2.08175E-18 2.81871E-18 8.93572E-17
 -1       263-2.04807E-17 1.21429E-17 1.78463E-15-6.75166E-18 1.58507E-17 1.09661E-17
 -1       265 6.83364E-17-3.12259E-18 1.76815E-15-1.23027E-17 1.60669E-17 1.12353E-17
 -1       266-3.25920E-19 3.95512E-17 2.67035E-18-9.34006E-18 2.55782E-16 2.44517E-16
 -1       268 8.84908E-17 1.73469E-17-2.53379E-18 1.06816E-18-1.00354E-16 6.63373E-17
 -1       269-9.15924E-17 2.77557E-18-1.08541E-17 1.38793E-18-7.57613E-19-5.43308E-19
 -1       271 4.16334E-17 2.77553E-18-1.08541E-17-2.77529E-18 7.59319E-19-8.82755E-17
 -1       272-2.35925E-17-1.38789E-18-8.85526E-16-1.73467E-17 5.71169E-17 4.76468E-16
 -1       274 2.08163E-17-1.11023E-17-8.90730E-16 3.46976E-18-2.09770E-16-2.32224E-16
 -1       275 4.99584E-17 1.66529E-17-1.42054E-14-2.77508E-18 6.76190E-16 6.42621E-16
 -1       277 5.55019E-18-1.11024E-17-1.42158E-14-4.57957E-17-7.48352E-16-6.87032E-16
 -1       278-2.22045E-16-2.60223E-18-3.47188E-18-3.33070E-17-3.86157E-18-8.93425E-17
 -1       279-8.88193E-17-1.30089E-18-3.46729E-18-1.66531E-17-4.16305E-18-2.66451E-16
 -1       280 4.44101E-17-1.12331E-22-3.47845E-18 6.93900E-18-4.46664E-18-3.54755E-16
 -1       281 3.22273E-22-2.77577E-18-2.66456E-15-1.05472E-16-7.63281E-17-2.21966E-16
 -1       282 2.22046E-17 8.32712E-18-8.88133E-16-8.43082E-17 1.70693E-16 2.22052E-16
 -1       283 2.22047E-17-2.77580E-18 8.88147E-16-5.27359E-17 4.17729E-16 8.43683E-16
 -1       284 4.44090E-17-3.81647E-17-1.77637E-14 2.22050E-17-1.12132E-15 2.24265E-15
 -1       285 4.44099E-17-4.37147E-17-1.06581E-14 9.02044E-18 6.55028E-16-1.11015E-16
 -1       286-7.48757E-22-4.44096E-17-3.55274E-15-1.24895E-17 2.78668E-15-2.19826E-15
 -1       287-1.55432E-16 3.20916E-18-1.12772E-17 9.71451E-18 7.50177E-18-3.56966E-16
 -1       288-2.15111E-17 2.99255E-18-1.12701E-17 4.16339E-18 1.04102E-17-1.77633E-16
 -1       289 1.33228E-16 2.77545E-18-1.12675E-17-5.55136E-18 1.33118E-17 9.05070E-17
 -1       290-4.44092E-17 8.32664E-18-2.66456E-15 6.40117E-17 2.06782E-16-7.04985E-17
 -1       291-2.15108E-17 5.55121E-18-8.88157E-16 2.93171E-17 1.20740E-16-5.55095E-17
 -1       292-2.22046E-17-6.93908E-18 8.88180E-16 5.55094E-18-1.20740E-16 3.14745E-16
 -1       293 6.66139E-17 3.60824E-17-2.13164E-14 7.25116E-17-4.47215E-16 1.19072E-15
 -1       294 6.73083E-17 3.33069E-17-7.10540E-15-1.56125E-17-6.00564E-16-4.66296E-16
 -1       295-2.21164E-22 4.44090E-17 7.10547E-15-8.32675E-17-1.10919E-15-1.50159E-15
 -1       296-2.22050E-17-3.81652E-18 1.90892E-17 1.94290E-17-1.34029E-17 9.16784E-17
 -1       297-4.16337E-17-4.68366E-18 1.90778E-17 1.38777E-17-1.66496E-17 1.33230E-16
 -1       298-2.22043E-17-5.55122E-18 1.90730E-17 5.55118E-18-1.99079E-17-4.72720E-17
 -1       299 2.85828E-22-2.77544E-18 4.88502E-15-6.93940E-18-5.02383E-16-1.28153E-16
 -1       300 6.38384E-17-2.77574E-18 4.44079E-16 1.35312E-17-1.74855E-16 8.88148E-17
 -1       301 1.33227E-16 7.07101E-23-3.99685E-15 4.99602E-17-1.58216E-16 1.28157E-16
 -1       302-6.66136E-17-2.28982E-17 1.06582E-14-9.99212E-17 2.58121E-16-3.21958E-16
 -1       303-9.71449E-17-6.94375E-19 3.55273E-15 7.63343E-18 1.10746E-15 3.55265E-16
 -1       304-1.55433E-16 4.44093E-17-3.55272E-15 1.60982E-16 8.90951E-16 8.99289E-16
 -1       305-4.44101E-17 4.25023E-18-1.77636E-15-5.55112E-17-8.26162E-17 1.33058E-16
 -1       307 4.44083E-17-5.55098E-18 7.95588E-21-1.24897E-17 3.42133E-16 4.45869E-17
 -1       308-1.66534E-17 2.77596E-18-1.77630E-15 7.27493E-18-2.77587E-17-1.51242E-16
 -1       310-1.52517E-22-8.32635E-18 1.77642E-15-1.38785E-18-3.58981E-21 1.01827E-15
 -1       311-2.22050E-17 9.93148E-18 1.24310E-21 4.57971E-17 1.31712E-16 8.06249E-17
 -1       313 4.44086E-17-1.38765E-18 1.77637E-15-1.38778E-17-2.97057E-17 9.70180E-17
 -1       314-2.33149E-16 1.34476E-22-6.92769E-18-3.83790E-18 2.01702E-18-1.94329E-16
 -1       316 6.66130E-17 1.20616E-22-6.93427E-18 1.38805E-18 1.23689E-18-1.45240E-17
 -1       317-4.44083E-17-6.24442E-18-2.66442E-15-5.55118E-17-3.89979E-16 8.88191E-16
 -1       319 6.49968E-22-8.32608E-18 6.21739E-15-3.19193E-17 1.45578E-15-3.10853E-16
 -1       320 1.11024E-16 4.85778E-18-1.06581E-14 3.81608E-18-4.29874E-16 1.53907E-15
 -1       322 2.22052E-17 5.50958E-22 1.06583E-14-3.19194E-17-5.03152E-17-1.22818E-15
 -1       323-6.66131E-17 2.49802E-17-7.99359E-15 7.87572E-17 1.02352E-16 4.87806E-16
 -1       325 4.91201E-22 4.16338E-18 7.99372E-15-2.22045E-17-8.69795E-16-2.65760E-16
 -1       326 1.38779E-17 2.77546E-18 4.44097E-16-7.58607E-19-5.13406E-17-2.72899E-16
 -1       328 3.33070E-17-2.03925E-22-2.22046E-15 2.42891E-18 1.24953E-17 1.35501E-16
 -1       329-2.22046E-17-1.90808E-18 1.99842E-15 2.49800E-17-1.28064E-16-1.73904E-16
 -1       331 6.66135E-17 2.77570E-18-2.44251E-15 1.11023E-17-1.38385E-16 6.28868E-17
 -1       332-8.32674E-17 1.08110E-22 2.77507E-17 6.46189E-18-4.30612E-19-1.07096E-17
 -1       334 2.22045E-17 1.26145E-22 2.77556E-17-6.94013E-19 2.60450E-18 7.45525E-17
 -1       335 6.66143E-17 6.93447E-19-3.55273E-15 2.74094E-17-4.64550E-16-1.31847E-16
 -1       337-8.88180E-17 4.44086E-17 3.55274E-15 1.66541E-17 7.64333E-16-6.23126E-16
 -1       338-2.22041E-17-2.15112E-17 5.77321E-15-3.33064E-17 2.22146E-17-6.93978E-17
 -1       340-2.22045E-17-2.22051E-17-5.77321E-15 1.16575E-16-8.88088E-17 4.91270E-16
 -1       341 0.00000E+00-5.46646E-18 0.00000E+00-6.30774E-20 6.93889E-18 1.44560E-19
 -1       343 0.00000E+00 3.15349E-18 0.00000E+00-9.20274E-21 6.93889E-18 1.44560E-19
 -1       344 0.00000E+00 3.15349E-18 0.00000E+00-9.20274E-21 6.93889E-18 1.44560E-19
 -1       346 0.00000E+00-5.46646E-18 0.00000E+00-6.30774E-20 6.93889E-18 1.44560E-19
 -1       347 0.00000E+00-5.46646E-18 0.00000E+00-6.30774E-20 6.93889E-18 1.44560E-19
 -1       349 0.00000E+00 3.15349E-18 0.00000E+00-9.20274E-21 6.93889E-18 1.44560E-19
 -1       350-1.82458E-23 1.54391E-17 1.13727E-17 7.40148E-18-8.49038E-18 1.25298E-18
 -1       351 5.78221E-19 8.50019E-18 1.13727E-17 2.19733E-18-8.49038E-18 9.63863E-19
 -1       352 1.15646E-18 1.56132E-18 1.13727E-17-3.00682E-18-8.49038E-18 6.74743E-19
 -1       353-2.80135E-23-1.23165E-17-6.26425E-17-6.47631E-18-4.73194E-18-3.37297E-18
 -1       354-5.78267E-19-5.08854E-18-6.26425E-17-3.87423E-18-2.29465E-17-3.08385E-18
 -1       355-1.15651E-18 2.13945E-18-6.26425E-17-1.27216E-18-4.11610E-17-2.79473E-18
 -1       356 9.25184E-18-3.06467E-18-5.05574E-16-1.85036E-18 1.69521E-17-3.17068E-17
 -1       357 4.62593E-18-1.32996E-18-6.14861E-17 2.89135E-20-1.42728E-17-2.24550E-17
 -1       358 1.59408E-23 4.04761E-19 3.82602E-16 1.90819E-18-4.54977E-17-1.32032E-17
 -1       359-2.31296E-23 1.56127E-18-2.56349E-17 4.62586E-19-6.61116E-18-1.05999E-18
 -1       361-2.31296E-23 1.85039E-18-2.56349E-17-2.13949E-18-2.48257E-17-1.05999E-18
 -1       362 4.62591E-18-7.69060E-18-2.84108E-16-4.16334E-18 6.11008E-18-1.75399E-17
 -1       364-5.78245E-19 1.27210E-18 1.59980E-16 3.18017E-19-4.33294E-17-7.99896E-18
 -1       365 4.62591E-18 6.18719E-18-2.47101E-16 2.77556E-18 4.23086E-18-1.52269E-17
 -1       367 5.78238E-19 9.83042E-19 1.96987E-16-5.49317E-19-2.69941E-17-6.26423E-18
 -1       368-6.55931E-17-2.08166E-17 3.48293E-18 7.83126E-20-3.46890E-17-5.70990E-18
 -1       369-1.75878E-16 6.93883E-18 5.20579E-17-3.30439E-18 3.47458E-18-1.73177E-16
 -1       370 6.53486E-19 2.77552E-17-3.45294E-18-4.44853E-17 6.64105E-21-2.64684E-16
 -1       371 1.79023E-16-1.78608E-22-5.20279E-17-3.69393E-17-3.81570E-17-2.65136E-16
 -1       376-2.51636E-17-1.38852E-17-1.31144E-15-5.11971E-17-5.62039E-16 5.97396E-17
 -1       377-9.14076E-17 1.38702E-17-4.23275E-16 3.93983E-17-5.34283E-16 1.58271E-16
 -1       378 1.90619E-17 1.38702E-17-4.64908E-16-4.31733E-17-1.04079E-16 1.54325E-16
 -1       379-2.77463E-18-1.38852E-17-1.35307E-15-1.31687E-16-1.31835E-16 4.15918E-16
 -1       384-3.38710E-17 8.77765E-16 3.56659E-15 3.64980E-16 8.84692E-16-7.41776E-16
 -1       385 8.82525E-17 8.98581E-16 1.38978E-17 1.90110E-16 8.95101E-16 6.34887E-16
 -1       386 4.38442E-17 8.98581E-16-1.38576E-17 2.56722E-16-8.84717E-16-3.90628E-16
 -1       387-5.64763E-19 8.77765E-16 3.53884E-15 4.31592E-16-8.95125E-16-6.12674E-16
 -1       392 1.01574E-17-1.77762E-15 8.28171E-18 4.29836E-16 4.44608E-15 3.65463E-16
 -1       393 9.89736E-17-1.77502E-15-1.06498E-14 3.36201E-16 4.43741E-15-4.44998E-16
 -1       394-1.20470E-17-1.77502E-15-1.06663E-14 5.86473E-17-8.93360E-16-7.98447E-16
 -1       395 1.87791E-16-1.77762E-15-8.19806E-18 1.52283E-16-8.84687E-16 1.07781E-15
 -1       400 7.37892E-17 4.36677E-18 1.06607E-14-2.84541E-16-1.77282E-15 1.20679E-15
 -1       401-1.50288E-17-4.30680E-18-3.55005E-15 6.25022E-17-1.78323E-15-2.13496E-15
 -1       402-1.03845E-16-4.30680E-18-3.55526E-15-8.18251E-17-8.88514E-15-7.07217E-16
 -1       403 1.62606E-16 4.36677E-18 1.06555E-14-4.28868E-16-8.87473E-15 3.34507E-15
 -1       408-2.77547E-17-1.14925E-16 2.08066E-17 5.58839E-16-1.30437E-17-2.42826E-17
 -1       409 1.60986E-16 1.03656E-16-6.91589E-18-3.27652E-16 1.38484E-17 9.64711E-18
 -1       410 1.22035E-16-6.11236E-17-6.94937E-18-8.10939E-17 6.01206E-22-5.45855E-17
 -1       411-5.32909E-16-6.11051E-17 2.08335E-17-1.66351E-16 8.23724E-17-7.49358E-17
 -1       412 8.88169E-17-5.67842E-18 6.93247E-18 2.95184E-17 1.41086E-17 5.09190E-17
 -1       413 1.35971E-16 4.85414E-17-6.94249E-18-1.28844E-17 6.97196E-18 6.63370E-17
 -1       414-2.55385E-16-6.11582E-17 6.92919E-18-1.23712E-16 5.48927E-17-9.53419E-17
 -1       415-3.46949E-16-6.07401E-17 2.08102E-17 4.79282E-16 3.47118E-17-1.82848E-16
 -1       416-3.88599E-17-2.71922E-15-2.55354E-15-2.55952E-16 2.91481E-15-6.08552E-16
 -1       417-5.55279E-18 9.42799E-16 1.88739E-15 5.54756E-17 1.38780E-15-2.92255E-17
 -1       418 1.10700E-17-4.44125E-16-1.66536E-15 2.28331E-16-1.27674E-15-8.38928E-17
 -1       419-2.06505E-21-4.44118E-16 2.77557E-15 1.88758E-16-3.24783E-15 1.44323E-16
 -1       424-1.80413E-16 1.77630E-15-4.44091E-15-1.08772E-15 8.88180E-15 3.54234E-16
 -1       425 2.77329E-18 8.88163E-15 3.55272E-15 6.66466E-17 8.88201E-16-1.76943E-16
 -1       426 1.05487E-16-3.55285E-15-3.55268E-15 6.21407E-16-4.88503E-15-1.99500E-16
 -1       427 3.55273E-16-3.55283E-15 6.21727E-15-1.86146E-15-3.99685E-15 5.99523E-16
 -1       428-8.88178E-17 5.32922E-15-1.33233E-15-8.64456E-16 5.32912E-15 2.77387E-16
 -1       429 4.02618E-17 1.77648E-15-1.40780E-20 5.10549E-16-8.88158E-16-1.88218E-16
 -1       430 2.60921E-16-3.55259E-15 4.44060E-16-1.37449E-15-3.99682E-15-5.53363E-17
 -1       431 1.54046E-16-1.77617E-15 8.88141E-16-2.06116E-15 3.55273E-15 7.43336E-16
 -1       432-4.44050E-17-8.88145E-15 7.10539E-15 1.19903E-15-3.98690E-15-7.54941E-16
 -1       433 1.77640E-16 2.30931E-14 2.66446E-15 4.44077E-16-6.66137E-15-1.11010E-16
 -1       434 4.44130E-17 3.37314E-14-8.88251E-16 4.66277E-16 4.44068E-16 4.66305E-16
 -1       435-1.77632E-16-2.66252E-14-8.88191E-15 1.92978E-15 1.19805E-14 2.66467E-16
 -1       440 2.22043E-16-2.84221E-14 3.90800E-14 2.97543E-15-8.78302E-16-3.50833E-15
 -1       441 1.77634E-16 2.84217E-14 3.55276E-15 6.66136E-16-7.10555E-15-1.99847E-16
 -1       442-2.22050E-16 4.43891E-14 3.55269E-15-4.66290E-16 3.55272E-15 9.54794E-16
 -1       443-5.32912E-16-7.63243E-14-3.55275E-15 7.43257E-15 3.46093E-14-3.99689E-16
 -1       444 1.77641E-16 3.34748E-19 1.24345E-14 1.19902E-15-7.98374E-15-1.02140E-15
 -1       445-4.44050E-17 5.14951E-14 3.55266E-15-4.66326E-16-4.44093E-15 2.88674E-16
 -1       446-2.66451E-16-1.59670E-14-8.88192E-15 1.97419E-15 1.50892E-14 3.10878E-16
 -1       447 4.44136E-17-3.72835E-14 1.77636E-14 3.04002E-15 1.42010E-14-1.28785E-15
 -1       448-6.72881E-17 2.45061E-18-7.93272E-17 1.70234E-16-1.81803E-16 1.38777E-16
 -1       449 8.74743E-17 2.45061E-18 7.82685E-17 8.51979E-17-1.12318E-16-3.99253E-17
 -1       450 9.54368E-17 2.21128E-16 7.49220E-17-3.02468E-17 4.37879E-18-3.17520E-17
 -1       451-7.75257E-17 2.21128E-16-4.44534E-17 6.04903E-17-5.82654E-17 1.51955E-16
 -1       457 3.93930E-18-3.07239E-19 1.08136E-17-1.79205E-17-1.23938E-17-8.46582E-18
 -1       458-2.03255E-18-3.07239E-19 2.00276E-17-4.64109E-18-3.47115E-18-8.72164E-18
 -1       459-2.79652E-18-2.85616E-17 1.92791E-17-4.78558E-18-3.53743E-18-2.20325E-18
 -1       460-8.05943E-19-2.85616E-17 1.75727E-17-1.20403E-17-1.96897E-17-2.68681E-18
 -1       466-3.58419E-17-4.90950E-18 1.54929E-17 8.95783E-17-3.60705E-17-5.70425E-17
 -1       467-1.69578E-18-4.90950E-18-2.81005E-18 4.23224E-17 1.93094E-18-7.99485E-17
 -1       468 6.26677E-18 1.15410E-16-6.15650E-18 5.38130E-18-1.87532E-17-7.17752E-17
 -1       469-4.60795E-17 1.15410E-16 5.03668E-17 5.83380E-17-4.99137E-17-4.38642E-17
 -1       475-1.55532E-17 1.53115E-19-4.22901E-17 4.98640E-17 5.11202E-17-2.25449E-17
 -1       476 4.85977E-18 1.53115E-19 1.47536E-18 2.32165E-17 2.67705E-17 8.92388E-18
 -1       477 4.09580E-18 7.58451E-17 7.26912E-19 5.89936E-18-2.81362E-19 1.54423E-17
 -1       478-2.02984E-17 7.58451E-17-3.55310E-17 3.85716E-17 1.68387E-17-1.67659E-17
 -3
    1PSTEP                        14           1           2          
    1PGM                1.000000E+00                                  
    1PGK                2.038017E+07                                  
    1PHID                         -1                                  
    1PSUBC                         0                                  
    1PMODE                         2                                  
  100CL  103 718.4954833         328                     2    3MODAL      1
 -4  ERROR       1    1
 -5  STR(%)      1    1    0    0
 -1         1 5.71213E+01
 -1         2 9.61355E+01
 -1         3 9.61355E+01
 -1         4 9.62354E+01
 -1         5 1.05196E+02
 -1         6 1.05196E+02
 -1         7 9.62354E+01
 -1         8 1.05196E+02
 -1         9 1.05196E+02
 -1        10 8.88643E+01
 -1        11 9.61355E+01
 -1        12 9.61355E+01
 -1        13 1.11806E+02
 -1        14 1.11806E+02
 -1        15 1.05196E+02
 -1        16 1.11806E+02
 -1        17 1.11806E+02
 -1        18 1.05196E+02
 -1        19 8.88643E+01
 -1        20 8.88643E+01
 -1        21 7.82841E+01
 -1        22 1.11806E+02
 -1        23 1.11806E+02
 -1        24 8.64586E+01
 -1        25 1.11806E+02
 -1        26 1.11806E+02
 -1        27 8.64586E+01
 -1        30 5.87687E+01
 -1        31 5.87687E+01
 -1        32 5.87687E+01
 -1        33 5.87687E+01
 -1        34 5.87687E+01
 -1        35 5.87687E+01
 -1        36 5.87687E+01
 -1        37 5.87687E+01
 -1        38 5.87687E+01
 -1        39 5.87687E+01
 -1        40 5.87687E+01
 -1        41 5.87687E+01
 -1        42 5.87687E+01
 -1        43 5.87687E+01
 -1        44 5.87687E+01
 -1        45 5.87687E+01
 -1        46 5.87687E+01
 -1        47 5.87687E+01
 -1        48 5.87687E+01
 -1        49 5.87687E+01
 -1        50 5.82867E+01
 -1        51 5.82867E+01
 -1        52 5.82867E+01
 -1        53 5.82867E+01
 -1        54 5.82867E+01
 -1        55 5.82867E+01
 -1        56 5.82867E+01
 -1        57 5.82867E+01
 -1        58 5.85277E+01
 -1        59 5.85277E+01
 -1        60 5.85277E+01
 -1        61 5.85277E+01
 -1        63 0.00000E+00
 -1        64 0.00000E+00
 -1        65 0.00000E+00
 -1        66 0.00000E+00
 -1        67 3.48734E+01
 -1        68 3.48734E+01
 -1        69 3.48734E+01
 -1        70 3.48734E+01
 -1        71 3.48734E+01
 -1        72 3.48734E+01
 -1        73 3.48734E+01
 -1        74 3.48734E+01
 -1        75 3.48734E+01
 -1        76 3.48734E+01
 -1        77 0.00000E+00
 -1        78 0.00000E+00
 -1        79 0.00000E+00
 -1        80 0.00000E+00
 -1        81 0.00000E+00
 -1        82 0.00000E+00
 -1        83 7.10129E+01
 -1        84 7.10129E+01
 -1        85 7.10129E+01
 -1        86 7.10129E+01
 -1        87 7.10129E+01
 -1        88 7.10129E+01
 -1        89 7.10129E+01
 -1        90 7.10129E+01
 -1        91 7.10129E+01
 -1        92 7.10129E+01
 -1        93 7.10129E+01
 -1        94 7.10129E+01
 -1        95 7.10129E+01
 -1        96 7.10129E+01
 -1        97 7.10129E+01
 -1       151 0.00000E+00
 -1       152 0.00000E+00
 -1       154 0.00000E+00
 -1       155 0.00000E+00
 -1       156 1.27311E+02
 -1       157 1.27405E+02
 -1       158 1.27405E+02
 -1       159 1.27311E+02
 -1       160 1.60517E+02
 -1       161 1.60517E+02
 -1       162 6.19339E+01
 -1       163 1.60517E+02
 -1       164 1.60517E+02
 -1       165 1.27311E+02
 -1       166 1.27405E+02
 -1       167 1.27405E+02
 -1       168 1.27311E+02
 -1       169 1.60517E+02
 -1       170 1.60517E+02
 -1       171 6.19339E+01
 -1       172 1.60517E+02
 -1       173 1.60517E+02
 -1       174 1.30685E+02
 -1       175 1.30685E+02
 -1       176 1.00160E+02
 -1       177 1.30685E+02
 -1       178 1.30685E+02
 -1       179 1.00160E+02
 -1       180 1.28202E+02
 -1       181 1.28202E+02
 -1       182 4.71153E+01
 -1       183 1.30685E+02
 -1       184 1.30685E+02
 -1       185 1.00160E+02
 -1       186 1.30685E+02
 -1       187 1.30685E+02
 -1       188 1.00160E+02
 -1       189 1.28202E+02
 -1       190 1.28202E+02
 -1       191 4.71153E+01
 -1       192 5.28142E+01
 -1       193 6.25255E+01
 -1       194 6.25255E+01
 -1       195 8.75997E+01
 -1       196 8.75997E+01
 -1       197 6.25255E+01
 -1       198 8.75997E+01
 -1       199 8.75997E+01
 -1       200 5.49470E+01
 -1       201 5.28142E+01
 -1       202 6.25255E+01
 -1       203 6.25255E+01
 -1       204 8.75997E+01
 -1       205 8.75997E+01
 -1       206 6.25255E+01
 -1       207 8.75997E+01
 -1       208 8.75997E+01
 -1       209 5.49470E+01
 -1       210 8.12050E+01
 -1       211 8.12050E+01
 -1       212 7.86987E+01
 -1       213 8.12050E+01
 -1       214 8.12050E+01
 -1       215 7.86987E+01
 -1       216 8.12050E+01
 -1       217 8.12050E+01
 -1       218 7.86987E+01
 -1       219 8.12050E+01
 -1       220 8.12050E+01
 -1       221 7.86987E+01
 -1       222 8.12050E+01
 -1       223 8.12050E+01
 -1       224 7.86987E+01
 -1       225 8.12050E+01
 -1       226 8.12050E+01
 -1       227 7.86987E+01
 -1       251 1.61340E+02
 -1       253 1.61340E+02
 -1       254 1.61340E+02
 -1       256 1.61340E+02
 -1       257 1.43124E+02
 -1       259 1.43124E+02
 -1       260 1.65287E+02
 -1       262 1.65287E+02
 -1       263 1.65287E+02
 -1       265 1.65287E+02
 -1       266 1.43124E+02
 -1       268 1.43124E+02
 -1       269 1.65287E+02
 -1       271 1.65287E+02
 -1       272 1.65287E+02
 -1       274 1.65287E+02
 -1       275 1.27483E+02
 -1       277 1.27483E+02
 -1       278 4.73084E+01
 -1       279 4.73084E+01
 -1       280 4.73084E+01
 -1       281 4.85786E+01
 -1       282 4.85786E+01
 -1       283 4.85786E+01
 -1       284 4.85786E+01
 -1       285 4.85786E+01
 -1       286 4.85786E+01
 -1       287 4.89690E+01
 -1       288 4.89690E+01
 -1       289 4.89690E+01
 -1       290 4.89690E+01
 -1       291 4.89690E+01
 -1       292 4.89690E+01
 -1       293 4.85786E+01
 -1       294 4.85786E+01
 -1       295 4.85786E+01
 -1       296 4.89690E+01
 -1       297 4.89690E+01
 -1       298 4.89690E+01
 -1       299 4.89690E+01
 -1       300 4.89690E+01
 -1       301 4.89690E+01
 -1       302 3.56483E+01
 -1       303 3.56483E+01
 -1       304 3.56483E+01
 -1       305 4.79435E+01
 -1       307 4.79435E+01
 -1       308 4.87738E+01
 -1       310 4.87738E+01
 -1       311 4.89690E+01
 -1       313 4.89690E+01
 -1       314 4.81387E+01
 -1       316 4.81387E+01
 -1       317 4.85786E+01
 -1       319 4.85786E+01
 -1       320 4.85786E+01
 -1       322 4.85786E+01
 -1       323 4.87738E+01
 -1       325 4.87738E+01
 -1       326 4.89690E+01
 -1       328 4.89690E+01
 -1       329 4.89690E+01
 -1       331 4.89690E+01
 -1       332 4.89690E+01
 -1       334 4.89690E+01
 -1       335 4.21134E+01
 -1       337 4.21134E+01
 -1       338 4.23086E+01
 -1       340 4.23086E+01
 -1       341 0.00000E+00
 -1       343 0.00000E+00
 -1       344 0.00000E+00
 -1       346 0.00000E+00
 -1       347 0.00000E+00
 -1       349 0.00000E+00
 -1       350 7.65015E+01
 -1       351 7.65015E+01
 -1       352 7.65015E+01
 -1       353 7.65015E+01
 -1       354 7.65015E+01
 -1       355 7.65015E+01
 -1       356 7.65015E+01
 -1       357 7.65015E+01
 -1       358 7.65015E+01
 -1       359 7.65015E+01
 -1       361 7.65015E+01
 -1       362 7.65015E+01
 -1       364 7.65015E+01
 -1       365 7.65015E+01
 -1       367 7.65015E+01
 -1       368 1.02884E+02
 -1       369 1.02884E+02
 -1       370 1.02884E+02
 -1       371 1.02884E+02
 -1       376 1.34153E+02
 -1       377 1.34153E+02
 -1       378 1.34153E+02
 -1       379 1.34153E+02
 -1       384 1.61064E+02
 -1       385 1.61064E+02
 -1       386 1.61064E+02
 -1       387 1.61064E+02
 -1       392 2.11910E+02
 -1       393 2.11910E+02
 -1       394 2.11910E+02
 -1       395 2.11910E+02
 -1       400 2.11910E+02
 -1       401 2.11910E+02
 -1       402 2.11910E+02
 -1       403 2.11910E+02
 -1       408 4.08927E+01
 -1       409 4.08927E+01
 -1       410 4.08927E+01
 -1       411 4.08927E+01
 -1       412 4.08927E+01
 -1       413 4.08927E+01
 -1       414 4.08927E+01
 -1       415 4.08927E+01
 -1       416 4.35711E+01
 -1       417 4.35711E+01
 -1       418 4.35711E+01
 -1       419 4.35711E+01
 -1       424 4.62496E+01
 -1       425 4.62496E+01
 -1       426 4.62496E+01
 -1       427 4.62496E+01
 -1       428 4.62496E+01
 -1       429 4.62496E+01
 -1       430 4.62496E+01
 -1       431 4.62496E+01
 -1       432 4.62496E+01
 -1       433 4.62496E+01
 -1       434 4.62496E+01
 -1       435 4.62496E+01
 -1       440 4.62496E+01
 -1       441 4.62496E+01
 -1       442 4.62496E+01
 -1       443 4.62496E+01
 -1       444 4.62496E+01
 -1       445 4.62496E+01
 -1       446 4.62496E+01
 -1       447 4.62496E+01
 -1       448 1.33173E+02
 -1       449 1.33173E+02
 -1       450 1.33173E+02
 -1       451 1.33173E+02
 -1       457 1.91604E+02
 -1       458 1.91604E+02
 -1       459 1.91604E+02
 -1       460 1.91604E+02
 -1       466 1.33173E+02
 -1       467 1.33173E+02
 -1       468 1.33173E+02
 -1       469 1.33173E+02
 -1       475 1.91604E+02
 -1       476 1.91604E+02
 -1       477 1.91604E+02
 -1       478 1.91604E+02
 -3
    1PSTEP                        15           1           2          
    1PGM                1.000000E+00                                  
    1PGK                2.569687E+09                                  
    1PHID                         -1                                  
    1PSUBC                         0                                  
    1PMODE                         3                                  
  100CL  104 8067.894375         328                     2    4MODAL      1
 -4  DISP        4    1
 -5  D1          1    2    1    0
 -5  D2          1    2    2    0
 -5  D3          1    2    3    0
 -5  ALL         1    2    0    0    1ALL
 -1         1 0.00000E+00 0.00000E+00 0.00000E+00
 -1         2 9.76996E-15 5.77316E-15 7.54952E-15
 -1         3 1.50990E-14 0.00000E+00 0.00000E+00
 -1         4 0.00000E+00 0.00000E+00 0.00000E+00
 -1         5 1.33227E-14 3.55271E-15 7.10543E-15
 -1         6 1.50990E-14 0.00000E+00 0.00000E+00
 -1         7 0.00000E+00 0.00000E+00 0.00000E+00
 -1         8 7.10543E-15 1.44329E-15 2.66454E-15
 -1         9 1.50990E-14 0.00000E+00 0.00000E+00
 -1        10 0.00000E+00 0.00000E+00 0.00000E+00
 -1        11 1.33227E-14 5.32907E-15-8.88178E-16
 -1        12 1.50990E-14 0.00000E+00 0.00000E+00
 -1        13 0.00000E+00 0.00000E+00 0.00000E+00
 -1        14 1.06581E-14 6.21725E-15 1.33227E-15
 -1        15 1.50990E-14 0.00000E+00 0.00000E+00
 -1        16 0.00000E+00 0.00000E+00 0.00000E+00
 -1        17 1.02141E-14 5.77316E-15 2.63678E-16
 -1        18 1.50990E-14 0.00000E+00 0.00000E+00
 -1        19 0.00000E+00 0.00000E+00 0.00000E+00
 -1        20 1.06581E-14 3.55271E-15-5.32907E-15
 -1        21 1.50990E-14 0.00000E+00 0.00000E+00
 -1        22 0.00000E+00 0.00000E+00 0.00000E+00
 -1        23 1.06581E-14 3.55271E-15-6.21725E-15
 -1        24 1.50990E-14 0.00000E+00 0.00000E+00
 -1        25 0.00000E+00 0.00000E+00 0.00000E+00
 -1        26 1.33227E-14 9.02056E-17-2.88658E-15
 -1        27 1.50990E-14 0.00000E+00 0.00000E+00
 -1        30 0.00000E+00 0.00000E+00 0.00000E+00
 -1        31-4.06335E-14 2.22034E-14 8.97081E-14
 -1        32-9.61440E-14 2.22034E-14 1.34118E-13
 -1        33 0.00000E+00 0.00000E+00 0.00000E+00
 -1        34 0.00000E+00 0.00000E+00 0.00000E+00
 -1        35 4.37435E-14-2.22047E-14 8.97056E-14
 -1        36-1.17670E-14-2.22047E-14 1.34115E-13
 -1        37 0.00000E+00 0.00000E+00 0.00000E+00
 -1        38-2.84217E-14-1.37668E-14 8.52651E-14
 -1        39-6.83887E-14 2.22034E-14 1.11913E-13
 -1        40-5.32907E-14 3.01981E-14 9.23706E-14
 -1        41 0.00000E+00 0.00000E+00 0.00000E+00
 -1        42 1.95399E-14-2.30926E-14 8.52651E-14
 -1        43 1.59882E-14-2.22047E-14 1.11910E-13
 -1        44 6.66134E-15-3.37508E-14 8.52651E-14
 -1        45 0.00000E+00 0.00000E+00 0.00000E+00
 -1        46 0.00000E+00 0.00000E+00 0.00000E+00
 -1        47 1.55498E-15-6.70728E-19 8.97069E-14
 -1        48-5.39555E-14-6.70728E-19 1.34117E-13
 -1        49 0.00000E+00 0.00000E+00 0.00000E+00
 -1        50 0.00000E+00 0.00000E+00 0.00000E+00
 -1        51 1.28120E-13-6.66128E-14 8.97031E-14
 -1        52 7.26099E-14-6.66128E-14 1.34113E-13
 -1        53 0.00000E+00 0.00000E+00 0.00000E+00
 -1        54 5.68434E-14-4.97380E-14 5.68434E-14
 -1        55 1.00365E-13-6.66128E-14 1.11908E-13
 -1        56 6.39488E-14-7.81597E-14 8.52651E-14
 -1        57 0.00000E+00 0.00000E+00 0.00000E+00
 -1        58 0.00000E+00 0.00000E+00 0.00000E+00
 -1        59 8.59319E-14-4.44088E-14 8.97044E-14
 -1        60 3.04214E-14-4.44088E-14 1.34114E-13
 -1        61 0.00000E+00 0.00000E+00 0.00000E+00
 -1        63 0.00000E+00 0.00000E+00 0.00000E+00
 -1        64 0.00000E+00 0.00000E+00 0.00000E+00
 -1        65 0.00000E+00 0.00000E+00 0.00000E+00
 -1        66 2.88658E-15 1.55431E-15 4.99600E-16
 -1        67 0.00000E+00 0.00000E+00 0.00000E+00
 -1        68 0.00000E+00 0.00000E+00 0.00000E+00
 -1        69 0.00000E+00 0.00000E+00 0.00000E+00
 -1        70-3.90799E-14 1.77636E-14 4.99600E-16
 -1        71 0.00000E+00 0.00000E+00 0.00000E+00
 -1        72 0.00000E+00 0.00000E+00 0.00000E+00
 -1        73 0.00000E+00 0.00000E+00 0.00000E+00
 -1        74-1.59872E-14 7.54952E-15-2.08167E-16
 -1        75-1.77636E-14 2.88658E-15 6.21725E-15
 -1        76-7.99361E-15 6.66134E-15-2.66454E-15
 -1        77 0.00000E+00 0.00000E+00 0.00000E+00
 -1        78 0.00000E+00 0.00000E+00 0.00000E+00
 -1        79 0.00000E+00 0.00000E+00 0.00000E+00
 -1        80 4.91770E-03-4.91770E-03 1.42109E-14
 -1        81 4.91770E-03 9.83541E-03 3.10862E-15
 -1        82-9.83541E-03-4.91770E-03-1.59872E-14
 -1        83 0.00000E+00 0.00000E+00 0.00000E+00
 -1        84 0.00000E+00 0.00000E+00 0.00000E+00
 -1        85 0.00000E+00 0.00000E+00 0.00000E+00
 -1        86-3.10862E-15-4.55191E-15 1.13520E-14
 -1        87 1.55431E-15 1.15463E-14-1.42109E-14
 -1        88 1.59872E-14 2.66454E-15-1.06581E-14
 -1        89 0.00000E+00 0.00000E+00 0.00000E+00
 -1        90 0.00000E+00 0.00000E+00 0.00000E+00
 -1        91 0.00000E+00 0.00000E+00 0.00000E+00
 -1        92-3.99680E-15-3.33067E-15-3.10862E-15
 -1        93-6.66134E-15-4.44089E-15-1.77636E-14
 -1        94-3.77476E-15-1.88738E-15-2.49800E-16
 -1        95-2.13163E-14-1.33227E-14-9.32587E-15
 -1        96-1.86517E-14-1.15463E-14-1.99840E-15
 -1        97-9.76996E-15-7.54952E-15-4.44089E-15
 -1       151 0.00000E+00 0.00000E+00 0.00000E+00
 -1       152 5.91937E-21 0.00000E+00 0.00000E+00
 -1       154 0.00000E+00 0.00000E+00 0.00000E+00
 -1       155 0.00000E+00 0.00000E+00 0.00000E+00
 -1       156 0.00000E+00 0.00000E+00 0.00000E+00
 -1       157 0.00000E+00 0.00000E+00 0.00000E+00
 -1       158 0.00000E+00 0.00000E+00 0.00000E+00
 -1       159 0.00000E+00 0.00000E+00 0.00000E+00
 -1       160 0.00000E+00 0.00000E+00 0.00000E+00
 -1       161 0.00000E+00 0.00000E+00 0.00000E+00
 -1       162 0.00000E+00 0.00000E+00 0.00000E+00
 -1       163 0.00000E+00 0.00000E+00 0.00000E+00
 -1       164 0.00000E+00 0.00000E+00 0.00000E+00
 -1       165-1.77636E-14-5.32907E-15-5.32907E-15
 -1       166-1.95399E-14 2.10942E-15-6.21725E-15
 -1       167-1.95399E-14 3.55271E-15-6.88338E-15
 -1       168-2.48690E-14-1.66533E-15-7.99361E-15
 -1       169-1.95399E-14 6.66134E-15-8.32667E-16
 -1       170-1.77636E-14 7.10543E-15-2.22045E-16
 -1       171-1.42109E-14 2.22045E-15-4.88498E-15
 -1       172-1.24345E-14 6.66134E-15 4.66294E-15
 -1       173-1.77636E-14 1.99840E-15 1.24345E-14
 -1       174-1.77636E-14-5.32907E-15-5.32907E-15
 -1       175-1.95399E-14 2.10942E-15-6.21725E-15
 -1       176-1.95399E-14 3.55271E-15-6.88338E-15
 -1       177-2.48690E-14-1.66533E-15-7.99361E-15
 -1       178-1.95399E-14 6.66134E-15-8.32667E-16
 -1       179-1.77636E-14 7.10543E-15-2.22045E-16
 -1       180-1.42109E-14 2.22045E-15-4.88498E-15
 -1       181-1.24345E-14 6.66134E-15 4.66294E-15
 -1       182-1.77636E-14 1.99840E-15 1.24345E-14
 -1       183-2.48690E-14 7.10543E-15-3.55271E-15
 -1       184-2.66454E-14 4.88498E-15-8.88178E-15
 -1       185-2.48690E-14-4.88498E-15-1.68754E-14
 -1       186-3.19744E-14 7.10543E-15-1.15463E-14
 -1       187-2.84217E-14 4.21885E-15-4.88498E-15
 -1       188-2.84217E-14-6.66134E-15 1.11022E-15
 -1       189-3.01981E-14 1.99840E-15-6.66134E-15
 -1       190-2.48690E-14 1.22125E-15 7.54952E-15
 -1       191-2.13163E-14-1.15463E-14 2.30926E-14
 -1       192 0.00000E+00 0.00000E+00 0.00000E+00
 -1       193 0.00000E+00 0.00000E+00 0.00000E+00
 -1       194 0.00000E+00 0.00000E+00 0.00000E+00
 -1       195 0.00000E+00 0.00000E+00 0.00000E+00
 -1       196 0.00000E+00 0.00000E+00 0.00000E+00
 -1       197 0.00000E+00 0.00000E+00 0.00000E+00
 -1       198 0.00000E+00 0.00000E+00 0.00000E+00
 -1       199 0.00000E+00 0.00000E+00 0.00000E+00
 -1       200 0.00000E+00 0.00000E+00 0.00000E+00
 -1       201 1.15463E-14 1.33227E-15 1.06581E-14
 -1       202 6.21725E-15 6.21725E-15 3.55271E-15
 -1       203 9.76996E-15 7.10543E-15-8.32667E-16
 -1       204 7.99361E-15-4.44089E-15 6.21725E-15
 -1       205 7.54952E-15 9.43690E-16 2.10942E-15
 -1       206 7.54952E-15 6.66134E-15-1.05471E-15
 -1       207 8.88178E-15-2.88658E-15 7.99361E-15
 -1       208 2.88658E-15-2.44249E-15 4.66294E-15
 -1       209 3.33067E-16 7.99361E-15-3.55271E-15
 -1       210 0.00000E+00 0.00000E+00-7.10543E-15
 -1       211 1.02141E-14-4.26326E-14-1.99840E-14
 -1       212 7.10543E-15-5.68434E-14-8.88178E-15
 -1       213 0.00000E+00 0.00000E+00 2.08722E-14
 -1       214 4.44089E-15-6.75016E-14-7.19425E-14
 -1       215 1.77636E-15-6.75016E-14 1.59872E-14
 -1       216 0.00000E+00 0.00000E+00-3.10862E-15
 -1       217 2.13163E-14-2.48690E-14-5.86198E-14
 -1       218 1.24345E-14-4.97380E-14-6.10345E-14
 -1       219 0.00000E+00 0.00000E+00-1.28786E-14
 -1       220-1.68754E-14-7.10543E-15 1.64313E-13
 -1       221-1.42109E-14-5.32907E-14-1.06581E-14
 -1       222 0.00000E+00 0.00000E+00 5.06262E-14
 -1       223 1.33227E-14-7.10543E-15 3.06422E-14
 -1       224 9.38138E-15-3.90799E-14 4.44089E-14
 -1       225 0.00000E+00 0.00000E+00-2.93099E-14
 -1       226 1.42109E-14-1.24345E-14-1.05693E-13
 -1       227 1.77636E-14-2.84217E-14-2.75335E-14
 -1       251 0.00000E+00 0.00000E+00-4.26881E-14
 -1       253 0.00000E+00-0.00000E+00 4.26881E-14
 -1       254-1.42109E-14 7.10543E-15 2.27374E-13
 -1       256 0.00000E+00-3.55271E-15-1.13687E-13
 -1       257 2.84217E-14-2.55795E-13-2.27374E-13
 -1       259-2.84217E-14-4.22773E-13 0.00000E+00
 -1       260 0.00000E+00 0.00000E+00 2.33147E-15
 -1       262 0.00000E+00-0.00000E+00-2.33147E-15
 -1       263 5.68434E-14 3.10862E-14 1.13687E-13
 -1       265-2.84217E-14-1.15463E-14 2.27374E-13
 -1       266 0.00000E+00 1.42109E-14 1.36424E-12
 -1       268 0.00000E+00-4.08562E-14 4.54747E-13
 -1       269 0.00000E+00 0.00000E+00 3.61100E-14
 -1       271 0.00000E+00-0.00000E+00-3.61100E-14
 -1       272-8.52651E-14 8.88178E-16 1.13687E-13
 -1       274-1.42109E-13 1.06581E-14 3.41061E-13
 -1       275-5.68434E-14 4.63629E-13 4.54747E-13
 -1       277-8.52651E-14 4.49418E-13 4.54747E-13
 -1       278 0.00000E+00 0.00000E+00-5.47229E-12
 -1       279 0.00000E+00 0.00000E+00 0.00000E+00
 -1       280 0.00000E+00-0.00000E+00 5.47229E-12
 -1       281-2.23066E+02-3.52889E+01-1.23962E+03
 -1       282 3.59943E-11 2.59810E-11-1.23643E+03
 -1       283 2.23066E+02 3.52889E+01-1.23962E+03
 -1       284-2.68166E+02-1.53180E+01-3.75099E+03
 -1       285 5.22693E-11 7.88383E-11-3.75167E+03
 -1       286 2.68166E+02 1.53180E+01-3.75099E+03
 -1       287 0.00000E+00 0.00000E+00-6.04293E-12
 -1       288 0.00000E+00 0.00000E+00 0.00000E+00
 -1       289 0.00000E+00-0.00000E+00 6.04293E-12
 -1       290-2.26634E+02 2.02053E-10-1.38251E+03
 -1       291 4.68425E-12 2.69811E-11-1.37893E+03
 -1       292 2.26634E+02-1.46912E-10-1.38251E+03
 -1       293-2.62127E+02 4.61639E-10-3.85129E+03
 -1       294 4.12470E-12 5.50564E-11-3.85260E+03
 -1       295 2.62127E+02-3.53111E-10-3.85129E+03
 -1       296 0.00000E+00 0.00000E+00-8.73190E-12
 -1       297 0.00000E+00 0.00000E+00 0.00000E+00
 -1       298 0.00000E+00-0.00000E+00 8.73190E-12
 -1       299-2.23066E+02 3.52889E+01-1.23962E+03
 -1       300-1.40776E-11 2.66471E-11-1.23643E+03
 -1       301 2.23066E+02-3.52889E+01-1.23962E+03
 -1       302-2.68166E+02 1.53180E+01-3.75099E+03
 -1       303-2.00782E-11 5.23421E-11-3.75167E+03
 -1       304 2.68166E+02-1.53180E+01-3.75099E+03
 -1       305-1.10398E+02-2.12704E+01-4.00854E+02
 -1       307 1.10398E+02 2.12704E+01-4.00854E+02
 -1       308-2.10535E+02-1.30104E+01-1.36556E+03
 -1       310 2.10535E+02 1.30104E+01-1.36556E+03
 -1       311-1.24990E+02 7.59122E-11-4.80856E+02
 -1       313 1.24990E+02-5.35501E-11-4.80856E+02
 -1       314-6.48516E+01 1.46454E-01 2.84766E+00
 -1       316 6.48516E+01-1.46454E-01 2.84766E+00
 -1       317-2.54238E+02-2.67842E+01-2.42799E+03
 -1       319 2.54238E+02 2.67842E+01-2.42799E+03
 -1       320-2.67481E+02-1.11756E+01-3.81594E+03
 -1       322 2.67481E+02 1.11756E+01-3.81594E+03
 -1       323-2.49788E+02 3.48963E-10-2.55990E+03
 -1       325 2.49788E+02-2.65011E-10-2.55990E+03
 -1       326-2.10535E+02 1.30104E+01-1.36556E+03
 -1       328 2.10535E+02-1.30104E+01-1.36556E+03
 -1       329-1.10398E+02 2.12704E+01-4.00854E+02
 -1       331 1.10398E+02-2.12704E+01-4.00854E+02
 -1       332-6.48516E+01-1.46454E-01 2.84766E+00
 -1       334 6.48516E+01 1.46454E-01 2.84766E+00
 -1       335-2.67481E+02 1.11756E+01-3.81594E+03
 -1       337 2.67481E+02-1.11756E+01-3.81594E+03
 -1       338-2.54238E+02 2.67842E+01-2.42799E+03
 -1       340 2.54238E+02-2.67842E+01-2.42799E+03
 -1       341 0.00000E+00 0.00000E+00-1.73472E-18
 -1       343 0.00000E+00-0.00000E+00 1.73472E-18
 -1       344 0.00000E+00 0.00000E+00-3.81639E-17
 -1       346 0.00000E+00-0.00000E+00 3.81639E-17
 -1       347-1.33227E-15-1.95399E-14-6.39488E-14
 -1       349-1.22125E-15 2.30926E-14-8.52651E-14
 -1       350 0.00000E+00 0.00000E+00-1.38778E-15
 -1       351 0.00000E+00 0.00000E+00 0.00000E+00
 -1       352 0.00000E+00-0.00000E+00 1.38778E-15
 -1       353 0.00000E+00 0.00000E+00 7.77156E-16
 -1       354 0.00000E+00 0.00000E+00 0.00000E+00
 -1       355 0.00000E+00-0.00000E+00-7.77156E-16
 -1       356 2.30926E-14 5.32907E-15-1.42109E-13
 -1       357 2.48690E-14 1.42109E-14-1.27898E-13
 -1       358 2.48690E-14 2.08722E-14-8.52651E-14
 -1       359 2.44249E-15-1.06581E-14 0.00000E+00
 -1       361-2.10942E-15 2.22045E-14-3.99680E-15
 -1       362 7.99361E-15-5.32907E-15-5.68434E-14
 -1       364 8.88178E-15 2.13163E-14-4.61853E-14
 -1       365 8.43769E-15 7.10543E-15-7.46070E-14
 -1       367 1.15463E-14 2.05391E-14-7.46070E-14
 -1       368 3.09475E-15 1.90958E-14-1.86517E-14
 -1       369-3.09475E-15-6.21725E-15 1.33227E-14
 -1       370 6.17035E-15-1.28786E-14 5.77316E-15
 -1       371 2.03964E-31 6.39488E-14-4.44089E-16
 -1       376-9.23706E-14 2.84217E-14-2.84217E-13
 -1       377-1.13687E-13 8.52651E-14-2.84217E-13
 -1       378 1.06581E-13 0.00000E+00-2.84217E-13
 -1       379 1.42109E-13-2.84217E-14-3.97904E-13
 -1       384-9.94760E-14 3.41061E-13-1.25056E-12
 -1       385-2.27374E-13 2.27374E-13-1.13687E-12
 -1       386 1.42109E-13 1.13687E-13-1.02318E-12
 -1       387 2.84217E-13 3.41061E-13-1.13687E-12
 -1       392-1.27898E-13 6.82121E-13-2.50111E-12
 -1       393-2.27374E-13 6.82121E-13-2.27374E-12
 -1       394 3.41061E-13 4.54747E-13-2.50111E-12
 -1       395 3.97904E-13 4.54747E-13-2.27374E-12
 -1       400-8.52651E-14 9.09495E-13-3.18323E-12
 -1       401-2.27374E-13 9.09495E-13-4.09273E-12
 -1       402 2.13163E-13 9.09495E-13-3.63798E-12
 -1       403 3.41061E-13 9.09495E-13-3.63798E-12
 -1       408-6.21725E-15 2.85327E-14-2.48690E-14
 -1       409 6.21725E-15 9.54792E-15 7.99361E-15
 -1       410-1.24005E-14-3.80806E-14-1.50990E-14
 -1       411-4.45140E-25 6.19505E-14 3.19744E-14
 -1       412 0.00000E+00-1.19349E-14-8.43769E-15
 -1       413 3.10862E-15-1.42664E-14-3.55271E-15
 -1       414 0.00000E+00 1.19349E-14 8.43769E-15
 -1       415-3.10862E-15 1.42664E-14 3.55271E-15
 -1       416-2.84217E-14-1.13687E-13 1.06581E-13
 -1       417 7.10543E-14-1.70530E-13 5.68434E-14
 -1       418 5.68434E-14-5.68434E-14 7.10543E-14
 -1       419-1.13687E-13-1.13687E-13 1.27898E-13
 -1       424-1.13687E-13-6.82121E-13 2.84217E-13
 -1       425 1.98952E-13-6.82121E-13 2.84217E-13
 -1       426 2.84217E-14-6.82121E-13 2.27374E-13
 -1       427-1.70530E-13-4.54747E-13 3.41061E-13
 -1       428 3.55271E-14-9.09495E-13 3.41061E-13
 -1       429 1.13687E-13-9.09495E-13 1.13687E-13
 -1       430-1.42109E-14-9.09495E-13 3.41061E-13
 -1       431-1.70530E-13-6.82121E-13 4.54747E-13
 -1       432-1.13687E-13-1.36424E-12 6.82121E-13
 -1       433 0.00000E+00-1.36424E-12 5.68434E-13
 -1       434 2.84217E-14-9.09495E-13 3.41061E-13
 -1       435-2.84217E-13-1.36424E-12 5.68434E-13
 -1       440-8.52651E-14-1.81899E-12 2.38742E-12
 -1       441 2.27374E-13-2.27374E-12 1.13687E-12
 -1       442 2.84217E-14-2.27374E-12 1.13687E-12
 -1       443-2.84217E-13-4.43593E-12 1.25056E-12
 -1       444 1.06581E-13-1.81899E-12 1.36424E-12
 -1       445 1.13687E-13-2.72848E-12 7.95808E-13
 -1       446-3.69482E-13-1.81899E-12 1.13687E-12
 -1       447-1.13687E-13-2.27374E-12 1.59162E-12
 -1       448-1.59872E-14-8.88178E-16-3.01981E-14
 -1       449 5.68434E-14 8.88178E-16 7.10543E-14
 -1       450 2.30926E-14 0.00000E+00 2.30926E-14
 -1       451-6.39488E-14-2.27439E-15-6.39488E-14
 -1       457 9.76996E-15 2.60902E-15-1.24345E-14
 -1       458 1.24345E-14-1.99840E-15-1.42109E-14
 -1       459-7.99361E-15-6.10623E-16 1.06581E-14
 -1       460-1.42109E-14-1.05315E-15 1.59872E-14
 -1       466 3.55271E-15-4.21885E-15 8.08242E-14
 -1       467-7.10543E-14-2.44249E-15-4.97380E-14
 -1       468-4.61853E-14 6.66134E-15-9.76996E-15
 -1       469 2.84217E-14-4.31172E-14 8.52651E-14
 -1       475-2.75335E-14 1.48492E-15 4.13003E-14
 -1       476-3.90799E-14-1.66533E-15 4.26326E-14
 -1       477-1.15463E-14 1.80411E-16 1.15463E-14
 -1       478-7.10543E-15 1.07837E-14 1.11022E-14
 -3
    1PSTEP                        16           1           2          
    1PGM                1.000000E+00                                  
    1PGK                2.569687E+09                                  
    1PHID                         -1                                  
    1PSUBC                         0                                  
    1PMODE                         3                                  
  100CL  104 8067.894375         328                     2    4MODAL      1
 -4  STRESS      6    1
 -5  SXX         1    4    1    1
 -5  SYY         1    4    2    2
 -5  SZZ         1    4    3    3
 -5  SXY         1    4    1    2
 -5  SYZ         1    4    2    3
 -5  SZX         1    4    3    1
 -1         1 5.52356E-10 2.36726E-10 2.36730E-10 9.32553E-11-7.10307E-16 1.21951E-10
 -1         2 1.68571E-10-1.47063E-10-3.47923E-10 5.73893E-11-1.43478E-11 5.73893E-11
 -1         3 3.01292E-10 1.29127E-10 1.29130E-10-9.32552E-11-7.10307E-16-1.21951E-10
 -1         4 7.53220E-10 3.22810E-10 3.22813E-10 5.73875E-11-4.39484E-16 1.14777E-10
 -1         5 2.34479E-10-7.93618E-11-1.95932E-10-2.15207E-11 3.58654E-12-4.30421E-11
 -1         6 1.00427E-10 4.30421E-11 4.30448E-11-5.73867E-11-4.39484E-16-1.14778E-10
 -1         7 4.01711E-10 1.72164E-10 1.72165E-10 2.33130E-11-2.51353E-16 4.30409E-11
 -1         8 3.17536E-10 5.48910E-12-3.92514E-12-1.00431E-10-1.79358E-12 5.02157E-11
 -1         9 4.51936E-10 1.93689E-10 1.93691E-10-2.33115E-11-2.51353E-16-4.30407E-11
 -1        10 7.53219E-10 3.22810E-10 3.22813E-10 8.60818E-11-9.65932E-18-1.43474E-11
 -1        11 2.92317E-10 7.71137E-11-1.59615E-10-4.30420E-11 1.79341E-11 7.17377E-12
 -1        12 1.00428E-10 4.30425E-11 4.30459E-11-8.60818E-11-9.65932E-18 1.43478E-11
 -1        13 6.02573E-10 2.58248E-10 2.58250E-10 1.00430E-10 1.86118E-16 2.15206E-11
 -1        14 2.70796E-10 3.40719E-11-1.88310E-10-2.51077E-11 9.30346E-12-2.15211E-11
 -1        15 2.51074E-10 1.07605E-10 1.07608E-10-1.00429E-10 1.86118E-16-2.15209E-11
 -1        16 5.77465E-10 2.47488E-10 2.47490E-10 9.32562E-11 2.79523E-16 4.25902E-12
 -1        17 3.48809E-10 9.05649E-11 1.52426E-11-7.17344E-12-2.81901E-11 5.02156E-11
 -1        18 2.76182E-10 1.18367E-10 1.18368E-10-9.32555E-11 2.79523E-16-4.25925E-12
 -1        19 6.02572E-10 2.58246E-10 2.58250E-10 5.73875E-11 3.60219E-16-8.60827E-11
 -1        20 3.19218E-10 7.53197E-11-6.81511E-11 2.86950E-16-4.30417E-11-4.30418E-11
 -1        21 2.51075E-10 1.07604E-10 1.07608E-10-5.73866E-11 3.60219E-16 8.60833E-11
 -1        22 6.02572E-10 2.58247E-10 2.58249E-10 5.73874E-11 6.75754E-16-1.00431E-10
 -1        23 2.01945E-10-9.78846E-11-2.85855E-10 2.15211E-11-2.33140E-11-2.39125E-17
 -1        24 2.51075E-10 1.07605E-10 1.07608E-10-5.73872E-11 6.75754E-16 1.00430E-10
 -1        25 7.53220E-10 3.22811E-10 3.22814E-10 1.45490E-12 8.69239E-16-4.66285E-11
 -1        26 2.66592E-10-8.91689E-11-7.90795E-11 4.30418E-11-3.79974E-11 5.02154E-11
 -1        27 1.00428E-10 4.30431E-11 4.30454E-11-1.45533E-12 8.69239E-16 4.66278E-11
 -1        30-1.71002E-09-5.64886E-11-5.29932E-10-6.08549E-10-1.19546E-11 2.06118E-09
 -1        31 1.22905E-10 7.29032E-10 2.55548E-10 5.49960E-10-1.19414E-11 1.31526E-10
 -1        32-1.83008E-09-1.40758E-10-6.90761E-10-8.70416E-10-3.06063E-10 1.04260E-09
 -1        33-3.01027E-09-6.46532E-10-1.19650E-09 8.11827E-10-3.06076E-10 1.99661E-09
 -1        34 7.72052E-10 1.01329E-10 6.30852E-11-4.86608E-10-9.68445E-11 2.03250E-09
 -1        35 1.29936E-09 3.27300E-10 2.89016E-10-1.60203E-10-9.68313E-11 1.02774E-10
 -1        36-1.86597E-09-9.80080E-10-9.03584E-10 1.84130E-10-2.91717E-10 1.26493E-09
 -1        37 9.71094E-10 2.35824E-10 3.12359E-10-8.30941E-10-2.91730E-10 1.75990E-09
 -1        38-7.93556E-10 3.36272E-10-1.37192E-10-2.92945E-11-1.19480E-11 1.09635E-09
 -1        39-8.53590E-10 2.94137E-10-2.17607E-10-1.60228E-10-1.59002E-10 5.87065E-10
 -1        40-2.42017E-09-3.93645E-10-9.43628E-10-2.92945E-11-3.06070E-10 1.51961E-09
 -1        41-2.36014E-09-3.51510E-10-8.63214E-10 1.01639E-10-1.59015E-10 2.02890E-09
 -1        42 1.03570E-09 2.14314E-10 1.76051E-10-3.23405E-10-9.68379E-11 1.06764E-09
 -1        43-2.83308E-10-3.26390E-10-3.07284E-10 1.19638E-11-1.94274E-10 6.83850E-10
 -1        44-4.47440E-10-3.72128E-10-2.95613E-10-3.23405E-10-2.91723E-10 1.51242E-09
 -1        45 8.71573E-10 1.68576E-10 1.87722E-10-6.58774E-10-1.94287E-10 1.89620E-09
 -1        46-4.11575E-10 7.98120E-11-9.95098E-11-5.47581E-10-3.10844E-11 2.06119E-09
 -1        47 7.68537E-10 5.85557E-10 4.06195E-10 1.94877E-10-3.10712E-11 1.31496E-10
 -1        48-1.86236E-09-5.74762E-10-8.30644E-10-3.43147E-10-3.25193E-10 1.15735E-09
 -1        49-1.03392E-09-2.19701E-10-4.75542E-10-9.55724E-12-3.25206E-10 1.88185E-09
 -1        50 2.34666E-09 4.37299E-10 4.37310E-10-8.81164E-10 9.56441E-12 1.08561E-09
 -1        51 3.97869E-09 1.13672E-09 1.13669E-09-2.67783E-10 9.57762E-12 9.92245E-10
 -1        52-1.30286E-09-9.95621E-10-6.89572E-10 6.50442E-10-8.60718E-11 1.25770E-09
 -1        53 4.94886E-09 1.68371E-09 1.98980E-09-1.79939E-09-8.60850E-11 1.75275E-09
 -1        54 3.16267E-09 7.87011E-10 7.87002E-10-5.74474E-10 9.57102E-12 1.03893E-09
 -1        55 1.33792E-09 7.05509E-11 2.23561E-10 1.91329E-10-3.82471E-11 1.12497E-09
 -1        56 1.82300E-09 3.44042E-10 6.50112E-10-5.74474E-10-8.60784E-11 1.50522E-09
 -1        57 3.64776E-09 1.06050E-09 1.21355E-09-1.34028E-09-3.82603E-11 1.41918E-09
 -1        58 1.50195E-09 2.11922E-10 1.16284E-10-6.83883E-10-6.69551E-11 1.54471E-09
 -1        59 2.58162E-09 6.74619E-10 5.78941E-10-2.13991E-10-6.69419E-11 5.33163E-10
 -1        60-1.57009E-09-9.73507E-10-7.63107E-10 4.17290E-10-1.62591E-10 1.25773E-09
 -1        61 2.97431E-09 9.74111E-10 1.18455E-09-1.31516E-09-1.62604E-10 1.75274E-09
 -1        63 1.00881E-11 1.00881E-11 2.35389E-11 0.00000E+00 2.09234E-11 3.88578E-11
 -1        64 1.00881E-11 1.00881E-11 2.35389E-11 0.00000E+00 2.09234E-11 3.88578E-11
 -1        65 1.00881E-11 1.00881E-11 2.35389E-11 0.00000E+00 2.09234E-11 3.88578E-11
 -1        66 1.00881E-11 1.00881E-11 2.35389E-11 0.00000E+00 2.09234E-11 3.88578E-11
 -1        67-2.69007E-11-2.69011E-11-6.27713E-11-7.33369E-16 1.67387E-10-3.34773E-10
 -1        68 4.92076E-10 4.92075E-10 1.14817E-09-7.33369E-16-8.36947E-11-4.30423E-10
 -1        69-2.25300E-10-2.25300E-10-5.25703E-10-7.33369E-16 1.19562E-10 9.56524E-11
 -1        70-5.62691E-10-4.19216E-10-2.12972E-10 2.69015E-10 1.12463E-10-1.98397E-10
 -1        71 2.32587E-10 2.32587E-10 5.42701E-10-7.33369E-16 4.18460E-11-3.82598E-10
 -1        72 1.33388E-10 1.33387E-10 3.11235E-10-7.33369E-16 1.79335E-11-1.67385E-10
 -1        73-1.26100E-10-1.26101E-10-2.94237E-10-7.33369E-16 1.43474E-10-1.19560E-10
 -1        74-2.94796E-10-2.23058E-10-1.37872E-10 1.34507E-10 1.39925E-10-2.66585E-10
 -1        75-3.53074E-11 3.64297E-11 4.67601E-10 1.34507E-10 1.43840E-11-3.14410E-10
 -1        76-3.93995E-10-3.22258E-10-3.69337E-10 1.34507E-10 1.16012E-10-5.13722E-11
 -1        77 7.29110E-11 3.63717E-11 4.83279E-11 3.65419E-11 4.48352E-10 1.62824E-10
 -1        78 4.47170E-10 1.96769E-10 2.08725E-10 2.50382E-10-6.28029E-12-4.26990E-12
 -1        79 7.29110E-11 3.63717E-11 4.83279E-11 3.65419E-11 4.48352E-10 1.62824E-10
 -1        80 4.47170E-10 1.96769E-10 2.08725E-10 2.50382E-10-6.28029E-12-4.26990E-12
 -1        81 7.29110E-11 3.63717E-11 4.83279E-11 3.65419E-11 4.48352E-10 1.62824E-10
 -1        82 4.47170E-10 1.96769E-10 2.08725E-10 2.50382E-10-6.28029E-12-4.26990E-12
 -1        83-9.42569E-10-8.98181E-10-2.27869E-09-5.17890E-11-5.04431E-10-9.39703E-10
 -1        84 1.01731E-10 1.46113E-10 1.58004E-10-5.17851E-11-7.20639E-10-9.05826E-10
 -1        85-1.52718E-10-1.08327E-10-4.35697E-10-5.17834E-11-3.33058E-10-6.84637E-10
 -1        86 1.00442E-09 1.51959E-09 3.23126E-09-7.17600E-10 1.92578E-10 5.36702E-10
 -1        87 1.63381E-10-9.71419E-10-1.58872E-09 2.23955E-10 4.05299E-10 8.05967E-10
 -1        88-1.10884E-09 3.40267E-11-9.28516E-10 6.27479E-10 2.27202E-10 3.29959E-10
 -1        89-4.20419E-10-3.76034E-10-1.06034E-09-5.17870E-11-6.12535E-10-9.22764E-10
 -1        90-2.54934E-11 1.88931E-11-1.38846E-10-5.17842E-11-5.26849E-10-7.95231E-10
 -1        91-5.47644E-10-5.03254E-10-1.35719E-09-5.17862E-11-4.18745E-10-8.12170E-10
 -1        92 5.83902E-10 2.74085E-10 8.21267E-10-2.46823E-10 2.98939E-10 6.71334E-10
 -1        93-4.72730E-10-4.68696E-10-1.25862E-09 4.25717E-10 3.16251E-10 5.67963E-10
 -1        94-5.22084E-11 7.76808E-10 1.15137E-09-4.50608E-11 2.09890E-10 4.33330E-10
 -1        95 3.09274E-11 3.10704E-10 4.76285E-10-3.84695E-10-1.55926E-10-2.01501E-10
 -1        96 1.32556E-10-4.12653E-10-7.15360E-10 8.60850E-11-1.57670E-10-4.99296E-11
 -1        97-6.30780E-10-3.71501E-11-6.82106E-10 2.87848E-10-5.29278E-11-1.77339E-10
 -1       151 0.00000E+00 0.00000E+00 0.00000E+00 0.00000E+00 0.00000E+00 0.00000E+00
 -1       152 0.00000E+00 0.00000E+00 0.00000E+00 0.00000E+00 0.00000E+00 0.00000E+00
 -1       154 0.00000E+00 0.00000E+00 0.00000E+00 0.00000E+00 0.00000E+00 0.00000E+00
 -1       155 0.00000E+00 0.00000E+00 0.00000E+00 0.00000E+00 0.00000E+00 0.00000E+00
 -1       156-1.29127E-10-1.29128E-10-3.01289E-10-1.40966E-15-8.60853E-11-2.86938E-10
 -1       157-1.50647E-10-1.50649E-10-3.51505E-10-7.62166E-16 3.40728E-11-3.15633E-10
 -1       158-1.66788E-10-1.66790E-10-3.89169E-10-4.20000E-16 5.73853E-11-3.15633E-10
 -1       159-1.93690E-10-1.93690E-10-4.51938E-10-2.65414E-15-2.69033E-11-4.01718E-10
 -1       160-2.01761E-11-2.01767E-11-4.70754E-11-1.43186E-15 1.07602E-10-3.15634E-10
 -1       161-5.37991E-12-5.38099E-12-1.25542E-11-4.64026E-16 1.14774E-10-2.86939E-10
 -1       162-1.18369E-10-1.18367E-10-2.76185E-10-4.17214E-15 3.58653E-11-2.29551E-10
 -1       163 1.12984E-10 1.12985E-10 2.63632E-10-2.35600E-15 1.07601E-10-2.00856E-10
 -1       164 3.01294E-10 3.01294E-10 7.03016E-10-7.43407E-16 3.22765E-11-2.86940E-10
 -1       165-1.40783E-10 3.49714E-11-2.55556E-10 5.37933E-12-1.29127E-10-3.01285E-10
 -1       166-9.05669E-11 8.51871E-11-2.62730E-10 7.17361E-11 1.21054E-10-3.28186E-10
 -1       167-8.07035E-11 3.40740E-11-3.03084E-10 5.20088E-11 1.64991E-10-3.26393E-10
 -1       168 1.99069E-10 1.48853E-10-2.31347E-10 1.63199E-10-2.33162E-11-2.86043E-10
 -1       169 2.35834E-10 1.94585E-10 9.41564E-11 1.28228E-10 1.95480E-10-2.52864E-10
 -1       170 7.62203E-11-6.27748E-12 1.16569E-11 2.15207E-11 2.70802E-10-2.77075E-10
 -1       171 7.62186E-11 1.44369E-10-1.38988E-10 2.43902E-10 8.60813E-11-7.53167E-11
 -1       172 1.25532E-11 6.99431E-11 2.20590E-10 1.12984E-10 1.96376E-10-6.09689E-11
 -1       173-1.23746E-10-1.16572E-10 4.50144E-10-7.53239E-11 2.36727E-10-1.61400E-10
 -1       174 3.13827E-11 2.07138E-10 1.46165E-10 5.38110E-12 1.57819E-10-1.29124E-10
 -1       175-4.48455E-12 1.71270E-10-6.18701E-11 7.17390E-11 1.31814E-10-1.27330E-10
 -1       176-1.56027E-10-4.12484E-11-4.78838E-10 5.20123E-11-2.86961E-11-9.68408E-11
 -1       177 3.06671E-10 2.56458E-10 1.97284E-11 1.63200E-10 1.45264E-10 8.98599E-13
 -1       178 1.57819E-10 1.16573E-10-8.78765E-11 1.28230E-10 4.84199E-11-8.07018E-11
 -1       179 1.13882E-10 3.13864E-11 9.95359E-11 2.15234E-11-6.63585E-11-1.62302E-10
 -1       180 1.51540E-10 2.19695E-10 3.67664E-11 2.43902E-10 4.66255E-11-1.04017E-10
 -1       181-3.04899E-11 2.69038E-11 1.20159E-10 1.12984E-10 8.93716E-13-6.09755E-11
 -1       182-1.66787E-10-1.59610E-10 3.49716E-10-7.53221E-11-1.43498E-11 6.81507E-11
 -1       183-5.73924E-11-3.35698E-15 5.73905E-11-1.50647E-10 7.17344E-11-2.00860E-10
 -1       184-8.07056E-11-1.02227E-10-1.66786E-10-1.25538E-10 1.09397E-10-2.22381E-10
 -1       185-1.84722E-10-2.99502E-10-5.64923E-10-2.15208E-10 1.54233E-10-2.15206E-10
 -1       186 5.29026E-11-1.44372E-10-1.76651E-10-8.96730E-11 1.16570E-10-7.17178E-12
 -1       187-4.21466E-11-1.58718E-10-2.30453E-10-9.68447E-11 9.32556E-11-4.12466E-11
 -1       188-4.84217E-11-1.56026E-10-5.37909E-12-1.47059E-10 1.00430E-10-7.53211E-11
 -1       189 1.34501E-10-2.02656E-10-9.50503E-11 1.61364E-11 7.53206E-11-2.86939E-11
 -1       190 2.48386E-10 8.07190E-12 1.98172E-10-5.20109E-11 1.12983E-10 3.94562E-11
 -1       191 3.40750E-10 6.81533E-11 5.70306E-10-9.14637E-11 1.36298E-10 1.93690E-10
 -1       192 2.58253E-10 2.58255E-10 6.02583E-10-1.25167E-15 2.15213E-11 1.86513E-10
 -1       193 8.60839E-11 8.60858E-11 2.00859E-10-8.93950E-16 1.00431E-10 1.00429E-10
 -1       194-2.01767E-11-2.01741E-11-4.70783E-11-1.01967E-15 1.14777E-10 1.57818E-10
 -1       195 1.50648E-10 1.50648E-10 3.51504E-10-6.01258E-16-7.17366E-11 1.29124E-10
 -1       196 5.11126E-11 5.11129E-11 1.19259E-10-6.06220E-16 1.52432E-11 1.21950E-10
 -1       197-2.55564E-11-2.55549E-11-5.96323E-11-7.67025E-16 1.07603E-10 1.21951E-10
 -1       198 1.93689E-10 1.93688E-10 4.51935E-10-2.62537E-16-4.66286E-11 1.43471E-10
 -1       199 1.12985E-10 1.12985E-10 2.63629E-10-4.77513E-16-3.94557E-11 4.66272E-11
 -1       200-8.60831E-11-8.60828E-11-2.00863E-10-5.20745E-16 1.29125E-10 5.37926E-12
 -1       201-1.82929E-10-1.97275E-10 3.33570E-10 2.15202E-11-5.02156E-11 7.17340E-11
 -1       202-9.19133E-11-2.33592E-10 5.15569E-11 6.81492E-11 7.71160E-11 7.61913E-12
 -1       203 1.69925E-10 4.08011E-11 2.82449E-11-2.15217E-11 1.11190E-10 8.69779E-11
 -1       204 7.44264E-11 2.06239E-11 2.89630E-10 6.54593E-11-9.32576E-11 6.27672E-11
 -1       205-6.63569E-11-1.99069E-10 8.96301E-12 6.27691E-11 2.42103E-11 6.32157E-11
 -1       206-1.47961E-11-4.47804E-13-4.88721E-11 1.61402E-11 8.56339E-11 7.08382E-11
 -1       207-1.07606E-10 1.36298E-10 3.44330E-10 2.15208E-11-1.79338E-11 8.96684E-11
 -1       208-2.10727E-10-1.82033E-10 7.80099E-11 1.25536E-11 1.79289E-12-4.66308E-11
 -1       209-1.98172E-10-7.26328E-11-2.30455E-10 5.20087E-11 8.87728E-11-1.27334E-10
 -1       210 4.37533E-10 1.07553E-10-7.90471E-11-6.88664E-10 4.51946E-10-2.08040E-10
 -1       211 4.06384E-09 3.14561E-09 9.90314E-09-5.52365E-10-2.65432E-10-4.51939E-10
 -1       212-4.77102E-10-7.21005E-10-4.34141E-10-3.15636E-10 4.59117E-10-1.64986E-10
 -1       213 9.71985E-10 8.28517E-10 1.78974E-09-1.09039E-09 3.22961E-11-1.49929E-09
 -1       214 2.75107E-09 3.00932E-09 6.03657E-09-4.55520E-10 6.63573E-10 1.04022E-10
 -1       215 6.24069E-10 8.24926E-10 1.62833E-09 4.30476E-11 3.78992E-11 1.54324E-09
 -1       216 5.70261E-10-1.18407E-10-9.64918E-10-4.01715E-10-3.87358E-10-8.96683E-10
 -1       217 2.43871E-10 1.42035E-09-1.47783E-09-1.29118E-10 4.16093E-10-5.82634E-10
 -1       218 7.39977E-10 1.60080E-09 2.10921E-09-2.29552E-10-8.99828E-10 4.70553E-11
 -1       219-1.09404E-09-5.48833E-10-7.35436E-10-1.14764E-10 1.02584E-09 2.86230E-09
 -1       220 4.06384E-09 4.29340E-09 1.02475E-08 5.73996E-11-1.58539E-09-4.19657E-10
 -1       221 4.51891E-10 8.24928E-10 3.08336E-10-3.64955E-10 9.46923E-10-3.17076E-09
 -1       222 1.47414E-09 1.04372E-09 2.00495E-09-1.14767E-10-1.32705E-10-3.22801E-10
 -1       223 2.68628E-09 2.44865E-09 5.84893E-09-6.45541E-11-1.20517E-09 9.32619E-11
 -1       224 7.67095E-10 1.29615E-09 1.81260E-09-2.58247E-10 3.22822E-10 3.45229E-10
 -1       225 1.68532E-10-2.90584E-10-1.13709E-09-2.00850E-10-1.29125E-09-1.23384E-09
 -1       226-7.67617E-10-1.22674E-09-2.57540E-09-2.15202E-10-2.00144E-09-1.00429E-10
 -1       227 1.27083E-09 1.50036E-09 2.23833E-09-1.22846E-10-8.17788E-10 1.34863E-09
 -1       251 3.46406E-09 5.32455E-09 8.75221E-09 1.91657E-10 3.19039E-10-2.66165E-10
 -1       253 3.94031E-09 5.65121E-09 9.26586E-09 1.35559E-10-5.43413E-10-1.52888E-09
 -1       254-1.92816E-08-2.29896E-08-3.77610E-08-1.88907E-10-1.04055E-09 5.60937E-10
 -1       256-2.02886E-08-2.40340E-08-3.85623E-08-1.15187E-09 2.08761E-09 1.23407E-09
 -1       257 7.70099E-09 2.46744E-09 1.95207E-08-4.94673E-10 3.57719E-09-4.14666E-09
 -1       259 7.00751E-09 3.69987E-09 1.92011E-08-1.01823E-09-5.48114E-10-1.53768E-09
 -1       260 1.24544E-09-7.78667E-10-4.21069E-10-1.56595E-10 3.61182E-10-6.07703E-10
 -1       262-1.60233E-10-1.28682E-09-5.55255E-10-3.80976E-10-1.36802E-10 9.34040E-12
 -1       263 5.26974E-09 9.94145E-09 1.30245E-08 5.70670E-11-1.62843E-09 2.03124E-09
 -1       265 5.30604E-09 1.00853E-08 1.29906E-08-2.74829E-10 1.32573E-10 2.12537E-10
 -1       266-3.15957E-08-2.33207E-08-8.14441E-08-9.74465E-12-2.22626E-10 5.26851E-09
 -1       268-2.95458E-08-2.13643E-08-8.08059E-08-3.97843E-13-2.07426E-10 1.01407E-09
 -1       269-1.17931E-09-1.68419E-09-6.37349E-09-2.57092E-10-4.54282E-11-2.91725E-10
 -1       271-1.81396E-09-1.72048E-09-5.84884E-09-2.05672E-10-1.78943E-10 2.91720E-10
 -1       272 5.79853E-10 1.90739E-09 1.67681E-08 3.78638E-10 3.03290E-10 3.15000E-10
 -1       274 7.75086E-10 2.80381E-09 1.70661E-08 4.90827E-10 6.97130E-10 1.33040E-09
 -1       275 1.13585E-08 4.29046E-09 5.59960E-09 3.78621E-10-4.84515E-09-1.32207E-09
 -1       277 1.17303E-08 4.79312E-09 5.01776E-09 1.02821E-10-6.89451E-10 1.25285E-10
 -1       278-4.52692E+06-2.22048E+06-2.22664E+06-1.62737E+06 5.99501E+04-1.91471E+06
 -1       279 9.67790E-07 4.76808E-07 5.06267E-07 2.91831E-07 5.99541E+04-1.89793E+06
 -1       280 4.52692E+06 2.22048E+06 2.22664E+06 1.62737E+06 5.99501E+04-1.91471E+06
 -1       281-1.98427E+06 1.99140E+05 3.04219E+05 2.64855E+05-4.20554E+04 2.73077E+05
 -1       282-4.37569E-07-8.79388E-07-1.65111E-06-1.12655E-07-3.99611E+04 2.71296E+05
 -1       283 1.98427E+06-1.99140E+05-3.04219E+05-2.64855E+05-4.20554E+04 2.73077E+05
 -1       284-3.44703E+05-2.19837E+05-3.74576E+05 1.18929E+05-3.32711E+04-5.20903E+05
 -1       285-2.94065E-07-5.25908E-07-5.13348E-07 7.92793E-08-3.65883E+04-5.41240E+05
 -1       286 3.44703E+05 2.19837E+05 3.74576E+05-1.18929E+05-3.32711E+04-5.20903E+05
 -1       287-5.67564E+06-2.80467E+06-2.79851E+06 1.00513E-06 1.58998E-07-2.84688E+06
 -1       288 4.00309E-07 2.61811E-07 3.90737E-07-8.33347E-08 2.19668E-07-2.82802E+06
 -1       289 5.67564E+06 2.80467E+06 2.79851E+06-1.16916E-06 2.25173E-07-2.84688E+06
 -1       290-1.55443E+06-1.30367E+05 4.48647E+05 3.01773E-06 2.33136E-07 1.78435E+05
 -1       291-1.86497E-07-1.16465E-07-4.48212E-07 1.07163E-07 1.40048E-07 1.74995E+05
 -1       292 1.55443E+06 1.30367E+05-4.48647E+05-2.80738E-06 1.77330E-07 1.78435E+05
 -1       293-2.53516E+05 2.01713E+05-3.81839E+05 2.18381E-06 9.57240E-07-3.97581E+05
 -1       294-3.85819E-07-5.51220E-07-4.55177E-07 5.39740E-08 7.78033E-07-4.23327E+05
 -1       295 2.53516E+05-2.01713E+05 3.81839E+05-2.08423E-06 7.98085E-07-3.97581E+05
 -1       296-4.52692E+06-2.22048E+06-2.22664E+06 1.62737E+06-5.99501E+04-1.91471E+06
 -1       297 8.63511E-08 3.02673E-07 8.19244E-07 1.13922E-07-5.99541E+04-1.89793E+06
 -1       298 4.52692E+06 2.22048E+06 2.22664E+06-1.62737E+06-5.99501E+04-1.91471E+06
 -1       299-1.98427E+06 1.99140E+05 3.04219E+05-2.64855E+05 4.20554E+04 2.73077E+05
 -1       300 5.23036E-07 6.44020E-07 1.35382E-06 8.59300E-08 3.99611E+04 2.71296E+05
 -1       301 1.98427E+06-1.99140E+05-3.04219E+05 2.64855E+05 4.20554E+04 2.73077E+05
 -1       302-3.44703E+05-2.19837E+05-3.74576E+05-1.18929E+05 3.32711E+04-5.20903E+05
 -1       303-3.50439E-07-3.01963E-07-7.74540E-07-8.42228E-08 3.65883E+04-5.41240E+05
 -1       304 3.44703E+05 2.19837E+05 3.74576E+05 1.18929E+05 3.32711E+04-5.20903E+05
 -1       305-3.98614E+06-1.31352E+06-1.30223E+06-7.94506E+05 1.54765E+05-7.13903E+05
 -1       307 3.98614E+06 1.31352E+06 1.30223E+06 7.94506E+05 1.54765E+05-7.13903E+05
 -1       308-1.12094E+06 3.53749E+05 6.95795E+05-3.72795E+04-6.73101E+04-5.74096E+05
 -1       310 1.12094E+06-3.53749E+05-6.95795E+05 3.72795E+04-6.73101E+04-5.74096E+05
 -1       311-4.21488E+06-1.70600E+06-1.45158E+06 2.06864E-06-5.77711E-08-6.97964E+05
 -1       313 4.21488E+06 1.70600E+06 1.45158E+06-2.03837E-06-1.64488E-07-6.97964E+05
 -1       314-3.45913E+06-1.70375E+06-1.70376E+06-1.07415E+05-7.70681E+03 7.30629E+05
 -1       316 3.45913E+06 1.70375E+06 1.70376E+06 1.07415E+05-7.70681E+03 7.30629E+05
 -1       317-3.81771E+05 3.98431E+05 3.58014E+05 2.54645E+05-1.39764E+04 1.63220E+05
 -1       319 3.81771E+05-3.98431E+05-3.58014E+05-2.54645E+05-1.39764E+04 1.63220E+05
 -1       320-6.44456E+05-1.79158E+05-5.48303E+05 5.70275E+04 6.02848E+04-1.27469E+05
 -1       322 6.44456E+05 1.79158E+05 5.48303E+05-5.70275E+04 6.02848E+04-1.27469E+05
 -1       323-2.51951E+05 3.80081E+05 3.62225E+05 2.65628E-06 8.89158E-08 1.53159E+05
 -1       325 2.51951E+05-3.80081E+05-3.62225E+05-2.54733E-06 2.71466E-07 1.53159E+05
 -1       326-1.12094E+06 3.53749E+05 6.95795E+05 3.72795E+04 6.73101E+04-5.74096E+05
 -1       328 1.12094E+06-3.53749E+05-6.95795E+05-3.72795E+04 6.73101E+04-5.74096E+05
 -1       329-3.98614E+06-1.31352E+06-1.30223E+06 7.94506E+05-1.54765E+05-7.13903E+05
 -1       331 3.98614E+06 1.31352E+06 1.30223E+06-7.94506E+05-1.54765E+05-7.13903E+05
 -1       332-3.45913E+06-1.70375E+06-1.70376E+06 1.07415E+05 7.70681E+03 7.30629E+05
 -1       334 3.45913E+06 1.70375E+06 1.70376E+06-1.07415E+05 7.70681E+03 7.30629E+05
 -1       335-6.44456E+05-1.79158E+05-5.48303E+05-5.70275E+04-6.02848E+04-1.27469E+05
 -1       337 6.44456E+05 1.79158E+05 5.48303E+05 5.70275E+04-6.02848E+04-1.27469E+05
 -1       338-3.81771E+05 3.98431E+05 3.58014E+05-2.54645E+05 1.39764E+04 1.63220E+05
 -1       340 3.81771E+05-3.98431E+05-3.58014E+05 2.54645E+05 1.39764E+04 1.63220E+05
 -1       341-4.81760E-10-6.05549E-10-8.54330E-10-5.78128E-12 8.15946E-11 8.54788E-13
 -1       343-2.11216E-10-5.62634E-11-5.83786E-10-5.41834E-12 1.18978E-11 1.09297E-12
 -1       344-2.11216E-10-5.62634E-11-5.83786E-10-5.41834E-12 1.18978E-11 1.09297E-12
 -1       346-4.81760E-10-6.05549E-10-8.54330E-10-5.78128E-12 8.15946E-11 8.54788E-13
 -1       347-4.81760E-10-6.05549E-10-8.54330E-10-5.78128E-12 8.15946E-11 8.54788E-13
 -1       349-2.11216E-10-5.62634E-11-5.83786E-10-5.41834E-12 1.18978E-11 1.09297E-12
 -1       350-3.67386E-10-2.44675E-10-1.21402E-09-1.37900E-10-1.96712E-10-1.92366E-11
 -1       351-3.62173E-10 7.90226E-12-1.12895E-09 1.73740E-10-3.39629E-10-6.91478E-11
 -1       352-3.56960E-10 2.60480E-10-1.04388E-09 4.85381E-10-4.82545E-10-1.19059E-10
 -1       353-5.50133E-10-3.18351E-10-1.00332E-09 1.85425E-10 3.22370E-10-6.89040E-11
 -1       354-5.64798E-10-5.90120E-10-1.09784E-09-5.90182E-11 3.32352E-10-3.79835E-11
 -1       355-5.79463E-10-8.61889E-10-1.19236E-09-3.03461E-10 3.42334E-10-7.06288E-12
 -1       356-1.43279E-09-1.52044E-09-2.75855E-09-5.99912E-11 1.84080E-10 4.88158E-10
 -1       357 1.36395E-09 1.28409E-09 3.06890E-09 4.03181E-11 4.47270E-10 4.97653E-10
 -1       358 4.16070E-09 4.08863E-09 8.89634E-09 1.40627E-10 7.10460E-10 5.07148E-10
 -1       359-4.58759E-10-2.81513E-10-1.10867E-09 2.37623E-11 6.28287E-11-4.40703E-11
 -1       361-4.68211E-10-3.00705E-10-1.11812E-09 9.09598E-11-7.01055E-11-6.30609E-11
 -1       362-9.91462E-10-9.19397E-10-1.88093E-09 6.27168E-11 2.53225E-10 2.09627E-10
 -1       364 1.79062E-09 1.61337E-09 3.85199E-09-8.14169E-11 5.26397E-10 2.50043E-10
 -1       365-9.00089E-10-8.82559E-10-1.98628E-09-9.89457E-11-6.31609E-12 2.34461E-10
 -1       367 1.90187E-09 2.17455E-09 3.92623E-09 3.13004E-10 1.13958E-10 1.94045E-10
 -1       368-6.95149E-09-5.79738E-09 2.23725E-09-8.15525E-10 7.20951E-09-1.89856E-10
 -1       369-1.28585E-08-1.21617E-08-6.85304E-09-6.00311E-10 5.34436E-09-2.24572E-10
 -1       370 2.17728E-09-1.90814E-08-8.89458E-09-2.14152E-09-1.04020E-09 1.10434E-09
 -1       371 1.10888E-08-1.14294E-08 1.48336E-09-3.10279E-09 8.24953E-10-3.36600E-09
 -1       376-1.37331E-08-2.44195E-09-2.89131E-08 2.41933E-09-5.95419E-09-4.04951E-09
 -1       377-5.01155E-09 1.26508E-08 2.10520E-09 2.19336E-09-2.65431E-09-3.87733E-09
 -1       378 1.21263E-08 1.35597E-08 7.89224E-09-6.83292E-10 3.65852E-09-2.16999E-09
 -1       379 4.90692E-09-8.89240E-10-2.24822E-08 5.46997E-10 3.58629E-10-2.75824E-09
 -1       384-9.36350E-09-2.76344E-08 8.01830E-09 1.95927E-09 7.78357E-09-4.82903E-09
 -1       385-9.90876E-09-2.04895E-08 9.99807E-09 4.00916E-09 6.92275E-09-2.30391E-09
 -1       386 1.49028E-09-3.87034E-08 1.74659E-08 5.65788E-10 1.39895E-09-5.96000E-09
 -1       387-1.17825E-09-4.72257E-08 1.41088E-08-1.94321E-09 2.25977E-09 6.97152E-10
 -1       392 4.61221E-08 6.46230E-08 7.87679E-08-2.61427E-09 6.47473E-09 9.37793E-09
 -1       393-4.11084E-08-6.39263E-08-8.14617E-08-3.70108E-10 1.44017E-08-3.70687E-09
 -1       394-3.45489E-08-5.96625E-08-7.38082E-08 4.90972E-09-4.32029E-08 1.52618E-09
 -1       395 5.10747E-08 6.81981E-08 8.57327E-08 8.29100E-10-5.11299E-08-8.06622E-11
 -1       400-2.02229E-08 2.32254E-08-9.21004E-08-5.49455E-10-6.14416E-08 1.47454E-08
 -1       401 1.94641E-08-2.19058E-08 9.72580E-08-8.28067E-10-5.33354E-08-2.08360E-08
 -1       402 2.12349E-09-3.09823E-08 8.43435E-08 7.66561E-09-1.20152E-08-9.71972E-10
 -1       403-3.43497E-08 1.55263E-08-1.03638E-07 7.94422E-09-2.01215E-08-9.46549E-09
 -1       408-9.36911E-09-3.30525E-08-7.89073E-10 3.29458E-09-4.65356E-09 4.00284E-09
 -1       409 1.36792E-08 2.84751E-08 7.79632E-09 5.41785E-10-1.19218E-09-8.06274E-10
 -1       410-1.56471E-09-2.53529E-08-1.29244E-08 6.18677E-09-7.64861E-09-1.85706E-09
 -1       411-2.13013E-08-2.82771E-08-2.93693E-09-2.00048E-09 8.90461E-09 1.70725E-09
 -1       412 1.75280E-09-2.46226E-09 3.33115E-09-1.25471E-09-4.21766E-10 3.01756E-09
 -1       413 9.45890E-09 1.01659E-08 1.03813E-09 1.91830E-10-4.42120E-09-3.62704E-09
 -1       414-8.57026E-09-2.55892E-08-6.70387E-09-3.41660E-09 3.12910E-09 1.34438E-09
 -1       415-1.31900E-08-2.25985E-08 1.20074E-09-1.88546E-10 2.12472E-09 5.15087E-09
 -1       416-3.85466E-08-1.27724E-07 1.42814E-08-4.59317E-09-1.82039E-08-6.48497E-09
 -1       417 3.38975E-08 1.01955E-07-1.59459E-08-1.99085E-09-4.07475E-08 4.31600E-09
 -1       418 1.27993E-07 2.46045E-07 1.74882E-07-6.81431E-09 3.21381E-08 1.76761E-09
 -1       419-1.17249E-07-2.12746E-07-1.54208E-07 1.56109E-08 2.79594E-08 2.69749E-09
 -1       424-4.18408E-08-1.84528E-07 6.33993E-08-2.52406E-09 8.12175E-13-1.46633E-08
 -1       425 2.01498E-08 1.75235E-07-7.26930E-08 7.42289E-09-9.18246E-08-6.36323E-09
 -1       426 1.95351E-07 3.81496E-07 2.80489E-07-1.17854E-08 4.59127E-08-1.43547E-08
 -1       427-2.66061E-07-5.16741E-07-3.42275E-07 3.03607E-08 6.42775E-08 8.98148E-09
 -1       428-9.84299E-09-4.21917E-09-4.21876E-09 4.53598E-09-5.50949E-08-8.56190E-09
 -1       429 9.33975E-08 2.45976E-07 8.98742E-08-3.55876E-09-4.59128E-08-1.31136E-08
 -1       430-4.23614E-08-7.06277E-08-3.38973E-08 2.16925E-08 4.59121E-08 2.01948E-09
 -1       431-1.65718E-07-3.81916E-07-1.52353E-07 2.33594E-08 9.18227E-09-4.67727E-09
 -1       432-3.28293E-08-3.37497E-08-7.96601E-08-4.59112E-09 5.52681E-08 2.70882E-08
 -1       433-1.43018E-07-1.43937E-07-3.36768E-07-2.11198E-08-2.75475E-08 1.37736E-08
 -1       434-1.44885E-07-4.57436E-07-2.55137E-08 2.93839E-08 1.28555E-07 1.92832E-08
 -1       435 3.45059E-07 8.08199E-07 3.57913E-07-6.89029E-08-1.37910E-07-5.96861E-09
 -1       440-1.88008E-07-1.17302E-07-5.21330E-07 2.57108E-08-1.65110E-07 8.31010E-08
 -1       441-2.80754E-07-5.29599E-07-5.29597E-07-1.92830E-08-1.19370E-07 2.29561E-09
 -1       442-3.17053E-07-9.60170E-07-9.66726E-08 4.08619E-08 1.56103E-07 2.52516E-08
 -1       443 9.85138E-07 2.32314E-06 9.44736E-07-1.86966E-07-5.14735E-07-9.64166E-09
 -1       444-1.90653E-07-2.81102E-07-4.28020E-07 1.05599E-08-3.65565E-08 1.29702E-08
 -1       445-4.58237E-07-1.11513E-06-4.72011E-07 2.29688E-10 9.18272E-09 1.05597E-08
 -1       446 3.58488E-07 7.15570E-07 5.13212E-07-4.27329E-08-7.36326E-08-1.64137E-08
 -1       447 2.45659E-07 7.35429E-07 5.55821E-08-7.18872E-08-3.49106E-07 3.07611E-08
 -1       448 1.66781E-09 8.60218E-10 1.87153E-09-5.22414E-10-3.09609E-10-6.29331E-11
 -1       449-1.30212E-09-4.72389E-10-1.59469E-09-5.54327E-10-2.74751E-10-5.72163E-10
 -1       450-8.46979E-10-4.84550E-11-8.39908E-10-1.41375E-10-6.19124E-10-8.26388E-11
 -1       451 1.99384E-09 1.09374E-09 2.17842E-09-2.11929E-10-7.76942E-10 3.56090E-10
 -1       457 4.32406E-10 1.85574E-10 7.41888E-10-1.84724E-11 1.27063E-10-3.13735E-10
 -1       458 4.12733E-10 1.66915E-10 8.63218E-10-2.76952E-11 5.62163E-11-3.48760E-10
 -1       459 1.22847E-10 2.40133E-10 6.17534E-10 3.30614E-11-1.23437E-11 4.53074E-12
 -1       460 1.59334E-10 2.60279E-10 4.83898E-10 1.53153E-11 9.08658E-11 3.61073E-11
 -1       466 4.57157E-10-2.29995E-10-2.21520E-10 9.48676E-10-6.56020E-10 6.38807E-10
 -1       467-5.61997E-10-1.81170E-11-9.58256E-10 2.37695E-10-5.52721E-11-7.50710E-10
 -1       468 1.60904E-09 3.88962E-09 1.51243E-09 3.86214E-10 5.25871E-10-2.61185E-10
 -1       469 2.49909E-09 3.48733E-09 1.80127E-09 9.94728E-10-1.97838E-10 1.05783E-09
 -1       475 5.24349E-10 1.30051E-10 2.63138E-10-2.84265E-10-1.90191E-10-1.51921E-10
 -1       476 2.42905E-10-4.88069E-11 1.60787E-10-1.14759E-10-1.12097E-10-2.67357E-10
 -1       477-4.98602E-10-8.92516E-10-5.36518E-10 1.21061E-11-1.31075E-10 8.59339E-11
 -1       478-2.00344E-10-7.12171E-10-4.46472E-10-1.84369E-10-1.76807E-10 1.97921E-10
 -3
    1PSTEP                        17           1           2          
    1PGM                1.000000E+00                                  
    1PGK                2.569687E+09                                  
    1PHID                         -1                                  
    1PSUBC                         0                                  
    1PMODE                         3                                  
  100CL  104 8067.894375         328                     2    4MODAL      1
 -4  TOSTRAIN    6    1
 -5  EXX         1    4    1    1
 -5  EYY         1    4    2    2
 -5  EZZ         1    4    3    3
 -5  EXY         1    4    1    2
 -5  EYZ         1    4    2    3
 -5  EZX         1    4    3    1
 -1         1 1.95390E-15 1.14632E-21 2.30430E-20 5.77295E-16-4.39714E-21 7.54934E-16
 -1         2 1.50984E-15-4.44083E-16-1.68750E-15 3.55267E-16-8.88196E-17 3.55267E-16
 -1         3 1.06578E-15 1.14632E-21 2.30430E-20-5.77294E-16-4.39714E-21-7.54933E-16
 -1         4 2.66444E-15 2.43301E-21 1.87675E-20 3.55256E-16-2.72061E-21 7.10525E-16
 -1         5 1.50984E-15-4.32980E-16-1.15461E-15-1.33224E-16 2.22024E-17-2.66451E-16
 -1         6 3.55244E-16 2.43301E-21 1.87675E-20-3.55251E-16-2.72061E-21-7.10529E-16
 -1         7 1.42101E-15 3.71970E-21 1.49939E-20 1.44319E-16-1.55600E-21 2.66444E-16
 -1         8 1.50984E-15-4.21877E-16-4.80156E-16-6.21714E-16-1.11031E-17 3.10859E-16
 -1         9 1.59868E-15 3.71970E-21 1.49939E-20-1.44309E-16-1.55600E-21-2.66442E-16
 -1        10 2.66444E-15 1.08361E-21 2.21928E-20 5.32887E-16-5.97958E-23-8.88174E-17
 -1        11 1.50984E-15 1.77634E-16-1.28783E-15-2.66450E-16 1.11021E-16 4.44091E-17
 -1        12 3.55247E-16 1.08361E-21 2.21928E-20-5.32887E-16-5.97958E-23 8.88195E-17
 -1        13 2.13154E-15 3.68330E-21 1.82933E-20 6.21707E-16 1.15216E-21 1.33223E-16
 -1        14 1.50984E-15 4.44108E-17-1.33224E-15-1.55429E-16 5.75929E-17-1.33226E-16
 -1        15 8.88145E-16 3.68330E-21 1.82933E-20-6.21705E-16 1.15216E-21-1.33225E-16
 -1        16 2.04272E-15 6.28299E-21 1.73078E-20 5.77300E-16 1.73038E-21 2.63654E-17
 -1        17 1.50984E-15-8.88127E-17-5.55094E-16-4.44070E-17-1.74510E-16 3.10858E-16
 -1        18 9.76961E-16 6.28299E-21 1.73078E-20-5.77296E-16 1.73038E-21-2.63668E-17
 -1        19 2.13154E-15-1.81427E-21 2.13425E-20 3.55256E-16 2.22993E-21-5.32893E-16
 -1        20 1.50984E-15-1.18424E-21-8.88154E-16 1.77636E-21-2.66449E-16-2.66449E-16
 -1        21 8.88146E-16-1.81427E-21 2.13425E-20-3.55251E-16 2.22993E-21 5.32897E-16
 -1        22 2.13154E-15 1.85477E-21 1.78192E-20 3.55255E-16 4.18324E-21-6.21713E-16
 -1        23 1.50984E-15-3.46245E-16-1.50987E-15 1.33226E-16-1.44325E-16-1.48030E-22
 -1        24 8.88147E-16 1.85477E-21 1.78192E-20-3.55254E-16 4.18324E-21 6.21712E-16
 -1        25 2.66444E-15 5.52381E-21 1.96217E-20 9.00652E-18 5.38100E-21-2.88653E-16
 -1        26 1.50984E-15-6.92490E-16-6.30031E-16 2.66449E-16-2.35222E-16 3.10857E-16
 -1        27 3.55244E-16 5.52381E-21 1.96217E-20-9.00917E-18 5.38100E-21 2.88649E-16
 -1        30-7.30519E-15 2.93093E-15 9.08837E-20-3.76721E-15-7.40044E-17 1.27597E-14
 -1        31-8.21282E-16 2.93093E-15-1.57775E-19 3.40452E-15-7.39226E-17 8.14207E-16
 -1        32-7.52680E-15 2.93093E-15-4.73850E-16-5.38829E-15-1.89468E-15 6.45421E-15
 -1        33-1.17017E-14 2.93093E-15-4.73601E-16 5.02559E-15-1.89476E-15 1.23600E-14
 -1        34 3.44156E-15-7.10535E-16-9.47282E-16-3.01233E-15-5.99513E-16 1.25822E-14
 -1        35 5.30697E-15-7.10535E-16-9.47530E-16-9.91730E-16-5.99432E-16 6.36220E-16
 -1        36-6.19464E-15-7.10535E-16-2.36992E-16 1.13985E-15-1.80587E-15 7.83050E-15
 -1        37 3.84114E-15-7.10535E-16-2.36743E-16-5.14392E-15-1.80595E-15 1.08946E-14
 -1        38-4.06324E-15 2.93093E-15-3.34457E-20-1.81347E-16-7.39635E-17 6.78695E-15
 -1        39-4.17404E-15 2.93093E-15-2.37004E-16-9.91886E-16-9.84300E-16 3.63421E-15
 -1        40-9.61425E-15 2.93093E-15-4.73726E-16-1.81347E-16-1.89472E-15 9.40710E-15
 -1        41-9.50344E-15 2.93093E-15-2.36755E-16 6.29192E-16-9.84382E-16 1.25598E-14
 -1        42 4.37426E-15-7.10535E-16-9.47406E-16-2.00203E-15-5.99472E-16 6.60920E-15
 -1        43-4.43837E-16-7.10535E-16-5.92261E-16 7.40619E-17-1.20265E-15 4.23336E-15
 -1        44-1.17675E-15-7.10535E-16-2.36868E-16-2.00203E-15-1.80591E-15 9.36257E-15
 -1        45 3.64135E-15-7.10535E-16-5.92012E-16-4.07813E-15-1.20273E-15 1.17384E-14
 -1        46-1.93174E-15 1.11018E-15 9.08837E-20-3.38979E-15-1.92427E-16 1.27598E-14
 -1        47 2.24291E-15 1.11018E-15-1.57775E-19 1.20638E-15-1.92346E-16 8.14023E-16
 -1        48-6.86064E-15 1.11018E-15-4.73850E-16-2.12424E-15-2.01310E-15 7.16456E-15
 -1        49-3.93022E-15 1.11018E-15-4.73601E-16-5.91638E-17-2.01318E-15 1.16495E-14
 -1        50 9.92513E-15-1.89472E-15-1.89465E-15-5.45482E-15 5.92082E-17 6.72041E-15
 -1        51 1.56984E-14-1.89472E-15-1.89490E-15-1.65771E-15 5.92900E-17 6.14247E-15
 -1        52-3.79667E-15-1.89472E-15-1.33787E-19 4.02655E-15-5.32825E-16 7.78574E-15
 -1        53 1.83182E-14-1.89472E-15 1.14872E-19-1.11391E-14-5.32907E-16 1.08503E-14
 -1        54 1.28118E-14-1.89472E-15-1.89478E-15-3.55627E-15 5.92491E-17 6.43144E-15
 -1        55 5.95087E-15-1.89472E-15-9.47518E-16 1.18442E-15-2.36768E-16 6.96411E-15
 -1        56 7.26075E-15-1.89472E-15-9.45759E-21-3.55627E-15-5.32866E-16 9.31804E-15
 -1        57 1.41216E-14-1.89472E-15-9.47270E-16-8.29695E-15-2.36849E-16 8.78538E-15
 -1        58 6.68327E-15-1.30261E-15-1.89465E-15-4.23356E-15-4.14484E-16 9.56247E-15
 -1        59 1.05026E-14-1.30261E-15-1.89490E-15-1.32471E-15-4.14402E-16 3.30053E-15
 -1        60-4.99574E-15-1.30261E-15-1.33787E-19 2.58323E-15-1.00652E-15 7.78592E-15
 -1        61 1.10796E-14-1.30261E-15 1.14872E-19-8.14150E-15-1.00660E-15 1.08503E-14
 -1        63 0.00000E+00 0.00000E+00 8.32667E-17 0.00000E+00 1.29526E-16 2.40548E-16
 -1        64 0.00000E+00 0.00000E+00 8.32667E-17 0.00000E+00 1.29526E-16 2.40548E-16
 -1        65 0.00000E+00 0.00000E+00 8.32667E-17 0.00000E+00 1.29526E-16 2.40548E-16
 -1        66 0.00000E+00 0.00000E+00 8.32667E-17 0.00000E+00 1.29526E-16 2.40548E-16
 -1        67 4.84257E-21 2.42128E-21-2.22051E-16-4.53991E-21 1.03620E-15-2.07240E-15
 -1        68 4.84257E-21 2.42128E-21 4.06156E-15-4.53991E-21-5.18110E-16-2.66452E-15
 -1        69 4.84257E-21 2.42128E-21-1.85963E-15-4.53991E-21 7.40144E-16 5.92134E-16
 -1        70-1.77635E-15-8.88177E-16 3.88572E-16 1.66533E-15 6.96198E-16-1.22817E-15
 -1        71 4.84257E-21 2.42128E-21 1.91976E-15-4.53991E-21 2.59047E-16-2.36846E-15
 -1        72 4.84257E-21 2.42128E-21 1.10097E-15-4.53991E-21 1.11017E-16-1.03619E-15
 -1        73 4.84257E-21 2.42128E-21-1.04084E-15-4.53991E-21 8.88174E-16-7.40135E-16
 -1        74-8.88174E-16-4.44087E-16 8.32603E-17 8.32663E-16 8.66201E-16-1.65029E-15
 -1        75-8.88174E-16-4.44087E-16 2.22507E-15 8.32663E-16 8.90439E-17-1.94635E-15
 -1        76-8.88174E-16-4.44087E-16-7.35530E-16 8.32663E-16 7.18171E-16-3.18018E-16
 -1        77 2.26196E-16 0.00000E+00 7.40149E-17 2.26212E-16 2.77551E-15 1.00796E-15
 -1        78 1.55011E-15 0.00000E+00 7.40149E-17 1.54998E-15-3.88780E-17-2.64327E-17
 -1        79 2.26196E-16 0.00000E+00 7.40149E-17 2.26212E-16 2.77551E-15 1.00796E-15
 -1        80 1.55011E-15 0.00000E+00 7.40149E-17 1.54998E-15-3.88780E-17-2.64327E-17
 -1        81 2.26196E-16 0.00000E+00 7.40149E-17 2.26212E-16 2.77551E-15 1.00796E-15
 -1        82 1.55011E-15 0.00000E+00 7.40149E-17 1.54998E-15-3.88780E-17-2.64327E-17
 -1        83 4.99557E-17 3.24742E-16-8.22124E-15-3.20599E-16-3.12267E-15-5.81721E-15
 -1        84 4.99829E-17 3.24726E-16 3.98335E-16-3.20574E-16-4.46110E-15-5.60749E-15
 -1        85 4.99472E-17 3.24750E-16-1.70182E-15-3.20564E-16-2.06179E-15-4.23823E-15
 -1        86-2.00395E-15 1.18516E-15 1.17812E-14-4.44229E-15 1.19215E-15 3.32244E-15
 -1        87 4.43535E-15-2.58960E-15-6.41101E-15 1.38639E-15 2.50899E-15 4.98932E-15
 -1        88-4.00235E-15 3.07254E-15-2.88606E-15 3.88439E-15 1.40649E-15 2.04260E-15
 -1        89 4.99693E-17 3.24734E-16-3.91145E-15-3.20586E-16-3.79188E-15-5.71235E-15
 -1        90 4.99650E-17 3.24738E-16-6.51745E-16-3.20569E-16-3.26144E-15-4.92286E-15
 -1        91 4.99514E-17 3.24746E-16-4.96153E-15-3.20581E-16-2.59223E-15-5.02772E-15
 -1        92 1.21570E-15-7.02219E-16 2.68510E-15-1.52795E-15 1.85057E-15 4.15588E-15
 -1        93 2.16498E-16 2.41472E-16-4.64853E-15 2.63539E-15 1.95774E-15 3.51596E-15
 -1        94-3.00315E-15 2.12885E-15 4.44757E-15-2.78948E-16 1.29932E-15 2.68252E-15
 -1        95-9.76997E-16 7.54952E-16 1.77998E-15-2.38144E-15-9.65259E-16-1.24739E-15
 -1        96 2.24267E-15-1.13244E-15-3.00634E-15 5.32907E-16-9.76053E-16-3.09088E-16
 -1        97-1.97620E-15 1.69865E-15-2.29394E-15 1.78191E-15-3.27648E-16-1.09781E-15
 -1       151 0.00000E+00 0.00000E+00 0.00000E+00 0.00000E+00 0.00000E+00 0.00000E+00
 -1       152 0.00000E+00 0.00000E+00 0.00000E+00 0.00000E+00 0.00000E+00 0.00000E+00
 -1       154 0.00000E+00 0.00000E+00 0.00000E+00 0.00000E+00 0.00000E+00 0.00000E+00
 -1       155 0.00000E+00 0.00000E+00 0.00000E+00 0.00000E+00 0.00000E+00 0.00000E+00
 -1       156-8.51717E-21-1.41831E-20-1.06578E-15-8.72646E-21-5.32909E-16-1.77628E-15
 -1       157-6.07286E-21-1.34397E-20-1.24341E-15-4.71817E-21 2.10927E-16-1.95392E-15
 -1       158-3.62855E-21-1.40351E-20-1.37664E-15-2.60000E-21 3.55243E-16-1.95392E-15
 -1       159-7.10543E-21-9.68209E-21-1.59869E-15-1.64304E-20-1.66544E-16-2.48683E-15
 -1       160-2.01554E-21-6.09620E-21-1.66522E-16-8.86392E-21 6.66109E-16-1.95392E-15
 -1       161 3.07435E-21-3.61287E-21-4.44092E-17-2.87254E-21 7.10508E-16-1.77629E-15
 -1       162-1.32541E-20-5.18104E-21-9.76974E-16-2.58275E-20 2.22023E-16-1.42103E-15
 -1       163-4.88862E-21 1.24731E-21 9.32576E-16-1.45848E-20 6.66103E-16-1.24339E-15
 -1       164 3.47688E-21 6.80937E-21 2.48685E-15-4.60204E-21 1.99807E-16-1.77629E-15
 -1       165-3.55273E-16 7.32729E-16-1.06578E-15 3.33006E-17-7.99358E-16-1.86510E-15
 -1       166-1.77637E-16 9.10363E-16-1.24341E-15 4.44081E-16 7.49380E-16-2.03163E-15
 -1       167-2.36848E-21 7.10525E-16-1.37664E-15 3.21959E-16 1.02137E-15-2.02053E-15
 -1       168 1.06580E-15 7.54936E-16-1.59869E-15 1.01028E-15-1.44338E-16-1.77074E-15
 -1       169 7.10533E-16 4.55182E-16-1.66522E-16 7.93794E-16 1.21011E-15-1.56535E-15
 -1       170 3.55269E-16-1.55432E-16-4.44092E-17 1.33223E-16 1.67639E-15-1.71523E-15
 -1       171 3.55258E-16 7.77143E-16-9.76974E-16 1.50987E-15 5.32884E-16-4.66246E-16
 -1       172-3.55270E-16 8.14164E-22 9.32576E-16 6.99423E-16 1.21566E-15-3.77427E-16
 -1       173-1.06580E-15-1.02139E-15 2.48685E-15-4.66291E-16 1.46545E-15-9.99145E-16
 -1       174-3.55278E-16 7.32730E-16 3.55282E-16 3.33116E-17 9.76973E-16-7.99337E-16
 -1       175-1.77641E-16 9.10366E-16-5.32885E-16 4.44098E-16 8.15994E-16-7.88231E-16
 -1       176-4.73695E-21 7.10529E-16-1.99836E-15 3.21981E-16-1.77643E-16-5.99491E-16
 -1       177 1.06579E-15 7.54943E-16-7.10526E-16 1.01028E-15 8.99254E-16 5.56276E-18
 -1       178 7.10526E-16 4.55190E-16-8.10448E-16 7.93805E-16 2.99742E-16-4.99583E-16
 -1       179 3.55264E-16-1.55424E-16 2.66454E-16 1.33240E-16-4.10791E-16-1.00473E-15
 -1       180 3.55244E-16 7.77156E-16-3.55256E-16 1.50987E-15 2.88634E-16-6.43918E-16
 -1       181-3.55280E-16 1.50163E-20 5.77308E-16 6.99427E-16 5.53253E-18-3.77467E-16
 -1       182-1.06580E-15-1.02138E-15 2.13160E-15-4.66280E-16-8.88321E-17 4.21885E-16
 -1       183-3.55279E-16-1.32950E-20 3.55282E-16-9.32578E-16 4.44070E-16-1.24342E-15
 -1       184-8.44134E-21-1.33237E-16-5.32885E-16-7.77140E-16 6.77219E-16-1.37664E-15
 -1       185 3.55262E-16-3.55279E-16-1.99836E-15-1.33224E-15 9.54773E-16-1.33223E-15
 -1       186 7.10522E-16-5.10701E-16-7.10526E-16-5.55118E-16 7.21621E-16-4.43967E-17
 -1       187 3.55261E-16-3.66370E-16-8.10448E-16-5.99515E-16 5.77297E-16-2.55336E-16
 -1       188-4.78366E-22-6.66124E-16 2.66454E-16-9.10364E-16 6.21708E-16-4.66274E-16
 -1       189 1.06578E-15-1.02139E-15-3.55256E-16 9.98922E-17 4.66270E-16-1.77629E-16
 -1       190 8.88157E-16-5.99503E-16 5.77308E-16-3.21972E-16 6.99417E-16 2.44253E-16
 -1       191 7.10535E-16-9.76969E-16 2.13160E-15-5.66204E-16 8.43749E-16 1.19904E-15
 -1       192 8.01256E-21 1.84698E-20 2.13158E-15-7.74840E-21 1.33227E-16 1.15460E-15
 -1       193 1.63781E-21 1.33814E-20 7.10516E-16-5.53398E-21 6.21713E-16 6.21702E-16
 -1       194-4.73695E-21 1.13644E-20-1.66538E-16-6.31222E-21 7.10523E-16 9.76969E-16
 -1       195 1.21581E-20 1.16572E-20 1.24341E-15-3.72207E-21-4.44084E-16 7.99339E-16
 -1       196 5.56879E-21 7.47404E-21 4.21862E-16-3.75279E-21 9.43630E-17 7.54932E-16
 -1       197-1.02053E-21 8.25247E-21-2.10947E-16-4.74825E-21 6.66116E-16 7.54935E-16
 -1       198 8.90074E-21 4.84450E-21 1.59868E-15-1.62523E-21-2.88653E-16 8.88155E-16
 -1       199 6.15271E-21 1.56671E-21 9.32561E-16-2.95604E-21-2.44250E-16 2.88645E-16
 -1       200 3.40468E-21 5.14056E-21-7.10540E-16-3.22366E-21 7.99343E-16 3.33002E-17
 -1       201-1.06580E-15-1.15461E-15 2.13158E-15 1.33220E-16-3.10859E-16 4.44067E-16
 -1       202-1.77632E-16-1.05469E-15 7.10516E-16 4.21876E-16 4.77385E-16 4.71661E-17
 -1       203 7.10531E-16-8.88093E-17-1.66538E-16-1.33229E-16 6.88318E-16 5.38435E-16
 -1       204-8.88088E-17-4.21872E-16 1.24341E-15 4.05224E-16-5.77309E-16 3.88559E-16
 -1       205-4.44047E-17-8.65959E-16 4.21862E-16 3.88571E-16 1.49873E-16 3.91335E-16
 -1       206-6.66134E-22 8.88222E-17-2.10947E-16 9.99158E-17 5.30115E-16 4.38522E-16
 -1       207-1.19902E-15 3.10862E-16 1.59868E-15 1.33224E-16-1.11019E-16 5.55090E-16
 -1       208-8.54857E-16-6.77227E-16 9.32561E-16 7.77127E-17 1.10988E-17-2.88667E-16
 -1       209-5.10694E-16 2.66454E-16-7.10540E-16 3.21959E-16 5.49546E-16-7.88258E-16
 -1       210 2.04277E-15 3.31587E-20-1.15511E-15-4.26316E-15 2.79776E-15-1.28786E-15
 -1       211 7.10530E-16-4.97372E-15 3.68586E-14-3.41940E-15-1.64315E-15-2.79771E-15
 -1       212-6.21707E-16-2.13158E-15-3.55759E-16-1.95394E-15 2.84215E-15-1.02134E-15
 -1       213 8.88128E-16-6.39956E-21 5.95044E-15-6.75003E-15 1.99928E-16-9.28132E-15
 -1       214 1.77618E-16 1.77632E-15 2.05165E-14-2.81989E-15 4.10783E-15 6.43943E-16
 -1       215-5.32891E-16 7.10508E-16 5.68395E-15 2.66485E-16 2.34614E-16 9.55337E-15
 -1       216 4.26313E-15-4.59578E-20-5.24035E-15-2.48681E-15-2.39793E-15-5.55089E-15
 -1       217 1.24341E-15 8.52636E-15-9.41474E-15-7.99304E-16 2.57582E-15-3.60678E-15
 -1       218-1.77632E-15 3.55260E-15 6.69990E-15-1.42104E-15-5.57036E-15 2.91295E-16
 -1       219-3.37506E-15 5.07997E-20-1.15511E-15-7.10443E-16 6.35041E-15 1.77190E-14
 -1       220-1.42107E-15 3.45704E-20 3.68586E-14 3.55331E-16-9.81430E-15-2.59788E-15
 -1       221 5.32913E-16 2.84219E-15-3.55759E-16-2.25925E-15 5.86190E-15-1.96285E-14
 -1       222 2.66446E-15-1.45900E-20 5.95044E-15-7.10461E-16-8.21508E-16-1.99829E-15
 -1       223 9.38111E-16-5.32922E-16 2.05165E-14-3.99621E-16-7.46058E-15 5.77336E-16
 -1       224-7.88234E-16 2.48684E-15 5.68395E-15-1.59867E-15 1.99842E-15 2.13713E-15
 -1       225 2.84207E-15-7.99797E-20-5.24035E-15-1.24336E-15-7.99345E-15-7.63807E-15
 -1       226 1.77631E-15-1.06588E-15-9.41474E-15-1.33220E-15-1.23899E-14-6.21702E-16
 -1       227 7.10554E-16 2.13149E-15 6.69990E-15-7.60477E-16-5.06249E-15 8.34863E-15
 -1       251-1.68753E-14 1.84740E-14 8.35995E-14 3.64148E-15 6.06174E-15-5.05713E-15
 -1       253-1.40332E-14 1.84740E-14 8.71522E-14 2.57562E-15-1.03249E-14-2.90487E-14
 -1       254 1.09439E-14-5.95082E-14-3.40164E-13-3.58924E-15-1.97704E-14 1.06578E-14
 -1       256 5.25966E-15-6.59030E-14-3.41940E-13-2.18855E-14 3.96646E-14 2.34473E-14
 -1       257 6.35596E-15-9.30816E-14 2.30930E-13-9.39879E-15 6.79665E-14-7.87865E-14
 -1       259-7.85470E-15-7.06997E-14 2.23824E-13-1.93463E-14-1.04142E-14-2.92159E-14
 -1       260 2.34479E-14-1.50101E-14-8.21577E-15-2.97531E-15 6.86246E-15-1.15463E-14
 -1       262 6.39502E-15-1.50101E-14-1.11039E-15-7.23854E-15-2.59923E-15 1.77468E-16
 -1       263-3.29858E-14 5.57766E-14 1.14354E-13 1.08427E-15-3.09401E-14 3.85935E-14
 -1       265-3.29859E-14 5.78194E-14 1.13022E-13-5.22175E-15 2.51889E-15 4.03820E-15
 -1       266 4.25241E-14 1.99749E-13-9.04596E-13-1.85148E-16-4.22989E-15 1.00102E-13
 -1       268 5.95769E-14 2.15025E-13-9.14366E-13-7.55901E-18-3.94109E-15 1.92673E-14
 -1       269 2.11389E-14 1.15462E-14-7.75505E-14-4.88476E-15-8.63136E-16-5.54277E-15
 -1       271 9.77023E-15 1.15463E-14-6.68924E-14-3.90778E-15-3.39992E-15 5.54267E-15
 -1       272-7.97578E-14-5.45346E-14 2.27818E-13 7.19411E-15 5.76251E-15 5.98501E-15
 -1       274-8.25999E-14-4.40542E-14 2.26930E-13 9.32571E-15 1.32455E-14 2.52776E-14
 -1       275 1.15640E-13-1.86532E-14 6.22060E-15 7.19380E-15-9.20579E-14-2.51194E-14
 -1       277 1.21324E-13-1.04820E-14-6.21382E-15 1.95361E-15-1.30996E-14 2.38041E-15
 -1       278-4.37054E+01 1.17166E-01-2.77826E-05-3.09200E+01 1.13905E+00-3.63794E+01
 -1       279 9.19131E-12-1.37501E-13 4.21441E-13 5.54420E-12 1.13913E+00-3.60607E+01
 -1       280 4.37054E+01-1.17166E-01 2.77826E-05 3.09200E+01 1.13905E+00-3.63794E+01
 -1       281-3.07197E+01 1.07651E+01 1.27616E+01 5.03224E+00-7.99053E-01 5.18846E+00
 -1       282 5.67948E-12-2.71855E-12-1.73784E-11-2.14079E-12-7.59261E-01 5.15462E+00
 -1       283 3.07197E+01-1.07651E+01-1.27616E+01-5.03224E+00-7.99053E-01 5.18846E+00
 -1       284-2.12209E+00 2.50351E-01-2.68968E+00 2.25965E+00-6.32151E-01-9.89716E+00
 -1       285 6.99829E-13-3.70759E-12-3.46795E-12 1.50614E-12-6.95177E-01-1.02836E+01
 -1       286 2.12209E+00-2.50351E-01 2.68968E+00-2.25965E+00-6.32151E-01-9.89716E+00
 -1       287-5.46656E+01-1.17187E-01-2.23770E-05 1.91136E-11 3.02103E-12-5.40908E+01
 -1       288 2.63856E-12 1.26010E-14 2.46192E-12-1.58343E-12 4.17355E-12-5.37323E+01
 -1       289 5.46656E+01 1.17187E-01 2.23770E-05-2.22169E-11 4.27847E-12-5.40908E+01
 -1       290-2.37065E+01 3.35057E+00 1.43518E+01 5.73375E-11 4.43001E-12 3.39026E+00
 -1       291-1.02696E-15 1.32789E-12-4.97427E-12 2.03615E-12 2.65987E-12 3.32490E+00
 -1       292 2.37065E+01-3.35057E+00-1.43518E+01-5.33402E-11 3.36953E-12 3.39026E+00
 -1       293-2.77250E+00 5.87686E+00-5.21063E+00 4.14924E-11 1.81872E-11-7.55403E+00
 -1       294-7.66637E-13-3.91044E-12-2.08515E-12 1.02536E-12 1.47833E-11-8.04321E+00
 -1       295 2.77250E+00-5.87686E+00 5.21063E+00-3.96005E-11 1.51634E-11-7.55403E+00
 -1       296-4.37054E+01 1.17166E-01-2.77826E-05 3.09200E+01-1.13905E+00-3.63794E+01
 -1       297-4.06075E-12 5.44009E-14 9.87022E-12 2.16563E-12-1.13913E+00-3.60607E+01
 -1       298 4.37054E+01-1.17166E-01 2.77826E-05-3.09200E+01-1.13905E+00-3.63794E+01
 -1       299-3.07197E+01 1.07651E+01 1.27616E+01-5.03224E+00 7.99053E-01 5.18846E+00
 -1       300-1.94825E-12 3.52537E-13 1.38396E-11 1.63297E-12 7.59261E-01 5.15462E+00
 -1       301 3.07197E+01-1.07651E+01-1.27616E+01 5.03224E+00 7.99053E-01 5.18846E+00
 -1       302-2.12209E+00 2.50351E-01-2.68968E+00-2.25965E+00 6.32151E-01-9.89716E+00
 -1       303 6.81677E-14 9.89098E-13-7.98889E-12-1.60005E-12 6.95177E-01-1.02836E+01
 -1       304 2.12209E+00-2.50351E-01 2.68968E+00 2.25965E+00 6.32151E-01-9.89716E+00
 -1       305-4.46134E+01 6.16632E+00 6.38077E+00-1.50956E+01 2.94053E+00-1.35642E+01
 -1       307 4.46134E+01-6.16632E+00-6.38077E+00 1.50956E+01 2.94053E+00-1.35642E+01
 -1       308-2.09613E+01 7.05783E+00 1.35567E+01-7.08311E-01-1.27889E+00-1.09078E+01
 -1       310 2.09613E+01-7.05783E+00-1.35567E+01 7.08311E-01-1.27889E+00-1.09078E+01
 -1       311-4.53269E+01 2.34188E+00 7.17591E+00 3.93063E-11-1.09845E-12-1.32613E+01
 -1       313 4.53269E+01-2.34188E+00-7.17591E+00-3.87308E-11-3.12550E-12-1.32613E+01
 -1       314-3.33522E+01-1.08100E-05-2.50798E-05-2.04089E+00-1.46429E-01 1.38820E+01
 -1       316 3.33522E+01 1.08100E-05 2.50798E-05 2.04089E+00-1.46429E-01 1.38820E+01
 -1       317-9.01997E+00 5.80387E+00 5.03595E+00 4.83825E+00-2.65551E-01 3.10119E+00
 -1       319 9.01997E+00-5.80387E+00-5.03595E+00-4.83825E+00-2.65551E-01 3.10119E+00
 -1       320-5.77705E+00 3.06361E+00-3.95016E+00 1.08352E+00 1.14541E+00-2.42191E+00
 -1       322 5.77705E+00-3.06361E+00 3.95016E+00-1.08352E+00 1.14541E+00-2.42191E+00
 -1       323-7.09874E+00 4.90987E+00 4.57060E+00 5.04692E-11 1.68948E-12 2.91002E+00
 -1       325 7.09874E+00-4.90987E+00-4.57060E+00-4.83995E-11 5.15804E-12 2.91002E+00
 -1       326-2.09613E+01 7.05783E+00 1.35567E+01 7.08311E-01 1.27889E+00-1.09078E+01
 -1       328 2.09613E+01-7.05783E+00-1.35567E+01-7.08311E-01 1.27889E+00-1.09078E+01
 -1       329-4.46134E+01 6.16632E+00 6.38077E+00 1.50956E+01-2.94053E+00-1.35642E+01
 -1       331 4.46134E+01-6.16632E+00-6.38077E+00-1.50956E+01-2.94053E+00-1.35642E+01
 -1       332-3.33522E+01-1.08100E-05-2.50798E-05 2.04089E+00 1.46429E-01 1.38820E+01
 -1       334 3.33522E+01 1.08100E-05 2.50798E-05-2.04089E+00 1.46429E-01 1.38820E+01
 -1       335-5.77705E+00 3.06361E+00-3.95016E+00-1.08352E+00-1.14541E+00-2.42191E+00
 -1       337 5.77705E+00-3.06361E+00 3.95016E+00 1.08352E+00-1.14541E+00-2.42191E+00
 -1       338-9.01997E+00 5.80387E+00 5.03595E+00-4.83825E+00 2.65551E-01 3.10119E+00
 -1       340 9.01997E+00-5.80387E+00-5.03595E+00 4.83825E+00 2.65551E-01 3.10119E+00
 -1       341 0.00000E+00-2.35199E-15-7.07883E-15-1.09844E-16 1.55030E-15 1.62410E-17
 -1       343 0.00000E+00 2.94411E-15-7.07883E-15-1.02948E-16 2.26059E-16 2.07665E-17
 -1       344 0.00000E+00 2.94411E-15-7.07883E-15-1.02948E-16 2.26059E-16 2.07665E-17
 -1       346 0.00000E+00-2.35199E-15-7.07883E-15-1.09844E-16 1.55030E-15 1.62410E-17
 -1       347 0.00000E+00-2.35199E-15-7.07883E-15-1.09844E-16 1.55030E-15 1.62410E-17
 -1       349 0.00000E+00 2.94411E-15-7.07883E-15-1.02948E-16 2.26059E-16 2.07665E-17
 -1       350 1.62833E-15 3.95982E-15-1.44577E-14-2.62010E-15-3.73753E-15-3.65495E-16
 -1       351 1.11028E-16 7.14245E-15-1.44577E-14 3.30107E-15-6.45294E-15-1.31381E-15
 -1       352-1.40627E-15 1.03251E-14-1.44577E-14 9.22223E-15-9.16835E-15-2.26212E-15
 -1       353-1.62832E-15 2.77552E-15-1.02388E-14 3.52307E-15 6.12502E-15-1.30918E-15
 -1       354-1.11018E-16-5.92141E-16-1.02388E-14-1.12135E-15 6.31468E-15-7.21686E-16
 -1       355 1.40628E-15-3.95981E-15-1.02388E-14-5.76576E-15 6.50435E-15-1.34195E-16
 -1       356-2.96062E-16-1.96143E-15-2.54855E-14-1.13983E-15 3.49752E-15 9.27500E-15
 -1       357-1.03621E-15-2.55354E-15 3.13578E-14 7.66043E-16 8.49813E-15 9.45541E-15
 -1       358-1.77635E-15-3.14566E-15 8.82010E-14 2.67192E-15 1.34987E-14 9.63582E-15
 -1       359 5.18104E-21 3.36767E-15-1.23482E-14 4.51484E-16 1.19374E-15-8.37336E-16
 -1       361 5.18104E-21 3.18264E-15-1.23482E-14 1.72824E-15-1.33200E-15-1.19816E-15
 -1       362-9.62190E-16 4.07048E-16-1.78621E-14 1.19162E-15 4.81127E-15 3.98291E-15
 -1       364-1.85036E-16-3.55273E-15 3.89811E-14-1.54692E-15 1.00015E-14 4.75081E-15
 -1       365 6.66133E-16 9.99198E-16-1.99716E-14-1.87997E-15-1.20006E-16 4.45475E-15
 -1       367-1.59131E-15 3.58971E-15 3.68717E-14 5.94708E-15 2.16520E-15 3.68685E-15
 -1       368-2.80164E-14-2.08720E-14 2.88662E-14-5.04849E-15 4.46303E-14-1.17530E-15
 -1       369-3.40671E-14-2.97537E-14 3.10972E-15-3.71621E-15 3.30841E-14-1.39021E-15
 -1       370 5.03336E-14-8.12675E-14-1.82064E-14-1.32571E-14-6.43931E-15 6.83639E-15
 -1       371 6.70125E-14-7.23858E-14 7.55009E-15-1.92078E-14 5.10685E-15-2.08371E-14
 -1       376-2.06030E-14 4.92948E-14-1.14574E-13 1.49768E-14-3.68593E-14-2.50684E-14
 -1       377-4.49445E-14 6.43938E-14-8.88442E-16 1.35779E-14-1.64314E-14-2.40025E-14
 -1       378 2.70985E-14 3.59721E-14 8.87903E-16-4.22990E-15 2.26480E-14-1.34333E-14
 -1       379 5.67541E-14 2.08731E-14-1.12798E-13 3.38617E-15 2.22009E-15-1.70748E-14
 -1       384-1.65650E-14-1.29671E-13 9.10366E-14 1.21288E-14 4.81840E-14-2.98940E-14
 -1       385-3.21968E-14-9.76967E-14 9.10360E-14 2.48186E-14 4.28551E-14-1.42623E-14
 -1       386 3.74359E-14-2.11382E-13 1.36333E-13 3.50249E-15 8.66016E-15-3.68953E-14
 -1       387 4.16992E-14-2.43357E-13 1.36333E-13-1.20294E-14 1.39890E-14 4.31570E-15
 -1       392 1.47851E-14 1.29314E-13 2.16878E-13-1.61836E-14 4.00816E-14 5.80538E-14
 -1       393 1.19429E-14-1.29311E-13-2.37863E-13-2.29115E-15 8.91531E-14-2.29473E-14
 -1       394 2.61537E-14-1.29311E-13-2.16880E-13 3.03935E-14-2.67447E-13 9.44780E-15
 -1       395 2.33115E-14 1.29314E-13 2.37861E-13 5.13252E-15-3.16518E-13-4.99337E-16
 -1       400 2.09326E-15 2.71059E-13-4.42863E-13-3.40139E-15-3.80353E-13 9.12809E-14
 -1       401-1.49597E-14-2.71059E-13 4.66621E-13-5.12613E-15-3.30171E-13-1.28985E-13
 -1       402-6.61184E-14-2.71059E-13 4.42863E-13 4.74538E-14-7.43799E-14-6.01697E-15
 -1       403-3.76969E-14 2.71059E-13-4.66621E-13 4.91785E-14-1.24562E-13-5.85959E-14
 -1       408 3.73029E-15-1.42881E-13 5.68448E-14 2.03950E-14-2.88078E-14 2.47795E-14
 -1       409 1.33229E-14 1.04916E-13-2.30951E-14 3.35391E-15-7.38014E-15-4.99122E-15
 -1       410 4.72309E-14-1.00029E-13-2.30912E-14 3.82990E-14-4.73486E-14-1.14961E-14
 -1       411-5.68435E-14-1.00027E-13 5.68410E-14-1.23839E-14 5.51238E-14 1.05687E-14
 -1       412 7.10538E-15-1.89878E-14 1.68761E-14-7.76722E-15-2.61093E-15 1.86801E-14
 -1       413 2.90367E-14 3.34131E-14-2.30919E-14 1.18752E-15-2.73693E-14-2.24531E-14
 -1       414 5.32224E-15-1.00033E-13 1.68761E-14-2.11504E-14 1.93706E-14 8.32233E-15
 -1       415-3.22411E-14-9.04844E-14 5.68442E-14-1.16719E-15 1.31530E-14 3.18863E-14
 -1       416-2.14941E-14-5.73546E-13 3.05536E-13-2.84339E-14-1.12691E-13-4.01451E-14
 -1       417 3.85470E-14 4.59854E-13-2.70008E-13-1.23243E-14-2.52246E-13 2.67181E-14
 -1       418 8.16440E-15 7.38966E-13 2.98431E-13-4.21838E-14 1.98950E-13 1.09423E-14
 -1       419-3.41062E-14-6.25283E-13-2.62902E-13 9.66387E-14 1.73082E-13 1.66987E-14
 -1       424-2.62010E-14-9.09502E-13 6.25285E-13-1.56252E-14 5.02775E-18-9.07725E-14
 -1       425-5.05373E-14 9.09514E-13-6.25278E-13 4.59513E-14-5.68438E-13-3.93914E-14
 -1       426-1.54508E-14 1.13688E-12 5.11594E-13-7.29572E-14 2.84221E-13-8.88622E-14
 -1       427-3.97901E-14-1.59162E-12-5.11591E-13 1.87947E-13 3.97908E-13 5.55997E-14
 -1       428-3.48172E-14-3.08874E-18-5.31328E-19 2.80799E-14-3.41064E-13-5.30022E-14
 -1       429-3.50358E-14 9.09497E-13-5.68468E-14-2.20304E-14-2.84222E-13-8.11793E-14
 -1       430-5.23997E-14-2.27381E-13-2.63454E-18 1.34287E-13 2.84217E-13 1.25015E-14
 -1       431-2.58908E-14-1.36426E-12 5.68425E-14 1.44606E-13 5.68426E-14-2.89545E-14
 -1       432 5.68389E-15-1.36503E-17-2.84221E-13-2.84212E-14 3.42136E-13 1.67689E-13
 -1       433 5.68377E-15-4.80893E-18-1.19372E-12-1.30742E-13-1.70532E-13 8.52653E-14
 -1       434-7.61344E-19-1.93484E-12 7.38965E-13 1.81900E-13 7.95814E-13 1.19372E-13
 -1       435-2.27382E-14 2.84432E-12 5.68382E-14-4.26542E-13-8.53727E-13-3.69486E-14
 -1       440 1.70540E-14 4.54759E-13-2.04637E-12 1.59162E-13-1.02211E-12 5.14435E-13
 -1       441 1.76216E-13-1.36426E-12-1.36425E-12-1.19371E-13-7.38960E-13 1.42109E-14
 -1       442 5.52793E-19-3.98120E-12 1.36426E-12 2.52955E-13 9.66349E-13 1.56319E-13
 -1       443 2.27375E-14 8.30561E-12-2.27368E-13-1.15741E-12-3.18646E-12-5.96865E-14
 -1       444 1.05160E-13-4.54761E-13-1.36425E-12 6.53710E-14-2.26302E-13 8.02915E-14
 -1       445 8.52650E-14-3.98122E-12-3.74575E-18 1.42188E-15 5.68454E-14 6.53698E-14
 -1       446-4.83180E-14 2.16219E-12 9.09497E-13-2.64537E-13-4.55821E-13-1.01609E-13
 -1       447 3.97899E-14 3.07170E-12-1.13688E-12-4.45016E-13-2.16113E-12 1.90426E-13
 -1       448 1.09476E-14-4.39662E-15 1.48183E-14-9.92587E-15-5.88257E-15-1.19573E-15
 -1       449-8.85683E-15 6.90797E-15-1.44158E-14-1.05322E-14-5.22027E-15-1.08711E-14
 -1       450-7.91170E-15 7.26025E-15-7.77736E-15-2.68612E-15-1.17634E-14-1.57014E-15
 -1       451 1.30576E-14-4.04434E-15 1.65646E-14-4.02665E-15-1.47619E-14 6.76571E-15
 -1       457 1.80491E-15-2.88490E-15 7.68507E-15-3.50975E-16 2.41420E-15-5.96097E-15
 -1       458 1.03984E-15-3.63069E-15 9.59906E-15-5.26209E-16 1.06811E-15-6.62645E-15
 -1       459-2.28833E-15-5.98937E-17 7.11072E-15 6.28167E-16-2.34531E-16 8.60841E-17
 -1       460-1.23206E-15 6.85896E-16 4.93465E-15 2.90990E-16 1.72645E-15 6.86038E-16
 -1       466 8.65938E-15-4.39650E-15-4.23547E-15 1.80248E-14-1.24644E-14 1.21373E-14
 -1       467-3.42563E-15 6.90809E-15-1.09545E-14 4.51621E-15-1.05017E-15-1.42635E-14
 -1       468-2.48050E-15 4.08504E-14-4.31608E-15 7.33807E-15 9.99154E-15-4.96252E-15
 -1       469 1.07693E-14 2.95458E-14-2.48921E-15 1.88998E-14-3.75891E-15 2.00988E-14
 -1       475 5.63709E-15-1.85457E-15 6.74095E-16-5.40104E-15-3.61362E-15-2.88650E-15
 -1       476 2.94216E-15-2.60036E-15 1.38192E-15-2.18042E-15-2.12983E-15-5.07978E-15
 -1       477-3.86008E-16-7.87038E-15-1.10641E-15 2.30016E-16-2.49043E-15 1.63274E-15
 -1       478 2.60012E-15-7.12459E-15-2.07632E-15-3.50301E-15-3.35933E-15 3.76050E-15
 -3
    1PSTEP                        18           1           2          
    1PGM                1.000000E+00                                  
    1PGK                2.569687E+09                                  
    1PHID                         -1                                  
    1PSUBC                         0                                  
    1PMODE                         3                                  
  100CL  104 8067.894375         328                     2    4MODAL      1
 -4  ERROR       1    1
 -5  STR(%)      1    1    0    0
 -1         1 4.85413E+01
 -1         2 1.34403E+02
 -1         3 1.34403E+02
 -1         4 4.85413E+01
 -1         5 1.34403E+02
 -1         6 1.34403E+02
 -1         7 3.55514E+01
 -1         8 1.09127E+02
 -1         9 1.09127E+02
 -1        10 4.85413E+01
 -1        11 1.34403E+02
 -1        12 1.34403E+02
 -1        13 4.85413E+01
 -1        14 1.56042E+02
 -1        15 1.56042E+02
 -1        16 4.81730E+01
 -1        17 1.56042E+02
 -1        18 1.56042E+02
 -1        19 3.57944E+01
 -1        20 1.04784E+02
 -1        21 1.04784E+02
 -1        22 4.81730E+01
 -1        23 1.56042E+02
 -1        24 1.56042E+02
 -1        25 4.81730E+01
 -1        26 1.56042E+02
 -1        27 1.56042E+02
 -1        30 8.62469E+01
 -1        31 8.62469E+01
 -1        32 8.62469E+01
 -1        33 8.62469E+01
 -1        34 8.62469E+01
 -1        35 8.62469E+01
 -1        36 8.62469E+01
 -1        37 8.62469E+01
 -1        38 8.62469E+01
 -1        39 8.62469E+01
 -1        40 8.62469E+01
 -1        41 8.62469E+01
 -1        42 8.62469E+01
 -1        43 8.62469E+01
 -1        44 8.62469E+01
 -1        45 8.62469E+01
 -1        46 8.62469E+01
 -1        47 8.62469E+01
 -1        48 8.62469E+01
 -1        49 8.62469E+01
 -1        50 8.39700E+01
 -1        51 8.39700E+01
 -1        52 8.39700E+01
 -1        53 8.39700E+01
 -1        54 8.39700E+01
 -1        55 8.39700E+01
 -1        56 8.39700E+01
 -1        57 8.39700E+01
 -1        58 8.51084E+01
 -1        59 8.51084E+01
 -1        60 8.51084E+01
 -1        61 8.51084E+01
 -1        63 0.00000E+00
 -1        64 0.00000E+00
 -1        65 0.00000E+00
 -1        66 0.00000E+00
 -1        67 4.78897E+01
 -1        68 4.78897E+01
 -1        69 4.78897E+01
 -1        70 4.78897E+01
 -1        71 4.78897E+01
 -1        72 4.78897E+01
 -1        73 4.78897E+01
 -1        74 4.78897E+01
 -1        75 4.78897E+01
 -1        76 4.78897E+01
 -1        77 0.00000E+00
 -1        78 0.00000E+00
 -1        79 0.00000E+00
 -1        80 0.00000E+00
 -1        81 0.00000E+00
 -1        82 0.00000E+00
 -1        83 8.89222E+01
 -1        84 8.89222E+01
 -1        85 8.89222E+01
 -1        86 8.89222E+01
 -1        87 8.89222E+01
 -1        88 8.89222E+01
 -1        89 8.89222E+01
 -1        90 8.89222E+01
 -1        91 8.89222E+01
 -1        92 8.89222E+01
 -1        93 8.89222E+01
 -1        94 8.89222E+01
 -1        95 8.89222E+01
 -1        96 8.89222E+01
 -1        97 8.89222E+01
 -1       151 0.00000E+00
 -1       152 0.00000E+00
 -1       154 0.00000E+00
 -1       155 0.00000E+00
 -1       156 1.34267E+02
 -1       157 1.34267E+02
 -1       158 1.26602E+02
 -1       159 1.59640E+02
 -1       160 1.59640E+02
 -1       161 1.26602E+02
 -1       162 1.59640E+02
 -1       163 1.59640E+02
 -1       164 8.89652E+01
 -1       165 1.34267E+02
 -1       166 1.34267E+02
 -1       167 1.26602E+02
 -1       168 1.59640E+02
 -1       169 1.59640E+02
 -1       170 1.26602E+02
 -1       171 1.59640E+02
 -1       172 1.59640E+02
 -1       173 8.89652E+01
 -1       174 1.27223E+02
 -1       175 1.27223E+02
 -1       176 1.08931E+02
 -1       177 1.27223E+02
 -1       178 1.50667E+02
 -1       179 1.50667E+02
 -1       180 1.24363E+02
 -1       181 1.50667E+02
 -1       182 1.50667E+02
 -1       183 1.27223E+02
 -1       184 1.27223E+02
 -1       185 1.08931E+02
 -1       186 1.27223E+02
 -1       187 1.50667E+02
 -1       188 1.50667E+02
 -1       189 1.24363E+02
 -1       190 1.50667E+02
 -1       191 1.50667E+02
 -1       192 1.18123E+02
 -1       193 1.21093E+02
 -1       194 1.21093E+02
 -1       195 1.18123E+02
 -1       196 1.27501E+02
 -1       197 1.27501E+02
 -1       198 8.81987E+01
 -1       199 1.27501E+02
 -1       200 1.27501E+02
 -1       201 1.18123E+02
 -1       202 1.21093E+02
 -1       203 1.21093E+02
 -1       204 1.18123E+02
 -1       205 1.27501E+02
 -1       206 1.27501E+02
 -1       207 8.81987E+01
 -1       208 1.27501E+02
 -1       209 1.27501E+02
 -1       210 5.64498E+01
 -1       211 5.83951E+01
 -1       212 5.83951E+01
 -1       213 7.58237E+01
 -1       214 7.59698E+01
 -1       215 7.59698E+01
 -1       216 7.58237E+01
 -1       217 7.59698E+01
 -1       218 7.59698E+01
 -1       219 5.64498E+01
 -1       220 5.83951E+01
 -1       221 5.83951E+01
 -1       222 7.58237E+01
 -1       223 7.59698E+01
 -1       224 7.59698E+01
 -1       225 7.58237E+01
 -1       226 7.59698E+01
 -1       227 7.59698E+01
 -1       251 1.40365E+02
 -1       253 1.40365E+02
 -1       254 1.40365E+02
 -1       256 1.40365E+02
 -1       257 1.11859E+02
 -1       259 1.11859E+02
 -1       260 1.40365E+02
 -1       262 1.40365E+02
 -1       263 1.40365E+02
 -1       265 1.40365E+02
 -1       266 1.29961E+02
 -1       268 1.29961E+02
 -1       269 1.11459E+02
 -1       271 1.11459E+02
 -1       272 1.29961E+02
 -1       274 1.29961E+02
 -1       275 1.29961E+02
 -1       277 1.29961E+02
 -1       278 2.82447E+01
 -1       279 2.82447E+01
 -1       280 2.82447E+01
 -1       281 2.82447E+01
 -1       282 2.82447E+01
 -1       283 2.82447E+01
 -1       284 2.39501E+01
 -1       285 2.39501E+01
 -1       286 2.39501E+01
 -1       287 2.82447E+01
 -1       288 2.82447E+01
 -1       289 2.82447E+01
 -1       290 2.82447E+01
 -1       291 2.82447E+01
 -1       292 2.82447E+01
 -1       293 2.39501E+01
 -1       294 2.39501E+01
 -1       295 2.39501E+01
 -1       296 2.82447E+01
 -1       297 2.82447E+01
 -1       298 2.82447E+01
 -1       299 2.82447E+01
 -1       300 2.82447E+01
 -1       301 2.82447E+01
 -1       302 2.39501E+01
 -1       303 2.39501E+01
 -1       304 2.39501E+01
 -1       305 2.82447E+01
 -1       307 2.82447E+01
 -1       308 2.82447E+01
 -1       310 2.82447E+01
 -1       311 2.82447E+01
 -1       313 2.82447E+01
 -1       314 2.82447E+01
 -1       316 2.82447E+01
 -1       317 2.60974E+01
 -1       319 2.60974E+01
 -1       320 2.39501E+01
 -1       322 2.39501E+01
 -1       323 2.60974E+01
 -1       325 2.60974E+01
 -1       326 2.82447E+01
 -1       328 2.82447E+01
 -1       329 2.82447E+01
 -1       331 2.82447E+01
 -1       332 2.82447E+01
 -1       334 2.82447E+01
 -1       335 2.39501E+01
 -1       337 2.39501E+01
 -1       338 2.60974E+01
 -1       340 2.60974E+01
 -1       341 0.00000E+00
 -1       343 0.00000E+00
 -1       344 0.00000E+00
 -1       346 0.00000E+00
 -1       347 0.00000E+00
 -1       349 0.00000E+00
 -1       350 6.00075E+01
 -1       351 6.00075E+01
 -1       352 6.00075E+01
 -1       353 6.00075E+01
 -1       354 6.00075E+01
 -1       355 6.00075E+01
 -1       356 6.00075E+01
 -1       357 6.00075E+01
 -1       358 6.00075E+01
 -1       359 6.00075E+01
 -1       361 6.00075E+01
 -1       362 6.00075E+01
 -1       364 6.00075E+01
 -1       365 6.00075E+01
 -1       367 6.00075E+01
 -1       368 1.33756E+02
 -1       369 1.33756E+02
 -1       370 1.33756E+02
 -1       371 1.33756E+02
 -1       376 1.80454E+02
 -1       377 1.80454E+02
 -1       378 1.80454E+02
 -1       379 1.80454E+02
 -1       384 2.22171E+02
 -1       385 2.22171E+02
 -1       386 2.22171E+02
 -1       387 2.22171E+02
 -1       392 2.53388E+02
 -1       393 2.53388E+02
 -1       394 2.53388E+02
 -1       395 2.53388E+02
 -1       400 2.53388E+02
 -1       401 2.53388E+02
 -1       402 2.53388E+02
 -1       403 2.53388E+02
 -1       408 4.30391E+01
 -1       409 4.30391E+01
 -1       410 4.30391E+01
 -1       411 4.30391E+01
 -1       412 4.30391E+01
 -1       413 4.30391E+01
 -1       414 4.30391E+01
 -1       415 4.30391E+01
 -1       416 4.30391E+01
 -1       417 4.30391E+01
 -1       418 4.30391E+01
 -1       419 4.30391E+01
 -1       424 4.30391E+01
 -1       425 4.30391E+01
 -1       426 4.30391E+01
 -1       427 4.30391E+01
 -1       428 4.30391E+01
 -1       429 4.30391E+01
 -1       430 4.30391E+01
 -1       431 4.30391E+01
 -1       432 4.07873E+01
 -1       433 4.07873E+01
 -1       434 4.07873E+01
 -1       435 4.07873E+01
 -1       440 3.85355E+01
 -1       441 3.85355E+01
 -1       442 3.85355E+01
 -1       443 3.85355E+01
 -1       444 3.85355E+01
 -1       445 3.85355E+01
 -1       446 3.85355E+01
 -1       447 3.85355E+01
 -1       448 1.47114E+02
 -1       449 1.47114E+02
 -1       450 1.47114E+02
 -1       451 1.47114E+02
 -1       457 2.27859E+02
 -1       458 2.27859E+02
 -1       459 2.27859E+02
 -1       460 2.27859E+02
 -1       466 1.47114E+02
 -1       467 1.47114E+02
 -1       468 1.47114E+02
 -1       469 1.47114E+02
 -1       475 2.27859E+02
 -1       476 2.27859E+02
 -1       477 2.27859E+02
 -1       478 2.27859E+02
 -3
    1PSTEP                        19           1           2          
    1PGM                1.000000E+00                                  
    1PGK                2.788838E+09                                  
    1PHID                         -1                                  
    1PSUBC                         0                                  
    1PMODE                         4                                  
  100CL  105 8404.885118         328                     2    5MODAL      1
 -4  DISP        4    1
 -5  D1          1    2    1    0
 -5  D2          1    2    2    0
 -5  D3          1    2    3    0
 -5  ALL         1    2    0    0    1ALL
 -1         1 0.00000E+00 0.00000E+00 0.00000E+00
 -1         2-7.10543E-15-3.55271E-15-3.55271E-15
 -1         3-1.42109E-14 0.00000E+00 0.00000E+00
 -1         4 0.00000E+00 0.00000E+00 0.00000E+00
 -1         5-1.06581E-14-2.66454E-15-5.32907E-15
 -1         6-1.42109E-14 0.00000E+00 0.00000E+00
 -1         7 0.00000E+00 0.00000E+00 0.00000E+00
 -1         8-7.10543E-15-4.44089E-16-2.66454E-15
 -1         9-1.42109E-14 0.00000E+00 0.00000E+00
 -1        10 0.00000E+00 0.00000E+00 0.00000E+00
 -1        11-7.10543E-15-3.55271E-15 0.00000E+00
 -1        12-1.42109E-14 0.00000E+00 0.00000E+00
 -1        13 0.00000E+00 0.00000E+00 0.00000E+00
 -1        14-1.06581E-14-3.55271E-15-4.44089E-16
 -1        15-1.42109E-14 0.00000E+00 0.00000E+00
 -1        16 0.00000E+00 0.00000E+00 0.00000E+00
 -1        17-7.10543E-15-1.77636E-15-2.22045E-16
 -1        18-1.42109E-14 0.00000E+00 0.00000E+00
 -1        19 0.00000E+00 0.00000E+00 0.00000E+00
 -1        20-7.10543E-15-3.55271E-15 1.77636E-15
 -1        21-1.42109E-14 0.00000E+00 0.00000E+00
 -1        22 0.00000E+00 0.00000E+00 0.00000E+00
 -1        23-7.10543E-15-8.88178E-16 3.55271E-15
 -1        24-1.42109E-14 0.00000E+00 0.00000E+00
 -1        25 0.00000E+00 0.00000E+00 0.00000E+00
 -1        26-1.06581E-14 1.66533E-16 2.66454E-15
 -1        27-1.42109E-14 0.00000E+00 0.00000E+00
 -1        30 0.00000E+00 0.00000E+00 0.00000E+00
 -1        31 3.90793E-14-2.13155E-14-3.90817E-14
 -1        32 7.46059E-14-2.13155E-14-7.46093E-14
 -1        33 0.00000E+00 0.00000E+00 0.00000E+00
 -1        34 0.00000E+00 0.00000E+00 0.00000E+00
 -1        35-3.19750E-14 1.42111E-14-3.90796E-14
 -1        36 3.55161E-15 1.42111E-14-7.46073E-14
 -1        37 0.00000E+00 0.00000E+00 0.00000E+00
 -1        38 4.26326E-14 2.48690E-14-2.84217E-14
 -1        39 5.68426E-14-2.13155E-14-5.68455E-14
 -1        40 2.84217E-14-1.42109E-14-5.68434E-14
 -1        41 0.00000E+00 0.00000E+00 0.00000E+00
 -1        42-1.42109E-14 2.13163E-14-5.68434E-14
 -1        43-1.42117E-14 1.42111E-14-5.68434E-14
 -1        44-3.55271E-15 2.84217E-14-1.13687E-13
 -1        45 0.00000E+00 0.00000E+00 0.00000E+00
 -1        46 0.00000E+00 0.00000E+00 0.00000E+00
 -1        47 3.55214E-15-3.55224E-15-3.90806E-14
 -1        48 3.90788E-14-3.55224E-15-7.46083E-14
 -1        49 0.00000E+00 0.00000E+00 0.00000E+00
 -1        50 0.00000E+00 0.00000E+00 0.00000E+00
 -1        51-1.03029E-13 4.97377E-14-3.90775E-14
 -1        52-6.75027E-14 4.97377E-14-7.46052E-14
 -1        53 0.00000E+00 0.00000E+00 0.00000E+00
 -1        54-7.10543E-14 2.84217E-14-1.42109E-14
 -1        55-8.52660E-14 4.97377E-14-5.68413E-14
 -1        56-5.68434E-14 8.52651E-14-5.68434E-14
 -1        57 0.00000E+00 0.00000E+00 0.00000E+00
 -1        58 0.00000E+00 0.00000E+00 0.00000E+00
 -1        59-6.75021E-14 3.19744E-14-3.90785E-14
 -1        60-3.19755E-14 3.19744E-14-7.46062E-14
 -1        61 0.00000E+00 0.00000E+00 0.00000E+00
 -1        63 0.00000E+00 0.00000E+00 0.00000E+00
 -1        64 0.00000E+00 0.00000E+00 0.00000E+00
 -1        65 0.00000E+00 0.00000E+00 0.00000E+00
 -1        66-1.77636E-15-4.44089E-16 0.00000E+00
 -1        67 0.00000E+00 0.00000E+00 0.00000E+00
 -1        68 0.00000E+00 0.00000E+00 0.00000E+00
 -1        69 0.00000E+00 0.00000E+00 0.00000E+00
 -1        70 1.42109E-14-1.42109E-14 0.00000E+00
 -1        71 0.00000E+00 0.00000E+00 0.00000E+00
 -1        72 0.00000E+00 0.00000E+00 0.00000E+00
 -1        73 0.00000E+00 0.00000E+00 0.00000E+00
 -1        74 7.10543E-15-3.55271E-15 5.55112E-16
 -1        75 1.06581E-14-1.77636E-15-1.77636E-15
 -1        76 3.55271E-15-5.32907E-15 2.66454E-15
 -1        77 0.00000E+00 0.00000E+00 0.00000E+00
 -1        78 0.00000E+00 0.00000E+00 0.00000E+00
 -1        79 0.00000E+00 0.00000E+00 0.00000E+00
 -1        80-4.55563E-03 4.55563E-03-7.10543E-15
 -1        81-4.55563E-03-9.11126E-03-1.77636E-15
 -1        82 9.11126E-03 4.55563E-03 1.42109E-14
 -1        83 0.00000E+00 0.00000E+00 0.00000E+00
 -1        84 0.00000E+00 0.00000E+00 0.00000E+00
 -1        85 0.00000E+00 0.00000E+00 0.00000E+00
 -1        86 1.33227E-15-1.77636E-15-1.49880E-15
 -1        87-4.44089E-16-3.55271E-15 7.10543E-15
 -1        88-7.10543E-15-1.77636E-15 7.10543E-15
 -1        89 0.00000E+00 0.00000E+00 0.00000E+00
 -1        90 0.00000E+00 0.00000E+00 0.00000E+00
 -1        91 0.00000E+00 0.00000E+00 0.00000E+00
 -1        92 3.55271E-15 2.66454E-15 1.77636E-15
 -1        93 1.77636E-15 3.55271E-15 7.10543E-15
 -1        94 8.88178E-16 8.88178E-16-2.77556E-16
 -1        95 1.42109E-14 7.10543E-15 3.55271E-15
 -1        96 7.10543E-15 7.10543E-15 1.77636E-15
 -1        97 1.06581E-14 3.55271E-15 1.77636E-15
 -1       151 0.00000E+00 0.00000E+00 0.00000E+00
 -1       152 9.36907E-22 0.00000E+00 0.00000E+00
 -1       154 0.00000E+00 0.00000E+00 0.00000E+00
 -1       155 0.00000E+00 0.00000E+00 0.00000E+00
 -1       156 0.00000E+00 0.00000E+00 0.00000E+00
 -1       157 0.00000E+00 0.00000E+00 0.00000E+00
 -1       158 0.00000E+00 0.00000E+00 0.00000E+00
 -1       159 0.00000E+00 0.00000E+00 0.00000E+00
 -1       160 0.00000E+00 0.00000E+00 0.00000E+00
 -1       161 0.00000E+00 0.00000E+00 0.00000E+00
 -1       162 0.00000E+00 0.00000E+00 0.00000E+00
 -1       163 0.00000E+00 0.00000E+00 0.00000E+00
 -1       164 0.00000E+00 0.00000E+00 0.00000E+00
 -1       165 0.00000E+00-1.77636E-15-7.10543E-15
 -1       166 0.00000E+00 0.00000E+00 3.55271E-15
 -1       167-7.10543E-15 8.88178E-16 1.42109E-14
 -1       168 0.00000E+00-4.44089E-16-3.55271E-15
 -1       169-7.10543E-15-1.77636E-15 1.33227E-15
 -1       170 0.00000E+00-1.77636E-15 1.50990E-14
 -1       171-7.10543E-15 8.88178E-16-7.10543E-15
 -1       172-7.10543E-15-3.55271E-15-1.77636E-15
 -1       173-7.10543E-15-3.55271E-15 0.00000E+00
 -1       174-0.00000E+00-1.77636E-15-7.10543E-15
 -1       175-7.88861E-31-4.93038E-32 3.55271E-15
 -1       176-7.10543E-15 8.88178E-16 1.42109E-14
 -1       177-7.88861E-31-4.44089E-16-3.55271E-15
 -1       178-7.10543E-15-1.77636E-15 1.33227E-15
 -1       179-7.88861E-31-1.77636E-15 1.50990E-14
 -1       180-7.10543E-15 8.88178E-16-7.10543E-15
 -1       181-7.10543E-15-3.55271E-15-1.77636E-15
 -1       182-7.10543E-15-3.55271E-15 7.39557E-31
 -1       183-2.84217E-14-1.77636E-15-8.88178E-15
 -1       184-2.84217E-14 1.77636E-15 1.06581E-14
 -1       185-2.13163E-14 7.10543E-15 2.13163E-14
 -1       186-1.42109E-14 0.00000E+00-7.10543E-15
 -1       187-1.42109E-14 0.00000E+00 5.32907E-15
 -1       188-1.42109E-14 3.55271E-15 1.24345E-14
 -1       189-1.42109E-14 1.77636E-15-7.10543E-15
 -1       190-2.13163E-14 1.33227E-15-3.55271E-15
 -1       191-1.42109E-14 7.10543E-15 7.10543E-15
 -1       192 0.00000E+00 0.00000E+00 0.00000E+00
 -1       193 0.00000E+00 0.00000E+00 0.00000E+00
 -1       194 0.00000E+00 0.00000E+00 0.00000E+00
 -1       195 0.00000E+00 0.00000E+00 0.00000E+00
 -1       196 0.00000E+00 0.00000E+00 0.00000E+00
 -1       197 0.00000E+00 0.00000E+00 0.00000E+00
 -1       198 0.00000E+00 0.00000E+00 0.00000E+00
 -1       199 0.00000E+00 0.00000E+00 0.00000E+00
 -1       200 0.00000E+00 0.00000E+00 0.00000E+00
 -1       201-7.10543E-15-8.88178E-16-7.10543E-15
 -1       202-3.55271E-15 0.00000E+00-1.77636E-15
 -1       203-7.10543E-15-3.55271E-15 8.88178E-16
 -1       204-7.10543E-15 8.88178E-16-3.55271E-15
 -1       205-7.10543E-15-8.88178E-16-1.33227E-15
 -1       206-7.10543E-15-3.55271E-15 1.33227E-15
 -1       207-7.10543E-15 2.66454E-15-3.55271E-15
 -1       208-2.66454E-15 8.88178E-16-1.77636E-15
 -1       209-1.66533E-15-3.55271E-15 1.77636E-15
 -1       210 0.00000E+00 0.00000E+00 7.10543E-15
 -1       211-1.06581E-14-4.26326E-14-2.48690E-14
 -1       212-2.13163E-14-5.68434E-14-4.26326E-14
 -1       213 0.00000E+00 0.00000E+00 3.90799E-14
 -1       214-1.77636E-14-7.10543E-14-8.17124E-14
 -1       215-2.84217E-14-5.68434E-14-7.10543E-15
 -1       216 0.00000E+00 0.00000E+00-2.66454E-15
 -1       217 7.10543E-15-1.42109E-14-6.75016E-14
 -1       218-1.42109E-14-5.68434E-14-9.12603E-14
 -1       219 0.00000E+00 0.00000E+00 4.44089E-15
 -1       220-1.42109E-14 0.00000E+00 2.02505E-13
 -1       221-2.13163E-14-2.84217E-14-4.26326E-14
 -1       222 0.00000E+00 0.00000E+00 7.81597E-14
 -1       223 8.88178E-15 1.42109E-14 4.79616E-14
 -1       224 7.32747E-15-2.84217E-14 2.84217E-14
 -1       225 0.00000E+00 0.00000E+00-2.84217E-14
 -1       226 7.10543E-15 0.00000E+00-1.20792E-13
 -1       227 2.13163E-14-2.84217E-14-5.10703E-14
 -1       251 0.00000E+00 0.00000E+00-5.19584E-14
 -1       253 0.00000E+00-0.00000E+00 5.19584E-14
 -1       254 3.62377E-13-2.84217E-14 2.00373E-12
 -1       256-3.69482E-13-3.55271E-14 1.69109E-12
 -1       257 5.82645E-13-1.98952E-13 6.16751E-12
 -1       259-3.40949E-13 3.90799E-14 5.59908E-12
 -1       260 0.00000E+00 0.00000E+00-1.02141E-14
 -1       262 0.00000E+00-0.00000E+00 1.02141E-14
 -1       263 3.76588E-13-6.03961E-14 1.76215E-12
 -1       265-3.26850E-13 2.48690E-14 1.59162E-12
 -1       266 3.83693E-13-8.52651E-14 5.00222E-12
 -1       268-3.41061E-13 5.68434E-14 5.22959E-12
 -1       269 0.00000E+00 0.00000E+00 3.75255E-14
 -1       271 0.00000E+00-0.00000E+00-3.75255E-14
 -1       272 2.27374E-13-1.13687E-13 9.66338E-13
 -1       274-2.70006E-13 4.26326E-14 1.19371E-12
 -1       275 2.70006E-13-1.06581E-13 3.63798E-12
 -1       277-2.55795E-13 2.34479E-13 3.86535E-12
 -1       278 0.00000E+00 0.00000E+00-5.72875E-14
 -1       279 0.00000E+00 0.00000E+00 0.00000E+00
 -1       280 0.00000E+00-0.00000E+00 5.72875E-14
 -1       281 1.13687E-13-1.42109E-14 3.97904E-13
 -1       282 0.00000E+00-7.81597E-14 6.25278E-13
 -1       283-1.72307E-13-7.10543E-14 5.68434E-13
 -1       284 2.84217E-13 7.10543E-14 2.04636E-12
 -1       285 1.42109E-14 2.84217E-14 2.50111E-12
 -1       286-1.84741E-13-2.27374E-13 2.50111E-12
 -1       287 0.00000E+00 0.00000E+00-2.02061E-14
 -1       288 0.00000E+00 0.00000E+00 0.00000E+00
 -1       289 0.00000E+00-0.00000E+00 2.02061E-14
 -1       290 1.98064E-13-7.10543E-15 1.09424E-12
 -1       291 5.15143E-14-1.20792E-13 1.27898E-12
 -1       292-1.20792E-13-1.84741E-13 1.40687E-12
 -1       293 1.49214E-13 6.03961E-14 3.35376E-12
 -1       294 1.42109E-14-2.84217E-14 2.38742E-12
 -1       295-1.98952E-13-1.13687E-13 2.84217E-12
 -1       296 0.00000E+00 0.00000E+00 5.90639E-14
 -1       297 0.00000E+00 0.00000E+00 0.00000E+00
 -1       298 0.00000E+00-0.00000E+00-5.90639E-14
 -1       299 3.69482E-13-7.99361E-14 1.93268E-12
 -1       300 5.68434E-14-8.52651E-14 1.93268E-12
 -1       301-2.62901E-13-8.52651E-14 1.70530E-12
 -1       302 3.83693E-13 2.91323E-13 5.57066E-12
 -1       303-1.27898E-13 0.00000E+00 5.11591E-12
 -1       304-4.97380E-13-2.84217E-13 5.79803E-12
 -1       305 7.81597E-14-3.90799E-14 9.94760E-14
 -1       307 1.06581E-14-5.32907E-14 7.10543E-14
 -1       308 1.77636E-13 3.55271E-15 5.40012E-13
 -1       310-1.81188E-13-9.94760E-14 7.95808E-13
 -1       311 1.42109E-13 6.75016E-14 5.40012E-13
 -1       313-6.98885E-14-1.35003E-13 5.54223E-13
 -1       314 1.11910E-13-1.31978E-14-5.68434E-14
 -1       316 3.90799E-14 3.10862E-15 1.06581E-14
 -1       317 1.98952E-13-2.84217E-14 1.59162E-12
 -1       319-1.77636E-13-2.55795E-13 1.25056E-12
 -1       320 1.56319E-13 1.42109E-14 2.72848E-12
 -1       322-2.13163E-13-1.13687E-13 2.61480E-12
 -1       323 1.38556E-13-1.70974E-14 1.77636E-12
 -1       325-2.98428E-13-2.27374E-13 1.96110E-12
 -1       326 2.91323E-13-2.13163E-14 1.76215E-12
 -1       328-2.02505E-13-1.27898E-13 1.70530E-12
 -1       329 1.84741E-13-1.22569E-13 5.11591E-13
 -1       331-1.27898E-13 5.68434E-14 6.25278E-13
 -1       332 1.06581E-13 0.00000E+00 1.06581E-13
 -1       334-4.26326E-14-4.61853E-14 1.56319E-13
 -1       335 1.74083E-13 2.26930E-13 4.26326E-12
 -1       337-4.12115E-13-5.68434E-13 3.75167E-12
 -1       338 1.70530E-13 3.55271E-15 3.18323E-12
 -1       340-2.55795E-13-3.12639E-13 3.75167E-12
 -1       341 0.00000E+00 0.00000E+00-1.38778E-17
 -1       343 0.00000E+00-0.00000E+00 1.38778E-17
 -1       344 0.00000E+00 0.00000E+00 0.00000E+00
 -1       346 0.00000E+00-0.00000E+00 0.00000E+00
 -1       347 1.33227E-15 7.10543E-15 0.00000E+00
 -1       349 8.88178E-16-7.10543E-15 0.00000E+00
 -1       350 0.00000E+00 0.00000E+00 5.99520E-15
 -1       351 0.00000E+00 0.00000E+00 0.00000E+00
 -1       352 0.00000E+00-0.00000E+00-5.99520E-15
 -1       353 0.00000E+00 0.00000E+00-1.22125E-14
 -1       354 0.00000E+00 0.00000E+00 0.00000E+00
 -1       355 0.00000E+00-0.00000E+00 1.22125E-14
 -1       356-2.84217E-14 2.84217E-14 6.25278E-13
 -1       357-2.84217E-14-1.42109E-14 6.25278E-13
 -1       358-1.42109E-14-5.59552E-14 4.54747E-13
 -1       359-8.43769E-15 5.68434E-14-8.88178E-16
 -1       361 7.99361E-15-5.15143E-14 2.66454E-15
 -1       362 0.00000E+00 2.84217E-14 2.27374E-13
 -1       364-1.42109E-14-4.79616E-14 1.98952E-13
 -1       365 3.55271E-15 2.84217E-14 1.56319E-13
 -1       367-1.42109E-14-4.21885E-14 2.41585E-13
 -1       368 5.54535E-02-9.44613E+00 1.57369E+01
 -1       369-5.54535E-02 1.26640E+01-1.57771E+01
 -1       370 1.10564E-01-3.21785E+00 9.79486E+00
 -1       371-5.60667E-16-5.52866E+00-9.75466E+00
 -1       376 3.24827E+01 5.09647E+02-4.19818E+02
 -1       377-3.68933E+02 5.26181E+02-4.46034E+02
 -1       378-3.21928E+01 5.16001E+02-4.26244E+02
 -1       379 3.69178E+02 5.32330E+02-4.39630E+02
 -1       384 5.22019E+01 1.83338E+03-1.53116E+03
 -1       385-5.91509E+02 1.84189E+03-1.54767E+03
 -1       386-5.20220E+01 1.83974E+03-1.53750E+03
 -1       387 5.91722E+02 1.84830E+03-1.54133E+03
 -1       392 6.06208E+01 3.58487E+03-2.99996E+03
 -1       393-6.86416E+02 3.58773E+03-3.00975E+03
 -1       394-6.03985E+01 3.59125E+03-3.00634E+03
 -1       395 6.86625E+02 3.59409E+03-3.00337E+03
 -1       400 6.20563E+01 5.47983E+03-4.58831E+03
 -1       401-7.02709E+02 5.48047E+03-4.59546E+03
 -1       402-6.18493E+01 5.48621E+03-4.59469E+03
 -1       403 7.02925E+02 5.48686E+03-4.58908E+03
 -1       408-1.15463E-14 3.57492E-14-2.57572E-14
 -1       409 1.15463E-14-3.33067E-15 2.48690E-14
 -1       410-2.30294E-14-3.24185E-14-2.17604E-14
 -1       411-3.27148E-25 7.10543E-14 2.26485E-14
 -1       412 0.00000E+00-1.93179E-14-4.44089E-16
 -1       413 5.77316E-15-1.78746E-14 1.55431E-15
 -1       414 0.00000E+00 1.93179E-14 4.44089E-16
 -1       415-5.77316E-15 1.78746E-14-1.55431E-15
 -1       416-4.90274E-13-5.61329E-13-6.96332E-13
 -1       417-1.42109E-13-4.61853E-13-7.68274E-13
 -1       418 4.56524E-13-5.39124E-13-7.86926E-13
 -1       419 1.06581E-13-4.31655E-13-6.96332E-13
 -1       424-8.38440E-13-1.73372E-12-2.71072E-12
 -1       425-2.06057E-13-1.84741E-12-2.73559E-12
 -1       426 7.86926E-13-1.81899E-12-2.91323E-12
 -1       427 2.13163E-13-1.53477E-12-2.68940E-12
 -1       428-5.36460E-13-2.84217E-12-2.75691E-12
 -1       429 2.41585E-13-2.27374E-12-2.89191E-12
 -1       430 5.82645E-13-1.79057E-12-2.56506E-12
 -1       431-2.98428E-13-1.59162E-12-2.78533E-12
 -1       432-9.94760E-13-3.92220E-12-5.40012E-12
 -1       433-3.55271E-13-3.80851E-12-5.76961E-12
 -1       434 9.48575E-13-3.97904E-12-5.88329E-12
 -1       435 1.42109E-13-3.52429E-12-5.62750E-12
 -1       440-9.52127E-13-5.68434E-12-6.19593E-12
 -1       441-9.94760E-14-5.79803E-12-8.46967E-12
 -1       442 9.76996E-13-5.57066E-12-8.52651E-12
 -1       443 1.13687E-13 1.28426E-12-8.18545E-12
 -1       444-4.92939E-13-3.63798E-12-8.58336E-12
 -1       445 5.18696E-13-5.68434E-12-8.18545E-12
 -1       446 3.83693E-13-5.57066E-12-8.52651E-12
 -1       447-3.41061E-13-5.57066E-12-8.24230E-12
 -1       448 0.00000E+00-9.43690E-16 2.84217E-14
 -1       449 2.84217E-14 1.33227E-15 2.84217E-14
 -1       450 0.00000E+00-3.88578E-16 0.00000E+00
 -1       451-2.84217E-14-6.50090E-15-5.68434E-14
 -1       457 3.55271E-15-6.66134E-16-7.10543E-15
 -1       458 7.10543E-15 0.00000E+00-7.10543E-15
 -1       459-3.55271E-15 6.66134E-16 7.10543E-15
 -1       460-7.10543E-15-6.79081E-15 7.10543E-15
 -1       466 2.84217E-14-1.77636E-15 2.48690E-14
 -1       467-2.84217E-14 3.55271E-15-5.68434E-14
 -1       468 0.00000E+00-1.77636E-15 3.55271E-15
 -1       469 2.84217E-14 1.90186E-14 0.00000E+00
 -1       475-1.77636E-15 6.66134E-16-7.10543E-15
 -1       476 0.00000E+00 0.00000E+00 0.00000E+00
 -1       477 1.06581E-14-6.66134E-16-1.06581E-14
 -1       478 1.95399E-14 2.24202E-15-1.06581E-14
 -3
    1PSTEP                        20           1           2          
    1PGM                1.000000E+00                                  
    1PGK                2.788838E+09                                  
    1PHID                         -1                                  
    1PSUBC                         0                                  
    1PMODE                         4                                  
  100CL  105 8404.885118         328                     2    5MODAL      1
 -4  STRESS      6    1
 -5  SXX         1    4    1    1
 -5  SYY         1    4    2    2
 -5  SZZ         1    4    3    3
 -5  SXY         1    4    1    2
 -5  SYZ         1    4    2    3
 -5  SZX         1    4    3    1
 -1         1-4.01712E-10-1.72164E-10-1.72166E-10-5.73868E-11 4.11106E-16-5.73884E-11
 -1         2-2.94110E-10-3.58649E-11 5.02176E-11-5.73887E-11-2.86944E-11 1.93870E-26
 -1         3-4.01719E-10-1.72167E-10-1.72169E-10 5.73888E-11 4.11106E-16 5.73884E-11
 -1         4-6.02576E-10-2.58249E-10-2.58250E-10-4.30407E-11 1.76045E-16-8.60832E-11
 -1         5-2.45688E-10 3.40780E-11 1.41682E-10 2.26182E-26-7.17355E-12-6.46235E-27
 -1         6-2.00856E-10-8.60827E-11-8.60841E-11 4.30407E-11 1.76045E-16 8.60832E-11
 -1         7-4.01713E-10-1.72165E-10-1.72166E-10-7.17354E-12-3.35718E-17-4.30411E-11
 -1         8-2.88730E-10 1.25564E-11 1.97294E-11 5.73887E-11 2.15210E-11-1.93870E-26
 -1         9-4.01720E-10-1.72168E-10-1.72169E-10 7.17160E-12-3.35718E-17 4.30411E-11
 -1        10-4.01713E-10-1.72165E-10-1.72166E-10-5.73873E-11-9.87126E-17-3.06257E-18
 -1        11-3.37152E-10-1.07602E-10-2.15188E-11-5.73889E-11-7.17373E-12-1.91300E-16
 -1        12-4.01718E-10-1.72167E-10-1.72168E-10 5.73887E-11-9.87126E-17-5.83088E-16
 -1        13-6.02576E-10-2.58249E-10-2.58250E-10-5.73881E-11-1.82149E-16-7.17349E-12
 -1        14-2.72589E-10-1.43443E-11 1.00434E-10 9.56500E-17 1.25538E-11 2.86946E-11
 -1        15-2.00855E-10-8.60827E-11-8.60838E-11 5.73884E-11-1.82149E-16 7.17341E-12
 -1        16-4.01713E-10-1.72165E-10-1.72166E-10-2.86942E-11-3.49867E-16-3.58672E-12
 -1        17-2.94110E-10-7.17091E-12 2.15230E-11 5.73890E-11 8.51849E-12-2.86947E-11
 -1        18-4.01719E-10-1.72168E-10-1.72169E-10 2.86935E-11-3.49867E-16 3.58652E-12
 -1        19-4.01714E-10-1.72164E-10-1.72166E-10-5.73874E-11-5.57644E-16 2.86936E-11
 -1        20-2.94110E-10 2.15243E-11-7.17108E-12 3.82600E-16 2.86943E-11-3.82600E-16
 -1        21-4.01718E-10-1.72166E-10-1.72167E-10 5.73886E-11-5.57644E-16-2.86948E-11
 -1        22-4.01714E-10-1.72165E-10-1.72166E-10-1.43461E-11-4.76733E-16 5.73888E-11
 -1        23-2.59811E-10 2.98187E-11 9.88646E-11-2.86945E-11 5.02153E-11 5.73892E-11
 -1        24-4.01718E-10-1.72166E-10-1.72167E-10 1.43464E-11-4.76733E-16-5.73890E-11
 -1        25-6.02576E-10-2.58249E-10-2.58250E-10 2.69078E-12-5.89831E-16 4.30413E-11
 -1        26-3.06216E-10-4.25907E-11 1.65913E-11-5.73894E-11 1.70371E-11-5.73894E-11
 -1        27-2.00856E-10-8.60833E-11-8.60844E-11-2.69119E-12-5.89831E-16-4.30417E-11
 -1        30 3.17076E-09 6.26506E-10 7.41283E-10 8.03443E-10-1.72162E-10-7.17333E-10
 -1        31-2.05169E-09-1.61167E-09-1.49686E-09-1.20516E-09-1.72170E-10-7.17384E-10
 -1        32 2.33853E-09 1.38675E-10-5.25914E-11 5.73965E-11 7.65181E-11-5.26096E-10
 -1        33 3.30024E-10-7.22128E-10-9.13429E-10-4.59114E-10 7.65265E-11-1.21471E-09
 -1        34-5.88228E-10-1.10000E-10-1.10009E-10 5.35631E-10-2.96507E-10-1.63558E-09
 -1        35-9.89990E-10-2.82169E-10-2.82145E-10-9.56550E-11-2.96515E-10 2.00898E-10
 -1        36 7.60349E-10 4.35182E-10 3.58687E-10-3.25212E-10-3.82617E-11 1.25302E-09
 -1        37-4.44738E-10-8.12981E-11-1.57827E-10 7.65188E-10-3.82532E-11-3.10856E-09
 -1        38 5.59532E-10-4.92584E-10-3.77789E-10-2.00859E-10-1.72166E-10-7.17358E-10
 -1        39 1.43419E-10-7.36499E-10-7.74727E-10-5.73882E-10-4.78261E-11-6.21740E-10
 -1        40 1.33428E-09-2.91727E-10-4.83010E-10-2.00859E-10 7.65223E-11-8.70402E-10
 -1        41 1.75039E-09-4.78114E-11-8.60728E-11 1.72164E-10-4.78177E-11-9.66020E-10
 -1        42-7.89109E-10-1.96084E-10-1.96077E-10 2.19988E-10-2.96511E-10-7.17341E-10
 -1        43-1.14821E-10 7.65067E-11 3.82711E-11-2.10434E-10-1.67388E-10 7.26958E-10
 -1        44 1.57805E-10 1.76942E-10 1.00430E-10 2.19988E-10-3.82574E-11-9.27773E-10
 -1        45-5.16483E-10-9.56489E-11-1.33918E-10 6.50410E-10-1.67380E-10-2.37207E-09
 -1        46 1.14779E-09 1.14788E-10-1.91232E-11 6.69541E-10-2.48681E-10-1.17646E-09
 -1        47-1.66433E-09-1.09039E-09-1.22427E-09-6.50406E-10-2.48690E-10-2.58243E-10
 -1        48 1.31987E-09 5.73763E-11-3.82579E-10-1.33903E-10-1.43964E-15 3.92155E-10
 -1        49-2.86922E-10-6.31265E-10-1.07125E-09 1.53038E-10 7.01677E-15-2.13294E-09
 -1        50-4.31853E-09-7.79554E-10-9.32611E-10 4.97376E-10-1.91293E-10-2.58251E-10
 -1        51 1.00418E-10 1.11429E-09 9.61272E-10 5.54735E-10-1.91301E-10-1.17639E-09
 -1        52 1.62120E-09 1.83165E-09 1.83166E-09-1.28171E-09 7.65171E-11-6.40774E-10
 -1        53-3.60114E-09-4.06515E-10-4.06533E-10 2.33382E-09 7.65256E-11-1.32952E-09
 -1        54-2.10906E-09 1.67370E-10 1.43303E-11 5.26056E-10-1.91297E-10-7.17323E-10
 -1        55 8.60808E-10 1.47297E-09 1.39647E-09-3.63489E-10-5.73920E-11-9.08584E-10
 -1        56-9.89973E-10 7.12565E-10 7.12564E-10 5.26056E-10 7.65213E-11-9.85145E-10
 -1        57-3.95984E-09-5.93035E-10-6.69572E-10 1.41560E-09-5.73836E-11-7.93884E-10
 -1        58-2.30990E-09-3.01312E-10-1.86550E-10 5.16500E-10-2.29552E-10-9.46914E-10
 -1        59-3.01300E-10 5.59532E-10 6.74328E-10 2.29538E-10-2.29561E-10-4.87748E-10
 -1        60 1.42034E-09 1.36297E-09 1.63080E-09-8.03468E-10 3.82573E-11 2.77427E-10
 -1        61-1.79338E-09-1.43552E-11 2.53445E-10 1.54951E-09 3.82658E-11-2.24773E-09
 -1        63 0.00000E+00 0.00000E+00 0.00000E+00 0.00000E+00-5.97812E-12-2.39125E-11
 -1        64 0.00000E+00 0.00000E+00 0.00000E+00 0.00000E+00-5.97812E-12-2.39125E-11
 -1        65 0.00000E+00 0.00000E+00 0.00000E+00 0.00000E+00-5.97812E-12-2.39125E-11
 -1        66 0.00000E+00 0.00000E+00 0.00000E+00 0.00000E+00-5.97812E-12-2.39125E-11
 -1        67 4.48336E-11 4.48360E-11 1.04616E-10 3.91130E-16 5.78547E-16 1.91299E-10
 -1        68-1.43477E-10-1.43475E-10-3.34776E-10 3.91130E-16 9.56506E-11 3.82599E-10
 -1        69 2.15210E-10 2.15213E-10 5.02162E-10 3.91130E-16-9.56495E-11-1.57267E-15
 -1        70 7.44275E-10-1.16574E-10 1.10594E-10-1.43475E-10-2.12223E-10 2.98749E-12
 -1        71-4.93219E-11-4.93196E-11-1.15080E-10 3.91130E-16 4.78256E-11 2.86949E-10
 -1        72 3.58664E-11 3.58688E-11 8.36928E-11 3.91130E-16 5.78547E-16 1.91299E-10
 -1        73 1.30022E-10 1.30024E-10 3.03389E-10 3.91130E-16-4.78245E-11 9.56485E-11
 -1        74 3.94554E-10-3.58688E-11 1.07605E-10-7.17372E-11-1.06111E-10 9.71430E-11
 -1        75 3.00399E-10-1.30024E-10-1.12091E-10-7.17372E-11-5.82862E-11 1.92793E-10
 -1        76 4.79743E-10 4.93196E-11 3.06378E-10-7.17372E-11-1.53936E-10 1.49296E-12
 -1        77 3.58687E-11 3.58687E-11 8.36937E-11 0.00000E+00-2.00176E-10-1.13889E-10
 -1        78 3.58687E-11 3.58687E-11 8.36937E-11 0.00000E+00 1.20763E-10-3.36840E-11
 -1        79 3.58687E-11 3.58687E-11 8.36937E-11 0.00000E+00-2.00176E-10-1.13889E-10
 -1        80 3.58687E-11 3.58687E-11 8.36937E-11 0.00000E+00 1.20763E-10-3.36840E-11
 -1        81 3.58687E-11 3.58687E-11 8.36937E-11 0.00000E+00-2.00176E-10-1.13889E-10
 -1        82 3.58687E-11 3.58687E-11 8.36937E-11 0.00000E+00 1.20763E-10-3.36840E-11
 -1        83-5.70647E-11 7.49890E-12 4.55090E-10 1.88337E-11 3.83348E-10 7.16794E-10
 -1        84-3.32811E-10-2.68245E-10-1.88304E-10 1.88296E-11 4.39145E-10 3.74050E-10
 -1        85-3.60456E-10-2.95895E-10-2.52817E-10 1.88305E-11 2.00021E-10 6.60999E-10
 -1        86 3.24039E-10 3.88603E-10-5.20836E-10 5.47896E-10-5.52599E-10-6.51071E-10
 -1        87-9.42578E-10-1.60639E-10 1.58426E-10-4.20561E-10-2.60667E-10-1.58375E-10
 -1        88-1.97042E-11-6.00779E-10 2.55322E-10-2.05348E-10 1.44350E-10-4.46819E-10
 -1        89-1.94938E-10-1.30373E-10 1.33393E-10 1.88316E-11 4.11246E-10 5.45422E-10
 -1        90-3.46634E-10-2.82070E-10-2.20560E-10 1.88300E-11 3.19583E-10 5.17524E-10
 -1        91-2.08760E-10-1.44198E-10 1.01136E-10 1.88321E-11 2.91685E-10 6.88896E-10
 -1        92-3.09269E-10 1.13982E-10-1.81205E-10 6.36674E-11-4.06633E-10-4.04723E-10
 -1        93-4.81141E-10-3.80709E-10 2.06874E-10-3.12955E-10-5.81583E-11-3.02597E-10
 -1        94 1.52168E-10-1.06088E-10-1.32757E-10 1.71274E-10-2.04124E-10-5.48945E-10
 -1        95 1.33487E-10 1.98051E-10-3.28731E-11 2.83365E-10-8.46257E-11 3.28613E-11
 -1        96-6.37694E-10-2.14442E-10-1.49386E-11-2.00866E-10 8.92389E-11 1.07837E-10
 -1        97-1.90080E-10-4.48337E-10 1.25221E-12-9.32590E-11 1.72186E-10 1.07090E-10
 -1       151 0.00000E+00 0.00000E+00 0.00000E+00 0.00000E+00 0.00000E+00 0.00000E+00
 -1       152 0.00000E+00 0.00000E+00 0.00000E+00 0.00000E+00 0.00000E+00 0.00000E+00
 -1       154 0.00000E+00 0.00000E+00 0.00000E+00 0.00000E+00 0.00000E+00 0.00000E+00
 -1       155 0.00000E+00 0.00000E+00 0.00000E+00 0.00000E+00 0.00000E+00 0.00000E+00
 -1       156-1.72163E-10-1.72165E-10-4.01722E-10 1.20081E-15-2.86942E-11-7.81456E-16
 -1       157 8.60831E-11 8.60830E-11 2.00858E-10 1.45478E-16 2.95078E-16-1.53864E-15
 -1       158 3.44330E-10 3.44332E-10 8.03439E-10 3.11451E-16 1.43480E-11-1.14780E-10
 -1       159-8.60800E-11-8.60812E-11-2.00859E-10 1.33203E-15-7.17266E-12-1.10963E-16
 -1       160 3.22817E-11 3.22816E-11 7.53215E-11 8.20681E-16-2.86932E-11-1.14779E-10
 -1       161 3.65854E-10 3.65855E-10 8.53659E-10 5.12881E-16-2.86927E-11-3.91788E-16
 -1       162-1.72162E-10-1.72164E-10-4.01720E-10 1.46326E-15 1.43489E-11-1.14778E-10
 -1       163-4.30425E-11-4.30421E-11-1.00433E-10 1.52133E-15-5.73867E-11-1.14778E-10
 -1       164-5.85832E-15-2.54497E-15-6.82283E-15 7.65200E-16-5.73860E-11-1.14779E-10
 -1       165-1.39883E-10-9.68425E-11-3.69441E-10 2.86954E-11 2.86951E-11 1.72168E-10
 -1       166-1.57822E-10-1.00433E-10 7.17312E-11-9.32575E-11-3.58680E-11 1.72167E-10
 -1       167-1.21957E-10 2.15171E-11 5.66708E-10 1.29126E-10 2.86952E-11 5.73887E-11
 -1       168-4.55525E-10-1.82926E-10-3.40746E-10-7.89094E-11-7.17281E-12 7.89108E-11
 -1       169-1.07608E-11-6.81501E-11 3.22792E-11-6.81493E-11-7.17355E-11 3.58687E-11
 -1       170 7.13776E-10 4.12483E-10 9.72024E-10 3.34775E-16-1.43472E-10 2.22384E-10
 -1       171-1.39882E-10-9.68417E-11-3.69439E-10-1.86514E-10-4.30407E-11-2.86931E-11
 -1       172-8.60846E-11-1.43474E-10-1.43475E-10-3.58673E-11-1.07603E-10-5.73885E-11
 -1       173-4.30467E-11-1.00434E-10-4.30484E-11-1.14778E-10-3.01291E-10-8.60831E-11
 -1       174-1.07589E-11 3.22819E-11-6.81516E-11 2.86912E-11 5.73894E-11-2.86944E-10
 -1       175-7.17373E-11-1.43467E-11 2.72597E-10-9.32616E-11-7.17371E-12-2.86944E-10
 -1       176-2.94125E-10-1.50647E-10 1.64989E-10 1.29122E-10 1.14779E-10-5.73871E-11
 -1       177-4.55525E-10-1.82928E-10-3.40749E-10-7.89110E-11 7.17421E-12-1.50644E-10
 -1       178 5.38011E-11-3.58793E-12 1.82926E-10-6.81513E-11-1.43470E-11 3.58707E-11
 -1       179 2.83354E-10-1.79369E-11-3.22879E-11-1.93243E-15-2.86939E-11-7.17139E-12
 -1       180 3.22862E-11 7.53245E-11 3.22830E-11-1.86513E-10-4.30409E-11-2.86933E-11
 -1       181-8.60849E-11-1.43475E-10-1.43475E-10-3.58671E-11 2.86956E-11-1.72167E-10
 -1       182 1.29119E-10 7.17323E-11 3.58678E-10-1.14778E-10-7.17353E-11-8.60831E-11
 -1       183 3.05137E-15 5.73904E-11-5.73904E-11 2.86945E-10 2.86945E-11-1.43470E-10
 -1       184 3.29989E-10 1.57822E-10 4.44766E-10 3.01291E-10-5.73898E-11-2.15207E-10
 -1       185 4.87805E-10 1.43473E-10 4.87803E-10 2.00860E-10-4.30420E-11-5.73875E-11
 -1       186-4.30387E-11 1.43484E-11-1.57821E-10 1.14779E-10 2.15213E-11-2.86914E-11
 -1       187 9.14637E-11 8.42902E-11 2.20588E-10 8.60834E-11-8.60838E-11 4.30446E-11
 -1       188-6.45676E-11-6.45646E-11-1.50653E-10 1.14778E-10-2.86942E-11-1.14776E-10
 -1       189-3.58678E-10-7.17347E-11-1.29124E-10-7.17140E-12 1.43482E-11-5.73875E-11
 -1       190-1.07610E-11 3.22807E-11-6.81506E-11-7.17350E-11-6.45618E-11-1.14777E-10
 -1       191 6.59970E-10 5.45195E-10 6.59972E-10 9.32583E-11 8.60853E-11 5.73901E-11
 -1       192-1.72167E-10-1.72167E-10-4.01721E-10 7.83575E-16-1.43477E-11-1.14777E-10
 -1       193-4.30409E-11-4.30410E-11-1.00429E-10 8.92419E-16 1.77047E-16-5.73872E-11
 -1       194 2.15229E-11 2.15224E-11 5.02171E-11 1.40836E-15-5.73886E-11-1.14777E-10
 -1       195-8.60848E-11-8.60840E-11-2.00860E-10 1.91300E-16 1.43470E-11-1.14777E-10
 -1       196-3.22815E-11-3.22814E-11-7.53215E-11 3.33258E-16-1.43471E-11-1.14777E-10
 -1       197 3.22824E-11 3.22818E-11 7.53244E-11 5.80172E-16-5.73887E-11-1.14777E-10
 -1       198-8.60848E-11-8.60848E-11-2.00860E-10-2.48313E-16 4.30418E-11-1.14776E-10
 -1       199-4.30427E-11-4.30428E-11-1.00430E-10-2.25902E-16 1.43476E-11-4.30401E-11
 -1       200 4.30414E-11 4.30410E-11 1.00431E-10-4.00681E-16-5.73886E-11-2.68997E-11
 -1       201 7.17376E-11 1.43488E-11-2.72595E-10 1.43478E-11 4.30418E-11-2.86924E-11
 -1       202-6.45618E-11-9.32565E-11-1.21950E-10-7.89097E-11 7.17397E-12 7.17607E-12
 -1       203-1.79340E-10-6.45619E-11-3.58671E-11-5.73884E-11-5.02149E-11-7.17343E-11
 -1       204-4.30418E-11 1.43480E-11-1.57817E-10-2.86945E-11 4.30417E-11-7.89083E-11
 -1       205-2.15206E-11-7.17322E-12-6.45608E-11-2.86944E-11-1.43471E-11-7.53214E-11
 -1       206 3.22822E-11 3.22818E-11 7.53243E-11 8.97086E-13-5.02150E-11-7.17349E-11
 -1       207 2.08036E-10 1.21952E-10-5.02129E-11-2.86948E-11 4.30418E-11-8.60816E-11
 -1       208 1.53785E-10 1.23297E-10 8.52002E-12 2.15208E-11 7.17397E-12 2.14673E-15
 -1       209 9.95342E-11 6.72525E-11 1.24642E-10 1.61405E-11-5.02149E-11 3.04899E-11
 -1       210-6.67215E-10-3.22883E-10-4.09068E-10-6.88666E-10 5.16506E-10-5.16509E-10
 -1       211 4.21807E-09 3.64417E-09 1.19082E-08-5.73888E-10-2.29568E-10-4.59109E-10
 -1       212-6.02651E-10-2.58320E-10-2.58420E-10-3.44332E-10 1.03301E-09-2.86932E-10
 -1       213-5.74322E-11 5.16456E-10 1.77896E-09-1.14778E-09-7.88931E-11-1.95123E-09
 -1       214 2.68292E-09 3.60114E-09 7.33140E-09-3.15636E-10 1.03302E-09 5.73951E-11
 -1       215 2.58207E-10 6.02536E-10 1.75026E-09 2.86953E-10 6.63686E-11 1.78266E-09
 -1       216-2.22419E-10-4.51982E-10-1.28416E-09-2.29553E-10-6.74299E-10-1.04733E-09
 -1       217-3.15670E-10 1.75034E-09-1.80783E-09-5.73838E-11 4.59140E-10-7.15570E-10
 -1       218-2.31385E-10 4.57276E-10 1.75567E-09-4.59108E-10-9.00274E-10 1.90081E-10
 -1       219-8.68069E-10-4.08956E-10-4.95146E-10 1.34692E-14 1.19083E-09 3.19946E-09
 -1       220 5.25108E-09 6.05453E-09 1.29412E-08 1.43482E-10-1.80778E-09-4.37588E-10
 -1       221-4.01782E-10-1.72226E-10-1.72332E-10 3.59004E-12 1.60689E-09-3.95986E-09
 -1       222 1.44904E-09 1.16208E-09 2.42459E-09 2.29566E-10-2.65417E-10-4.87794E-10
 -1       223 3.34918E-09 3.23080E-09 7.42018E-09-5.73822E-11-1.23387E-09 2.87014E-11
 -1       224 7.72921E-10 8.23125E-10 1.97085E-09-3.44331E-10 3.90969E-10 2.61838E-10
 -1       225-2.22420E-10-4.51994E-10-1.28416E-09 7.81125E-15-1.72167E-09-1.49209E-09
 -1       226-1.03303E-09-1.83650E-09-3.09909E-09-2.58246E-10-2.49642E-09-1.82924E-10
 -1       227 1.77724E-09 1.31810E-09 2.61651E-09-2.33142E-10-8.24961E-10 1.70013E-09
 -1       251 9.59445E-09 6.49052E-09 1.03753E-08-7.47927E-11 5.56268E-10 4.46426E-10
 -1       253-2.36508E-09 2.23472E-09 9.43841E-09-1.12187E-10 5.84320E-10-1.04477E-09
 -1       254-5.65518E-09-1.15177E-08-2.87947E-08-4.70959E-10-7.43266E-10 1.31620E-09
 -1       256-1.24756E-08-1.25049E-08-2.88844E-08 3.05024E-10-1.82311E-10-6.43035E-10
 -1       257-3.20324E-08-2.80485E-08-5.98960E-08-1.46547E-09 1.22472E-09-5.49038E-11
 -1       259-3.65812E-08-3.15887E-08-6.20059E-08 8.71234E-10 4.57172E-09-2.48217E-09
 -1       260 7.45500E-09 4.08930E-09 3.20353E-09-3.92662E-10 2.78718E-10 6.45102E-10
 -1       262-4.16452E-09-1.25665E-10 2.05042E-09 5.61015E-11-2.50673E-10-1.96322E-10
 -1       263-2.05975E-09-5.63611E-09-1.55092E-08-6.05940E-10-2.45465E-11-1.59446E-09
 -1       265-7.23450E-09-6.13626E-09-1.53166E-08 3.85075E-10 8.23890E-10-1.09808E-09
 -1       266 6.61906E-09 1.09296E-08 2.16780E-08-7.07030E-10-2.03695E-09-6.92704E-10
 -1       268 6.74574E-09 1.18229E-08 2.20729E-08 6.38963E-10-1.02958E-09 1.14148E-09
 -1       269-3.56455E-10-3.98394E-09-8.55098E-09-6.73134E-10-5.49284E-11-2.10470E-09
 -1       271-7.95131E-09-6.34324E-09-8.10552E-09 1.49597E-10-1.14176E-09-8.86977E-10
 -1       272 1.32726E-08 9.25249E-09 2.25273E-08-1.21539E-09-5.67951E-10-3.69870E-10
 -1       274 9.74474E-09 9.23989E-09 2.30026E-08 7.66634E-10 5.67967E-10 5.19471E-10
 -1       275 7.01824E-09 6.19550E-09 2.04978E-08-9.34921E-10 1.11489E-09 5.42251E-10
 -1       277 8.13804E-09 9.70869E-09 2.15837E-08 1.08450E-09-2.17358E-10 1.10321E-09
 -1       278 9.44035E-09 6.79039E-09 1.33762E-08 1.60810E-09-1.85804E-10 9.04570E-10
 -1       279 1.05475E-08 7.84825E-09 1.40911E-08 6.54434E-10-4.86157E-10-2.72486E-14
 -1       280 1.04383E-08 8.30669E-09 1.42059E-08 7.48045E-11-7.86505E-10-2.40041E-09
 -1       281 4.04661E-08 4.00921E-08 7.83121E-08 8.27418E-10-5.90870E-09 5.72998E-09
 -1       282 6.86230E-09 8.47039E-09 1.69969E-08-3.88002E-10-2.24391E-09 1.14993E-09
 -1       283-2.62223E-08-2.32306E-08-4.41734E-08-1.99139E-09 2.61787E-09-4.62667E-09
 -1       284 7.10138E-08 6.69375E-08 1.41021E-07-3.36576E-10 1.08453E-08-1.51832E-08
 -1       285 2.30161E-08 2.23991E-08 4.68193E-08 1.42110E-09-8.75108E-09-3.36582E-09
 -1       286-2.00772E-08-1.63188E-08-4.38431E-08 8.97528E-10-1.84741E-08 7.55427E-09
 -1       287 1.00165E-08 6.39570E-09 8.24460E-09 1.40241E-09 1.41408E-09 5.92860E-09
 -1       288 4.15755E-09 2.52830E-09 5.03530E-09-7.94708E-10 1.62676E-09 5.08600E-09
 -1       289-2.23613E-09-1.60273E-09 1.56193E-09-2.72997E-09 1.83946E-09 3.94423E-09
 -1       290 1.99110E-08 2.05935E-08 4.32094E-08-5.25885E-10 1.53332E-09-2.90001E-09
 -1       291 1.16474E-08 1.35763E-08 3.02088E-08-6.64978E-10 2.95431E-09-4.50174E-09
 -1       292 2.23725E-09 5.47792E-09 1.64726E-08-6.59118E-10 4.52511E-09-2.36363E-09
 -1       293-1.66204E-07-1.63848E-07-3.43682E-07 1.20138E-09 2.11301E-09 1.62678E-08
 -1       294-2.31570E-08-2.99773E-08-5.33458E-08 1.00271E-09-1.58950E-09 3.10389E-09
 -1       295 1.19928E-07 1.05643E-07 2.37580E-07 7.47945E-10-1.10315E-09-2.28118E-09
 -1       296 1.62977E-09-2.25953E-09-8.47680E-09-4.40350E-09-1.41757E-09-3.34267E-10
 -1       297-3.76399E-09-3.46482E-09-1.06543E-08-9.44299E-10-2.76740E-09 2.99179E-09
 -1       298-9.30561E-09-4.74314E-09-1.29051E-08 2.54302E-09-4.11717E-09 5.12103E-09
 -1       299 5.39463E-09 6.01162E-09 1.96804E-08 1.30423E-09-1.24342E-09-2.64934E-09
 -1       300-1.49461E-08-1.36185E-08-2.53424E-08-1.23880E-09-8.88216E-10-2.58042E-09
 -1       301-3.42670E-08-3.34443E-08-7.00938E-08-3.66491E-09-1.43039E-09 4.80366E-10
 -1       302-8.68721E-08-9.54174E-08-2.03402E-07 7.28311E-09 3.36604E-10 4.48837E-10
 -1       303 1.79697E-08 2.51968E-08 3.01615E-08 3.76776E-09 7.29236E-09-4.48845E-10
 -1       304 1.25943E-07 1.47409E-07 2.65285E-07 1.42110E-09 1.27525E-08 5.83403E-09
 -1       305 1.65349E-08 1.64815E-08 2.88013E-08 1.66883E-09-2.28474E-09 2.16200E-09
 -1       307-1.97355E-08-1.81180E-08-3.43764E-08-7.51177E-10 1.72377E-09-6.28770E-10
 -1       308 2.89595E-08 2.98477E-08 6.11866E-08-2.18874E-10-2.22521E-09 5.31302E-11
 -1       310-1.28004E-08-1.03012E-08-1.35922E-08-6.90687E-10 4.88028E-09-5.05510E-09
 -1       311 7.52827E-09 5.22704E-09 9.18318E-09 1.40222E-10-2.60613E-09 9.64430E-10
 -1       313-4.84212E-09-3.73423E-09-5.81433E-09-1.64082E-09 3.06177E-10 1.04156E-09
 -1       314 7.48305E-09 5.43558E-09 8.98840E-09 4.99516E-10 6.24291E-10 5.10668E-10
 -1       316 2.50184E-09 2.98218E-09 6.53507E-09-1.17569E-09 2.33945E-10-2.00663E-09
 -1       317 2.32173E-08 2.07561E-08 4.23647E-08-2.75800E-10-3.14150E-09-1.56140E-09
 -1       319-5.33974E-08-5.11723E-08-1.10111E-07-2.04749E-09-8.60151E-09 5.88957E-10
 -1       320-5.42677E-08-5.48941E-08-1.11626E-07 4.04360E-10 9.03128E-09 2.80472E-09
 -1       322 4.97663E-08 4.84013E-08 9.20812E-08 1.79507E-09-7.08692E-09 4.37542E-09
 -1       323-5.99738E-08-5.81272E-08-1.21539E-07 3.73918E-11-1.55093E-09 3.12728E-09
 -1       325 7.26430E-08 6.84545E-08 1.54992E-07 7.01163E-11 1.55304E-09-6.68015E-09
 -1       326 5.67575E-09 7.54564E-09 2.02796E-08 7.92335E-10 1.58878E-10-4.00680E-09
 -1       328-2.04101E-08-1.73312E-08-3.63290E-08-3.50600E-09 2.14976E-10-3.37922E-09
 -1       329 2.26914E-08 1.63339E-08 3.67529E-08-1.39774E-09 8.96344E-10 1.82079E-09
 -1       331-8.50223E-09-2.89267E-09-1.17183E-08-1.93136E-10 1.81491E-09 8.71836E-10
 -1       332 8.16010E-09 5.30855E-09 7.92641E-09-2.33754E-10-7.98220E-10-2.79301E-10
 -1       334-1.02171E-09 7.86205E-10 3.40412E-09 1.68272E-10-1.63264E-09 4.66312E-10
 -1       335-1.46873E-07-1.48285E-07-3.12271E-07 4.07627E-09-9.54339E-09 6.75011E-09
 -1       337 9.90356E-08 9.91478E-08 2.08647E-07-1.72028E-09-5.09311E-09-1.25291E-09
 -1       338-1.84140E-08-1.98888E-08-3.65139E-08 3.01514E-09-1.76710E-09 4.37538E-09
 -1       340 7.71680E-08 8.63678E-08 1.57423E-07-3.74140E-11 5.84323E-09 1.38743E-08
 -1       341 4.55632E-11 9.20202E-11 4.60502E-11 5.59529E-12-1.24611E-10-3.85015E-12
 -1       343-4.46180E-11-9.10750E-11-4.41310E-11 4.14351E-12-1.24702E-10-3.94089E-12
 -1       344-4.46180E-11-9.10750E-11-4.41310E-11 4.14351E-12-1.24702E-10-3.94089E-12
 -1       346 4.55632E-11 9.20202E-11 4.60502E-11 5.59529E-12-1.24611E-10-3.85015E-12
 -1       347 4.55632E-11 9.20202E-11 4.60502E-11 5.59529E-12-1.24611E-10-3.85015E-12
 -1       349-4.46180E-11-9.10750E-11-4.41310E-11 4.14351E-12-1.24702E-10-3.94089E-12
 -1       350 4.20857E-09 5.25023E-09 8.69621E-09 1.16554E-09-1.75421E-09-1.01932E-10
 -1       351 3.93347E-09 3.81817E-09 8.13285E-09 2.80493E-11-5.53424E-10-4.54472E-11
 -1       352 3.65838E-09 2.38611E-09 7.56949E-09-1.10944E-09 6.47365E-10 1.10377E-11
 -1       353 8.07994E-10-7.36964E-10 1.99222E-09-7.43262E-10-4.88173E-10-1.17514E-10
 -1       354 1.14358E-09 8.17916E-10 2.61608E-09-9.27124E-11-4.20976E-10-1.42828E-11
 -1       355 1.47917E-09 2.37280E-09 3.23993E-09 5.57837E-10-3.53778E-10 8.89481E-11
 -1       356 1.45128E-08 1.43858E-08 3.00948E-08-4.54996E-10 2.86976E-09 2.29186E-10
 -1       357-2.66213E-09-2.72290E-09-5.09296E-09-2.56325E-10 1.02037E-09-9.99847E-11
 -1       358-1.98371E-08-1.98316E-08-4.02807E-08-5.76542E-11-8.29018E-10-4.29155E-10
 -1       359 2.50828E-09 2.25663E-09 5.34422E-09 2.11138E-10-1.12119E-09-1.09723E-10
 -1       361 2.56877E-09 2.37945E-09 5.40471E-09-2.75801E-10 1.46794E-10 4.99929E-11
 -1       362 7.66040E-09 6.82443E-09 1.60435E-08-5.99129E-10 1.19080E-09 5.58359E-11
 -1       364-9.17895E-09-8.72941E-09-1.85204E-08 2.50091E-10-5.91398E-10-1.70103E-10
 -1       365 9.36069E-09 9.81802E-09 1.93955E-08 3.55271E-10 5.57775E-10 6.36268E-11
 -1       367-8.08935E-09-8.72275E-09-1.63556E-08-5.83546E-10-9.08262E-11-2.09059E-10
 -1       368 2.77817E+06 2.52123E+05-1.35920E+05 5.64315E+05-1.96969E+06-4.82846E+05
 -1       369-3.04322E+07 9.46782E+05 8.32603E+05 3.68548E+05-4.21907E+05-2.93800E+05
 -1       370 2.56545E+05 6.68950E+06 3.14571E+06 5.70652E+05 3.70300E+04-4.78945E+05
 -1       371 3.34870E+07 6.00342E+06 2.18576E+06 1.18849E+06-1.51075E+06-2.97706E+05
 -1       376 2.14206E+06-1.14375E+04-1.07716E+05 5.74422E+05-5.35824E+04-5.09287E+05
 -1       377-2.47243E+07 2.13433E+05 2.16208E+05 3.48978E+05-1.15841E+05-2.63377E+05
 -1       378-2.15238E+06 5.25899E+04 1.12427E+05 5.74311E+05 2.72359E+04-5.11488E+05
 -1       379 2.47284E+07-1.66111E+05-2.05328E+05 7.55671E+05 8.94942E+04-2.61181E+05
 -1       384 1.19638E+06 3.19119E+04 5.63521E+03 5.12658E+05 1.97989E+04-4.68377E+05
 -1       385-1.34389E+07-1.82878E+05-1.76981E+05 2.93234E+05 1.44056E+05-2.05651E+05
 -1       386-1.19723E+06-4.45734E+04-8.47616E+03 5.11915E+05-1.33429E+04-4.70515E+05
 -1       387 1.34398E+07 1.70965E+05 1.74888E+05 2.92495E+05-1.37600E+05-2.03517E+05
 -1       392 4.27216E+05 6.28266E+04-1.52326E+04 3.19576E+05 1.87603E+04-2.90883E+05
 -1       393-4.82984E+06-2.66991E+05-2.61364E+05 1.92134E+05 2.25705E+05-1.38552E+05
 -1       394-4.26535E+05-5.90291E+04 1.62242E+04 3.20729E+05-2.03544E+04-2.90428E+05
 -1       395 4.82918E+06 2.70215E+05 2.61782E+05 1.93292E+05-2.27300E+05-1.39012E+05
 -1       400 1.38594E+05 7.64415E+04-1.79842E+04 4.43902E+04 2.58608E+04-4.94281E+04
 -1       401-1.57022E+06-3.41366E+05-3.32301E+05-2.67661E+04 2.86851E+05 3.49613E+04
 -1       402-1.39894E+05-7.87534E+04 1.70753E+04 4.40301E+04-2.51430E+04-5.01373E+04
 -1       403 1.57152E+06 3.40168E+05 3.32506E+05-2.71215E+04-2.86134E+05 3.56660E+04
 -1       408-7.76019E-08-7.17183E-08-3.46313E-08-8.13115E-09-4.53824E-09 9.75522E-10
 -1       409-1.56126E-08 1.38591E-08-1.03186E-08 2.02707E-09 1.73870E-09-5.72993E-09
 -1       410 4.44734E-08-8.04720E-09 1.13501E-09-9.46082E-09-5.93718E-09-9.24614E-09
 -1       411 5.38234E-09-1.82163E-08 6.31436E-09-4.68192E-09 1.07415E-08-1.71470E-09
 -1       412-4.74120E-08-2.92780E-08-2.28196E-08-1.94666E-08 1.47192E-09-1.99202E-09
 -1       413 1.53201E-08 1.14819E-08-1.75097E-09-9.90415E-09-2.09732E-09-8.57814E-09
 -1       414 2.89456E-08-1.14133E-08 5.44686E-09-8.90882E-09 5.27385E-09-7.33589E-10
 -1       415-3.10037E-08-3.45843E-08-9.51064E-09-4.21486E-09 3.10356E-09-1.74664E-09
 -1       416-3.18782E-07-6.27228E-07-3.19614E-07-2.75884E-09 3.59792E-10 7.13096E-09
 -1       417 2.44554E-07 6.18881E-07 2.26764E-07 6.27229E-10-7.77628E-08-2.27182E-09
 -1       418 7.44161E-08 6.76155E-08 6.70441E-08-1.57992E-08 1.94420E-08 7.67412E-09
 -1       419-7.85546E-09-6.88334E-08 1.28056E-08 1.75272E-08 4.01742E-08 2.10213E-09
 -1       424-5.92592E-07-1.27305E-06-6.26841E-07-1.58953E-08 1.69300E-08-1.26044E-08
 -1       425 4.20651E-07 1.09376E-06 3.60319E-07-5.65078E-09-1.31134E-07-2.85517E-08
 -1       426 5.92238E-08 7.11359E-08 5.85039E-08-4.67481E-08 5.02156E-08 2.52697E-11
 -1       427-4.48226E-08-1.64655E-07 1.32568E-08-3.66865E-08 6.05480E-08-1.26725E-08
 -1       428-5.23293E-08-5.65345E-08-5.65320E-08 6.50116E-09 1.86511E-08-2.28593E-08
 -1       429 1.83334E-07 4.46690E-07 1.51704E-07-3.12931E-08-3.90256E-08-1.17380E-08
 -1       430 3.50179E-08-1.61462E-08 1.10113E-07-6.94008E-08 1.31135E-07 1.18440E-10
 -1       431-3.75035E-07-8.54495E-07-3.64381E-07-5.83218E-08 4.01727E-08-2.11322E-08
 -1       432-4.08575E-08 3.20936E-07-4.41211E-07-9.15353E-09-7.42774E-07 5.04459E-08
 -1       433-1.89386E-07-5.14215E-07-1.31994E-07-1.51792E-08 9.26832E-08 1.77048E-08
 -1       434 7.40534E-07 1.80501E-06 6.36830E-07 1.73032E-08 2.61080E-08 9.61290E-09
 -1       435-6.70842E-07-1.88515E-06-3.37058E-07 9.79070E-08 5.59693E-07-1.18799E-08
 -1       440 2.70883E-07 1.60234E-06-7.39186E-07 2.94408E-08-1.11380E-06 1.16215E-07
 -1       441-8.36575E-07-2.24355E-06-6.73357E-07-6.48556E-09 2.38744E-07 3.09334E-08
 -1       442 6.67789E-07 1.77760E-06 4.59061E-07 7.97147E-08 4.59144E-08-1.89962E-08
 -1       443-2.22372E-06-5.54527E-06-1.86515E-06 2.82673E-07 1.56918E-06-1.56676E-08
 -1       444-1.49334E-07-1.88615E-07-3.99812E-07 6.24406E-08-8.84241E-07 3.82075E-08
 -1       445 3.31254E-07 7.22995E-07 3.04339E-07 4.38748E-08 2.52514E-07 1.21091E-08
 -1       446-6.60926E-07-1.75891E-06-4.03644E-07 1.27664E-07 3.60835E-07-3.96139E-08
 -1       447-5.64439E-07-1.01707E-06-8.92251E-07 1.01064E-07 3.37877E-07 3.46635E-08
 -1       448-8.21579E-10-8.74163E-10-1.63591E-09 1.07203E-10-6.52259E-10 7.88850E-10
 -1       449-3.85885E-10 1.93806E-10 9.89090E-11 2.58943E-11-5.65603E-10-4.20685E-10
 -1       450 3.58805E-10 9.37615E-10 1.03278E-09 6.88995E-11 4.40478E-10 3.65317E-11
 -1       451-4.61312E-10-3.92166E-10-1.11099E-09 2.14832E-10 4.31371E-10 1.11119E-09
 -1       457 4.35284E-11 3.66194E-11-3.24714E-11 1.36661E-10 8.42682E-11-8.66103E-11
 -1       458 9.43343E-11 7.97608E-11 4.74541E-11 9.40631E-12 5.77695E-11-1.06534E-10
 -1       459 2.33613E-10 4.62152E-10 4.83771E-11 1.22793E-11 5.43207E-11 4.46062E-11
 -1       460 1.27902E-10 4.10085E-10-3.69038E-12 1.20050E-10 1.04200E-10 7.67911E-11
 -1       466 6.65035E-10-4.23143E-10-2.21373E-09-8.75210E-10-6.81761E-10 4.60239E-10
 -1       467 1.56711E-10 5.13380E-10 6.67930E-11-5.28237E-10-9.52006E-10-8.17010E-10
 -1       468-1.80799E-10-9.40007E-10-8.15388E-11 4.36343E-11 5.82941E-10-3.59793E-10
 -1       469-5.68979E-11-2.13834E-09-2.77100E-09-2.38714E-10 9.30735E-10 7.82584E-10
 -1       475-9.99993E-10-6.32784E-10-8.17613E-10 5.48330E-11 5.11851E-11-2.62620E-10
 -1       476-1.84413E-10-1.29584E-10-1.08342E-10 5.67017E-11 1.32289E-10-5.40074E-11
 -1       477-3.71410E-10-4.09631E-10-4.33695E-10-1.38750E-10-3.37594E-12 9.71328E-11
 -1       478-1.24189E-09-9.21758E-10-1.11511E-09-1.60103E-10-6.10997E-11-9.92183E-11
 -3
    1PSTEP                        21           1           2          
    1PGM                1.000000E+00                                  
    1PGK                2.788838E+09                                  
    1PHID                         -1                                  
    1PSUBC                         0                                  
    1PMODE                         4                                  
  100CL  105 8404.885118         328                     2    5MODAL      1
 -4  TOSTRAIN    6    1
 -5  EXX         1    4    1    1
 -5  EYY         1    4    2    2
 -5  EZZ         1    4    3    3
 -5  EXY         1    4    1    2
 -5  EYZ         1    4    2    3
 -5  EZX         1    4    3    1
 -1         1-1.42102E-15-1.18424E-21-1.47155E-20-3.55252E-16 2.54494E-21-3.55262E-16
 -1         2-1.42103E-15 1.77633E-16 7.10525E-16-3.55263E-16-1.77632E-16 1.23260E-31
 -1         3-1.42104E-15-1.18424E-21-1.47155E-20 3.55264E-16 2.54494E-21 3.55262E-16
 -1         4-2.13156E-15-3.88669E-21-1.26365E-20-2.66443E-16 1.08980E-21-5.32896E-16
 -1         5-1.42103E-15 3.10856E-16 9.76976E-16 1.23260E-31-4.44077E-17-2.46519E-32
 -1         6-7.10502E-16-3.88669E-21-1.26365E-20 2.66443E-16 1.08980E-21 5.32896E-16
 -1         7-1.42102E-15-6.58914E-21-1.32352E-20-4.44076E-17-2.07826E-22-2.66445E-16
 -1         8-1.42103E-15 4.44080E-16 4.88484E-16 3.55263E-16 1.33225E-16-4.93038E-32
 -1         9-1.42104E-15-6.58914E-21-1.32352E-20 4.43956E-17-2.07826E-22 2.66445E-16
 -1        10-1.42102E-15-3.62855E-21-1.26241E-20-3.55255E-16-6.11078E-22-1.89588E-23
 -1        11-1.42103E-15-2.36848E-21 5.32892E-16-3.55264E-16-4.44088E-17-1.18424E-21
 -1        12-1.42104E-15-3.62855E-21-1.26241E-20 3.55263E-16-6.11078E-22-3.60959E-21
 -1        13-2.13156E-15-4.67105E-21-1.13640E-20-3.55260E-16-1.12759E-21-4.44073E-17
 -1        14-1.42103E-15 1.77630E-16 8.88160E-16 5.92119E-22 7.77139E-17 1.77633E-16
 -1        15-7.10502E-16-4.67105E-21-1.13640E-20 3.55262E-16-1.12759E-21 4.44068E-17
 -1        16-1.42102E-15-5.71354E-21-1.26241E-20-1.77631E-16-2.16585E-21-2.22035E-17
 -1        17-1.42103E-15 3.55263E-16 5.32892E-16 3.55266E-16 5.27335E-17-1.77634E-16
 -1        18-1.42104E-15-5.71354E-21-1.26241E-20 1.77626E-16-2.16585E-21 2.22023E-17
 -1        19-1.42102E-15-3.55271E-21-1.05327E-20-3.55255E-16-3.45208E-21 1.77627E-16
 -1        20-1.42103E-15 5.32898E-16 3.55260E-16 2.36848E-21 1.77631E-16-2.36848E-21
 -1        21-1.42104E-15-3.55271E-21-1.05327E-20 3.55263E-16-3.45208E-21-1.77634E-16
 -1        22-1.42102E-15-4.29377E-21-1.00915E-20-8.88090E-17-2.95121E-21 3.55264E-16
 -1        23-1.42103E-15 3.71917E-16 7.99344E-16-1.77633E-16 3.10857E-16 3.55267E-16
 -1        24-1.42104E-15-4.29377E-21-1.00915E-20 8.88113E-17-2.95121E-21-3.55265E-16
 -1        25-2.13155E-15-5.03483E-21-1.20130E-20 1.66572E-17-3.65134E-21 2.66446E-16
 -1        26-1.42103E-15 2.10937E-16 5.77301E-16-3.55268E-16 1.05468E-16-3.55268E-16
 -1        27-7.10505E-16-5.03483E-21-1.20130E-20-1.66597E-17-3.65134E-21-2.66449E-16
 -1        30 1.31449E-14-2.60527E-15-1.89474E-15 4.97369E-15-1.06576E-15-4.44063E-15
 -1        31-5.32920E-15-2.60527E-15-1.89453E-15-7.46052E-15-1.06582E-15-4.44095E-15
 -1        32 1.10129E-14-2.60527E-15-3.78930E-15 3.55311E-16 4.73683E-16-3.25679E-15
 -1        33 3.90805E-15-2.60527E-15-3.78951E-15-2.84213E-15 4.73736E-16-7.51961E-15
 -1        34-2.48679E-15 4.73674E-16 4.73614E-16 3.31581E-15-1.83552E-15-1.01250E-14
 -1        35-3.90808E-15 4.73674E-16 4.73824E-16-5.92150E-16-1.83557E-15 1.24366E-15
 -1        36 2.48661E-15 4.73674E-16 1.31601E-19-2.01322E-15-2.36858E-16 7.75677E-15
 -1        37-1.77619E-15 4.73674E-16-7.77961E-20 4.73688E-15-2.36806E-16-1.92435E-14
 -1        38 3.90783E-15-2.60527E-15-1.89464E-15-1.24341E-15-1.06579E-15-4.44079E-15
 -1        39 2.84184E-15-2.60527E-15-2.84192E-15-3.55260E-15-2.96067E-16-3.84887E-15
 -1        40 7.46047E-15-2.60527E-15-3.78941E-15-1.24341E-15 4.73709E-16-5.38820E-15
 -1        41 8.52646E-15-2.60527E-15-2.84213E-15 1.06578E-15-2.96014E-16-5.98012E-15
 -1        42-3.19743E-15 4.73674E-16 4.73719E-16 1.36183E-15-1.83554E-15-4.44068E-15
 -1        43-7.10734E-16 4.73674E-16 2.36978E-16-1.30268E-15-1.03621E-15 4.50021E-15
 -1        44 3.55207E-16 4.73674E-16 2.69023E-20 1.36183E-15-2.36832E-16-5.74336E-15
 -1        45-2.13149E-15 4.73674E-16 2.36768E-16 4.02635E-15-1.03616E-15-1.46843E-14
 -1        46 5.32900E-15-1.06577E-15-1.89474E-15 4.14478E-15-1.53946E-15-7.28283E-15
 -1        47-4.61872E-15-1.06577E-15-1.89453E-15-4.02632E-15-1.53951E-15-1.59865E-15
 -1        48 6.74968E-15-1.06577E-15-3.78930E-15-8.28921E-16-8.91207E-21 2.42762E-15
 -1        49 1.06587E-15-1.06577E-15-3.78951E-15 9.47379E-16 4.34371E-20-1.32039E-14
 -1        50-1.81185E-14 3.78947E-15 2.84197E-15 3.07900E-15-1.18419E-15-1.59870E-15
 -1        51-2.48691E-15 3.78947E-15 2.84218E-15 3.43408E-15-1.18425E-15-7.28244E-15
 -1        52 2.48669E-15 3.78947E-15 3.78957E-15-7.93442E-15 4.73677E-16-3.96670E-15
 -1        53-1.59868E-14 3.78947E-15 3.78936E-15 1.44475E-14 4.73730E-16-8.23034E-15
 -1        54-1.03027E-14 3.78947E-15 2.84208E-15 3.25654E-15-1.18422E-15-4.44057E-15
 -1        55-1.11069E-19 3.78947E-15 3.31587E-15-2.25017E-15-3.55284E-16-5.62457E-15
 -1        56-6.75006E-15 3.78947E-15 3.78946E-15 3.25654E-15 4.73703E-16-6.09852E-15
 -1        57-1.70526E-14 3.78947E-15 3.31566E-15 8.76324E-15-3.55232E-16-4.91452E-15
 -1        58-1.03026E-14 2.13154E-15 2.84197E-15 3.19738E-15-1.42104E-15-5.86185E-15
 -1        59-3.19742E-15 2.13154E-15 2.84218E-15 1.42095E-15-1.42109E-15-3.01939E-15
 -1        60 2.48671E-15 2.13154E-15 3.78957E-15-4.97385E-15 2.36831E-16 1.71741E-15
 -1        61-8.88144E-15 2.13154E-15 3.78936E-15 9.59218E-15 2.36884E-16-1.39145E-14
 -1        63 0.00000E+00 0.00000E+00 0.00000E+00 0.00000E+00-3.70074E-17-1.48030E-16
 -1        64 0.00000E+00 0.00000E+00 0.00000E+00 0.00000E+00-3.70074E-17-1.48030E-16
 -1        65 0.00000E+00 0.00000E+00 0.00000E+00 0.00000E+00-3.70074E-17-1.48030E-16
 -1        66 0.00000E+00 0.00000E+00 0.00000E+00 0.00000E+00-3.70074E-17-1.48030E-16
 -1        67-9.68513E-21 4.84257E-21 3.70073E-16 2.42128E-21 3.58148E-21 1.18423E-15
 -1        68-9.68513E-21 4.84257E-21-1.18424E-15 2.42128E-21 5.92123E-16 2.36847E-15
 -1        69-9.68513E-21 4.84257E-21 1.77636E-15 2.42128E-21-5.92116E-16-9.73558E-21
 -1        70 3.55271E-15-1.77635E-15-3.70076E-16-8.88177E-16-1.31376E-15 1.84940E-17
 -1        71-9.68513E-21 4.84257E-21-4.07084E-16 2.42128E-21 2.96063E-16 1.77635E-15
 -1        72-9.68513E-21 4.84257E-21 2.96058E-16 2.42128E-21 3.58148E-21 1.18423E-15
 -1        73-9.68513E-21 4.84257E-21 1.07321E-15 2.42128E-21-2.96056E-16 5.92110E-16
 -1        74 1.77635E-15-8.88174E-16-1.61419E-21-4.44087E-16-6.56879E-16 6.01362E-16
 -1        75 1.77635E-15-8.88174E-16-7.77158E-16-4.44087E-16-3.60819E-16 1.19348E-15
 -1        76 1.77635E-15-8.88174E-16 7.03140E-16-4.44087E-16-9.52939E-16 9.24213E-18
 -1        77 0.00000E+00 0.00000E+00 2.96059E-16 0.00000E+00-1.23919E-15-7.05029E-16
 -1        78 0.00000E+00 0.00000E+00 2.96059E-16 0.00000E+00 7.47583E-16-2.08520E-16
 -1        79 0.00000E+00 0.00000E+00 2.96059E-16 0.00000E+00-1.23919E-15-7.05029E-16
 -1        80 0.00000E+00 0.00000E+00 2.96059E-16 0.00000E+00 7.47583E-16-2.08520E-16
 -1        81 0.00000E+00 0.00000E+00 2.96059E-16 0.00000E+00-1.23919E-15-7.05029E-16
 -1        82 0.00000E+00 0.00000E+00 2.96059E-16 0.00000E+00 7.47583E-16-2.08520E-16
 -1        83-9.32577E-16-5.32898E-16 2.23790E-15 1.16589E-16 2.37310E-15 4.43729E-15
 -1        84-9.32603E-16-5.32906E-16-3.80328E-17 1.16564E-16 2.71852E-15 2.31555E-15
 -1        85-9.32583E-16-5.32921E-16-2.66246E-16 1.16570E-16 1.23823E-15 4.09190E-15
 -1        86 1.73195E-15 2.13163E-15-3.49823E-15 3.39174E-15-3.42085E-15-4.03044E-15
 -1        87-4.48531E-15 3.55270E-16 2.33043E-15-2.60347E-15-1.61365E-15-9.80418E-16
 -1        88 3.99680E-16-3.19745E-15 2.10222E-15-1.27120E-15 8.93597E-16-2.76602E-15
 -1        89-9.32590E-16-5.32902E-16 1.09993E-15 1.16577E-16 2.54581E-15 3.37642E-15
 -1        90-9.32593E-16-5.32913E-16-1.52140E-16 1.16567E-16 1.97837E-15 3.20372E-15
 -1        91-9.32580E-16-5.32909E-16 9.85828E-16 1.16579E-16 1.80567E-15 4.26460E-15
 -1        92-1.37668E-15 1.24345E-15-5.83898E-16 3.94131E-16-2.51725E-15-2.50543E-15
 -1        93-2.04281E-15-1.42109E-15 2.21633E-15-1.93734E-15-3.60028E-16-1.87322E-15
 -1        94 1.06581E-15-5.32909E-16-6.98005E-16 1.06027E-15-1.26363E-15-3.39823E-15
 -1        95 3.99686E-16 7.99365E-16-6.30165E-16 1.75416E-15-5.23873E-16 2.03427E-16
 -1        96-2.70895E-15-8.88178E-17 1.14620E-15-1.24345E-15 5.52432E-16 6.67564E-16
 -1        97-2.66451E-16-1.86518E-15 9.17987E-16-5.77317E-16 1.06591E-15 6.62938E-16
 -1       151 0.00000E+00 0.00000E+00 0.00000E+00 0.00000E+00 0.00000E+00 0.00000E+00
 -1       152 0.00000E+00 0.00000E+00 0.00000E+00 0.00000E+00 0.00000E+00 0.00000E+00
 -1       154 0.00000E+00 0.00000E+00 0.00000E+00 0.00000E+00 0.00000E+00 0.00000E+00
 -1       155 0.00000E+00 0.00000E+00 0.00000E+00 0.00000E+00 0.00000E+00 0.00000E+00
 -1       156 1.45142E-20 1.85219E-21-1.42106E-15 7.43357E-21-1.77631E-16-4.83758E-21
 -1       157 4.73695E-21 3.72918E-21 7.10513E-16 9.00577E-22 1.82667E-21-9.52494E-21
 -1       158-5.04029E-21 7.18126E-21 2.84210E-15 1.92803E-21 8.88211E-17-7.10545E-16
 -1       159 9.47390E-21 1.85219E-21-7.10525E-16 8.24591E-21-4.44022E-17-6.86913E-22
 -1       160 3.62855E-21 3.27561E-21 2.66440E-16 5.08041E-21-1.77625E-16-7.10537E-16
 -1       161-2.21681E-21 6.58914E-21 3.01974E-15 3.17498E-21-1.77621E-16-2.42535E-21
 -1       162 1.45142E-20 1.85219E-21-1.42106E-15 9.05825E-21 8.88264E-17-7.10528E-16
 -1       163-1.57156E-31 2.82204E-21-3.55274E-16 9.41775E-21-3.55251E-16-7.10533E-16
 -1       164-1.45142E-20 5.99702E-21-2.04850E-20 4.73695E-21-3.55247E-16-7.10534E-16
 -1       165 9.47390E-21 2.66451E-16-1.42106E-15 1.77638E-16 1.77636E-16 1.06580E-15
 -1       166-7.10531E-16-3.55265E-16 7.10513E-16-5.77308E-16-2.22040E-16 1.06580E-15
 -1       167-1.42107E-15-5.32896E-16 2.84210E-15 7.99352E-16 1.77637E-16 3.55264E-16
 -1       168-1.42106E-15 2.66451E-16-7.10525E-16-4.88487E-16-4.44031E-17 4.88495E-16
 -1       169 2.36848E-21-3.55265E-16 2.66440E-16-4.21876E-16-4.44077E-16 2.22044E-16
 -1       170 1.42107E-15-4.44080E-16 3.01974E-15 2.07242E-21-8.88158E-16 1.37666E-15
 -1       171 9.47390E-21 2.66451E-16-1.42106E-15-1.15461E-15-2.66443E-16-1.77624E-16
 -1       172 2.21867E-31-3.55265E-16-3.55274E-16-2.22036E-16-6.66113E-16-3.55262E-16
 -1       173-9.47390E-21-3.55263E-16-2.04850E-20-7.10531E-16-1.86514E-15-5.32895E-16
 -1       174 9.47390E-21 2.66453E-16-3.55278E-16 1.77612E-16 3.55268E-16-1.77632E-15
 -1       175-7.10536E-16-3.55260E-16 1.42106E-15-5.77334E-16-4.44087E-17-1.77632E-15
 -1       176-1.42108E-15-5.32888E-16 1.42105E-15 7.99326E-16 7.10537E-16-3.55253E-16
 -1       177-1.42105E-15 2.66450E-16-7.10541E-16-4.88497E-16 4.44118E-17-9.32559E-16
 -1       178-1.26007E-21-3.55266E-16 7.99342E-16-4.21889E-16-8.88148E-17 2.22057E-16
 -1       179 1.42105E-15-4.44079E-16-5.32919E-16-1.19627E-20-1.77629E-16-4.43943E-17
 -1       180 1.89478E-20 2.66446E-16-1.05881E-21-1.15460E-15-2.66443E-16-1.77625E-16
 -1       181-2.23100E-30-3.55272E-16-3.55269E-16-2.22035E-16 1.77640E-16-1.06579E-15
 -1       182-1.89478E-20-3.55271E-16 1.42106E-15-7.10531E-16-4.44076E-16-5.32896E-16
 -1       183 1.45142E-20 3.55270E-16-3.55278E-16 1.77633E-15 1.77633E-16-8.88149E-16
 -1       184 7.10536E-16-3.55261E-16 1.42106E-15 1.86514E-15-3.55270E-16-1.33224E-15
 -1       185 1.42106E-15-7.10522E-16 1.42105E-15 1.24342E-15-2.66450E-16-3.55256E-16
 -1       186 1.42109E-20 3.55268E-16-7.10541E-16 7.10536E-16 1.33227E-16-1.77614E-16
 -1       187 1.26007E-21-4.44061E-17 7.99342E-16 5.32897E-16-5.32900E-16 2.66466E-16
 -1       188-1.16907E-20 6.88520E-21-5.32919E-16 7.10528E-16-1.77631E-16-7.10520E-16
 -1       189-1.42105E-15 3.55266E-16-1.05881E-21-4.43944E-17 8.88225E-17-3.55256E-16
 -1       190-3.35266E-30 2.66448E-16-3.55269E-16-4.44074E-16-3.99668E-16-7.10525E-16
 -1       191 1.42105E-15 7.10535E-16 1.42106E-15 5.77314E-16 5.32909E-16 3.55272E-16
 -1       192-4.73695E-21-5.54201E-22-1.42105E-15 4.85070E-21-8.88189E-17-7.10523E-16
 -1       193-2.08000E-32-6.30037E-22-3.55257E-16 5.52450E-21 1.09600E-21-3.55254E-16
 -1       194 4.73695E-21 1.81427E-21 1.77636E-16 8.71844E-21-3.55263E-16-7.10521E-16
 -1       195-8.16423E-21-3.27561E-21-7.10519E-16 1.18424E-21 8.88147E-17-7.10524E-16
 -1       196-2.77811E-21-2.40639E-21-2.66441E-16 2.06303E-21-8.88156E-17-7.10523E-16
 -1       197 2.60802E-21-9.07137E-22 2.66453E-16 3.59154E-21-3.55263E-16-7.10525E-16
 -1       198-5.92119E-21-5.99702E-21-7.10521E-16-1.53717E-21 2.66449E-16-7.10521E-16
 -1       199-3.62673E-21-4.18275E-21-3.55260E-16-1.39844E-21 8.88187E-17-2.66439E-16
 -1       200-1.33227E-21-3.62855E-21 3.55269E-16-2.48041E-21-3.55263E-16-1.66522E-16
 -1       201 7.10531E-16 3.55267E-16-1.42105E-15 8.88199E-17 2.66449E-16-1.77620E-16
 -1       202 1.47911E-31-1.77634E-16-3.55257E-16-4.88489E-16 4.44103E-17 4.44233E-17
 -1       203-7.10531E-16 1.18424E-21 1.77636E-16-3.55261E-16-3.10854E-16-4.44069E-16
 -1       204-5.32907E-21 3.55265E-16-7.10519E-16-1.77633E-16 2.66449E-16-4.88480E-16
 -1       205-1.81336E-21 8.88152E-17-2.66441E-16-1.77632E-16-8.88152E-17-4.66276E-16
 -1       206 1.70234E-21-5.92119E-22 2.66453E-16 5.55339E-18-3.10855E-16-4.44073E-16
 -1       207 8.88164E-16 3.55263E-16-7.10521E-16-1.77635E-16 2.66449E-16-5.32886E-16
 -1       208 5.44000E-16 3.55264E-16-3.55260E-16 1.33224E-16 4.44103E-17 1.32893E-20
 -1       209 1.99837E-16-2.36848E-21 3.55269E-16 9.99172E-17-3.10854E-16 1.88747E-16
 -1       210-2.13157E-15 8.86722E-21-5.33518E-16-4.26317E-15 3.19742E-15-3.19744E-15
 -1       211-2.13157E-15-5.68427E-15 4.54737E-14-3.55264E-15-1.42114E-15-2.84210E-15
 -1       212-2.13157E-15 8.86722E-21-6.15418E-19-2.13158E-15 6.39479E-15-1.77624E-15
 -1       213-3.55266E-15-1.89478E-20 7.81551E-15-7.10532E-15-4.88386E-16-1.20790E-14
 -1       214-2.84212E-15 2.84212E-15 2.59342E-14-1.95394E-15 6.39486E-15 3.55303E-16
 -1       215-2.13158E-15-1.89478E-20 7.10493E-15 1.77637E-15 4.10853E-16 1.10355E-14
 -1       216 1.42106E-15-4.67628E-20-5.15160E-15-1.42104E-15-4.17423E-15-6.48345E-15
 -1       217-1.42106E-15 1.13685E-14-1.06582E-14-3.55233E-16 2.84229E-15-4.42972E-15
 -1       218-4.26319E-15-4.67628E-20 8.03764E-15-2.84210E-15-5.57313E-15 1.17669E-15
 -1       219-2.84209E-15 3.91090E-20-5.33518E-16 8.33808E-20 7.37178E-15 1.98062E-14
 -1       220-2.13155E-15 2.84216E-15 4.54737E-14 8.88220E-16-1.11910E-14-2.70888E-15
 -1       221-1.42102E-15 3.91090E-20-6.15418E-19 2.22241E-17 9.94744E-15-2.45134E-14
 -1       222 1.77636E-15-2.90284E-20 7.81551E-15 1.42112E-15-1.64306E-15-3.01968E-15
 -1       223 7.32772E-16-1.89478E-20 2.59342E-14-3.55223E-16-7.63822E-15 1.77675E-16
 -1       224-3.10815E-16-2.90284E-20 7.10493E-15-2.13157E-15 2.42029E-15 1.62090E-15
 -1       225 1.42108E-15-9.71658E-20-5.15160E-15 4.83554E-20-1.06579E-14-9.23674E-15
 -1       226 2.13163E-15-2.84220E-15-1.06582E-14-1.59867E-15-1.54540E-14-1.13239E-15
 -1       227 2.84218E-15-9.71658E-20 8.03764E-15-1.44326E-15-5.10690E-15 1.05246E-14
 -1       251 5.75535E-14-1.42116E-15 7.23887E-14-1.42106E-15 1.05691E-14 8.48209E-15
 -1       253-8.88173E-14-1.42109E-15 1.35449E-13-2.13156E-15 1.11021E-14-1.98505E-14
 -1       254 1.09256E-13-2.13172E-15-3.30396E-13-8.94823E-15-1.41221E-14 2.50077E-14
 -1       256 1.68973E-14 1.63422E-14-2.94869E-13 5.79545E-15-3.46391E-15-1.22177E-14
 -1       257-4.30102E-14 3.26844E-14-5.72419E-13-2.78440E-14 2.32697E-14-1.04317E-15
 -1       259-8.13570E-14 1.35000E-14-5.64426E-13 1.65535E-14 8.68627E-14-4.71613E-14
 -1       260 7.21196E-14 8.17117E-15-8.65842E-15-7.46057E-15 5.29565E-15 1.22569E-14
 -1       262-6.85670E-14 8.17123E-15 4.95169E-14 1.06593E-15-4.76278E-15-3.73012E-15
 -1       263 7.02599E-14 2.30915E-15-1.85279E-13-1.15129E-14-4.66383E-16-3.02947E-14
 -1       265-2.21503E-15 1.86515E-14-1.55775E-13 7.31642E-15 1.56539E-14-2.08635E-14
 -1       266-5.91636E-14 2.27370E-14 2.26956E-13-1.34336E-14-3.87020E-14-1.31614E-14
 -1       268-6.34269E-14 3.30398E-14 2.27789E-13 1.21403E-14-1.95619E-14 2.16881E-14
 -1       269 5.40010E-14-1.49213E-14-1.01695E-13-1.27895E-14-1.04364E-15-3.99893E-14
 -1       271-4.54745E-14-1.49212E-14-4.84046E-14 2.84235E-15-2.16935E-14-1.68526E-14
 -1       272 3.97901E-14-3.65928E-14 2.15629E-13-2.30924E-14-1.07911E-14-7.02753E-15
 -1       274-1.27898E-14-2.23820E-14 2.39110E-13 1.45660E-14 1.07914E-14 9.86994E-15
 -1       275-2.55795E-14-4.12114E-14 2.30533E-13-1.77635E-14 2.11830E-14 1.03028E-14
 -1       277-3.12638E-14-1.42133E-15 2.24205E-13 2.06055E-14-4.12979E-15 2.09610E-14
 -1       278 3.97909E-14-1.05583E-14 1.14573E-13 3.05539E-14-3.53029E-15 1.71868E-14
 -1       279 4.72511E-14-4.03569E-15 1.14578E-13 1.24342E-14-9.23698E-15-5.17723E-19
 -1       280 4.29883E-14 2.48689E-15 1.14572E-13 1.42129E-15-1.49436E-14-4.56079E-14
 -1       281 1.98956E-14 1.27899E-14 7.38970E-13 1.57209E-14-1.12265E-13 1.08870E-13
 -1       282-2.20272E-14 8.52649E-15 1.70530E-13-7.37203E-15-4.26343E-14 2.18486E-14
 -1       283-5.68435E-14 1.71376E-19-3.97913E-13-3.78365E-14 4.97395E-14-8.79067E-14
 -1       284 3.41061E-14-4.33433E-14 1.36425E-12-6.39494E-15 2.06061E-13-2.88481E-13
 -1       285 2.48652E-15-9.23734E-15 4.54747E-13 2.70009E-14-1.66271E-13-6.39506E-14
 -1       286-3.19728E-15 6.82126E-14-4.54748E-13 1.70530E-14-3.51008E-13 1.43531E-13
 -1       287 7.40743E-14 5.27909E-15 4.04083E-14 2.66457E-14 2.68675E-14 1.12643E-13
 -1       288 2.37366E-14-7.21920E-15 4.04139E-14-1.50995E-14 3.09083E-14 9.66341E-14
 -1       289-3.17525E-14-1.97177E-14 4.04108E-14-5.18695E-14 3.49498E-14 7.49403E-14
 -1       290-1.63424E-14-3.37482E-15 4.26327E-13-9.99181E-15 2.91330E-14-5.51002E-14
 -1       291-4.00242E-14-3.37507E-15 3.12642E-13-1.26346E-14 5.61320E-14-8.55330E-14
 -1       292-7.15204E-14-9.94771E-15 1.98952E-13-1.25232E-14 8.59772E-14-4.49089E-14
 -1       293 1.82976E-14 6.30610E-14-3.35378E-12 2.28262E-14 4.01472E-14 3.09088E-13
 -1       294 6.19944E-14-6.75909E-14-5.11593E-13 1.90514E-14-3.02006E-14 5.89739E-14
 -1       295 9.52138E-14-1.76215E-13 2.33059E-12 1.42110E-14-2.09599E-14-4.33424E-14
 -1       296 7.38965E-14-1.21461E-19-1.18128E-13-8.36665E-14-2.69338E-14-6.35107E-15
 -1       297 1.27901E-14 1.84743E-14-1.18125E-13-1.79417E-14-5.25806E-14 5.68440E-14
 -1       298-4.97386E-14 3.69484E-14-1.18128E-13 4.83175E-14-7.82262E-14 9.72996E-14
 -1       299-4.40533E-14-3.23305E-14 2.27376E-13 2.47804E-14-2.36250E-14-5.03374E-14
 -1       300-2.98434E-14-4.61868E-15-2.27372E-13-2.35372E-14-1.68761E-14-4.90280E-14
 -1       301-1.42062E-15 1.42112E-14-6.82129E-13-6.96332E-14-2.71775E-14 9.12695E-15
 -1       302 1.67690E-13 5.32939E-15-2.04638E-12 1.38379E-13 6.39547E-15 8.52791E-15
 -1       303-4.26476E-15 1.33050E-13 2.27379E-13 7.15874E-14 1.38555E-13-8.52806E-15
 -1       304-1.46371E-13 2.61481E-13 2.50112E-12 2.70009E-14 2.42297E-13 1.10847E-13
 -1       305 2.27371E-14 2.17216E-14 2.55799E-13 3.17078E-14-4.34100E-14 4.10780E-14
 -1       307-3.44618E-14-3.73029E-15-3.12639E-13-1.42724E-14 3.27516E-14-1.19466E-14
 -1       308-1.54547E-14 1.42109E-15 5.96860E-13-4.15860E-15-4.22791E-14 1.00947E-15
 -1       310-7.02223E-14-2.27376E-14-8.52668E-14-1.31230E-14 9.27253E-14-9.60468E-14
 -1       311 3.96129E-14-4.11051E-15 7.10561E-14 2.66421E-15-4.95164E-14 1.83242E-14
 -1       313-2.41585E-14-3.10860E-15-4.26305E-14-3.11756E-14 5.81736E-15 1.97897E-14
 -1       314 3.89020E-14 3.68937E-20 6.75036E-14 9.49080E-15 1.18615E-14 9.70269E-15
 -1       316-9.12644E-15 2.33162E-21 6.75048E-14-2.23381E-14 4.44495E-15-3.81260E-14
 -1       317 3.41059E-14-1.26568E-14 3.97907E-13-5.24020E-15-5.96886E-14-2.96666E-14
 -1       319-2.48719E-15 3.97905E-14-1.08004E-12-3.89023E-14-1.63429E-13 1.11902E-14
 -1       320 9.76965E-15-2.13190E-15-1.08003E-12 7.68283E-15 1.71594E-13 5.32896E-14
 -1       322 4.86722E-14 2.27373E-14 8.52656E-13 3.41063E-14-1.34651E-13 8.31330E-14
 -1       323-9.77086E-15 2.53133E-14-1.17951E-12 7.10445E-16-2.94677E-14 5.94184E-14
 -1       325-1.56327E-14-9.52135E-14 1.54899E-12 1.33221E-15 2.95077E-14-1.26923E-13
 -1       326-5.00942E-14-1.45663E-14 2.27380E-13 1.50544E-14 3.01867E-15-7.61291E-14
 -1       328-3.86031E-14 1.98954E-14-3.41063E-13-6.66140E-14 4.08454E-15-6.42051E-14
 -1       329 7.38970E-14-4.68960E-14 3.41064E-13-2.65571E-14 1.70305E-14 3.45951E-14
 -1       331-5.25801E-14 5.40016E-14-1.13686E-13-3.66958E-15 3.44832E-14 1.65649E-14
 -1       332 5.41794E-14 2.62171E-20 4.97394E-14-4.44132E-15-1.51662E-14-5.30672E-15
 -1       334-3.43502E-14 1.45741E-19 4.97405E-14 3.19717E-15-3.10201E-14 8.85994E-15
 -1       335 7.30073E-14 4.61855E-14-3.06956E-12 7.74491E-14-1.81324E-13 1.28252E-13
 -1       337-3.62395E-14-3.41064E-14 2.04638E-12-3.26853E-14-9.67692E-14-2.38052E-14
 -1       338 2.84078E-15-2.51804E-14-3.41056E-13 5.72877E-14-3.35749E-14 8.31323E-14
 -1       340-4.68975E-14 1.27898E-13 1.47794E-12-7.10866E-16 1.11021E-13 2.63612E-13
 -1       341 0.00000E+00 8.82683E-16 9.25186E-18 1.06311E-16-2.36761E-15-7.31529E-17
 -1       343 0.00000E+00-8.82683E-16 9.25186E-18 7.87267E-17-2.36934E-15-7.48769E-17
 -1       344 0.00000E+00-8.82683E-16 9.25186E-18 7.87267E-17-2.36934E-15-7.48769E-17
 -1       346 0.00000E+00 8.82683E-16 9.25186E-18 1.06311E-16-2.36761E-15-7.31529E-17
 -1       347 0.00000E+00 8.82683E-16 9.25186E-18 1.06311E-16-2.36761E-15-7.31529E-17
 -1       349 0.00000E+00-8.82683E-16 9.25186E-18 7.87267E-17-2.36934E-15-7.48769E-17
 -1       350-5.62511E-15 1.41664E-14 7.96401E-14 2.21452E-14-3.33301E-14-1.93671E-15
 -1       351-1.48025E-16-2.33883E-15 7.96401E-14 5.32937E-16-1.05151E-14-8.63496E-16
 -1       352 5.32906E-15-1.88441E-14 7.96401E-14-2.10793E-14 1.22999E-14 2.09716E-16
 -1       353 5.62512E-15-2.37291E-14 2.81255E-14-1.41220E-14-9.27529E-15-2.23276E-15
 -1       354 1.48036E-16-6.03959E-15 2.81255E-14-1.76154E-15-7.99854E-15-2.71374E-16
 -1       355-5.32905E-15 1.16499E-14 2.81255E-14 1.05989E-14-6.72179E-15 1.69001E-15
 -1       356-2.36847E-15-4.78131E-15 2.93689E-13-8.64492E-15 5.45255E-14 4.35453E-15
 -1       357-1.18424E-15-2.33883E-15-4.73701E-14-4.87018E-15 1.93871E-14-1.89971E-15
 -1       358-4.08086E-21 1.03654E-16-3.88429E-13-1.09543E-15-1.57513E-14-8.15394E-15
 -1       359 5.92119E-21-4.78133E-15 5.38828E-14 4.01161E-15-2.13027E-14-2.08473E-15
 -1       361 5.92119E-21-3.59709E-15 5.38828E-14-5.24021E-15 2.78908E-15 9.49865E-16
 -1       362 1.62832E-15-1.42552E-14 1.60907E-13-1.13834E-14 2.26251E-14 1.06088E-15
 -1       364-2.66452E-15 5.87678E-15-1.80152E-13 4.75174E-15-1.12366E-14-3.23197E-15
 -1       365-3.99679E-15 4.69256E-15 1.86665E-13 6.75014E-15 1.05977E-14 1.20891E-15
 -1       367 2.66453E-15-9.37022E-15-1.54395E-13-1.10874E-14-1.72570E-15-3.97211E-15
 -1       368 1.30634E+01-2.57407E+00-4.97623E+00 3.49338E+00-1.21933E+01-2.98905E+00
 -1       369-1.47457E+02 4.67937E+01 4.60868E+01 2.28149E+00-2.61181E+00-1.81876E+00
 -1       370-1.28287E+01 2.69944E+01 5.05663E+00 3.53261E+00 2.29234E-01-2.96490E+00
 -1       371 1.47763E+02-2.23733E+01-4.60064E+01 7.35731E+00-9.35229E+00-1.84294E+00
 -1       376 1.03705E+01-2.96067E+00-3.55668E+00 3.55594E+00-3.31700E-01-3.15273E+00
 -1       377-1.18349E+02 3.60279E+01 3.60451E+01 2.16034E+00-7.17109E-01-1.63043E+00
 -1       378-1.04852E+01 3.16464E+00 3.53506E+00 3.55526E+00 1.68603E-01-3.16635E+00
 -1       379 1.18285E+02-3.58240E+01-3.60667E+01 4.67796E+00 5.54012E-01-1.61684E+00
 -1       384 5.64340E+00-1.56520E+00-1.72787E+00 3.17360E+00 1.22564E-01-2.89948E+00
 -1       385-6.34805E+01 1.85804E+01 1.86169E+01 1.81526E+00 8.91776E-01-1.27308E+00
 -1       386-5.62530E+00 1.51018E+00 1.73364E+00 3.16900E+00-8.25988E-02-2.91271E+00
 -1       387 6.35048E+01-1.86354E+01-1.86111E+01 1.81069E+00-8.51810E-01-1.25987E+00
 -1       392 1.96637E+00-2.89373E-01-7.72597E-01 1.97833E+00 1.16135E-01-1.80070E+00
 -1       393-2.22444E+01 6.00176E+00 6.03659E+00 1.18940E+00 1.39722E+00-8.57705E-01
 -1       394-1.96997E+00 3.05067E-01 7.70921E-01 1.98546E+00-1.26004E-01-1.79789E+00
 -1       395 2.22361E+01-5.98606E+00-6.03826E+00 1.19657E+00-1.40709E+00-8.60552E-01
 -1       400 5.76460E-01 1.91708E-01-3.92832E-01 2.74796E-01 1.60091E-01-3.05983E-01
 -1       401-6.51485E+00 1.09233E+00 1.14845E+00-1.65695E-01 1.77575E+00 2.16427E-01
 -1       402-5.78049E-01-1.99561E-01 3.93664E-01 2.72567E-01-1.55647E-01-3.10374E-01
 -1       403 6.52246E+00-1.10019E+00-1.14762E+00-1.67895E-01-1.77130E+00 2.20789E-01
 -1       408-2.17605E-13-1.81182E-13 4.84034E-14-5.03357E-14-2.80939E-14 6.03895E-15
 -1       409-7.94036E-14 1.03040E-13-4.66312E-14 1.25485E-14 1.07634E-14-3.54710E-14
 -1       410 2.21653E-13-1.03475E-13-4.66326E-14-5.85670E-14-3.67540E-14-5.72380E-14
 -1       411 4.26329E-14-1.03454E-13 4.84025E-14-2.89833E-14 6.64951E-14-1.06148E-14
 -1       412-1.51346E-13-3.90881E-14 8.92411E-16-1.20507E-13 9.11187E-15-1.23315E-14
 -1       413 5.90515E-14 3.52913E-14-4.66265E-14-6.13114E-14-1.29834E-14-5.31028E-14
 -1       414 1.46360E-13-1.03481E-13 8.91280E-16-5.51499E-14 3.26476E-14-4.54126E-15
 -1       415-8.46439E-14-1.06810E-13 4.84084E-14-2.60920E-14 1.92125E-14-1.08125E-14
 -1       416-1.65380E-13-2.07481E-12-1.70528E-13-1.70785E-14 2.22728E-15 4.41441E-14
 -1       417-4.35210E-14 2.27374E-12-1.53652E-13 3.88285E-15-4.81389E-13-1.40636E-14
 -1       418 1.61992E-13 1.19893E-13 1.16355E-13-9.78048E-14 1.20356E-13 4.75064E-14
 -1       419 4.26328E-14-3.34850E-13 1.70534E-13 1.08502E-13 2.48697E-13 1.30132E-14
 -1       424-1.07737E-13-4.32010E-12-3.19750E-13-9.83994E-14 1.04805E-13-7.80274E-14
 -1       425-7.41633E-14 4.09273E-12-4.47642E-13-3.49810E-14-8.11782E-13-1.76749E-13
 -1       426 9.68181E-14 1.70560E-13 9.23620E-14-2.89393E-13 3.10859E-13 1.56431E-16
 -1       427 2.84221E-15-7.38978E-13 3.62382E-13-2.27107E-13 3.74821E-13-7.84488E-14
 -1       428-8.76636E-14-1.13696E-13-1.13680E-13 4.02453E-14 1.15459E-13-1.41510E-13
 -1       429 1.81697E-14 1.64847E-12-1.77634E-13-1.93719E-13-2.41587E-13-7.26639E-14
 -1       430 3.25139E-14-2.84216E-13 4.97388E-13-4.29624E-13 8.11787E-13 7.33198E-16
 -1       431-4.46310E-14-3.01271E-12 2.13223E-14-3.61040E-13 2.48688E-13-1.30818E-13
 -1       432-2.27372E-14 2.21694E-12-2.50112E-12-5.66647E-14-4.59812E-12 3.12284E-13
 -1       433 2.13166E-14-1.98953E-12 3.76602E-13-9.39663E-14 5.73753E-13 1.09601E-13
 -1       434 3.80143E-14 6.62760E-12-6.03961E-13 1.07115E-13 1.61621E-13 5.95084E-14
 -1       435-1.98952E-14-7.53707E-12 2.04638E-12 6.06091E-13 3.46476E-12-7.35423E-14
 -1       440 5.68439E-14 8.29919E-12-6.19596E-12 1.82253E-13-6.89494E-12 7.19428E-13
 -1       441 1.83321E-13-8.52653E-12 1.19372E-12-4.01487E-14 1.47794E-12 1.91493E-13
 -1       442-1.52771E-14 6.85495E-12-1.30740E-12 4.93472E-13 2.84232E-13-1.17595E-13
 -1       443-2.84287E-15-2.05648E-11 2.21691E-12 1.74988E-12 9.71399E-12-9.69900E-14
 -1       444 1.29497E-13-1.13670E-13-1.42108E-12 3.86537E-13-5.47387E-12 2.36522E-13
 -1       445 1.09780E-13 2.53484E-12-5.68351E-14 2.71606E-13 1.56318E-12 7.49614E-14
 -1       446-5.79096E-14-6.85493E-12 1.53479E-12 7.90303E-13 2.23374E-12-2.45229E-13
 -1       447 3.97908E-14-2.76219E-12-1.98952E-12 6.25633E-13 2.09162E-12 2.14584E-13
 -1       448 9.63612E-17-9.02718E-16-1.53760E-14 2.03685E-15-1.23929E-14 1.49882E-14
 -1       449-6.89259E-15 4.12155E-15 2.31850E-15 4.91991E-16-1.07465E-14-7.99302E-15
 -1       450-4.16320E-15 6.83417E-15 8.64228E-15 1.30909E-15 8.36908E-15 6.94103E-16
 -1       451 4.96130E-16 1.80991E-15-1.18477E-14 4.08182E-15 8.19605E-15 2.11127E-14
 -1       457 6.02279E-16 4.71009E-16-8.41717E-16 2.59656E-15 1.60110E-15-1.64560E-15
 -1       458 7.47905E-16 4.71009E-16-1.42818E-16 1.78720E-16 1.09762E-15-2.02415E-15
 -1       459 9.30550E-16 5.27278E-15-2.58893E-15 2.33306E-16 1.03209E-15 8.47519E-16
 -1       460-8.86823E-17 5.27278E-15-2.58894E-15 2.28096E-15 1.97980E-15 1.45903E-15
 -1       466 2.19315E-14 1.25607E-15-3.27650E-14-1.66290E-14-1.29535E-14 8.74455E-15
 -1       467-4.96367E-16 6.28034E-15-2.20482E-15-1.00365E-14-1.80881E-14-1.55232E-14
 -1       468 2.23302E-15-1.21919E-14 4.11896E-15 8.29052E-16 1.10759E-14-6.83607E-15
 -1       469 2.23312E-14-1.72162E-14-2.92368E-14-4.53557E-15 1.76840E-14 1.48691E-14
 -1       475-7.44803E-15-4.71063E-16-3.98281E-15 1.04183E-15 9.72517E-16-4.98977E-15
 -1       476-1.51282E-15-4.71063E-16-6.74763E-17 1.07733E-15 2.51350E-15-1.02614E-15
 -1       477-1.33018E-15-2.05638E-15-2.51359E-15-2.63625E-15-6.41428E-17 1.84552E-15
 -1       478-8.13899E-15-2.05638E-15-5.73004E-15-3.04195E-15-1.16089E-15-1.88515E-15
 -3
    1PSTEP                        22           1           2          
    1PGM                1.000000E+00                                  
    1PGK                2.788838E+09                                  
    1PHID                         -1                                  
    1PSUBC                         0                                  
    1PMODE                         4                                  
  100CL  105 8404.885118         328                     2    5MODAL      1
 -4  ERROR       1    1
 -5  STR(%)      1    1    0    0
 -1         1 3.58744E+01
 -1         2 7.50615E+01
 -1         3 7.50615E+01
 -1         4 3.87250E+01
 -1         5 9.00330E+01
 -1         6 9.00330E+01
 -1         7 3.87250E+01
 -1         8 9.00330E+01
 -1         9 9.00330E+01
 -1        10 4.40326E+01
 -1        11 7.50615E+01
 -1        12 7.50615E+01
 -1        13 4.40326E+01
 -1        14 9.00330E+01
 -1        15 9.00330E+01
 -1        16 3.87250E+01
 -1        17 9.00330E+01
 -1        18 9.00330E+01
 -1        19 4.40326E+01
 -1        20 5.32986E+01
 -1        21 5.32986E+01
 -1        22 4.40326E+01
 -1        23 6.84429E+01
 -1        24 6.84429E+01
 -1        25 3.33606E+01
 -1        26 6.84429E+01
 -1        27 6.84429E+01
 -1        30 9.76333E+01
 -1        31 9.76333E+01
 -1        32 9.76333E+01
 -1        33 9.76333E+01
 -1        34 1.30062E+02
 -1        35 1.30062E+02
 -1        36 1.30062E+02
 -1        37 1.30062E+02
 -1        38 9.76333E+01
 -1        39 9.76333E+01
 -1        40 9.76333E+01
 -1        41 9.76333E+01
 -1        42 1.30062E+02
 -1        43 1.30062E+02
 -1        44 1.30062E+02
 -1        45 1.30062E+02
 -1        46 1.13848E+02
 -1        47 1.13848E+02
 -1        48 1.13848E+02
 -1        49 1.13848E+02
 -1        50 1.30062E+02
 -1        51 1.30062E+02
 -1        52 1.30062E+02
 -1        53 1.30062E+02
 -1        54 1.30062E+02
 -1        55 1.30062E+02
 -1        56 1.30062E+02
 -1        57 1.30062E+02
 -1        58 1.30062E+02
 -1        59 1.30062E+02
 -1        60 1.30062E+02
 -1        61 1.30062E+02
 -1        63 0.00000E+00
 -1        64 0.00000E+00
 -1        65 0.00000E+00
 -1        66 0.00000E+00
 -1        67 3.54102E+01
 -1        68 3.54102E+01
 -1        69 3.54102E+01
 -1        70 3.54102E+01
 -1        71 3.54102E+01
 -1        72 3.54102E+01
 -1        73 3.54102E+01
 -1        74 3.54102E+01
 -1        75 3.54102E+01
 -1        76 3.54102E+01
 -1        77 0.00000E+00
 -1        78 0.00000E+00
 -1        79 0.00000E+00
 -1        80 0.00000E+00
 -1        81 0.00000E+00
 -1        82 0.00000E+00
 -1        83 5.56478E+01
 -1        84 5.56478E+01
 -1        85 5.56478E+01
 -1        86 5.56478E+01
 -1        87 5.56478E+01
 -1        88 5.56478E+01
 -1        89 5.56478E+01
 -1        90 5.56478E+01
 -1        91 5.56478E+01
 -1        92 5.56478E+01
 -1        93 5.56478E+01
 -1        94 5.56478E+01
 -1        95 5.56478E+01
 -1        96 5.56478E+01
 -1        97 5.56478E+01
 -1       151 0.00000E+00
 -1       152 0.00000E+00
 -1       154 0.00000E+00
 -1       155 0.00000E+00
 -1       156 8.35444E+01
 -1       157 8.35444E+01
 -1       158 7.25404E+01
 -1       159 8.35444E+01
 -1       160 8.35444E+01
 -1       161 7.98188E+01
 -1       162 5.54413E+01
 -1       163 7.98188E+01
 -1       164 7.98188E+01
 -1       165 8.35444E+01
 -1       166 8.35444E+01
 -1       167 7.25404E+01
 -1       168 8.35444E+01
 -1       169 8.35444E+01
 -1       170 7.98188E+01
 -1       171 5.54413E+01
 -1       172 7.98188E+01
 -1       173 7.98188E+01
 -1       174 1.30631E+02
 -1       175 1.30631E+02
 -1       176 8.21858E+01
 -1       177 1.30631E+02
 -1       178 1.30631E+02
 -1       179 8.21858E+01
 -1       180 7.87613E+01
 -1       181 7.87613E+01
 -1       182 6.11097E+01
 -1       183 1.30631E+02
 -1       184 1.30631E+02
 -1       185 8.21858E+01
 -1       186 1.30631E+02
 -1       187 1.30631E+02
 -1       188 8.21858E+01
 -1       189 7.87613E+01
 -1       190 7.87613E+01
 -1       191 6.11097E+01
 -1       192 6.34004E+01
 -1       193 8.74133E+01
 -1       194 8.74133E+01
 -1       195 1.47273E+02
 -1       196 1.47273E+02
 -1       197 9.99105E+01
 -1       198 1.47273E+02
 -1       199 1.47273E+02
 -1       200 9.99105E+01
 -1       201 6.34004E+01
 -1       202 8.74133E+01
 -1       203 8.74133E+01
 -1       204 1.47273E+02
 -1       205 1.47273E+02
 -1       206 9.99105E+01
 -1       207 1.47273E+02
 -1       208 1.47273E+02
 -1       209 9.99105E+01
 -1       210 5.92306E+01
 -1       211 5.92306E+01
 -1       212 5.80247E+01
 -1       213 8.29114E+01
 -1       214 8.29114E+01
 -1       215 7.53190E+01
 -1       216 8.29114E+01
 -1       217 8.29114E+01
 -1       218 7.53190E+01
 -1       219 5.92306E+01
 -1       220 5.92306E+01
 -1       221 5.80247E+01
 -1       222 8.29114E+01
 -1       223 8.29114E+01
 -1       224 7.53190E+01
 -1       225 8.29114E+01
 -1       226 8.29114E+01
 -1       227 7.53190E+01
 -1       251 1.36242E+02
 -1       253 1.36242E+02
 -1       254 1.36242E+02
 -1       256 1.36242E+02
 -1       257 1.10404E+02
 -1       259 1.10404E+02
 -1       260 2.43958E+02
 -1       262 2.43958E+02
 -1       263 2.43958E+02
 -1       265 2.43958E+02
 -1       266 1.10404E+02
 -1       268 1.10404E+02
 -1       269 2.43958E+02
 -1       271 2.43958E+02
 -1       272 2.43958E+02
 -1       274 2.43958E+02
 -1       275 1.07254E+02
 -1       277 1.07254E+02
 -1       278 4.06791E+01
 -1       279 4.06791E+01
 -1       280 4.06791E+01
 -1       281 4.24859E+01
 -1       282 4.24859E+01
 -1       283 4.24859E+01
 -1       284 4.24859E+01
 -1       285 4.24859E+01
 -1       286 4.24859E+01
 -1       287 4.14761E+01
 -1       288 4.14761E+01
 -1       289 4.14761E+01
 -1       290 4.48829E+01
 -1       291 4.48829E+01
 -1       292 4.48829E+01
 -1       293 4.48829E+01
 -1       294 4.48829E+01
 -1       295 4.48829E+01
 -1       296 4.14761E+01
 -1       297 4.14761E+01
 -1       298 4.14761E+01
 -1       299 4.48829E+01
 -1       300 4.48829E+01
 -1       301 4.48829E+01
 -1       302 4.48829E+01
 -1       303 4.48829E+01
 -1       304 4.48829E+01
 -1       305 4.15825E+01
 -1       307 4.15825E+01
 -1       308 4.36844E+01
 -1       310 4.36844E+01
 -1       311 4.31795E+01
 -1       313 4.31795E+01
 -1       314 4.10776E+01
 -1       316 4.10776E+01
 -1       317 4.24859E+01
 -1       319 4.24859E+01
 -1       320 4.36844E+01
 -1       322 4.36844E+01
 -1       323 4.48829E+01
 -1       325 4.48829E+01
 -1       326 4.48829E+01
 -1       328 4.48829E+01
 -1       329 4.31795E+01
 -1       331 4.31795E+01
 -1       332 4.14761E+01
 -1       334 4.14761E+01
 -1       335 4.48829E+01
 -1       337 4.48829E+01
 -1       338 4.48829E+01
 -1       340 4.48829E+01
 -1       341 0.00000E+00
 -1       343 0.00000E+00
 -1       344 0.00000E+00
 -1       346 0.00000E+00
 -1       347 0.00000E+00
 -1       349 0.00000E+00
 -1       350 8.40066E+01
 -1       351 8.40066E+01
 -1       352 8.40066E+01
 -1       353 8.40066E+01
 -1       354 8.40066E+01
 -1       355 8.40066E+01
 -1       356 8.40066E+01
 -1       357 8.40066E+01
 -1       358 8.40066E+01
 -1       359 8.40066E+01
 -1       361 8.40066E+01
 -1       362 8.40066E+01
 -1       364 8.40066E+01
 -1       365 8.40066E+01
 -1       367 8.40066E+01
 -1       368 1.22631E+02
 -1       369 1.22631E+02
 -1       370 1.22631E+02
 -1       371 1.22631E+02
 -1       376 1.25248E+02
 -1       377 1.25248E+02
 -1       378 1.25248E+02
 -1       379 1.25248E+02
 -1       384 1.26379E+02
 -1       385 1.26379E+02
 -1       386 1.26379E+02
 -1       387 1.26379E+02
 -1       392 1.26379E+02
 -1       393 1.26379E+02
 -1       394 1.26379E+02
 -1       395 1.26379E+02
 -1       400 1.14410E+02
 -1       401 1.14410E+02
 -1       402 1.14410E+02
 -1       403 1.14410E+02
 -1       408 4.14679E+01
 -1       409 4.14679E+01
 -1       410 4.14679E+01
 -1       411 4.14679E+01
 -1       412 4.14679E+01
 -1       413 4.14679E+01
 -1       414 4.14679E+01
 -1       415 4.14679E+01
 -1       416 4.14679E+01
 -1       417 4.14679E+01
 -1       418 4.14679E+01
 -1       419 4.14679E+01
 -1       424 4.14679E+01
 -1       425 4.14679E+01
 -1       426 4.14679E+01
 -1       427 4.14679E+01
 -1       428 4.14679E+01
 -1       429 4.14679E+01
 -1       430 4.14679E+01
 -1       431 4.14679E+01
 -1       432 3.89586E+01
 -1       433 3.89586E+01
 -1       434 3.89586E+01
 -1       435 3.89586E+01
 -1       440 3.64493E+01
 -1       441 3.64493E+01
 -1       442 3.64493E+01
 -1       443 3.64493E+01
 -1       444 3.64493E+01
 -1       445 3.64493E+01
 -1       446 3.64493E+01
 -1       447 3.64493E+01
 -1       448 1.40693E+02
 -1       449 1.40693E+02
 -1       450 1.40693E+02
 -1       451 1.40693E+02
 -1       457 1.32154E+02
 -1       458 1.32154E+02
 -1       459 1.32154E+02
 -1       460 1.32154E+02
 -1       466 1.40693E+02
 -1       467 1.40693E+02
 -1       468 1.40693E+02
 -1       469 1.40693E+02
 -1       475 1.32154E+02
 -1       476 1.32154E+02
 -1       477 1.32154E+02
 -1       478 1.32154E+02
 -3
    1PSTEP                        23           1           2          
    1PGM                1.000000E+00                                  
    1PGK                2.796392E+09                                  
    1PHID                         -1                                  
    1PSUBC                         0                                  
    1PMODE                         5                                  
  100CL  106 8416.259998         328                     2    6MODAL      1
 -4  DISP        4    1
 -5  D1          1    2    1    0
 -5  D2          1    2    2    0
 -5  D3          1    2    3    0
 -5  ALL         1    2    0    0    1ALL
 -1         1 0.00000E+00 0.00000E+00 0.00000E+00
 -1         2 1.06581E-14 4.44089E-15 1.50990E-14
 -1         3 2.30926E-14 0.00000E+00 0.00000E+00
 -1         4 0.00000E+00 0.00000E+00 0.00000E+00
 -1         5 2.13163E-14 5.77316E-15 1.50990E-14
 -1         6 2.30926E-14 0.00000E+00 0.00000E+00
 -1         7 0.00000E+00 0.00000E+00 0.00000E+00
 -1         8 0.00000E+00 5.88418E-15-2.22045E-16
 -1         9 2.30926E-14 0.00000E+00 0.00000E+00
 -1        10 0.00000E+00 0.00000E+00 0.00000E+00
 -1        11 1.59872E-14 2.66454E-15-3.44169E-15
 -1        12 2.30926E-14 0.00000E+00 0.00000E+00
 -1        13 0.00000E+00 0.00000E+00 0.00000E+00
 -1        14 1.77636E-14 1.42109E-14 2.66454E-15
 -1        15 2.30926E-14 0.00000E+00 0.00000E+00
 -1        16 0.00000E+00 0.00000E+00 0.00000E+00
 -1        17 6.21725E-15 1.77636E-14 1.66533E-16
 -1        18 2.30926E-14 0.00000E+00 0.00000E+00
 -1        19 0.00000E+00 0.00000E+00 0.00000E+00
 -1        20 9.76996E-15 1.33227E-15-5.77316E-15
 -1        21 2.30926E-14 0.00000E+00 0.00000E+00
 -1        22 0.00000E+00 0.00000E+00 0.00000E+00
 -1        23 5.32907E-15 4.88498E-15-1.24345E-14
 -1        24 2.30926E-14 0.00000E+00 0.00000E+00
 -1        25 0.00000E+00 0.00000E+00 0.00000E+00
 -1        26 1.95399E-14 1.53350E-15-2.88658E-15
 -1        27 2.30926E-14 0.00000E+00 0.00000E+00
 -1        30 0.00000E+00 0.00000E+00 0.00000E+00
 -1        31-2.06499E-13-1.68758E-14 5.55180E-14
 -1        32-2.37585E-13-1.68758E-14 5.10776E-14
 -1        33 0.00000E+00 0.00000E+00 0.00000E+00
 -1        34 0.00000E+00 0.00000E+00 0.00000E+00
 -1        35 3.33096E-14-1.24345E-14 5.55109E-14
 -1        36 2.22324E-15-1.24345E-14 5.10705E-14
 -1        37 0.00000E+00 0.00000E+00 0.00000E+00
 -1        38-9.23706E-14-5.24025E-14 3.55271E-14
 -1        39-2.22042E-13-1.68758E-14 5.32978E-14
 -1        40-1.06581E-13 3.55271E-14 7.10543E-15
 -1        41 0.00000E+00 0.00000E+00 0.00000E+00
 -1        42 2.66454E-14-8.88178E-15 5.68434E-14
 -1        43 1.77664E-14-1.24345E-14 5.32907E-14
 -1        44 1.06581E-14-2.84217E-14 5.68434E-14
 -1        45 0.00000E+00 0.00000E+00 0.00000E+00
 -1        46 0.00000E+00 0.00000E+00 0.00000E+00
 -1        47-8.65945E-14-1.46551E-14 5.55145E-14
 -1        48-1.17681E-13-1.46551E-14 5.10740E-14
 -1        49 0.00000E+00 0.00000E+00 0.00000E+00
 -1        50 0.00000E+00 0.00000E+00 0.00000E+00
 -1        51 2.73118E-13-7.99312E-15 5.55039E-14
 -1        52 2.42031E-13-7.99312E-15 5.10634E-14
 -1        53 0.00000E+00 0.00000E+00 0.00000E+00
 -1        54 1.13687E-13 2.48690E-14 1.06581E-14
 -1        55 2.57575E-13-7.99312E-15 5.32836E-14
 -1        56 9.94760E-14-3.55271E-14-1.42109E-14
 -1        57 0.00000E+00 0.00000E+00 0.00000E+00
 -1        58 0.00000E+00 0.00000E+00 0.00000E+00
 -1        59 1.53214E-13-1.02138E-14 5.55074E-14
 -1        60 1.22127E-13-1.02138E-14 5.10670E-14
 -1        61 0.00000E+00 0.00000E+00 0.00000E+00
 -1        63 0.00000E+00 0.00000E+00 0.00000E+00
 -1        64 0.00000E+00 0.00000E+00 0.00000E+00
 -1        65 0.00000E+00 0.00000E+00 0.00000E+00
 -1        66 8.43769E-15 4.32987E-15 2.66454E-15
 -1        67 0.00000E+00 0.00000E+00 0.00000E+00
 -1        68 0.00000E+00 0.00000E+00 0.00000E+00
 -1        69 0.00000E+00 0.00000E+00 0.00000E+00
 -1        70-6.03961E-14 3.01981E-14 2.66454E-15
 -1        71 0.00000E+00 0.00000E+00 0.00000E+00
 -1        72 0.00000E+00 0.00000E+00 0.00000E+00
 -1        73 0.00000E+00 0.00000E+00 0.00000E+00
 -1        74-2.48690E-14 1.42109E-14 1.65146E-15
 -1        75-2.48690E-14 6.43929E-15 1.28786E-14
 -1        76-1.42109E-14 1.42109E-14-2.88658E-15
 -1        77 0.00000E+00 0.00000E+00 0.00000E+00
 -1        78 0.00000E+00 0.00000E+00 0.00000E+00
 -1        79 0.00000E+00 0.00000E+00 0.00000E+00
 -1        80-4.36357E-02 4.36357E-02 0.00000E+00
 -1        81-4.36357E-02-8.72714E-02 1.77636E-15
 -1        82 8.72714E-02 4.36357E-02-1.77636E-15
 -1        83 0.00000E+00 0.00000E+00 0.00000E+00
 -1        84 0.00000E+00 0.00000E+00 0.00000E+00
 -1        85 0.00000E+00 0.00000E+00 0.00000E+00
 -1        86-1.22125E-15-9.99201E-15 1.58762E-14
 -1        87 5.21805E-15 3.10862E-14-3.19744E-14
 -1        88 3.01981E-14 8.88178E-16-2.22045E-14
 -1        89 0.00000E+00 0.00000E+00 0.00000E+00
 -1        90 0.00000E+00 0.00000E+00 0.00000E+00
 -1        91 0.00000E+00 0.00000E+00 0.00000E+00
 -1        92-5.77316E-15-5.10703E-15-7.10543E-15
 -1        93-1.68754E-14-8.88178E-15-4.26326E-14
 -1        94-1.15463E-14-7.99361E-15-2.55351E-15
 -1        95-4.44089E-14-2.84217E-14-2.30926E-14
 -1        96-3.55271E-14-1.86517E-14-3.55271E-15
 -1        97-2.13163E-14-1.42109E-14-1.02141E-14
 -1       151 0.00000E+00 0.00000E+00 0.00000E+00
 -1       152 3.70826E-20 0.00000E+00 0.00000E+00
 -1       154 0.00000E+00 0.00000E+00 0.00000E+00
 -1       155 0.00000E+00 0.00000E+00 0.00000E+00
 -1       156 0.00000E+00 0.00000E+00 0.00000E+00
 -1       157 0.00000E+00 0.00000E+00 0.00000E+00
 -1       158 0.00000E+00 0.00000E+00 0.00000E+00
 -1       159 0.00000E+00 0.00000E+00 0.00000E+00
 -1       160 0.00000E+00 0.00000E+00 0.00000E+00
 -1       161 0.00000E+00 0.00000E+00 0.00000E+00
 -1       162 0.00000E+00 0.00000E+00 0.00000E+00
 -1       163 0.00000E+00 0.00000E+00 0.00000E+00
 -1       164 0.00000E+00 0.00000E+00 0.00000E+00
 -1       165-2.66454E-14-1.77636E-14-1.02141E-14
 -1       166-3.19744E-14 1.99840E-15-1.33227E-14
 -1       167-2.84217E-14 4.44089E-15-1.28786E-14
 -1       168-2.84217E-14-1.05471E-14-1.24345E-14
 -1       169-3.73035E-14 1.42109E-14 2.22045E-16
 -1       170-2.48690E-14 1.59872E-14-1.99840E-15
 -1       171-1.95399E-14-3.55271E-15-5.77316E-15
 -1       172-2.30926E-14 1.28786E-14 1.11022E-14
 -1       173-3.73035E-14 2.44249E-15 3.01981E-14
 -1       174-2.66454E-14-1.77636E-14-1.02141E-14
 -1       175-3.19744E-14 1.99840E-15-1.33227E-14
 -1       176-2.84217E-14 4.44089E-15-1.28786E-14
 -1       177-2.84217E-14-1.05471E-14-1.24345E-14
 -1       178-3.73035E-14 1.42109E-14 2.22045E-16
 -1       179-2.48690E-14 1.59872E-14-1.99840E-15
 -1       180-1.95399E-14-3.55271E-15-5.77316E-15
 -1       181-2.30926E-14 1.28786E-14 1.11022E-14
 -1       182-3.73035E-14 2.44249E-15 3.01981E-14
 -1       183-3.19744E-14 1.50990E-14 1.77636E-15
 -1       184-3.19744E-14 1.24345E-14-1.42109E-14
 -1       185-3.01981E-14-6.21725E-15-2.84217E-14
 -1       186-5.68434E-14 1.11022E-14-2.22045E-14
 -1       187-4.61853E-14 1.28786E-14-9.76996E-15
 -1       188-4.26326E-14-1.68754E-14 3.10862E-15
 -1       189-6.03961E-14-6.66134E-16-7.54952E-15
 -1       190-4.61853E-14 4.77396E-15 1.50990E-14
 -1       191-3.37508E-14-2.48690E-14 4.26326E-14
 -1       192 0.00000E+00 0.00000E+00 0.00000E+00
 -1       193 0.00000E+00 0.00000E+00 0.00000E+00
 -1       194 0.00000E+00 0.00000E+00 0.00000E+00
 -1       195 0.00000E+00 0.00000E+00 0.00000E+00
 -1       196 0.00000E+00 0.00000E+00 0.00000E+00
 -1       197 0.00000E+00 0.00000E+00 0.00000E+00
 -1       198 0.00000E+00 0.00000E+00 0.00000E+00
 -1       199 0.00000E+00 0.00000E+00 0.00000E+00
 -1       200 0.00000E+00 0.00000E+00 0.00000E+00
 -1       201 1.86517E-14 1.55431E-15 2.04281E-14
 -1       202 5.32907E-15 1.37668E-14 7.54952E-15
 -1       203 1.24345E-14 1.42109E-14 3.33067E-16
 -1       204 1.68754E-14-8.43769E-15 1.37668E-14
 -1       205 1.24345E-14 5.55112E-16 3.88578E-15
 -1       206 1.59872E-14 1.11022E-14 1.22125E-15
 -1       207 1.68754E-14-4.21885E-15 1.68754E-14
 -1       208 1.11022E-15-7.54952E-15 1.28786E-14
 -1       209-5.66214E-15 1.24345E-14-4.88498E-15
 -1       210 0.00000E+00 0.00000E+00 0.00000E+00
 -1       211-1.65423E-14-6.03961E-14 2.93099E-14
 -1       212-2.40918E-14-1.27898E-13 4.79616E-14
 -1       213 0.00000E+00 0.00000E+00-9.76996E-15
 -1       214 1.42109E-14-4.61853E-14 2.08722E-14
 -1       215 1.95399E-14-1.13687E-13 7.10543E-15
 -1       216 0.00000E+00 0.00000E+00 1.53211E-14
 -1       217 3.19744E-14-3.55271E-14 1.42109E-14
 -1       218 4.26326E-14-9.94760E-14 1.44329E-14
 -1       219 0.00000E+00 0.00000E+00 1.95399E-14
 -1       220-1.42109E-14-2.48690E-14-3.64153E-14
 -1       221-2.13163E-14-1.13687E-13 4.08562E-14
 -1       222 0.00000E+00 0.00000E+00-2.04281E-14
 -1       223 8.65974E-15-5.15143E-14-2.22045E-14
 -1       224 1.66533E-15-9.23706E-14-7.10543E-15
 -1       225 0.00000E+00 0.00000E+00 1.06581E-14
 -1       226 2.48690E-14-4.97380E-14 1.15463E-14
 -1       227 2.84217E-14-8.88178E-14-7.85483E-15
 -1       251 0.00000E+00 0.00000E+00 2.01228E-14
 -1       253 0.00000E+00-0.00000E+00-2.01228E-14
 -1       254-2.84217E-13 8.88178E-15-1.25056E-12
 -1       256 1.98952E-13-7.10543E-15-1.25056E-12
 -1       257-3.41061E-13 5.50671E-14-3.63798E-12
 -1       259 1.70530E-13-7.10543E-14-3.63798E-12
 -1       260 0.00000E+00 0.00000E+00-3.77476E-15
 -1       262 0.00000E+00-0.00000E+00 3.77476E-15
 -1       263-1.98952E-13 3.90799E-14-1.13687E-12
 -1       265 2.27374E-13-4.39648E-14-1.13687E-12
 -1       266-2.27374E-13 3.73035E-14-3.18323E-12
 -1       268 1.98952E-13-1.27898E-13-2.72848E-12
 -1       269 0.00000E+00 0.00000E+00 1.11022E-16
 -1       271 0.00000E+00-0.00000E+00-1.11022E-16
 -1       272-1.13687E-13 2.48690E-14-5.68434E-13
 -1       274 1.42109E-13-6.92779E-14-5.68434E-13
 -1       275-1.13687E-13 3.19744E-14-2.27374E-12
 -1       277 1.70530E-13-2.13163E-13-1.81899E-12
 -1       278 0.00000E+00 0.00000E+00 7.43849E-15
 -1       279 0.00000E+00 0.00000E+00 0.00000E+00
 -1       280 0.00000E+00-0.00000E+00-7.43849E-15
 -1       281-2.14939E-13-9.23706E-14-2.55795E-13
 -1       282-1.65201E-13-1.22569E-13-3.69482E-13
 -1       283-4.26326E-14-8.83738E-14-3.69482E-13
 -1       284-4.22773E-13-3.69482E-13-1.87583E-12
 -1       285-9.94760E-14-3.69482E-13-1.96110E-12
 -1       286 7.72715E-14-2.18048E-13-2.16005E-12
 -1       287 0.00000E+00 0.00000E+00 6.60583E-15
 -1       288 0.00000E+00 0.00000E+00 0.00000E+00
 -1       289 0.00000E+00-0.00000E+00-6.60583E-15
 -1       290-1.26565E-13-1.06581E-13-5.43565E-13
 -1       291-1.86517E-14-1.06581E-13-6.39488E-13
 -1       292 9.76996E-14-9.01501E-14-6.99885E-13
 -1       293-1.62537E-13-3.19744E-13-2.32347E-12
 -1       294 6.21725E-15-3.16192E-13-1.90425E-12
 -1       295 1.91847E-13-3.17746E-13-2.09610E-12
 -1       296 0.00000E+00 0.00000E+00-1.22125E-14
 -1       297 0.00000E+00 0.00000E+00 0.00000E+00
 -1       298 0.00000E+00-0.00000E+00 1.22125E-14
 -1       299-3.55271E-15-7.10543E-14-5.11591E-13
 -1       300 6.75016E-14-1.36779E-13-6.18172E-13
 -1       301 2.16716E-13-1.50990E-13-5.40012E-13
 -1       302-9.59233E-14-2.91323E-13-2.33058E-12
 -1       303 1.84741E-13-2.55795E-13-2.33058E-12
 -1       304 3.69482E-13-2.88658E-13-2.44427E-12
 -1       305-1.10134E-13-3.73035E-14-3.55271E-14
 -1       307-6.03961E-14-2.68674E-14 1.42109E-14
 -1       308-1.70530E-13-1.52767E-13-3.83693E-13
 -1       310 7.63833E-14-3.53051E-14-4.12115E-13
 -1       311-7.70495E-14-6.12843E-14-1.98952E-13
 -1       313 3.80529E-14-9.76996E-15-2.16716E-13
 -1       314-7.14984E-14 2.22045E-16 1.42109E-14
 -1       316-7.46070E-14-2.55351E-15-8.88178E-15
 -1       317-4.05009E-13-2.13163E-13-8.24230E-13
 -1       319 2.84217E-14-1.07914E-13-8.81073E-13
 -1       320-2.64677E-13-3.62377E-13-2.14584E-12
 -1       322 1.51879E-13-2.19824E-13-2.08900E-12
 -1       323-1.26343E-13-2.20268E-13-1.20082E-12
 -1       325 2.11386E-13-1.30784E-13-1.24700E-12
 -1       326-9.85878E-14-7.81597E-14-6.21725E-13
 -1       328 1.77636E-13-1.04805E-13-6.75016E-13
 -1       329-2.42029E-14-1.06581E-14-9.41469E-14
 -1       331 1.04805E-13-9.59233E-14-1.50102E-13
 -1       332-1.59872E-14-5.32907E-15 1.06581E-14
 -1       334 2.35367E-14 6.21725E-15-1.24345E-14
 -1       335-9.68114E-14-3.62377E-13-2.35900E-12
 -1       337 3.09086E-13-1.46105E-13-2.18847E-12
 -1       338 5.32907E-15-1.49214E-13-1.19371E-12
 -1       340 2.77112E-13-2.04281E-13-1.36424E-12
 -1       341 0.00000E+00 0.00000E+00 8.67362E-17
 -1       343 0.00000E+00-0.00000E+00-8.67362E-17
 -1       344 0.00000E+00 0.00000E+00 9.36751E-17
 -1       346 0.00000E+00-0.00000E+00-9.36751E-17
 -1       347-4.21885E-15-8.88178E-15-4.97380E-14
 -1       349-2.88658E-15 8.88178E-15-3.55271E-14
 -1       350 0.00000E+00 0.00000E+00 1.92069E-14
 -1       351 0.00000E+00 0.00000E+00 0.00000E+00
 -1       352 0.00000E+00-0.00000E+00-1.92069E-14
 -1       353 0.00000E+00 0.00000E+00-3.33483E-14
 -1       354 0.00000E+00 0.00000E+00 0.00000E+00
 -1       355 0.00000E+00-0.00000E+00 3.33483E-14
 -1       356-5.32907E-15 6.57252E-14 1.30385E-12
 -1       357 1.24345E-14 2.13163E-14 2.62901E-13
 -1       358 2.84217E-14-5.50671E-14 6.57252E-13
 -1       359-1.32117E-14 8.88178E-14-9.32587E-15
 -1       361 1.09357E-14-2.13163E-14-6.66134E-15
 -1       362 2.66454E-14 4.97380E-14 1.59872E-13
 -1       364-3.55271E-15-3.73035E-14 2.91323E-13
 -1       365 1.86517E-14 4.52971E-14 8.70415E-14
 -1       367 6.21725E-15-2.66454E-14 9.41469E-14
 -1       368 9.90945E-02 7.99522E+00 1.09280E+01
 -1       369-9.90945E-02-1.66730E+01-1.09619E+01
 -1       370 1.97576E-01 8.67778E+00 1.04976E+01
 -1       371-4.66447E-16-1.82841E+01-1.04637E+01
 -1       376 3.69361E+02 4.38941E+02 5.25173E+02
 -1       377 3.24943E+01 4.19012E+02 5.07742E+02
 -1       378-3.69140E+02 4.39691E+02 5.24353E+02
 -1       379-3.22675E+01 4.19591E+02 5.08543E+02
 -1       384 5.92625E+02 1.54177E+03 1.84250E+03
 -1       385 5.23050E+01 1.53156E+03 1.83324E+03
 -1       386-5.92471E+02 1.54250E+03 1.84178E+03
 -1       387-5.21305E+01 1.53234E+03 1.83396E+03
 -1       392 6.87825E+02 3.00623E+03 3.59134E+03
 -1       393 6.07291E+01 3.00282E+03 3.58773E+03
 -1       394-6.87640E+02 3.00697E+03 3.59059E+03
 -1       395-6.05537E+01 3.00355E+03 3.58848E+03
 -1       400 7.04170E+02 4.59471E+03 5.48753E+03
 -1       401 6.21801E+01 4.59394E+03 5.48614E+03
 -1       402-7.03996E+02 4.59546E+03 5.48679E+03
 -1       403-6.19988E+01 4.59469E+03 5.48689E+03
 -1       408-2.30926E-14 1.22125E-15 2.57572E-14
 -1       409 2.30926E-14 1.26565E-14 7.10543E-15
 -1       410-4.60589E-14-1.38778E-14-4.26326E-14
 -1       411 8.09841E-25-4.32986E-14 9.76996E-15
 -1       412 0.00000E+00 2.85882E-14 1.64313E-14
 -1       413 1.15463E-14-6.10623E-16-1.77636E-14
 -1       414 0.00000E+00-2.85882E-14-1.64313E-14
 -1       415-1.15463E-14 6.10623E-16 1.77636E-14
 -1       416-4.12115E-13-5.11591E-13-5.82645E-13
 -1       417-2.84217E-14-5.11591E-13-5.96856E-13
 -1       418 3.41061E-13-4.54747E-13-5.82645E-13
 -1       419 0.00000E+00-4.54747E-13-5.68434E-13
 -1       424-6.67910E-13-2.04636E-12-1.36424E-12
 -1       425 1.13687E-13-2.04636E-12-1.81899E-12
 -1       426 6.25278E-13-1.81899E-12-2.16005E-12
 -1       427-1.70530E-13-2.04636E-12-1.70530E-12
 -1       428-2.55795E-13-1.59162E-12-2.10321E-12
 -1       429 3.69482E-13-1.81899E-12-1.53477E-12
 -1       430 3.05533E-13-2.04636E-12-1.47793E-12
 -1       431-4.54747E-13-2.04636E-12-2.10321E-12
 -1       432-9.09495E-13-4.54747E-12-3.41061E-12
 -1       433 1.13687E-13-4.09273E-12-3.29692E-12
 -1       434 7.38964E-13-4.09273E-12-3.41061E-12
 -1       435-1.70530E-13-4.09273E-12-3.97904E-12
 -1       440-1.08002E-12-6.82121E-12-6.82121E-13
 -1       441 0.00000E+00-6.36646E-12-5.68434E-12
 -1       442 8.24230E-13-6.82121E-12-5.45697E-12
 -1       443-2.84217E-13-7.49053E-12-5.45697E-12
 -1       444-5.25802E-13-7.27596E-12-4.77485E-12
 -1       445 3.97904E-13-6.82121E-12-4.54747E-12
 -1       446 1.98952E-13-6.82121E-12-5.00222E-12
 -1       447-7.10543E-13-6.82121E-12-4.77485E-12
 -1       448-3.90799E-14-1.12410E-15-3.19744E-14
 -1       449 1.13687E-13 1.99840E-15 9.23706E-14
 -1       450 1.77636E-14-8.74301E-16 3.19744E-14
 -1       451-9.23706E-14-4.10100E-14-9.23706E-14
 -1       457 1.06581E-14 4.66294E-15-2.48690E-14
 -1       458 1.95399E-14-3.77476E-15-2.13163E-14
 -1       459-1.06581E-14-8.88178E-16 1.95399E-14
 -1       460-1.95399E-14-9.59560E-15 2.66454E-14
 -1       466 2.13163E-14-8.21565E-15 1.09246E-13
 -1       467-1.35003E-13-3.33067E-15-6.75016E-14
 -1       468-6.03961E-14 1.15463E-14 8.88178E-16
 -1       469 3.90799E-14-3.01433E-14 1.42109E-13
 -1       475-5.86198E-14 2.69229E-15 7.63833E-14
 -1       476-5.32907E-14-2.88658E-15 7.46070E-14
 -1       477-1.24345E-14 1.94289E-16 1.95399E-14
 -1       478-1.06581E-14-5.39224E-15 1.42109E-14
 -3
    1PSTEP                        24           1           2          
    1PGM                1.000000E+00                                  
    1PGK                2.796392E+09                                  
    1PHID                         -1                                  
    1PSUBC                         0                                  
    1PMODE                         5                                  
  100CL  106 8416.259998         328                     2    6MODAL      1
 -4  STRESS      6    1
 -5  SXX         1    4    1    1
 -5  SYY         1    4    2    2
 -5  SZZ         1    4    3    3
 -5  SXY         1    4    1    2
 -5  SYZ         1    4    2    3
 -5  SZX         1    4    3    1
 -1         1 6.02564E-10 2.58239E-10 2.58251E-10 7.17316E-11-2.20825E-15 2.43902E-10
 -1         2 2.35818E-10-9.41628E-11-7.36198E-10 1.72167E-10-2.86961E-11 8.60840E-11
 -1         3 7.03012E-10 3.01289E-10 3.01301E-10-7.17345E-11-2.20825E-15-2.43902E-10
 -1         4 1.20516E-09 5.16495E-10 5.16503E-10 9.32548E-11-1.21478E-15 2.43902E-10
 -1         5 3.68979E-10 1.92712E-11-4.05763E-10-8.60830E-11 1.25531E-11-5.73897E-11
 -1         6 1.00417E-10 4.30347E-11 4.30430E-11-9.32520E-11-1.21478E-15-2.43903E-10
 -1         7-1.85183E-14-7.92270E-15-2.70713E-15 9.50499E-11-6.09326E-16-3.58898E-12
 -1         8 6.64892E-10 2.95458E-10 3.04428E-10-3.44333E-10-5.55963E-11 1.00431E-10
 -1         9 1.30559E-09 5.59540E-10 5.59545E-10-9.50415E-11-6.09326E-16 3.58882E-12
 -1        10 9.03862E-10 3.87368E-10 3.87378E-10 4.30384E-11 1.32578E-16-5.55953E-11
 -1        11 6.79688E-10 6.79696E-10-3.04897E-11 2.86942E-11 7.35301E-11-7.17277E-12
 -1        12 4.01713E-10 1.72161E-10 1.72171E-10-4.30398E-11 1.32578E-16 5.55980E-11
 -1        13 1.00430E-09 4.30412E-10 4.30419E-10 2.29555E-10 6.74089E-16 4.30417E-11
 -1        14 5.02140E-10 3.73023E-10-3.15644E-10-7.89099E-11 2.19698E-11-1.29126E-10
 -1        15 3.01279E-10 1.29119E-10 1.29126E-10-2.29553E-10 6.74089E-16-4.30415E-11
 -1        16 3.51493E-10 1.50642E-10 1.50647E-10 2.86944E-10 1.05280E-15 2.69004E-12
 -1        17 7.06590E-10 4.48348E-10 2.90531E-10-1.86514E-10-7.54909E-11 1.57821E-10
 -1        18 9.54084E-10 4.08895E-10 4.08900E-10-2.86941E-10 1.05280E-15-2.68951E-12
 -1        19 5.52352E-10 2.36718E-10 2.36728E-10 2.15179E-11 1.39205E-15-9.32532E-11
 -1        20 6.82377E-10 4.24132E-10 2.34037E-10-7.17365E-11-1.29125E-10-1.00429E-10
 -1        21 7.53219E-10 3.22804E-10 3.22814E-10-2.15175E-11 1.39205E-15 9.32587E-11
 -1        22 3.01275E-10 1.29116E-10 1.29123E-10 7.89068E-11 2.00001E-15-2.00860E-10
 -1        23 2.89367E-10-8.04041E-11-5.71459E-10 7.89105E-11-1.27331E-10-2.00862E-10
 -1        24 1.00430E-09 4.30411E-10 4.30418E-10-7.89063E-11 2.00001E-15 2.00862E-10
 -1        25 1.10473E-09 4.73457E-10 4.73463E-10 2.47670E-11 2.67040E-15-4.66271E-11
 -1        26 4.97601E-10 1.63033E-11 2.59469E-11 2.29557E-10-1.07939E-10 2.15210E-10
 -1        27 2.00849E-10 8.60801E-11 8.60862E-11-2.47663E-11 2.67040E-15 4.66283E-11
 -1        30-3.72492E-09-1.45263E-10-8.62596E-10-1.54949E-09 8.13039E-11 6.94551E-10
 -1        31-6.18526E-09-1.19974E-09-1.91719E-09 1.04017E-09 8.13114E-11 2.12951E-09
 -1        32-6.98513E-09-1.41137E-09-1.82274E-09-1.80058E-09-4.97367E-10 2.93058E-09
 -1        33-4.22349E-09-2.27761E-10-6.39016E-10 1.29126E-09-4.97375E-10-1.97374E-10
 -1        34 1.81308E-09 4.19053E-10 4.95613E-10-1.88903E-10 2.08037E-10 1.29720E-09
 -1        35-4.46384E-10-5.49339E-10-4.72892E-10-2.67807E-10 2.08044E-10 1.35459E-09
 -1        36-1.26061E-09-8.90093E-10-7.94516E-10 3.63470E-10-1.91292E-10 1.24700E-09
 -1        37 8.98437E-10 3.52608E-11 1.30951E-10-8.20180E-10-1.91299E-10 1.33306E-09
 -1        38-4.95509E-09-6.72504E-10-1.38989E-09-2.54662E-10 8.13077E-11 1.41203E-09
 -1        39-6.58520E-09-1.30556E-09-1.86997E-09-3.80208E-10-2.08028E-10 2.53005E-09
 -1        40-5.60431E-09-8.19566E-10-1.23088E-09-2.54662E-10-4.97371E-10 1.36660E-09
 -1        41-3.97421E-09-1.86512E-10-7.50806E-10-1.29116E-10-2.08035E-10 2.48588E-10
 -1        42 6.83349E-10-6.51431E-11 1.13606E-11-2.28355E-10 2.08041E-10 1.32589E-09
 -1        43-8.53495E-10-7.19716E-10-6.33704E-10 4.78312E-11 8.37639E-12 1.30079E-09
 -1        44-1.81084E-10-4.27416E-10-3.31782E-10-2.28355E-10-1.91295E-10 1.29003E-09
 -1        45 1.35576E-09 2.27157E-10 3.13282E-10-5.04542E-10 8.36899E-12 1.31513E-09
 -1        46-8.19569E-10 2.73203E-10 1.34549E-10-8.69200E-10 1.57823E-10 1.03892E-09
 -1        47-3.17948E-09-7.38237E-10-8.77005E-10 3.86183E-10 1.57831E-10 1.78509E-09
 -1        48-3.87892E-09-9.06821E-10-7.39511E-10-7.18559E-10-4.20848E-10 2.12705E-09
 -1        49-1.41857E-09 1.47664E-10 3.15088E-10 2.35543E-10-4.20855E-10 6.06102E-10
 -1        50 4.27359E-09 6.89258E-10 8.42342E-10 8.75184E-10 4.78221E-11-2.80950E-10
 -1        51 9.44604E-09 2.90597E-09 3.05894E-09-1.24102E-09 4.78295E-11 2.76046E-09
 -1        52 8.21575E-09 2.26393E-09 2.14908E-09 7.10207E-10-1.72164E-10 3.46588E-09
 -1        53 3.34460E-09 1.76338E-10 6.16040E-11-1.07604E-09-1.72172E-10-1.03897E-09
 -1        54 6.85982E-09 1.79762E-09 1.95064E-09-1.82919E-10 4.78258E-11 1.23975E-09
 -1        55 8.83090E-09 2.58495E-09 2.60401E-09-2.65407E-10-6.21673E-11 3.11317E-09
 -1        56 5.78017E-09 1.22013E-09 1.10534E-09-1.82919E-10-1.72168E-10 1.21346E-09
 -1        57 3.80909E-09 4.32798E-10 4.51973E-10-1.00430E-10-6.21747E-11-6.59958E-10
 -1        58 2.90699E-09 4.17847E-10 3.50938E-10 3.43143E-10 1.14777E-10 4.65083E-10
 -1        59 4.36349E-09 1.04201E-09 9.74989E-10-7.54417E-10 1.14784E-10 2.01448E-09
 -1        60 3.23362E-09 4.43006E-10 1.08164E-10 5.36840E-10-1.05210E-10 2.31818E-09
 -1        61 1.87756E-09-1.38114E-10-4.72842E-10-9.48115E-10-1.05217E-10 1.08788E-10
 -1        63 5.38031E-11 5.38031E-11 1.25541E-10 0.00000E+00 5.82867E-11 1.13584E-10
 -1        64 5.38031E-11 5.38031E-11 1.25541E-10 0.00000E+00 5.82867E-11 1.13584E-10
 -1        65 5.38031E-11 5.38031E-11 1.25541E-10 0.00000E+00 5.82867E-11 1.13584E-10
 -1        66 5.38031E-11 5.38031E-11 1.25541E-10 0.00000E+00 5.82867E-11 1.13584E-10
 -1        67 7.95816E-11 7.95816E-11 1.85691E-10-6.35587E-16 3.58686E-10-5.26072E-10
 -1        68 9.86389E-10 9.86389E-10 2.30157E-09-6.35587E-16-5.97833E-11-5.26072E-10
 -1        69-2.86952E-10-2.86952E-10-6.69556E-10-6.35587E-16 3.58686E-10 4.78283E-11
 -1        70 2.80203E-11 2.80203E-11 6.53807E-11 2.33146E-10 8.78017E-11-1.93165E-10
 -1        71 5.32985E-10 5.32985E-10 1.24363E-09-6.35587E-16 1.49451E-10-5.26072E-10
 -1        72 3.49718E-10 3.49718E-10 8.16010E-10-6.35587E-16 1.49451E-10-2.39122E-10
 -1        73-1.03685E-10-1.03685E-10-2.41933E-10-6.35587E-16 3.58686E-10-2.39122E-10
 -1        74 5.38010E-11 5.38010E-11 1.25536E-10 1.16573E-10 2.23244E-10-3.59619E-10
 -1        75 5.07205E-10 5.07205E-10 1.18348E-09 1.16573E-10 1.40092E-11-3.59619E-10
 -1        76-1.29466E-10-1.29466E-10-3.02087E-10 1.16573E-10 2.23244E-10-7.26684E-11
 -1        77-5.91957E-11-7.74715E-11-4.10002E-11 0.00000E+00 2.81322E-11 1.99091E-11
 -1        78-4.07151E-10-5.32420E-10-2.81871E-10 0.00000E+00 2.48237E-12 4.66442E-11
 -1        79-5.91957E-11-7.74715E-11-4.10002E-11 0.00000E+00 2.81322E-11 1.99091E-11
 -1        80-4.07151E-10-5.32420E-10-2.81871E-10 0.00000E+00 2.48237E-12 4.66442E-11
 -1        81-5.91957E-11-7.74715E-11-4.10002E-11 0.00000E+00 2.81322E-11 1.99091E-11
 -1        82-4.07151E-10-5.32420E-10-2.81871E-10 0.00000E+00 2.48237E-12 4.66442E-11
 -1        83-1.73394E-09-1.65862E-09-4.71571E-09-4.10342E-11-1.11478E-09-2.04929E-09
 -1        84 5.93039E-10 6.68351E-10 7.13885E-10-4.10237E-11-1.33398E-09-1.73445E-09
 -1        85-1.46763E-10-7.14310E-11-1.01229E-09-4.10184E-11-5.78748E-10-1.46942E-09
 -1        86 1.44940E-09 2.40350E-09 6.14651E-09-1.94431E-09 6.88361E-10 1.77744E-09
 -1        87 4.49564E-10-2.03973E-09-3.62323E-09 5.21665E-10 2.47971E-10 1.33008E-09
 -1        88-1.50529E-09 6.86294E-10-1.44122E-09 1.79501E-09 1.81218E-10 1.81282E-10
 -1        89-5.70453E-10-4.95133E-10-2.00091E-09-4.10289E-11-1.22438E-09-1.89187E-09
 -1        90 2.23138E-10 2.98460E-10-1.49202E-10-4.10211E-11-9.56367E-10-1.60193E-09
 -1        91-9.40354E-10-8.65024E-10-2.86400E-09-4.10263E-11-8.46767E-10-1.75936E-09
 -1        92 9.49480E-10 1.81887E-10 1.26164E-09-7.11324E-10 4.68166E-10 1.55376E-09
 -1        93-5.27862E-10-6.76718E-10-2.53222E-09 1.15834E-09 2.14595E-10 7.55680E-10
 -1        94-2.79455E-11 1.54490E-09 2.35264E-09-7.46531E-11 4.34789E-10 9.79361E-10
 -1        95-1.42274E-10 3.72444E-10 7.15398E-10-9.92673E-10-2.13212E-10-1.35926E-10
 -1        96 5.21301E-10-6.85689E-10-1.45467E-09 2.40321E-10-5.43007E-10-2.02184E-10
 -1        97-8.26025E-10 3.07431E-10-1.22675E-09 8.76994E-10-1.98765E-10-6.44069E-10
 -1       151 0.00000E+00 0.00000E+00 0.00000E+00 0.00000E+00 0.00000E+00 0.00000E+00
 -1       152 0.00000E+00 0.00000E+00 0.00000E+00 0.00000E+00 0.00000E+00 0.00000E+00
 -1       154 0.00000E+00 0.00000E+00 0.00000E+00 0.00000E+00 0.00000E+00 0.00000E+00
 -1       155 0.00000E+00 0.00000E+00 0.00000E+00 0.00000E+00 0.00000E+00 0.00000E+00
 -1       156-2.47483E-10-2.47493E-10-5.77469E-10-5.14242E-15-2.86949E-10-4.30407E-10
 -1       157-3.22815E-10-3.22820E-10-7.53227E-10-2.95717E-15 3.22779E-11-5.16491E-10
 -1       158-3.12064E-10-3.12066E-10-7.28126E-10-5.94872E-17 7.17286E-11-4.59100E-10
 -1       159-3.01288E-10-3.01294E-10-7.03012E-10-6.76723E-15-1.70378E-10-4.59104E-10
 -1       160 5.38200E-12 5.37859E-12 1.25561E-11-2.99689E-15 2.29552E-10-6.02576E-10
 -1       161-4.84260E-11-4.84266E-11-1.12989E-10 2.13681E-16 2.58243E-10-4.01713E-10
 -1       162-1.39880E-10-1.39885E-10-3.26398E-10-9.15536E-15-5.73942E-11-3.15632E-10
 -1       163 2.69014E-10 2.69014E-10 6.27694E-10-3.74905E-15 2.08029E-10-3.73020E-10
 -1       164 7.31710E-10 7.31714E-10 1.70732E-09-1.74689E-16 3.94443E-11-6.02575E-10
 -1       165-3.73920E-10 3.13856E-11-5.31736E-10 2.90530E-10-3.22816E-10-4.80622E-10
 -1       166-7.71151E-11 3.46127E-10-4.78833E-10 9.32557E-11 2.51075E-10-5.38011E-10
 -1       167 1.68576E-10 4.26827E-10-3.62267E-10 9.68444E-11 2.47485E-10-4.51926E-10
 -1       168-6.31277E-10-1.14778E-10-7.46054E-10 4.57317E-10-1.34509E-10-2.54654E-10
 -1       169 2.37629E-10 3.55992E-10 1.87414E-10 2.86048E-10 4.26829E-10-5.18285E-10
 -1       170 6.30383E-10 1.96376E-10 1.64094E-10-4.30418E-11 6.06167E-10-4.37580E-10
 -1       171-1.71267E-10 1.69479E-10-2.43005E-10 4.08893E-10 5.02116E-11-4.30314E-11
 -1       172-2.65425E-10-2.15202E-11 3.80202E-10 2.77977E-10 3.83785E-10-8.24858E-11
 -1       173-3.99936E-10-3.78412E-10 1.03479E-09-3.69444E-10 5.59537E-10-2.94107E-10
 -1       174 1.64097E-10 5.69407E-10 7.23647E-10 2.90535E-10 4.94978E-10-1.36296E-10
 -1       175 2.24174E-10 6.47421E-10 2.24180E-10 9.32637E-11 3.87374E-10-2.15168E-11
 -1       176 1.04012E-10 3.62266E-10-5.12914E-10 9.68550E-11 3.58386E-12-2.15179E-11
 -1       177-5.66722E-10-5.02146E-11-5.95412E-10 4.57319E-10 3.85577E-10-2.54661E-10
 -1       178-9.86674E-12 1.08504E-10-3.90067E-10 2.86053E-10 1.75749E-10-5.91800E-11
 -1       179 8.02550E-10 3.68549E-10 5.65824E-10-4.30333E-11-1.82933E-10-3.22814E-10
 -1       180-7.44271E-11 2.66331E-10-1.70288E-11 4.08892E-10 1.54225E-10-3.87375E-10
 -1       181-4.37596E-10-1.93681E-10-2.15177E-11 2.77980E-10 4.48283E-11-8.24953E-11
 -1       182-8.30355E-10-8.08823E-10 3.04889E-11-3.69437E-10 7.89050E-11 3.65856E-10
 -1       183 1.93691E-10 6.45583E-11 5.81071E-10-4.44769E-10 1.43467E-10-3.44333E-10
 -1       184 3.94510E-11 2.51015E-11-1.79328E-11-4.01723E-10 2.40314E-10-2.43900E-10
 -1       185-5.34449E-10-9.36173E-10-1.09398E-09-5.02149E-10 3.37159E-10-2.58248E-10
 -1       186 1.74859E-10-4.24143E-10-4.85116E-10-2.00868E-10 2.74386E-10-2.58248E-10
 -1       187 6.68033E-11-2.86498E-10-4.85566E-10-3.40748E-10 2.15205E-10 6.09790E-11
 -1       188 9.86341E-11-3.17435E-10 1.48854E-10-5.09324E-10 4.30379E-11-7.89093E-11
 -1       189 4.75259E-10-3.64056E-10-4.12389E-11 3.04786E-11 2.83352E-10-2.94117E-10
 -1       190 6.53701E-10-3.85510E-11 3.52410E-10-1.95484E-10 2.70800E-10 3.22840E-11
 -1       191 8.10622E-10 1.50655E-10 8.10625E-10-3.35364E-10 1.97272E-10 5.02157E-10
 -1       192 4.94989E-10 4.94991E-10 1.15495E-09-3.77988E-15 2.51084E-11 3.01291E-10
 -1       193 1.82929E-10 1.82933E-10 4.26826E-10-3.20516E-15 2.22382E-10 8.60800E-11
 -1       194 8.06700E-12 8.07473E-12 1.88270E-11-3.34286E-15 2.29554E-10 2.00859E-10
 -1       195 3.33581E-10 3.33579E-10 7.78332E-10-1.25747E-15-1.36300E-10 2.72597E-10
 -1       196 9.41555E-11 9.41560E-11 2.19685E-10-1.21422E-15 8.96565E-12 2.00860E-10
 -1       197 2.95898E-11 2.95943E-11 6.90419E-11-1.49856E-15 1.79339E-10 2.58251E-10
 -1       198 4.08902E-10 4.08898E-10 9.54086E-10 7.43348E-16-6.81497E-11 2.72596E-10
 -1       199 3.12055E-10 3.12053E-10 7.28118E-10 4.96832E-16-1.21953E-10 1.79316E-11
 -1       200-1.18366E-10-1.18364E-10-2.76190E-10 3.07564E-16 2.00860E-10-9.14653E-11
 -1       201-5.00361E-10-3.92755E-10 5.90024E-10 1.68579E-10-8.24970E-11 9.32538E-11
 -1       202-3.12953E-10-6.39351E-10 3.13761E-11 2.17001E-10 1.63199E-10-7.62249E-11
 -1       203 3.34469E-10 4.48555E-12 1.15671E-10 6.45608E-11 2.43901E-10 8.42861E-11
 -1       204 1.25549E-11 6.27695E-11 6.00781E-10 1.30919E-10-1.64994E-10 1.12982E-10
 -1       205-1.89206E-10-5.19195E-10-4.93286E-11 1.23745E-10 5.20076E-11 9.95314E-11
 -1       206 2.08931E-10 6.54606E-11 1.33604E-10 2.42101E-11 1.37193E-10 2.15208E-10
 -1       207-3.80205E-10 2.65423E-10 6.74311E-10-5.38020E-11-1.79334E-11 2.08032E-10
 -1       208-5.21437E-10-4.19213E-10 2.58691E-10-4.84219E-11 2.33137E-11-1.57824E-10
 -1       209-4.68979E-10-2.07139E-10-4.08007E-10-2.69010E-11 1.02223E-10-3.78413E-10
 -1       210-4.61780E-10 7.26639E-11 7.03968E-10-9.75605E-10-1.57820E-10 4.73463E-10
 -1       211-1.92925E-09-1.08097E-09-3.66346E-09-5.36216E-10 4.37598E-10 4.25036E-10
 -1       212-2.54635E-10 4.48380E-10-2.40259E-10-3.85569E-10-4.30419E-10 3.46121E-10
 -1       213 5.45202E-10 8.60963E-11-2.58220E-10-7.46047E-10 1.23741E-10 4.94985E-10
 -1       214-1.90097E-10-1.04012E-10-1.89741E-09-5.26352E-10-2.08038E-10 4.66282E-11
 -1       215 3.01312E-10 5.88255E-10-3.29945E-10-5.51459E-10 7.35267E-11-5.11127E-10
 -1       216 1.69476E-09 6.61767E-10 5.11140E-10-5.73876E-10 4.05304E-10-1.79355E-11
 -1       217 1.39886E-09 1.05453E-09 6.24128E-10-5.16488E-10-3.37170E-10-1.21950E-10
 -1       218 4.06891E-10 5.21665E-10-6.57479E-10-6.59963E-10 2.90527E-10-2.25965E-10
 -1       219-3.29968E-10 1.29148E-10 7.60457E-10-4.01711E-10-6.45629E-10-9.03885E-10
 -1       220-2.84076E-09-3.35726E-09-4.61980E-09-5.48770E-10 8.03455E-10 2.09826E-10
 -1       221-5.73646E-11 8.60857E-10-5.73345E-11-1.06348E-09-5.45197E-10 1.29305E-09
 -1       222 2.31351E-10-4.84153E-11-3.92729E-10-8.32130E-10-7.17397E-11-2.86962E-11
 -1       223-1.29798E-09-1.72661E-09-2.71655E-09-4.30404E-10 3.01292E-10 1.79328E-11
 -1       224-4.38476E-10 1.89213E-10-6.71594E-10-2.58235E-10-4.90966E-11-4.48368E-11
 -1       225 1.29303E-09 4.89596E-10 3.38971E-10-8.03434E-10 5.02151E-10 1.43442E-11
 -1       226 7.81920E-10 3.80200E-10 2.36749E-10-4.55511E-10 3.15634E-10-2.64303E-10
 -1       227-2.53091E-10-2.53095E-10-1.08790E-09-1.99053E-10 1.60058E-10-5.42950E-10
 -1       251-6.96211E-09-3.90025E-09-5.15828E-09 1.96329E-10-2.88202E-10-6.51654E-10
 -1       253 1.24538E-09-7.78729E-10-3.90660E-09 1.12184E-10-2.35322E-10-5.45016E-10
 -1       254-4.10902E-09-1.76209E-09-1.36253E-09 2.51202E-11-2.02751E-10 1.51616E-10
 -1       256-3.27547E-10-1.37904E-09-1.13842E-09-6.05950E-10-3.02082E-10 4.46704E-10
 -1       257-1.79433E-11-1.28535E-09-5.23557E-10 9.75814E-10-1.52390E-09 3.56542E-10
 -1       259 3.08450E-10-1.66949E-09-3.56098E-10-5.25954E-11 8.69488E-10 8.40079E-10
 -1       260-3.27654E-09-1.26880E-09 1.47603E-10-1.86989E-11 3.15169E-10-3.08516E-10
 -1       262 3.93333E-09 1.45346E-09 1.18701E-09-4.55775E-10 4.70161E-10-2.89817E-10
 -1       263-2.74225E-09-1.06392E-09-7.54954E-10 6.44216E-10-3.69142E-10-1.15818E-10
 -1       265 5.48496E-10-4.28346E-10-4.61795E-10-3.88868E-10-1.31028E-10 1.16290E-09
 -1       266 2.43884E-08 2.37921E-08 4.76147E-08 6.90087E-10-1.08275E-09 5.25650E-10
 -1       268 2.39506E-08 2.27279E-08 4.73522E-08-3.40662E-10 5.40503E-10 3.06439E-09
 -1       269-1.73986E-09-7.56903E-11 3.80076E-10 3.55273E-10-6.52118E-10 2.28178E-09
 -1       271 2.11422E-09 1.08581E-09 4.57112E-11-1.40237E-10-3.95015E-10 2.50499E-09
 -1       272-1.31200E-09-2.36836E-10-8.39550E-11 1.22475E-09 3.76005E-10-2.25140E-09
 -1       274 8.98465E-10 3.60894E-10-1.21160E-11-3.17867E-10 9.51565E-10-1.03952E-09
 -1       275 2.50023E-08 2.44975E-08 4.80266E-08-2.61772E-10-1.26798E-09-8.01126E-10
 -1       277 2.49793E-08 2.33339E-08 4.79148E-08-1.80439E-09-4.14868E-10 1.39944E-09
 -1       278-5.43049E-09-3.04644E-09-3.83879E-09-1.80441E-09 1.46930E-10 4.80883E-10
 -1       279-5.96621E-09-3.39748E-09-4.13137E-09-1.90727E-09 5.61149E-11 1.12193E-09
 -1       280-4.99119E-09-3.00447E-09-3.67998E-09-1.67118E-09-3.47885E-11 2.36127E-09
 -1       281-2.75942E-08-2.60048E-08-4.15621E-08-4.09023E-10-4.46200E-09-2.64500E-09
 -1       282-7.35316E-09-6.29668E-09-1.24625E-08 5.09530E-10 1.42647E-10 1.13131E-09
 -1       283 1.08779E-08 1.16679E-08 1.53984E-08 1.48772E-09 4.33569E-09 4.60828E-09
 -1       284-2.84254E-10-1.94844E-09-4.71573E-09 1.26224E-10-7.31358E-09 7.25967E-09
 -1       285-8.87813E-09-9.95097E-09-2.61089E-08-9.30261E-10 4.20962E-09-1.79966E-09
 -1       286-2.36221E-08-2.34421E-08-5.13427E-08-6.68470E-10 1.31146E-08-1.20560E-08
 -1       287-4.55587E-09-2.76080E-09-3.33922E-09-1.44901E-10 1.43206E-11-1.43191E-09
 -1       288-2.04798E-09-1.30063E-09-2.02989E-09 5.35238E-10-3.73829E-11-1.19669E-09
 -1       289 6.35068E-10 2.45902E-10-6.34096E-10 1.30190E-09-8.91246E-11-7.74556E-10
 -1       290-1.05588E-08-8.91798E-09-2.23435E-08-6.31070E-10-2.26490E-09 1.04343E-09
 -1       291-5.46137E-09-6.44920E-09-1.48729E-08-3.43013E-10-1.73658E-09 1.82549E-09
 -1       292-2.54698E-10-4.02771E-09-7.38173E-09-5.43330E-11-1.02144E-09 9.99344E-10
 -1       293 7.13903E-08 7.21243E-08 1.48826E-07-6.54343E-11-7.25786E-10-5.82931E-09
 -1       294 9.90747E-09 1.27660E-08 2.33985E-08-9.68827E-10-6.20471E-10-1.36962E-09
 -1       295-5.25234E-08-4.87860E-08-1.03066E-07-1.85232E-09-5.15443E-10-3.13251E-10
 -1       296-4.68936E-10 7.37147E-10 1.79834E-09 4.86176E-10-3.82442E-10 9.03355E-10
 -1       297 1.55189E-09 1.36956E-09 2.67369E-09-7.52633E-10 1.86923E-11-2.89806E-10
 -1       298 5.19427E-09 2.80087E-09 4.34824E-09-1.72026E-09 4.19838E-10-5.10714E-10
 -1       299-1.81791E-08-1.93804E-08-4.02481E-08 6.61474E-10-2.66457E-09-3.79057E-09
 -1       300 9.65226E-10-1.56612E-09-2.18791E-09 1.44903E-10-4.20700E-10 5.14447E-11
 -1       301 1.94732E-08 1.64861E-08 3.57411E-08-1.84636E-10 2.60843E-09 3.59419E-09
 -1       302 1.93589E-09 7.91946E-09 1.12105E-08-2.16435E-09 4.30532E-09 2.93565E-09
 -1       303-6.42839E-09-8.31465E-09-1.28234E-08-8.27421E-10-2.69721E-09-5.04832E-10
 -1       304-1.90503E-08-2.76399E-08-3.92821E-08-7.15213E-10-7.08213E-09-5.51610E-09
 -1       305-9.05462E-09-8.16175E-09-1.01578E-08-1.06232E-09-2.03607E-09-1.99314E-09
 -1       307 8.68911E-09 1.04000E-08 1.77393E-08-2.18108E-10 2.02445E-09 1.32002E-09
 -1       308-1.22916E-08-1.08822E-08-2.00819E-08-4.37671E-10-5.50364E-10 3.38515E-10
 -1       310 1.11482E-08 8.59434E-09 1.49706E-08 5.13329E-10 3.47917E-09 4.19131E-09
 -1       311-4.61491E-09-2.52768E-09-6.08742E-09-2.20305E-10 2.22354E-10-8.86506E-11
 -1       313 2.28065E-09 5.79074E-10 2.18713E-09 3.27215E-10 3.50317E-10-3.97767E-10
 -1       314-3.91551E-09-2.52713E-09-3.74248E-09-7.95867E-10-7.73879E-11-5.10977E-10
 -1       316-1.16827E-10-6.56154E-10-1.87153E-09 3.81561E-10-6.86312E-11 1.36648E-09
 -1       317-8.73940E-09-8.12236E-09-9.54350E-09 3.05014E-10-5.20979E-09 4.81965E-09
 -1       319 1.43467E-09 2.07977E-09-2.81920E-09 9.76997E-10 8.22516E-09 4.21450E-11
 -1       320 4.13012E-08 4.13853E-08 8.19987E-08 1.54260E-10-2.45524E-09 1.07604E-10
 -1       322-3.67962E-08-3.70042E-08-7.11081E-08-1.61510E-09 7.93883E-09-6.90438E-09
 -1       323 2.68761E-08 2.78531E-08 5.51156E-08-1.96342E-10 5.79745E-10-1.14641E-09
 -1       325-2.95758E-08-3.03285E-08-6.32895E-08-6.34590E-10 6.70891E-10 2.20533E-09
 -1       326-1.21791E-08-1.25321E-08-2.73041E-08-2.50105E-10-2.32093E-09-7.31629E-11
 -1       328 1.22177E-08 9.39037E-09 1.88191E-08 6.14119E-10 1.92833E-09 3.97187E-09
 -1       329-1.19611E-08-1.15030E-08-2.45921E-08 4.25381E-10-2.19855E-09-1.29018E-09
 -1       331 9.74479E-09 6.09387E-09 1.42417E-08-9.06167E-10 2.02471E-10 2.54537E-09
 -1       332-4.39463E-09-2.76319E-09-3.97866E-09-2.05698E-10 2.04812E-10 2.09510E-10
 -1       334 1.42143E-09 1.01409E-10-1.11410E-09-4.27743E-10 4.02891E-10 1.87882E-10
 -1       335 4.30220E-08 4.48450E-08 9.16663E-08-1.40707E-09 7.58819E-09-1.22472E-09
 -1       337-2.73883E-08-2.74000E-08-5.68761E-08-2.16212E-10 1.92484E-09-2.29990E-09
 -1       338-1.25875E-08-9.89492E-09-2.43304E-08-4.54620E-10 3.60011E-10-1.95397E-09
 -1       340-6.19577E-09-1.22168E-08-1.30395E-08-8.92865E-10-2.79071E-09-3.33767E-09
 -1       341 1.79473E-10 1.21402E-10 4.22456E-10-1.77597E-11-5.46762E-11 1.17092E-11
 -1       343 2.92200E-10 3.50271E-10 5.35183E-10-1.34044E-11-7.65211E-12 1.16639E-11
 -1       344 2.92200E-10 3.50271E-10 5.35183E-10-1.34044E-11-7.65211E-12 1.16639E-11
 -1       346 1.79473E-10 1.21402E-10 4.22456E-10-1.77597E-11-5.46762E-11 1.17092E-11
 -1       347 1.79473E-10 1.21402E-10 4.22456E-10-1.77597E-11-5.46762E-11 1.17092E-11
 -1       349 2.92200E-10 3.50271E-10 5.35183E-10-1.34044E-11-7.65211E-12 1.16639E-11
 -1       350 5.39318E-09 6.95372E-09 1.12575E-08 1.91114E-09-8.03391E-09-2.07912E-10
 -1       351 5.51717E-09 5.92173E-09 1.09579E-08 7.61966E-10-6.30090E-09-7.80825E-11
 -1       352 5.64117E-09 4.88974E-09 1.06583E-08-3.87208E-10-4.56789E-09 5.17474E-11
 -1       353 1.21610E-08 9.83378E-09 2.51493E-08-8.33253E-10-6.52049E-09-4.40426E-10
 -1       354 1.22336E-08 1.12649E-08 2.56455E-08-4.17895E-10-4.05707E-09-1.09247E-10
 -1       355 1.23062E-08 1.26961E-08 2.61418E-08-2.53671E-12-1.59365E-09 2.21932E-10
 -1       356-1.56953E-07-1.57010E-07-3.19737E-07-3.17096E-10 1.20923E-08 1.30259E-09
 -1       357-1.12455E-08-1.13171E-08-2.26344E-08-1.18425E-10 6.00900E-09 2.06933E-09
 -1       358 1.34462E-07 1.34375E-07 2.74468E-07 8.02453E-11-7.43181E-11 2.83608E-09
 -1       359 8.77707E-09 8.39375E-09 1.82034E-08 5.38944E-10-7.27720E-09-3.24169E-10
 -1       361 8.97368E-09 8.79293E-09 1.84000E-08-1.94872E-10-3.08077E-09 1.36840E-10
 -1       362-7.23962E-08-7.35879E-08-1.47294E-07-5.75175E-10 2.78591E-09 4.31081E-10
 -1       364 7.33843E-08 7.35357E-08 1.50305E-07 3.88543E-11-8.33984E-10 1.52901E-09
 -1       365-7.57801E-08-7.50279E-08-1.54240E-07 7.97022E-10 2.02920E-09 5.47338E-10
 -1       367 7.00518E-08 6.96325E-08 1.42563E-07-1.53481E-10-2.32110E-09 1.44391E-09
 -1       368 3.06684E+07-5.35351E+05-6.83888E+05 3.12929E+05-5.59053E+05 3.90391E+05
 -1       369 2.81038E+06 5.34381E+04 1.34054E+05 4.52949E+05 2.40548E+04 5.66428E+05
 -1       370-3.03469E+07 1.20713E+06 9.96114E+05 3.33999E+05 4.09055E+05 4.11176E+05
 -1       371-2.44354E+06 6.37777E+05 1.97609E+05 5.68773E+05-1.74053E+05 5.45638E+05
 -1       376 2.46978E+07-2.99879E+05-2.92715E+05 2.74979E+05-1.75770E+05 3.60943E+05
 -1       377 2.15256E+06-1.08467E+05-1.84270E+04 5.03819E+05 3.20010E+04 5.64464E+05
 -1       378-2.47152E+07 3.30703E+05 2.92934E+05 2.70622E+05 1.52285E+05 3.56342E+05
 -1       379-2.14637E+06 1.49366E+05 2.87216E+04 5.46842E+05-5.54865E+04 5.69060E+05
 -1       384 1.34905E+07 1.84675E+05 1.89596E+05 2.04119E+05 1.51803E+05 2.92850E+05
 -1       385 1.20076E+06 4.28061E+03 3.61371E+04 4.72214E+05-1.40341E+04 5.14532E+05
 -1       386-1.34900E+07-1.94789E+05-1.91470E+05 2.03678E+05-1.45859E+05 2.92246E+05
 -1       387-1.20118E+06-1.47706E+04-3.83863E+04 4.71777E+05 1.99782E+04 5.15132E+05
 -1       392 4.84307E+06 2.62074E+05 2.67970E+05 1.39092E+05 2.25351E+05 1.93219E+05
 -1       393 4.27985E+05-1.46918E+04 6.14508E+04 2.91088E+05-2.03148E+04 3.21261E+05
 -1       394-4.84271E+06-2.58984E+05-2.67234E+05 1.39690E+05-2.26865E+05 1.93735E+05
 -1       395-4.28318E+05 1.74883E+04-6.10088E+04 2.91690E+05 1.88008E+04 3.20740E+05
 -1       400 1.57579E+06 3.32912E+05 3.41886E+05-3.52658E+04 2.87977E+05-2.68414E+04
 -1       401 1.40239E+05-1.80192E+04 7.78785E+04 5.01981E+04-2.52487E+04 4.41880E+04
 -1       402-1.57681E+06-3.34822E+05-3.42618E+05-3.56664E+04-2.87282E+05-2.72827E+04
 -1       403-1.39216E+05 1.69864E+04-7.77340E+04 4.98014E+04 2.59433E+04 4.46254E+04
 -1       408-4.15839E-08 3.69346E-09-1.47279E-08 3.67109E-09 1.89128E-09-1.49932E-08
 -1       409-3.19054E-08-3.44636E-08-3.03562E-08 3.11700E-09-3.64937E-09-7.67171E-09
 -1       410 4.71292E-08 2.35435E-08 1.07532E-08-1.04880E-08-6.37653E-09-1.37142E-08
 -1       411 1.12678E-08 1.05096E-08 3.17525E-09 9.49137E-09-1.48223E-08-7.79066E-09
 -1       412-3.55360E-08-1.48643E-08-2.20183E-08 1.03904E-08-2.62727E-09-1.77366E-08
 -1       413 3.68995E-09-1.21343E-08-1.29761E-08 1.12219E-11-5.01214E-09-3.34710E-09
 -1       414 3.23189E-08 1.83666E-08 8.30728E-09-2.33463E-09-1.23477E-08-1.54648E-09
 -1       415-1.97866E-08 1.24481E-10-9.25375E-09 8.09176E-09-6.46472E-09-2.05744E-08
 -1       416-5.70354E-08 1.17711E-07-2.17554E-07 1.35771E-09-7.57012E-08 5.09337E-09
 -1       417 1.59995E-09-1.55240E-07 1.47890E-07-5.71380E-09 1.04451E-07 4.06457E-09
 -1       418-4.29621E-08-2.79211E-08-2.09274E-07-1.79583E-08-8.83808E-08-8.08173E-09
 -1       419 1.02271E-07 7.10511E-08 2.93728E-07 1.15361E-08 7.34065E-08 1.13203E-08
 -1       424-1.22781E-07 1.86121E-07-5.30110E-07-5.26995E-09-2.02015E-07-5.69528E-08
 -1       425-2.45987E-08-3.27993E-07 2.04589E-07-7.93246E-09 1.83648E-07 5.72898E-11
 -1       426-1.58669E-07-6.01340E-08-5.19258E-07-2.35272E-08-2.02016E-07-6.31271E-09
 -1       427 1.95358E-07 1.65055E-07 5.13989E-07 3.21446E-08 1.10188E-07-1.43836E-08
 -1       428 4.37913E-08 4.63174E-08 1.10597E-07-1.22856E-08-5.50920E-08-3.67118E-08
 -1       429-7.89105E-08-1.62372E-07-1.44006E-07-1.46969E-08 7.34619E-08 5.13660E-09
 -1       430 1.32764E-07 1.68402E-07 2.69411E-07 7.01162E-09-9.18224E-08-2.08386E-09
 -1       431 4.92612E-08 2.07387E-07 5.37494E-09 1.88349E-08 3.67325E-08-4.94417E-08
 -1       432-6.43115E-07-6.29799E-07-1.45622E-06 1.12483E-08-2.39773E-07 6.03747E-08
 -1       433 4.48107E-07 5.98701E-07 9.10907E-07 7.11615E-09 3.30574E-07-1.42327E-08
 -1       434-4.14183E-07-4.92002E-07-9.16462E-07-8.49390E-09-8.26377E-08-4.58821E-10
 -1       435 5.29198E-07 6.04264E-07 1.17565E-06-1.33374E-08 1.75506E-07 9.41210E-09
 -1       440-1.69565E-06-2.05423E-06-3.56015E-06 2.20379E-08-8.64186E-07 2.20378E-07
 -1       441 8.89779E-07 1.41501E-06 1.59866E-06 5.50976E-09-1.18730E-12-2.98432E-08
 -1       442-5.41361E-07-6.54074E-07-1.17036E-06 1.69876E-08-1.10192E-07-7.80564E-09
 -1       443 4.71915E-07 8.07295E-07 8.13503E-07-6.50339E-08-1.52643E-08 3.85662E-08
 -1       444-1.55410E-07-7.18491E-08-4.02415E-07-4.59135E-09-3.49962E-07 7.09346E-08
 -1       445 1.05315E-07 2.21247E-07 1.45721E-07 6.88672E-09 1.65289E-07-9.64166E-09
 -1       446 2.04770E-07 3.20926E-07 3.96457E-07-1.67810E-08 1.94036E-08 8.49377E-09
 -1       447-6.79558E-07-7.82173E-07-1.44124E-06-1.49445E-08-2.19340E-07 1.11108E-07
 -1       448 1.69524E-09 9.03874E-10 2.30739E-09 1.22793E-09-6.27187E-10 3.79441E-10
 -1       449 7.90786E-10 9.73383E-10-4.12244E-11 6.57181E-10-1.09399E-10-1.57792E-09
 -1       450 3.36866E-09 4.52317E-09 2.58618E-09 1.18010E-10-2.43320E-10-5.94216E-10
 -1       451 3.24895E-09 3.85864E-09 4.15585E-09 6.89213E-10-7.60569E-10 1.02903E-09
 -1       457 4.84571E-10 1.13557E-10 1.05019E-09 1.94230E-10 3.62929E-10-8.56815E-10
 -1       458 6.98367E-10 2.74840E-10 1.47500E-09 8.34552E-11 1.56791E-10-7.02158E-10
 -1       459 6.53250E-10 1.08545E-09 1.40488E-09 8.62097E-11-3.83859E-11-1.21941E-10
 -1       460 2.89795E-10 8.05160E-10 7.69110E-10 1.84087E-10 1.83230E-10-2.19890E-10
 -1       466 2.42656E-09 7.89547E-10 9.65264E-10-6.11416E-10-1.01339E-09 2.48319E-10
 -1       467-3.26072E-09-1.07977E-09-2.47574E-09-1.17919E-09-4.98087E-10-1.03190E-09
 -1       468-6.90383E-10 2.45473E-09 1.44131E-10 1.32674E-10 2.90746E-11-4.81951E-11
 -1       469 3.97273E-09 3.72901E-09 2.80619E-09 7.00895E-10-4.85690E-10 8.97910E-10
 -1       475 6.46740E-11-4.97667E-11 5.46367E-10 2.54435E-10-6.72663E-11-1.87261E-10
 -1       476 2.68014E-10-1.02083E-10 3.34363E-10 2.29140E-10-2.02171E-10-2.01890E-10
 -1       477 6.90277E-12 2.69992E-10 4.82574E-11 9.96778E-11-6.68070E-11 3.78327E-10
 -1       478-3.46096E-10 2.03303E-10 4.92970E-11 1.12075E-10 8.35760E-11 4.49664E-10
 -3
    1PSTEP                        25           1           2          
    1PGM                1.000000E+00                                  
    1PGK                2.796392E+09                                  
    1PHID                         -1                                  
    1PSUBC                         0                                  
    1PMODE                         5                                  
  100CL  106 8416.259998         328                     2    6MODAL      1
 -4  TOSTRAIN    6    1
 -5  EXX         1    4    1    1
 -5  EYY         1    4    2    2
 -5  EZZ         1    4    3    3
 -5  EXY         1    4    1    2
 -5  EYZ         1    4    2    3
 -5  EZX         1    4    3    1
 -1         1 2.13151E-15-2.53619E-20 5.01208E-20 4.44053E-16-1.36701E-20 1.50987E-15
 -1         2 2.30917E-15 2.66434E-16-3.70807E-15 1.06580E-15-1.77642E-16 5.32901E-16
 -1         3 2.48684E-15-2.53619E-20 5.01208E-20-4.44071E-16-1.36701E-20-1.50987E-15
 -1         4 4.26313E-15-1.63835E-20 3.51189E-20 5.77292E-16-7.52007E-21 1.50987E-15
 -1         5 2.30917E-15 1.44317E-16-2.48685E-15-5.32895E-16 7.77098E-17-3.55269E-16
 -1         6 3.55210E-16-1.63835E-20 3.51189E-20-5.77275E-16-7.52007E-21-1.50988E-15
 -1         7-7.29969E-20-7.40513E-21 2.48817E-20 5.88404E-16-3.77202E-21-2.22175E-17
 -1         8 2.30917E-15 2.21994E-17 7.77309E-17-2.13159E-15-3.44167E-16 6.21717E-16
 -1         9 4.61842E-15-7.40513E-21 2.48817E-20-5.88352E-16-3.77202E-21 2.22165E-17
 -1        10 3.19733E-15-2.03843E-20 4.20360E-20 2.66428E-16 8.20724E-22-3.44161E-16
 -1        11 2.30917E-15 2.30922E-15-2.08717E-15 1.77631E-16 4.55186E-16-4.44029E-17
 -1        12 1.42102E-15-2.03843E-20 4.20360E-20-2.66437E-16 8.20724E-22 3.44178E-16
 -1        13 3.55260E-15-1.09058E-20 3.03753E-20 1.42105E-15 4.17293E-21 2.66448E-16
 -1        14 2.30917E-15 1.50988E-15-2.75330E-15-4.88490E-16 1.36003E-16-7.99351E-16
 -1        15 1.06574E-15-1.09058E-20 3.03753E-20-1.42104E-15 4.17293E-21-2.66447E-16
 -1        16 1.24337E-15-1.42732E-21 2.98976E-20 1.77632E-15 6.51733E-21 1.66526E-17
 -1        17 2.30917E-15 7.10533E-16-2.66431E-16-1.15461E-15-4.67325E-16 9.76985E-16
 -1        18 3.37498E-15-1.42732E-21 2.98976E-20-1.77630E-15 6.51733E-21-1.66493E-17
 -1        19 1.95390E-15-2.83225E-20 3.39513E-20 1.33206E-16 8.61744E-21-5.77282E-16
 -1        20 2.30917E-15 7.10516E-16-4.66266E-16-4.44083E-16-7.99345E-16-6.21706E-16
 -1        21 2.66445E-15-2.83225E-20 3.39513E-20-1.33204E-16 8.61744E-21 5.77315E-16
 -1        22 1.06573E-15-1.55555E-20 2.56316E-20 4.88471E-16 1.23810E-20-1.24342E-15
 -1        23 2.30917E-15 2.01124E-17-3.01975E-15 4.88493E-16-7.88241E-16-1.24343E-15
 -1        24 3.55261E-15-1.55555E-20 2.56316E-20-4.88467E-16 1.23810E-20 1.24343E-15
 -1        25 3.90787E-15-2.78845E-21 3.49135E-20 1.53320E-16 1.65310E-20-2.88644E-16
 -1        26 2.30917E-15-6.70291E-16-6.10592E-16 1.42107E-15-6.68197E-16 1.33225E-15
 -1        27 7.10474E-16-2.78845E-21 3.49135E-20-1.53315E-16 1.65310E-20 2.88652E-16
 -1        30-1.62979E-14 5.86186E-15 1.42123E-15-9.59210E-15 5.03310E-16 4.29960E-15
 -1        31-2.50009E-14 5.86186E-15 1.42053E-15 6.43914E-15 5.03356E-16 1.31827E-14
 -1        32-2.86424E-14 5.86186E-15 3.31529E-15-1.11465E-14-3.07894E-15 1.81417E-14
 -1        33-1.88736E-14 5.86186E-15 3.31600E-15 7.99351E-15-3.07899E-15-1.22184E-15
 -1        34 7.32706E-15-1.30265E-15-8.28700E-16-1.16940E-15 1.28785E-15 8.03028E-15
 -1        35-6.65308E-16-1.30265E-15-8.29407E-16-1.65785E-15 1.28789E-15 8.38554E-15
 -1        36-3.59630E-15-1.30265E-15-7.10983E-16 2.25005E-15-1.18419E-15 7.71951E-15
 -1        37 4.04083E-15-1.30265E-15-7.10277E-16-5.07731E-15-1.18423E-15 8.25228E-15
 -1        38-2.06494E-14 5.86186E-15 1.42088E-15-1.57648E-15 5.03333E-16 8.74115E-15
 -1        39-2.68216E-14 5.86186E-15 2.36791E-15-2.35367E-15-1.28779E-15 1.56622E-14
 -1        40-2.37580E-14 5.86186E-15 3.31565E-15-1.57648E-15-3.07896E-15 8.45992E-15
 -1        41-1.75858E-14 5.86186E-15 2.36862E-15-7.99291E-16-1.28784E-15 1.53888E-15
 -1        42 3.33087E-15-1.30265E-15-8.29053E-16-1.41363E-15 1.28787E-15 8.20791E-15
 -1        43-2.13081E-15-1.30265E-15-7.70195E-16 2.96098E-16 5.18539E-17 8.05253E-15
 -1        44 2.22263E-16-1.30265E-15-7.10630E-16-1.41363E-15-1.18421E-15 7.98589E-15
 -1        45 5.68394E-15-1.30265E-15-7.69488E-16-3.12335E-15 5.18081E-17 8.14128E-15
 -1        46-4.48521E-15 2.27957E-15 1.42123E-15-5.38076E-15 9.77002E-16 6.43139E-15
 -1        47-1.28329E-14 2.27957E-15 1.42053E-15 2.39066E-15 9.77048E-16 1.10506E-14
 -1        48-1.61192E-14 2.27957E-15 3.31529E-15-4.44822E-15-2.60525E-15 1.31674E-14
 -1        49-7.41618E-15 2.27957E-15 3.31600E-15 1.45812E-15-2.60529E-15 3.75206E-15
 -1        50 1.81624E-14-4.02629E-15-3.07863E-15 5.41781E-15 2.96041E-16-1.73921E-15
 -1        51 3.64598E-14-4.02629E-15-3.07934E-15-7.68251E-15 2.96087E-16 1.70886E-14
 -1        52 3.28183E-14-4.02629E-15-4.73726E-15 4.39652E-15-1.06578E-15 2.14554E-14
 -1        53 1.55867E-14-4.02629E-15-4.73655E-15-6.66122E-15-1.06582E-15-6.43170E-15
 -1        54 2.73111E-14-4.02629E-15-3.07899E-15-1.13235E-15 2.96064E-16 7.67467E-15
 -1        55 3.46391E-14-4.02629E-15-3.90830E-15-1.64300E-15-3.84845E-16 1.92720E-14
 -1        56 2.42025E-14-4.02629E-15-4.73691E-15-1.13235E-15-1.06580E-15 7.51186E-15
 -1        57 1.68746E-14-4.02629E-15-3.90759E-15-6.21709E-16-3.84891E-16-4.08546E-15
 -1        58 1.27445E-14-2.66443E-15-3.07863E-15 2.12422E-15 7.10522E-16 2.87908E-15
 -1        59 1.78971E-14-2.66443E-15-3.07934E-15-4.67020E-15 7.10568E-16 1.24706E-14
 -1        60 1.46108E-14-2.66443E-15-4.73726E-15 3.32330E-15-6.51297E-16 1.43506E-14
 -1        61 9.81357E-15-2.66443E-15-4.73655E-15-5.86928E-15-6.51343E-16 6.73447E-16
 -1        63 0.00000E+00 0.00000E+00 4.44089E-16 0.00000E+00 3.60822E-16 7.03141E-16
 -1        64 0.00000E+00 0.00000E+00 4.44089E-16 0.00000E+00 3.60822E-16 7.03141E-16
 -1        65 0.00000E+00 0.00000E+00 4.44089E-16 0.00000E+00 3.60822E-16 7.03141E-16
 -1        66 0.00000E+00 0.00000E+00 4.44089E-16 0.00000E+00 3.60822E-16 7.03141E-16
 -1        67 0.00000E+00 2.43774E-31 6.56864E-16-3.93459E-21 2.22044E-15-3.25664E-15
 -1        68 0.00000E+00-1.52017E-30 8.14162E-15-3.93459E-21-3.70087E-16-3.25664E-15
 -1        69 0.00000E+00 2.43774E-31-2.36850E-15-3.93459E-21 2.22044E-15 2.96080E-16
 -1        70 0.00000E+00 2.43774E-31 2.31279E-16 1.44329E-15 5.43535E-16-1.19578E-15
 -1        71 0.00000E+00-6.38200E-31 4.39924E-15-3.93459E-21 9.25174E-16-3.25664E-15
 -1        72 0.00000E+00-6.38200E-31 2.88656E-15-3.93459E-21 9.25174E-16-1.48028E-15
 -1        73 0.00000E+00 2.43774E-31-8.55816E-16-3.93459E-21 2.22044E-15-1.48028E-15
 -1        74 0.00000E+00 2.43774E-31 4.44071E-16 7.21642E-16 1.38199E-15-2.22621E-15
 -1        75 0.00000E+00-6.38200E-31 4.18645E-15 7.21642E-16 8.67237E-17-2.22621E-15
 -1        76 0.00000E+00 2.43774E-31-1.06861E-15 7.21642E-16 1.38199E-15-4.49852E-16
 -1        77-1.12639E-16-2.25775E-16-4.01086E-32 0.00000E+00 1.74151E-16 1.23247E-16
 -1        78-7.75539E-16-1.55102E-15-2.31062E-31 0.00000E+00 1.53671E-17 2.88750E-16
 -1        79-1.12639E-16-2.25775E-16-4.01086E-32 0.00000E+00 1.74151E-16 1.23247E-16
 -1        80-7.75539E-16-1.55102E-15-2.31062E-31 0.00000E+00 1.53671E-17 2.88750E-16
 -1        81-1.12639E-16-2.25775E-16-4.01086E-32 0.00000E+00 1.74151E-16 1.23247E-16
 -1        82-7.75539E-16-1.55102E-15-2.31062E-31 0.00000E+00 1.53671E-17 2.88750E-16
 -1        83 8.49304E-16 1.31561E-15-1.76092E-14-2.54021E-16-6.90105E-15-1.26861E-14
 -1        84 8.49370E-16 1.31559E-15 1.59747E-15-2.53956E-16-8.25800E-15-1.07371E-14
 -1        85 8.49301E-16 1.31564E-15-4.50872E-15-2.53923E-16-3.58273E-15-9.09642E-15
 -1        86-5.31241E-15 5.93971E-16 2.37649E-14-1.20362E-14 4.26128E-15 1.10032E-14
 -1        87 1.02307E-14-5.17919E-15-1.49818E-14 3.22936E-15 1.53506E-15 8.23382E-15
 -1        88-6.08957E-15 7.47736E-15-5.69296E-15 1.11119E-14 1.12183E-15 1.12222E-15
 -1        89 8.49337E-16 1.31560E-15-8.00589E-15-2.53989E-16-7.57953E-15-1.17116E-14
 -1        90 8.49335E-16 1.31562E-15-1.45563E-15-2.53940E-16-5.92036E-15-9.91673E-15
 -1        91 8.49302E-16 1.31563E-15-1.10590E-14-2.53972E-16-5.24189E-15-1.08913E-14
 -1        92 2.45915E-15-2.29261E-15 4.39156E-15-4.40343E-15 2.89817E-15 9.61851E-15
 -1        93 2.07058E-15 1.14908E-15-1.03374E-14 7.17065E-15 1.32844E-15 4.67802E-15
 -1        94-5.70099E-15 4.03567E-15 9.03599E-15-4.62138E-16 2.69155E-15 6.06271E-15
 -1        95-2.23155E-15 9.54793E-16 3.07784E-15-6.14512E-15-1.31988E-15-8.41449E-16
 -1        96 5.54005E-15-1.93180E-15-6.69217E-15 1.48770E-15-3.36147E-15-1.25162E-15
 -1        97-2.62013E-15 4.39650E-15-5.10084E-15 5.42901E-15-1.23045E-15-3.98710E-15
 -1       151 0.00000E+00 0.00000E+00 0.00000E+00 0.00000E+00 0.00000E+00 0.00000E+00
 -1       152 0.00000E+00 0.00000E+00 0.00000E+00 0.00000E+00 0.00000E+00 0.00000E+00
 -1       154 0.00000E+00 0.00000E+00 0.00000E+00 0.00000E+00 0.00000E+00 0.00000E+00
 -1       155 0.00000E+00 0.00000E+00 0.00000E+00 0.00000E+00 0.00000E+00 0.00000E+00
 -1       156 2.52482E-20-3.45682E-20-2.04274E-15-3.18340E-20-1.77635E-15-2.66442E-15
 -1       157-2.44431E-21-3.54465E-20-2.66446E-15-1.83063E-20 1.99816E-16-3.19732E-15
 -1       158-3.01368E-20-4.03414E-20-2.57566E-15-3.68254E-22 4.44034E-16-2.84205E-15
 -1       159 2.09138E-20-2.05863E-20-2.48685E-15-4.18924E-20-1.05472E-15-2.84207E-15
 -1       160 7.61003E-21-1.34900E-20 4.44186E-17-1.85522E-20 1.42104E-15-3.73024E-15
 -1       161-5.69368E-21-9.78016E-21-3.99683E-16 1.32279E-21 1.59865E-15-2.48679E-15
 -1       162 2.28797E-20-6.60446E-21-1.15461E-15-5.66760E-20-3.55297E-16-1.95391E-15
 -1       163 8.21383E-21 8.46649E-21 2.22041E-15-2.32084E-20 1.28780E-15-2.30917E-15
 -1       164-6.45204E-21 2.07810E-20 6.03950E-15-1.08141E-21 2.44179E-16-3.73023E-15
 -1       165-1.06578E-15 1.44325E-15-2.04274E-15 1.79852E-15-1.99839E-15-2.97528E-15
 -1       166-1.77635E-16 2.44244E-15-2.66446E-15 5.77297E-16 1.55428E-15-3.33055E-15
 -1       167 7.10514E-16 2.30921E-15-2.57566E-15 5.99513E-16 1.53205E-15-2.79764E-15
 -1       168-1.77632E-15 1.42105E-15-2.48685E-15 2.83101E-15-8.32672E-16-1.57643E-15
 -1       169 3.55272E-16 1.08800E-15 4.44186E-17 1.77077E-15 2.64228E-15-3.20843E-15
 -1       170 2.48687E-15-1.99844E-16-3.99683E-16-2.66449E-16 3.75246E-15-2.70883E-15
 -1       171-7.10519E-16 1.39886E-15-1.15461E-15 2.53124E-15 3.10834E-16-2.66385E-16
 -1       172-1.77633E-15-2.66445E-16 2.22041E-15 1.72081E-15 2.37581E-15-5.10627E-16
 -1       173-2.84214E-15-2.70890E-15 6.03950E-15-2.28703E-15 3.46380E-15-1.82066E-15
 -1       174-1.06581E-15 1.44325E-15 2.39808E-15 1.79855E-15 3.06415E-15-8.43738E-16
 -1       175-1.77651E-16 2.44245E-15-1.77612E-16 5.77347E-16 2.39803E-15-1.33199E-16
 -1       176 7.10505E-16 2.30922E-15-3.10856E-15 5.99579E-16 2.21858E-17-1.33206E-16
 -1       177-1.77635E-15 1.42107E-15-1.95396E-15 2.83102E-15 2.38691E-15-1.57647E-15
 -1       178 3.55248E-16 1.08802E-15-1.99837E-15 1.77081E-15 1.08797E-15-3.66352E-16
 -1       179 2.48685E-15-1.99824E-16 1.02140E-15-2.66396E-16-1.13244E-15-1.99837E-15
 -1       180-7.10560E-16 1.39889E-15-3.55237E-16 2.53124E-15 9.54726E-16-2.39804E-15
 -1       181-1.77636E-15-2.66414E-16 7.99358E-16 1.72083E-15 2.77509E-16-5.10685E-16
 -1       182-2.84216E-15-2.70887E-15 2.48687E-15-2.28699E-15 4.88460E-16 2.26482E-15
 -1       183 1.10373E-20-7.99383E-16 2.39808E-15-2.75333E-15 8.88128E-16-2.13158E-15
 -1       184 1.77621E-16 8.87907E-17-1.77612E-16-2.48686E-15 1.48766E-15-1.50986E-15
 -1       185 3.55231E-16-2.13163E-15-3.10856E-15-3.10854E-15 2.08718E-15-1.59868E-15
 -1       186 2.13160E-15-1.57651E-15-1.95396E-15-1.24347E-15 1.69858E-15-1.59868E-15
 -1       187 1.42106E-15-7.66043E-16-1.99837E-15-2.10939E-15 1.33222E-15 3.77489E-16
 -1       188 7.10516E-16-1.86515E-15 1.02140E-15-3.15296E-15 2.66425E-16-4.88486E-16
 -1       189 2.84213E-15-2.35363E-15-3.55237E-16 1.88677E-16 1.75408E-15-1.82072E-15
 -1       190 2.66449E-15-1.62088E-15 7.99358E-16-1.21014E-15 1.67638E-15 1.99853E-16
 -1       191 2.48685E-15-1.59866E-15 2.48687E-15-2.07606E-15 1.22120E-15 3.10859E-15
 -1       192 2.68349E-20 4.03100E-20 4.08552E-15-2.33993E-20 1.55433E-16 1.86514E-15
 -1       193 5.05197E-21 3.09958E-20 1.50984E-15-1.98414E-20 1.37665E-15 5.32876E-16
 -1       194-1.67310E-20 3.11322E-20 6.65927E-17-2.06939E-20 1.42105E-15 1.24341E-15
 -1       195 3.56299E-20 2.56201E-20 2.75326E-15-7.78432E-21-8.43760E-16 1.68750E-15
 -1       196 1.52764E-20 1.80662E-20 7.77103E-16-7.51661E-21 5.55016E-17 1.24342E-15
 -1       197-5.07713E-21 2.29555E-20 2.44222E-16-9.27683E-21 1.11019E-15 1.59870E-15
 -1       198 3.00916E-20 1.09301E-20 3.37498E-15 4.60168E-21-4.21879E-16 1.68750E-15
 -1       199 1.59322E-20 5.13656E-21 2.57565E-15 3.07563E-21-7.54948E-16 1.11005E-16
 -1       200 1.77272E-21 1.47789E-20-9.77007E-16 1.90397E-21 1.24342E-15-5.66214E-16
 -1       201-2.66449E-15-1.99835E-15 4.08552E-15 1.04358E-15-5.10696E-16 5.77286E-16
 -1       202-6.21714E-16-2.64228E-15 1.50984E-15 1.34334E-15 1.01028E-15-4.71868E-16
 -1       203 1.42106E-15-6.21697E-16 6.65927E-17 3.99662E-16 1.50986E-15 5.21771E-16
 -1       204-8.88144E-16-5.77292E-16 2.75326E-15 8.10448E-16-1.02139E-15 6.99411E-16
 -1       205-8.88068E-17-2.13159E-15 7.77103E-16 7.66040E-16 3.21952E-16 6.16147E-16
 -1       206 7.10531E-16-1.77619E-16 2.44222E-16 1.49872E-16 8.49292E-16 1.33224E-15
 -1       207-3.15298E-15 8.43766E-16 3.37498E-15-3.33060E-16-1.11016E-16 1.28782E-15
 -1       208-2.25371E-15-1.62090E-15 2.57565E-15-2.99755E-16 1.44323E-16-9.77005E-16
 -1       209-1.35445E-15 2.66460E-16-9.77007E-16-1.66530E-16 6.32808E-16-2.34255E-15
 -1       210-3.30843E-15 3.54804E-20 3.90811E-15-6.03946E-15-9.76981E-16 2.93096E-15
 -1       211-2.40914E-15 2.84213E-15-1.31447E-14-3.31943E-15 2.70894E-15 2.63118E-15
 -1       212-1.50986E-15 2.84213E-15-1.42087E-15-2.38685E-15-2.66450E-15 2.14265E-15
 -1       213 2.84209E-15 8.82051E-21-2.13148E-15-4.61838E-15 7.66017E-16 3.06419E-15
 -1       214 1.95395E-15 2.48685E-15-8.61512E-15-3.25837E-15-1.28786E-15 2.88651E-16
 -1       215 1.06581E-15 2.84212E-15-2.84198E-15-3.41380E-15 4.55165E-16-3.16412E-15
 -1       216 6.39471E-15-1.78394E-20-9.32466E-16-3.55257E-15 2.50903E-15-1.11029E-16
 -1       217 4.26315E-15 2.13158E-15-5.32797E-16-3.19731E-15-2.08724E-15-7.54928E-16
 -1       218 2.13160E-15 2.84210E-15-4.45736E-15-4.08549E-15 1.79850E-15-1.39883E-15
 -1       219-2.84214E-15 6.49875E-21 3.90811E-15-2.48678E-15-3.99675E-15-5.59548E-15
 -1       220-2.13160E-15-5.32903E-15-1.31447E-14-3.39715E-15 4.97377E-15 1.29892E-15
 -1       221-1.42105E-15 4.26317E-15-1.42087E-15-6.58345E-15-3.37503E-15 8.00458E-15
 -1       222 1.73188E-15-8.82051E-21-2.13148E-15-5.15128E-15-4.44103E-16-1.77643E-16
 -1       223 1.66506E-16-2.48690E-15-8.61512E-15-2.66440E-15 1.86514E-15 1.11013E-16
 -1       224-1.39887E-15 2.48683E-15-2.84198E-15-1.59860E-15-3.03931E-16-2.77561E-16
 -1       225 4.97363E-15-2.41398E-20-9.32466E-16-4.97364E-15 3.10856E-15 8.87974E-17
 -1       226 2.84207E-15 3.55234E-16-5.32797E-16-2.81983E-15 1.95393E-15-1.63616E-15
 -1       227 7.10515E-16 7.10488E-16-4.45736E-15-1.23223E-15 9.90838E-16-3.36112E-15
 -1       251-5.67541E-14 1.42111E-15-2.24815E-14 3.73025E-15-5.47585E-15-1.23814E-14
 -1       253 3.98790E-14 1.42106E-15-5.80084E-14 2.13150E-15-4.47112E-15-1.03553E-14
 -1       254-4.39699E-14 6.21778E-16 8.21337E-15 4.77283E-16-3.85227E-15 2.88071E-15
 -1       256 7.18880E-15-1.27896E-14-8.21783E-15-1.15131E-14-5.73955E-15 8.48737E-15
 -1       257 8.27136E-15-1.58093E-14-1.33529E-15 1.85405E-14-2.89540E-14 6.77429E-15
 -1       259 1.39556E-14-2.36253E-14 1.32923E-15-9.99313E-16 1.65203E-14 1.59615E-14
 -1       260-4.15221E-14-3.37500E-15 2.35366E-14-3.55280E-16 5.98821E-15-5.86180E-15
 -1       262 4.37425E-14-3.37503E-15-8.43758E-15-8.65973E-15 8.93306E-15-5.50652E-15
 -1       263-3.06003E-14 1.28796E-15 7.15829E-15 1.22401E-14-7.01370E-15-2.20053E-15
 -1       265 1.20320E-14-6.52796E-15-7.16349E-15-7.38850E-15-2.48953E-15 2.20951E-14
 -1       266 1.17740E-14 4.44258E-16 4.53073E-13 1.31117E-14-2.05722E-14 9.98734E-15
 -1       268 1.17740E-14-1.14572E-14 4.56404E-13-6.47257E-15 1.02696E-14 5.82234E-14
 -1       269-2.62901E-14 5.32911E-15 1.39887E-14 6.75018E-15-1.23902E-14 4.33538E-14
 -1       271 2.48688E-14 5.32910E-15-1.44329E-14-2.66451E-15-7.50528E-15 4.75948E-14
 -1       272-1.72306E-14 3.19758E-15 6.10231E-15 2.32702E-14 7.14410E-15-4.27767E-14
 -1       274 1.11910E-14 9.77123E-16-6.11006E-15-6.03947E-15 1.80797E-14-1.97508E-14
 -1       275 1.52766E-14 5.68450E-15 4.52738E-13-4.97366E-15-2.40916E-14-1.52214E-14
 -1       277 2.09609E-14-1.03026E-14 4.56735E-13-3.42834E-14-7.88249E-15 2.65893E-14
 -1       278-4.51194E-14 1.77448E-16-1.48772E-14-3.42838E-14 2.79168E-15 9.13678E-15
 -1       279-4.97384E-14-9.32546E-16-1.48764E-14-3.62381E-14 1.06618E-15 2.13167E-14
 -1       280-3.97903E-14-2.04270E-15-1.48773E-14-3.17524E-14-6.60982E-16 4.48641E-14
 -1       281-7.56732E-14-4.54751E-14-3.41063E-13-7.77144E-15-8.47781E-14-5.02551E-14
 -1       282-1.66090E-14 3.46403E-15-1.13686E-13 9.68108E-15 2.71029E-15 2.14949E-14
 -1       283 2.78002E-14 4.28104E-14 1.13690E-13 2.82666E-14 8.23781E-14 8.75574E-14
 -1       284 2.73560E-14-4.26348E-15-5.68421E-14 2.39825E-15-1.38958E-13 1.37934E-13
 -1       285 4.31661E-14 2.27821E-14-2.84218E-13-1.76750E-14 7.99828E-14-3.41935E-14
 -1       286 1.50990E-14 1.85187E-14-5.11594E-13-1.27009E-14 2.49178E-13-2.29063E-13
 -1       287-3.63266E-14-2.22033E-15-1.32102E-14-2.75313E-15 2.72091E-16-2.72063E-14
 -1       288-1.35559E-14 6.43855E-16-1.32122E-14 1.01695E-14-7.10274E-16-2.27372E-14
 -1       289 1.09025E-14 3.50831E-15-1.32117E-14 2.47361E-14-1.69337E-15-1.47166E-14
 -1       290-3.46409E-15 2.77112E-14-2.27374E-13-1.19903E-14-4.30331E-14 1.98253E-14
 -1       291 2.24991E-14 3.73039E-15-1.56321E-13-6.51725E-15-3.29951E-14 3.46843E-14
 -1       292 5.01488E-14-2.15384E-14-8.52648E-14-1.03233E-15-1.94074E-14 1.89875E-14
 -1       293-2.17609E-14-7.81598E-15 1.44952E-12-1.24325E-15-1.37899E-14-1.10757E-13
 -1       294-2.89543E-14 2.53578E-14 2.27374E-13-1.84077E-14-1.17889E-14-2.60227E-14
 -1       295-3.44621E-14 3.65486E-14-9.94765E-13-3.51941E-14-9.79341E-15-5.95177E-15
 -1       296-1.86521E-14 4.26347E-15 2.44262E-14 9.23735E-15-7.26640E-15 1.71637E-14
 -1       297 3.10885E-15-3.55440E-16 2.44230E-14-1.43000E-14 3.55153E-16-5.50632E-15
 -1       298 4.05009E-14-4.97366E-15 2.44264E-14-3.26849E-14 7.97692E-15-9.70357E-15
 -1       299 2.14047E-14-1.42084E-15-3.97906E-13 1.25680E-14-5.06269E-14-7.20208E-14
 -1       300 3.14865E-14-1.66091E-14-2.84231E-14 2.75316E-15-7.99329E-15 9.77449E-16
 -1       301 3.19741E-14-2.47804E-14 3.41065E-13-3.50808E-15 4.95601E-14 6.82897E-14
 -1       302-6.25286E-14 5.11592E-14 1.13689E-13-4.11226E-14 8.18010E-14 5.57774E-14
 -1       303 7.81681E-15-2.80221E-14-1.13689E-13-1.57210E-14-5.12470E-14-9.59180E-15
 -1       304 4.33427E-14-1.19860E-13-3.41062E-13-1.35890E-14-1.34561E-13-1.04806E-13
 -1       305-4.29882E-14-2.60238E-14-6.39482E-14-2.01841E-14-3.86854E-14-3.78697E-14
 -1       307-8.52674E-15 2.39810E-14 1.63427E-13-4.14405E-15 3.84645E-14 2.50804E-14
 -1       308-2.96209E-14-2.84212E-15-1.77637E-13-8.31575E-15-1.04569E-14 6.43179E-15
 -1       310 4.81674E-14-3.55146E-16 1.20794E-13 9.75325E-15 6.61043E-14 7.96349E-14
 -1       311-2.53132E-14 1.43441E-14-5.32910E-14-4.18579E-15 4.22473E-15-1.68436E-15
 -1       313 1.95401E-14-1.27899E-14 1.77632E-14 6.21709E-15 6.65602E-15-7.55757E-15
 -1       314-2.63791E-14 2.28113E-20-2.30915E-14-1.51215E-14-1.47037E-15-9.70856E-15
 -1       316 1.02473E-14 3.98130E-20-2.30921E-14 7.24965E-15-1.30399E-15 2.59630E-14
 -1       317-4.15667E-14-2.98429E-14-5.68446E-14 5.79527E-15-9.89861E-14 9.15733E-14
 -1       319 2.39812E-14 3.62381E-14-5.68424E-14 1.85629E-14 1.56278E-13 8.00755E-16
 -1       320 8.34926E-15 9.94784E-15 7.81602E-13 2.93094E-15-4.66496E-14 2.04448E-15
 -1       322-1.59872E-14-1.99395E-14-6.67914E-13-3.06869E-14 1.50838E-13-1.31183E-13
 -1       323-7.19377E-15 1.13688E-14 5.29357E-13-3.73050E-15 1.10152E-14-2.17817E-14
 -1       325 1.88299E-14 4.52986E-15-6.21729E-13-1.20572E-14 1.27469E-14 4.19012E-14
 -1       326 1.38117E-14 7.10543E-15-2.73563E-13-4.75200E-15-4.40977E-14-1.39010E-15
 -1       328 4.15508E-14-1.21682E-14 1.66978E-13 1.16683E-14 3.66383E-14 7.54656E-14
 -1       329-7.10331E-16 7.99347E-15-2.40699E-13 8.08223E-15-4.17724E-14-2.45135E-14
 -1       331 4.33435E-14-2.60239E-14 1.28785E-13-1.72172E-14 3.84695E-15 4.83620E-14
 -1       332-3.09974E-14-1.64019E-19-2.30939E-14-3.90826E-15 3.89143E-15 3.98070E-15
 -1       334 2.50803E-14-1.83264E-19-2.30948E-14-8.12712E-15 7.65493E-15 3.56976E-15
 -1       335-2.89540E-14 5.68445E-15 8.95289E-13-2.67344E-14 1.44176E-13-2.32697E-14
 -1       337 6.04042E-15 5.81766E-15-5.54228E-13-4.10802E-15 3.65720E-14-4.36980E-14
 -1       338-1.84734E-14 3.26853E-14-2.41588E-13-8.63777E-15 6.84021E-15-3.71254E-14
 -1       340 3.05542E-14-8.38445E-14-9.94768E-14-1.69644E-14-5.30234E-14-6.34158E-14
 -1       341 0.00000E+00-1.10335E-15 4.61668E-15-3.37435E-16-1.03885E-15 2.22476E-16
 -1       343 0.00000E+00 1.10335E-15 4.61668E-15-2.54684E-16-1.45390E-16 2.21614E-16
 -1       344 0.00000E+00 1.10335E-15 4.61668E-15-2.54684E-16-1.45390E-16 2.21614E-16
 -1       346 0.00000E+00-1.10335E-15 4.61668E-15-3.37435E-16-1.03885E-15 2.22476E-16
 -1       347 0.00000E+00-1.10335E-15 4.61668E-15-3.37435E-16-1.03885E-15 2.22476E-16
 -1       349 0.00000E+00 1.10335E-15 4.61668E-15-2.54684E-16-1.45390E-16 2.21614E-16
 -1       350-8.80774E-15 2.08427E-14 1.02615E-13 3.63117E-14-1.52644E-13-3.95034E-15
 -1       351-7.58653E-16 6.92791E-15 1.02615E-13 1.44774E-14-1.19717E-13-1.48357E-15
 -1       352 7.29044E-15-6.98684E-15 1.02615E-13-7.35695E-15-8.67899E-14 9.83201E-16
 -1       353 8.80775E-15-3.54087E-14 2.55586E-13-1.58318E-14-1.23889E-13-8.36809E-15
 -1       354 7.58659E-16-1.76452E-14 2.55586E-13-7.94001E-15-7.70843E-14-2.07569E-15
 -1       355-7.29043E-15 1.18354E-16 2.55586E-13-4.81976E-17-3.02794E-14 4.21671E-15
 -1       356 5.32905E-15 4.26330E-15-3.08757E-12-6.02483E-15 2.29754E-13 2.47492E-14
 -1       357-5.92119E-16-1.95392E-15-2.16983E-13-2.25008E-15 1.14171E-13 3.93173E-14
 -1       358-6.51329E-15-8.17115E-15 2.65360E-12 1.52466E-15-1.41204E-15 5.38855E-14
 -1       359 2.96059E-21-7.28300E-15 1.79101E-13 1.02399E-14-1.38267E-13-6.15921E-15
 -1       361 2.96059E-21-3.43424E-15 1.79101E-13-3.70257E-15-5.85346E-14 2.59995E-15
 -1       362 7.06840E-15-1.55727E-14-1.41599E-12-1.09283E-14 5.29324E-14 8.19054E-15
 -1       364-6.90186E-15-4.02640E-15 1.45459E-12 7.38232E-16-1.58457E-14 2.90511E-14
 -1       365-1.73935E-15 1.25530E-14-1.49247E-12 1.51434E-14 3.85549E-14 1.03994E-14
 -1       367 3.88574E-16-7.57900E-15 1.37811E-12-2.91615E-15-4.41010E-14 2.74343E-14
 -1       368 1.47782E+02-4.53843E+01-4.63038E+01 1.93718E+00-3.46081E+00 2.41671E+00
 -1       369 1.31149E+01-3.95186E+00-3.45281E+00 2.80397E+00 1.48911E-01 3.50646E+00
 -1       370-1.47656E+02 4.76779E+01 4.63716E+01 2.06761E+00 2.53225E+00 2.54537E+00
 -1       371-1.28293E+01 6.24551E+00 3.52066E+00 3.52098E+00-1.07747E+00 3.37776E+00
 -1       376 1.18455E+02-3.62924E+01-3.62481E+01 1.70225E+00-1.08810E+00 2.23441E+00
 -1       377 1.04316E+01-3.56527E+00-3.00788E+00 3.11888E+00 1.98102E-01 3.49430E+00
 -1       378-1.18582E+02 3.64637E+01 3.62299E+01 1.67528E+00 9.42715E-01 2.20593E+00
 -1       379-1.04752E+01 3.73648E+00 2.98963E+00 3.38521E+00-3.43488E-01 3.52275E+00
 -1       384 6.37056E+01-1.86635E+01-1.86331E+01 1.26359E+00 9.39733E-01 1.81288E+00
 -1       385 5.66016E+00-1.74661E+00-1.54940E+00 2.92323E+00-8.68778E-02 3.18520E+00
 -1       386-6.36863E+01 1.86174E+01 1.86379E+01 1.26087E+00-9.02936E-01 1.80914E+00
 -1       387-5.64396E+00 1.70047E+00 1.55428E+00 2.92052E+00 1.23675E-01 3.18891E+00
 -1       392 2.23050E+01-6.05351E+00-6.01701E+00 8.61044E-01 1.39503E+00 1.19612E+00
 -1       393 1.97122E+00-7.69155E-01-2.97795E-01 1.80197E+00-1.25758E-01 1.98876E+00
 -1       394-2.23088E+01 6.06667E+00 6.01560E+00 8.64747E-01-1.40440E+00 1.19931E+00
 -1       395-1.97744E+00 7.82315E-01 2.96381E-01 1.80570E+00 1.16386E-01 1.98554E+00
 -1       400 6.53974E+00-1.15423E+00-1.09868E+00-2.18312E-01 1.78272E+00-1.66161E-01
 -1       401 5.82290E-01-3.97402E-01 1.96250E-01 3.10750E-01-1.56301E-01 2.73544E-01
 -1       402-6.54084E+00 1.14765E+00 1.09939E+00-2.20792E-01-1.77841E+00-1.68893E-01
 -1       403-5.76149E-01 3.90815E-01-1.95549E-01 3.08294E-01 1.60601E-01 2.76253E-01
 -1       408-1.82255E-13 9.80332E-14-1.60034E-14 2.27258E-14 1.17079E-14-9.28153E-14
 -1       409-5.93308E-14-7.51671E-14-4.97405E-14 1.92957E-14-2.25913E-14-4.74916E-14
 -1       410 1.75429E-13 2.94229E-14-4.97552E-14-6.49258E-14-3.94738E-14-8.48975E-14
 -1       411 3.41065E-14 2.94128E-14-1.59904E-14 5.87561E-14-9.17574E-14-4.82279E-14
 -1       412-1.16530E-13 1.14380E-14-3.28485E-14 6.43217E-14-1.62641E-14-1.09798E-13
 -1       413 5.34432E-14-4.45162E-14-4.97277E-14 6.94689E-17-3.10275E-14-2.07201E-14
 -1       414 1.15794E-13 2.94227E-14-3.28494E-14-1.44525E-14-7.64380E-14-9.57342E-15
 -1       415-8.11799E-14 4.20789E-14-1.59768E-14 5.00918E-14-4.00197E-14-1.27365E-13
 -1       416-1.28964E-13 9.52802E-13-1.12265E-12 8.40485E-15-4.68626E-13 3.15304E-14
 -1       417 1.81188E-14-9.52797E-13 9.23726E-13-3.53711E-14 6.46601E-13 2.51616E-14
 -1       418 1.34268E-13 2.27379E-13-8.95279E-13-1.11170E-13-5.47119E-13-5.00297E-14
 -1       419-3.41063E-14-2.27375E-13 1.15110E-12 7.14138E-14 4.54421E-13 7.00780E-14
 -1       424-9.32583E-14 1.81899E-12-2.61482E-12-3.26235E-14-1.25057E-12-3.52565E-13
 -1       425 5.91538E-14-1.81900E-12 1.47794E-12-4.91057E-14 1.13687E-12 3.54651E-16
 -1       426 7.21337E-14 6.82114E-13-2.16008E-12-1.45645E-13-1.25058E-12-3.90787E-14
 -1       427-3.97900E-14-2.27374E-13 1.93269E-12 1.98991E-13 6.82117E-13-8.90414E-14
 -1       428-1.56327E-14 5.06081E-18 3.97923E-13-7.60538E-14-3.41046E-13-2.27264E-13
 -1       429 6.19182E-14-4.54748E-13-3.41053E-13-9.09808E-14 4.54764E-13 3.17980E-14
 -1       430 6.76194E-15 2.27379E-13 8.52671E-13 4.34052E-14-5.68425E-13-1.29001E-14
 -1       431-6.93679E-14 9.09504E-13-3.41045E-13 1.16597E-13 2.27392E-13-3.06068E-13
 -1       432-8.24248E-14 3.33273E-18-5.11593E-12 6.96323E-14-1.48431E-12 3.73748E-13
 -1       433-2.27389E-14 9.09505E-13 2.84221E-12 4.40524E-14 2.04641E-12-8.81069E-14
 -1       434 3.97890E-14-4.41944E-13-3.06955E-12-5.25813E-14-5.11567E-13-2.84032E-15
 -1       435-2.27390E-14 4.41954E-13 3.97909E-12-8.25650E-14 1.08647E-12 5.82654E-14
 -1       440-5.40001E-14-2.27375E-12-1.15961E-11 1.36425E-13-5.34972E-12 1.36425E-12
 -1       441-6.82109E-14 3.18324E-12 4.32013E-12 3.41080E-14-7.34996E-18-1.84744E-13
 -1       442 2.84230E-14-6.69325E-13-3.86537E-12 1.05161E-13-6.82138E-13-4.83206E-14
 -1       443-6.82110E-14 2.00795E-12 2.04638E-12-4.02591E-13-9.44930E-14 2.38743E-13
 -1       444-6.25295E-14 4.54755E-13-1.59160E-12-2.84227E-14-2.16643E-12 4.39119E-13
 -1       445-2.27390E-14 6.94933E-13 2.27392E-13 4.26321E-14 1.02322E-12-5.96865E-14
 -1       446-4.97398E-14 6.69325E-13 1.13690E-12-1.03882E-13 1.20117E-13 5.25805E-14
 -1       447-5.96873E-14-6.94924E-13-4.77485E-12-9.25133E-14-1.35782E-12 6.87811E-13
 -1       448 9.07893E-15-5.95704E-15 2.07097E-14 2.33307E-14-1.19166E-14 7.20938E-15
 -1       449 6.90248E-15 1.03718E-14-8.90572E-15 1.24864E-14-2.07857E-15-2.99806E-14
 -1       450 1.46082E-14 3.65439E-14-2.58913E-16 2.24220E-15-4.62308E-15-1.12901E-14
 -1       451 8.63095E-15 2.02151E-14 2.58621E-14 1.30950E-14-1.44508E-14 1.95516E-14
 -1       457 1.43623E-15-5.61304E-15 1.21829E-14 3.69037E-15 6.89566E-15-1.62795E-14
 -1       458 1.72745E-15-6.31958E-15 1.64834E-14 1.58565E-15 2.97903E-15-1.33410E-14
 -1       459-2.40800E-15 5.80376E-15 1.18731E-14 1.63798E-15-7.29331E-16-2.31688E-15
 -1       460-3.28162E-15 6.51030E-15 5.82535E-15 3.49764E-15 3.48137E-15-4.17791E-15
 -1       466 2.63925E-14-4.71078E-15-1.37217E-15-1.16169E-14-1.92544E-14 4.71805E-15
 -1       467-2.98200E-14 1.16181E-14-1.49054E-14-2.24046E-14-9.46364E-15-1.96062E-14
 -1       468-2.21144E-14 3.76427E-14-6.25860E-15 2.52080E-15 5.52418E-16-9.15707E-16
 -1       469 2.59445E-14 2.13138E-14 3.78021E-15 1.33170E-14-9.22810E-15 1.70603E-14
 -1       475-1.41720E-15-3.59157E-15 7.73496E-15 4.83427E-15-1.27806E-15-3.55795E-15
 -1       476 2.73374E-15-4.29811E-15 3.99437E-15 4.35366E-15-3.84126E-15-3.83591E-15
 -1       477-1.40171E-15 3.59699E-15-6.15969E-16 1.89388E-15-1.26933E-15 7.18821E-15
 -1       478-6.13505E-15 4.30352E-15 1.37741E-15 2.12942E-15 1.58794E-15 8.54362E-15
 -3
    1PSTEP                        26           1           2          
    1PGM                1.000000E+00                                  
    1PGK                2.796392E+09                                  
    1PHID                         -1                                  
    1PSUBC                         0                                  
    1PMODE                         5                                  
  100CL  106 8416.259998         328                     2    6MODAL      1
 -4  ERROR       1    1
 -5  STR(%)      1    1    0    0
 -1         1 6.27892E+01
 -1         2 1.25015E+02
 -1         3 1.25015E+02
 -1         4 6.27892E+01
 -1         5 1.25015E+02
 -1         6 1.25015E+02
 -1         7 5.23411E+01
 -1         8 7.89533E+01
 -1         9 7.89533E+01
 -1        10 6.32809E+01
 -1        11 1.25015E+02
 -1        12 1.25015E+02
 -1        13 8.70953E+01
 -1        14 1.25015E+02
 -1        15 1.25015E+02
 -1        16 8.70953E+01
 -1        17 8.70953E+01
 -1        18 7.89533E+01
 -1        19 6.32809E+01
 -1        20 6.32809E+01
 -1        21 3.71151E+01
 -1        22 8.70953E+01
 -1        23 8.70953E+01
 -1        24 6.98550E+01
 -1        25 8.70953E+01
 -1        26 8.70953E+01
 -1        27 6.98550E+01
 -1        30 7.55968E+01
 -1        31 7.55968E+01
 -1        32 7.55968E+01
 -1        33 7.55968E+01
 -1        34 7.55968E+01
 -1        35 7.55968E+01
 -1        36 7.55968E+01
 -1        37 7.55968E+01
 -1        38 7.55968E+01
 -1        39 7.55968E+01
 -1        40 7.55968E+01
 -1        41 7.55968E+01
 -1        42 7.55968E+01
 -1        43 7.55968E+01
 -1        44 7.55968E+01
 -1        45 7.55968E+01
 -1        46 7.55968E+01
 -1        47 7.55968E+01
 -1        48 7.55968E+01
 -1        49 7.55968E+01
 -1        50 6.86805E+01
 -1        51 6.86805E+01
 -1        52 6.86805E+01
 -1        53 6.86805E+01
 -1        54 6.86805E+01
 -1        55 6.86805E+01
 -1        56 6.86805E+01
 -1        57 6.86805E+01
 -1        58 7.21386E+01
 -1        59 7.21386E+01
 -1        60 7.21386E+01
 -1        61 7.21386E+01
 -1        63 0.00000E+00
 -1        64 0.00000E+00
 -1        65 0.00000E+00
 -1        66 0.00000E+00
 -1        67 3.09118E+01
 -1        68 3.09118E+01
 -1        69 3.09118E+01
 -1        70 3.09118E+01
 -1        71 3.09118E+01
 -1        72 3.09118E+01
 -1        73 3.09118E+01
 -1        74 3.09118E+01
 -1        75 3.09118E+01
 -1        76 3.09118E+01
 -1        77 0.00000E+00
 -1        78 0.00000E+00
 -1        79 0.00000E+00
 -1        80 0.00000E+00
 -1        81 0.00000E+00
 -1        82 0.00000E+00
 -1        83 8.59644E+01
 -1        84 8.59644E+01
 -1        85 8.59644E+01
 -1        86 8.59644E+01
 -1        87 8.59644E+01
 -1        88 8.59644E+01
 -1        89 8.59644E+01
 -1        90 8.59644E+01
 -1        91 8.59644E+01
 -1        92 8.59644E+01
 -1        93 8.59644E+01
 -1        94 8.59644E+01
 -1        95 8.59644E+01
 -1        96 8.59644E+01
 -1        97 8.59644E+01
 -1       151 0.00000E+00
 -1       152 0.00000E+00
 -1       154 0.00000E+00
 -1       155 0.00000E+00
 -1       156 5.82692E+01
 -1       157 1.16768E+02
 -1       158 1.16768E+02
 -1       159 1.14974E+02
 -1       160 1.16768E+02
 -1       161 1.16768E+02
 -1       162 1.14974E+02
 -1       163 1.14974E+02
 -1       164 7.14348E+01
 -1       165 5.82692E+01
 -1       166 1.16768E+02
 -1       167 1.16768E+02
 -1       168 1.14974E+02
 -1       169 1.16768E+02
 -1       170 1.16768E+02
 -1       171 1.14974E+02
 -1       172 1.14974E+02
 -1       173 7.14348E+01
 -1       174 1.33969E+02
 -1       175 1.36179E+02
 -1       176 1.36179E+02
 -1       177 1.33969E+02
 -1       178 1.56242E+02
 -1       179 1.56242E+02
 -1       180 9.60585E+01
 -1       181 1.56242E+02
 -1       182 1.56242E+02
 -1       183 1.33969E+02
 -1       184 1.36179E+02
 -1       185 1.36179E+02
 -1       186 1.33969E+02
 -1       187 1.56242E+02
 -1       188 1.56242E+02
 -1       189 9.60585E+01
 -1       190 1.56242E+02
 -1       191 1.56242E+02
 -1       192 1.46205E+02
 -1       193 1.46205E+02
 -1       194 1.04659E+02
 -1       195 1.46205E+02
 -1       196 1.47422E+02
 -1       197 1.47422E+02
 -1       198 9.58400E+01
 -1       199 1.47422E+02
 -1       200 1.47422E+02
 -1       201 1.46205E+02
 -1       202 1.46205E+02
 -1       203 1.04659E+02
 -1       204 1.46205E+02
 -1       205 1.47422E+02
 -1       206 1.47422E+02
 -1       207 9.58400E+01
 -1       208 1.47422E+02
 -1       209 1.47422E+02
 -1       210 7.02286E+01
 -1       211 7.02286E+01
 -1       212 6.92375E+01
 -1       213 1.23931E+02
 -1       214 1.23931E+02
 -1       215 8.89313E+01
 -1       216 1.23931E+02
 -1       217 1.23931E+02
 -1       218 8.89313E+01
 -1       219 7.02286E+01
 -1       220 7.02286E+01
 -1       221 6.92375E+01
 -1       222 1.23931E+02
 -1       223 1.23931E+02
 -1       224 8.89313E+01
 -1       225 1.23931E+02
 -1       226 1.23931E+02
 -1       227 8.89313E+01
 -1       251 1.57713E+02
 -1       253 1.57713E+02
 -1       254 1.57713E+02
 -1       256 1.57713E+02
 -1       257 1.26125E+02
 -1       259 1.26125E+02
 -1       260 2.44587E+02
 -1       262 2.44587E+02
 -1       263 2.44587E+02
 -1       265 2.44587E+02
 -1       266 1.26125E+02
 -1       268 1.26125E+02
 -1       269 2.44587E+02
 -1       271 2.44587E+02
 -1       272 2.44587E+02
 -1       274 2.44587E+02
 -1       275 9.31099E+01
 -1       277 9.31099E+01
 -1       278 4.19351E+01
 -1       279 4.19351E+01
 -1       280 4.19351E+01
 -1       281 4.21520E+01
 -1       282 4.21520E+01
 -1       283 4.21520E+01
 -1       284 4.21520E+01
 -1       285 4.21520E+01
 -1       286 4.21520E+01
 -1       287 4.37303E+01
 -1       288 4.37303E+01
 -1       289 4.37303E+01
 -1       290 4.37303E+01
 -1       291 4.37303E+01
 -1       292 4.37303E+01
 -1       293 4.21520E+01
 -1       294 4.21520E+01
 -1       295 4.21520E+01
 -1       296 4.37303E+01
 -1       297 4.37303E+01
 -1       298 4.37303E+01
 -1       299 4.37303E+01
 -1       300 4.37303E+01
 -1       301 4.37303E+01
 -1       302 3.84832E+01
 -1       303 3.84832E+01
 -1       304 3.84832E+01
 -1       305 4.20436E+01
 -1       307 4.20436E+01
 -1       308 4.29412E+01
 -1       310 4.29412E+01
 -1       311 4.37303E+01
 -1       313 4.37303E+01
 -1       314 4.28327E+01
 -1       316 4.28327E+01
 -1       317 4.21520E+01
 -1       319 4.21520E+01
 -1       320 4.21520E+01
 -1       322 4.21520E+01
 -1       323 4.29412E+01
 -1       325 4.29412E+01
 -1       326 4.37303E+01
 -1       328 4.37303E+01
 -1       329 4.37303E+01
 -1       331 4.37303E+01
 -1       332 4.37303E+01
 -1       334 4.37303E+01
 -1       335 4.03176E+01
 -1       337 4.03176E+01
 -1       338 4.11067E+01
 -1       340 4.11067E+01
 -1       341 0.00000E+00
 -1       343 0.00000E+00
 -1       344 0.00000E+00
 -1       346 0.00000E+00
 -1       347 0.00000E+00
 -1       349 0.00000E+00
 -1       350 8.71282E+01
 -1       351 8.71282E+01
 -1       352 8.71282E+01
 -1       353 8.71282E+01
 -1       354 8.71282E+01
 -1       355 8.71282E+01
 -1       356 8.71282E+01
 -1       357 8.71282E+01
 -1       358 8.71282E+01
 -1       359 8.71282E+01
 -1       361 8.71282E+01
 -1       362 8.71282E+01
 -1       364 8.71282E+01
 -1       365 8.71282E+01
 -1       367 8.71282E+01
 -1       368 1.23705E+02
 -1       369 1.23705E+02
 -1       370 1.23705E+02
 -1       371 1.23705E+02
 -1       376 1.25234E+02
 -1       377 1.25234E+02
 -1       378 1.25234E+02
 -1       379 1.25234E+02
 -1       384 1.26383E+02
 -1       385 1.26383E+02
 -1       386 1.26383E+02
 -1       387 1.26383E+02
 -1       392 1.26383E+02
 -1       393 1.26383E+02
 -1       394 1.26383E+02
 -1       395 1.26383E+02
 -1       400 1.14358E+02
 -1       401 1.14358E+02
 -1       402 1.14358E+02
 -1       403 1.14358E+02
 -1       408 3.06875E+01
 -1       409 3.06875E+01
 -1       410 3.06875E+01
 -1       411 3.06875E+01
 -1       412 3.06875E+01
 -1       413 3.06875E+01
 -1       414 3.06875E+01
 -1       415 3.06875E+01
 -1       416 3.41822E+01
 -1       417 3.41822E+01
 -1       418 3.41822E+01
 -1       419 3.41822E+01
 -1       424 3.76769E+01
 -1       425 3.76769E+01
 -1       426 3.76769E+01
 -1       427 3.76769E+01
 -1       428 3.76769E+01
 -1       429 3.76769E+01
 -1       430 3.76769E+01
 -1       431 3.76769E+01
 -1       432 3.76769E+01
 -1       433 3.76769E+01
 -1       434 3.76769E+01
 -1       435 3.76769E+01
 -1       440 3.76769E+01
 -1       441 3.76769E+01
 -1       442 3.76769E+01
 -1       443 3.76769E+01
 -1       444 3.76769E+01
 -1       445 3.76769E+01
 -1       446 3.76769E+01
 -1       447 3.76769E+01
 -1       448 1.41335E+02
 -1       449 1.41335E+02
 -1       450 1.41335E+02
 -1       451 1.41335E+02
 -1       457 8.86396E+01
 -1       458 8.86396E+01
 -1       459 8.86396E+01
 -1       460 8.86396E+01
 -1       466 1.41335E+02
 -1       467 1.41335E+02
 -1       468 1.41335E+02
 -1       469 1.41335E+02
 -1       475 8.86396E+01
 -1       476 8.86396E+01
 -1       477 8.86396E+01
 -1       478 8.86396E+01
 -3
    1PSTEP                        27           1           2          
    1PGM                1.000000E+00                                  
    1PGK                3.021554E+09                                  
    1PHID                         -1                                  
    1PSUBC                         0                                  
    1PMODE                         6                                  
  100CL  107 8748.534406         328                     2    7MODAL      1
 -4  DISP        4    1
 -5  D1          1    2    1    0
 -5  D2          1    2    2    0
 -5  D3          1    2    3    0
 -5  ALL         1    2    0    0    1ALL
 -1         1 0.00000E+00 0.00000E+00 0.00000E+00
 -1         2 0.00000E+00 1.77636E-15 3.55271E-15
 -1         3 7.10543E-15 0.00000E+00 0.00000E+00
 -1         4 0.00000E+00 0.00000E+00 0.00000E+00
 -1         5 3.55271E-15 1.77636E-15-1.77636E-15
 -1         6 7.10543E-15 0.00000E+00 0.00000E+00
 -1         7 0.00000E+00 0.00000E+00 0.00000E+00
 -1         8 1.77636E-15 4.44089E-16 8.88178E-16
 -1         9 7.10543E-15 0.00000E+00 0.00000E+00
 -1        10 0.00000E+00 0.00000E+00 0.00000E+00
 -1        11 3.55271E-15 1.77636E-15-4.44089E-16
 -1        12 7.10543E-15 0.00000E+00 0.00000E+00
 -1        13 0.00000E+00 0.00000E+00 0.00000E+00
 -1        14 0.00000E+00 0.00000E+00 0.00000E+00
 -1        15 7.10543E-15 0.00000E+00 0.00000E+00
 -1        16 0.00000E+00 0.00000E+00 0.00000E+00
 -1        17 3.55271E-15 1.77636E-15 0.00000E+00
 -1        18 7.10543E-15 0.00000E+00 0.00000E+00
 -1        19 0.00000E+00 0.00000E+00 0.00000E+00
 -1        20 0.00000E+00 0.00000E+00 0.00000E+00
 -1        21 7.10543E-15 0.00000E+00 0.00000E+00
 -1        22 0.00000E+00 0.00000E+00 0.00000E+00
 -1        23 3.55271E-15 0.00000E+00-3.55271E-15
 -1        24 7.10543E-15 0.00000E+00 0.00000E+00
 -1        25 0.00000E+00 0.00000E+00 0.00000E+00
 -1        26 0.00000E+00-1.66533E-16-8.88178E-16
 -1        27 7.10543E-15 0.00000E+00 0.00000E+00
 -1        30 0.00000E+00 0.00000E+00 0.00000E+00
 -1        31-2.84216E-14 3.55269E-14 1.06592E-14
 -1        32-2.84210E-14 3.55269E-14 4.61863E-14
 -1        33 0.00000E+00 0.00000E+00 0.00000E+00
 -1        34 0.00000E+00 0.00000E+00 0.00000E+00
 -1        35 7.10558E-15-2.09398E-19 1.06581E-14
 -1        36 7.10611E-15-2.09398E-19 4.61853E-14
 -1        37 0.00000E+00 0.00000E+00 0.00000E+00
 -1        38 1.42109E-14 2.84217E-14 2.84217E-14
 -1        39-2.84213E-14 3.55269E-14 2.84228E-14
 -1        40 1.42109E-14 1.42109E-14 5.68434E-14
 -1        41 0.00000E+00 0.00000E+00 0.00000E+00
 -1        42 7.10543E-15-7.10543E-15 2.84217E-14
 -1        43 7.10585E-15-2.09398E-19 2.84217E-14
 -1        44 0.00000E+00-7.10543E-15 2.84217E-14
 -1        45 0.00000E+00 0.00000E+00 0.00000E+00
 -1        46 0.00000E+00 0.00000E+00 0.00000E+00
 -1        47-1.06580E-14 1.77634E-14 1.06587E-14
 -1        48-1.06575E-14 1.77634E-14 4.61858E-14
 -1        49 0.00000E+00 0.00000E+00 0.00000E+00
 -1        50 0.00000E+00 0.00000E+00 0.00000E+00
 -1        51 4.26327E-14-3.55273E-14 1.06571E-14
 -1        52 4.26332E-14-3.55273E-14 4.61842E-14
 -1        53 0.00000E+00 0.00000E+00 0.00000E+00
 -1        54 0.00000E+00-2.84217E-14 2.84217E-14
 -1        55 4.26330E-14-3.55273E-14 2.84207E-14
 -1        56 0.00000E+00-2.84217E-14 5.68434E-14
 -1        57 0.00000E+00 0.00000E+00 0.00000E+00
 -1        58 0.00000E+00 0.00000E+00 0.00000E+00
 -1        59 2.48692E-14-1.77638E-14 1.06576E-14
 -1        60 2.48697E-14-1.77638E-14 4.61848E-14
 -1        61 0.00000E+00 0.00000E+00 0.00000E+00
 -1        63 0.00000E+00 0.00000E+00 0.00000E+00
 -1        64 0.00000E+00 0.00000E+00 0.00000E+00
 -1        65 0.00000E+00 0.00000E+00 0.00000E+00
 -1        66 0.00000E+00 4.44089E-16 2.22045E-16
 -1        67 0.00000E+00 0.00000E+00 0.00000E+00
 -1        68 0.00000E+00 0.00000E+00 0.00000E+00
 -1        69 0.00000E+00 0.00000E+00 0.00000E+00
 -1        70 0.00000E+00 7.10543E-15 2.22045E-16
 -1        71 0.00000E+00 0.00000E+00 0.00000E+00
 -1        72 0.00000E+00 0.00000E+00 0.00000E+00
 -1        73 0.00000E+00 0.00000E+00 0.00000E+00
 -1        74 3.55271E-15 3.55271E-15-2.22045E-16
 -1        75 3.55271E-15 0.00000E+00 0.00000E+00
 -1        76-3.55271E-15 0.00000E+00 0.00000E+00
 -1        77 0.00000E+00 0.00000E+00 0.00000E+00
 -1        78 0.00000E+00 0.00000E+00 0.00000E+00
 -1        79 0.00000E+00 0.00000E+00 0.00000E+00
 -1        80 1.53146E-02-1.53146E-02 7.10543E-15
 -1        81 1.53146E-02 3.06293E-02 1.77636E-15
 -1        82-3.06293E-02-1.53146E-02-1.06581E-14
 -1        83 0.00000E+00 0.00000E+00 0.00000E+00
 -1        84 0.00000E+00 0.00000E+00 0.00000E+00
 -1        85 0.00000E+00 0.00000E+00 0.00000E+00
 -1        86-3.10862E-15 3.55271E-15 1.87628E-14
 -1        87-4.44089E-16 0.00000E+00-7.10543E-15
 -1        88 3.55271E-15 0.00000E+00-3.55271E-15
 -1        89 0.00000E+00 0.00000E+00 0.00000E+00
 -1        90 0.00000E+00 0.00000E+00 0.00000E+00
 -1        91 0.00000E+00 0.00000E+00 0.00000E+00
 -1        92 0.00000E+00-1.77636E-15-8.88178E-16
 -1        93 1.77636E-15-1.77636E-15-7.10543E-15
 -1        94-1.77636E-15 0.00000E+00-1.11022E-16
 -1        95-1.42109E-14 0.00000E+00 0.00000E+00
 -1        96 7.10543E-15-3.55271E-15 0.00000E+00
 -1        97 0.00000E+00-7.10543E-15-1.77636E-15
 -1       151 0.00000E+00 0.00000E+00 0.00000E+00
 -1       152 1.22323E-20 0.00000E+00 0.00000E+00
 -1       154 0.00000E+00 0.00000E+00 0.00000E+00
 -1       155 0.00000E+00 0.00000E+00 0.00000E+00
 -1       156 0.00000E+00 0.00000E+00 0.00000E+00
 -1       157 0.00000E+00 0.00000E+00 0.00000E+00
 -1       158 0.00000E+00 0.00000E+00 0.00000E+00
 -1       159 0.00000E+00 0.00000E+00 0.00000E+00
 -1       160 0.00000E+00 0.00000E+00 0.00000E+00
 -1       161 0.00000E+00 0.00000E+00 0.00000E+00
 -1       162 0.00000E+00 0.00000E+00 0.00000E+00
 -1       163 0.00000E+00 0.00000E+00 0.00000E+00
 -1       164 0.00000E+00 0.00000E+00 0.00000E+00
 -1       165-1.06581E-14-1.77636E-15-8.88178E-15
 -1       166-7.10543E-15 8.88178E-16-1.77636E-15
 -1       167-1.42109E-14 1.77636E-15 3.55271E-15
 -1       168-7.10543E-15 4.44089E-16-1.06581E-14
 -1       169-1.42109E-14 1.77636E-15 0.00000E+00
 -1       170-1.42109E-14 1.77636E-15 1.15463E-14
 -1       171-1.42109E-14 2.44249E-15-4.44089E-15
 -1       172-1.06581E-14 0.00000E+00 0.00000E+00
 -1       173-1.06581E-14-8.88178E-16 1.06581E-14
 -1       174-1.06581E-14-1.77636E-15-8.88178E-15
 -1       175-7.10543E-15 8.88178E-16-1.77636E-15
 -1       176-1.42109E-14 1.77636E-15 3.55271E-15
 -1       177-7.10543E-15 4.44089E-16-1.06581E-14
 -1       178-1.42109E-14 1.77636E-15-6.90253E-31
 -1       179-1.42109E-14 1.77636E-15 1.15463E-14
 -1       180-1.42109E-14 2.44249E-15-4.44089E-15
 -1       181-1.06581E-14 2.34193E-31-2.46519E-31
 -1       182-1.06581E-14-8.88178E-16 1.06581E-14
 -1       183-2.13163E-14 1.77636E-15-8.21565E-15
 -1       184-2.84217E-14 1.77636E-15-3.55271E-15
 -1       185-2.13163E-14-1.77636E-15 1.42109E-14
 -1       186-2.13163E-14 1.77636E-15-1.06581E-14
 -1       187-2.84217E-14 8.88178E-16-1.77636E-15
 -1       188-2.84217E-14-3.55271E-15 2.66454E-15
 -1       189-2.84217E-14 2.22045E-15 3.77476E-15
 -1       190-2.13163E-14 1.33227E-15 0.00000E+00
 -1       191-2.13163E-14-3.55271E-15 1.42109E-14
 -1       192 0.00000E+00 0.00000E+00 0.00000E+00
 -1       193 0.00000E+00 0.00000E+00 0.00000E+00
 -1       194 0.00000E+00 0.00000E+00 0.00000E+00
 -1       195 0.00000E+00 0.00000E+00 0.00000E+00
 -1       196 0.00000E+00 0.00000E+00 0.00000E+00
 -1       197 0.00000E+00 0.00000E+00 0.00000E+00
 -1       198 0.00000E+00 0.00000E+00 0.00000E+00
 -1       199 0.00000E+00 0.00000E+00 0.00000E+00
 -1       200 0.00000E+00 0.00000E+00 0.00000E+00
 -1       201-3.55271E-15 4.44089E-16 3.55271E-15
 -1       202 1.77636E-15 3.55271E-15 0.00000E+00
 -1       203 0.00000E+00 3.55271E-15-2.22045E-16
 -1       204 3.55271E-15-8.88178E-16 0.00000E+00
 -1       205-1.77636E-15 2.22045E-16 4.44089E-16
 -1       206 0.00000E+00 0.00000E+00-8.88178E-16
 -1       207 3.55271E-15-8.88178E-16 0.00000E+00
 -1       208 8.88178E-16 0.00000E+00-1.77636E-15
 -1       209 2.22045E-16 3.55271E-15-1.77636E-15
 -1       210 0.00000E+00 0.00000E+00-7.10543E-15
 -1       211-2.66454E-14 0.00000E+00 3.90799E-14
 -1       212-2.13163E-14-7.10543E-14 5.68434E-14
 -1       213 0.00000E+00 0.00000E+00-4.08562E-14
 -1       214 1.77636E-14 3.55271E-14 8.70415E-14
 -1       215 2.84217E-14-2.84217E-14 3.55271E-15
 -1       216 0.00000E+00 0.00000E+00-1.44329E-15
 -1       217 2.84217E-14-2.13163E-14 6.21725E-14
 -1       218 4.97380E-14-4.26326E-14 7.81597E-14
 -1       219 0.00000E+00 0.00000E+00 1.42109E-14
 -1       220 8.88178E-15-2.48690E-14-1.95399E-13
 -1       221-1.95399E-14-5.68434E-14 5.68434E-14
 -1       222 0.00000E+00 0.00000E+00-7.81597E-14
 -1       223-1.24345E-14-4.26326E-14-4.79616E-14
 -1       224-1.37668E-14-4.97380E-14-3.19744E-14
 -1       225 0.00000E+00 0.00000E+00 1.24345E-14
 -1       226 1.42109E-14-2.84217E-14 1.03029E-13
 -1       227 3.55271E-15-7.10543E-14 2.84217E-14
 -1       251 0.00000E+00 0.00000E+00 1.21569E-14
 -1       253 0.00000E+00-0.00000E+00-1.21569E-14
 -1       254-3.55271E-13-7.81597E-14-1.93268E-12
 -1       256 4.22773E-13 8.88178E-14-1.81899E-12
 -1       257-4.83169E-13-4.61853E-13-6.02540E-12
 -1       259 4.54747E-13-1.70530E-13-6.36646E-12
 -1       260 0.00000E+00 0.00000E+00-5.50671E-14
 -1       262 0.00000E+00-0.00000E+00 5.50671E-14
 -1       263-4.68958E-13-4.26326E-14-2.44427E-12
 -1       265 4.61853E-13 4.26326E-14-2.50111E-12
 -1       266-5.89750E-13-1.27898E-13-7.38964E-12
 -1       268 5.08038E-13 5.68434E-14-7.78755E-12
 -1       269 0.00000E+00 0.00000E+00-2.19824E-14
 -1       271 0.00000E+00-0.00000E+00 2.19824E-14
 -1       272-5.54223E-13 8.88178E-14-2.50111E-12
 -1       274 4.97380E-13 1.42109E-14-2.61480E-12
 -1       275-6.53699E-13 1.42109E-13-8.64020E-12
 -1       277 5.68434E-13 2.41585E-13-8.18545E-12
 -1       278 0.00000E+00 0.00000E+00 9.55902E-14
 -1       279 0.00000E+00 0.00000E+00 0.00000E+00
 -1       280 0.00000E+00-0.00000E+00-9.55902E-14
 -1       281-2.84217E-13-2.84217E-14-9.09495E-13
 -1       282-6.03961E-14-1.77636E-14-1.13687E-12
 -1       283 1.98952E-13 0.00000E+00-1.13687E-12
 -1       284-3.55271E-13-1.70530E-13-2.72848E-12
 -1       285-7.34968E-14-1.35003E-13-3.63798E-12
 -1       286 1.42109E-13-1.13687E-13-2.72848E-12
 -1       287 0.00000E+00 0.00000E+00 5.11813E-14
 -1       288 0.00000E+00 0.00000E+00 0.00000E+00
 -1       289 0.00000E+00-0.00000E+00-5.11813E-14
 -1       290-2.01617E-13 0.00000E+00-9.45022E-13
 -1       291-7.28306E-14 1.42109E-14-1.09779E-12
 -1       292 5.15143E-14-2.84217E-14-1.17240E-12
 -1       293-3.80140E-13-1.13687E-13-3.22586E-12
 -1       294-7.46070E-14-9.94760E-14-2.68585E-12
 -1       295 2.20268E-13-1.13687E-13-2.82796E-12
 -1       296 0.00000E+00 0.00000E+00-4.87388E-14
 -1       297 0.00000E+00 0.00000E+00 0.00000E+00
 -1       298 0.00000E+00-0.00000E+00 4.87388E-14
 -1       299-1.13687E-13 2.84217E-14-4.54747E-13
 -1       300 5.15143E-14-4.26326E-14-9.09495E-13
 -1       301 1.70530E-13-1.13687E-13-9.09495E-13
 -1       302-5.68434E-14-2.27374E-13-2.27374E-12
 -1       303 1.56319E-13-3.05533E-13-2.72848E-12
 -1       304 3.97904E-13-5.11591E-13-1.36424E-12
 -1       305-1.42109E-13 3.55271E-14-1.13687E-13
 -1       307-8.52651E-14-7.10543E-15-1.13687E-13
 -1       308-3.26850E-13 0.00000E+00-6.82121E-13
 -1       310 1.70530E-13 2.84217E-14-1.02318E-12
 -1       311-1.91402E-13-5.68434E-14-3.94351E-13
 -1       313-1.84297E-14 5.68434E-14-3.65930E-13
 -1       314-1.20792E-13-5.32907E-15 2.75335E-14
 -1       316-1.20792E-13 5.32907E-15 1.06581E-14
 -1       317-2.27374E-13-5.68434E-14-2.72848E-12
 -1       319 1.42109E-13-5.68434E-14-2.27374E-12
 -1       320-2.70006E-13-5.68434E-14-3.41061E-12
 -1       322 1.13687E-13-1.13687E-13-3.41061E-12
 -1       323-1.95399E-13 0.00000E+00-2.50466E-12
 -1       325 2.84217E-13-2.55795E-13-1.75504E-12
 -1       326-1.56319E-13 0.00000E+00-9.09495E-13
 -1       328 1.42109E-13-5.68434E-14-1.02318E-12
 -1       329 0.00000E+00 2.13163E-14-2.27374E-13
 -1       331 8.52651E-14-1.06581E-13-3.41061E-13
 -1       332-6.75016E-14 5.32907E-14-4.97380E-14
 -1       334 3.90799E-14 4.64628E-14-8.17124E-14
 -1       335-1.56319E-13-1.70530E-13-2.72848E-12
 -1       337 2.84217E-13-2.27374E-13-2.72848E-12
 -1       338 2.84217E-14-2.27374E-13-9.09495E-13
 -1       340 1.98952E-13-3.97904E-13-9.09495E-13
 -1       341 0.00000E+00 0.00000E+00 1.24900E-16
 -1       343 0.00000E+00-0.00000E+00-1.24900E-16
 -1       344 0.00000E+00 0.00000E+00 6.93889E-17
 -1       346 0.00000E+00-0.00000E+00-6.93889E-17
 -1       347-4.44089E-16-1.42109E-14-4.26326E-14
 -1       349-8.88178E-16 1.06581E-14-5.68434E-14
 -1       350 0.00000E+00 0.00000E+00-3.10862E-15
 -1       351 0.00000E+00 0.00000E+00 0.00000E+00
 -1       352 0.00000E+00-0.00000E+00 3.10862E-15
 -1       353 0.00000E+00 0.00000E+00-1.83187E-15
 -1       354 0.00000E+00 0.00000E+00 0.00000E+00
 -1       355 0.00000E+00-0.00000E+00 1.83187E-15
 -1       356-7.10543E-15 7.46070E-14 1.02318E-12
 -1       357 0.00000E+00 0.00000E+00 5.68434E-13
 -1       358 2.13163E-14-5.68434E-14 6.82121E-13
 -1       359-8.88178E-15 5.68434E-14 1.77636E-15
 -1       361 1.06581E-14-4.26326E-14 1.77636E-15
 -1       362 5.32907E-15 7.10543E-14 2.27374E-13
 -1       364-7.10543E-15-4.26326E-14 3.97904E-13
 -1       365 1.77636E-15 4.61853E-14 2.27374E-13
 -1       367-3.55271E-15-2.84217E-14 3.41061E-13
 -1       368-8.88178E-15-1.97620E-14 2.85882E-14
 -1       369 8.88178E-15-3.99680E-15-1.11022E-14
 -1       370-1.77086E-14 2.37588E-14 3.55271E-15
 -1       371-3.12624E-31-6.26165E-14-2.10387E-14
 -1       376 2.40898E-13 5.40012E-13 1.20792E-13
 -1       377-2.27374E-13 4.12115E-13 7.81597E-14
 -1       378-2.20268E-13 5.54223E-13 4.97380E-14
 -1       379 1.27898E-13 5.40012E-13 1.20792E-13
 -1       384 3.97904E-13 1.44951E-12 6.11067E-13
 -1       385-3.26850E-13 2.21689E-12 1.98952E-13
 -1       386-4.44089E-13 1.90425E-12 4.54747E-13
 -1       387 3.00204E-13 1.79057E-12 1.98952E-13
 -1       392 1.42109E-13 3.99325E-12 5.11591E-13
 -1       393-5.96856E-13 4.13891E-12-2.41585E-13
 -1       394-6.99885E-13 4.78906E-12-4.61853E-13
 -1       395 3.97904E-13 4.17799E-12-1.84741E-13
 -1       400 5.32907E-13 6.76437E-12-3.01270E-12
 -1       401-6.11067E-13 5.48539E-12-3.97904E-13
 -1       402-6.07514E-13 7.07701E-12-6.82121E-13
 -1       403 4.54747E-13 6.82121E-12 2.27374E-13
 -1       408 1.66295E+01-1.05342E+00 1.11650E+01
 -1       409-1.66295E+01-8.14231E-01-1.13567E+01
 -1       410 3.31679E+01 1.86765E+00 1.40942E+01
 -1       411-3.37252E-10 1.73971E+00-1.39025E+01
 -1       412 0.00000E+00-1.80368E+00-9.58760E-02
 -1       413-8.31474E+00 5.26708E-01 1.36875E+00
 -1       414 0.00000E+00 1.80368E+00 9.58760E-02
 -1       415 8.31474E+00-5.26708E-01-1.36875E+00
 -1       416 2.12122E+02 6.36394E+02-3.87379E+01
 -1       417-2.50379E+02 6.36740E+02-6.51540E+01
 -1       418-2.14919E+02 6.36147E+02-4.06375E+01
 -1       419 2.54791E+02 6.39529E+02-6.33366E+01
 -1       424 3.97665E+02 2.32913E+03-1.85315E+02
 -1       425-4.68464E+02 2.33203E+03-2.01157E+02
 -1       426-3.93382E+02 2.33100E+03-1.84666E+02
 -1       427 4.65390E+02 2.33162E+03-2.01675E+02
 -1       428-3.54679E+01 2.32448E+03-1.93744E+02
 -1       429-4.29272E+02 2.33757E+03-1.92435E+02
 -1       430 3.60775E+01 2.32713E+03-1.93687E+02
 -1       431 4.29813E+02 2.33841E+03-1.92947E+02
 -1       432 4.50437E+02 4.65899E+03-3.84302E+02
 -1       433-5.31761E+02 4.65962E+03-3.90111E+02
 -1       434-4.49874E+02 4.65950E+03-3.85314E+02
 -1       435 5.32516E+02 4.65941E+03-3.89133E+02
 -1       440 4.81687E+02 7.21745E+03-5.98576E+02
 -1       441-5.69081E+02 7.21742E+03-6.03550E+02
 -1       442-4.80862E+02 7.21863E+03-5.98806E+02
 -1       443 5.69474E+02 7.81859E+03-6.03271E+02
 -1       444-4.36451E+01 7.21874E+03-6.00965E+02
 -1       445-5.25680E+02 7.21679E+03-6.01274E+02
 -1       446 4.42468E+01 7.21965E+03-6.00930E+02
 -1       447 5.26339E+02 7.21652E+03-6.01039E+02
 -1       448-2.84217E-14-3.33067E-16-2.13163E-14
 -1       449 5.68434E-14 6.66134E-16 7.10543E-14
 -1       450 1.42109E-14-3.33067E-16 2.13163E-14
 -1       451-4.26326E-14 9.76370E-15-7.10543E-14
 -1       457-3.55271E-15 1.11022E-15-1.42109E-14
 -1       458 1.42109E-14-1.33227E-15-1.06581E-14
 -1       459-3.55271E-15 2.22045E-16 1.06581E-14
 -1       460-7.10543E-15-1.68197E-14 1.42109E-14
 -1       466-7.81597E-14-4.44089E-15 3.55271E-15
 -1       467-1.42109E-14 8.88178E-16-3.55271E-14
 -1       468-2.84217E-14 3.55271E-15 3.55271E-15
 -1       469 6.39488E-14-4.44055E-14 5.68434E-14
 -1       475-4.97380E-14 1.66533E-15 1.06581E-14
 -1       476-1.42109E-14-1.33227E-15 1.42109E-14
 -1       477 0.00000E+00-3.33067E-16 7.10543E-15
 -1       478 7.10543E-15-3.02656E-14-3.55271E-15
 -3
    1PSTEP                        28           1           2          
    1PGM                1.000000E+00                                  
    1PGK                3.021554E+09                                  
    1PHID                         -1                                  
    1PSUBC                         0                                  
    1PMODE                         6                                  
  100CL  107 8748.534406         328                     2    7MODAL      1
 -4  STRESS      6    1
 -5  SXX         1    4    1    1
 -5  SYY         1    4    2    2
 -5  SZZ         1    4    3    3
 -5  SXY         1    4    1    2
 -5  SYZ         1    4    2    3
 -5  SZX         1    4    3    1
 -1         1-2.03256E-15 8.39878E-17-2.27463E-16 2.86943E-11 7.93706E-16 5.73895E-11
 -1         2 1.04013E-10-1.07621E-11-1.39888E-10 5.73894E-11-8.60834E-11 5.73894E-11
 -1         3 4.01717E-10 1.72165E-10 1.72165E-10-2.86939E-11 7.93706E-16-5.73891E-11
 -1         4 2.00860E-10 8.60831E-11 8.60834E-11 2.86940E-11 1.88237E-16-2.86948E-11
 -1         5 2.27758E-10 9.14622E-11 1.70373E-10 1.43473E-11-5.02155E-11-5.73893E-11
 -1         6 2.00855E-10 8.60811E-11 8.60814E-11-2.86942E-11 1.88237E-16 2.86947E-11
 -1         7 1.00428E-10 4.30398E-11 4.30397E-11 7.17285E-12-1.37350E-16 1.43478E-11
 -1         8 1.47054E-10-1.07634E-11 3.58383E-12-2.86949E-11 6.45629E-11 2.86949E-11
 -1         9 3.01285E-10 1.29122E-10 1.29122E-10-7.17364E-12-1.37350E-16-1.43471E-11
 -1        10 2.00860E-10 8.60839E-11 8.60842E-11 2.86941E-11 9.27050E-16-7.17338E-12
 -1        11 1.14774E-10-5.73909E-11-5.73907E-11-5.73894E-11-7.17306E-12-8.07794E-27
 -1        12 2.00855E-10 8.60816E-11 8.60819E-11-2.86945E-11 9.27050E-16 7.17338E-12
 -1        13-2.36873E-15-5.68147E-16-6.08751E-17-4.44936E-16 3.16730E-16 2.37594E-16
 -1        14 1.79336E-10 6.45610E-11 3.58667E-11-4.78250E-17-1.07603E-11 4.78250E-17
 -1        15 4.01717E-10 1.72165E-10 1.72166E-10 2.98398E-16 3.16730E-16-9.10561E-17
 -1        16 2.00860E-10 8.60827E-11 8.60833E-11 2.86944E-11-2.60195E-16 5.35263E-16
 -1        17 2.22378E-10 1.64992E-10 7.89084E-11 5.73893E-11-4.93206E-12-1.43473E-11
 -1        18 2.00855E-10 8.60807E-11 8.60813E-11-2.86943E-11-2.60195E-16-3.43963E-16
 -1        19-1.43110E-15 6.85451E-16 1.17595E-15 1.22503E-17 5.00631E-16 2.26875E-16
 -1        20 2.11618E-10 9.68432E-11 1.11191E-10 5.73894E-11-8.60836E-11-5.73894E-11
 -1        21 4.01718E-10 1.72166E-10 1.72167E-10 3.94850E-16 5.00631E-16-6.33975E-16
 -1        22 2.00860E-10 8.60833E-11 8.60842E-11-2.84108E-16 3.18004E-16-5.73888E-11
 -1        23 1.12756E-10-4.70969E-12-1.16798E-10 3.23117E-27-7.17345E-12 5.73894E-11
 -1        24 2.00855E-10 8.60811E-11 8.60819E-11 2.84108E-16 3.18004E-16 5.73892E-11
 -1        25-2.06821E-15-1.08809E-15 8.25790E-16-2.69051E-12-7.77156E-17-1.43471E-11
 -1        26 1.75301E-10 5.51452E-11 3.18320E-11-5.73894E-11 1.16572E-11-5.73894E-11
 -1        27 4.01717E-10 1.72164E-10 1.72166E-10 2.69010E-12-7.77156E-17 1.43467E-11
 -1        30 2.29559E-09 7.65206E-10 9.18253E-10 6.31278E-10-3.82572E-11 6.98226E-10
 -1        31-4.13202E-09-1.98949E-09-1.83646E-09-5.73923E-11-3.82572E-11-5.06925E-10
 -1        32-4.36153E-09-2.21903E-09-2.37208E-09 4.01720E-10 3.82623E-11-6.02568E-10
 -1        33 2.06601E-09 5.35640E-10 3.82609E-10 1.72166E-10 3.82623E-11 1.29125E-09
 -1        34 6.02582E-10 2.58254E-10 2.58258E-10-2.67816E-10-1.53037E-10 6.98230E-10
 -1        35-2.00862E-10-8.60865E-11-8.60991E-11 1.91296E-10-1.53037E-10-5.06947E-10
 -1        36 6.02629E-10 2.58266E-10 2.58254E-10 1.91297E-10-1.14777E-10 3.53889E-10
 -1        37-2.00879E-10-8.60866E-11-8.60822E-11-2.67817E-10-1.14777E-10 4.11290E-10
 -1        38-9.18216E-10-6.12144E-10-4.59105E-10 2.86943E-10-3.82572E-11 9.56504E-11
 -1        39-4.24678E-09-2.10426E-09-2.10427E-09 1.72164E-10 2.58333E-15-5.54747E-10
 -1        40-1.14776E-09-8.41696E-10-9.94735E-10 2.86943E-10 3.82623E-11 3.44339E-10
 -1        41 2.18080E-09 6.50423E-10 6.50431E-10 4.01722E-10 2.58333E-15 9.94736E-10
 -1        42 2.00860E-10 8.60836E-11 8.60795E-11-3.82601E-11-1.53037E-10 9.56413E-11
 -1        43 2.00884E-10 8.60900E-11 8.60774E-11 1.91297E-10-1.33907E-10-7.65292E-11
 -1        44 2.00875E-10 8.60899E-11 8.60858E-11-3.82601E-11-1.14777E-10 3.82589E-10
 -1        45 2.00852E-10 8.60836E-11 8.60879E-11-2.67817E-10-1.33907E-10 5.54760E-10
 -1        46 1.44910E-09 5.11739E-10 5.88266E-10 1.81729E-10-1.14777E-10 6.98228E-10
 -1        47-2.16644E-09-1.03779E-09-9.61274E-10 6.69489E-11-1.14777E-10-5.06936E-10
 -1        48-1.99423E-09-1.09516E-09-1.32472E-09 2.96506E-10-3.82572E-11-1.43469E-10
 -1        49 8.17805E-10 1.10006E-10-1.19544E-10-4.78278E-11-3.82572E-11 8.32138E-10
 -1        50-1.20520E-09-5.16514E-10-5.16514E-10-6.31280E-10 3.82610E-11 6.98242E-10
 -1        51 3.61551E-09 1.54950E-09 1.54948E-09 5.73925E-11 3.82610E-11-5.06977E-10
 -1        52 3.84512E-09 1.77908E-09 2.08514E-09 5.73925E-11 3.82610E-11-5.26101E-10
 -1        53-9.75659E-10-2.86963E-10 1.91152E-11-6.31280E-10 3.82610E-11 1.36778E-09
 -1        54 1.20516E-09 5.16492E-10 5.16484E-10-2.86944E-10 3.82610E-11 9.56322E-11
 -1        55 3.73032E-09 1.66429E-09 1.81731E-09 5.73925E-11 3.82610E-11-5.16539E-10
 -1        56 1.43473E-09 7.46057E-10 1.05213E-09-2.86944E-10 3.82610E-11 4.20840E-10
 -1        57-1.09043E-09-4.01739E-10-2.48699E-10-6.31280E-10 3.82610E-11 1.03301E-09
 -1        58-3.01325E-10-1.29139E-10-1.29139E-10-4.49546E-10-3.82585E-11 6.98236E-10
 -1        59 1.70732E-09 7.31702E-10 7.31685E-10 1.24347E-10-3.82585E-11-5.06963E-10
 -1        60 2.33865E-09 1.13345E-09 1.43951E-09 1.24347E-10-3.82585E-11-6.69764E-11
 -1        61-4.73506E-10-7.17545E-11 2.34324E-10-4.49546E-10-3.82585E-11 9.08665E-10
 -1        63 4.48359E-12 4.48359E-12 1.04617E-11 0.00000E+00 5.97812E-12 0.00000E+00
 -1        64 4.48359E-12 4.48359E-12 1.04617E-11 0.00000E+00 5.97812E-12 0.00000E+00
 -1        65 4.48359E-12 4.48359E-12 1.04617E-11 0.00000E+00 5.97812E-12 0.00000E+00
 -1        66 4.48359E-12 4.48359E-12 1.04617E-11 0.00000E+00 5.97812E-12 0.00000E+00
 -1        67-2.24168E-11-2.24152E-11-5.23075E-11 2.34678E-15 9.56500E-11 1.91300E-10
 -1        68-4.48242E-12-4.48086E-12-1.04606E-11 2.34678E-15-9.56501E-11 1.91300E-10
 -1        69-4.48242E-12-4.48086E-12-1.04606E-11 2.34678E-15-9.56501E-11-1.91300E-10
 -1        70-3.99039E-10-9.72938E-10-3.57192E-10-8.60848E-10 1.13584E-10-1.73366E-10
 -1        71-1.34496E-11-1.34481E-11-3.13840E-11 2.34678E-15-4.88913E-17 1.91300E-10
 -1        72-4.48242E-12-4.48086E-12-1.04606E-11 2.34678E-15-9.56501E-11-4.88913E-17
 -1        73-1.34496E-11-1.34481E-11-3.13840E-11 2.34678E-15-4.88913E-17-4.88913E-17
 -1        74-2.10728E-10-4.97677E-10-2.04750E-10-4.30423E-10 1.04617E-10 8.96715E-12
 -1        75-2.01761E-10-4.88709E-10-1.83826E-10-4.30423E-10 8.96715E-12 8.96715E-12
 -1        76-2.01761E-10-4.88709E-10-1.83826E-10-4.30423E-10 8.96715E-12-1.82333E-10
 -1        77 3.37160E-11 2.16385E-10 5.43061E-11 3.65720E-11 2.09100E-10 8.21538E-11
 -1        78 3.01081E-10 1.55307E-09 5.35522E-10 2.50378E-10-5.86462E-11 1.94855E-12
 -1        79 3.37160E-11 2.16385E-10 5.43061E-11 3.65720E-11 2.09100E-10 8.21538E-11
 -1        80 3.01081E-10 1.55307E-09 5.35522E-10 2.50378E-10-5.86462E-11 1.94855E-12
 -1        81 3.37160E-11 2.16385E-10 5.43061E-11 3.65720E-11 2.09100E-10 8.21538E-11
 -1        82 3.01081E-10 1.55307E-09 5.35522E-10 2.50378E-10-5.86462E-11 1.94855E-12
 -1        83 2.13771E-10-3.99586E-10-9.86165E-10 1.10295E-10 2.86353E-11-5.68644E-10
 -1        84 8.16059E-10 2.02707E-10 4.19179E-10 1.10297E-10-1.14835E-10 5.63216E-10
 -1        85 5.87402E-10-2.59531E-11-1.14364E-10 1.10297E-10-2.90192E-10 9.29379E-11
 -1        86 2.09687E-09 6.58539E-10 2.52298E-09-2.75293E-10-8.53882E-10-2.70486E-10
 -1        87 3.59164E-11-2.54618E-10-9.46818E-10 3.34476E-10 2.16202E-10-2.05718E-10
 -1        88 1.51102E-09 5.74846E-10 3.42961E-10 3.34476E-10 6.47623E-10 2.41643E-10
 -1        89 5.14915E-10-9.84395E-11-2.83493E-10 1.10296E-10-4.30999E-11-2.71414E-12
 -1        90 7.01730E-10 8.83768E-11 1.52407E-10 1.10297E-10-2.02514E-10 3.28077E-10
 -1        91 4.00586E-10-2.12769E-10-5.50265E-10 1.10296E-10-1.30778E-10-2.37853E-10
 -1        92 1.06640E-09 2.01960E-10 7.88082E-10 2.95915E-11-3.18840E-10-2.38102E-10
 -1        93 7.73468E-10 1.60114E-10-3.01928E-10 3.34476E-10 4.31913E-10 1.79626E-11
 -1        94 1.80395E-09 6.16692E-10 1.43297E-09 2.95915E-11-1.03130E-10-1.44213E-11
 -1        95 1.15532E-09 1.29476E-10 7.68408E-10-8.24992E-11-4.12623E-10-4.19565E-10
 -1        96 4.25988E-10-2.59557E-11-2.63820E-10 2.22387E-10 5.06835E-11 1.78749E-10
 -1        97 1.04921E-09 2.74447E-10 1.14299E-10 2.22387E-10 1.78716E-10 1.67291E-10
 -1       151 0.00000E+00 0.00000E+00 0.00000E+00 0.00000E+00 0.00000E+00 0.00000E+00
 -1       152 0.00000E+00 0.00000E+00 0.00000E+00 0.00000E+00 0.00000E+00 0.00000E+00
 -1       154 0.00000E+00 0.00000E+00 0.00000E+00 0.00000E+00 0.00000E+00 0.00000E+00
 -1       155 0.00000E+00 0.00000E+00 0.00000E+00 0.00000E+00 0.00000E+00 0.00000E+00
 -1       156-2.15205E-10-2.15207E-10-5.02149E-10 2.82944E-16-2.86951E-11-1.72166E-10
 -1       157-4.30392E-11-4.30413E-11-1.00429E-10 1.70922E-16 1.43462E-11-1.14776E-10
 -1       158 8.60845E-11 8.60826E-11 2.00859E-10 1.07665E-15 2.86928E-11-2.29554E-10
 -1       159-2.58249E-10-2.58250E-10-6.02582E-10 3.22583E-16 7.17294E-12-1.14776E-10
 -1       160 1.33146E-15 5.33688E-16 5.88639E-16 1.10404E-16 2.86937E-11-2.29554E-10
 -1       161 2.79773E-10 2.79772E-10 6.52799E-10 1.01775E-16 2.86937E-11-2.29554E-10
 -1       162-1.07600E-10-1.07601E-10-2.51072E-10 2.22281E-16 3.94540E-11-2.29554E-10
 -1       163 1.13929E-15 8.42090E-16-4.66500E-16-2.00843E-17-8.97778E-16-1.72165E-10
 -1       164 2.58250E-10 2.58251E-10 6.02581E-10-8.73100E-16-1.43476E-11-1.72165E-10
 -1       165 3.94595E-11-3.58399E-12-3.62263E-10 1.00431E-10-5.73897E-11-5.73863E-11
 -1       166-1.21950E-10-3.58677E-11-1.21951E-10-8.60838E-11 4.30411E-11-1.43438E-11
 -1       167-3.15641E-10-8.60855E-11 2.86907E-11 1.43480E-11 1.57819E-10-1.43469E-10
 -1       168-6.08862E-10-3.11155E-10-7.23637E-10-7.17345E-12 4.30414E-11 5.73928E-11
 -1       169-2.11622E-10-1.11191E-10-9.68440E-11-1.79341E-11 4.30412E-11-5.02120E-11
 -1       170 2.47491E-10 2.04448E-10 6.20518E-10 2.86947E-11 8.60832E-11-4.30383E-11
 -1       171 1.41684E-10 9.14673E-11-1.16566E-10-1.54234E-10 1.39885E-10-1.57817E-10
 -1       172 5.73898E-11-5.73890E-11-8.00450E-16 3.04880E-11-7.45116E-16-5.02120E-11
 -1       173 1.93686E-10 1.07603E-10 5.38018E-10 4.30414E-11-2.86950E-11 3.77935E-15
 -1       174 2.70815E-10 2.27768E-10 1.77553E-10 1.00432E-10 2.86942E-11-5.73860E-11
 -1       175-1.21948E-10-3.58658E-11-1.21949E-10-8.60826E-11 4.30428E-11-2.43902E-10
 -1       176-1.43473E-10 8.60854E-11 4.30422E-10 1.43499E-11 7.17377E-11-2.86922E-11
 -1       177-3.50610E-10-5.29050E-11-1.21055E-10-7.17349E-12 5.73877E-11-5.73852E-11
 -1       178-2.54664E-10-1.54233E-10-1.97276E-10-1.79335E-11-7.82015E-16-5.02132E-11
 -1       179-2.47491E-10-2.90532E-10-5.34437E-10 2.86953E-11-2.86947E-11-4.30406E-11
 -1       180 4.48357E-10 3.98139E-10 5.99001E-10-1.54234E-10 9.68420E-11-1.57817E-10
 -1       181 5.73915E-11-5.73879E-11 1.82241E-15 3.04880E-11 2.15189E-11-5.02131E-11
 -1       182 2.15229E-11-6.45604E-11 1.36304E-10 4.30407E-11-5.73900E-11 1.51626E-15
 -1       183-3.85577E-10-1.56024E-10-1.34502E-10 3.78594E-16 1.79337E-11-9.68413E-11
 -1       184-6.45584E-11-9.32556E-11-1.21949E-10-2.86937E-11 4.30423E-11-1.63198E-10
 -1       185 6.16937E-10 3.29990E-10 7.31716E-10-1.72166E-10-2.43904E-10 1.72170E-10
 -1       186-3.96343E-10-1.59614E-10-1.66787E-10-7.17363E-11 1.18364E-10-8.60802E-11
 -1       187-2.49284E-10-1.41679E-10-1.91896E-10 1.43478E-11 1.43466E-11-1.21950E-10
 -1       188-2.36729E-10-2.65424E-10-5.23676E-10-7.17361E-11-8.60840E-11-1.57819E-10
 -1       189 6.11558E-10 3.96346E-10 6.47424E-10-1.29126E-10 2.29555E-10-2.90530E-10
 -1       190 2.11626E-10 1.11194E-10 9.68465E-11 6.81498E-11 5.02142E-11-8.78751E-11
 -1       191 8.60862E-11 8.60873E-11 2.00867E-10 3.58670E-11 1.43473E-10 5.73905E-11
 -1       192 8.60856E-11 8.60863E-11 2.00863E-10-6.96997E-16 7.17362E-12-5.73890E-11
 -1       193 1.26786E-15 2.58764E-15 7.56511E-16-4.44207E-16 5.73892E-11 2.86949E-11
 -1       194-5.37915E-12-5.37708E-12-1.25525E-11 6.22785E-16 5.73886E-11 3.45494E-16
 -1       195 1.64767E-15 1.66910E-15 7.54303E-16-7.58603E-16-1.43472E-11 5.73894E-11
 -1       196 1.07616E-11 1.07617E-11 2.51086E-11-6.13626E-16 3.58670E-12-2.86946E-11
 -1       197-2.15201E-11-2.15195E-11-5.02142E-11-2.07850E-16-4.69356E-16 1.21330E-16
 -1       198 4.31361E-15 2.05453E-15 2.21732E-15-7.18435E-16-1.43468E-11 5.73890E-11
 -1       199-4.30404E-11-4.30418E-11-1.00430E-10-6.17661E-16 2.18275E-16 1.43471E-11
 -1       200-4.30428E-11-4.30430E-11-1.00431E-10-8.09491E-16 5.73895E-11 3.58723E-12
 -1       201 3.55097E-10 1.39888E-10 2.97707E-10 1.64994E-10-5.02158E-11-1.14778E-10
 -1       202 1.97283E-11-1.45265E-10-3.76614E-11-3.22818E-11 6.45627E-11-1.79327E-12
 -1       203-1.91895E-10-2.49283E-10-1.41679E-10 4.06512E-16 4.66281E-11-3.58657E-12
 -1       204-3.17434E-10-1.66787E-10-1.45266E-10 7.53230E-11-4.30420E-11 6.45629E-11
 -1       205-1.32712E-10-1.32712E-10-6.09755E-11-4.00534E-16-1.07607E-11-3.58683E-11
 -1       206 7.89110E-11 2.15221E-11-7.17242E-12-1.79355E-12-1.25545E-11-2.15209E-11
 -1       207-1.50644E-10-6.45616E-11-6.45614E-11 1.43469E-11-1.43470E-11 2.86943E-11
 -1       208-1.42575E-10-9.59475E-11-1.46162E-10 7.89099E-11-3.58682E-11-2.57206E-16
 -1       209 5.37991E-12 1.41679E-10-3.04874E-11 6.09756E-11 4.30420E-11 3.58716E-12
 -1       210-9.89888E-10-1.29052E-10 5.59721E-10 4.62040E-15-5.45200E-10 7.46063E-10
 -1       211-5.42323E-09-3.93112E-09-1.26542E-08 1.43480E-10 3.73042E-10 1.09039E-09
 -1       212 1.33438E-09 2.53954E-09 1.16231E-09-3.44325E-10-6.31282E-10 3.15625E-10
 -1       213 1.00474E-10-4.73413E-10-1.67853E-09 5.73897E-10 4.57172E-11 2.06601E-09
 -1       214-2.72596E-09-3.52940E-09-7.54661E-09 2.15217E-10-1.07606E-09-1.29131E-10
 -1       215 8.61434E-11 2.00922E-10-1.40591E-09-4.59105E-10-1.72180E-10-2.03015E-09
 -1       216 1.94319E-09 1.02498E-09 1.47336E-09-3.44334E-10 6.36641E-10 1.02760E-09
 -1       217 1.01869E-09-1.62120E-09 1.53524E-09-1.72163E-10-5.16525E-10 4.13383E-10
 -1       218-3.44292E-10-1.49206E-09-2.63981E-09 5.24120E-15 7.46045E-10-4.87781E-10
 -1       219 1.01873E-09 7.31776E-10 1.42056E-09-4.01730E-10-1.49212E-09-3.38598E-09
 -1       220-6.66429E-09-6.92255E-09-1.39240E-08-8.03447E-10 1.97994E-09 9.18222E-10
 -1       221-1.43467E-09-2.86901E-10-5.16338E-10-4.23236E-10-1.20517E-09 4.10333E-09
 -1       222-1.60686E-09-1.20513E-09-2.41024E-09-6.88673E-10-1.43545E-11 4.87792E-10
 -1       223-3.70337E-09-3.53837E-09-7.84252E-09-3.58678E-10 1.14778E-09-1.14785E-10
 -1       224-1.10828E-09-1.29479E-09-2.21295E-09 7.17462E-11-5.73898E-10-4.23244E-10
 -1       225 1.13974E-09 6.80652E-10 1.12903E-09-4.59116E-10 1.46342E-09 1.46340E-09
 -1       226 1.43476E-09 1.83651E-09 2.69737E-09-1.43469E-10 2.32425E-09-1.00432E-10
 -1       227-2.32422E-09-2.66853E-09-3.58673E-09-4.08890E-10 5.16497E-10-1.95121E-09
 -1       251-8.58552E-09-4.73364E-09-3.19661E-09-5.60949E-10-7.58157E-10 1.15726E-09
 -1       253 3.31970E-09-1.01832E-09-3.84327E-09 3.17876E-10-2.14157E-10 2.43283E-09
 -1       254 2.07942E-09 1.76853E-09 1.07405E-08-1.43975E-09 5.07196E-10-7.47194E-10
 -1       256 8.76457E-09 2.65718E-09 1.02148E-08 1.30908E-10 6.14716E-10-9.73037E-10
 -1       257-2.27528E-08-2.04482E-08-3.80057E-08-1.68282E-09-1.49819E-09 1.20021E-09
 -1       259-2.07069E-08-2.12072E-08-3.78297E-08-1.86947E-10 3.76318E-10-5.27052E-10
 -1       260-3.00274E-09 3.18642E-09 1.07746E-08-2.24381E-10-5.65475E-10-7.59031E-10
 -1       262 1.19196E-08 8.31079E-09 1.13806E-08 2.24382E-10-4.44231E-10-1.03600E-09
 -1       263-1.78504E-09 2.93977E-09-2.08000E-09-8.78815E-10-5.55078E-11-1.60682E-10
 -1       265 6.15114E-09 3.82667E-09-2.20413E-09 3.27229E-10-3.79217E-10-1.31647E-09
 -1       266-2.02862E-08-9.41087E-09-3.76218E-08-1.15928E-09-3.15065E-09 1.39129E-09
 -1       268-1.78480E-08-9.74001E-09-3.69880E-08 1.12206E-10-4.48748E-10-6.43325E-10
 -1       269-8.89340E-09-2.53596E-09 2.41445E-09 4.67454E-10 1.64662E-09-8.09861E-10
 -1       271 8.38279E-09 3.67078E-09 3.94660E-09 7.47938E-11 1.34511E-09-9.85159E-10
 -1       272-8.29254E-09-7.91861E-09-1.17844E-08-1.86988E-10-1.05063E-11-3.80381E-10
 -1       274 5.26222E-10-7.21494E-09-1.16884E-08 7.10534E-10-7.65445E-10 4.55194E-10
 -1       275 1.29642E-08 1.58063E-08 4.12642E-08-7.29243E-10-9.32561E-10-1.14759E-09
 -1       277 1.57211E-08 1.58707E-08 4.23195E-08 8.41419E-10 2.59674E-09 6.98862E-10
 -1       278-1.58794E-08-1.31120E-08-2.29496E-08-1.64549E-09-1.19907E-09 8.84092E-10
 -1       279-1.86833E-08-1.41583E-08-2.42206E-08-2.18773E-09 4.02010E-10 2.39339E-09
 -1       280-2.07498E-08-1.48410E-08-2.51274E-08-2.69259E-09 2.00307E-09 5.09947E-09
 -1       281-3.38272E-08-3.30044E-08-6.98036E-08-1.85582E-09 5.34780E-09-9.24731E-09
 -1       282-5.73032E-09-6.42802E-09-1.99281E-08-8.27413E-10 4.91777E-09-7.62908E-09
 -1       283 2.10260E-08 1.84830E-08 2.89542E-08-4.67465E-11 3.70232E-09-1.22385E-09
 -1       284-1.90915E-07-1.82090E-07-3.77752E-07 2.80476E-10-9.49892E-09 2.61453E-08
 -1       285-8.18858E-10 2.83435E-09 6.65989E-10-7.53801E-10-4.71202E-09 1.30889E-08
 -1       286 1.87021E-07 1.86422E-07 3.77895E-07-1.60805E-09-1.30890E-08 8.40968E-09
 -1       287-1.57300E-08-8.55909E-09-1.51805E-08-6.35756E-10-4.33569E-10-4.13645E-09
 -1       288-1.13123E-08-6.65812E-09-1.30958E-08 1.34631E-09-8.92844E-10-2.63652E-09
 -1       289-6.98625E-09-4.80200E-09-1.10555E-08 3.02916E-09-1.35213E-09-7.25117E-10
 -1       290-1.61139E-08-1.83297E-08-3.82248E-08 2.24383E-09-1.34630E-09-6.69493E-09
 -1       291-5.24338E-09-9.56513E-09-2.08027E-08-3.41251E-10-3.14137E-09-2.89363E-09
 -1       292 5.47960E-09-9.29308E-10-3.47269E-09-3.21615E-09-4.33809E-09-8.87266E-10
 -1       293 7.63587E-08 8.01640E-08 1.75003E-07-1.38368E-09 7.47943E-09 1.31825E-08
 -1       294 9.30440E-09 1.35583E-08 3.53988E-08 1.39011E-09 4.78684E-09 9.27444E-09
 -1       295-5.84615E-08-5.42917E-08-1.04853E-07 4.56246E-09 2.09423E-09 1.36502E-09
 -1       296 5.16003E-09 1.71950E-09 9.09382E-09 1.72025E-09 5.46927E-10-1.62384E-09
 -1       297 6.36793E-09 2.52885E-09 9.75931E-09-3.73954E-10 1.38369E-09-3.59016E-09
 -1       298 6.61820E-09 2.86680E-09 9.95367E-09-2.46822E-09 2.22045E-09-3.16295E-09
 -1       299-6.70512E-08-6.70512E-08-1.39752E-07-1.58470E-09 3.25356E-09 8.58529E-09
 -1       300-2.27792E-08-2.39011E-08-4.72368E-08-1.38837E-09-7.29266E-10 3.29092E-09
 -1       301 2.23680E-08 2.05730E-08 4.60031E-08-1.74833E-09-2.72998E-09 2.78348E-09
 -1       302-1.48797E-07-1.45805E-07-2.88214E-07 1.73898E-09 3.81454E-09-8.67615E-09
 -1       303 4.36081E-08 3.91390E-08 9.09718E-08 1.68286E-09-1.27152E-09-4.78691E-09
 -1       304 2.36543E-07 2.22781E-07 4.69901E-07 1.15933E-09 6.80629E-09 6.28266E-09
 -1       305-1.82730E-08-1.60666E-08-2.72484E-08-2.56404E-09-6.88340E-10-4.72901E-09
 -1       307 1.73753E-08 1.69640E-08 2.72481E-08-4.42915E-10 5.85117E-12-3.04965E-09
 -1       308-2.85116E-08-3.03581E-08-6.46884E-08 8.60134E-10 1.86987E-09-5.59035E-09
 -1       310 7.56279E-09 2.35756E-09 7.87131E-10-2.39810E-09-7.47931E-10 4.59828E-10
 -1       311-6.48706E-09-4.12171E-09-6.98261E-09 1.10323E-09 1.76819E-09-5.74421E-10
 -1       313 6.13478E-09 5.20276E-09 1.12020E-08 1.06583E-09-5.66798E-10-1.46611E-09
 -1       314-8.89481E-09-4.81854E-09-5.70681E-09-4.67458E-11 4.67508E-11-9.46762E-11
 -1       316-4.31662E-09-2.56363E-09-3.45196E-09 7.94699E-10 5.14221E-10 2.43666E-09
 -1       317-8.01657E-08-7.67252E-08-1.63187E-07-4.34751E-10-6.17022E-10 9.55877E-10
 -1       319 1.25427E-07 1.24828E-07 2.57664E-07-8.41557E-11-2.72997E-09 5.39827E-10
 -1       320-6.41083E-08-6.01536E-08-1.20587E-07-1.47721E-09-2.99174E-09 1.17450E-08
 -1       322 5.19228E-08 5.50454E-08 1.14882E-07 1.60807E-09-3.14132E-09-3.48040E-09
 -1       323 6.34113E-08 6.31962E-08 1.36533E-07 3.36560E-10 2.99180E-10 1.01435E-09
 -1       325 9.78023E-09 6.80710E-09 1.56706E-08-1.49603E-10-5.98354E-09 3.51060E-09
 -1       326-2.86223E-08-3.04127E-08-6.47431E-08-2.38402E-10 2.58040E-09 1.91833E-09
 -1       328 2.53115E-08 2.19947E-08 4.49568E-08-1.62751E-09-1.60809E-09 2.78696E-10
 -1       329-3.13961E-08-3.01994E-08-6.01172E-08 1.85352E-09 2.55941E-10 1.32232E-09
 -1       331 1.80505E-08 1.32578E-08 3.42061E-08-7.91168E-10-2.57456E-09-4.01496E-09
 -1       332-4.87592E-09-3.23047E-09-4.91330E-09-8.04023E-10-7.05579E-10-9.10412E-10
 -1       334-1.32948E-09-1.48377E-09-3.16671E-09-3.19321E-10 3.46223E-10 1.37784E-09
 -1       335-6.79143E-08-6.47076E-08-1.23346E-07 1.55197E-09 7.62900E-09 1.17798E-09
 -1       337 5.43423E-08 4.99854E-08 1.14010E-07 2.87957E-09 2.09420E-09-1.88860E-09
 -1       338-1.17005E-07-1.19697E-07-2.37274E-07-8.36778E-10 9.25576E-09-4.61859E-09
 -1       340 1.17384E-07 1.11400E-07 2.34662E-07-2.60847E-09 3.06655E-09 1.62672E-09
 -1       341-3.42629E-10-4.39511E-10-5.98760E-10-2.19575E-12 2.28202E-11-4.07699E-12
 -1       343-1.84812E-10-1.19095E-10-4.40943E-10-3.64753E-12-2.28202E-11-3.71405E-12
 -1       344-1.84812E-10-1.19095E-10-4.40943E-10-3.64753E-12-2.28202E-11-3.71405E-12
 -1       346-3.42629E-10-4.39511E-10-5.98760E-10-2.19575E-12 2.28202E-11-4.07699E-12
 -1       347-3.42629E-10-4.39511E-10-5.98760E-10-2.19575E-12 2.28202E-11-4.07699E-12
 -1       349-1.84812E-10-1.19095E-10-4.40943E-10-3.64753E-12-2.28202E-11-3.71405E-12
 -1       350 6.50788E-09 7.73886E-09 1.32380E-08 1.04088E-09-2.64961E-09 1.58010E-10
 -1       351 6.47259E-09 6.62841E-09 1.28599E-08 5.92118E-11-9.45322E-10 1.09072E-10
 -1       352 6.43730E-09 5.51796E-09 1.24818E-08-9.22456E-10 7.58962E-10 6.01351E-11
 -1       353 8.49609E-09 7.98189E-09 1.65078E-08-7.35474E-10-3.42092E-09-1.15651E-10
 -1       354 8.13816E-09 8.29399E-09 1.64927E-08-2.05685E-10-1.16347E-09-7.79135E-11
 -1       355 7.78024E-09 8.60608E-09 1.64776E-08 3.24104E-10 1.09397E-09-4.01758E-11
 -1       356-5.73317E-08-5.71603E-08-1.17075E-07 2.92943E-10 3.77800E-09-7.37953E-10
 -1       357 8.94089E-11-3.52498E-11 3.06186E-10 1.83869E-10 1.48549E-09 5.14208E-10
 -1       358 5.75105E-08 5.70898E-08 1.17687E-07 7.47949E-11-8.07011E-10 1.76637E-09
 -1       359 7.50199E-09 7.86037E-09 1.48729E-08 1.52703E-10-3.03526E-09 2.11792E-11
 -1       361 7.10877E-09 7.06202E-09 1.44797E-08-2.99176E-10 9.26468E-10 9.97964E-12
 -1       362-2.44178E-08-2.45892E-08-5.02834E-08-2.21265E-10 1.78541E-10-4.26802E-10
 -1       364 3.26454E-08 3.28480E-08 6.70823E-08 1.99449E-10 1.43481E-10 8.63097E-10
 -1       365-2.54119E-08-2.47107E-08-5.19183E-08 6.66911E-10 5.64197E-10-2.89972E-10
 -1       367 3.19739E-08 3.13039E-08 6.50844E-08-4.23830E-10-2.40244E-11 9.13253E-10
 -1       368 1.95470E-08 1.90818E-09-5.57029E-09 3.65496E-09-5.66946E-09 8.08802E-10
 -1       369-2.11677E-08 1.20705E-09-4.49598E-09 2.27761E-09-8.45127E-10-2.15126E-09
 -1       370-6.97358E-09 2.46302E-08 9.95996E-09 3.10706E-09 3.23041E-09-4.65487E-09
 -1       371 1.61491E-08 1.77919E-08 1.34623E-09 2.17449E-09-1.59393E-09 1.30019E-09
 -1       376 4.78598E-09-3.42394E-08-9.80350E-09-1.46702E-08-8.91068E-10 3.29706E-09
 -1       377-3.38586E-08-3.98562E-08-2.90502E-08-3.65866E-09 1.17076E-08 6.98176E-09
 -1       378-2.06506E-08-7.63986E-10-1.14250E-08 5.43453E-10 3.18672E-09 1.32264E-08
 -1       379 1.70932E-08 4.46681E-09 7.43562E-09 1.23209E-09-9.41197E-09-2.09056E-10
 -1       384 5.63113E-08 1.65539E-07-1.30745E-08 2.15966E-10-4.42072E-09-2.95937E-09
 -1       385 1.31826E-07 2.62998E-07 1.79078E-07 2.36630E-09-5.83846E-08-1.60155E-08
 -1       386 3.84254E-08 6.75598E-08 7.86004E-08 8.99476E-09-5.90912E-09-1.48597E-08
 -1       387-1.00114E-08-1.82949E-08-1.01947E-07 1.62200E-09 4.80548E-08-9.95280E-09
 -1       392-8.11475E-08-4.08292E-08-1.67003E-07 2.20557E-08-2.88031E-08-4.24842E-08
 -1       393-5.06681E-08-1.46509E-09-4.60787E-08 8.99914E-10-1.47068E-08-2.25702E-08
 -1       394-5.70608E-09 1.14775E-07-2.93559E-08 2.67898E-09 1.30190E-08-2.91937E-08
 -1       395-4.19101E-08 7.29574E-08-1.52734E-07-1.15170E-08-1.07729E-09 1.86115E-08
 -1       400 3.25932E-07 9.33549E-08 8.23655E-07-5.09416E-09 2.51472E-07-1.20234E-07
 -1       401-1.66529E-07-3.99184E-07-2.11939E-07-2.83059E-08 3.33897E-07-4.82393E-09
 -1       402 1.13159E-08 1.96961E-08-6.78463E-08 8.71016E-09 1.94031E-08-5.38975E-09
 -1       403 4.53962E-07 4.90887E-07 9.46398E-07-2.62641E-09-6.30224E-08 8.44082E-09
 -1       408 1.92387E+07 5.76196E+06 2.23599E+06 8.61154E+05-1.87451E+06-1.39374E+06
 -1       409-2.37833E+07-7.57271E+06-4.06209E+06 8.25022E+05-1.60247E+06-1.74594E+06
 -1       410-2.88905E+07-1.05901E+07-6.49944E+06 1.13966E+07 2.47790E+06 9.05427E+06
 -1       411 2.82881E+07 1.04176E+07 6.34749E+06 8.95454E+05 2.76791E+06-1.50410E+06
 -1       412-2.27620E+06-9.07052E+05-9.14707E+05 7.58735E+05-1.66822E+06-2.91755E+06
 -1       413-2.52005E+07-8.39368E+06-4.73353E+06 4.86923E+06 4.37727E+05 3.66184E+06
 -1       414 6.40595E+05 3.17330E+05 3.27647E+05 6.07856E+06 2.69318E+06 2.42725E+06
 -1       415 2.37718E+07 8.29410E+06 4.35558E+06-3.17237E+05 4.46713E+05-1.44009E+06
 -1       416 1.70498E+07 2.54469E+06 9.42733E+05 2.74587E+05-8.04870E+05-4.50360E+03
 -1       417-2.07305E+07-3.82618E+06-2.01845E+06 3.39708E+05-1.12111E+06-2.61419E+06
 -1       418-2.06584E+07-6.07302E+06-3.07100E+06 2.35348E+06 8.90641E+05 2.06552E+06
 -1       419 2.17768E+07 4.84399E+06 2.59032E+06-2.96857E+06 8.45687E+05 6.89989E+05
 -1       424 9.48231E+06-1.87385E+06-6.92822E+05 1.67887E+06 1.35390E+06-1.32330E+06
 -1       425-1.06658E+07 2.99970E+06 1.56334E+06 1.73443E+06 7.58188E+05 8.82284E+05
 -1       426-8.31869E+06 1.16100E+06 9.15580E+05 2.30984E+06-4.99282E+05-6.54506E+05
 -1       427 1.09569E+07-5.90924E+05-7.86166E+05-2.60150E+06-1.18768E+06 2.58486E+05
 -1       428-5.91077E+05 5.62962E+05 4.33808E+05 1.72419E+06 1.21061E+06-2.08266E+05
 -1       429-9.28312E+06 1.71349E+06 1.19214E+06 2.28404E+06 1.23568E+05 1.13103E+05
 -1       430 1.78544E+06 4.84656E+05 2.62836E+05-2.56049E+06-6.88913E+05-1.85684E+05
 -1       431 1.00014E+07-1.78238E+06-9.69951E+05-2.61763E+06 7.72291E+04-5.33348E+05
 -1       432 3.18438E+06-9.77865E+05-1.70637E+05-3.68831E+05-4.79076E+07-2.00666E+05
 -1       433-3.77622E+06 1.12671E+06 3.72215E+05-4.10940E+05 3.66507E+05 2.65928E+05
 -1       434 6.90082E+07 1.69788E+08 7.24864E+07-3.95250E+05-4.15091E+05-2.28216E+05
 -1       435-6.82486E+07-1.69536E+08-7.25316E+07 9.29104E+06 4.76823E+07 2.96453E+05
 -1       440 2.31709E+06 1.82623E+06 1.60499E+05 1.49772E+06-4.92251E+07 1.66020E+05
 -1       441-2.85621E+06-2.12849E+06-5.79657E+05 1.46876E+06-7.33373E+05-3.95006E+05
 -1       442 7.07546E+07 1.68193E+08 7.27614E+07 1.58944E+06 8.21715E+05 2.49501E+05
 -1       443-2.15609E+08-5.07114E+08-2.17706E+08 3.06417E+07 1.46357E+08-5.03977E+05
 -1       444-2.61202E+05-1.46219E+05-2.03444E+05 1.60267E+06-4.92313E+07-1.13655E+05
 -1       445 7.01949E+07 1.67860E+08 7.24128E+07 1.29280E+06 4.54911E+04-8.20019E+04
 -1       446-7.24329E+07-1.69462E+08-7.24724E+07 1.13537E+07 4.93372E+07-1.26106E+05
 -1       447-7.01268E+07-1.67700E+08-7.23338E+07 1.09510E+07 4.85672E+07-1.79692E+05
 -1       448-2.10703E-09-1.13086E-09-4.03872E-10-8.31377E-11 1.13931E-10 1.14340E-10
 -1       449-8.34139E-10-4.97279E-11-5.32106E-10 2.28399E-11 1.77513E-11-5.62957E-10
 -1       450-1.01158E-09-6.10366E-10-3.89296E-10-3.45778E-10-9.97322E-11-1.32751E-10
 -1       451-1.12580E-09-1.08457E-09 4.19432E-10-5.67640E-10-1.42614E-10 9.06249E-10
 -1       457-1.09660E-09-5.85911E-10-3.62442E-10 5.12571E-10 3.50401E-10-3.67325E-10
 -1       458-3.06726E-10-1.50492E-10 2.67054E-10 2.68294E-10 1.33384E-10-5.04857E-11
 -1       459 1.89696E-10 1.14551E-09 7.75441E-10-4.46797E-12-8.20465E-12 1.70821E-10
 -1       460-9.13193E-10 5.19685E-10-1.18030E-10 2.68812E-10 1.74009E-10-4.17980E-11
 -1       466-5.43235E-09-2.76856E-09-2.69075E-09 3.17852E-09 6.02787E-10 1.04319E-09
 -1       467 2.71753E-09 1.53299E-09 6.28575E-11 2.51650E-09 1.14660E-09-9.54537E-10
 -1       468 4.48070E-09 4.91237E-09 2.14627E-09-2.32012E-10 7.64687E-10-5.24332E-10
 -1       469-2.51051E-09 1.21775E-09 7.31590E-11 3.14121E-10 8.18079E-11 1.83510E-09
 -1       475-1.57888E-09-1.07870E-09-1.29020E-09 1.16587E-09 3.70054E-10-8.94243E-10
 -1       476 4.83622E-10-1.83220E-10-5.39215E-10 7.29384E-10-7.13626E-12-4.41975E-10
 -1       477 1.46572E-09 2.09886E-09 4.54852E-10-7.22440E-11 1.15708E-10-2.20668E-10
 -1       478-9.09797E-10 1.01297E-09-5.60106E-10 3.93244E-10 4.58095E-10-5.68716E-10
 -3
    1PSTEP                        29           1           2          
    1PGM                1.000000E+00                                  
    1PGK                3.021554E+09                                  
    1PHID                         -1                                  
    1PSUBC                         0                                  
    1PMODE                         6                                  
  100CL  107 8748.534406         328                     2    7MODAL      1
 -4  TOSTRAIN    6    1
 -5  EXX         1    4    1    1
 -5  EYY         1    4    2    2
 -5  EZZ         1    4    3    3
 -5  EXY         1    4    1    2
 -5  EYZ         1    4    2    3
 -5  EZX         1    4    3    1
 -1         1-9.47390E-21 3.62855E-21 1.70052E-21 1.77632E-16 4.91342E-21 3.55268E-16
 -1         2 7.10514E-16 2.36848E-21-7.99350E-16 3.55268E-16-5.32897E-16 3.55268E-16
 -1         3 1.42104E-15 3.62855E-21 1.70052E-21-1.77629E-16 4.91342E-21-3.55266E-16
 -1         4 7.10523E-16 8.88178E-22 2.62078E-21 1.77630E-16 1.16528E-21-1.77634E-16
 -1         5 7.10514E-16-1.33225E-16 3.55269E-16 8.88164E-17-3.10858E-16-3.55267E-16
 -1         6 7.10506E-16 8.88178E-22 2.62078E-21-1.77631E-16 1.16528E-21 1.77634E-16
 -1         7 3.55256E-16-1.85219E-21-2.44431E-21 4.44034E-17-8.50261E-22 8.88200E-17
 -1         8 7.10514E-16-2.66451E-16-1.77635E-16-1.77635E-16 3.99675E-16 1.77635E-16
 -1         9 1.06577E-15-1.85219E-21-2.44431E-21-4.44083E-17-8.50261E-22-8.88151E-17
 -1        10 7.10524E-16 2.36848E-21 4.18275E-21 1.77630E-16 5.73888E-21-4.44067E-17
 -1        11 7.10514E-16-3.55266E-16-3.55264E-16-3.55268E-16-4.44046E-17 0.00000E+00
 -1        12 7.10505E-16 2.36848E-21 4.18275E-21-1.77633E-16 5.73888E-21 4.44067E-17
 -1        13-1.03810E-20 7.65397E-22 3.90565E-21-2.75436E-21 1.96071E-21 1.47082E-21
 -1        14 7.10514E-16 4.99600E-22-1.77631E-16-2.96059E-22-6.66113E-17 2.96059E-22
 -1        15 1.42104E-15 7.65397E-22 3.90565E-21 1.84723E-21 1.96071E-21-5.63681E-22
 -1        16 7.10523E-16-8.37682E-22 2.99851E-21 1.77632E-16-1.61073E-21 3.31353E-21
 -1        17 7.10514E-16 3.55267E-16-1.77632E-16 3.55267E-16-3.05318E-17-8.88164E-17
 -1        18 7.10506E-16-8.37682E-22 2.99851E-21-1.77631E-16-1.61073E-21-2.12929E-21
 -1        19-9.47390E-21 3.62855E-21 6.66498E-21 7.58351E-23 3.09915E-21 1.40446E-21
 -1        20 7.10514E-16 2.36848E-21 8.88211E-17 3.55268E-16-5.32899E-16-3.55268E-16
 -1        21 1.42104E-15 3.62855E-21 6.66498E-21 2.44431E-21 3.09915E-21-3.92461E-21
 -1        22 7.10524E-16 1.11022E-22 5.19052E-21-1.75876E-21 1.96859E-21-3.55264E-16
 -1        23 7.10514E-16-1.66531E-17-7.10531E-16 1.23260E-32-4.44071E-17 3.55268E-16
 -1        24 7.10505E-16 1.11022E-22 5.19052E-21 1.75876E-21 1.96859E-21 3.55266E-16
 -1        25-9.47390E-21-3.40650E-21 8.44134E-21-1.66555E-17-4.81097E-22-8.88153E-17
 -1        26 7.10514E-16-3.33085E-17-1.77628E-16-3.55268E-16 7.21633E-17-3.55268E-16
 -1        27 1.42104E-15-3.40650E-21 8.44134E-21 1.66530E-17-4.81097E-22 8.88128E-17
 -1        30 8.52645E-15-9.47368E-16 6.68842E-20 3.90791E-15-2.36830E-16 4.32235E-15
 -1        31-1.42106E-14-9.47368E-16-3.78142E-20-3.55286E-16-2.36830E-16-3.13811E-15
 -1        32-1.42105E-14-9.47368E-16-1.89481E-15 2.48684E-15 2.36862E-16-3.73019E-15
 -1        33 8.52638E-15-9.47368E-16-1.89470E-15 1.06579E-15 2.36862E-16 7.99343E-15
 -1        34 2.13156E-15 7.99603E-21 3.49001E-20-1.65791E-15-9.47372E-16 4.32238E-15
 -1        35-7.10504E-16 7.99604E-21-6.97983E-20 1.18422E-15-9.47372E-16-3.13825E-15
 -1        36 2.13177E-15 7.99604E-21-6.97983E-20 1.18422E-15-7.10526E-16 2.19074E-15
 -1        37-7.10609E-16 7.99603E-21 3.49001E-20-1.65792E-15-7.10526E-16 2.54608E-15
 -1        38-2.84210E-15-9.47368E-16 1.45350E-20 1.77631E-15-2.36830E-16 5.92122E-16
 -1        39-1.42106E-14-9.47368E-16-9.47422E-16 1.06578E-15 1.59921E-20-3.43415E-15
 -1        40-2.84205E-15-9.47368E-16-1.89475E-15 1.77631E-15 2.36862E-16 2.13162E-15
 -1        41 8.52641E-15-9.47368E-16-9.47318E-16 2.48685E-15 1.59921E-20 6.15789E-15
 -1        42 7.10530E-16 7.99603E-21-1.74491E-20-2.36848E-16-9.47372E-16 5.92065E-16
 -1        43 7.10635E-16 7.99604E-21-6.97983E-20 1.18422E-15-8.28949E-16-4.73752E-16
 -1        44 7.10582E-16 7.99603E-21-1.74491E-20-2.36848E-16-7.10526E-16 2.36841E-15
 -1        45 7.10477E-16 7.99603E-21 3.49001E-20-1.65791E-15-8.28949E-16 3.43423E-15
 -1        46 5.32905E-15-4.73676E-16 6.68842E-20 1.12499E-15-7.10522E-16 4.32237E-15
 -1        47-7.46056E-15-4.73676E-16-3.78142E-20 4.14446E-16-7.10522E-16-3.13818E-15
 -1        48-6.03934E-15-4.73676E-16-1.89481E-15 1.83551E-15-2.36830E-16-8.88143E-16
 -1        49 3.90793E-15-4.73676E-16-1.89470E-15-2.96077E-16-2.36830E-16 5.15133E-15
 -1        50-4.26329E-15-1.41893E-27 2.91593E-21-3.90792E-15 2.36854E-16 4.32245E-15
 -1        51 1.27896E-14 2.82047E-27-1.01782E-19 3.55287E-16 2.36854E-16-3.13843E-15
 -1        52 1.27898E-14 2.81933E-27 1.89467E-15 3.55287E-16 2.36854E-16-3.25682E-15
 -1        53-4.26336E-15-1.39408E-27 1.89477E-15-3.90792E-15 2.36854E-16 8.46722E-15
 -1        54 4.26316E-15 7.00772E-28-4.94333E-20-1.77632E-15 2.36854E-16 5.92009E-16
 -1        55 1.27897E-14 2.81990E-27 9.47283E-16 3.55287E-16 2.36854E-16-3.19762E-15
 -1        56 4.26321E-15 7.12625E-28 1.89472E-15-1.77632E-15 2.36854E-16 2.60520E-15
 -1        57-4.26333E-15-1.40651E-27 9.47387E-16-3.90792E-15 2.36854E-16 6.39483E-15
 -1        58-1.06591E-15-1.41538E-27 2.91593E-21-2.78291E-15-2.36838E-16 4.32241E-15
 -1        59 6.03954E-15 2.81990E-27-1.01782E-19 7.69770E-16-2.36838E-16-3.13834E-15
 -1        60 7.46077E-15 2.82236E-27 1.89467E-15 7.69770E-16-2.36838E-16-4.14616E-16
 -1        61-2.48703E-15-1.40678E-27 1.89477E-15-2.78291E-15-2.36838E-16 5.62507E-15
 -1        63 0.00000E+00 0.00000E+00 3.70074E-17 0.00000E+00 3.70074E-17 0.00000E+00
 -1        64 0.00000E+00 0.00000E+00 3.70074E-17 0.00000E+00 3.70074E-17 0.00000E+00
 -1        65 0.00000E+00 0.00000E+00 3.70074E-17 0.00000E+00 3.70074E-17 0.00000E+00
 -1        66 0.00000E+00 0.00000E+00 3.70074E-17 0.00000E+00 3.70074E-17 0.00000E+00
 -1        67 0.00000E+00 9.68513E-21-1.85037E-16 1.45277E-20 5.92119E-16 1.18424E-15
 -1        68 0.00000E+00 9.68513E-21-3.70075E-17 1.45277E-20-5.92120E-16 1.18424E-15
 -1        69 0.00000E+00 9.68513E-21-3.70075E-17 1.45277E-20-5.92120E-16-1.18424E-15
 -1        70 0.00000E+00-3.55271E-15 2.59052E-16-5.32906E-15 7.03142E-16-1.07322E-15
 -1        71 0.00000E+00 9.68513E-21-1.11022E-16 1.45277E-20-3.02660E-22 1.18424E-15
 -1        72 0.00000E+00 9.68513E-21-3.70075E-17 1.45277E-20-5.92120E-16-3.02660E-22
 -1        73 0.00000E+00 9.68513E-21-1.11022E-16 1.45277E-20-3.02660E-22-3.02660E-22
 -1        74 0.00000E+00-1.77635E-15 3.70075E-17-2.66452E-15 6.47630E-16 5.55109E-17
 -1        75 0.00000E+00-1.77635E-15 1.11022E-16-2.66452E-15 5.55109E-17 5.55109E-17
 -1        76 0.00000E+00-1.77635E-15 1.11022E-16-2.66452E-15 5.55109E-17-1.12873E-15
 -1        77-2.26150E-16 9.04659E-16-9.86865E-17 2.26398E-16 1.29443E-15 5.08571E-16
 -1        78-1.54999E-15 6.20044E-15-9.86865E-17 1.54996E-15-3.63048E-16 1.20625E-17
 -1        79-2.26150E-16 9.04659E-16-9.86865E-17 2.26398E-16 1.29443E-15 5.08571E-16
 -1        80-1.54999E-15 6.20044E-15-9.86865E-17 1.54996E-15-3.63048E-16 1.20625E-17
 -1        81-2.26150E-16 9.04659E-16-9.86865E-17 2.26398E-16 1.29443E-15 5.08571E-16
 -1        82-1.54999E-15 6.20044E-15-9.86865E-17 1.54996E-15-3.63048E-16 1.20625E-17
 -1        83 2.99760E-15-7.99370E-16-4.43057E-15 6.82776E-16 1.77266E-16-3.52018E-15
 -1        84 2.99759E-15-7.99355E-16 5.40709E-16 6.82792E-16-7.10885E-16 3.48657E-15
 -1        85 2.99760E-15-7.99355E-16-1.34666E-15 6.82792E-16-1.79643E-15 5.75330E-16
 -1        86 5.44008E-15-3.46390E-15 8.07789E-15-1.70420E-15-5.28594E-15-1.67444E-15
 -1        87 1.88737E-15 8.88208E-17-4.19623E-15 2.07057E-15 1.33839E-15-1.27349E-15
 -1        88 5.88417E-15 8.88208E-17-1.34666E-15 2.07057E-15 4.00910E-15 1.49589E-15
 -1        89 2.99759E-15-7.99362E-16-1.94493E-15 6.82784E-16-2.66809E-16-1.68018E-17
 -1        90 2.99760E-15-7.99355E-16-4.02975E-16 6.82792E-16-1.25366E-15 2.03095E-15
 -1        91 2.99760E-15-7.99362E-16-2.88862E-15 6.82784E-16-8.09580E-16-1.47242E-15
 -1        92 3.66373E-15-1.68754E-15 1.94083E-15 1.83185E-16-1.97377E-15-1.47396E-15
 -1        93 3.88577E-15 8.88208E-17-2.77144E-15 2.07057E-15 2.67375E-15 1.11197E-16
 -1        94 5.66213E-15-1.68754E-15 3.36562E-15 1.83185E-16-6.38421E-16-8.92747E-17
 -1        95 4.21884E-15-2.13163E-15 1.82366E-15-5.10710E-16-2.55434E-15-2.59731E-15
 -1        96 2.44248E-15-3.55267E-16-1.82776E-15 1.37668E-15 3.13755E-16 1.10654E-15
 -1        97 4.44089E-15-3.55267E-16-1.34666E-15 1.37668E-15 1.10633E-15 1.03561E-15
 -1       151 0.00000E+00 0.00000E+00 0.00000E+00 0.00000E+00 0.00000E+00 0.00000E+00
 -1       152 0.00000E+00 0.00000E+00 0.00000E+00 0.00000E+00 0.00000E+00 0.00000E+00
 -1       154 0.00000E+00 0.00000E+00 0.00000E+00 0.00000E+00 0.00000E+00 0.00000E+00
 -1       155 0.00000E+00 0.00000E+00 0.00000E+00 0.00000E+00 0.00000E+00 0.00000E+00
 -1       156 9.77724E-21-4.77487E-21-1.77631E-15 1.75156E-21-1.77636E-16-1.06579E-15
 -1       157 9.62557E-21-3.45208E-21-3.55263E-16 1.05809E-21 8.88097E-17-7.10518E-16
 -1       158 9.47390E-21-1.81427E-21 7.10518E-16 6.66498E-21 1.77622E-16-1.42105E-15
 -1       159 2.21681E-21-1.90543E-21-2.13158E-15 1.99694E-21 4.44039E-17-7.10517E-16
 -1       160 4.73695E-21-2.01626E-22 1.38550E-22 6.83453E-22 1.77628E-16-1.42105E-15
 -1       161 7.25710E-21 2.68349E-21 2.30922E-15 6.30037E-22 1.77628E-16-1.42105E-15
 -1       162 9.77724E-21 9.64014E-22-8.88150E-16 1.37602E-21 2.44239E-16-1.42105E-15
 -1       163 4.88862E-21 3.04883E-21-5.05197E-21-1.24331E-22-5.55768E-21-1.06578E-15
 -1       164 0.00000E+00 7.18126E-21 2.13158E-15-5.40491E-21-8.88188E-17-1.06578E-15
 -1       165 7.10541E-16 4.44081E-16-1.77631E-15 6.21719E-16-3.55269E-16-3.55249E-16
 -1       166-3.55261E-16 1.77631E-16-3.55263E-16-5.32900E-16 2.66445E-16-8.87951E-17
 -1       167-1.42106E-15-1.18424E-21 7.10518E-16 8.88211E-17 9.76975E-16-8.88143E-16
 -1       168-1.42107E-15 4.21878E-16-2.13158E-15-4.44071E-17 2.66447E-16 3.55288E-16
 -1       169-7.10531E-16-8.88169E-17 1.38550E-22-1.11021E-16 2.66446E-16-3.10836E-16
 -1       170 4.73695E-21-2.66449E-16 2.30922E-15 1.77634E-16 5.32896E-16-2.66428E-16
 -1       171 7.10541E-16 3.99676E-16-8.88150E-16-9.54779E-16 8.65958E-16-9.76961E-16
 -1       172 3.55270E-16-3.55265E-16-5.05197E-21 1.88736E-16-4.61262E-21-3.10836E-16
 -1       173 0.00000E+00-5.32896E-16 2.13158E-15 2.66447E-16-1.77636E-16 2.33960E-20
 -1       174 7.10565E-16 4.44083E-16 1.33231E-16 6.21719E-16 1.77631E-16-3.55247E-16
 -1       175-3.55254E-16 1.77634E-16-3.55262E-16-5.32892E-16 2.66456E-16-1.50987E-15
 -1       176-1.42107E-15 2.99851E-21 2.13161E-15 8.88328E-17 4.44090E-16-1.77619E-16
 -1       177-1.42106E-15 4.21879E-16-1.73844E-21-4.44073E-17 3.55257E-16-3.55242E-16
 -1       178-7.10530E-16-8.88159E-17-3.55270E-16-1.11017E-16-4.84104E-21-3.10844E-16
 -1       179-2.52015E-21-2.66447E-16-1.77633E-15 1.77638E-16-1.77634E-16-2.66442E-16
 -1       180 7.10546E-16 3.99675E-16 1.64311E-15-9.54780E-16 5.99498E-16-9.76963E-16
 -1       181 3.55273E-16-3.55266E-16 3.59427E-21 1.88735E-16 1.33212E-16-3.10843E-16
 -1       182 0.00000E+00-5.32897E-16 7.10547E-16 2.66443E-16-3.55271E-16 9.38639E-21
 -1       183-1.42104E-15-3.59063E-21 1.33231E-16 2.34368E-21 1.11018E-16-5.99494E-16
 -1       184 1.43625E-20-1.77635E-16-3.55262E-16-1.77628E-16 2.66452E-16-1.01028E-15
 -1       185 1.42107E-15-3.55266E-16 2.13161E-15-1.06579E-15-1.50988E-15 1.06582E-15
 -1       186-1.42106E-15 4.44066E-17-1.73844E-21-4.44082E-16 7.32730E-16-5.32877E-16
 -1       187-7.10529E-16-4.44079E-17-3.55270E-16 8.88198E-17 8.88122E-17-7.54928E-16
 -1       188 2.52015E-21-1.77630E-16-1.77633E-15-4.44081E-16-5.32901E-16-9.76975E-16
 -1       189 1.42108E-15 8.88168E-17 1.64311E-15-7.99350E-16 1.42106E-15-1.79852E-15
 -1       190 7.10541E-16 8.88191E-17 3.59427E-21 4.21879E-16 3.10850E-16-5.43989E-16
 -1       191 0.00000E+00 6.58914E-21 7.10547E-16 2.22034E-16 8.88167E-16 3.55275E-16
 -1       192 3.78022E-21 8.57989E-21 7.10530E-16-4.31474E-21 4.44081E-17-3.55265E-16
 -1       193 1.26007E-21 9.43015E-21-1.90543E-21-2.74985E-21 3.55266E-16 1.77635E-16
 -1       194-1.26007E-21 1.15405E-20-4.44079E-17 3.85533E-21 3.55263E-16 2.13877E-21
 -1       195 4.38402E-21 4.51673E-21-1.14632E-21-4.69611E-21-8.88161E-17 3.55268E-16
 -1       196 2.25508E-21 3.04883E-21 8.88174E-17-3.79864E-21 2.22034E-17-1.77633E-16
 -1       197 1.26152E-22 3.62855E-21-1.77630E-16-1.28669E-21-2.90554E-21 7.51088E-22
 -1       198 1.44384E-20 4.53569E-22 1.46134E-21-4.44745E-21-8.88137E-17 3.55265E-16
 -1       199 5.84899E-21-3.33249E-21-3.55264E-16-3.82361E-21 1.35123E-21 8.88155E-17
 -1       200-2.74037E-21-4.28338E-21-3.55263E-16-5.01113E-21 3.55268E-16 2.22067E-17
 -1       201 1.06580E-15-2.66445E-16 7.10530E-16 1.02139E-15-3.10860E-16-7.10533E-16
 -1       202 3.55268E-16-6.66120E-16-1.90543E-21-1.99840E-16 3.99674E-16-1.11012E-17
 -1       203-3.55268E-16-7.10527E-16-4.44079E-17 2.51651E-21 2.88650E-16-2.22026E-17
 -1       204-1.06580E-15-1.33222E-16-1.14632E-21 4.66285E-16-2.66450E-16 3.99675E-16
 -1       205-3.55266E-16-3.55265E-16 8.88174E-17-2.47950E-21-6.66140E-17-2.22042E-16
 -1       206 3.55267E-16 2.36848E-21-1.77630E-16-1.11029E-17-7.77181E-17-1.33225E-16
 -1       207-5.32891E-16 2.96059E-22 1.46134E-21 8.88139E-17-8.88145E-17 1.77631E-16
 -1       208-3.33059E-16-4.44106E-17-3.55264E-16 4.88490E-16-2.22041E-16-1.59223E-21
 -1       209-1.33227E-16 7.10531E-16-3.55263E-16 3.77468E-16 2.66450E-16 2.22062E-17
 -1       210-5.32899E-15-1.10840E-20 4.26382E-15 2.86025E-20-3.37505E-15 4.61848E-15
 -1       211-2.13159E-15 7.10530E-15-4.68948E-14 8.88212E-16 2.30931E-15 6.75003E-15
 -1       212 1.06582E-15 8.52635E-15 6.35778E-19-2.13153E-15-3.90793E-15 1.95387E-15
 -1       213 3.55265E-15 1.78394E-20-7.46022E-15 3.55270E-15 2.83011E-16 1.27896E-14
 -1       214 2.84213E-15-2.13159E-15-2.70000E-14 1.33229E-15-6.66130E-15-7.99383E-16
 -1       215 2.13162E-15 2.84215E-15-7.10490E-15-2.84208E-15-1.06587E-15-1.25676E-14
 -1       216 5.68423E-15 4.67628E-20 2.77578E-15-2.13159E-15 3.94111E-15 6.36134E-15
 -1       217 4.97371E-15-1.13685E-14 8.17139E-15-1.06577E-15-3.19753E-15 2.55904E-15
 -1       218 4.26319E-15-2.84205E-15-9.94717E-15 3.24455E-20 4.61837E-15-3.01960E-15
 -1       219 1.77634E-15-4.88862E-20 4.26382E-15-2.48690E-15-9.23693E-15-2.09608E-14
 -1       220-1.95397E-15-3.55275E-15-4.68948E-14-4.97372E-15 1.22568E-14 5.68423E-15
 -1       221-5.68428E-15 1.42096E-15 6.35778E-19-2.62003E-15-7.46058E-15 2.54016E-14
 -1       222-2.48690E-15 2.41398E-20-7.46022E-15-4.26321E-15-8.88611E-17 3.01966E-15
 -1       223-1.37668E-15-3.55261E-16-2.70000E-14-2.22039E-15 7.10532E-15-7.10574E-16
 -1       224-2.66465E-16-1.42106E-15-7.10490E-15 4.44143E-16-3.55270E-15-2.62008E-15
 -1       225 2.84207E-15 9.71658E-20 2.77578E-15-2.84215E-15 9.05925E-15 9.05912E-15
 -1       226 3.55213E-16 2.84223E-15 8.17139E-15-8.88142E-16 1.43882E-14-6.21722E-16
 -1       227-2.13164E-15-4.26307E-15-9.94717E-15-2.53123E-15 3.19736E-15-1.20789E-14
 -1       251-8.52648E-14-1.20791E-14 1.71244E-14-1.06580E-14-1.44050E-14 2.19879E-14
 -1       253 7.03432E-14-1.20792E-14-6.57532E-14 6.03964E-15-4.06898E-15 4.62238E-14
 -1       254-2.92652E-14-3.51721E-14 1.35296E-13-2.73553E-14 9.63673E-15-1.41967E-14
 -1       256 6.45259E-14-5.15145E-14 9.20805E-14 2.48724E-15 1.16796E-14-1.84877E-14
 -1       257-4.94709E-14-5.68524E-15-3.39276E-13-3.19735E-14-2.84657E-14 2.28040E-14
 -1       259-1.74967E-14-2.70014E-14-3.42829E-13-3.55199E-15 7.15003E-15-1.00140E-14
 -1       260-1.08712E-13 8.88169E-15 1.53056E-13-4.26324E-15-1.07440E-14-1.44216E-14
 -1       262 7.74487E-14 8.88161E-15 6.72089E-14 4.26325E-15-8.44039E-15-1.96840E-14
 -1       263-2.95538E-14 6.02176E-14-3.51580E-14-1.66975E-14-1.05465E-15-3.05296E-15
 -1       265 8.02243E-14 3.60593E-14-7.85258E-14 6.21735E-15-7.20513E-15-2.50129E-14
 -1       266-6.80782E-14 1.38554E-13-3.97453E-13-2.20264E-14-5.98624E-14 2.64344E-14
 -1       268-3.46829E-14 1.19369E-13-3.98341E-13 2.13191E-15-8.52622E-15-1.22232E-14
 -1       269-1.26476E-13-5.68442E-15 8.83734E-14 8.88163E-15 3.12858E-14-1.53874E-14
 -1       271 8.38436E-14-5.68454E-15-4.43931E-16 1.42108E-15 2.55571E-14-1.87180E-14
 -1       272-2.55792E-14-1.84746E-14-9.19245E-14-3.55278E-15-1.99620E-16-7.22723E-15
 -1       274 9.66333E-14-5.04487E-14-1.35445E-13 1.35001E-14-1.45435E-14 8.64869E-15
 -1       275-8.38433E-14-2.98435E-14 4.53856E-13-1.38556E-14-1.77187E-14-2.18041E-14
 -1       277-4.97375E-14-4.68965E-14 4.55632E-13 1.59870E-14 4.93381E-14 1.32784E-14
 -1       278-5.68438E-14-4.26344E-15-1.91178E-13-3.12644E-14-2.27824E-14 1.67977E-14
 -1       279-8.59761E-14-1.95755E-20-1.91183E-13-4.15669E-14 7.63818E-15 4.54744E-14
 -1       280-1.08003E-13 4.26332E-15-1.91178E-13-5.11592E-14 3.80583E-14 9.68899E-14
 -1       281 1.42112E-15 1.70533E-14-6.82131E-13-3.52605E-14 1.01608E-13-1.75699E-13
 -1       282 4.23885E-14 2.91323E-14-2.27369E-13-1.57208E-14 9.34377E-14-1.44952E-13
 -1       283 7.67389E-14 2.84219E-14 2.27375E-13-8.88183E-16 7.03441E-14-2.32532E-14
 -1       284-8.81073E-14 7.95814E-14-3.63801E-12 5.32905E-15-1.80479E-13 4.96761E-13
 -1       285-2.81996E-14 4.12114E-14 1.25041E-17-1.43222E-14-8.95284E-14 2.48689E-13
 -1       286 1.13687E-14 1.69641E-19 3.63799E-12-3.05529E-14-2.48692E-13 1.59784E-13
 -1       287-1.12799E-13 2.34482E-14-1.02359E-13-1.20794E-14-8.23781E-15-7.85926E-14
 -1       288-6.84789E-14 1.99507E-14-1.02365E-13 2.55799E-14-1.69640E-14-5.00938E-14
 -1       289-2.50469E-14 1.64538E-14-1.02362E-13 5.75540E-14-2.56904E-14-1.37772E-14
 -1       290 3.64155E-14-5.68399E-15-3.83692E-13 4.26328E-14-2.55797E-14-1.27204E-13
 -1       291 6.82571E-14-1.38562E-14-2.27369E-13-6.48377E-15-5.96859E-14-5.49791E-14
 -1       292 9.90323E-14-2.27370E-14-7.10612E-14-6.11069E-14-8.24237E-14-1.68580E-14
 -1       293-1.12089E-13-3.97897E-14 1.76215E-12-2.62899E-14 1.42109E-13 2.50468E-13
 -1       294-9.78775E-14-1.70539E-14 3.97916E-13 2.64121E-14 9.09499E-14 1.76214E-13
 -1       295-8.49104E-14-5.68353E-15-9.66351E-13 8.66868E-14 3.97905E-14 2.59354E-14
 -1       296 2.27376E-14-4.26324E-14 9.74796E-14 3.26848E-14 1.03916E-14-3.08530E-14
 -1       297 3.30406E-14-3.99021E-14 9.74768E-14-7.10513E-15 2.62900E-14-6.82130E-14
 -1       298 3.41064E-14-3.71702E-14 9.74802E-14-4.68963E-14 4.21886E-14-6.00961E-14
 -1       299 1.70527E-14 1.70541E-14-1.36426E-12-3.01092E-14 6.18176E-14 1.63120E-13
 -1       300 9.94778E-15-1.13696E-14-4.54747E-13-2.63790E-14-1.38561E-14 6.25276E-14
 -1       301 5.68390E-15-2.84209E-14 4.54751E-13-3.32182E-14-5.18697E-14 5.28861E-14
 -1       302-7.95814E-14-2.27361E-14-2.72851E-12 3.30406E-14 7.24763E-14-1.64847E-13
 -1       303 9.59305E-15-7.53194E-14 9.09504E-13 3.19743E-14-2.41590E-14-9.09512E-14
 -1       304 1.13687E-13-1.47792E-13 4.54749E-12 2.20273E-14 1.29320E-13 1.19370E-13
 -1       305-5.68437E-14-1.49215E-14-2.27376E-13-4.87168E-14-1.30785E-14-8.98512E-14
 -1       307 3.97907E-14 3.19746E-14 2.27373E-13-8.41538E-15 1.11172E-16-5.79433E-14
 -1       308 4.07676E-14 5.68426E-15-6.46591E-13 1.63426E-14 3.55276E-14-1.06217E-13
 -1       310 9.32148E-14-5.68449E-15-3.55226E-14-4.55639E-14-1.42107E-14 8.73674E-15
 -1       311-4.03234E-14 4.61835E-15-4.97387E-14 2.09613E-14 3.35956E-14-1.09140E-14
 -1       313 1.03029E-14-7.40543E-15 1.06580E-13 2.02508E-14-1.07692E-14-2.78560E-14
 -1       314-7.74493E-14-6.70048E-20-1.68771E-14-8.88170E-16 8.88266E-16-1.79885E-15
 -1       316-3.33068E-14 6.85072E-20-1.68783E-14 1.50993E-14 9.77019E-15 4.62965E-14
 -1       317-1.42107E-14 5.11590E-14-1.59161E-12-8.26026E-15-1.17234E-14 1.81617E-14
 -1       319-1.13688E-14-2.27378E-14 2.50114E-12-1.59896E-15-5.18693E-14 1.02567E-14
 -1       320-6.37715E-14 1.13685E-14-1.13686E-12-2.80670E-14-5.68430E-14 2.23155E-13
 -1       322-5.93304E-14-3.33812E-19 1.13689E-12 3.05534E-14-5.96851E-14-6.61275E-14
 -1       323-3.57046E-14-3.97916E-14 1.35361E-12 6.39464E-15 5.68442E-15 1.92727E-14
 -1       325 3.37512E-14-2.27383E-14 1.45669E-13-2.84246E-15-1.13687E-13 6.67014E-14
 -1       326 3.97021E-14 5.68339E-15-6.46594E-13-4.52964E-15 4.90277E-14 3.64483E-14
 -1       328 4.59637E-14-1.70540E-14 4.19225E-13-3.09227E-14-3.05537E-14 5.29523E-15
 -1       329-2.27374E-14-3.90735E-19-5.68438E-13 3.52168E-14 4.86287E-15 2.51240E-14
 -1       331 3.41062E-14-5.69551E-14 3.41062E-13-1.50322E-14-4.89166E-14-7.62843E-14
 -1       332-3.12639E-14-3.40669E-19-3.19742E-14-1.52764E-14-1.34060E-14-1.72978E-14
 -1       334 2.93106E-15-4.13084E-19-3.19762E-14-6.06709E-15 6.57824E-15 2.61790E-14
 -1       335-8.36663E-14-2.27390E-14-1.13687E-12 2.94874E-14 1.44951E-13 2.23816E-14
 -1       337 3.19811E-15-7.95825E-14 1.13688E-12 5.47118E-14 3.97899E-14-3.58834E-14
 -1       338 1.13693E-14-3.97920E-14-2.27374E-12-1.58988E-14 1.75859E-13-8.77532E-14
 -1       340 4.54754E-14-6.82140E-14 2.27376E-12-4.95609E-14 5.82644E-14 3.09078E-14
 -1       341 0.00000E+00-1.84075E-15-4.86648E-15-4.17192E-17 4.33583E-16-7.74629E-17
 -1       343 0.00000E+00 1.24864E-15-4.86648E-15-6.93031E-17-4.33583E-16-7.05669E-17
 -1       344 0.00000E+00 1.24864E-15-4.86648E-15-6.93031E-17-4.33583E-16-7.05669E-17
 -1       346 0.00000E+00-1.84075E-15-4.86648E-15-4.17192E-17 4.33583E-16-7.74629E-17
 -1       347 0.00000E+00-1.84075E-15-4.86648E-15-4.17192E-17 4.33583E-16-7.74629E-17
 -1       349 0.00000E+00 1.24864E-15-4.86648E-15-6.93031E-17-4.33583E-16-7.05669E-17
 -1       350-5.92116E-15 1.74675E-14 1.21951E-13 1.97767E-14-5.03425E-14 3.00218E-15
 -1       351 5.92122E-16 3.55270E-15 1.21951E-13 1.12502E-15-1.79611E-14 2.07237E-15
 -1       352 7.10541E-15-1.03620E-14 1.21951E-13-1.75267E-14 1.44203E-14 1.14257E-15
 -1       353 5.92116E-15-3.84877E-15 1.58144E-13-1.39740E-14-6.49974E-14-2.19737E-15
 -1       354-5.92122E-16 2.36846E-15 1.58144E-13-3.90801E-15-2.21060E-14-1.48036E-15
 -1       355-7.10541E-15 8.58569E-15 1.58144E-13 6.15798E-15 2.07855E-14-7.63340E-16
 -1       356 2.36847E-15 5.62506E-15-1.13275E-12 5.56592E-15 7.17820E-14-1.40211E-14
 -1       357 4.33873E-30-2.36851E-15 4.11876E-15 3.49351E-15 2.82244E-14 9.76996E-15
 -1       358-2.36847E-15-1.03621E-14 1.14098E-12 1.42110E-15-1.53332E-14 3.35610E-14
 -1       359 1.65661E-29 6.80934E-15 1.40048E-13 2.90135E-15-5.76700E-14 4.02405E-16
 -1       361-2.80046E-29-8.88177E-16 1.40048E-13-5.68434E-15 1.76029E-14 1.89613E-16
 -1       362 4.14482E-15 8.88149E-16-4.87301E-13-4.20404E-15 3.39228E-15-8.10924E-15
 -1       364-4.73694E-15-8.88202E-16 6.49564E-13 3.78954E-15 2.72615E-15 1.63988E-14
 -1       365-1.77635E-15 1.15463E-14-5.05397E-13 1.26713E-14 1.07197E-14-5.50946E-15
 -1       367 2.36847E-15-1.03621E-14 6.31467E-13-8.05278E-15-4.56463E-16 1.73518E-14
 -1       368 9.83125E-14-1.08801E-14-5.71754E-14 2.26259E-14-3.50967E-14 5.00687E-15
 -1       369-9.61000E-14 4.24102E-14 7.10575E-15 1.40995E-14-5.23174E-15-1.33173E-14
 -1       370-8.26220E-14 1.13020E-13 2.22047E-14 1.92342E-14 1.99978E-14-2.88159E-14
 -1       371 4.95604E-14 5.97298E-14-4.20765E-14 1.34611E-14-9.86717E-15 8.04879E-15
 -1       376 8.57088E-14-1.55877E-13-4.60705E-15-9.08158E-14-5.51614E-15 2.04104E-14
 -1       377-6.27937E-14-9.99219E-14-3.30272E-14-2.26488E-14 7.24758E-14 4.32204E-14
 -1       378-8.09234E-14 4.21843E-14-2.38124E-14 3.36423E-15 1.97273E-14 8.18779E-14
 -1       379 6.43926E-14-1.37706E-14 4.60774E-15 7.62720E-15-5.82646E-14-1.29416E-15
 -1       384 5.03427E-14 7.26514E-13-3.79188E-13 1.33693E-15-2.73664E-14-1.83199E-14
 -1       385-3.79596E-15 8.08225E-13 2.88716E-13 1.46485E-14-3.61429E-13-9.91436E-14
 -1       386-2.58223E-14 1.54534E-13 2.22880E-13 5.56818E-14-3.65803E-14-9.19885E-14
 -1       387 1.24101E-13 7.28217E-14-4.45024E-13 1.00410E-14 2.97482E-13-6.16126E-14
 -1       392-8.95137E-14 1.60076E-13-6.21000E-13 1.36535E-13-1.78305E-13-2.62998E-13
 -1       393-1.73357E-13 1.31233E-13-1.44946E-13 5.57090E-15-9.10420E-14-1.39720E-13
 -1       394-1.49199E-13 5.96636E-13-2.95602E-13 1.65842E-14 8.05940E-14-1.80723E-13
 -1       395-8.56057E-14 6.25479E-13-7.71656E-13-7.12956E-14-6.66894E-15 1.15214E-13
 -1       400 2.42042E-13-1.19772E-12 3.32319E-12-3.15353E-14 1.55673E-12-7.44305E-13
 -1       401 8.00396E-14-1.36021E-12-2.01070E-13-1.75227E-13 2.06698E-12-2.98625E-14
 -1       402 1.22671E-13 1.74549E-13-3.67381E-13 5.39201E-14 1.20115E-13-3.33651E-14
 -1       403 1.08461E-13 3.37039E-13 3.15688E-12-1.62587E-14-3.90139E-13 5.22527E-14
 -1       408 8.01870E+01-3.24019E+00-2.50676E+01 5.33095E+00-1.16041E+01-8.62791E+00
 -1       409-9.66329E+01 3.71864E+00 2.54511E+01 5.10728E+00-9.92005E+00-1.08082E+01
 -1       410-1.13160E+02 1.27930E-01 2.54511E+01 7.05504E+01 1.53394E+01 5.60502E+01
 -1       411 1.10755E+02 1.28027E-01-2.50676E+01 5.54329E+00 1.71347E+01-9.31108E+00
 -1       412-8.23652E+00 2.39140E-01 1.91750E-01 4.69693E+00-1.03271E+01-1.80610E+01
 -1       413-1.01249E+02 2.79305E+00 2.54511E+01 3.01429E+01 2.70974E+00 2.26685E+01
 -1       414 2.12906E+00 1.27891E-01 1.91757E-01 3.76292E+01 1.66720E+01 1.50258E+01
 -1       415 9.51282E+01-6.86315E-01-2.50676E+01-1.96385E+00 2.76537E+00-8.91481E+00
 -1       416 7.62075E+01-1.35860E+01-2.35029E+01 1.69983E+00-4.98253E+00-2.78794E-02
 -1       417-9.03673E+01 1.42786E+01 2.54693E+01 2.10295E+00-6.94019E+00-1.61831E+01
 -1       418-8.53104E+01 4.97997E+00 2.35639E+01 1.45692E+01 5.51349E+00 1.27865E+01
 -1       419 9.30784E+01-1.17435E+01-2.56948E+01-1.83769E+01 5.23521E+00 4.27136E+00
 -1       424 4.88205E+01-2.14795E+01-1.41684E+01 1.03930E+01 8.38132E+00-8.19187E+00
 -1       425-5.73082E+01 2.72878E+01 1.83960E+01 1.07369E+01 4.69354E+00 5.46176E+00
 -1       426-4.25794E+01 1.61045E+01 1.45852E+01 1.42990E+01-3.09079E+00-4.05170E+00
 -1       427 5.41429E+01-1.73435E+01-1.85522E+01-1.61045E+01-7.35228E+00 1.60015E+00
 -1       428-4.23861E+00 2.90544E+00 2.10592E+00 1.06736E+01 7.49427E+00-1.28927E+00
 -1       429-4.83562E+01 1.97180E+01 1.64906E+01 1.41393E+01 7.64946E-01 7.00159E-01
 -1       430 7.43427E+00-6.18226E-01-1.99140E+00-1.58507E+01-4.26470E+00-1.14947E+00
 -1       431 5.15576E+01-2.13896E+01-1.63603E+01-1.62044E+01 4.78085E-01-3.30168E+00
 -1       432 1.68044E+01-8.96185E+00-3.96472E+00-2.28324E+00-2.96571E+02-1.24222E+00
 -1       433-2.01233E+01 1.02282E+01 5.55747E+00-2.54392E+00 2.26885E+00 1.64622E+00
 -1       434-1.74961E+01 6.06379E+02 4.03602E+00-2.44678E+00-2.56961E+00-1.41277E+00
 -1       435 2.08169E+01-6.06198E+02-5.69660E+00 5.75159E+01 2.95176E+02 1.83518E+00
 -1       440 8.19560E+00 5.15690E+00-5.15475E+00 9.27163E+00-3.04727E+02 1.02774E+00
 -1       441-9.73221E+00-5.22728E+00 4.36072E+00 9.09232E+00-4.53993E+00-2.44528E+00
 -1       442-7.29420E+00 5.95898E+02 5.12870E+00 9.83940E+00 5.08681E+00 1.54453E+00
 -1       443 8.74984E+00-1.79581E+03-4.23472E+00 1.89687E+02 9.06018E+02-3.11986E+00
 -1       444-7.44302E-01-3.24990E-02-3.86751E-01 9.92132E+00-3.04765E+02-7.03578E-01
 -1       445-8.98525E+00 5.95607E+02 4.74471E+00 8.00305E+00 2.81612E-01-5.07631E-01
 -1       446 7.01270E-01-5.99953E+02 4.57249E-01 7.02849E+01 3.05421E+02-7.80655E-01
 -1       447 8.96735E+00-5.95054E+02-4.69473E+00 6.77916E+01 3.00654E+02-1.11238E+00
 -1       448-2.28653E-14-4.31806E-15 9.49478E-15-1.57962E-15 2.16469E-15 2.17246E-15
 -1       449-9.17333E-15 5.73047E-15-3.43472E-15 4.33957E-16 3.37275E-16-1.06962E-14
 -1       450-9.73847E-15-2.11538E-15 2.08496E-15-6.56978E-15-1.89491E-15-2.52228E-15
 -1       451-1.29472E-14-1.21639E-14 1.64122E-14-1.07852E-14-2.70967E-15 1.72187E-14
 -1       457-1.11948E-14-1.49184E-15 2.75408E-15 9.73884E-15 6.65762E-15-6.97917E-15
 -1       458-4.93130E-15-1.96287E-15 5.97051E-15 5.09758E-15 2.53430E-15-9.59228E-16
 -1       459-6.34598E-15 1.18145E-14 4.78318E-15-8.48914E-17-1.55888E-16 3.24561E-15
 -1       460-1.49391E-14 1.22855E-14 1.68967E-16 5.10742E-15 3.30616E-15-7.94162E-16
 -1       466-5.18683E-14-1.25626E-15 2.22151E-16 6.03919E-14 1.14529E-14 1.98206E-14
 -1       467 3.12986E-14 8.79227E-15-1.91402E-14 4.78136E-14 2.17855E-14-1.81362E-14
 -1       468 3.07335E-14 3.89353E-14-1.36205E-14-4.40822E-15 1.45290E-14-9.96231E-15
 -1       469-4.19501E-14 2.88867E-14 7.13960E-15 5.96831E-15 1.55435E-15 3.48669E-14
 -1       475-1.13878E-14-1.88433E-15-5.90282E-15 2.21515E-14 7.03102E-15-1.69906E-14
 -1       476 1.03147E-14-2.35536E-15-9.11925E-15 1.38583E-14-1.35589E-16-8.39752E-15
 -1       477 8.89998E-15 2.09296E-14-1.03066E-14-1.37264E-15 2.19845E-15-4.19269E-15
 -1       478-1.51321E-14 2.14006E-14-8.48793E-15 7.47163E-15 8.70380E-15-1.08056E-14
 -3
    1PSTEP                        30           1           2          
    1PGM                1.000000E+00                                  
    1PGK                3.021554E+09                                  
    1PHID                         -1                                  
    1PSUBC                         0                                  
    1PMODE                         6                                  
  100CL  107 8748.534406         328                     2    7MODAL      1
 -4  ERROR       1    1
 -5  STR(%)      1    1    0    0
 -1         1 1.21160E+02
 -1         2 1.21160E+02
 -1         3 5.55022E+01
 -1         4 1.21160E+02
 -1         5 1.21160E+02
 -1         6 5.55022E+01
 -1         7 3.80350E+01
 -1         8 3.80350E+01
 -1         9 3.21949E+01
 -1        10 1.59402E+02
 -1        11 1.59402E+02
 -1        12 5.55022E+01
 -1        13 1.59402E+02
 -1        14 1.59402E+02
 -1        15 5.55022E+01
 -1        16 8.04295E+01
 -1        17 8.04295E+01
 -1        18 3.82033E+01
 -1        19 1.59402E+02
 -1        20 1.59402E+02
 -1        21 4.27658E+01
 -1        22 1.59402E+02
 -1        23 1.59402E+02
 -1        24 4.27658E+01
 -1        25 8.04295E+01
 -1        26 8.04295E+01
 -1        27 3.82033E+01
 -1        30 8.06858E+01
 -1        31 8.06858E+01
 -1        32 8.06858E+01
 -1        33 8.06858E+01
 -1        34 8.06858E+01
 -1        35 8.06858E+01
 -1        36 8.06858E+01
 -1        37 8.06858E+01
 -1        38 8.06858E+01
 -1        39 8.06858E+01
 -1        40 8.06858E+01
 -1        41 8.06858E+01
 -1        42 8.06858E+01
 -1        43 8.06858E+01
 -1        44 8.06858E+01
 -1        45 8.06858E+01
 -1        46 8.06858E+01
 -1        47 8.06858E+01
 -1        48 8.06858E+01
 -1        49 8.06858E+01
 -1        50 6.35119E+01
 -1        51 6.35119E+01
 -1        52 6.35119E+01
 -1        53 6.35119E+01
 -1        54 6.35119E+01
 -1        55 6.35119E+01
 -1        56 6.35119E+01
 -1        57 6.35119E+01
 -1        58 7.20988E+01
 -1        59 7.20988E+01
 -1        60 7.20988E+01
 -1        61 7.20988E+01
 -1        63 0.00000E+00
 -1        64 0.00000E+00
 -1        65 0.00000E+00
 -1        66 0.00000E+00
 -1        67 2.22474E+01
 -1        68 2.22474E+01
 -1        69 2.22474E+01
 -1        70 2.22474E+01
 -1        71 2.22474E+01
 -1        72 2.22474E+01
 -1        73 2.22474E+01
 -1        74 2.22474E+01
 -1        75 2.22474E+01
 -1        76 2.22474E+01
 -1        77 0.00000E+00
 -1        78 0.00000E+00
 -1        79 0.00000E+00
 -1        80 0.00000E+00
 -1        81 0.00000E+00
 -1        82 0.00000E+00
 -1        83 5.22827E+01
 -1        84 5.22827E+01
 -1        85 5.22827E+01
 -1        86 5.22827E+01
 -1        87 5.22827E+01
 -1        88 5.22827E+01
 -1        89 5.22827E+01
 -1        90 5.22827E+01
 -1        91 5.22827E+01
 -1        92 5.22827E+01
 -1        93 5.22827E+01
 -1        94 5.22827E+01
 -1        95 5.22827E+01
 -1        96 5.22827E+01
 -1        97 5.22827E+01
 -1       151 0.00000E+00
 -1       152 0.00000E+00
 -1       154 0.00000E+00
 -1       155 0.00000E+00
 -1       156 6.78722E+01
 -1       157 1.21382E+02
 -1       158 1.21382E+02
 -1       159 6.89170E+01
 -1       160 1.21382E+02
 -1       161 1.21382E+02
 -1       162 6.89170E+01
 -1       163 6.94121E+01
 -1       164 6.94121E+01
 -1       165 6.78722E+01
 -1       166 1.21382E+02
 -1       167 1.21382E+02
 -1       168 6.89170E+01
 -1       169 1.21382E+02
 -1       170 1.21382E+02
 -1       171 6.89170E+01
 -1       172 6.94121E+01
 -1       173 6.94121E+01
 -1       174 8.77398E+01
 -1       175 1.41941E+02
 -1       176 1.41941E+02
 -1       177 1.33939E+02
 -1       178 1.41941E+02
 -1       179 1.41941E+02
 -1       180 1.33939E+02
 -1       181 1.33939E+02
 -1       182 7.93201E+01
 -1       183 8.77398E+01
 -1       184 1.41941E+02
 -1       185 1.41941E+02
 -1       186 1.33939E+02
 -1       187 1.41941E+02
 -1       188 1.41941E+02
 -1       189 1.33939E+02
 -1       190 1.33939E+02
 -1       191 7.93201E+01
 -1       192 1.42083E+02
 -1       193 1.42083E+02
 -1       194 6.85123E+01
 -1       195 1.42083E+02
 -1       196 1.42083E+02
 -1       197 1.24025E+02
 -1       198 5.58360E+01
 -1       199 1.24025E+02
 -1       200 1.24025E+02
 -1       201 1.42083E+02
 -1       202 1.42083E+02
 -1       203 6.85123E+01
 -1       204 1.42083E+02
 -1       205 1.42083E+02
 -1       206 1.24025E+02
 -1       207 5.58360E+01
 -1       208 1.24025E+02
 -1       209 1.24025E+02
 -1       210 5.72408E+01
 -1       211 6.95893E+01
 -1       212 6.95893E+01
 -1       213 9.10713E+01
 -1       214 9.10713E+01
 -1       215 6.95893E+01
 -1       216 9.10713E+01
 -1       217 9.10713E+01
 -1       218 6.58118E+01
 -1       219 5.72408E+01
 -1       220 6.95893E+01
 -1       221 6.95893E+01
 -1       222 9.10713E+01
 -1       223 9.10713E+01
 -1       224 6.95893E+01
 -1       225 9.10713E+01
 -1       226 9.10713E+01
 -1       227 6.58118E+01
 -1       251 1.41526E+02
 -1       253 1.41526E+02
 -1       254 1.41526E+02
 -1       256 1.41526E+02
 -1       257 1.04046E+02
 -1       259 1.04046E+02
 -1       260 2.58666E+02
 -1       262 2.58666E+02
 -1       263 2.60246E+02
 -1       265 2.60246E+02
 -1       266 2.60246E+02
 -1       268 2.60246E+02
 -1       269 2.58666E+02
 -1       271 2.58666E+02
 -1       272 2.60246E+02
 -1       274 2.60246E+02
 -1       275 2.60246E+02
 -1       277 2.60246E+02
 -1       278 3.76417E+01
 -1       279 3.76417E+01
 -1       280 3.76417E+01
 -1       281 4.57474E+01
 -1       282 4.57474E+01
 -1       283 4.57474E+01
 -1       284 4.57474E+01
 -1       285 4.57474E+01
 -1       286 4.57474E+01
 -1       287 3.76417E+01
 -1       288 3.76417E+01
 -1       289 3.76417E+01
 -1       290 4.57474E+01
 -1       291 4.57474E+01
 -1       292 4.57474E+01
 -1       293 4.57474E+01
 -1       294 4.57474E+01
 -1       295 4.57474E+01
 -1       296 3.23367E+01
 -1       297 3.23367E+01
 -1       298 3.23367E+01
 -1       299 4.16747E+01
 -1       300 4.16747E+01
 -1       301 4.16747E+01
 -1       302 4.16747E+01
 -1       303 4.16747E+01
 -1       304 4.16747E+01
 -1       305 4.16945E+01
 -1       307 4.16945E+01
 -1       308 4.57474E+01
 -1       310 4.57474E+01
 -1       311 4.16945E+01
 -1       313 4.16945E+01
 -1       314 3.76417E+01
 -1       316 3.76417E+01
 -1       317 4.57474E+01
 -1       319 4.57474E+01
 -1       320 4.57474E+01
 -1       322 4.57474E+01
 -1       323 4.57474E+01
 -1       325 4.57474E+01
 -1       326 4.37111E+01
 -1       328 4.37111E+01
 -1       329 3.70057E+01
 -1       331 3.70057E+01
 -1       332 3.49892E+01
 -1       334 3.49892E+01
 -1       335 4.37111E+01
 -1       337 4.37111E+01
 -1       338 4.16747E+01
 -1       340 4.16747E+01
 -1       341 0.00000E+00
 -1       343 0.00000E+00
 -1       344 0.00000E+00
 -1       346 0.00000E+00
 -1       347 0.00000E+00
 -1       349 0.00000E+00
 -1       350 8.51719E+01
 -1       351 8.51719E+01
 -1       352 8.51719E+01
 -1       353 8.51719E+01
 -1       354 8.51719E+01
 -1       355 8.51719E+01
 -1       356 8.51719E+01
 -1       357 8.51719E+01
 -1       358 8.51719E+01
 -1       359 8.51719E+01
 -1       361 8.51719E+01
 -1       362 8.51719E+01
 -1       364 8.51719E+01
 -1       365 8.51719E+01
 -1       367 8.51719E+01
 -1       368 1.66873E+02
 -1       369 1.66873E+02
 -1       370 1.66873E+02
 -1       371 1.66873E+02
 -1       376 1.66873E+02
 -1       377 1.66873E+02
 -1       378 1.66873E+02
 -1       379 1.66873E+02
 -1       384 2.01349E+02
 -1       385 2.01349E+02
 -1       386 2.01349E+02
 -1       387 2.01349E+02
 -1       392 2.01349E+02
 -1       393 2.01349E+02
 -1       394 2.01349E+02
 -1       395 2.01349E+02
 -1       400 1.44334E+02
 -1       401 1.44334E+02
 -1       402 1.44334E+02
 -1       403 1.44334E+02
 -1       408 2.53712E+01
 -1       409 2.53712E+01
 -1       410 2.53712E+01
 -1       411 2.53712E+01
 -1       412 2.53712E+01
 -1       413 2.53712E+01
 -1       414 2.53712E+01
 -1       415 2.53712E+01
 -1       416 2.60814E+01
 -1       417 2.60814E+01
 -1       418 2.60814E+01
 -1       419 2.60814E+01
 -1       424 2.67916E+01
 -1       425 2.67916E+01
 -1       426 2.67916E+01
 -1       427 2.67916E+01
 -1       428 2.67916E+01
 -1       429 2.67916E+01
 -1       430 2.67916E+01
 -1       431 2.67916E+01
 -1       432 2.67916E+01
 -1       433 2.67916E+01
 -1       434 2.67916E+01
 -1       435 2.67916E+01
 -1       440 2.67916E+01
 -1       441 2.67916E+01
 -1       442 2.67916E+01
 -1       443 2.67916E+01
 -1       444 2.67916E+01
 -1       445 2.67916E+01
 -1       446 2.67916E+01
 -1       447 2.67916E+01
 -1       448 2.57567E+02
 -1       449 2.57567E+02
 -1       450 2.57567E+02
 -1       451 2.57567E+02
 -1       457 2.49070E+02
 -1       458 2.49070E+02
 -1       459 2.49070E+02
 -1       460 2.49070E+02
 -1       466 2.57567E+02
 -1       467 2.57567E+02
 -1       468 2.57567E+02
 -1       469 2.57567E+02
 -1       475 2.49070E+02
 -1       476 2.49070E+02
 -1       477 2.49070E+02
 -1       478 2.49070E+02
 -3
    1PSTEP                        31           1           2          
    1PGM                1.000000E+00                                  
    1PGK                3.153089E+09                                  
    1PHID                         -1                                  
    1PSUBC                         0                                  
    1PMODE                         7                                  
  100CL  108 8936.928201         328                     2    8MODAL      1
 -4  DISP        4    1
 -5  D1          1    2    1    0
 -5  D2          1    2    2    0
 -5  D3          1    2    3    0
 -5  ALL         1    2    0    0    1ALL
 -1         1 0.00000E+00 0.00000E+00 0.00000E+00
 -1         2-8.88178E-16-8.88178E-16 3.55271E-15
 -1         3 3.55271E-15 0.00000E+00 0.00000E+00
 -1         4 0.00000E+00 0.00000E+00 0.00000E+00
 -1         5 4.44089E-15 1.11022E-15 5.32907E-15
 -1         6 3.55271E-15 0.00000E+00 0.00000E+00
 -1         7 0.00000E+00 0.00000E+00 0.00000E+00
 -1         8-6.21725E-15 2.35922E-15-1.99840E-15
 -1         9 3.55271E-15 0.00000E+00 0.00000E+00
 -1        10 0.00000E+00 0.00000E+00 0.00000E+00
 -1        11 2.66454E-15-2.66454E-15-1.19349E-15
 -1        12 3.55271E-15 0.00000E+00 0.00000E+00
 -1        13 0.00000E+00 0.00000E+00 0.00000E+00
 -1        14 8.88178E-16 5.77316E-15 1.60982E-15
 -1        15 3.55271E-15 0.00000E+00 0.00000E+00
 -1        16 0.00000E+00 0.00000E+00 0.00000E+00
 -1        17-1.77636E-15 7.54952E-15-8.32667E-17
 -1        18 3.55271E-15 0.00000E+00 0.00000E+00
 -1        19 0.00000E+00 0.00000E+00 0.00000E+00
 -1        20-1.77636E-15-2.22045E-15-8.88178E-16
 -1        21 3.55271E-15 0.00000E+00 0.00000E+00
 -1        22 0.00000E+00 0.00000E+00 0.00000E+00
 -1        23-1.77636E-15 8.88178E-16-5.77316E-15
 -1        24 3.55271E-15 0.00000E+00 0.00000E+00
 -1        25 0.00000E+00 0.00000E+00 0.00000E+00
 -1        26 4.44089E-15 7.21645E-16 4.44089E-16
 -1        27 3.55271E-15 0.00000E+00 0.00000E+00
 -1        30 0.00000E+00 0.00000E+00 0.00000E+00
 -1        31-1.17057E-13-4.61847E-14-4.37672E-14
 -1        32-9.92947E-14-4.61847E-14-9.70582E-14
 -1        33 0.00000E+00 0.00000E+00 0.00000E+00
 -1        34 0.00000E+00 0.00000E+00 0.00000E+00
 -1        35-8.88012E-15 7.10574E-15-4.37704E-14
 -1        36 8.88267E-15 7.10574E-15-9.70614E-14
 -1        37 0.00000E+00 0.00000E+00 0.00000E+00
 -1        38-4.61853E-14-3.55271E-14-4.26326E-14
 -1        39-1.08176E-13-4.61847E-14-7.04127E-14
 -1        40-4.21885E-14-3.55271E-15-8.52651E-14
 -1        41 0.00000E+00 0.00000E+00 0.00000E+00
 -1        42 5.32907E-15 1.24345E-14-2.84217E-14
 -1        43 1.27520E-18 7.10574E-15-7.04159E-14
 -1        44 1.77636E-15 3.55271E-15-5.68434E-14
 -1        45 0.00000E+00 0.00000E+00 0.00000E+00
 -1        46 0.00000E+00 0.00000E+00 0.00000E+00
 -1        47-6.29688E-14-1.95395E-14-4.37688E-14
 -1        48-4.52060E-14-1.95395E-14-9.70598E-14
 -1        49 0.00000E+00 0.00000E+00 0.00000E+00
 -1        50 0.00000E+00 0.00000E+00 0.00000E+00
 -1        51 9.92972E-14 6.03962E-14-4.37736E-14
 -1        52 1.17060E-13 6.03962E-14-9.70646E-14
 -1        53 0.00000E+00 0.00000E+00 0.00000E+00
 -1        54 3.99680E-14 4.97380E-14-2.84217E-14
 -1        55 1.08179E-13 6.03962E-14-7.04191E-14
 -1        56 3.15303E-14 3.55271E-14-8.52651E-14
 -1        57 0.00000E+00 0.00000E+00 0.00000E+00
 -1        58 0.00000E+00 0.00000E+00 0.00000E+00
 -1        59 4.52086E-14 3.37510E-14-4.37720E-14
 -1        60 6.29713E-14 3.37510E-14-9.70630E-14
 -1        61 0.00000E+00 0.00000E+00 0.00000E+00
 -1        63 0.00000E+00 0.00000E+00 0.00000E+00
 -1        64 0.00000E+00 0.00000E+00 0.00000E+00
 -1        65 0.00000E+00 0.00000E+00 0.00000E+00
 -1        66 4.88498E-15 8.32667E-16 6.60930E-16
 -1        67 0.00000E+00 0.00000E+00 0.00000E+00
 -1        68 0.00000E+00 0.00000E+00 0.00000E+00
 -1        69 0.00000E+00 0.00000E+00 0.00000E+00
 -1        70-1.77636E-14 7.99361E-15 6.60930E-16
 -1        71 0.00000E+00 0.00000E+00 0.00000E+00
 -1        72 0.00000E+00 0.00000E+00 0.00000E+00
 -1        73 0.00000E+00 0.00000E+00 0.00000E+00
 -1        74-4.44089E-15 6.21725E-15 1.83187E-15
 -1        75-6.21725E-15 2.55351E-15 5.32907E-15
 -1        76-5.77316E-15 5.32907E-15-2.22045E-16
 -1        77 0.00000E+00 0.00000E+00 0.00000E+00
 -1        78 0.00000E+00 0.00000E+00 0.00000E+00
 -1        79 0.00000E+00 0.00000E+00 0.00000E+00
 -1        80 2.16487E-02-2.16487E-02-1.42109E-14
 -1        81 2.16487E-02 4.32973E-02-1.77636E-15
 -1        82-4.32973E-02-2.16487E-02 1.77636E-14
 -1        83 0.00000E+00 0.00000E+00 0.00000E+00
 -1        84 0.00000E+00 0.00000E+00 0.00000E+00
 -1        85 0.00000E+00 0.00000E+00 0.00000E+00
 -1        86 4.30797E-15-4.41314E-15-1.97065E-15
 -1        87 4.35177E-15 1.59872E-14-9.76996E-15
 -1        88 4.44089E-15-1.55431E-15-6.21725E-15
 -1        89 0.00000E+00 0.00000E+00 0.00000E+00
 -1        90 0.00000E+00 0.00000E+00 0.00000E+00
 -1        91 0.00000E+00 0.00000E+00 0.00000E+00
 -1        92-1.11022E-15-1.33227E-15-2.88658E-15
 -1        93-7.54952E-15-3.55271E-15-8.88178E-15
 -1        94-4.44089E-15-5.13478E-15-2.24820E-15
 -1        95-1.86517E-14-9.76996E-15-1.06581E-14
 -1        96-9.76996E-15-7.99361E-15-9.99201E-16
 -1        97-1.06581E-14-6.21725E-15-4.21885E-15
 -1       151 0.00000E+00 0.00000E+00 0.00000E+00
 -1       152-8.10952E-21 0.00000E+00 0.00000E+00
 -1       154 0.00000E+00 0.00000E+00 0.00000E+00
 -1       155 0.00000E+00 0.00000E+00 0.00000E+00
 -1       156 0.00000E+00 0.00000E+00 0.00000E+00
 -1       157 0.00000E+00 0.00000E+00 0.00000E+00
 -1       158 0.00000E+00 0.00000E+00 0.00000E+00
 -1       159 0.00000E+00 0.00000E+00 0.00000E+00
 -1       160 0.00000E+00 0.00000E+00 0.00000E+00
 -1       161 0.00000E+00 0.00000E+00 0.00000E+00
 -1       162 0.00000E+00 0.00000E+00 0.00000E+00
 -1       163 0.00000E+00 0.00000E+00 0.00000E+00
 -1       164 0.00000E+00 0.00000E+00 0.00000E+00
 -1       165-7.10543E-15-1.42109E-14-7.10543E-15
 -1       166-1.77636E-14 4.44089E-16-4.66294E-15
 -1       167-2.13163E-14 3.55271E-15-1.77636E-15
 -1       168-1.42109E-14-6.66134E-15-7.10543E-15
 -1       169-1.06581E-14 5.32907E-15 1.33227E-15
 -1       170-2.13163E-14 5.32907E-15 3.55271E-15
 -1       171-1.77636E-14-4.44089E-15-3.55271E-15
 -1       172-1.06581E-14 4.88498E-15 4.44089E-15
 -1       173-1.06581E-14 4.44089E-16 1.77636E-14
 -1       174-7.10543E-15-1.42109E-14-7.10543E-15
 -1       175-1.77636E-14 4.44089E-16-4.66294E-15
 -1       176-2.13163E-14 3.55271E-15-1.77636E-15
 -1       177-1.42109E-14-6.66134E-15-7.10543E-15
 -1       178-1.06581E-14 5.32907E-15 1.33227E-15
 -1       179-2.13163E-14 5.32907E-15 3.55271E-15
 -1       180-1.77636E-14-4.44089E-15-3.55271E-15
 -1       181-1.06581E-14 4.88498E-15 4.44089E-15
 -1       182-1.06581E-14 4.44089E-16 1.77636E-14
 -1       183-1.42109E-14 2.66454E-15 0.00000E+00
 -1       184-1.42109E-14 6.21725E-15-2.66454E-15
 -1       185-1.42109E-14 1.11022E-15-3.55271E-15
 -1       186-2.84217E-14 2.66454E-15-7.10543E-15
 -1       187-2.13163E-14 4.88498E-15-1.33227E-15
 -1       188-2.84217E-14-5.77316E-15 7.10543E-15
 -1       189-4.26326E-14-1.77636E-15-1.06581E-14
 -1       190-2.13163E-14 3.55271E-15 3.77476E-15
 -1       191-1.42109E-14-7.54952E-15 1.77636E-14
 -1       192 0.00000E+00 0.00000E+00 0.00000E+00
 -1       193 0.00000E+00 0.00000E+00 0.00000E+00
 -1       194 0.00000E+00 0.00000E+00 0.00000E+00
 -1       195 0.00000E+00 0.00000E+00 0.00000E+00
 -1       196 0.00000E+00 0.00000E+00 0.00000E+00
 -1       197 0.00000E+00 0.00000E+00 0.00000E+00
 -1       198 0.00000E+00 0.00000E+00 0.00000E+00
 -1       199 0.00000E+00 0.00000E+00 0.00000E+00
 -1       200 0.00000E+00 0.00000E+00 0.00000E+00
 -1       201 3.55271E-15 1.11022E-16 9.32587E-15
 -1       202-1.33227E-15 6.21725E-15 3.33067E-15
 -1       203 3.10862E-15 6.21725E-15 9.99201E-16
 -1       204 4.88498E-15-3.88578E-15 3.99680E-15
 -1       205 3.10862E-15-3.33067E-16 1.22125E-15
 -1       206 4.44089E-15 4.88498E-15 1.44329E-15
 -1       207 6.21725E-15-4.44089E-16 2.66454E-15
 -1       208-6.66134E-16-3.69149E-15 6.32827E-15
 -1       209-3.55271E-15 3.55271E-15-1.11022E-15
 -1       210 0.00000E+00 0.00000E+00 8.88178E-15
 -1       211-1.77636E-14-4.97380E-14 7.10543E-15
 -1       212-4.61853E-14-1.13687E-13 0.00000E+00
 -1       213 0.00000E+00 0.00000E+00 1.42109E-14
 -1       214-7.10543E-15-4.26326E-14-2.04281E-14
 -1       215-8.88178E-15-7.10543E-14-1.06581E-14
 -1       216 0.00000E+00 0.00000E+00 1.06581E-14
 -1       217 7.10543E-15-2.84217E-14-2.13163E-14
 -1       218 7.10543E-15-7.10543E-14-3.99680E-14
 -1       219 0.00000E+00 0.00000E+00 1.95399E-14
 -1       220-1.42109E-14-1.42109E-14 6.75016E-14
 -1       221-2.13163E-14-8.52651E-14 0.00000E+00
 -1       222 0.00000E+00 0.00000E+00 2.30926E-14
 -1       223 8.88178E-15-2.13163E-14 7.10543E-15
 -1       224 6.21725E-15-5.68434E-14 0.00000E+00
 -1       225 0.00000E+00 0.00000E+00 0.00000E+00
 -1       226 2.13163E-14-7.10543E-15-3.55271E-14
 -1       227 1.42109E-14-5.68434E-14-3.37508E-14
 -1       251 0.00000E+00 0.00000E+00-1.03251E-14
 -1       253 0.00000E+00-0.00000E+00 1.03251E-14
 -1       254-2.38742E-12-1.98952E-13-1.18234E-11
 -1       256 2.35900E-12 1.56319E-13-1.20508E-11
 -1       257-2.92744E-12-2.27374E-13-3.81988E-11
 -1       259 2.81375E-12 0.00000E+00-3.86535E-11
 -1       260 0.00000E+00 0.00000E+00 2.21489E-14
 -1       262 0.00000E+00-0.00000E+00-2.21489E-14
 -1       263-2.41585E-12 5.68434E-14-1.25056E-11
 -1       265 2.39453E-12-5.68434E-14-1.25056E-11
 -1       266-2.82796E-12 1.13687E-13-3.83125E-11
 -1       268 2.84217E-12-1.70530E-13-3.81988E-11
 -1       269 0.00000E+00 0.00000E+00-7.77156E-16
 -1       271 0.00000E+00-0.00000E+00 7.77156E-16
 -1       272-2.25953E-12 2.13163E-13-1.07434E-11
 -1       274 2.18847E-12-2.91323E-13-1.08002E-11
 -1       275-2.70006E-12 4.83169E-13-3.59250E-11
 -1       277 2.68585E-12-3.69482E-13-3.56977E-11
 -1       278 0.00000E+00 0.00000E+00-1.42109E-14
 -1       279 0.00000E+00 0.00000E+00 0.00000E+00
 -1       280 0.00000E+00-0.00000E+00 1.42109E-14
 -1       281-1.13687E-13-1.13687E-13 0.00000E+00
 -1       282-1.49214E-13-1.27898E-13 0.00000E+00
 -1       283-1.70530E-13-1.42109E-13 2.27374E-13
 -1       284-2.27374E-13-2.84217E-13-9.09495E-13
 -1       285-1.35003E-13-3.69482E-13 0.00000E+00
 -1       286-5.68434E-14-3.41061E-13 0.00000E+00
 -1       287 0.00000E+00 0.00000E+00-7.35523E-16
 -1       288 0.00000E+00 0.00000E+00 0.00000E+00
 -1       289 0.00000E+00-0.00000E+00 7.35523E-16
 -1       290 1.55431E-15-1.42109E-13 2.41585E-13
 -1       291-4.44089E-15-1.42109E-13 2.70006E-13
 -1       292-1.24345E-14-1.70530E-13 2.41585E-13
 -1       293 1.42109E-14-2.27374E-13 2.27374E-13
 -1       294 1.24345E-14-3.69482E-13 2.84217E-14
 -1       295 2.84217E-14-5.68434E-13 1.42109E-13
 -1       296 0.00000E+00 0.00000E+00 1.15463E-14
 -1       297 0.00000E+00 0.00000E+00 0.00000E+00
 -1       298 0.00000E+00-0.00000E+00-1.15463E-14
 -1       299 1.70530E-13-8.52651E-14 4.54747E-13
 -1       300 1.27898E-13-1.42109E-13 4.54747E-13
 -1       301 2.84217E-14-1.70530E-13 4.54747E-13
 -1       302 1.42109E-13-2.27374E-13 9.09495E-13
 -1       303 1.27898E-13-2.55795E-13 9.09495E-13
 -1       304 1.35003E-13-3.41061E-13 9.09495E-13
 -1       305-8.52651E-14-6.03961E-14 0.00000E+00
 -1       307-8.52651E-14-4.26326E-14 1.13687E-13
 -1       308-5.68434E-14-1.13687E-13 1.13687E-13
 -1       310-5.68434E-14-1.42109E-13 3.41061E-13
 -1       311 1.86517E-14-5.68434E-14 1.56319E-13
 -1       313-1.02141E-14-7.10543E-14 1.56319E-13
 -1       314-2.13163E-14 8.88178E-16 7.10543E-15
 -1       316-7.10543E-14-3.55271E-15 0.00000E+00
 -1       317-2.27374E-13-1.70530E-13 4.54747E-13
 -1       319-1.42109E-13-2.84217E-13 0.00000E+00
 -1       320-1.42109E-13-2.27374E-13 0.00000E+00
 -1       322 1.42109E-14-4.54747E-13-4.54747E-13
 -1       323-1.42109E-14-1.98952E-13 3.83693E-13
 -1       325 0.00000E+00-1.70530E-13 1.98952E-13
 -1       326 8.52651E-14-1.42109E-13 4.54747E-13
 -1       328 4.26326E-14-2.27374E-13 4.54747E-13
 -1       329 1.13687E-13-4.97380E-14 2.27374E-13
 -1       331 2.84217E-14-5.68434E-14 2.27374E-13
 -1       332 7.10543E-14-1.24345E-14 2.13163E-14
 -1       334-7.10543E-15-7.10543E-15 1.42109E-14
 -1       335 7.10543E-14-1.13687E-13 4.54747E-13
 -1       337 9.14824E-14-3.41061E-13 4.54747E-13
 -1       338 1.70530E-13-8.52651E-14 4.54747E-13
 -1       340 1.13687E-13-2.27374E-13 9.09495E-13
 -1       341 0.00000E+00 0.00000E+00 2.94903E-17
 -1       343 0.00000E+00-0.00000E+00-2.94903E-17
 -1       344 0.00000E+00 0.00000E+00 6.41848E-17
 -1       346 0.00000E+00-0.00000E+00-6.41848E-17
 -1       347-2.44249E-15 7.10543E-15 2.84217E-14
 -1       349-1.16573E-15-7.10543E-15 2.84217E-14
 -1       350 0.00000E+00 0.00000E+00-1.87073E-14
 -1       351 0.00000E+00 0.00000E+00 0.00000E+00
 -1       352 0.00000E+00-0.00000E+00 1.87073E-14
 -1       353 0.00000E+00 0.00000E+00 2.44804E-14
 -1       354 0.00000E+00 0.00000E+00 0.00000E+00
 -1       355 0.00000E+00-0.00000E+00-2.44804E-14
 -1       356 4.35207E-14-2.27374E-13-3.63798E-12
 -1       357 1.24345E-14 9.76996E-15-3.29692E-12
 -1       358-6.03961E-14 3.97904E-13-3.29692E-12
 -1       359 3.55271E-14-1.84741E-13-3.06422E-14
 -1       361-3.90799E-14 2.41585E-13 3.55271E-15
 -1       362-2.66454E-14-1.56319E-13-1.42109E-12
 -1       364 2.70894E-14 2.41585E-13-1.19371E-12
 -1       365-2.48690E-14-1.42109E-13-1.02318E-12
 -1       367 1.65423E-14 2.27374E-13-1.19371E-12
 -1       368 1.08524E-14 1.99840E-15 3.46390E-14
 -1       369-1.08524E-14-8.88178E-16-2.84217E-14
 -1       370 2.16377E-14-1.11022E-15 1.06581E-14
 -1       371-3.78791E-31-3.33066E-14-1.68754E-14
 -1       376 3.12639E-13 6.82121E-13 5.68434E-14
 -1       377-2.41585E-13 7.95808E-13-2.84217E-14
 -1       378-2.55795E-13 8.81073E-13 2.84217E-14
 -1       379 3.69482E-13 9.09495E-13 5.68434E-14
 -1       384 5.51559E-13 3.01270E-12-1.13687E-13
 -1       385-7.19425E-13 3.29692E-12-1.13687E-13
 -1       386-4.57634E-13 3.35376E-12-3.41061E-13
 -1       387 7.12319E-13 3.12639E-12-1.70530E-13
 -1       392 6.25278E-13 6.23857E-12-8.02913E-13
 -1       393-9.09495E-13 6.09646E-12-1.15818E-12
 -1       394-5.57776E-13 6.43752E-12-5.11591E-13
 -1       395 1.16529E-12 7.00595E-12-7.24754E-13
 -1       400 1.04450E-12 1.15961E-11 3.41061E-13
 -1       401-1.33582E-12 1.15961E-11-1.08002E-12
 -1       402-7.53175E-13 1.09139E-11-1.36424E-12
 -1       403 1.16529E-12 1.06866E-11-1.30740E-12
 -1       408 1.91640E+00 6.61480E+00 4.92700E-01
 -1       409-1.91640E+00-1.21326E+01-1.36606E+00
 -1       410 3.82231E+00 5.51779E+00 7.34647E+00
 -1       411 5.32415E-11 9.25207E-01-6.47310E+00
 -1       412 0.00000E+00-3.22150E+00-4.36680E-01
 -1       413-9.58200E-01-3.30740E+00 2.99020E+00
 -1       414 0.00000E+00 3.22150E+00 4.36680E-01
 -1       415 9.58200E-01 3.30740E+00-2.99020E+00
 -1       416 2.52693E+02 6.84108E+01 6.15100E+02
 -1       417 2.14163E+02 3.88383E+01 6.12048E+02
 -1       418-2.48734E+02 6.76273E+01 6.14772E+02
 -1       419-2.10961E+02 3.54708E+01 6.11956E+02
 -1       424 4.69216E+02 1.99642E+02 2.30729E+03
 -1       425 3.98169E+02 1.86326E+02 2.30806E+03
 -1       426-4.66765E+02 1.99095E+02 2.30915E+03
 -1       427-3.95605E+02 1.88360E+02 2.30673E+03
 -1       428 4.34409E+02 1.92478E+02 2.31393E+03
 -1       429-3.41228E+01 1.93227E+02 2.30230E+03
 -1       430-4.31851E+02 1.92461E+02 2.31420E+03
 -1       431 3.66447E+01 1.93780E+02 2.30073E+03
 -1       432 5.38970E+02 3.89563E+02 4.65705E+03
 -1       433 4.56514E+02 3.84779E+02 4.65743E+03
 -1       434-5.36023E+02 3.88866E+02 4.65753E+03
 -1       435-4.53627E+02 3.84105E+02 4.65684E+03
 -1       440 5.78821E+02 6.04775E+02 7.24749E+03
 -1       441 4.90401E+02 5.99534E+02 7.24746E+03
 -1       442-5.76166E+02 6.04163E+02 7.24857E+03
 -1       443-4.87292E+02-6.64861E+03 7.24660E+03
 -1       444 5.34112E+02 6.02250E+02 7.24621E+03
 -1       445-4.29271E+01 6.01753E+02 7.24931E+03
 -1       446-5.31274E+02 6.01990E+02 7.24632E+03
 -1       447 4.58088E+01 6.02103E+02 7.24835E+03
 -1       448-1.42109E-14-1.38778E-15 2.13163E-14
 -1       449 5.68434E-14 2.22045E-15 5.68434E-14
 -1       450 0.00000E+00-8.32667E-16 7.10543E-15
 -1       451-4.26326E-14-3.79321E-15-8.52651E-14
 -1       457 1.42109E-14 1.79023E-15-1.06581E-14
 -1       458 7.10543E-15-1.77636E-15-1.42109E-14
 -1       459-7.10543E-15-1.38778E-17 1.06581E-14
 -1       460-1.42109E-14 4.57654E-15 1.42109E-14
 -1       466-7.10543E-15-3.77476E-15 7.46070E-14
 -1       467-8.52651E-14 2.22045E-16-7.10543E-14
 -1       468-2.13163E-14 3.55271E-15 1.06581E-14
 -1       469 2.84217E-14-3.16689E-14 5.68434E-14
 -1       475-5.99520E-14 2.05391E-15 2.13163E-14
 -1       476-2.84217E-14-1.77636E-15 4.26326E-14
 -1       477-4.44089E-16-2.77556E-16 4.44089E-15
 -1       478 3.55271E-15-3.53803E-14 2.66454E-15
 -3
    1PSTEP                        32           1           2          
    1PGM                1.000000E+00                                  
    1PGK                3.153089E+09                                  
    1PHID                         -1                                  
    1PSUBC                         0                                  
    1PMODE                         7                                  
  100CL  108 8936.928201         328                     2    8MODAL      1
 -4  STRESS      6    1
 -5  SXX         1    4    1    1
 -5  SYY         1    4    2    2
 -5  SZZ         1    4    3    3
 -5  SXY         1    4    1    2
 -5  SYZ         1    4    2    3
 -5  SZX         1    4    3    1
 -1         1-5.02193E-11-2.15262E-11-2.15207E-11-1.43483E-11-1.23183E-15 5.73885E-11
 -1         2 3.38474E-11 4.10206E-11-1.76876E-10 8.60838E-11-8.04058E-16 5.73894E-11
 -1         3 2.51075E-10 1.07600E-10 1.07605E-10 1.43478E-11-1.23183E-15-5.73881E-11
 -1         4 2.51077E-10 1.07602E-10 1.07605E-10 1.79336E-11-5.76469E-16 8.60831E-11
 -1         5 4.96520E-11 4.47204E-11-1.27894E-10-4.30415E-11 3.04877E-11-5.73895E-11
 -1         6-5.02215E-11-2.15259E-11-2.15225E-11-1.79323E-11-5.76469E-16-8.60837E-11
 -1         7-3.51509E-10-1.50648E-10-1.50646E-10 3.81096E-11-2.59827E-16-3.22821E-11
 -1         8 1.77097E-10 1.60061E-10 1.81583E-10-1.72167E-10-3.45234E-11 7.17367E-11
 -1         9 5.52366E-10 2.36728E-10 2.36729E-10-3.81064E-11-2.59827E-16 3.22823E-11
 -1        10 1.50645E-10 6.45595E-11 6.45645E-11-4.30427E-11 4.46001E-17-1.92789E-11
 -1        11 2.51075E-10 4.66285E-10 1.21952E-10-2.86948E-11 3.45233E-11-7.17330E-12
 -1        12 5.02110E-11 2.15162E-11 2.15212E-11 4.30422E-11 4.46001E-17 1.92800E-11
 -1        13 5.02152E-11 2.15191E-11 2.15221E-11 9.32570E-11 2.48685E-16 2.60044E-11
 -1        14 8.96678E-11 1.97273E-10-1.47061E-10-3.58682E-11 7.17382E-12-5.02157E-11
 -1        15 1.50641E-10 6.45589E-11 6.45618E-11-9.32566E-11 2.48685E-16-2.60045E-11
 -1        16-1.00431E-10-4.30419E-11-4.30398E-11 1.21951E-10 3.80413E-16-1.34517E-12
 -1        17 1.73062E-10 1.73064E-10 1.55131E-10-4.30415E-11-4.05758E-11 8.60839E-11
 -1        18 3.01289E-10 1.29124E-10 1.29126E-10-1.21950E-10 3.80413E-16 1.34505E-12
 -1        19-1.00432E-10-4.30464E-11-4.30406E-11-3.58686E-11 8.21697E-16-1.43459E-11
 -1        20 1.83149E-10 2.26191E-10 1.35627E-10 1.91300E-16-7.17361E-11-7.17360E-11
 -1        21 3.01288E-10 1.29119E-10 1.29125E-10 3.58692E-11 8.21697E-16 1.43477E-11
 -1        22-1.00432E-10-4.30447E-11-4.30412E-11 1.43463E-11 8.89371E-16-9.32571E-11
 -1        23-4.28209E-11-5.26844E-11-3.38732E-10 5.02157E-11-6.81492E-11-4.30419E-11
 -1        24 3.01288E-10 1.29121E-10 1.29125E-10-1.43463E-11 8.89371E-16 9.32574E-11
 -1        25 2.51079E-10 1.07606E-10 1.07608E-10 1.16551E-11 1.15105E-15 7.17377E-12
 -1        26 1.09172E-10 4.64039E-11 6.88235E-11 1.00431E-10-9.86303E-12 1.00431E-10
 -1        27-5.02196E-11-2.15225E-11-2.15196E-11-1.16555E-11 1.15105E-15-7.17423E-12
 -1        30-1.54027E-09-1.02617E-10-2.93902E-10-8.01055E-10 2.86977E-11-1.03771E-09
 -1        31-4.33180E-09-1.29901E-09-1.49035E-09 1.45873E-10 2.86935E-11 1.17672E-09
 -1        32-3.16256E-09-7.32318E-10-7.70616E-10-8.87128E-10-1.91300E-10 1.22214E-09
 -1        33-1.47568E-09-9.34931E-12-4.75954E-11 2.31945E-10-1.91296E-10-2.02528E-09
 -1        34 8.39280E-10 2.55850E-10 4.28035E-10 2.77379E-10 7.65224E-11-6.23995E-10
 -1        35-1.37005E-09-6.91029E-10-5.18896E-10-1.53036E-10 7.65181E-11 6.72097E-10
 -1        36 4.80684E-10 6.93502E-11 1.64964E-10 1.33908E-10-4.78261E-11 2.65584E-10
 -1        37-1.21964E-10-1.88905E-10-9.32401E-11-9.56497E-12-4.78218E-11-1.14528E-09
 -1        38-2.93604E-09-7.00815E-10-8.92125E-10-3.27591E-10 2.86956E-11 6.95090E-11
 -1        39-3.74718E-09-1.01566E-09-1.13048E-09-3.70627E-10-8.13033E-11 1.19943E-09
 -1        40-2.31912E-09-3.70834E-10-4.09106E-10-3.27591E-10-1.91298E-10-4.01566E-10
 -1        41-1.50797E-09-5.59832E-11-1.70749E-10-2.84555E-10-8.12991E-11-1.53149E-09
 -1        42-2.65387E-10-2.17590E-10-4.54305E-11 6.21714E-11 7.65203E-11 2.40512E-11
 -1        43-4.44685E-10-3.10840E-10-1.76966E-10-9.56418E-12 1.43460E-11 4.68841E-10
 -1        44 1.79360E-10-5.97776E-11 3.58619E-11 6.21714E-11-4.78239E-11-4.39850E-10
 -1        45 3.58658E-10 3.34724E-11 1.67397E-10 1.33907E-10 1.43503E-11-8.84640E-10
 -1        46-3.21775E-10 1.05317E-10 1.34026E-10-2.61836E-10 6.69574E-11-8.08135E-10
 -1        47-2.82221E-09-9.66322E-10-9.37665E-10-3.57714E-12 6.69532E-11 9.47127E-10
 -1        48-1.22614E-09-2.16701E-10-3.50052E-11-3.76607E-10-1.53040E-10 7.62993E-10
 -1        49-6.84018E-10 1.56584E-11 1.97406E-10 1.11194E-10-1.53036E-10-1.56615E-09
 -1        50 1.59758E-09 4.66067E-10 6.19124E-10 1.02583E-09-1.05211E-10-6.69404E-10
 -1        51 3.78683E-09 1.40429E-09 1.55730E-09-9.32671E-11-1.05216E-10 6.26591E-10
 -1        52 6.01777E-09 2.22924E-09 2.07616E-09 3.65846E-10-1.33911E-10 1.14547E-09
 -1        53-8.81979E-11-3.87587E-10-5.40608E-10 5.66716E-10-1.33906E-10-2.10174E-09
 -1        54 2.69221E-09 9.35181E-10 1.08821E-09 4.66281E-10-1.05214E-10-2.14066E-11
 -1        55 4.90230E-09 1.81677E-09 1.81673E-09 1.36289E-10-1.19563E-10 8.86031E-10
 -1        56 2.96479E-09 9.20824E-10 7.67778E-10 4.66281E-10-1.33908E-10-4.78135E-10
 -1        57 7.54693E-10 3.92402E-11 3.92583E-11 7.96273E-10-1.19559E-10-1.38557E-09
 -1        58 1.18971E-09 3.32258E-10 4.56620E-10 6.51602E-10-2.86920E-11-6.69415E-10
 -1        59 1.17968E-09 3.27934E-10 4.52245E-10-1.23156E-10-2.86962E-11 6.26628E-10
 -1        60 3.13443E-09 1.03451E-09 8.52743E-10 2.49874E-10-5.73910E-11 6.86399E-10
 -1        61-2.19885E-10-4.03032E-10-5.84748E-10 2.78572E-10-5.73868E-11-1.64264E-09
 -1        63 1.33457E-11 1.33457E-11 3.11400E-11 0.00000E+00 1.12090E-11 6.57594E-11
 -1        64 1.33457E-11 1.33457E-11 3.11400E-11 0.00000E+00 1.12090E-11 6.57594E-11
 -1        65 1.33457E-11 1.33457E-11 3.11400E-11 0.00000E+00 1.12090E-11 6.57594E-11
 -1        66 1.33457E-11 1.33457E-11 3.11400E-11 0.00000E+00 1.12090E-11 6.57594E-11
 -1        67 1.34614E-10 1.34613E-10 3.14095E-10 1.10005E-15 2.27168E-10 9.90049E-16
 -1        68 4.17080E-10 4.17080E-10 9.73184E-10 1.10005E-15 2.98899E-11-9.56491E-11
 -1        69-3.12796E-11-3.12799E-11-7.29886E-11 1.10005E-15 1.79343E-10-7.17366E-11
 -1        70-7.17690E-10-5.74216E-10-5.74638E-10-4.03523E-10-1.77850E-10-1.95783E-10
 -1        71 2.75847E-10 2.75846E-10 6.43640E-10 1.10005E-15 1.28529E-10-4.78240E-11
 -1        72 1.92900E-10 1.92900E-10 4.50098E-10 1.10005E-15 1.04617E-10-8.36928E-11
 -1        73 5.16670E-11 5.16666E-11 1.20553E-10 1.10005E-15 2.03256E-10-3.58678E-11
 -1        74-2.91538E-10-2.19801E-10-1.30271E-10-2.01761E-10 2.46591E-11-9.78909E-11
 -1        75-1.50305E-10-7.85679E-11 1.99273E-10-2.01761E-10-7.39801E-11-1.45716E-10
 -1        76-3.74485E-10-3.02748E-10-3.23813E-10-2.01761E-10 7.46561E-13-1.33760E-10
 -1        77-1.06721E-10-1.43253E-10-5.42682E-11-3.65115E-11-3.00778E-10-1.27125E-10
 -1        78-8.02190E-10-1.05257E-09-5.35705E-10-2.50544E-10 1.79843E-10 5.99758E-11
 -1        79-1.06721E-10-1.43253E-10-5.42682E-11-3.65115E-11-3.00778E-10-1.27125E-10
 -1        80-8.02190E-10-1.05257E-09-5.35705E-10-2.50544E-10 1.79843E-10 5.99758E-11
 -1        81-1.06721E-10-1.43253E-10-5.42682E-11-3.65115E-11-3.00778E-10-1.27125E-10
 -1        82-8.02190E-10-1.05257E-09-5.35705E-10-2.50544E-10 1.79843E-10 5.99758E-11
 -1        83-3.50609E-10-5.13839E-10-1.58513E-09-6.02112E-12-4.16147E-10-9.86786E-10
 -1        84 5.50227E-10 3.86988E-10 5.16793E-10-6.01548E-12-6.72458E-10-5.37224E-10
 -1        85 2.03117E-10 3.98877E-11-2.93116E-10-6.01562E-12-2.96088E-10-6.16539E-10
 -1        86-4.96872E-10-1.51158E-11 1.22898E-09-8.78432E-10 4.61700E-10 1.33733E-09
 -1        87 1.10789E-09-4.10042E-10-6.43033E-10 4.58153E-10 6.50758E-10 3.50770E-10
 -1        88-1.52220E-10 6.51410E-10 9.46014E-11 4.24526E-10 5.49389E-11 3.92079E-10
 -1        89 9.98092E-11-6.34255E-11-5.34170E-10-6.01830E-12-5.44303E-10-7.62005E-10
 -1        90 3.76672E-10 2.13438E-10 1.11839E-10-6.01555E-12-4.84273E-10-5.76881E-10
 -1        91-7.37460E-11-2.36976E-10-9.39125E-10-6.01837E-12-3.56117E-10-8.01662E-10
 -1        92 3.05506E-10-2.12579E-10 2.92975E-10-2.10139E-10 5.56229E-10 8.44050E-10
 -1        93 4.77833E-10 1.20684E-10-2.74216E-10 4.41340E-10 3.52848E-10 3.71425E-10
 -1        94-3.24546E-10 3.18147E-10 6.61793E-10-2.26953E-10 2.58320E-10 8.64705E-10
 -1        95-4.23741E-10-2.64478E-10-1.78075E-10-4.42226E-10 2.27767E-11 1.75272E-10
 -1        96 8.29056E-10-1.15269E-11-6.31201E-11 2.26069E-10-1.08504E-11-9.32269E-11
 -1        97 2.54485E-11 3.45649E-10-9.92571E-11 2.09255E-10-1.20574E-10-1.12230E-10
 -1       151 0.00000E+00 0.00000E+00 0.00000E+00 0.00000E+00 0.00000E+00 0.00000E+00
 -1       152 0.00000E+00 0.00000E+00 0.00000E+00 0.00000E+00 0.00000E+00 0.00000E+00
 -1       154 0.00000E+00 0.00000E+00 0.00000E+00 0.00000E+00 0.00000E+00 0.00000E+00
 -1       155 0.00000E+00 0.00000E+00 0.00000E+00 0.00000E+00 0.00000E+00 0.00000E+00
 -1       156-1.72166E-10-1.72170E-10-4.01721E-10-3.96358E-15-2.29557E-10-1.14775E-10
 -1       157-1.12981E-10-1.12986E-10-2.63629E-10-2.12468E-15 7.17266E-12-2.86941E-10
 -1       158-4.30359E-11-4.30422E-11-1.00429E-10-1.50708E-15 5.73860E-11-3.44329E-10
 -1       159-1.72168E-10-1.72170E-10-4.01723E-10-3.28178E-15-1.07605E-10-2.29553E-10
 -1       160 3.22829E-11 3.22805E-11 7.53233E-11-1.96241E-15 8.60825E-11-1.72163E-10
 -1       161 8.60868E-11 8.60836E-11 2.00860E-10-1.05015E-15 8.60805E-11-3.44331E-10
 -1       162-8.60884E-11-8.60861E-11-2.00864E-10-2.59998E-15-7.17379E-11-2.86943E-10
 -1       163 1.07605E-10 1.07605E-10 2.51076E-10-1.83832E-15 7.89079E-11-1.72164E-10
 -1       164 4.30423E-10 4.30421E-10 1.00431E-09-6.69550E-16 7.16961E-12-1.72164E-10
 -1       165-5.91825E-10-3.58766E-12-4.77044E-10 1.21950E-10-2.29557E-10-7.53188E-11
 -1       166-3.96342E-10-8.96728E-12-3.17431E-10 2.58250E-10 1.04017E-10-2.43898E-10
 -1       167-2.00859E-10-2.86948E-11-1.43472E-10 5.02146E-11 1.43470E-10-2.97700E-10
 -1       168 1.47060E-10 1.90101E-10-1.97273E-10 1.07603E-10-7.89104E-11-9.32529E-11
 -1       169-1.14778E-10 7.17359E-11 4.30417E-11 1.54232E-10 1.59613E-10-8.60785E-11
 -1       170-5.54164E-10-2.60046E-10-9.50541E-11 8.60833E-11 2.43902E-10-3.08462E-10
 -1       171 3.69441E-10 2.11622E-10 2.51074E-11 9.32559E-11-1.43483E-11-1.57816E-10
 -1       172 2.97706E-10 1.68580E-10 3.26399E-10 3.94539E-11 1.29124E-10 5.03505E-15
 -1       173 3.12055E-10 1.54233E-10 8.85941E-10 1.00431E-10 2.36727E-10 4.30467E-11
 -1       174-2.47496E-10 3.40744E-10 3.26398E-10 1.21952E-10 2.72596E-10-7.53218E-11
 -1       175-2.34935E-10 1.52441E-10 5.91823E-11 2.58254E-10 1.90100E-10 1.00432E-10
 -1       176-2.00853E-10-2.86898E-11-1.43469E-10 5.02197E-11 4.66272E-11 1.61407E-10
 -1       177 3.19219E-10 3.62266E-10 2.04446E-10 1.07604E-10 1.79339E-10-9.32559E-11
 -1       178-2.11625E-10-2.51077E-11-1.82929E-10 1.54235E-10 6.63542E-11-8.60834E-11
 -1       179-5.54161E-10-2.60042E-10-9.50484E-11 8.60863E-11-2.15228E-11-7.89113E-11
 -1       180 2.83347E-10 1.25536E-10-1.75757E-10 9.32565E-11 1.00429E-10-2.72597E-10
 -1       181 1.73958E-10 4.48368E-11 3.76624E-11 3.94549E-11 2.86929E-11 1.16005E-15
 -1       182-1.18359E-10-2.76181E-10-1.18361E-10 1.00432E-10 1.00430E-10 1.57820E-10
 -1       183 1.72165E-10 1.72162E-10 4.01722E-10-1.72171E-10 1.57817E-10-1.57819E-10
 -1       184 1.61436E-11-2.69028E-11 8.07030E-11-1.27332E-10 1.14776E-10 2.86955E-11
 -1       185-2.09820E-10-4.32210E-10-2.67215E-10-3.12053E-10 1.32711E-10 1.00431E-10
 -1       186 3.47916E-10 4.66244E-11 1.18363E-10-1.93691E-10 6.45600E-11-1.36298E-10
 -1       187-9.68449E-11-1.39887E-10-1.82929E-10-1.25540E-10 4.48329E-11-5.73887E-11
 -1       188-4.20550E-10-3.30882E-10-7.62174E-11-1.72167E-10-7.17554E-12 2.15202E-11
 -1       189 9.25392E-10 9.32547E-11 7.17221E-12-1.43475E-10-1.43495E-11-1.68579E-10
 -1       190 7.55027E-10 2.52873E-10 2.74394E-10-4.66300E-11 6.09742E-11 5.73907E-11
 -1       191 3.58692E-10 7.17429E-11 1.29131E-10 5.02159E-11 4.30406E-11 1.68581E-10
 -1       192 2.25973E-10 2.25974E-10 5.27262E-10-2.11991E-15 1.79413E-12 5.73893E-11
 -1       193 8.07036E-11 8.07057E-11 1.88306E-10-1.75038E-15 1.00431E-10-2.15217E-11
 -1       194 2.42093E-11 2.42132E-11 5.64906E-11-1.73707E-15 1.00430E-10 5.02148E-11
 -1       195 9.68470E-11 9.68464E-11 2.25967E-10-8.16860E-16-6.27693E-11 7.89097E-11
 -1       196 2.95918E-11 2.95923E-11 6.90433E-11-7.60002E-16-5.38060E-12 5.02153E-11
 -1       197 3.49706E-11 3.49730E-11 8.15979E-11-8.55806E-16 7.89091E-11 7.17369E-11
 -1       198 6.45646E-11 6.45629E-11 1.50643E-10 2.42880E-16-7.17346E-12 1.00430E-10
 -1       199 1.53338E-10 1.53337E-10 3.57784E-10 1.72866E-17-5.96313E-11-1.07613E-11
 -1       200-2.69013E-11-2.69001E-11-6.27717E-11-1.57419E-16 5.73884E-11-5.73892E-11
 -1       201-1.47059E-10-1.18364E-10 3.12051E-10 1.20157E-10-8.42901E-11-3.94556E-11
 -1       202-9.05683E-11-2.95016E-10 2.42075E-11 1.21054E-10 6.63560E-11-8.87750E-11
 -1       203 2.43006E-10 5.64935E-11 1.31814E-10 2.15199E-11 1.07604E-10 1.25530E-11
 -1       204-1.03114E-11 3.81104E-11 1.76199E-10 7.89097E-11-1.16572E-10 3.40742E-11
 -1       205-1.03010E-10-2.55898E-10-5.63843E-11 7.62197E-11 1.88304E-11 2.95908E-11
 -1       206 7.80124E-11-8.06998E-12 8.15975E-11 3.04875E-11 6.18717E-11 7.53235E-11
 -1       207-2.41214E-10 9.23601E-11 6.72490E-11-3.09363E-11-2.86942E-11 1.59613E-10
 -1       208-2.04225E-10-1.54907E-10 1.58042E-10-2.86946E-11 2.28659E-11-4.12495E-11
 -1       209-2.22384E-10-1.72168E-10-1.64997E-10-1.21057E-11 1.61400E-11-1.77548E-10
 -1       210-7.46072E-10-1.72182E-10 1.72127E-10-8.03442E-10 8.60888E-11-2.86963E-11
 -1       211 3.29977E-10 1.30558E-09 3.02725E-09-7.46051E-10 1.29127E-10-1.43473E-11
 -1       212-5.73908E-10 1.72165E-09 3.44290E-10-4.30409E-10 2.86949E-10 2.86948E-10
 -1       213-1.86531E-10 4.30241E-11 3.29959E-10-6.88665E-10 1.43514E-11-5.59544E-10
 -1       214 6.74315E-10 1.16211E-09 1.70731E-09-3.73020E-10 1.14781E-10 5.73910E-11
 -1       215 6.74316E-10 1.42036E-09 1.07602E-09-2.86812E-11-9.32546E-11 4.01726E-10
 -1       216 1.43450E-10-8.61076E-11-4.30442E-10-4.59107E-10-5.73852E-11-5.16495E-10
 -1       217 2.00850E-10 5.45183E-10-3.73047E-10-3.44326E-10 3.29994E-10-1.79339E-10
 -1       218 1.50639E-10 1.50629E-10 3.51490E-10-4.30408E-10-2.43900E-10-1.86520E-10
 -1       219-5.45207E-10-8.60998E-11 2.58211E-10-2.29546E-10 5.73922E-11 7.74757E-10
 -1       220 6.88662E-10 8.03423E-10 2.98421E-09-3.15630E-10-4.01725E-10-1.00431E-10
 -1       221 2.86932E-10 1.43470E-09 5.16457E-10-7.03009E-10 4.59116E-10-6.88673E-10
 -1       222 7.17354E-10 4.30402E-10 7.17338E-10-3.44326E-10-1.57819E-10-2.58248E-10
 -1       223 9.28982E-10 9.43317E-10 1.71807E-09-1.72156E-10-4.87808E-10 7.17384E-11
 -1       224 4.51933E-10 9.97113E-10 8.82330E-10-2.86934E-10-4.30410E-11 1.29125E-10
 -1       225 9.46906E-10 2.58230E-10-8.61041E-11-1.14769E-10-3.73029E-10-5.73884E-10
 -1       226 4.01715E-10 6.31268E-10-2.86963E-10-2.58241E-10-3.44333E-10-4.30391E-11
 -1       227-2.51087E-10-2.15398E-11 1.79321E-10-6.74314E-10-3.15639E-10 1.43468E-10
 -1       251-3.49973E-08-1.00209E-08 2.25697E-09-9.48937E-10-3.02401E-09 7.28696E-10
 -1       253 4.05903E-08 1.56046E-08 4.32258E-09 9.20893E-10-3.40820E-09-7.28604E-10
 -1       254-3.45759E-08-1.61569E-08-2.41245E-08-8.94010E-10 3.32831E-10-1.19960E-09
 -1       256 7.72298E-09-9.01091E-09-2.48740E-08 4.09025E-11 1.68656E-09-2.46524E-09
 -1       257-3.01531E-08-2.24658E-08-4.77971E-08 6.75483E-10-2.27244E-09 6.11762E-10
 -1       259-1.67874E-08-2.49562E-08-4.70060E-08-3.71625E-10 1.07573E-09-4.62220E-10
 -1       260-4.04824E-08-1.62774E-08-6.34670E-09 9.34965E-11 3.45104E-10-4.20914E-09
 -1       262 3.66982E-08 1.02681E-08-3.08658E-09-5.04854E-10 4.40204E-10-4.09286E-09
 -1       263-2.30785E-08-5.34598E-09-9.07083E-10 6.86583E-10 2.75545E-10 7.05869E-10
 -1       265 1.89707E-08 2.33554E-09-1.44175E-09-8.46683E-10 6.40677E-10 1.21072E-09
 -1       266 4.51600E-09 1.15103E-08 1.47078E-08 1.00387E-09-9.65590E-10 1.48856E-09
 -1       268 1.47003E-08 6.96033E-09 1.36451E-08-8.28571E-10 5.16836E-10 2.38199E-09
 -1       269-3.40709E-08-1.01042E-08 8.33158E-10 1.25747E-09 2.14356E-09 4.00904E-09
 -1       271 3.58596E-08 1.30055E-08 9.32217E-10-1.39770E-09 2.71795E-09 3.61988E-09
 -1       272-2.48839E-08-7.03865E-09-6.10084E-09 2.33963E-09 7.41804E-10-1.88005E-09
 -1       274 1.47047E-08 8.95341E-11-7.50963E-09-1.81140E-09 1.18333E-10-1.09296E-09
 -1       275 1.21501E-08 1.95172E-08 2.78893E-08 1.35563E-09-2.65047E-09-2.94500E-09
 -1       277 2.35745E-08 1.50854E-08 2.71504E-08-1.97268E-09-3.03379E-09-9.81670E-10
 -1       278-3.22846E-09-7.97662E-10 6.60569E-10-1.12191E-09 3.77811E-10 2.24358E-10
 -1       279-2.87668E-09-7.63732E-10 7.88448E-10-1.38371E-09 7.48210E-11 1.63311E-14
 -1       280-2.23077E-09-5.85315E-10 1.05997E-09-1.64547E-09-2.28267E-10 9.72307E-10
 -1       281-1.48618E-08-1.27676E-08-2.50336E-08 1.78812E-10 3.74005E-10 4.89903E-09
 -1       282 9.47104E-09 1.12287E-08 2.27467E-08-5.96146E-11 1.72023E-09 2.69262E-09
 -1       283 3.33672E-08 3.45639E-08 7.01661E-08-8.41263E-11 1.57070E-09-1.90727E-09
 -1       284 1.43482E-07 1.44081E-07 2.85891E-07-9.72303E-10 5.68441E-09-1.86986E-08
 -1       285 5.08724E-08 4.95261E-08 9.67951E-08-4.20730E-10-3.29105E-09-3.88928E-09
 -1       286-4.40666E-08-4.88535E-08-9.43279E-08 8.97542E-10-5.83388E-09 4.93642E-09
 -1       287 1.31819E-09 2.68745E-10 6.26582E-10 5.23577E-10 8.18031E-11 2.03103E-09
 -1       288 3.86465E-10-3.65932E-11 2.18574E-10 3.73957E-10 1.49594E-10 2.16905E-09
 -1       289-5.87127E-10-3.62743E-10-2.10661E-10 7.48135E-11 2.17359E-10 2.00781E-09
 -1       290 3.57087E-09 3.58956E-09 1.03211E-08-1.49576E-10 3.14138E-09 1.53018E-09
 -1       291-2.01717E-09-2.89133E-09-1.61990E-09 5.79649E-10 1.04711E-09 1.55447E-10
 -1       292-7.27552E-09-8.98645E-09-1.33243E-08 9.72333E-10-1.64544E-09-3.96599E-10
 -1       293-3.21687E-08-3.11380E-08-7.06291E-08 1.12191E-09-5.98350E-09-3.77713E-09
 -1       294-1.44355E-10 1.73721E-09-5.44344E-09-2.39809E-09-6.58194E-09-2.54300E-09
 -1       295 3.14198E-08 3.30465E-08 5.90751E-08-5.97419E-09-4.78679E-09 6.35755E-10
 -1       296 5.22399E-09 2.75579E-09 1.01682E-09-2.09422E-09-2.70312E-10 2.21108E-09
 -1       297 3.64132E-09 1.80883E-09 1.82055E-10-1.19673E-09-3.73976E-10 2.39344E-09
 -1       298 8.79358E-10 2.81024E-10-1.23354E-09-1.49569E-10-4.77593E-10 2.57570E-09
 -1       299 2.62655E-09 3.97287E-09 2.17779E-09 1.13010E-09-4.86164E-09-7.17561E-10
 -1       300 3.14263E-09 4.22715E-09 2.43221E-09 7.82969E-11-3.51535E-09-1.34629E-09
 -1       301 4.46002E-09 5.76893E-09 3.37540E-09-1.41173E-09-1.86986E-09-1.97505E-09
 -1       302-6.41491E-09-1.03042E-08-5.51753E-09-1.42109E-09 5.98356E-09 5.87136E-09
 -1       303-5.40031E-09-8.01811E-09-4.42770E-09-1.06580E-09 3.59013E-09 2.20643E-09
 -1       304-2.76531E-09-4.93437E-09-2.54100E-09-1.14063E-09-4.48741E-10-1.45847E-09
 -1       305-7.82081E-09-6.26882E-09-1.26074E-08-2.83994E-10 1.36889E-09-2.99162E-10
 -1       307 1.38129E-08 1.55332E-08 3.35589E-08-7.36266E-10 1.73513E-09 1.49591E-09
 -1       308-5.84314E-11 9.98050E-10 4.28858E-09 2.45283E-11 1.27147E-09 5.00581E-09
 -1       310 2.02476E-08 1.98410E-08 4.10822E-08 2.43071E-10-1.42112E-09-1.58393E-09
 -1       311 2.41890E-09 1.86963E-09 5.39444E-09 2.61765E-10 1.57770E-09 5.68354E-10
 -1       313-3.99645E-09-4.72570E-09-6.85725E-09-2.61796E-10-6.80155E-10 4.55434E-10
 -1       314-1.53727E-09-9.41247E-10-1.31497E-09-4.90848E-10-4.59208E-11-2.95286E-10
 -1       316-2.33838E-10-2.99274E-10-6.73033E-10-2.80489E-10-1.87762E-10 7.81487E-10
 -1       317 9.83679E-09 1.16319E-08 2.29997E-08-1.57787E-10-2.84226E-09-2.54297E-09
 -1       319-5.42665E-08-5.39673E-08-1.15300E-07 3.64610E-10-3.36583E-09 1.04715E-09
 -1       320 9.34550E-09 9.17956E-09 1.60597E-08 5.23549E-10-1.49599E-09-7.72251E-09
 -1       322-5.30593E-08-5.69673E-08-1.09923E-07-2.84220E-09-3.73980E-09 1.14066E-09
 -1       323-2.13710E-08-2.06067E-08-4.46909E-08 7.47946E-10 1.19667E-09-1.15689E-10
 -1       325 5.20287E-09 5.52077E-09 8.51221E-09-1.51926E-09 3.29091E-09 2.65286E-10
 -1       326 2.36086E-09 3.52952E-09 5.92306E-09 8.84674E-10-1.12193E-09 9.97276E-10
 -1       328-1.59558E-09-2.25939E-09-5.25107E-09 3.08526E-10-1.12192E-09-4.92404E-10
 -1       329 4.44480E-09 3.58464E-09 2.64971E-09-6.88364E-10-1.85037E-09 1.58473E-09
 -1       331 2.04150E-09 3.23818E-09 1.74230E-09-9.84034E-10-3.93481E-10-1.28551E-09
 -1       332 1.85250E-09 7.28230E-10 3.54252E-10-6.07728E-10 2.04868E-10 5.41474E-10
 -1       334 1.09254E-09 3.53928E-10-2.00422E-11-7.10568E-10 7.55853E-11 6.92675E-10
 -1       335-1.59383E-08-1.59547E-08-3.24092E-08 2.24405E-10 5.98350E-10 3.31890E-10
 -1       337 1.83125E-08 2.06966E-08 3.47582E-08-2.43080E-09-4.93643E-09-9.02219E-10
 -1       338 2.20602E-08 2.17610E-08 4.62938E-08 3.07374E-10-2.54301E-09 1.83246E-09
 -1       340 2.36990E-08 2.07821E-08 4.65115E-08-7.66624E-10-1.12191E-09-3.74055E-11
 -1       341 4.19004E-11 8.83574E-11 3.86136E-11-9.99971E-12-9.64073E-14 1.13130E-11
 -1       343-4.82808E-11-9.47378E-11-5.15676E-11-5.82584E-12 9.64073E-14 1.10862E-11
 -1       344-4.82808E-11-9.47378E-11-5.15676E-11-5.82584E-12 9.64073E-14 1.10862E-11
 -1       346 4.19004E-11 8.83574E-11 3.86136E-11-9.99971E-12-9.64073E-14 1.13130E-11
 -1       347 4.19004E-11 8.83574E-11 3.86136E-11-9.99971E-12-9.64073E-14 1.13130E-11
 -1       349-4.82808E-11-9.47378E-11-5.15676E-11-5.82584E-12 9.64073E-14 1.10862E-11
 -1       350-8.45918E-09-1.30948E-08-1.75631E-08-3.81331E-09 5.51500E-09-4.33525E-10
 -1       351-7.40877E-09-6.99585E-09-1.52038E-08 5.17522E-10 3.02505E-09-2.72348E-10
 -1       352-6.35836E-09-8.96860E-10-1.28445E-08 4.84835E-09 5.35087E-10-1.11172E-10
 -1       353 3.04479E-09 6.88575E-09 7.36491E-09 2.01436E-09-7.57757E-10 9.59124E-10
 -1       354 2.47834E-09 1.76934E-09 5.48956E-09-3.71635E-10 2.70900E-10 4.19110E-10
 -1       355 1.91188E-09-3.34706E-09 3.61422E-09-2.75763E-09 1.29956E-09-1.20905E-10
 -1       356 4.26623E-08 4.13300E-08 8.82008E-08 8.14550E-10-2.02120E-08-4.57934E-09
 -1       357 9.93709E-09 1.01338E-08 1.93584E-08 1.69453E-11-8.44342E-09-3.09661E-09
 -1       358-2.27881E-08-2.10624E-08-4.94839E-08-7.80660E-10 3.32515E-09-1.61389E-09
 -1       359-2.70720E-09-3.10454E-09-5.09908E-09-8.99472E-10 2.37862E-09 2.62800E-10
 -1       361-2.22324E-09-2.12196E-09-4.61512E-09 1.04536E-09 9.17322E-10-1.16038E-10
 -1       362 2.28535E-08 2.41079E-08 4.77828E-08 1.41446E-09-1.04849E-08-1.81011E-09
 -1       364-1.04381E-08-1.22047E-08-2.29349E-08-1.76915E-09 2.31235E-09-8.67396E-10
 -1       365 1.71015E-08 1.41176E-08 3.53189E-08-1.49938E-09-7.34849E-09-2.50643E-09
 -1       367-1.45732E-08-1.09796E-08-3.11642E-08 2.03385E-09 1.93012E-09-8.62529E-10
 -1       368 1.67770E-08-5.26152E-09-8.66897E-09-7.52956E-09-4.14286E-09 5.80565E-10
 -1       369-2.42844E-08-1.01024E-09-6.87385E-10-1.52202E-09-1.02236E-09 3.36388E-09
 -1       370-2.38083E-08 8.15052E-09 4.81489E-09 4.74057E-09-1.59627E-09 2.45821E-09
 -1       371 3.01886E-08 9.44301E-09 2.37708E-09 4.45760E-09-4.71677E-09 7.65284E-10
 -1       376 4.99274E-08 4.01407E-08 2.54352E-08 3.37431E-09 1.23028E-08 5.96215E-09
 -1       377-6.50051E-09 3.38300E-08 1.85506E-08 5.33072E-09 5.84649E-09 1.24188E-09
 -1       378-8.92384E-09 1.04277E-09 1.11582E-08 5.13622E-10 3.76609E-09-3.25064E-09
 -1       379 4.42426E-08 5.95562E-09 1.66450E-08 4.21549E-11 1.02224E-08 5.68774E-09
 -1       384 3.81050E-08 8.33942E-08 2.97348E-08-7.87299E-09 1.13699E-08 6.06097E-09
 -1       385-4.18673E-08 2.99359E-08-4.61051E-08-6.44544E-09 1.53154E-08 9.85941E-09
 -1       386-3.40911E-08 1.67074E-08-5.81858E-08 5.84665E-09-1.13707E-08 1.28019E-08
 -1       387 5.25096E-08 7.30064E-08 2.04949E-08 9.01024E-09-1.53162E-08 7.39457E-10
 -1       392 4.93812E-08 1.50177E-08 4.00003E-08 1.10959E-08 4.88174E-08 3.83810E-08
 -1       393 3.47075E-08 8.42155E-09 1.52990E-07 8.18720E-09-6.92217E-09 2.17161E-10
 -1       394-3.72549E-09-1.09245E-07 9.76270E-08-1.89580E-08 2.92333E-08 3.56943E-09
 -1       395-9.45183E-09-1.11391E-07-2.41054E-08-2.06404E-08 8.49728E-08 1.69412E-08
 -1       400-1.63806E-07-1.59436E-07-4.46921E-07 8.71226E-09-1.63702E-07 4.15061E-08
 -1       401-1.21574E-07-9.91558E-08-1.29679E-07-2.05494E-09-1.95267E-07 4.43755E-08
 -1       402-6.35575E-08-1.93312E-08-8.07730E-08 2.19163E-09-8.42181E-08 3.71156E-08
 -1       403-1.79305E-07-1.11118E-07-4.29522E-07-8.16040E-09-5.26536E-08 8.53582E-09
 -1       408 2.69544E+07 6.31628E+06 8.51839E+06 5.65266E+05-7.59151E+05 2.29469E+06
 -1       409 2.52555E+07 7.52763E+06 1.16646E+07-2.21939E+05 1.27548E+06 2.17596E+06
 -1       410-2.88985E+07-1.07220E+07-1.00565E+07 1.81240E+06 2.54182E+06 3.14702E+06
 -1       411-2.56303E+07-1.04068E+07-1.22740E+07-1.10435E+06 8.06098E+05 2.43812E+06
 -1       412 2.61455E+07 6.93931E+06 1.01089E+07 1.70966E+05 2.95541E+05 2.18217E+06
 -1       413-1.64749E+06-1.41588E+06 9.10628E+05 6.49214E+05 1.90866E+06 2.55979E+06
 -1       414-2.71940E+07-1.05343E+07-1.11351E+07 3.33566E+05 1.71133E+06 2.73946E+06
 -1       415 7.09016E+05-1.91840E+06-1.82564E+06-4.19994E+05 2.34837E+04 2.26504E+06
 -1       416 2.07006E+07 5.13005E+05 3.06658E+06 1.21839E+05-2.00611E+06-2.11353E+05
 -1       417 1.80757E+07 6.85704E+05 3.55441E+06-2.19688E+04 1.15085E+06-3.62188E+05
 -1       418-2.05471E+07 2.60380E+05-2.86813E+06 4.92353E+05 1.45744E+06 7.55391E+04
 -1       419-1.76375E+07-7.10322E+04-3.33554E+06-4.39415E+05-1.31090E+06-5.58585E+04
 -1       424 1.10928E+07-5.65075E+05-2.23327E+06 3.75827E+04 1.10285E+06 2.14949E+06
 -1       425 9.20184E+06-3.23848E+05-2.39964E+06 2.65657E+05-7.64794E+05 2.34524E+06
 -1       426-1.09911E+07 7.54825E+05 2.44988E+06 1.09085E+04-9.63306E+05 2.20873E+06
 -1       427-1.00019E+07-1.27706E+06 1.77371E+06 5.90091E+07 1.37868E+06 2.29916E+06
 -1       428 1.01316E+07-4.54752E+05-2.32361E+06 1.56495E+05 1.09421E+05 2.12555E+06
 -1       429-7.55277E+05 4.40147E+05 1.34330E+05 1.65021E+05-8.64400E+05 2.28754E+06
 -1       430-1.04313E+07-2.36699E+05 2.13935E+06 5.87829E+07 1.48078E+05 2.13214E+06
 -1       431 6.33298E+05-7.18488E+05-1.42649E+05 5.88255E+07 1.24041E+06 2.23486E+06
 -1       432 4.27964E+06-1.74391E+05-9.04799E+05-7.97648E+04 5.85786E+08-3.86844E+05
 -1       433 3.53280E+06-9.01791E+04-1.04633E+06-2.00702E+04-3.76564E+05-3.54961E+05
 -1       434-8.82262E+08-2.04846E+09-8.77095E+08-7.69595E+04-4.85922E+05-3.96908E+05
 -1       435 8.74444E+08 2.04867E+09 8.78981E+08-1.17132E+08-5.84961E+08-3.54512E+05
 -1       440 2.74910E+06 3.57078E+05 1.83501E+06 5.85818E+04 5.84579E+08 1.48460E+06
 -1       441 2.53033E+06 2.20810E+05 2.14948E+06 2.21411E+05 7.49506E+05 1.40522E+06
 -1       442-8.81042E+08-2.04959E+09-8.80050E+08 4.27285E+04 9.70471E+05 1.49873E+06
 -1       443 2.63190E+09 6.14670E+09 2.63230E+09-3.51011E+08-1.75695E+09 1.41748E+06
 -1       444 2.56713E+06 2.50364E+05 1.95907E+06 1.50444E+05 5.85385E+08 1.40042E+06
 -1       445-8.78350E+08-2.04921E+09-8.78037E+08 1.15753E+05 8.62784E+05 1.57478E+06
 -1       446 8.75487E+08 2.04857E+09 8.76151E+08-1.16918E+08-5.85266E+08 1.41359E+06
 -1       447 8.78254E+08 2.04901E+09 8.77993E+08-1.16937E+08-5.86180E+08 1.57348E+06
 -1       448-2.80364E-09-1.86079E-09-2.84337E-09 3.78173E-10-5.62706E-10 4.94164E-10
 -1       449-1.81016E-09-7.71733E-10-1.60243E-09 3.22159E-10-5.03305E-10-1.43404E-09
 -1       450-1.05213E-09-2.03398E-10-5.41110E-10-1.42151E-10 5.28639E-10-5.62750E-10
 -1       451-2.74305E-09-1.74468E-09-2.45497E-09-1.54887E-10 3.86740E-10 1.12636E-09
 -1       457 9.48196E-10 4.73518E-10 1.00505E-09-1.90737E-10-1.08208E-10-2.57192E-10
 -1       458-6.39345E-11 2.60837E-11 6.94626E-10-1.42480E-10-8.01681E-11-3.80114E-10
 -1       459-4.73569E-10-3.41217E-10 1.44773E-10 1.25694E-10-7.82071E-11-2.90843E-11
 -1       460 2.13912E-10-3.86231E-12 4.46274E-10 1.63625E-10-2.09671E-10 1.80432E-10
 -1       466 1.10828E-09-2.96853E-11-1.26480E-09-7.22344E-11-1.88373E-09 1.35956E-09
 -1       467-1.14887E-10 4.67867E-10 4.00354E-10-5.83862E-10-1.44465E-09-5.00932E-10
 -1       468 1.79441E-09 3.37362E-09 2.61294E-09 9.55999E-12 3.80597E-10 3.70361E-10
 -1       469 2.32014E-09 2.42385E-09 2.74873E-10 4.52439E-10-1.40981E-10 1.99176E-09
 -1       475-2.04826E-09-1.37591E-09-1.56330E-09 1.10314E-09 8.33678E-10-8.77270E-10
 -1       476 1.93636E-10 8.67480E-12 4.23830E-10 5.80220E-10 3.85735E-10-1.28369E-10
 -1       477 1.22729E-09 2.57168E-09 1.31726E-09-7.71208E-11 2.41000E-11 2.22661E-10
 -1       478-1.33926E-09 1.07701E-09-6.78798E-10 5.31990E-10 3.68619E-10-4.39646E-10
 -3
    1PSTEP                        33           1           2          
    1PGM                1.000000E+00                                  
    1PGK                3.153089E+09                                  
    1PHID                         -1                                  
    1PSUBC                         0                                  
    1PMODE                         7                                  
  100CL  108 8936.928201         328                     2    8MODAL      1
 -4  TOSTRAIN    6    1
 -5  EXX         1    4    1    1
 -5  EYY         1    4    2    2
 -5  EZZ         1    4    3    3
 -5  EXY         1    4    1    2
 -5  EYZ         1    4    2    3
 -5  EZX         1    4    3    1
 -1         1-1.77644E-16-1.99001E-20 1.39255E-20-8.88230E-17-7.62562E-21 3.55262E-16
 -1         2 3.55257E-16 3.99662E-16-9.49220E-16 5.32899E-16-4.97750E-21 3.55268E-16
 -1         3 8.88158E-16-1.99001E-20 1.39255E-20 8.88195E-17-7.62562E-21-3.55260E-16
 -1         4 8.88166E-16-1.25970E-20 7.85050E-21 1.11018E-16-3.56862E-21 5.32896E-16
 -1         5 3.55257E-16 3.24728E-16-7.43835E-16-2.66448E-16 1.88733E-16-3.55268E-16
 -1         6-1.77652E-16-1.25970E-20 7.85050E-21-1.11010E-16-3.56862E-21-5.32899E-16
 -1         7-1.24343E-15-5.29388E-21 5.04376E-21 2.35917E-16-1.60845E-21-1.99841E-16
 -1         8 3.55257E-16 2.49794E-16 3.83026E-16-1.06579E-15-2.13716E-16 4.44084E-16
 -1         9 1.95395E-15-5.29388E-21 5.04376E-21-2.35897E-16-1.60845E-21 1.99843E-16
 -1        10 5.32896E-16-1.64663E-20 1.42998E-20-2.66455E-16 2.76096E-22-1.19345E-16
 -1        11 3.55257E-16 1.68751E-15-4.44074E-16-1.77635E-16 2.13716E-16-4.44061E-17
 -1        12 1.77618E-16-1.64663E-20 1.42998E-20 2.66451E-16 2.76096E-22 1.19352E-16
 -1        13 1.77633E-16-9.97017E-21 8.42202E-21 5.77305E-16 1.53948E-21 1.60980E-16
 -1        14 3.55257E-16 1.02139E-15-1.11020E-15-2.22041E-16 4.44094E-17-3.10859E-16
 -1        15 5.32882E-16-9.97017E-21 8.42202E-21-5.77303E-16 1.53948E-21-1.60980E-16
 -1        16-3.55268E-16-3.47405E-21 9.71089E-21 7.54937E-16 2.35494E-21-8.32724E-18
 -1        17 3.55257E-16 3.55265E-16 2.44252E-16-2.66448E-16-2.51183E-16 5.32900E-16
 -1        18 1.06578E-15-3.47405E-21 9.71089E-21-7.54929E-16 2.35494E-21 8.32649E-18
 -1        19-3.55269E-16-2.13804E-20 1.46741E-20-2.22044E-16 5.08670E-21-8.88077E-17
 -1        20 3.55257E-16 6.21703E-16 6.10711E-17 1.18424E-21-4.44081E-16-4.44080E-16
 -1        21 1.06578E-15-2.13804E-20 1.46741E-20 2.22047E-16 5.08670E-21 8.88191E-17
 -1        22-3.55269E-16-1.23935E-20 8.99354E-21 8.88107E-17 5.50563E-21-5.77306E-16
 -1        23 3.55257E-16 2.94197E-16-1.47657E-15 3.10859E-16-4.21876E-16-2.66450E-16
 -1        24 1.06578E-15-1.23935E-20 8.99354E-21-8.88103E-17 5.50563E-21 5.77308E-16
 -1        25 8.88167E-16-3.40650E-21 1.43780E-20 7.21504E-17 7.12557E-21 4.44090E-17
 -1        26 3.55257E-16-3.33085E-17 1.05479E-16 6.21716E-16-6.10569E-17 6.21716E-16
 -1        27-1.77652E-16-3.40650E-21 1.43780E-20-7.21532E-17 7.12557E-21-4.44119E-17
 -1        30-6.76815E-15 2.13159E-15 9.47443E-16-4.95891E-15 1.77652E-16-6.42389E-15
 -1        31-1.66428E-14 2.13159E-15 9.47124E-16 9.03023E-16 1.77626E-16 7.28448E-15
 -1        32-1.29127E-14 2.13159E-15 1.89451E-15-5.49174E-15-1.18424E-15 7.56566E-15
 -1        33-6.94570E-15 2.13159E-15 1.89483E-15 1.43585E-15-1.18421E-15-1.25374E-14
 -1        34 3.01959E-15-5.92115E-16 4.73790E-16 1.71711E-15 4.73710E-16-3.86283E-15
 -1        35-4.79560E-15-5.92115E-16 4.73472E-16-9.47366E-16 4.73684E-16 4.16060E-15
 -1        36 1.95424E-15-5.92115E-16-2.20527E-19 8.28952E-16-2.96066E-16 1.64409E-15
 -1        37-1.77715E-16-5.92115E-16 9.82719E-20-5.92117E-17-2.96040E-16-7.08986E-15
 -1        38-1.17055E-14 2.13159E-15 9.47283E-16-2.02794E-15 1.77639E-16 4.30294E-16
 -1        39-1.47778E-14 2.13159E-15 1.42082E-15-2.29436E-15-5.03306E-16 7.42507E-15
 -1        40-9.92922E-15 2.13159E-15 1.89467E-15-2.02794E-15-1.18423E-15-2.48589E-15
 -1        41-6.85693E-15 2.13159E-15 1.42113E-15-1.76153E-15-5.03280E-16-9.48066E-15
 -1        42-8.88006E-16-5.92115E-16 4.73631E-16 3.84870E-16 4.73697E-16 1.48888E-16
 -1        43-1.42068E-15-5.92115E-16 2.36626E-16-5.92068E-17 8.88088E-17 2.90235E-15
 -1        44 8.88261E-16-5.92115E-16-6.11273E-20 3.84870E-16-2.96053E-16-2.72288E-15
 -1        45 1.42094E-15-5.92115E-16 2.36944E-16 8.28948E-16 8.88350E-17-5.47634E-15
 -1        46-1.87418E-15 7.69724E-16 9.47443E-16-1.62089E-15 4.14498E-16-5.00274E-15
 -1        47-1.07191E-14 7.69724E-16 9.47124E-16-2.21442E-17 4.14472E-16 5.86317E-15
 -1        48-5.47918E-15 7.69724E-16 1.89451E-15-2.33138E-15-9.47393E-16 4.72329E-15
 -1        49-3.56161E-15 7.69724E-16 1.89483E-15 6.88344E-16-9.47367E-16-9.69523E-15
 -1        50 6.05727E-15-9.47358E-16 1.38252E-19 6.35037E-15-6.51309E-16-4.14393E-15
 -1        51 1.38017E-14-9.47358E-16-1.80546E-19-5.77368E-16-6.51335E-16 3.87890E-15
 -1        52 2.25055E-14-9.47358E-16-1.89495E-15 2.26476E-15-8.28970E-16 7.09102E-15
 -1        53 9.06003E-16-9.47358E-16-1.89463E-15 3.50824E-15-8.28944E-16-1.30108E-14
 -1        54 9.92948E-15-9.47358E-16-2.11472E-20 2.88650E-15-6.51322E-16-1.32517E-16
 -1        55 1.81536E-14-9.47358E-16-9.47565E-16 8.43696E-16-7.40153E-16 5.48496E-15
 -1        56 1.17057E-14-9.47358E-16-1.89479E-15 2.88650E-15-8.28957E-16-2.95988E-15
 -1        57 3.48164E-15-9.47358E-16-9.47246E-16 4.92931E-15-7.40126E-16-8.57735E-15
 -1        58 4.53833E-15-7.69724E-16 1.38252E-19 4.03373E-15-1.77617E-16-4.14400E-15
 -1        59 4.50296E-15-7.69724E-16-1.80546E-19-7.62394E-16-1.77643E-16 3.87912E-15
 -1        60 1.22298E-14-7.69724E-16-1.89495E-15 1.54684E-15-3.55278E-16 4.24913E-15
 -1        61 3.64040E-16-7.69724E-16-1.89463E-15 1.72449E-15-3.55251E-16-1.01687E-14
 -1        63 0.00000E+00 0.00000E+00 1.10155E-16 0.00000E+00 6.93889E-17 4.07082E-16
 -1        64 0.00000E+00 0.00000E+00 1.10155E-16 0.00000E+00 6.93889E-17 4.07082E-16
 -1        65 0.00000E+00 0.00000E+00 1.10155E-16 0.00000E+00 6.93889E-17 4.07082E-16
 -1        66 0.00000E+00 0.00000E+00 1.10155E-16 0.00000E+00 6.93889E-17 4.07082E-16
 -1        67 4.84257E-21 2.42128E-21 1.11108E-15 6.80986E-21 1.40628E-15 6.12887E-21
 -1        68 4.84257E-21 2.42128E-21 3.44255E-15 6.80986E-21 1.85033E-16-5.92113E-16
 -1        69 4.84257E-21 2.42128E-21-2.58194E-16 6.80986E-21 1.11022E-15-4.44083E-16
 -1        70-1.77635E-15-8.88177E-16-8.90791E-16-2.49800E-15-1.10098E-15-1.21199E-15
 -1        71 4.84257E-21 2.42128E-21 2.27682E-15 6.80986E-21 7.95656E-16-2.96054E-16
 -1        72 4.84257E-21 2.42128E-21 1.59218E-15 6.80986E-21 6.47626E-16-5.18098E-16
 -1        73 4.84257E-21 2.42128E-21 4.26444E-16 6.80986E-21 1.25825E-15-2.22039E-16
 -1        74-8.88174E-16-4.44087E-16 1.10146E-16-1.24900E-15 1.52651E-16-6.05991E-16
 -1        75-8.88174E-16-4.44087E-16 1.27588E-15-1.24900E-15-4.57972E-16-9.02051E-16
 -1        76-8.88174E-16-4.44087E-16-5.74492E-16-1.24900E-15 4.62157E-18-8.28036E-16
 -1        77-2.26023E-16-4.52173E-16 9.86865E-17-2.26023E-16-1.86196E-15-7.86962E-16
 -1        78-1.55098E-15-3.10097E-15 9.86865E-17-1.55098E-15 1.11332E-15 3.71279E-16
 -1        79-2.26023E-16-4.52173E-16 9.86865E-17-2.26023E-16-1.86196E-15-7.86962E-16
 -1        80-1.55098E-15-3.10097E-15 9.86865E-17-1.55098E-15 1.11332E-15 3.71279E-16
 -1        81-2.26023E-16-4.52173E-16 9.86865E-17-2.26023E-16-1.86196E-15-7.86962E-16
 -1        82-1.55098E-15-3.10097E-15 9.86865E-17-1.55098E-15 1.11332E-15 3.71279E-16
 -1        83 1.32897E-15 3.18493E-16-6.31333E-15-3.72736E-17-2.57615E-15-6.10867E-15
 -1        84 1.32901E-15 3.18487E-16 1.12204E-15-3.72387E-17-4.16284E-15-3.32567E-15
 -1        85 1.32898E-15 3.18511E-16-1.74294E-15-3.72396E-17-1.83292E-15-3.81667E-15
 -1        86-4.10016E-15-1.11785E-15 6.58372E-15-5.43791E-15 2.85814E-15 8.27871E-15
 -1        87 6.78004E-15-2.61666E-15-4.05898E-15 2.83619E-15 4.02850E-15 2.17143E-15
 -1        88-1.79059E-15 3.18426E-15-2.62646E-16 2.62802E-15 3.40098E-16 2.42716E-15
 -1        89 1.32899E-15 3.18490E-16-2.59565E-15-3.72562E-17-3.36949E-15-4.71717E-15
 -1        90 1.32900E-15 3.18499E-16-3.10449E-16-3.72391E-17-2.99788E-15-3.57117E-15
 -1        91 1.32897E-15 3.18502E-16-4.02813E-15-3.72566E-17-2.20454E-15-4.96267E-15
 -1        92 1.33994E-15-1.86725E-15 1.26237E-15-1.30086E-15 3.44332E-15 5.22507E-15
 -1        93 2.49473E-15 2.83805E-16-2.16081E-15 2.73210E-15 2.18430E-15 2.29930E-15
 -1        94-2.94537E-15 1.03321E-15 3.16053E-15-1.40495E-15 1.59912E-15 5.35293E-15
 -1        95-1.38559E-15-3.99680E-16 1.35192E-16-2.73759E-15 1.40999E-16 1.08502E-15
 -1        96 4.05453E-15-1.14908E-15-1.46847E-15 1.39947E-15-6.71693E-17-5.77119E-16
 -1        97-2.30805E-16 1.75139E-15-1.00279E-15 1.29539E-15-7.46413E-16-6.94756E-16
 -1       151 0.00000E+00 0.00000E+00 0.00000E+00 0.00000E+00 0.00000E+00 0.00000E+00
 -1       152 0.00000E+00 0.00000E+00 0.00000E+00 0.00000E+00 0.00000E+00 0.00000E+00
 -1       154 0.00000E+00 0.00000E+00 0.00000E+00 0.00000E+00 0.00000E+00 0.00000E+00
 -1       155 0.00000E+00 0.00000E+00 0.00000E+00 0.00000E+00 0.00000E+00 0.00000E+00
 -1       156 6.95376E-21-2.00445E-20-1.42105E-15-2.45365E-20-1.42107E-15-7.10509E-16
 -1       157 1.67310E-20-1.60382E-20-9.32564E-16-1.31528E-20 4.44022E-17-1.77630E-15
 -1       158 2.65082E-20-1.23470E-20-3.55267E-16-9.32951E-21 3.55247E-16-2.13156E-15
 -1       159-1.10840E-21-1.10490E-20-1.42106E-15-2.03158E-20-6.66129E-16-1.42104E-15
 -1       160 8.36550E-21-6.36236E-21 2.66449E-16-1.21483E-20 5.32892E-16-1.06577E-15
 -1       161 1.78394E-20-2.46327E-21 7.10519E-16-6.50091E-21 5.32879E-16-2.13157E-15
 -1       162-1.67310E-20-2.05346E-21-7.10530E-16-1.60951E-20-4.44092E-16-1.77631E-15
 -1       163 2.52015E-21 3.31353E-21 8.88156E-16-1.13801E-20 4.88477E-16-1.06577E-15
 -1       164 2.17713E-20 7.42045E-21 3.55264E-15-4.14483E-21 4.43833E-17-1.06578E-15
 -1       165-2.13160E-15 1.50987E-15-1.42105E-15 7.54926E-16-1.42107E-15-4.66259E-16
 -1       166-1.42106E-15 9.76974E-16-9.32564E-16 1.59869E-15 6.43918E-16-1.50985E-15
 -1       167-7.10517E-16 3.55259E-16-3.55267E-16 3.10853E-16 8.88151E-16-1.84290E-15
 -1       168 7.10533E-16 9.76977E-16-1.42106E-15 6.66112E-16-4.88493E-16-5.77280E-16
 -1       169-7.10529E-16 4.44080E-16 2.66449E-16 9.54772E-16 9.88081E-16-5.32867E-16
 -1       170-2.13159E-15-3.10860E-16 7.10519E-16 5.32896E-16 1.50987E-15-1.90953E-15
 -1       171 1.42106E-15 4.44082E-16-7.10530E-16 5.77298E-16-8.88227E-17-9.76958E-16
 -1       172 7.10536E-16-8.88146E-17 8.88156E-16 2.44239E-16 7.99340E-16 3.11694E-20
 -1       173 1.42109E-20-9.76980E-16 3.55264E-15 6.21715E-16 1.46546E-15 2.66480E-16
 -1       174-2.13161E-15 1.50987E-15 1.42106E-15 7.54939E-16 1.68750E-15-4.66278E-16
 -1       175-1.42106E-15 9.76983E-16 3.99670E-16 1.59872E-15 1.17681E-15 6.21723E-16
 -1       176-7.10502E-16 3.55271E-16-3.55267E-16 3.10884E-16 2.88645E-16 9.99188E-16
 -1       177 7.10502E-16 9.76983E-16 2.19201E-21 6.66120E-16 1.11019E-15-5.77298E-16
 -1       178-7.10543E-16 4.44088E-16-5.32901E-16 9.54787E-16 4.10764E-16-5.32897E-16
 -1       179-2.13159E-15-3.10852E-16 7.10534E-16 5.32915E-16-1.33236E-16-4.88498E-16
 -1       180 1.42101E-15 4.44091E-16-1.42106E-15 5.77302E-16 6.21705E-16-1.68750E-15
 -1       181 7.10517E-16-8.88065E-17-1.33220E-16 2.44245E-16 1.77623E-16 7.18126E-21
 -1       182 1.92511E-20-9.76974E-16 1.59405E-21 6.21723E-16 6.21709E-16 9.76983E-16
 -1       183-2.52015E-21-1.82682E-20 1.42106E-15-1.06582E-15 9.76964E-16-9.76976E-16
 -1       184 1.67310E-20-2.66461E-16 3.99670E-16-7.88246E-16 7.10520E-16 1.77639E-16
 -1       185 3.59821E-20-1.37666E-15-3.55267E-16-1.93175E-15 8.21545E-16 6.21718E-16
 -1       186 1.42105E-15-4.44091E-16 2.19201E-21-1.19904E-15 3.99657E-16-8.43749E-16
 -1       187-1.10840E-21-2.66451E-16-5.32901E-16-7.77149E-16 2.77537E-16-3.55263E-16
 -1       188-1.42105E-15-8.65960E-16 7.10534E-16-1.06580E-15-4.44200E-17 1.33220E-16
 -1       189 4.26316E-15-8.88164E-16-1.42106E-15-8.88181E-16-8.88302E-17-1.04358E-15
 -1       190 2.84213E-15-2.66442E-16-1.33220E-16-2.88662E-16 3.77459E-16 3.55276E-16
 -1       191 1.42109E-15-3.55256E-16 1.59405E-21 3.10860E-16 2.66442E-16 1.04360E-15
 -1       192 1.01419E-20 1.87093E-20 1.86513E-15-1.31232E-20 1.11065E-17 3.55267E-16
 -1       193 7.49628E-22 1.41766E-20 6.66109E-16-1.08357E-20 6.21716E-16-1.33230E-16
 -1       194-8.64260E-21 1.51566E-20 1.99828E-16-1.07533E-20 6.21709E-16 3.10853E-16
 -1       195 1.43880E-20 1.04903E-20 7.99328E-16-5.05675E-21-3.88572E-16 4.88489E-16
 -1       196 5.51210E-21 8.25001E-21 2.44229E-16-4.70477E-21-3.33085E-17 3.10856E-16
 -1       197-3.36385E-21 1.18966E-20 2.88642E-16-5.29785E-21 4.88485E-16 4.44086E-16
 -1       198 1.28064E-20 2.27130E-21 5.32882E-16 1.50354E-21-4.44071E-17 6.21709E-16
 -1       199 6.96688E-21 2.32345E-21 1.26563E-15 1.07012E-22-3.69146E-16-6.66174E-17
 -1       200 1.12736E-21 8.63658E-21-2.22054E-16-9.74498E-22 3.55262E-16-3.55266E-16
 -1       201-9.76978E-16-7.99339E-16 1.86513E-15 7.43832E-16-5.21796E-16-2.44249E-16
 -1       202-4.44079E-17-1.31004E-15 6.66109E-16 7.49384E-16 4.10775E-16-5.49560E-16
 -1       203 8.88162E-16-2.66440E-16 1.99828E-16 1.33218E-16 6.66117E-16 7.77089E-17
 -1       204-3.55258E-16-5.55036E-17 7.99328E-16 4.88489E-16-7.21635E-16 2.10935E-16
 -1       205-4.44048E-17-9.90857E-16 2.44229E-16 4.71836E-16 1.16569E-16 1.83181E-16
 -1       206 2.66448E-16-2.66443E-16 2.88642E-16 1.88732E-16 3.83015E-16 4.66288E-16
 -1       207-1.37665E-15 6.88331E-16 5.32882E-16-1.91510E-16-1.77631E-16 9.88078E-16
 -1       208-9.76980E-16-6.71675E-16 1.26563E-15-1.77633E-16 1.41551E-16-2.55354E-16
 -1       209-5.77308E-16-2.66445E-16-2.22054E-16-7.49398E-17 9.99146E-17-1.09911E-15
 -1       210-3.55264E-15 5.04029E-21 2.13144E-15-4.97369E-15 5.32931E-16-1.77644E-16
 -1       211-4.61844E-15 1.42101E-15 1.20790E-14-4.61841E-15 7.99357E-16-8.88164E-17
 -1       212-5.68423E-15 8.52634E-15-1.50982E-19-2.66444E-15 1.77635E-15 1.77634E-15
 -1       213-1.42107E-15-2.14680E-20 1.77624E-15-4.26316E-15 8.88417E-17-3.46384E-15
 -1       214-8.88151E-16 2.13156E-15 5.50657E-15-2.30917E-15 7.10551E-16 3.55278E-16
 -1       215-3.55229E-16 4.26315E-15 2.13151E-15-1.77550E-16-5.77291E-16 2.48688E-15
 -1       216 1.42103E-15-4.79762E-20-2.13164E-15-2.84209E-15-3.55242E-16-3.19735E-15
 -1       217 7.10521E-16 2.84211E-15-2.84218E-15-2.13154E-15 2.04282E-15-1.11019E-15
 -1       218 1.72852E-20-4.79762E-20 1.24338E-15-2.66443E-15-1.50986E-15-1.15465E-15
 -1       219-2.84210E-15-5.04029E-21 2.13144E-15-1.42100E-15 3.55285E-16 4.79611E-15
 -1       220-2.13156E-15-1.42113E-15 1.20790E-14-1.95390E-15-2.48687E-15-6.21718E-16
 -1       221-1.42102E-15 5.68419E-15-1.50982E-19-4.35196E-15 2.84214E-15-4.26322E-15
 -1       222 1.77634E-15-2.65082E-20 1.77624E-15-2.13154E-15-9.76975E-16-1.59868E-15
 -1       223 6.21743E-16 7.10486E-16 5.50657E-15-1.06573E-15-3.01976E-15 4.44095E-16
 -1       224-5.32857E-16 2.84207E-15 2.13151E-15-1.77626E-15-2.66444E-16 7.99346E-16
 -1       225 4.26318E-15-4.79762E-20-2.13164E-15-7.10477E-16-2.30923E-15-3.55261E-15
 -1       226 1.42106E-15 2.84211E-15-2.84218E-15-1.59864E-15-2.13158E-15-2.66433E-16
 -1       227-1.42105E-15-4.79762E-20 1.24338E-15-4.17432E-15-1.95396E-15 8.88135E-16
 -1       251-4.63360E-13 1.11911E-14 2.44471E-13-1.80298E-14-5.74562E-14 1.38452E-14
 -1       253 4.85919E-13 1.11907E-14-2.03168E-13 1.74970E-14-6.47557E-14-1.38435E-14
 -1       254-3.04044E-13 4.59182E-14-1.05467E-13-1.69862E-14 6.32379E-15-2.27924E-14
 -1       256 2.70071E-13-4.78727E-14-3.49271E-13 7.77148E-16 3.20447E-14-4.68396E-14
 -1       257-9.95196E-14 4.65399E-14-4.34755E-13 1.28342E-14-4.31764E-14 1.16235E-14
 -1       259 9.94310E-14-5.57776E-14-4.74723E-13-7.06087E-15 2.04389E-14-8.78217E-15
 -1       260-4.71664E-13-1.17681E-14 1.76915E-13 1.77643E-15 6.55697E-15-7.99736E-14
 -1       262 4.90405E-13-1.17684E-14-2.65506E-13-9.59222E-15 8.36388E-15-7.77644E-14
 -1       263-3.00213E-13 3.67036E-14 1.21043E-13 1.30451E-14 5.23536E-15 1.34115E-14
 -1       265 2.66796E-13-4.92714E-14-1.21040E-13-1.60870E-14 1.21729E-14 2.30037E-14
 -1       266-5.90858E-14 7.38069E-14 1.34559E-13 1.90735E-14-1.83462E-14 2.82827E-14
 -1       268 1.12865E-13-3.41949E-14 9.28151E-14-1.57429E-14 9.81988E-15 4.52579E-14
 -1       269-4.43021E-13 1.23459E-14 2.20157E-13 2.38920E-14 4.07276E-14 7.61718E-14
 -1       271 4.46574E-13 1.23456E-14-2.17047E-13-2.65563E-14 5.16410E-14 6.87778E-14
 -1       272-2.93541E-13 4.55188E-14 6.33373E-14 4.44530E-14 1.40943E-14-3.57209E-14
 -1       274 2.45047E-13-3.26403E-14-1.77024E-13-3.44166E-14 2.24832E-15-2.07663E-14
 -1       275-4.99154E-14 9.00605E-14 2.49130E-13 2.57569E-14-5.03589E-14-5.59549E-14
 -1       277 1.37667E-13-2.36255E-14 2.05609E-13-3.74809E-14-5.76419E-14-1.86517E-14
 -1       278-4.54746E-14 7.10612E-16 2.84170E-14-2.13162E-14 7.17842E-15 4.26281E-15
 -1       279-4.12120E-14-1.06591E-15 2.84255E-14-2.62904E-14 1.42160E-15 3.10290E-19
 -1       280-3.41059E-14-2.84214E-15 2.84183E-14-3.12638E-14-4.33708E-15 1.84738E-14
 -1       281-3.41061E-14 5.68426E-15-2.27370E-13 3.39744E-15 7.10609E-15 9.30815E-14
 -1       282-2.48693E-14 8.52673E-15 2.27368E-13-1.13268E-15 3.26844E-14 5.11598E-14
 -1       283-1.70529E-14 5.68435E-15 6.82127E-13-1.59840E-15 2.98433E-14-3.62381E-14
 -1       284 2.27375E-14 3.41060E-14 2.72851E-12-1.84738E-14 1.08004E-13-3.55273E-13
 -1       285 3.69484E-14 1.13691E-14 9.09480E-13-7.99387E-15-6.25300E-14-7.38964E-14
 -1       286 4.54750E-14-4.54751E-14-9.09490E-13 1.70533E-14-1.10844E-13 9.37919E-14
 -1       287 1.46105E-14-5.32902E-15 1.46989E-15 9.94796E-15 1.55426E-15 3.85896E-14
 -1       288 4.66302E-15-3.37509E-15 1.47308E-15 7.10518E-15 2.84229E-15 4.12119E-14
 -1       289-5.68434E-15-1.42105E-15 1.46852E-15 1.42146E-15 4.12981E-15 3.81484E-14
 -1       290-1.45663E-14-1.42111E-14 1.13688E-13-2.84193E-15 5.96863E-14 2.90733E-14
 -1       291-7.54951E-15-2.41585E-14-1.41672E-18 1.10133E-14 1.98951E-14 2.95349E-15
 -1       292 1.24343E-15-3.12642E-14-1.13684E-13 1.84743E-14-3.12633E-14-7.53538E-15
 -1       293 2.02061E-14 3.97904E-14-7.10542E-13 2.13164E-14-1.13686E-13-7.17654E-14
 -1       294 1.54100E-14 5.11598E-14-8.52726E-14-4.55638E-14-1.25057E-13-4.83170E-14
 -1       295 1.45661E-14 4.54748E-14 5.40017E-13-1.13510E-13-9.09490E-14 1.20793E-14
 -1       296 5.68433E-14 9.94750E-15-2.30930E-14-3.97902E-14-5.13594E-15 4.20106E-14
 -1       297 4.26332E-14 7.81597E-15-2.30928E-14-2.27379E-14-7.10554E-15 4.54753E-14
 -1       298 1.70527E-14 5.68435E-15-2.30924E-14-2.84181E-15-9.07428E-15 4.89383E-14
 -1       299 8.52627E-15 3.41062E-14-3.10358E-19 2.14718E-14-9.23711E-14-1.36337E-14
 -1       300 1.35006E-14 3.41065E-14 2.57068E-18 1.48764E-15-6.67917E-14-2.55796E-14
 -1       301 2.06056E-14 4.54748E-14-2.12759E-18-2.68229E-14-3.55273E-14-3.75260E-14
 -1       302-1.70533E-14-9.09505E-14-3.03210E-18-2.70007E-14 1.13688E-13 1.11556E-13
 -1       303-1.84742E-14-6.82123E-14 5.42448E-18-2.02502E-14 6.82124E-14 4.19221E-14
 -1       304-4.26345E-15-4.54755E-14-1.46666E-18-2.16719E-14-8.52608E-15-2.77109E-14
 -1       305-2.27378E-14 6.75011E-15-1.13684E-13-5.39589E-15 2.60089E-14-5.68408E-15
 -1       307-3.41065E-14-1.42117E-15 3.41067E-13-1.39891E-14 3.29674E-14 2.84222E-14
 -1       308-2.57574E-14-5.68429E-15 5.68358E-14 4.66037E-16 2.41580E-14 9.51104E-14
 -1       310 2.04270E-15-5.68416E-15 3.97900E-13 4.61834E-15-2.70012E-14-3.00946E-14
 -1       311 3.10871E-16-1.01253E-14 5.68460E-14 4.97353E-15 2.99764E-14 1.07987E-14
 -1       313-2.48681E-15-1.63426E-14-5.68420E-14-4.97412E-15-1.29229E-14 8.65324E-15
 -1       314-1.13246E-14-7.10927E-20-7.10088E-15-9.32610E-15-8.72496E-16-5.61043E-15
 -1       316 1.24319E-15-9.09065E-20-7.10151E-15-5.32928E-15-3.56748E-15 1.48483E-14
 -1       317-2.27375E-14 1.13692E-14 2.27357E-13-2.99796E-15-5.40030E-14-4.83164E-14
 -1       319 2.27375E-14 2.84223E-14-1.13689E-12 6.92760E-15-6.39509E-14 1.98958E-14
 -1       320 1.45218E-14 1.13691E-14 1.42092E-13 9.94743E-15-2.84238E-14-1.46728E-13
 -1       322 2.87771E-14-4.54745E-14-1.05163E-12-5.40018E-14-7.10562E-14 2.16725E-14
 -1       323 2.53138E-15 1.70535E-14-4.40546E-13 1.42110E-14 2.27366E-14-2.19808E-15
 -1       325 8.17129E-15 1.42113E-14 7.10487E-14-2.88659E-14 6.25273E-14 5.04044E-15
 -1       326-1.08356E-14 1.13690E-14 5.68463E-14 1.68088E-14-2.13167E-14 1.89482E-14
 -1       328 1.26124E-14 9.13626E-20-5.68419E-14 5.86199E-15-2.13165E-14-9.35567E-15
 -1       329 3.41066E-14 1.77636E-14-1.14445E-19-1.30789E-14-3.51570E-14 3.01098E-14
 -1       331 5.68481E-15 2.84219E-14 9.58763E-20-1.86967E-14-7.47614E-15-2.44247E-14
 -1       332 2.13612E-14 1.05882E-20-7.10559E-15-1.15468E-14 3.89250E-15 1.02880E-14
 -1       334 1.40337E-14 5.36357E-20-7.10538E-15-1.35008E-14 1.43612E-15 1.31608E-14
 -1       335 3.10936E-16 3.43857E-19-3.12636E-13 4.26369E-15 1.13687E-14 6.30591E-15
 -1       337 1.77662E-16 4.54752E-14 3.12645E-13-4.61852E-14-9.37921E-14-1.71422E-14
 -1       338-5.68433E-15-1.13685E-14 4.54755E-13 5.84011E-15-4.83171E-14 3.48166E-14
 -1       340 2.13164E-14-3.41059E-14 4.54754E-13-1.45659E-14-2.13163E-14-7.10705E-16
 -1       341 0.00000E+00 8.82683E-16-6.24500E-17-1.89994E-16-1.83174E-18 2.14948E-16
 -1       343 0.00000E+00-8.82683E-16-6.24500E-17-1.10691E-16 1.83174E-18 2.10638E-16
 -1       344 0.00000E+00-8.82683E-16-6.24500E-17-1.10691E-16 1.83174E-18 2.10638E-16
 -1       346 0.00000E+00 8.82683E-16-6.24500E-17-1.89994E-16-1.83174E-18 2.14948E-16
 -1       347 0.00000E+00 8.82683E-16-6.24500E-17-1.89994E-16-1.83174E-18 2.14948E-16
 -1       349 0.00000E+00-8.82683E-16-6.24500E-17-1.10691E-16 1.83174E-18 2.10638E-16
 -1       350 2.36847E-14-6.43927E-14-1.49289E-13-7.24528E-14 1.04785E-13-8.23697E-15
 -1       351-1.18426E-15 6.66129E-15-1.49289E-13 9.83292E-15 5.74759E-14-5.17462E-15
 -1       352-2.60532E-14 7.77153E-14-1.49289E-13 9.21187E-14 1.01667E-14-2.11226E-15
 -1       353-2.36847E-14 4.92935E-14 5.83976E-14 3.82729E-14-1.43974E-14 1.82234E-14
 -1       354 1.18423E-15-1.22866E-14 5.83976E-14-7.06106E-15 5.14710E-15 7.96309E-15
 -1       355 2.60531E-14-7.38668E-14 5.83976E-14-5.23950E-14 2.46916E-14-2.29719E-15
 -1       356-1.18422E-15-2.64973E-14 8.64048E-13 1.54765E-14-3.84028E-13-8.70075E-14
 -1       357 2.92359E-15 6.66129E-15 1.81929E-13 3.21961E-16-1.60425E-13-5.88357E-14
 -1       358 7.03140E-15 3.98198E-14-5.00190E-13-1.48325E-14 6.31778E-14-3.06639E-14
 -1       359-1.46179E-20-7.54960E-15-4.54458E-14-1.70900E-14 4.51939E-14 4.99319E-15
 -1       361-1.46179E-20 1.92428E-15-4.54458E-14 1.98618E-14 1.74291E-14-2.20473E-15
 -1       362-1.24345E-14 1.13981E-14 4.61223E-13 2.68747E-14-1.99213E-13-3.43921E-14
 -1       364 1.65423E-14-1.70235E-14-2.20896E-13-3.36138E-14 4.39347E-14-1.64805E-14
 -1       365 1.12502E-14-4.54450E-14 3.57379E-13-2.84882E-14-1.39621E-13-4.76222E-14
 -1       367-9.51088E-15 5.87676E-14-3.24739E-13 3.86431E-14 3.66722E-14-1.63881E-14
 -1       368 9.97913E-14-3.66378E-14-5.77315E-14-4.66116E-14-2.56463E-14 3.59397E-15
 -1       369-1.13215E-13 3.08634E-14 3.28620E-14-9.42204E-15-6.32890E-15 2.08240E-14
 -1       370-1.31895E-13 6.59455E-14 4.52964E-14 2.93464E-14-9.88165E-15 1.52175E-14
 -1       371 1.26869E-13-1.55567E-15-4.52971E-14 2.75947E-14-2.91991E-14 4.73747E-15
 -1       376 1.44070E-13 8.34850E-14-7.54853E-15 2.08886E-14 7.61601E-14 3.69086E-14
 -1       377-1.05784E-13 1.43881E-13 4.92942E-14 3.29997E-14 3.61926E-14 7.68783E-15
 -1       378-5.99245E-14 1.77358E-15 6.43931E-14 3.17957E-15 2.33139E-14-2.01230E-14
 -1       379 1.78392E-13-5.86222E-14 7.55041E-15 2.60959E-16 6.32814E-14 3.52098E-14
 -1       384 1.98394E-14 3.00201E-13-3.19760E-14-4.87376E-14 7.03850E-14 3.75203E-14
 -1       385-1.76269E-13 2.68227E-13-2.02503E-13-3.99003E-14 9.48094E-14 6.10344E-14
 -1       386-1.03084E-13 2.11383E-13-2.52241E-13 3.61936E-14-7.03899E-14 7.92501E-14
 -1       387 1.16472E-13 2.43357E-13-8.17137E-14 5.57777E-14-9.48143E-14 4.57759E-15
 -1       392 1.56551E-13-5.61750E-14 9.84794E-14 6.86889E-14 3.02203E-13 2.37597E-13
 -1       393-6.53139E-14-2.28036E-13 6.66910E-13 5.06827E-14-4.28515E-14 1.34433E-15
 -1       394-1.14371E-15-6.54358E-13 6.26276E-13-1.17359E-13 1.80968E-13 2.20965E-14
 -1       395 1.48558E-13-4.82496E-13 5.78454E-14-1.27774E-13 5.26022E-13 1.04874E-13
 -1       400 8.61974E-14 1.13247E-13-1.66642E-12 5.39330E-14-1.01340E-12 2.56942E-13
 -1       401-2.52018E-13-1.13237E-13-3.02192E-13-1.27211E-14-1.20879E-12 2.74705E-13
 -1       402-1.59649E-13 1.14133E-13-2.66221E-13 1.35672E-14-5.21350E-13 2.29763E-13
 -1       403-8.14887E-14 3.40617E-13-1.63045E-12-5.05168E-14-3.25951E-13 5.28408E-14
 -1       408 1.07162E+02-2.05979E+01-6.96580E+00 3.49927E+00-4.69951E+00 1.42052E+01
 -1       409 9.28468E+01-1.68971E+01 8.71261E+00-1.37391E+00 7.89585E+00 1.34702E+01
 -1       410-1.07928E+02 4.59270E+00 8.71252E+00 1.12196E+01 1.57351E+01 1.94815E+01
 -1       411-8.96479E+01 4.59270E+00-6.96590E+00-6.83647E+00 4.99013E+00 1.50931E+01
 -1       412 1.00148E+02-1.87475E+01 8.73413E-01 1.05836E+00 1.82954E+00 1.35087E+01
 -1       413-7.12342E+00-5.68963E+00 8.71257E+00 4.01895E+00 1.18155E+01 1.58463E+01
 -1       414-9.85389E+01 4.59265E+00 8.73320E-01 2.06493E+00 1.05940E+01 1.69586E+01
 -1       415 8.72489E+00-7.54004E+00-6.96584E+00-2.59996E+00 1.45375E-01 1.40217E+01
 -1       416 9.34604E+01-3.15102E+01-1.57023E+01 7.54242E-01-1.24187E+01-1.30838E+00
 -1       417 8.00175E+01-2.76349E+01-9.87624E+00-1.35998E-01 7.12430E+00-2.24212E+00
 -1       418-9.41179E+01 3.46902E+01 1.53232E+01 3.04790E+00 9.02224E+00 4.67623E-01
 -1       419-7.91214E+01 2.96232E+01 9.41430E+00-2.72019E+00-8.11508E+00-3.45791E-01
 -1       424 5.68207E+01-1.53474E+01-2.56743E+01 2.32655E-01 6.82717E+00 1.33064E+01
 -1       425 4.77090E+01-1.12596E+01-2.41097E+01 1.64454E+00-4.73444E+00 1.45181E+01
 -1       426-5.69168E+01 1.57962E+01 2.62894E+01 6.75291E-02-5.96332E+00 1.36731E+01
 -1       427-4.83377E+01 5.67338E+00 2.45591E+01 3.65294E+02 8.53466E+00 1.42329E+01
 -1       428 5.22149E+01-1.33198E+01-2.48889E+01 9.68780E-01 6.77370E-01 1.31582E+01
 -1       429-4.41724E+00 2.98300E+00 1.08985E+00 1.02156E+00-5.35105E+00 1.41609E+01
 -1       430-5.23907E+01 1.07184E+01 2.54273E+01 3.63894E+02 9.16676E-01 1.31990E+01
 -1       431 4.24590E+00-4.12230E+00-5.57584E-01 3.64158E+02 7.67875E+00 1.38349E+01
 -1       432 2.19210E+01-5.65164E+00-1.01732E+01-4.93782E-01 3.62630E+03-2.39475E+00
 -1       433 1.84465E+01-3.98152E+00-9.90058E+00-1.24244E-01-2.33111E+00-2.19738E+00
 -1       434-2.18803E+01-7.24121E+03 1.01014E+01-4.76416E-01-3.00809E+00-2.45705E+00
 -1       435-1.83374E+01 7.25066E+03 9.75373E+00-7.25106E+02-3.62118E+03-2.19460E+00
 -1       440 9.95940E+00-4.84836E+00 4.30075E+00 3.62649E-01 3.61882E+03 9.19040E+00
 -1       441 8.66306E+00-5.63397E+00 6.30542E+00 1.37064E+00 4.63980E+00 8.69899E+00
 -1       442-1.02346E+01-7.24412E+03-4.08976E+00 2.64510E-01 6.00768E+00 9.27787E+00
 -1       443-8.59413E+00 2.17497E+04-6.07871E+00-2.17293E+03-1.08763E+04 8.77489E+00
 -1       444 9.06810E+00-5.27379E+00 5.30391E+00 9.31322E-01 3.62381E+03 8.66930E+00
 -1       445-8.29705E-01-7.24904E+03 1.10784E+00 7.16563E-01 5.34104E+00 9.74863E+00
 -1       446-9.19031E+00 7.25277E+03-5.08341E+00-7.23779E+02-3.62308E+03 8.75077E+00
 -1       447 7.23664E-01 7.24828E+03-8.88977E-01-7.23898E+02-3.62874E+03 9.74058E+00
 -1       448-1.78753E-14 3.89388E-17-1.86301E-14 7.18528E-15-1.06914E-14 9.38911E-15
 -1       449-1.46670E-14 5.06320E-15-1.07201E-14 6.12103E-15-9.56280E-15-2.72468E-14
 -1       450-1.15206E-14 4.60530E-15-1.81123E-15-2.70087E-15 1.00441E-14-1.06923E-14
 -1       451-1.93882E-14-4.18962E-16-1.39146E-14-2.94285E-15 7.34806E-15 2.14009E-14
 -1       457 6.57525E-15-2.44363E-15 7.65553E-15-3.62400E-15-2.05595E-15-4.88665E-15
 -1       458-4.31098E-15-2.60064E-15 1.01017E-14-2.70713E-15-1.52319E-15-7.22216E-15
 -1       459-5.83917E-15-3.32449E-15 5.90931E-15 2.38819E-15-1.48594E-15-5.52601E-16
 -1       460 9.70225E-16-3.16748E-15 5.38511E-15 3.10888E-15-3.98375E-15 3.42820E-15
 -1       466 2.19352E-14 3.13783E-16-2.31533E-14-1.37245E-15-3.57908E-14 2.58316E-14
 -1       467-5.73429E-15 5.33805E-15 4.05529E-15-1.10934E-14-2.74483E-14-9.51771E-15
 -1       468-2.58791E-15 2.74171E-14 1.29642E-14 1.81640E-16 7.23135E-15 7.03685E-15
 -1       469 2.04223E-14 2.23928E-14-1.84378E-14 8.59633E-15-2.67864E-15 3.78435E-14
 -1       475-1.54045E-14-2.62998E-15-6.19037E-15 2.09597E-14 1.58399E-14-1.66681E-14
 -1       476 7.27279E-16-2.78698E-15 5.10096E-15 1.10242E-14 7.32896E-15-2.43900E-15
 -1       477-8.00912E-16 2.47425E-14 9.08602E-16-1.46529E-15 4.57900E-16 4.23055E-15
 -1       478-2.10095E-14 2.48995E-14-8.46079E-15 1.01078E-14 7.00376E-15-8.35327E-15
 -3
    1PSTEP                        34           1           2          
    1PGM                1.000000E+00                                  
    1PGK                3.153089E+09                                  
    1PHID                         -1                                  
    1PSUBC                         0                                  
    1PMODE                         7                                  
  100CL  108 8936.928201         328                     2    8MODAL      1
 -4  ERROR       1    1
 -5  STR(%)      1    1    0    0
 -1         1 8.20651E+01
 -1         2 8.20651E+01
 -1         3 7.26680E+01
 -1         4 1.21808E+02
 -1         5 1.21808E+02
 -1         6 7.26680E+01
 -1         7 1.21808E+02
 -1         8 1.21808E+02
 -1         9 6.86080E+01
 -1        10 1.09299E+02
 -1        11 1.09299E+02
 -1        12 7.26680E+01
 -1        13 1.21808E+02
 -1        14 1.21808E+02
 -1        15 8.67496E+01
 -1        16 1.21808E+02
 -1        17 1.21808E+02
 -1        18 8.67496E+01
 -1        19 1.09299E+02
 -1        20 1.09299E+02
 -1        21 3.63150E+01
 -1        22 1.14324E+02
 -1        23 1.14324E+02
 -1        24 8.67496E+01
 -1        25 1.14324E+02
 -1        26 1.14324E+02
 -1        27 8.67496E+01
 -1        30 6.72455E+01
 -1        31 6.72455E+01
 -1        32 6.72455E+01
 -1        33 6.72455E+01
 -1        34 6.80479E+01
 -1        35 6.80479E+01
 -1        36 6.80479E+01
 -1        37 6.80479E+01
 -1        38 6.72455E+01
 -1        39 6.72455E+01
 -1        40 6.72455E+01
 -1        41 6.72455E+01
 -1        42 6.80479E+01
 -1        43 6.80479E+01
 -1        44 6.80479E+01
 -1        45 6.80479E+01
 -1        46 6.76467E+01
 -1        47 6.76467E+01
 -1        48 6.76467E+01
 -1        49 6.76467E+01
 -1        50 6.80479E+01
 -1        51 6.80479E+01
 -1        52 6.80479E+01
 -1        53 6.80479E+01
 -1        54 6.80479E+01
 -1        55 6.80479E+01
 -1        56 6.80479E+01
 -1        57 6.80479E+01
 -1        58 6.80479E+01
 -1        59 6.80479E+01
 -1        60 6.80479E+01
 -1        61 6.80479E+01
 -1        63 0.00000E+00
 -1        64 0.00000E+00
 -1        65 0.00000E+00
 -1        66 0.00000E+00
 -1        67 5.71834E+01
 -1        68 5.71834E+01
 -1        69 5.71834E+01
 -1        70 5.71834E+01
 -1        71 5.71834E+01
 -1        72 5.71834E+01
 -1        73 5.71834E+01
 -1        74 5.71834E+01
 -1        75 5.71834E+01
 -1        76 5.71834E+01
 -1        77 0.00000E+00
 -1        78 0.00000E+00
 -1        79 0.00000E+00
 -1        80 0.00000E+00
 -1        81 0.00000E+00
 -1        82 0.00000E+00
 -1        83 7.71300E+01
 -1        84 7.71300E+01
 -1        85 7.71300E+01
 -1        86 7.71300E+01
 -1        87 7.71300E+01
 -1        88 7.71300E+01
 -1        89 7.71300E+01
 -1        90 7.71300E+01
 -1        91 7.71300E+01
 -1        92 7.71300E+01
 -1        93 7.71300E+01
 -1        94 7.71300E+01
 -1        95 7.71300E+01
 -1        96 7.71300E+01
 -1        97 7.71300E+01
 -1       151 0.00000E+00
 -1       152 0.00000E+00
 -1       154 0.00000E+00
 -1       155 0.00000E+00
 -1       156 1.17793E+02
 -1       157 1.17793E+02
 -1       158 8.93983E+01
 -1       159 1.17793E+02
 -1       160 1.17793E+02
 -1       161 1.13459E+02
 -1       162 1.16518E+02
 -1       163 1.16518E+02
 -1       164 1.13459E+02
 -1       165 1.17793E+02
 -1       166 1.17793E+02
 -1       167 8.93983E+01
 -1       168 1.17793E+02
 -1       169 1.17793E+02
 -1       170 1.13459E+02
 -1       171 1.16518E+02
 -1       172 1.16518E+02
 -1       173 1.13459E+02
 -1       174 7.32778E+01
 -1       175 7.32778E+01
 -1       176 6.88003E+01
 -1       177 7.32778E+01
 -1       178 8.50716E+01
 -1       179 8.50716E+01
 -1       180 5.51207E+01
 -1       181 8.50716E+01
 -1       182 8.50716E+01
 -1       183 7.32778E+01
 -1       184 7.32778E+01
 -1       185 6.88003E+01
 -1       186 7.32778E+01
 -1       187 8.50716E+01
 -1       188 8.50716E+01
 -1       189 5.51207E+01
 -1       190 8.50716E+01
 -1       191 8.50716E+01
 -1       192 1.46538E+02
 -1       193 1.46538E+02
 -1       194 1.14874E+02
 -1       195 1.46538E+02
 -1       196 1.46538E+02
 -1       197 1.42893E+02
 -1       198 1.12006E+02
 -1       199 1.42893E+02
 -1       200 1.42893E+02
 -1       201 1.46538E+02
 -1       202 1.46538E+02
 -1       203 1.14874E+02
 -1       204 1.46538E+02
 -1       205 1.46538E+02
 -1       206 1.42893E+02
 -1       207 1.12006E+02
 -1       208 1.42893E+02
 -1       209 1.42893E+02
 -1       210 6.14098E+01
 -1       211 6.14098E+01
 -1       212 2.08535E+01
 -1       213 6.74695E+01
 -1       214 6.85607E+01
 -1       215 6.85607E+01
 -1       216 6.74695E+01
 -1       217 6.85607E+01
 -1       218 6.85607E+01
 -1       219 6.14098E+01
 -1       220 6.14098E+01
 -1       221 2.08535E+01
 -1       222 6.74695E+01
 -1       223 6.85607E+01
 -1       224 6.85607E+01
 -1       225 6.74695E+01
 -1       226 6.85607E+01
 -1       227 6.85607E+01
 -1       251 1.84781E+02
 -1       253 1.84781E+02
 -1       254 1.84781E+02
 -1       256 1.84781E+02
 -1       257 1.33980E+02
 -1       259 1.33980E+02
 -1       260 2.14206E+02
 -1       262 2.14206E+02
 -1       263 2.14206E+02
 -1       265 2.14206E+02
 -1       266 1.37253E+02
 -1       268 1.37253E+02
 -1       269 2.14206E+02
 -1       271 2.14206E+02
 -1       272 2.14206E+02
 -1       274 2.14206E+02
 -1       275 1.37253E+02
 -1       277 1.37253E+02
 -1       278 2.51122E+01
 -1       279 2.51122E+01
 -1       280 2.51122E+01
 -1       281 4.65229E+01
 -1       282 4.65229E+01
 -1       283 4.65229E+01
 -1       284 4.65229E+01
 -1       285 4.65229E+01
 -1       286 4.65229E+01
 -1       287 3.48930E+01
 -1       288 3.48930E+01
 -1       289 3.48930E+01
 -1       290 4.79204E+01
 -1       291 4.79204E+01
 -1       292 4.79204E+01
 -1       293 4.79204E+01
 -1       294 4.79204E+01
 -1       295 4.79204E+01
 -1       296 3.48930E+01
 -1       297 3.48930E+01
 -1       298 3.48930E+01
 -1       299 4.79204E+01
 -1       300 4.79204E+01
 -1       301 4.79204E+01
 -1       302 4.79204E+01
 -1       303 4.79204E+01
 -1       304 4.79204E+01
 -1       305 3.58175E+01
 -1       307 3.58175E+01
 -1       308 4.72217E+01
 -1       310 4.72217E+01
 -1       311 4.14067E+01
 -1       313 4.14067E+01
 -1       314 3.00026E+01
 -1       316 3.00026E+01
 -1       317 4.65229E+01
 -1       319 4.65229E+01
 -1       320 4.72217E+01
 -1       322 4.72217E+01
 -1       323 4.79204E+01
 -1       325 4.79204E+01
 -1       326 4.79204E+01
 -1       328 4.79204E+01
 -1       329 4.14067E+01
 -1       331 4.14067E+01
 -1       332 3.48930E+01
 -1       334 3.48930E+01
 -1       335 4.79204E+01
 -1       337 4.79204E+01
 -1       338 4.79204E+01
 -1       340 4.79204E+01
 -1       341 0.00000E+00
 -1       343 0.00000E+00
 -1       344 0.00000E+00
 -1       346 0.00000E+00
 -1       347 0.00000E+00
 -1       349 0.00000E+00
 -1       350 6.87376E+01
 -1       351 6.87376E+01
 -1       352 6.87376E+01
 -1       353 6.87376E+01
 -1       354 6.87376E+01
 -1       355 6.87376E+01
 -1       356 6.87376E+01
 -1       357 6.87376E+01
 -1       358 6.87376E+01
 -1       359 6.87376E+01
 -1       361 6.87376E+01
 -1       362 6.87376E+01
 -1       364 6.87376E+01
 -1       365 6.87376E+01
 -1       367 6.87376E+01
 -1       368 1.20420E+02
 -1       369 1.20420E+02
 -1       370 1.20420E+02
 -1       371 1.20420E+02
 -1       376 1.53295E+02
 -1       377 1.53295E+02
 -1       378 1.53295E+02
 -1       379 1.53295E+02
 -1       384 1.59738E+02
 -1       385 1.59738E+02
 -1       386 1.59738E+02
 -1       387 1.59738E+02
 -1       392 1.59738E+02
 -1       393 1.59738E+02
 -1       394 1.59738E+02
 -1       395 1.59738E+02
 -1       400 1.21713E+02
 -1       401 1.21713E+02
 -1       402 1.21713E+02
 -1       403 1.21713E+02
 -1       408 2.66683E+01
 -1       409 2.66683E+01
 -1       410 2.66683E+01
 -1       411 2.66683E+01
 -1       412 2.66683E+01
 -1       413 2.66683E+01
 -1       414 2.66683E+01
 -1       415 2.66683E+01
 -1       416 2.68102E+01
 -1       417 2.68102E+01
 -1       418 2.68102E+01
 -1       419 2.68102E+01
 -1       424 2.69520E+01
 -1       425 2.69520E+01
 -1       426 2.69520E+01
 -1       427 2.69520E+01
 -1       428 2.69520E+01
 -1       429 2.69520E+01
 -1       430 2.69520E+01
 -1       431 2.69520E+01
 -1       432 2.69520E+01
 -1       433 2.69520E+01
 -1       434 2.69520E+01
 -1       435 2.69520E+01
 -1       440 2.69520E+01
 -1       441 2.69520E+01
 -1       442 2.69520E+01
 -1       443 2.69520E+01
 -1       444 2.69520E+01
 -1       445 2.69520E+01
 -1       446 2.69520E+01
 -1       447 2.69520E+01
 -1       448 2.30464E+02
 -1       449 2.30464E+02
 -1       450 2.30464E+02
 -1       451 2.30464E+02
 -1       457 2.41108E+02
 -1       458 2.41108E+02
 -1       459 2.41108E+02
 -1       460 2.41108E+02
 -1       466 2.30464E+02
 -1       467 2.30464E+02
 -1       468 2.30464E+02
 -1       469 2.30464E+02
 -1       475 2.41108E+02
 -1       476 2.41108E+02
 -1       477 2.41108E+02
 -1       478 2.41108E+02
 -3
    1PSTEP                        35           1           2          
    1PGM                1.000000E+00                                  
    1PGK                3.164386E+09                                  
    1PHID                         -1                                  
    1PSUBC                         0                                  
    1PMODE                         8                                  
  100CL  109 8952.923308         328                     2    9MODAL      1
 -4  DISP        4    1
 -5  D1          1    2    1    0
 -5  D2          1    2    2    0
 -5  D3          1    2    3    0
 -5  ALL         1    2    0    0    1ALL
 -1         1 0.00000E+00 0.00000E+00 0.00000E+00
 -1         2 0.00000E+00 0.00000E+00 0.00000E+00
 -1         3 0.00000E+00 0.00000E+00 0.00000E+00
 -1         4 0.00000E+00 0.00000E+00 0.00000E+00
 -1         5 0.00000E+00 0.00000E+00 0.00000E+00
 -1         6 0.00000E+00 0.00000E+00 0.00000E+00
 -1         7 0.00000E+00 0.00000E+00 0.00000E+00
 -1         8 0.00000E+00 8.88178E-16-8.88178E-16
 -1         9 0.00000E+00 0.00000E+00 0.00000E+00
 -1        10 0.00000E+00 0.00000E+00 0.00000E+00
 -1        11-7.10543E-15 1.77636E-15 0.00000E+00
 -1        12 0.00000E+00 0.00000E+00 0.00000E+00
 -1        13 0.00000E+00 0.00000E+00 0.00000E+00
 -1        14 0.00000E+00 0.00000E+00 0.00000E+00
 -1        15 0.00000E+00 0.00000E+00 0.00000E+00
 -1        16 0.00000E+00 0.00000E+00 0.00000E+00
 -1        17 0.00000E+00 0.00000E+00 1.11022E-16
 -1        18 0.00000E+00 0.00000E+00 0.00000E+00
 -1        19 0.00000E+00 0.00000E+00 0.00000E+00
 -1        20 0.00000E+00 0.00000E+00 1.77636E-15
 -1        21 0.00000E+00 0.00000E+00 0.00000E+00
 -1        22 0.00000E+00 0.00000E+00 0.00000E+00
 -1        23 0.00000E+00 0.00000E+00 3.55271E-15
 -1        24 0.00000E+00 0.00000E+00 0.00000E+00
 -1        25 0.00000E+00 0.00000E+00 0.00000E+00
 -1        26 0.00000E+00 0.00000E+00-1.77636E-15
 -1        27 0.00000E+00 0.00000E+00 0.00000E+00
 -1        30 0.00000E+00 0.00000E+00 0.00000E+00
 -1        31 8.88172E-15 1.77604E-15 5.24024E-14
 -1        32-8.88172E-15 1.77604E-15 6.12844E-14
 -1        33 0.00000E+00 0.00000E+00 0.00000E+00
 -1        34 0.00000E+00 0.00000E+00 0.00000E+00
 -1        35 8.88172E-15-7.10548E-15 5.24024E-14
 -1        36-8.88172E-15-7.10548E-15 6.12844E-14
 -1        37 0.00000E+00 0.00000E+00 0.00000E+00
 -1        38 2.84217E-14 0.00000E+00 0.00000E+00
 -1        39 1.07752E-34 1.77604E-15 5.68434E-14
 -1        40 0.00000E+00 0.00000E+00 0.00000E+00
 -1        41 0.00000E+00 0.00000E+00 0.00000E+00
 -1        42 0.00000E+00 0.00000E+00 0.00000E+00
 -1        43-6.19086E-35-7.10548E-15 5.68434E-14
 -1        44 0.00000E+00 0.00000E+00 2.84217E-14
 -1        45 0.00000E+00 0.00000E+00 0.00000E+00
 -1        46 0.00000E+00 0.00000E+00 0.00000E+00
 -1        47 8.88172E-15-2.66472E-15 5.24024E-14
 -1        48-8.88172E-15-2.66472E-15 6.12844E-14
 -1        49 0.00000E+00 0.00000E+00 0.00000E+00
 -1        50 0.00000E+00 0.00000E+00 0.00000E+00
 -1        51 8.88172E-15-1.59870E-14 5.24024E-14
 -1        52-8.88172E-15-1.59870E-14 6.12844E-14
 -1        53 0.00000E+00 0.00000E+00 0.00000E+00
 -1        54 0.00000E+00-1.06581E-14 1.42109E-14
 -1        55-2.31569E-34-1.59870E-14 5.68434E-14
 -1        56 0.00000E+00 0.00000E+00 7.10543E-15
 -1        57 0.00000E+00 0.00000E+00 0.00000E+00
 -1        58 0.00000E+00 0.00000E+00 0.00000E+00
 -1        59 8.88172E-15-1.15462E-14 5.24024E-14
 -1        60-8.88172E-15-1.15462E-14 6.12844E-14
 -1        61 0.00000E+00 0.00000E+00 0.00000E+00
 -1        63 0.00000E+00 0.00000E+00 0.00000E+00
 -1        64 0.00000E+00 0.00000E+00 0.00000E+00
 -1        65 0.00000E+00 0.00000E+00 0.00000E+00
 -1        66 0.00000E+00 0.00000E+00 0.00000E+00
 -1        67 0.00000E+00 0.00000E+00 0.00000E+00
 -1        68 0.00000E+00 0.00000E+00 0.00000E+00
 -1        69 0.00000E+00 0.00000E+00 0.00000E+00
 -1        70 0.00000E+00-7.10543E-15 0.00000E+00
 -1        71 0.00000E+00 0.00000E+00 0.00000E+00
 -1        72 0.00000E+00 0.00000E+00 0.00000E+00
 -1        73 0.00000E+00 0.00000E+00 0.00000E+00
 -1        74 0.00000E+00 0.00000E+00 3.33067E-16
 -1        75 0.00000E+00 1.77636E-15 0.00000E+00
 -1        76 0.00000E+00 0.00000E+00 0.00000E+00
 -1        77 0.00000E+00 0.00000E+00 0.00000E+00
 -1        78 0.00000E+00 0.00000E+00 0.00000E+00
 -1        79 0.00000E+00 0.00000E+00 0.00000E+00
 -1        80-5.72424E-04 5.72424E-04-1.77636E-15
 -1        81-5.72424E-04-1.14485E-03 1.33227E-15
 -1        82 1.14485E-03 5.72424E-04-3.55271E-15
 -1        83 0.00000E+00 0.00000E+00 0.00000E+00
 -1        84 0.00000E+00 0.00000E+00 0.00000E+00
 -1        85 0.00000E+00 0.00000E+00 0.00000E+00
 -1        86-2.66454E-15 8.88178E-16 9.76996E-15
 -1        87 8.88178E-16 0.00000E+00-7.10543E-15
 -1        88 0.00000E+00-8.88178E-16 0.00000E+00
 -1        89 0.00000E+00 0.00000E+00 0.00000E+00
 -1        90 0.00000E+00 0.00000E+00 0.00000E+00
 -1        91 0.00000E+00 0.00000E+00 0.00000E+00
 -1        92 0.00000E+00 0.00000E+00-1.77636E-15
 -1        93 0.00000E+00 0.00000E+00 0.00000E+00
 -1        94 1.77636E-15 0.00000E+00-8.88178E-16
 -1        95 0.00000E+00 0.00000E+00 0.00000E+00
 -1        96 0.00000E+00 7.10543E-15 0.00000E+00
 -1        97 0.00000E+00 3.55271E-15 0.00000E+00
 -1       151 0.00000E+00 0.00000E+00 0.00000E+00
 -1       152 2.98266E-20 0.00000E+00 0.00000E+00
 -1       154 0.00000E+00 0.00000E+00 0.00000E+00
 -1       155 0.00000E+00 0.00000E+00 0.00000E+00
 -1       156 0.00000E+00 0.00000E+00 0.00000E+00
 -1       157 0.00000E+00 0.00000E+00 0.00000E+00
 -1       158 0.00000E+00 0.00000E+00 0.00000E+00
 -1       159 0.00000E+00 0.00000E+00 0.00000E+00
 -1       160 0.00000E+00 0.00000E+00 0.00000E+00
 -1       161 0.00000E+00 0.00000E+00 0.00000E+00
 -1       162 0.00000E+00 0.00000E+00 0.00000E+00
 -1       163 0.00000E+00 0.00000E+00 0.00000E+00
 -1       164 0.00000E+00 0.00000E+00 0.00000E+00
 -1       165-1.06581E-14 0.00000E+00-1.06581E-14
 -1       166-1.06581E-14 8.88178E-16 0.00000E+00
 -1       167 3.44169E-15 3.10862E-15 1.42109E-14
 -1       168-1.15463E-14-1.77636E-15-1.24345E-14
 -1       169-1.77636E-14 3.55271E-15 0.00000E+00
 -1       170-5.32907E-15 3.55271E-15 7.10543E-15
 -1       171-3.55271E-15 3.55271E-15-3.55271E-15
 -1       172-2.30926E-14 0.00000E+00 0.00000E+00
 -1       173-1.79856E-14 0.00000E+00 1.95399E-14
 -1       174-1.06581E-14-4.93038E-32-1.06581E-14
 -1       175-1.06581E-14 8.88178E-16 7.88861E-31
 -1       176 3.44169E-15 3.10862E-15 1.42109E-14
 -1       177-1.15463E-14-1.77636E-15-1.24345E-14
 -1       178-1.77636E-14 3.55271E-15-6.90253E-31
 -1       179-5.32907E-15 3.55271E-15 7.10543E-15
 -1       180-3.55271E-15 3.55271E-15-3.55271E-15
 -1       181-2.30926E-14 3.94430E-31-1.97215E-31
 -1       182-1.79856E-14 1.97215E-31 1.95399E-14
 -1       183-2.84217E-14 3.55271E-15-7.10543E-15
 -1       184-3.55271E-14 0.00000E+00 0.00000E+00
 -1       185-1.42109E-14-3.55271E-15 1.42109E-14
 -1       186-2.13163E-14 1.77636E-15-1.77636E-14
 -1       187-2.13163E-14-3.55271E-15 0.00000E+00
 -1       188-1.42109E-14 0.00000E+00 1.42109E-14
 -1       189-2.48690E-14 8.88178E-16-2.13163E-14
 -1       190-4.26326E-14 1.55431E-15 3.55271E-15
 -1       191-1.42109E-14 0.00000E+00 1.06581E-14
 -1       192 0.00000E+00 0.00000E+00 0.00000E+00
 -1       193 0.00000E+00 0.00000E+00 0.00000E+00
 -1       194 0.00000E+00 0.00000E+00 0.00000E+00
 -1       195 0.00000E+00 0.00000E+00 0.00000E+00
 -1       196 0.00000E+00 0.00000E+00 0.00000E+00
 -1       197 0.00000E+00 0.00000E+00 0.00000E+00
 -1       198 0.00000E+00 0.00000E+00 0.00000E+00
 -1       199 0.00000E+00 0.00000E+00 0.00000E+00
 -1       200 0.00000E+00 0.00000E+00 0.00000E+00
 -1       201 7.10543E-15 0.00000E+00 0.00000E+00
 -1       202 0.00000E+00 3.55271E-15 1.77636E-15
 -1       203 0.00000E+00 3.55271E-15 0.00000E+00
 -1       204 0.00000E+00-1.77636E-15 3.55271E-15
 -1       205 3.55271E-15 0.00000E+00 8.88178E-16
 -1       206 7.10543E-15-3.55271E-15-8.88178E-16
 -1       207 0.00000E+00 0.00000E+00 3.55271E-15
 -1       208-8.88178E-16 0.00000E+00 0.00000E+00
 -1       209-2.22045E-16 0.00000E+00 0.00000E+00
 -1       210 0.00000E+00 0.00000E+00-6.21725E-15
 -1       211-2.84217E-14-2.84217E-14 4.74620E-14
 -1       212-2.84217E-14-5.68434E-14 7.10543E-14
 -1       213 0.00000E+00 0.00000E+00-4.97380E-14
 -1       214 1.77636E-14 2.84217E-14 1.11910E-13
 -1       215 2.84217E-14-2.84217E-14 0.00000E+00
 -1       216 0.00000E+00 0.00000E+00 3.55271E-15
 -1       217 7.10543E-15-2.13163E-14 7.63833E-14
 -1       218 3.55271E-14-7.10543E-14 9.23706E-14
 -1       219 0.00000E+00 0.00000E+00 2.13163E-14
 -1       220-7.10543E-15-4.97380E-14-2.41585E-13
 -1       221-2.84217E-14-6.39488E-14 6.39488E-14
 -1       222 0.00000E+00 0.00000E+00-9.76996E-14
 -1       223-1.77636E-14-3.37508E-14-5.32907E-14
 -1       224-1.77636E-14-5.68434E-14-4.61853E-14
 -1       225 0.00000E+00 0.00000E+00 1.77636E-14
 -1       226 2.13163E-14-1.95399E-14 1.35003E-13
 -1       227 2.84217E-14-7.10543E-14 2.84217E-14
 -1       251 0.00000E+00 0.00000E+00 1.24567E-13
 -1       253 0.00000E+00-0.00000E+00-1.24567E-13
 -1       254 2.35294E+02 2.27322E+01 1.17270E+03
 -1       256-2.35294E+02-2.27322E+01 1.17270E+03
 -1       257 2.91262E+02 3.06284E+01 3.82236E+03
 -1       259-2.91262E+02-3.06284E+01 3.82236E+03
 -1       260 0.00000E+00 0.00000E+00-4.35207E-14
 -1       262 0.00000E+00-0.00000E+00 4.35207E-14
 -1       263 2.45314E+02-1.95257E-11 1.27671E+03
 -1       265-2.45314E+02 1.83320E-11 1.27671E+03
 -1       266 2.94430E+02-3.90514E-11 3.98284E+03
 -1       268-2.94430E+02 5.40297E-11 3.98284E+03
 -1       269 0.00000E+00 0.00000E+00-5.70211E-13
 -1       271 0.00000E+00-0.00000E+00 5.70211E-13
 -1       272 2.35294E+02-2.27322E+01 1.17270E+03
 -1       274-2.35294E+02 2.27322E+01 1.17270E+03
 -1       275 2.91262E+02-3.06284E+01 3.82236E+03
 -1       277-2.91262E+02 3.06284E+01 3.82236E+03
 -1       278 0.00000E+00 0.00000E+00 1.59872E-14
 -1       279 0.00000E+00 0.00000E+00 0.00000E+00
 -1       280 0.00000E+00-0.00000E+00-1.59872E-14
 -1       281-1.70530E-13-4.26326E-14-2.84217E-13
 -1       282-2.84217E-14-4.26326E-14-4.54747E-13
 -1       283 5.68434E-14-1.27898E-13-7.95808E-13
 -1       284 0.00000E+00-5.68434E-14-1.02318E-12
 -1       285-1.42109E-14-1.13687E-13-2.27374E-13
 -1       286-1.27898E-13-7.10543E-14 2.27374E-13
 -1       287 0.00000E+00 0.00000E+00-1.79856E-14
 -1       288 0.00000E+00 0.00000E+00 0.00000E+00
 -1       289 0.00000E+00-0.00000E+00 1.79856E-14
 -1       290 9.05942E-14-8.52651E-14 7.10543E-14
 -1       291 8.88178E-15-1.98952E-13-5.68434E-14
 -1       292-6.39488E-14-2.70006E-13-1.42109E-14
 -1       293-3.41061E-13-2.84217E-14-5.68434E-13
 -1       294-7.10543E-14-5.68434E-14 1.13687E-13
 -1       295 5.68434E-14 7.10543E-14 2.84217E-13
 -1       296 0.00000E+00 0.00000E+00-7.10543E-15
 -1       297 0.00000E+00 0.00000E+00 0.00000E+00
 -1       298 0.00000E+00-0.00000E+00 7.10543E-15
 -1       299 1.70530E-13 1.42109E-14 4.54747E-13
 -1       300 1.13687E-13-7.10543E-14 5.68434E-13
 -1       301 2.84217E-14-1.98952E-13 7.10543E-13
 -1       302 2.10498E-13-3.12639E-13 1.81899E-12
 -1       303 5.68434E-14-5.40012E-13 1.36424E-12
 -1       304 0.00000E+00-8.24230E-13 2.50111E-12
 -1       305 1.77636E-15 1.42109E-14-8.52651E-14
 -1       307-2.84217E-14-8.52651E-14-5.68434E-14
 -1       308-1.56319E-13 1.42109E-14-2.27374E-13
 -1       310 7.10543E-15-7.81597E-14-4.54747E-13
 -1       311-1.06581E-14 0.00000E+00-5.68434E-14
 -1       313-8.34888E-14-4.52971E-14-2.84217E-14
 -1       314 8.88178E-16-1.75415E-14-5.68434E-14
 -1       316-2.84217E-14-3.10862E-15 1.42109E-14
 -1       317 4.26326E-14-8.52651E-14-1.25056E-12
 -1       319-2.84217E-14-1.98952E-13-6.82121E-13
 -1       320-5.68434E-14-1.13687E-13-1.84741E-13
 -1       322-1.42109E-13-1.42109E-13-6.82121E-13
 -1       323 4.26326E-14-1.42109E-13-8.56204E-13
 -1       325 3.19744E-14-6.82121E-13 2.95985E-13
 -1       326 3.90799E-14 0.00000E+00 2.41585E-13
 -1       328-4.26326E-14-1.56319E-13 1.98952E-13
 -1       329 1.77636E-13-6.75016E-14 0.00000E+00
 -1       331-1.42109E-14-1.06581E-13 9.94760E-14
 -1       332 3.55271E-14 4.79616E-14 2.13163E-14
 -1       334 4.26326E-14-1.06581E-14 1.42109E-14
 -1       335 0.00000E+00-2.84217E-13 6.82121E-13
 -1       337-1.42109E-13-3.69482E-13 5.68434E-13
 -1       338 1.13687E-13-2.55795E-13 1.02318E-12
 -1       340 0.00000E+00-5.40012E-13 1.59162E-12
 -1       341 0.00000E+00 0.00000E+00-2.77556E-17
 -1       343 0.00000E+00-0.00000E+00 2.77556E-17
 -1       344 0.00000E+00 0.00000E+00-8.32667E-17
 -1       346 0.00000E+00-0.00000E+00 8.32667E-17
 -1       347-8.88178E-16-8.27116E-15-5.48450E-14
 -1       349 0.00000E+00 9.10383E-15-1.93179E-14
 -1       350 0.00000E+00 0.00000E+00-8.88178E-16
 -1       351 0.00000E+00 0.00000E+00 0.00000E+00
 -1       352 0.00000E+00-0.00000E+00 8.88178E-16
 -1       353 0.00000E+00 0.00000E+00 3.60822E-15
 -1       354 0.00000E+00 0.00000E+00 0.00000E+00
 -1       355 0.00000E+00-0.00000E+00-3.60822E-15
 -1       356 1.42109E-14-3.19744E-14-2.27374E-13
 -1       357 1.42109E-14 7.10543E-15-9.09495E-13
 -1       358 0.00000E+00 1.42109E-13-6.82121E-13
 -1       359 2.66454E-15-5.32907E-14-8.88178E-15
 -1       361-8.88178E-15 1.13687E-13 1.77636E-15
 -1       362-3.55271E-15-6.21725E-14-2.84217E-13
 -1       364 7.10543E-15 8.52651E-14-2.84217E-14
 -1       365 0.00000E+00-3.90799E-14-5.68434E-14
 -1       367 7.10543E-15 2.84217E-14-1.42109E-13
 -1       368-4.49640E-15-1.11022E-14-2.66454E-15
 -1       369 4.49640E-15-2.66454E-15 2.66454E-15
 -1       370-8.96499E-15 1.37668E-14-8.88178E-15
 -1       371 2.91377E-32-3.99680E-14 8.88178E-15
 -1       376 1.35003E-13-5.11591E-13 7.67386E-13
 -1       377 4.54747E-13-4.83169E-13 6.82121E-13
 -1       378-8.08242E-14-4.26326E-13 6.25278E-13
 -1       379-4.83169E-13-3.12639E-13 8.52651E-13
 -1       384 1.77636E-13-1.59162E-12 2.33058E-12
 -1       385 5.68434E-13-8.52651E-13 2.04636E-12
 -1       386-2.70006E-13-1.08002E-12 2.78533E-12
 -1       387-5.62217E-13-1.36424E-12 2.04636E-12
 -1       392-2.48690E-14-2.18847E-12 4.49063E-12
 -1       393 5.68434E-13-2.33058E-12 4.15668E-12
 -1       394-5.11591E-13-2.07478E-12 4.46931E-12
 -1       395-6.53699E-13-2.57216E-12 3.29692E-12
 -1       400 3.16192E-13-1.59162E-12 1.36424E-12
 -1       401 3.69482E-13-2.16005E-12 6.93490E-12
 -1       402-3.55271E-13-2.61480E-12 5.91172E-12
 -1       403-6.25278E-13-2.95586E-12 6.70752E-12
 -1       408 3.73035E-14 4.39648E-14 7.94920E-14
 -1       409-3.73035E-14-1.14131E-13-5.99520E-14
 -1       410 7.44028E-14 7.01661E-14 6.75016E-14
 -1       411 9.34355E-25-1.25233E-13-8.70415E-14
 -1       412 0.00000E+00 2.75335E-14 9.76996E-15
 -1       413-1.86517E-14-2.19824E-14 3.77476E-15
 -1       414 0.00000E+00-2.75335E-14-9.76996E-15
 -1       415 1.86517E-14 2.19824E-14-3.77476E-15
 -1       416 2.90612E-12 1.81188E-12 5.87619E-12
 -1       417 1.72662E-12 1.49925E-12 5.77138E-12
 -1       418-2.73559E-12 1.82965E-12 5.79981E-12
 -1       419-1.55609E-12 1.44240E-12 5.74829E-12
 -1       424 5.32907E-12 5.79092E-12 2.20552E-11
 -1       425 3.16902E-12 5.81224E-12 2.18501E-11
 -1       426-5.05196E-12 5.79803E-12 2.21521E-11
 -1       427-2.99849E-12 5.72697E-12 2.20410E-11
 -1       428 4.14246E-12 6.46772E-12 2.17248E-11
 -1       429-8.24230E-13 6.56364E-12 2.13198E-11
 -1       430-4.06430E-12 6.16218E-12 2.19158E-11
 -1       431 1.09424E-12 5.45930E-12 2.20126E-11
 -1       432 6.05382E-12 1.18092E-11 4.44587E-11
 -1       433 3.63798E-12 1.19584E-11 4.42881E-11
 -1       434-6.01119E-12 1.24913E-11 4.41212E-11
 -1       435-3.43903E-12 1.14611E-11 4.43396E-11
 -1       440 6.30962E-12 1.89146E-11 6.63132E-11
 -1       441 3.66640E-12 1.87725E-11 6.85922E-11
 -1       442-6.40910E-12 1.85807E-11 6.91269E-11
 -1       443-3.70903E-12-4.91955E-11 6.87734E-11
 -1       444 5.05906E-12 1.53619E-11 6.86846E-11
 -1       445-1.37845E-12 1.68541E-11 6.86189E-11
 -1       446-4.93117E-12 1.81188E-11 6.96261E-11
 -1       447 1.25056E-12 1.83391E-11 6.85318E-11
 -1       448-4.06342E-14-2.27596E-15 3.61933E-14
 -1       449 7.10543E-14 2.66454E-15 2.84217E-14
 -1       450 1.22125E-14-3.88578E-16 2.06501E-14
 -1       451-4.26326E-14-6.43273E-14-8.52651E-14
 -1       457 7.10543E-15 1.66533E-15-1.77636E-15
 -1       458 1.42109E-14-2.10942E-15-1.42109E-14
 -1       459 0.00000E+00 4.44089E-16 5.32907E-15
 -1       460-2.13163E-14-1.13504E-14 1.06581E-14
 -1       466 1.42109E-14-3.55271E-15 7.81597E-14
 -1       467-6.39488E-14 0.00000E+00-8.52651E-14
 -1       468-7.10543E-15 3.55271E-15-7.10543E-15
 -1       469 2.84217E-14-7.44274E-14 7.10543E-14
 -1       475-2.13163E-14 1.33227E-15 3.19744E-14
 -1       476-1.42109E-14-8.88178E-16 3.19744E-14
 -1       477 7.10543E-15-4.44089E-16 0.00000E+00
 -1       478 0.00000E+00-1.45777E-14-7.10543E-15
 -3
    1PSTEP                        36           1           2          
    1PGM                1.000000E+00                                  
    1PGK                3.164386E+09                                  
    1PHID                         -1                                  
    1PSUBC                         0                                  
    1PMODE                         8                                  
  100CL  109 8952.923308         328                     2    9MODAL      1
 -4  STRESS      6    1
 -5  SXX         1    4    1    1
 -5  SYY         1    4    2    2
 -5  SZZ         1    4    3    3
 -5  SXY         1    4    1    2
 -5  SYZ         1    4    2    3
 -5  SZX         1    4    3    1
 -1         1 3.11781E-15 2.17356E-15 1.58741E-15-1.36360E-15-1.91300E-16 7.65200E-16
 -1         2 2.86950E-16 6.69550E-16 2.86950E-16-7.65200E-16 2.86945E-11-1.14778E-10
 -1         3-2.23859E-15-1.22037E-16-7.08187E-16-9.81000E-16-1.91300E-16 7.65200E-16
 -1         4 2.07595E-15 1.10108E-15 7.38798E-16-7.80513E-16-3.46024E-17 6.24817E-16
 -1         5 1.07605E-11 2.51080E-11 1.07604E-11-3.82600E-16-7.17368E-12 3.82600E-16
 -1         6-2.02710E-15-6.57372E-16-1.01965E-15-3.91788E-16-3.46024E-17 5.47484E-16
 -1         7-3.04884E-16-4.96184E-16-5.20097E-16 1.43473E-11 1.72983E-16-1.43473E-11
 -1         8 4.57319E-11 7.44264E-11 7.80132E-11-2.42338E-27-2.86945E-11-8.07794E-28
 -1         9-3.04884E-16-4.96184E-16-5.20097E-16-1.43473E-11 1.72983E-16 1.43473E-11
 -1        10-4.01724E-10-1.72167E-10-1.72168E-10 2.86938E-11-1.46538E-16-3.88725E-16
 -1        11-2.15212E-11-7.89102E-11 7.17296E-12 1.14778E-10-9.56500E-17-1.61559E-26
 -1        12 4.01723E-10 1.72167E-10 1.72166E-10-2.86953E-11-1.46538E-16 3.88725E-16
 -1        13 1.08572E-15 4.38553E-16-1.35347E-16-5.14884E-16 2.13828E-16-1.60644E-16
 -1        14 2.15208E-11-7.17375E-12 7.89098E-11 5.73890E-11 8.96847E-13 1.04761E-27
 -1        15-1.59248E-15-7.09247E-16-1.28315E-15-2.50316E-16 2.13828E-16 1.60644E-16
 -1        16-4.77778E-16-6.24316E-16-9.68279E-16-4.78250E-17 5.48750E-16 1.79326E-12
 -1        17-1.07608E-11-1.07609E-11-2.51084E-11 3.53410E-28-5.37989E-12-3.53410E-28
 -1        18-4.77778E-16-6.24316E-16-9.68279E-16 4.78250E-17 5.48750E-16-1.79326E-12
 -1        19 1.95164E-15 1.00739E-15-1.13366E-15-1.36360E-15-3.23117E-27 2.86934E-11
 -1        20 4.30415E-11 4.30419E-11 1.00430E-10-7.65200E-16-9.59255E-28 1.14778E-10
 -1        21-3.40476E-15-1.28821E-15-3.42926E-15-9.81000E-16 2.42338E-27-2.86949E-11
 -1        22 1.71117E-15 8.31945E-16-2.08013E-16-7.32688E-16 3.28679E-16 5.73885E-11
 -1        23 8.60837E-11 8.60839E-11 2.00862E-10-3.82600E-16-2.86944E-11-3.82600E-16
 -1        24-2.39188E-15-9.26506E-16-1.96646E-15-4.39613E-16 3.28679E-16-5.73896E-11
 -1        25-5.74341E-16-5.74341E-16-1.34013E-15 0.00000E+00 5.55583E-16-2.86949E-11
 -1        26-4.57325E-11-4.57325E-11-1.06709E-10 0.00000E+00-8.60836E-11-4.84676E-27
 -1        27-5.74341E-16-5.74341E-16-1.34013E-15 0.00000E+00 5.55583E-16 2.86949E-11
 -1        30 2.96272E-09 1.26973E-09 1.26973E-09-1.19555E-10-3.99276E-15-5.76300E-10
 -1        31-2.46057E-09-1.05453E-09-1.05454E-09-2.05649E-10 2.35446E-16 1.11669E-09
 -1        32-5.23688E-10-9.32634E-11 2.12809E-10-2.05649E-10 2.35446E-16 1.48494E-09
 -1        33 4.80641E-10 3.37163E-10 6.43236E-10-1.19555E-10-3.99276E-15-4.94995E-10
 -1        34-1.93681E-10-5.02141E-11 2.63044E-11 1.05218E-10 1.24341E-10-4.99777E-10
 -1        35 8.10611E-10 3.80197E-10 4.56715E-10-2.67814E-10 1.24345E-10 1.19320E-09
 -1        36-7.24537E-10-2.94121E-10-2.55862E-10-2.67815E-10 1.53040E-10 5.66718E-10
 -1        37 2.79766E-10 1.36295E-10 1.74553E-10 1.05218E-10 1.53036E-10 4.23227E-10
 -1        38 2.51074E-10 1.07601E-10 1.07596E-10-1.62602E-10-1.87866E-15 2.70196E-10
 -1        39-1.49213E-09-5.73898E-10-4.20864E-10-2.05649E-10 2.35446E-16 1.30082E-09
 -1        40-2.15231E-11 1.21950E-10 4.28023E-10-1.62602E-10-1.87866E-15 4.94974E-10
 -1        41 1.72168E-09 8.03449E-10 9.56482E-10-1.19555E-10-3.99276E-15-5.35648E-10
 -1        42 3.08465E-10 1.64991E-10 2.41510E-10-8.12982E-11 1.24343E-10 3.46714E-10
 -1        43 4.30372E-11 4.30379E-11 1.00427E-10-2.67814E-10 1.38693E-10 8.79961E-10
 -1        44-2.22385E-10-7.89131E-11-4.06543E-11-8.12982E-11 1.53038E-10 4.94972E-10
 -1        45 4.30429E-11 4.30403E-11 1.00429E-10 1.05218E-10 1.38688E-10-3.82750E-11
 -1        46 1.35583E-09 5.81066E-10 5.81061E-10-7.16846E-12 7.65155E-11-5.76298E-10
 -1        47-8.53678E-10-3.65864E-10-3.65869E-10-2.36732E-10 7.65197E-11 1.11669E-09
 -1        48-5.23681E-10-9.32606E-11 2.12812E-10-2.36732E-10 7.65197E-11 1.02583E-09
 -1        49 4.80635E-10 3.37160E-10 6.43233E-10-7.16846E-12 7.65155E-11-3.58836E-11
 -1        50-5.02110E-11 2.08037E-10 2.46300E-10-1.67382E-10-9.56518E-11 3.58508E-11
 -1        51 9.54093E-10 6.38453E-10 6.76716E-10-1.38684E-10-9.56475E-11 8.10613E-10
 -1        52-8.39315E-10-2.94120E-10-6.38455E-10-4.83018E-10-3.82579E-11 1.25538E-09
 -1        53 1.64989E-10 1.36296E-10-2.08039E-10 1.76951E-10-3.82621E-11-2.65440E-10
 -1        54 4.51941E-10 4.23245E-10 4.61508E-10-1.53033E-10-9.56496E-11 4.23232E-10
 -1        55 5.73891E-11 1.72166E-10 1.91307E-11-3.10851E-10-6.69527E-11 1.03300E-09
 -1        56-3.37163E-10-7.89124E-11-4.23247E-10-1.53033E-10-3.82600E-11 4.94971E-10
 -1        57 5.73891E-11 1.72166E-10 1.91307E-11 4.78448E-12-6.69569E-11-1.14794E-10
 -1        58-9.32532E-11 1.07605E-10 2.03258E-10-3.10825E-11-2.37818E-15-1.93704E-10
 -1        59 9.11051E-10 5.38021E-10 6.33674E-10-2.03249E-10 1.85003E-15 1.04017E-09
 -1        60-8.82357E-10-3.94552E-10-6.81497E-10-3.75417E-10 5.73915E-11 9.11049E-10
 -1        61 1.21947E-10 3.58638E-11-2.51081E-10 1.41085E-10 5.73873E-11 7.88935E-11
 -1        63 0.00000E+00 0.00000E+00 0.00000E+00 0.00000E+00 0.00000E+00 0.00000E+00
 -1        64 0.00000E+00 0.00000E+00 0.00000E+00 0.00000E+00 0.00000E+00 0.00000E+00
 -1        65 0.00000E+00 0.00000E+00 0.00000E+00 0.00000E+00 0.00000E+00 0.00000E+00
 -1        66 0.00000E+00 0.00000E+00 0.00000E+00 0.00000E+00 0.00000E+00 0.00000E+00
 -1        67 2.69016E-11 2.69016E-11 6.27704E-11-3.91130E-16 9.56499E-11 7.33369E-17
 -1        68 3.63507E-26 1.04205E-25 1.45403E-26-3.91130E-16 1.91300E-10 7.33369E-17
 -1        69-3.79663E-26-4.84676E-26-7.75482E-26-3.91130E-16 9.56499E-11 7.33369E-17
 -1        70-2.69016E-11-2.69016E-11-6.27704E-11 1.43475E-10-3.13852E-10-2.69015E-11
 -1        71 1.34508E-11 1.34508E-11 3.13852E-11-3.91130E-16 1.43475E-10 7.33369E-17
 -1        72-8.07794E-28 2.78689E-26-3.15039E-26-3.91130E-16 1.43475E-10 7.33369E-17
 -1        73 1.34508E-11 1.34508E-11 3.13852E-11-3.91130E-16 9.56499E-11 7.33369E-17
 -1        74-7.43170E-26-8.56261E-26-1.74483E-25 7.17372E-11-1.09101E-10-1.34507E-11
 -1        75-1.34508E-11-1.34508E-11-3.13852E-11 7.17372E-11-6.12760E-11-1.34507E-11
 -1        76-1.34508E-11-1.34508E-11-3.13852E-11 7.17372E-11-1.09101E-10-1.34507E-11
 -1        77-1.41071E-10-2.32408E-10-1.58673E-10-9.13294E-12 5.92111E-11 1.51459E-10
 -1        78-8.09452E-10-1.43549E-09-7.20112E-10-6.26056E-11 3.24908E-11 1.98246E-10
 -1        79-1.41071E-10-2.32408E-10-1.58673E-10-9.13294E-12 5.92111E-11 1.51459E-10
 -1        80-8.09452E-10-1.43549E-09-7.20112E-10-6.26056E-11 3.24908E-11 1.98246E-10
 -1        81-1.41071E-10-2.32408E-10-1.58673E-10-9.13294E-12 5.92111E-11 1.51459E-10
 -1        82-8.09452E-10-1.43549E-09-7.20112E-10-6.26056E-11 3.24908E-11 1.98246E-10
 -1        83-2.99499E-10-1.48852E-10-6.62968E-10 7.53253E-11 4.32392E-11 1.68647E-10
 -1        84 1.66789E-10 3.17438E-10 4.25042E-10 7.53241E-11 4.41784E-10 8.89415E-11
 -1        85-1.25565E-11 1.38094E-10 6.57517E-12 7.53235E-11 2.66426E-10 1.20827E-10
 -1        86 9.37968E-10 7.29929E-10 1.33970E-09 3.26406E-10-5.72505E-10-5.66659E-10
 -1        87-3.53306E-10-1.30920E-10-8.60250E-10 3.94555E-11 1.73383E-11 4.70948E-11
 -1        88-8.19600E-10-3.10264E-10-3.70045E-10-1.04020E-10 1.05017E-10 5.33316E-10
 -1        89-6.63550E-11 8.42929E-11-1.18963E-10 7.53247E-11 2.42511E-10 1.28794E-10
 -1        90 7.71164E-11 2.27766E-10 2.15809E-10 7.53238E-11 3.54105E-10 1.04884E-10
 -1        91-1.56028E-10-5.37936E-12-3.28196E-10 7.53244E-11 1.54832E-10 1.44737E-10
 -1        92 2.92331E-10 2.99505E-10 2.39723E-10 1.82931E-10-2.77584E-10-2.59782E-10
 -1        93-5.86453E-10-2.20592E-10-6.15148E-10-3.22820E-11 6.11775E-11 2.90205E-10
 -1        94 5.91838E-11 2.09832E-10 4.84826E-10 1.11193E-10-2.33744E-10-1.66717E-11
 -1        95 3.19234E-10 2.90538E-10 3.38364E-10 2.00866E-10-2.64633E-10-1.99006E-10
 -1        96-9.32582E-11 9.32593E-11-2.17604E-10 5.73898E-11 2.29561E-10 6.80181E-11
 -1        97-4.16079E-10-8.60853E-11-1.81735E-10-1.43480E-11 1.85721E-10 3.27071E-10
 -1       151 0.00000E+00 0.00000E+00 0.00000E+00 0.00000E+00 0.00000E+00 0.00000E+00
 -1       152 0.00000E+00 0.00000E+00 0.00000E+00 0.00000E+00 0.00000E+00 0.00000E+00
 -1       154 0.00000E+00 0.00000E+00 0.00000E+00 0.00000E+00 0.00000E+00 0.00000E+00
 -1       155 0.00000E+00 0.00000E+00 0.00000E+00 0.00000E+00 0.00000E+00 0.00000E+00
 -1       156-2.58245E-10-2.58248E-10-6.02579E-10 2.93075E-16-2.99200E-16-1.72165E-10
 -1       157-4.34546E-15-2.15535E-15-1.30463E-15 9.54998E-16 1.43473E-11-1.72166E-10
 -1       158 3.44320E-10 3.44326E-10 8.03438E-10 1.87772E-15 5.02151E-11 5.55976E-11
 -1       159-3.01284E-10-3.01288E-10-7.03010E-10 2.89069E-16-2.86956E-11-1.86511E-10
 -1       160-1.85788E-15-1.15679E-15-2.25382E-15 9.91647E-16 5.73881E-11-2.86944E-10
 -1       161 1.72155E-10 1.72161E-10 4.01713E-10 1.99637E-15 5.73881E-11-8.60816E-11
 -1       162-8.60706E-11-8.60768E-11-2.00852E-10-4.78250E-16 5.73877E-11-5.73848E-11
 -1       163 6.47199E-16 5.90775E-16-7.23825E-16 7.10248E-16-2.47889E-15-3.73027E-10
 -1       164 4.73451E-10 4.73458E-10 1.10473E-09 2.24224E-15-2.30785E-15-2.90529E-10
 -1       165-3.01289E-10-3.58680E-10-6.45622E-10 1.91300E-16-2.86950E-11 3.98290E-15
 -1       166 4.63147E-10 3.21468E-10 2.35385E-10-8.96702E-11 1.43470E-11 2.86972E-11
 -1       167 1.15226E-09 7.11082E-10 1.15585E-09-1.05810E-10-6.45637E-11 2.85156E-10
 -1       168-6.09754E-10-3.51505E-10-8.10616E-10 1.43473E-10 2.86939E-11 1.43520E-11
 -1       169 1.64993E-10 5.02146E-11 6.45609E-11-5.73886E-11 5.73883E-11-1.29123E-10
 -1       170 8.37515E-10 3.85579E-10 6.65346E-10-1.73063E-10 1.00430E-10 2.86982E-11
 -1       171-1.06169E-09-2.58246E-10-5.45190E-10 7.17363E-11 2.00861E-10 5.32200E-15
 -1       172-4.94086E-10-3.75720E-10-2.60943E-10-1.14778E-10-1.86824E-15-1.86511E-10
 -1       173 6.76109E-10 3.96341E-10 1.14240E-09-2.04448E-10 2.00861E-10 2.51129E-11
 -1       174 4.30484E-11-1.43425E-11 1.57825E-10-1.65668E-15 2.86966E-11-1.14779E-10
 -1       175 4.63142E-10 3.21466E-10 2.35382E-10-8.96717E-11-1.43450E-11-2.00863E-10
 -1       176 8.07912E-10 3.66743E-10 3.52395E-10-1.05813E-10-2.22381E-10-5.55961E-11
 -1       177-4.37580E-10-1.79335E-10-4.08891E-10 1.43475E-10 1.14779E-10 4.30426E-11
 -1       178 1.64989E-10 5.02139E-11 6.45627E-11-5.73880E-11-1.14778E-10 1.00431E-10
 -1       179 8.37501E-10 3.85573E-10 6.65346E-10-1.73063E-10-1.43463E-11-2.86948E-11
 -1       180-1.40602E-09-6.02582E-10-1.34864E-09 7.17410E-11 1.00431E-10-2.86948E-10
 -1       181-4.08004E-10-2.89638E-10-6.00777E-11-1.14775E-10 2.51077E-11-1.29128E-10
 -1       182-1.25758E-11-2.92337E-10-4.64506E-10-2.04445E-10 2.00863E-10 3.76615E-10
 -1       183-3.58677E-10-1.86512E-10-1.43435E-11 5.73884E-11-1.14777E-10-1.72168E-10
 -1       184 3.15633E-10-2.86985E-11 8.60795E-11 1.72168E-10-1.43450E-11-2.29557E-10
 -1       185 1.29124E-09 7.17355E-10 6.02576E-10-5.73891E-11-1.07602E-10-5.55956E-11
 -1       186-1.61394E-10-2.04443E-10-3.33567E-10-5.73882E-11-5.73890E-11 1.29127E-10
 -1       187 2.19690E-10 1.30022E-10 1.04915E-10-7.17352E-11-8.60834E-11 2.00863E-10
 -1       188 6.16913E-10 4.44758E-10 6.16925E-10 5.73917E-11-8.60830E-11 8.60837E-11
 -1       189-1.45624E-09-9.11048E-10-1.45624E-09-4.66262E-11-1.00432E-10 5.73884E-11
 -1       190 5.11123E-10 5.03950E-10 4.53737E-10-3.51507E-10 8.24963E-11-5.73908E-11
 -1       191 1.39167E-09 4.73454E-10 1.86506E-10-2.51036E-11-5.73894E-11 1.75753E-10
 -1       192 7.12193E-16 1.90899E-15-1.08678E-15-4.96625E-16-4.27362E-16 1.14778E-10
 -1       193 4.30423E-11 4.30449E-11 1.00431E-10-4.27362E-16 5.73892E-11-9.85006E-16
 -1       194-3.87782E-16 3.48722E-15 3.00143E-16-7.65200E-16 5.73893E-11-8.66975E-16
 -1       195 8.60843E-11 8.60844E-11 2.00861E-10-2.85064E-17-2.86949E-11-2.58444E-16
 -1       196 2.15205E-11 2.15214E-11 5.02145E-11 2.99171E-16-1.01775E-16 5.73888E-11
 -1       197-2.15221E-11-2.15202E-11-5.02162E-11 4.67825E-16-5.73894E-11 1.14778E-10
 -1       198 8.60808E-11 8.60814E-11 2.00859E-10 4.39613E-16 3.37838E-16 3.31712E-16
 -1       199-3.42923E-15-3.16007E-15-3.29436E-15 1.22925E-15 4.61994E-16-1.43477E-11
 -1       200-2.95284E-15-2.40226E-15-1.73884E-15 2.10795E-15 4.33488E-16-3.58778E-12
 -1       201-4.44767E-10-2.72598E-10-2.15211E-10-5.73896E-11 5.73890E-11 1.43472E-10
 -1       202-2.43905E-10-2.43903E-10-7.17373E-11 8.60837E-11 4.30419E-11-1.11223E-15
 -1       203-1.72168E-10-4.01723E-10-1.72168E-10 1.14778E-10 4.30419E-11-2.86957E-11
 -1       204 2.86946E-10 1.72168E-10 2.86945E-10-2.86947E-11-1.97425E-16-4.30424E-11
 -1       205 1.79341E-10 7.17368E-12 9.32563E-11-2.15208E-11-1.43474E-11 2.15204E-11
 -1       206 1.36299E-10-3.58679E-11-7.17425E-12-5.91824E-11-5.73894E-11 8.60834E-11
 -1       207 7.89078E-11 1.64992E-10 2.22380E-10 2.86950E-16 2.86950E-16-5.73892E-11
 -1       208-6.27946E-12-2.69245E-12-2.69289E-12-7.17358E-11-1.43469E-11-4.30425E-11
 -1       209 1.23744E-10 2.17002E-10 1.02223E-10-1.18364E-10 1.43477E-11-3.58788E-12
 -1       210-9.39657E-10-2.14536E-11 8.68221E-10-4.59108E-10-7.03028E-10 8.67120E-10
 -1       211-6.42978E-09-4.13423E-09-1.53089E-08 2.86952E-10 6.96753E-10 9.68439E-10
 -1       212 5.16586E-10 1.43479E-09 2.87154E-10 4.59119E-10-1.26257E-09 3.81086E-10
 -1       213-1.57766E-10-7.31666E-10-2.28110E-09 4.59120E-10 7.88858E-11 2.61120E-09
 -1       214-3.11333E-09-3.45766E-09-8.90958E-09 5.73955E-11-7.70734E-10-1.72176E-10
 -1       215-6.88613E-10-1.26251E-09-2.52498E-09-4.01719E-10-2.86967E-10-2.55383E-09
 -1       216 7.46097E-10 5.16549E-10 9.75708E-10-3.44335E-10 8.60806E-10 1.17644E-09
 -1       217 1.21956E-09-9.61220E-10 2.53956E-09-7.46056E-10-5.45231E-10 9.46920E-10
 -1       218-9.75575E-10-3.27112E-09-3.95975E-09-6.88663E-10 1.49209E-09 1.43504E-10
 -1       219 2.65510E-10 4.95040E-10 1.38472E-09-8.03451E-10-1.92255E-09-4.24682E-09
 -1       220-7.41975E-09-6.44416E-09-1.62989E-08-6.88670E-10 2.69731E-09 6.88665E-10
 -1       221-1.20510E-09-2.86902E-10-7.45860E-10-5.73867E-11-1.89385E-09 4.93548E-09
 -1       222-2.16639E-09-1.59250E-09-3.14193E-09-5.45196E-10-2.87094E-11 7.17344E-10
 -1       223-4.13916E-09-3.36441E-09-9.18936E-09-2.29552E-10 2.03731E-09-1.57830E-10
 -1       224-1.20512E-09-1.31990E-09-2.69715E-09 8.60918E-11-7.46073E-10-6.31280E-10
 -1       225 1.54955E-09 8.60896E-10 1.32005E-09-3.15641E-10 1.86513E-09 1.89380E-09
 -1       226 2.56820E-09 2.56823E-09 4.00299E-09 5.73964E-11 3.07030E-09 3.15636E-10
 -1       227-1.49208E-09-2.18071E-09-3.78758E-09-8.60696E-11 1.20516E-09-1.83642E-09
 -1       251 3.72953E+06 1.25276E+06 6.67251E+04 1.19642E+05 3.08041E+05-1.42736E+05
 -1       253-3.72953E+06-1.25276E+06-6.67251E+04-1.19642E+05 3.08041E+05-1.42736E+05
 -1       254 2.15060E+06 3.78362E+05-3.96545E+04 1.33336E+05-1.16784E+05 1.68193E+05
 -1       256-2.15060E+06-3.78362E+05 3.96545E+04-1.33336E+05-1.16784E+05 1.68193E+05
 -1       257 7.23235E+05-1.88299E+05 5.53922E+03 5.82313E+04-1.09115E+04-5.57276E+04
 -1       259-7.23235E+05 1.88299E+05-5.53922E+03-5.82313E+04-1.09115E+04-5.57276E+04
 -1       260 3.93737E+06 1.35513E+06 1.69095E+05-1.01996E-07-3.50410E-08 4.04644E+05
 -1       262-3.93737E+06-1.35513E+06-1.69095E+05 9.87802E-08-2.79979E-08 4.04644E+05
 -1       263 2.18345E+06 3.94544E+05-2.34723E+04-2.78065E-07 4.24043E-08 6.31448E+04
 -1       265-2.18345E+06-3.94544E+05 2.34723E+04 2.81125E-07 2.30502E-08 6.31448E+04
 -1       266 5.81102E+05-2.58305E+05-6.44662E+04-2.79901E-07-7.18501E-08 7.47894E+04
 -1       268-5.81102E+05 2.58305E+05 6.44662E+04 2.88526E-07-3.32075E-08 7.47894E+04
 -1       269 3.72953E+06 1.25276E+06 6.67251E+04-1.19642E+05-3.08041E+05-1.42736E+05
 -1       271-3.72953E+06-1.25276E+06-6.67251E+04 1.19642E+05-3.08041E+05-1.42736E+05
 -1       272 2.15060E+06 3.78362E+05-3.96545E+04-1.33336E+05 1.16784E+05 1.68193E+05
 -1       274-2.15060E+06-3.78362E+05 3.96545E+04 1.33336E+05 1.16784E+05 1.68193E+05
 -1       275 7.23235E+05-1.88299E+05 5.53922E+03-5.82313E+04 1.09115E+04-5.57276E+04
 -1       277-7.23235E+05 1.88299E+05-5.53922E+03 5.82313E+04 1.09115E+04-5.57276E+04
 -1       278 1.33464E-09-1.27383E-09-2.21798E-09 5.42267E-10-1.35443E-09-5.51556E-10
 -1       279-1.39206E-09-2.16339E-09-3.41142E-09-3.64641E-10-4.48821E-10 1.79499E-09
 -1       280-5.29767E-09-3.63351E-09-5.18549E-09-1.72024E-09 4.56973E-10 3.24425E-09
 -1       281-4.25795E-09-2.27586E-09-1.40937E-08-1.97267E-09 1.57080E-09-5.56254E-10
 -1       282-2.16390E-08-2.01244E-08-4.95931E-08-2.00076E-09-1.94474E-09-1.94468E-09
 -1       283-3.87458E-08-3.58287E-08-8.42957E-08-1.42109E-09-3.66486E-09-4.23050E-09
 -1       284 8.90400E-08 8.99376E-08 1.94350E-07 1.27148E-09 9.64859E-09 1.05460E-08
 -1       285 5.48025E-08 5.36056E-08 1.23314E-07 8.22713E-10-2.01959E-09 8.30213E-09
 -1       286 2.02597E-08 1.80159E-08 5.24204E-08 1.12194E-09-1.45848E-08 5.16072E-09
 -1       287 4.12461E-10 3.19387E-09 3.70804E-09 8.13403E-10 8.83545E-10-1.28665E-09
 -1       288-1.84464E-09 9.34440E-10 2.21766E-09 9.02201E-10 4.11326E-10-1.49594E-09
 -1       289-3.91747E-09-1.23420E-09 8.17985E-10 1.21542E-09-6.07257E-11-8.07476E-10
 -1       290-1.66111E-08-2.01264E-08-4.19666E-08-2.61771E-10-4.11365E-09-1.15002E-08
 -1       291 3.39700E-10-3.60573E-09-7.04579E-09-4.04359E-09-2.16912E-09-5.51963E-09
 -1       292 1.60332E-08 1.26300E-08 2.73641E-08-7.33918E-09 2.99230E-10-8.85239E-10
 -1       293 7.07640E-08 8.01321E-08 1.81104E-07 2.13868E-09-3.96406E-09 2.73747E-08
 -1       294 3.23722E-08 3.63736E-08 8.23728E-08 7.37423E-09 4.48753E-09 1.60691E-08
 -1       295-9.95268E-09-1.05510E-08-1.87044E-08 1.37248E-08 1.80255E-08 1.17332E-09
 -1       296 9.96744E-09 2.26363E-09 5.03100E-09-2.24383E-09-6.55581E-10-2.28119E-09
 -1       297 4.97493E-09 1.64658E-09 3.17987E-09-2.05685E-09-3.74015E-10-2.09431E-09
 -1       298-6.07240E-10 7.39054E-10 1.03813E-09-2.09424E-09-9.22978E-11-1.75763E-09
 -1       299 4.89091E-09 6.89632E-09 1.78157E-08 1.18739E-09-8.97482E-10 3.72104E-09
 -1       300 9.42572E-09 9.71089E-09 2.42215E-08 7.47795E-11-5.23594E-10 1.72024E-09
 -1       301 1.40918E-08 1.12497E-08 3.02471E-08-1.38367E-09-8.97476E-10 3.90807E-09
 -1       302-1.18821E-07-1.20682E-07-2.54116E-07 2.05218E-09 8.97577E-10-1.06113E-09
 -1       303 3.46852E-08 3.05248E-08 6.92690E-08 7.33861E-10 1.19667E-09-4.74449E-12
 -1       304 1.88608E-07 1.78586E-07 3.91749E-07 5.98391E-10 1.25655E-08 9.27910E-09
 -1       305 7.71938E-09 1.06410E-08 1.99858E-08-1.50526E-09-2.08377E-09-8.78900E-10
 -1       307-3.26730E-09-9.67373E-10-1.13450E-08-1.14998E-09-5.09659E-09-6.39499E-09
 -1       308-7.15913E-09-1.00902E-08-2.16083E-08 7.42007E-11 5.60860E-10-9.30890E-10
 -1       310-1.11140E-08-1.36009E-08-2.40718E-08-4.95164E-09 5.60852E-10-1.71855E-09
 -1       311-5.56400E-09-6.70695E-09-1.39970E-08 3.27215E-10-1.09391E-09-1.68177E-09
 -1       313 8.21517E-09 8.24789E-09 1.93596E-08-1.19672E-09-2.43124E-10-1.85239E-09
 -1       314 1.65840E-09 2.65877E-09 6.39855E-09 9.89838E-10 2.00968E-10-2.03237E-09
 -1       316-1.28706E-10 1.77856E-09 5.51834E-09 3.24875E-10 5.58574E-10 1.15644E-10
 -1       317 5.82741E-08 5.60301E-08 1.13323E-07-1.02852E-10 3.87047E-09-1.64549E-09
 -1       319-6.29991E-09-9.89012E-09-1.36288E-09-3.92688E-10-7.86647E-09-5.98395E-10
 -1       320 8.23263E-09 1.37112E-08 3.21112E-08-1.19674E-09-5.08618E-09 1.70157E-08
 -1       322-7.23765E-08-6.84125E-08-1.40963E-07 7.81600E-09 6.28258E-09-7.30418E-09
 -1       323 6.55855E-08 6.83342E-08 1.48723E-07 3.62253E-10-1.58565E-08-1.40255E-10
 -1       325 4.32884E-08 4.13437E-08 8.47088E-08 1.34627E-09-2.91708E-09-2.21583E-09
 -1       326-1.05598E-08-9.90066E-09-2.36623E-08-1.29490E-09-2.09427E-09-2.07619E-09
 -1       328 8.89590E-09 9.55036E-09 1.70302E-08-4.10904E-09-2.99218E-10 1.09090E-09
 -1       329 4.77145E-09 5.08171E-10 6.71614E-09 1.65483E-09 2.60577E-10-1.86992E-09
 -1       331 5.11763E-09 2.75225E-09 1.15499E-08-8.69483E-10 7.59263E-11-2.09430E-09
 -1       332 1.22147E-09 4.17425E-10 4.34850E-11-5.89007E-10-1.48540E-09-1.88744E-09
 -1       334-5.44793E-09-2.86752E-09-3.24150E-09 1.02843E-10-1.59994E-09-1.88978E-09
 -1       335-6.84700E-08-6.91338E-08-1.28968E-07 3.42646E-09 7.70376E-09 7.36253E-09
 -1       337 3.72704E-08 2.93422E-08 8.96273E-08 5.01118E-09 1.20418E-08-4.53214E-09
 -1       338-5.24545E-08-5.24265E-08-1.08222E-07-1.07054E-09 4.65587E-09 2.38869E-09
 -1       340 1.10917E-07 1.10917E-07 2.26400E-07-1.40244E-09 6.96866E-09 8.23200E-09
 -1       341 5.57147E-10 5.03998E-10 1.18433E-09-3.39954E-12-6.82062E-11 7.60957E-12
 -1       343 6.67407E-10 7.27860E-10 1.29459E-09-4.95979E-13 4.77547E-11 7.97251E-12
 -1       344 6.67407E-10 7.27860E-10 1.29459E-09-4.95979E-13 4.77547E-11 7.97251E-12
 -1       346 5.57147E-10 5.03998E-10 1.18433E-09-3.39954E-12-6.82062E-11 7.60957E-12
 -1       347 5.57147E-10 5.03998E-10 1.18433E-09-3.39954E-12-6.82062E-11 7.60957E-12
 -1       349 6.67407E-10 7.27860E-10 1.29459E-09-4.95979E-13 4.77547E-11 7.97251E-12
 -1       350 5.95814E-10-8.40854E-10 2.26955E-09-9.78548E-10 7.93892E-10-1.72941E-10
 -1       351 6.04979E-10-2.08407E-10 2.48128E-09 5.79654E-10 1.03152E-09-7.53096E-11
 -1       352 6.14145E-10 4.24040E-10 2.69301E-09 2.13786E-09 1.26914E-09 2.23215E-11
 -1       353 1.25646E-08 1.23745E-08 2.60769E-08 7.82212E-10-1.65248E-09 2.48749E-10
 -1       354 1.18900E-08 1.03910E-08 2.51997E-08-4.56559E-10 1.49898E-09 1.11676E-10
 -1       355 1.12154E-08 8.40751E-09 2.43225E-08-1.69533E-09 4.65045E-09-2.53968E-11
 -1       356-9.83803E-08-9.79783E-08-1.99642E-07-1.99449E-10-3.55351E-09-3.13353E-09
 -1       357-4.26353E-09-2.81750E-09-9.85108E-09 3.45922E-10-7.44848E-10-8.70000E-10
 -1       358 8.98533E-08 9.23433E-08 1.79939E-07 8.91293E-10 2.06381E-09 1.39353E-09
 -1       359 6.58022E-09 5.76683E-09 1.41732E-08-9.81684E-11-4.29295E-10 3.79043E-11
 -1       361 5.91477E-09 4.41577E-09 1.35078E-08 2.21263E-10 2.95980E-09-1.53765E-12
 -1       362-4.29079E-08-4.28019E-08-8.67823E-08 2.91381E-10-2.60299E-09-1.44239E-09
 -1       364 5.05343E-08 5.03754E-08 1.02131E-07-4.02019E-10 3.35713E-09 6.84068E-10
 -1       365-4.88923E-08-4.94096E-08-9.86860E-08-5.88999E-10-1.37981E-09-1.65324E-09
 -1       367 4.52337E-08 4.63837E-08 9.13162E-08 1.51457E-09 1.66648E-09 7.07927E-10
 -1       368 1.38408E-08 1.25317E-08 3.99489E-09-3.17619E-09-4.19651E-09 3.16807E-09
 -1       369 3.99405E-08 1.02307E-08 6.28499E-09 4.82376E-10-3.12052E-09-1.20921E-09
 -1       370-6.29282E-09 5.05061E-09 3.54408E-09 3.37612E-10 2.18799E-09-2.60090E-09
 -1       371-4.37632E-08 2.47846E-09-3.61917E-09 2.73361E-09 1.11199E-09 5.62147E-09
 -1       376 3.13263E-08 3.14817E-08 3.41360E-08-6.41332E-09 1.12805E-08-2.85149E-09
 -1       377 2.89171E-08 7.69846E-09-3.56382E-09 5.02871E-09-7.04837E-09-8.57176E-10
 -1       378-3.19296E-08-4.94511E-08-3.37402E-08 7.76188E-09-1.58718E-08 9.93919E-09
 -1       379-2.49618E-08-2.37142E-08 5.91332E-09 4.39738E-09 2.45699E-09-8.95625E-09
 -1       384 5.11090E-08 1.81772E-07 1.76400E-08 3.09594E-09-2.27824E-09 3.03152E-09
 -1       385 1.83650E-07 2.96293E-07 3.06625E-07-2.40714E-09-4.94451E-08-8.94850E-09
 -1       386 8.91657E-08 1.45940E-07 2.18253E-07-7.15620E-09 3.90065E-08-9.22116E-10
 -1       387-1.31959E-08 4.43537E-08-5.77985E-08-1.42787E-08 8.61734E-08-1.55707E-08
 -1       392-1.66482E-07-2.24389E-07-3.62322E-07 4.76218E-08-6.39904E-08-6.47050E-08
 -1       393 3.83611E-08 4.65955E-08 9.67553E-08 2.93944E-08-2.18809E-08-6.56957E-09
 -1       394 1.15781E-07 2.23644E-07 1.61858E-07-1.07209E-08 1.21377E-07-4.02589E-08
 -1       395-1.06889E-07-5.49810E-08-3.04859E-07-1.45309E-08 7.92672E-08 2.09753E-08
 -1       400 5.59375E-07 3.92565E-07 1.40509E-06 2.30252E-08 3.29556E-07-1.69318E-07
 -1       401-1.83688E-07-1.96522E-07-3.31498E-07 1.68020E-08 3.93689E-07 3.89477E-08
 -1       402-3.03687E-08 8.07591E-08-1.97188E-07 1.13498E-08-9.08205E-08-2.14993E-08
 -1       403 6.37170E-07 6.37478E-07 1.50703E-06 8.84980E-09-1.54953E-07 2.45839E-08
 -1       408 3.40620E-07 1.55764E-07 1.13944E-07 1.53728E-08-4.69829E-09 1.65497E-08
 -1       409 1.83578E-07-6.78729E-09 7.98021E-08 2.48879E-09 3.62443E-09 1.98662E-08
 -1       410-3.06542E-07-7.74609E-08-8.84353E-08 3.91904E-08 2.73686E-08 3.46857E-08
 -1       411-1.78893E-07-4.31103E-08-1.01575E-07 7.47679E-10-2.14118E-08 1.65857E-08
 -1       412 2.56078E-07 7.19144E-08 9.42948E-08 1.86812E-08-5.59695E-09 1.15232E-08
 -1       413-6.03315E-08-5.60734E-08-8.15610E-09 3.00889E-08 1.54939E-08 1.62715E-08
 -1       414-2.42819E-07-6.03223E-08-9.50463E-08 2.64267E-08-2.08161E-09 1.97114E-08
 -1       415 6.92649E-08 3.69134E-08-3.11859E-09-7.95250E-10-1.30577E-08 1.59939E-08
 -1       416 4.13793E-07 4.27771E-07 2.10690E-07-1.96484E-08-1.13401E-07-1.68944E-08
 -1       417-1.94802E-07-5.84336E-07-5.13892E-07 1.76840E-08 1.77550E-07 6.45129E-09
 -1       418-1.71253E-07-7.22009E-08 2.19052E-07 9.58261E-09-6.24853E-08-1.65881E-08
 -1       419-3.26533E-08 2.55907E-07 5.50385E-08-1.30536E-08-1.65904E-08 8.52240E-09
 -1       424 4.85075E-07 8.16865E-07 3.57754E-07-3.83251E-08-1.92145E-07 1.59795E-08
 -1       425-5.02325E-07-9.92938E-07-9.57403E-07 4.53302E-08 3.00916E-07 6.37640E-08
 -1       426-5.48126E-09-1.45351E-07 5.90406E-07 4.17166E-08-1.78837E-07-2.15935E-08
 -1       427 1.09737E-07 4.41234E-07 1.92149E-07 5.41537E-07 4.22117E-08 4.09621E-08
 -1       428-9.28381E-10-8.15077E-08-2.85671E-07-2.51214E-08 3.28817E-08 5.52743E-08
 -1       429-1.24875E-07-2.69699E-07-5.49552E-08 4.40142E-08 8.89861E-09 1.91416E-08
 -1       430 6.24836E-08 1.55609E-07 4.06571E-07 5.61611E-07-8.98164E-08 2.05961E-08
 -1       431 4.24178E-07 9.27528E-07 4.02527E-07 5.36724E-07-1.27108E-07 3.64556E-08
 -1       432-3.92256E-07-1.30954E-06-1.35262E-07 1.11374E-08 5.48019E-06-7.13072E-08
 -1       433 4.84784E-07 1.40243E-06 1.43884E-07 1.99718E-08-3.04798E-07-6.49912E-09
 -1       434-7.94511E-06-1.86633E-05-7.63039E-06-1.56064E-08 1.17328E-07-3.83222E-08
 -1       435 8.03560E-06 1.91534E-05 7.73144E-06-1.08061E-06-5.32562E-06 7.69062E-09
 -1       440-9.24935E-07-3.19895E-06 1.09869E-07 5.65860E-08 5.89737E-06-1.28067E-07
 -1       441 1.59648E-06 3.83560E-06 1.53972E-06-5.50694E-09-8.18235E-07-7.32032E-10
 -1       442-7.81941E-06-1.84619E-05-7.56993E-06-7.24276E-08 3.83500E-07 4.54385E-08
 -1       443 2.42085E-05 5.67675E-05 2.39791E-05-3.20891E-06-1.60708E-05 3.07610E-08
 -1       444 2.78422E-07 2.55188E-07 6.71890E-07-4.14587E-08 5.52063E-06-3.62273E-08
 -1       445-7.39553E-06-1.72959E-05-7.29515E-06-7.72129E-08-3.16625E-07 2.94703E-08
 -1       446 8.13657E-06 1.90894E-05 8.05140E-06-1.10716E-06-4.86260E-06 5.65300E-08
 -1       447 7.36593E-06 1.68050E-05 7.76795E-06-1.02705E-06-5.18599E-06-3.21095E-08
 -1       448-3.16228E-09-2.11608E-09-2.92517E-09 2.20913E-09-1.76887E-09 1.76393E-09
 -1       449 7.86432E-10 1.55536E-09 2.12020E-09 1.29665E-09-9.87012E-10-1.36553E-09
 -1       450 4.09152E-09 6.65863E-09 5.43033E-09 3.54736E-10 1.06092E-09-8.13015E-10
 -1       451-5.60040E-10 2.71348E-09 2.58375E-10 1.23394E-09 2.39122E-10 2.12026E-09
 -1       457 9.85340E-10 4.90753E-10 1.00972E-09 2.52591E-10-9.81054E-13-1.26832E-11
 -1       458 5.48126E-11-6.24088E-11 3.80560E-10 4.32028E-11-1.82427E-10-3.10364E-10
 -1       459 5.00338E-10 9.63447E-10 7.08437E-10 3.05839E-10-6.09595E-11 4.50715E-11
 -1       460 1.31006E-09 1.45711E-09 1.27809E-09 5.16920E-10 1.18455E-10 3.79535E-10
 -1       466 8.90155E-10-5.94554E-10-2.15877E-09 2.73930E-10-3.00476E-09 6.16615E-10
 -1       467-1.42272E-09-3.40694E-10-1.20813E-09-8.59113E-10-2.03909E-09-9.21550E-10
 -1       468 2.43969E-09 5.89410E-09 2.65932E-09 5.00064E-11-5.20027E-10-3.69038E-10
 -1       469 4.04971E-09 5.36653E-09 1.58209E-09 1.14977E-09-1.52563E-09 9.72949E-10
 -1       475 2.21009E-10 2.25380E-10 7.36750E-10 4.16575E-10 1.17742E-10 3.31216E-11
 -1       476 9.11047E-11 6.65544E-11 5.01931E-10 1.95969E-10-7.30522E-11-9.52729E-11
 -1       477 5.64978E-10 1.14997E-09 8.58156E-10 1.94171E-10 4.84149E-11 2.60162E-10
 -1       478 5.74074E-10 1.24929E-09 1.03347E-09 4.16471E-10 2.37178E-10 4.25340E-10
 -3
    1PSTEP                        37           1           2          
    1PGM                1.000000E+00                                  
    1PGK                3.164386E+09                                  
    1PHID                         -1                                  
    1PSUBC                         0                                  
    1PMODE                         8                                  
  100CL  109 8952.923308         328                     2    9MODAL      1
 -4  TOSTRAIN    6    1
 -5  EXX         1    4    1    1
 -5  EYY         1    4    2    2
 -5  EZZ         1    4    3    3
 -5  EXY         1    4    1    2
 -5  EYZ         1    4    2    3
 -5  EZX         1    4    3    1
 -1         1 9.47390E-21 3.62855E-21 0.00000E+00-8.44134E-21-1.18424E-21 4.73695E-21
 -1         2 7.47261E-32 2.36848E-21 0.00000E+00-4.73695E-21 1.77633E-16-7.10531E-16
 -1         3-9.47390E-21 3.62855E-21 0.00000E+00-6.07286E-21-1.18424E-21 4.73695E-21
 -1         4 7.25710E-21 1.22216E-21-1.02053E-21-4.83175E-21-2.14205E-22 3.86791E-21
 -1         5-1.38667E-32 8.88176E-17-6.66134E-22-2.36848E-21-4.44085E-17 2.36848E-21
 -1         6-7.25710E-21 1.22216E-21-1.02053E-21-2.42535E-21-2.14205E-22 3.38919E-21
 -1         7 0.00000E+00-1.18424E-21-1.33227E-21 8.88164E-17 1.07085E-21-8.88165E-17
 -1         8 0.00000E+00 1.77633E-16 1.99837E-16-1.23260E-32-1.77633E-16 1.23260E-32
 -1         9 0.00000E+00-1.18424E-21-1.33227E-21-8.88164E-17 1.07085E-21 8.88165E-17
 -1        10-1.42106E-15 2.36848E-21-4.81279E-21 1.77628E-16-9.07137E-22-2.40639E-21
 -1        11 4.93038E-32-3.55266E-16 1.77630E-16 7.10531E-16-5.92119E-22-9.86076E-32
 -1        12 1.42106E-15 2.36848E-21-4.81279E-21-1.77637E-16-9.07137E-22 2.40639E-21
 -1        13 4.73695E-21 7.30669E-22-2.82204E-21-3.18738E-21 1.32370E-21-9.94461E-22
 -1        14-1.25185E-32-1.77633E-16 3.55265E-16 3.55266E-16 5.55191E-18 1.20852E-32
 -1        15-4.73695E-21 7.30669E-22-2.82204E-21-1.54957E-21 1.32370E-21 9.94461E-22
 -1        16 0.00000E+00-9.07137E-22-3.03643E-21-2.96059E-22 3.39702E-21 1.11011E-17
 -1        17 0.00000E+00-5.92119E-22-8.88187E-17 0.00000E+00-3.33041E-17 4.23705E-33
 -1        18 0.00000E+00-9.07137E-22-3.03643E-21 2.96059E-22 3.39702E-21-1.11011E-17
 -1        19 9.47390E-21 3.62855E-21-9.62557E-21-8.44134E-21-1.23260E-32 1.77626E-16
 -1        20-9.93780E-32 2.36848E-21 3.55261E-16-4.73695E-21-1.07852E-32 7.10531E-16
 -1        21-9.47390E-21 3.62855E-21-9.62557E-21-6.07286E-21 1.84889E-32-1.77635E-16
 -1        22 7.25710E-21 1.81427E-21-4.62356E-21-4.53569E-21 2.03468E-21 3.55262E-16
 -1        23 1.54074E-33 1.18424E-21 7.10531E-16-2.36848E-21-1.77632E-16-2.36848E-21
 -1        24-7.25710E-21 1.81427E-21-4.62356E-21-2.72141E-21 2.03468E-21-3.55269E-16
 -1        25 0.00000E+00 0.00000E+00-4.74059E-21 0.00000E+00 3.43932E-21-1.77635E-16
 -1        26 0.00000E+00 0.00000E+00-3.77474E-16 0.00000E+00-5.32898E-16-3.69779E-32
 -1        27 0.00000E+00 0.00000E+00-4.74059E-21 0.00000E+00 3.43932E-21 1.77635E-16
 -1        30 1.04804E-14-3.65260E-32-3.19841E-20-7.40102E-16-2.47171E-20-3.56757E-15
 -1        31-8.70404E-15-8.41997E-31-3.19841E-20-1.27307E-15 1.45752E-21 6.91285E-15
 -1        32-2.66453E-15 5.53930E-31 1.89474E-15-1.27307E-15 1.45752E-21 9.19250E-15
 -1        33 8.88197E-16 4.41434E-32 1.89474E-15-7.40102E-16-2.47171E-20-3.06426E-15
 -1        34-8.88132E-16-5.99702E-21 4.73680E-16 6.51348E-16 7.69730E-16-3.09386E-15
 -1        35 2.66446E-15-5.99702E-21 4.73680E-16-1.65790E-15 7.69756E-16 7.38651E-15
 -1        36-2.66448E-15-5.99702E-21 2.36834E-16-1.65790E-15 9.47391E-16 3.50825E-15
 -1        37 8.88152E-16-5.99702E-21 2.36834E-16 6.51353E-16 9.47365E-16 2.61998E-15
 -1        38 8.88166E-16-4.39261E-31-3.19841E-20-1.00659E-15-1.16298E-20 1.67264E-15
 -1        39-5.68429E-15-1.44033E-31 9.47352E-16-1.27307E-15 1.45752E-21 8.05268E-15
 -1        40-8.88166E-16 2.99037E-31 1.89474E-15-1.00659E-15-1.16298E-20 3.06412E-15
 -1        41 5.68429E-15 3.80872E-33 9.47352E-16-7.40102E-16-2.47171E-20-3.31592E-15
 -1        42 8.88166E-16-5.99702E-21 4.73680E-16-5.03275E-16 7.69743E-16 2.14632E-15
 -1        43-1.00806E-20-5.99702E-21 3.55257E-16-1.65790E-15 8.58574E-16 5.44738E-15
 -1        44-8.88166E-16-5.99702E-21 2.36834E-16-5.03275E-16 9.47378E-16 3.06412E-15
 -1        45 1.00806E-20-5.99702E-21 3.55257E-16 6.51350E-16 8.58547E-16-2.36940E-16
 -1        46 4.79613E-15-2.93689E-31-3.19841E-20-4.43762E-17 4.73667E-16-3.56756E-15
 -1        47-3.01980E-15 1.37036E-30-3.19841E-20-1.46548E-15 4.73694E-16 6.91284E-15
 -1        48-2.66451E-15-9.23486E-31 1.89474E-15-1.46548E-15 4.73694E-16 6.35038E-15
 -1        49 8.88174E-16 8.40800E-32 1.89474E-15-4.43762E-17 4.73667E-16-2.22137E-16
 -1        50-8.88154E-16 7.10526E-16 9.47392E-16-1.03618E-15-5.92130E-16 2.21933E-16
 -1        51 2.66449E-15 7.10526E-16 9.47392E-16-8.58519E-16-5.92104E-16 5.01808E-15
 -1        52-2.66449E-15 7.10526E-16-1.42107E-15-2.99011E-15-2.36835E-16 7.77141E-15
 -1        53 8.88154E-16 7.10526E-16-1.42107E-15 1.09541E-15-2.36861E-16-1.64320E-15
 -1        54 8.88166E-16 7.10526E-16 9.47392E-16-9.47348E-16-5.92117E-16 2.62001E-15
 -1        55-1.77494E-30 7.10526E-16-2.36838E-16-1.92431E-15-4.14469E-16 6.39475E-15
 -1        56-8.88166E-16 7.10526E-16-1.42107E-15-9.47348E-16-2.36848E-16 3.06411E-15
 -1        57 3.45127E-31 7.10526E-16-2.36838E-16 2.96182E-17-4.14495E-16-7.10632E-16
 -1        58-8.88154E-16 3.55257E-16 9.47392E-16-1.92415E-16-1.47220E-20-1.19912E-15
 -1        59 2.66449E-15 3.55257E-16 9.47392E-16-1.25821E-15 1.14526E-20 6.43913E-15
 -1        60-2.66449E-15 3.55257E-16-1.42107E-15-2.32401E-15 3.55281E-16 5.63983E-15
 -1        61 8.88154E-16 3.55257E-16-1.42107E-15 8.73385E-16 3.55254E-16 4.88388E-16
 -1        63 0.00000E+00 0.00000E+00 0.00000E+00 0.00000E+00 0.00000E+00 0.00000E+00
 -1        64 0.00000E+00 0.00000E+00 0.00000E+00 0.00000E+00 0.00000E+00 0.00000E+00
 -1        65 0.00000E+00 0.00000E+00 0.00000E+00 0.00000E+00 0.00000E+00 0.00000E+00
 -1        66 0.00000E+00 0.00000E+00 0.00000E+00 0.00000E+00 0.00000E+00 0.00000E+00
 -1        67 0.00000E+00-6.73774E-32 2.22045E-16-2.42128E-21 5.92118E-16 4.53991E-22
 -1        68 0.00000E+00 4.20166E-31-1.23260E-31-2.42128E-21 1.18424E-15 4.53991E-22
 -1        69 0.00000E+00-6.73774E-32-2.46519E-31-2.42128E-21 5.92118E-16 4.53991E-22
 -1        70 0.00000E+00-6.73774E-32-2.22045E-16 8.88177E-16-1.94289E-15-1.66533E-16
 -1        71 0.00000E+00 1.76394E-31 1.11022E-16-2.42128E-21 8.88178E-16 4.53991E-22
 -1        72 0.00000E+00 1.76394E-31-1.84889E-31-2.42128E-21 8.88178E-16 4.53991E-22
 -1        73 0.00000E+00-6.73774E-32 1.11022E-16-2.42128E-21 5.92118E-16 4.53991E-22
 -1        74 0.00000E+00-6.73774E-32-5.42342E-31 4.44087E-16-6.75387E-16-8.32663E-17
 -1        75 0.00000E+00 1.76394E-31-1.11022E-16 4.44087E-16-3.79328E-16-8.32663E-17
 -1        76 0.00000E+00-6.73774E-32-1.11022E-16 4.44087E-16-6.75387E-16-8.32663E-17
 -1        77-1.13080E-16-6.78498E-16-2.22045E-16-5.65373E-17 3.66545E-16 9.37605E-16
 -1        78-7.75101E-16-4.65058E-15-2.22045E-16-3.87559E-16 2.01133E-16 1.22724E-15
 -1        79-1.13080E-16-6.78498E-16-2.22045E-16-5.65373E-17 3.66545E-16 9.37605E-16
 -1        80-7.75101E-16-4.65058E-15-2.22045E-16-3.87559E-16 2.01133E-16 1.22724E-15
 -1        81-1.13080E-16-6.78498E-16-2.22045E-16-5.65373E-17 3.66545E-16 9.37605E-16
 -1        82-7.75101E-16-4.65058E-15-2.22045E-16-3.87559E-16 2.01133E-16 1.22724E-15
 -1        83-2.66444E-16 6.66133E-16-2.51649E-15 4.66300E-16 2.67671E-16 1.04401E-15
 -1        84-2.66451E-16 6.66137E-16 1.33226E-15 4.66292E-16 2.73485E-15 5.50590E-16
 -1        85-2.66463E-16 6.66133E-16-1.48028E-16 4.66288E-16 1.64930E-15 7.47976E-16
 -1        86 1.50991E-15 2.22045E-16 3.99680E-15 2.02061E-15-3.54408E-15-3.50789E-15
 -1        87-2.66451E-16 1.11022E-15-3.40468E-15 2.44248E-16 1.07332E-16 2.91539E-16
 -1        88-2.93099E-15 2.22045E-16-1.48028E-16-6.43931E-16 6.50104E-16 3.30148E-15
 -1        89-2.66448E-16 6.66135E-16-5.92116E-16 4.66296E-16 1.50126E-15 7.97299E-16
 -1        90-2.66457E-16 6.66135E-16 5.92114E-16 4.66290E-16 2.19208E-15 6.49283E-16
 -1        91-2.66453E-16 6.66133E-16-1.33226E-15 4.66294E-16 9.58486E-16 8.95992E-16
 -1        92 6.21728E-16 6.66135E-16 2.96059E-16 1.13243E-15-1.71837E-15-1.60818E-15
 -1        93-1.59872E-15 6.66135E-16-1.77635E-15-1.99841E-16 3.78718E-16 1.79651E-15
 -1        94-7.10541E-16 2.22045E-16 1.92438E-15 6.88338E-16-1.44699E-15-1.03206E-16
 -1        95 6.21732E-16 4.44089E-16 7.40155E-16 1.24345E-15-1.63820E-15-1.23194E-15
 -1        96-2.66451E-16 8.88181E-16-1.03621E-15 3.55270E-16 1.42109E-15 4.21065E-16
 -1        97-1.59873E-15 4.44089E-16-1.48028E-16-8.88212E-17 1.14970E-15 2.02473E-15
 -1       151 0.00000E+00 0.00000E+00 0.00000E+00 0.00000E+00 0.00000E+00 0.00000E+00
 -1       152 0.00000E+00 0.00000E+00 0.00000E+00 0.00000E+00 0.00000E+00 0.00000E+00
 -1       154 0.00000E+00 0.00000E+00 0.00000E+00 0.00000E+00 0.00000E+00 0.00000E+00
 -1       155 0.00000E+00 0.00000E+00 0.00000E+00 0.00000E+00 0.00000E+00 0.00000E+00
 -1       156 1.26999E-20-3.07435E-21-2.13158E-15 1.81427E-21-1.85219E-21-1.06578E-15
 -1       157-1.57498E-20-2.19201E-21 3.07435E-21 5.91189E-21 8.88166E-17-1.06579E-15
 -1       158-4.41996E-20-6.03494E-21 2.84211E-15 1.16240E-20 3.10855E-16 3.44176E-16
 -1       159 2.82467E-20-1.46134E-21-2.48685E-15 1.78948E-21-1.77639E-16-1.15459E-15
 -1       160-3.97474E-21 3.65335E-22-6.42580E-21 6.13876E-21 3.55260E-16-1.77632E-15
 -1       161-3.61962E-20 2.97955E-21 1.42104E-15 1.23585E-20 3.55260E-16-5.32886E-16
 -1       162 3.87532E-20 1.51670E-22-7.10514E-16-2.96059E-21 3.55257E-16-3.55239E-16
 -1       163 3.27197E-21 2.92268E-21-5.21532E-21 4.39678E-21-1.53455E-20-2.30922E-15
 -1       164-3.22092E-20 1.19940E-20 3.90791E-15 1.38805E-20-1.42867E-20-1.79851E-15
 -1       165 8.28967E-21-3.55269E-16-2.13158E-15 1.18424E-21-1.77636E-16 2.46561E-20
 -1       166 1.40996E-15 5.32899E-16 3.07435E-21-5.55101E-16 8.88150E-17 1.77649E-16
 -1       167 2.81990E-15 8.88128E-17 2.84211E-15-6.55016E-16-3.99680E-16 1.76525E-15
 -1       168-1.24342E-15 3.55266E-16-2.48685E-15 8.88169E-16 1.77629E-16 8.88455E-17
 -1       169 6.21715E-16-8.88165E-17-6.42580E-21-3.55263E-16 3.55261E-16-7.99331E-16
 -1       170 2.48685E-15-3.10857E-16 1.42104E-15-1.07134E-15 6.21711E-16 1.77655E-16
 -1       171-3.90791E-15 1.06580E-15-7.10514E-16 4.44082E-16 1.24343E-15 3.29457E-20
 -1       172-1.44327E-15-7.10532E-16-5.21532E-21-7.10531E-16-1.15653E-20-1.15459E-15
 -1       173 1.02137E-15-7.10526E-16 3.90791E-15-1.26563E-15 1.24342E-15 1.55461E-16
 -1       174 1.77636E-20-3.55259E-16 7.10538E-16-1.02556E-20 1.77645E-16-7.10535E-16
 -1       175 1.40994E-15 5.32902E-16-4.18275E-21-5.55111E-16-8.88022E-17-1.24344E-15
 -1       176 2.81986E-15 8.88153E-17-9.47390E-21-6.55032E-16-1.37664E-15-3.44166E-16
 -1       177-1.24339E-15 3.55266E-16-1.06579E-15 8.88176E-16 7.10538E-16 2.66454E-16
 -1       178 6.21697E-16-8.88180E-17 8.24007E-21-3.55259E-16-7.10529E-16 6.21717E-16
 -1       179 2.48679E-15-3.10861E-16 1.42106E-15-1.07134E-15-8.88104E-17-1.77635E-16
 -1       180-3.90789E-15 1.06579E-15-3.55265E-15 4.44111E-16 6.21717E-16-1.77635E-15
 -1       181-1.44328E-15-7.10538E-16 7.10547E-16-7.10514E-16 1.55428E-16-7.99363E-16
 -1       182 1.02132E-15-7.10537E-16-1.77634E-15-1.26561E-15 1.24344E-15 2.33143E-15
 -1       183-1.42105E-15-3.55264E-16 7.10538E-16 3.55261E-16-7.10524E-16-1.06580E-15
 -1       184 1.42104E-15-7.10534E-16-4.18275E-21 1.06580E-15-8.88025E-17-1.42107E-15
 -1       185 4.26313E-15 7.10530E-16-9.47390E-21-3.55266E-16-6.66108E-16-3.44164E-16
 -1       186 4.48260E-20-2.66452E-16-1.06579E-15-3.55260E-16-3.55265E-16 7.99359E-16
 -1       187 7.10519E-16 1.55429E-16 8.24007E-21-4.44075E-16-5.32897E-16 1.24344E-15
 -1       188 1.42099E-15 3.55267E-16 1.42106E-15 3.55282E-16-5.32895E-16 5.32899E-16
 -1       189-3.55262E-15-1.77639E-16-3.55265E-15-2.88638E-16-6.21719E-16 3.55262E-16
 -1       190 1.06580E-15 1.02139E-15 7.10547E-16-2.17600E-15 5.10691E-16-3.55276E-16
 -1       191 5.68421E-15 5.18468E-21-1.77634E-15-1.55403E-16-3.55268E-16 1.08799E-15
 -1       192 2.21681E-21 9.62557E-21-8.91970E-21-3.07435E-21-2.64558E-21 7.10529E-16
 -1       193-2.52015E-21 1.38083E-20 3.55262E-16-2.64558E-21 3.55266E-16-6.09766E-21
 -1       194-7.25710E-21 1.67310E-20-2.99851E-21-4.73695E-21 3.55267E-16-5.36699E-21
 -1       195 3.42728E-21 3.62855E-21 7.10526E-16-1.76468E-22-1.77635E-16-1.59989E-21
 -1       196-9.95011E-22 4.18275E-21 1.77628E-16 1.85201E-21-6.30037E-22 3.55264E-16
 -1       197-5.41730E-21 5.99702E-21-1.77636E-16 2.89606E-21-3.55268E-16 7.10531E-16
 -1       198-6.07286E-21-2.36848E-21 7.10524E-16 2.72141E-21 2.09138E-21 2.05346E-21
 -1       199-7.10907E-21-5.44282E-21-6.27413E-21 7.60967E-21 2.85996E-21-8.88188E-17
 -1       200-8.14528E-21-4.73695E-21-6.30037E-22 1.30492E-20 2.68349E-21-2.22101E-17
 -1       201-1.42107E-15-3.55261E-16-8.91970E-21-3.55269E-16 3.55265E-16 8.88162E-16
 -1       202-7.10536E-16-7.10525E-16 3.55262E-16 5.32899E-16 2.66450E-16-6.88520E-21
 -1       203-4.73695E-21-1.42106E-15-2.99851E-21 7.10531E-16 2.66450E-16-1.77640E-16
 -1       204 7.10536E-16 2.36848E-21 7.10526E-16-1.77634E-16-1.22216E-21-2.66453E-16
 -1       205 7.10533E-16-3.55264E-16 1.77628E-16-1.33224E-16-8.88173E-17 1.33221E-16
 -1       206 7.10531E-16-3.55263E-16-1.77636E-16-3.66367E-16-3.55268E-16 5.32897E-16
 -1       207-1.77637E-16 3.55266E-16 7.10524E-16 1.77636E-21 1.77636E-21-3.55267E-16
 -1       208-2.22088E-17-3.55271E-21-6.27413E-21-4.44079E-16-8.88140E-17-2.66454E-16
 -1       209 1.33220E-16 7.10531E-16-6.30037E-22-7.32730E-16 8.88193E-17-2.22107E-17
 -1       210-5.68423E-15-1.08448E-19 5.50740E-15-2.84210E-15-4.35208E-15 5.36788E-15
 -1       211-2.84211E-15 1.13684E-14-5.78081E-14 1.77637E-15 4.31323E-15 5.99510E-15
 -1       212 1.42109E-20 5.68413E-15-1.42028E-15 2.84217E-15-7.81591E-15 2.35910E-15
 -1       213 3.55268E-15-3.55796E-20-9.59174E-15 2.84217E-15 4.88341E-16 1.61646E-14
 -1       214 2.84213E-15 7.10519E-16-3.30395E-14 3.55306E-16-4.77121E-15-1.06585E-15
 -1       215 2.13159E-15-1.42109E-15-9.23640E-15-2.48683E-15-1.77646E-15-1.58094E-14
 -1       216 1.42105E-15 3.72889E-20 2.84245E-15-2.13160E-15 5.32880E-15 7.28274E-15
 -1       217 3.55264E-15-9.94741E-15 1.17241E-14-4.61844E-15-3.37524E-15 5.86188E-15
 -1       218 5.68422E-15-8.52632E-15-1.27892E-14-4.26315E-15 9.23677E-15 8.88360E-16
 -1       219-1.42104E-15-1.37430E-19 5.50740E-15-4.97374E-15-1.19015E-14-2.62899E-14
 -1       220-2.84212E-15 3.19728E-15-5.78081E-14-4.26320E-15 1.66976E-14 4.26317E-15
 -1       221-4.26321E-15 1.42089E-15-1.42028E-15-3.55251E-16-1.17238E-14 3.05530E-14
 -1       222-3.55267E-15-2.73891E-20-9.59174E-15-3.37502E-15-1.77725E-16 4.44070E-15
 -1       223-1.77635E-15 3.01976E-15-3.30395E-14-1.42104E-15 1.26119E-14-9.77043E-16
 -1       224-3.37653E-20-7.10549E-16-9.23640E-15 5.32949E-16-4.61855E-15-3.90792E-15
 -1       225 4.26316E-15 8.26516E-20 2.84245E-15-1.95397E-15 1.15461E-14 1.17235E-14
 -1       226 2.84208E-15 2.84224E-15 1.17241E-14 3.55311E-16 1.90066E-14 1.95394E-15
 -1       227 1.42100E-15-2.84198E-15-1.27892E-14-5.32812E-16 7.46051E-15-1.13683E-14
 -1       251 4.70586E+01-1.61253E-05-2.25347E+01 2.27320E+00 5.85278E+00-2.71199E+00
 -1       253-4.70586E+01 1.61253E-05 2.25347E+01-2.27320E+00 5.85278E+00-2.71199E+00
 -1       254 2.91260E+01-4.54641E+00-1.24887E+01 2.53339E+00-2.21889E+00 3.19567E+00
 -1       256-2.91260E+01 4.54641E+00 1.24887E+01-2.53339E+00-2.21889E+00 3.19567E+00
 -1       257 1.11935E+01-6.12564E+00-2.44271E+00 1.10639E+00-2.07319E-01-1.05882E+00
 -1       259-1.11935E+01 6.12564E+00 2.44271E+00-1.10639E+00-2.07319E-01-1.05882E+00
 -1       260 4.90625E+01-1.61253E-05-2.25347E+01-1.93790E-12-6.64357E-13 7.68824E+00
 -1       262-4.90625E+01 1.61253E-05 2.25347E+01 1.87680E-12-5.31575E-13 7.68824E+00
 -1       263 2.94428E+01-4.54641E+00-1.24887E+01-5.28327E-12 8.05467E-13 1.19975E+00
 -1       265-2.94428E+01 4.54641E+00 1.24887E+01 5.34145E-12 4.37761E-13 1.19975E+00
 -1       266 9.82310E+00-6.12564E+00-2.44271E+00-5.31813E-12-1.36535E-12 1.42100E+00
 -1       268-9.82310E+00 6.12564E+00 2.44271E+00 5.48200E-12-6.30940E-13 1.42100E+00
 -1       269 4.70586E+01-1.61253E-05-2.25347E+01-2.27320E+00-5.85278E+00-2.71199E+00
 -1       271-4.70586E+01 1.61253E-05 2.25347E+01 2.27320E+00-5.85278E+00-2.71199E+00
 -1       272 2.91260E+01-4.54641E+00-1.24887E+01-2.53339E+00 2.21889E+00 3.19567E+00
 -1       274-2.91260E+01 4.54641E+00 1.24887E+01 2.53339E+00 2.21889E+00 3.19567E+00
 -1       275 1.11935E+01-6.12564E+00-2.44271E+00-1.10639E+00 2.07319E-01-1.05882E+00
 -1       277-1.11935E+01 6.12564E+00 2.44271E+00 1.10639E+00 2.07319E-01-1.05882E+00
 -1       278 3.55276E-14-1.40333E-14-3.19720E-14 1.03031E-14-2.57342E-14-1.04796E-14
 -1       279 6.39466E-15-8.26054E-15-3.19732E-14-6.92817E-15-8.52759E-15 3.41047E-14
 -1       280-3.41057E-14-2.48666E-15-3.19744E-14-3.26846E-14 8.68248E-15 6.16407E-14
 -1       281 1.63429E-14 5.40027E-14-1.70536E-13-3.74806E-14 2.98453E-14-1.05688E-14
 -1       282 1.95397E-14 4.83162E-14-5.11587E-13-3.80144E-14-3.69501E-14-3.69489E-14
 -1       283 1.27898E-14 6.82134E-14-8.52658E-13-2.70007E-14-6.96324E-14-8.03795E-14
 -1       284-6.82121E-14-5.11580E-14 1.93267E-12 2.41581E-14 1.83323E-13 2.00374E-13
 -1       285-5.11593E-14-7.38990E-14 1.25057E-12 1.56316E-14-3.83723E-14 1.57740E-13
 -1       286-4.26326E-14-8.52643E-14 5.68421E-13 2.13168E-14-2.77111E-13 9.80537E-14
 -1       287-2.66453E-14 2.62016E-14 3.59707E-14 1.54546E-14 1.67874E-14-2.44463E-14
 -1       288-4.12120E-14 1.15906E-14 3.59718E-14 1.71418E-14 7.81519E-15-2.84229E-14
 -1       289-5.40017E-14-3.01958E-15 3.59719E-14 2.30930E-14-1.15379E-15-1.53421E-14
 -1       290 5.54229E-14-1.13683E-14-4.26331E-13-4.97364E-15-7.81593E-14-2.18503E-13
 -1       291 5.50672E-14-1.98960E-14-8.52571E-14-7.68283E-14-4.12133E-14-1.04873E-13
 -1       292 4.05016E-14-2.41579E-14 2.55789E-13-1.39444E-13 5.68538E-15-1.68195E-14
 -1       293-2.20624E-13-4.26316E-14 1.87583E-12 4.06348E-14-7.53172E-14 5.20120E-13
 -1       294-9.73452E-14-2.13174E-14 8.52667E-13 1.40110E-13 8.52631E-14 3.05312E-13
 -1       295-4.26287E-15-1.56309E-14-1.70545E-13 2.60771E-13 3.42484E-13 2.22931E-14
 -1       296 1.08003E-13-3.83694E-14 1.42107E-14-4.26328E-14-1.24560E-14-4.33427E-14
 -1       297 4.83172E-14-1.49215E-14 1.42110E-14-3.90802E-14-7.10629E-15-3.97919E-14
 -1       298-1.70530E-14 8.52659E-15 1.42090E-14-3.97906E-14-1.75366E-15-3.33950E-14
 -1       299-4.66293E-14-8.52644E-15 1.98941E-13 2.25605E-14-1.70522E-14 7.06998E-14
 -1       300-2.53137E-14-1.98955E-14 2.55806E-13 1.42081E-15-9.94829E-15 3.26846E-14
 -1       301 5.68427E-15-4.83168E-14 3.12634E-13-2.62897E-14-1.70520E-14 7.42533E-14
 -1       302 6.94567E-14 3.41070E-14-2.50114E-12 3.89914E-14 1.70540E-14-2.01615E-14
 -1       303 2.50463E-14-5.40015E-14 6.82139E-13 1.39434E-14 2.27367E-14-9.01453E-17
 -1       304 5.68511E-15-1.84741E-13 3.86535E-12 1.13694E-14 2.38744E-13 1.76303E-13
 -1       305-3.41067E-14 2.14049E-14 1.98955E-13-2.85999E-14-3.95917E-14-1.66991E-14
 -1       307 1.13685E-14 5.50671E-14-1.42109E-13-2.18496E-14-9.68352E-14-1.21505E-13
 -1       308 4.71623E-14-8.52757E-15-2.27372E-13 1.40981E-15 1.06563E-14-1.76869E-14
 -1       310 1.88292E-14-2.84230E-14-2.27370E-13-9.40812E-14 1.06562E-14-3.26524E-14
 -1       311 1.81187E-14-3.59732E-15-1.42109E-13 6.21709E-15-2.07844E-14-3.19537E-14
 -1       313-1.27900E-14-1.21683E-14 1.98954E-13-2.27376E-14-4.61935E-15-3.51955E-14
 -1       314-1.90074E-14-2.90384E-19 7.10555E-14 1.88069E-14 3.81838E-15-3.86151E-14
 -1       316-3.62383E-14-1.89182E-19 7.10555E-14 6.17263E-15 1.06129E-14 2.19724E-15
 -1       317 3.41063E-14-8.52863E-15 1.08004E-12-1.95419E-15 7.35389E-14-3.12644E-14
 -1       319-3.69488E-14-1.05163E-13 5.68547E-14-7.46107E-15-1.49463E-13-1.13695E-14
 -1       320-9.84108E-14 5.68256E-15 3.55281E-13-2.27381E-14-9.66374E-14 3.23298E-13
 -1       322-4.68959E-14 2.84198E-14-1.35003E-12 1.48504E-13 1.19369E-13-1.38779E-13
 -1       323-8.63317E-14-3.41074E-14 1.49327E-12 6.88280E-15-3.01274E-13-2.66484E-15
 -1       325 2.41583E-14-1.27908E-14 8.11146E-13 2.55791E-14-5.54246E-14-4.21007E-14
 -1       326 7.37154E-15 1.98949E-14-2.41577E-13-2.46030E-14-3.97912E-14-3.94476E-14
 -1       328 1.77602E-15 1.42109E-14 1.56327E-13-7.80717E-14-5.68513E-15 2.07271E-14
 -1       329 3.41061E-14-4.68962E-14 7.10553E-14 3.14417E-14 4.95096E-15-3.55284E-14
 -1       331 5.68435E-15-3.92578E-14 1.27898E-13-1.65202E-14 1.44260E-15-3.97918E-14
 -1       332 1.52767E-14-1.49390E-19-7.10500E-15-1.11911E-14-2.82227E-14-3.58614E-14
 -1       334-4.90279E-14-1.26215E-19-7.10574E-15 1.95401E-15-3.03988E-14-3.59058E-14
 -1       335-4.42321E-14-5.68440E-14-1.19370E-12 6.51027E-14 1.46371E-13 1.39888E-13
 -1       337-2.84224E-14-1.79058E-13 9.66359E-13 9.52123E-14 2.28795E-13-8.61106E-14
 -1       338 7.99319E-15 8.52661E-15-1.05159E-12-2.03403E-14 8.84615E-14 4.53851E-14
 -1       340-5.68523E-15-5.68455E-15 2.18850E-12-2.66464E-14 1.32405E-13 1.56408E-13
 -1       341 0.00000E+00-1.00983E-15 1.19164E-14-6.45913E-17-1.29592E-15 1.44582E-16
 -1       343 0.00000E+00 1.14861E-15 1.19164E-14-9.42360E-18 9.07340E-16 1.51478E-16
 -1       344 0.00000E+00 1.14861E-15 1.19164E-14-9.42360E-18 9.07340E-16 1.51478E-16
 -1       346 0.00000E+00-1.00983E-15 1.19164E-14-6.45913E-17-1.29592E-15 1.44582E-16
 -1       347 0.00000E+00-1.00983E-15 1.19164E-14-6.45913E-17-1.29592E-15 1.44582E-16
 -1       349 0.00000E+00 1.14861E-15 1.19164E-14-9.42360E-18 9.07340E-16 1.51478E-16
 -1       350 1.77634E-15-2.55203E-14 3.35773E-14-1.85924E-14 1.50839E-14-3.28587E-15
 -1       351-2.07242E-15-1.75268E-14 3.35773E-14 1.10134E-14 1.95988E-14-1.43088E-15
 -1       352-5.92118E-15-9.53319E-15 3.35773E-14 4.06193E-14 2.41137E-14 4.24109E-16
 -1       353-1.77633E-15-5.38845E-15 2.54957E-13 1.48620E-14-3.13972E-14 4.72624E-15
 -1       354 2.07243E-15-2.64086E-14 2.54957E-13-8.67463E-15 2.84807E-14 2.12185E-15
 -1       355 5.92119E-15-4.74287E-14 2.54957E-13-3.22113E-14 8.83585E-14-4.82540E-16
 -1       356-2.36847E-15 5.27010E-15-1.92633E-12-3.78953E-15-6.75166E-14-5.95371E-14
 -1       357-1.18424E-15 2.62903E-14-1.07348E-13 6.57251E-15-1.41521E-14-1.65300E-14
 -1       358-4.08086E-21 4.73104E-14 1.71164E-12 1.69346E-14 3.92124E-14 2.64771E-14
 -1       359 5.92119E-21-1.54544E-14 1.44267E-13-1.86520E-15-8.15660E-15 7.20183E-16
 -1       361 5.92119E-21-2.84810E-14 1.44267E-13 4.20400E-15 5.62361E-14-2.92153E-17
 -1       362-2.07240E-15-5.91719E-17-8.35687E-13 5.53624E-15-4.94569E-14-2.74054E-14
 -1       364 2.96059E-15-5.91719E-17 9.83296E-13-7.63836E-15 6.37855E-14 1.29973E-14
 -1       365-2.96066E-16-1.01251E-14-9.46377E-13-1.11910E-14-2.62164E-14-3.14115E-14
 -1       367-2.96059E-15 1.88886E-14 8.72606E-13 2.87769E-14 3.16631E-14 1.34506E-14
 -1       368 4.22990E-14 3.41952E-14-1.86517E-14-1.96621E-14-2.59784E-14 1.96119E-14
 -1       369 1.66599E-13-1.73188E-14-4.17446E-14 2.98614E-15-1.93175E-14-7.48559E-15
 -1       370-4.22439E-14 2.79773E-14 1.86512E-14 2.08998E-15 1.35447E-14-1.61008E-14
 -1       371-2.06767E-13 7.94913E-14 4.17441E-14 1.69223E-14 6.88376E-15 3.47996E-14
 -1       376 5.54332E-14 5.63952E-14 7.28269E-14-3.97015E-14 6.98314E-14-1.76521E-14
 -1       377 1.31794E-13 4.40337E-16-6.92785E-14 3.11301E-14-4.36328E-14-5.30633E-15
 -1       378-3.32009E-14-1.41668E-13-4.44097E-14 4.80497E-14-9.82543E-14 6.15283E-14
 -1       379-9.34357E-14-8.57127E-14 9.76957E-14 2.72219E-14 1.52099E-14-5.54434E-14
 -1       384-4.14986E-14 7.67370E-13-2.48688E-13 1.91654E-14-1.41034E-14 1.87665E-14
 -1       385 1.32125E-14 7.10527E-13 7.74486E-13-1.49013E-14-3.06089E-13-5.53955E-14
 -1       386-9.56771E-14 2.55785E-13 7.03432E-13-4.43003E-14 2.41469E-13-5.70834E-15
 -1       387-4.36306E-14 3.12628E-13-3.19742E-13-8.83923E-14 5.33455E-13-9.63901E-14
 -1       392 4.53859E-14-3.13087E-13-1.16695E-12 2.94802E-13-3.96131E-13-4.00555E-13
 -1       393-2.21150E-14 2.88600E-14 3.39373E-13 1.81965E-13-1.35453E-13-4.06688E-14
 -1       394 6.21962E-16 6.68343E-13 2.85861E-13-6.63672E-14 7.51380E-13-2.49222E-13
 -1       395 5.06305E-15 3.26396E-13-1.22047E-12-8.99533E-14 4.90702E-13 1.29847E-13
 -1       400 9.56102E-14-9.37023E-13 5.33099E-12 1.42537E-13 2.04011E-12-1.04816E-12
 -1       401-1.20392E-13-1.99839E-13-1.03540E-12 1.04013E-13 2.43712E-12 2.41105E-13
 -1       402 2.17143E-14 7.09649E-13-1.01098E-12 7.02607E-14-5.62222E-13-1.33091E-13
 -1       403-2.94436E-14-2.75349E-14 5.35542E-12 5.47845E-14-9.59235E-13 1.52186E-13
 -1       408 1.23670E-12 9.23529E-14-1.66528E-13 9.51648E-14-2.90846E-14 1.02450E-13
 -1       409 7.69876E-13-4.08578E-13 1.27451E-13 1.54068E-14 2.24369E-14 1.22981E-13
 -1       410-1.22273E-12 1.95392E-13 1.27455E-13 2.42607E-13 1.69425E-13 2.14721E-13
 -1       411-6.45177E-13 1.95380E-13-1.66542E-13 4.62849E-15-1.32549E-13 1.02674E-13
 -1       412 9.81976E-13-1.58083E-13-1.95371E-14 1.15645E-13-3.46478E-14 7.13341E-14
 -1       413-1.95536E-13-1.69177E-13 1.27454E-13 1.86265E-13 9.59147E-14 1.00728E-13
 -1       414-9.34327E-13 1.95416E-13-1.95424E-14 1.63594E-13-1.28862E-14 1.22023E-13
 -1       415 2.81555E-13 8.12834E-14-1.66534E-13-4.92297E-15-8.08331E-14 9.90099E-14
 -1       416 1.05836E-12 1.14488E-12-1.98951E-13-1.21633E-13-7.02007E-13-1.04584E-13
 -1       417 6.41268E-13-1.77013E-12-1.33405E-12 1.09472E-13 1.09912E-12 3.99365E-14
 -1       418-1.02528E-12-4.12099E-13 1.39090E-12 5.93209E-14-3.86814E-13-1.02688E-13
 -1       419-5.99700E-13 1.18663E-12-5.68463E-14-8.08078E-14-1.02702E-13 5.27577E-14
 -1       424 6.31853E-13 2.68579E-12-1.56324E-13-2.37251E-13-1.18947E-12 9.89205E-14
 -1       425 3.94175E-13-2.64295E-12-2.42297E-12 2.80615E-13 1.86282E-12 3.94729E-13
 -1       426-6.61894E-13-1.52775E-12 3.02693E-12 2.58246E-13-1.10709E-12-1.33674E-13
 -1       427-3.82274E-13 1.66985E-12 1.27893E-13 3.35237E-12 2.61311E-13 2.53575E-13
 -1       428 5.20120E-13 2.12954E-14-1.24257E-12-1.55513E-13 2.03553E-13 3.42174E-13
 -1       429-1.30850E-13-1.02738E-12 3.01985E-13 2.72469E-13 5.50866E-14 1.18495E-13
 -1       430-5.05574E-13 7.09200E-14 1.62449E-12 3.47664E-12-5.56006E-13 1.27499E-13
 -1       431 1.19816E-13 3.23579E-12-1.42114E-14 3.32257E-12-7.86858E-13 2.25678E-13
 -1       432 1.96110E-13-5.48229E-12 1.78703E-12 6.89460E-14 3.39250E-11-4.41426E-13
 -1       433 9.94758E-14 5.78014E-12-2.01085E-12 1.23635E-13-1.88685E-12-4.02326E-14
 -1       434-2.71429E-13-6.66223E-11 1.67689E-12-9.66109E-14 7.26314E-13-2.37233E-13
 -1       435-1.42110E-13 6.86823E-11-2.02507E-12-6.68952E-12-3.29681E-11 4.76086E-14
 -1       440 8.52642E-15-1.40687E-11 6.41446E-12 3.50295E-13 3.65075E-11-7.92795E-13
 -1       441-7.67386E-14 1.37845E-11-4.28113E-13-3.40906E-14-5.06526E-12-4.53163E-15
 -1       442-4.68947E-14-6.59292E-11 1.49747E-12-4.48362E-13 2.37405E-12 2.81286E-13
 -1       443-7.38954E-14 2.01482E-10-1.49394E-12-1.98647E-11-9.94861E-11 1.90425E-13
 -1       444 1.41999E-15-1.42407E-13 2.43718E-12-2.56649E-13 3.41754E-11-2.24264E-13
 -1       445-8.66871E-14-6.13749E-11 5.34685E-13-4.77985E-13-1.96006E-12 1.82435E-13
 -1       446-2.70006E-14 6.77762E-11-5.54231E-13-6.85385E-12-3.01018E-11 3.49947E-13
 -1       447-2.84226E-14 5.84042E-11 2.46027E-12-6.35794E-12-3.21037E-11-1.98773E-13
 -1       448-2.14095E-14-1.53175E-15-1.69045E-14 4.19735E-14-3.36086E-14 3.35146E-14
 -1       449-6.09291E-15 8.51678E-15 1.92487E-14 2.46363E-14-1.87532E-14-2.59450E-14
 -1       450 1.45952E-15 5.02346E-14 2.68968E-14 6.73999E-15 2.01575E-14-1.54473E-14
 -1       451-2.20107E-14 4.01861E-14-6.46085E-15 2.34449E-14 4.54332E-15 4.02849E-14
 -1       457 7.00265E-15-2.39450E-15 7.46578E-15 4.79923E-15-1.86400E-17-2.40982E-16
 -1       458-7.16817E-16-2.94403E-15 5.47238E-15 8.20854E-16-3.46611E-15-5.89691E-15
 -1       459-7.34053E-16 8.06502E-15 3.21982E-15 5.81093E-15-1.15823E-15 8.56359E-16
 -1       460 5.82060E-15 8.61454E-15 5.21322E-15 9.82147E-15 2.25064E-15 7.21117E-15
 -1       466 2.56965E-14-2.51301E-15-3.22331E-14 5.20468E-15-5.70904E-14 1.17157E-14
 -1       467-1.30230E-14 7.53552E-15-8.94571E-15-1.63231E-14-3.87428E-14-1.75094E-14
 -1       468-5.47058E-15 6.01633E-14-1.29761E-15 9.50122E-16-9.88052E-15-7.01172E-15
 -1       469 2.50952E-14 5.01148E-14-2.17895E-14 2.18456E-14-2.89869E-14 1.84860E-14
 -1       475-1.37849E-15-1.29544E-15 8.42060E-15 7.91493E-15 2.23711E-15 6.29310E-16
 -1       476-1.37851E-15-1.84497E-15 6.42720E-15 3.72340E-15-1.38799E-15-1.81018E-15
 -1       477-1.39574E-15 9.71902E-15 4.17464E-15 3.68925E-15 9.19884E-16 4.94308E-15
 -1       478-2.56053E-15 1.02685E-14 6.16804E-15 7.91295E-15 4.50639E-15 8.08146E-15
 -3
    1PSTEP                        38           1           2          
    1PGM                1.000000E+00                                  
    1PGK                3.164386E+09                                  
    1PHID                         -1                                  
    1PSUBC                         0                                  
    1PMODE                         8                                  
  100CL  109 8952.923308         328                     2    9MODAL      1
 -4  ERROR       1    1
 -5  STR(%)      1    1    0    0
 -1         1 7.08020E+01
 -1         2 7.64882E+01
 -1         3 7.64882E+01
 -1         4 7.08020E+01
 -1         5 7.64882E+01
 -1         6 7.64882E+01
 -1         7 7.08020E+01
 -1         8 7.08020E+01
 -1         9 7.08020E+01
 -1        10 1.14824E+02
 -1        11 1.14824E+02
 -1        12 7.64882E+01
 -1        13 1.14824E+02
 -1        14 1.14824E+02
 -1        15 1.03123E+02
 -1        16 1.03123E+02
 -1        17 1.03123E+02
 -1        18 1.03123E+02
 -1        19 1.14824E+02
 -1        20 1.14824E+02
 -1        21 6.14451E+01
 -1        22 1.14824E+02
 -1        23 1.14824E+02
 -1        24 1.03123E+02
 -1        25 1.03123E+02
 -1        26 1.03123E+02
 -1        27 1.03123E+02
 -1        30 1.08087E+02
 -1        31 1.08087E+02
 -1        32 1.08087E+02
 -1        33 1.08087E+02
 -1        34 1.30575E+02
 -1        35 1.30575E+02
 -1        36 1.30575E+02
 -1        37 1.30575E+02
 -1        38 1.08087E+02
 -1        39 1.08087E+02
 -1        40 1.08087E+02
 -1        41 1.08087E+02
 -1        42 1.30575E+02
 -1        43 1.30575E+02
 -1        44 1.30575E+02
 -1        45 1.30575E+02
 -1        46 1.19331E+02
 -1        47 1.19331E+02
 -1        48 1.19331E+02
 -1        49 1.19331E+02
 -1        50 1.30575E+02
 -1        51 1.30575E+02
 -1        52 1.30575E+02
 -1        53 1.30575E+02
 -1        54 1.30575E+02
 -1        55 1.30575E+02
 -1        56 1.30575E+02
 -1        57 1.30575E+02
 -1        58 1.30575E+02
 -1        59 1.30575E+02
 -1        60 1.30575E+02
 -1        61 1.30575E+02
 -1        63 0.00000E+00
 -1        64 0.00000E+00
 -1        65 0.00000E+00
 -1        66 0.00000E+00
 -1        67 6.00000E+01
 -1        68 6.00000E+01
 -1        69 6.00000E+01
 -1        70 6.00000E+01
 -1        71 6.00000E+01
 -1        72 6.00000E+01
 -1        73 6.00000E+01
 -1        74 6.00000E+01
 -1        75 6.00000E+01
 -1        76 6.00000E+01
 -1        77 0.00000E+00
 -1        78 0.00000E+00
 -1        79 0.00000E+00
 -1        80 0.00000E+00
 -1        81 0.00000E+00
 -1        82 0.00000E+00
 -1        83 7.27848E+01
 -1        84 7.27848E+01
 -1        85 7.27848E+01
 -1        86 7.27848E+01
 -1        87 7.27848E+01
 -1        88 7.27848E+01
 -1        89 7.27848E+01
 -1        90 7.27848E+01
 -1        91 7.27848E+01
 -1        92 7.27848E+01
 -1        93 7.27848E+01
 -1        94 7.27848E+01
 -1        95 7.27848E+01
 -1        96 7.27848E+01
 -1        97 7.27848E+01
 -1       151 0.00000E+00
 -1       152 0.00000E+00
 -1       154 0.00000E+00
 -1       155 0.00000E+00
 -1       156 6.47326E+01
 -1       157 6.47326E+01
 -1       158 5.72244E+01
 -1       159 6.47326E+01
 -1       160 6.47326E+01
 -1       161 5.74335E+01
 -1       162 5.24410E+01
 -1       163 5.74335E+01
 -1       164 5.74335E+01
 -1       165 6.47326E+01
 -1       166 6.47326E+01
 -1       167 5.72244E+01
 -1       168 6.47326E+01
 -1       169 6.47326E+01
 -1       170 5.74335E+01
 -1       171 5.24410E+01
 -1       172 5.74335E+01
 -1       173 5.74335E+01
 -1       174 6.44159E+01
 -1       175 6.44159E+01
 -1       176 3.20296E+01
 -1       177 6.56739E+01
 -1       178 6.56739E+01
 -1       179 6.26202E+01
 -1       180 6.56739E+01
 -1       181 6.56739E+01
 -1       182 6.26202E+01
 -1       183 6.44159E+01
 -1       184 6.44159E+01
 -1       185 3.20296E+01
 -1       186 6.56739E+01
 -1       187 6.56739E+01
 -1       188 6.26202E+01
 -1       189 6.56739E+01
 -1       190 6.56739E+01
 -1       191 6.26202E+01
 -1       192 1.16060E+02
 -1       193 1.16060E+02
 -1       194 8.62528E+01
 -1       195 1.16060E+02
 -1       196 1.16060E+02
 -1       197 8.62528E+01
 -1       198 6.31353E+01
 -1       199 6.58298E+01
 -1       200 6.58298E+01
 -1       201 1.16060E+02
 -1       202 1.16060E+02
 -1       203 8.62528E+01
 -1       204 1.16060E+02
 -1       205 1.16060E+02
 -1       206 8.62528E+01
 -1       207 6.31353E+01
 -1       208 6.58298E+01
 -1       209 6.58298E+01
 -1       210 5.41800E+01
 -1       211 6.18412E+01
 -1       212 6.18412E+01
 -1       213 9.27294E+01
 -1       214 9.27294E+01
 -1       215 7.83377E+01
 -1       216 9.27294E+01
 -1       217 9.27294E+01
 -1       218 7.83377E+01
 -1       219 5.41800E+01
 -1       220 6.18412E+01
 -1       221 6.18412E+01
 -1       222 9.27294E+01
 -1       223 9.27294E+01
 -1       224 7.83377E+01
 -1       225 9.27294E+01
 -1       226 9.27294E+01
 -1       227 7.83377E+01
 -1       251 1.22096E+02
 -1       253 1.22096E+02
 -1       254 1.22096E+02
 -1       256 1.22096E+02
 -1       257 1.05351E+02
 -1       259 1.05351E+02
 -1       260 1.22096E+02
 -1       262 1.22096E+02
 -1       263 1.22096E+02
 -1       265 1.22096E+02
 -1       266 1.05351E+02
 -1       268 1.05351E+02
 -1       269 1.22096E+02
 -1       271 1.22096E+02
 -1       272 1.22096E+02
 -1       274 1.22096E+02
 -1       275 1.05351E+02
 -1       277 1.05351E+02
 -1       278 3.25080E+01
 -1       279 3.25080E+01
 -1       280 3.25080E+01
 -1       281 4.57808E+01
 -1       282 4.57808E+01
 -1       283 4.57808E+01
 -1       284 4.57808E+01
 -1       285 4.57808E+01
 -1       286 4.57808E+01
 -1       287 4.93538E+01
 -1       288 4.93538E+01
 -1       289 4.93538E+01
 -1       290 4.93538E+01
 -1       291 4.93538E+01
 -1       292 4.93538E+01
 -1       293 4.57808E+01
 -1       294 4.57808E+01
 -1       295 4.57808E+01
 -1       296 4.93538E+01
 -1       297 4.93538E+01
 -1       298 4.93538E+01
 -1       299 4.93538E+01
 -1       300 4.93538E+01
 -1       301 4.93538E+01
 -1       302 4.03743E+01
 -1       303 4.03743E+01
 -1       304 4.03743E+01
 -1       305 3.91444E+01
 -1       307 3.91444E+01
 -1       308 4.75673E+01
 -1       310 4.75673E+01
 -1       311 4.93538E+01
 -1       313 4.93538E+01
 -1       314 4.09309E+01
 -1       316 4.09309E+01
 -1       317 4.57808E+01
 -1       319 4.57808E+01
 -1       320 4.57808E+01
 -1       322 4.57808E+01
 -1       323 4.75673E+01
 -1       325 4.75673E+01
 -1       326 4.93538E+01
 -1       328 4.93538E+01
 -1       329 4.93538E+01
 -1       331 4.93538E+01
 -1       332 4.93538E+01
 -1       334 4.93538E+01
 -1       335 4.30775E+01
 -1       337 4.30775E+01
 -1       338 4.48641E+01
 -1       340 4.48641E+01
 -1       341 0.00000E+00
 -1       343 0.00000E+00
 -1       344 0.00000E+00
 -1       346 0.00000E+00
 -1       347 0.00000E+00
 -1       349 0.00000E+00
 -1       350 9.11808E+01
 -1       351 9.11808E+01
 -1       352 9.11808E+01
 -1       353 9.11808E+01
 -1       354 9.11808E+01
 -1       355 9.11808E+01
 -1       356 9.11808E+01
 -1       357 9.11808E+01
 -1       358 9.11808E+01
 -1       359 9.11808E+01
 -1       361 9.11808E+01
 -1       362 9.11808E+01
 -1       364 9.11808E+01
 -1       365 9.11808E+01
 -1       367 9.11808E+01
 -1       368 2.57083E+02
 -1       369 2.57083E+02
 -1       370 2.57083E+02
 -1       371 2.57083E+02
 -1       376 2.57083E+02
 -1       377 2.57083E+02
 -1       378 2.57083E+02
 -1       379 2.57083E+02
 -1       384 2.11110E+02
 -1       385 2.11110E+02
 -1       386 2.11110E+02
 -1       387 2.11110E+02
 -1       392 2.11110E+02
 -1       393 2.11110E+02
 -1       394 2.11110E+02
 -1       395 2.11110E+02
 -1       400 1.23888E+02
 -1       401 1.23888E+02
 -1       402 1.23888E+02
 -1       403 1.23888E+02
 -1       408 4.89632E+01
 -1       409 4.89632E+01
 -1       410 4.89632E+01
 -1       411 4.89632E+01
 -1       412 4.89632E+01
 -1       413 4.89632E+01
 -1       414 4.89632E+01
 -1       415 4.89632E+01
 -1       416 4.89632E+01
 -1       417 4.89632E+01
 -1       418 4.89632E+01
 -1       419 4.89632E+01
 -1       424 4.89632E+01
 -1       425 4.89632E+01
 -1       426 4.89632E+01
 -1       427 4.89632E+01
 -1       428 4.89632E+01
 -1       429 4.89632E+01
 -1       430 4.89632E+01
 -1       431 4.89632E+01
 -1       432 3.90376E+01
 -1       433 3.90376E+01
 -1       434 3.90376E+01
 -1       435 3.90376E+01
 -1       440 2.91120E+01
 -1       441 2.91120E+01
 -1       442 2.91120E+01
 -1       443 2.91120E+01
 -1       444 2.91120E+01
 -1       445 2.91120E+01
 -1       446 2.91120E+01
 -1       447 2.91120E+01
 -1       448 1.54270E+02
 -1       449 1.54270E+02
 -1       450 1.54270E+02
 -1       451 1.54270E+02
 -1       457 6.92859E+01
 -1       458 6.92859E+01
 -1       459 6.92859E+01
 -1       460 6.92859E+01
 -1       466 1.54270E+02
 -1       467 1.54270E+02
 -1       468 1.54270E+02
 -1       469 1.54270E+02
 -1       475 6.92859E+01
 -1       476 6.92859E+01
 -1       477 6.92859E+01
 -1       478 6.92859E+01
 -3
 9999
