    1C
    1Uccxview sample: a rocker pressed onto a plate, surface to surface 
    1UUSER                                                              
    1UDATE              10.october.2026                                 
    1UTIME              12:53:58                                        
    1UHOST                                                              
    1UPGM               CalculiX                                        
    1UVERSION           Version 2.22                             
    1UCOMPILETIME       Mon Aug  5 19:15:25 CEST 2024                    
    1UDIR                                                               
    1UDBN                                                               
    1UMAT    1STEEL                                                     
    1UMAT    2STEEL_ON_STEEL                                            
    2C                           527                                     1
 -1         1-3.00000E+01-2.00000E+01-1.20000E+01
 -1         2-2.50000E+01-2.00000E+01-1.20000E+01
 -1         3-2.00000E+01-2.00000E+01-1.20000E+01
 -1         4-1.50000E+01-2.00000E+01-1.20000E+01
 -1         5-1.00000E+01-2.00000E+01-1.20000E+01
 -1         6-5.00000E+00-2.00000E+01-1.20000E+01
 -1         7 0.00000E+00-2.00000E+01-1.20000E+01
 -1         8 5.00000E+00-2.00000E+01-1.20000E+01
 -1         9 1.00000E+01-2.00000E+01-1.20000E+01
 -1        10 1.50000E+01-2.00000E+01-1.20000E+01
 -1        11 2.00000E+01-2.00000E+01-1.20000E+01
 -1        12 2.50000E+01-2.00000E+01-1.20000E+01
 -1        13 3.00000E+01-2.00000E+01-1.20000E+01
 -1        14-3.00000E+01-1.50000E+01-1.20000E+01
 -1        15-2.50000E+01-1.50000E+01-1.20000E+01
 -1        16-2.00000E+01-1.50000E+01-1.20000E+01
 -1        17-1.50000E+01-1.50000E+01-1.20000E+01
 -1        18-1.00000E+01-1.50000E+01-1.20000E+01
 -1        19-5.00000E+00-1.50000E+01-1.20000E+01
 -1        20 0.00000E+00-1.50000E+01-1.20000E+01
 -1        21 5.00000E+00-1.50000E+01-1.20000E+01
 -1        22 1.00000E+01-1.50000E+01-1.20000E+01
 -1        23 1.50000E+01-1.50000E+01-1.20000E+01
 -1        24 2.00000E+01-1.50000E+01-1.20000E+01
 -1        25 2.50000E+01-1.50000E+01-1.20000E+01
 -1        26 3.00000E+01-1.50000E+01-1.20000E+01
 -1        27-3.00000E+01-1.00000E+01-1.20000E+01
 -1        28-2.50000E+01-1.00000E+01-1.20000E+01
 -1        29-2.00000E+01-1.00000E+01-1.20000E+01
 -1        30-1.50000E+01-1.00000E+01-1.20000E+01
 -1        31-1.00000E+01-1.00000E+01-1.20000E+01
 -1        32-5.00000E+00-1.00000E+01-1.20000E+01
 -1        33 0.00000E+00-1.00000E+01-1.20000E+01
 -1        34 5.00000E+00-1.00000E+01-1.20000E+01
 -1        35 1.00000E+01-1.00000E+01-1.20000E+01
 -1        36 1.50000E+01-1.00000E+01-1.20000E+01
 -1        37 2.00000E+01-1.00000E+01-1.20000E+01
 -1        38 2.50000E+01-1.00000E+01-1.20000E+01
 -1        39 3.00000E+01-1.00000E+01-1.20000E+01
 -1        40-3.00000E+01-5.00000E+00-1.20000E+01
 -1        41-2.50000E+01-5.00000E+00-1.20000E+01
 -1        42-2.00000E+01-5.00000E+00-1.20000E+01
 -1        43-1.50000E+01-5.00000E+00-1.20000E+01
 -1        44-1.00000E+01-5.00000E+00-1.20000E+01
 -1        45-5.00000E+00-5.00000E+00-1.20000E+01
 -1        46 0.00000E+00-5.00000E+00-1.20000E+01
 -1        47 5.00000E+00-5.00000E+00-1.20000E+01
 -1        48 1.00000E+01-5.00000E+00-1.20000E+01
 -1        49 1.50000E+01-5.00000E+00-1.20000E+01
 -1        50 2.00000E+01-5.00000E+00-1.20000E+01
 -1        51 2.50000E+01-5.00000E+00-1.20000E+01
 -1        52 3.00000E+01-5.00000E+00-1.20000E+01
 -1        53-3.00000E+01 0.00000E+00-1.20000E+01
 -1        54-2.50000E+01 0.00000E+00-1.20000E+01
 -1        55-2.00000E+01 0.00000E+00-1.20000E+01
 -1        56-1.50000E+01 0.00000E+00-1.20000E+01
 -1        57-1.00000E+01 0.00000E+00-1.20000E+01
 -1        58-5.00000E+00 0.00000E+00-1.20000E+01
 -1        59 0.00000E+00 0.00000E+00-1.20000E+01
 -1        60 5.00000E+00 0.00000E+00-1.20000E+01
 -1        61 1.00000E+01 0.00000E+00-1.20000E+01
 -1        62 1.50000E+01 0.00000E+00-1.20000E+01
 -1        63 2.00000E+01 0.00000E+00-1.20000E+01
 -1        64 2.50000E+01 0.00000E+00-1.20000E+01
 -1        65 3.00000E+01 0.00000E+00-1.20000E+01
 -1        66-3.00000E+01 5.00000E+00-1.20000E+01
 -1        67-2.50000E+01 5.00000E+00-1.20000E+01
 -1        68-2.00000E+01 5.00000E+00-1.20000E+01
 -1        69-1.50000E+01 5.00000E+00-1.20000E+01
 -1        70-1.00000E+01 5.00000E+00-1.20000E+01
 -1        71-5.00000E+00 5.00000E+00-1.20000E+01
 -1        72 0.00000E+00 5.00000E+00-1.20000E+01
 -1        73 5.00000E+00 5.00000E+00-1.20000E+01
 -1        74 1.00000E+01 5.00000E+00-1.20000E+01
 -1        75 1.50000E+01 5.00000E+00-1.20000E+01
 -1        76 2.00000E+01 5.00000E+00-1.20000E+01
 -1        77 2.50000E+01 5.00000E+00-1.20000E+01
 -1        78 3.00000E+01 5.00000E+00-1.20000E+01
 -1        79-3.00000E+01 1.00000E+01-1.20000E+01
 -1        80-2.50000E+01 1.00000E+01-1.20000E+01
 -1        81-2.00000E+01 1.00000E+01-1.20000E+01
 -1        82-1.50000E+01 1.00000E+01-1.20000E+01
 -1        83-1.00000E+01 1.00000E+01-1.20000E+01
 -1        84-5.00000E+00 1.00000E+01-1.20000E+01
 -1        85 0.00000E+00 1.00000E+01-1.20000E+01
 -1        86 5.00000E+00 1.00000E+01-1.20000E+01
 -1        87 1.00000E+01 1.00000E+01-1.20000E+01
 -1        88 1.50000E+01 1.00000E+01-1.20000E+01
 -1        89 2.00000E+01 1.00000E+01-1.20000E+01
 -1        90 2.50000E+01 1.00000E+01-1.20000E+01
 -1        91 3.00000E+01 1.00000E+01-1.20000E+01
 -1        92-3.00000E+01 1.50000E+01-1.20000E+01
 -1        93-2.50000E+01 1.50000E+01-1.20000E+01
 -1        94-2.00000E+01 1.50000E+01-1.20000E+01
 -1        95-1.50000E+01 1.50000E+01-1.20000E+01
 -1        96-1.00000E+01 1.50000E+01-1.20000E+01
 -1        97-5.00000E+00 1.50000E+01-1.20000E+01
 -1        98 0.00000E+00 1.50000E+01-1.20000E+01
 -1        99 5.00000E+00 1.50000E+01-1.20000E+01
 -1       100 1.00000E+01 1.50000E+01-1.20000E+01
 -1       101 1.50000E+01 1.50000E+01-1.20000E+01
 -1       102 2.00000E+01 1.50000E+01-1.20000E+01
 -1       103 2.50000E+01 1.50000E+01-1.20000E+01
 -1       104 3.00000E+01 1.50000E+01-1.20000E+01
 -1       105-3.00000E+01 2.00000E+01-1.20000E+01
 -1       106-2.50000E+01 2.00000E+01-1.20000E+01
 -1       107-2.00000E+01 2.00000E+01-1.20000E+01
 -1       108-1.50000E+01 2.00000E+01-1.20000E+01
 -1       109-1.00000E+01 2.00000E+01-1.20000E+01
 -1       110-5.00000E+00 2.00000E+01-1.20000E+01
 -1       111 0.00000E+00 2.00000E+01-1.20000E+01
 -1       112 5.00000E+00 2.00000E+01-1.20000E+01
 -1       113 1.00000E+01 2.00000E+01-1.20000E+01
 -1       114 1.50000E+01 2.00000E+01-1.20000E+01
 -1       115 2.00000E+01 2.00000E+01-1.20000E+01
 -1       116 2.50000E+01 2.00000E+01-1.20000E+01
 -1       117 3.00000E+01 2.00000E+01-1.20000E+01
 -1       118-3.00000E+01-2.00000E+01-6.00000E+00
 -1       119-2.50000E+01-2.00000E+01-6.00000E+00
 -1       120-2.00000E+01-2.00000E+01-6.00000E+00
 -1       121-1.50000E+01-2.00000E+01-6.00000E+00
 -1       122-1.00000E+01-2.00000E+01-6.00000E+00
 -1       123-5.00000E+00-2.00000E+01-6.00000E+00
 -1       124 0.00000E+00-2.00000E+01-6.00000E+00
 -1       125 5.00000E+00-2.00000E+01-6.00000E+00
 -1       126 1.00000E+01-2.00000E+01-6.00000E+00
 -1       127 1.50000E+01-2.00000E+01-6.00000E+00
 -1       128 2.00000E+01-2.00000E+01-6.00000E+00
 -1       129 2.50000E+01-2.00000E+01-6.00000E+00
 -1       130 3.00000E+01-2.00000E+01-6.00000E+00
 -1       131-3.00000E+01-1.50000E+01-6.00000E+00
 -1       132-2.50000E+01-1.50000E+01-6.00000E+00
 -1       133-2.00000E+01-1.50000E+01-6.00000E+00
 -1       134-1.50000E+01-1.50000E+01-6.00000E+00
 -1       135-1.00000E+01-1.50000E+01-6.00000E+00
 -1       136-5.00000E+00-1.50000E+01-6.00000E+00
 -1       137 0.00000E+00-1.50000E+01-6.00000E+00
 -1       138 5.00000E+00-1.50000E+01-6.00000E+00
 -1       139 1.00000E+01-1.50000E+01-6.00000E+00
 -1       140 1.50000E+01-1.50000E+01-6.00000E+00
 -1       141 2.00000E+01-1.50000E+01-6.00000E+00
 -1       142 2.50000E+01-1.50000E+01-6.00000E+00
 -1       143 3.00000E+01-1.50000E+01-6.00000E+00
 -1       144-3.00000E+01-1.00000E+01-6.00000E+00
 -1       145-2.50000E+01-1.00000E+01-6.00000E+00
 -1       146-2.00000E+01-1.00000E+01-6.00000E+00
 -1       147-1.50000E+01-1.00000E+01-6.00000E+00
 -1       148-1.00000E+01-1.00000E+01-6.00000E+00
 -1       149-5.00000E+00-1.00000E+01-6.00000E+00
 -1       150 0.00000E+00-1.00000E+01-6.00000E+00
 -1       151 5.00000E+00-1.00000E+01-6.00000E+00
 -1       152 1.00000E+01-1.00000E+01-6.00000E+00
 -1       153 1.50000E+01-1.00000E+01-6.00000E+00
 -1       154 2.00000E+01-1.00000E+01-6.00000E+00
 -1       155 2.50000E+01-1.00000E+01-6.00000E+00
 -1       156 3.00000E+01-1.00000E+01-6.00000E+00
 -1       157-3.00000E+01-5.00000E+00-6.00000E+00
 -1       158-2.50000E+01-5.00000E+00-6.00000E+00
 -1       159-2.00000E+01-5.00000E+00-6.00000E+00
 -1       160-1.50000E+01-5.00000E+00-6.00000E+00
 -1       161-1.00000E+01-5.00000E+00-6.00000E+00
 -1       162-5.00000E+00-5.00000E+00-6.00000E+00
 -1       163 0.00000E+00-5.00000E+00-6.00000E+00
 -1       164 5.00000E+00-5.00000E+00-6.00000E+00
 -1       165 1.00000E+01-5.00000E+00-6.00000E+00
 -1       166 1.50000E+01-5.00000E+00-6.00000E+00
 -1       167 2.00000E+01-5.00000E+00-6.00000E+00
 -1       168 2.50000E+01-5.00000E+00-6.00000E+00
 -1       169 3.00000E+01-5.00000E+00-6.00000E+00
 -1       170-3.00000E+01 0.00000E+00-6.00000E+00
 -1       171-2.50000E+01 0.00000E+00-6.00000E+00
 -1       172-2.00000E+01 0.00000E+00-6.00000E+00
 -1       173-1.50000E+01 0.00000E+00-6.00000E+00
 -1       174-1.00000E+01 0.00000E+00-6.00000E+00
 -1       175-5.00000E+00 0.00000E+00-6.00000E+00
 -1       176 0.00000E+00 0.00000E+00-6.00000E+00
 -1       177 5.00000E+00 0.00000E+00-6.00000E+00
 -1       178 1.00000E+01 0.00000E+00-6.00000E+00
 -1       179 1.50000E+01 0.00000E+00-6.00000E+00
 -1       180 2.00000E+01 0.00000E+00-6.00000E+00
 -1       181 2.50000E+01 0.00000E+00-6.00000E+00
 -1       182 3.00000E+01 0.00000E+00-6.00000E+00
 -1       183-3.00000E+01 5.00000E+00-6.00000E+00
 -1       184-2.50000E+01 5.00000E+00-6.00000E+00
 -1       185-2.00000E+01 5.00000E+00-6.00000E+00
 -1       186-1.50000E+01 5.00000E+00-6.00000E+00
 -1       187-1.00000E+01 5.00000E+00-6.00000E+00
 -1       188-5.00000E+00 5.00000E+00-6.00000E+00
 -1       189 0.00000E+00 5.00000E+00-6.00000E+00
 -1       190 5.00000E+00 5.00000E+00-6.00000E+00
 -1       191 1.00000E+01 5.00000E+00-6.00000E+00
 -1       192 1.50000E+01 5.00000E+00-6.00000E+00
 -1       193 2.00000E+01 5.00000E+00-6.00000E+00
 -1       194 2.50000E+01 5.00000E+00-6.00000E+00
 -1       195 3.00000E+01 5.00000E+00-6.00000E+00
 -1       196-3.00000E+01 1.00000E+01-6.00000E+00
 -1       197-2.50000E+01 1.00000E+01-6.00000E+00
 -1       198-2.00000E+01 1.00000E+01-6.00000E+00
 -1       199-1.50000E+01 1.00000E+01-6.00000E+00
 -1       200-1.00000E+01 1.00000E+01-6.00000E+00
 -1       201-5.00000E+00 1.00000E+01-6.00000E+00
 -1       202 0.00000E+00 1.00000E+01-6.00000E+00
 -1       203 5.00000E+00 1.00000E+01-6.00000E+00
 -1       204 1.00000E+01 1.00000E+01-6.00000E+00
 -1       205 1.50000E+01 1.00000E+01-6.00000E+00
 -1       206 2.00000E+01 1.00000E+01-6.00000E+00
 -1       207 2.50000E+01 1.00000E+01-6.00000E+00
 -1       208 3.00000E+01 1.00000E+01-6.00000E+00
 -1       209-3.00000E+01 1.50000E+01-6.00000E+00
 -1       210-2.50000E+01 1.50000E+01-6.00000E+00
 -1       211-2.00000E+01 1.50000E+01-6.00000E+00
 -1       212-1.50000E+01 1.50000E+01-6.00000E+00
 -1       213-1.00000E+01 1.50000E+01-6.00000E+00
 -1       214-5.00000E+00 1.50000E+01-6.00000E+00
 -1       215 0.00000E+00 1.50000E+01-6.00000E+00
 -1       216 5.00000E+00 1.50000E+01-6.00000E+00
 -1       217 1.00000E+01 1.50000E+01-6.00000E+00
 -1       218 1.50000E+01 1.50000E+01-6.00000E+00
 -1       219 2.00000E+01 1.50000E+01-6.00000E+00
 -1       220 2.50000E+01 1.50000E+01-6.00000E+00
 -1       221 3.00000E+01 1.50000E+01-6.00000E+00
 -1       222-3.00000E+01 2.00000E+01-6.00000E+00
 -1       223-2.50000E+01 2.00000E+01-6.00000E+00
 -1       224-2.00000E+01 2.00000E+01-6.00000E+00
 -1       225-1.50000E+01 2.00000E+01-6.00000E+00
 -1       226-1.00000E+01 2.00000E+01-6.00000E+00
 -1       227-5.00000E+00 2.00000E+01-6.00000E+00
 -1       228 0.00000E+00 2.00000E+01-6.00000E+00
 -1       229 5.00000E+00 2.00000E+01-6.00000E+00
 -1       230 1.00000E+01 2.00000E+01-6.00000E+00
 -1       231 1.50000E+01 2.00000E+01-6.00000E+00
 -1       232 2.00000E+01 2.00000E+01-6.00000E+00
 -1       233 2.50000E+01 2.00000E+01-6.00000E+00
 -1       234 3.00000E+01 2.00000E+01-6.00000E+00
 -1       235-3.00000E+01-2.00000E+01 0.00000E+00
 -1       236-2.50000E+01-2.00000E+01 0.00000E+00
 -1       237-2.00000E+01-2.00000E+01 0.00000E+00
 -1       238-1.50000E+01-2.00000E+01 0.00000E+00
 -1       239-1.00000E+01-2.00000E+01 0.00000E+00
 -1       240-5.00000E+00-2.00000E+01 0.00000E+00
 -1       241 0.00000E+00-2.00000E+01 0.00000E+00
 -1       242 5.00000E+00-2.00000E+01 0.00000E+00
 -1       243 1.00000E+01-2.00000E+01 0.00000E+00
 -1       244 1.50000E+01-2.00000E+01 0.00000E+00
 -1       245 2.00000E+01-2.00000E+01 0.00000E+00
 -1       246 2.50000E+01-2.00000E+01 0.00000E+00
 -1       247 3.00000E+01-2.00000E+01 0.00000E+00
 -1       248-3.00000E+01-1.50000E+01 0.00000E+00
 -1       249-2.50000E+01-1.50000E+01 0.00000E+00
 -1       250-2.00000E+01-1.50000E+01 0.00000E+00
 -1       251-1.50000E+01-1.50000E+01 0.00000E+00
 -1       252-1.00000E+01-1.50000E+01 0.00000E+00
 -1       253-5.00000E+00-1.50000E+01 0.00000E+00
 -1       254 0.00000E+00-1.50000E+01 0.00000E+00
 -1       255 5.00000E+00-1.50000E+01 0.00000E+00
 -1       256 1.00000E+01-1.50000E+01 0.00000E+00
 -1       257 1.50000E+01-1.50000E+01 0.00000E+00
 -1       258 2.00000E+01-1.50000E+01 0.00000E+00
 -1       259 2.50000E+01-1.50000E+01 0.00000E+00
 -1       260 3.00000E+01-1.50000E+01 0.00000E+00
 -1       261-3.00000E+01-1.00000E+01 0.00000E+00
 -1       262-2.50000E+01-1.00000E+01 0.00000E+00
 -1       263-2.00000E+01-1.00000E+01 0.00000E+00
 -1       264-1.50000E+01-1.00000E+01 0.00000E+00
 -1       265-1.00000E+01-1.00000E+01 0.00000E+00
 -1       266-5.00000E+00-1.00000E+01 0.00000E+00
 -1       267 0.00000E+00-1.00000E+01 0.00000E+00
 -1       268 5.00000E+00-1.00000E+01 0.00000E+00
 -1       269 1.00000E+01-1.00000E+01 0.00000E+00
 -1       270 1.50000E+01-1.00000E+01 0.00000E+00
 -1       271 2.00000E+01-1.00000E+01 0.00000E+00
 -1       272 2.50000E+01-1.00000E+01 0.00000E+00
 -1       273 3.00000E+01-1.00000E+01 0.00000E+00
 -1       274-3.00000E+01-5.00000E+00 0.00000E+00
 -1       275-2.50000E+01-5.00000E+00 0.00000E+00
 -1       276-2.00000E+01-5.00000E+00 0.00000E+00
 -1       277-1.50000E+01-5.00000E+00 0.00000E+00
 -1       278-1.00000E+01-5.00000E+00 0.00000E+00
 -1       279-5.00000E+00-5.00000E+00 0.00000E+00
 -1       280 0.00000E+00-5.00000E+00 0.00000E+00
 -1       281 5.00000E+00-5.00000E+00 0.00000E+00
 -1       282 1.00000E+01-5.00000E+00 0.00000E+00
 -1       283 1.50000E+01-5.00000E+00 0.00000E+00
 -1       284 2.00000E+01-5.00000E+00 0.00000E+00
 -1       285 2.50000E+01-5.00000E+00 0.00000E+00
 -1       286 3.00000E+01-5.00000E+00 0.00000E+00
 -1       287-3.00000E+01 0.00000E+00 0.00000E+00
 -1       288-2.50000E+01 0.00000E+00 0.00000E+00
 -1       289-2.00000E+01 0.00000E+00 0.00000E+00
 -1       290-1.50000E+01 0.00000E+00 0.00000E+00
 -1       291-1.00000E+01 0.00000E+00 0.00000E+00
 -1       292-5.00000E+00 0.00000E+00 0.00000E+00
 -1       293 0.00000E+00 0.00000E+00 0.00000E+00
 -1       294 5.00000E+00 0.00000E+00 0.00000E+00
 -1       295 1.00000E+01 0.00000E+00 0.00000E+00
 -1       296 1.50000E+01 0.00000E+00 0.00000E+00
 -1       297 2.00000E+01 0.00000E+00 0.00000E+00
 -1       298 2.50000E+01 0.00000E+00 0.00000E+00
 -1       299 3.00000E+01 0.00000E+00 0.00000E+00
 -1       300-3.00000E+01 5.00000E+00 0.00000E+00
 -1       301-2.50000E+01 5.00000E+00 0.00000E+00
 -1       302-2.00000E+01 5.00000E+00 0.00000E+00
 -1       303-1.50000E+01 5.00000E+00 0.00000E+00
 -1       304-1.00000E+01 5.00000E+00 0.00000E+00
 -1       305-5.00000E+00 5.00000E+00 0.00000E+00
 -1       306 0.00000E+00 5.00000E+00 0.00000E+00
 -1       307 5.00000E+00 5.00000E+00 0.00000E+00
 -1       308 1.00000E+01 5.00000E+00 0.00000E+00
 -1       309 1.50000E+01 5.00000E+00 0.00000E+00
 -1       310 2.00000E+01 5.00000E+00 0.00000E+00
 -1       311 2.50000E+01 5.00000E+00 0.00000E+00
 -1       312 3.00000E+01 5.00000E+00 0.00000E+00
 -1       313-3.00000E+01 1.00000E+01 0.00000E+00
 -1       314-2.50000E+01 1.00000E+01 0.00000E+00
 -1       315-2.00000E+01 1.00000E+01 0.00000E+00
 -1       316-1.50000E+01 1.00000E+01 0.00000E+00
 -1       317-1.00000E+01 1.00000E+01 0.00000E+00
 -1       318-5.00000E+00 1.00000E+01 0.00000E+00
 -1       319 0.00000E+00 1.00000E+01 0.00000E+00
 -1       320 5.00000E+00 1.00000E+01 0.00000E+00
 -1       321 1.00000E+01 1.00000E+01 0.00000E+00
 -1       322 1.50000E+01 1.00000E+01 0.00000E+00
 -1       323 2.00000E+01 1.00000E+01 0.00000E+00
 -1       324 2.50000E+01 1.00000E+01 0.00000E+00
 -1       325 3.00000E+01 1.00000E+01 0.00000E+00
 -1       326-3.00000E+01 1.50000E+01 0.00000E+00
 -1       327-2.50000E+01 1.50000E+01 0.00000E+00
 -1       328-2.00000E+01 1.50000E+01 0.00000E+00
 -1       329-1.50000E+01 1.50000E+01 0.00000E+00
 -1       330-1.00000E+01 1.50000E+01 0.00000E+00
 -1       331-5.00000E+00 1.50000E+01 0.00000E+00
 -1       332 0.00000E+00 1.50000E+01 0.00000E+00
 -1       333 5.00000E+00 1.50000E+01 0.00000E+00
 -1       334 1.00000E+01 1.50000E+01 0.00000E+00
 -1       335 1.50000E+01 1.50000E+01 0.00000E+00
 -1       336 2.00000E+01 1.50000E+01 0.00000E+00
 -1       337 2.50000E+01 1.50000E+01 0.00000E+00
 -1       338 3.00000E+01 1.50000E+01 0.00000E+00
 -1       339-3.00000E+01 2.00000E+01 0.00000E+00
 -1       340-2.50000E+01 2.00000E+01 0.00000E+00
 -1       341-2.00000E+01 2.00000E+01 0.00000E+00
 -1       342-1.50000E+01 2.00000E+01 0.00000E+00
 -1       343-1.00000E+01 2.00000E+01 0.00000E+00
 -1       344-5.00000E+00 2.00000E+01 0.00000E+00
 -1       345 0.00000E+00 2.00000E+01 0.00000E+00
 -1       346 5.00000E+00 2.00000E+01 0.00000E+00
 -1       347 1.00000E+01 2.00000E+01 0.00000E+00
 -1       348 1.50000E+01 2.00000E+01 0.00000E+00
 -1       349 2.00000E+01 2.00000E+01 0.00000E+00
 -1       350 2.50000E+01 2.00000E+01 0.00000E+00
 -1       351 3.00000E+01 2.00000E+01 0.00000E+00
 -1       352-1.50000E+01-6.00000E+00 1.12500E-01
 -1       353-1.20000E+01-6.00000E+00 7.20000E-02
 -1       354-9.00000E+00-6.00000E+00 4.05000E-02
 -1       355-6.00000E+00-6.00000E+00 1.80000E-02
 -1       356-3.00000E+00-6.00000E+00 4.50000E-03
 -1       357 0.00000E+00-6.00000E+00 0.00000E+00
 -1       358 3.00000E+00-6.00000E+00 4.50000E-03
 -1       359 6.00000E+00-6.00000E+00 1.80000E-02
 -1       360 9.00000E+00-6.00000E+00 4.05000E-02
 -1       361 1.20000E+01-6.00000E+00 7.20000E-02
 -1       362 1.50000E+01-6.00000E+00 1.12500E-01
 -1       363-1.50000E+01-2.00000E+00 1.12500E-01
 -1       364-1.20000E+01-2.00000E+00 7.20000E-02
 -1       365-9.00000E+00-2.00000E+00 4.05000E-02
 -1       366-6.00000E+00-2.00000E+00 1.80000E-02
 -1       367-3.00000E+00-2.00000E+00 4.50000E-03
 -1       368 0.00000E+00-2.00000E+00 0.00000E+00
 -1       369 3.00000E+00-2.00000E+00 4.50000E-03
 -1       370 6.00000E+00-2.00000E+00 1.80000E-02
 -1       371 9.00000E+00-2.00000E+00 4.05000E-02
 -1       372 1.20000E+01-2.00000E+00 7.20000E-02
 -1       373 1.50000E+01-2.00000E+00 1.12500E-01
 -1       374-1.50000E+01 2.00000E+00 1.12500E-01
 -1       375-1.20000E+01 2.00000E+00 7.20000E-02
 -1       376-9.00000E+00 2.00000E+00 4.05000E-02
 -1       377-6.00000E+00 2.00000E+00 1.80000E-02
 -1       378-3.00000E+00 2.00000E+00 4.50000E-03
 -1       379 0.00000E+00 2.00000E+00 0.00000E+00
 -1       380 3.00000E+00 2.00000E+00 4.50000E-03
 -1       381 6.00000E+00 2.00000E+00 1.80000E-02
 -1       382 9.00000E+00 2.00000E+00 4.05000E-02
 -1       383 1.20000E+01 2.00000E+00 7.20000E-02
 -1       384 1.50000E+01 2.00000E+00 1.12500E-01
 -1       385-1.50000E+01 6.00000E+00 1.12500E-01
 -1       386-1.20000E+01 6.00000E+00 7.20000E-02
 -1       387-9.00000E+00 6.00000E+00 4.05000E-02
 -1       388-6.00000E+00 6.00000E+00 1.80000E-02
 -1       389-3.00000E+00 6.00000E+00 4.50000E-03
 -1       390 0.00000E+00 6.00000E+00 0.00000E+00
 -1       391 3.00000E+00 6.00000E+00 4.50000E-03
 -1       392 6.00000E+00 6.00000E+00 1.80000E-02
 -1       393 9.00000E+00 6.00000E+00 4.05000E-02
 -1       394 1.20000E+01 6.00000E+00 7.20000E-02
 -1       395 1.50000E+01 6.00000E+00 1.12500E-01
 -1       396-1.50000E+01-6.00000E+00 5.07500E+00
 -1       397-1.20000E+01-6.00000E+00 5.04800E+00
 -1       398-9.00000E+00-6.00000E+00 5.02700E+00
 -1       399-6.00000E+00-6.00000E+00 5.01200E+00
 -1       400-3.00000E+00-6.00000E+00 5.00300E+00
 -1       401 0.00000E+00-6.00000E+00 5.00000E+00
 -1       402 3.00000E+00-6.00000E+00 5.00300E+00
 -1       403 6.00000E+00-6.00000E+00 5.01200E+00
 -1       404 9.00000E+00-6.00000E+00 5.02700E+00
 -1       405 1.20000E+01-6.00000E+00 5.04800E+00
 -1       406 1.50000E+01-6.00000E+00 5.07500E+00
 -1       407-1.50000E+01-2.00000E+00 5.07500E+00
 -1       408-1.20000E+01-2.00000E+00 5.04800E+00
 -1       409-9.00000E+00-2.00000E+00 5.02700E+00
 -1       410-6.00000E+00-2.00000E+00 5.01200E+00
 -1       411-3.00000E+00-2.00000E+00 5.00300E+00
 -1       412 0.00000E+00-2.00000E+00 5.00000E+00
 -1       413 3.00000E+00-2.00000E+00 5.00300E+00
 -1       414 6.00000E+00-2.00000E+00 5.01200E+00
 -1       415 9.00000E+00-2.00000E+00 5.02700E+00
 -1       416 1.20000E+01-2.00000E+00 5.04800E+00
 -1       417 1.50000E+01-2.00000E+00 5.07500E+00
 -1       418-1.50000E+01 2.00000E+00 5.07500E+00
 -1       419-1.20000E+01 2.00000E+00 5.04800E+00
 -1       420-9.00000E+00 2.00000E+00 5.02700E+00
 -1       421-6.00000E+00 2.00000E+00 5.01200E+00
 -1       422-3.00000E+00 2.00000E+00 5.00300E+00
 -1       423 0.00000E+00 2.00000E+00 5.00000E+00
 -1       424 3.00000E+00 2.00000E+00 5.00300E+00
 -1       425 6.00000E+00 2.00000E+00 5.01200E+00
 -1       426 9.00000E+00 2.00000E+00 5.02700E+00
 -1       427 1.20000E+01 2.00000E+00 5.04800E+00
 -1       428 1.50000E+01 2.00000E+00 5.07500E+00
 -1       429-1.50000E+01 6.00000E+00 5.07500E+00
 -1       430-1.20000E+01 6.00000E+00 5.04800E+00
 -1       431-9.00000E+00 6.00000E+00 5.02700E+00
 -1       432-6.00000E+00 6.00000E+00 5.01200E+00
 -1       433-3.00000E+00 6.00000E+00 5.00300E+00
 -1       434 0.00000E+00 6.00000E+00 5.00000E+00
 -1       435 3.00000E+00 6.00000E+00 5.00300E+00
 -1       436 6.00000E+00 6.00000E+00 5.01200E+00
 -1       437 9.00000E+00 6.00000E+00 5.02700E+00
 -1       438 1.20000E+01 6.00000E+00 5.04800E+00
 -1       439 1.50000E+01 6.00000E+00 5.07500E+00
 -1       440-1.50000E+01-6.00000E+00 1.00375E+01
 -1       441-1.20000E+01-6.00000E+00 1.00240E+01
 -1       442-9.00000E+00-6.00000E+00 1.00135E+01
 -1       443-6.00000E+00-6.00000E+00 1.00060E+01
 -1       444-3.00000E+00-6.00000E+00 1.00015E+01
 -1       445 0.00000E+00-6.00000E+00 1.00000E+01
 -1       446 3.00000E+00-6.00000E+00 1.00015E+01
 -1       447 6.00000E+00-6.00000E+00 1.00060E+01
 -1       448 9.00000E+00-6.00000E+00 1.00135E+01
 -1       449 1.20000E+01-6.00000E+00 1.00240E+01
 -1       450 1.50000E+01-6.00000E+00 1.00375E+01
 -1       451-1.50000E+01-2.00000E+00 1.00375E+01
 -1       452-1.20000E+01-2.00000E+00 1.00240E+01
 -1       453-9.00000E+00-2.00000E+00 1.00135E+01
 -1       454-6.00000E+00-2.00000E+00 1.00060E+01
 -1       455-3.00000E+00-2.00000E+00 1.00015E+01
 -1       456 0.00000E+00-2.00000E+00 1.00000E+01
 -1       457 3.00000E+00-2.00000E+00 1.00015E+01
 -1       458 6.00000E+00-2.00000E+00 1.00060E+01
 -1       459 9.00000E+00-2.00000E+00 1.00135E+01
 -1       460 1.20000E+01-2.00000E+00 1.00240E+01
 -1       461 1.50000E+01-2.00000E+00 1.00375E+01
 -1       462-1.50000E+01 2.00000E+00 1.00375E+01
 -1       463-1.20000E+01 2.00000E+00 1.00240E+01
 -1       464-9.00000E+00 2.00000E+00 1.00135E+01
 -1       465-6.00000E+00 2.00000E+00 1.00060E+01
 -1       466-3.00000E+00 2.00000E+00 1.00015E+01
 -1       467 0.00000E+00 2.00000E+00 1.00000E+01
 -1       468 3.00000E+00 2.00000E+00 1.00015E+01
 -1       469 6.00000E+00 2.00000E+00 1.00060E+01
 -1       470 9.00000E+00 2.00000E+00 1.00135E+01
 -1       471 1.20000E+01 2.00000E+00 1.00240E+01
 -1       472 1.50000E+01 2.00000E+00 1.00375E+01
 -1       473-1.50000E+01 6.00000E+00 1.00375E+01
 -1       474-1.20000E+01 6.00000E+00 1.00240E+01
 -1       475-9.00000E+00 6.00000E+00 1.00135E+01
 -1       476-6.00000E+00 6.00000E+00 1.00060E+01
 -1       477-3.00000E+00 6.00000E+00 1.00015E+01
 -1       478 0.00000E+00 6.00000E+00 1.00000E+01
 -1       479 3.00000E+00 6.00000E+00 1.00015E+01
 -1       480 6.00000E+00 6.00000E+00 1.00060E+01
 -1       481 9.00000E+00 6.00000E+00 1.00135E+01
 -1       482 1.20000E+01 6.00000E+00 1.00240E+01
 -1       483 1.50000E+01 6.00000E+00 1.00375E+01
 -1       484-1.50000E+01-6.00000E+00 1.50000E+01
 -1       485-1.20000E+01-6.00000E+00 1.50000E+01
 -1       486-9.00000E+00-6.00000E+00 1.50000E+01
 -1       487-6.00000E+00-6.00000E+00 1.50000E+01
 -1       488-3.00000E+00-6.00000E+00 1.50000E+01
 -1       489 0.00000E+00-6.00000E+00 1.50000E+01
 -1       490 3.00000E+00-6.00000E+00 1.50000E+01
 -1       491 6.00000E+00-6.00000E+00 1.50000E+01
 -1       492 9.00000E+00-6.00000E+00 1.50000E+01
 -1       493 1.20000E+01-6.00000E+00 1.50000E+01
 -1       494 1.50000E+01-6.00000E+00 1.50000E+01
 -1       495-1.50000E+01-2.00000E+00 1.50000E+01
 -1       496-1.20000E+01-2.00000E+00 1.50000E+01
 -1       497-9.00000E+00-2.00000E+00 1.50000E+01
 -1       498-6.00000E+00-2.00000E+00 1.50000E+01
 -1       499-3.00000E+00-2.00000E+00 1.50000E+01
 -1       500 0.00000E+00-2.00000E+00 1.50000E+01
 -1       501 3.00000E+00-2.00000E+00 1.50000E+01
 -1       502 6.00000E+00-2.00000E+00 1.50000E+01
 -1       503 9.00000E+00-2.00000E+00 1.50000E+01
 -1       504 1.20000E+01-2.00000E+00 1.50000E+01
 -1       505 1.50000E+01-2.00000E+00 1.50000E+01
 -1       506-1.50000E+01 2.00000E+00 1.50000E+01
 -1       507-1.20000E+01 2.00000E+00 1.50000E+01
 -1       508-9.00000E+00 2.00000E+00 1.50000E+01
 -1       509-6.00000E+00 2.00000E+00 1.50000E+01
 -1       510-3.00000E+00 2.00000E+00 1.50000E+01
 -1       511 0.00000E+00 2.00000E+00 1.50000E+01
 -1       512 3.00000E+00 2.00000E+00 1.50000E+01
 -1       513 6.00000E+00 2.00000E+00 1.50000E+01
 -1       514 9.00000E+00 2.00000E+00 1.50000E+01
 -1       515 1.20000E+01 2.00000E+00 1.50000E+01
 -1       516 1.50000E+01 2.00000E+00 1.50000E+01
 -1       517-1.50000E+01 6.00000E+00 1.50000E+01
 -1       518-1.20000E+01 6.00000E+00 1.50000E+01
 -1       519-9.00000E+00 6.00000E+00 1.50000E+01
 -1       520-6.00000E+00 6.00000E+00 1.50000E+01
 -1       521-3.00000E+00 6.00000E+00 1.50000E+01
 -1       522 0.00000E+00 6.00000E+00 1.50000E+01
 -1       523 3.00000E+00 6.00000E+00 1.50000E+01
 -1       524 6.00000E+00 6.00000E+00 1.50000E+01
 -1       525 9.00000E+00 6.00000E+00 1.50000E+01
 -1       526 1.20000E+01 6.00000E+00 1.50000E+01
 -1       527 1.50000E+01 6.00000E+00 1.50000E+01
 -3
    3C                           282                                     1
 -1         1    1    0    1
 -2         1         2        15        14       118       119       132       131
 -1         2    1    0    1
 -2         2         3        16        15       119       120       133       132
 -1         3    1    0    1
 -2         3         4        17        16       120       121       134       133
 -1         4    1    0    1
 -2         4         5        18        17       121       122       135       134
 -1         5    1    0    1
 -2         5         6        19        18       122       123       136       135
 -1         6    1    0    1
 -2         6         7        20        19       123       124       137       136
 -1         7    1    0    1
 -2         7         8        21        20       124       125       138       137
 -1         8    1    0    1
 -2         8         9        22        21       125       126       139       138
 -1         9    1    0    1
 -2         9        10        23        22       126       127       140       139
 -1        10    1    0    1
 -2        10        11        24        23       127       128       141       140
 -1        11    1    0    1
 -2        11        12        25        24       128       129       142       141
 -1        12    1    0    1
 -2        12        13        26        25       129       130       143       142
 -1        13    1    0    1
 -2        14        15        28        27       131       132       145       144
 -1        14    1    0    1
 -2        15        16        29        28       132       133       146       145
 -1        15    1    0    1
 -2        16        17        30        29       133       134       147       146
 -1        16    1    0    1
 -2        17        18        31        30       134       135       148       147
 -1        17    1    0    1
 -2        18        19        32        31       135       136       149       148
 -1        18    1    0    1
 -2        19        20        33        32       136       137       150       149
 -1        19    1    0    1
 -2        20        21        34        33       137       138       151       150
 -1        20    1    0    1
 -2        21        22        35        34       138       139       152       151
 -1        21    1    0    1
 -2        22        23        36        35       139       140       153       152
 -1        22    1    0    1
 -2        23        24        37        36       140       141       154       153
 -1        23    1    0    1
 -2        24        25        38        37       141       142       155       154
 -1        24    1    0    1
 -2        25        26        39        38       142       143       156       155
 -1        25    1    0    1
 -2        27        28        41        40       144       145       158       157
 -1        26    1    0    1
 -2        28        29        42        41       145       146       159       158
 -1        27    1    0    1
 -2        29        30        43        42       146       147       160       159
 -1        28    1    0    1
 -2        30        31        44        43       147       148       161       160
 -1        29    1    0    1
 -2        31        32        45        44       148       149       162       161
 -1        30    1    0    1
 -2        32        33        46        45       149       150       163       162
 -1        31    1    0    1
 -2        33        34        47        46       150       151       164       163
 -1        32    1    0    1
 -2        34        35        48        47       151       152       165       164
 -1        33    1    0    1
 -2        35        36        49        48       152       153       166       165
 -1        34    1    0    1
 -2        36        37        50        49       153       154       167       166
 -1        35    1    0    1
 -2        37        38        51        50       154       155       168       167
 -1        36    1    0    1
 -2        38        39        52        51       155       156       169       168
 -1        37    1    0    1
 -2        40        41        54        53       157       158       171       170
 -1        38    1    0    1
 -2        41        42        55        54       158       159       172       171
 -1        39    1    0    1
 -2        42        43        56        55       159       160       173       172
 -1        40    1    0    1
 -2        43        44        57        56       160       161       174       173
 -1        41    1    0    1
 -2        44        45        58        57       161       162       175       174
 -1        42    1    0    1
 -2        45        46        59        58       162       163       176       175
 -1        43    1    0    1
 -2        46        47        60        59       163       164       177       176
 -1        44    1    0    1
 -2        47        48        61        60       164       165       178       177
 -1        45    1    0    1
 -2        48        49        62        61       165       166       179       178
 -1        46    1    0    1
 -2        49        50        63        62       166       167       180       179
 -1        47    1    0    1
 -2        50        51        64        63       167       168       181       180
 -1        48    1    0    1
 -2        51        52        65        64       168       169       182       181
 -1        49    1    0    1
 -2        53        54        67        66       170       171       184       183
 -1        50    1    0    1
 -2        54        55        68        67       171       172       185       184
 -1        51    1    0    1
 -2        55        56        69        68       172       173       186       185
 -1        52    1    0    1
 -2        56        57        70        69       173       174       187       186
 -1        53    1    0    1
 -2        57        58        71        70       174       175       188       187
 -1        54    1    0    1
 -2        58        59        72        71       175       176       189       188
 -1        55    1    0    1
 -2        59        60        73        72       176       177       190       189
 -1        56    1    0    1
 -2        60        61        74        73       177       178       191       190
 -1        57    1    0    1
 -2        61        62        75        74       178       179       192       191
 -1        58    1    0    1
 -2        62        63        76        75       179       180       193       192
 -1        59    1    0    1
 -2        63        64        77        76       180       181       194       193
 -1        60    1    0    1
 -2        64        65        78        77       181       182       195       194
 -1        61    1    0    1
 -2        66        67        80        79       183       184       197       196
 -1        62    1    0    1
 -2        67        68        81        80       184       185       198       197
 -1        63    1    0    1
 -2        68        69        82        81       185       186       199       198
 -1        64    1    0    1
 -2        69        70        83        82       186       187       200       199
 -1        65    1    0    1
 -2        70        71        84        83       187       188       201       200
 -1        66    1    0    1
 -2        71        72        85        84       188       189       202       201
 -1        67    1    0    1
 -2        72        73        86        85       189       190       203       202
 -1        68    1    0    1
 -2        73        74        87        86       190       191       204       203
 -1        69    1    0    1
 -2        74        75        88        87       191       192       205       204
 -1        70    1    0    1
 -2        75        76        89        88       192       193       206       205
 -1        71    1    0    1
 -2        76        77        90        89       193       194       207       206
 -1        72    1    0    1
 -2        77        78        91        90       194       195       208       207
 -1        73    1    0    1
 -2        79        80        93        92       196       197       210       209
 -1        74    1    0    1
 -2        80        81        94        93       197       198       211       210
 -1        75    1    0    1
 -2        81        82        95        94       198       199       212       211
 -1        76    1    0    1
 -2        82        83        96        95       199       200       213       212
 -1        77    1    0    1
 -2        83        84        97        96       200       201       214       213
 -1        78    1    0    1
 -2        84        85        98        97       201       202       215       214
 -1        79    1    0    1
 -2        85        86        99        98       202       203       216       215
 -1        80    1    0    1
 -2        86        87       100        99       203       204       217       216
 -1        81    1    0    1
 -2        87        88       101       100       204       205       218       217
 -1        82    1    0    1
 -2        88        89       102       101       205       206       219       218
 -1        83    1    0    1
 -2        89        90       103       102       206       207       220       219
 -1        84    1    0    1
 -2        90        91       104       103       207       208       221       220
 -1        85    1    0    1
 -2        92        93       106       105       209       210       223       222
 -1        86    1    0    1
 -2        93        94       107       106       210       211       224       223
 -1        87    1    0    1
 -2        94        95       108       107       211       212       225       224
 -1        88    1    0    1
 -2        95        96       109       108       212       213       226       225
 -1        89    1    0    1
 -2        96        97       110       109       213       214       227       226
 -1        90    1    0    1
 -2        97        98       111       110       214       215       228       227
 -1        91    1    0    1
 -2        98        99       112       111       215       216       229       228
 -1        92    1    0    1
 -2        99       100       113       112       216       217       230       229
 -1        93    1    0    1
 -2       100       101       114       113       217       218       231       230
 -1        94    1    0    1
 -2       101       102       115       114       218       219       232       231
 -1        95    1    0    1
 -2       102       103       116       115       219       220       233       232
 -1        96    1    0    1
 -2       103       104       117       116       220       221       234       233
 -1        97    1    0    1
 -2       118       119       132       131       235       236       249       248
 -1        98    1    0    1
 -2       119       120       133       132       236       237       250       249
 -1        99    1    0    1
 -2       120       121       134       133       237       238       251       250
 -1       100    1    0    1
 -2       121       122       135       134       238       239       252       251
 -1       101    1    0    1
 -2       122       123       136       135       239       240       253       252
 -1       102    1    0    1
 -2       123       124       137       136       240       241       254       253
 -1       103    1    0    1
 -2       124       125       138       137       241       242       255       254
 -1       104    1    0    1
 -2       125       126       139       138       242       243       256       255
 -1       105    1    0    1
 -2       126       127       140       139       243       244       257       256
 -1       106    1    0    1
 -2       127       128       141       140       244       245       258       257
 -1       107    1    0    1
 -2       128       129       142       141       245       246       259       258
 -1       108    1    0    1
 -2       129       130       143       142       246       247       260       259
 -1       109    1    0    1
 -2       131       132       145       144       248       249       262       261
 -1       110    1    0    1
 -2       132       133       146       145       249       250       263       262
 -1       111    1    0    1
 -2       133       134       147       146       250       251       264       263
 -1       112    1    0    1
 -2       134       135       148       147       251       252       265       264
 -1       113    1    0    1
 -2       135       136       149       148       252       253       266       265
 -1       114    1    0    1
 -2       136       137       150       149       253       254       267       266
 -1       115    1    0    1
 -2       137       138       151       150       254       255       268       267
 -1       116    1    0    1
 -2       138       139       152       151       255       256       269       268
 -1       117    1    0    1
 -2       139       140       153       152       256       257       270       269
 -1       118    1    0    1
 -2       140       141       154       153       257       258       271       270
 -1       119    1    0    1
 -2       141       142       155       154       258       259       272       271
 -1       120    1    0    1
 -2       142       143       156       155       259       260       273       272
 -1       121    1    0    1
 -2       144       145       158       157       261       262       275       274
 -1       122    1    0    1
 -2       145       146       159       158       262       263       276       275
 -1       123    1    0    1
 -2       146       147       160       159       263       264       277       276
 -1       124    1    0    1
 -2       147       148       161       160       264       265       278       277
 -1       125    1    0    1
 -2       148       149       162       161       265       266       279       278
 -1       126    1    0    1
 -2       149       150       163       162       266       267       280       279
 -1       127    1    0    1
 -2       150       151       164       163       267       268       281       280
 -1       128    1    0    1
 -2       151       152       165       164       268       269       282       281
 -1       129    1    0    1
 -2       152       153       166       165       269       270       283       282
 -1       130    1    0    1
 -2       153       154       167       166       270       271       284       283
 -1       131    1    0    1
 -2       154       155       168       167       271       272       285       284
 -1       132    1    0    1
 -2       155       156       169       168       272       273       286       285
 -1       133    1    0    1
 -2       157       158       171       170       274       275       288       287
 -1       134    1    0    1
 -2       158       159       172       171       275       276       289       288
 -1       135    1    0    1
 -2       159       160       173       172       276       277       290       289
 -1       136    1    0    1
 -2       160       161       174       173       277       278       291       290
 -1       137    1    0    1
 -2       161       162       175       174       278       279       292       291
 -1       138    1    0    1
 -2       162       163       176       175       279       280       293       292
 -1       139    1    0    1
 -2       163       164       177       176       280       281       294       293
 -1       140    1    0    1
 -2       164       165       178       177       281       282       295       294
 -1       141    1    0    1
 -2       165       166       179       178       282       283       296       295
 -1       142    1    0    1
 -2       166       167       180       179       283       284       297       296
 -1       143    1    0    1
 -2       167       168       181       180       284       285       298       297
 -1       144    1    0    1
 -2       168       169       182       181       285       286       299       298
 -1       145    1    0    1
 -2       170       171       184       183       287       288       301       300
 -1       146    1    0    1
 -2       171       172       185       184       288       289       302       301
 -1       147    1    0    1
 -2       172       173       186       185       289       290       303       302
 -1       148    1    0    1
 -2       173       174       187       186       290       291       304       303
 -1       149    1    0    1
 -2       174       175       188       187       291       292       305       304
 -1       150    1    0    1
 -2       175       176       189       188       292       293       306       305
 -1       151    1    0    1
 -2       176       177       190       189       293       294       307       306
 -1       152    1    0    1
 -2       177       178       191       190       294       295       308       307
 -1       153    1    0    1
 -2       178       179       192       191       295       296       309       308
 -1       154    1    0    1
 -2       179       180       193       192       296       297       310       309
 -1       155    1    0    1
 -2       180       181       194       193       297       298       311       310
 -1       156    1    0    1
 -2       181       182       195       194       298       299       312       311
 -1       157    1    0    1
 -2       183       184       197       196       300       301       314       313
 -1       158    1    0    1
 -2       184       185       198       197       301       302       315       314
 -1       159    1    0    1
 -2       185       186       199       198       302       303       316       315
 -1       160    1    0    1
 -2       186       187       200       199       303       304       317       316
 -1       161    1    0    1
 -2       187       188       201       200       304       305       318       317
 -1       162    1    0    1
 -2       188       189       202       201       305       306       319       318
 -1       163    1    0    1
 -2       189       190       203       202       306       307       320       319
 -1       164    1    0    1
 -2       190       191       204       203       307       308       321       320
 -1       165    1    0    1
 -2       191       192       205       204       308       309       322       321
 -1       166    1    0    1
 -2       192       193       206       205       309       310       323       322
 -1       167    1    0    1
 -2       193       194       207       206       310       311       324       323
 -1       168    1    0    1
 -2       194       195       208       207       311       312       325       324
 -1       169    1    0    1
 -2       196       197       210       209       313       314       327       326
 -1       170    1    0    1
 -2       197       198       211       210       314       315       328       327
 -1       171    1    0    1
 -2       198       199       212       211       315       316       329       328
 -1       172    1    0    1
 -2       199       200       213       212       316       317       330       329
 -1       173    1    0    1
 -2       200       201       214       213       317       318       331       330
 -1       174    1    0    1
 -2       201       202       215       214       318       319       332       331
 -1       175    1    0    1
 -2       202       203       216       215       319       320       333       332
 -1       176    1    0    1
 -2       203       204       217       216       320       321       334       333
 -1       177    1    0    1
 -2       204       205       218       217       321       322       335       334
 -1       178    1    0    1
 -2       205       206       219       218       322       323       336       335
 -1       179    1    0    1
 -2       206       207       220       219       323       324       337       336
 -1       180    1    0    1
 -2       207       208       221       220       324       325       338       337
 -1       181    1    0    1
 -2       209       210       223       222       326       327       340       339
 -1       182    1    0    1
 -2       210       211       224       223       327       328       341       340
 -1       183    1    0    1
 -2       211       212       225       224       328       329       342       341
 -1       184    1    0    1
 -2       212       213       226       225       329       330       343       342
 -1       185    1    0    1
 -2       213       214       227       226       330       331       344       343
 -1       186    1    0    1
 -2       214       215       228       227       331       332       345       344
 -1       187    1    0    1
 -2       215       216       229       228       332       333       346       345
 -1       188    1    0    1
 -2       216       217       230       229       333       334       347       346
 -1       189    1    0    1
 -2       217       218       231       230       334       335       348       347
 -1       190    1    0    1
 -2       218       219       232       231       335       336       349       348
 -1       191    1    0    1
 -2       219       220       233       232       336       337       350       349
 -1       192    1    0    1
 -2       220       221       234       233       337       338       351       350
 -1       193    1    0    1
 -2       352       353       364       363       396       397       408       407
 -1       194    1    0    1
 -2       353       354       365       364       397       398       409       408
 -1       195    1    0    1
 -2       354       355       366       365       398       399       410       409
 -1       196    1    0    1
 -2       355       356       367       366       399       400       411       410
 -1       197    1    0    1
 -2       356       357       368       367       400       401       412       411
 -1       198    1    0    1
 -2       357       358       369       368       401       402       413       412
 -1       199    1    0    1
 -2       358       359       370       369       402       403       414       413
 -1       200    1    0    1
 -2       359       360       371       370       403       404       415       414
 -1       201    1    0    1
 -2       360       361       372       371       404       405       416       415
 -1       202    1    0    1
 -2       361       362       373       372       405       406       417       416
 -1       203    1    0    1
 -2       363       364       375       374       407       408       419       418
 -1       204    1    0    1
 -2       364       365       376       375       408       409       420       419
 -1       205    1    0    1
 -2       365       366       377       376       409       410       421       420
 -1       206    1    0    1
 -2       366       367       378       377       410       411       422       421
 -1       207    1    0    1
 -2       367       368       379       378       411       412       423       422
 -1       208    1    0    1
 -2       368       369       380       379       412       413       424       423
 -1       209    1    0    1
 -2       369       370       381       380       413       414       425       424
 -1       210    1    0    1
 -2       370       371       382       381       414       415       426       425
 -1       211    1    0    1
 -2       371       372       383       382       415       416       427       426
 -1       212    1    0    1
 -2       372       373       384       383       416       417       428       427
 -1       213    1    0    1
 -2       374       375       386       385       418       419       430       429
 -1       214    1    0    1
 -2       375       376       387       386       419       420       431       430
 -1       215    1    0    1
 -2       376       377       388       387       420       421       432       431
 -1       216    1    0    1
 -2       377       378       389       388       421       422       433       432
 -1       217    1    0    1
 -2       378       379       390       389       422       423       434       433
 -1       218    1    0    1
 -2       379       380       391       390       423       424       435       434
 -1       219    1    0    1
 -2       380       381       392       391       424       425       436       435
 -1       220    1    0    1
 -2       381       382       393       392       425       426       437       436
 -1       221    1    0    1
 -2       382       383       394       393       426       427       438       437
 -1       222    1    0    1
 -2       383       384       395       394       427       428       439       438
 -1       223    1    0    1
 -2       396       397       408       407       440       441       452       451
 -1       224    1    0    1
 -2       397       398       409       408       441       442       453       452
 -1       225    1    0    1
 -2       398       399       410       409       442       443       454       453
 -1       226    1    0    1
 -2       399       400       411       410       443       444       455       454
 -1       227    1    0    1
 -2       400       401       412       411       444       445       456       455
 -1       228    1    0    1
 -2       401       402       413       412       445       446       457       456
 -1       229    1    0    1
 -2       402       403       414       413       446       447       458       457
 -1       230    1    0    1
 -2       403       404       415       414       447       448       459       458
 -1       231    1    0    1
 -2       404       405       416       415       448       449       460       459
 -1       232    1    0    1
 -2       405       406       417       416       449       450       461       460
 -1       233    1    0    1
 -2       407       408       419       418       451       452       463       462
 -1       234    1    0    1
 -2       408       409       420       419       452       453       464       463
 -1       235    1    0    1
 -2       409       410       421       420       453       454       465       464
 -1       236    1    0    1
 -2       410       411       422       421       454       455       466       465
 -1       237    1    0    1
 -2       411       412       423       422       455       456       467       466
 -1       238    1    0    1
 -2       412       413       424       423       456       457       468       467
 -1       239    1    0    1
 -2       413       414       425       424       457       458       469       468
 -1       240    1    0    1
 -2       414       415       426       425       458       459       470       469
 -1       241    1    0    1
 -2       415       416       427       426       459       460       471       470
 -1       242    1    0    1
 -2       416       417       428       427       460       461       472       471
 -1       243    1    0    1
 -2       418       419       430       429       462       463       474       473
 -1       244    1    0    1
 -2       419       420       431       430       463       464       475       474
 -1       245    1    0    1
 -2       420       421       432       431       464       465       476       475
 -1       246    1    0    1
 -2       421       422       433       432       465       466       477       476
 -1       247    1    0    1
 -2       422       423       434       433       466       467       478       477
 -1       248    1    0    1
 -2       423       424       435       434       467       468       479       478
 -1       249    1    0    1
 -2       424       425       436       435       468       469       480       479
 -1       250    1    0    1
 -2       425       426       437       436       469       470       481       480
 -1       251    1    0    1
 -2       426       427       438       437       470       471       482       481
 -1       252    1    0    1
 -2       427       428       439       438       471       472       483       482
 -1       253    1    0    1
 -2       440       441       452       451       484       485       496       495
 -1       254    1    0    1
 -2       441       442       453       452       485       486       497       496
 -1       255    1    0    1
 -2       442       443       454       453       486       487       498       497
 -1       256    1    0    1
 -2       443       444       455       454       487       488       499       498
 -1       257    1    0    1
 -2       444       445       456       455       488       489       500       499
 -1       258    1    0    1
 -2       445       446       457       456       489       490       501       500
 -1       259    1    0    1
 -2       446       447       458       457       490       491       502       501
 -1       260    1    0    1
 -2       447       448       459       458       491       492       503       502
 -1       261    1    0    1
 -2       448       449       460       459       492       493       504       503
 -1       262    1    0    1
 -2       449       450       461       460       493       494       505       504
 -1       263    1    0    1
 -2       451       452       463       462       495       496       507       506
 -1       264    1    0    1
 -2       452       453       464       463       496       497       508       507
 -1       265    1    0    1
 -2       453       454       465       464       497       498       509       508
 -1       266    1    0    1
 -2       454       455       466       465       498       499       510       509
 -1       267    1    0    1
 -2       455       456       467       466       499       500       511       510
 -1       268    1    0    1
 -2       456       457       468       467       500       501       512       511
 -1       269    1    0    1
 -2       457       458       469       468       501       502       513       512
 -1       270    1    0    1
 -2       458       459       470       469       502       503       514       513
 -1       271    1    0    1
 -2       459       460       471       470       503       504       515       514
 -1       272    1    0    1
 -2       460       461       472       471       504       505       516       515
 -1       273    1    0    1
 -2       462       463       474       473       506       507       518       517
 -1       274    1    0    1
 -2       463       464       475       474       507       508       519       518
 -1       275    1    0    1
 -2       464       465       476       475       508       509       520       519
 -1       276    1    0    1
 -2       465       466       477       476       509       510       521       520
 -1       277    1    0    1
 -2       466       467       478       477       510       511       522       521
 -1       278    1    0    1
 -2       467       468       479       478       511       512       523       522
 -1       279    1    0    1
 -2       468       469       480       479       512       513       524       523
 -1       280    1    0    1
 -2       469       470       481       480       513       514       525       524
 -1       281    1    0    1
 -2       470       471       482       481       514       515       526       525
 -1       282    1    0    1
 -2       471       472       483       482       515       516       527       526
 -3
    1PSTEP                         1           1           1          
  100CL  101 1.000000000         527                     0    1           1
 -4  DISP        4    1
 -5  D1          1    2    1    0
 -5  D2          1    2    2    0
 -5  D3          1    2    3    0
 -5  ALL         1    2    0    0    1ALL
 -1         1 0.00000E+00 0.00000E+00 0.00000E+00
 -1         2 0.00000E+00 0.00000E+00 0.00000E+00
 -1         3 0.00000E+00 0.00000E+00 0.00000E+00
 -1         4 0.00000E+00 0.00000E+00 0.00000E+00
 -1         5 0.00000E+00 0.00000E+00 0.00000E+00
 -1         6 0.00000E+00 0.00000E+00 0.00000E+00
 -1         7 0.00000E+00 0.00000E+00 0.00000E+00
 -1         8 0.00000E+00 0.00000E+00 0.00000E+00
 -1         9 0.00000E+00 0.00000E+00 0.00000E+00
 -1        10 0.00000E+00 0.00000E+00 0.00000E+00
 -1        11 0.00000E+00 0.00000E+00 0.00000E+00
 -1        12 0.00000E+00 0.00000E+00 0.00000E+00
 -1        13 0.00000E+00 0.00000E+00 0.00000E+00
 -1        14 0.00000E+00 0.00000E+00 0.00000E+00
 -1        15 0.00000E+00 0.00000E+00 0.00000E+00
 -1        16 0.00000E+00 0.00000E+00 0.00000E+00
 -1        17 0.00000E+00 0.00000E+00 0.00000E+00
 -1        18 0.00000E+00 0.00000E+00 0.00000E+00
 -1        19 0.00000E+00 0.00000E+00 0.00000E+00
 -1        20 0.00000E+00 0.00000E+00 0.00000E+00
 -1        21 0.00000E+00 0.00000E+00 0.00000E+00
 -1        22 0.00000E+00 0.00000E+00 0.00000E+00
 -1        23 0.00000E+00 0.00000E+00 0.00000E+00
 -1        24 0.00000E+00 0.00000E+00 0.00000E+00
 -1        25 0.00000E+00 0.00000E+00 0.00000E+00
 -1        26 0.00000E+00 0.00000E+00 0.00000E+00
 -1        27 0.00000E+00 0.00000E+00 0.00000E+00
 -1        28 0.00000E+00 0.00000E+00 0.00000E+00
 -1        29 0.00000E+00 0.00000E+00 0.00000E+00
 -1        30 0.00000E+00 0.00000E+00 0.00000E+00
 -1        31 0.00000E+00 0.00000E+00 0.00000E+00
 -1        32 0.00000E+00 0.00000E+00 0.00000E+00
 -1        33 0.00000E+00 0.00000E+00 0.00000E+00
 -1        34 0.00000E+00 0.00000E+00 0.00000E+00
 -1        35 0.00000E+00 0.00000E+00 0.00000E+00
 -1        36 0.00000E+00 0.00000E+00 0.00000E+00
 -1        37 0.00000E+00 0.00000E+00 0.00000E+00
 -1        38 0.00000E+00 0.00000E+00 0.00000E+00
 -1        39 0.00000E+00 0.00000E+00 0.00000E+00
 -1        40 0.00000E+00 0.00000E+00 0.00000E+00
 -1        41 0.00000E+00 0.00000E+00 0.00000E+00
 -1        42 0.00000E+00 0.00000E+00 0.00000E+00
 -1        43 0.00000E+00 0.00000E+00 0.00000E+00
 -1        44 0.00000E+00 0.00000E+00 0.00000E+00
 -1        45 0.00000E+00 0.00000E+00 0.00000E+00
 -1        46 0.00000E+00 0.00000E+00 0.00000E+00
 -1        47 0.00000E+00 0.00000E+00 0.00000E+00
 -1        48 0.00000E+00 0.00000E+00 0.00000E+00
 -1        49 0.00000E+00 0.00000E+00 0.00000E+00
 -1        50 0.00000E+00 0.00000E+00 0.00000E+00
 -1        51 0.00000E+00 0.00000E+00 0.00000E+00
 -1        52 0.00000E+00 0.00000E+00 0.00000E+00
 -1        53 0.00000E+00 0.00000E+00 0.00000E+00
 -1        54 0.00000E+00 0.00000E+00 0.00000E+00
 -1        55 0.00000E+00 0.00000E+00 0.00000E+00
 -1        56 0.00000E+00 0.00000E+00 0.00000E+00
 -1        57 0.00000E+00 0.00000E+00 0.00000E+00
 -1        58 0.00000E+00 0.00000E+00 0.00000E+00
 -1        59 0.00000E+00 0.00000E+00 0.00000E+00
 -1        60 0.00000E+00 0.00000E+00 0.00000E+00
 -1        61 0.00000E+00 0.00000E+00 0.00000E+00
 -1        62 0.00000E+00 0.00000E+00 0.00000E+00
 -1        63 0.00000E+00 0.00000E+00 0.00000E+00
 -1        64 0.00000E+00 0.00000E+00 0.00000E+00
 -1        65 0.00000E+00 0.00000E+00 0.00000E+00
 -1        66 0.00000E+00 0.00000E+00 0.00000E+00
 -1        67 0.00000E+00 0.00000E+00 0.00000E+00
 -1        68 0.00000E+00 0.00000E+00 0.00000E+00
 -1        69 0.00000E+00 0.00000E+00 0.00000E+00
 -1        70 0.00000E+00 0.00000E+00 0.00000E+00
 -1        71 0.00000E+00 0.00000E+00 0.00000E+00
 -1        72 0.00000E+00 0.00000E+00 0.00000E+00
 -1        73 0.00000E+00 0.00000E+00 0.00000E+00
 -1        74 0.00000E+00 0.00000E+00 0.00000E+00
 -1        75 0.00000E+00 0.00000E+00 0.00000E+00
 -1        76 0.00000E+00 0.00000E+00 0.00000E+00
 -1        77 0.00000E+00 0.00000E+00 0.00000E+00
 -1        78 0.00000E+00 0.00000E+00 0.00000E+00
 -1        79 0.00000E+00 0.00000E+00 0.00000E+00
 -1        80 0.00000E+00 0.00000E+00 0.00000E+00
 -1        81 0.00000E+00 0.00000E+00 0.00000E+00
 -1        82 0.00000E+00 0.00000E+00 0.00000E+00
 -1        83 0.00000E+00 0.00000E+00 0.00000E+00
 -1        84 0.00000E+00 0.00000E+00 0.00000E+00
 -1        85 0.00000E+00 0.00000E+00 0.00000E+00
 -1        86 0.00000E+00 0.00000E+00 0.00000E+00
 -1        87 0.00000E+00 0.00000E+00 0.00000E+00
 -1        88 0.00000E+00 0.00000E+00 0.00000E+00
 -1        89 0.00000E+00 0.00000E+00 0.00000E+00
 -1        90 0.00000E+00 0.00000E+00 0.00000E+00
 -1        91 0.00000E+00 0.00000E+00 0.00000E+00
 -1        92 0.00000E+00 0.00000E+00 0.00000E+00
 -1        93 0.00000E+00 0.00000E+00 0.00000E+00
 -1        94 0.00000E+00 0.00000E+00 0.00000E+00
 -1        95 0.00000E+00 0.00000E+00 0.00000E+00
 -1        96 0.00000E+00 0.00000E+00 0.00000E+00
 -1        97 0.00000E+00 0.00000E+00 0.00000E+00
 -1        98 0.00000E+00 0.00000E+00 0.00000E+00
 -1        99 0.00000E+00 0.00000E+00 0.00000E+00
 -1       100 0.00000E+00 0.00000E+00 0.00000E+00
 -1       101 0.00000E+00 0.00000E+00 0.00000E+00
 -1       102 0.00000E+00 0.00000E+00 0.00000E+00
 -1       103 0.00000E+00 0.00000E+00 0.00000E+00
 -1       104 0.00000E+00 0.00000E+00 0.00000E+00
 -1       105 0.00000E+00 0.00000E+00 0.00000E+00
 -1       106 0.00000E+00 0.00000E+00 0.00000E+00
 -1       107 0.00000E+00 0.00000E+00 0.00000E+00
 -1       108 0.00000E+00 0.00000E+00 0.00000E+00
 -1       109 0.00000E+00 0.00000E+00 0.00000E+00
 -1       110 0.00000E+00 0.00000E+00 0.00000E+00
 -1       111 0.00000E+00 0.00000E+00 0.00000E+00
 -1       112 0.00000E+00 0.00000E+00 0.00000E+00
 -1       113 0.00000E+00 0.00000E+00 0.00000E+00
 -1       114 0.00000E+00 0.00000E+00 0.00000E+00
 -1       115 0.00000E+00 0.00000E+00 0.00000E+00
 -1       116 0.00000E+00 0.00000E+00 0.00000E+00
 -1       117 0.00000E+00 0.00000E+00 0.00000E+00
 -1       118-7.22729E-05-2.08959E-05-4.55345E-05
 -1       119-7.35469E-05-2.86551E-05-1.40385E-05
 -1       120-9.33061E-05-5.18413E-05-8.70399E-06
 -1       121-1.15529E-04-1.04405E-04-6.27472E-06
 -1       122-1.17303E-04-1.87893E-04-4.93442E-06
 -1       123-7.48635E-05-2.69352E-04-7.59595E-06
 -1       124 9.51938E-21-3.02056E-04-1.07289E-05
 -1       125 7.48635E-05-2.69352E-04-7.59595E-06
 -1       126 1.17303E-04-1.87893E-04-4.93442E-06
 -1       127 1.15529E-04-1.04405E-04-6.27472E-06
 -1       128 9.33061E-05-5.18413E-05-8.70399E-06
 -1       129 7.35469E-05-2.86551E-05-1.40385E-05
 -1       130 7.22729E-05-2.08959E-05-4.55345E-05
 -1       131-6.43396E-05-1.36794E-05-3.45623E-05
 -1       132-6.37639E-05-2.22019E-05-1.67081E-07
 -1       133-8.18052E-05-4.73375E-05 1.45072E-05
 -1       134-1.15168E-04-1.12827E-04 1.82856E-05
 -1       135-1.44960E-04-2.42646E-04 6.36994E-07
 -1       136-1.17931E-04-4.08940E-04-3.67660E-06
 -1       137 2.01982E-20-4.88262E-04 4.98005E-06
 -1       138 1.17931E-04-4.08940E-04-3.67660E-06
 -1       139 1.44960E-04-2.42646E-04 6.36994E-07
 -1       140 1.15168E-04-1.12827E-04 1.82856E-05
 -1       141 8.18052E-05-4.73375E-05 1.45072E-05
 -1       142 6.37639E-05-2.22019E-05-1.67081E-07
 -1       143 6.43396E-05-1.36794E-05-3.45623E-05
 -1       144-6.04075E-05-1.18720E-05-3.06440E-05
 -1       145-6.32404E-05-1.81259E-05 5.97909E-06
 -1       146-9.86742E-05-4.28103E-05 2.64638E-05
 -1       147-1.96968E-04-1.20758E-04 2.36902E-05
 -1       148-3.49446E-04-3.21681E-04-1.40001E-04
 -1       149-3.50975E-04-7.36719E-04-6.61035E-04
 -1       150-3.97176E-20-1.12270E-03-1.02008E-03
 -1       151 3.50975E-04-7.36719E-04-6.61035E-04
 -1       152 3.49446E-04-3.21681E-04-1.40001E-04
 -1       153 1.96968E-04-1.20758E-04 2.36902E-05
 -1       154 9.86742E-05-4.28103E-05 2.64638E-05
 -1       155 6.32404E-05-1.81259E-05 5.97909E-06
 -1       156 6.04075E-05-1.18720E-05-3.06440E-05
 -1       157-6.08171E-05-7.64623E-06-2.95362E-05
 -1       158-6.72316E-05-1.04933E-05 1.06634E-05
 -1       159-1.19770E-04-2.60765E-05 3.56761E-05
 -1       160-2.89319E-04-8.42085E-05 3.64480E-05
 -1       161-7.08612E-04-2.56358E-04-3.84632E-04
 -1       162-9.89651E-04-6.73685E-04-1.81384E-03
 -1       163-6.02907E-20-1.09791E-03-2.57988E-03
 -1       164 9.89651E-04-6.73685E-04-1.81384E-03
 -1       165 7.08612E-04-2.56358E-04-3.84632E-04
 -1       166 2.89319E-04-8.42085E-05 3.64480E-05
 -1       167 1.19770E-04-2.60765E-05 3.56761E-05
 -1       168 6.72316E-05-1.04933E-05 1.06634E-05
 -1       169 6.08171E-05-7.64623E-06-2.95362E-05
 -1       170-6.15799E-05-7.34997E-21-2.95919E-05
 -1       171-6.93826E-05-5.66396E-21 1.22847E-05
 -1       172-1.28723E-04 5.49761E-22 3.87074E-05
 -1       173-3.33891E-04-1.44991E-21 4.28297E-05
 -1       174-8.65063E-04 3.08262E-20-5.13376E-04
 -1       175-1.22093E-03 1.43894E-21-2.50521E-03
 -1       176 5.15647E-20 3.99082E-20-3.64369E-03
 -1       177 1.22093E-03 1.02052E-19-2.50521E-03
 -1       178 8.65063E-04 3.01155E-20-5.13376E-04
 -1       179 3.33891E-04 1.72787E-20 4.28297E-05
 -1       180 1.28723E-04 1.24629E-20 3.87074E-05
 -1       181 6.93826E-05 3.05523E-21 1.22847E-05
 -1       182 6.15799E-05 2.02201E-21-2.95919E-05
 -1       183-6.08171E-05 7.64623E-06-2.95362E-05
 -1       184-6.72316E-05 1.04933E-05 1.06634E-05
 -1       185-1.19770E-04 2.60765E-05 3.56761E-05
 -1       186-2.89319E-04 8.42085E-05 3.64480E-05
 -1       187-7.08612E-04 2.56358E-04-3.84632E-04
 -1       188-9.89651E-04 6.73685E-04-1.81384E-03
 -1       189-1.23391E-20 1.09791E-03-2.57988E-03
 -1       190 9.89651E-04 6.73685E-04-1.81384E-03
 -1       191 7.08612E-04 2.56358E-04-3.84632E-04
 -1       192 2.89319E-04 8.42085E-05 3.64480E-05
 -1       193 1.19770E-04 2.60765E-05 3.56761E-05
 -1       194 6.72316E-05 1.04933E-05 1.06634E-05
 -1       195 6.08171E-05 7.64623E-06-2.95362E-05
 -1       196-6.04075E-05 1.18720E-05-3.06440E-05
 -1       197-6.32404E-05 1.81259E-05 5.97909E-06
 -1       198-9.86742E-05 4.28103E-05 2.64638E-05
 -1       199-1.96968E-04 1.20758E-04 2.36902E-05
 -1       200-3.49446E-04 3.21681E-04-1.40001E-04
 -1       201-3.50975E-04 7.36719E-04-6.61035E-04
 -1       202-3.79026E-21 1.12270E-03-1.02008E-03
 -1       203 3.50975E-04 7.36719E-04-6.61035E-04
 -1       204 3.49446E-04 3.21681E-04-1.40001E-04
 -1       205 1.96968E-04 1.20758E-04 2.36902E-05
 -1       206 9.86742E-05 4.28103E-05 2.64638E-05
 -1       207 6.32404E-05 1.81259E-05 5.97909E-06
 -1       208 6.04075E-05 1.18720E-05-3.06440E-05
 -1       209-6.43396E-05 1.36794E-05-3.45623E-05
 -1       210-6.37639E-05 2.22019E-05-1.67081E-07
 -1       211-8.18052E-05 4.73375E-05 1.45072E-05
 -1       212-1.15168E-04 1.12827E-04 1.82856E-05
 -1       213-1.44960E-04 2.42646E-04 6.36994E-07
 -1       214-1.17931E-04 4.08940E-04-3.67660E-06
 -1       215 7.28978E-21 4.88262E-04 4.98005E-06
 -1       216 1.17931E-04 4.08940E-04-3.67660E-06
 -1       217 1.44960E-04 2.42646E-04 6.36994E-07
 -1       218 1.15168E-04 1.12827E-04 1.82856E-05
 -1       219 8.18052E-05 4.73375E-05 1.45072E-05
 -1       220 6.37639E-05 2.22019E-05-1.67081E-07
 -1       221 6.43396E-05 1.36794E-05-3.45623E-05
 -1       222-7.22729E-05 2.08959E-05-4.55345E-05
 -1       223-7.35469E-05 2.86551E-05-1.40385E-05
 -1       224-9.33061E-05 5.18413E-05-8.70399E-06
 -1       225-1.15529E-04 1.04405E-04-6.27472E-06
 -1       226-1.17303E-04 1.87893E-04-4.93442E-06
 -1       227-7.48635E-05 2.69352E-04-7.59595E-06
 -1       228-2.04866E-20 3.02056E-04-1.07289E-05
 -1       229 7.48635E-05 2.69352E-04-7.59595E-06
 -1       230 1.17303E-04 1.87893E-04-4.93442E-06
 -1       231 1.15529E-04 1.04405E-04-6.27472E-06
 -1       232 9.33061E-05 5.18413E-05-8.70399E-06
 -1       233 7.35469E-05 2.86551E-05-1.40385E-05
 -1       234 7.22729E-05 2.08959E-05-4.55345E-05
 -1       235-1.21551E-04-2.75030E-05-4.97451E-05
 -1       236-1.23699E-04-4.23592E-05-1.65205E-05
 -1       237-1.24281E-04-6.75636E-05 4.40332E-06
 -1       238-1.19125E-04-9.96581E-05 1.92515E-05
 -1       239-9.56510E-05-1.23274E-04 4.79785E-05
 -1       240-5.43054E-05-1.37465E-04 9.11504E-05
 -1       241 3.07053E-20-1.44068E-04 1.12864E-04
 -1       242 5.43054E-05-1.37465E-04 9.11504E-05
 -1       243 9.56510E-05-1.23274E-04 4.79785E-05
 -1       244 1.19125E-04-9.96581E-05 1.92515E-05
 -1       245 1.24281E-04-6.75636E-05 4.40332E-06
 -1       246 1.23699E-04-4.23592E-05-1.65205E-05
 -1       247 1.21551E-04-2.75030E-05-4.97451E-05
 -1       248-1.13303E-04-2.80369E-05-4.18828E-05
 -1       249-1.12997E-04-3.98331E-05-5.38001E-06
 -1       250-1.06572E-04-6.54000E-05 1.98682E-05
 -1       251-8.74034E-05-9.46324E-05 2.22876E-05
 -1       252-4.67586E-05-9.76586E-05-2.09999E-05
 -1       253-6.63356E-06-5.44818E-05-1.05877E-04
 -1       254 2.40645E-21-2.27273E-05-1.48226E-04
 -1       255 6.63356E-06-5.44818E-05-1.05877E-04
 -1       256 4.67586E-05-9.76586E-05-2.09999E-05
 -1       257 8.74034E-05-9.46324E-05 2.22876E-05
 -1       258 1.06572E-04-6.54000E-05 1.98682E-05
 -1       259 1.12997E-04-3.98331E-05-5.38001E-06
 -1       260 1.13303E-04-2.80369E-05-4.18828E-05
 -1       261-1.12776E-04-2.31007E-05-3.56170E-05
 -1       262-1.15500E-04-3.08271E-05 5.82017E-06
 -1       263-1.09051E-04-5.15510E-05 4.43171E-05
 -1       264-5.74811E-05-6.10784E-05 3.55483E-05
 -1       265 6.87645E-05 3.59318E-07-2.21269E-04
 -1       266 1.27841E-04 1.85064E-04-6.65767E-04
 -1       267 1.38286E-19 3.37333E-04-8.15395E-04
 -1       268-1.27841E-04 1.85064E-04-6.65767E-04
 -1       269-6.87645E-05 3.59318E-07-2.21269E-04
 -1       270 5.74811E-05-6.10784E-05 3.55483E-05
 -1       271 1.09051E-04-5.15510E-05 4.43171E-05
 -1       272 1.15500E-04-3.08271E-05 5.82017E-06
 -1       273 1.12776E-04-2.31007E-05-3.56170E-05
 -1       274-1.18280E-04-1.36229E-05-3.52597E-05
 -1       275-1.24202E-04-1.72059E-05 1.13094E-05
 -1       276-1.20435E-04-2.91601E-05 6.36831E-05
 -1       277-2.83117E-05-2.66505E-05 2.33298E-05
 -1       278 2.54910E-04 4.75818E-05-3.87005E-04
 -1       279 3.97475E-04 2.50934E-04-3.40614E-03
 -1       280 6.02687E-20 4.20444E-04-8.71665E-03
 -1       281-3.97475E-04 2.50934E-04-3.40614E-03
 -1       282-2.54910E-04 4.75818E-05-3.87005E-04
 -1       283 2.83117E-05-2.66505E-05 2.33298E-05
 -1       284 1.20435E-04-2.91601E-05 6.36831E-05
 -1       285 1.24202E-04-1.72059E-05 1.13094E-05
 -1       286 1.18280E-04-1.36229E-05-3.52597E-05
 -1       287-1.21385E-04-8.57513E-21-3.55400E-05
 -1       288-1.28644E-04 3.89862E-21 1.32246E-05
 -1       289-1.26251E-04-6.11554E-21 7.23239E-05
 -1       290-1.31108E-05-1.27271E-20 1.91282E-05
 -1       291 3.45677E-04-7.74472E-20-5.26045E-04
 -1       292 5.13327E-04-6.94218E-20-4.31771E-03
 -1       293 5.05976E-20-5.13266E-19-1.06931E-02
 -1       294-5.13327E-04 1.44639E-19-4.31771E-03
 -1       295-3.45677E-04 5.81033E-20-5.26045E-04
 -1       296 1.31108E-05 4.09488E-20 1.91282E-05
 -1       297 1.26251E-04 1.77773E-20 7.23239E-05
 -1       298 1.28644E-04 2.33252E-22 1.32246E-05
 -1       299 1.21385E-04 2.81907E-21-3.55400E-05
 -1       300-1.18280E-04 1.36229E-05-3.52597E-05
 -1       301-1.24202E-04 1.72059E-05 1.13094E-05
 -1       302-1.20435E-04 2.91601E-05 6.36831E-05
 -1       303-2.83117E-05 2.66505E-05 2.33298E-05
 -1       304 2.54910E-04-4.75818E-05-3.87005E-04
 -1       305 3.97475E-04-2.50934E-04-3.40614E-03
 -1       306 3.08901E-19-4.20444E-04-8.71665E-03
 -1       307-3.97475E-04-2.50934E-04-3.40614E-03
 -1       308-2.54910E-04-4.75818E-05-3.87005E-04
 -1       309 2.83117E-05 2.66505E-05 2.33298E-05
 -1       310 1.20435E-04 2.91601E-05 6.36831E-05
 -1       311 1.24202E-04 1.72059E-05 1.13094E-05
 -1       312 1.18280E-04 1.36229E-05-3.52597E-05
 -1       313-1.12776E-04 2.31007E-05-3.56170E-05
 -1       314-1.15500E-04 3.08271E-05 5.82017E-06
 -1       315-1.09051E-04 5.15510E-05 4.43171E-05
 -1       316-5.74811E-05 6.10784E-05 3.55483E-05
 -1       317 6.87645E-05-3.59318E-07-2.21269E-04
 -1       318 1.27841E-04-1.85064E-04-6.65767E-04
 -1       319 1.23275E-19-3.37333E-04-8.15395E-04
 -1       320-1.27841E-04-1.85064E-04-6.65767E-04
 -1       321-6.87645E-05-3.59318E-07-2.21269E-04
 -1       322 5.74811E-05 6.10784E-05 3.55483E-05
 -1       323 1.09051E-04 5.15510E-05 4.43171E-05
 -1       324 1.15500E-04 3.08271E-05 5.82017E-06
 -1       325 1.12776E-04 2.31007E-05-3.56170E-05
 -1       326-1.13303E-04 2.80369E-05-4.18828E-05
 -1       327-1.12997E-04 3.98331E-05-5.38001E-06
 -1       328-1.06572E-04 6.54000E-05 1.98682E-05
 -1       329-8.74034E-05 9.46324E-05 2.22876E-05
 -1       330-4.67586E-05 9.76586E-05-2.09999E-05
 -1       331-6.63356E-06 5.44818E-05-1.05877E-04
 -1       332 1.54549E-20 2.27273E-05-1.48226E-04
 -1       333 6.63356E-06 5.44818E-05-1.05877E-04
 -1       334 4.67586E-05 9.76586E-05-2.09999E-05
 -1       335 8.74034E-05 9.46324E-05 2.22876E-05
 -1       336 1.06572E-04 6.54000E-05 1.98682E-05
 -1       337 1.12997E-04 3.98331E-05-5.38001E-06
 -1       338 1.13303E-04 2.80369E-05-4.18828E-05
 -1       339-1.21551E-04 2.75030E-05-4.97451E-05
 -1       340-1.23699E-04 4.23592E-05-1.65205E-05
 -1       341-1.24281E-04 6.75636E-05 4.40332E-06
 -1       342-1.19125E-04 9.96581E-05 1.92515E-05
 -1       343-9.56510E-05 1.23274E-04 4.79785E-05
 -1       344-5.43054E-05 1.37465E-04 9.11504E-05
 -1       345 3.76483E-21 1.44068E-04 1.12864E-04
 -1       346 5.43054E-05 1.37465E-04 9.11504E-05
 -1       347 9.56510E-05 1.23274E-04 4.79785E-05
 -1       348 1.19125E-04 9.96581E-05 1.92515E-05
 -1       349 1.24281E-04 6.75636E-05 4.40332E-06
 -1       350 1.23699E-04 4.23592E-05-1.65205E-05
 -1       351 1.21551E-04 2.75030E-05-4.97451E-05
 -1       352 9.93540E-04 3.17069E-04-2.43276E-02
 -1       353 1.06756E-03 1.54849E-04-2.30120E-02
 -1       354 1.25693E-03-9.73220E-05-2.13196E-02
 -1       355 1.31105E-03-1.06254E-03-1.86089E-02
 -1       356 9.01689E-04-3.34034E-03-1.00189E-02
 -1       357 1.39436E-18-4.19686E-03-8.02067E-03
 -1       358-9.01689E-04-3.34034E-03-1.00189E-02
 -1       359-1.31105E-03-1.06254E-03-1.86089E-02
 -1       360-1.25693E-03-9.73220E-05-2.13196E-02
 -1       361-1.06756E-03 1.54849E-04-2.30120E-02
 -1       362-9.93540E-04 3.17069E-04-2.43276E-02
 -1       363 1.23831E-03 1.41850E-04-2.41917E-02
 -1       364 1.38435E-03 6.94574E-05-2.28318E-02
 -1       365 1.79415E-03-3.94533E-05-2.11186E-02
 -1       366 2.09957E-03-4.51118E-04-1.87708E-02
 -1       367 1.54281E-03-1.00735E-03-1.16119E-02
 -1       368 2.03301E-19-1.32738E-03-1.03520E-02
 -1       369-1.54281E-03-1.00735E-03-1.16119E-02
 -1       370-2.09957E-03-4.51118E-04-1.87708E-02
 -1       371-1.79415E-03-3.94533E-05-2.11186E-02
 -1       372-1.38435E-03 6.94574E-05-2.28318E-02
 -1       373-1.23831E-03 1.41850E-04-2.41917E-02
 -1       374 1.23831E-03-1.41850E-04-2.41917E-02
 -1       375 1.38435E-03-6.94574E-05-2.28318E-02
 -1       376 1.79415E-03 3.94533E-05-2.11186E-02
 -1       377 2.09957E-03 4.51118E-04-1.87708E-02
 -1       378 1.54281E-03 1.00735E-03-1.16119E-02
 -1       379 4.82700E-19 1.32738E-03-1.03520E-02
 -1       380-1.54281E-03 1.00735E-03-1.16119E-02
 -1       381-2.09957E-03 4.51118E-04-1.87708E-02
 -1       382-1.79415E-03 3.94533E-05-2.11186E-02
 -1       383-1.38435E-03-6.94574E-05-2.28318E-02
 -1       384-1.23831E-03-1.41850E-04-2.41917E-02
 -1       385 9.93540E-04-3.17069E-04-2.43276E-02
 -1       386 1.06756E-03-1.54849E-04-2.30120E-02
 -1       387 1.25693E-03 9.73220E-05-2.13196E-02
 -1       388 1.31105E-03 1.06254E-03-1.86089E-02
 -1       389 9.01689E-04 3.34034E-03-1.00189E-02
 -1       390 7.28243E-19 4.19686E-03-8.02067E-03
 -1       391-9.01689E-04 3.34034E-03-1.00189E-02
 -1       392-1.31105E-03 1.06254E-03-1.86089E-02
 -1       393-1.25693E-03 9.73220E-05-2.13196E-02
 -1       394-1.06756E-03-1.54849E-04-2.30120E-02
 -1       395-9.93540E-04-3.17069E-04-2.43276E-02
 -1       396-1.15556E-03 1.76293E-04-2.39724E-02
 -1       397-1.28982E-03-1.47538E-04-2.29842E-02
 -1       398-1.56756E-03-5.24395E-04-2.17272E-02
 -1       399-2.07355E-03-1.03188E-03-1.89943E-02
 -1       400-1.62800E-03-1.70459E-03-1.67117E-02
 -1       401 7.19177E-19-1.92748E-03-1.51018E-02
 -1       402 1.62800E-03-1.70459E-03-1.67117E-02
 -1       403 2.07355E-03-1.03188E-03-1.89943E-02
 -1       404 1.56756E-03-5.24395E-04-2.17272E-02
 -1       405 1.28982E-03-1.47538E-04-2.29842E-02
 -1       406 1.15556E-03 1.76293E-04-2.39724E-02
 -1       407-8.78755E-04 4.27723E-05-2.38630E-02
 -1       408-9.67798E-04-5.74976E-05-2.28825E-02
 -1       409-1.11567E-03-1.75994E-04-2.16926E-02
 -1       410-1.47373E-03-3.77337E-04-1.91944E-02
 -1       411-1.14980E-03-5.62389E-04-1.71719E-02
 -1       412 6.08407E-19-6.62677E-04-1.56887E-02
 -1       413 1.14980E-03-5.62389E-04-1.71719E-02
 -1       414 1.47373E-03-3.77337E-04-1.91944E-02
 -1       415 1.11567E-03-1.75994E-04-2.16926E-02
 -1       416 9.67798E-04-5.74976E-05-2.28825E-02
 -1       417 8.78755E-04 4.27723E-05-2.38630E-02
 -1       418-8.78755E-04-4.27723E-05-2.38630E-02
 -1       419-9.67798E-04 5.74976E-05-2.28825E-02
 -1       420-1.11567E-03 1.75994E-04-2.16926E-02
 -1       421-1.47373E-03 3.77337E-04-1.91944E-02
 -1       422-1.14980E-03 5.62389E-04-1.71719E-02
 -1       423 3.41905E-19 6.62677E-04-1.56887E-02
 -1       424 1.14980E-03 5.62389E-04-1.71719E-02
 -1       425 1.47373E-03 3.77337E-04-1.91944E-02
 -1       426 1.11567E-03 1.75994E-04-2.16926E-02
 -1       427 9.67798E-04 5.74976E-05-2.28825E-02
 -1       428 8.78755E-04-4.27723E-05-2.38630E-02
 -1       429-1.15556E-03-1.76293E-04-2.39724E-02
 -1       430-1.28982E-03 1.47538E-04-2.29842E-02
 -1       431-1.56756E-03 5.24395E-04-2.17272E-02
 -1       432-2.07355E-03 1.03188E-03-1.89943E-02
 -1       433-1.62800E-03 1.70459E-03-1.67117E-02
 -1       434-2.01742E-20 1.92748E-03-1.51018E-02
 -1       435 1.62800E-03 1.70459E-03-1.67117E-02
 -1       436 2.07355E-03 1.03188E-03-1.89943E-02
 -1       437 1.56756E-03 5.24395E-04-2.17272E-02
 -1       438 1.28982E-03 1.47538E-04-2.29842E-02
 -1       439 1.15556E-03-1.76293E-04-2.39724E-02
 -1       440-1.72740E-03-9.65082E-05-2.32931E-02
 -1       441-1.75246E-03-3.71617E-04-2.33393E-02
 -1       442-1.80449E-03-7.15190E-04-2.24490E-02
 -1       443-1.50573E-03-1.08767E-03-2.15647E-02
 -1       444-8.70290E-04-1.31248E-03-2.07892E-02
 -1       445 3.22629E-19-1.43605E-03-2.06340E-02
 -1       446 8.70290E-04-1.31248E-03-2.07892E-02
 -1       447 1.50573E-03-1.08767E-03-2.15647E-02
 -1       448 1.80449E-03-7.15190E-04-2.24490E-02
 -1       449 1.75246E-03-3.71617E-04-2.33393E-02
 -1       450 1.72740E-03-9.65082E-05-2.32931E-02
 -1       451-1.50684E-03-2.13003E-05-2.33245E-02
 -1       452-1.50284E-03-1.07158E-04-2.33874E-02
 -1       453-1.53120E-03-2.08667E-04-2.26061E-02
 -1       454-1.27070E-03-3.10013E-04-2.18319E-02
 -1       455-7.37326E-04-3.97117E-04-2.11389E-02
 -1       456 2.69947E-19-4.27338E-04-2.10091E-02
 -1       457 7.37326E-04-3.97117E-04-2.11389E-02
 -1       458 1.27070E-03-3.10013E-04-2.18319E-02
 -1       459 1.53120E-03-2.08667E-04-2.26061E-02
 -1       460 1.50284E-03-1.07158E-04-2.33874E-02
 -1       461 1.50684E-03-2.13003E-05-2.33245E-02
 -1       462-1.50684E-03 2.13003E-05-2.33245E-02
 -1       463-1.50284E-03 1.07158E-04-2.33874E-02
 -1       464-1.53120E-03 2.08667E-04-2.26061E-02
 -1       465-1.27070E-03 3.10013E-04-2.18319E-02
 -1       466-7.37326E-04 3.97117E-04-2.11389E-02
 -1       467 3.44527E-19 4.27338E-04-2.10091E-02
 -1       468 7.37326E-04 3.97117E-04-2.11389E-02
 -1       469 1.27070E-03 3.10013E-04-2.18319E-02
 -1       470 1.53120E-03 2.08667E-04-2.26061E-02
 -1       471 1.50284E-03 1.07158E-04-2.33874E-02
 -1       472 1.50684E-03 2.13003E-05-2.33245E-02
 -1       473-1.72740E-03 9.65082E-05-2.32931E-02
 -1       474-1.75246E-03 3.71617E-04-2.33393E-02
 -1       475-1.80449E-03 7.15190E-04-2.24490E-02
 -1       476-1.50573E-03 1.08767E-03-2.15647E-02
 -1       477-8.70290E-04 1.31248E-03-2.07892E-02
 -1       478 1.66122E-19 1.43605E-03-2.06340E-02
 -1       479 8.70290E-04 1.31248E-03-2.07892E-02
 -1       480 1.50573E-03 1.08767E-03-2.15647E-02
 -1       481 1.80449E-03 7.15190E-04-2.24490E-02
 -1       482 1.75246E-03 3.71617E-04-2.33393E-02
 -1       483 1.72740E-03 9.65082E-05-2.32931E-02
 -1       484 0.00000E+00 0.00000E+00-2.40000E-02
 -1       485 0.00000E+00 0.00000E+00-2.40000E-02
 -1       486 0.00000E+00 0.00000E+00-2.40000E-02
 -1       487 0.00000E+00 0.00000E+00-2.40000E-02
 -1       488 0.00000E+00 0.00000E+00-2.40000E-02
 -1       489 0.00000E+00 0.00000E+00-2.40000E-02
 -1       490 0.00000E+00 0.00000E+00-2.40000E-02
 -1       491 0.00000E+00 0.00000E+00-2.40000E-02
 -1       492 0.00000E+00 0.00000E+00-2.40000E-02
 -1       493 0.00000E+00 0.00000E+00-2.40000E-02
 -1       494 0.00000E+00 0.00000E+00-2.40000E-02
 -1       495 0.00000E+00 0.00000E+00-2.40000E-02
 -1       496 0.00000E+00 0.00000E+00-2.40000E-02
 -1       497 0.00000E+00 0.00000E+00-2.40000E-02
 -1       498 0.00000E+00 0.00000E+00-2.40000E-02
 -1       499 0.00000E+00 0.00000E+00-2.40000E-02
 -1       500 0.00000E+00 0.00000E+00-2.40000E-02
 -1       501 0.00000E+00 0.00000E+00-2.40000E-02
 -1       502 0.00000E+00 0.00000E+00-2.40000E-02
 -1       503 0.00000E+00 0.00000E+00-2.40000E-02
 -1       504 0.00000E+00 0.00000E+00-2.40000E-02
 -1       505 0.00000E+00 0.00000E+00-2.40000E-02
 -1       506 0.00000E+00 0.00000E+00-2.40000E-02
 -1       507 0.00000E+00 0.00000E+00-2.40000E-02
 -1       508 0.00000E+00 0.00000E+00-2.40000E-02
 -1       509 0.00000E+00 0.00000E+00-2.40000E-02
 -1       510 0.00000E+00 0.00000E+00-2.40000E-02
 -1       511 0.00000E+00 0.00000E+00-2.40000E-02
 -1       512 0.00000E+00 0.00000E+00-2.40000E-02
 -1       513 0.00000E+00 0.00000E+00-2.40000E-02
 -1       514 0.00000E+00 0.00000E+00-2.40000E-02
 -1       515 0.00000E+00 0.00000E+00-2.40000E-02
 -1       516 0.00000E+00 0.00000E+00-2.40000E-02
 -1       517 0.00000E+00 0.00000E+00-2.40000E-02
 -1       518 0.00000E+00 0.00000E+00-2.40000E-02
 -1       519 0.00000E+00 0.00000E+00-2.40000E-02
 -1       520 0.00000E+00 0.00000E+00-2.40000E-02
 -1       521 0.00000E+00 0.00000E+00-2.40000E-02
 -1       522 0.00000E+00 0.00000E+00-2.40000E-02
 -1       523 0.00000E+00 0.00000E+00-2.40000E-02
 -1       524 0.00000E+00 0.00000E+00-2.40000E-02
 -1       525 0.00000E+00 0.00000E+00-2.40000E-02
 -1       526 0.00000E+00 0.00000E+00-2.40000E-02
 -1       527 0.00000E+00 0.00000E+00-2.40000E-02
 -3
    1PSTEP                         2           1           1          
  100CL  101 1.000000000         527                     0    1           1
 -4  STRESS      6    1
 -5  SXX         1    4    1    1
 -5  SYY         1    4    2    2
 -5  SZZ         1    4    3    3
 -5  SXY         1    4    1    2
 -5  SYZ         1    4    2    3
 -5  SZX         1    4    3    1
 -1         1-4.99204E-01-6.08568E-01-1.86763E+00 4.38709E-03-1.34950E-01-7.09129E-01
 -1         2-3.49243E-01-1.85531E-01-6.82975E-01-5.74160E-03-2.19249E-01-8.79001E-01
 -1         3-2.76338E-01-1.31372E-01-6.21232E-01-5.59908E-02-5.14655E-01-1.23299E+00
 -1         4-4.51463E-01-3.16587E-01-7.97082E-01-1.53705E-01-1.36099E+00-1.53511E+00
 -1         5-4.91266E-01-4.56063E-01-9.51031E-01-2.39360E-01-2.88253E+00-1.45602E+00
 -1         6-2.73425E-01-2.67624E-01-1.00838E+00-1.47316E-01-4.44215E+00-8.03147E-01
 -1         7-1.53168E-01-9.27613E-02-1.04778E+00-4.16334E-16-5.08310E+00-5.55112E-17
 -1         8-2.73425E-01-2.67624E-01-1.00838E+00 1.47316E-01-4.44215E+00 8.03147E-01
 -1         9-4.91266E-01-4.56063E-01-9.51031E-01 2.39360E-01-2.88253E+00 1.45602E+00
 -1        10-4.51463E-01-3.16587E-01-7.97082E-01 1.53705E-01-1.36099E+00 1.53511E+00
 -1        11-2.76338E-01-1.31372E-01-6.21232E-01 5.59908E-02-5.14655E-01 1.23299E+00
 -1        12-3.49243E-01-1.85531E-01-6.82975E-01 5.74160E-03-2.19249E-01 8.79001E-01
 -1        13-4.99204E-01-6.08568E-01-1.86763E+00-4.38709E-03-1.34950E-01 7.09129E-01
 -1        14-3.49021E-01-5.79511E-01-1.45086E+00 2.97459E-03-1.26753E-01-5.94608E-01
 -1        15-1.80915E-01-1.64811E-01-1.71564E-01-8.76297E-03-2.16433E-01-7.38713E-01
 -1        16-5.05840E-02-9.40553E-02 1.64785E-01-5.80654E-02-5.17283E-01-1.11894E+00
 -1        17-5.93407E-01-6.35687E-01-3.57089E-01-9.98465E-02-1.57869E+00-1.76490E+00
 -1        18-1.89765E+00-2.26409E+00-2.20508E+00-8.26582E-02-4.36719E+00-2.42844E+00
 -1        19-1.84496E+00-3.61964E+00-3.04193E+00-1.04794E-01-8.69371E+00-1.99624E+00
 -1        20-3.66417E-01-3.60106E+00-2.42489E+00-1.11022E-16-1.10008E+01-2.22045E-16
 -1        21-1.84496E+00-3.61964E+00-3.04193E+00 1.04794E-01-8.69371E+00 1.99624E+00
 -1        22-1.89765E+00-2.26409E+00-2.20508E+00 8.26582E-02-4.36719E+00 2.42844E+00
 -1        23-5.93407E-01-6.35687E-01-3.57089E-01 9.98465E-02-1.57869E+00 1.76490E+00
 -1        24-5.05840E-02-9.40553E-02 1.64785E-01 5.80654E-02-5.17283E-01 1.11894E+00
 -1        25-1.80915E-01-1.64811E-01-1.71564E-01 8.76297E-03-2.16433E-01 7.38713E-01
 -1        26-3.49021E-01-5.79511E-01-1.45086E+00-2.97459E-03-1.26753E-01 5.94608E-01
 -1        27-2.25166E-01-4.54685E-01-1.26244E+00-1.18150E-02-1.17737E-01-5.33989E-01
 -1        28-2.90394E-02 1.00273E-02 8.85418E-02-1.78835E-02-1.77388E-01-7.29916E-01
 -1        29 1.27015E-01 1.82822E-01 5.03798E-01-6.13273E-02-4.43297E-01-1.46493E+00
 -1        30-1.41638E+00-1.01828E+00-1.12606E+00-1.22262E-01-1.74986E+00-3.72411E+00
 -1        31-6.76023E+00-6.19076E+00-1.02190E+01 4.32020E-01-6.30807E+00-7.55850E+00
 -1        32-1.27490E+01-1.44302E+01-3.08394E+01 1.71110E+00-1.52369E+01-6.97467E+00
 -1        33-1.52025E+01-1.87110E+01-4.37715E+01-1.22125E-15-2.22202E+01-3.10862E-15
 -1        34-1.27490E+01-1.44302E+01-3.08394E+01-1.71110E+00-1.52369E+01 6.97467E+00
 -1        35-6.76023E+00-6.19076E+00-1.02190E+01-4.32020E-01-6.30807E+00 7.55850E+00
 -1        36-1.41638E+00-1.01828E+00-1.12606E+00 1.22262E-01-1.74986E+00 3.72411E+00
 -1        37 1.27015E-01 1.82822E-01 5.03798E-01 6.13273E-02-4.43297E-01 1.46493E+00
 -1        38-2.90394E-02 1.00273E-02 8.85418E-02 1.78835E-02-1.77388E-01 7.29916E-01
 -1        39-2.25166E-01-4.54685E-01-1.26244E+00 1.18150E-02-1.17737E-01 5.33989E-01
 -1        40-1.69628E-01-4.11939E-01-1.19352E+00-1.11638E-02-7.75000E-02-5.37300E-01
 -1        41 7.99494E-02 1.09765E-01 2.81197E-01-1.31355E-02-9.95428E-02-7.95119E-01
 -1        42 2.99411E-01 3.45095E-01 7.46832E-01-3.85215E-02-2.42378E-01-1.88390E+00
 -1        43-1.88810E+00-6.31311E-01-1.23371E+00-9.09389E-02-1.21069E+00-6.20871E+00
 -1        44-1.22548E+01-8.88679E+00-2.08623E+01 5.93113E-01-5.17192E+00-1.60313E+01
 -1        45-2.94131E+01-3.01454E+01-7.51064E+01 2.12678E+00-1.37268E+01-1.80418E+01
 -1        46-3.80850E+01-4.11105E+01-1.01877E+02-2.60902E-15-2.09671E+01-3.99680E-15
 -1        47-2.94131E+01-3.01454E+01-7.51064E+01-2.12678E+00-1.37268E+01 1.80418E+01
 -1        48-1.22548E+01-8.88679E+00-2.08623E+01-5.93113E-01-5.17192E+00 1.60313E+01
 -1        49-1.88810E+00-6.31311E-01-1.23371E+00 9.09389E-02-1.21069E+00 6.20871E+00
 -1        50 2.99411E-01 3.45095E-01 7.46832E-01 3.85215E-02-2.42378E-01 1.88390E+00
 -1        51 7.99494E-02 1.09765E-01 2.81197E-01 1.31355E-02-9.95428E-02 7.95119E-01
 -1        52-1.69628E-01-4.11939E-01-1.19352E+00 1.11638E-02-7.75000E-02 5.37300E-01
 -1        53-1.55545E-01-4.01877E-01-1.18528E+00 8.32667E-17-1.28370E-16-5.45323E-01
 -1        54 1.20551E-01 1.47883E-01 3.49865E-01-1.80411E-16-7.97973E-17-8.28707E-01
 -1        55 3.91908E-01 4.38439E-01 8.39403E-01 2.35922E-16-8.32667E-17-2.06126E+00
 -1        56-2.08987E+00-4.52660E-01-1.23087E+00 6.10623E-16 5.55112E-17-7.42669E+00
 -1        57-1.49402E+01-1.01579E+01-2.62093E+01 1.77636E-15 2.88658E-15-1.99979E+01
 -1        58-3.86040E+01-3.73598E+01-1.00849E+02-2.22045E-16 6.66134E-15-2.23969E+01
 -1        59-5.29942E+01-5.27570E+01-1.41331E+02-9.99201E-16 5.77316E-15-8.88178E-15
 -1        60-3.86040E+01-3.73598E+01-1.00849E+02-4.44089E-16 2.22045E-15 2.23969E+01
 -1        61-1.49402E+01-1.01579E+01-2.62093E+01-1.11022E-16-1.11022E-15 1.99979E+01
 -1        62-2.08987E+00-4.52660E-01-1.23087E+00 0.00000E+00 7.77156E-16 7.42669E+00
 -1        63 3.91908E-01 4.38439E-01 8.39403E-01 8.15320E-17 4.16334E-17 2.06126E+00
 -1        64 1.20551E-01 1.47883E-01 3.49865E-01 1.81062E-16 1.04083E-16 8.28707E-01
 -1        65-1.55545E-01-4.01877E-01-1.18528E+00 0.00000E+00 6.59195E-17 5.45323E-01
 -1        66-1.69628E-01-4.11939E-01-1.19352E+00 1.11638E-02 7.75000E-02-5.37300E-01
 -1        67 7.99494E-02 1.09765E-01 2.81197E-01 1.31355E-02 9.95428E-02-7.95119E-01
 -1        68 2.99411E-01 3.45095E-01 7.46832E-01 3.85215E-02 2.42378E-01-1.88390E+00
 -1        69-1.88810E+00-6.31311E-01-1.23371E+00 9.09389E-02 1.21069E+00-6.20871E+00
 -1        70-1.22548E+01-8.88679E+00-2.08623E+01-5.93113E-01 5.17192E+00-1.60313E+01
 -1        71-2.94131E+01-3.01454E+01-7.51064E+01-2.12678E+00 1.37268E+01-1.80418E+01
 -1        72-3.80850E+01-4.11105E+01-1.01877E+02 7.77156E-16 2.09671E+01-3.55271E-15
 -1        73-2.94131E+01-3.01454E+01-7.51064E+01 2.12678E+00 1.37268E+01 1.80418E+01
 -1        74-1.22548E+01-8.88679E+00-2.08623E+01 5.93113E-01 5.17192E+00 1.60313E+01
 -1        75-1.88810E+00-6.31311E-01-1.23371E+00-9.09389E-02 1.21069E+00 6.20871E+00
 -1        76 2.99411E-01 3.45095E-01 7.46832E-01-3.85215E-02 2.42378E-01 1.88390E+00
 -1        77 7.99494E-02 1.09765E-01 2.81197E-01-1.31355E-02 9.95428E-02 7.95119E-01
 -1        78-1.69628E-01-4.11939E-01-1.19352E+00-1.11638E-02 7.75000E-02 5.37300E-01
 -1        79-2.25166E-01-4.54685E-01-1.26244E+00 1.18150E-02 1.17737E-01-5.33989E-01
 -1        80-2.90394E-02 1.00273E-02 8.85418E-02 1.78835E-02 1.77388E-01-7.29916E-01
 -1        81 1.27015E-01 1.82822E-01 5.03798E-01 6.13273E-02 4.43297E-01-1.46493E+00
 -1        82-1.41638E+00-1.01828E+00-1.12606E+00 1.22262E-01 1.74986E+00-3.72411E+00
 -1        83-6.76023E+00-6.19076E+00-1.02190E+01-4.32020E-01 6.30807E+00-7.55850E+00
 -1        84-1.27490E+01-1.44302E+01-3.08394E+01-1.71110E+00 1.52369E+01-6.97467E+00
 -1        85-1.52025E+01-1.87110E+01-4.37715E+01 1.83187E-15 2.22202E+01-4.66294E-15
 -1        86-1.27490E+01-1.44302E+01-3.08394E+01 1.71110E+00 1.52369E+01 6.97467E+00
 -1        87-6.76023E+00-6.19076E+00-1.02190E+01 4.32020E-01 6.30807E+00 7.55850E+00
 -1        88-1.41638E+00-1.01828E+00-1.12606E+00-1.22262E-01 1.74986E+00 3.72411E+00
 -1        89 1.27015E-01 1.82822E-01 5.03798E-01-6.13273E-02 4.43297E-01 1.46493E+00
 -1        90-2.90394E-02 1.00273E-02 8.85418E-02-1.78835E-02 1.77388E-01 7.29916E-01
 -1        91-2.25166E-01-4.54685E-01-1.26244E+00-1.18150E-02 1.17737E-01 5.33989E-01
 -1        92-3.49021E-01-5.79511E-01-1.45086E+00-2.97459E-03 1.26753E-01-5.94608E-01
 -1        93-1.80915E-01-1.64811E-01-1.71564E-01 8.76297E-03 2.16433E-01-7.38713E-01
 -1        94-5.05840E-02-9.40553E-02 1.64785E-01 5.80654E-02 5.17283E-01-1.11894E+00
 -1        95-5.93407E-01-6.35687E-01-3.57089E-01 9.98465E-02 1.57869E+00-1.76490E+00
 -1        96-1.89765E+00-2.26409E+00-2.20508E+00 8.26582E-02 4.36719E+00-2.42844E+00
 -1        97-1.84496E+00-3.61964E+00-3.04193E+00 1.04794E-01 8.69371E+00-1.99624E+00
 -1        98-3.66417E-01-3.60106E+00-2.42489E+00 3.97252E-16 1.10008E+01 2.22045E-16
 -1        99-1.84496E+00-3.61964E+00-3.04193E+00-1.04794E-01 8.69371E+00 1.99624E+00
 -1       100-1.89765E+00-2.26409E+00-2.20508E+00-8.26582E-02 4.36719E+00 2.42844E+00
 -1       101-5.93407E-01-6.35687E-01-3.57089E-01-9.98465E-02 1.57869E+00 1.76490E+00
 -1       102-5.05840E-02-9.40553E-02 1.64785E-01-5.80654E-02 5.17283E-01 1.11894E+00
 -1       103-1.80915E-01-1.64811E-01-1.71564E-01-8.76297E-03 2.16433E-01 7.38713E-01
 -1       104-3.49021E-01-5.79511E-01-1.45086E+00 2.97459E-03 1.26753E-01 5.94608E-01
 -1       105-4.99204E-01-6.08568E-01-1.86763E+00-4.38709E-03 1.34950E-01-7.09129E-01
 -1       106-3.49243E-01-1.85531E-01-6.82975E-01 5.74160E-03 2.19249E-01-8.79001E-01
 -1       107-2.76338E-01-1.31372E-01-6.21232E-01 5.59908E-02 5.14655E-01-1.23299E+00
 -1       108-4.51463E-01-3.16587E-01-7.97082E-01 1.53705E-01 1.36099E+00-1.53511E+00
 -1       109-4.91266E-01-4.56063E-01-9.51031E-01 2.39360E-01 2.88253E+00-1.45602E+00
 -1       110-2.73425E-01-2.67624E-01-1.00838E+00 1.47316E-01 4.44215E+00-8.03147E-01
 -1       111-1.53168E-01-9.27613E-02-1.04778E+00 2.22045E-16 5.08310E+00-3.33067E-16
 -1       112-2.73425E-01-2.67624E-01-1.00838E+00-1.47316E-01 4.44215E+00 8.03147E-01
 -1       113-4.91266E-01-4.56063E-01-9.51031E-01-2.39360E-01 2.88253E+00 1.45602E+00
 -1       114-4.51463E-01-3.16587E-01-7.97082E-01-1.53705E-01 1.36099E+00 1.53511E+00
 -1       115-2.76338E-01-1.31372E-01-6.21232E-01-5.59908E-02 5.14655E-01 1.23299E+00
 -1       116-3.49243E-01-1.85531E-01-6.82975E-01-5.74160E-03 2.19249E-01 8.79001E-01
 -1       117-4.99204E-01-6.08568E-01-1.86763E+00 4.38709E-03 1.34950E-01 7.09129E-01
 -1       118-2.23691E-01-1.45581E-02-1.00003E+00 1.83310E-02-6.64766E-02-4.37739E-01
 -1       119-5.83127E-01 3.43685E-02-4.10496E-01-9.03306E-02-1.34403E-01-5.85062E-01
 -1       120-9.32843E-01-3.77249E-02 2.74652E-02-4.72436E-01-1.95601E-01-7.47110E-01
 -1       121-5.76648E-01-4.70659E-01 5.11806E-01-1.21990E+00-4.47385E-01-7.14717E-01
 -1       122 4.56440E-01-2.21571E+00 1.12639E+00-1.95825E+00-1.03769E+00-6.49645E-01
 -1       123 1.21030E+00-5.77577E+00 1.31794E+00-1.71537E+00-1.38849E+00-4.89588E-01
 -1       124 1.32247E+00-7.83082E+00 1.21794E+00 4.16334E-16-1.37637E+00 2.22045E-16
 -1       125 1.21030E+00-5.77577E+00 1.31794E+00 1.71537E+00-1.38849E+00 4.89588E-01
 -1       126 4.56440E-01-2.21571E+00 1.12639E+00 1.95825E+00-1.03769E+00 6.49645E-01
 -1       127-5.76648E-01-4.70659E-01 5.11806E-01 1.21990E+00-4.47385E-01 7.14717E-01
 -1       128-9.32843E-01-3.77249E-02 2.74652E-02 4.72436E-01-1.95601E-01 7.47110E-01
 -1       129-5.83127E-01 3.43685E-02-4.10496E-01 9.03306E-02-1.34403E-01 5.85062E-01
 -1       130-2.23691E-01-1.45581E-02-1.00003E+00-1.83310E-02-6.64766E-02 4.37739E-01
 -1       131-1.04438E-01-1.07492E-01-8.20721E-01-3.84212E-02-9.20504E-02-3.37935E-01
 -1       132-4.14109E-01 3.16831E-02-1.14278E-01-1.90392E-01-1.34876E-01-4.18438E-01
 -1       133-1.02765E+00-5.08326E-02 4.33903E-01-8.02380E-01-1.93250E-01-5.38112E-01
 -1       134-1.61298E+00-8.14579E-01 5.95482E-01-2.27601E+00-3.94487E-01-6.04167E-01
 -1       135-1.62571E+00-3.78876E+00-4.39090E-01-4.32763E+00-1.35289E+00-2.23379E-01
 -1       136-1.53592E+00-1.18533E+01-3.82455E+00-4.33568E+00-4.27556E+00 3.79117E-01
 -1       137-2.60345E+00-2.05979E+01-7.30842E+00 3.33067E-16-6.31647E+00-1.05471E-15
 -1       138-1.53592E+00-1.18533E+01-3.82455E+00 4.33568E+00-4.27556E+00-3.79117E-01
 -1       139-1.62571E+00-3.78876E+00-4.39090E-01 4.32763E+00-1.35289E+00 2.23379E-01
 -1       140-1.61298E+00-8.14579E-01 5.95482E-01 2.27601E+00-3.94487E-01 6.04167E-01
 -1       141-1.02765E+00-5.08326E-02 4.33903E-01 8.02380E-01-1.93250E-01 5.38112E-01
 -1       142-4.14109E-01 3.16831E-02-1.14278E-01 1.90392E-01-1.34876E-01 4.18438E-01
 -1       143-1.04438E-01-1.07492E-01-8.20721E-01 3.84212E-02-9.20504E-02 3.37935E-01
 -1       144-2.05464E-01-1.61913E-01-7.18307E-01-9.05989E-02-1.15663E-01-3.07744E-01
 -1       145-7.83865E-01 1.25773E-02 4.61960E-02-2.91953E-01-1.16625E-01-3.70636E-01
 -1       146-2.78347E+00-2.27840E-01 6.12833E-01-1.16063E+00-1.85324E-01-5.40809E-01
 -1       147-6.01088E+00-1.24922E+00 2.92295E-01-3.72560E+00-1.12087E-01-1.32090E+00
 -1       148-8.37886E+00-5.93044E+00-5.86389E+00-9.25445E+00-2.67245E+00-4.41444E+00
 -1       149-4.28752E+00-1.75848E+01-1.81812E+01-1.21693E+01-1.48467E+01-7.52593E+00
 -1       150 6.39368E+00-2.55513E+01-2.20048E+01-1.33227E-15-2.20938E+01-3.10862E-15
 -1       151-4.28752E+00-1.75848E+01-1.81812E+01 1.21693E+01-1.48467E+01 7.52593E+00
 -1       152-8.37886E+00-5.93044E+00-5.86389E+00 9.25445E+00-2.67245E+00 4.41444E+00
 -1       153-6.01088E+00-1.24922E+00 2.92295E-01 3.72560E+00-1.12087E-01 1.32090E+00
 -1       154-2.78347E+00-2.27840E-01 6.12833E-01 1.16063E+00-1.85324E-01 5.40809E-01
 -1       155-7.83865E-01 1.25773E-02 4.61960E-02 2.91953E-01-1.16625E-01 3.70636E-01
 -1       156-2.05464E-01-1.61913E-01-7.18307E-01 9.05989E-02-1.15663E-01 3.07744E-01
 -1       157-2.98661E-01-4.70144E-02-6.99322E-01-7.17679E-02-8.39920E-02-3.00843E-01
 -1       158-1.15048E+00 7.16857E-02 9.68008E-02-2.10036E-01-6.17720E-02-3.56774E-01
 -1       159-4.65988E+00-2.71967E-01 6.45198E-01-8.49215E-01-1.20132E-01-5.33094E-01
 -1       160-1.41267E+01-2.07339E+00-1.81283E+00-3.02178E+00 1.01314E-01-2.60672E+00
 -1       161-2.32589E+01-2.82988E+00-1.27310E+01-8.55118E+00-2.47461E+00-1.24611E+01
 -1       162-1.14196E+01-5.14610E+00-7.17361E+01-1.21527E+01-1.58016E+01-2.12346E+01
 -1       163-2.27815E+00-2.29244E+01-1.74475E+02 1.66533E-15-2.36884E+01-4.44089E-15
 -1       164-1.14196E+01-5.14610E+00-7.17361E+01 1.21527E+01-1.58016E+01 2.12346E+01
 -1       165-2.32589E+01-2.82988E+00-1.27310E+01 8.55118E+00-2.47461E+00 1.24611E+01
 -1       166-1.41267E+01-2.07339E+00-1.81283E+00 3.02178E+00 1.01314E-01 2.60672E+00
 -1       167-4.65988E+00-2.71967E-01 6.45198E-01 8.49215E-01-1.20132E-01 5.33094E-01
 -1       168-1.15048E+00 7.16857E-02 9.68008E-02 2.10036E-01-6.17720E-02 3.56774E-01
 -1       169-2.98661E-01-4.70144E-02-6.99322E-01 7.17679E-02-8.39920E-02 3.00843E-01
 -1       170-3.29666E-01 2.06406E-02-6.92591E-01-1.83881E-16-8.67362E-17-3.01673E-01
 -1       171-1.29464E+00 9.57507E-02 1.11316E-01 5.89806E-17 7.80626E-18-3.58733E-01
 -1       172-5.58833E+00-3.40802E-01 6.04107E-01-2.63678E-16-1.35308E-16-5.31167E-01
 -1       173-1.75216E+01-2.14847E+00-2.60659E+00-6.10623E-16-4.44089E-16-3.27547E+00
 -1       174-2.93724E+01-1.75440E+00-1.71185E+01-2.05391E-15-4.71845E-16-1.74919E+01
 -1       175-1.34759E+01 4.37654E-01-9.08545E+01 1.66533E-15-7.10543E-15-3.07755E+01
 -1       176 5.39587E+00-1.06927E+01-2.10193E+02 6.38378E-16 1.08802E-14 5.32907E-15
 -1       177-1.34759E+01 4.37654E-01-9.08545E+01 2.22045E-16-7.32747E-15 3.07755E+01
 -1       178-2.93724E+01-1.75440E+00-1.71185E+01-4.44089E-16 4.52416E-15 1.74919E+01
 -1       179-1.75216E+01-2.14847E+00-2.60659E+00 1.38778E-16-6.59195E-16 3.27547E+00
 -1       180-5.58833E+00-3.40802E-01 6.04107E-01-6.34909E-16 2.77556E-17 5.31167E-01
 -1       181-1.29464E+00 9.57507E-02 1.11316E-01-2.00361E-16 3.64292E-17 3.58733E-01
 -1       182-3.29666E-01 2.06406E-02-6.92591E-01-1.09288E-16 1.45717E-16 3.01673E-01
 -1       183-2.98661E-01-4.70144E-02-6.99322E-01 7.17679E-02 8.39920E-02-3.00843E-01
 -1       184-1.15048E+00 7.16857E-02 9.68008E-02 2.10036E-01 6.17720E-02-3.56774E-01
 -1       185-4.65988E+00-2.71967E-01 6.45198E-01 8.49215E-01 1.20132E-01-5.33094E-01
 -1       186-1.41267E+01-2.07339E+00-1.81283E+00 3.02178E+00-1.01314E-01-2.60672E+00
 -1       187-2.32589E+01-2.82988E+00-1.27310E+01 8.55118E+00 2.47461E+00-1.24611E+01
 -1       188-1.14196E+01-5.14610E+00-7.17361E+01 1.21527E+01 1.58016E+01-2.12346E+01
 -1       189-2.27815E+00-2.29244E+01-1.74475E+02-2.22045E-16 2.36884E+01-1.02141E-14
 -1       190-1.14196E+01-5.14610E+00-7.17361E+01-1.21527E+01 1.58016E+01 2.12346E+01
 -1       191-2.32589E+01-2.82988E+00-1.27310E+01-8.55118E+00 2.47461E+00 1.24611E+01
 -1       192-1.41267E+01-2.07339E+00-1.81283E+00-3.02178E+00-1.01314E-01 2.60672E+00
 -1       193-4.65988E+00-2.71967E-01 6.45198E-01-8.49215E-01 1.20132E-01 5.33094E-01
 -1       194-1.15048E+00 7.16857E-02 9.68008E-02-2.10036E-01 6.17720E-02 3.56774E-01
 -1       195-2.98661E-01-4.70144E-02-6.99322E-01-7.17679E-02 8.39920E-02 3.00843E-01
 -1       196-2.05464E-01-1.61913E-01-7.18307E-01 9.05989E-02 1.15663E-01-3.07744E-01
 -1       197-7.83865E-01 1.25773E-02 4.61960E-02 2.91953E-01 1.16625E-01-3.70636E-01
 -1       198-2.78347E+00-2.27840E-01 6.12833E-01 1.16063E+00 1.85324E-01-5.40809E-01
 -1       199-6.01088E+00-1.24922E+00 2.92295E-01 3.72560E+00 1.12087E-01-1.32090E+00
 -1       200-8.37886E+00-5.93044E+00-5.86389E+00 9.25445E+00 2.67245E+00-4.41444E+00
 -1       201-4.28752E+00-1.75848E+01-1.81812E+01 1.21693E+01 1.48467E+01-7.52593E+00
 -1       202 6.39368E+00-2.55513E+01-2.20048E+01 0.00000E+00 2.20938E+01 1.16573E-15
 -1       203-4.28752E+00-1.75848E+01-1.81812E+01-1.21693E+01 1.48467E+01 7.52593E+00
 -1       204-8.37886E+00-5.93044E+00-5.86389E+00-9.25445E+00 2.67245E+00 4.41444E+00
 -1       205-6.01088E+00-1.24922E+00 2.92295E-01-3.72560E+00 1.12087E-01 1.32090E+00
 -1       206-2.78347E+00-2.27840E-01 6.12833E-01-1.16063E+00 1.85324E-01 5.40809E-01
 -1       207-7.83865E-01 1.25773E-02 4.61960E-02-2.91953E-01 1.16625E-01 3.70636E-01
 -1       208-2.05464E-01-1.61913E-01-7.18307E-01-9.05989E-02 1.15663E-01 3.07744E-01
 -1       209-1.04438E-01-1.07492E-01-8.20721E-01 3.84212E-02 9.20504E-02-3.37935E-01
 -1       210-4.14109E-01 3.16831E-02-1.14278E-01 1.90392E-01 1.34876E-01-4.18438E-01
 -1       211-1.02765E+00-5.08326E-02 4.33903E-01 8.02380E-01 1.93250E-01-5.38112E-01
 -1       212-1.61298E+00-8.14579E-01 5.95482E-01 2.27601E+00 3.94487E-01-6.04167E-01
 -1       213-1.62571E+00-3.78876E+00-4.39090E-01 4.32763E+00 1.35289E+00-2.23379E-01
 -1       214-1.53592E+00-1.18533E+01-3.82455E+00 4.33568E+00 4.27556E+00 3.79117E-01
 -1       215-2.60345E+00-2.05979E+01-7.30842E+00 1.33227E-15 6.31647E+00-6.38378E-16
 -1       216-1.53592E+00-1.18533E+01-3.82455E+00-4.33568E+00 4.27556E+00-3.79117E-01
 -1       217-1.62571E+00-3.78876E+00-4.39090E-01-4.32763E+00 1.35289E+00 2.23379E-01
 -1       218-1.61298E+00-8.14579E-01 5.95482E-01-2.27601E+00 3.94487E-01 6.04167E-01
 -1       219-1.02765E+00-5.08326E-02 4.33903E-01-8.02380E-01 1.93250E-01 5.38112E-01
 -1       220-4.14109E-01 3.16831E-02-1.14278E-01-1.90392E-01 1.34876E-01 4.18438E-01
 -1       221-1.04438E-01-1.07492E-01-8.20721E-01-3.84212E-02 9.20504E-02 3.37935E-01
 -1       222-2.23691E-01-1.45581E-02-1.00003E+00-1.83310E-02 6.64766E-02-4.37739E-01
 -1       223-5.83127E-01 3.43685E-02-4.10496E-01 9.03306E-02 1.34403E-01-5.85062E-01
 -1       224-9.32843E-01-3.77249E-02 2.74652E-02 4.72436E-01 1.95601E-01-7.47110E-01
 -1       225-5.76648E-01-4.70659E-01 5.11806E-01 1.21990E+00 4.47385E-01-7.14717E-01
 -1       226 4.56440E-01-2.21571E+00 1.12639E+00 1.95825E+00 1.03769E+00-6.49645E-01
 -1       227 1.21030E+00-5.77577E+00 1.31794E+00 1.71537E+00 1.38849E+00-4.89588E-01
 -1       228 1.32247E+00-7.83082E+00 1.21794E+00 4.99600E-16 1.37637E+00 2.49800E-16
 -1       229 1.21030E+00-5.77577E+00 1.31794E+00-1.71537E+00 1.38849E+00 4.89588E-01
 -1       230 4.56440E-01-2.21571E+00 1.12639E+00-1.95825E+00 1.03769E+00 6.49645E-01
 -1       231-5.76648E-01-4.70659E-01 5.11806E-01-1.21990E+00 4.47385E-01 7.14717E-01
 -1       232-9.32843E-01-3.77249E-02 2.74652E-02-4.72436E-01 1.95601E-01 7.47110E-01
 -1       233-5.83127E-01 3.43685E-02-4.10496E-01-9.03306E-02 1.34403E-01 5.85062E-01
 -1       234-2.23691E-01-1.45581E-02-1.00003E+00 1.83310E-02 6.64766E-02 4.37739E-01
 -1       235-1.54285E-01-1.23121E-01-1.72891E-01-8.00878E-02 2.23533E-02-1.45992E-01
 -1       236-5.62918E-02 4.41946E-02-1.45742E-01-1.41791E-01-1.76254E-03-2.22974E-01
 -1       237 1.90201E-01 1.84143E-01 2.82163E-01-2.13528E-01 1.26571E-01-1.42173E-01
 -1       238 8.65486E-01 4.11356E-01 6.45286E-01-3.75260E-02 5.42583E-01 3.04218E-01
 -1       239 2.33175E+00 1.58442E+00 1.89179E+00 3.65338E-01 1.17347E+00 7.97959E-01
 -1       240 5.02017E+00 4.98736E+00 4.85366E+00 5.54296E-01 1.51534E+00 6.81674E-01
 -1       241 6.60860E+00 7.27635E+00 6.69904E+00-1.38778E-16 1.62249E+00 4.99600E-16
 -1       242 5.02017E+00 4.98736E+00 4.85366E+00-5.54296E-01 1.51534E+00-6.81674E-01
 -1       243 2.33175E+00 1.58442E+00 1.89179E+00-3.65338E-01 1.17347E+00-7.97959E-01
 -1       244 8.65486E-01 4.11356E-01 6.45286E-01 3.75260E-02 5.42583E-01-3.04218E-01
 -1       245 1.90201E-01 1.84143E-01 2.82163E-01 2.13528E-01 1.26571E-01 1.42173E-01
 -1       246-5.62918E-02 4.41946E-02-1.45742E-01 1.41791E-01-1.76254E-03 2.22974E-01
 -1       247-1.54285E-01-1.23121E-01-1.72891E-01 8.00878E-02 2.23533E-02 1.45992E-01
 -1       248-1.71311E-02 1.41578E-02-2.46024E-01-1.15825E-01-4.91015E-02-9.33732E-02
 -1       249 1.96721E-01 2.45324E-01-1.77021E-01-2.30359E-01-3.17431E-02-1.36490E-01
 -1       250 6.54674E-01 5.44488E-01 2.74064E-02-3.15637E-01 1.31760E-01-2.39747E-02
 -1       251 1.33790E+00 1.12191E+00-3.61082E-01 2.55685E-01 6.73148E-01 2.94811E-01
 -1       252 2.24222E+00 3.20803E+00-1.24869E+00 1.61297E+00 6.42596E-01 1.41871E-01
 -1       253 2.41216E+00 7.78959E+00-3.33230E+00 1.93768E+00 1.59945E-01-3.03280E-01
 -1       254 2.73368E+00 1.16746E+01-4.12210E+00 1.24900E-15 5.50564E-01-5.27356E-16
 -1       255 2.41216E+00 7.78959E+00-3.33230E+00-1.93768E+00 1.59945E-01 3.03280E-01
 -1       256 2.24222E+00 3.20803E+00-1.24869E+00-1.61297E+00 6.42596E-01-1.41871E-01
 -1       257 1.33790E+00 1.12191E+00-3.61082E-01-2.55685E-01 6.73148E-01-2.94811E-01
 -1       258 6.54674E-01 5.44488E-01 2.74064E-02 3.15637E-01 1.31760E-01 2.39747E-02
 -1       259 1.96721E-01 2.45324E-01-1.77021E-01 2.30359E-01-3.17431E-02 1.36490E-01
 -1       260-1.71311E-02 1.41578E-02-2.46024E-01 1.15825E-01-4.91015E-02 9.33732E-02
 -1       261-2.60457E-02 2.33452E-01-1.56240E-01-1.89252E-01-1.07359E-01-7.14038E-02
 -1       262 3.15028E-01 5.59613E-01 2.03830E-02-3.30528E-01-7.19989E-02-1.27574E-02
 -1       263 1.72145E+00 1.41781E+00 6.00588E-01-3.45068E-01 1.59895E-01 4.58830E-01
 -1       264 4.46454E+00 2.78913E+00 1.19540E-01 8.85614E-01 5.63382E-01 5.93431E-01
 -1       265 7.31007E-01-1.21752E-01-5.82909E+00 4.53884E+00 2.02182E+00 1.05052E+00
 -1       266-7.48236E+00-6.50846E+00-4.87279E+00 6.95690E+00-7.11812E+00 4.86011E+00
 -1       267 5.80679E+00-9.11086E-01 1.05081E+01 2.38698E-15-3.69853E+01-6.21725E-15
 -1       268-7.48236E+00-6.50846E+00-4.87279E+00-6.95690E+00-7.11812E+00-4.86011E+00
 -1       269 7.31007E-01-1.21752E-01-5.82909E+00-4.53884E+00 2.02182E+00-1.05052E+00
 -1       270 4.46454E+00 2.78913E+00 1.19540E-01-8.85614E-01 5.63382E-01-5.93431E-01
 -1       271 1.72145E+00 1.41781E+00 6.00588E-01 3.45068E-01 1.59895E-01-4.58830E-01
 -1       272 3.15028E-01 5.59613E-01 2.03830E-02 3.30528E-01-7.19989E-02 1.27574E-02
 -1       273-2.60457E-02 2.33452E-01-1.56240E-01 1.89252E-01-1.07359E-01 7.14038E-02
 -1       274-9.43898E-02 4.17672E-01-1.60860E-01-1.48862E-01-7.76438E-02-6.78692E-02
 -1       275 3.11993E-01 7.69073E-01 5.07834E-02-2.41654E-01-4.80418E-02 8.16786E-02
 -1       276 2.90367E+00 2.35938E+00 1.23362E+00-1.98939E-01 1.37291E-01 7.80929E-01
 -1       277 9.26167E+00 4.10943E+00 2.80842E-02 9.57316E-01 2.92876E-01 1.41266E+00
 -1       278 5.25991E+00 2.84753E+00-3.27380E-01 4.63449E+00 2.04451E+00-1.06784E+01
 -1       279-4.42629E+01-3.07635E+01-7.01568E+01 7.34029E+00-9.27187E+00-3.48018E+01
 -1       280-9.89622E+01-1.02162E+02-2.58539E+02 4.10783E-15-4.52567E+01 1.24345E-14
 -1       281-4.42629E+01-3.07635E+01-7.01568E+01-7.34029E+00-9.27187E+00 3.48018E+01
 -1       282 5.25991E+00 2.84753E+00-3.27380E-01-4.63449E+00 2.04451E+00 1.06784E+01
 -1       283 9.26167E+00 4.10943E+00 2.80842E-02-9.57316E-01 2.92876E-01-1.41266E+00
 -1       284 2.90367E+00 2.35938E+00 1.23362E+00 1.98939E-01 1.37291E-01-7.80929E-01
 -1       285 3.11993E-01 7.69073E-01 5.07834E-02 2.41654E-01-4.80418E-02-8.16786E-02
 -1       286-9.43898E-02 4.17672E-01-1.60860E-01 1.48862E-01-7.76438E-02 6.78692E-02
 -1       287-1.23264E-01 5.00099E-01-1.56892E-01 7.63278E-17-1.73472E-17-6.73798E-02
 -1       288 3.04275E-01 8.44977E-01 5.91561E-02-1.66533E-16-1.85615E-16 1.22334E-01
 -1       289 3.51694E+00 2.81071E+00 1.60484E+00-1.24900E-16 2.49800E-16 9.35777E-01
 -1       290 1.17537E+01 4.87003E+00 2.05529E-01-7.77156E-16-9.43690E-16 1.34368E+00
 -1       291 4.36523E+00-4.45080E-01-1.40334E+00-1.77636E-15-1.55431E-15-1.30146E+01
 -1       292-5.94808E+01-5.10031E+01-8.34264E+01-3.38618E-15 9.76996E-15-3.90219E+01
 -1       293-1.17121E+02-1.38585E+02-2.98396E+02 3.05311E-15-2.13163E-14-1.77636E-14
 -1       294-5.94808E+01-5.10031E+01-8.34264E+01 2.88658E-15 1.15463E-14 3.90219E+01
 -1       295 4.36523E+00-4.45080E-01-1.40334E+00 0.00000E+00 1.52656E-15 1.30146E+01
 -1       296 1.17537E+01 4.87003E+00 2.05529E-01-1.00961E-15 3.46945E-16-1.34368E+00
 -1       297 3.51694E+00 2.81071E+00 1.60484E+00 2.42861E-16 1.17961E-16-9.35777E-01
 -1       298 3.04275E-01 8.44977E-01 5.91561E-02-5.55112E-17-2.96638E-16-1.22334E-01
 -1       299-1.23264E-01 5.00099E-01-1.56892E-01 2.77556E-17 1.83881E-16 6.73798E-02
 -1       300-9.43898E-02 4.17672E-01-1.60860E-01 1.48862E-01 7.76438E-02-6.78692E-02
 -1       301 3.11993E-01 7.69073E-01 5.07834E-02 2.41654E-01 4.80418E-02 8.16786E-02
 -1       302 2.90367E+00 2.35938E+00 1.23362E+00 1.98939E-01-1.37291E-01 7.80929E-01
 -1       303 9.26167E+00 4.10943E+00 2.80842E-02-9.57316E-01-2.92876E-01 1.41266E+00
 -1       304 5.25991E+00 2.84753E+00-3.27380E-01-4.63449E+00-2.04451E+00-1.06784E+01
 -1       305-4.42629E+01-3.07635E+01-7.01568E+01-7.34029E+00 9.27187E+00-3.48018E+01
 -1       306-9.89622E+01-1.02162E+02-2.58539E+02 2.60902E-15 4.52567E+01 1.77636E-15
 -1       307-4.42629E+01-3.07635E+01-7.01568E+01 7.34029E+00 9.27187E+00 3.48018E+01
 -1       308 5.25991E+00 2.84753E+00-3.27380E-01 4.63449E+00-2.04451E+00 1.06784E+01
 -1       309 9.26167E+00 4.10943E+00 2.80842E-02 9.57316E-01-2.92876E-01-1.41266E+00
 -1       310 2.90367E+00 2.35938E+00 1.23362E+00-1.98939E-01-1.37291E-01-7.80929E-01
 -1       311 3.11993E-01 7.69073E-01 5.07834E-02-2.41654E-01 4.80418E-02-8.16786E-02
 -1       312-9.43898E-02 4.17672E-01-1.60860E-01-1.48862E-01 7.76438E-02 6.78692E-02
 -1       313-2.60457E-02 2.33452E-01-1.56240E-01 1.89252E-01 1.07359E-01-7.14038E-02
 -1       314 3.15028E-01 5.59613E-01 2.03830E-02 3.30528E-01 7.19989E-02-1.27574E-02
 -1       315 1.72145E+00 1.41781E+00 6.00588E-01 3.45068E-01-1.59895E-01 4.58830E-01
 -1       316 4.46454E+00 2.78913E+00 1.19540E-01-8.85614E-01-5.63382E-01 5.93431E-01
 -1       317 7.31007E-01-1.21752E-01-5.82909E+00-4.53884E+00-2.02182E+00 1.05052E+00
 -1       318-7.48236E+00-6.50846E+00-4.87279E+00-6.95690E+00 7.11812E+00 4.86011E+00
 -1       319 5.80679E+00-9.11086E-01 1.05081E+01-1.22125E-15 3.69853E+01-6.43929E-15
 -1       320-7.48236E+00-6.50846E+00-4.87279E+00 6.95690E+00 7.11812E+00-4.86011E+00
 -1       321 7.31007E-01-1.21752E-01-5.82909E+00 4.53884E+00-2.02182E+00-1.05052E+00
 -1       322 4.46454E+00 2.78913E+00 1.19540E-01 8.85614E-01-5.63382E-01-5.93431E-01
 -1       323 1.72145E+00 1.41781E+00 6.00588E-01-3.45068E-01-1.59895E-01-4.58830E-01
 -1       324 3.15028E-01 5.59613E-01 2.03830E-02-3.30528E-01 7.19989E-02 1.27574E-02
 -1       325-2.60457E-02 2.33452E-01-1.56240E-01-1.89252E-01 1.07359E-01 7.14038E-02
 -1       326-1.71311E-02 1.41578E-02-2.46024E-01 1.15825E-01 4.91015E-02-9.33732E-02
 -1       327 1.96721E-01 2.45324E-01-1.77021E-01 2.30359E-01 3.17431E-02-1.36490E-01
 -1       328 6.54674E-01 5.44488E-01 2.74064E-02 3.15637E-01-1.31760E-01-2.39747E-02
 -1       329 1.33790E+00 1.12191E+00-3.61082E-01-2.55685E-01-6.73148E-01 2.94811E-01
 -1       330 2.24222E+00 3.20803E+00-1.24869E+00-1.61297E+00-6.42596E-01 1.41871E-01
 -1       331 2.41216E+00 7.78959E+00-3.33230E+00-1.93768E+00-1.59945E-01-3.03280E-01
 -1       332 2.73368E+00 1.16746E+01-4.12210E+00-2.49800E-16-5.50564E-01-3.67761E-16
 -1       333 2.41216E+00 7.78959E+00-3.33230E+00 1.93768E+00-1.59945E-01 3.03280E-01
 -1       334 2.24222E+00 3.20803E+00-1.24869E+00 1.61297E+00-6.42596E-01-1.41871E-01
 -1       335 1.33790E+00 1.12191E+00-3.61082E-01 2.55685E-01-6.73148E-01-2.94811E-01
 -1       336 6.54674E-01 5.44488E-01 2.74064E-02-3.15637E-01-1.31760E-01 2.39747E-02
 -1       337 1.96721E-01 2.45324E-01-1.77021E-01-2.30359E-01 3.17431E-02 1.36490E-01
 -1       338-1.71311E-02 1.41578E-02-2.46024E-01-1.15825E-01 4.91015E-02 9.33732E-02
 -1       339-1.54285E-01-1.23121E-01-1.72891E-01 8.00878E-02-2.23533E-02-1.45992E-01
 -1       340-5.62918E-02 4.41946E-02-1.45742E-01 1.41791E-01 1.76254E-03-2.22974E-01
 -1       341 1.90201E-01 1.84143E-01 2.82163E-01 2.13528E-01-1.26571E-01-1.42173E-01
 -1       342 8.65486E-01 4.11356E-01 6.45286E-01 3.75260E-02-5.42583E-01 3.04218E-01
 -1       343 2.33175E+00 1.58442E+00 1.89179E+00-3.65338E-01-1.17347E+00 7.97959E-01
 -1       344 5.02017E+00 4.98736E+00 4.85366E+00-5.54296E-01-1.51534E+00 6.81674E-01
 -1       345 6.60860E+00 7.27635E+00 6.69904E+00 6.10623E-16-1.62249E+00 2.22045E-16
 -1       346 5.02017E+00 4.98736E+00 4.85366E+00 5.54296E-01-1.51534E+00-6.81674E-01
 -1       347 2.33175E+00 1.58442E+00 1.89179E+00 3.65338E-01-1.17347E+00-7.97959E-01
 -1       348 8.65486E-01 4.11356E-01 6.45286E-01-3.75260E-02-5.42583E-01-3.04218E-01
 -1       349 1.90201E-01 1.84143E-01 2.82163E-01-2.13528E-01-1.26571E-01 1.42173E-01
 -1       350-5.62918E-02 4.41946E-02-1.45742E-01-1.41791E-01 1.76254E-03 2.22974E-01
 -1       351-1.54285E-01-1.23121E-01-1.72891E-01-8.00878E-02-2.23533E-02 1.45992E-01
 -1       352 5.59329E+00-2.95494E+00 1.38687E+01 3.24232E+00 7.92233E-01-6.11560E+00
 -1       353 6.81756E+00-1.69542E+00-7.31003E-01 3.76092E+00-7.80164E-01-4.66675E+00
 -1       354 4.49629E+00-4.29845E-01-2.20247E+01-1.22149E+00-2.36781E+00 1.03036E+01
 -1       355-3.78727E+01 1.63719E+01-2.28303E+01-1.90819E+01-2.13459E+00 6.53223E+01
 -1       356-1.15043E+02 1.69197E+00-3.00010E+02-2.16671E+01-3.64601E+00 6.95059E+01
 -1       357-1.57574E+02 1.27008E+01-3.17411E+02-2.66454E-14-7.17500E+00-2.30926E-14
 -1       358-1.15043E+02 1.69197E+00-3.00010E+02 2.16671E+01-3.64601E+00-6.95059E+01
 -1       359-3.78727E+01 1.63719E+01-2.28303E+01 1.90819E+01-2.13459E+00-6.53223E+01
 -1       360 4.49629E+00-4.29845E-01-2.20247E+01 1.22149E+00-2.36781E+00-1.03036E+01
 -1       361 6.81756E+00-1.69542E+00-7.31003E-01-3.76092E+00-7.80164E-01 4.66675E+00
 -1       362 5.59329E+00-2.95494E+00 1.38687E+01-3.24232E+00 7.92233E-01 6.11560E+00
 -1       363 1.00396E+01-5.03336E+00 1.40127E+01 9.02785E-01-3.42626E-02-4.63569E+00
 -1       364 1.71378E+01-1.42815E+00-6.68736E-01 1.17046E+00-3.88587E-01-4.02215E+00
 -1       365 2.19967E+01 2.22702E+00-2.35544E+01-8.36818E-01-8.95091E-01 4.34169E+00
 -1       366-3.23392E+01 2.24121E+01-2.12521E+01-6.50575E+00 6.00298E-01 4.04326E+01
 -1       367-1.31154E+02-4.42017E+00-2.57775E+02-7.28586E+00-3.17392E+00 4.08607E+01
 -1       368-1.84155E+02 1.24983E+01-2.49952E+02 3.77476E-15-4.37059E+00-6.66134E-15
 -1       369-1.31154E+02-4.42017E+00-2.57775E+02 7.28586E+00-3.17392E+00-4.08607E+01
 -1       370-3.23392E+01 2.24121E+01-2.12521E+01 6.50575E+00 6.00298E-01-4.04326E+01
 -1       371 2.19967E+01 2.22702E+00-2.35544E+01 8.36818E-01-8.95091E-01-4.34169E+00
 -1       372 1.71378E+01-1.42815E+00-6.68736E-01-1.17046E+00-3.88587E-01 4.02215E+00
 -1       373 1.00396E+01-5.03336E+00 1.40127E+01-9.02785E-01-3.42626E-02 4.63569E+00
 -1       374 1.00396E+01-5.03336E+00 1.40127E+01-9.02785E-01 3.42626E-02-4.63569E+00
 -1       375 1.71378E+01-1.42815E+00-6.68736E-01-1.17046E+00 3.88587E-01-4.02215E+00
 -1       376 2.19967E+01 2.22702E+00-2.35544E+01 8.36818E-01 8.95091E-01 4.34169E+00
 -1       377-3.23392E+01 2.24121E+01-2.12521E+01 6.50575E+00-6.00298E-01 4.04326E+01
 -1       378-1.31154E+02-4.42017E+00-2.57775E+02 7.28586E+00 3.17392E+00 4.08607E+01
 -1       379-1.84155E+02 1.24983E+01-2.49952E+02 1.44329E-14 4.37059E+00-8.43769E-15
 -1       380-1.31154E+02-4.42017E+00-2.57775E+02-7.28586E+00 3.17392E+00-4.08607E+01
 -1       381-3.23392E+01 2.24121E+01-2.12521E+01-6.50575E+00-6.00298E-01-4.04326E+01
 -1       382 2.19967E+01 2.22702E+00-2.35544E+01-8.36818E-01 8.95091E-01-4.34169E+00
 -1       383 1.71378E+01-1.42815E+00-6.68736E-01 1.17046E+00 3.88587E-01 4.02215E+00
 -1       384 1.00396E+01-5.03336E+00 1.40127E+01 9.02785E-01 3.42626E-02 4.63569E+00
 -1       385 5.59329E+00-2.95494E+00 1.38687E+01-3.24232E+00-7.92233E-01-6.11560E+00
 -1       386 6.81756E+00-1.69542E+00-7.31003E-01-3.76092E+00 7.80164E-01-4.66675E+00
 -1       387 4.49629E+00-4.29845E-01-2.20247E+01 1.22149E+00 2.36781E+00 1.03036E+01
 -1       388-3.78727E+01 1.63719E+01-2.28303E+01 1.90819E+01 2.13459E+00 6.53223E+01
 -1       389-1.15043E+02 1.69197E+00-3.00010E+02 2.16671E+01 3.64601E+00 6.95059E+01
 -1       390-1.57574E+02 1.27008E+01-3.17411E+02 1.06581E-14 7.17500E+00-5.32907E-14
 -1       391-1.15043E+02 1.69197E+00-3.00010E+02-2.16671E+01 3.64601E+00-6.95059E+01
 -1       392-3.78727E+01 1.63719E+01-2.28303E+01-1.90819E+01 2.13459E+00-6.53223E+01
 -1       393 4.49629E+00-4.29845E-01-2.20247E+01-1.22149E+00 2.36781E+00-1.03036E+01
 -1       394 6.81756E+00-1.69542E+00-7.31003E-01 3.76092E+00 7.80164E-01 4.66675E+00
 -1       395 5.59329E+00-2.95494E+00 1.38687E+01 3.24232E+00-7.92233E-01 6.11560E+00
 -1       396-9.05388E+00-3.61987E+00 2.09479E+01-2.26327E-01-4.01637E-01-5.19573E-01
 -1       397-1.70945E+01-2.95179E+00-9.13786E+00 1.81367E-01-1.15153E+00 4.96672E+00
 -1       398-3.75746E+01-6.77336E-01-2.80095E+01 1.14711E+00-3.06704E+00 2.38801E+01
 -1       399-3.02353E+01 6.41507E+00-6.55257E+01 2.14385E+00-6.29434E+00 5.47834E+01
 -1       400 1.00092E+01-6.87267E+00-2.35158E+02 2.28856E+00-2.04561E+00 4.98521E+01
 -1       401 3.48510E+01-4.39579E+00-2.73200E+02 1.29341E-14-2.62369E+00-1.77636E-15
 -1       402 1.00092E+01-6.87267E+00-2.35158E+02-2.28856E+00-2.04561E+00-4.98521E+01
 -1       403-3.02353E+01 6.41507E+00-6.55257E+01-2.14385E+00-6.29434E+00-5.47834E+01
 -1       404-3.75746E+01-6.77336E-01-2.80095E+01-1.14711E+00-3.06704E+00-2.38801E+01
 -1       405-1.70945E+01-2.95179E+00-9.13786E+00-1.81367E-01-1.15153E+00-4.96672E+00
 -1       406-9.05388E+00-3.61987E+00 2.09479E+01 2.26327E-01-4.01637E-01 5.19573E-01
 -1       407-6.37225E+00-2.13465E+00 1.81277E+01 3.09748E-01-3.74819E-01-9.08198E-01
 -1       408-1.17300E+01-1.98113E+00-1.24953E+01 4.79420E-01-5.96027E-01 3.39654E+00
 -1       409-2.89731E+01-6.56776E-01-3.33185E+01 5.78932E-01-1.45420E+00 1.76522E+01
 -1       410-3.01095E+01 7.17154E+00-6.79843E+01-1.23326E-01-1.99317E+00 4.29741E+01
 -1       411-4.06134E+00-6.22397E+00-2.13857E+02-2.80958E-01-1.99412E+00 3.95259E+01
 -1       412 1.17536E+01-4.76323E-01-2.38788E+02 1.97065E-15-1.62096E+00-4.61853E-14
 -1       413-4.06134E+00-6.22397E+00-2.13857E+02 2.80958E-01-1.99412E+00-3.95259E+01
 -1       414-3.01095E+01 7.17154E+00-6.79843E+01 1.23326E-01-1.99317E+00-4.29741E+01
 -1       415-2.89731E+01-6.56776E-01-3.33185E+01-5.78932E-01-1.45420E+00-1.76522E+01
 -1       416-1.17300E+01-1.98113E+00-1.24953E+01-4.79420E-01-5.96027E-01-3.39654E+00
 -1       417-6.37225E+00-2.13465E+00 1.81277E+01-3.09748E-01-3.74819E-01 9.08198E-01
 -1       418-6.37225E+00-2.13465E+00 1.81277E+01-3.09748E-01 3.74819E-01-9.08198E-01
 -1       419-1.17300E+01-1.98113E+00-1.24953E+01-4.79420E-01 5.96027E-01 3.39654E+00
 -1       420-2.89731E+01-6.56776E-01-3.33185E+01-5.78932E-01 1.45420E+00 1.76522E+01
 -1       421-3.01095E+01 7.17154E+00-6.79843E+01 1.23326E-01 1.99317E+00 4.29741E+01
 -1       422-4.06134E+00-6.22397E+00-2.13857E+02 2.80958E-01 1.99412E+00 3.95259E+01
 -1       423 1.17536E+01-4.76323E-01-2.38788E+02-2.10942E-15 1.62096E+00-1.90958E-14
 -1       424-4.06134E+00-6.22397E+00-2.13857E+02-2.80958E-01 1.99412E+00-3.95259E+01
 -1       425-3.01095E+01 7.17154E+00-6.79843E+01-1.23326E-01 1.99317E+00-4.29741E+01
 -1       426-2.89731E+01-6.56776E-01-3.33185E+01 5.78932E-01 1.45420E+00-1.76522E+01
 -1       427-1.17300E+01-1.98113E+00-1.24953E+01 4.79420E-01 5.96027E-01-3.39654E+00
 -1       428-6.37225E+00-2.13465E+00 1.81277E+01 3.09748E-01 3.74819E-01 9.08198E-01
 -1       429-9.05388E+00-3.61987E+00 2.09479E+01 2.26327E-01 4.01637E-01-5.19573E-01
 -1       430-1.70945E+01-2.95179E+00-9.13786E+00-1.81367E-01 1.15153E+00 4.96672E+00
 -1       431-3.75746E+01-6.77336E-01-2.80095E+01-1.14711E+00 3.06704E+00 2.38801E+01
 -1       432-3.02353E+01 6.41507E+00-6.55257E+01-2.14385E+00 6.29434E+00 5.47834E+01
 -1       433 1.00092E+01-6.87267E+00-2.35158E+02-2.28856E+00 2.04561E+00 4.98521E+01
 -1       434 3.48510E+01-4.39579E+00-2.73200E+02 8.16014E-15 2.62369E+00 9.76996E-14
 -1       435 1.00092E+01-6.87267E+00-2.35158E+02 2.28856E+00 2.04561E+00-4.98521E+01
 -1       436-3.02353E+01 6.41507E+00-6.55257E+01 2.14385E+00 6.29434E+00-5.47834E+01
 -1       437-3.75746E+01-6.77336E-01-2.80095E+01 1.14711E+00 3.06704E+00-2.38801E+01
 -1       438-1.70945E+01-2.95179E+00-9.13786E+00 1.81367E-01 1.15153E+00-4.96672E+00
 -1       439-9.05388E+00-3.61987E+00 2.09479E+01-2.26327E-01 4.01637E-01 5.19573E-01
 -1       440-5.49776E+00 7.56428E-01-4.82634E+00-6.60900E-01-1.04387E+00 1.59459E+01
 -1       441-1.01364E+01 2.83994E+00-2.71043E+01-9.20087E-01 9.86627E-01 2.41758E+01
 -1       442-8.78499E+00 7.57571E+00-5.62449E+01-1.55972E+00 1.17112E+00 3.86357E+01
 -1       443 2.13556E+00 7.90133E+00-1.13376E+02-1.06717E+00 1.70771E+00 4.28600E+01
 -1       444 6.71047E+00 2.46579E+00-1.58385E+02-7.17753E-01 3.69777E+00 3.01316E+01
 -1       445 9.43188E+00-1.72344E+00-1.90245E+02 1.11022E-16 4.14865E+00-8.88178E-15
 -1       446 6.71047E+00 2.46579E+00-1.58385E+02 7.17753E-01 3.69777E+00-3.01316E+01
 -1       447 2.13556E+00 7.90133E+00-1.13376E+02 1.06717E+00 1.70771E+00-4.28600E+01
 -1       448-8.78499E+00 7.57571E+00-5.62449E+01 1.55972E+00 1.17112E+00-3.86357E+01
 -1       449-1.01364E+01 2.83994E+00-2.71043E+01 9.20087E-01 9.86627E-01-2.41758E+01
 -1       450-5.49776E+00 7.56428E-01-4.82634E+00 6.60900E-01-1.04387E+00-1.59459E+01
 -1       451-4.45921E+00-2.42784E-01-6.81549E+00-5.05286E-02-2.71167E-01 1.32375E+01
 -1       452-9.53129E+00 8.81686E-01-2.92074E+01-8.42915E-02 5.09614E-01 1.99730E+01
 -1       453-1.09928E+01 3.30836E+00-5.79928E+01-1.49983E-01 5.49786E-01 3.21349E+01
 -1       454-4.17552E+00 1.68032E+00-1.11771E+02-4.79448E-01 1.05361E+00 3.54677E+01
 -1       455-1.76071E-01-4.03148E-01-1.50898E+02-5.24439E-01 1.56593E+00 2.48551E+01
 -1       456 2.09291E+00-4.38822E+00-1.80486E+02 2.15106E-15 2.02962E+00-2.33147E-14
 -1       457-1.76071E-01-4.03148E-01-1.50898E+02 5.24439E-01 1.56593E+00-2.48551E+01
 -1       458-4.17552E+00 1.68032E+00-1.11771E+02 4.79448E-01 1.05361E+00-3.54677E+01
 -1       459-1.09928E+01 3.30836E+00-5.79928E+01 1.49983E-01 5.49786E-01-3.21349E+01
 -1       460-9.53129E+00 8.81686E-01-2.92074E+01 8.42915E-02 5.09614E-01-1.99730E+01
 -1       461-4.45921E+00-2.42784E-01-6.81549E+00 5.05286E-02-2.71167E-01-1.32375E+01
 -1       462-4.45921E+00-2.42784E-01-6.81549E+00 5.05286E-02 2.71167E-01 1.32375E+01
 -1       463-9.53129E+00 8.81686E-01-2.92074E+01 8.42915E-02-5.09614E-01 1.99730E+01
 -1       464-1.09928E+01 3.30836E+00-5.79928E+01 1.49983E-01-5.49786E-01 3.21349E+01
 -1       465-4.17552E+00 1.68032E+00-1.11771E+02 4.79448E-01-1.05361E+00 3.54677E+01
 -1       466-1.76071E-01-4.03148E-01-1.50898E+02 5.24439E-01-1.56593E+00 2.48551E+01
 -1       467 2.09291E+00-4.38822E+00-1.80486E+02 1.65146E-15-2.02962E+00 6.39488E-14
 -1       468-1.76071E-01-4.03148E-01-1.50898E+02-5.24439E-01-1.56593E+00-2.48551E+01
 -1       469-4.17552E+00 1.68032E+00-1.11771E+02-4.79448E-01-1.05361E+00-3.54677E+01
 -1       470-1.09928E+01 3.30836E+00-5.79928E+01-1.49983E-01-5.49786E-01-3.21349E+01
 -1       471-9.53129E+00 8.81686E-01-2.92074E+01-8.42915E-02-5.09614E-01-1.99730E+01
 -1       472-4.45921E+00-2.42784E-01-6.81549E+00-5.05286E-02 2.71167E-01-1.32375E+01
 -1       473-5.49776E+00 7.56428E-01-4.82634E+00 6.60900E-01 1.04387E+00 1.59459E+01
 -1       474-1.01364E+01 2.83994E+00-2.71043E+01 9.20087E-01-9.86627E-01 2.41758E+01
 -1       475-8.78499E+00 7.57571E+00-5.62449E+01 1.55972E+00-1.17112E+00 3.86357E+01
 -1       476 2.13556E+00 7.90133E+00-1.13376E+02 1.06717E+00-1.70771E+00 4.28600E+01
 -1       477 6.71047E+00 2.46579E+00-1.58385E+02 7.17753E-01-3.69777E+00 3.01316E+01
 -1       478 9.43188E+00-1.72344E+00-1.90245E+02-2.66454E-15-4.14865E+00 1.28786E-14
 -1       479 6.71047E+00 2.46579E+00-1.58385E+02-7.17753E-01-3.69777E+00-3.01316E+01
 -1       480 2.13556E+00 7.90133E+00-1.13376E+02-1.06717E+00-1.70771E+00-4.28600E+01
 -1       481-8.78499E+00 7.57571E+00-5.62449E+01-1.55972E+00-1.17112E+00-3.86357E+01
 -1       482-1.01364E+01 2.83994E+00-2.71043E+01-9.20087E-01-9.86627E-01-2.41758E+01
 -1       483-5.49776E+00 7.56428E-01-4.82634E+00-6.60900E-01 1.04387E+00-1.59459E+01
 -1       484-1.37799E+01-1.45366E+01-3.65839E+01 1.41970E+00-2.08510E-01 2.74446E+01
 -1       485-1.91772E+01-1.55730E+01-3.55204E+01 1.43207E+00 3.06225E+00 3.37993E+01
 -1       486-3.23009E+01-3.13786E+01-7.68321E+01 1.56213E+00 5.83529E+00 3.91165E+01
 -1       487-4.93441E+01-4.80108E+01-1.16747E+02 1.20598E+00 8.94410E+00 3.36292E+01
 -1       488-6.12802E+01-6.15970E+01-1.51167E+02 6.94064E-01 1.05146E+01 1.90712E+01
 -1       489-6.60338E+01-6.48741E+01-1.57759E+02-6.66134E-16 1.17670E+01-7.37188E-14
 -1       490-6.12802E+01-6.15970E+01-1.51167E+02-6.94064E-01 1.05146E+01-1.90712E+01
 -1       491-4.93441E+01-4.80108E+01-1.16747E+02-1.20598E+00 8.94410E+00-3.36292E+01
 -1       492-3.23009E+01-3.13786E+01-7.68321E+01-1.56213E+00 5.83529E+00-3.91165E+01
 -1       493-1.91772E+01-1.55730E+01-3.55204E+01-1.43207E+00 3.06225E+00-3.37993E+01
 -1       494-1.37799E+01-1.45366E+01-3.65839E+01-1.41970E+00-2.08510E-01-2.74446E+01
 -1       495-1.35990E+01-1.50072E+01-3.54698E+01 1.58719E-02 3.14898E-01 2.37399E+01
 -1       496-1.87564E+01-1.61735E+01-3.37605E+01-1.02358E-01 1.60575E+00 2.95418E+01
 -1       497-3.00469E+01-3.06635E+01-6.98938E+01-2.59798E-01 2.97626E+00 3.43842E+01
 -1       498-4.48576E+01-4.57099E+01-1.04478E+02-1.35269E-01 4.23117E+00 2.95685E+01
 -1       499-5.55770E+01-5.82358E+01-1.34977E+02-3.36424E-02 5.28309E+00 1.67722E+01
 -1       500-5.95908E+01-6.10713E+01-1.40203E+02 1.20737E-15 5.62925E+00-3.99680E-15
 -1       501-5.55770E+01-5.82358E+01-1.34977E+02 3.36424E-02 5.28309E+00-1.67722E+01
 -1       502-4.48576E+01-4.57099E+01-1.04478E+02 1.35269E-01 4.23117E+00-2.95685E+01
 -1       503-3.00469E+01-3.06635E+01-6.98938E+01 2.59798E-01 2.97626E+00-3.43842E+01
 -1       504-1.87564E+01-1.61735E+01-3.37605E+01 1.02358E-01 1.60575E+00-2.95418E+01
 -1       505-1.35990E+01-1.50072E+01-3.54698E+01-1.58719E-02 3.14898E-01-2.37399E+01
 -1       506-1.35990E+01-1.50072E+01-3.54698E+01-1.58719E-02-3.14898E-01 2.37399E+01
 -1       507-1.87564E+01-1.61735E+01-3.37605E+01 1.02358E-01-1.60575E+00 2.95418E+01
 -1       508-3.00469E+01-3.06635E+01-6.98938E+01 2.59798E-01-2.97626E+00 3.43842E+01
 -1       509-4.48576E+01-4.57099E+01-1.04478E+02 1.35269E-01-4.23117E+00 2.95685E+01
 -1       510-5.55770E+01-5.82358E+01-1.34977E+02 3.36424E-02-5.28309E+00 1.67722E+01
 -1       511-5.95908E+01-6.10713E+01-1.40203E+02 3.57353E-16-5.62925E+00-1.95399E-14
 -1       512-5.55770E+01-5.82358E+01-1.34977E+02-3.36424E-02-5.28309E+00-1.67722E+01
 -1       513-4.48576E+01-4.57099E+01-1.04478E+02-1.35269E-01-4.23117E+00-2.95685E+01
 -1       514-3.00469E+01-3.06635E+01-6.98938E+01-2.59798E-01-2.97626E+00-3.43842E+01
 -1       515-1.87564E+01-1.61735E+01-3.37605E+01-1.02358E-01-1.60575E+00-2.95418E+01
 -1       516-1.35990E+01-1.50072E+01-3.54698E+01 1.58719E-02-3.14898E-01-2.37399E+01
 -1       517-1.37799E+01-1.45366E+01-3.65839E+01-1.41970E+00 2.08510E-01 2.74446E+01
 -1       518-1.91772E+01-1.55730E+01-3.55204E+01-1.43207E+00-3.06225E+00 3.37993E+01
 -1       519-3.23009E+01-3.13786E+01-7.68321E+01-1.56213E+00-5.83529E+00 3.91165E+01
 -1       520-4.93441E+01-4.80108E+01-1.16747E+02-1.20598E+00-8.94410E+00 3.36292E+01
 -1       521-6.12802E+01-6.15970E+01-1.51167E+02-6.94064E-01-1.05146E+01 1.90712E+01
 -1       522-6.60338E+01-6.48741E+01-1.57759E+02-9.99201E-16-1.17670E+01-3.55271E-14
 -1       523-6.12802E+01-6.15970E+01-1.51167E+02 6.94064E-01-1.05146E+01-1.90712E+01
 -1       524-4.93441E+01-4.80108E+01-1.16747E+02 1.20598E+00-8.94410E+00-3.36292E+01
 -1       525-3.23009E+01-3.13786E+01-7.68321E+01 1.56213E+00-5.83529E+00-3.91165E+01
 -1       526-1.91772E+01-1.55730E+01-3.55204E+01 1.43207E+00-3.06225E+00-3.37993E+01
 -1       527-1.37799E+01-1.45366E+01-3.65839E+01 1.41970E+00 2.08510E-01-2.74446E+01
 -3
    1PSTEP                         3           1           1          
  100CL  101 1.000000000         527                     0    1           1
 -4  CONTACT     6    1
 -5  COPEN       1    1    0    0
 -5  CSLIP1      1    1    0    0
 -5  CSLIP2      1    1    0    0
 -5  CPRESS      1    1    0    0
 -5  CSHEAR1     1    1    0    0
 -5  CSHEAR2     1    1    0    0
 -1         1 0.00000E+00 0.00000E+00 0.00000E+00 0.00000E+00 0.00000E+00 0.00000E+00
 -1         2 0.00000E+00 0.00000E+00 0.00000E+00 0.00000E+00 0.00000E+00 0.00000E+00
 -1         3 0.00000E+00 0.00000E+00 0.00000E+00 0.00000E+00 0.00000E+00 0.00000E+00
 -1         4 0.00000E+00 0.00000E+00 0.00000E+00 0.00000E+00 0.00000E+00 0.00000E+00
 -1         5 0.00000E+00 0.00000E+00 0.00000E+00 0.00000E+00 0.00000E+00 0.00000E+00
 -1         6 0.00000E+00 0.00000E+00 0.00000E+00 0.00000E+00 0.00000E+00 0.00000E+00
 -1         7 0.00000E+00 0.00000E+00 0.00000E+00 0.00000E+00 0.00000E+00 0.00000E+00
 -1         8 0.00000E+00 0.00000E+00 0.00000E+00 0.00000E+00 0.00000E+00 0.00000E+00
 -1         9 0.00000E+00 0.00000E+00 0.00000E+00 0.00000E+00 0.00000E+00 0.00000E+00
 -1        10 0.00000E+00 0.00000E+00 0.00000E+00 0.00000E+00 0.00000E+00 0.00000E+00
 -1        11 0.00000E+00 0.00000E+00 0.00000E+00 0.00000E+00 0.00000E+00 0.00000E+00
 -1        12 0.00000E+00 0.00000E+00 0.00000E+00 0.00000E+00 0.00000E+00 0.00000E+00
 -1        13 0.00000E+00 0.00000E+00 0.00000E+00 0.00000E+00 0.00000E+00 0.00000E+00
 -1        14 0.00000E+00 0.00000E+00 0.00000E+00 0.00000E+00 0.00000E+00 0.00000E+00
 -1        15 0.00000E+00 0.00000E+00 0.00000E+00 0.00000E+00 0.00000E+00 0.00000E+00
 -1        16 0.00000E+00 0.00000E+00 0.00000E+00 0.00000E+00 0.00000E+00 0.00000E+00
 -1        17 0.00000E+00 0.00000E+00 0.00000E+00 0.00000E+00 0.00000E+00 0.00000E+00
 -1        18 0.00000E+00 0.00000E+00 0.00000E+00 0.00000E+00 0.00000E+00 0.00000E+00
 -1        19 0.00000E+00 0.00000E+00 0.00000E+00 0.00000E+00 0.00000E+00 0.00000E+00
 -1        20 0.00000E+00 0.00000E+00 0.00000E+00 0.00000E+00 0.00000E+00 0.00000E+00
 -1        21 0.00000E+00 0.00000E+00 0.00000E+00 0.00000E+00 0.00000E+00 0.00000E+00
 -1        22 0.00000E+00 0.00000E+00 0.00000E+00 0.00000E+00 0.00000E+00 0.00000E+00
 -1        23 0.00000E+00 0.00000E+00 0.00000E+00 0.00000E+00 0.00000E+00 0.00000E+00
 -1        24 0.00000E+00 0.00000E+00 0.00000E+00 0.00000E+00 0.00000E+00 0.00000E+00
 -1        25 0.00000E+00 0.00000E+00 0.00000E+00 0.00000E+00 0.00000E+00 0.00000E+00
 -1        26 0.00000E+00 0.00000E+00 0.00000E+00 0.00000E+00 0.00000E+00 0.00000E+00
 -1        27 0.00000E+00 0.00000E+00 0.00000E+00 0.00000E+00 0.00000E+00 0.00000E+00
 -1        28 0.00000E+00 0.00000E+00 0.00000E+00 0.00000E+00 0.00000E+00 0.00000E+00
 -1        29 0.00000E+00 0.00000E+00 0.00000E+00 0.00000E+00 0.00000E+00 0.00000E+00
 -1        30 0.00000E+00 0.00000E+00 0.00000E+00 0.00000E+00 0.00000E+00 0.00000E+00
 -1        31 0.00000E+00 0.00000E+00 0.00000E+00 0.00000E+00 0.00000E+00 0.00000E+00
 -1        32 0.00000E+00 0.00000E+00 0.00000E+00 0.00000E+00 0.00000E+00 0.00000E+00
 -1        33 0.00000E+00 0.00000E+00 0.00000E+00 0.00000E+00 0.00000E+00 0.00000E+00
 -1        34 0.00000E+00 0.00000E+00 0.00000E+00 0.00000E+00 0.00000E+00 0.00000E+00
 -1        35 0.00000E+00 0.00000E+00 0.00000E+00 0.00000E+00 0.00000E+00 0.00000E+00
 -1        36 0.00000E+00 0.00000E+00 0.00000E+00 0.00000E+00 0.00000E+00 0.00000E+00
 -1        37 0.00000E+00 0.00000E+00 0.00000E+00 0.00000E+00 0.00000E+00 0.00000E+00
 -1        38 0.00000E+00 0.00000E+00 0.00000E+00 0.00000E+00 0.00000E+00 0.00000E+00
 -1        39 0.00000E+00 0.00000E+00 0.00000E+00 0.00000E+00 0.00000E+00 0.00000E+00
 -1        40 0.00000E+00 0.00000E+00 0.00000E+00 0.00000E+00 0.00000E+00 0.00000E+00
 -1        41 0.00000E+00 0.00000E+00 0.00000E+00 0.00000E+00 0.00000E+00 0.00000E+00
 -1        42 0.00000E+00 0.00000E+00 0.00000E+00 0.00000E+00 0.00000E+00 0.00000E+00
 -1        43 0.00000E+00 0.00000E+00 0.00000E+00 0.00000E+00 0.00000E+00 0.00000E+00
 -1        44 0.00000E+00 0.00000E+00 0.00000E+00 0.00000E+00 0.00000E+00 0.00000E+00
 -1        45 0.00000E+00 0.00000E+00 0.00000E+00 0.00000E+00 0.00000E+00 0.00000E+00
 -1        46 0.00000E+00 0.00000E+00 0.00000E+00 0.00000E+00 0.00000E+00 0.00000E+00
 -1        47 0.00000E+00 0.00000E+00 0.00000E+00 0.00000E+00 0.00000E+00 0.00000E+00
 -1        48 0.00000E+00 0.00000E+00 0.00000E+00 0.00000E+00 0.00000E+00 0.00000E+00
 -1        49 0.00000E+00 0.00000E+00 0.00000E+00 0.00000E+00 0.00000E+00 0.00000E+00
 -1        50 0.00000E+00 0.00000E+00 0.00000E+00 0.00000E+00 0.00000E+00 0.00000E+00
 -1        51 0.00000E+00 0.00000E+00 0.00000E+00 0.00000E+00 0.00000E+00 0.00000E+00
 -1        52 0.00000E+00 0.00000E+00 0.00000E+00 0.00000E+00 0.00000E+00 0.00000E+00
 -1        53 0.00000E+00 0.00000E+00 0.00000E+00 0.00000E+00 0.00000E+00 0.00000E+00
 -1        54 0.00000E+00 0.00000E+00 0.00000E+00 0.00000E+00 0.00000E+00 0.00000E+00
 -1        55 0.00000E+00 0.00000E+00 0.00000E+00 0.00000E+00 0.00000E+00 0.00000E+00
 -1        56 0.00000E+00 0.00000E+00 0.00000E+00 0.00000E+00 0.00000E+00 0.00000E+00
 -1        57 0.00000E+00 0.00000E+00 0.00000E+00 0.00000E+00 0.00000E+00 0.00000E+00
 -1        58 0.00000E+00 0.00000E+00 0.00000E+00 0.00000E+00 0.00000E+00 0.00000E+00
 -1        59 0.00000E+00 0.00000E+00 0.00000E+00 0.00000E+00 0.00000E+00 0.00000E+00
 -1        60 0.00000E+00 0.00000E+00 0.00000E+00 0.00000E+00 0.00000E+00 0.00000E+00
 -1        61 0.00000E+00 0.00000E+00 0.00000E+00 0.00000E+00 0.00000E+00 0.00000E+00
 -1        62 0.00000E+00 0.00000E+00 0.00000E+00 0.00000E+00 0.00000E+00 0.00000E+00
 -1        63 0.00000E+00 0.00000E+00 0.00000E+00 0.00000E+00 0.00000E+00 0.00000E+00
 -1        64 0.00000E+00 0.00000E+00 0.00000E+00 0.00000E+00 0.00000E+00 0.00000E+00
 -1        65 0.00000E+00 0.00000E+00 0.00000E+00 0.00000E+00 0.00000E+00 0.00000E+00
 -1        66 0.00000E+00 0.00000E+00 0.00000E+00 0.00000E+00 0.00000E+00 0.00000E+00
 -1        67 0.00000E+00 0.00000E+00 0.00000E+00 0.00000E+00 0.00000E+00 0.00000E+00
 -1        68 0.00000E+00 0.00000E+00 0.00000E+00 0.00000E+00 0.00000E+00 0.00000E+00
 -1        69 0.00000E+00 0.00000E+00 0.00000E+00 0.00000E+00 0.00000E+00 0.00000E+00
 -1        70 0.00000E+00 0.00000E+00 0.00000E+00 0.00000E+00 0.00000E+00 0.00000E+00
 -1        71 0.00000E+00 0.00000E+00 0.00000E+00 0.00000E+00 0.00000E+00 0.00000E+00
 -1        72 0.00000E+00 0.00000E+00 0.00000E+00 0.00000E+00 0.00000E+00 0.00000E+00
 -1        73 0.00000E+00 0.00000E+00 0.00000E+00 0.00000E+00 0.00000E+00 0.00000E+00
 -1        74 0.00000E+00 0.00000E+00 0.00000E+00 0.00000E+00 0.00000E+00 0.00000E+00
 -1        75 0.00000E+00 0.00000E+00 0.00000E+00 0.00000E+00 0.00000E+00 0.00000E+00
 -1        76 0.00000E+00 0.00000E+00 0.00000E+00 0.00000E+00 0.00000E+00 0.00000E+00
 -1        77 0.00000E+00 0.00000E+00 0.00000E+00 0.00000E+00 0.00000E+00 0.00000E+00
 -1        78 0.00000E+00 0.00000E+00 0.00000E+00 0.00000E+00 0.00000E+00 0.00000E+00
 -1        79 0.00000E+00 0.00000E+00 0.00000E+00 0.00000E+00 0.00000E+00 0.00000E+00
 -1        80 0.00000E+00 0.00000E+00 0.00000E+00 0.00000E+00 0.00000E+00 0.00000E+00
 -1        81 0.00000E+00 0.00000E+00 0.00000E+00 0.00000E+00 0.00000E+00 0.00000E+00
 -1        82 0.00000E+00 0.00000E+00 0.00000E+00 0.00000E+00 0.00000E+00 0.00000E+00
 -1        83 0.00000E+00 0.00000E+00 0.00000E+00 0.00000E+00 0.00000E+00 0.00000E+00
 -1        84 0.00000E+00 0.00000E+00 0.00000E+00 0.00000E+00 0.00000E+00 0.00000E+00
 -1        85 0.00000E+00 0.00000E+00 0.00000E+00 0.00000E+00 0.00000E+00 0.00000E+00
 -1        86 0.00000E+00 0.00000E+00 0.00000E+00 0.00000E+00 0.00000E+00 0.00000E+00
 -1        87 0.00000E+00 0.00000E+00 0.00000E+00 0.00000E+00 0.00000E+00 0.00000E+00
 -1        88 0.00000E+00 0.00000E+00 0.00000E+00 0.00000E+00 0.00000E+00 0.00000E+00
 -1        89 0.00000E+00 0.00000E+00 0.00000E+00 0.00000E+00 0.00000E+00 0.00000E+00
 -1        90 0.00000E+00 0.00000E+00 0.00000E+00 0.00000E+00 0.00000E+00 0.00000E+00
 -1        91 0.00000E+00 0.00000E+00 0.00000E+00 0.00000E+00 0.00000E+00 0.00000E+00
 -1        92 0.00000E+00 0.00000E+00 0.00000E+00 0.00000E+00 0.00000E+00 0.00000E+00
 -1        93 0.00000E+00 0.00000E+00 0.00000E+00 0.00000E+00 0.00000E+00 0.00000E+00
 -1        94 0.00000E+00 0.00000E+00 0.00000E+00 0.00000E+00 0.00000E+00 0.00000E+00
 -1        95 0.00000E+00 0.00000E+00 0.00000E+00 0.00000E+00 0.00000E+00 0.00000E+00
 -1        96 0.00000E+00 0.00000E+00 0.00000E+00 0.00000E+00 0.00000E+00 0.00000E+00
 -1        97 0.00000E+00 0.00000E+00 0.00000E+00 0.00000E+00 0.00000E+00 0.00000E+00
 -1        98 0.00000E+00 0.00000E+00 0.00000E+00 0.00000E+00 0.00000E+00 0.00000E+00
 -1        99 0.00000E+00 0.00000E+00 0.00000E+00 0.00000E+00 0.00000E+00 0.00000E+00
 -1       100 0.00000E+00 0.00000E+00 0.00000E+00 0.00000E+00 0.00000E+00 0.00000E+00
 -1       101 0.00000E+00 0.00000E+00 0.00000E+00 0.00000E+00 0.00000E+00 0.00000E+00
 -1       102 0.00000E+00 0.00000E+00 0.00000E+00 0.00000E+00 0.00000E+00 0.00000E+00
 -1       103 0.00000E+00 0.00000E+00 0.00000E+00 0.00000E+00 0.00000E+00 0.00000E+00
 -1       104 0.00000E+00 0.00000E+00 0.00000E+00 0.00000E+00 0.00000E+00 0.00000E+00
 -1       105 0.00000E+00 0.00000E+00 0.00000E+00 0.00000E+00 0.00000E+00 0.00000E+00
 -1       106 0.00000E+00 0.00000E+00 0.00000E+00 0.00000E+00 0.00000E+00 0.00000E+00
 -1       107 0.00000E+00 0.00000E+00 0.00000E+00 0.00000E+00 0.00000E+00 0.00000E+00
 -1       108 0.00000E+00 0.00000E+00 0.00000E+00 0.00000E+00 0.00000E+00 0.00000E+00
 -1       109 0.00000E+00 0.00000E+00 0.00000E+00 0.00000E+00 0.00000E+00 0.00000E+00
 -1       110 0.00000E+00 0.00000E+00 0.00000E+00 0.00000E+00 0.00000E+00 0.00000E+00
 -1       111 0.00000E+00 0.00000E+00 0.00000E+00 0.00000E+00 0.00000E+00 0.00000E+00
 -1       112 0.00000E+00 0.00000E+00 0.00000E+00 0.00000E+00 0.00000E+00 0.00000E+00
 -1       113 0.00000E+00 0.00000E+00 0.00000E+00 0.00000E+00 0.00000E+00 0.00000E+00
 -1       114 0.00000E+00 0.00000E+00 0.00000E+00 0.00000E+00 0.00000E+00 0.00000E+00
 -1       115 0.00000E+00 0.00000E+00 0.00000E+00 0.00000E+00 0.00000E+00 0.00000E+00
 -1       116 0.00000E+00 0.00000E+00 0.00000E+00 0.00000E+00 0.00000E+00 0.00000E+00
 -1       117 0.00000E+00 0.00000E+00 0.00000E+00 0.00000E+00 0.00000E+00 0.00000E+00
 -1       118 0.00000E+00 0.00000E+00 0.00000E+00 0.00000E+00 0.00000E+00 0.00000E+00
 -1       119 0.00000E+00 0.00000E+00 0.00000E+00 0.00000E+00 0.00000E+00 0.00000E+00
 -1       120 0.00000E+00 0.00000E+00 0.00000E+00 0.00000E+00 0.00000E+00 0.00000E+00
 -1       121 0.00000E+00 0.00000E+00 0.00000E+00 0.00000E+00 0.00000E+00 0.00000E+00
 -1       122 0.00000E+00 0.00000E+00 0.00000E+00 0.00000E+00 0.00000E+00 0.00000E+00
 -1       123 0.00000E+00 0.00000E+00 0.00000E+00 0.00000E+00 0.00000E+00 0.00000E+00
 -1       124 0.00000E+00 0.00000E+00 0.00000E+00 0.00000E+00 0.00000E+00 0.00000E+00
 -1       125 0.00000E+00 0.00000E+00 0.00000E+00 0.00000E+00 0.00000E+00 0.00000E+00
 -1       126 0.00000E+00 0.00000E+00 0.00000E+00 0.00000E+00 0.00000E+00 0.00000E+00
 -1       127 0.00000E+00 0.00000E+00 0.00000E+00 0.00000E+00 0.00000E+00 0.00000E+00
 -1       128 0.00000E+00 0.00000E+00 0.00000E+00 0.00000E+00 0.00000E+00 0.00000E+00
 -1       129 0.00000E+00 0.00000E+00 0.00000E+00 0.00000E+00 0.00000E+00 0.00000E+00
 -1       130 0.00000E+00 0.00000E+00 0.00000E+00 0.00000E+00 0.00000E+00 0.00000E+00
 -1       131 0.00000E+00 0.00000E+00 0.00000E+00 0.00000E+00 0.00000E+00 0.00000E+00
 -1       132 0.00000E+00 0.00000E+00 0.00000E+00 0.00000E+00 0.00000E+00 0.00000E+00
 -1       133 0.00000E+00 0.00000E+00 0.00000E+00 0.00000E+00 0.00000E+00 0.00000E+00
 -1       134 0.00000E+00 0.00000E+00 0.00000E+00 0.00000E+00 0.00000E+00 0.00000E+00
 -1       135 0.00000E+00 0.00000E+00 0.00000E+00 0.00000E+00 0.00000E+00 0.00000E+00
 -1       136 0.00000E+00 0.00000E+00 0.00000E+00 0.00000E+00 0.00000E+00 0.00000E+00
 -1       137 0.00000E+00 0.00000E+00 0.00000E+00 0.00000E+00 0.00000E+00 0.00000E+00
 -1       138 0.00000E+00 0.00000E+00 0.00000E+00 0.00000E+00 0.00000E+00 0.00000E+00
 -1       139 0.00000E+00 0.00000E+00 0.00000E+00 0.00000E+00 0.00000E+00 0.00000E+00
 -1       140 0.00000E+00 0.00000E+00 0.00000E+00 0.00000E+00 0.00000E+00 0.00000E+00
 -1       141 0.00000E+00 0.00000E+00 0.00000E+00 0.00000E+00 0.00000E+00 0.00000E+00
 -1       142 0.00000E+00 0.00000E+00 0.00000E+00 0.00000E+00 0.00000E+00 0.00000E+00
 -1       143 0.00000E+00 0.00000E+00 0.00000E+00 0.00000E+00 0.00000E+00 0.00000E+00
 -1       144 0.00000E+00 0.00000E+00 0.00000E+00 0.00000E+00 0.00000E+00 0.00000E+00
 -1       145 0.00000E+00 0.00000E+00 0.00000E+00 0.00000E+00 0.00000E+00 0.00000E+00
 -1       146 0.00000E+00 0.00000E+00 0.00000E+00 0.00000E+00 0.00000E+00 0.00000E+00
 -1       147 0.00000E+00 0.00000E+00 0.00000E+00 0.00000E+00 0.00000E+00 0.00000E+00
 -1       148 0.00000E+00 0.00000E+00 0.00000E+00 0.00000E+00 0.00000E+00 0.00000E+00
 -1       149 0.00000E+00 0.00000E+00 0.00000E+00 0.00000E+00 0.00000E+00 0.00000E+00
 -1       150 0.00000E+00 0.00000E+00 0.00000E+00 0.00000E+00 0.00000E+00 0.00000E+00
 -1       151 0.00000E+00 0.00000E+00 0.00000E+00 0.00000E+00 0.00000E+00 0.00000E+00
 -1       152 0.00000E+00 0.00000E+00 0.00000E+00 0.00000E+00 0.00000E+00 0.00000E+00
 -1       153 0.00000E+00 0.00000E+00 0.00000E+00 0.00000E+00 0.00000E+00 0.00000E+00
 -1       154 0.00000E+00 0.00000E+00 0.00000E+00 0.00000E+00 0.00000E+00 0.00000E+00
 -1       155 0.00000E+00 0.00000E+00 0.00000E+00 0.00000E+00 0.00000E+00 0.00000E+00
 -1       156 0.00000E+00 0.00000E+00 0.00000E+00 0.00000E+00 0.00000E+00 0.00000E+00
 -1       157 0.00000E+00 0.00000E+00 0.00000E+00 0.00000E+00 0.00000E+00 0.00000E+00
 -1       158 0.00000E+00 0.00000E+00 0.00000E+00 0.00000E+00 0.00000E+00 0.00000E+00
 -1       159 0.00000E+00 0.00000E+00 0.00000E+00 0.00000E+00 0.00000E+00 0.00000E+00
 -1       160 0.00000E+00 0.00000E+00 0.00000E+00 0.00000E+00 0.00000E+00 0.00000E+00
 -1       161 0.00000E+00 0.00000E+00 0.00000E+00 0.00000E+00 0.00000E+00 0.00000E+00
 -1       162 0.00000E+00 0.00000E+00 0.00000E+00 0.00000E+00 0.00000E+00 0.00000E+00
 -1       163 0.00000E+00 0.00000E+00 0.00000E+00 0.00000E+00 0.00000E+00 0.00000E+00
 -1       164 0.00000E+00 0.00000E+00 0.00000E+00 0.00000E+00 0.00000E+00 0.00000E+00
 -1       165 0.00000E+00 0.00000E+00 0.00000E+00 0.00000E+00 0.00000E+00 0.00000E+00
 -1       166 0.00000E+00 0.00000E+00 0.00000E+00 0.00000E+00 0.00000E+00 0.00000E+00
 -1       167 0.00000E+00 0.00000E+00 0.00000E+00 0.00000E+00 0.00000E+00 0.00000E+00
 -1       168 0.00000E+00 0.00000E+00 0.00000E+00 0.00000E+00 0.00000E+00 0.00000E+00
 -1       169 0.00000E+00 0.00000E+00 0.00000E+00 0.00000E+00 0.00000E+00 0.00000E+00
 -1       170 0.00000E+00 0.00000E+00 0.00000E+00 0.00000E+00 0.00000E+00 0.00000E+00
 -1       171 0.00000E+00 0.00000E+00 0.00000E+00 0.00000E+00 0.00000E+00 0.00000E+00
 -1       172 0.00000E+00 0.00000E+00 0.00000E+00 0.00000E+00 0.00000E+00 0.00000E+00
 -1       173 0.00000E+00 0.00000E+00 0.00000E+00 0.00000E+00 0.00000E+00 0.00000E+00
 -1       174 0.00000E+00 0.00000E+00 0.00000E+00 0.00000E+00 0.00000E+00 0.00000E+00
 -1       175 0.00000E+00 0.00000E+00 0.00000E+00 0.00000E+00 0.00000E+00 0.00000E+00
 -1       176 0.00000E+00 0.00000E+00 0.00000E+00 0.00000E+00 0.00000E+00 0.00000E+00
 -1       177 0.00000E+00 0.00000E+00 0.00000E+00 0.00000E+00 0.00000E+00 0.00000E+00
 -1       178 0.00000E+00 0.00000E+00 0.00000E+00 0.00000E+00 0.00000E+00 0.00000E+00
 -1       179 0.00000E+00 0.00000E+00 0.00000E+00 0.00000E+00 0.00000E+00 0.00000E+00
 -1       180 0.00000E+00 0.00000E+00 0.00000E+00 0.00000E+00 0.00000E+00 0.00000E+00
 -1       181 0.00000E+00 0.00000E+00 0.00000E+00 0.00000E+00 0.00000E+00 0.00000E+00
 -1       182 0.00000E+00 0.00000E+00 0.00000E+00 0.00000E+00 0.00000E+00 0.00000E+00
 -1       183 0.00000E+00 0.00000E+00 0.00000E+00 0.00000E+00 0.00000E+00 0.00000E+00
 -1       184 0.00000E+00 0.00000E+00 0.00000E+00 0.00000E+00 0.00000E+00 0.00000E+00
 -1       185 0.00000E+00 0.00000E+00 0.00000E+00 0.00000E+00 0.00000E+00 0.00000E+00
 -1       186 0.00000E+00 0.00000E+00 0.00000E+00 0.00000E+00 0.00000E+00 0.00000E+00
 -1       187 0.00000E+00 0.00000E+00 0.00000E+00 0.00000E+00 0.00000E+00 0.00000E+00
 -1       188 0.00000E+00 0.00000E+00 0.00000E+00 0.00000E+00 0.00000E+00 0.00000E+00
 -1       189 0.00000E+00 0.00000E+00 0.00000E+00 0.00000E+00 0.00000E+00 0.00000E+00
 -1       190 0.00000E+00 0.00000E+00 0.00000E+00 0.00000E+00 0.00000E+00 0.00000E+00
 -1       191 0.00000E+00 0.00000E+00 0.00000E+00 0.00000E+00 0.00000E+00 0.00000E+00
 -1       192 0.00000E+00 0.00000E+00 0.00000E+00 0.00000E+00 0.00000E+00 0.00000E+00
 -1       193 0.00000E+00 0.00000E+00 0.00000E+00 0.00000E+00 0.00000E+00 0.00000E+00
 -1       194 0.00000E+00 0.00000E+00 0.00000E+00 0.00000E+00 0.00000E+00 0.00000E+00
 -1       195 0.00000E+00 0.00000E+00 0.00000E+00 0.00000E+00 0.00000E+00 0.00000E+00
 -1       196 0.00000E+00 0.00000E+00 0.00000E+00 0.00000E+00 0.00000E+00 0.00000E+00
 -1       197 0.00000E+00 0.00000E+00 0.00000E+00 0.00000E+00 0.00000E+00 0.00000E+00
 -1       198 0.00000E+00 0.00000E+00 0.00000E+00 0.00000E+00 0.00000E+00 0.00000E+00
 -1       199 0.00000E+00 0.00000E+00 0.00000E+00 0.00000E+00 0.00000E+00 0.00000E+00
 -1       200 0.00000E+00 0.00000E+00 0.00000E+00 0.00000E+00 0.00000E+00 0.00000E+00
 -1       201 0.00000E+00 0.00000E+00 0.00000E+00 0.00000E+00 0.00000E+00 0.00000E+00
 -1       202 0.00000E+00 0.00000E+00 0.00000E+00 0.00000E+00 0.00000E+00 0.00000E+00
 -1       203 0.00000E+00 0.00000E+00 0.00000E+00 0.00000E+00 0.00000E+00 0.00000E+00
 -1       204 0.00000E+00 0.00000E+00 0.00000E+00 0.00000E+00 0.00000E+00 0.00000E+00
 -1       205 0.00000E+00 0.00000E+00 0.00000E+00 0.00000E+00 0.00000E+00 0.00000E+00
 -1       206 0.00000E+00 0.00000E+00 0.00000E+00 0.00000E+00 0.00000E+00 0.00000E+00
 -1       207 0.00000E+00 0.00000E+00 0.00000E+00 0.00000E+00 0.00000E+00 0.00000E+00
 -1       208 0.00000E+00 0.00000E+00 0.00000E+00 0.00000E+00 0.00000E+00 0.00000E+00
 -1       209 0.00000E+00 0.00000E+00 0.00000E+00 0.00000E+00 0.00000E+00 0.00000E+00
 -1       210 0.00000E+00 0.00000E+00 0.00000E+00 0.00000E+00 0.00000E+00 0.00000E+00
 -1       211 0.00000E+00 0.00000E+00 0.00000E+00 0.00000E+00 0.00000E+00 0.00000E+00
 -1       212 0.00000E+00 0.00000E+00 0.00000E+00 0.00000E+00 0.00000E+00 0.00000E+00
 -1       213 0.00000E+00 0.00000E+00 0.00000E+00 0.00000E+00 0.00000E+00 0.00000E+00
 -1       214 0.00000E+00 0.00000E+00 0.00000E+00 0.00000E+00 0.00000E+00 0.00000E+00
 -1       215 0.00000E+00 0.00000E+00 0.00000E+00 0.00000E+00 0.00000E+00 0.00000E+00
 -1       216 0.00000E+00 0.00000E+00 0.00000E+00 0.00000E+00 0.00000E+00 0.00000E+00
 -1       217 0.00000E+00 0.00000E+00 0.00000E+00 0.00000E+00 0.00000E+00 0.00000E+00
 -1       218 0.00000E+00 0.00000E+00 0.00000E+00 0.00000E+00 0.00000E+00 0.00000E+00
 -1       219 0.00000E+00 0.00000E+00 0.00000E+00 0.00000E+00 0.00000E+00 0.00000E+00
 -1       220 0.00000E+00 0.00000E+00 0.00000E+00 0.00000E+00 0.00000E+00 0.00000E+00
 -1       221 0.00000E+00 0.00000E+00 0.00000E+00 0.00000E+00 0.00000E+00 0.00000E+00
 -1       222 0.00000E+00 0.00000E+00 0.00000E+00 0.00000E+00 0.00000E+00 0.00000E+00
 -1       223 0.00000E+00 0.00000E+00 0.00000E+00 0.00000E+00 0.00000E+00 0.00000E+00
 -1       224 0.00000E+00 0.00000E+00 0.00000E+00 0.00000E+00 0.00000E+00 0.00000E+00
 -1       225 0.00000E+00 0.00000E+00 0.00000E+00 0.00000E+00 0.00000E+00 0.00000E+00
 -1       226 0.00000E+00 0.00000E+00 0.00000E+00 0.00000E+00 0.00000E+00 0.00000E+00
 -1       227 0.00000E+00 0.00000E+00 0.00000E+00 0.00000E+00 0.00000E+00 0.00000E+00
 -1       228 0.00000E+00 0.00000E+00 0.00000E+00 0.00000E+00 0.00000E+00 0.00000E+00
 -1       229 0.00000E+00 0.00000E+00 0.00000E+00 0.00000E+00 0.00000E+00 0.00000E+00
 -1       230 0.00000E+00 0.00000E+00 0.00000E+00 0.00000E+00 0.00000E+00 0.00000E+00
 -1       231 0.00000E+00 0.00000E+00 0.00000E+00 0.00000E+00 0.00000E+00 0.00000E+00
 -1       232 0.00000E+00 0.00000E+00 0.00000E+00 0.00000E+00 0.00000E+00 0.00000E+00
 -1       233 0.00000E+00 0.00000E+00 0.00000E+00 0.00000E+00 0.00000E+00 0.00000E+00
 -1       234 0.00000E+00 0.00000E+00 0.00000E+00 0.00000E+00 0.00000E+00 0.00000E+00
 -1       235 0.00000E+00 0.00000E+00 0.00000E+00 0.00000E+00 0.00000E+00 0.00000E+00
 -1       236 0.00000E+00 0.00000E+00 0.00000E+00 0.00000E+00 0.00000E+00 0.00000E+00
 -1       237 0.00000E+00 0.00000E+00 0.00000E+00 0.00000E+00 0.00000E+00 0.00000E+00
 -1       238 0.00000E+00 0.00000E+00 0.00000E+00 0.00000E+00 0.00000E+00 0.00000E+00
 -1       239 0.00000E+00 0.00000E+00 0.00000E+00 0.00000E+00 0.00000E+00 0.00000E+00
 -1       240 0.00000E+00 0.00000E+00 0.00000E+00 0.00000E+00 0.00000E+00 0.00000E+00
 -1       241 0.00000E+00 0.00000E+00 0.00000E+00 0.00000E+00 0.00000E+00 0.00000E+00
 -1       242 0.00000E+00 0.00000E+00 0.00000E+00 0.00000E+00 0.00000E+00 0.00000E+00
 -1       243 0.00000E+00 0.00000E+00 0.00000E+00 0.00000E+00 0.00000E+00 0.00000E+00
 -1       244 0.00000E+00 0.00000E+00 0.00000E+00 0.00000E+00 0.00000E+00 0.00000E+00
 -1       245 0.00000E+00 0.00000E+00 0.00000E+00 0.00000E+00 0.00000E+00 0.00000E+00
 -1       246 0.00000E+00 0.00000E+00 0.00000E+00 0.00000E+00 0.00000E+00 0.00000E+00
 -1       247 0.00000E+00 0.00000E+00 0.00000E+00 0.00000E+00 0.00000E+00 0.00000E+00
 -1       248 0.00000E+00 0.00000E+00 0.00000E+00 0.00000E+00 0.00000E+00 0.00000E+00
 -1       249 0.00000E+00 0.00000E+00 0.00000E+00 0.00000E+00 0.00000E+00 0.00000E+00
 -1       250 0.00000E+00 0.00000E+00 0.00000E+00 0.00000E+00 0.00000E+00 0.00000E+00
 -1       251 0.00000E+00 0.00000E+00 0.00000E+00 0.00000E+00 0.00000E+00 0.00000E+00
 -1       252 0.00000E+00 0.00000E+00 0.00000E+00 0.00000E+00 0.00000E+00 0.00000E+00
 -1       253 0.00000E+00 0.00000E+00 0.00000E+00 0.00000E+00 0.00000E+00 0.00000E+00
 -1       254 0.00000E+00 0.00000E+00 0.00000E+00 0.00000E+00 0.00000E+00 0.00000E+00
 -1       255 0.00000E+00 0.00000E+00 0.00000E+00 0.00000E+00 0.00000E+00 0.00000E+00
 -1       256 0.00000E+00 0.00000E+00 0.00000E+00 0.00000E+00 0.00000E+00 0.00000E+00
 -1       257 0.00000E+00 0.00000E+00 0.00000E+00 0.00000E+00 0.00000E+00 0.00000E+00
 -1       258 0.00000E+00 0.00000E+00 0.00000E+00 0.00000E+00 0.00000E+00 0.00000E+00
 -1       259 0.00000E+00 0.00000E+00 0.00000E+00 0.00000E+00 0.00000E+00 0.00000E+00
 -1       260 0.00000E+00 0.00000E+00 0.00000E+00 0.00000E+00 0.00000E+00 0.00000E+00
 -1       261 0.00000E+00 0.00000E+00 0.00000E+00 0.00000E+00 0.00000E+00 0.00000E+00
 -1       262 0.00000E+00 0.00000E+00 0.00000E+00 0.00000E+00 0.00000E+00 0.00000E+00
 -1       263 0.00000E+00 0.00000E+00 0.00000E+00 0.00000E+00 0.00000E+00 0.00000E+00
 -1       264 0.00000E+00 0.00000E+00 0.00000E+00 0.00000E+00 0.00000E+00 0.00000E+00
 -1       265 0.00000E+00 0.00000E+00 0.00000E+00 0.00000E+00 0.00000E+00 0.00000E+00
 -1       266 0.00000E+00 0.00000E+00 0.00000E+00 0.00000E+00 0.00000E+00 0.00000E+00
 -1       267 0.00000E+00 0.00000E+00 0.00000E+00 0.00000E+00 0.00000E+00 0.00000E+00
 -1       268 0.00000E+00 0.00000E+00 0.00000E+00 0.00000E+00 0.00000E+00 0.00000E+00
 -1       269 0.00000E+00 0.00000E+00 0.00000E+00 0.00000E+00 0.00000E+00 0.00000E+00
 -1       270 0.00000E+00 0.00000E+00 0.00000E+00 0.00000E+00 0.00000E+00 0.00000E+00
 -1       271 0.00000E+00 0.00000E+00 0.00000E+00 0.00000E+00 0.00000E+00 0.00000E+00
 -1       272 0.00000E+00 0.00000E+00 0.00000E+00 0.00000E+00 0.00000E+00 0.00000E+00
 -1       273 0.00000E+00 0.00000E+00 0.00000E+00 0.00000E+00 0.00000E+00 0.00000E+00
 -1       274 0.00000E+00 0.00000E+00 0.00000E+00 0.00000E+00 0.00000E+00 0.00000E+00
 -1       275 0.00000E+00 0.00000E+00 0.00000E+00 0.00000E+00 0.00000E+00 0.00000E+00
 -1       276 0.00000E+00 0.00000E+00 0.00000E+00 0.00000E+00 0.00000E+00 0.00000E+00
 -1       277 0.00000E+00 0.00000E+00 0.00000E+00 0.00000E+00 0.00000E+00 0.00000E+00
 -1       278 0.00000E+00 0.00000E+00 0.00000E+00 0.00000E+00 0.00000E+00 0.00000E+00
 -1       279 0.00000E+00 0.00000E+00 0.00000E+00 0.00000E+00 0.00000E+00 0.00000E+00
 -1       280 0.00000E+00 0.00000E+00 0.00000E+00 0.00000E+00 0.00000E+00 0.00000E+00
 -1       281 0.00000E+00 0.00000E+00 0.00000E+00 0.00000E+00 0.00000E+00 0.00000E+00
 -1       282 0.00000E+00 0.00000E+00 0.00000E+00 0.00000E+00 0.00000E+00 0.00000E+00
 -1       283 0.00000E+00 0.00000E+00 0.00000E+00 0.00000E+00 0.00000E+00 0.00000E+00
 -1       284 0.00000E+00 0.00000E+00 0.00000E+00 0.00000E+00 0.00000E+00 0.00000E+00
 -1       285 0.00000E+00 0.00000E+00 0.00000E+00 0.00000E+00 0.00000E+00 0.00000E+00
 -1       286 0.00000E+00 0.00000E+00 0.00000E+00 0.00000E+00 0.00000E+00 0.00000E+00
 -1       287 0.00000E+00 0.00000E+00 0.00000E+00 0.00000E+00 0.00000E+00 0.00000E+00
 -1       288 0.00000E+00 0.00000E+00 0.00000E+00 0.00000E+00 0.00000E+00 0.00000E+00
 -1       289 0.00000E+00 0.00000E+00 0.00000E+00 0.00000E+00 0.00000E+00 0.00000E+00
 -1       290 0.00000E+00 0.00000E+00 0.00000E+00 0.00000E+00 0.00000E+00 0.00000E+00
 -1       291 0.00000E+00 0.00000E+00 0.00000E+00 0.00000E+00 0.00000E+00 0.00000E+00
 -1       292 0.00000E+00 0.00000E+00 0.00000E+00 0.00000E+00 0.00000E+00 0.00000E+00
 -1       293 0.00000E+00 0.00000E+00 0.00000E+00 0.00000E+00 0.00000E+00 0.00000E+00
 -1       294 0.00000E+00 0.00000E+00 0.00000E+00 0.00000E+00 0.00000E+00 0.00000E+00
 -1       295 0.00000E+00 0.00000E+00 0.00000E+00 0.00000E+00 0.00000E+00 0.00000E+00
 -1       296 0.00000E+00 0.00000E+00 0.00000E+00 0.00000E+00 0.00000E+00 0.00000E+00
 -1       297 0.00000E+00 0.00000E+00 0.00000E+00 0.00000E+00 0.00000E+00 0.00000E+00
 -1       298 0.00000E+00 0.00000E+00 0.00000E+00 0.00000E+00 0.00000E+00 0.00000E+00
 -1       299 0.00000E+00 0.00000E+00 0.00000E+00 0.00000E+00 0.00000E+00 0.00000E+00
 -1       300 0.00000E+00 0.00000E+00 0.00000E+00 0.00000E+00 0.00000E+00 0.00000E+00
 -1       301 0.00000E+00 0.00000E+00 0.00000E+00 0.00000E+00 0.00000E+00 0.00000E+00
 -1       302 0.00000E+00 0.00000E+00 0.00000E+00 0.00000E+00 0.00000E+00 0.00000E+00
 -1       303 0.00000E+00 0.00000E+00 0.00000E+00 0.00000E+00 0.00000E+00 0.00000E+00
 -1       304 0.00000E+00 0.00000E+00 0.00000E+00 0.00000E+00 0.00000E+00 0.00000E+00
 -1       305 0.00000E+00 0.00000E+00 0.00000E+00 0.00000E+00 0.00000E+00 0.00000E+00
 -1       306 0.00000E+00 0.00000E+00 0.00000E+00 0.00000E+00 0.00000E+00 0.00000E+00
 -1       307 0.00000E+00 0.00000E+00 0.00000E+00 0.00000E+00 0.00000E+00 0.00000E+00
 -1       308 0.00000E+00 0.00000E+00 0.00000E+00 0.00000E+00 0.00000E+00 0.00000E+00
 -1       309 0.00000E+00 0.00000E+00 0.00000E+00 0.00000E+00 0.00000E+00 0.00000E+00
 -1       310 0.00000E+00 0.00000E+00 0.00000E+00 0.00000E+00 0.00000E+00 0.00000E+00
 -1       311 0.00000E+00 0.00000E+00 0.00000E+00 0.00000E+00 0.00000E+00 0.00000E+00
 -1       312 0.00000E+00 0.00000E+00 0.00000E+00 0.00000E+00 0.00000E+00 0.00000E+00
 -1       313 0.00000E+00 0.00000E+00 0.00000E+00 0.00000E+00 0.00000E+00 0.00000E+00
 -1       314 0.00000E+00 0.00000E+00 0.00000E+00 0.00000E+00 0.00000E+00 0.00000E+00
 -1       315 0.00000E+00 0.00000E+00 0.00000E+00 0.00000E+00 0.00000E+00 0.00000E+00
 -1       316 0.00000E+00 0.00000E+00 0.00000E+00 0.00000E+00 0.00000E+00 0.00000E+00
 -1       317 0.00000E+00 0.00000E+00 0.00000E+00 0.00000E+00 0.00000E+00 0.00000E+00
 -1       318 0.00000E+00 0.00000E+00 0.00000E+00 0.00000E+00 0.00000E+00 0.00000E+00
 -1       319 0.00000E+00 0.00000E+00 0.00000E+00 0.00000E+00 0.00000E+00 0.00000E+00
 -1       320 0.00000E+00 0.00000E+00 0.00000E+00 0.00000E+00 0.00000E+00 0.00000E+00
 -1       321 0.00000E+00 0.00000E+00 0.00000E+00 0.00000E+00 0.00000E+00 0.00000E+00
 -1       322 0.00000E+00 0.00000E+00 0.00000E+00 0.00000E+00 0.00000E+00 0.00000E+00
 -1       323 0.00000E+00 0.00000E+00 0.00000E+00 0.00000E+00 0.00000E+00 0.00000E+00
 -1       324 0.00000E+00 0.00000E+00 0.00000E+00 0.00000E+00 0.00000E+00 0.00000E+00
 -1       325 0.00000E+00 0.00000E+00 0.00000E+00 0.00000E+00 0.00000E+00 0.00000E+00
 -1       326 0.00000E+00 0.00000E+00 0.00000E+00 0.00000E+00 0.00000E+00 0.00000E+00
 -1       327 0.00000E+00 0.00000E+00 0.00000E+00 0.00000E+00 0.00000E+00 0.00000E+00
 -1       328 0.00000E+00 0.00000E+00 0.00000E+00 0.00000E+00 0.00000E+00 0.00000E+00
 -1       329 0.00000E+00 0.00000E+00 0.00000E+00 0.00000E+00 0.00000E+00 0.00000E+00
 -1       330 0.00000E+00 0.00000E+00 0.00000E+00 0.00000E+00 0.00000E+00 0.00000E+00
 -1       331 0.00000E+00 0.00000E+00 0.00000E+00 0.00000E+00 0.00000E+00 0.00000E+00
 -1       332 0.00000E+00 0.00000E+00 0.00000E+00 0.00000E+00 0.00000E+00 0.00000E+00
 -1       333 0.00000E+00 0.00000E+00 0.00000E+00 0.00000E+00 0.00000E+00 0.00000E+00
 -1       334 0.00000E+00 0.00000E+00 0.00000E+00 0.00000E+00 0.00000E+00 0.00000E+00
 -1       335 0.00000E+00 0.00000E+00 0.00000E+00 0.00000E+00 0.00000E+00 0.00000E+00
 -1       336 0.00000E+00 0.00000E+00 0.00000E+00 0.00000E+00 0.00000E+00 0.00000E+00
 -1       337 0.00000E+00 0.00000E+00 0.00000E+00 0.00000E+00 0.00000E+00 0.00000E+00
 -1       338 0.00000E+00 0.00000E+00 0.00000E+00 0.00000E+00 0.00000E+00 0.00000E+00
 -1       339 0.00000E+00 0.00000E+00 0.00000E+00 0.00000E+00 0.00000E+00 0.00000E+00
 -1       340 0.00000E+00 0.00000E+00 0.00000E+00 0.00000E+00 0.00000E+00 0.00000E+00
 -1       341 0.00000E+00 0.00000E+00 0.00000E+00 0.00000E+00 0.00000E+00 0.00000E+00
 -1       342 0.00000E+00 0.00000E+00 0.00000E+00 0.00000E+00 0.00000E+00 0.00000E+00
 -1       343 0.00000E+00 0.00000E+00 0.00000E+00 0.00000E+00 0.00000E+00 0.00000E+00
 -1       344 0.00000E+00 0.00000E+00 0.00000E+00 0.00000E+00 0.00000E+00 0.00000E+00
 -1       345 0.00000E+00 0.00000E+00 0.00000E+00 0.00000E+00 0.00000E+00 0.00000E+00
 -1       346 0.00000E+00 0.00000E+00 0.00000E+00 0.00000E+00 0.00000E+00 0.00000E+00
 -1       347 0.00000E+00 0.00000E+00 0.00000E+00 0.00000E+00 0.00000E+00 0.00000E+00
 -1       348 0.00000E+00 0.00000E+00 0.00000E+00 0.00000E+00 0.00000E+00 0.00000E+00
 -1       349 0.00000E+00 0.00000E+00 0.00000E+00 0.00000E+00 0.00000E+00 0.00000E+00
 -1       350 0.00000E+00 0.00000E+00 0.00000E+00 0.00000E+00 0.00000E+00 0.00000E+00
 -1       351 0.00000E+00 0.00000E+00 0.00000E+00 0.00000E+00 0.00000E+00 0.00000E+00
 -1       352 0.00000E+00 0.00000E+00 0.00000E+00 0.00000E+00 0.00000E+00 0.00000E+00
 -1       353 0.00000E+00 0.00000E+00 0.00000E+00 0.00000E+00 0.00000E+00 0.00000E+00
 -1       354 0.00000E+00 0.00000E+00 0.00000E+00 0.00000E+00 0.00000E+00 0.00000E+00
 -1       355-3.80847E-05 0.00000E+00 0.00000E+00 3.80847E+01 0.00000E+00 0.00000E+00
 -1       356-6.02584E-04 0.00000E+00 0.00000E+00 6.02584E+02 0.00000E+00 0.00000E+00
 -1       357-4.10337E-04 0.00000E+00 0.00000E+00 4.10337E+02 0.00000E+00 0.00000E+00
 -1       358-6.02584E-04 0.00000E+00 0.00000E+00 6.02584E+02 0.00000E+00 0.00000E+00
 -1       359-3.80847E-05 0.00000E+00 0.00000E+00 3.80847E+01 0.00000E+00 0.00000E+00
 -1       360 0.00000E+00 0.00000E+00 0.00000E+00 0.00000E+00 0.00000E+00 0.00000E+00
 -1       361 0.00000E+00 0.00000E+00 0.00000E+00 0.00000E+00 0.00000E+00 0.00000E+00
 -1       362 0.00000E+00 0.00000E+00 0.00000E+00 0.00000E+00 0.00000E+00 0.00000E+00
 -1       363 0.00000E+00 0.00000E+00 0.00000E+00 0.00000E+00 0.00000E+00 0.00000E+00
 -1       364 0.00000E+00 0.00000E+00 0.00000E+00 0.00000E+00 0.00000E+00 0.00000E+00
 -1       365 0.00000E+00 0.00000E+00 0.00000E+00 0.00000E+00 0.00000E+00 0.00000E+00
 -1       366-2.65167E-05 0.00000E+00 0.00000E+00 2.65167E+01 0.00000E+00 0.00000E+00
 -1       367-5.47536E-04 0.00000E+00 0.00000E+00 5.47536E+02 0.00000E+00 0.00000E+00
 -1       368-1.78100E-04 0.00000E+00 0.00000E+00 1.78100E+02 0.00000E+00 0.00000E+00
 -1       369-5.47536E-04 0.00000E+00 0.00000E+00 5.47536E+02 0.00000E+00 0.00000E+00
 -1       370-2.65167E-05 0.00000E+00 0.00000E+00 2.65167E+01 0.00000E+00 0.00000E+00
 -1       371 0.00000E+00 0.00000E+00 0.00000E+00 0.00000E+00 0.00000E+00 0.00000E+00
 -1       372 0.00000E+00 0.00000E+00 0.00000E+00 0.00000E+00 0.00000E+00 0.00000E+00
 -1       373 0.00000E+00 0.00000E+00 0.00000E+00 0.00000E+00 0.00000E+00 0.00000E+00
 -1       374 0.00000E+00 0.00000E+00 0.00000E+00 0.00000E+00 0.00000E+00 0.00000E+00
 -1       375 0.00000E+00 0.00000E+00 0.00000E+00 0.00000E+00 0.00000E+00 0.00000E+00
 -1       376 0.00000E+00 0.00000E+00 0.00000E+00 0.00000E+00 0.00000E+00 0.00000E+00
 -1       377-2.65167E-05 0.00000E+00 0.00000E+00 2.65167E+01 0.00000E+00 0.00000E+00
 -1       378-5.47536E-04 0.00000E+00 0.00000E+00 5.47536E+02 0.00000E+00 0.00000E+00
 -1       379-1.78100E-04 0.00000E+00 0.00000E+00 1.78100E+02 0.00000E+00 0.00000E+00
 -1       380-5.47536E-04 0.00000E+00 0.00000E+00 5.47536E+02 0.00000E+00 0.00000E+00
 -1       381-2.65167E-05 0.00000E+00 0.00000E+00 2.65167E+01 0.00000E+00 0.00000E+00
 -1       382 0.00000E+00 0.00000E+00 0.00000E+00 0.00000E+00 0.00000E+00 0.00000E+00
 -1       383 0.00000E+00 0.00000E+00 0.00000E+00 0.00000E+00 0.00000E+00 0.00000E+00
 -1       384 0.00000E+00 0.00000E+00 0.00000E+00 0.00000E+00 0.00000E+00 0.00000E+00
 -1       385 0.00000E+00 0.00000E+00 0.00000E+00 0.00000E+00 0.00000E+00 0.00000E+00
 -1       386 0.00000E+00 0.00000E+00 0.00000E+00 0.00000E+00 0.00000E+00 0.00000E+00
 -1       387 0.00000E+00 0.00000E+00 0.00000E+00 0.00000E+00 0.00000E+00 0.00000E+00
 -1       388-3.80847E-05 0.00000E+00 0.00000E+00 3.80847E+01 0.00000E+00 0.00000E+00
 -1       389-6.02584E-04 0.00000E+00 0.00000E+00 6.02584E+02 0.00000E+00 0.00000E+00
 -1       390-4.10337E-04 0.00000E+00 0.00000E+00 4.10337E+02 0.00000E+00 0.00000E+00
 -1       391-6.02584E-04 0.00000E+00 0.00000E+00 6.02584E+02 0.00000E+00 0.00000E+00
 -1       392-3.80847E-05 0.00000E+00 0.00000E+00 3.80847E+01 0.00000E+00 0.00000E+00
 -1       393 0.00000E+00 0.00000E+00 0.00000E+00 0.00000E+00 0.00000E+00 0.00000E+00
 -1       394 0.00000E+00 0.00000E+00 0.00000E+00 0.00000E+00 0.00000E+00 0.00000E+00
 -1       395 0.00000E+00 0.00000E+00 0.00000E+00 0.00000E+00 0.00000E+00 0.00000E+00
 -1       396 0.00000E+00 0.00000E+00 0.00000E+00 0.00000E+00 0.00000E+00 0.00000E+00
 -1       397 0.00000E+00 0.00000E+00 0.00000E+00 0.00000E+00 0.00000E+00 0.00000E+00
 -1       398 0.00000E+00 0.00000E+00 0.00000E+00 0.00000E+00 0.00000E+00 0.00000E+00
 -1       399 0.00000E+00 0.00000E+00 0.00000E+00 0.00000E+00 0.00000E+00 0.00000E+00
 -1       400 0.00000E+00 0.00000E+00 0.00000E+00 0.00000E+00 0.00000E+00 0.00000E+00
 -1       401 0.00000E+00 0.00000E+00 0.00000E+00 0.00000E+00 0.00000E+00 0.00000E+00
 -1       402 0.00000E+00 0.00000E+00 0.00000E+00 0.00000E+00 0.00000E+00 0.00000E+00
 -1       403 0.00000E+00 0.00000E+00 0.00000E+00 0.00000E+00 0.00000E+00 0.00000E+00
 -1       404 0.00000E+00 0.00000E+00 0.00000E+00 0.00000E+00 0.00000E+00 0.00000E+00
 -1       405 0.00000E+00 0.00000E+00 0.00000E+00 0.00000E+00 0.00000E+00 0.00000E+00
 -1       406 0.00000E+00 0.00000E+00 0.00000E+00 0.00000E+00 0.00000E+00 0.00000E+00
 -1       407 0.00000E+00 0.00000E+00 0.00000E+00 0.00000E+00 0.00000E+00 0.00000E+00
 -1       408 0.00000E+00 0.00000E+00 0.00000E+00 0.00000E+00 0.00000E+00 0.00000E+00
 -1       409 0.00000E+00 0.00000E+00 0.00000E+00 0.00000E+00 0.00000E+00 0.00000E+00
 -1       410 0.00000E+00 0.00000E+00 0.00000E+00 0.00000E+00 0.00000E+00 0.00000E+00
 -1       411 0.00000E+00 0.00000E+00 0.00000E+00 0.00000E+00 0.00000E+00 0.00000E+00
 -1       412 0.00000E+00 0.00000E+00 0.00000E+00 0.00000E+00 0.00000E+00 0.00000E+00
 -1       413 0.00000E+00 0.00000E+00 0.00000E+00 0.00000E+00 0.00000E+00 0.00000E+00
 -1       414 0.00000E+00 0.00000E+00 0.00000E+00 0.00000E+00 0.00000E+00 0.00000E+00
 -1       415 0.00000E+00 0.00000E+00 0.00000E+00 0.00000E+00 0.00000E+00 0.00000E+00
 -1       416 0.00000E+00 0.00000E+00 0.00000E+00 0.00000E+00 0.00000E+00 0.00000E+00
 -1       417 0.00000E+00 0.00000E+00 0.00000E+00 0.00000E+00 0.00000E+00 0.00000E+00
 -1       418 0.00000E+00 0.00000E+00 0.00000E+00 0.00000E+00 0.00000E+00 0.00000E+00
 -1       419 0.00000E+00 0.00000E+00 0.00000E+00 0.00000E+00 0.00000E+00 0.00000E+00
 -1       420 0.00000E+00 0.00000E+00 0.00000E+00 0.00000E+00 0.00000E+00 0.00000E+00
 -1       421 0.00000E+00 0.00000E+00 0.00000E+00 0.00000E+00 0.00000E+00 0.00000E+00
 -1       422 0.00000E+00 0.00000E+00 0.00000E+00 0.00000E+00 0.00000E+00 0.00000E+00
 -1       423 0.00000E+00 0.00000E+00 0.00000E+00 0.00000E+00 0.00000E+00 0.00000E+00
 -1       424 0.00000E+00 0.00000E+00 0.00000E+00 0.00000E+00 0.00000E+00 0.00000E+00
 -1       425 0.00000E+00 0.00000E+00 0.00000E+00 0.00000E+00 0.00000E+00 0.00000E+00
 -1       426 0.00000E+00 0.00000E+00 0.00000E+00 0.00000E+00 0.00000E+00 0.00000E+00
 -1       427 0.00000E+00 0.00000E+00 0.00000E+00 0.00000E+00 0.00000E+00 0.00000E+00
 -1       428 0.00000E+00 0.00000E+00 0.00000E+00 0.00000E+00 0.00000E+00 0.00000E+00
 -1       429 0.00000E+00 0.00000E+00 0.00000E+00 0.00000E+00 0.00000E+00 0.00000E+00
 -1       430 0.00000E+00 0.00000E+00 0.00000E+00 0.00000E+00 0.00000E+00 0.00000E+00
 -1       431 0.00000E+00 0.00000E+00 0.00000E+00 0.00000E+00 0.00000E+00 0.00000E+00
 -1       432 0.00000E+00 0.00000E+00 0.00000E+00 0.00000E+00 0.00000E+00 0.00000E+00
 -1       433 0.00000E+00 0.00000E+00 0.00000E+00 0.00000E+00 0.00000E+00 0.00000E+00
 -1       434 0.00000E+00 0.00000E+00 0.00000E+00 0.00000E+00 0.00000E+00 0.00000E+00
 -1       435 0.00000E+00 0.00000E+00 0.00000E+00 0.00000E+00 0.00000E+00 0.00000E+00
 -1       436 0.00000E+00 0.00000E+00 0.00000E+00 0.00000E+00 0.00000E+00 0.00000E+00
 -1       437 0.00000E+00 0.00000E+00 0.00000E+00 0.00000E+00 0.00000E+00 0.00000E+00
 -1       438 0.00000E+00 0.00000E+00 0.00000E+00 0.00000E+00 0.00000E+00 0.00000E+00
 -1       439 0.00000E+00 0.00000E+00 0.00000E+00 0.00000E+00 0.00000E+00 0.00000E+00
 -1       440 0.00000E+00 0.00000E+00 0.00000E+00 0.00000E+00 0.00000E+00 0.00000E+00
 -1       441 0.00000E+00 0.00000E+00 0.00000E+00 0.00000E+00 0.00000E+00 0.00000E+00
 -1       442 0.00000E+00 0.00000E+00 0.00000E+00 0.00000E+00 0.00000E+00 0.00000E+00
 -1       443 0.00000E+00 0.00000E+00 0.00000E+00 0.00000E+00 0.00000E+00 0.00000E+00
 -1       444 0.00000E+00 0.00000E+00 0.00000E+00 0.00000E+00 0.00000E+00 0.00000E+00
 -1       445 0.00000E+00 0.00000E+00 0.00000E+00 0.00000E+00 0.00000E+00 0.00000E+00
 -1       446 0.00000E+00 0.00000E+00 0.00000E+00 0.00000E+00 0.00000E+00 0.00000E+00
 -1       447 0.00000E+00 0.00000E+00 0.00000E+00 0.00000E+00 0.00000E+00 0.00000E+00
 -1       448 0.00000E+00 0.00000E+00 0.00000E+00 0.00000E+00 0.00000E+00 0.00000E+00
 -1       449 0.00000E+00 0.00000E+00 0.00000E+00 0.00000E+00 0.00000E+00 0.00000E+00
 -1       450 0.00000E+00 0.00000E+00 0.00000E+00 0.00000E+00 0.00000E+00 0.00000E+00
 -1       451 0.00000E+00 0.00000E+00 0.00000E+00 0.00000E+00 0.00000E+00 0.00000E+00
 -1       452 0.00000E+00 0.00000E+00 0.00000E+00 0.00000E+00 0.00000E+00 0.00000E+00
 -1       453 0.00000E+00 0.00000E+00 0.00000E+00 0.00000E+00 0.00000E+00 0.00000E+00
 -1       454 0.00000E+00 0.00000E+00 0.00000E+00 0.00000E+00 0.00000E+00 0.00000E+00
 -1       455 0.00000E+00 0.00000E+00 0.00000E+00 0.00000E+00 0.00000E+00 0.00000E+00
 -1       456 0.00000E+00 0.00000E+00 0.00000E+00 0.00000E+00 0.00000E+00 0.00000E+00
 -1       457 0.00000E+00 0.00000E+00 0.00000E+00 0.00000E+00 0.00000E+00 0.00000E+00
 -1       458 0.00000E+00 0.00000E+00 0.00000E+00 0.00000E+00 0.00000E+00 0.00000E+00
 -1       459 0.00000E+00 0.00000E+00 0.00000E+00 0.00000E+00 0.00000E+00 0.00000E+00
 -1       460 0.00000E+00 0.00000E+00 0.00000E+00 0.00000E+00 0.00000E+00 0.00000E+00
 -1       461 0.00000E+00 0.00000E+00 0.00000E+00 0.00000E+00 0.00000E+00 0.00000E+00
 -1       462 0.00000E+00 0.00000E+00 0.00000E+00 0.00000E+00 0.00000E+00 0.00000E+00
 -1       463 0.00000E+00 0.00000E+00 0.00000E+00 0.00000E+00 0.00000E+00 0.00000E+00
 -1       464 0.00000E+00 0.00000E+00 0.00000E+00 0.00000E+00 0.00000E+00 0.00000E+00
 -1       465 0.00000E+00 0.00000E+00 0.00000E+00 0.00000E+00 0.00000E+00 0.00000E+00
 -1       466 0.00000E+00 0.00000E+00 0.00000E+00 0.00000E+00 0.00000E+00 0.00000E+00
 -1       467 0.00000E+00 0.00000E+00 0.00000E+00 0.00000E+00 0.00000E+00 0.00000E+00
 -1       468 0.00000E+00 0.00000E+00 0.00000E+00 0.00000E+00 0.00000E+00 0.00000E+00
 -1       469 0.00000E+00 0.00000E+00 0.00000E+00 0.00000E+00 0.00000E+00 0.00000E+00
 -1       470 0.00000E+00 0.00000E+00 0.00000E+00 0.00000E+00 0.00000E+00 0.00000E+00
 -1       471 0.00000E+00 0.00000E+00 0.00000E+00 0.00000E+00 0.00000E+00 0.00000E+00
 -1       472 0.00000E+00 0.00000E+00 0.00000E+00 0.00000E+00 0.00000E+00 0.00000E+00
 -1       473 0.00000E+00 0.00000E+00 0.00000E+00 0.00000E+00 0.00000E+00 0.00000E+00
 -1       474 0.00000E+00 0.00000E+00 0.00000E+00 0.00000E+00 0.00000E+00 0.00000E+00
 -1       475 0.00000E+00 0.00000E+00 0.00000E+00 0.00000E+00 0.00000E+00 0.00000E+00
 -1       476 0.00000E+00 0.00000E+00 0.00000E+00 0.00000E+00 0.00000E+00 0.00000E+00
 -1       477 0.00000E+00 0.00000E+00 0.00000E+00 0.00000E+00 0.00000E+00 0.00000E+00
 -1       478 0.00000E+00 0.00000E+00 0.00000E+00 0.00000E+00 0.00000E+00 0.00000E+00
 -1       479 0.00000E+00 0.00000E+00 0.00000E+00 0.00000E+00 0.00000E+00 0.00000E+00
 -1       480 0.00000E+00 0.00000E+00 0.00000E+00 0.00000E+00 0.00000E+00 0.00000E+00
 -1       481 0.00000E+00 0.00000E+00 0.00000E+00 0.00000E+00 0.00000E+00 0.00000E+00
 -1       482 0.00000E+00 0.00000E+00 0.00000E+00 0.00000E+00 0.00000E+00 0.00000E+00
 -1       483 0.00000E+00 0.00000E+00 0.00000E+00 0.00000E+00 0.00000E+00 0.00000E+00
 -1       484 0.00000E+00 0.00000E+00 0.00000E+00 0.00000E+00 0.00000E+00 0.00000E+00
 -1       485 0.00000E+00 0.00000E+00 0.00000E+00 0.00000E+00 0.00000E+00 0.00000E+00
 -1       486 0.00000E+00 0.00000E+00 0.00000E+00 0.00000E+00 0.00000E+00 0.00000E+00
 -1       487 0.00000E+00 0.00000E+00 0.00000E+00 0.00000E+00 0.00000E+00 0.00000E+00
 -1       488 0.00000E+00 0.00000E+00 0.00000E+00 0.00000E+00 0.00000E+00 0.00000E+00
 -1       489 0.00000E+00 0.00000E+00 0.00000E+00 0.00000E+00 0.00000E+00 0.00000E+00
 -1       490 0.00000E+00 0.00000E+00 0.00000E+00 0.00000E+00 0.00000E+00 0.00000E+00
 -1       491 0.00000E+00 0.00000E+00 0.00000E+00 0.00000E+00 0.00000E+00 0.00000E+00
 -1       492 0.00000E+00 0.00000E+00 0.00000E+00 0.00000E+00 0.00000E+00 0.00000E+00
 -1       493 0.00000E+00 0.00000E+00 0.00000E+00 0.00000E+00 0.00000E+00 0.00000E+00
 -1       494 0.00000E+00 0.00000E+00 0.00000E+00 0.00000E+00 0.00000E+00 0.00000E+00
 -1       495 0.00000E+00 0.00000E+00 0.00000E+00 0.00000E+00 0.00000E+00 0.00000E+00
 -1       496 0.00000E+00 0.00000E+00 0.00000E+00 0.00000E+00 0.00000E+00 0.00000E+00
 -1       497 0.00000E+00 0.00000E+00 0.00000E+00 0.00000E+00 0.00000E+00 0.00000E+00
 -1       498 0.00000E+00 0.00000E+00 0.00000E+00 0.00000E+00 0.00000E+00 0.00000E+00
 -1       499 0.00000E+00 0.00000E+00 0.00000E+00 0.00000E+00 0.00000E+00 0.00000E+00
 -1       500 0.00000E+00 0.00000E+00 0.00000E+00 0.00000E+00 0.00000E+00 0.00000E+00
 -1       501 0.00000E+00 0.00000E+00 0.00000E+00 0.00000E+00 0.00000E+00 0.00000E+00
 -1       502 0.00000E+00 0.00000E+00 0.00000E+00 0.00000E+00 0.00000E+00 0.00000E+00
 -1       503 0.00000E+00 0.00000E+00 0.00000E+00 0.00000E+00 0.00000E+00 0.00000E+00
 -1       504 0.00000E+00 0.00000E+00 0.00000E+00 0.00000E+00 0.00000E+00 0.00000E+00
 -1       505 0.00000E+00 0.00000E+00 0.00000E+00 0.00000E+00 0.00000E+00 0.00000E+00
 -1       506 0.00000E+00 0.00000E+00 0.00000E+00 0.00000E+00 0.00000E+00 0.00000E+00
 -1       507 0.00000E+00 0.00000E+00 0.00000E+00 0.00000E+00 0.00000E+00 0.00000E+00
 -1       508 0.00000E+00 0.00000E+00 0.00000E+00 0.00000E+00 0.00000E+00 0.00000E+00
 -1       509 0.00000E+00 0.00000E+00 0.00000E+00 0.00000E+00 0.00000E+00 0.00000E+00
 -1       510 0.00000E+00 0.00000E+00 0.00000E+00 0.00000E+00 0.00000E+00 0.00000E+00
 -1       511 0.00000E+00 0.00000E+00 0.00000E+00 0.00000E+00 0.00000E+00 0.00000E+00
 -1       512 0.00000E+00 0.00000E+00 0.00000E+00 0.00000E+00 0.00000E+00 0.00000E+00
 -1       513 0.00000E+00 0.00000E+00 0.00000E+00 0.00000E+00 0.00000E+00 0.00000E+00
 -1       514 0.00000E+00 0.00000E+00 0.00000E+00 0.00000E+00 0.00000E+00 0.00000E+00
 -1       515 0.00000E+00 0.00000E+00 0.00000E+00 0.00000E+00 0.00000E+00 0.00000E+00
 -1       516 0.00000E+00 0.00000E+00 0.00000E+00 0.00000E+00 0.00000E+00 0.00000E+00
 -1       517 0.00000E+00 0.00000E+00 0.00000E+00 0.00000E+00 0.00000E+00 0.00000E+00
 -1       518 0.00000E+00 0.00000E+00 0.00000E+00 0.00000E+00 0.00000E+00 0.00000E+00
 -1       519 0.00000E+00 0.00000E+00 0.00000E+00 0.00000E+00 0.00000E+00 0.00000E+00
 -1       520 0.00000E+00 0.00000E+00 0.00000E+00 0.00000E+00 0.00000E+00 0.00000E+00
 -1       521 0.00000E+00 0.00000E+00 0.00000E+00 0.00000E+00 0.00000E+00 0.00000E+00
 -1       522 0.00000E+00 0.00000E+00 0.00000E+00 0.00000E+00 0.00000E+00 0.00000E+00
 -1       523 0.00000E+00 0.00000E+00 0.00000E+00 0.00000E+00 0.00000E+00 0.00000E+00
 -1       524 0.00000E+00 0.00000E+00 0.00000E+00 0.00000E+00 0.00000E+00 0.00000E+00
 -1       525 0.00000E+00 0.00000E+00 0.00000E+00 0.00000E+00 0.00000E+00 0.00000E+00
 -1       526 0.00000E+00 0.00000E+00 0.00000E+00 0.00000E+00 0.00000E+00 0.00000E+00
 -1       527 0.00000E+00 0.00000E+00 0.00000E+00 0.00000E+00 0.00000E+00 0.00000E+00
 -3
    1PSTEP                         4           1           1          
  100CL  101 1.000000000         527                     0    1           1
 -4  ERROR       1    1
 -5  STR(%)      1    1    0    0
 -1         1 4.33623E+01
 -1         2 4.33623E+01
 -1         3 3.95208E+01
 -1         4 5.00735E+01
 -1         5 5.00735E+01
 -1         6 4.55264E+01
 -1         7 3.05740E+01
 -1         8 4.55264E+01
 -1         9 5.00735E+01
 -1        10 5.00735E+01
 -1        11 3.95208E+01
 -1        12 4.33623E+01
 -1        13 4.33623E+01
 -1        14 4.33623E+01
 -1        15 4.68756E+01
 -1        16 6.13311E+01
 -1        17 6.20556E+01
 -1        18 6.20556E+01
 -1        19 6.04081E+01
 -1        20 4.61409E+01
 -1        21 6.04081E+01
 -1        22 6.20556E+01
 -1        23 6.20556E+01
 -1        24 6.13311E+01
 -1        25 4.68756E+01
 -1        26 4.33623E+01
 -1        27 4.40235E+01
 -1        28 6.39606E+01
 -1        29 6.39606E+01
 -1        30 6.20556E+01
 -1        31 6.20556E+01
 -1        32 6.04081E+01
 -1        33 4.61409E+01
 -1        34 6.04081E+01
 -1        35 6.20556E+01
 -1        36 6.20556E+01
 -1        37 6.39606E+01
 -1        38 6.39606E+01
 -1        39 4.40235E+01
 -1        40 4.77788E+01
 -1        41 6.57190E+01
 -1        42 6.57190E+01
 -1        43 6.13772E+01
 -1        44 5.77502E+01
 -1        45 5.63656E+01
 -1        46 3.87646E+01
 -1        47 5.63656E+01
 -1        48 5.77502E+01
 -1        49 6.13772E+01
 -1        50 6.57190E+01
 -1        51 6.57190E+01
 -1        52 4.77788E+01
 -1        53 4.77788E+01
 -1        54 6.57190E+01
 -1        55 6.57190E+01
 -1        56 5.75640E+01
 -1        57 4.09326E+01
 -1        58 3.88117E+01
 -1        59 2.59420E+01
 -1        60 3.88117E+01
 -1        61 4.09326E+01
 -1        62 5.75640E+01
 -1        63 6.57190E+01
 -1        64 6.57190E+01
 -1        65 4.77788E+01
 -1        66 4.77788E+01
 -1        67 6.57190E+01
 -1        68 6.57190E+01
 -1        69 6.13772E+01
 -1        70 5.77502E+01
 -1        71 5.63656E+01
 -1        72 3.87646E+01
 -1        73 5.63656E+01
 -1        74 5.77502E+01
 -1        75 6.13772E+01
 -1        76 6.57190E+01
 -1        77 6.57190E+01
 -1        78 4.77788E+01
 -1        79 4.40235E+01
 -1        80 6.39606E+01
 -1        81 6.39606E+01
 -1        82 6.20556E+01
 -1        83 6.20556E+01
 -1        84 6.04081E+01
 -1        85 4.61409E+01
 -1        86 6.04081E+01
 -1        87 6.20556E+01
 -1        88 6.20556E+01
 -1        89 6.39606E+01
 -1        90 6.39606E+01
 -1        91 4.40235E+01
 -1        92 4.33623E+01
 -1        93 4.68756E+01
 -1        94 6.13311E+01
 -1        95 6.20556E+01
 -1        96 6.20556E+01
 -1        97 6.04081E+01
 -1        98 4.61409E+01
 -1        99 6.04081E+01
 -1       100 6.20556E+01
 -1       101 6.20556E+01
 -1       102 6.13311E+01
 -1       103 4.68756E+01
 -1       104 4.33623E+01
 -1       105 4.33623E+01
 -1       106 4.33623E+01
 -1       107 3.95208E+01
 -1       108 5.00735E+01
 -1       109 5.00735E+01
 -1       110 4.55264E+01
 -1       111 3.05740E+01
 -1       112 4.55264E+01
 -1       113 5.00735E+01
 -1       114 5.00735E+01
 -1       115 3.95208E+01
 -1       116 4.33623E+01
 -1       117 4.33623E+01
 -1       118 4.33623E+01
 -1       119 9.08731E+01
 -1       120 1.29227E+02
 -1       121 1.42650E+02
 -1       122 1.54994E+02
 -1       123 1.58882E+02
 -1       124 1.58882E+02
 -1       125 1.58882E+02
 -1       126 1.54994E+02
 -1       127 1.42650E+02
 -1       128 1.29227E+02
 -1       129 9.08731E+01
 -1       130 4.33623E+01
 -1       131 7.33755E+01
 -1       132 1.14999E+02
 -1       133 1.29227E+02
 -1       134 1.42650E+02
 -1       135 1.54994E+02
 -1       136 1.58882E+02
 -1       137 1.58882E+02
 -1       138 1.58882E+02
 -1       139 1.54994E+02
 -1       140 1.42650E+02
 -1       141 1.29227E+02
 -1       142 1.14999E+02
 -1       143 7.33755E+01
 -1       144 7.33755E+01
 -1       145 1.22249E+02
 -1       146 1.25418E+02
 -1       147 1.25418E+02
 -1       148 1.19462E+02
 -1       149 1.38650E+02
 -1       150 1.38650E+02
 -1       151 1.38650E+02
 -1       152 1.19462E+02
 -1       153 1.25418E+02
 -1       154 1.25418E+02
 -1       155 1.22249E+02
 -1       156 7.33755E+01
 -1       157 5.88396E+01
 -1       158 1.25336E+02
 -1       159 1.25336E+02
 -1       160 1.23844E+02
 -1       161 1.19462E+02
 -1       162 9.43917E+01
 -1       163 8.50439E+01
 -1       164 9.43917E+01
 -1       165 1.19462E+02
 -1       166 1.23844E+02
 -1       167 1.25336E+02
 -1       168 1.25336E+02
 -1       169 5.88396E+01
 -1       170 4.85579E+01
 -1       171 1.25336E+02
 -1       172 1.25336E+02
 -1       173 1.20669E+02
 -1       174 1.17457E+02
 -1       175 5.01528E+01
 -1       176 4.43415E+01
 -1       177 5.01528E+01
 -1       178 1.17457E+02
 -1       179 1.20669E+02
 -1       180 1.25336E+02
 -1       181 1.25336E+02
 -1       182 4.85579E+01
 -1       183 5.88396E+01
 -1       184 1.25336E+02
 -1       185 1.25336E+02
 -1       186 1.23844E+02
 -1       187 1.19462E+02
 -1       188 9.43917E+01
 -1       189 8.50439E+01
 -1       190 9.43917E+01
 -1       191 1.19462E+02
 -1       192 1.23844E+02
 -1       193 1.25336E+02
 -1       194 1.25336E+02
 -1       195 5.88396E+01
 -1       196 7.33755E+01
 -1       197 1.22249E+02
 -1       198 1.25418E+02
 -1       199 1.25418E+02
 -1       200 1.19462E+02
 -1       201 1.38650E+02
 -1       202 1.38650E+02
 -1       203 1.38650E+02
 -1       204 1.19462E+02
 -1       205 1.25418E+02
 -1       206 1.25418E+02
 -1       207 1.22249E+02
 -1       208 7.33755E+01
 -1       209 7.33755E+01
 -1       210 1.14999E+02
 -1       211 1.29227E+02
 -1       212 1.42650E+02
 -1       213 1.54994E+02
 -1       214 1.58882E+02
 -1       215 1.58882E+02
 -1       216 1.58882E+02
 -1       217 1.54994E+02
 -1       218 1.42650E+02
 -1       219 1.29227E+02
 -1       220 1.14999E+02
 -1       221 7.33755E+01
 -1       222 4.33623E+01
 -1       223 9.08731E+01
 -1       224 1.29227E+02
 -1       225 1.42650E+02
 -1       226 1.54994E+02
 -1       227 1.58882E+02
 -1       228 1.58882E+02
 -1       229 1.58882E+02
 -1       230 1.54994E+02
 -1       231 1.42650E+02
 -1       232 1.29227E+02
 -1       233 9.08731E+01
 -1       234 4.33623E+01
 -1       235 1.75865E+01
 -1       236 9.08731E+01
 -1       237 1.29227E+02
 -1       238 1.42650E+02
 -1       239 1.54994E+02
 -1       240 1.58882E+02
 -1       241 1.58882E+02
 -1       242 1.58882E+02
 -1       243 1.54994E+02
 -1       244 1.42650E+02
 -1       245 1.29227E+02
 -1       246 9.08731E+01
 -1       247 1.75865E+01
 -1       248 7.33755E+01
 -1       249 1.14999E+02
 -1       250 1.29227E+02
 -1       251 1.42650E+02
 -1       252 1.54994E+02
 -1       253 1.58882E+02
 -1       254 1.58882E+02
 -1       255 1.58882E+02
 -1       256 1.54994E+02
 -1       257 1.42650E+02
 -1       258 1.29227E+02
 -1       259 1.14999E+02
 -1       260 7.33755E+01
 -1       261 7.33755E+01
 -1       262 1.22249E+02
 -1       263 1.25418E+02
 -1       264 1.25418E+02
 -1       265 1.19462E+02
 -1       266 1.38650E+02
 -1       267 1.38650E+02
 -1       268 1.38650E+02
 -1       269 1.19462E+02
 -1       270 1.25418E+02
 -1       271 1.25418E+02
 -1       272 1.22249E+02
 -1       273 7.33755E+01
 -1       274 5.88396E+01
 -1       275 1.25336E+02
 -1       276 1.25336E+02
 -1       277 1.23844E+02
 -1       278 1.19462E+02
 -1       279 9.43917E+01
 -1       280 8.50439E+01
 -1       281 9.43917E+01
 -1       282 1.19462E+02
 -1       283 1.23844E+02
 -1       284 1.25336E+02
 -1       285 1.25336E+02
 -1       286 5.88396E+01
 -1       287 4.85579E+01
 -1       288 1.25336E+02
 -1       289 1.25336E+02
 -1       290 1.20669E+02
 -1       291 1.17457E+02
 -1       292 5.01528E+01
 -1       293 4.43415E+01
 -1       294 5.01528E+01
 -1       295 1.17457E+02
 -1       296 1.20669E+02
 -1       297 1.25336E+02
 -1       298 1.25336E+02
 -1       299 4.85579E+01
 -1       300 5.88396E+01
 -1       301 1.25336E+02
 -1       302 1.25336E+02
 -1       303 1.23844E+02
 -1       304 1.19462E+02
 -1       305 9.43917E+01
 -1       306 8.50439E+01
 -1       307 9.43917E+01
 -1       308 1.19462E+02
 -1       309 1.23844E+02
 -1       310 1.25336E+02
 -1       311 1.25336E+02
 -1       312 5.88396E+01
 -1       313 7.33755E+01
 -1       314 1.22249E+02
 -1       315 1.25418E+02
 -1       316 1.25418E+02
 -1       317 1.19462E+02
 -1       318 1.38650E+02
 -1       319 1.38650E+02
 -1       320 1.38650E+02
 -1       321 1.19462E+02
 -1       322 1.25418E+02
 -1       323 1.25418E+02
 -1       324 1.22249E+02
 -1       325 7.33755E+01
 -1       326 7.33755E+01
 -1       327 1.14999E+02
 -1       328 1.29227E+02
 -1       329 1.42650E+02
 -1       330 1.54994E+02
 -1       331 1.58882E+02
 -1       332 1.58882E+02
 -1       333 1.58882E+02
 -1       334 1.54994E+02
 -1       335 1.42650E+02
 -1       336 1.29227E+02
 -1       337 1.14999E+02
 -1       338 7.33755E+01
 -1       339 1.75865E+01
 -1       340 9.08731E+01
 -1       341 1.29227E+02
 -1       342 1.42650E+02
 -1       343 1.54994E+02
 -1       344 1.58882E+02
 -1       345 1.58882E+02
 -1       346 1.58882E+02
 -1       347 1.54994E+02
 -1       348 1.42650E+02
 -1       349 1.29227E+02
 -1       350 9.08731E+01
 -1       351 1.75865E+01
 -1       352 6.68122E+01
 -1       353 8.47914E+01
 -1       354 8.47914E+01
 -1       355 5.51942E+01
 -1       356 5.14181E+01
 -1       357 3.77275E+00
 -1       358 5.14181E+01
 -1       359 5.51942E+01
 -1       360 8.47914E+01
 -1       361 8.47914E+01
 -1       362 6.68122E+01
 -1       363 7.10552E+01
 -1       364 9.63021E+01
 -1       365 9.63021E+01
 -1       366 8.10459E+01
 -1       367 5.14181E+01
 -1       368 3.77275E+00
 -1       369 5.14181E+01
 -1       370 8.10459E+01
 -1       371 9.63021E+01
 -1       372 9.63021E+01
 -1       373 7.10552E+01
 -1       374 7.10552E+01
 -1       375 9.63021E+01
 -1       376 9.63021E+01
 -1       377 8.10459E+01
 -1       378 5.14181E+01
 -1       379 3.77275E+00
 -1       380 5.14181E+01
 -1       381 8.10459E+01
 -1       382 9.63021E+01
 -1       383 9.63021E+01
 -1       384 7.10552E+01
 -1       385 6.68122E+01
 -1       386 8.47914E+01
 -1       387 8.47914E+01
 -1       388 5.51942E+01
 -1       389 5.14181E+01
 -1       390 3.77275E+00
 -1       391 5.14181E+01
 -1       392 5.51942E+01
 -1       393 8.47914E+01
 -1       394 8.47914E+01
 -1       395 6.68122E+01
 -1       396 1.16449E+02
 -1       397 1.16449E+02
 -1       398 8.47914E+01
 -1       399 5.51942E+01
 -1       400 5.14181E+01
 -1       401 7.53939E+00
 -1       402 5.14181E+01
 -1       403 5.51942E+01
 -1       404 8.47914E+01
 -1       405 1.16449E+02
 -1       406 1.16449E+02
 -1       407 1.19970E+02
 -1       408 1.19970E+02
 -1       409 9.63021E+01
 -1       410 8.10459E+01
 -1       411 5.14181E+01
 -1       412 7.53939E+00
 -1       413 5.14181E+01
 -1       414 8.10459E+01
 -1       415 9.63021E+01
 -1       416 1.19970E+02
 -1       417 1.19970E+02
 -1       418 1.19970E+02
 -1       419 1.19970E+02
 -1       420 9.63021E+01
 -1       421 8.10459E+01
 -1       422 5.14181E+01
 -1       423 7.53939E+00
 -1       424 5.14181E+01
 -1       425 8.10459E+01
 -1       426 9.63021E+01
 -1       427 1.19970E+02
 -1       428 1.19970E+02
 -1       429 1.16449E+02
 -1       430 1.16449E+02
 -1       431 8.47914E+01
 -1       432 5.51942E+01
 -1       433 5.14181E+01
 -1       434 7.53939E+00
 -1       435 5.14181E+01
 -1       436 5.51942E+01
 -1       437 8.47914E+01
 -1       438 1.16449E+02
 -1       439 1.16449E+02
 -1       440 1.16449E+02
 -1       441 1.16449E+02
 -1       442 2.89984E+01
 -1       443 2.89984E+01
 -1       444 1.01323E+01
 -1       445 7.53939E+00
 -1       446 1.01323E+01
 -1       447 2.89984E+01
 -1       448 2.89984E+01
 -1       449 1.16449E+02
 -1       450 1.16449E+02
 -1       451 1.19970E+02
 -1       452 1.19970E+02
 -1       453 2.89984E+01
 -1       454 2.89984E+01
 -1       455 1.01323E+01
 -1       456 7.53939E+00
 -1       457 1.01323E+01
 -1       458 2.89984E+01
 -1       459 2.89984E+01
 -1       460 1.19970E+02
 -1       461 1.19970E+02
 -1       462 1.19970E+02
 -1       463 1.19970E+02
 -1       464 2.89984E+01
 -1       465 2.89984E+01
 -1       466 1.01323E+01
 -1       467 7.53939E+00
 -1       468 1.01323E+01
 -1       469 2.89984E+01
 -1       470 2.89984E+01
 -1       471 1.19970E+02
 -1       472 1.19970E+02
 -1       473 1.16449E+02
 -1       474 1.16449E+02
 -1       475 2.89984E+01
 -1       476 2.89984E+01
 -1       477 1.01323E+01
 -1       478 7.53939E+00
 -1       479 1.01323E+01
 -1       480 2.89984E+01
 -1       481 2.89984E+01
 -1       482 1.16449E+02
 -1       483 1.16449E+02
 -1       484 3.45962E+00
 -1       485 1.40376E+01
 -1       486 1.40376E+01
 -1       487 1.35075E+01
 -1       488 8.33926E+00
 -1       489 2.65695E+00
 -1       490 8.33926E+00
 -1       491 1.35075E+01
 -1       492 1.40376E+01
 -1       493 1.40376E+01
 -1       494 3.45962E+00
 -1       495 3.45962E+00
 -1       496 1.40376E+01
 -1       497 1.40376E+01
 -1       498 1.35075E+01
 -1       499 8.33926E+00
 -1       500 2.65695E+00
 -1       501 8.33926E+00
 -1       502 1.35075E+01
 -1       503 1.40376E+01
 -1       504 1.40376E+01
 -1       505 3.45962E+00
 -1       506 3.45962E+00
 -1       507 1.40376E+01
 -1       508 1.40376E+01
 -1       509 1.35075E+01
 -1       510 8.33926E+00
 -1       511 2.65695E+00
 -1       512 8.33926E+00
 -1       513 1.35075E+01
 -1       514 1.40376E+01
 -1       515 1.40376E+01
 -1       516 3.45962E+00
 -1       517 3.45962E+00
 -1       518 1.40376E+01
 -1       519 1.40376E+01
 -1       520 1.35075E+01
 -1       521 8.33926E+00
 -1       522 2.65695E+00
 -1       523 8.33926E+00
 -1       524 1.35075E+01
 -1       525 1.40376E+01
 -1       526 1.40376E+01
 -1       527 3.45962E+00
 -3
 9999
