    1C
    1Uccxview sample: a rocker pressed onto a plate, node to surface con
    1UUSER                                                              
    1UDATE              10.october.2026                                 
    1UTIME              12:53:57                                        
    1UHOST                                                              
    1UPGM               CalculiX                                        
    1UVERSION           Version 2.22                             
    1UCOMPILETIME       Mon Aug  5 19:15:25 CEST 2024                    
    1UDIR                                                               
    1UDBN                                                               
    1UMAT    1STEEL                                                     
    1UMAT    2STEEL_ON_STEEL                                            
    2C                          1236                                     1
 -1         1-3.00000E+01-2.00000E+01-1.20000E+01
 -1         2-2.50000E+01-2.00000E+01-1.20000E+01
 -1         3-2.00000E+01-2.00000E+01-1.20000E+01
 -1         4-1.50000E+01-2.00000E+01-1.20000E+01
 -1         5-1.00000E+01-2.00000E+01-1.20000E+01
 -1         6-5.00000E+00-2.00000E+01-1.20000E+01
 -1         7 0.00000E+00-2.00000E+01-1.20000E+01
 -1         8 5.00000E+00-2.00000E+01-1.20000E+01
 -1         9 1.00000E+01-2.00000E+01-1.20000E+01
 -1        10 1.50000E+01-2.00000E+01-1.20000E+01
 -1        11 2.00000E+01-2.00000E+01-1.20000E+01
 -1        12 2.50000E+01-2.00000E+01-1.20000E+01
 -1        13 3.00000E+01-2.00000E+01-1.20000E+01
 -1        14-3.00000E+01-1.50000E+01-1.20000E+01
 -1        15-2.50000E+01-1.50000E+01-1.20000E+01
 -1        16-2.00000E+01-1.50000E+01-1.20000E+01
 -1        17-1.50000E+01-1.50000E+01-1.20000E+01
 -1        18-1.00000E+01-1.50000E+01-1.20000E+01
 -1        19-5.00000E+00-1.50000E+01-1.20000E+01
 -1        20 0.00000E+00-1.50000E+01-1.20000E+01
 -1        21 5.00000E+00-1.50000E+01-1.20000E+01
 -1        22 1.00000E+01-1.50000E+01-1.20000E+01
 -1        23 1.50000E+01-1.50000E+01-1.20000E+01
 -1        24 2.00000E+01-1.50000E+01-1.20000E+01
 -1        25 2.50000E+01-1.50000E+01-1.20000E+01
 -1        26 3.00000E+01-1.50000E+01-1.20000E+01
 -1        27-3.00000E+01-1.00000E+01-1.20000E+01
 -1        28-2.50000E+01-1.00000E+01-1.20000E+01
 -1        29-2.00000E+01-1.00000E+01-1.20000E+01
 -1        30-1.50000E+01-1.00000E+01-1.20000E+01
 -1        31-1.00000E+01-1.00000E+01-1.20000E+01
 -1        32-5.00000E+00-1.00000E+01-1.20000E+01
 -1        33 0.00000E+00-1.00000E+01-1.20000E+01
 -1        34 5.00000E+00-1.00000E+01-1.20000E+01
 -1        35 1.00000E+01-1.00000E+01-1.20000E+01
 -1        36 1.50000E+01-1.00000E+01-1.20000E+01
 -1        37 2.00000E+01-1.00000E+01-1.20000E+01
 -1        38 2.50000E+01-1.00000E+01-1.20000E+01
 -1        39 3.00000E+01-1.00000E+01-1.20000E+01
 -1        40-3.00000E+01-5.00000E+00-1.20000E+01
 -1        41-2.50000E+01-5.00000E+00-1.20000E+01
 -1        42-2.00000E+01-5.00000E+00-1.20000E+01
 -1        43-1.50000E+01-5.00000E+00-1.20000E+01
 -1        44-1.00000E+01-5.00000E+00-1.20000E+01
 -1        45-5.00000E+00-5.00000E+00-1.20000E+01
 -1        46 0.00000E+00-5.00000E+00-1.20000E+01
 -1        47 5.00000E+00-5.00000E+00-1.20000E+01
 -1        48 1.00000E+01-5.00000E+00-1.20000E+01
 -1        49 1.50000E+01-5.00000E+00-1.20000E+01
 -1        50 2.00000E+01-5.00000E+00-1.20000E+01
 -1        51 2.50000E+01-5.00000E+00-1.20000E+01
 -1        52 3.00000E+01-5.00000E+00-1.20000E+01
 -1        53-3.00000E+01 0.00000E+00-1.20000E+01
 -1        54-2.50000E+01 0.00000E+00-1.20000E+01
 -1        55-2.00000E+01 0.00000E+00-1.20000E+01
 -1        56-1.50000E+01 0.00000E+00-1.20000E+01
 -1        57-1.00000E+01 0.00000E+00-1.20000E+01
 -1        58-5.00000E+00 0.00000E+00-1.20000E+01
 -1        59 0.00000E+00 0.00000E+00-1.20000E+01
 -1        60 5.00000E+00 0.00000E+00-1.20000E+01
 -1        61 1.00000E+01 0.00000E+00-1.20000E+01
 -1        62 1.50000E+01 0.00000E+00-1.20000E+01
 -1        63 2.00000E+01 0.00000E+00-1.20000E+01
 -1        64 2.50000E+01 0.00000E+00-1.20000E+01
 -1        65 3.00000E+01 0.00000E+00-1.20000E+01
 -1        66-3.00000E+01 5.00000E+00-1.20000E+01
 -1        67-2.50000E+01 5.00000E+00-1.20000E+01
 -1        68-2.00000E+01 5.00000E+00-1.20000E+01
 -1        69-1.50000E+01 5.00000E+00-1.20000E+01
 -1        70-1.00000E+01 5.00000E+00-1.20000E+01
 -1        71-5.00000E+00 5.00000E+00-1.20000E+01
 -1        72 0.00000E+00 5.00000E+00-1.20000E+01
 -1        73 5.00000E+00 5.00000E+00-1.20000E+01
 -1        74 1.00000E+01 5.00000E+00-1.20000E+01
 -1        75 1.50000E+01 5.00000E+00-1.20000E+01
 -1        76 2.00000E+01 5.00000E+00-1.20000E+01
 -1        77 2.50000E+01 5.00000E+00-1.20000E+01
 -1        78 3.00000E+01 5.00000E+00-1.20000E+01
 -1        79-3.00000E+01 1.00000E+01-1.20000E+01
 -1        80-2.50000E+01 1.00000E+01-1.20000E+01
 -1        81-2.00000E+01 1.00000E+01-1.20000E+01
 -1        82-1.50000E+01 1.00000E+01-1.20000E+01
 -1        83-1.00000E+01 1.00000E+01-1.20000E+01
 -1        84-5.00000E+00 1.00000E+01-1.20000E+01
 -1        85 0.00000E+00 1.00000E+01-1.20000E+01
 -1        86 5.00000E+00 1.00000E+01-1.20000E+01
 -1        87 1.00000E+01 1.00000E+01-1.20000E+01
 -1        88 1.50000E+01 1.00000E+01-1.20000E+01
 -1        89 2.00000E+01 1.00000E+01-1.20000E+01
 -1        90 2.50000E+01 1.00000E+01-1.20000E+01
 -1        91 3.00000E+01 1.00000E+01-1.20000E+01
 -1        92-3.00000E+01 1.50000E+01-1.20000E+01
 -1        93-2.50000E+01 1.50000E+01-1.20000E+01
 -1        94-2.00000E+01 1.50000E+01-1.20000E+01
 -1        95-1.50000E+01 1.50000E+01-1.20000E+01
 -1        96-1.00000E+01 1.50000E+01-1.20000E+01
 -1        97-5.00000E+00 1.50000E+01-1.20000E+01
 -1        98 0.00000E+00 1.50000E+01-1.20000E+01
 -1        99 5.00000E+00 1.50000E+01-1.20000E+01
 -1       100 1.00000E+01 1.50000E+01-1.20000E+01
 -1       101 1.50000E+01 1.50000E+01-1.20000E+01
 -1       102 2.00000E+01 1.50000E+01-1.20000E+01
 -1       103 2.50000E+01 1.50000E+01-1.20000E+01
 -1       104 3.00000E+01 1.50000E+01-1.20000E+01
 -1       105-3.00000E+01 2.00000E+01-1.20000E+01
 -1       106-2.50000E+01 2.00000E+01-1.20000E+01
 -1       107-2.00000E+01 2.00000E+01-1.20000E+01
 -1       108-1.50000E+01 2.00000E+01-1.20000E+01
 -1       109-1.00000E+01 2.00000E+01-1.20000E+01
 -1       110-5.00000E+00 2.00000E+01-1.20000E+01
 -1       111 0.00000E+00 2.00000E+01-1.20000E+01
 -1       112 5.00000E+00 2.00000E+01-1.20000E+01
 -1       113 1.00000E+01 2.00000E+01-1.20000E+01
 -1       114 1.50000E+01 2.00000E+01-1.20000E+01
 -1       115 2.00000E+01 2.00000E+01-1.20000E+01
 -1       116 2.50000E+01 2.00000E+01-1.20000E+01
 -1       117 3.00000E+01 2.00000E+01-1.20000E+01
 -1       118-3.00000E+01-2.00000E+01-8.00000E+00
 -1       119-2.50000E+01-2.00000E+01-8.00000E+00
 -1       120-2.00000E+01-2.00000E+01-8.00000E+00
 -1       121-1.50000E+01-2.00000E+01-8.00000E+00
 -1       122-1.00000E+01-2.00000E+01-8.00000E+00
 -1       123-5.00000E+00-2.00000E+01-8.00000E+00
 -1       124 0.00000E+00-2.00000E+01-8.00000E+00
 -1       125 5.00000E+00-2.00000E+01-8.00000E+00
 -1       126 1.00000E+01-2.00000E+01-8.00000E+00
 -1       127 1.50000E+01-2.00000E+01-8.00000E+00
 -1       128 2.00000E+01-2.00000E+01-8.00000E+00
 -1       129 2.50000E+01-2.00000E+01-8.00000E+00
 -1       130 3.00000E+01-2.00000E+01-8.00000E+00
 -1       131-3.00000E+01-1.50000E+01-8.00000E+00
 -1       132-2.50000E+01-1.50000E+01-8.00000E+00
 -1       133-2.00000E+01-1.50000E+01-8.00000E+00
 -1       134-1.50000E+01-1.50000E+01-8.00000E+00
 -1       135-1.00000E+01-1.50000E+01-8.00000E+00
 -1       136-5.00000E+00-1.50000E+01-8.00000E+00
 -1       137 0.00000E+00-1.50000E+01-8.00000E+00
 -1       138 5.00000E+00-1.50000E+01-8.00000E+00
 -1       139 1.00000E+01-1.50000E+01-8.00000E+00
 -1       140 1.50000E+01-1.50000E+01-8.00000E+00
 -1       141 2.00000E+01-1.50000E+01-8.00000E+00
 -1       142 2.50000E+01-1.50000E+01-8.00000E+00
 -1       143 3.00000E+01-1.50000E+01-8.00000E+00
 -1       144-3.00000E+01-1.00000E+01-8.00000E+00
 -1       145-2.50000E+01-1.00000E+01-8.00000E+00
 -1       146-2.00000E+01-1.00000E+01-8.00000E+00
 -1       147-1.50000E+01-1.00000E+01-8.00000E+00
 -1       148-1.00000E+01-1.00000E+01-8.00000E+00
 -1       149-5.00000E+00-1.00000E+01-8.00000E+00
 -1       150 0.00000E+00-1.00000E+01-8.00000E+00
 -1       151 5.00000E+00-1.00000E+01-8.00000E+00
 -1       152 1.00000E+01-1.00000E+01-8.00000E+00
 -1       153 1.50000E+01-1.00000E+01-8.00000E+00
 -1       154 2.00000E+01-1.00000E+01-8.00000E+00
 -1       155 2.50000E+01-1.00000E+01-8.00000E+00
 -1       156 3.00000E+01-1.00000E+01-8.00000E+00
 -1       157-3.00000E+01-5.00000E+00-8.00000E+00
 -1       158-2.50000E+01-5.00000E+00-8.00000E+00
 -1       159-2.00000E+01-5.00000E+00-8.00000E+00
 -1       160-1.50000E+01-5.00000E+00-8.00000E+00
 -1       161-1.00000E+01-5.00000E+00-8.00000E+00
 -1       162-5.00000E+00-5.00000E+00-8.00000E+00
 -1       163 0.00000E+00-5.00000E+00-8.00000E+00
 -1       164 5.00000E+00-5.00000E+00-8.00000E+00
 -1       165 1.00000E+01-5.00000E+00-8.00000E+00
 -1       166 1.50000E+01-5.00000E+00-8.00000E+00
 -1       167 2.00000E+01-5.00000E+00-8.00000E+00
 -1       168 2.50000E+01-5.00000E+00-8.00000E+00
 -1       169 3.00000E+01-5.00000E+00-8.00000E+00
 -1       170-3.00000E+01 0.00000E+00-8.00000E+00
 -1       171-2.50000E+01 0.00000E+00-8.00000E+00
 -1       172-2.00000E+01 0.00000E+00-8.00000E+00
 -1       173-1.50000E+01 0.00000E+00-8.00000E+00
 -1       174-1.00000E+01 0.00000E+00-8.00000E+00
 -1       175-5.00000E+00 0.00000E+00-8.00000E+00
 -1       176 0.00000E+00 0.00000E+00-8.00000E+00
 -1       177 5.00000E+00 0.00000E+00-8.00000E+00
 -1       178 1.00000E+01 0.00000E+00-8.00000E+00
 -1       179 1.50000E+01 0.00000E+00-8.00000E+00
 -1       180 2.00000E+01 0.00000E+00-8.00000E+00
 -1       181 2.50000E+01 0.00000E+00-8.00000E+00
 -1       182 3.00000E+01 0.00000E+00-8.00000E+00
 -1       183-3.00000E+01 5.00000E+00-8.00000E+00
 -1       184-2.50000E+01 5.00000E+00-8.00000E+00
 -1       185-2.00000E+01 5.00000E+00-8.00000E+00
 -1       186-1.50000E+01 5.00000E+00-8.00000E+00
 -1       187-1.00000E+01 5.00000E+00-8.00000E+00
 -1       188-5.00000E+00 5.00000E+00-8.00000E+00
 -1       189 0.00000E+00 5.00000E+00-8.00000E+00
 -1       190 5.00000E+00 5.00000E+00-8.00000E+00
 -1       191 1.00000E+01 5.00000E+00-8.00000E+00
 -1       192 1.50000E+01 5.00000E+00-8.00000E+00
 -1       193 2.00000E+01 5.00000E+00-8.00000E+00
 -1       194 2.50000E+01 5.00000E+00-8.00000E+00
 -1       195 3.00000E+01 5.00000E+00-8.00000E+00
 -1       196-3.00000E+01 1.00000E+01-8.00000E+00
 -1       197-2.50000E+01 1.00000E+01-8.00000E+00
 -1       198-2.00000E+01 1.00000E+01-8.00000E+00
 -1       199-1.50000E+01 1.00000E+01-8.00000E+00
 -1       200-1.00000E+01 1.00000E+01-8.00000E+00
 -1       201-5.00000E+00 1.00000E+01-8.00000E+00
 -1       202 0.00000E+00 1.00000E+01-8.00000E+00
 -1       203 5.00000E+00 1.00000E+01-8.00000E+00
 -1       204 1.00000E+01 1.00000E+01-8.00000E+00
 -1       205 1.50000E+01 1.00000E+01-8.00000E+00
 -1       206 2.00000E+01 1.00000E+01-8.00000E+00
 -1       207 2.50000E+01 1.00000E+01-8.00000E+00
 -1       208 3.00000E+01 1.00000E+01-8.00000E+00
 -1       209-3.00000E+01 1.50000E+01-8.00000E+00
 -1       210-2.50000E+01 1.50000E+01-8.00000E+00
 -1       211-2.00000E+01 1.50000E+01-8.00000E+00
 -1       212-1.50000E+01 1.50000E+01-8.00000E+00
 -1       213-1.00000E+01 1.50000E+01-8.00000E+00
 -1       214-5.00000E+00 1.50000E+01-8.00000E+00
 -1       215 0.00000E+00 1.50000E+01-8.00000E+00
 -1       216 5.00000E+00 1.50000E+01-8.00000E+00
 -1       217 1.00000E+01 1.50000E+01-8.00000E+00
 -1       218 1.50000E+01 1.50000E+01-8.00000E+00
 -1       219 2.00000E+01 1.50000E+01-8.00000E+00
 -1       220 2.50000E+01 1.50000E+01-8.00000E+00
 -1       221 3.00000E+01 1.50000E+01-8.00000E+00
 -1       222-3.00000E+01 2.00000E+01-8.00000E+00
 -1       223-2.50000E+01 2.00000E+01-8.00000E+00
 -1       224-2.00000E+01 2.00000E+01-8.00000E+00
 -1       225-1.50000E+01 2.00000E+01-8.00000E+00
 -1       226-1.00000E+01 2.00000E+01-8.00000E+00
 -1       227-5.00000E+00 2.00000E+01-8.00000E+00
 -1       228 0.00000E+00 2.00000E+01-8.00000E+00
 -1       229 5.00000E+00 2.00000E+01-8.00000E+00
 -1       230 1.00000E+01 2.00000E+01-8.00000E+00
 -1       231 1.50000E+01 2.00000E+01-8.00000E+00
 -1       232 2.00000E+01 2.00000E+01-8.00000E+00
 -1       233 2.50000E+01 2.00000E+01-8.00000E+00
 -1       234 3.00000E+01 2.00000E+01-8.00000E+00
 -1       235-3.00000E+01-2.00000E+01-4.00000E+00
 -1       236-2.50000E+01-2.00000E+01-4.00000E+00
 -1       237-2.00000E+01-2.00000E+01-4.00000E+00
 -1       238-1.50000E+01-2.00000E+01-4.00000E+00
 -1       239-1.00000E+01-2.00000E+01-4.00000E+00
 -1       240-5.00000E+00-2.00000E+01-4.00000E+00
 -1       241 0.00000E+00-2.00000E+01-4.00000E+00
 -1       242 5.00000E+00-2.00000E+01-4.00000E+00
 -1       243 1.00000E+01-2.00000E+01-4.00000E+00
 -1       244 1.50000E+01-2.00000E+01-4.00000E+00
 -1       245 2.00000E+01-2.00000E+01-4.00000E+00
 -1       246 2.50000E+01-2.00000E+01-4.00000E+00
 -1       247 3.00000E+01-2.00000E+01-4.00000E+00
 -1       248-3.00000E+01-1.50000E+01-4.00000E+00
 -1       249-2.50000E+01-1.50000E+01-4.00000E+00
 -1       250-2.00000E+01-1.50000E+01-4.00000E+00
 -1       251-1.50000E+01-1.50000E+01-4.00000E+00
 -1       252-1.00000E+01-1.50000E+01-4.00000E+00
 -1       253-5.00000E+00-1.50000E+01-4.00000E+00
 -1       254 0.00000E+00-1.50000E+01-4.00000E+00
 -1       255 5.00000E+00-1.50000E+01-4.00000E+00
 -1       256 1.00000E+01-1.50000E+01-4.00000E+00
 -1       257 1.50000E+01-1.50000E+01-4.00000E+00
 -1       258 2.00000E+01-1.50000E+01-4.00000E+00
 -1       259 2.50000E+01-1.50000E+01-4.00000E+00
 -1       260 3.00000E+01-1.50000E+01-4.00000E+00
 -1       261-3.00000E+01-1.00000E+01-4.00000E+00
 -1       262-2.50000E+01-1.00000E+01-4.00000E+00
 -1       263-2.00000E+01-1.00000E+01-4.00000E+00
 -1       264-1.50000E+01-1.00000E+01-4.00000E+00
 -1       265-1.00000E+01-1.00000E+01-4.00000E+00
 -1       266-5.00000E+00-1.00000E+01-4.00000E+00
 -1       267 0.00000E+00-1.00000E+01-4.00000E+00
 -1       268 5.00000E+00-1.00000E+01-4.00000E+00
 -1       269 1.00000E+01-1.00000E+01-4.00000E+00
 -1       270 1.50000E+01-1.00000E+01-4.00000E+00
 -1       271 2.00000E+01-1.00000E+01-4.00000E+00
 -1       272 2.50000E+01-1.00000E+01-4.00000E+00
 -1       273 3.00000E+01-1.00000E+01-4.00000E+00
 -1       274-3.00000E+01-5.00000E+00-4.00000E+00
 -1       275-2.50000E+01-5.00000E+00-4.00000E+00
 -1       276-2.00000E+01-5.00000E+00-4.00000E+00
 -1       277-1.50000E+01-5.00000E+00-4.00000E+00
 -1       278-1.00000E+01-5.00000E+00-4.00000E+00
 -1       279-5.00000E+00-5.00000E+00-4.00000E+00
 -1       280 0.00000E+00-5.00000E+00-4.00000E+00
 -1       281 5.00000E+00-5.00000E+00-4.00000E+00
 -1       282 1.00000E+01-5.00000E+00-4.00000E+00
 -1       283 1.50000E+01-5.00000E+00-4.00000E+00
 -1       284 2.00000E+01-5.00000E+00-4.00000E+00
 -1       285 2.50000E+01-5.00000E+00-4.00000E+00
 -1       286 3.00000E+01-5.00000E+00-4.00000E+00
 -1       287-3.00000E+01 0.00000E+00-4.00000E+00
 -1       288-2.50000E+01 0.00000E+00-4.00000E+00
 -1       289-2.00000E+01 0.00000E+00-4.00000E+00
 -1       290-1.50000E+01 0.00000E+00-4.00000E+00
 -1       291-1.00000E+01 0.00000E+00-4.00000E+00
 -1       292-5.00000E+00 0.00000E+00-4.00000E+00
 -1       293 0.00000E+00 0.00000E+00-4.00000E+00
 -1       294 5.00000E+00 0.00000E+00-4.00000E+00
 -1       295 1.00000E+01 0.00000E+00-4.00000E+00
 -1       296 1.50000E+01 0.00000E+00-4.00000E+00
 -1       297 2.00000E+01 0.00000E+00-4.00000E+00
 -1       298 2.50000E+01 0.00000E+00-4.00000E+00
 -1       299 3.00000E+01 0.00000E+00-4.00000E+00
 -1       300-3.00000E+01 5.00000E+00-4.00000E+00
 -1       301-2.50000E+01 5.00000E+00-4.00000E+00
 -1       302-2.00000E+01 5.00000E+00-4.00000E+00
 -1       303-1.50000E+01 5.00000E+00-4.00000E+00
 -1       304-1.00000E+01 5.00000E+00-4.00000E+00
 -1       305-5.00000E+00 5.00000E+00-4.00000E+00
 -1       306 0.00000E+00 5.00000E+00-4.00000E+00
 -1       307 5.00000E+00 5.00000E+00-4.00000E+00
 -1       308 1.00000E+01 5.00000E+00-4.00000E+00
 -1       309 1.50000E+01 5.00000E+00-4.00000E+00
 -1       310 2.00000E+01 5.00000E+00-4.00000E+00
 -1       311 2.50000E+01 5.00000E+00-4.00000E+00
 -1       312 3.00000E+01 5.00000E+00-4.00000E+00
 -1       313-3.00000E+01 1.00000E+01-4.00000E+00
 -1       314-2.50000E+01 1.00000E+01-4.00000E+00
 -1       315-2.00000E+01 1.00000E+01-4.00000E+00
 -1       316-1.50000E+01 1.00000E+01-4.00000E+00
 -1       317-1.00000E+01 1.00000E+01-4.00000E+00
 -1       318-5.00000E+00 1.00000E+01-4.00000E+00
 -1       319 0.00000E+00 1.00000E+01-4.00000E+00
 -1       320 5.00000E+00 1.00000E+01-4.00000E+00
 -1       321 1.00000E+01 1.00000E+01-4.00000E+00
 -1       322 1.50000E+01 1.00000E+01-4.00000E+00
 -1       323 2.00000E+01 1.00000E+01-4.00000E+00
 -1       324 2.50000E+01 1.00000E+01-4.00000E+00
 -1       325 3.00000E+01 1.00000E+01-4.00000E+00
 -1       326-3.00000E+01 1.50000E+01-4.00000E+00
 -1       327-2.50000E+01 1.50000E+01-4.00000E+00
 -1       328-2.00000E+01 1.50000E+01-4.00000E+00
 -1       329-1.50000E+01 1.50000E+01-4.00000E+00
 -1       330-1.00000E+01 1.50000E+01-4.00000E+00
 -1       331-5.00000E+00 1.50000E+01-4.00000E+00
 -1       332 0.00000E+00 1.50000E+01-4.00000E+00
 -1       333 5.00000E+00 1.50000E+01-4.00000E+00
 -1       334 1.00000E+01 1.50000E+01-4.00000E+00
 -1       335 1.50000E+01 1.50000E+01-4.00000E+00
 -1       336 2.00000E+01 1.50000E+01-4.00000E+00
 -1       337 2.50000E+01 1.50000E+01-4.00000E+00
 -1       338 3.00000E+01 1.50000E+01-4.00000E+00
 -1       339-3.00000E+01 2.00000E+01-4.00000E+00
 -1       340-2.50000E+01 2.00000E+01-4.00000E+00
 -1       341-2.00000E+01 2.00000E+01-4.00000E+00
 -1       342-1.50000E+01 2.00000E+01-4.00000E+00
 -1       343-1.00000E+01 2.00000E+01-4.00000E+00
 -1       344-5.00000E+00 2.00000E+01-4.00000E+00
 -1       345 0.00000E+00 2.00000E+01-4.00000E+00
 -1       346 5.00000E+00 2.00000E+01-4.00000E+00
 -1       347 1.00000E+01 2.00000E+01-4.00000E+00
 -1       348 1.50000E+01 2.00000E+01-4.00000E+00
 -1       349 2.00000E+01 2.00000E+01-4.00000E+00
 -1       350 2.50000E+01 2.00000E+01-4.00000E+00
 -1       351 3.00000E+01 2.00000E+01-4.00000E+00
 -1       352-3.00000E+01-2.00000E+01 0.00000E+00
 -1       353-2.50000E+01-2.00000E+01 0.00000E+00
 -1       354-2.00000E+01-2.00000E+01 0.00000E+00
 -1       355-1.50000E+01-2.00000E+01 0.00000E+00
 -1       356-1.00000E+01-2.00000E+01 0.00000E+00
 -1       357-5.00000E+00-2.00000E+01 0.00000E+00
 -1       358 0.00000E+00-2.00000E+01 0.00000E+00
 -1       359 5.00000E+00-2.00000E+01 0.00000E+00
 -1       360 1.00000E+01-2.00000E+01 0.00000E+00
 -1       361 1.50000E+01-2.00000E+01 0.00000E+00
 -1       362 2.00000E+01-2.00000E+01 0.00000E+00
 -1       363 2.50000E+01-2.00000E+01 0.00000E+00
 -1       364 3.00000E+01-2.00000E+01 0.00000E+00
 -1       365-3.00000E+01-1.50000E+01 0.00000E+00
 -1       366-2.50000E+01-1.50000E+01 0.00000E+00
 -1       367-2.00000E+01-1.50000E+01 0.00000E+00
 -1       368-1.50000E+01-1.50000E+01 0.00000E+00
 -1       369-1.00000E+01-1.50000E+01 0.00000E+00
 -1       370-5.00000E+00-1.50000E+01 0.00000E+00
 -1       371 0.00000E+00-1.50000E+01 0.00000E+00
 -1       372 5.00000E+00-1.50000E+01 0.00000E+00
 -1       373 1.00000E+01-1.50000E+01 0.00000E+00
 -1       374 1.50000E+01-1.50000E+01 0.00000E+00
 -1       375 2.00000E+01-1.50000E+01 0.00000E+00
 -1       376 2.50000E+01-1.50000E+01 0.00000E+00
 -1       377 3.00000E+01-1.50000E+01 0.00000E+00
 -1       378-3.00000E+01-1.00000E+01 0.00000E+00
 -1       379-2.50000E+01-1.00000E+01 0.00000E+00
 -1       380-2.00000E+01-1.00000E+01 0.00000E+00
 -1       381-1.50000E+01-1.00000E+01 0.00000E+00
 -1       382-1.00000E+01-1.00000E+01 0.00000E+00
 -1       383-5.00000E+00-1.00000E+01 0.00000E+00
 -1       384 0.00000E+00-1.00000E+01 0.00000E+00
 -1       385 5.00000E+00-1.00000E+01 0.00000E+00
 -1       386 1.00000E+01-1.00000E+01 0.00000E+00
 -1       387 1.50000E+01-1.00000E+01 0.00000E+00
 -1       388 2.00000E+01-1.00000E+01 0.00000E+00
 -1       389 2.50000E+01-1.00000E+01 0.00000E+00
 -1       390 3.00000E+01-1.00000E+01 0.00000E+00
 -1       391-3.00000E+01-5.00000E+00 0.00000E+00
 -1       392-2.50000E+01-5.00000E+00 0.00000E+00
 -1       393-2.00000E+01-5.00000E+00 0.00000E+00
 -1       394-1.50000E+01-5.00000E+00 0.00000E+00
 -1       395-1.00000E+01-5.00000E+00 0.00000E+00
 -1       396-5.00000E+00-5.00000E+00 0.00000E+00
 -1       397 0.00000E+00-5.00000E+00 0.00000E+00
 -1       398 5.00000E+00-5.00000E+00 0.00000E+00
 -1       399 1.00000E+01-5.00000E+00 0.00000E+00
 -1       400 1.50000E+01-5.00000E+00 0.00000E+00
 -1       401 2.00000E+01-5.00000E+00 0.00000E+00
 -1       402 2.50000E+01-5.00000E+00 0.00000E+00
 -1       403 3.00000E+01-5.00000E+00 0.00000E+00
 -1       404-3.00000E+01 0.00000E+00 0.00000E+00
 -1       405-2.50000E+01 0.00000E+00 0.00000E+00
 -1       406-2.00000E+01 0.00000E+00 0.00000E+00
 -1       407-1.50000E+01 0.00000E+00 0.00000E+00
 -1       408-1.00000E+01 0.00000E+00 0.00000E+00
 -1       409-5.00000E+00 0.00000E+00 0.00000E+00
 -1       410 0.00000E+00 0.00000E+00 0.00000E+00
 -1       411 5.00000E+00 0.00000E+00 0.00000E+00
 -1       412 1.00000E+01 0.00000E+00 0.00000E+00
 -1       413 1.50000E+01 0.00000E+00 0.00000E+00
 -1       414 2.00000E+01 0.00000E+00 0.00000E+00
 -1       415 2.50000E+01 0.00000E+00 0.00000E+00
 -1       416 3.00000E+01 0.00000E+00 0.00000E+00
 -1       417-3.00000E+01 5.00000E+00 0.00000E+00
 -1       418-2.50000E+01 5.00000E+00 0.00000E+00
 -1       419-2.00000E+01 5.00000E+00 0.00000E+00
 -1       420-1.50000E+01 5.00000E+00 0.00000E+00
 -1       421-1.00000E+01 5.00000E+00 0.00000E+00
 -1       422-5.00000E+00 5.00000E+00 0.00000E+00
 -1       423 0.00000E+00 5.00000E+00 0.00000E+00
 -1       424 5.00000E+00 5.00000E+00 0.00000E+00
 -1       425 1.00000E+01 5.00000E+00 0.00000E+00
 -1       426 1.50000E+01 5.00000E+00 0.00000E+00
 -1       427 2.00000E+01 5.00000E+00 0.00000E+00
 -1       428 2.50000E+01 5.00000E+00 0.00000E+00
 -1       429 3.00000E+01 5.00000E+00 0.00000E+00
 -1       430-3.00000E+01 1.00000E+01 0.00000E+00
 -1       431-2.50000E+01 1.00000E+01 0.00000E+00
 -1       432-2.00000E+01 1.00000E+01 0.00000E+00
 -1       433-1.50000E+01 1.00000E+01 0.00000E+00
 -1       434-1.00000E+01 1.00000E+01 0.00000E+00
 -1       435-5.00000E+00 1.00000E+01 0.00000E+00
 -1       436 0.00000E+00 1.00000E+01 0.00000E+00
 -1       437 5.00000E+00 1.00000E+01 0.00000E+00
 -1       438 1.00000E+01 1.00000E+01 0.00000E+00
 -1       439 1.50000E+01 1.00000E+01 0.00000E+00
 -1       440 2.00000E+01 1.00000E+01 0.00000E+00
 -1       441 2.50000E+01 1.00000E+01 0.00000E+00
 -1       442 3.00000E+01 1.00000E+01 0.00000E+00
 -1       443-3.00000E+01 1.50000E+01 0.00000E+00
 -1       444-2.50000E+01 1.50000E+01 0.00000E+00
 -1       445-2.00000E+01 1.50000E+01 0.00000E+00
 -1       446-1.50000E+01 1.50000E+01 0.00000E+00
 -1       447-1.00000E+01 1.50000E+01 0.00000E+00
 -1       448-5.00000E+00 1.50000E+01 0.00000E+00
 -1       449 0.00000E+00 1.50000E+01 0.00000E+00
 -1       450 5.00000E+00 1.50000E+01 0.00000E+00
 -1       451 1.00000E+01 1.50000E+01 0.00000E+00
 -1       452 1.50000E+01 1.50000E+01 0.00000E+00
 -1       453 2.00000E+01 1.50000E+01 0.00000E+00
 -1       454 2.50000E+01 1.50000E+01 0.00000E+00
 -1       455 3.00000E+01 1.50000E+01 0.00000E+00
 -1       456-3.00000E+01 2.00000E+01 0.00000E+00
 -1       457-2.50000E+01 2.00000E+01 0.00000E+00
 -1       458-2.00000E+01 2.00000E+01 0.00000E+00
 -1       459-1.50000E+01 2.00000E+01 0.00000E+00
 -1       460-1.00000E+01 2.00000E+01 0.00000E+00
 -1       461-5.00000E+00 2.00000E+01 0.00000E+00
 -1       462 0.00000E+00 2.00000E+01 0.00000E+00
 -1       463 5.00000E+00 2.00000E+01 0.00000E+00
 -1       464 1.00000E+01 2.00000E+01 0.00000E+00
 -1       465 1.50000E+01 2.00000E+01 0.00000E+00
 -1       466 2.00000E+01 2.00000E+01 0.00000E+00
 -1       467 2.50000E+01 2.00000E+01 0.00000E+00
 -1       468 3.00000E+01 2.00000E+01 0.00000E+00
 -1       469-1.50000E+01-1.20000E+01 1.12500E-01
 -1       470-1.30000E+01-1.20000E+01 8.45000E-02
 -1       471-1.10000E+01-1.20000E+01 6.05000E-02
 -1       472-9.00000E+00-1.20000E+01 4.05000E-02
 -1       473-7.00000E+00-1.20000E+01 2.45000E-02
 -1       474-5.00000E+00-1.20000E+01 1.25000E-02
 -1       475-3.00000E+00-1.20000E+01 4.50000E-03
 -1       476-1.00000E+00-1.20000E+01 5.00000E-04
 -1       477 1.00000E+00-1.20000E+01 5.00000E-04
 -1       478 3.00000E+00-1.20000E+01 4.50000E-03
 -1       479 5.00000E+00-1.20000E+01 1.25000E-02
 -1       480 7.00000E+00-1.20000E+01 2.45000E-02
 -1       481 9.00000E+00-1.20000E+01 4.05000E-02
 -1       482 1.10000E+01-1.20000E+01 6.05000E-02
 -1       483 1.30000E+01-1.20000E+01 8.45000E-02
 -1       484 1.50000E+01-1.20000E+01 1.12500E-01
 -1       485-1.50000E+01-8.57143E+00 1.12500E-01
 -1       486-1.30000E+01-8.57143E+00 8.45000E-02
 -1       487-1.10000E+01-8.57143E+00 6.05000E-02
 -1       488-9.00000E+00-8.57143E+00 4.05000E-02
 -1       489-7.00000E+00-8.57143E+00 2.45000E-02
 -1       490-5.00000E+00-8.57143E+00 1.25000E-02
 -1       491-3.00000E+00-8.57143E+00 4.50000E-03
 -1       492-1.00000E+00-8.57143E+00 5.00000E-04
 -1       493 1.00000E+00-8.57143E+00 5.00000E-04
 -1       494 3.00000E+00-8.57143E+00 4.50000E-03
 -1       495 5.00000E+00-8.57143E+00 1.25000E-02
 -1       496 7.00000E+00-8.57143E+00 2.45000E-02
 -1       497 9.00000E+00-8.57143E+00 4.05000E-02
 -1       498 1.10000E+01-8.57143E+00 6.05000E-02
 -1       499 1.30000E+01-8.57143E+00 8.45000E-02
 -1       500 1.50000E+01-8.57143E+00 1.12500E-01
 -1       501-1.50000E+01-5.14286E+00 1.12500E-01
 -1       502-1.30000E+01-5.14286E+00 8.45000E-02
 -1       503-1.10000E+01-5.14286E+00 6.05000E-02
 -1       504-9.00000E+00-5.14286E+00 4.05000E-02
 -1       505-7.00000E+00-5.14286E+00 2.45000E-02
 -1       506-5.00000E+00-5.14286E+00 1.25000E-02
 -1       507-3.00000E+00-5.14286E+00 4.50000E-03
 -1       508-1.00000E+00-5.14286E+00 5.00000E-04
 -1       509 1.00000E+00-5.14286E+00 5.00000E-04
 -1       510 3.00000E+00-5.14286E+00 4.50000E-03
 -1       511 5.00000E+00-5.14286E+00 1.25000E-02
 -1       512 7.00000E+00-5.14286E+00 2.45000E-02
 -1       513 9.00000E+00-5.14286E+00 4.05000E-02
 -1       514 1.10000E+01-5.14286E+00 6.05000E-02
 -1       515 1.30000E+01-5.14286E+00 8.45000E-02
 -1       516 1.50000E+01-5.14286E+00 1.12500E-01
 -1       517-1.50000E+01-1.71429E+00 1.12500E-01
 -1       518-1.30000E+01-1.71429E+00 8.45000E-02
 -1       519-1.10000E+01-1.71429E+00 6.05000E-02
 -1       520-9.00000E+00-1.71429E+00 4.05000E-02
 -1       521-7.00000E+00-1.71429E+00 2.45000E-02
 -1       522-5.00000E+00-1.71429E+00 1.25000E-02
 -1       523-3.00000E+00-1.71429E+00 4.50000E-03
 -1       524-1.00000E+00-1.71429E+00 5.00000E-04
 -1       525 1.00000E+00-1.71429E+00 5.00000E-04
 -1       526 3.00000E+00-1.71429E+00 4.50000E-03
 -1       527 5.00000E+00-1.71429E+00 1.25000E-02
 -1       528 7.00000E+00-1.71429E+00 2.45000E-02
 -1       529 9.00000E+00-1.71429E+00 4.05000E-02
 -1       530 1.10000E+01-1.71429E+00 6.05000E-02
 -1       531 1.30000E+01-1.71429E+00 8.45000E-02
 -1       532 1.50000E+01-1.71429E+00 1.12500E-01
 -1       533-1.50000E+01 1.71429E+00 1.12500E-01
 -1       534-1.30000E+01 1.71429E+00 8.45000E-02
 -1       535-1.10000E+01 1.71429E+00 6.05000E-02
 -1       536-9.00000E+00 1.71429E+00 4.05000E-02
 -1       537-7.00000E+00 1.71429E+00 2.45000E-02
 -1       538-5.00000E+00 1.71429E+00 1.25000E-02
 -1       539-3.00000E+00 1.71429E+00 4.50000E-03
 -1       540-1.00000E+00 1.71429E+00 5.00000E-04
 -1       541 1.00000E+00 1.71429E+00 5.00000E-04
 -1       542 3.00000E+00 1.71429E+00 4.50000E-03
 -1       543 5.00000E+00 1.71429E+00 1.25000E-02
 -1       544 7.00000E+00 1.71429E+00 2.45000E-02
 -1       545 9.00000E+00 1.71429E+00 4.05000E-02
 -1       546 1.10000E+01 1.71429E+00 6.05000E-02
 -1       547 1.30000E+01 1.71429E+00 8.45000E-02
 -1       548 1.50000E+01 1.71429E+00 1.12500E-01
 -1       549-1.50000E+01 5.14286E+00 1.12500E-01
 -1       550-1.30000E+01 5.14286E+00 8.45000E-02
 -1       551-1.10000E+01 5.14286E+00 6.05000E-02
 -1       552-9.00000E+00 5.14286E+00 4.05000E-02
 -1       553-7.00000E+00 5.14286E+00 2.45000E-02
 -1       554-5.00000E+00 5.14286E+00 1.25000E-02
 -1       555-3.00000E+00 5.14286E+00 4.50000E-03
 -1       556-1.00000E+00 5.14286E+00 5.00000E-04
 -1       557 1.00000E+00 5.14286E+00 5.00000E-04
 -1       558 3.00000E+00 5.14286E+00 4.50000E-03
 -1       559 5.00000E+00 5.14286E+00 1.25000E-02
 -1       560 7.00000E+00 5.14286E+00 2.45000E-02
 -1       561 9.00000E+00 5.14286E+00 4.05000E-02
 -1       562 1.10000E+01 5.14286E+00 6.05000E-02
 -1       563 1.30000E+01 5.14286E+00 8.45000E-02
 -1       564 1.50000E+01 5.14286E+00 1.12500E-01
 -1       565-1.50000E+01 8.57143E+00 1.12500E-01
 -1       566-1.30000E+01 8.57143E+00 8.45000E-02
 -1       567-1.10000E+01 8.57143E+00 6.05000E-02
 -1       568-9.00000E+00 8.57143E+00 4.05000E-02
 -1       569-7.00000E+00 8.57143E+00 2.45000E-02
 -1       570-5.00000E+00 8.57143E+00 1.25000E-02
 -1       571-3.00000E+00 8.57143E+00 4.50000E-03
 -1       572-1.00000E+00 8.57143E+00 5.00000E-04
 -1       573 1.00000E+00 8.57143E+00 5.00000E-04
 -1       574 3.00000E+00 8.57143E+00 4.50000E-03
 -1       575 5.00000E+00 8.57143E+00 1.25000E-02
 -1       576 7.00000E+00 8.57143E+00 2.45000E-02
 -1       577 9.00000E+00 8.57143E+00 4.05000E-02
 -1       578 1.10000E+01 8.57143E+00 6.05000E-02
 -1       579 1.30000E+01 8.57143E+00 8.45000E-02
 -1       580 1.50000E+01 8.57143E+00 1.12500E-01
 -1       581-1.50000E+01 1.20000E+01 1.12500E-01
 -1       582-1.30000E+01 1.20000E+01 8.45000E-02
 -1       583-1.10000E+01 1.20000E+01 6.05000E-02
 -1       584-9.00000E+00 1.20000E+01 4.05000E-02
 -1       585-7.00000E+00 1.20000E+01 2.45000E-02
 -1       586-5.00000E+00 1.20000E+01 1.25000E-02
 -1       587-3.00000E+00 1.20000E+01 4.50000E-03
 -1       588-1.00000E+00 1.20000E+01 5.00000E-04
 -1       589 1.00000E+00 1.20000E+01 5.00000E-04
 -1       590 3.00000E+00 1.20000E+01 4.50000E-03
 -1       591 5.00000E+00 1.20000E+01 1.25000E-02
 -1       592 7.00000E+00 1.20000E+01 2.45000E-02
 -1       593 9.00000E+00 1.20000E+01 4.05000E-02
 -1       594 1.10000E+01 1.20000E+01 6.05000E-02
 -1       595 1.30000E+01 1.20000E+01 8.45000E-02
 -1       596 1.50000E+01 1.20000E+01 1.12500E-01
 -1       597-1.50000E+01-1.20000E+01 3.09000E+00
 -1       598-1.30000E+01-1.20000E+01 3.06760E+00
 -1       599-1.10000E+01-1.20000E+01 3.04840E+00
 -1       600-9.00000E+00-1.20000E+01 3.03240E+00
 -1       601-7.00000E+00-1.20000E+01 3.01960E+00
 -1       602-5.00000E+00-1.20000E+01 3.01000E+00
 -1       603-3.00000E+00-1.20000E+01 3.00360E+00
 -1       604-1.00000E+00-1.20000E+01 3.00040E+00
 -1       605 1.00000E+00-1.20000E+01 3.00040E+00
 -1       606 3.00000E+00-1.20000E+01 3.00360E+00
 -1       607 5.00000E+00-1.20000E+01 3.01000E+00
 -1       608 7.00000E+00-1.20000E+01 3.01960E+00
 -1       609 9.00000E+00-1.20000E+01 3.03240E+00
 -1       610 1.10000E+01-1.20000E+01 3.04840E+00
 -1       611 1.30000E+01-1.20000E+01 3.06760E+00
 -1       612 1.50000E+01-1.20000E+01 3.09000E+00
 -1       613-1.50000E+01-8.57143E+00 3.09000E+00
 -1       614-1.30000E+01-8.57143E+00 3.06760E+00
 -1       615-1.10000E+01-8.57143E+00 3.04840E+00
 -1       616-9.00000E+00-8.57143E+00 3.03240E+00
 -1       617-7.00000E+00-8.57143E+00 3.01960E+00
 -1       618-5.00000E+00-8.57143E+00 3.01000E+00
 -1       619-3.00000E+00-8.57143E+00 3.00360E+00
 -1       620-1.00000E+00-8.57143E+00 3.00040E+00
 -1       621 1.00000E+00-8.57143E+00 3.00040E+00
 -1       622 3.00000E+00-8.57143E+00 3.00360E+00
 -1       623 5.00000E+00-8.57143E+00 3.01000E+00
 -1       624 7.00000E+00-8.57143E+00 3.01960E+00
 -1       625 9.00000E+00-8.57143E+00 3.03240E+00
 -1       626 1.10000E+01-8.57143E+00 3.04840E+00
 -1       627 1.30000E+01-8.57143E+00 3.06760E+00
 -1       628 1.50000E+01-8.57143E+00 3.09000E+00
 -1       629-1.50000E+01-5.14286E+00 3.09000E+00
 -1       630-1.30000E+01-5.14286E+00 3.06760E+00
 -1       631-1.10000E+01-5.14286E+00 3.04840E+00
 -1       632-9.00000E+00-5.14286E+00 3.03240E+00
 -1       633-7.00000E+00-5.14286E+00 3.01960E+00
 -1       634-5.00000E+00-5.14286E+00 3.01000E+00
 -1       635-3.00000E+00-5.14286E+00 3.00360E+00
 -1       636-1.00000E+00-5.14286E+00 3.00040E+00
 -1       637 1.00000E+00-5.14286E+00 3.00040E+00
 -1       638 3.00000E+00-5.14286E+00 3.00360E+00
 -1       639 5.00000E+00-5.14286E+00 3.01000E+00
 -1       640 7.00000E+00-5.14286E+00 3.01960E+00
 -1       641 9.00000E+00-5.14286E+00 3.03240E+00
 -1       642 1.10000E+01-5.14286E+00 3.04840E+00
 -1       643 1.30000E+01-5.14286E+00 3.06760E+00
 -1       644 1.50000E+01-5.14286E+00 3.09000E+00
 -1       645-1.50000E+01-1.71429E+00 3.09000E+00
 -1       646-1.30000E+01-1.71429E+00 3.06760E+00
 -1       647-1.10000E+01-1.71429E+00 3.04840E+00
 -1       648-9.00000E+00-1.71429E+00 3.03240E+00
 -1       649-7.00000E+00-1.71429E+00 3.01960E+00
 -1       650-5.00000E+00-1.71429E+00 3.01000E+00
 -1       651-3.00000E+00-1.71429E+00 3.00360E+00
 -1       652-1.00000E+00-1.71429E+00 3.00040E+00
 -1       653 1.00000E+00-1.71429E+00 3.00040E+00
 -1       654 3.00000E+00-1.71429E+00 3.00360E+00
 -1       655 5.00000E+00-1.71429E+00 3.01000E+00
 -1       656 7.00000E+00-1.71429E+00 3.01960E+00
 -1       657 9.00000E+00-1.71429E+00 3.03240E+00
 -1       658 1.10000E+01-1.71429E+00 3.04840E+00
 -1       659 1.30000E+01-1.71429E+00 3.06760E+00
 -1       660 1.50000E+01-1.71429E+00 3.09000E+00
 -1       661-1.50000E+01 1.71429E+00 3.09000E+00
 -1       662-1.30000E+01 1.71429E+00 3.06760E+00
 -1       663-1.10000E+01 1.71429E+00 3.04840E+00
 -1       664-9.00000E+00 1.71429E+00 3.03240E+00
 -1       665-7.00000E+00 1.71429E+00 3.01960E+00
 -1       666-5.00000E+00 1.71429E+00 3.01000E+00
 -1       667-3.00000E+00 1.71429E+00 3.00360E+00
 -1       668-1.00000E+00 1.71429E+00 3.00040E+00
 -1       669 1.00000E+00 1.71429E+00 3.00040E+00
 -1       670 3.00000E+00 1.71429E+00 3.00360E+00
 -1       671 5.00000E+00 1.71429E+00 3.01000E+00
 -1       672 7.00000E+00 1.71429E+00 3.01960E+00
 -1       673 9.00000E+00 1.71429E+00 3.03240E+00
 -1       674 1.10000E+01 1.71429E+00 3.04840E+00
 -1       675 1.30000E+01 1.71429E+00 3.06760E+00
 -1       676 1.50000E+01 1.71429E+00 3.09000E+00
 -1       677-1.50000E+01 5.14286E+00 3.09000E+00
 -1       678-1.30000E+01 5.14286E+00 3.06760E+00
 -1       679-1.10000E+01 5.14286E+00 3.04840E+00
 -1       680-9.00000E+00 5.14286E+00 3.03240E+00
 -1       681-7.00000E+00 5.14286E+00 3.01960E+00
 -1       682-5.00000E+00 5.14286E+00 3.01000E+00
 -1       683-3.00000E+00 5.14286E+00 3.00360E+00
 -1       684-1.00000E+00 5.14286E+00 3.00040E+00
 -1       685 1.00000E+00 5.14286E+00 3.00040E+00
 -1       686 3.00000E+00 5.14286E+00 3.00360E+00
 -1       687 5.00000E+00 5.14286E+00 3.01000E+00
 -1       688 7.00000E+00 5.14286E+00 3.01960E+00
 -1       689 9.00000E+00 5.14286E+00 3.03240E+00
 -1       690 1.10000E+01 5.14286E+00 3.04840E+00
 -1       691 1.30000E+01 5.14286E+00 3.06760E+00
 -1       692 1.50000E+01 5.14286E+00 3.09000E+00
 -1       693-1.50000E+01 8.57143E+00 3.09000E+00
 -1       694-1.30000E+01 8.57143E+00 3.06760E+00
 -1       695-1.10000E+01 8.57143E+00 3.04840E+00
 -1       696-9.00000E+00 8.57143E+00 3.03240E+00
 -1       697-7.00000E+00 8.57143E+00 3.01960E+00
 -1       698-5.00000E+00 8.57143E+00 3.01000E+00
 -1       699-3.00000E+00 8.57143E+00 3.00360E+00
 -1       700-1.00000E+00 8.57143E+00 3.00040E+00
 -1       701 1.00000E+00 8.57143E+00 3.00040E+00
 -1       702 3.00000E+00 8.57143E+00 3.00360E+00
 -1       703 5.00000E+00 8.57143E+00 3.01000E+00
 -1       704 7.00000E+00 8.57143E+00 3.01960E+00
 -1       705 9.00000E+00 8.57143E+00 3.03240E+00
 -1       706 1.10000E+01 8.57143E+00 3.04840E+00
 -1       707 1.30000E+01 8.57143E+00 3.06760E+00
 -1       708 1.50000E+01 8.57143E+00 3.09000E+00
 -1       709-1.50000E+01 1.20000E+01 3.09000E+00
 -1       710-1.30000E+01 1.20000E+01 3.06760E+00
 -1       711-1.10000E+01 1.20000E+01 3.04840E+00
 -1       712-9.00000E+00 1.20000E+01 3.03240E+00
 -1       713-7.00000E+00 1.20000E+01 3.01960E+00
 -1       714-5.00000E+00 1.20000E+01 3.01000E+00
 -1       715-3.00000E+00 1.20000E+01 3.00360E+00
 -1       716-1.00000E+00 1.20000E+01 3.00040E+00
 -1       717 1.00000E+00 1.20000E+01 3.00040E+00
 -1       718 3.00000E+00 1.20000E+01 3.00360E+00
 -1       719 5.00000E+00 1.20000E+01 3.01000E+00
 -1       720 7.00000E+00 1.20000E+01 3.01960E+00
 -1       721 9.00000E+00 1.20000E+01 3.03240E+00
 -1       722 1.10000E+01 1.20000E+01 3.04840E+00
 -1       723 1.30000E+01 1.20000E+01 3.06760E+00
 -1       724 1.50000E+01 1.20000E+01 3.09000E+00
 -1       725-1.50000E+01-1.20000E+01 6.06750E+00
 -1       726-1.30000E+01-1.20000E+01 6.05070E+00
 -1       727-1.10000E+01-1.20000E+01 6.03630E+00
 -1       728-9.00000E+00-1.20000E+01 6.02430E+00
 -1       729-7.00000E+00-1.20000E+01 6.01470E+00
 -1       730-5.00000E+00-1.20000E+01 6.00750E+00
 -1       731-3.00000E+00-1.20000E+01 6.00270E+00
 -1       732-1.00000E+00-1.20000E+01 6.00030E+00
 -1       733 1.00000E+00-1.20000E+01 6.00030E+00
 -1       734 3.00000E+00-1.20000E+01 6.00270E+00
 -1       735 5.00000E+00-1.20000E+01 6.00750E+00
 -1       736 7.00000E+00-1.20000E+01 6.01470E+00
 -1       737 9.00000E+00-1.20000E+01 6.02430E+00
 -1       738 1.10000E+01-1.20000E+01 6.03630E+00
 -1       739 1.30000E+01-1.20000E+01 6.05070E+00
 -1       740 1.50000E+01-1.20000E+01 6.06750E+00
 -1       741-1.50000E+01-8.57143E+00 6.06750E+00
 -1       742-1.30000E+01-8.57143E+00 6.05070E+00
 -1       743-1.10000E+01-8.57143E+00 6.03630E+00
 -1       744-9.00000E+00-8.57143E+00 6.02430E+00
 -1       745-7.00000E+00-8.57143E+00 6.01470E+00
 -1       746-5.00000E+00-8.57143E+00 6.00750E+00
 -1       747-3.00000E+00-8.57143E+00 6.00270E+00
 -1       748-1.00000E+00-8.57143E+00 6.00030E+00
 -1       749 1.00000E+00-8.57143E+00 6.00030E+00
 -1       750 3.00000E+00-8.57143E+00 6.00270E+00
 -1       751 5.00000E+00-8.57143E+00 6.00750E+00
 -1       752 7.00000E+00-8.57143E+00 6.01470E+00
 -1       753 9.00000E+00-8.57143E+00 6.02430E+00
 -1       754 1.10000E+01-8.57143E+00 6.03630E+00
 -1       755 1.30000E+01-8.57143E+00 6.05070E+00
 -1       756 1.50000E+01-8.57143E+00 6.06750E+00
 -1       757-1.50000E+01-5.14286E+00 6.06750E+00
 -1       758-1.30000E+01-5.14286E+00 6.05070E+00
 -1       759-1.10000E+01-5.14286E+00 6.03630E+00
 -1       760-9.00000E+00-5.14286E+00 6.02430E+00
 -1       761-7.00000E+00-5.14286E+00 6.01470E+00
 -1       762-5.00000E+00-5.14286E+00 6.00750E+00
 -1       763-3.00000E+00-5.14286E+00 6.00270E+00
 -1       764-1.00000E+00-5.14286E+00 6.00030E+00
 -1       765 1.00000E+00-5.14286E+00 6.00030E+00
 -1       766 3.00000E+00-5.14286E+00 6.00270E+00
 -1       767 5.00000E+00-5.14286E+00 6.00750E+00
 -1       768 7.00000E+00-5.14286E+00 6.01470E+00
 -1       769 9.00000E+00-5.14286E+00 6.02430E+00
 -1       770 1.10000E+01-5.14286E+00 6.03630E+00
 -1       771 1.30000E+01-5.14286E+00 6.05070E+00
 -1       772 1.50000E+01-5.14286E+00 6.06750E+00
 -1       773-1.50000E+01-1.71429E+00 6.06750E+00
 -1       774-1.30000E+01-1.71429E+00 6.05070E+00
 -1       775-1.10000E+01-1.71429E+00 6.03630E+00
 -1       776-9.00000E+00-1.71429E+00 6.02430E+00
 -1       777-7.00000E+00-1.71429E+00 6.01470E+00
 -1       778-5.00000E+00-1.71429E+00 6.00750E+00
 -1       779-3.00000E+00-1.71429E+00 6.00270E+00
 -1       780-1.00000E+00-1.71429E+00 6.00030E+00
 -1       781 1.00000E+00-1.71429E+00 6.00030E+00
 -1       782 3.00000E+00-1.71429E+00 6.00270E+00
 -1       783 5.00000E+00-1.71429E+00 6.00750E+00
 -1       784 7.00000E+00-1.71429E+00 6.01470E+00
 -1       785 9.00000E+00-1.71429E+00 6.02430E+00
 -1       786 1.10000E+01-1.71429E+00 6.03630E+00
 -1       787 1.30000E+01-1.71429E+00 6.05070E+00
 -1       788 1.50000E+01-1.71429E+00 6.06750E+00
 -1       789-1.50000E+01 1.71429E+00 6.06750E+00
 -1       790-1.30000E+01 1.71429E+00 6.05070E+00
 -1       791-1.10000E+01 1.71429E+00 6.03630E+00
 -1       792-9.00000E+00 1.71429E+00 6.02430E+00
 -1       793-7.00000E+00 1.71429E+00 6.01470E+00
 -1       794-5.00000E+00 1.71429E+00 6.00750E+00
 -1       795-3.00000E+00 1.71429E+00 6.00270E+00
 -1       796-1.00000E+00 1.71429E+00 6.00030E+00
 -1       797 1.00000E+00 1.71429E+00 6.00030E+00
 -1       798 3.00000E+00 1.71429E+00 6.00270E+00
 -1       799 5.00000E+00 1.71429E+00 6.00750E+00
 -1       800 7.00000E+00 1.71429E+00 6.01470E+00
 -1       801 9.00000E+00 1.71429E+00 6.02430E+00
 -1       802 1.10000E+01 1.71429E+00 6.03630E+00
 -1       803 1.30000E+01 1.71429E+00 6.05070E+00
 -1       804 1.50000E+01 1.71429E+00 6.06750E+00
 -1       805-1.50000E+01 5.14286E+00 6.06750E+00
 -1       806-1.30000E+01 5.14286E+00 6.05070E+00
 -1       807-1.10000E+01 5.14286E+00 6.03630E+00
 -1       808-9.00000E+00 5.14286E+00 6.02430E+00
 -1       809-7.00000E+00 5.14286E+00 6.01470E+00
 -1       810-5.00000E+00 5.14286E+00 6.00750E+00
 -1       811-3.00000E+00 5.14286E+00 6.00270E+00
 -1       812-1.00000E+00 5.14286E+00 6.00030E+00
 -1       813 1.00000E+00 5.14286E+00 6.00030E+00
 -1       814 3.00000E+00 5.14286E+00 6.00270E+00
 -1       815 5.00000E+00 5.14286E+00 6.00750E+00
 -1       816 7.00000E+00 5.14286E+00 6.01470E+00
 -1       817 9.00000E+00 5.14286E+00 6.02430E+00
 -1       818 1.10000E+01 5.14286E+00 6.03630E+00
 -1       819 1.30000E+01 5.14286E+00 6.05070E+00
 -1       820 1.50000E+01 5.14286E+00 6.06750E+00
 -1       821-1.50000E+01 8.57143E+00 6.06750E+00
 -1       822-1.30000E+01 8.57143E+00 6.05070E+00
 -1       823-1.10000E+01 8.57143E+00 6.03630E+00
 -1       824-9.00000E+00 8.57143E+00 6.02430E+00
 -1       825-7.00000E+00 8.57143E+00 6.01470E+00
 -1       826-5.00000E+00 8.57143E+00 6.00750E+00
 -1       827-3.00000E+00 8.57143E+00 6.00270E+00
 -1       828-1.00000E+00 8.57143E+00 6.00030E+00
 -1       829 1.00000E+00 8.57143E+00 6.00030E+00
 -1       830 3.00000E+00 8.57143E+00 6.00270E+00
 -1       831 5.00000E+00 8.57143E+00 6.00750E+00
 -1       832 7.00000E+00 8.57143E+00 6.01470E+00
 -1       833 9.00000E+00 8.57143E+00 6.02430E+00
 -1       834 1.10000E+01 8.57143E+00 6.03630E+00
 -1       835 1.30000E+01 8.57143E+00 6.05070E+00
 -1       836 1.50000E+01 8.57143E+00 6.06750E+00
 -1       837-1.50000E+01 1.20000E+01 6.06750E+00
 -1       838-1.30000E+01 1.20000E+01 6.05070E+00
 -1       839-1.10000E+01 1.20000E+01 6.03630E+00
 -1       840-9.00000E+00 1.20000E+01 6.02430E+00
 -1       841-7.00000E+00 1.20000E+01 6.01470E+00
 -1       842-5.00000E+00 1.20000E+01 6.00750E+00
 -1       843-3.00000E+00 1.20000E+01 6.00270E+00
 -1       844-1.00000E+00 1.20000E+01 6.00030E+00
 -1       845 1.00000E+00 1.20000E+01 6.00030E+00
 -1       846 3.00000E+00 1.20000E+01 6.00270E+00
 -1       847 5.00000E+00 1.20000E+01 6.00750E+00
 -1       848 7.00000E+00 1.20000E+01 6.01470E+00
 -1       849 9.00000E+00 1.20000E+01 6.02430E+00
 -1       850 1.10000E+01 1.20000E+01 6.03630E+00
 -1       851 1.30000E+01 1.20000E+01 6.05070E+00
 -1       852 1.50000E+01 1.20000E+01 6.06750E+00
 -1       853-1.50000E+01-1.20000E+01 9.04500E+00
 -1       854-1.30000E+01-1.20000E+01 9.03380E+00
 -1       855-1.10000E+01-1.20000E+01 9.02420E+00
 -1       856-9.00000E+00-1.20000E+01 9.01620E+00
 -1       857-7.00000E+00-1.20000E+01 9.00980E+00
 -1       858-5.00000E+00-1.20000E+01 9.00500E+00
 -1       859-3.00000E+00-1.20000E+01 9.00180E+00
 -1       860-1.00000E+00-1.20000E+01 9.00020E+00
 -1       861 1.00000E+00-1.20000E+01 9.00020E+00
 -1       862 3.00000E+00-1.20000E+01 9.00180E+00
 -1       863 5.00000E+00-1.20000E+01 9.00500E+00
 -1       864 7.00000E+00-1.20000E+01 9.00980E+00
 -1       865 9.00000E+00-1.20000E+01 9.01620E+00
 -1       866 1.10000E+01-1.20000E+01 9.02420E+00
 -1       867 1.30000E+01-1.20000E+01 9.03380E+00
 -1       868 1.50000E+01-1.20000E+01 9.04500E+00
 -1       869-1.50000E+01-8.57143E+00 9.04500E+00
 -1       870-1.30000E+01-8.57143E+00 9.03380E+00
 -1       871-1.10000E+01-8.57143E+00 9.02420E+00
 -1       872-9.00000E+00-8.57143E+00 9.01620E+00
 -1       873-7.00000E+00-8.57143E+00 9.00980E+00
 -1       874-5.00000E+00-8.57143E+00 9.00500E+00
 -1       875-3.00000E+00-8.57143E+00 9.00180E+00
 -1       876-1.00000E+00-8.57143E+00 9.00020E+00
 -1       877 1.00000E+00-8.57143E+00 9.00020E+00
 -1       878 3.00000E+00-8.57143E+00 9.00180E+00
 -1       879 5.00000E+00-8.57143E+00 9.00500E+00
 -1       880 7.00000E+00-8.57143E+00 9.00980E+00
 -1       881 9.00000E+00-8.57143E+00 9.01620E+00
 -1       882 1.10000E+01-8.57143E+00 9.02420E+00
 -1       883 1.30000E+01-8.57143E+00 9.03380E+00
 -1       884 1.50000E+01-8.57143E+00 9.04500E+00
 -1       885-1.50000E+01-5.14286E+00 9.04500E+00
 -1       886-1.30000E+01-5.14286E+00 9.03380E+00
 -1       887-1.10000E+01-5.14286E+00 9.02420E+00
 -1       888-9.00000E+00-5.14286E+00 9.01620E+00
 -1       889-7.00000E+00-5.14286E+00 9.00980E+00
 -1       890-5.00000E+00-5.14286E+00 9.00500E+00
 -1       891-3.00000E+00-5.14286E+00 9.00180E+00
 -1       892-1.00000E+00-5.14286E+00 9.00020E+00
 -1       893 1.00000E+00-5.14286E+00 9.00020E+00
 -1       894 3.00000E+00-5.14286E+00 9.00180E+00
 -1       895 5.00000E+00-5.14286E+00 9.00500E+00
 -1       896 7.00000E+00-5.14286E+00 9.00980E+00
 -1       897 9.00000E+00-5.14286E+00 9.01620E+00
 -1       898 1.10000E+01-5.14286E+00 9.02420E+00
 -1       899 1.30000E+01-5.14286E+00 9.03380E+00
 -1       900 1.50000E+01-5.14286E+00 9.04500E+00
 -1       901-1.50000E+01-1.71429E+00 9.04500E+00
 -1       902-1.30000E+01-1.71429E+00 9.03380E+00
 -1       903-1.10000E+01-1.71429E+00 9.02420E+00
 -1       904-9.00000E+00-1.71429E+00 9.01620E+00
 -1       905-7.00000E+00-1.71429E+00 9.00980E+00
 -1       906-5.00000E+00-1.71429E+00 9.00500E+00
 -1       907-3.00000E+00-1.71429E+00 9.00180E+00
 -1       908-1.00000E+00-1.71429E+00 9.00020E+00
 -1       909 1.00000E+00-1.71429E+00 9.00020E+00
 -1       910 3.00000E+00-1.71429E+00 9.00180E+00
 -1       911 5.00000E+00-1.71429E+00 9.00500E+00
 -1       912 7.00000E+00-1.71429E+00 9.00980E+00
 -1       913 9.00000E+00-1.71429E+00 9.01620E+00
 -1       914 1.10000E+01-1.71429E+00 9.02420E+00
 -1       915 1.30000E+01-1.71429E+00 9.03380E+00
 -1       916 1.50000E+01-1.71429E+00 9.04500E+00
 -1       917-1.50000E+01 1.71429E+00 9.04500E+00
 -1       918-1.30000E+01 1.71429E+00 9.03380E+00
 -1       919-1.10000E+01 1.71429E+00 9.02420E+00
 -1       920-9.00000E+00 1.71429E+00 9.01620E+00
 -1       921-7.00000E+00 1.71429E+00 9.00980E+00
 -1       922-5.00000E+00 1.71429E+00 9.00500E+00
 -1       923-3.00000E+00 1.71429E+00 9.00180E+00
 -1       924-1.00000E+00 1.71429E+00 9.00020E+00
 -1       925 1.00000E+00 1.71429E+00 9.00020E+00
 -1       926 3.00000E+00 1.71429E+00 9.00180E+00
 -1       927 5.00000E+00 1.71429E+00 9.00500E+00
 -1       928 7.00000E+00 1.71429E+00 9.00980E+00
 -1       929 9.00000E+00 1.71429E+00 9.01620E+00
 -1       930 1.10000E+01 1.71429E+00 9.02420E+00
 -1       931 1.30000E+01 1.71429E+00 9.03380E+00
 -1       932 1.50000E+01 1.71429E+00 9.04500E+00
 -1       933-1.50000E+01 5.14286E+00 9.04500E+00
 -1       934-1.30000E+01 5.14286E+00 9.03380E+00
 -1       935-1.10000E+01 5.14286E+00 9.02420E+00
 -1       936-9.00000E+00 5.14286E+00 9.01620E+00
 -1       937-7.00000E+00 5.14286E+00 9.00980E+00
 -1       938-5.00000E+00 5.14286E+00 9.00500E+00
 -1       939-3.00000E+00 5.14286E+00 9.00180E+00
 -1       940-1.00000E+00 5.14286E+00 9.00020E+00
 -1       941 1.00000E+00 5.14286E+00 9.00020E+00
 -1       942 3.00000E+00 5.14286E+00 9.00180E+00
 -1       943 5.00000E+00 5.14286E+00 9.00500E+00
 -1       944 7.00000E+00 5.14286E+00 9.00980E+00
 -1       945 9.00000E+00 5.14286E+00 9.01620E+00
 -1       946 1.10000E+01 5.14286E+00 9.02420E+00
 -1       947 1.30000E+01 5.14286E+00 9.03380E+00
 -1       948 1.50000E+01 5.14286E+00 9.04500E+00
 -1       949-1.50000E+01 8.57143E+00 9.04500E+00
 -1       950-1.30000E+01 8.57143E+00 9.03380E+00
 -1       951-1.10000E+01 8.57143E+00 9.02420E+00
 -1       952-9.00000E+00 8.57143E+00 9.01620E+00
 -1       953-7.00000E+00 8.57143E+00 9.00980E+00
 -1       954-5.00000E+00 8.57143E+00 9.00500E+00
 -1       955-3.00000E+00 8.57143E+00 9.00180E+00
 -1       956-1.00000E+00 8.57143E+00 9.00020E+00
 -1       957 1.00000E+00 8.57143E+00 9.00020E+00
 -1       958 3.00000E+00 8.57143E+00 9.00180E+00
 -1       959 5.00000E+00 8.57143E+00 9.00500E+00
 -1       960 7.00000E+00 8.57143E+00 9.00980E+00
 -1       961 9.00000E+00 8.57143E+00 9.01620E+00
 -1       962 1.10000E+01 8.57143E+00 9.02420E+00
 -1       963 1.30000E+01 8.57143E+00 9.03380E+00
 -1       964 1.50000E+01 8.57143E+00 9.04500E+00
 -1       965-1.50000E+01 1.20000E+01 9.04500E+00
 -1       966-1.30000E+01 1.20000E+01 9.03380E+00
 -1       967-1.10000E+01 1.20000E+01 9.02420E+00
 -1       968-9.00000E+00 1.20000E+01 9.01620E+00
 -1       969-7.00000E+00 1.20000E+01 9.00980E+00
 -1       970-5.00000E+00 1.20000E+01 9.00500E+00
 -1       971-3.00000E+00 1.20000E+01 9.00180E+00
 -1       972-1.00000E+00 1.20000E+01 9.00020E+00
 -1       973 1.00000E+00 1.20000E+01 9.00020E+00
 -1       974 3.00000E+00 1.20000E+01 9.00180E+00
 -1       975 5.00000E+00 1.20000E+01 9.00500E+00
 -1       976 7.00000E+00 1.20000E+01 9.00980E+00
 -1       977 9.00000E+00 1.20000E+01 9.01620E+00
 -1       978 1.10000E+01 1.20000E+01 9.02420E+00
 -1       979 1.30000E+01 1.20000E+01 9.03380E+00
 -1       980 1.50000E+01 1.20000E+01 9.04500E+00
 -1       981-1.50000E+01-1.20000E+01 1.20225E+01
 -1       982-1.30000E+01-1.20000E+01 1.20169E+01
 -1       983-1.10000E+01-1.20000E+01 1.20121E+01
 -1       984-9.00000E+00-1.20000E+01 1.20081E+01
 -1       985-7.00000E+00-1.20000E+01 1.20049E+01
 -1       986-5.00000E+00-1.20000E+01 1.20025E+01
 -1       987-3.00000E+00-1.20000E+01 1.20009E+01
 -1       988-1.00000E+00-1.20000E+01 1.20001E+01
 -1       989 1.00000E+00-1.20000E+01 1.20001E+01
 -1       990 3.00000E+00-1.20000E+01 1.20009E+01
 -1       991 5.00000E+00-1.20000E+01 1.20025E+01
 -1       992 7.00000E+00-1.20000E+01 1.20049E+01
 -1       993 9.00000E+00-1.20000E+01 1.20081E+01
 -1       994 1.10000E+01-1.20000E+01 1.20121E+01
 -1       995 1.30000E+01-1.20000E+01 1.20169E+01
 -1       996 1.50000E+01-1.20000E+01 1.20225E+01
 -1       997-1.50000E+01-8.57143E+00 1.20225E+01
 -1       998-1.30000E+01-8.57143E+00 1.20169E+01
 -1       999-1.10000E+01-8.57143E+00 1.20121E+01
 -1      1000-9.00000E+00-8.57143E+00 1.20081E+01
 -1      1001-7.00000E+00-8.57143E+00 1.20049E+01
 -1      1002-5.00000E+00-8.57143E+00 1.20025E+01
 -1      1003-3.00000E+00-8.57143E+00 1.20009E+01
 -1      1004-1.00000E+00-8.57143E+00 1.20001E+01
 -1      1005 1.00000E+00-8.57143E+00 1.20001E+01
 -1      1006 3.00000E+00-8.57143E+00 1.20009E+01
 -1      1007 5.00000E+00-8.57143E+00 1.20025E+01
 -1      1008 7.00000E+00-8.57143E+00 1.20049E+01
 -1      1009 9.00000E+00-8.57143E+00 1.20081E+01
 -1      1010 1.10000E+01-8.57143E+00 1.20121E+01
 -1      1011 1.30000E+01-8.57143E+00 1.20169E+01
 -1      1012 1.50000E+01-8.57143E+00 1.20225E+01
 -1      1013-1.50000E+01-5.14286E+00 1.20225E+01
 -1      1014-1.30000E+01-5.14286E+00 1.20169E+01
 -1      1015-1.10000E+01-5.14286E+00 1.20121E+01
 -1      1016-9.00000E+00-5.14286E+00 1.20081E+01
 -1      1017-7.00000E+00-5.14286E+00 1.20049E+01
 -1      1018-5.00000E+00-5.14286E+00 1.20025E+01
 -1      1019-3.00000E+00-5.14286E+00 1.20009E+01
 -1      1020-1.00000E+00-5.14286E+00 1.20001E+01
 -1      1021 1.00000E+00-5.14286E+00 1.20001E+01
 -1      1022 3.00000E+00-5.14286E+00 1.20009E+01
 -1      1023 5.00000E+00-5.14286E+00 1.20025E+01
 -1      1024 7.00000E+00-5.14286E+00 1.20049E+01
 -1      1025 9.00000E+00-5.14286E+00 1.20081E+01
 -1      1026 1.10000E+01-5.14286E+00 1.20121E+01
 -1      1027 1.30000E+01-5.14286E+00 1.20169E+01
 -1      1028 1.50000E+01-5.14286E+00 1.20225E+01
 -1      1029-1.50000E+01-1.71429E+00 1.20225E+01
 -1      1030-1.30000E+01-1.71429E+00 1.20169E+01
 -1      1031-1.10000E+01-1.71429E+00 1.20121E+01
 -1      1032-9.00000E+00-1.71429E+00 1.20081E+01
 -1      1033-7.00000E+00-1.71429E+00 1.20049E+01
 -1      1034-5.00000E+00-1.71429E+00 1.20025E+01
 -1      1035-3.00000E+00-1.71429E+00 1.20009E+01
 -1      1036-1.00000E+00-1.71429E+00 1.20001E+01
 -1      1037 1.00000E+00-1.71429E+00 1.20001E+01
 -1      1038 3.00000E+00-1.71429E+00 1.20009E+01
 -1      1039 5.00000E+00-1.71429E+00 1.20025E+01
 -1      1040 7.00000E+00-1.71429E+00 1.20049E+01
 -1      1041 9.00000E+00-1.71429E+00 1.20081E+01
 -1      1042 1.10000E+01-1.71429E+00 1.20121E+01
 -1      1043 1.30000E+01-1.71429E+00 1.20169E+01
 -1      1044 1.50000E+01-1.71429E+00 1.20225E+01
 -1      1045-1.50000E+01 1.71429E+00 1.20225E+01
 -1      1046-1.30000E+01 1.71429E+00 1.20169E+01
 -1      1047-1.10000E+01 1.71429E+00 1.20121E+01
 -1      1048-9.00000E+00 1.71429E+00 1.20081E+01
 -1      1049-7.00000E+00 1.71429E+00 1.20049E+01
 -1      1050-5.00000E+00 1.71429E+00 1.20025E+01
 -1      1051-3.00000E+00 1.71429E+00 1.20009E+01
 -1      1052-1.00000E+00 1.71429E+00 1.20001E+01
 -1      1053 1.00000E+00 1.71429E+00 1.20001E+01
 -1      1054 3.00000E+00 1.71429E+00 1.20009E+01
 -1      1055 5.00000E+00 1.71429E+00 1.20025E+01
 -1      1056 7.00000E+00 1.71429E+00 1.20049E+01
 -1      1057 9.00000E+00 1.71429E+00 1.20081E+01
 -1      1058 1.10000E+01 1.71429E+00 1.20121E+01
 -1      1059 1.30000E+01 1.71429E+00 1.20169E+01
 -1      1060 1.50000E+01 1.71429E+00 1.20225E+01
 -1      1061-1.50000E+01 5.14286E+00 1.20225E+01
 -1      1062-1.30000E+01 5.14286E+00 1.20169E+01
 -1      1063-1.10000E+01 5.14286E+00 1.20121E+01
 -1      1064-9.00000E+00 5.14286E+00 1.20081E+01
 -1      1065-7.00000E+00 5.14286E+00 1.20049E+01
 -1      1066-5.00000E+00 5.14286E+00 1.20025E+01
 -1      1067-3.00000E+00 5.14286E+00 1.20009E+01
 -1      1068-1.00000E+00 5.14286E+00 1.20001E+01
 -1      1069 1.00000E+00 5.14286E+00 1.20001E+01
 -1      1070 3.00000E+00 5.14286E+00 1.20009E+01
 -1      1071 5.00000E+00 5.14286E+00 1.20025E+01
 -1      1072 7.00000E+00 5.14286E+00 1.20049E+01
 -1      1073 9.00000E+00 5.14286E+00 1.20081E+01
 -1      1074 1.10000E+01 5.14286E+00 1.20121E+01
 -1      1075 1.30000E+01 5.14286E+00 1.20169E+01
 -1      1076 1.50000E+01 5.14286E+00 1.20225E+01
 -1      1077-1.50000E+01 8.57143E+00 1.20225E+01
 -1      1078-1.30000E+01 8.57143E+00 1.20169E+01
 -1      1079-1.10000E+01 8.57143E+00 1.20121E+01
 -1      1080-9.00000E+00 8.57143E+00 1.20081E+01
 -1      1081-7.00000E+00 8.57143E+00 1.20049E+01
 -1      1082-5.00000E+00 8.57143E+00 1.20025E+01
 -1      1083-3.00000E+00 8.57143E+00 1.20009E+01
 -1      1084-1.00000E+00 8.57143E+00 1.20001E+01
 -1      1085 1.00000E+00 8.57143E+00 1.20001E+01
 -1      1086 3.00000E+00 8.57143E+00 1.20009E+01
 -1      1087 5.00000E+00 8.57143E+00 1.20025E+01
 -1      1088 7.00000E+00 8.57143E+00 1.20049E+01
 -1      1089 9.00000E+00 8.57143E+00 1.20081E+01
 -1      1090 1.10000E+01 8.57143E+00 1.20121E+01
 -1      1091 1.30000E+01 8.57143E+00 1.20169E+01
 -1      1092 1.50000E+01 8.57143E+00 1.20225E+01
 -1      1093-1.50000E+01 1.20000E+01 1.20225E+01
 -1      1094-1.30000E+01 1.20000E+01 1.20169E+01
 -1      1095-1.10000E+01 1.20000E+01 1.20121E+01
 -1      1096-9.00000E+00 1.20000E+01 1.20081E+01
 -1      1097-7.00000E+00 1.20000E+01 1.20049E+01
 -1      1098-5.00000E+00 1.20000E+01 1.20025E+01
 -1      1099-3.00000E+00 1.20000E+01 1.20009E+01
 -1      1100-1.00000E+00 1.20000E+01 1.20001E+01
 -1      1101 1.00000E+00 1.20000E+01 1.20001E+01
 -1      1102 3.00000E+00 1.20000E+01 1.20009E+01
 -1      1103 5.00000E+00 1.20000E+01 1.20025E+01
 -1      1104 7.00000E+00 1.20000E+01 1.20049E+01
 -1      1105 9.00000E+00 1.20000E+01 1.20081E+01
 -1      1106 1.10000E+01 1.20000E+01 1.20121E+01
 -1      1107 1.30000E+01 1.20000E+01 1.20169E+01
 -1      1108 1.50000E+01 1.20000E+01 1.20225E+01
 -1      1109-1.50000E+01-1.20000E+01 1.50000E+01
 -1      1110-1.30000E+01-1.20000E+01 1.50000E+01
 -1      1111-1.10000E+01-1.20000E+01 1.50000E+01
 -1      1112-9.00000E+00-1.20000E+01 1.50000E+01
 -1      1113-7.00000E+00-1.20000E+01 1.50000E+01
 -1      1114-5.00000E+00-1.20000E+01 1.50000E+01
 -1      1115-3.00000E+00-1.20000E+01 1.50000E+01
 -1      1116-1.00000E+00-1.20000E+01 1.50000E+01
 -1      1117 1.00000E+00-1.20000E+01 1.50000E+01
 -1      1118 3.00000E+00-1.20000E+01 1.50000E+01
 -1      1119 5.00000E+00-1.20000E+01 1.50000E+01
 -1      1120 7.00000E+00-1.20000E+01 1.50000E+01
 -1      1121 9.00000E+00-1.20000E+01 1.50000E+01
 -1      1122 1.10000E+01-1.20000E+01 1.50000E+01
 -1      1123 1.30000E+01-1.20000E+01 1.50000E+01
 -1      1124 1.50000E+01-1.20000E+01 1.50000E+01
 -1      1125-1.50000E+01-8.57143E+00 1.50000E+01
 -1      1126-1.30000E+01-8.57143E+00 1.50000E+01
 -1      1127-1.10000E+01-8.57143E+00 1.50000E+01
 -1      1128-9.00000E+00-8.57143E+00 1.50000E+01
 -1      1129-7.00000E+00-8.57143E+00 1.50000E+01
 -1      1130-5.00000E+00-8.57143E+00 1.50000E+01
 -1      1131-3.00000E+00-8.57143E+00 1.50000E+01
 -1      1132-1.00000E+00-8.57143E+00 1.50000E+01
 -1      1133 1.00000E+00-8.57143E+00 1.50000E+01
 -1      1134 3.00000E+00-8.57143E+00 1.50000E+01
 -1      1135 5.00000E+00-8.57143E+00 1.50000E+01
 -1      1136 7.00000E+00-8.57143E+00 1.50000E+01
 -1      1137 9.00000E+00-8.57143E+00 1.50000E+01
 -1      1138 1.10000E+01-8.57143E+00 1.50000E+01
 -1      1139 1.30000E+01-8.57143E+00 1.50000E+01
 -1      1140 1.50000E+01-8.57143E+00 1.50000E+01
 -1      1141-1.50000E+01-5.14286E+00 1.50000E+01
 -1      1142-1.30000E+01-5.14286E+00 1.50000E+01
 -1      1143-1.10000E+01-5.14286E+00 1.50000E+01
 -1      1144-9.00000E+00-5.14286E+00 1.50000E+01
 -1      1145-7.00000E+00-5.14286E+00 1.50000E+01
 -1      1146-5.00000E+00-5.14286E+00 1.50000E+01
 -1      1147-3.00000E+00-5.14286E+00 1.50000E+01
 -1      1148-1.00000E+00-5.14286E+00 1.50000E+01
 -1      1149 1.00000E+00-5.14286E+00 1.50000E+01
 -1      1150 3.00000E+00-5.14286E+00 1.50000E+01
 -1      1151 5.00000E+00-5.14286E+00 1.50000E+01
 -1      1152 7.00000E+00-5.14286E+00 1.50000E+01
 -1      1153 9.00000E+00-5.14286E+00 1.50000E+01
 -1      1154 1.10000E+01-5.14286E+00 1.50000E+01
 -1      1155 1.30000E+01-5.14286E+00 1.50000E+01
 -1      1156 1.50000E+01-5.14286E+00 1.50000E+01
 -1      1157-1.50000E+01-1.71429E+00 1.50000E+01
 -1      1158-1.30000E+01-1.71429E+00 1.50000E+01
 -1      1159-1.10000E+01-1.71429E+00 1.50000E+01
 -1      1160-9.00000E+00-1.71429E+00 1.50000E+01
 -1      1161-7.00000E+00-1.71429E+00 1.50000E+01
 -1      1162-5.00000E+00-1.71429E+00 1.50000E+01
 -1      1163-3.00000E+00-1.71429E+00 1.50000E+01
 -1      1164-1.00000E+00-1.71429E+00 1.50000E+01
 -1      1165 1.00000E+00-1.71429E+00 1.50000E+01
 -1      1166 3.00000E+00-1.71429E+00 1.50000E+01
 -1      1167 5.00000E+00-1.71429E+00 1.50000E+01
 -1      1168 7.00000E+00-1.71429E+00 1.50000E+01
 -1      1169 9.00000E+00-1.71429E+00 1.50000E+01
 -1      1170 1.10000E+01-1.71429E+00 1.50000E+01
 -1      1171 1.30000E+01-1.71429E+00 1.50000E+01
 -1      1172 1.50000E+01-1.71429E+00 1.50000E+01
 -1      1173-1.50000E+01 1.71429E+00 1.50000E+01
 -1      1174-1.30000E+01 1.71429E+00 1.50000E+01
 -1      1175-1.10000E+01 1.71429E+00 1.50000E+01
 -1      1176-9.00000E+00 1.71429E+00 1.50000E+01
 -1      1177-7.00000E+00 1.71429E+00 1.50000E+01
 -1      1178-5.00000E+00 1.71429E+00 1.50000E+01
 -1      1179-3.00000E+00 1.71429E+00 1.50000E+01
 -1      1180-1.00000E+00 1.71429E+00 1.50000E+01
 -1      1181 1.00000E+00 1.71429E+00 1.50000E+01
 -1      1182 3.00000E+00 1.71429E+00 1.50000E+01
 -1      1183 5.00000E+00 1.71429E+00 1.50000E+01
 -1      1184 7.00000E+00 1.71429E+00 1.50000E+01
 -1      1185 9.00000E+00 1.71429E+00 1.50000E+01
 -1      1186 1.10000E+01 1.71429E+00 1.50000E+01
 -1      1187 1.30000E+01 1.71429E+00 1.50000E+01
 -1      1188 1.50000E+01 1.71429E+00 1.50000E+01
 -1      1189-1.50000E+01 5.14286E+00 1.50000E+01
 -1      1190-1.30000E+01 5.14286E+00 1.50000E+01
 -1      1191-1.10000E+01 5.14286E+00 1.50000E+01
 -1      1192-9.00000E+00 5.14286E+00 1.50000E+01
 -1      1193-7.00000E+00 5.14286E+00 1.50000E+01
 -1      1194-5.00000E+00 5.14286E+00 1.50000E+01
 -1      1195-3.00000E+00 5.14286E+00 1.50000E+01
 -1      1196-1.00000E+00 5.14286E+00 1.50000E+01
 -1      1197 1.00000E+00 5.14286E+00 1.50000E+01
 -1      1198 3.00000E+00 5.14286E+00 1.50000E+01
 -1      1199 5.00000E+00 5.14286E+00 1.50000E+01
 -1      1200 7.00000E+00 5.14286E+00 1.50000E+01
 -1      1201 9.00000E+00 5.14286E+00 1.50000E+01
 -1      1202 1.10000E+01 5.14286E+00 1.50000E+01
 -1      1203 1.30000E+01 5.14286E+00 1.50000E+01
 -1      1204 1.50000E+01 5.14286E+00 1.50000E+01
 -1      1205-1.50000E+01 8.57143E+00 1.50000E+01
 -1      1206-1.30000E+01 8.57143E+00 1.50000E+01
 -1      1207-1.10000E+01 8.57143E+00 1.50000E+01
 -1      1208-9.00000E+00 8.57143E+00 1.50000E+01
 -1      1209-7.00000E+00 8.57143E+00 1.50000E+01
 -1      1210-5.00000E+00 8.57143E+00 1.50000E+01
 -1      1211-3.00000E+00 8.57143E+00 1.50000E+01
 -1      1212-1.00000E+00 8.57143E+00 1.50000E+01
 -1      1213 1.00000E+00 8.57143E+00 1.50000E+01
 -1      1214 3.00000E+00 8.57143E+00 1.50000E+01
 -1      1215 5.00000E+00 8.57143E+00 1.50000E+01
 -1      1216 7.00000E+00 8.57143E+00 1.50000E+01
 -1      1217 9.00000E+00 8.57143E+00 1.50000E+01
 -1      1218 1.10000E+01 8.57143E+00 1.50000E+01
 -1      1219 1.30000E+01 8.57143E+00 1.50000E+01
 -1      1220 1.50000E+01 8.57143E+00 1.50000E+01
 -1      1221-1.50000E+01 1.20000E+01 1.50000E+01
 -1      1222-1.30000E+01 1.20000E+01 1.50000E+01
 -1      1223-1.10000E+01 1.20000E+01 1.50000E+01
 -1      1224-9.00000E+00 1.20000E+01 1.50000E+01
 -1      1225-7.00000E+00 1.20000E+01 1.50000E+01
 -1      1226-5.00000E+00 1.20000E+01 1.50000E+01
 -1      1227-3.00000E+00 1.20000E+01 1.50000E+01
 -1      1228-1.00000E+00 1.20000E+01 1.50000E+01
 -1      1229 1.00000E+00 1.20000E+01 1.50000E+01
 -1      1230 3.00000E+00 1.20000E+01 1.50000E+01
 -1      1231 5.00000E+00 1.20000E+01 1.50000E+01
 -1      1232 7.00000E+00 1.20000E+01 1.50000E+01
 -1      1233 9.00000E+00 1.20000E+01 1.50000E+01
 -1      1234 1.10000E+01 1.20000E+01 1.50000E+01
 -1      1235 1.30000E+01 1.20000E+01 1.50000E+01
 -1      1236 1.50000E+01 1.20000E+01 1.50000E+01
 -3
    3C                           813                                     1
 -1         1    1    0    1
 -2         1         2        15        14       118       119       132       131
 -1         2    1    0    1
 -2         2         3        16        15       119       120       133       132
 -1         3    1    0    1
 -2         3         4        17        16       120       121       134       133
 -1         4    1    0    1
 -2         4         5        18        17       121       122       135       134
 -1         5    1    0    1
 -2         5         6        19        18       122       123       136       135
 -1         6    1    0    1
 -2         6         7        20        19       123       124       137       136
 -1         7    1    0    1
 -2         7         8        21        20       124       125       138       137
 -1         8    1    0    1
 -2         8         9        22        21       125       126       139       138
 -1         9    1    0    1
 -2         9        10        23        22       126       127       140       139
 -1        10    1    0    1
 -2        10        11        24        23       127       128       141       140
 -1        11    1    0    1
 -2        11        12        25        24       128       129       142       141
 -1        12    1    0    1
 -2        12        13        26        25       129       130       143       142
 -1        13    1    0    1
 -2        14        15        28        27       131       132       145       144
 -1        14    1    0    1
 -2        15        16        29        28       132       133       146       145
 -1        15    1    0    1
 -2        16        17        30        29       133       134       147       146
 -1        16    1    0    1
 -2        17        18        31        30       134       135       148       147
 -1        17    1    0    1
 -2        18        19        32        31       135       136       149       148
 -1        18    1    0    1
 -2        19        20        33        32       136       137       150       149
 -1        19    1    0    1
 -2        20        21        34        33       137       138       151       150
 -1        20    1    0    1
 -2        21        22        35        34       138       139       152       151
 -1        21    1    0    1
 -2        22        23        36        35       139       140       153       152
 -1        22    1    0    1
 -2        23        24        37        36       140       141       154       153
 -1        23    1    0    1
 -2        24        25        38        37       141       142       155       154
 -1        24    1    0    1
 -2        25        26        39        38       142       143       156       155
 -1        25    1    0    1
 -2        27        28        41        40       144       145       158       157
 -1        26    1    0    1
 -2        28        29        42        41       145       146       159       158
 -1        27    1    0    1
 -2        29        30        43        42       146       147       160       159
 -1        28    1    0    1
 -2        30        31        44        43       147       148       161       160
 -1        29    1    0    1
 -2        31        32        45        44       148       149       162       161
 -1        30    1    0    1
 -2        32        33        46        45       149       150       163       162
 -1        31    1    0    1
 -2        33        34        47        46       150       151       164       163
 -1        32    1    0    1
 -2        34        35        48        47       151       152       165       164
 -1        33    1    0    1
 -2        35        36        49        48       152       153       166       165
 -1        34    1    0    1
 -2        36        37        50        49       153       154       167       166
 -1        35    1    0    1
 -2        37        38        51        50       154       155       168       167
 -1        36    1    0    1
 -2        38        39        52        51       155       156       169       168
 -1        37    1    0    1
 -2        40        41        54        53       157       158       171       170
 -1        38    1    0    1
 -2        41        42        55        54       158       159       172       171
 -1        39    1    0    1
 -2        42        43        56        55       159       160       173       172
 -1        40    1    0    1
 -2        43        44        57        56       160       161       174       173
 -1        41    1    0    1
 -2        44        45        58        57       161       162       175       174
 -1        42    1    0    1
 -2        45        46        59        58       162       163       176       175
 -1        43    1    0    1
 -2        46        47        60        59       163       164       177       176
 -1        44    1    0    1
 -2        47        48        61        60       164       165       178       177
 -1        45    1    0    1
 -2        48        49        62        61       165       166       179       178
 -1        46    1    0    1
 -2        49        50        63        62       166       167       180       179
 -1        47    1    0    1
 -2        50        51        64        63       167       168       181       180
 -1        48    1    0    1
 -2        51        52        65        64       168       169       182       181
 -1        49    1    0    1
 -2        53        54        67        66       170       171       184       183
 -1        50    1    0    1
 -2        54        55        68        67       171       172       185       184
 -1        51    1    0    1
 -2        55        56        69        68       172       173       186       185
 -1        52    1    0    1
 -2        56        57        70        69       173       174       187       186
 -1        53    1    0    1
 -2        57        58        71        70       174       175       188       187
 -1        54    1    0    1
 -2        58        59        72        71       175       176       189       188
 -1        55    1    0    1
 -2        59        60        73        72       176       177       190       189
 -1        56    1    0    1
 -2        60        61        74        73       177       178       191       190
 -1        57    1    0    1
 -2        61        62        75        74       178       179       192       191
 -1        58    1    0    1
 -2        62        63        76        75       179       180       193       192
 -1        59    1    0    1
 -2        63        64        77        76       180       181       194       193
 -1        60    1    0    1
 -2        64        65        78        77       181       182       195       194
 -1        61    1    0    1
 -2        66        67        80        79       183       184       197       196
 -1        62    1    0    1
 -2        67        68        81        80       184       185       198       197
 -1        63    1    0    1
 -2        68        69        82        81       185       186       199       198
 -1        64    1    0    1
 -2        69        70        83        82       186       187       200       199
 -1        65    1    0    1
 -2        70        71        84        83       187       188       201       200
 -1        66    1    0    1
 -2        71        72        85        84       188       189       202       201
 -1        67    1    0    1
 -2        72        73        86        85       189       190       203       202
 -1        68    1    0    1
 -2        73        74        87        86       190       191       204       203
 -1        69    1    0    1
 -2        74        75        88        87       191       192       205       204
 -1        70    1    0    1
 -2        75        76        89        88       192       193       206       205
 -1        71    1    0    1
 -2        76        77        90        89       193       194       207       206
 -1        72    1    0    1
 -2        77        78        91        90       194       195       208       207
 -1        73    1    0    1
 -2        79        80        93        92       196       197       210       209
 -1        74    1    0    1
 -2        80        81        94        93       197       198       211       210
 -1        75    1    0    1
 -2        81        82        95        94       198       199       212       211
 -1        76    1    0    1
 -2        82        83        96        95       199       200       213       212
 -1        77    1    0    1
 -2        83        84        97        96       200       201       214       213
 -1        78    1    0    1
 -2        84        85        98        97       201       202       215       214
 -1        79    1    0    1
 -2        85        86        99        98       202       203       216       215
 -1        80    1    0    1
 -2        86        87       100        99       203       204       217       216
 -1        81    1    0    1
 -2        87        88       101       100       204       205       218       217
 -1        82    1    0    1
 -2        88        89       102       101       205       206       219       218
 -1        83    1    0    1
 -2        89        90       103       102       206       207       220       219
 -1        84    1    0    1
 -2        90        91       104       103       207       208       221       220
 -1        85    1    0    1
 -2        92        93       106       105       209       210       223       222
 -1        86    1    0    1
 -2        93        94       107       106       210       211       224       223
 -1        87    1    0    1
 -2        94        95       108       107       211       212       225       224
 -1        88    1    0    1
 -2        95        96       109       108       212       213       226       225
 -1        89    1    0    1
 -2        96        97       110       109       213       214       227       226
 -1        90    1    0    1
 -2        97        98       111       110       214       215       228       227
 -1        91    1    0    1
 -2        98        99       112       111       215       216       229       228
 -1        92    1    0    1
 -2        99       100       113       112       216       217       230       229
 -1        93    1    0    1
 -2       100       101       114       113       217       218       231       230
 -1        94    1    0    1
 -2       101       102       115       114       218       219       232       231
 -1        95    1    0    1
 -2       102       103       116       115       219       220       233       232
 -1        96    1    0    1
 -2       103       104       117       116       220       221       234       233
 -1        97    1    0    1
 -2       118       119       132       131       235       236       249       248
 -1        98    1    0    1
 -2       119       120       133       132       236       237       250       249
 -1        99    1    0    1
 -2       120       121       134       133       237       238       251       250
 -1       100    1    0    1
 -2       121       122       135       134       238       239       252       251
 -1       101    1    0    1
 -2       122       123       136       135       239       240       253       252
 -1       102    1    0    1
 -2       123       124       137       136       240       241       254       253
 -1       103    1    0    1
 -2       124       125       138       137       241       242       255       254
 -1       104    1    0    1
 -2       125       126       139       138       242       243       256       255
 -1       105    1    0    1
 -2       126       127       140       139       243       244       257       256
 -1       106    1    0    1
 -2       127       128       141       140       244       245       258       257
 -1       107    1    0    1
 -2       128       129       142       141       245       246       259       258
 -1       108    1    0    1
 -2       129       130       143       142       246       247       260       259
 -1       109    1    0    1
 -2       131       132       145       144       248       249       262       261
 -1       110    1    0    1
 -2       132       133       146       145       249       250       263       262
 -1       111    1    0    1
 -2       133       134       147       146       250       251       264       263
 -1       112    1    0    1
 -2       134       135       148       147       251       252       265       264
 -1       113    1    0    1
 -2       135       136       149       148       252       253       266       265
 -1       114    1    0    1
 -2       136       137       150       149       253       254       267       266
 -1       115    1    0    1
 -2       137       138       151       150       254       255       268       267
 -1       116    1    0    1
 -2       138       139       152       151       255       256       269       268
 -1       117    1    0    1
 -2       139       140       153       152       256       257       270       269
 -1       118    1    0    1
 -2       140       141       154       153       257       258       271       270
 -1       119    1    0    1
 -2       141       142       155       154       258       259       272       271
 -1       120    1    0    1
 -2       142       143       156       155       259       260       273       272
 -1       121    1    0    1
 -2       144       145       158       157       261       262       275       274
 -1       122    1    0    1
 -2       145       146       159       158       262       263       276       275
 -1       123    1    0    1
 -2       146       147       160       159       263       264       277       276
 -1       124    1    0    1
 -2       147       148       161       160       264       265       278       277
 -1       125    1    0    1
 -2       148       149       162       161       265       266       279       278
 -1       126    1    0    1
 -2       149       150       163       162       266       267       280       279
 -1       127    1    0    1
 -2       150       151       164       163       267       268       281       280
 -1       128    1    0    1
 -2       151       152       165       164       268       269       282       281
 -1       129    1    0    1
 -2       152       153       166       165       269       270       283       282
 -1       130    1    0    1
 -2       153       154       167       166       270       271       284       283
 -1       131    1    0    1
 -2       154       155       168       167       271       272       285       284
 -1       132    1    0    1
 -2       155       156       169       168       272       273       286       285
 -1       133    1    0    1
 -2       157       158       171       170       274       275       288       287
 -1       134    1    0    1
 -2       158       159       172       171       275       276       289       288
 -1       135    1    0    1
 -2       159       160       173       172       276       277       290       289
 -1       136    1    0    1
 -2       160       161       174       173       277       278       291       290
 -1       137    1    0    1
 -2       161       162       175       174       278       279       292       291
 -1       138    1    0    1
 -2       162       163       176       175       279       280       293       292
 -1       139    1    0    1
 -2       163       164       177       176       280       281       294       293
 -1       140    1    0    1
 -2       164       165       178       177       281       282       295       294
 -1       141    1    0    1
 -2       165       166       179       178       282       283       296       295
 -1       142    1    0    1
 -2       166       167       180       179       283       284       297       296
 -1       143    1    0    1
 -2       167       168       181       180       284       285       298       297
 -1       144    1    0    1
 -2       168       169       182       181       285       286       299       298
 -1       145    1    0    1
 -2       170       171       184       183       287       288       301       300
 -1       146    1    0    1
 -2       171       172       185       184       288       289       302       301
 -1       147    1    0    1
 -2       172       173       186       185       289       290       303       302
 -1       148    1    0    1
 -2       173       174       187       186       290       291       304       303
 -1       149    1    0    1
 -2       174       175       188       187       291       292       305       304
 -1       150    1    0    1
 -2       175       176       189       188       292       293       306       305
 -1       151    1    0    1
 -2       176       177       190       189       293       294       307       306
 -1       152    1    0    1
 -2       177       178       191       190       294       295       308       307
 -1       153    1    0    1
 -2       178       179       192       191       295       296       309       308
 -1       154    1    0    1
 -2       179       180       193       192       296       297       310       309
 -1       155    1    0    1
 -2       180       181       194       193       297       298       311       310
 -1       156    1    0    1
 -2       181       182       195       194       298       299       312       311
 -1       157    1    0    1
 -2       183       184       197       196       300       301       314       313
 -1       158    1    0    1
 -2       184       185       198       197       301       302       315       314
 -1       159    1    0    1
 -2       185       186       199       198       302       303       316       315
 -1       160    1    0    1
 -2       186       187       200       199       303       304       317       316
 -1       161    1    0    1
 -2       187       188       201       200       304       305       318       317
 -1       162    1    0    1
 -2       188       189       202       201       305       306       319       318
 -1       163    1    0    1
 -2       189       190       203       202       306       307       320       319
 -1       164    1    0    1
 -2       190       191       204       203       307       308       321       320
 -1       165    1    0    1
 -2       191       192       205       204       308       309       322       321
 -1       166    1    0    1
 -2       192       193       206       205       309       310       323       322
 -1       167    1    0    1
 -2       193       194       207       206       310       311       324       323
 -1       168    1    0    1
 -2       194       195       208       207       311       312       325       324
 -1       169    1    0    1
 -2       196       197       210       209       313       314       327       326
 -1       170    1    0    1
 -2       197       198       211       210       314       315       328       327
 -1       171    1    0    1
 -2       198       199       212       211       315       316       329       328
 -1       172    1    0    1
 -2       199       200       213       212       316       317       330       329
 -1       173    1    0    1
 -2       200       201       214       213       317       318       331       330
 -1       174    1    0    1
 -2       201       202       215       214       318       319       332       331
 -1       175    1    0    1
 -2       202       203       216       215       319       320       333       332
 -1       176    1    0    1
 -2       203       204       217       216       320       321       334       333
 -1       177    1    0    1
 -2       204       205       218       217       321       322       335       334
 -1       178    1    0    1
 -2       205       206       219       218       322       323       336       335
 -1       179    1    0    1
 -2       206       207       220       219       323       324       337       336
 -1       180    1    0    1
 -2       207       208       221       220       324       325       338       337
 -1       181    1    0    1
 -2       209       210       223       222       326       327       340       339
 -1       182    1    0    1
 -2       210       211       224       223       327       328       341       340
 -1       183    1    0    1
 -2       211       212       225       224       328       329       342       341
 -1       184    1    0    1
 -2       212       213       226       225       329       330       343       342
 -1       185    1    0    1
 -2       213       214       227       226       330       331       344       343
 -1       186    1    0    1
 -2       214       215       228       227       331       332       345       344
 -1       187    1    0    1
 -2       215       216       229       228       332       333       346       345
 -1       188    1    0    1
 -2       216       217       230       229       333       334       347       346
 -1       189    1    0    1
 -2       217       218       231       230       334       335       348       347
 -1       190    1    0    1
 -2       218       219       232       231       335       336       349       348
 -1       191    1    0    1
 -2       219       220       233       232       336       337       350       349
 -1       192    1    0    1
 -2       220       221       234       233       337       338       351       350
 -1       193    1    0    1
 -2       235       236       249       248       352       353       366       365
 -1       194    1    0    1
 -2       236       237       250       249       353       354       367       366
 -1       195    1    0    1
 -2       237       238       251       250       354       355       368       367
 -1       196    1    0    1
 -2       238       239       252       251       355       356       369       368
 -1       197    1    0    1
 -2       239       240       253       252       356       357       370       369
 -1       198    1    0    1
 -2       240       241       254       253       357       358       371       370
 -1       199    1    0    1
 -2       241       242       255       254       358       359       372       371
 -1       200    1    0    1
 -2       242       243       256       255       359       360       373       372
 -1       201    1    0    1
 -2       243       244       257       256       360       361       374       373
 -1       202    1    0    1
 -2       244       245       258       257       361       362       375       374
 -1       203    1    0    1
 -2       245       246       259       258       362       363       376       375
 -1       204    1    0    1
 -2       246       247       260       259       363       364       377       376
 -1       205    1    0    1
 -2       248       249       262       261       365       366       379       378
 -1       206    1    0    1
 -2       249       250       263       262       366       367       380       379
 -1       207    1    0    1
 -2       250       251       264       263       367       368       381       380
 -1       208    1    0    1
 -2       251       252       265       264       368       369       382       381
 -1       209    1    0    1
 -2       252       253       266       265       369       370       383       382
 -1       210    1    0    1
 -2       253       254       267       266       370       371       384       383
 -1       211    1    0    1
 -2       254       255       268       267       371       372       385       384
 -1       212    1    0    1
 -2       255       256       269       268       372       373       386       385
 -1       213    1    0    1
 -2       256       257       270       269       373       374       387       386
 -1       214    1    0    1
 -2       257       258       271       270       374       375       388       387
 -1       215    1    0    1
 -2       258       259       272       271       375       376       389       388
 -1       216    1    0    1
 -2       259       260       273       272       376       377       390       389
 -1       217    1    0    1
 -2       261       262       275       274       378       379       392       391
 -1       218    1    0    1
 -2       262       263       276       275       379       380       393       392
 -1       219    1    0    1
 -2       263       264       277       276       380       381       394       393
 -1       220    1    0    1
 -2       264       265       278       277       381       382       395       394
 -1       221    1    0    1
 -2       265       266       279       278       382       383       396       395
 -1       222    1    0    1
 -2       266       267       280       279       383       384       397       396
 -1       223    1    0    1
 -2       267       268       281       280       384       385       398       397
 -1       224    1    0    1
 -2       268       269       282       281       385       386       399       398
 -1       225    1    0    1
 -2       269       270       283       282       386       387       400       399
 -1       226    1    0    1
 -2       270       271       284       283       387       388       401       400
 -1       227    1    0    1
 -2       271       272       285       284       388       389       402       401
 -1       228    1    0    1
 -2       272       273       286       285       389       390       403       402
 -1       229    1    0    1
 -2       274       275       288       287       391       392       405       404
 -1       230    1    0    1
 -2       275       276       289       288       392       393       406       405
 -1       231    1    0    1
 -2       276       277       290       289       393       394       407       406
 -1       232    1    0    1
 -2       277       278       291       290       394       395       408       407
 -1       233    1    0    1
 -2       278       279       292       291       395       396       409       408
 -1       234    1    0    1
 -2       279       280       293       292       396       397       410       409
 -1       235    1    0    1
 -2       280       281       294       293       397       398       411       410
 -1       236    1    0    1
 -2       281       282       295       294       398       399       412       411
 -1       237    1    0    1
 -2       282       283       296       295       399       400       413       412
 -1       238    1    0    1
 -2       283       284       297       296       400       401       414       413
 -1       239    1    0    1
 -2       284       285       298       297       401       402       415       414
 -1       240    1    0    1
 -2       285       286       299       298       402       403       416       415
 -1       241    1    0    1
 -2       287       288       301       300       404       405       418       417
 -1       242    1    0    1
 -2       288       289       302       301       405       406       419       418
 -1       243    1    0    1
 -2       289       290       303       302       406       407       420       419
 -1       244    1    0    1
 -2       290       291       304       303       407       408       421       420
 -1       245    1    0    1
 -2       291       292       305       304       408       409       422       421
 -1       246    1    0    1
 -2       292       293       306       305       409       410       423       422
 -1       247    1    0    1
 -2       293       294       307       306       410       411       424       423
 -1       248    1    0    1
 -2       294       295       308       307       411       412       425       424
 -1       249    1    0    1
 -2       295       296       309       308       412       413       426       425
 -1       250    1    0    1
 -2       296       297       310       309       413       414       427       426
 -1       251    1    0    1
 -2       297       298       311       310       414       415       428       427
 -1       252    1    0    1
 -2       298       299       312       311       415       416       429       428
 -1       253    1    0    1
 -2       300       301       314       313       417       418       431       430
 -1       254    1    0    1
 -2       301       302       315       314       418       419       432       431
 -1       255    1    0    1
 -2       302       303       316       315       419       420       433       432
 -1       256    1    0    1
 -2       303       304       317       316       420       421       434       433
 -1       257    1    0    1
 -2       304       305       318       317       421       422       435       434
 -1       258    1    0    1
 -2       305       306       319       318       422       423       436       435
 -1       259    1    0    1
 -2       306       307       320       319       423       424       437       436
 -1       260    1    0    1
 -2       307       308       321       320       424       425       438       437
 -1       261    1    0    1
 -2       308       309       322       321       425       426       439       438
 -1       262    1    0    1
 -2       309       310       323       322       426       427       440       439
 -1       263    1    0    1
 -2       310       311       324       323       427       428       441       440
 -1       264    1    0    1
 -2       311       312       325       324       428       429       442       441
 -1       265    1    0    1
 -2       313       314       327       326       430       431       444       443
 -1       266    1    0    1
 -2       314       315       328       327       431       432       445       444
 -1       267    1    0    1
 -2       315       316       329       328       432       433       446       445
 -1       268    1    0    1
 -2       316       317       330       329       433       434       447       446
 -1       269    1    0    1
 -2       317       318       331       330       434       435       448       447
 -1       270    1    0    1
 -2       318       319       332       331       435       436       449       448
 -1       271    1    0    1
 -2       319       320       333       332       436       437       450       449
 -1       272    1    0    1
 -2       320       321       334       333       437       438       451       450
 -1       273    1    0    1
 -2       321       322       335       334       438       439       452       451
 -1       274    1    0    1
 -2       322       323       336       335       439       440       453       452
 -1       275    1    0    1
 -2       323       324       337       336       440       441       454       453
 -1       276    1    0    1
 -2       324       325       338       337       441       442       455       454
 -1       277    1    0    1
 -2       326       327       340       339       443       444       457       456
 -1       278    1    0    1
 -2       327       328       341       340       444       445       458       457
 -1       279    1    0    1
 -2       328       329       342       341       445       446       459       458
 -1       280    1    0    1
 -2       329       330       343       342       446       447       460       459
 -1       281    1    0    1
 -2       330       331       344       343       447       448       461       460
 -1       282    1    0    1
 -2       331       332       345       344       448       449       462       461
 -1       283    1    0    1
 -2       332       333       346       345       449       450       463       462
 -1       284    1    0    1
 -2       333       334       347       346       450       451       464       463
 -1       285    1    0    1
 -2       334       335       348       347       451       452       465       464
 -1       286    1    0    1
 -2       335       336       349       348       452       453       466       465
 -1       287    1    0    1
 -2       336       337       350       349       453       454       467       466
 -1       288    1    0    1
 -2       337       338       351       350       454       455       468       467
 -1       289    1    0    1
 -2       469       470       486       485       597       598       614       613
 -1       290    1    0    1
 -2       470       471       487       486       598       599       615       614
 -1       291    1    0    1
 -2       471       472       488       487       599       600       616       615
 -1       292    1    0    1
 -2       472       473       489       488       600       601       617       616
 -1       293    1    0    1
 -2       473       474       490       489       601       602       618       617
 -1       294    1    0    1
 -2       474       475       491       490       602       603       619       618
 -1       295    1    0    1
 -2       475       476       492       491       603       604       620       619
 -1       296    1    0    1
 -2       476       477       493       492       604       605       621       620
 -1       297    1    0    1
 -2       477       478       494       493       605       606       622       621
 -1       298    1    0    1
 -2       478       479       495       494       606       607       623       622
 -1       299    1    0    1
 -2       479       480       496       495       607       608       624       623
 -1       300    1    0    1
 -2       480       481       497       496       608       609       625       624
 -1       301    1    0    1
 -2       481       482       498       497       609       610       626       625
 -1       302    1    0    1
 -2       482       483       499       498       610       611       627       626
 -1       303    1    0    1
 -2       483       484       500       499       611       612       628       627
 -1       304    1    0    1
 -2       485       486       502       501       613       614       630       629
 -1       305    1    0    1
 -2       486       487       503       502       614       615       631       630
 -1       306    1    0    1
 -2       487       488       504       503       615       616       632       631
 -1       307    1    0    1
 -2       488       489       505       504       616       617       633       632
 -1       308    1    0    1
 -2       489       490       506       505       617       618       634       633
 -1       309    1    0    1
 -2       490       491       507       506       618       619       635       634
 -1       310    1    0    1
 -2       491       492       508       507       619       620       636       635
 -1       311    1    0    1
 -2       492       493       509       508       620       621       637       636
 -1       312    1    0    1
 -2       493       494       510       509       621       622       638       637
 -1       313    1    0    1
 -2       494       495       511       510       622       623       639       638
 -1       314    1    0    1
 -2       495       496       512       511       623       624       640       639
 -1       315    1    0    1
 -2       496       497       513       512       624       625       641       640
 -1       316    1    0    1
 -2       497       498       514       513       625       626       642       641
 -1       317    1    0    1
 -2       498       499       515       514       626       627       643       642
 -1       318    1    0    1
 -2       499       500       516       515       627       628       644       643
 -1       319    1    0    1
 -2       501       502       518       517       629       630       646       645
 -1       320    1    0    1
 -2       502       503       519       518       630       631       647       646
 -1       321    1    0    1
 -2       503       504       520       519       631       632       648       647
 -1       322    1    0    1
 -2       504       505       521       520       632       633       649       648
 -1       323    1    0    1
 -2       505       506       522       521       633       634       650       649
 -1       324    1    0    1
 -2       506       507       523       522       634       635       651       650
 -1       325    1    0    1
 -2       507       508       524       523       635       636       652       651
 -1       326    1    0    1
 -2       508       509       525       524       636       637       653       652
 -1       327    1    0    1
 -2       509       510       526       525       637       638       654       653
 -1       328    1    0    1
 -2       510       511       527       526       638       639       655       654
 -1       329    1    0    1
 -2       511       512       528       527       639       640       656       655
 -1       330    1    0    1
 -2       512       513       529       528       640       641       657       656
 -1       331    1    0    1
 -2       513       514       530       529       641       642       658       657
 -1       332    1    0    1
 -2       514       515       531       530       642       643       659       658
 -1       333    1    0    1
 -2       515       516       532       531       643       644       660       659
 -1       334    1    0    1
 -2       517       518       534       533       645       646       662       661
 -1       335    1    0    1
 -2       518       519       535       534       646       647       663       662
 -1       336    1    0    1
 -2       519       520       536       535       647       648       664       663
 -1       337    1    0    1
 -2       520       521       537       536       648       649       665       664
 -1       338    1    0    1
 -2       521       522       538       537       649       650       666       665
 -1       339    1    0    1
 -2       522       523       539       538       650       651       667       666
 -1       340    1    0    1
 -2       523       524       540       539       651       652       668       667
 -1       341    1    0    1
 -2       524       525       541       540       652       653       669       668
 -1       342    1    0    1
 -2       525       526       542       541       653       654       670       669
 -1       343    1    0    1
 -2       526       527       543       542       654       655       671       670
 -1       344    1    0    1
 -2       527       528       544       543       655       656       672       671
 -1       345    1    0    1
 -2       528       529       545       544       656       657       673       672
 -1       346    1    0    1
 -2       529       530       546       545       657       658       674       673
 -1       347    1    0    1
 -2       530       531       547       546       658       659       675       674
 -1       348    1    0    1
 -2       531       532       548       547       659       660       676       675
 -1       349    1    0    1
 -2       533       534       550       549       661       662       678       677
 -1       350    1    0    1
 -2       534       535       551       550       662       663       679       678
 -1       351    1    0    1
 -2       535       536       552       551       663       664       680       679
 -1       352    1    0    1
 -2       536       537       553       552       664       665       681       680
 -1       353    1    0    1
 -2       537       538       554       553       665       666       682       681
 -1       354    1    0    1
 -2       538       539       555       554       666       667       683       682
 -1       355    1    0    1
 -2       539       540       556       555       667       668       684       683
 -1       356    1    0    1
 -2       540       541       557       556       668       669       685       684
 -1       357    1    0    1
 -2       541       542       558       557       669       670       686       685
 -1       358    1    0    1
 -2       542       543       559       558       670       671       687       686
 -1       359    1    0    1
 -2       543       544       560       559       671       672       688       687
 -1       360    1    0    1
 -2       544       545       561       560       672       673       689       688
 -1       361    1    0    1
 -2       545       546       562       561       673       674       690       689
 -1       362    1    0    1
 -2       546       547       563       562       674       675       691       690
 -1       363    1    0    1
 -2       547       548       564       563       675       676       692       691
 -1       364    1    0    1
 -2       549       550       566       565       677       678       694       693
 -1       365    1    0    1
 -2       550       551       567       566       678       679       695       694
 -1       366    1    0    1
 -2       551       552       568       567       679       680       696       695
 -1       367    1    0    1
 -2       552       553       569       568       680       681       697       696
 -1       368    1    0    1
 -2       553       554       570       569       681       682       698       697
 -1       369    1    0    1
 -2       554       555       571       570       682       683       699       698
 -1       370    1    0    1
 -2       555       556       572       571       683       684       700       699
 -1       371    1    0    1
 -2       556       557       573       572       684       685       701       700
 -1       372    1    0    1
 -2       557       558       574       573       685       686       702       701
 -1       373    1    0    1
 -2       558       559       575       574       686       687       703       702
 -1       374    1    0    1
 -2       559       560       576       575       687       688       704       703
 -1       375    1    0    1
 -2       560       561       577       576       688       689       705       704
 -1       376    1    0    1
 -2       561       562       578       577       689       690       706       705
 -1       377    1    0    1
 -2       562       563       579       578       690       691       707       706
 -1       378    1    0    1
 -2       563       564       580       579       691       692       708       707
 -1       379    1    0    1
 -2       565       566       582       581       693       694       710       709
 -1       380    1    0    1
 -2       566       567       583       582       694       695       711       710
 -1       381    1    0    1
 -2       567       568       584       583       695       696       712       711
 -1       382    1    0    1
 -2       568       569       585       584       696       697       713       712
 -1       383    1    0    1
 -2       569       570       586       585       697       698       714       713
 -1       384    1    0    1
 -2       570       571       587       586       698       699       715       714
 -1       385    1    0    1
 -2       571       572       588       587       699       700       716       715
 -1       386    1    0    1
 -2       572       573       589       588       700       701       717       716
 -1       387    1    0    1
 -2       573       574       590       589       701       702       718       717
 -1       388    1    0    1
 -2       574       575       591       590       702       703       719       718
 -1       389    1    0    1
 -2       575       576       592       591       703       704       720       719
 -1       390    1    0    1
 -2       576       577       593       592       704       705       721       720
 -1       391    1    0    1
 -2       577       578       594       593       705       706       722       721
 -1       392    1    0    1
 -2       578       579       595       594       706       707       723       722
 -1       393    1    0    1
 -2       579       580       596       595       707       708       724       723
 -1       394    1    0    1
 -2       597       598       614       613       725       726       742       741
 -1       395    1    0    1
 -2       598       599       615       614       726       727       743       742
 -1       396    1    0    1
 -2       599       600       616       615       727       728       744       743
 -1       397    1    0    1
 -2       600       601       617       616       728       729       745       744
 -1       398    1    0    1
 -2       601       602       618       617       729       730       746       745
 -1       399    1    0    1
 -2       602       603       619       618       730       731       747       746
 -1       400    1    0    1
 -2       603       604       620       619       731       732       748       747
 -1       401    1    0    1
 -2       604       605       621       620       732       733       749       748
 -1       402    1    0    1
 -2       605       606       622       621       733       734       750       749
 -1       403    1    0    1
 -2       606       607       623       622       734       735       751       750
 -1       404    1    0    1
 -2       607       608       624       623       735       736       752       751
 -1       405    1    0    1
 -2       608       609       625       624       736       737       753       752
 -1       406    1    0    1
 -2       609       610       626       625       737       738       754       753
 -1       407    1    0    1
 -2       610       611       627       626       738       739       755       754
 -1       408    1    0    1
 -2       611       612       628       627       739       740       756       755
 -1       409    1    0    1
 -2       613       614       630       629       741       742       758       757
 -1       410    1    0    1
 -2       614       615       631       630       742       743       759       758
 -1       411    1    0    1
 -2       615       616       632       631       743       744       760       759
 -1       412    1    0    1
 -2       616       617       633       632       744       745       761       760
 -1       413    1    0    1
 -2       617       618       634       633       745       746       762       761
 -1       414    1    0    1
 -2       618       619       635       634       746       747       763       762
 -1       415    1    0    1
 -2       619       620       636       635       747       748       764       763
 -1       416    1    0    1
 -2       620       621       637       636       748       749       765       764
 -1       417    1    0    1
 -2       621       622       638       637       749       750       766       765
 -1       418    1    0    1
 -2       622       623       639       638       750       751       767       766
 -1       419    1    0    1
 -2       623       624       640       639       751       752       768       767
 -1       420    1    0    1
 -2       624       625       641       640       752       753       769       768
 -1       421    1    0    1
 -2       625       626       642       641       753       754       770       769
 -1       422    1    0    1
 -2       626       627       643       642       754       755       771       770
 -1       423    1    0    1
 -2       627       628       644       643       755       756       772       771
 -1       424    1    0    1
 -2       629       630       646       645       757       758       774       773
 -1       425    1    0    1
 -2       630       631       647       646       758       759       775       774
 -1       426    1    0    1
 -2       631       632       648       647       759       760       776       775
 -1       427    1    0    1
 -2       632       633       649       648       760       761       777       776
 -1       428    1    0    1
 -2       633       634       650       649       761       762       778       777
 -1       429    1    0    1
 -2       634       635       651       650       762       763       779       778
 -1       430    1    0    1
 -2       635       636       652       651       763       764       780       779
 -1       431    1    0    1
 -2       636       637       653       652       764       765       781       780
 -1       432    1    0    1
 -2       637       638       654       653       765       766       782       781
 -1       433    1    0    1
 -2       638       639       655       654       766       767       783       782
 -1       434    1    0    1
 -2       639       640       656       655       767       768       784       783
 -1       435    1    0    1
 -2       640       641       657       656       768       769       785       784
 -1       436    1    0    1
 -2       641       642       658       657       769       770       786       785
 -1       437    1    0    1
 -2       642       643       659       658       770       771       787       786
 -1       438    1    0    1
 -2       643       644       660       659       771       772       788       787
 -1       439    1    0    1
 -2       645       646       662       661       773       774       790       789
 -1       440    1    0    1
 -2       646       647       663       662       774       775       791       790
 -1       441    1    0    1
 -2       647       648       664       663       775       776       792       791
 -1       442    1    0    1
 -2       648       649       665       664       776       777       793       792
 -1       443    1    0    1
 -2       649       650       666       665       777       778       794       793
 -1       444    1    0    1
 -2       650       651       667       666       778       779       795       794
 -1       445    1    0    1
 -2       651       652       668       667       779       780       796       795
 -1       446    1    0    1
 -2       652       653       669       668       780       781       797       796
 -1       447    1    0    1
 -2       653       654       670       669       781       782       798       797
 -1       448    1    0    1
 -2       654       655       671       670       782       783       799       798
 -1       449    1    0    1
 -2       655       656       672       671       783       784       800       799
 -1       450    1    0    1
 -2       656       657       673       672       784       785       801       800
 -1       451    1    0    1
 -2       657       658       674       673       785       786       802       801
 -1       452    1    0    1
 -2       658       659       675       674       786       787       803       802
 -1       453    1    0    1
 -2       659       660       676       675       787       788       804       803
 -1       454    1    0    1
 -2       661       662       678       677       789       790       806       805
 -1       455    1    0    1
 -2       662       663       679       678       790       791       807       806
 -1       456    1    0    1
 -2       663       664       680       679       791       792       808       807
 -1       457    1    0    1
 -2       664       665       681       680       792       793       809       808
 -1       458    1    0    1
 -2       665       666       682       681       793       794       810       809
 -1       459    1    0    1
 -2       666       667       683       682       794       795       811       810
 -1       460    1    0    1
 -2       667       668       684       683       795       796       812       811
 -1       461    1    0    1
 -2       668       669       685       684       796       797       813       812
 -1       462    1    0    1
 -2       669       670       686       685       797       798       814       813
 -1       463    1    0    1
 -2       670       671       687       686       798       799       815       814
 -1       464    1    0    1
 -2       671       672       688       687       799       800       816       815
 -1       465    1    0    1
 -2       672       673       689       688       800       801       817       816
 -1       466    1    0    1
 -2       673       674       690       689       801       802       818       817
 -1       467    1    0    1
 -2       674       675       691       690       802       803       819       818
 -1       468    1    0    1
 -2       675       676       692       691       803       804       820       819
 -1       469    1    0    1
 -2       677       678       694       693       805       806       822       821
 -1       470    1    0    1
 -2       678       679       695       694       806       807       823       822
 -1       471    1    0    1
 -2       679       680       696       695       807       808       824       823
 -1       472    1    0    1
 -2       680       681       697       696       808       809       825       824
 -1       473    1    0    1
 -2       681       682       698       697       809       810       826       825
 -1       474    1    0    1
 -2       682       683       699       698       810       811       827       826
 -1       475    1    0    1
 -2       683       684       700       699       811       812       828       827
 -1       476    1    0    1
 -2       684       685       701       700       812       813       829       828
 -1       477    1    0    1
 -2       685       686       702       701       813       814       830       829
 -1       478    1    0    1
 -2       686       687       703       702       814       815       831       830
 -1       479    1    0    1
 -2       687       688       704       703       815       816       832       831
 -1       480    1    0    1
 -2       688       689       705       704       816       817       833       832
 -1       481    1    0    1
 -2       689       690       706       705       817       818       834       833
 -1       482    1    0    1
 -2       690       691       707       706       818       819       835       834
 -1       483    1    0    1
 -2       691       692       708       707       819       820       836       835
 -1       484    1    0    1
 -2       693       694       710       709       821       822       838       837
 -1       485    1    0    1
 -2       694       695       711       710       822       823       839       838
 -1       486    1    0    1
 -2       695       696       712       711       823       824       840       839
 -1       487    1    0    1
 -2       696       697       713       712       824       825       841       840
 -1       488    1    0    1
 -2       697       698       714       713       825       826       842       841
 -1       489    1    0    1
 -2       698       699       715       714       826       827       843       842
 -1       490    1    0    1
 -2       699       700       716       715       827       828       844       843
 -1       491    1    0    1
 -2       700       701       717       716       828       829       845       844
 -1       492    1    0    1
 -2       701       702       718       717       829       830       846       845
 -1       493    1    0    1
 -2       702       703       719       718       830       831       847       846
 -1       494    1    0    1
 -2       703       704       720       719       831       832       848       847
 -1       495    1    0    1
 -2       704       705       721       720       832       833       849       848
 -1       496    1    0    1
 -2       705       706       722       721       833       834       850       849
 -1       497    1    0    1
 -2       706       707       723       722       834       835       851       850
 -1       498    1    0    1
 -2       707       708       724       723       835       836       852       851
 -1       499    1    0    1
 -2       725       726       742       741       853       854       870       869
 -1       500    1    0    1
 -2       726       727       743       742       854       855       871       870
 -1       501    1    0    1
 -2       727       728       744       743       855       856       872       871
 -1       502    1    0    1
 -2       728       729       745       744       856       857       873       872
 -1       503    1    0    1
 -2       729       730       746       745       857       858       874       873
 -1       504    1    0    1
 -2       730       731       747       746       858       859       875       874
 -1       505    1    0    1
 -2       731       732       748       747       859       860       876       875
 -1       506    1    0    1
 -2       732       733       749       748       860       861       877       876
 -1       507    1    0    1
 -2       733       734       750       749       861       862       878       877
 -1       508    1    0    1
 -2       734       735       751       750       862       863       879       878
 -1       509    1    0    1
 -2       735       736       752       751       863       864       880       879
 -1       510    1    0    1
 -2       736       737       753       752       864       865       881       880
 -1       511    1    0    1
 -2       737       738       754       753       865       866       882       881
 -1       512    1    0    1
 -2       738       739       755       754       866       867       883       882
 -1       513    1    0    1
 -2       739       740       756       755       867       868       884       883
 -1       514    1    0    1
 -2       741       742       758       757       869       870       886       885
 -1       515    1    0    1
 -2       742       743       759       758       870       871       887       886
 -1       516    1    0    1
 -2       743       744       760       759       871       872       888       887
 -1       517    1    0    1
 -2       744       745       761       760       872       873       889       888
 -1       518    1    0    1
 -2       745       746       762       761       873       874       890       889
 -1       519    1    0    1
 -2       746       747       763       762       874       875       891       890
 -1       520    1    0    1
 -2       747       748       764       763       875       876       892       891
 -1       521    1    0    1
 -2       748       749       765       764       876       877       893       892
 -1       522    1    0    1
 -2       749       750       766       765       877       878       894       893
 -1       523    1    0    1
 -2       750       751       767       766       878       879       895       894
 -1       524    1    0    1
 -2       751       752       768       767       879       880       896       895
 -1       525    1    0    1
 -2       752       753       769       768       880       881       897       896
 -1       526    1    0    1
 -2       753       754       770       769       881       882       898       897
 -1       527    1    0    1
 -2       754       755       771       770       882       883       899       898
 -1       528    1    0    1
 -2       755       756       772       771       883       884       900       899
 -1       529    1    0    1
 -2       757       758       774       773       885       886       902       901
 -1       530    1    0    1
 -2       758       759       775       774       886       887       903       902
 -1       531    1    0    1
 -2       759       760       776       775       887       888       904       903
 -1       532    1    0    1
 -2       760       761       777       776       888       889       905       904
 -1       533    1    0    1
 -2       761       762       778       777       889       890       906       905
 -1       534    1    0    1
 -2       762       763       779       778       890       891       907       906
 -1       535    1    0    1
 -2       763       764       780       779       891       892       908       907
 -1       536    1    0    1
 -2       764       765       781       780       892       893       909       908
 -1       537    1    0    1
 -2       765       766       782       781       893       894       910       909
 -1       538    1    0    1
 -2       766       767       783       782       894       895       911       910
 -1       539    1    0    1
 -2       767       768       784       783       895       896       912       911
 -1       540    1    0    1
 -2       768       769       785       784       896       897       913       912
 -1       541    1    0    1
 -2       769       770       786       785       897       898       914       913
 -1       542    1    0    1
 -2       770       771       787       786       898       899       915       914
 -1       543    1    0    1
 -2       771       772       788       787       899       900       916       915
 -1       544    1    0    1
 -2       773       774       790       789       901       902       918       917
 -1       545    1    0    1
 -2       774       775       791       790       902       903       919       918
 -1       546    1    0    1
 -2       775       776       792       791       903       904       920       919
 -1       547    1    0    1
 -2       776       777       793       792       904       905       921       920
 -1       548    1    0    1
 -2       777       778       794       793       905       906       922       921
 -1       549    1    0    1
 -2       778       779       795       794       906       907       923       922
 -1       550    1    0    1
 -2       779       780       796       795       907       908       924       923
 -1       551    1    0    1
 -2       780       781       797       796       908       909       925       924
 -1       552    1    0    1
 -2       781       782       798       797       909       910       926       925
 -1       553    1    0    1
 -2       782       783       799       798       910       911       927       926
 -1       554    1    0    1
 -2       783       784       800       799       911       912       928       927
 -1       555    1    0    1
 -2       784       785       801       800       912       913       929       928
 -1       556    1    0    1
 -2       785       786       802       801       913       914       930       929
 -1       557    1    0    1
 -2       786       787       803       802       914       915       931       930
 -1       558    1    0    1
 -2       787       788       804       803       915       916       932       931
 -1       559    1    0    1
 -2       789       790       806       805       917       918       934       933
 -1       560    1    0    1
 -2       790       791       807       806       918       919       935       934
 -1       561    1    0    1
 -2       791       792       808       807       919       920       936       935
 -1       562    1    0    1
 -2       792       793       809       808       920       921       937       936
 -1       563    1    0    1
 -2       793       794       810       809       921       922       938       937
 -1       564    1    0    1
 -2       794       795       811       810       922       923       939       938
 -1       565    1    0    1
 -2       795       796       812       811       923       924       940       939
 -1       566    1    0    1
 -2       796       797       813       812       924       925       941       940
 -1       567    1    0    1
 -2       797       798       814       813       925       926       942       941
 -1       568    1    0    1
 -2       798       799       815       814       926       927       943       942
 -1       569    1    0    1
 -2       799       800       816       815       927       928       944       943
 -1       570    1    0    1
 -2       800       801       817       816       928       929       945       944
 -1       571    1    0    1
 -2       801       802       818       817       929       930       946       945
 -1       572    1    0    1
 -2       802       803       819       818       930       931       947       946
 -1       573    1    0    1
 -2       803       804       820       819       931       932       948       947
 -1       574    1    0    1
 -2       805       806       822       821       933       934       950       949
 -1       575    1    0    1
 -2       806       807       823       822       934       935       951       950
 -1       576    1    0    1
 -2       807       808       824       823       935       936       952       951
 -1       577    1    0    1
 -2       808       809       825       824       936       937       953       952
 -1       578    1    0    1
 -2       809       810       826       825       937       938       954       953
 -1       579    1    0    1
 -2       810       811       827       826       938       939       955       954
 -1       580    1    0    1
 -2       811       812       828       827       939       940       956       955
 -1       581    1    0    1
 -2       812       813       829       828       940       941       957       956
 -1       582    1    0    1
 -2       813       814       830       829       941       942       958       957
 -1       583    1    0    1
 -2       814       815       831       830       942       943       959       958
 -1       584    1    0    1
 -2       815       816       832       831       943       944       960       959
 -1       585    1    0    1
 -2       816       817       833       832       944       945       961       960
 -1       586    1    0    1
 -2       817       818       834       833       945       946       962       961
 -1       587    1    0    1
 -2       818       819       835       834       946       947       963       962
 -1       588    1    0    1
 -2       819       820       836       835       947       948       964       963
 -1       589    1    0    1
 -2       821       822       838       837       949       950       966       965
 -1       590    1    0    1
 -2       822       823       839       838       950       951       967       966
 -1       591    1    0    1
 -2       823       824       840       839       951       952       968       967
 -1       592    1    0    1
 -2       824       825       841       840       952       953       969       968
 -1       593    1    0    1
 -2       825       826       842       841       953       954       970       969
 -1       594    1    0    1
 -2       826       827       843       842       954       955       971       970
 -1       595    1    0    1
 -2       827       828       844       843       955       956       972       971
 -1       596    1    0    1
 -2       828       829       845       844       956       957       973       972
 -1       597    1    0    1
 -2       829       830       846       845       957       958       974       973
 -1       598    1    0    1
 -2       830       831       847       846       958       959       975       974
 -1       599    1    0    1
 -2       831       832       848       847       959       960       976       975
 -1       600    1    0    1
 -2       832       833       849       848       960       961       977       976
 -1       601    1    0    1
 -2       833       834       850       849       961       962       978       977
 -1       602    1    0    1
 -2       834       835       851       850       962       963       979       978
 -1       603    1    0    1
 -2       835       836       852       851       963       964       980       979
 -1       604    1    0    1
 -2       853       854       870       869       981       982       998       997
 -1       605    1    0    1
 -2       854       855       871       870       982       983       999       998
 -1       606    1    0    1
 -2       855       856       872       871       983       984      1000       999
 -1       607    1    0    1
 -2       856       857       873       872       984       985      1001      1000
 -1       608    1    0    1
 -2       857       858       874       873       985       986      1002      1001
 -1       609    1    0    1
 -2       858       859       875       874       986       987      1003      1002
 -1       610    1    0    1
 -2       859       860       876       875       987       988      1004      1003
 -1       611    1    0    1
 -2       860       861       877       876       988       989      1005      1004
 -1       612    1    0    1
 -2       861       862       878       877       989       990      1006      1005
 -1       613    1    0    1
 -2       862       863       879       878       990       991      1007      1006
 -1       614    1    0    1
 -2       863       864       880       879       991       992      1008      1007
 -1       615    1    0    1
 -2       864       865       881       880       992       993      1009      1008
 -1       616    1    0    1
 -2       865       866       882       881       993       994      1010      1009
 -1       617    1    0    1
 -2       866       867       883       882       994       995      1011      1010
 -1       618    1    0    1
 -2       867       868       884       883       995       996      1012      1011
 -1       619    1    0    1
 -2       869       870       886       885       997       998      1014      1013
 -1       620    1    0    1
 -2       870       871       887       886       998       999      1015      1014
 -1       621    1    0    1
 -2       871       872       888       887       999      1000      1016      1015
 -1       622    1    0    1
 -2       872       873       889       888      1000      1001      1017      1016
 -1       623    1    0    1
 -2       873       874       890       889      1001      1002      1018      1017
 -1       624    1    0    1
 -2       874       875       891       890      1002      1003      1019      1018
 -1       625    1    0    1
 -2       875       876       892       891      1003      1004      1020      1019
 -1       626    1    0    1
 -2       876       877       893       892      1004      1005      1021      1020
 -1       627    1    0    1
 -2       877       878       894       893      1005      1006      1022      1021
 -1       628    1    0    1
 -2       878       879       895       894      1006      1007      1023      1022
 -1       629    1    0    1
 -2       879       880       896       895      1007      1008      1024      1023
 -1       630    1    0    1
 -2       880       881       897       896      1008      1009      1025      1024
 -1       631    1    0    1
 -2       881       882       898       897      1009      1010      1026      1025
 -1       632    1    0    1
 -2       882       883       899       898      1010      1011      1027      1026
 -1       633    1    0    1
 -2       883       884       900       899      1011      1012      1028      1027
 -1       634    1    0    1
 -2       885       886       902       901      1013      1014      1030      1029
 -1       635    1    0    1
 -2       886       887       903       902      1014      1015      1031      1030
 -1       636    1    0    1
 -2       887       888       904       903      1015      1016      1032      1031
 -1       637    1    0    1
 -2       888       889       905       904      1016      1017      1033      1032
 -1       638    1    0    1
 -2       889       890       906       905      1017      1018      1034      1033
 -1       639    1    0    1
 -2       890       891       907       906      1018      1019      1035      1034
 -1       640    1    0    1
 -2       891       892       908       907      1019      1020      1036      1035
 -1       641    1    0    1
 -2       892       893       909       908      1020      1021      1037      1036
 -1       642    1    0    1
 -2       893       894       910       909      1021      1022      1038      1037
 -1       643    1    0    1
 -2       894       895       911       910      1022      1023      1039      1038
 -1       644    1    0    1
 -2       895       896       912       911      1023      1024      1040      1039
 -1       645    1    0    1
 -2       896       897       913       912      1024      1025      1041      1040
 -1       646    1    0    1
 -2       897       898       914       913      1025      1026      1042      1041
 -1       647    1    0    1
 -2       898       899       915       914      1026      1027      1043      1042
 -1       648    1    0    1
 -2       899       900       916       915      1027      1028      1044      1043
 -1       649    1    0    1
 -2       901       902       918       917      1029      1030      1046      1045
 -1       650    1    0    1
 -2       902       903       919       918      1030      1031      1047      1046
 -1       651    1    0    1
 -2       903       904       920       919      1031      1032      1048      1047
 -1       652    1    0    1
 -2       904       905       921       920      1032      1033      1049      1048
 -1       653    1    0    1
 -2       905       906       922       921      1033      1034      1050      1049
 -1       654    1    0    1
 -2       906       907       923       922      1034      1035      1051      1050
 -1       655    1    0    1
 -2       907       908       924       923      1035      1036      1052      1051
 -1       656    1    0    1
 -2       908       909       925       924      1036      1037      1053      1052
 -1       657    1    0    1
 -2       909       910       926       925      1037      1038      1054      1053
 -1       658    1    0    1
 -2       910       911       927       926      1038      1039      1055      1054
 -1       659    1    0    1
 -2       911       912       928       927      1039      1040      1056      1055
 -1       660    1    0    1
 -2       912       913       929       928      1040      1041      1057      1056
 -1       661    1    0    1
 -2       913       914       930       929      1041      1042      1058      1057
 -1       662    1    0    1
 -2       914       915       931       930      1042      1043      1059      1058
 -1       663    1    0    1
 -2       915       916       932       931      1043      1044      1060      1059
 -1       664    1    0    1
 -2       917       918       934       933      1045      1046      1062      1061
 -1       665    1    0    1
 -2       918       919       935       934      1046      1047      1063      1062
 -1       666    1    0    1
 -2       919       920       936       935      1047      1048      1064      1063
 -1       667    1    0    1
 -2       920       921       937       936      1048      1049      1065      1064
 -1       668    1    0    1
 -2       921       922       938       937      1049      1050      1066      1065
 -1       669    1    0    1
 -2       922       923       939       938      1050      1051      1067      1066
 -1       670    1    0    1
 -2       923       924       940       939      1051      1052      1068      1067
 -1       671    1    0    1
 -2       924       925       941       940      1052      1053      1069      1068
 -1       672    1    0    1
 -2       925       926       942       941      1053      1054      1070      1069
 -1       673    1    0    1
 -2       926       927       943       942      1054      1055      1071      1070
 -1       674    1    0    1
 -2       927       928       944       943      1055      1056      1072      1071
 -1       675    1    0    1
 -2       928       929       945       944      1056      1057      1073      1072
 -1       676    1    0    1
 -2       929       930       946       945      1057      1058      1074      1073
 -1       677    1    0    1
 -2       930       931       947       946      1058      1059      1075      1074
 -1       678    1    0    1
 -2       931       932       948       947      1059      1060      1076      1075
 -1       679    1    0    1
 -2       933       934       950       949      1061      1062      1078      1077
 -1       680    1    0    1
 -2       934       935       951       950      1062      1063      1079      1078
 -1       681    1    0    1
 -2       935       936       952       951      1063      1064      1080      1079
 -1       682    1    0    1
 -2       936       937       953       952      1064      1065      1081      1080
 -1       683    1    0    1
 -2       937       938       954       953      1065      1066      1082      1081
 -1       684    1    0    1
 -2       938       939       955       954      1066      1067      1083      1082
 -1       685    1    0    1
 -2       939       940       956       955      1067      1068      1084      1083
 -1       686    1    0    1
 -2       940       941       957       956      1068      1069      1085      1084
 -1       687    1    0    1
 -2       941       942       958       957      1069      1070      1086      1085
 -1       688    1    0    1
 -2       942       943       959       958      1070      1071      1087      1086
 -1       689    1    0    1
 -2       943       944       960       959      1071      1072      1088      1087
 -1       690    1    0    1
 -2       944       945       961       960      1072      1073      1089      1088
 -1       691    1    0    1
 -2       945       946       962       961      1073      1074      1090      1089
 -1       692    1    0    1
 -2       946       947       963       962      1074      1075      1091      1090
 -1       693    1    0    1
 -2       947       948       964       963      1075      1076      1092      1091
 -1       694    1    0    1
 -2       949       950       966       965      1077      1078      1094      1093
 -1       695    1    0    1
 -2       950       951       967       966      1078      1079      1095      1094
 -1       696    1    0    1
 -2       951       952       968       967      1079      1080      1096      1095
 -1       697    1    0    1
 -2       952       953       969       968      1080      1081      1097      1096
 -1       698    1    0    1
 -2       953       954       970       969      1081      1082      1098      1097
 -1       699    1    0    1
 -2       954       955       971       970      1082      1083      1099      1098
 -1       700    1    0    1
 -2       955       956       972       971      1083      1084      1100      1099
 -1       701    1    0    1
 -2       956       957       973       972      1084      1085      1101      1100
 -1       702    1    0    1
 -2       957       958       974       973      1085      1086      1102      1101
 -1       703    1    0    1
 -2       958       959       975       974      1086      1087      1103      1102
 -1       704    1    0    1
 -2       959       960       976       975      1087      1088      1104      1103
 -1       705    1    0    1
 -2       960       961       977       976      1088      1089      1105      1104
 -1       706    1    0    1
 -2       961       962       978       977      1089      1090      1106      1105
 -1       707    1    0    1
 -2       962       963       979       978      1090      1091      1107      1106
 -1       708    1    0    1
 -2       963       964       980       979      1091      1092      1108      1107
 -1       709    1    0    1
 -2       981       982       998       997      1109      1110      1126      1125
 -1       710    1    0    1
 -2       982       983       999       998      1110      1111      1127      1126
 -1       711    1    0    1
 -2       983       984      1000       999      1111      1112      1128      1127
 -1       712    1    0    1
 -2       984       985      1001      1000      1112      1113      1129      1128
 -1       713    1    0    1
 -2       985       986      1002      1001      1113      1114      1130      1129
 -1       714    1    0    1
 -2       986       987      1003      1002      1114      1115      1131      1130
 -1       715    1    0    1
 -2       987       988      1004      1003      1115      1116      1132      1131
 -1       716    1    0    1
 -2       988       989      1005      1004      1116      1117      1133      1132
 -1       717    1    0    1
 -2       989       990      1006      1005      1117      1118      1134      1133
 -1       718    1    0    1
 -2       990       991      1007      1006      1118      1119      1135      1134
 -1       719    1    0    1
 -2       991       992      1008      1007      1119      1120      1136      1135
 -1       720    1    0    1
 -2       992       993      1009      1008      1120      1121      1137      1136
 -1       721    1    0    1
 -2       993       994      1010      1009      1121      1122      1138      1137
 -1       722    1    0    1
 -2       994       995      1011      1010      1122      1123      1139      1138
 -1       723    1    0    1
 -2       995       996      1012      1011      1123      1124      1140      1139
 -1       724    1    0    1
 -2       997       998      1014      1013      1125      1126      1142      1141
 -1       725    1    0    1
 -2       998       999      1015      1014      1126      1127      1143      1142
 -1       726    1    0    1
 -2       999      1000      1016      1015      1127      1128      1144      1143
 -1       727    1    0    1
 -2      1000      1001      1017      1016      1128      1129      1145      1144
 -1       728    1    0    1
 -2      1001      1002      1018      1017      1129      1130      1146      1145
 -1       729    1    0    1
 -2      1002      1003      1019      1018      1130      1131      1147      1146
 -1       730    1    0    1
 -2      1003      1004      1020      1019      1131      1132      1148      1147
 -1       731    1    0    1
 -2      1004      1005      1021      1020      1132      1133      1149      1148
 -1       732    1    0    1
 -2      1005      1006      1022      1021      1133      1134      1150      1149
 -1       733    1    0    1
 -2      1006      1007      1023      1022      1134      1135      1151      1150
 -1       734    1    0    1
 -2      1007      1008      1024      1023      1135      1136      1152      1151
 -1       735    1    0    1
 -2      1008      1009      1025      1024      1136      1137      1153      1152
 -1       736    1    0    1
 -2      1009      1010      1026      1025      1137      1138      1154      1153
 -1       737    1    0    1
 -2      1010      1011      1027      1026      1138      1139      1155      1154
 -1       738    1    0    1
 -2      1011      1012      1028      1027      1139      1140      1156      1155
 -1       739    1    0    1
 -2      1013      1014      1030      1029      1141      1142      1158      1157
 -1       740    1    0    1
 -2      1014      1015      1031      1030      1142      1143      1159      1158
 -1       741    1    0    1
 -2      1015      1016      1032      1031      1143      1144      1160      1159
 -1       742    1    0    1
 -2      1016      1017      1033      1032      1144      1145      1161      1160
 -1       743    1    0    1
 -2      1017      1018      1034      1033      1145      1146      1162      1161
 -1       744    1    0    1
 -2      1018      1019      1035      1034      1146      1147      1163      1162
 -1       745    1    0    1
 -2      1019      1020      1036      1035      1147      1148      1164      1163
 -1       746    1    0    1
 -2      1020      1021      1037      1036      1148      1149      1165      1164
 -1       747    1    0    1
 -2      1021      1022      1038      1037      1149      1150      1166      1165
 -1       748    1    0    1
 -2      1022      1023      1039      1038      1150      1151      1167      1166
 -1       749    1    0    1
 -2      1023      1024      1040      1039      1151      1152      1168      1167
 -1       750    1    0    1
 -2      1024      1025      1041      1040      1152      1153      1169      1168
 -1       751    1    0    1
 -2      1025      1026      1042      1041      1153      1154      1170      1169
 -1       752    1    0    1
 -2      1026      1027      1043      1042      1154      1155      1171      1170
 -1       753    1    0    1
 -2      1027      1028      1044      1043      1155      1156      1172      1171
 -1       754    1    0    1
 -2      1029      1030      1046      1045      1157      1158      1174      1173
 -1       755    1    0    1
 -2      1030      1031      1047      1046      1158      1159      1175      1174
 -1       756    1    0    1
 -2      1031      1032      1048      1047      1159      1160      1176      1175
 -1       757    1    0    1
 -2      1032      1033      1049      1048      1160      1161      1177      1176
 -1       758    1    0    1
 -2      1033      1034      1050      1049      1161      1162      1178      1177
 -1       759    1    0    1
 -2      1034      1035      1051      1050      1162      1163      1179      1178
 -1       760    1    0    1
 -2      1035      1036      1052      1051      1163      1164      1180      1179
 -1       761    1    0    1
 -2      1036      1037      1053      1052      1164      1165      1181      1180
 -1       762    1    0    1
 -2      1037      1038      1054      1053      1165      1166      1182      1181
 -1       763    1    0    1
 -2      1038      1039      1055      1054      1166      1167      1183      1182
 -1       764    1    0    1
 -2      1039      1040      1056      1055      1167      1168      1184      1183
 -1       765    1    0    1
 -2      1040      1041      1057      1056      1168      1169      1185      1184
 -1       766    1    0    1
 -2      1041      1042      1058      1057      1169      1170      1186      1185
 -1       767    1    0    1
 -2      1042      1043      1059      1058      1170      1171      1187      1186
 -1       768    1    0    1
 -2      1043      1044      1060      1059      1171      1172      1188      1187
 -1       769    1    0    1
 -2      1045      1046      1062      1061      1173      1174      1190      1189
 -1       770    1    0    1
 -2      1046      1047      1063      1062      1174      1175      1191      1190
 -1       771    1    0    1
 -2      1047      1048      1064      1063      1175      1176      1192      1191
 -1       772    1    0    1
 -2      1048      1049      1065      1064      1176      1177      1193      1192
 -1       773    1    0    1
 -2      1049      1050      1066      1065      1177      1178      1194      1193
 -1       774    1    0    1
 -2      1050      1051      1067      1066      1178      1179      1195      1194
 -1       775    1    0    1
 -2      1051      1052      1068      1067      1179      1180      1196      1195
 -1       776    1    0    1
 -2      1052      1053      1069      1068      1180      1181      1197      1196
 -1       777    1    0    1
 -2      1053      1054      1070      1069      1181      1182      1198      1197
 -1       778    1    0    1
 -2      1054      1055      1071      1070      1182      1183      1199      1198
 -1       779    1    0    1
 -2      1055      1056      1072      1071      1183      1184      1200      1199
 -1       780    1    0    1
 -2      1056      1057      1073      1072      1184      1185      1201      1200
 -1       781    1    0    1
 -2      1057      1058      1074      1073      1185      1186      1202      1201
 -1       782    1    0    1
 -2      1058      1059      1075      1074      1186      1187      1203      1202
 -1       783    1    0    1
 -2      1059      1060      1076      1075      1187      1188      1204      1203
 -1       784    1    0    1
 -2      1061      1062      1078      1077      1189      1190      1206      1205
 -1       785    1    0    1
 -2      1062      1063      1079      1078      1190      1191      1207      1206
 -1       786    1    0    1
 -2      1063      1064      1080      1079      1191      1192      1208      1207
 -1       787    1    0    1
 -2      1064      1065      1081      1080      1192      1193      1209      1208
 -1       788    1    0    1
 -2      1065      1066      1082      1081      1193      1194      1210      1209
 -1       789    1    0    1
 -2      1066      1067      1083      1082      1194      1195      1211      1210
 -1       790    1    0    1
 -2      1067      1068      1084      1083      1195      1196      1212      1211
 -1       791    1    0    1
 -2      1068      1069      1085      1084      1196      1197      1213      1212
 -1       792    1    0    1
 -2      1069      1070      1086      1085      1197      1198      1214      1213
 -1       793    1    0    1
 -2      1070      1071      1087      1086      1198      1199      1215      1214
 -1       794    1    0    1
 -2      1071      1072      1088      1087      1199      1200      1216      1215
 -1       795    1    0    1
 -2      1072      1073      1089      1088      1200      1201      1217      1216
 -1       796    1    0    1
 -2      1073      1074      1090      1089      1201      1202      1218      1217
 -1       797    1    0    1
 -2      1074      1075      1091      1090      1202      1203      1219      1218
 -1       798    1    0    1
 -2      1075      1076      1092      1091      1203      1204      1220      1219
 -1       799    1    0    1
 -2      1077      1078      1094      1093      1205      1206      1222      1221
 -1       800    1    0    1
 -2      1078      1079      1095      1094      1206      1207      1223      1222
 -1       801    1    0    1
 -2      1079      1080      1096      1095      1207      1208      1224      1223
 -1       802    1    0    1
 -2      1080      1081      1097      1096      1208      1209      1225      1224
 -1       803    1    0    1
 -2      1081      1082      1098      1097      1209      1210      1226      1225
 -1       804    1    0    1
 -2      1082      1083      1099      1098      1210      1211      1227      1226
 -1       805    1    0    1
 -2      1083      1084      1100      1099      1211      1212      1228      1227
 -1       806    1    0    1
 -2      1084      1085      1101      1100      1212      1213      1229      1228
 -1       807    1    0    1
 -2      1085      1086      1102      1101      1213      1214      1230      1229
 -1       808    1    0    1
 -2      1086      1087      1103      1102      1214      1215      1231      1230
 -1       809    1    0    1
 -2      1087      1088      1104      1103      1215      1216      1232      1231
 -1       810    1    0    1
 -2      1088      1089      1105      1104      1216      1217      1233      1232
 -1       811    1    0    1
 -2      1089      1090      1106      1105      1217      1218      1234      1233
 -1       812    1    0    1
 -2      1090      1091      1107      1106      1218      1219      1235      1234
 -1       813    1    0    1
 -2      1091      1092      1108      1107      1219      1220      1236      1235
 -3
    1PSTEP                         1           1           1          
  100CL  101 3.40000E-01        1236                     0    1           1
 -4  DISP        4    1
 -5  D1          1    2    1    0
 -5  D2          1    2    2    0
 -5  D3          1    2    3    0
 -5  ALL         1    2    0    0    1ALL
 -1         1 0.00000E+00 0.00000E+00 0.00000E+00
 -1         2 0.00000E+00 0.00000E+00 0.00000E+00
 -1         3 0.00000E+00 0.00000E+00 0.00000E+00
 -1         4 0.00000E+00 0.00000E+00 0.00000E+00
 -1         5 0.00000E+00 0.00000E+00 0.00000E+00
 -1         6 0.00000E+00 0.00000E+00 0.00000E+00
 -1         7 0.00000E+00 0.00000E+00 0.00000E+00
 -1         8 0.00000E+00 0.00000E+00 0.00000E+00
 -1         9 0.00000E+00 0.00000E+00 0.00000E+00
 -1        10 0.00000E+00 0.00000E+00 0.00000E+00
 -1        11 0.00000E+00 0.00000E+00 0.00000E+00
 -1        12 0.00000E+00 0.00000E+00 0.00000E+00
 -1        13 0.00000E+00 0.00000E+00 0.00000E+00
 -1        14 0.00000E+00 0.00000E+00 0.00000E+00
 -1        15 0.00000E+00 0.00000E+00 0.00000E+00
 -1        16 0.00000E+00 0.00000E+00 0.00000E+00
 -1        17 0.00000E+00 0.00000E+00 0.00000E+00
 -1        18 0.00000E+00 0.00000E+00 0.00000E+00
 -1        19 0.00000E+00 0.00000E+00 0.00000E+00
 -1        20 0.00000E+00 0.00000E+00 0.00000E+00
 -1        21 0.00000E+00 0.00000E+00 0.00000E+00
 -1        22 0.00000E+00 0.00000E+00 0.00000E+00
 -1        23 0.00000E+00 0.00000E+00 0.00000E+00
 -1        24 0.00000E+00 0.00000E+00 0.00000E+00
 -1        25 0.00000E+00 0.00000E+00 0.00000E+00
 -1        26 0.00000E+00 0.00000E+00 0.00000E+00
 -1        27 0.00000E+00 0.00000E+00 0.00000E+00
 -1        28 0.00000E+00 0.00000E+00 0.00000E+00
 -1        29 0.00000E+00 0.00000E+00 0.00000E+00
 -1        30 0.00000E+00 0.00000E+00 0.00000E+00
 -1        31 0.00000E+00 0.00000E+00 0.00000E+00
 -1        32 0.00000E+00 0.00000E+00 0.00000E+00
 -1        33 0.00000E+00 0.00000E+00 0.00000E+00
 -1        34 0.00000E+00 0.00000E+00 0.00000E+00
 -1        35 0.00000E+00 0.00000E+00 0.00000E+00
 -1        36 0.00000E+00 0.00000E+00 0.00000E+00
 -1        37 0.00000E+00 0.00000E+00 0.00000E+00
 -1        38 0.00000E+00 0.00000E+00 0.00000E+00
 -1        39 0.00000E+00 0.00000E+00 0.00000E+00
 -1        40 0.00000E+00 0.00000E+00 0.00000E+00
 -1        41 0.00000E+00 0.00000E+00 0.00000E+00
 -1        42 0.00000E+00 0.00000E+00 0.00000E+00
 -1        43 0.00000E+00 0.00000E+00 0.00000E+00
 -1        44 0.00000E+00 0.00000E+00 0.00000E+00
 -1        45 0.00000E+00 0.00000E+00 0.00000E+00
 -1        46 0.00000E+00 0.00000E+00 0.00000E+00
 -1        47 0.00000E+00 0.00000E+00 0.00000E+00
 -1        48 0.00000E+00 0.00000E+00 0.00000E+00
 -1        49 0.00000E+00 0.00000E+00 0.00000E+00
 -1        50 0.00000E+00 0.00000E+00 0.00000E+00
 -1        51 0.00000E+00 0.00000E+00 0.00000E+00
 -1        52 0.00000E+00 0.00000E+00 0.00000E+00
 -1        53 0.00000E+00 0.00000E+00 0.00000E+00
 -1        54 0.00000E+00 0.00000E+00 0.00000E+00
 -1        55 0.00000E+00 0.00000E+00 0.00000E+00
 -1        56 0.00000E+00 0.00000E+00 0.00000E+00
 -1        57 0.00000E+00 0.00000E+00 0.00000E+00
 -1        58 0.00000E+00 0.00000E+00 0.00000E+00
 -1        59 0.00000E+00 0.00000E+00 0.00000E+00
 -1        60 0.00000E+00 0.00000E+00 0.00000E+00
 -1        61 0.00000E+00 0.00000E+00 0.00000E+00
 -1        62 0.00000E+00 0.00000E+00 0.00000E+00
 -1        63 0.00000E+00 0.00000E+00 0.00000E+00
 -1        64 0.00000E+00 0.00000E+00 0.00000E+00
 -1        65 0.00000E+00 0.00000E+00 0.00000E+00
 -1        66 0.00000E+00 0.00000E+00 0.00000E+00
 -1        67 0.00000E+00 0.00000E+00 0.00000E+00
 -1        68 0.00000E+00 0.00000E+00 0.00000E+00
 -1        69 0.00000E+00 0.00000E+00 0.00000E+00
 -1        70 0.00000E+00 0.00000E+00 0.00000E+00
 -1        71 0.00000E+00 0.00000E+00 0.00000E+00
 -1        72 0.00000E+00 0.00000E+00 0.00000E+00
 -1        73 0.00000E+00 0.00000E+00 0.00000E+00
 -1        74 0.00000E+00 0.00000E+00 0.00000E+00
 -1        75 0.00000E+00 0.00000E+00 0.00000E+00
 -1        76 0.00000E+00 0.00000E+00 0.00000E+00
 -1        77 0.00000E+00 0.00000E+00 0.00000E+00
 -1        78 0.00000E+00 0.00000E+00 0.00000E+00
 -1        79 0.00000E+00 0.00000E+00 0.00000E+00
 -1        80 0.00000E+00 0.00000E+00 0.00000E+00
 -1        81 0.00000E+00 0.00000E+00 0.00000E+00
 -1        82 0.00000E+00 0.00000E+00 0.00000E+00
 -1        83 0.00000E+00 0.00000E+00 0.00000E+00
 -1        84 0.00000E+00 0.00000E+00 0.00000E+00
 -1        85 0.00000E+00 0.00000E+00 0.00000E+00
 -1        86 0.00000E+00 0.00000E+00 0.00000E+00
 -1        87 0.00000E+00 0.00000E+00 0.00000E+00
 -1        88 0.00000E+00 0.00000E+00 0.00000E+00
 -1        89 0.00000E+00 0.00000E+00 0.00000E+00
 -1        90 0.00000E+00 0.00000E+00 0.00000E+00
 -1        91 0.00000E+00 0.00000E+00 0.00000E+00
 -1        92 0.00000E+00 0.00000E+00 0.00000E+00
 -1        93 0.00000E+00 0.00000E+00 0.00000E+00
 -1        94 0.00000E+00 0.00000E+00 0.00000E+00
 -1        95 0.00000E+00 0.00000E+00 0.00000E+00
 -1        96 0.00000E+00 0.00000E+00 0.00000E+00
 -1        97 0.00000E+00 0.00000E+00 0.00000E+00
 -1        98 0.00000E+00 0.00000E+00 0.00000E+00
 -1        99 0.00000E+00 0.00000E+00 0.00000E+00
 -1       100 0.00000E+00 0.00000E+00 0.00000E+00
 -1       101 0.00000E+00 0.00000E+00 0.00000E+00
 -1       102 0.00000E+00 0.00000E+00 0.00000E+00
 -1       103 0.00000E+00 0.00000E+00 0.00000E+00
 -1       104 0.00000E+00 0.00000E+00 0.00000E+00
 -1       105 0.00000E+00 0.00000E+00 0.00000E+00
 -1       106 0.00000E+00 0.00000E+00 0.00000E+00
 -1       107 0.00000E+00 0.00000E+00 0.00000E+00
 -1       108 0.00000E+00 0.00000E+00 0.00000E+00
 -1       109 0.00000E+00 0.00000E+00 0.00000E+00
 -1       110 0.00000E+00 0.00000E+00 0.00000E+00
 -1       111 0.00000E+00 0.00000E+00 0.00000E+00
 -1       112 0.00000E+00 0.00000E+00 0.00000E+00
 -1       113 0.00000E+00 0.00000E+00 0.00000E+00
 -1       114 0.00000E+00 0.00000E+00 0.00000E+00
 -1       115 0.00000E+00 0.00000E+00 0.00000E+00
 -1       116 0.00000E+00 0.00000E+00 0.00000E+00
 -1       117 0.00000E+00 0.00000E+00 0.00000E+00
 -1       118-5.10856E-05-9.78870E-06-3.18681E-05
 -1       119-5.34997E-05-1.47013E-05-5.01299E-06
 -1       120-8.55766E-05-3.50374E-05-2.84223E-06
 -1       121-1.46170E-04-9.70068E-05-1.65231E-05
 -1       122-2.05693E-04-2.32677E-04-7.56116E-05
 -1       123-1.73107E-04-4.48133E-04-1.82142E-04
 -1       124-3.48557E-17-5.78785E-04-2.53927E-04
 -1       125 1.73107E-04-4.48133E-04-1.82142E-04
 -1       126 2.05693E-04-2.32677E-04-7.56116E-05
 -1       127 1.46170E-04-9.70068E-05-1.65231E-05
 -1       128 8.55766E-05-3.50374E-05-2.84223E-06
 -1       129 5.34997E-05-1.47013E-05-5.01299E-06
 -1       130 5.10856E-05-9.78870E-06-3.18681E-05
 -1       131-4.40170E-05-2.11421E-06-2.58758E-05
 -1       132-4.35348E-05-9.22496E-06 2.51743E-06
 -1       133-6.77751E-05-2.73170E-05 1.29865E-05
 -1       134-1.27114E-04-8.41333E-05 1.08648E-05
 -1       135-2.10606E-04-2.15392E-04-7.43619E-05
 -1       136-1.85260E-04-4.34687E-04-2.75674E-04
 -1       137-4.13140E-17-5.71391E-04-4.09811E-04
 -1       138 1.85260E-04-4.34687E-04-2.75674E-04
 -1       139 2.10606E-04-2.15392E-04-7.43619E-05
 -1       140 1.27114E-04-8.41333E-05 1.08648E-05
 -1       141 6.77751E-05-2.73170E-05 1.29865E-05
 -1       142 4.35348E-05-9.22496E-06 2.51743E-06
 -1       143 4.40170E-05-2.11421E-06-2.58758E-05
 -1       144-3.75513E-05-1.40244E-06-2.19764E-05
 -1       145-3.84609E-05-7.51540E-06 5.23413E-06
 -1       146-7.17455E-05-2.41244E-05 1.84300E-05
 -1       147-1.77009E-04-7.35156E-05 1.36402E-05
 -1       148-3.74024E-04-1.84616E-04-1.74463E-04
 -1       149-3.53810E-04-3.67687E-04-6.18615E-04
 -1       150-8.40251E-17-4.81864E-04-9.00623E-04
 -1       151 3.53810E-04-3.67687E-04-6.18615E-04
 -1       152 3.74024E-04-1.84616E-04-1.74463E-04
 -1       153 1.77009E-04-7.35156E-05 1.36402E-05
 -1       154 7.17455E-05-2.41244E-05 1.84300E-05
 -1       155 3.84609E-05-7.51540E-06 5.23413E-06
 -1       156 3.75513E-05-1.40244E-06-2.19764E-05
 -1       157-3.44349E-05-1.20378E-06-1.97773E-05
 -1       158-3.76725E-05-4.41064E-06 7.64738E-06
 -1       159-8.08988E-05-1.43336E-05 2.38627E-05
 -1       160-2.23917E-04-4.17579E-05 1.78121E-05
 -1       161-4.95262E-04-1.01106E-04-2.36171E-04
 -1       162-4.73892E-04-2.00942E-04-8.41799E-04
 -1       163-8.68441E-17-2.64439E-04-1.22897E-03
 -1       164 4.73892E-04-2.00942E-04-8.41799E-04
 -1       165 4.95262E-04-1.01106E-04-2.36171E-04
 -1       166 2.23917E-04-4.17579E-05 1.78121E-05
 -1       167 8.08988E-05-1.43336E-05 2.38627E-05
 -1       168 3.76725E-05-4.41064E-06 7.64738E-06
 -1       169 3.44349E-05-1.20378E-06-1.97773E-05
 -1       170-3.36784E-05-1.20640E-18-1.91490E-05
 -1       171-3.78717E-05-1.14617E-18 8.52033E-06
 -1       172-8.54662E-05-6.93082E-18 2.56995E-05
 -1       173-2.41662E-04-2.47352E-17 1.75630E-05
 -1       174-5.28353E-04-6.76594E-17-2.52556E-04
 -1       175-5.07504E-04-9.08177E-17-9.04295E-04
 -1       176 6.34971E-20-6.29863E-20-1.33031E-03
 -1       177 5.07504E-04 9.04559E-17-9.04295E-04
 -1       178 5.28353E-04 6.75158E-17-2.52556E-04
 -1       179 2.41662E-04 2.46802E-17 1.75630E-05
 -1       180 8.54662E-05 6.91203E-18 2.56995E-05
 -1       181 3.78717E-05 1.12981E-18 8.52033E-06
 -1       182 3.36784E-05 1.19807E-18-1.91490E-05
 -1       183-3.44349E-05 1.20378E-06-1.97773E-05
 -1       184-3.76725E-05 4.41064E-06 7.64738E-06
 -1       185-8.08988E-05 1.43336E-05 2.38627E-05
 -1       186-2.23917E-04 4.17579E-05 1.78121E-05
 -1       187-4.95262E-04 1.01106E-04-2.36171E-04
 -1       188-4.73892E-04 2.00942E-04-8.41799E-04
 -1       189 8.68097E-17 2.64439E-04-1.22897E-03
 -1       190 4.73892E-04 2.00942E-04-8.41799E-04
 -1       191 4.95262E-04 1.01106E-04-2.36171E-04
 -1       192 2.23917E-04 4.17579E-05 1.78121E-05
 -1       193 8.08988E-05 1.43336E-05 2.38627E-05
 -1       194 3.76725E-05 4.41064E-06 7.64738E-06
 -1       195 3.44349E-05 1.20378E-06-1.97773E-05
 -1       196-3.75513E-05 1.40244E-06-2.19764E-05
 -1       197-3.84609E-05 7.51540E-06 5.23413E-06
 -1       198-7.17455E-05 2.41244E-05 1.84300E-05
 -1       199-1.77009E-04 7.35156E-05 1.36402E-05
 -1       200-3.74024E-04 1.84616E-04-1.74463E-04
 -1       201-3.53810E-04 3.67687E-04-6.18615E-04
 -1       202 8.40036E-17 4.81864E-04-9.00623E-04
 -1       203 3.53810E-04 3.67687E-04-6.18615E-04
 -1       204 3.74024E-04 1.84616E-04-1.74463E-04
 -1       205 1.77009E-04 7.35156E-05 1.36402E-05
 -1       206 7.17455E-05 2.41244E-05 1.84300E-05
 -1       207 3.84609E-05 7.51540E-06 5.23413E-06
 -1       208 3.75513E-05 1.40244E-06-2.19764E-05
 -1       209-4.40170E-05 2.11421E-06-2.58758E-05
 -1       210-4.35348E-05 9.22496E-06 2.51743E-06
 -1       211-6.77751E-05 2.73170E-05 1.29865E-05
 -1       212-1.27114E-04 8.41333E-05 1.08648E-05
 -1       213-2.10606E-04 2.15392E-04-7.43619E-05
 -1       214-1.85260E-04 4.34687E-04-2.75674E-04
 -1       215 4.13969E-17 5.71391E-04-4.09811E-04
 -1       216 1.85260E-04 4.34687E-04-2.75674E-04
 -1       217 2.10606E-04 2.15392E-04-7.43619E-05
 -1       218 1.27114E-04 8.41333E-05 1.08648E-05
 -1       219 6.77751E-05 2.73170E-05 1.29865E-05
 -1       220 4.35348E-05 9.22496E-06 2.51743E-06
 -1       221 4.40170E-05 2.11421E-06-2.58758E-05
 -1       222-5.10856E-05 9.78870E-06-3.18681E-05
 -1       223-5.34997E-05 1.47013E-05-5.01299E-06
 -1       224-8.55766E-05 3.50374E-05-2.84223E-06
 -1       225-1.46170E-04 9.70068E-05-1.65231E-05
 -1       226-2.05693E-04 2.32677E-04-7.56116E-05
 -1       227-1.73107E-04 4.48133E-04-1.82142E-04
 -1       228 3.48644E-17 5.78785E-04-2.53927E-04
 -1       229 1.73107E-04 4.48133E-04-1.82142E-04
 -1       230 2.05693E-04 2.32677E-04-7.56116E-05
 -1       231 1.46170E-04 9.70068E-05-1.65231E-05
 -1       232 8.55766E-05 3.50374E-05-2.84223E-06
 -1       233 5.34997E-05 1.47013E-05-5.01299E-06
 -1       234 5.10856E-05 9.78870E-06-3.18681E-05
 -1       235-9.36736E-05-8.52551E-06-4.06072E-05
 -1       236-9.96799E-05-2.19960E-05-4.52058E-06
 -1       237-1.19958E-04-4.81199E-05 1.65957E-05
 -1       238-1.55678E-04-1.08650E-04 1.90894E-05
 -1       239-1.83405E-04-2.28675E-04-3.64592E-05
 -1       240-1.43159E-04-4.00316E-04-1.34342E-04
 -1       241-2.25813E-17-5.17156E-04-1.71106E-04
 -1       242 1.43159E-04-4.00316E-04-1.34342E-04
 -1       243 1.83405E-04-2.28675E-04-3.64592E-05
 -1       244 1.55678E-04-1.08650E-04 1.90894E-05
 -1       245 1.19958E-04-4.81199E-05 1.65957E-05
 -1       246 9.96799E-05-2.19960E-05-4.52058E-06
 -1       247 9.36736E-05-8.52551E-06-4.06072E-05
 -1       248-8.22023E-05-7.20009E-06-3.49082E-05
 -1       249-8.48687E-05-1.88955E-05 2.70689E-06
 -1       250-9.62086E-05-4.35003E-05 2.85160E-05
 -1       251-1.21312E-04-1.01583E-04 2.65333E-05
 -1       252-1.73589E-04-2.28851E-04-1.06503E-04
 -1       253-2.19078E-04-4.73556E-04-5.61503E-04
 -1       254-4.69376E-17-7.58367E-04-9.37854E-04
 -1       255 2.19078E-04-4.73556E-04-5.61503E-04
 -1       256 1.73589E-04-2.28851E-04-1.06503E-04
 -1       257 1.21312E-04-1.01583E-04 2.65333E-05
 -1       258 9.62086E-05-4.35003E-05 2.85160E-05
 -1       259 8.48687E-05-1.88955E-05 2.70689E-06
 -1       260 8.22023E-05-7.20009E-06-3.49082E-05
 -1       261-7.36924E-05-5.94608E-06-2.92535E-05
 -1       262-7.68706E-05-1.48008E-05 9.41518E-06
 -1       263-9.32908E-05-3.51252E-05 4.37567E-05
 -1       264-1.32958E-04-7.98851E-05 5.07054E-05
 -1       265-2.81345E-04-1.79933E-04-1.75328E-04
 -1       266-5.76691E-04-3.96053E-04-1.31532E-03
 -1       267-1.49644E-16-6.93988E-04-2.45481E-03
 -1       268 5.76691E-04-3.96053E-04-1.31532E-03
 -1       269 2.81345E-04-1.79933E-04-1.75328E-04
 -1       270 1.32958E-04-7.98851E-05 5.07054E-05
 -1       271 9.32908E-05-3.51252E-05 4.37567E-05
 -1       272 7.68706E-05-1.48008E-05 9.41518E-06
 -1       273 7.36924E-05-5.94608E-06-2.92535E-05
 -1       274-7.04187E-05-4.10046E-06-2.67164E-05
 -1       275-7.55826E-05-8.61316E-06 1.39268E-05
 -1       276-9.93897E-05-2.06945E-05 5.53776E-05
 -1       277-1.57534E-04-4.65100E-05 6.42331E-05
 -1       278-3.66054E-04-9.62448E-05-2.42884E-04
 -1       279-7.73935E-04-1.64775E-04-1.79187E-03
 -1       280-3.00060E-16-2.01314E-04-3.33786E-03
 -1       281 7.73935E-04-1.64775E-04-1.79187E-03
 -1       282 3.66054E-04-9.62448E-05-2.42884E-04
 -1       283 1.57534E-04-4.65100E-05 6.42331E-05
 -1       284 9.93897E-05-2.06945E-05 5.53776E-05
 -1       285 7.55826E-05-8.61316E-06 1.39268E-05
 -1       286 7.04187E-05-4.10046E-06-2.67164E-05
 -1       287-6.98746E-05-2.02104E-18-2.60288E-05
 -1       288-7.59921E-05-1.89689E-18 1.55683E-05
 -1       289-1.02645E-04-2.01692E-18 5.99989E-05
 -1       290-1.70368E-04-1.63494E-17 6.74397E-05
 -1       291-3.88777E-04-5.74096E-17-2.71077E-04
 -1       292-7.56756E-04-2.80879E-16-1.84803E-03
 -1       293-7.23858E-20-2.64819E-19-3.35255E-03
 -1       294 7.56756E-04 2.80660E-16-1.84803E-03
 -1       295 3.88777E-04 5.71927E-17-2.71077E-04
 -1       296 1.70368E-04 1.62563E-17 6.74397E-05
 -1       297 1.02645E-04 1.96217E-18 5.99989E-05
 -1       298 7.59921E-05 1.87210E-18 1.55683E-05
 -1       299 6.98746E-05 2.00228E-18-2.60288E-05
 -1       300-7.04187E-05 4.10046E-06-2.67164E-05
 -1       301-7.55826E-05 8.61316E-06 1.39268E-05
 -1       302-9.93897E-05 2.06945E-05 5.53776E-05
 -1       303-1.57534E-04 4.65100E-05 6.42331E-05
 -1       304-3.66054E-04 9.62448E-05-2.42884E-04
 -1       305-7.73935E-04 1.64775E-04-1.79187E-03
 -1       306 2.99985E-16 2.01314E-04-3.33786E-03
 -1       307 7.73935E-04 1.64775E-04-1.79187E-03
 -1       308 3.66054E-04 9.62448E-05-2.42884E-04
 -1       309 1.57534E-04 4.65100E-05 6.42331E-05
 -1       310 9.93897E-05 2.06945E-05 5.53776E-05
 -1       311 7.55826E-05 8.61316E-06 1.39268E-05
 -1       312 7.04187E-05 4.10046E-06-2.67164E-05
 -1       313-7.36924E-05 5.94608E-06-2.92535E-05
 -1       314-7.68706E-05 1.48008E-05 9.41518E-06
 -1       315-9.32908E-05 3.51252E-05 4.37567E-05
 -1       316-1.32958E-04 7.98851E-05 5.07054E-05
 -1       317-2.81345E-04 1.79933E-04-1.75328E-04
 -1       318-5.76691E-04 3.96053E-04-1.31532E-03
 -1       319 1.49628E-16 6.93988E-04-2.45481E-03
 -1       320 5.76691E-04 3.96053E-04-1.31532E-03
 -1       321 2.81345E-04 1.79933E-04-1.75328E-04
 -1       322 1.32958E-04 7.98851E-05 5.07054E-05
 -1       323 9.32908E-05 3.51252E-05 4.37567E-05
 -1       324 7.68706E-05 1.48008E-05 9.41518E-06
 -1       325 7.36924E-05 5.94608E-06-2.92535E-05
 -1       326-8.22023E-05 7.20009E-06-3.49082E-05
 -1       327-8.48687E-05 1.88955E-05 2.70689E-06
 -1       328-9.62086E-05 4.35003E-05 2.85160E-05
 -1       329-1.21312E-04 1.01583E-04 2.65333E-05
 -1       330-1.73589E-04 2.28851E-04-1.06503E-04
 -1       331-2.19078E-04 4.73556E-04-5.61503E-04
 -1       332 4.69175E-17 7.58367E-04-9.37854E-04
 -1       333 2.19078E-04 4.73556E-04-5.61503E-04
 -1       334 1.73589E-04 2.28851E-04-1.06503E-04
 -1       335 1.21312E-04 1.01583E-04 2.65333E-05
 -1       336 9.62086E-05 4.35003E-05 2.85160E-05
 -1       337 8.48687E-05 1.88955E-05 2.70689E-06
 -1       338 8.22023E-05 7.20009E-06-3.49082E-05
 -1       339-9.36736E-05 8.52551E-06-4.06072E-05
 -1       340-9.96799E-05 2.19960E-05-4.52058E-06
 -1       341-1.19958E-04 4.81199E-05 1.65957E-05
 -1       342-1.55678E-04 1.08650E-04 1.90894E-05
 -1       343-1.83405E-04 2.28675E-04-3.64592E-05
 -1       344-1.43159E-04 4.00316E-04-1.34342E-04
 -1       345 2.25901E-17 5.17156E-04-1.71106E-04
 -1       346 1.43159E-04 4.00316E-04-1.34342E-04
 -1       347 1.83405E-04 2.28675E-04-3.64592E-05
 -1       348 1.55678E-04 1.08650E-04 1.90894E-05
 -1       349 1.19958E-04 4.81199E-05 1.65957E-05
 -1       350 9.96799E-05 2.19960E-05-4.52058E-06
 -1       351 9.36736E-05 8.52551E-06-4.06072E-05
 -1       352-1.29509E-04-1.14759E-05-4.12007E-05
 -1       353-1.31031E-04-2.63145E-05-2.98984E-06
 -1       354-1.32639E-04-4.88186E-05 2.44201E-05
 -1       355-1.13268E-04-8.07014E-05 3.09268E-05
 -1       356-5.63481E-05-1.04155E-04-2.32526E-05
 -1       357 4.23611E-07-6.82695E-05-1.04462E-04
 -1       358 3.92693E-18 4.15361E-06-3.63480E-05
 -1       359-4.23611E-07-6.82695E-05-1.04462E-04
 -1       360 5.63481E-05-1.04155E-04-2.32526E-05
 -1       361 1.13268E-04-8.07014E-05 3.09268E-05
 -1       362 1.32639E-04-4.88186E-05 2.44201E-05
 -1       363 1.31031E-04-2.63145E-05-2.98984E-06
 -1       364 1.29509E-04-1.14759E-05-4.12007E-05
 -1       365-1.16501E-04-1.13727E-05-3.60457E-05
 -1       366-1.15434E-04-2.49421E-05 2.43492E-06
 -1       367-1.06628E-04-4.99452E-05 2.95527E-05
 -1       368-6.40781E-05-8.63178E-05 1.97692E-05
 -1       369 4.33990E-05-9.67508E-05-1.41310E-04
 -1       370 1.30504E-04-9.04954E-06-6.32354E-04
 -1       371 3.69471E-17 1.23140E-04-1.26238E-03
 -1       372-1.30504E-04-9.04954E-06-6.32354E-04
 -1       373-4.33990E-05-9.67508E-05-1.41310E-04
 -1       374 6.40781E-05-8.63178E-05 1.97692E-05
 -1       375 1.06628E-04-4.99452E-05 2.95527E-05
 -1       376 1.15434E-04-2.49421E-05 2.43492E-06
 -1       377 1.16501E-04-1.13727E-05-3.60457E-05
 -1       378-1.08226E-04-1.05529E-05-3.09495E-05
 -1       379-1.08510E-04-2.09585E-05 9.50094E-06
 -1       380-9.88688E-05-4.33715E-05 4.44456E-05
 -1       381-3.99757E-05-7.14167E-05 3.57353E-05
 -1       382 1.67129E-04-6.31396E-05-1.95278E-04
 -1       383 3.91988E-04 4.83886E-05-1.58031E-03
 -1       384 1.19787E-16 2.02390E-04-5.00952E-03
 -1       385-3.91988E-04 4.83886E-05-1.58031E-03
 -1       386-1.67129E-04-6.31396E-05-1.95278E-04
 -1       387 3.99757E-05-7.14167E-05 3.57353E-05
 -1       388 9.88688E-05-4.33715E-05 4.44456E-05
 -1       389 1.08510E-04-2.09585E-05 9.50094E-06
 -1       390 1.08226E-04-1.05529E-05-3.09495E-05
 -1       391-1.06178E-04-6.51821E-06-2.86020E-05
 -1       392-1.09180E-04-1.20109E-05 1.47826E-05
 -1       393-1.02448E-04-2.48007E-05 5.66369E-05
 -1       394-3.30070E-05-3.82752E-05 4.69398E-05
 -1       395 2.36816E-04-3.29861E-05-2.65584E-04
 -1       396 5.34368E-04 4.90224E-06-2.11846E-03
 -1       397 1.89238E-16 3.09163E-05-6.71728E-03
 -1       398-5.34368E-04 4.90224E-06-2.11846E-03
 -1       399-2.36816E-04-3.29861E-05-2.65584E-04
 -1       400 3.30070E-05-3.82752E-05 4.69398E-05
 -1       401 1.02448E-04-2.48007E-05 5.66369E-05
 -1       402 1.09180E-04-1.20109E-05 1.47826E-05
 -1       403 1.06178E-04-6.51821E-06-2.86020E-05
 -1       404-1.06375E-04-2.76722E-18-2.82214E-05
 -1       405-1.10573E-04-1.93627E-18 1.65937E-05
 -1       406-1.05123E-04-1.02696E-18 6.09066E-05
 -1       407-3.01679E-05 1.48205E-17 5.06515E-05
 -1       408 2.52457E-04 6.82952E-17-3.12487E-04
 -1       409 5.39621E-04 1.85469E-16-2.12491E-03
 -1       410-1.07404E-19-2.98124E-19-5.97802E-03
 -1       411-5.39621E-04-1.85921E-16-2.12491E-03
 -1       412-2.52457E-04-6.85204E-17-3.12487E-04
 -1       413 3.01679E-05-1.49339E-17 5.06515E-05
 -1       414 1.05123E-04 9.76214E-19 6.09066E-05
 -1       415 1.10573E-04 1.89885E-18 1.65937E-05
 -1       416 1.06375E-04 2.74305E-18-2.82214E-05
 -1       417-1.06178E-04 6.51821E-06-2.86020E-05
 -1       418-1.09180E-04 1.20109E-05 1.47826E-05
 -1       419-1.02448E-04 2.48007E-05 5.66369E-05
 -1       420-3.30070E-05 3.82752E-05 4.69398E-05
 -1       421 2.36816E-04 3.29861E-05-2.65584E-04
 -1       422 5.34368E-04-4.90224E-06-2.11846E-03
 -1       423-1.89014E-16-3.09163E-05-6.71728E-03
 -1       424-5.34368E-04-4.90224E-06-2.11846E-03
 -1       425-2.36816E-04 3.29861E-05-2.65584E-04
 -1       426 3.30070E-05 3.82752E-05 4.69398E-05
 -1       427 1.02448E-04 2.48007E-05 5.66369E-05
 -1       428 1.09180E-04 1.20109E-05 1.47826E-05
 -1       429 1.06178E-04 6.51821E-06-2.86020E-05
 -1       430-1.08226E-04 1.05529E-05-3.09495E-05
 -1       431-1.08510E-04 2.09585E-05 9.50094E-06
 -1       432-9.88688E-05 4.33715E-05 4.44456E-05
 -1       433-3.99757E-05 7.14167E-05 3.57353E-05
 -1       434 1.67129E-04 6.31396E-05-1.95278E-04
 -1       435 3.91988E-04-4.83886E-05-1.58031E-03
 -1       436-1.20224E-16-2.02390E-04-5.00952E-03
 -1       437-3.91988E-04-4.83886E-05-1.58031E-03
 -1       438-1.67129E-04 6.31396E-05-1.95278E-04
 -1       439 3.99757E-05 7.14167E-05 3.57353E-05
 -1       440 9.88688E-05 4.33715E-05 4.44456E-05
 -1       441 1.08510E-04 2.09585E-05 9.50094E-06
 -1       442 1.08226E-04 1.05529E-05-3.09495E-05
 -1       443-1.16501E-04 1.13727E-05-3.60457E-05
 -1       444-1.15434E-04 2.49421E-05 2.43492E-06
 -1       445-1.06628E-04 4.99452E-05 2.95527E-05
 -1       446-6.40781E-05 8.63178E-05 1.97692E-05
 -1       447 4.33990E-05 9.67508E-05-1.41310E-04
 -1       448 1.30504E-04 9.04954E-06-6.32354E-04
 -1       449-3.69812E-17-1.23140E-04-1.26238E-03
 -1       450-1.30504E-04 9.04954E-06-6.32354E-04
 -1       451-4.33990E-05 9.67508E-05-1.41310E-04
 -1       452 6.40781E-05 8.63178E-05 1.97692E-05
 -1       453 1.06628E-04 4.99452E-05 2.95527E-05
 -1       454 1.15434E-04 2.49421E-05 2.43492E-06
 -1       455 1.16501E-04 1.13727E-05-3.60457E-05
 -1       456-1.29509E-04 1.14759E-05-4.12007E-05
 -1       457-1.31031E-04 2.63145E-05-2.98984E-06
 -1       458-1.32639E-04 4.88186E-05 2.44201E-05
 -1       459-1.13268E-04 8.07014E-05 3.09268E-05
 -1       460-5.63481E-05 1.04155E-04-2.32526E-05
 -1       461 4.23611E-07 6.82695E-05-1.04462E-04
 -1       462-4.02065E-18-4.15361E-06-3.63480E-05
 -1       463-4.23611E-07 6.82695E-05-1.04462E-04
 -1       464 5.63481E-05 1.04155E-04-2.32526E-05
 -1       465 1.13268E-04 8.07014E-05 3.09268E-05
 -1       466 1.32639E-04 4.88186E-05 2.44201E-05
 -1       467 1.31031E-04 2.63145E-05-2.98984E-06
 -1       468 1.29509E-04 1.14759E-05-4.12007E-05
 -1       469 1.46582E-04 8.15075E-05-1.36707E-02
 -1       470 1.64802E-04-8.95223E-05-1.32625E-02
 -1       471 2.21544E-04-2.56611E-04-1.28479E-02
 -1       472 3.31828E-04-4.84809E-04-1.23011E-02
 -1       473 4.95876E-04-8.55798E-04-1.14159E-02
 -1       474 6.50483E-04-1.52193E-03-1.00214E-02
 -1       475 6.17069E-04-2.70648E-03-6.74719E-03
 -1       476 2.62325E-04-3.72350E-03-3.80219E-03
 -1       477-2.62325E-04-3.72350E-03-3.80219E-03
 -1       478-6.17069E-04-2.70648E-03-6.74719E-03
 -1       479-6.50483E-04-1.52193E-03-1.00214E-02
 -1       480-4.95876E-04-8.55798E-04-1.14159E-02
 -1       481-3.31828E-04-4.84809E-04-1.23011E-02
 -1       482-2.21544E-04-2.56611E-04-1.28479E-02
 -1       483-1.64802E-04-8.95223E-05-1.32625E-02
 -1       484-1.46582E-04 8.15075E-05-1.36707E-02
 -1       485 4.46328E-04 4.22416E-05-1.36998E-02
 -1       486 4.72071E-04-1.10789E-04-1.32815E-02
 -1       487 5.54238E-04-2.77955E-04-1.28531E-02
 -1       488 7.18080E-04-5.01687E-04-1.23189E-02
 -1       489 9.56687E-04-8.29344E-04-1.15239E-02
 -1       490 1.16767E-03-1.29998E-03-1.03834E-02
 -1       491 1.06824E-03-1.80510E-03-7.84499E-03
 -1       492 4.47278E-04-2.15202E-03-5.47021E-03
 -1       493-4.47278E-04-2.15202E-03-5.47021E-03
 -1       494-1.06824E-03-1.80510E-03-7.84499E-03
 -1       495-1.16767E-03-1.29998E-03-1.03834E-02
 -1       496-9.56687E-04-8.29344E-04-1.15239E-02
 -1       497-7.18080E-04-5.01687E-04-1.23189E-02
 -1       498-5.54238E-04-2.77955E-04-1.28531E-02
 -1       499-4.72071E-04-1.10789E-04-1.32815E-02
 -1       500-4.46328E-04 4.22416E-05-1.36998E-02
 -1       501 6.65409E-04-3.78668E-06-1.37567E-02
 -1       502 6.84759E-04-1.04330E-04-1.33369E-02
 -1       503 7.46176E-04-2.27438E-04-1.29219E-02
 -1       504 8.63822E-04-3.85800E-04-1.24248E-02
 -1       505 1.01287E-03-5.85860E-04-1.17048E-02
 -1       506 1.08827E-03-7.98846E-04-1.06789E-02
 -1       507 9.05552E-04-9.75034E-04-8.51876E-03
 -1       508 3.62834E-04-1.06979E-03-6.45086E-03
 -1       509-3.62834E-04-1.06979E-03-6.45086E-03
 -1       510-9.05552E-04-9.75034E-04-8.51876E-03
 -1       511-1.08827E-03-7.98846E-04-1.06789E-02
 -1       512-1.01287E-03-5.85860E-04-1.17048E-02
 -1       513-8.63822E-04-3.85800E-04-1.24248E-02
 -1       514-7.46176E-04-2.27438E-04-1.29219E-02
 -1       515-6.84759E-04-1.04330E-04-1.33369E-02
 -1       516-6.65409E-04-3.78668E-06-1.37567E-02
 -1       517 7.64756E-04-1.00515E-05-1.37994E-02
 -1       518 7.72470E-04-4.30900E-05-1.33812E-02
 -1       519 8.12310E-04-8.71663E-05-1.29748E-02
 -1       520 8.95151E-04-1.41588E-04-1.24954E-02
 -1       521 1.00553E-03-2.00421E-04-1.17973E-02
 -1       522 1.06332E-03-2.53579E-04-1.07878E-02
 -1       523 8.87271E-04-2.91907E-04-8.37016E-03
 -1       524 3.56752E-04-3.12612E-04-6.12860E-03
 -1       525-3.56752E-04-3.12612E-04-6.12860E-03
 -1       526-8.87271E-04-2.91907E-04-8.37016E-03
 -1       527-1.06332E-03-2.53579E-04-1.07878E-02
 -1       528-1.00553E-03-2.00421E-04-1.17973E-02
 -1       529-8.95151E-04-1.41588E-04-1.24954E-02
 -1       530-8.12310E-04-8.71663E-05-1.29748E-02
 -1       531-7.72470E-04-4.30900E-05-1.33812E-02
 -1       532-7.64756E-04-1.00515E-05-1.37994E-02
 -1       533 7.64756E-04 1.00515E-05-1.37994E-02
 -1       534 7.72470E-04 4.30900E-05-1.33812E-02
 -1       535 8.12310E-04 8.71663E-05-1.29748E-02
 -1       536 8.95151E-04 1.41588E-04-1.24954E-02
 -1       537 1.00553E-03 2.00421E-04-1.17973E-02
 -1       538 1.06332E-03 2.53579E-04-1.07878E-02
 -1       539 8.87271E-04 2.91907E-04-8.37016E-03
 -1       540 3.56752E-04 3.12612E-04-6.12860E-03
 -1       541-3.56752E-04 3.12612E-04-6.12860E-03
 -1       542-8.87271E-04 2.91907E-04-8.37016E-03
 -1       543-1.06332E-03 2.53579E-04-1.07878E-02
 -1       544-1.00553E-03 2.00421E-04-1.17973E-02
 -1       545-8.95151E-04 1.41588E-04-1.24954E-02
 -1       546-8.12310E-04 8.71663E-05-1.29748E-02
 -1       547-7.72470E-04 4.30900E-05-1.33812E-02
 -1       548-7.64756E-04 1.00515E-05-1.37994E-02
 -1       549 6.65409E-04 3.78668E-06-1.37567E-02
 -1       550 6.84759E-04 1.04330E-04-1.33369E-02
 -1       551 7.46176E-04 2.27438E-04-1.29219E-02
 -1       552 8.63822E-04 3.85800E-04-1.24248E-02
 -1       553 1.01287E-03 5.85860E-04-1.17048E-02
 -1       554 1.08827E-03 7.98846E-04-1.06789E-02
 -1       555 9.05552E-04 9.75034E-04-8.51876E-03
 -1       556 3.62834E-04 1.06979E-03-6.45086E-03
 -1       557-3.62834E-04 1.06979E-03-6.45086E-03
 -1       558-9.05552E-04 9.75034E-04-8.51876E-03
 -1       559-1.08827E-03 7.98846E-04-1.06789E-02
 -1       560-1.01287E-03 5.85860E-04-1.17048E-02
 -1       561-8.63822E-04 3.85800E-04-1.24248E-02
 -1       562-7.46176E-04 2.27438E-04-1.29219E-02
 -1       563-6.84759E-04 1.04330E-04-1.33369E-02
 -1       564-6.65409E-04 3.78668E-06-1.37567E-02
 -1       565 4.46328E-04-4.22416E-05-1.36998E-02
 -1       566 4.72071E-04 1.10789E-04-1.32815E-02
 -1       567 5.54238E-04 2.77955E-04-1.28531E-02
 -1       568 7.18080E-04 5.01687E-04-1.23189E-02
 -1       569 9.56687E-04 8.29344E-04-1.15239E-02
 -1       570 1.16767E-03 1.29998E-03-1.03834E-02
 -1       571 1.06824E-03 1.80510E-03-7.84499E-03
 -1       572 4.47278E-04 2.15202E-03-5.47021E-03
 -1       573-4.47278E-04 2.15202E-03-5.47021E-03
 -1       574-1.06824E-03 1.80510E-03-7.84499E-03
 -1       575-1.16767E-03 1.29998E-03-1.03834E-02
 -1       576-9.56687E-04 8.29344E-04-1.15239E-02
 -1       577-7.18080E-04 5.01687E-04-1.23189E-02
 -1       578-5.54238E-04 2.77955E-04-1.28531E-02
 -1       579-4.72071E-04 1.10789E-04-1.32815E-02
 -1       580-4.46328E-04-4.22416E-05-1.36998E-02
 -1       581 1.46582E-04-8.15075E-05-1.36707E-02
 -1       582 1.64802E-04 8.95223E-05-1.32625E-02
 -1       583 2.21544E-04 2.56611E-04-1.28479E-02
 -1       584 3.31828E-04 4.84809E-04-1.23011E-02
 -1       585 4.95876E-04 8.55798E-04-1.14159E-02
 -1       586 6.50483E-04 1.52193E-03-1.00214E-02
 -1       587 6.17069E-04 2.70648E-03-6.74719E-03
 -1       588 2.62325E-04 3.72350E-03-3.80219E-03
 -1       589-2.62325E-04 3.72350E-03-3.80219E-03
 -1       590-6.17069E-04 2.70648E-03-6.74719E-03
 -1       591-6.50483E-04 1.52193E-03-1.00214E-02
 -1       592-4.95876E-04 8.55798E-04-1.14159E-02
 -1       593-3.31828E-04 4.84809E-04-1.23011E-02
 -1       594-2.21544E-04 2.56611E-04-1.28479E-02
 -1       595-1.64802E-04 8.95223E-05-1.32625E-02
 -1       596-1.46582E-04-8.15075E-05-1.36707E-02
 -1       597-4.80861E-04 1.02800E-04-1.36134E-02
 -1       598-4.97081E-04-8.96252E-05-1.32472E-02
 -1       599-5.33001E-04-2.90406E-04-1.28662E-02
 -1       600-6.23427E-04-5.36256E-04-1.23321E-02
 -1       601-7.95337E-04-8.69143E-04-1.15216E-02
 -1       602-1.05994E-03-1.30933E-03-1.01342E-02
 -1       603-1.08174E-03-1.84508E-03-8.40169E-03
 -1       604-4.74213E-04-2.24398E-03-7.06037E-03
 -1       605 4.74213E-04-2.24398E-03-7.06037E-03
 -1       606 1.08174E-03-1.84508E-03-8.40169E-03
 -1       607 1.05994E-03-1.30933E-03-1.01342E-02
 -1       608 7.95337E-04-8.69143E-04-1.15216E-02
 -1       609 6.23427E-04-5.36256E-04-1.23321E-02
 -1       610 5.33001E-04-2.90406E-04-1.28662E-02
 -1       611 4.97081E-04-8.96252E-05-1.32472E-02
 -1       612 4.80861E-04 1.02800E-04-1.36134E-02
 -1       613-1.79899E-04 6.23894E-05-1.36438E-02
 -1       614-1.88866E-04-8.66524E-05-1.32754E-02
 -1       615-1.97171E-04-2.45037E-04-1.29010E-02
 -1       616-2.28548E-04-4.36281E-04-1.24044E-02
 -1       617-3.15538E-04-6.77824E-04-1.16913E-02
 -1       618-5.04453E-04-9.72603E-04-1.05245E-02
 -1       619-5.90222E-04-1.24346E-03-9.09147E-03
 -1       620-2.74750E-04-1.41791E-03-7.99351E-03
 -1       621 2.74750E-04-1.41791E-03-7.99351E-03
 -1       622 5.90222E-04-1.24346E-03-9.09147E-03
 -1       623 5.04453E-04-9.72603E-04-1.05245E-02
 -1       624 3.15538E-04-6.77824E-04-1.16913E-02
 -1       625 2.28548E-04-4.36281E-04-1.24044E-02
 -1       626 1.97171E-04-2.45037E-04-1.29010E-02
 -1       627 1.88866E-04-8.66524E-05-1.32754E-02
 -1       628 1.79899E-04 6.23894E-05-1.36438E-02
 -1       629 2.75365E-05 2.29239E-05-1.37098E-02
 -1       630 1.76628E-05-6.96409E-05-1.33406E-02
 -1       631 3.90807E-06-1.76190E-04-1.29842E-02
 -1       632-4.11503E-05-3.03831E-04-1.25275E-02
 -1       633-1.54163E-04-4.55771E-04-1.18789E-02
 -1       634-3.74946E-04-6.15167E-04-1.08251E-02
 -1       635-5.03719E-04-7.51111E-04-9.50673E-03
 -1       636-2.45320E-04-8.25633E-04-8.49289E-03
 -1       637 2.45320E-04-8.25633E-04-8.49289E-03
 -1       638 5.03719E-04-7.51111E-04-9.50673E-03
 -1       639 3.74946E-04-6.15167E-04-1.08251E-02
 -1       640 1.54163E-04-4.55771E-04-1.18789E-02
 -1       641 4.11503E-05-3.03831E-04-1.25275E-02
 -1       642-3.90807E-06-1.76190E-04-1.29842E-02
 -1       643-1.76628E-05-6.96409E-05-1.33406E-02
 -1       644-2.75365E-05 2.29239E-05-1.37098E-02
 -1       645 1.23037E-04 2.72581E-06-1.37617E-02
 -1       646 1.07538E-04-2.75199E-05-1.33908E-02
 -1       647 8.20195E-05-6.52781E-05-1.30416E-02
 -1       648 1.51731E-05-1.10407E-04-1.25998E-02
 -1       649-1.30980E-04-1.61229E-04-1.19689E-02
 -1       650-3.96066E-04-2.14952E-04-1.09028E-02
 -1       651-5.45690E-04-2.73629E-04-9.56256E-03
 -1       652-2.64243E-04-3.10795E-04-8.51905E-03
 -1       653 2.64243E-04-3.10795E-04-8.51905E-03
 -1       654 5.45690E-04-2.73629E-04-9.56256E-03
 -1       655 3.96066E-04-2.14952E-04-1.09028E-02
 -1       656 1.30980E-04-1.61229E-04-1.19689E-02
 -1       657-1.51731E-05-1.10407E-04-1.25998E-02
 -1       658-8.20195E-05-6.52781E-05-1.30416E-02
 -1       659-1.07538E-04-2.75199E-05-1.33908E-02
 -1       660-1.23037E-04 2.72581E-06-1.37617E-02
 -1       661 1.23037E-04-2.72581E-06-1.37617E-02
 -1       662 1.07538E-04 2.75199E-05-1.33908E-02
 -1       663 8.20195E-05 6.52781E-05-1.30416E-02
 -1       664 1.51731E-05 1.10407E-04-1.25998E-02
 -1       665-1.30980E-04 1.61229E-04-1.19689E-02
 -1       666-3.96066E-04 2.14952E-04-1.09028E-02
 -1       667-5.45690E-04 2.73629E-04-9.56256E-03
 -1       668-2.64243E-04 3.10795E-04-8.51905E-03
 -1       669 2.64243E-04 3.10795E-04-8.51905E-03
 -1       670 5.45690E-04 2.73629E-04-9.56256E-03
 -1       671 3.96066E-04 2.14952E-04-1.09028E-02
 -1       672 1.30980E-04 1.61229E-04-1.19689E-02
 -1       673-1.51731E-05 1.10407E-04-1.25998E-02
 -1       674-8.20195E-05 6.52781E-05-1.30416E-02
 -1       675-1.07538E-04 2.75199E-05-1.33908E-02
 -1       676-1.23037E-04-2.72581E-06-1.37617E-02
 -1       677 2.75365E-05-2.29239E-05-1.37098E-02
 -1       678 1.76628E-05 6.96409E-05-1.33406E-02
 -1       679 3.90807E-06 1.76190E-04-1.29842E-02
 -1       680-4.11503E-05 3.03831E-04-1.25275E-02
 -1       681-1.54163E-04 4.55771E-04-1.18789E-02
 -1       682-3.74946E-04 6.15167E-04-1.08251E-02
 -1       683-5.03719E-04 7.51111E-04-9.50673E-03
 -1       684-2.45320E-04 8.25633E-04-8.49289E-03
 -1       685 2.45320E-04 8.25633E-04-8.49289E-03
 -1       686 5.03719E-04 7.51111E-04-9.50673E-03
 -1       687 3.74946E-04 6.15167E-04-1.08251E-02
 -1       688 1.54163E-04 4.55771E-04-1.18789E-02
 -1       689 4.11503E-05 3.03831E-04-1.25275E-02
 -1       690-3.90807E-06 1.76190E-04-1.29842E-02
 -1       691-1.76628E-05 6.96409E-05-1.33406E-02
 -1       692-2.75365E-05-2.29239E-05-1.37098E-02
 -1       693-1.79899E-04-6.23894E-05-1.36438E-02
 -1       694-1.88866E-04 8.66524E-05-1.32754E-02
 -1       695-1.97171E-04 2.45037E-04-1.29010E-02
 -1       696-2.28548E-04 4.36281E-04-1.24044E-02
 -1       697-3.15538E-04 6.77824E-04-1.16913E-02
 -1       698-5.04453E-04 9.72603E-04-1.05245E-02
 -1       699-5.90222E-04 1.24346E-03-9.09147E-03
 -1       700-2.74750E-04 1.41791E-03-7.99351E-03
 -1       701 2.74750E-04 1.41791E-03-7.99351E-03
 -1       702 5.90222E-04 1.24346E-03-9.09147E-03
 -1       703 5.04453E-04 9.72603E-04-1.05245E-02
 -1       704 3.15538E-04 6.77824E-04-1.16913E-02
 -1       705 2.28548E-04 4.36281E-04-1.24044E-02
 -1       706 1.97171E-04 2.45037E-04-1.29010E-02
 -1       707 1.88866E-04 8.66524E-05-1.32754E-02
 -1       708 1.79899E-04-6.23894E-05-1.36438E-02
 -1       709-4.80861E-04-1.02800E-04-1.36134E-02
 -1       710-4.97081E-04 8.96252E-05-1.32472E-02
 -1       711-5.33001E-04 2.90406E-04-1.28662E-02
 -1       712-6.23427E-04 5.36256E-04-1.23321E-02
 -1       713-7.95337E-04 8.69143E-04-1.15216E-02
 -1       714-1.05994E-03 1.30933E-03-1.01342E-02
 -1       715-1.08174E-03 1.84508E-03-8.40169E-03
 -1       716-4.74213E-04 2.24398E-03-7.06037E-03
 -1       717 4.74213E-04 2.24398E-03-7.06037E-03
 -1       718 1.08174E-03 1.84508E-03-8.40169E-03
 -1       719 1.05994E-03 1.30933E-03-1.01342E-02
 -1       720 7.95337E-04 8.69143E-04-1.15216E-02
 -1       721 6.23427E-04 5.36256E-04-1.23321E-02
 -1       722 5.33001E-04 2.90406E-04-1.28662E-02
 -1       723 4.97081E-04 8.96252E-05-1.32472E-02
 -1       724 4.80861E-04-1.02800E-04-1.36134E-02
 -1       725-9.65342E-04 1.06953E-04-1.34556E-02
 -1       726-9.99281E-04-9.67939E-05-1.32184E-02
 -1       727-1.04443E-03-3.08400E-04-1.28998E-02
 -1       728-1.11599E-03-5.40688E-04-1.24335E-02
 -1       729-1.19302E-03-8.05330E-04-1.17355E-02
 -1       730-1.14146E-03-1.09596E-03-1.08637E-02
 -1       731-8.42904E-04-1.34931E-03-1.00341E-02
 -1       732-3.14762E-04-1.49937E-03-9.53593E-03
 -1       733 3.14762E-04-1.49937E-03-9.53593E-03
 -1       734 8.42904E-04-1.34931E-03-1.00341E-02
 -1       735 1.14146E-03-1.09596E-03-1.08637E-02
 -1       736 1.19302E-03-8.05330E-04-1.17355E-02
 -1       737 1.11599E-03-5.40688E-04-1.24335E-02
 -1       738 1.04443E-03-3.08400E-04-1.28998E-02
 -1       739 9.99281E-04-9.67939E-05-1.32184E-02
 -1       740 9.65342E-04 1.06953E-04-1.34556E-02
 -1       741-6.74485E-04 5.50188E-05-1.34895E-02
 -1       742-7.06624E-04-8.08569E-05-1.32484E-02
 -1       743-7.38269E-04-2.26702E-04-1.29521E-02
 -1       744-7.85206E-04-3.90017E-04-1.25342E-02
 -1       745-8.40928E-04-5.71925E-04-1.19222E-02
 -1       746-8.08718E-04-7.58212E-04-1.11653E-02
 -1       747-5.97733E-04-9.23967E-04-1.04503E-02
 -1       748-2.22739E-04-1.02266E-03-1.00251E-02
 -1       749 2.22739E-04-1.02266E-03-1.00251E-02
 -1       750 5.97733E-04-9.23967E-04-1.04503E-02
 -1       751 8.08718E-04-7.58212E-04-1.11653E-02
 -1       752 8.40928E-04-5.71925E-04-1.19222E-02
 -1       753 7.85206E-04-3.90017E-04-1.25342E-02
 -1       754 7.38269E-04-2.26702E-04-1.29521E-02
 -1       755 7.06624E-04-8.08569E-05-1.32484E-02
 -1       756 6.74485E-04 5.50188E-05-1.34895E-02
 -1       757-4.95631E-04 2.08110E-05-1.35711E-02
 -1       758-5.29129E-04-5.66749E-05-1.33202E-02
 -1       759-5.63565E-04-1.43457E-04-1.30387E-02
 -1       760-6.16916E-04-2.41373E-04-1.26547E-02
 -1       761-6.86035E-04-3.47709E-04-1.20957E-02
 -1       762-6.83300E-04-4.52772E-04-1.13976E-02
 -1       763-5.17274E-04-5.39582E-04-1.07277E-02
 -1       764-1.94707E-04-5.89773E-04-1.03235E-02
 -1       765 1.94707E-04-5.89773E-04-1.03235E-02
 -1       766 5.17274E-04-5.39582E-04-1.07277E-02
 -1       767 6.83300E-04-4.52772E-04-1.13976E-02
 -1       768 6.86035E-04-3.47709E-04-1.20957E-02
 -1       769 6.16916E-04-2.41373E-04-1.26547E-02
 -1       770 5.63565E-04-1.43457E-04-1.30387E-02
 -1       771 5.29129E-04-5.66749E-05-1.33202E-02
 -1       772 4.95631E-04 2.08110E-05-1.35711E-02
 -1       773-4.14003E-04 5.41882E-06-1.36278E-02
 -1       774-4.50862E-04-1.95275E-05-1.33699E-02
 -1       775-4.91825E-04-4.87007E-05-1.30922E-02
 -1       776-5.56946E-04-8.15081E-05-1.27193E-02
 -1       777-6.43293E-04-1.16830E-04-1.21724E-02
 -1       778-6.56125E-04-1.51062E-04-1.14872E-02
 -1       779-5.02815E-04-1.76060E-04-1.08315E-02
 -1       780-1.91044E-04-1.89593E-04-1.04372E-02
 -1       781 1.91044E-04-1.89593E-04-1.04372E-02
 -1       782 5.02815E-04-1.76060E-04-1.08315E-02
 -1       783 6.56125E-04-1.51062E-04-1.14872E-02
 -1       784 6.43293E-04-1.16830E-04-1.21724E-02
 -1       785 5.56946E-04-8.15081E-05-1.27193E-02
 -1       786 4.91825E-04-4.87007E-05-1.30922E-02
 -1       787 4.50862E-04-1.95275E-05-1.33699E-02
 -1       788 4.14003E-04 5.41882E-06-1.36278E-02
 -1       789-4.14003E-04-5.41882E-06-1.36278E-02
 -1       790-4.50862E-04 1.95275E-05-1.33699E-02
 -1       791-4.91825E-04 4.87007E-05-1.30922E-02
 -1       792-5.56946E-04 8.15081E-05-1.27193E-02
 -1       793-6.43293E-04 1.16830E-04-1.21724E-02
 -1       794-6.56125E-04 1.51062E-04-1.14872E-02
 -1       795-5.02815E-04 1.76060E-04-1.08315E-02
 -1       796-1.91044E-04 1.89593E-04-1.04372E-02
 -1       797 1.91044E-04 1.89593E-04-1.04372E-02
 -1       798 5.02815E-04 1.76060E-04-1.08315E-02
 -1       799 6.56125E-04 1.51062E-04-1.14872E-02
 -1       800 6.43293E-04 1.16830E-04-1.21724E-02
 -1       801 5.56946E-04 8.15081E-05-1.27193E-02
 -1       802 4.91825E-04 4.87007E-05-1.30922E-02
 -1       803 4.50862E-04 1.95275E-05-1.33699E-02
 -1       804 4.14003E-04-5.41882E-06-1.36278E-02
 -1       805-4.95631E-04-2.08110E-05-1.35711E-02
 -1       806-5.29129E-04 5.66749E-05-1.33202E-02
 -1       807-5.63565E-04 1.43457E-04-1.30387E-02
 -1       808-6.16916E-04 2.41373E-04-1.26547E-02
 -1       809-6.86035E-04 3.47709E-04-1.20957E-02
 -1       810-6.83300E-04 4.52772E-04-1.13976E-02
 -1       811-5.17274E-04 5.39582E-04-1.07277E-02
 -1       812-1.94707E-04 5.89773E-04-1.03235E-02
 -1       813 1.94707E-04 5.89773E-04-1.03235E-02
 -1       814 5.17274E-04 5.39582E-04-1.07277E-02
 -1       815 6.83300E-04 4.52772E-04-1.13976E-02
 -1       816 6.86035E-04 3.47709E-04-1.20957E-02
 -1       817 6.16916E-04 2.41373E-04-1.26547E-02
 -1       818 5.63565E-04 1.43457E-04-1.30387E-02
 -1       819 5.29129E-04 5.66749E-05-1.33202E-02
 -1       820 4.95631E-04-2.08110E-05-1.35711E-02
 -1       821-6.74485E-04-5.50188E-05-1.34895E-02
 -1       822-7.06624E-04 8.08569E-05-1.32484E-02
 -1       823-7.38269E-04 2.26702E-04-1.29521E-02
 -1       824-7.85206E-04 3.90017E-04-1.25342E-02
 -1       825-8.40928E-04 5.71925E-04-1.19222E-02
 -1       826-8.08718E-04 7.58212E-04-1.11653E-02
 -1       827-5.97733E-04 9.23967E-04-1.04503E-02
 -1       828-2.22739E-04 1.02266E-03-1.00251E-02
 -1       829 2.22739E-04 1.02266E-03-1.00251E-02
 -1       830 5.97733E-04 9.23967E-04-1.04503E-02
 -1       831 8.08718E-04 7.58212E-04-1.11653E-02
 -1       832 8.40928E-04 5.71925E-04-1.19222E-02
 -1       833 7.85206E-04 3.90017E-04-1.25342E-02
 -1       834 7.38269E-04 2.26702E-04-1.29521E-02
 -1       835 7.06624E-04 8.08569E-05-1.32484E-02
 -1       836 6.74485E-04-5.50188E-05-1.34895E-02
 -1       837-9.65342E-04-1.06953E-04-1.34556E-02
 -1       838-9.99281E-04 9.67939E-05-1.32184E-02
 -1       839-1.04443E-03 3.08400E-04-1.28998E-02
 -1       840-1.11599E-03 5.40688E-04-1.24335E-02
 -1       841-1.19302E-03 8.05330E-04-1.17355E-02
 -1       842-1.14146E-03 1.09596E-03-1.08637E-02
 -1       843-8.42904E-04 1.34931E-03-1.00341E-02
 -1       844-3.14762E-04 1.49937E-03-9.53593E-03
 -1       845 3.14762E-04 1.49937E-03-9.53593E-03
 -1       846 8.42904E-04 1.34931E-03-1.00341E-02
 -1       847 1.14146E-03 1.09596E-03-1.08637E-02
 -1       848 1.19302E-03 8.05330E-04-1.17355E-02
 -1       849 1.11599E-03 5.40688E-04-1.24335E-02
 -1       850 1.04443E-03 3.08400E-04-1.28998E-02
 -1       851 9.99281E-04 9.67939E-05-1.32184E-02
 -1       852 9.65342E-04-1.06953E-04-1.34556E-02
 -1       853-1.06844E-03 6.32299E-05-1.32610E-02
 -1       854-1.09497E-03-1.18310E-04-1.32347E-02
 -1       855-1.09730E-03-2.99820E-04-1.30433E-02
 -1       856-1.10437E-03-4.87075E-04-1.27005E-02
 -1       857-1.05794E-03-6.80476E-04-1.22676E-02
 -1       858-9.04706E-04-8.63233E-04-1.18067E-02
 -1       859-6.18671E-04-1.00996E-03-1.14119E-02
 -1       860-2.19823E-04-1.09160E-03-1.11821E-02
 -1       861 2.19823E-04-1.09160E-03-1.11821E-02
 -1       862 6.18671E-04-1.00996E-03-1.14119E-02
 -1       863 9.04706E-04-8.63233E-04-1.18067E-02
 -1       864 1.05794E-03-6.80476E-04-1.22676E-02
 -1       865 1.10437E-03-4.87075E-04-1.27005E-02
 -1       866 1.09730E-03-2.99820E-04-1.30433E-02
 -1       867 1.09497E-03-1.18310E-04-1.32347E-02
 -1       868 1.06844E-03 6.32299E-05-1.32610E-02
 -1       869-8.37036E-04 2.17869E-05-1.33012E-02
 -1       870-8.62402E-04-8.28648E-05-1.32659E-02
 -1       871-8.61027E-04-1.99872E-04-1.31100E-02
 -1       872-8.63464E-04-3.25552E-04-1.28210E-02
 -1       873-8.24927E-04-4.54849E-04-1.24519E-02
 -1       874-7.03870E-04-5.77186E-04-1.20578E-02
 -1       875-4.80749E-04-6.74586E-04-1.17204E-02
 -1       876-1.70794E-04-7.29247E-04-1.15238E-02
 -1       877 1.70794E-04-7.29247E-04-1.15238E-02
 -1       878 4.80749E-04-6.74586E-04-1.17204E-02
 -1       879 7.03870E-04-5.77186E-04-1.20578E-02
 -1       880 8.24927E-04-4.54849E-04-1.24519E-02
 -1       881 8.63464E-04-3.25552E-04-1.28210E-02
 -1       882 8.61027E-04-1.99872E-04-1.31100E-02
 -1       883 8.62402E-04-8.28648E-05-1.32659E-02
 -1       884 8.37036E-04 2.17869E-05-1.33012E-02
 -1       885-7.05862E-04 1.57978E-05-1.33962E-02
 -1       886-7.33756E-04-4.04535E-05-1.33360E-02
 -1       887-7.35539E-04-1.03551E-04-1.31830E-02
 -1       888-7.43471E-04-1.71582E-04-1.29172E-02
 -1       889-7.17792E-04-2.40734E-04-1.25787E-02
 -1       890-6.18314E-04-3.04847E-04-1.22147E-02
 -1       891-4.25210E-04-3.55535E-04-1.19022E-02
 -1       892-1.51692E-04-3.83880E-04-1.17196E-02
 -1       893 1.51692E-04-3.83880E-04-1.17196E-02
 -1       894 4.25210E-04-3.55535E-04-1.19022E-02
 -1       895 6.18314E-04-3.04847E-04-1.22147E-02
 -1       896 7.17792E-04-2.40734E-04-1.25787E-02
 -1       897 7.43471E-04-1.71582E-04-1.29172E-02
 -1       898 7.35539E-04-1.03551E-04-1.31830E-02
 -1       899 7.33756E-04-4.04535E-05-1.33360E-02
 -1       900 7.05862E-04 1.57978E-05-1.33962E-02
 -1       901-6.47625E-04 5.86452E-06-1.34454E-02
 -1       902-6.77702E-04-1.20603E-05-1.33740E-02
 -1       903-6.83874E-04-3.27116E-05-1.32186E-02
 -1       904-6.97628E-04-5.46984E-05-1.29577E-02
 -1       905-6.79289E-04-7.69277E-05-1.26276E-02
 -1       906-5.89412E-04-9.72492E-05-1.22731E-02
 -1       907-4.07379E-04-1.13269E-04-1.19676E-02
 -1       908-1.45473E-04-1.22088E-04-1.17888E-02
 -1       909 1.45473E-04-1.22088E-04-1.17888E-02
 -1       910 4.07379E-04-1.13269E-04-1.19676E-02
 -1       911 5.89412E-04-9.72492E-05-1.22731E-02
 -1       912 6.79289E-04-7.69277E-05-1.26276E-02
 -1       913 6.97628E-04-5.46984E-05-1.29577E-02
 -1       914 6.83874E-04-3.27116E-05-1.32186E-02
 -1       915 6.77702E-04-1.20603E-05-1.33740E-02
 -1       916 6.47625E-04 5.86452E-06-1.34454E-02
 -1       917-6.47625E-04-5.86452E-06-1.34454E-02
 -1       918-6.77702E-04 1.20603E-05-1.33740E-02
 -1       919-6.83874E-04 3.27116E-05-1.32186E-02
 -1       920-6.97628E-04 5.46984E-05-1.29577E-02
 -1       921-6.79289E-04 7.69277E-05-1.26276E-02
 -1       922-5.89412E-04 9.72492E-05-1.22731E-02
 -1       923-4.07379E-04 1.13269E-04-1.19676E-02
 -1       924-1.45473E-04 1.22088E-04-1.17888E-02
 -1       925 1.45473E-04 1.22088E-04-1.17888E-02
 -1       926 4.07379E-04 1.13269E-04-1.19676E-02
 -1       927 5.89412E-04 9.72492E-05-1.22731E-02
 -1       928 6.79289E-04 7.69277E-05-1.26276E-02
 -1       929 6.97628E-04 5.46984E-05-1.29577E-02
 -1       930 6.83874E-04 3.27116E-05-1.32186E-02
 -1       931 6.77702E-04 1.20603E-05-1.33740E-02
 -1       932 6.47625E-04-5.86452E-06-1.34454E-02
 -1       933-7.05862E-04-1.57978E-05-1.33962E-02
 -1       934-7.33756E-04 4.04535E-05-1.33360E-02
 -1       935-7.35539E-04 1.03551E-04-1.31830E-02
 -1       936-7.43471E-04 1.71582E-04-1.29172E-02
 -1       937-7.17792E-04 2.40734E-04-1.25787E-02
 -1       938-6.18314E-04 3.04847E-04-1.22147E-02
 -1       939-4.25210E-04 3.55535E-04-1.19022E-02
 -1       940-1.51692E-04 3.83880E-04-1.17196E-02
 -1       941 1.51692E-04 3.83880E-04-1.17196E-02
 -1       942 4.25210E-04 3.55535E-04-1.19022E-02
 -1       943 6.18314E-04 3.04847E-04-1.22147E-02
 -1       944 7.17792E-04 2.40734E-04-1.25787E-02
 -1       945 7.43471E-04 1.71582E-04-1.29172E-02
 -1       946 7.35539E-04 1.03551E-04-1.31830E-02
 -1       947 7.33756E-04 4.04535E-05-1.33360E-02
 -1       948 7.05862E-04-1.57978E-05-1.33962E-02
 -1       949-8.37036E-04-2.17869E-05-1.33012E-02
 -1       950-8.62402E-04 8.28648E-05-1.32659E-02
 -1       951-8.61027E-04 1.99872E-04-1.31100E-02
 -1       952-8.63464E-04 3.25552E-04-1.28210E-02
 -1       953-8.24927E-04 4.54849E-04-1.24519E-02
 -1       954-7.03870E-04 5.77186E-04-1.20578E-02
 -1       955-4.80749E-04 6.74586E-04-1.17204E-02
 -1       956-1.70794E-04 7.29247E-04-1.15238E-02
 -1       957 1.70794E-04 7.29247E-04-1.15238E-02
 -1       958 4.80749E-04 6.74586E-04-1.17204E-02
 -1       959 7.03870E-04 5.77186E-04-1.20578E-02
 -1       960 8.24927E-04 4.54849E-04-1.24519E-02
 -1       961 8.63464E-04 3.25552E-04-1.28210E-02
 -1       962 8.61027E-04 1.99872E-04-1.31100E-02
 -1       963 8.62402E-04 8.28648E-05-1.32659E-02
 -1       964 8.37036E-04-2.17869E-05-1.33012E-02
 -1       965-1.06844E-03-6.32299E-05-1.32610E-02
 -1       966-1.09497E-03 1.18310E-04-1.32347E-02
 -1       967-1.09730E-03 2.99820E-04-1.30433E-02
 -1       968-1.10437E-03 4.87075E-04-1.27005E-02
 -1       969-1.05794E-03 6.80476E-04-1.22676E-02
 -1       970-9.04706E-04 8.63233E-04-1.18067E-02
 -1       971-6.18671E-04 1.00996E-03-1.14119E-02
 -1       972-2.19823E-04 1.09160E-03-1.11821E-02
 -1       973 2.19823E-04 1.09160E-03-1.11821E-02
 -1       974 6.18671E-04 1.00996E-03-1.14119E-02
 -1       975 9.04706E-04 8.63233E-04-1.18067E-02
 -1       976 1.05794E-03 6.80476E-04-1.22676E-02
 -1       977 1.10437E-03 4.87075E-04-1.27005E-02
 -1       978 1.09730E-03 2.99820E-04-1.30433E-02
 -1       979 1.09497E-03 1.18310E-04-1.32347E-02
 -1       980 1.06844E-03-6.32299E-05-1.32610E-02
 -1       981-7.31187E-04-6.30135E-05-1.31861E-02
 -1       982-7.03375E-04-1.49926E-04-1.33820E-02
 -1       983-7.24167E-04-2.58743E-04-1.32690E-02
 -1       984-7.25819E-04-3.82901E-04-1.30990E-02
 -1       985-6.77628E-04-5.10523E-04-1.28992E-02
 -1       986-5.61283E-04-6.27344E-04-1.27028E-02
 -1       987-3.73510E-04-7.17373E-04-1.25441E-02
 -1       988-1.31578E-04-7.66723E-04-1.24548E-02
 -1       989 1.31578E-04-7.66723E-04-1.24548E-02
 -1       990 3.73510E-04-7.17373E-04-1.25441E-02
 -1       991 5.61283E-04-6.27344E-04-1.27028E-02
 -1       992 6.77628E-04-5.10523E-04-1.28992E-02
 -1       993 7.25819E-04-3.82901E-04-1.30990E-02
 -1       994 7.24167E-04-2.58743E-04-1.32690E-02
 -1       995 7.03375E-04-1.49926E-04-1.33820E-02
 -1       996 7.31187E-04-6.30135E-05-1.31861E-02
 -1       997-6.06643E-04 9.84418E-06-1.32467E-02
 -1       998-5.72209E-04-5.07252E-05-1.34270E-02
 -1       999-5.82250E-04-1.13616E-04-1.33574E-02
 -1      1000-5.80394E-04-1.79105E-04-1.32381E-02
 -1      1001-5.40257E-04-2.44339E-04-1.30908E-02
 -1      1002-4.46750E-04-3.03544E-04-1.29430E-02
 -1      1003-2.97004E-04-3.49211E-04-1.28222E-02
 -1      1004-1.04576E-04-3.74205E-04-1.27539E-02
 -1      1005 1.04576E-04-3.74205E-04-1.27539E-02
 -1      1006 2.97004E-04-3.49211E-04-1.28222E-02
 -1      1007 4.46750E-04-3.03544E-04-1.29430E-02
 -1      1008 5.40257E-04-2.44339E-04-1.30908E-02
 -1      1009 5.80394E-04-1.79105E-04-1.32381E-02
 -1      1010 5.82250E-04-1.13616E-04-1.33574E-02
 -1      1011 5.72209E-04-5.07252E-05-1.34270E-02
 -1      1012 6.06643E-04 9.84418E-06-1.32467E-02
 -1      1013-5.37034E-04 1.69717E-05-1.33116E-02
 -1      1014-5.07897E-04-1.53249E-05-1.34559E-02
 -1      1015-5.19029E-04-5.10086E-05-1.33810E-02
 -1      1016-5.20194E-04-8.67928E-05-1.32648E-02
 -1      1017-4.86818E-04-1.21304E-04-1.31239E-02
 -1      1018-4.04348E-04-1.52043E-04-1.29830E-02
 -1      1019-2.69616E-04-1.75538E-04-1.28678E-02
 -1      1020-9.50453E-05-1.88336E-04-1.28027E-02
 -1      1021 9.50453E-05-1.88336E-04-1.28027E-02
 -1      1022 2.69616E-04-1.75538E-04-1.28678E-02
 -1      1023 4.04348E-04-1.52043E-04-1.29830E-02
 -1      1024 4.86818E-04-1.21304E-04-1.31239E-02
 -1      1025 5.20194E-04-8.67928E-05-1.32648E-02
 -1      1026 5.19029E-04-5.10086E-05-1.33810E-02
 -1      1027 5.07897E-04-1.53249E-05-1.34559E-02
 -1      1028 5.37034E-04 1.69717E-05-1.33116E-02
 -1      1029-5.04361E-04 6.80126E-06-1.33441E-02
 -1      1030-4.80882E-04-3.37651E-06-1.34748E-02
 -1      1031-4.93180E-04-1.45361E-05-1.33983E-02
 -1      1032-4.95765E-04-2.60813E-05-1.32838E-02
 -1      1033-4.65545E-04-3.70322E-05-1.31463E-02
 -1      1034-3.87879E-04-4.66332E-05-1.30090E-02
 -1      1035-2.59232E-04-5.39155E-05-1.28967E-02
 -1      1036-9.15445E-05-5.78886E-05-1.28330E-02
 -1      1037 9.15445E-05-5.78886E-05-1.28330E-02
 -1      1038 2.59232E-04-5.39155E-05-1.28967E-02
 -1      1039 3.87879E-04-4.66332E-05-1.30090E-02
 -1      1040 4.65545E-04-3.70322E-05-1.31463E-02
 -1      1041 4.95765E-04-2.60813E-05-1.32838E-02
 -1      1042 4.93180E-04-1.45361E-05-1.33983E-02
 -1      1043 4.80882E-04-3.37651E-06-1.34748E-02
 -1      1044 5.04361E-04 6.80126E-06-1.33441E-02
 -1      1045-5.04361E-04-6.80126E-06-1.33441E-02
 -1      1046-4.80882E-04 3.37651E-06-1.34748E-02
 -1      1047-4.93180E-04 1.45361E-05-1.33983E-02
 -1      1048-4.95765E-04 2.60813E-05-1.32838E-02
 -1      1049-4.65545E-04 3.70322E-05-1.31463E-02
 -1      1050-3.87879E-04 4.66332E-05-1.30090E-02
 -1      1051-2.59232E-04 5.39155E-05-1.28967E-02
 -1      1052-9.15445E-05 5.78886E-05-1.28330E-02
 -1      1053 9.15445E-05 5.78886E-05-1.28330E-02
 -1      1054 2.59232E-04 5.39155E-05-1.28967E-02
 -1      1055 3.87879E-04 4.66332E-05-1.30090E-02
 -1      1056 4.65545E-04 3.70322E-05-1.31463E-02
 -1      1057 4.95765E-04 2.60813E-05-1.32838E-02
 -1      1058 4.93180E-04 1.45361E-05-1.33983E-02
 -1      1059 4.80882E-04 3.37651E-06-1.34748E-02
 -1      1060 5.04361E-04-6.80126E-06-1.33441E-02
 -1      1061-5.37034E-04-1.69717E-05-1.33116E-02
 -1      1062-5.07897E-04 1.53249E-05-1.34559E-02
 -1      1063-5.19029E-04 5.10086E-05-1.33810E-02
 -1      1064-5.20194E-04 8.67928E-05-1.32648E-02
 -1      1065-4.86818E-04 1.21304E-04-1.31239E-02
 -1      1066-4.04348E-04 1.52043E-04-1.29830E-02
 -1      1067-2.69616E-04 1.75538E-04-1.28678E-02
 -1      1068-9.50453E-05 1.88336E-04-1.28027E-02
 -1      1069 9.50453E-05 1.88336E-04-1.28027E-02
 -1      1070 2.69616E-04 1.75538E-04-1.28678E-02
 -1      1071 4.04348E-04 1.52043E-04-1.29830E-02
 -1      1072 4.86818E-04 1.21304E-04-1.31239E-02
 -1      1073 5.20194E-04 8.67928E-05-1.32648E-02
 -1      1074 5.19029E-04 5.10086E-05-1.33810E-02
 -1      1075 5.07897E-04 1.53249E-05-1.34559E-02
 -1      1076 5.37034E-04-1.69717E-05-1.33116E-02
 -1      1077-6.06643E-04-9.84418E-06-1.32467E-02
 -1      1078-5.72209E-04 5.07252E-05-1.34270E-02
 -1      1079-5.82250E-04 1.13616E-04-1.33574E-02
 -1      1080-5.80394E-04 1.79105E-04-1.32381E-02
 -1      1081-5.40257E-04 2.44339E-04-1.30908E-02
 -1      1082-4.46750E-04 3.03544E-04-1.29430E-02
 -1      1083-2.97004E-04 3.49211E-04-1.28222E-02
 -1      1084-1.04576E-04 3.74205E-04-1.27539E-02
 -1      1085 1.04576E-04 3.74205E-04-1.27539E-02
 -1      1086 2.97004E-04 3.49211E-04-1.28222E-02
 -1      1087 4.46750E-04 3.03544E-04-1.29430E-02
 -1      1088 5.40257E-04 2.44339E-04-1.30908E-02
 -1      1089 5.80394E-04 1.79105E-04-1.32381E-02
 -1      1090 5.82250E-04 1.13616E-04-1.33574E-02
 -1      1091 5.72209E-04 5.07252E-05-1.34270E-02
 -1      1092 6.06643E-04-9.84418E-06-1.32467E-02
 -1      1093-7.31187E-04 6.30135E-05-1.31861E-02
 -1      1094-7.03375E-04 1.49926E-04-1.33820E-02
 -1      1095-7.24167E-04 2.58743E-04-1.32690E-02
 -1      1096-7.25819E-04 3.82901E-04-1.30990E-02
 -1      1097-6.77628E-04 5.10523E-04-1.28992E-02
 -1      1098-5.61283E-04 6.27344E-04-1.27028E-02
 -1      1099-3.73510E-04 7.17373E-04-1.25441E-02
 -1      1100-1.31578E-04 7.66723E-04-1.24548E-02
 -1      1101 1.31578E-04 7.66723E-04-1.24548E-02
 -1      1102 3.73510E-04 7.17373E-04-1.25441E-02
 -1      1103 5.61283E-04 6.27344E-04-1.27028E-02
 -1      1104 6.77628E-04 5.10523E-04-1.28992E-02
 -1      1105 7.25819E-04 3.82901E-04-1.30990E-02
 -1      1106 7.24167E-04 2.58743E-04-1.32690E-02
 -1      1107 7.03375E-04 1.49926E-04-1.33820E-02
 -1      1108 7.31187E-04 6.30135E-05-1.31861E-02
 -1      1109 0.00000E+00 0.00000E+00-1.36000E-02
 -1      1110 0.00000E+00 0.00000E+00-1.36000E-02
 -1      1111 0.00000E+00 0.00000E+00-1.36000E-02
 -1      1112 0.00000E+00 0.00000E+00-1.36000E-02
 -1      1113 0.00000E+00 0.00000E+00-1.36000E-02
 -1      1114 0.00000E+00 0.00000E+00-1.36000E-02
 -1      1115 0.00000E+00 0.00000E+00-1.36000E-02
 -1      1116 0.00000E+00 0.00000E+00-1.36000E-02
 -1      1117 0.00000E+00 0.00000E+00-1.36000E-02
 -1      1118 0.00000E+00 0.00000E+00-1.36000E-02
 -1      1119 0.00000E+00 0.00000E+00-1.36000E-02
 -1      1120 0.00000E+00 0.00000E+00-1.36000E-02
 -1      1121 0.00000E+00 0.00000E+00-1.36000E-02
 -1      1122 0.00000E+00 0.00000E+00-1.36000E-02
 -1      1123 0.00000E+00 0.00000E+00-1.36000E-02
 -1      1124 0.00000E+00 0.00000E+00-1.36000E-02
 -1      1125 0.00000E+00 0.00000E+00-1.36000E-02
 -1      1126 0.00000E+00 0.00000E+00-1.36000E-02
 -1      1127 0.00000E+00 0.00000E+00-1.36000E-02
 -1      1128 0.00000E+00 0.00000E+00-1.36000E-02
 -1      1129 0.00000E+00 0.00000E+00-1.36000E-02
 -1      1130 0.00000E+00 0.00000E+00-1.36000E-02
 -1      1131 0.00000E+00 0.00000E+00-1.36000E-02
 -1      1132 0.00000E+00 0.00000E+00-1.36000E-02
 -1      1133 0.00000E+00 0.00000E+00-1.36000E-02
 -1      1134 0.00000E+00 0.00000E+00-1.36000E-02
 -1      1135 0.00000E+00 0.00000E+00-1.36000E-02
 -1      1136 0.00000E+00 0.00000E+00-1.36000E-02
 -1      1137 0.00000E+00 0.00000E+00-1.36000E-02
 -1      1138 0.00000E+00 0.00000E+00-1.36000E-02
 -1      1139 0.00000E+00 0.00000E+00-1.36000E-02
 -1      1140 0.00000E+00 0.00000E+00-1.36000E-02
 -1      1141 0.00000E+00 0.00000E+00-1.36000E-02
 -1      1142 0.00000E+00 0.00000E+00-1.36000E-02
 -1      1143 0.00000E+00 0.00000E+00-1.36000E-02
 -1      1144 0.00000E+00 0.00000E+00-1.36000E-02
 -1      1145 0.00000E+00 0.00000E+00-1.36000E-02
 -1      1146 0.00000E+00 0.00000E+00-1.36000E-02
 -1      1147 0.00000E+00 0.00000E+00-1.36000E-02
 -1      1148 0.00000E+00 0.00000E+00-1.36000E-02
 -1      1149 0.00000E+00 0.00000E+00-1.36000E-02
 -1      1150 0.00000E+00 0.00000E+00-1.36000E-02
 -1      1151 0.00000E+00 0.00000E+00-1.36000E-02
 -1      1152 0.00000E+00 0.00000E+00-1.36000E-02
 -1      1153 0.00000E+00 0.00000E+00-1.36000E-02
 -1      1154 0.00000E+00 0.00000E+00-1.36000E-02
 -1      1155 0.00000E+00 0.00000E+00-1.36000E-02
 -1      1156 0.00000E+00 0.00000E+00-1.36000E-02
 -1      1157 0.00000E+00 0.00000E+00-1.36000E-02
 -1      1158 0.00000E+00 0.00000E+00-1.36000E-02
 -1      1159 0.00000E+00 0.00000E+00-1.36000E-02
 -1      1160 0.00000E+00 0.00000E+00-1.36000E-02
 -1      1161 0.00000E+00 0.00000E+00-1.36000E-02
 -1      1162 0.00000E+00 0.00000E+00-1.36000E-02
 -1      1163 0.00000E+00 0.00000E+00-1.36000E-02
 -1      1164 0.00000E+00 0.00000E+00-1.36000E-02
 -1      1165 0.00000E+00 0.00000E+00-1.36000E-02
 -1      1166 0.00000E+00 0.00000E+00-1.36000E-02
 -1      1167 0.00000E+00 0.00000E+00-1.36000E-02
 -1      1168 0.00000E+00 0.00000E+00-1.36000E-02
 -1      1169 0.00000E+00 0.00000E+00-1.36000E-02
 -1      1170 0.00000E+00 0.00000E+00-1.36000E-02
 -1      1171 0.00000E+00 0.00000E+00-1.36000E-02
 -1      1172 0.00000E+00 0.00000E+00-1.36000E-02
 -1      1173 0.00000E+00 0.00000E+00-1.36000E-02
 -1      1174 0.00000E+00 0.00000E+00-1.36000E-02
 -1      1175 0.00000E+00 0.00000E+00-1.36000E-02
 -1      1176 0.00000E+00 0.00000E+00-1.36000E-02
 -1      1177 0.00000E+00 0.00000E+00-1.36000E-02
 -1      1178 0.00000E+00 0.00000E+00-1.36000E-02
 -1      1179 0.00000E+00 0.00000E+00-1.36000E-02
 -1      1180 0.00000E+00 0.00000E+00-1.36000E-02
 -1      1181 0.00000E+00 0.00000E+00-1.36000E-02
 -1      1182 0.00000E+00 0.00000E+00-1.36000E-02
 -1      1183 0.00000E+00 0.00000E+00-1.36000E-02
 -1      1184 0.00000E+00 0.00000E+00-1.36000E-02
 -1      1185 0.00000E+00 0.00000E+00-1.36000E-02
 -1      1186 0.00000E+00 0.00000E+00-1.36000E-02
 -1      1187 0.00000E+00 0.00000E+00-1.36000E-02
 -1      1188 0.00000E+00 0.00000E+00-1.36000E-02
 -1      1189 0.00000E+00 0.00000E+00-1.36000E-02
 -1      1190 0.00000E+00 0.00000E+00-1.36000E-02
 -1      1191 0.00000E+00 0.00000E+00-1.36000E-02
 -1      1192 0.00000E+00 0.00000E+00-1.36000E-02
 -1      1193 0.00000E+00 0.00000E+00-1.36000E-02
 -1      1194 0.00000E+00 0.00000E+00-1.36000E-02
 -1      1195 0.00000E+00 0.00000E+00-1.36000E-02
 -1      1196 0.00000E+00 0.00000E+00-1.36000E-02
 -1      1197 0.00000E+00 0.00000E+00-1.36000E-02
 -1      1198 0.00000E+00 0.00000E+00-1.36000E-02
 -1      1199 0.00000E+00 0.00000E+00-1.36000E-02
 -1      1200 0.00000E+00 0.00000E+00-1.36000E-02
 -1      1201 0.00000E+00 0.00000E+00-1.36000E-02
 -1      1202 0.00000E+00 0.00000E+00-1.36000E-02
 -1      1203 0.00000E+00 0.00000E+00-1.36000E-02
 -1      1204 0.00000E+00 0.00000E+00-1.36000E-02
 -1      1205 0.00000E+00 0.00000E+00-1.36000E-02
 -1      1206 0.00000E+00 0.00000E+00-1.36000E-02
 -1      1207 0.00000E+00 0.00000E+00-1.36000E-02
 -1      1208 0.00000E+00 0.00000E+00-1.36000E-02
 -1      1209 0.00000E+00 0.00000E+00-1.36000E-02
 -1      1210 0.00000E+00 0.00000E+00-1.36000E-02
 -1      1211 0.00000E+00 0.00000E+00-1.36000E-02
 -1      1212 0.00000E+00 0.00000E+00-1.36000E-02
 -1      1213 0.00000E+00 0.00000E+00-1.36000E-02
 -1      1214 0.00000E+00 0.00000E+00-1.36000E-02
 -1      1215 0.00000E+00 0.00000E+00-1.36000E-02
 -1      1216 0.00000E+00 0.00000E+00-1.36000E-02
 -1      1217 0.00000E+00 0.00000E+00-1.36000E-02
 -1      1218 0.00000E+00 0.00000E+00-1.36000E-02
 -1      1219 0.00000E+00 0.00000E+00-1.36000E-02
 -1      1220 0.00000E+00 0.00000E+00-1.36000E-02
 -1      1221 0.00000E+00 0.00000E+00-1.36000E-02
 -1      1222 0.00000E+00 0.00000E+00-1.36000E-02
 -1      1223 0.00000E+00 0.00000E+00-1.36000E-02
 -1      1224 0.00000E+00 0.00000E+00-1.36000E-02
 -1      1225 0.00000E+00 0.00000E+00-1.36000E-02
 -1      1226 0.00000E+00 0.00000E+00-1.36000E-02
 -1      1227 0.00000E+00 0.00000E+00-1.36000E-02
 -1      1228 0.00000E+00 0.00000E+00-1.36000E-02
 -1      1229 0.00000E+00 0.00000E+00-1.36000E-02
 -1      1230 0.00000E+00 0.00000E+00-1.36000E-02
 -1      1231 0.00000E+00 0.00000E+00-1.36000E-02
 -1      1232 0.00000E+00 0.00000E+00-1.36000E-02
 -1      1233 0.00000E+00 0.00000E+00-1.36000E-02
 -1      1234 0.00000E+00 0.00000E+00-1.36000E-02
 -1      1235 0.00000E+00 0.00000E+00-1.36000E-02
 -1      1236 0.00000E+00 0.00000E+00-1.36000E-02
 -3
    1PSTEP                         2           1           1          
  100CL  101 3.40000E-01        1236                     0    1           1
 -4  STRESS      6    1
 -5  SXX         1    4    1    1
 -5  SYY         1    4    2    2
 -5  SZZ         1    4    3    3
 -5  SXY         1    4    1    2
 -5  SYZ         1    4    2    3
 -5  SZX         1    4    3    1
 -1         1-4.79660E-01-6.42572E-01-1.95922E+00 2.81849E-03-7.66541E-02-8.18141E-01
 -1         2-2.67314E-01-8.44647E-02-4.40481E-01 1.00689E-02-1.55869E-01-1.08043E+00
 -1         3-2.50017E-01-3.37789E-02-5.54886E-01 1.65200E-03-4.87739E-01-1.89487E+00
 -1         4-1.17751E+00-7.82103E-01-1.93274E+00-3.15956E-02-1.68552E+00-3.33295E+00
 -1         5-3.10933E+00-2.93299E+00-5.83654E+00 3.49852E-02-4.67291E+00-4.55904E+00
 -1         6-5.07822E+00-6.02558E+00-1.18405E+01 1.92328E-02-9.60828E+00-3.77438E+00
 -1         7-5.88836E+00-7.83736E+00-1.57419E+01-4.80657E-14-1.25886E+01-7.28528E-13
 -1         8-5.07822E+00-6.02558E+00-1.18405E+01-1.92328E-02-9.60828E+00 3.77438E+00
 -1         9-3.10933E+00-2.93299E+00-5.83654E+00-3.49852E-02-4.67291E+00 4.55904E+00
 -1        10-1.17751E+00-7.82103E-01-1.93274E+00 3.15956E-02-1.68552E+00 3.33295E+00
 -1        11-2.50017E-01-3.37789E-02-5.54886E-01-1.65200E-03-4.87739E-01 1.89487E+00
 -1        12-2.67314E-01-8.44647E-02-4.40481E-01-1.00689E-02-1.55869E-01 1.08043E+00
 -1        13-4.79660E-01-6.42572E-01-1.95922E+00-2.81849E-03-7.66541E-02 8.18141E-01
 -1        14-3.67288E-01-6.27400E-01-1.62713E+00 9.49096E-03-2.91039E-02-6.70897E-01
 -1        15-1.42631E-01-1.08498E-01-3.60147E-02-2.78583E-04-1.58119E-01-8.71154E-01
 -1        16-1.17260E-02-6.53109E-02 2.69559E-01-4.23449E-02-4.86843E-01-1.57016E+00
 -1        17-1.01039E+00-8.86057E-01-6.75854E-01-7.54900E-02-1.71057E+00-3.18658E+00
 -1        18-3.77569E+00-3.79441E+00-6.30974E+00 1.82733E-01-4.86008E+00-4.97142E+00
 -1        19-7.55417E+00-8.77300E+00-1.79002E+01 2.64294E-01-1.01552E+01-4.32917E+00
 -1        20-9.45697E+00-1.17677E+01-2.54633E+01 1.35975E-13-1.33819E+01-9.95204E-13
 -1        21-7.55417E+00-8.77300E+00-1.79002E+01-2.64294E-01-1.01552E+01 4.32917E+00
 -1        22-3.77569E+00-3.79441E+00-6.30974E+00-1.82733E-01-4.86008E+00 4.97142E+00
 -1        23-1.01039E+00-8.86057E-01-6.75854E-01 7.54900E-02-1.71057E+00 3.18658E+00
 -1        24-1.17260E-02-6.53109E-02 2.69559E-01 4.23449E-02-4.86843E-01 1.57016E+00
 -1        25-1.42631E-01-1.08498E-01-3.60147E-02 2.78583E-04-1.58119E-01 8.71154E-01
 -1        26-3.67288E-01-6.27400E-01-1.62713E+00-9.49096E-03-2.91039E-02 6.70897E-01
 -1        27-2.39400E-01-4.90610E-01-1.37016E+00-3.65725E-03-3.41717E-03-5.47173E-01
 -1        28-2.09712E-02 3.30671E-02 1.48943E-01-8.23064E-03-1.13049E-01-7.75079E-01
 -1        29 1.54422E-01 2.20083E-01 5.46915E-01-4.53679E-02-4.07856E-01-1.76488E+00
 -1        30-1.39527E+00-5.91948E-01-9.48447E-01-5.85571E-02-1.49450E+00-4.73827E+00
 -1        31-6.97854E+00-5.70640E+00-1.31410E+01 2.65073E-01-4.33327E+00-8.93084E+00
 -1        32-1.58015E+01-1.59814E+01-3.93755E+01 3.71370E-01-9.07791E+00-8.33630E+00
 -1        33-2.05196E+01-2.22141E+01-5.58095E+01 1.62245E-13-1.19521E+01-2.08344E-12
 -1        34-1.58015E+01-1.59814E+01-3.93755E+01-3.71370E-01-9.07791E+00 8.33630E+00
 -1        35-6.97854E+00-5.70640E+00-1.31410E+01-2.65073E-01-4.33327E+00 8.93084E+00
 -1        36-1.39527E+00-5.91948E-01-9.48447E-01 5.85571E-02-1.49450E+00 4.73827E+00
 -1        37 1.54422E-01 2.20083E-01 5.46915E-01 4.53679E-02-4.07856E-01 1.76488E+00
 -1        38-2.09712E-02 3.30671E-02 1.48943E-01 8.23064E-03-1.13049E-01 7.75079E-01
 -1        39-2.39400E-01-4.90610E-01-1.37016E+00 3.65725E-03-3.41717E-03 5.47173E-01
 -1        40-1.71779E-01-4.24111E-01-1.22305E+00-6.02263E-03-6.12791E-03-5.02954E-01
 -1        41 6.67305E-02 1.05480E-01 2.97496E-01-7.55856E-03-6.19302E-02-7.83033E-01
 -1        42 2.35054E-01 3.13502E-01 7.58585E-01-2.81883E-02-2.41723E-01-2.07508E+00
 -1        43-1.85816E+00-7.85733E-01-1.22834E+00-2.59161E-02-8.53552E-01-6.12629E+00
 -1        44-9.43056E+00-7.72573E+00-1.76939E+01 1.15645E-01-2.38342E+00-1.19037E+01
 -1        45-2.14763E+01-2.17429E+01-5.34520E+01 1.84266E-01-4.97895E+00-1.12171E+01
 -1        46-2.79884E+01-3.03086E+01-7.60258E+01-1.62825E-13-6.57891E+00-2.11120E-12
 -1        47-2.14763E+01-2.17429E+01-5.34520E+01-1.84266E-01-4.97895E+00 1.12171E+01
 -1        48-9.43056E+00-7.72573E+00-1.76939E+01-1.15645E-01-2.38342E+00 1.19037E+01
 -1        49-1.85816E+00-7.85733E-01-1.22834E+00 2.59161E-02-8.53552E-01 6.12629E+00
 -1        50 2.35054E-01 3.13502E-01 7.58585E-01 2.81883E-02-2.41723E-01 2.07508E+00
 -1        51 6.67305E-02 1.05480E-01 2.97496E-01 7.55856E-03-6.19302E-02 7.83033E-01
 -1        52-1.71779E-01-4.24111E-01-1.22305E+00 6.02263E-03-6.12791E-03 5.02954E-01
 -1        53-1.50487E-01-4.03166E-01-1.17958E+00-3.97772E-15-2.26954E-14-4.95042E-01
 -1        54 1.00427E-01 1.35837E-01 3.51926E-01-6.74807E-16-6.87991E-15-7.96486E-01
 -1        55 2.57975E-01 3.51633E-01 8.22873E-01-4.02872E-14-1.11591E-13-2.21288E+00
 -1        56-2.09476E+00-9.65060E-01-1.47697E+00 1.39916E-13-5.93914E-13-6.61967E+00
 -1        57-1.02191E+01-8.46879E+00-1.90244E+01 2.18256E-13-1.70242E-12-1.27503E+01
 -1        58-2.31416E+01-2.35718E+01-5.74580E+01-1.38483E-13-2.18625E-12-1.20576E+01
 -1        59-3.03190E+01-3.30251E+01-8.23319E+01-3.52773E-13-3.10862E-15 0.00000E+00
 -1        60-2.31416E+01-2.35718E+01-5.74580E+01-1.38986E-13 2.17676E-12 1.20576E+01
 -1        61-1.02191E+01-8.46879E+00-1.90244E+01 2.18103E-13 1.69936E-12 1.27503E+01
 -1        62-2.09476E+00-9.65060E-01-1.47697E+00 1.39434E-13 5.92623E-13 6.61967E+00
 -1        63 2.57975E-01 3.51633E-01 8.22873E-01-4.06342E-14 1.11116E-13 2.21288E+00
 -1        64 1.00427E-01 1.35837E-01 3.51926E-01-3.69496E-16 6.55465E-15 7.96486E-01
 -1        65-1.50487E-01-4.03166E-01-1.17958E+00-4.02976E-15 2.25098E-14 4.95042E-01
 -1        66-1.71779E-01-4.24111E-01-1.22305E+00 6.02263E-03 6.12791E-03-5.02954E-01
 -1        67 6.67305E-02 1.05480E-01 2.97496E-01 7.55856E-03 6.19302E-02-7.83033E-01
 -1        68 2.35054E-01 3.13502E-01 7.58585E-01 2.81883E-02 2.41723E-01-2.07508E+00
 -1        69-1.85816E+00-7.85733E-01-1.22834E+00 2.59161E-02 8.53552E-01-6.12629E+00
 -1        70-9.43056E+00-7.72573E+00-1.76939E+01-1.15645E-01 2.38342E+00-1.19037E+01
 -1        71-2.14763E+01-2.17429E+01-5.34520E+01-1.84266E-01 4.97895E+00-1.12171E+01
 -1        72-2.79884E+01-3.03086E+01-7.60258E+01-1.62120E-13 6.57891E+00 2.11053E-12
 -1        73-2.14763E+01-2.17429E+01-5.34520E+01 1.84266E-01 4.97895E+00 1.12171E+01
 -1        74-9.43056E+00-7.72573E+00-1.76939E+01 1.15645E-01 2.38342E+00 1.19037E+01
 -1        75-1.85816E+00-7.85733E-01-1.22834E+00-2.59161E-02 8.53552E-01 6.12629E+00
 -1        76 2.35054E-01 3.13502E-01 7.58585E-01-2.81883E-02 2.41723E-01 2.07508E+00
 -1        77 6.67305E-02 1.05480E-01 2.97496E-01-7.55856E-03 6.19302E-02 7.83033E-01
 -1        78-1.71779E-01-4.24111E-01-1.22305E+00-6.02263E-03 6.12791E-03 5.02954E-01
 -1        79-2.39400E-01-4.90610E-01-1.37016E+00 3.65725E-03 3.41717E-03-5.47173E-01
 -1        80-2.09712E-02 3.30671E-02 1.48943E-01 8.23064E-03 1.13049E-01-7.75079E-01
 -1        81 1.54422E-01 2.20083E-01 5.46915E-01 4.53679E-02 4.07856E-01-1.76488E+00
 -1        82-1.39527E+00-5.91948E-01-9.48447E-01 5.85571E-02 1.49450E+00-4.73827E+00
 -1        83-6.97854E+00-5.70640E+00-1.31410E+01-2.65073E-01 4.33327E+00-8.93084E+00
 -1        84-1.58015E+01-1.59814E+01-3.93755E+01-3.71370E-01 9.07791E+00-8.33630E+00
 -1        85-2.05196E+01-2.22141E+01-5.58095E+01 1.62786E-13 1.19521E+01 2.08056E-12
 -1        86-1.58015E+01-1.59814E+01-3.93755E+01 3.71370E-01 9.07791E+00 8.33630E+00
 -1        87-6.97854E+00-5.70640E+00-1.31410E+01 2.65073E-01 4.33327E+00 8.93084E+00
 -1        88-1.39527E+00-5.91948E-01-9.48447E-01-5.85571E-02 1.49450E+00 4.73827E+00
 -1        89 1.54422E-01 2.20083E-01 5.46915E-01-4.53679E-02 4.07856E-01 1.76488E+00
 -1        90-2.09712E-02 3.30671E-02 1.48943E-01-8.23064E-03 1.13049E-01 7.75079E-01
 -1        91-2.39400E-01-4.90610E-01-1.37016E+00-3.65725E-03 3.41717E-03 5.47173E-01
 -1        92-3.67288E-01-6.27400E-01-1.62713E+00-9.49096E-03 2.91039E-02-6.70897E-01
 -1        93-1.42631E-01-1.08498E-01-3.60147E-02 2.78583E-04 1.58119E-01-8.71154E-01
 -1        94-1.17260E-02-6.53109E-02 2.69559E-01 4.23449E-02 4.86843E-01-1.57016E+00
 -1        95-1.01039E+00-8.86057E-01-6.75854E-01 7.54900E-02 1.71057E+00-3.18658E+00
 -1        96-3.77569E+00-3.79441E+00-6.30974E+00-1.82733E-01 4.86008E+00-4.97142E+00
 -1        97-7.55417E+00-8.77300E+00-1.79002E+01-2.64294E-01 1.01552E+01-4.32917E+00
 -1        98-9.45697E+00-1.17677E+01-2.54633E+01 1.36367E-13 1.33819E+01 9.95870E-13
 -1        99-7.55417E+00-8.77300E+00-1.79002E+01 2.64294E-01 1.01552E+01 4.32917E+00
 -1       100-3.77569E+00-3.79441E+00-6.30974E+00 1.82733E-01 4.86008E+00 4.97142E+00
 -1       101-1.01039E+00-8.86057E-01-6.75854E-01-7.54900E-02 1.71057E+00 3.18658E+00
 -1       102-1.17260E-02-6.53109E-02 2.69559E-01-4.23449E-02 4.86843E-01 1.57016E+00
 -1       103-1.42631E-01-1.08498E-01-3.60147E-02-2.78583E-04 1.58119E-01 8.71154E-01
 -1       104-3.67288E-01-6.27400E-01-1.62713E+00 9.49096E-03 2.91039E-02 6.70897E-01
 -1       105-4.79660E-01-6.42572E-01-1.95922E+00-2.81849E-03 7.66541E-02-8.18141E-01
 -1       106-2.67314E-01-8.44647E-02-4.40481E-01-1.00689E-02 1.55869E-01-1.08043E+00
 -1       107-2.50017E-01-3.37789E-02-5.54886E-01-1.65200E-03 4.87739E-01-1.89487E+00
 -1       108-1.17751E+00-7.82103E-01-1.93274E+00 3.15956E-02 1.68552E+00-3.33295E+00
 -1       109-3.10933E+00-2.93299E+00-5.83654E+00-3.49852E-02 4.67291E+00-4.55904E+00
 -1       110-5.07822E+00-6.02558E+00-1.18405E+01-1.92328E-02 9.60828E+00-3.77438E+00
 -1       111-5.88836E+00-7.83736E+00-1.57419E+01-4.70735E-14 1.25886E+01 7.30527E-13
 -1       112-5.07822E+00-6.02558E+00-1.18405E+01 1.92328E-02 9.60828E+00 3.77438E+00
 -1       113-3.10933E+00-2.93299E+00-5.83654E+00 3.49852E-02 4.67291E+00 4.55904E+00
 -1       114-1.17751E+00-7.82103E-01-1.93274E+00-3.15956E-02 1.68552E+00 3.33295E+00
 -1       115-2.50017E-01-3.37789E-02-5.54886E-01 1.65200E-03 4.87739E-01 1.89487E+00
 -1       116-2.67314E-01-8.44647E-02-4.40481E-01 1.00689E-02 1.55869E-01 1.08043E+00
 -1       117-4.79660E-01-6.42572E-01-1.95922E+00 2.81849E-03 7.66541E-02 8.18141E-01
 -1       118-2.96194E-01-8.14044E-02-1.23924E+00 4.79750E-02-6.61163E-03-6.08095E-01
 -1       119-8.77331E-01-5.78657E-02-3.59104E-01-2.39133E-02-1.27187E-01-8.16167E-01
 -1       120-2.06564E+00-2.00598E-01-5.88720E-03-3.69855E-01-3.01175E-01-1.28662E+00
 -1       121-3.04685E+00-5.74594E-01-2.45433E-01-1.36042E+00-8.19777E-01-2.05020E+00
 -1       122-2.34237E+00-1.63850E+00-2.26750E+00-3.02321E+00-2.80906E+00-2.93048E+00
 -1       123 2.22089E+00-2.56184E+00-4.71589E+00-3.05266E+00-7.05918E+00-2.35957E+00
 -1       124 6.75497E+00-2.21356E+00-4.72760E+00-7.22977E-13-9.93626E+00-2.59903E-13
 -1       125 2.22089E+00-2.56184E+00-4.71589E+00 3.05266E+00-7.05918E+00 2.35957E+00
 -1       126-2.34237E+00-1.63850E+00-2.26750E+00 3.02321E+00-2.80906E+00 2.93048E+00
 -1       127-3.04685E+00-5.74594E-01-2.45433E-01 1.36042E+00-8.19777E-01 2.05020E+00
 -1       128-2.06564E+00-2.00598E-01-5.88720E-03 3.69855E-01-3.01175E-01 1.28662E+00
 -1       129-8.77331E-01-5.78657E-02-3.59104E-01 2.39133E-02-1.27187E-01 8.16167E-01
 -1       130-2.96194E-01-8.14044E-02-1.23924E+00-4.79750E-02-6.61163E-03 6.08095E-01
 -1       131-1.41257E-01-1.96893E-01-1.05283E+00 7.87203E-03-6.76442E-03-4.61978E-01
 -1       132-5.55128E-01-6.16902E-02-4.58550E-02-7.99190E-02-1.23065E-01-5.90048E-01
 -1       133-1.73427E+00-2.24970E-01 4.80653E-01-5.32710E-01-2.86094E-01-9.02563E-01
 -1       134-3.66044E+00-8.26452E-01-1.33644E-01-1.87965E+00-7.37164E-01-1.85716E+00
 -1       135-4.56694E+00-2.30869E+00-5.00235E+00-4.04799E+00-3.05306E+00-4.08461E+00
 -1       136-2.54669E+00-5.26511E+00-1.81630E+01-3.55279E+00-8.67328E+00-4.43943E+00
 -1       137 7.80673E-02-7.20662E+00-2.80660E+01-1.03806E-12-1.36144E+01-9.73999E-13
 -1       138-2.54669E+00-5.26511E+00-1.81630E+01 3.55279E+00-8.67328E+00 4.43943E+00
 -1       139-4.56694E+00-2.30869E+00-5.00235E+00 4.04799E+00-3.05306E+00 4.08461E+00
 -1       140-3.66044E+00-8.26452E-01-1.33644E-01 1.87965E+00-7.37164E-01 1.85716E+00
 -1       141-1.73427E+00-2.24970E-01 4.80653E-01 5.32710E-01-2.86094E-01 9.02563E-01
 -1       142-5.55128E-01-6.16902E-02-4.58550E-02 7.99190E-02-1.23065E-01 5.90048E-01
 -1       143-1.41257E-01-1.96893E-01-1.05283E+00-7.87203E-03-6.76442E-03 4.61978E-01
 -1       144-1.74661E-01-3.20499E-01-9.19932E-01-2.60163E-02-1.04603E-02-3.87849E-01
 -1       145-7.17631E-01-9.21283E-02 1.13602E-01-1.46677E-01-9.96304E-02-5.01381E-01
 -1       146-2.89530E+00-4.19429E-01 6.19859E-01-6.89985E-01-2.32779E-01-8.90191E-01
 -1       147-7.52873E+00-1.48191E+00-5.59442E-01-2.18438E+00-5.88750E-01-2.84918E+00
 -1       148-9.35063E+00-2.63808E+00-8.56902E+00-4.44234E+00-2.82360E+00-8.43298E+00
 -1       149-6.74188E+00-8.44676E+00-4.03626E+01-3.69897E+00-8.47361E+00-1.11500E+01
 -1       150-6.04654E+00-1.59587E+01-7.19415E+01-1.83575E-13-1.37559E+01-3.19189E-12
 -1       151-6.74188E+00-8.44676E+00-4.03626E+01 3.69897E+00-8.47361E+00 1.11500E+01
 -1       152-9.35063E+00-2.63808E+00-8.56902E+00 4.44234E+00-2.82360E+00 8.43298E+00
 -1       153-7.52873E+00-1.48191E+00-5.59442E-01 2.18438E+00-5.88750E-01 2.84918E+00
 -1       154-2.89530E+00-4.19429E-01 6.19859E-01 6.89985E-01-2.32779E-01 8.90191E-01
 -1       155-7.17631E-01-9.21283E-02 1.13602E-01 1.46677E-01-9.96304E-02 5.01381E-01
 -1       156-1.74661E-01-3.20499E-01-9.19932E-01 2.60163E-02-1.04603E-02 3.87849E-01
 -1       157-2.30097E-01-2.97683E-01-8.52379E-01-2.93396E-02-1.55309E-02-3.51158E-01
 -1       158-9.09487E-01-5.11199E-02 2.10732E-01-1.10504E-01-5.27689E-02-4.66466E-01
 -1       159-3.84400E+00-3.97497E-01 7.55845E-01-4.44246E-01-1.26494E-01-9.45559E-01
 -1       160-1.01973E+01-1.63461E+00-8.48973E-01-1.26696E+00-3.69072E-01-3.62219E+00
 -1       161-1.27751E+01-2.95833E+00-1.17493E+01-2.45806E+00-1.53518E+00-1.13027E+01
 -1       162-9.15914E+00-1.03958E+01-5.48821E+01-2.40215E+00-4.18053E+00-1.50855E+01
 -1       163-7.93585E+00-2.01524E+01-9.75567E+01 1.21202E-12-5.95420E+00-4.80904E-12
 -1       164-9.15914E+00-1.03958E+01-5.48821E+01 2.40215E+00-4.18053E+00 1.50855E+01
 -1       165-1.27751E+01-2.95833E+00-1.17493E+01 2.45806E+00-1.53518E+00 1.13027E+01
 -1       166-1.01973E+01-1.63461E+00-8.48973E-01 1.26696E+00-3.69072E-01 3.62219E+00
 -1       167-3.84400E+00-3.97497E-01 7.55845E-01 4.44246E-01-1.26494E-01 9.45559E-01
 -1       168-9.09487E-01-5.11199E-02 2.10732E-01 1.10504E-01-5.27689E-02 4.66466E-01
 -1       169-2.30097E-01-2.97683E-01-8.52379E-01 2.93396E-02-1.55309E-02 3.51158E-01
 -1       170-2.51117E-01-2.73671E-01-8.29287E-01-9.72833E-15-7.88866E-15-3.43392E-01
 -1       171-9.97111E-01-3.69749E-02 2.42501E-01-7.14654E-14-2.68605E-14-4.63356E-01
 -1       172-4.18610E+00-3.72153E-01 8.26843E-01-3.03327E-13 8.74214E-14-9.94033E-01
 -1       173-1.09112E+01-1.68313E+00-9.12526E-01-1.12593E-12-2.93437E-13-3.89576E+00
 -1       174-1.40509E+01-3.77388E+00-1.32020E+01-3.98293E-13-2.02015E-12-1.20215E+01
 -1       175-9.55677E+00-1.14998E+01-5.73009E+01 1.20504E-12-4.78406E-12-1.54887E+01
 -1       176-5.86022E+00-1.99627E+01-9.79913E+01 1.43498E-12-1.74860E-15 0.00000E+00
 -1       177-9.55677E+00-1.14998E+01-5.73009E+01 1.20556E-12 4.77775E-12 1.54887E+01
 -1       178-1.40509E+01-3.77388E+00-1.32020E+01-3.95475E-13 2.01927E-12 1.20215E+01
 -1       179-1.09112E+01-1.68313E+00-9.12526E-01-1.12494E-12 2.92334E-13 3.89576E+00
 -1       180-4.18610E+00-3.72153E-01 8.26843E-01-3.03049E-13-8.81177E-14 9.94033E-01
 -1       181-9.97111E-01-3.69749E-02 2.42501E-01-7.15456E-14 2.66484E-14 4.63356E-01
 -1       182-2.51117E-01-2.73671E-01-8.29287E-01-9.57828E-15 7.77937E-15 3.43392E-01
 -1       183-2.30097E-01-2.97683E-01-8.52379E-01 2.93396E-02 1.55309E-02-3.51158E-01
 -1       184-9.09487E-01-5.11199E-02 2.10732E-01 1.10504E-01 5.27689E-02-4.66466E-01
 -1       185-3.84400E+00-3.97497E-01 7.55845E-01 4.44246E-01 1.26494E-01-9.45559E-01
 -1       186-1.01973E+01-1.63461E+00-8.48973E-01 1.26696E+00 3.69072E-01-3.62219E+00
 -1       187-1.27751E+01-2.95833E+00-1.17493E+01 2.45806E+00 1.53518E+00-1.13027E+01
 -1       188-9.15914E+00-1.03958E+01-5.48821E+01 2.40215E+00 4.18053E+00-1.50855E+01
 -1       189-7.93585E+00-2.01524E+01-9.75567E+01 1.21053E-12 5.95420E+00 4.80904E-12
 -1       190-9.15914E+00-1.03958E+01-5.48821E+01-2.40215E+00 4.18053E+00 1.50855E+01
 -1       191-1.27751E+01-2.95833E+00-1.17493E+01-2.45806E+00 1.53518E+00 1.13027E+01
 -1       192-1.01973E+01-1.63461E+00-8.48973E-01-1.26696E+00 3.69072E-01 3.62219E+00
 -1       193-3.84400E+00-3.97497E-01 7.55845E-01-4.44246E-01 1.26494E-01 9.45559E-01
 -1       194-9.09487E-01-5.11199E-02 2.10732E-01-1.10504E-01 5.27689E-02 4.66466E-01
 -1       195-2.30097E-01-2.97683E-01-8.52379E-01-2.93396E-02 1.55309E-02 3.51158E-01
 -1       196-1.74661E-01-3.20499E-01-9.19932E-01 2.60163E-02 1.04603E-02-3.87849E-01
 -1       197-7.17631E-01-9.21283E-02 1.13602E-01 1.46677E-01 9.96304E-02-5.01381E-01
 -1       198-2.89530E+00-4.19429E-01 6.19859E-01 6.89985E-01 2.32779E-01-8.90191E-01
 -1       199-7.52873E+00-1.48191E+00-5.59442E-01 2.18438E+00 5.88750E-01-2.84918E+00
 -1       200-9.35063E+00-2.63808E+00-8.56902E+00 4.44234E+00 2.82360E+00-8.43298E+00
 -1       201-6.74188E+00-8.44676E+00-4.03626E+01 3.69897E+00 8.47361E+00-1.11500E+01
 -1       202-6.04654E+00-1.59587E+01-7.19415E+01-1.81744E-13 1.37559E+01 3.19145E-12
 -1       203-6.74188E+00-8.44676E+00-4.03626E+01-3.69897E+00 8.47361E+00 1.11500E+01
 -1       204-9.35063E+00-2.63808E+00-8.56902E+00-4.44234E+00 2.82360E+00 8.43298E+00
 -1       205-7.52873E+00-1.48191E+00-5.59442E-01-2.18438E+00 5.88750E-01 2.84918E+00
 -1       206-2.89530E+00-4.19429E-01 6.19859E-01-6.89985E-01 2.32779E-01 8.90191E-01
 -1       207-7.17631E-01-9.21283E-02 1.13602E-01-1.46677E-01 9.96304E-02 5.01381E-01
 -1       208-1.74661E-01-3.20499E-01-9.19932E-01-2.60163E-02 1.04603E-02 3.87849E-01
 -1       209-1.41257E-01-1.96893E-01-1.05283E+00-7.87203E-03 6.76442E-03-4.61978E-01
 -1       210-5.55128E-01-6.16902E-02-4.58550E-02 7.99190E-02 1.23065E-01-5.90048E-01
 -1       211-1.73427E+00-2.24970E-01 4.80653E-01 5.32710E-01 2.86094E-01-9.02563E-01
 -1       212-3.66044E+00-8.26452E-01-1.33644E-01 1.87965E+00 7.37164E-01-1.85716E+00
 -1       213-4.56694E+00-2.30869E+00-5.00235E+00 4.04799E+00 3.05306E+00-4.08461E+00
 -1       214-2.54669E+00-5.26511E+00-1.81630E+01 3.55279E+00 8.67328E+00-4.43943E+00
 -1       215 7.80673E-02-7.20662E+00-2.80660E+01-1.03836E-12 1.36144E+01 9.77052E-13
 -1       216-2.54669E+00-5.26511E+00-1.81630E+01-3.55279E+00 8.67328E+00 4.43943E+00
 -1       217-4.56694E+00-2.30869E+00-5.00235E+00-4.04799E+00 3.05306E+00 4.08461E+00
 -1       218-3.66044E+00-8.26452E-01-1.33644E-01-1.87965E+00 7.37164E-01 1.85716E+00
 -1       219-1.73427E+00-2.24970E-01 4.80653E-01-5.32710E-01 2.86094E-01 9.02563E-01
 -1       220-5.55128E-01-6.16902E-02-4.58550E-02-7.99190E-02 1.23065E-01 5.90048E-01
 -1       221-1.41257E-01-1.96893E-01-1.05283E+00 7.87203E-03 6.76442E-03 4.61978E-01
 -1       222-2.96194E-01-8.14044E-02-1.23924E+00-4.79750E-02 6.61163E-03-6.08095E-01
 -1       223-8.77331E-01-5.78657E-02-3.59104E-01 2.39133E-02 1.27187E-01-8.16167E-01
 -1       224-2.06564E+00-2.00598E-01-5.88720E-03 3.69855E-01 3.01175E-01-1.28662E+00
 -1       225-3.04685E+00-5.74594E-01-2.45433E-01 1.36042E+00 8.19777E-01-2.05020E+00
 -1       226-2.34237E+00-1.63850E+00-2.26750E+00 3.02321E+00 2.80906E+00-2.93048E+00
 -1       227 2.22089E+00-2.56184E+00-4.71589E+00 3.05266E+00 7.05918E+00-2.35957E+00
 -1       228 6.75497E+00-2.21356E+00-4.72760E+00-7.23976E-13 9.93626E+00 2.58349E-13
 -1       229 2.22089E+00-2.56184E+00-4.71589E+00-3.05266E+00 7.05918E+00 2.35957E+00
 -1       230-2.34237E+00-1.63850E+00-2.26750E+00-3.02321E+00 2.80906E+00 2.93048E+00
 -1       231-3.04685E+00-5.74594E-01-2.45433E-01-1.36042E+00 8.19777E-01 2.05020E+00
 -1       232-2.06564E+00-2.00598E-01-5.88720E-03-3.69855E-01 3.01175E-01 1.28662E+00
 -1       233-8.77331E-01-5.78657E-02-3.59104E-01-2.39133E-02 1.27187E-01 8.16167E-01
 -1       234-2.96194E-01-8.14044E-02-1.23924E+00 4.79750E-02 6.61163E-03 6.08095E-01
 -1       235-3.21745E-01-1.21120E-01-3.31186E-01-2.43767E-03 4.20237E-02-2.36321E-01
 -1       236-5.58420E-01-3.11658E-02-8.68128E-02-5.08935E-02-3.77644E-02-2.84993E-01
 -1       237-1.06384E+00 2.29965E-02 4.77873E-01-2.98186E-01-3.39616E-03-1.82335E-01
 -1       238-1.05406E+00 8.77173E-02 1.24101E+00-9.63395E-01 2.37865E-01 5.95946E-02
 -1       239 3.60884E-01-4.67789E-01 2.08041E+00-2.42032E+00 4.59101E-01 2.34689E-01
 -1       240 2.90125E+00-4.49462E+00 2.44703E+00-3.75633E+00-2.17432E+00 2.25360E-01
 -1       241 5.77921E+00-1.10935E+01 4.86186E+00-8.37552E-13-5.32679E+00 6.42819E-14
 -1       242 2.90125E+00-4.49462E+00 2.44703E+00 3.75633E+00-2.17432E+00-2.25360E-01
 -1       243 3.60884E-01-4.67789E-01 2.08041E+00 2.42032E+00 4.59101E-01-2.34689E-01
 -1       244-1.05406E+00 8.77173E-02 1.24101E+00 9.63395E-01 2.37865E-01-5.95946E-02
 -1       245-1.06384E+00 2.29965E-02 4.77873E-01 2.98186E-01-3.39616E-03 1.82335E-01
 -1       246-5.58420E-01-3.11658E-02-8.68128E-02 5.08935E-02-3.77644E-02 2.84993E-01
 -1       247-3.21745E-01-1.21120E-01-3.31186E-01 2.43767E-03 4.20237E-02 2.36321E-01
 -1       248-1.54317E-01-9.03317E-02-3.07383E-01-1.17677E-02 8.19690E-03-1.54600E-01
 -1       249-2.67080E-01 4.34100E-02-4.20529E-02-9.56188E-02-3.85655E-02-1.75132E-01
 -1       250-6.46715E-01 1.65220E-01 3.54925E-01-4.44431E-01-5.26201E-03-6.41175E-02
 -1       251-1.60373E+00 2.24814E-01 2.02137E-01-1.35812E+00 2.46136E-01-1.59751E-01
 -1       252-3.87155E+00-8.24962E-01-2.03264E+00-3.78581E+00 2.91358E-01-2.04526E+00
 -1       253-3.80143E+00-6.17731E+00-1.22450E+01-6.92652E+00-5.45373E+00-4.97542E+00
 -1       254 2.97146E+00-1.35575E+01-2.69437E+01-1.72840E-12-1.22651E+01-7.27640E-13
 -1       255-3.80143E+00-6.17731E+00-1.22450E+01 6.92652E+00-5.45373E+00 4.97542E+00
 -1       256-3.87155E+00-8.24962E-01-2.03264E+00 3.78581E+00 2.91358E-01 2.04526E+00
 -1       257-1.60373E+00 2.24814E-01 2.02137E-01 1.35812E+00 2.46136E-01 1.59751E-01
 -1       258-6.46715E-01 1.65220E-01 3.54925E-01 4.44431E-01-5.26201E-03 6.41175E-02
 -1       259-2.67080E-01 4.34100E-02-4.20529E-02 9.56188E-02-3.85655E-02 1.75132E-01
 -1       260-1.54317E-01-9.03317E-02-3.07383E-01 1.17677E-02 8.19690E-03 1.54600E-01
 -1       261-1.32438E-01-6.65939E-02-2.74952E-01-5.40434E-02-2.48886E-02-1.24829E-01
 -1       262-3.11885E-01 1.34640E-01 8.38550E-02-1.63893E-01-4.92385E-02-7.19183E-02
 -1       263-9.24702E-01 3.62144E-01 5.93607E-01-5.63814E-01-9.38743E-03 2.69705E-01
 -1       264-4.03687E+00-6.32204E-02 5.68196E-03-1.52623E+00 2.33613E-01 1.99217E-01
 -1       265-1.28097E+01-1.62759E+00-2.85041E+00-4.07612E+00 9.75146E-02-5.11487E+00
 -1       266-1.00552E+01-4.24409E+00-3.12719E+01-7.55926E+00-6.60259E+00-1.46493E+01
 -1       267-4.81395E+00-2.38190E+01-1.22795E+02-3.37796E-12-1.42827E+01-4.84501E-12
 -1       268-1.00552E+01-4.24409E+00-3.12719E+01 7.55926E+00-6.60259E+00 1.46493E+01
 -1       269-1.28097E+01-1.62759E+00-2.85041E+00 4.07612E+00 9.75146E-02 5.11487E+00
 -1       270-4.03687E+00-6.32204E-02 5.68196E-03 1.52623E+00 2.33613E-01-1.99217E-01
 -1       271-9.24702E-01 3.62144E-01 5.93607E-01 5.63814E-01-9.38743E-03-2.69705E-01
 -1       272-3.11885E-01 1.34640E-01 8.38550E-02 1.63893E-01-4.92385E-02 7.19183E-02
 -1       273-1.32438E-01-6.65939E-02-2.74952E-01 5.40434E-02-2.48886E-02 1.24829E-01
 -1       274-1.71985E-01-4.35271E-03-2.66413E-01-5.40281E-02-2.63733E-02-1.08142E-01
 -1       275-4.40154E-01 2.31316E-01 1.55483E-01-1.32273E-01-2.96346E-02-6.09278E-03
 -1       276-1.36137E+00 5.69233E-01 7.31619E-01-3.91639E-01 8.47864E-03 4.69037E-01
 -1       277-5.69987E+00 1.49213E-02-4.16332E-02-9.33022E-01 1.34819E-01 3.20557E-01
 -1       278-1.77853E+01-2.34172E+00-3.99299E+00-1.83790E+00 2.94263E-03-6.94339E+00
 -1       279-1.41399E+01-6.53033E+00-4.19452E+01-2.29900E+00-1.73302E+00-1.99221E+01
 -1       280-6.43559E+00-3.34954E+01-1.64521E+02 1.76463E-12-3.50684E+00-8.80185E-12
 -1       281-1.41399E+01-6.53033E+00-4.19452E+01 2.29900E+00-1.73302E+00 1.99221E+01
 -1       282-1.77853E+01-2.34172E+00-3.99299E+00 1.83790E+00 2.94263E-03 6.94339E+00
 -1       283-5.69987E+00 1.49213E-02-4.16332E-02 9.33022E-01 1.34819E-01-3.20557E-01
 -1       284-1.36137E+00 5.69233E-01 7.31619E-01 3.91639E-01 8.47864E-03-4.69037E-01
 -1       285-4.40154E-01 2.31316E-01 1.55483E-01 1.32273E-01-2.96346E-02 6.09278E-03
 -1       286-1.71985E-01-4.35271E-03-2.66413E-01 5.40281E-02-2.63733E-02 1.08142E-01
 -1       287-1.92102E-01 4.12347E-02-2.68449E-01-1.37963E-14-2.31282E-14-1.04197E-01
 -1       288-4.90541E-01 2.79500E-01 1.77706E-01-2.84980E-14 3.28815E-14 1.64406E-02
 -1       289-1.59260E+00 6.46726E-01 7.53902E-01-1.64747E-13-2.65656E-14 5.30259E-01
 -1       290-6.03862E+00 2.55219E-01 9.94063E-02-6.00728E-13 5.82645E-13 3.27807E-01
 -1       291-1.75900E+01-2.64623E+00-4.53471E+00-3.65763E-12-2.34851E-12-6.87004E+00
 -1       292-1.52805E+01-1.15543E+01-4.17432E+01 6.57037E-13-8.36231E-12-1.94472E+01
 -1       293-6.95034E-02-3.62783E+01-1.40680E+02 7.68054E-12 4.21885E-15-8.88178E-16
 -1       294-1.52805E+01-1.15543E+01-4.17432E+01 6.61212E-13 8.36093E-12 1.94472E+01
 -1       295-1.75900E+01-2.64623E+00-4.53471E+00-3.65805E-12 2.34892E-12 6.87004E+00
 -1       296-6.03862E+00 2.55219E-01 9.94063E-02-5.99722E-13-5.83473E-13-3.27807E-01
 -1       297-1.59260E+00 6.46726E-01 7.53902E-01-1.64969E-13 2.60209E-14-5.30259E-01
 -1       298-4.90541E-01 2.79500E-01 1.77706E-01-2.85856E-14-3.31801E-14-1.64406E-02
 -1       299-1.92102E-01 4.12347E-02-2.68449E-01-1.39090E-14 2.31915E-14 1.04197E-01
 -1       300-1.71985E-01-4.35271E-03-2.66413E-01 5.40281E-02 2.63733E-02-1.08142E-01
 -1       301-4.40154E-01 2.31316E-01 1.55483E-01 1.32273E-01 2.96346E-02-6.09278E-03
 -1       302-1.36137E+00 5.69233E-01 7.31619E-01 3.91639E-01-8.47864E-03 4.69037E-01
 -1       303-5.69987E+00 1.49213E-02-4.16332E-02 9.33022E-01-1.34819E-01 3.20557E-01
 -1       304-1.77853E+01-2.34172E+00-3.99299E+00 1.83790E+00-2.94263E-03-6.94339E+00
 -1       305-1.41399E+01-6.53033E+00-4.19452E+01 2.29900E+00 1.73302E+00-1.99221E+01
 -1       306-6.43559E+00-3.34954E+01-1.64521E+02 1.76670E-12 3.50684E+00 8.79297E-12
 -1       307-1.41399E+01-6.53033E+00-4.19452E+01-2.29900E+00 1.73302E+00 1.99221E+01
 -1       308-1.77853E+01-2.34172E+00-3.99299E+00-1.83790E+00-2.94263E-03 6.94339E+00
 -1       309-5.69987E+00 1.49213E-02-4.16332E-02-9.33022E-01-1.34819E-01-3.20557E-01
 -1       310-1.36137E+00 5.69233E-01 7.31619E-01-3.91639E-01-8.47864E-03-4.69037E-01
 -1       311-4.40154E-01 2.31316E-01 1.55483E-01-1.32273E-01 2.96346E-02 6.09278E-03
 -1       312-1.71985E-01-4.35271E-03-2.66413E-01-5.40281E-02 2.63733E-02 1.08142E-01
 -1       313-1.32438E-01-6.65939E-02-2.74952E-01 5.40434E-02 2.48886E-02-1.24829E-01
 -1       314-3.11885E-01 1.34640E-01 8.38550E-02 1.63893E-01 4.92385E-02-7.19183E-02
 -1       315-9.24702E-01 3.62144E-01 5.93607E-01 5.63814E-01 9.38743E-03 2.69705E-01
 -1       316-4.03687E+00-6.32204E-02 5.68196E-03 1.52623E+00-2.33613E-01 1.99217E-01
 -1       317-1.28097E+01-1.62759E+00-2.85041E+00 4.07612E+00-9.75146E-02-5.11487E+00
 -1       318-1.00552E+01-4.24409E+00-3.12719E+01 7.55926E+00 6.60259E+00-1.46493E+01
 -1       319-4.81395E+00-2.38190E+01-1.22795E+02-3.37674E-12 1.42827E+01 4.83835E-12
 -1       320-1.00552E+01-4.24409E+00-3.12719E+01-7.55926E+00 6.60259E+00 1.46493E+01
 -1       321-1.28097E+01-1.62759E+00-2.85041E+00-4.07612E+00-9.75146E-02 5.11487E+00
 -1       322-4.03687E+00-6.32204E-02 5.68196E-03-1.52623E+00-2.33613E-01-1.99217E-01
 -1       323-9.24702E-01 3.62144E-01 5.93607E-01-5.63814E-01 9.38743E-03-2.69705E-01
 -1       324-3.11885E-01 1.34640E-01 8.38550E-02-1.63893E-01 4.92385E-02 7.19183E-02
 -1       325-1.32438E-01-6.65939E-02-2.74952E-01-5.40434E-02 2.48886E-02 1.24829E-01
 -1       326-1.54317E-01-9.03317E-02-3.07383E-01 1.17677E-02-8.19690E-03-1.54600E-01
 -1       327-2.67080E-01 4.34100E-02-4.20529E-02 9.56188E-02 3.85655E-02-1.75132E-01
 -1       328-6.46715E-01 1.65220E-01 3.54925E-01 4.44431E-01 5.26201E-03-6.41175E-02
 -1       329-1.60373E+00 2.24814E-01 2.02137E-01 1.35812E+00-2.46136E-01-1.59751E-01
 -1       330-3.87155E+00-8.24962E-01-2.03264E+00 3.78581E+00-2.91358E-01-2.04526E+00
 -1       331-3.80143E+00-6.17731E+00-1.22450E+01 6.92652E+00 5.45373E+00-4.97542E+00
 -1       332 2.97146E+00-1.35575E+01-2.69437E+01-1.72978E-12 1.22651E+01 7.25531E-13
 -1       333-3.80143E+00-6.17731E+00-1.22450E+01-6.92652E+00 5.45373E+00 4.97542E+00
 -1       334-3.87155E+00-8.24962E-01-2.03264E+00-3.78581E+00-2.91358E-01 2.04526E+00
 -1       335-1.60373E+00 2.24814E-01 2.02137E-01-1.35812E+00-2.46136E-01 1.59751E-01
 -1       336-6.46715E-01 1.65220E-01 3.54925E-01-4.44431E-01 5.26201E-03 6.41175E-02
 -1       337-2.67080E-01 4.34100E-02-4.20529E-02-9.56188E-02 3.85655E-02 1.75132E-01
 -1       338-1.54317E-01-9.03317E-02-3.07383E-01-1.17677E-02-8.19690E-03 1.54600E-01
 -1       339-3.21745E-01-1.21120E-01-3.31186E-01 2.43767E-03-4.20237E-02-2.36321E-01
 -1       340-5.58420E-01-3.11658E-02-8.68128E-02 5.08935E-02 3.77644E-02-2.84993E-01
 -1       341-1.06384E+00 2.29965E-02 4.77873E-01 2.98186E-01 3.39616E-03-1.82335E-01
 -1       342-1.05406E+00 8.77173E-02 1.24101E+00 9.63395E-01-2.37865E-01 5.95946E-02
 -1       343 3.60884E-01-4.67789E-01 2.08041E+00 2.42032E+00-4.59101E-01 2.34689E-01
 -1       344 2.90125E+00-4.49462E+00 2.44703E+00 3.75633E+00 2.17432E+00 2.25360E-01
 -1       345 5.77921E+00-1.10935E+01 4.86186E+00-8.37219E-13 5.32679E+00-6.44484E-14
 -1       346 2.90125E+00-4.49462E+00 2.44703E+00-3.75633E+00 2.17432E+00-2.25360E-01
 -1       347 3.60884E-01-4.67789E-01 2.08041E+00-2.42032E+00-4.59101E-01-2.34689E-01
 -1       348-1.05406E+00 8.77173E-02 1.24101E+00-9.63395E-01-2.37865E-01-5.95946E-02
 -1       349-1.06384E+00 2.29965E-02 4.77873E-01-2.98186E-01 3.39616E-03 1.82335E-01
 -1       350-5.58420E-01-3.11658E-02-8.68128E-02-5.08935E-02 3.77644E-02 2.84993E-01
 -1       351-3.21745E-01-1.21120E-01-3.31186E-01-2.43767E-03-4.20237E-02 2.36321E-01
 -1       352-6.63678E-02-2.69482E-02-8.28509E-02 6.66512E-03 1.82812E-02-7.69285E-02
 -1       353-3.60382E-02 7.59382E-02 9.96148E-03-1.83833E-02-3.79768E-03-4.71916E-02
 -1       354 5.03265E-01 2.24871E-01 3.23987E-01 3.96601E-03 7.20282E-02 2.22019E-01
 -1       355 1.79845E+00 3.25062E-01 4.85394E-01 3.39482E-01 5.10460E-01 8.39871E-01
 -1       356 2.66554E+00 5.82413E-01 4.78730E-01 1.51609E+00 1.38269E+00 1.32452E+00
 -1       357 1.51251E+00 1.22312E+00 1.74001E+00 2.71721E+00 1.20539E+00 1.51193E+00
 -1       358 6.76621E+00 6.99516E+00 1.12055E+01 7.65610E-13-4.53004E+00 3.48610E-13
 -1       359 1.51251E+00 1.22312E+00 1.74001E+00-2.71721E+00 1.20539E+00-1.51193E+00
 -1       360 2.66554E+00 5.82413E-01 4.78730E-01-1.51609E+00 1.38269E+00-1.32452E+00
 -1       361 1.79845E+00 3.25062E-01 4.85394E-01-3.39482E-01 5.10460E-01-8.39871E-01
 -1       362 5.03265E-01 2.24871E-01 3.23987E-01-3.96601E-03 7.20282E-02-2.22019E-01
 -1       363-3.60382E-02 7.59382E-02 9.96148E-03 1.83833E-02-3.79768E-03 4.71916E-02
 -1       364-6.63678E-02-2.69482E-02-8.28509E-02-6.66512E-03 1.82812E-02 7.69285E-02
 -1       365 6.44460E-02 8.17622E-03-6.34688E-02-3.31123E-02 9.75806E-03-4.48660E-02
 -1       366 2.70200E-01 1.80228E-01 2.29903E-02-1.07582E-01 8.09005E-05-1.40736E-02
 -1       367 1.26579E+00 5.31474E-01 2.13844E-01-1.70448E-01 9.39603E-02 2.04883E-01
 -1       368 3.52823E+00 1.31234E+00-2.15869E-02 2.72296E-01 4.32815E-01 4.57407E-01
 -1       369 3.37593E+00 1.15115E+00-2.31305E+00 2.34509E+00 1.42684E+00-4.68684E-01
 -1       370-7.89042E+00-4.57329E+00-6.98875E+00 5.34254E+00-4.61943E-02-2.27241E+00
 -1       371-5.42299E+00-7.77429E+00-1.80171E+01 1.52128E-12-1.75984E+01-5.86198E-13
 -1       372-7.89042E+00-4.57329E+00-6.98875E+00-5.34254E+00-4.61943E-02 2.27241E+00
 -1       373 3.37593E+00 1.15115E+00-2.31305E+00-2.34509E+00 1.42684E+00 4.68684E-01
 -1       374 3.52823E+00 1.31234E+00-2.15869E-02-2.72296E-01 4.32815E-01-4.57407E-01
 -1       375 1.26579E+00 5.31474E-01 2.13844E-01 1.70448E-01 9.39603E-02-2.04883E-01
 -1       376 2.70200E-01 1.80228E-01 2.29903E-02 1.07582E-01 8.09005E-05 1.40736E-02
 -1       377 6.44460E-02 8.17622E-03-6.34688E-02 3.31123E-02 9.75806E-03 4.48660E-02
 -1       378 4.14533E-02 8.38884E-02-8.76321E-02-9.14086E-02-1.97981E-02-2.88715E-02
 -1       379 3.45627E-01 3.94336E-01 8.71243E-02-2.08225E-01-8.29788E-03 7.48986E-02
 -1       380 1.86907E+00 1.20251E+00 4.00252E-01-3.42218E-01 8.81838E-02 5.19940E-01
 -1       381 6.64391E+00 3.06018E+00 2.56850E-01 1.17074E-01 3.75063E-01 1.25071E+00
 -1       382 9.26115E+00 4.30890E+00-1.12672E-01 2.39347E+00 1.18930E+00-2.44699E+00
 -1       383-2.25900E+01-1.02311E+01-2.03543E+01 5.86014E+00-9.88294E-01-1.74319E+01
 -1       384-6.28957E+01-6.52803E+01-1.62358E+02 2.94309E-12-2.16302E+01-2.58193E-12
 -1       385-2.25900E+01-1.02311E+01-2.03543E+01-5.86014E+00-9.88294E-01 1.74319E+01
 -1       386 9.26115E+00 4.30890E+00-1.12672E-01-2.39347E+00 1.18930E+00 2.44699E+00
 -1       387 6.64391E+00 3.06018E+00 2.56850E-01-1.17074E-01 3.75063E-01-1.25071E+00
 -1       388 1.86907E+00 1.20251E+00 4.00252E-01 3.42218E-01 8.81838E-02-5.19940E-01
 -1       389 3.45627E-01 3.94336E-01 8.71243E-02 2.08225E-01-8.29788E-03-7.48986E-02
 -1       390 4.14533E-02 8.38884E-02-8.76321E-02 9.14086E-02-1.97981E-02 2.88715E-02
 -1       391-2.46460E-02 1.89654E-01-9.42698E-02-8.60981E-02-2.54918E-02-1.93399E-02
 -1       392 3.07628E-01 5.80665E-01 1.38675E-01-1.64137E-01-1.10814E-02 1.37119E-01
 -1       393 2.22468E+00 1.75548E+00 5.51605E-01-2.47281E-01 4.11035E-02 7.43772E-01
 -1       394 8.59370E+00 4.20951E+00 4.75961E-01 3.37024E-02 2.79354E-01 1.68564E+00
 -1       395 1.18545E+01 4.98079E+00-3.17981E-01 9.75327E-01 4.85797E-01-3.20122E+00
 -1       396-3.12229E+01-1.58441E+01-2.65419E+01 1.58394E+00-5.73027E-02-2.31699E+01
 -1       397-8.40595E+01-8.95373E+01-2.15494E+02-1.66472E-12-1.61087E+00-1.62483E-11
 -1       398-3.12229E+01-1.58441E+01-2.65419E+01-1.58394E+00-5.73027E-02 2.31699E+01
 -1       399 1.18545E+01 4.98079E+00-3.17981E-01-9.75327E-01 4.85797E-01 3.20122E+00
 -1       400 8.59370E+00 4.20951E+00 4.75961E-01-3.37024E-02 2.79354E-01-1.68564E+00
 -1       401 2.22468E+00 1.75548E+00 5.51605E-01 2.47281E-01 4.11035E-02-7.43772E-01
 -1       402 3.07628E-01 5.80665E-01 1.38675E-01 1.64137E-01-1.10814E-02-1.37119E-01
 -1       403-2.46460E-02 1.89654E-01-9.42698E-02 8.60981E-02-2.54918E-02 1.93399E-02
 -1       404-5.97535E-02 2.34068E-01-1.07347E-01-1.36592E-14 6.69603E-16-1.65557E-02
 -1       405 2.85798E-01 6.51693E-01 1.54982E-01-4.55191E-15 2.44726E-15 1.56802E-01
 -1       406 2.38091E+00 1.95161E+00 5.90788E-01 1.84130E-13 1.35149E-13 8.21675E-01
 -1       407 9.07333E+00 4.55229E+00 5.64819E-01 6.77181E-13-3.90507E-13 1.73867E+00
 -1       408 1.09773E+01 3.88067E+00-2.29637E+00 3.35713E-12 2.86499E-12-2.51185E+00
 -1       409-3.30343E+01-2.03790E+01-2.63310E+01-6.43641E-13-1.66450E-11-1.75951E+01
 -1       410-6.46857E+01-7.49854E+01-1.66205E+02-6.94800E-12 4.44089E-16 2.04281E-14
 -1       411-3.30343E+01-2.03790E+01-2.63310E+01-6.43791E-13 1.66476E-11 1.75951E+01
 -1       412 1.09773E+01 3.88067E+00-2.29637E+00 3.35976E-12-2.86161E-12 2.51185E+00
 -1       413 9.07333E+00 4.55229E+00 5.64819E-01 6.77302E-13 3.88807E-13-1.73867E+00
 -1       414 2.38091E+00 1.95161E+00 5.90788E-01 1.84790E-13-1.34578E-13-8.21675E-01
 -1       415 2.85798E-01 6.51693E-01 1.54982E-01-5.00294E-15-3.16077E-15-1.56802E-01
 -1       416-5.97535E-02 2.34068E-01-1.07347E-01-1.37668E-14-5.51642E-16 1.65557E-02
 -1       417-2.46460E-02 1.89654E-01-9.42698E-02 8.60981E-02 2.54918E-02-1.93399E-02
 -1       418 3.07628E-01 5.80665E-01 1.38675E-01 1.64137E-01 1.10814E-02 1.37119E-01
 -1       419 2.22468E+00 1.75548E+00 5.51605E-01 2.47281E-01-4.11035E-02 7.43772E-01
 -1       420 8.59370E+00 4.20951E+00 4.75961E-01-3.37024E-02-2.79354E-01 1.68564E+00
 -1       421 1.18545E+01 4.98079E+00-3.17981E-01-9.75327E-01-4.85797E-01-3.20122E+00
 -1       422-3.12229E+01-1.58441E+01-2.65419E+01-1.58394E+00 5.73027E-02-2.31699E+01
 -1       423-8.40595E+01-8.95373E+01-2.15494E+02-1.66608E-12 1.61087E+00 1.62110E-11
 -1       424-3.12229E+01-1.58441E+01-2.65419E+01 1.58394E+00 5.73027E-02 2.31699E+01
 -1       425 1.18545E+01 4.98079E+00-3.17981E-01 9.75327E-01-4.85797E-01 3.20122E+00
 -1       426 8.59370E+00 4.20951E+00 4.75961E-01 3.37024E-02-2.79354E-01-1.68564E+00
 -1       427 2.22468E+00 1.75548E+00 5.51605E-01-2.47281E-01-4.11035E-02-7.43772E-01
 -1       428 3.07628E-01 5.80665E-01 1.38675E-01-1.64137E-01 1.10814E-02-1.37119E-01
 -1       429-2.46460E-02 1.89654E-01-9.42698E-02-8.60981E-02 2.54918E-02 1.93399E-02
 -1       430 4.14533E-02 8.38884E-02-8.76321E-02 9.14086E-02 1.97981E-02-2.88715E-02
 -1       431 3.45627E-01 3.94336E-01 8.71243E-02 2.08225E-01 8.29788E-03 7.48986E-02
 -1       432 1.86907E+00 1.20251E+00 4.00252E-01 3.42218E-01-8.81838E-02 5.19940E-01
 -1       433 6.64391E+00 3.06018E+00 2.56850E-01-1.17074E-01-3.75063E-01 1.25071E+00
 -1       434 9.26115E+00 4.30890E+00-1.12672E-01-2.39347E+00-1.18930E+00-2.44699E+00
 -1       435-2.25900E+01-1.02311E+01-2.03543E+01-5.86014E+00 9.88294E-01-1.74319E+01
 -1       436-6.28957E+01-6.52803E+01-1.62358E+02 2.94009E-12 2.16302E+01 2.58105E-12
 -1       437-2.25900E+01-1.02311E+01-2.03543E+01 5.86014E+00 9.88294E-01 1.74319E+01
 -1       438 9.26115E+00 4.30890E+00-1.12672E-01 2.39347E+00-1.18930E+00 2.44699E+00
 -1       439 6.64391E+00 3.06018E+00 2.56850E-01 1.17074E-01-3.75063E-01-1.25071E+00
 -1       440 1.86907E+00 1.20251E+00 4.00252E-01-3.42218E-01-8.81838E-02-5.19940E-01
 -1       441 3.45627E-01 3.94336E-01 8.71243E-02-2.08225E-01 8.29788E-03-7.48986E-02
 -1       442 4.14533E-02 8.38884E-02-8.76321E-02-9.14086E-02 1.97981E-02 2.88715E-02
 -1       443 6.44460E-02 8.17622E-03-6.34688E-02 3.31123E-02-9.75806E-03-4.48660E-02
 -1       444 2.70200E-01 1.80228E-01 2.29903E-02 1.07582E-01-8.09005E-05-1.40736E-02
 -1       445 1.26579E+00 5.31474E-01 2.13844E-01 1.70448E-01-9.39603E-02 2.04883E-01
 -1       446 3.52823E+00 1.31234E+00-2.15869E-02-2.72296E-01-4.32815E-01 4.57407E-01
 -1       447 3.37593E+00 1.15115E+00-2.31305E+00-2.34509E+00-1.42684E+00-4.68684E-01
 -1       448-7.89042E+00-4.57329E+00-6.98875E+00-5.34254E+00 4.61943E-02-2.27241E+00
 -1       449-5.42299E+00-7.77429E+00-1.80171E+01 1.52300E-12 1.75984E+01 5.92193E-13
 -1       450-7.89042E+00-4.57329E+00-6.98875E+00 5.34254E+00 4.61943E-02 2.27241E+00
 -1       451 3.37593E+00 1.15115E+00-2.31305E+00 2.34509E+00-1.42684E+00 4.68684E-01
 -1       452 3.52823E+00 1.31234E+00-2.15869E-02 2.72296E-01-4.32815E-01-4.57407E-01
 -1       453 1.26579E+00 5.31474E-01 2.13844E-01-1.70448E-01-9.39603E-02-2.04883E-01
 -1       454 2.70200E-01 1.80228E-01 2.29903E-02-1.07582E-01-8.09005E-05 1.40736E-02
 -1       455 6.44460E-02 8.17622E-03-6.34688E-02-3.31123E-02-9.75806E-03 4.48660E-02
 -1       456-6.63678E-02-2.69482E-02-8.28509E-02-6.66512E-03-1.82812E-02-7.69285E-02
 -1       457-3.60382E-02 7.59382E-02 9.96148E-03 1.83833E-02 3.79768E-03-4.71916E-02
 -1       458 5.03265E-01 2.24871E-01 3.23987E-01-3.96601E-03-7.20282E-02 2.22019E-01
 -1       459 1.79845E+00 3.25062E-01 4.85394E-01-3.39482E-01-5.10460E-01 8.39871E-01
 -1       460 2.66554E+00 5.82413E-01 4.78730E-01-1.51609E+00-1.38269E+00 1.32452E+00
 -1       461 1.51251E+00 1.22312E+00 1.74001E+00-2.71721E+00-1.20539E+00 1.51193E+00
 -1       462 6.76621E+00 6.99516E+00 1.12055E+01 7.63556E-13 4.53004E+00-3.49942E-13
 -1       463 1.51251E+00 1.22312E+00 1.74001E+00 2.71721E+00-1.20539E+00-1.51193E+00
 -1       464 2.66554E+00 5.82413E-01 4.78730E-01 1.51609E+00-1.38269E+00-1.32452E+00
 -1       465 1.79845E+00 3.25062E-01 4.85394E-01 3.39482E-01-5.10460E-01-8.39871E-01
 -1       466 5.03265E-01 2.24871E-01 3.23987E-01 3.96601E-03-7.20282E-02-2.22019E-01
 -1       467-3.60382E-02 7.59382E-02 9.96148E-03-1.83833E-02 3.79768E-03 4.71916E-02
 -1       468-6.63678E-02-2.69482E-02-8.28509E-02 6.66512E-03-1.82812E-02 7.69285E-02
 -1       469 1.94192E+00-5.77319E-01 3.86354E+00 8.69256E-01-1.72206E-02-1.92929E+00
 -1       470 3.77421E+00 4.24561E-01 1.33360E+00 1.04975E+00-2.11358E-01-2.63092E+00
 -1       471 8.67259E+00 1.60664E+00-5.24099E-01 5.39349E-01-4.70201E-01-2.47185E+00
 -1       472 1.43937E+01 3.72494E+00-1.12844E+00-1.88634E+00-8.22386E-01 1.07138E+00
 -1       473 1.68863E+01 5.40066E+00-7.17549E+00-7.75666E+00-1.60196E+00 9.85129E+00
 -1       474-1.59077E+00 1.15156E+01-9.00296E+00-1.94317E+01-1.59563E+00 3.76606E+01
 -1       475-5.94806E+01 1.27386E+00-1.26433E+02-2.57378E+01-2.29518E+00 5.81600E+01
 -1       476-1.15620E+02-1.02092E+01-2.47023E+02-1.22474E+01-2.93968E-01 2.84960E+01
 -1       477-1.15620E+02-1.02092E+01-2.47023E+02 1.22474E+01-2.93968E-01-2.84960E+01
 -1       478-5.94806E+01 1.27386E+00-1.26433E+02 2.57378E+01-2.29518E+00-5.81600E+01
 -1       479-1.59077E+00 1.15156E+01-9.00296E+00 1.94317E+01-1.59563E+00-3.76606E+01
 -1       480 1.68863E+01 5.40066E+00-7.17549E+00 7.75666E+00-1.60196E+00-9.85129E+00
 -1       481 1.43937E+01 3.72494E+00-1.12844E+00 1.88634E+00-8.22386E-01-1.07138E+00
 -1       482 8.67259E+00 1.60664E+00-5.24099E-01-5.39349E-01-4.70201E-01 2.47185E+00
 -1       483 3.77421E+00 4.24561E-01 1.33360E+00-1.04975E+00-2.11358E-01 2.63092E+00
 -1       484 1.94192E+00-5.77319E-01 3.86354E+00-8.69256E-01-1.72206E-02 1.92929E+00
 -1       485 2.86583E+00-7.01683E-01 4.02028E+00 1.99574E-01-5.74092E-01-1.50971E+00
 -1       486 5.88751E+00 1.51788E+00 1.59177E+00-5.15191E-02-4.74092E-01-2.18782E+00
 -1       487 1.36376E+01 4.25044E+00-5.11721E-01-1.35918E+00-5.97962E-01-2.47121E+00
 -1       488 2.24551E+01 8.31817E+00-1.55070E+00-4.48716E+00-7.92762E-01-7.84613E-01
 -1       489 2.58890E+01 1.25512E+01-7.30004E+00-9.78535E+00-8.87385E-01 3.58680E+00
 -1       490 4.52434E-01 1.86644E+01-8.99509E+00-1.59099E+01 6.36644E-01 2.04270E+01
 -1       491-6.91741E+01 2.67565E+00-1.00823E+02-1.67521E+01-2.15076E+00 3.57135E+01
 -1       492-1.39674E+02-1.99499E+01-2.05703E+02-7.34624E+00-3.84838E+00 1.86157E+01
 -1       493-1.39674E+02-1.99499E+01-2.05703E+02 7.34624E+00-3.84838E+00-1.86157E+01
 -1       494-6.91741E+01 2.67565E+00-1.00823E+02 1.67521E+01-2.15076E+00-3.57135E+01
 -1       495 4.52434E-01 1.86644E+01-8.99509E+00 1.59099E+01 6.36644E-01-2.04270E+01
 -1       496 2.58890E+01 1.25512E+01-7.30004E+00 9.78535E+00-8.87385E-01-3.58680E+00
 -1       497 2.24551E+01 8.31817E+00-1.55070E+00 4.48716E+00-7.92762E-01 7.84613E-01
 -1       498 1.36376E+01 4.25044E+00-5.11721E-01 1.35918E+00-5.97962E-01 2.47121E+00
 -1       499 5.88751E+00 1.51788E+00 1.59177E+00 5.15191E-02-4.74092E-01 2.18782E+00
 -1       500 2.86583E+00-7.01683E-01 4.02028E+00-1.99574E-01-5.74092E-01 1.50971E+00
 -1       501 2.44931E+00 1.14913E-01 3.41217E+00-2.69168E-01-7.17618E-01-1.74416E+00
 -1       502 5.11175E+00 3.97044E+00 1.26375E+00-8.36789E-01-5.49625E-01-2.64022E+00
 -1       503 1.14304E+01 9.01680E+00-1.05886E+00-2.44004E+00-4.74353E-01-3.31376E+00
 -1       504 1.72962E+01 1.56615E+01-2.60251E+00-5.03128E+00-3.71515E-01-1.84451E+00
 -1       505 1.65634E+01 2.23105E+01-8.22144E+00-8.06262E+00-5.10035E-02 2.90735E+00
 -1       506-8.92791E+00 2.61611E+01-1.03195E+01-9.88073E+00 4.48421E-01 1.78698E+01
 -1       507-6.52205E+01-8.65424E-01-8.25495E+01-8.52718E+00 1.10389E+00 3.14564E+01
 -1       508-1.21334E+02-3.70702E+01-1.71114E+02-3.42642E+00 9.59052E-01 1.67880E+01
 -1       509-1.21334E+02-3.70702E+01-1.71114E+02 3.42642E+00 9.59052E-01-1.67880E+01
 -1       510-6.52205E+01-8.65424E-01-8.25495E+01 8.52718E+00 1.10389E+00-3.14564E+01
 -1       511-8.92791E+00 2.61611E+01-1.03195E+01 9.88073E+00 4.48421E-01-1.78698E+01
 -1       512 1.65634E+01 2.23105E+01-8.22144E+00 8.06262E+00-5.10035E-02-2.90735E+00
 -1       513 1.72962E+01 1.56615E+01-2.60251E+00 5.03128E+00-3.71515E-01 1.84451E+00
 -1       514 1.14304E+01 9.01680E+00-1.05886E+00 2.44004E+00-4.74353E-01 3.31376E+00
 -1       515 5.11175E+00 3.97044E+00 1.26375E+00 8.36789E-01-5.49625E-01 2.64022E+00
 -1       516 2.44931E+00 1.14913E-01 3.41217E+00 2.69168E-01-7.17618E-01 1.74416E+00
 -1       517 1.73505E+00 1.98840E+00 2.96554E+00-2.27741E-01-2.80905E-01-1.82200E+00
 -1       518 4.06161E+00 6.24360E+00 1.06699E+00-5.11782E-01-2.20816E-01-2.74657E+00
 -1       519 9.52768E+00 1.24602E+01-1.05277E+00-1.16676E+00-1.41653E-01-3.47867E+00
 -1       520 1.49423E+01 2.03758E+01-2.09086E+00-1.95932E+00-3.74162E-02-1.88282E+00
 -1       521 1.51360E+01 2.68375E+01-6.97506E+00-2.51360E+00 1.58361E-01 3.11881E+00
 -1       522-8.46080E+00 2.81634E+01-6.67803E+00-2.24809E+00 8.75049E-02 2.23612E+01
 -1       523-7.27819E+01-1.20157E+01-1.00942E+02-1.37495E+00 2.25844E+00 3.86559E+01
 -1       524-1.35394E+02-5.72953E+01-2.03717E+02-4.57101E-01 3.49423E+00 1.96699E+01
 -1       525-1.35394E+02-5.72953E+01-2.03717E+02 4.57101E-01 3.49423E+00-1.96699E+01
 -1       526-7.27819E+01-1.20157E+01-1.00942E+02 1.37495E+00 2.25844E+00-3.86559E+01
 -1       527-8.46080E+00 2.81634E+01-6.67803E+00 2.24809E+00 8.75049E-02-2.23612E+01
 -1       528 1.51360E+01 2.68375E+01-6.97506E+00 2.51360E+00 1.58361E-01-3.11881E+00
 -1       529 1.49423E+01 2.03758E+01-2.09086E+00 1.95932E+00-3.74162E-02 1.88282E+00
 -1       530 9.52768E+00 1.24602E+01-1.05277E+00 1.16676E+00-1.41653E-01 3.47867E+00
 -1       531 4.06161E+00 6.24360E+00 1.06699E+00 5.11782E-01-2.20816E-01 2.74657E+00
 -1       532 1.73505E+00 1.98840E+00 2.96554E+00 2.27741E-01-2.80905E-01 1.82200E+00
 -1       533 1.73505E+00 1.98840E+00 2.96554E+00 2.27741E-01 2.80905E-01-1.82200E+00
 -1       534 4.06161E+00 6.24360E+00 1.06699E+00 5.11782E-01 2.20816E-01-2.74657E+00
 -1       535 9.52768E+00 1.24602E+01-1.05277E+00 1.16676E+00 1.41653E-01-3.47867E+00
 -1       536 1.49423E+01 2.03758E+01-2.09086E+00 1.95932E+00 3.74162E-02-1.88282E+00
 -1       537 1.51360E+01 2.68375E+01-6.97506E+00 2.51360E+00-1.58361E-01 3.11881E+00
 -1       538-8.46080E+00 2.81634E+01-6.67803E+00 2.24809E+00-8.75049E-02 2.23612E+01
 -1       539-7.27819E+01-1.20157E+01-1.00942E+02 1.37495E+00-2.25844E+00 3.86559E+01
 -1       540-1.35394E+02-5.72953E+01-2.03717E+02 4.57101E-01-3.49423E+00 1.96699E+01
 -1       541-1.35394E+02-5.72953E+01-2.03717E+02-4.57101E-01-3.49423E+00-1.96699E+01
 -1       542-7.27819E+01-1.20157E+01-1.00942E+02-1.37495E+00-2.25844E+00-3.86559E+01
 -1       543-8.46080E+00 2.81634E+01-6.67803E+00-2.24809E+00-8.75049E-02-2.23612E+01
 -1       544 1.51360E+01 2.68375E+01-6.97506E+00-2.51360E+00-1.58361E-01-3.11881E+00
 -1       545 1.49423E+01 2.03758E+01-2.09086E+00-1.95932E+00 3.74162E-02 1.88282E+00
 -1       546 9.52768E+00 1.24602E+01-1.05277E+00-1.16676E+00 1.41653E-01 3.47867E+00
 -1       547 4.06161E+00 6.24360E+00 1.06699E+00-5.11782E-01 2.20816E-01 2.74657E+00
 -1       548 1.73505E+00 1.98840E+00 2.96554E+00-2.27741E-01 2.80905E-01 1.82200E+00
 -1       549 2.44931E+00 1.14913E-01 3.41217E+00 2.69168E-01 7.17618E-01-1.74416E+00
 -1       550 5.11175E+00 3.97044E+00 1.26375E+00 8.36789E-01 5.49625E-01-2.64022E+00
 -1       551 1.14304E+01 9.01680E+00-1.05886E+00 2.44004E+00 4.74353E-01-3.31376E+00
 -1       552 1.72962E+01 1.56615E+01-2.60251E+00 5.03128E+00 3.71515E-01-1.84451E+00
 -1       553 1.65634E+01 2.23105E+01-8.22144E+00 8.06262E+00 5.10035E-02 2.90735E+00
 -1       554-8.92791E+00 2.61611E+01-1.03195E+01 9.88073E+00-4.48421E-01 1.78698E+01
 -1       555-6.52205E+01-8.65424E-01-8.25495E+01 8.52718E+00-1.10389E+00 3.14564E+01
 -1       556-1.21334E+02-3.70702E+01-1.71114E+02 3.42642E+00-9.59052E-01 1.67880E+01
 -1       557-1.21334E+02-3.70702E+01-1.71114E+02-3.42642E+00-9.59052E-01-1.67880E+01
 -1       558-6.52205E+01-8.65424E-01-8.25495E+01-8.52718E+00-1.10389E+00-3.14564E+01
 -1       559-8.92791E+00 2.61611E+01-1.03195E+01-9.88073E+00-4.48421E-01-1.78698E+01
 -1       560 1.65634E+01 2.23105E+01-8.22144E+00-8.06262E+00 5.10035E-02-2.90735E+00
 -1       561 1.72962E+01 1.56615E+01-2.60251E+00-5.03128E+00 3.71515E-01 1.84451E+00
 -1       562 1.14304E+01 9.01680E+00-1.05886E+00-2.44004E+00 4.74353E-01 3.31376E+00
 -1       563 5.11175E+00 3.97044E+00 1.26375E+00-8.36789E-01 5.49625E-01 2.64022E+00
 -1       564 2.44931E+00 1.14913E-01 3.41217E+00-2.69168E-01 7.17618E-01 1.74416E+00
 -1       565 2.86583E+00-7.01683E-01 4.02028E+00-1.99574E-01 5.74092E-01-1.50971E+00
 -1       566 5.88751E+00 1.51788E+00 1.59177E+00 5.15191E-02 4.74092E-01-2.18782E+00
 -1       567 1.36376E+01 4.25044E+00-5.11721E-01 1.35918E+00 5.97962E-01-2.47121E+00
 -1       568 2.24551E+01 8.31817E+00-1.55070E+00 4.48716E+00 7.92762E-01-7.84613E-01
 -1       569 2.58890E+01 1.25512E+01-7.30004E+00 9.78535E+00 8.87385E-01 3.58680E+00
 -1       570 4.52434E-01 1.86644E+01-8.99509E+00 1.59099E+01-6.36644E-01 2.04270E+01
 -1       571-6.91741E+01 2.67565E+00-1.00823E+02 1.67521E+01 2.15076E+00 3.57135E+01
 -1       572-1.39674E+02-1.99499E+01-2.05703E+02 7.34624E+00 3.84838E+00 1.86157E+01
 -1       573-1.39674E+02-1.99499E+01-2.05703E+02-7.34624E+00 3.84838E+00-1.86157E+01
 -1       574-6.91741E+01 2.67565E+00-1.00823E+02-1.67521E+01 2.15076E+00-3.57135E+01
 -1       575 4.52434E-01 1.86644E+01-8.99509E+00-1.59099E+01-6.36644E-01-2.04270E+01
 -1       576 2.58890E+01 1.25512E+01-7.30004E+00-9.78535E+00 8.87385E-01-3.58680E+00
 -1       577 2.24551E+01 8.31817E+00-1.55070E+00-4.48716E+00 7.92762E-01 7.84613E-01
 -1       578 1.36376E+01 4.25044E+00-5.11721E-01-1.35918E+00 5.97962E-01 2.47121E+00
 -1       579 5.88751E+00 1.51788E+00 1.59177E+00-5.15191E-02 4.74092E-01 2.18782E+00
 -1       580 2.86583E+00-7.01683E-01 4.02028E+00 1.99574E-01 5.74092E-01 1.50971E+00
 -1       581 1.94192E+00-5.77319E-01 3.86354E+00-8.69256E-01 1.72206E-02-1.92929E+00
 -1       582 3.77421E+00 4.24561E-01 1.33360E+00-1.04975E+00 2.11358E-01-2.63092E+00
 -1       583 8.67259E+00 1.60664E+00-5.24099E-01-5.39349E-01 4.70201E-01-2.47185E+00
 -1       584 1.43937E+01 3.72494E+00-1.12844E+00 1.88634E+00 8.22386E-01 1.07138E+00
 -1       585 1.68863E+01 5.40066E+00-7.17549E+00 7.75666E+00 1.60196E+00 9.85129E+00
 -1       586-1.59077E+00 1.15156E+01-9.00296E+00 1.94317E+01 1.59563E+00 3.76606E+01
 -1       587-5.94806E+01 1.27386E+00-1.26433E+02 2.57378E+01 2.29518E+00 5.81600E+01
 -1       588-1.15620E+02-1.02092E+01-2.47023E+02 1.22474E+01 2.93968E-01 2.84960E+01
 -1       589-1.15620E+02-1.02092E+01-2.47023E+02-1.22474E+01 2.93968E-01-2.84960E+01
 -1       590-5.94806E+01 1.27386E+00-1.26433E+02-2.57378E+01 2.29518E+00-5.81600E+01
 -1       591-1.59077E+00 1.15156E+01-9.00296E+00-1.94317E+01 1.59563E+00-3.76606E+01
 -1       592 1.68863E+01 5.40066E+00-7.17549E+00-7.75666E+00 1.60196E+00-9.85129E+00
 -1       593 1.43937E+01 3.72494E+00-1.12844E+00-1.88634E+00 8.22386E-01-1.07138E+00
 -1       594 8.67259E+00 1.60664E+00-5.24099E-01 5.39349E-01 4.70201E-01 2.47185E+00
 -1       595 3.77421E+00 4.24561E-01 1.33360E+00 1.04975E+00 2.11358E-01 2.63092E+00
 -1       596 1.94192E+00-5.77319E-01 3.86354E+00 8.69256E-01 1.72206E-02 1.92929E+00
 -1       597-8.89846E-01-4.90573E-01 7.25976E+00 2.65348E-01-2.72775E-01-1.45756E+00
 -1       598-2.67786E+00-9.39034E-02 1.12039E+00 2.42466E-01-4.48200E-01-1.37716E+00
 -1       599-7.74247E+00 7.44237E-02-2.80830E+00-1.14022E-01-7.40939E-01 7.23417E-01
 -1       600-1.62633E+01-6.25444E-03-6.66321E+00-1.03523E+00-1.21112E+00 7.03057E+00
 -1       601-2.81379E+01-9.00490E-02-1.43399E+01-2.13544E+00-1.80660E+00 1.95680E+01
 -1       602-2.90292E+01 3.37334E+00-3.21111E+01-2.52198E+00-3.31875E+00 4.06138E+01
 -1       603-5.36004E+00 6.92637E-01-1.19370E+02-2.09702E+00-1.88656E+00 5.04099E+01
 -1       604 2.53119E+01-2.47112E+00-2.06479E+02-8.99191E-01 1.44198E-01 2.37174E+01
 -1       605 2.53119E+01-2.47112E+00-2.06479E+02 8.99191E-01 1.44198E-01-2.37174E+01
 -1       606-5.36004E+00 6.92637E-01-1.19370E+02 2.09702E+00-1.88656E+00-5.04099E+01
 -1       607-2.90292E+01 3.37334E+00-3.21111E+01 2.52198E+00-3.31875E+00-4.06138E+01
 -1       608-2.81379E+01-9.00490E-02-1.43399E+01 2.13544E+00-1.80660E+00-1.95680E+01
 -1       609-1.62633E+01-6.25444E-03-6.66321E+00 1.03523E+00-1.21112E+00-7.03057E+00
 -1       610-7.74247E+00 7.44237E-02-2.80830E+00 1.14022E-01-7.40939E-01-7.23417E-01
 -1       611-2.67786E+00-9.39034E-02 1.12039E+00-2.42466E-01-4.48200E-01 1.37716E+00
 -1       612-8.89846E-01-4.90573E-01 7.25976E+00-2.65348E-01-2.72775E-01 1.45756E+00
 -1       613 4.53352E-02-3.51415E-01 7.41252E+00 1.22204E-01-9.50740E-01-1.44335E+00
 -1       614-4.92099E-01 7.19084E-01 1.61408E+00 2.83751E-02-7.40353E-01-1.61962E+00
 -1       615-2.68455E+00 1.47122E+00-2.55634E+00-5.22551E-01-8.71791E-01-4.82882E-01
 -1       616-8.00732E+00 2.02324E+00-6.50430E+00-1.68700E+00-1.14267E+00 3.61016E+00
 -1       617-1.88036E+01 1.96300E+00-1.36978E+01-3.25363E+00-1.23159E+00 1.18575E+01
 -1       618-2.73313E+01 3.61039E+00-2.92659E+01-4.41843E+00-1.39739E+00 2.72135E+01
 -1       619-1.91371E+01-1.77940E+00-9.97562E+01-4.22434E+00-1.65112E+00 3.57085E+01
 -1       620-3.37778E+00-8.43842E+00-1.74594E+02-1.85697E+00-1.97176E+00 1.71491E+01
 -1       621-3.37778E+00-8.43842E+00-1.74594E+02 1.85697E+00-1.97176E+00-1.71491E+01
 -1       622-1.91371E+01-1.77940E+00-9.97562E+01 4.22434E+00-1.65112E+00-3.57085E+01
 -1       623-2.73313E+01 3.61039E+00-2.92659E+01 4.41843E+00-1.39739E+00-2.72135E+01
 -1       624-1.88036E+01 1.96300E+00-1.36978E+01 3.25363E+00-1.23159E+00-1.18575E+01
 -1       625-8.00732E+00 2.02324E+00-6.50430E+00 1.68700E+00-1.14267E+00-3.61016E+00
 -1       626-2.68455E+00 1.47122E+00-2.55634E+00 5.22551E-01-8.71791E-01 4.82882E-01
 -1       627-4.92099E-01 7.19084E-01 1.61408E+00-2.83751E-02-7.40353E-01 1.61962E+00
 -1       628 4.53352E-02-3.51415E-01 7.41252E+00-1.22204E-01-9.50740E-01 1.44335E+00
 -1       629 5.77959E-02 2.07455E-01 6.74169E+00-1.66217E-01-1.15085E+00-1.86087E+00
 -1       630-4.68571E-01 2.11198E+00 1.47222E+00-4.49446E-01-8.41836E-01-2.35993E+00
 -1       631-2.94318E+00 3.87372E+00-2.57418E+00-1.31269E+00-7.31629E-01-1.79476E+00
 -1       632-8.95423E+00 5.48855E+00-6.33039E+00-2.70466E+00-6.52390E-01 1.90812E+00
 -1       633-2.03612E+01 6.05082E+00-1.28334E+01-4.32118E+00-3.38535E-01 9.80048E+00
 -1       634-2.99601E+01 5.71777E+00-2.73182E+01-5.22319E+00 2.09369E-01 2.48922E+01
 -1       635-2.17175E+01-4.87640E+00-8.72583E+01-4.35363E+00 7.91514E-01 3.37828E+01
 -1       636-5.73796E+00-1.72493E+01-1.53296E+02-1.68737E+00 1.09876E+00 1.64102E+01
 -1       637-5.73796E+00-1.72493E+01-1.53296E+02 1.68737E+00 1.09876E+00-1.64102E+01
 -1       638-2.17175E+01-4.87640E+00-8.72583E+01 4.35363E+00 7.91514E-01-3.37828E+01
 -1       639-2.99601E+01 5.71777E+00-2.73182E+01 5.22319E+00 2.09369E-01-2.48922E+01
 -1       640-2.03612E+01 6.05082E+00-1.28334E+01 4.32118E+00-3.38535E-01-9.80048E+00
 -1       641-8.95423E+00 5.48855E+00-6.33039E+00 2.70466E+00-6.52390E-01-1.90812E+00
 -1       642-2.94318E+00 3.87372E+00-2.57418E+00 1.31269E+00-7.31629E-01 1.79476E+00
 -1       643-4.68571E-01 2.11198E+00 1.47222E+00 4.49446E-01-8.41836E-01 2.35993E+00
 -1       644 5.77959E-02 2.07455E-01 6.74169E+00 1.66217E-01-1.15085E+00 1.86087E+00
 -1       645-2.50800E-01 1.19417E+00 6.47970E+00-1.52591E-01-4.62200E-01-1.96144E+00
 -1       646-9.92968E-01 3.25401E+00 1.47540E+00-3.10872E-01-3.37603E-01-2.54449E+00
 -1       647-4.13245E+00 5.61638E+00-2.46090E+00-7.22255E-01-2.35132E-01-2.10628E+00
 -1       648-1.11603E+01 7.75053E+00-6.19738E+00-1.29473E+00-1.10889E-01 1.68192E+00
 -1       649-2.40127E+01 8.09149E+00-1.29608E+01-1.92637E+00 3.95364E-02 1.02926E+01
 -1       650-3.32202E+01 7.60507E+00-2.75788E+01-2.51457E+00 6.53915E-01 2.63782E+01
 -1       651-2.45395E+01-4.49784E+00-9.79386E+01-2.30491E+00 1.56756E+00 3.54290E+01
 -1       652-7.45532E+00-1.73383E+01-1.70621E+02-9.06678E-01 2.39345E+00 1.71238E+01
 -1       653-7.45532E+00-1.73383E+01-1.70621E+02 9.06678E-01 2.39345E+00-1.71238E+01
 -1       654-2.45395E+01-4.49784E+00-9.79386E+01 2.30491E+00 1.56756E+00-3.54290E+01
 -1       655-3.32202E+01 7.60507E+00-2.75788E+01 2.51457E+00 6.53915E-01-2.63782E+01
 -1       656-2.40127E+01 8.09149E+00-1.29608E+01 1.92637E+00 3.95364E-02-1.02926E+01
 -1       657-1.11603E+01 7.75053E+00-6.19738E+00 1.29473E+00-1.10889E-01-1.68192E+00
 -1       658-4.13245E+00 5.61638E+00-2.46090E+00 7.22255E-01-2.35132E-01 2.10628E+00
 -1       659-9.92968E-01 3.25401E+00 1.47540E+00 3.10872E-01-3.37603E-01 2.54449E+00
 -1       660-2.50800E-01 1.19417E+00 6.47970E+00 1.52591E-01-4.62200E-01 1.96144E+00
 -1       661-2.50800E-01 1.19417E+00 6.47970E+00 1.52591E-01 4.62200E-01-1.96144E+00
 -1       662-9.92968E-01 3.25401E+00 1.47540E+00 3.10872E-01 3.37603E-01-2.54449E+00
 -1       663-4.13245E+00 5.61638E+00-2.46090E+00 7.22255E-01 2.35132E-01-2.10628E+00
 -1       664-1.11603E+01 7.75053E+00-6.19738E+00 1.29473E+00 1.10889E-01 1.68192E+00
 -1       665-2.40127E+01 8.09149E+00-1.29608E+01 1.92637E+00-3.95364E-02 1.02926E+01
 -1       666-3.32202E+01 7.60507E+00-2.75788E+01 2.51457E+00-6.53915E-01 2.63782E+01
 -1       667-2.45395E+01-4.49784E+00-9.79386E+01 2.30491E+00-1.56756E+00 3.54290E+01
 -1       668-7.45532E+00-1.73383E+01-1.70621E+02 9.06678E-01-2.39345E+00 1.71238E+01
 -1       669-7.45532E+00-1.73383E+01-1.70621E+02-9.06678E-01-2.39345E+00-1.71238E+01
 -1       670-2.45395E+01-4.49784E+00-9.79386E+01-2.30491E+00-1.56756E+00-3.54290E+01
 -1       671-3.32202E+01 7.60507E+00-2.75788E+01-2.51457E+00-6.53915E-01-2.63782E+01
 -1       672-2.40127E+01 8.09149E+00-1.29608E+01-1.92637E+00-3.95364E-02-1.02926E+01
 -1       673-1.11603E+01 7.75053E+00-6.19738E+00-1.29473E+00 1.10889E-01-1.68192E+00
 -1       674-4.13245E+00 5.61638E+00-2.46090E+00-7.22255E-01 2.35132E-01 2.10628E+00
 -1       675-9.92968E-01 3.25401E+00 1.47540E+00-3.10872E-01 3.37603E-01 2.54449E+00
 -1       676-2.50800E-01 1.19417E+00 6.47970E+00-1.52591E-01 4.62200E-01 1.96144E+00
 -1       677 5.77959E-02 2.07455E-01 6.74169E+00 1.66217E-01 1.15085E+00-1.86087E+00
 -1       678-4.68571E-01 2.11198E+00 1.47222E+00 4.49446E-01 8.41836E-01-2.35993E+00
 -1       679-2.94318E+00 3.87372E+00-2.57418E+00 1.31269E+00 7.31629E-01-1.79476E+00
 -1       680-8.95423E+00 5.48855E+00-6.33039E+00 2.70466E+00 6.52390E-01 1.90812E+00
 -1       681-2.03612E+01 6.05082E+00-1.28334E+01 4.32118E+00 3.38535E-01 9.80048E+00
 -1       682-2.99601E+01 5.71777E+00-2.73182E+01 5.22319E+00-2.09369E-01 2.48922E+01
 -1       683-2.17175E+01-4.87640E+00-8.72583E+01 4.35363E+00-7.91514E-01 3.37828E+01
 -1       684-5.73796E+00-1.72493E+01-1.53296E+02 1.68737E+00-1.09876E+00 1.64102E+01
 -1       685-5.73796E+00-1.72493E+01-1.53296E+02-1.68737E+00-1.09876E+00-1.64102E+01
 -1       686-2.17175E+01-4.87640E+00-8.72583E+01-4.35363E+00-7.91514E-01-3.37828E+01
 -1       687-2.99601E+01 5.71777E+00-2.73182E+01-5.22319E+00-2.09369E-01-2.48922E+01
 -1       688-2.03612E+01 6.05082E+00-1.28334E+01-4.32118E+00 3.38535E-01-9.80048E+00
 -1       689-8.95423E+00 5.48855E+00-6.33039E+00-2.70466E+00 6.52390E-01-1.90812E+00
 -1       690-2.94318E+00 3.87372E+00-2.57418E+00-1.31269E+00 7.31629E-01 1.79476E+00
 -1       691-4.68571E-01 2.11198E+00 1.47222E+00-4.49446E-01 8.41836E-01 2.35993E+00
 -1       692 5.77959E-02 2.07455E-01 6.74169E+00-1.66217E-01 1.15085E+00 1.86087E+00
 -1       693 4.53352E-02-3.51415E-01 7.41252E+00-1.22204E-01 9.50740E-01-1.44335E+00
 -1       694-4.92099E-01 7.19084E-01 1.61408E+00-2.83751E-02 7.40353E-01-1.61962E+00
 -1       695-2.68455E+00 1.47122E+00-2.55634E+00 5.22551E-01 8.71791E-01-4.82882E-01
 -1       696-8.00732E+00 2.02324E+00-6.50430E+00 1.68700E+00 1.14267E+00 3.61016E+00
 -1       697-1.88036E+01 1.96300E+00-1.36978E+01 3.25363E+00 1.23159E+00 1.18575E+01
 -1       698-2.73313E+01 3.61039E+00-2.92659E+01 4.41843E+00 1.39739E+00 2.72135E+01
 -1       699-1.91371E+01-1.77940E+00-9.97562E+01 4.22434E+00 1.65112E+00 3.57085E+01
 -1       700-3.37778E+00-8.43842E+00-1.74594E+02 1.85697E+00 1.97176E+00 1.71491E+01
 -1       701-3.37778E+00-8.43842E+00-1.74594E+02-1.85697E+00 1.97176E+00-1.71491E+01
 -1       702-1.91371E+01-1.77940E+00-9.97562E+01-4.22434E+00 1.65112E+00-3.57085E+01
 -1       703-2.73313E+01 3.61039E+00-2.92659E+01-4.41843E+00 1.39739E+00-2.72135E+01
 -1       704-1.88036E+01 1.96300E+00-1.36978E+01-3.25363E+00 1.23159E+00-1.18575E+01
 -1       705-8.00732E+00 2.02324E+00-6.50430E+00-1.68700E+00 1.14267E+00-3.61016E+00
 -1       706-2.68455E+00 1.47122E+00-2.55634E+00-5.22551E-01 8.71791E-01 4.82882E-01
 -1       707-4.92099E-01 7.19084E-01 1.61408E+00 2.83751E-02 7.40353E-01 1.61962E+00
 -1       708 4.53352E-02-3.51415E-01 7.41252E+00 1.22204E-01 9.50740E-01 1.44335E+00
 -1       709-8.89846E-01-4.90573E-01 7.25976E+00-2.65348E-01 2.72775E-01-1.45756E+00
 -1       710-2.67786E+00-9.39034E-02 1.12039E+00-2.42466E-01 4.48200E-01-1.37716E+00
 -1       711-7.74247E+00 7.44237E-02-2.80830E+00 1.14022E-01 7.40939E-01 7.23417E-01
 -1       712-1.62633E+01-6.25444E-03-6.66321E+00 1.03523E+00 1.21112E+00 7.03057E+00
 -1       713-2.81379E+01-9.00490E-02-1.43399E+01 2.13544E+00 1.80660E+00 1.95680E+01
 -1       714-2.90292E+01 3.37334E+00-3.21111E+01 2.52198E+00 3.31875E+00 4.06138E+01
 -1       715-5.36004E+00 6.92637E-01-1.19370E+02 2.09702E+00 1.88656E+00 5.04099E+01
 -1       716 2.53119E+01-2.47112E+00-2.06479E+02 8.99191E-01-1.44198E-01 2.37174E+01
 -1       717 2.53119E+01-2.47112E+00-2.06479E+02-8.99191E-01-1.44198E-01-2.37174E+01
 -1       718-5.36004E+00 6.92637E-01-1.19370E+02-2.09702E+00 1.88656E+00-5.04099E+01
 -1       719-2.90292E+01 3.37334E+00-3.21111E+01-2.52198E+00 3.31875E+00-4.06138E+01
 -1       720-2.81379E+01-9.00490E-02-1.43399E+01-2.13544E+00 1.80660E+00-1.95680E+01
 -1       721-1.62633E+01-6.25444E-03-6.66321E+00-1.03523E+00 1.21112E+00-7.03057E+00
 -1       722-7.74247E+00 7.44237E-02-2.80830E+00-1.14022E-01 7.40939E-01-7.23417E-01
 -1       723-2.67786E+00-9.39034E-02 1.12039E+00 2.42466E-01 4.48200E-01 1.37716E+00
 -1       724-8.89846E-01-4.90573E-01 7.25976E+00 2.65348E-01 2.72775E-01 1.45756E+00
 -1       725-1.76384E+00-7.53837E-03 1.22904E+01-5.09803E-02-1.23407E+00 7.48434E-01
 -1       726-4.02326E+00-2.34126E-01-3.56739E-01-1.77994E-01-8.93373E-01 2.53740E+00
 -1       727-8.64330E+00 1.87847E-01-8.27673E+00-4.24840E-01-9.92145E-01 7.74610E+00
 -1       728-1.30330E+01 8.10667E-01-1.62885E+01-7.73299E-01-1.29273E+00 1.63766E+01
 -1       729-1.12766E+01 2.41406E+00-2.98557E+01-1.21826E+00-1.70686E+00 2.83851E+01
 -1       730-1.78129E-01 2.80830E+00-6.06388E+01-1.30035E+00-1.98368E+00 3.85887E+01
 -1       731 1.25376E+01-1.27391E+00-1.03666E+02-7.94165E-01-1.30439E+00 3.61763E+01
 -1       732 2.02322E+01-6.77529E+00-1.39058E+02-2.24440E-01-3.54088E-01 1.51779E+01
 -1       733 2.02322E+01-6.77529E+00-1.39058E+02 2.24440E-01-3.54088E-01-1.51779E+01
 -1       734 1.25376E+01-1.27391E+00-1.03666E+02 7.94165E-01-1.30439E+00-3.61763E+01
 -1       735-1.78129E-01 2.80830E+00-6.06388E+01 1.30035E+00-1.98368E+00-3.85887E+01
 -1       736-1.12766E+01 2.41406E+00-2.98557E+01 1.21826E+00-1.70686E+00-2.83851E+01
 -1       737-1.30330E+01 8.10667E-01-1.62885E+01 7.73299E-01-1.29273E+00-1.63766E+01
 -1       738-8.64330E+00 1.87847E-01-8.27673E+00 4.24840E-01-9.92145E-01-7.74610E+00
 -1       739-4.02326E+00-2.34126E-01-3.56739E-01 1.77994E-01-8.93373E-01-2.53740E+00
 -1       740-1.76384E+00-7.53837E-03 1.22904E+01 5.09803E-02-1.23407E+00-7.48434E-01
 -1       741-1.46954E+00 4.90905E-01 1.22050E+01-3.50492E-02-1.85169E+00-3.11188E-02
 -1       742-3.02490E+00 2.11590E-01 1.27388E-03-1.83823E-01-1.12585E+00 1.15489E+00
 -1       743-6.76941E+00 2.37055E-01-8.75461E+00-5.68372E-01-1.05266E+00 4.97679E+00
 -1       744-1.10360E+01 4.36880E-01-1.73596E+01-1.13171E+00-1.13989E+00 1.15938E+01
 -1       745-1.16852E+01 1.13028E+00-3.05744E+01-1.66842E+00-1.29529E+00 2.09125E+01
 -1       746-5.56211E+00 6.99010E-01-5.76793E+01-2.22312E+00-1.13848E+00 2.89493E+01
 -1       747 2.53162E+00-2.22648E+00-9.37501E+01-2.15638E+00-8.20338E-01 2.73523E+01
 -1       748 7.53023E+00-6.01025E+00-1.22622E+02-8.78257E-01-4.06072E-01 1.15304E+01
 -1       749 7.53023E+00-6.01025E+00-1.22622E+02 8.78257E-01-4.06072E-01-1.15304E+01
 -1       750 2.53162E+00-2.22648E+00-9.37501E+01 2.15638E+00-8.20338E-01-2.73523E+01
 -1       751-5.56211E+00 6.99010E-01-5.76793E+01 2.22312E+00-1.13848E+00-2.89493E+01
 -1       752-1.16852E+01 1.13028E+00-3.05744E+01 1.66842E+00-1.29529E+00-2.09125E+01
 -1       753-1.10360E+01 4.36880E-01-1.73596E+01 1.13171E+00-1.13989E+00-1.15938E+01
 -1       754-6.76941E+00 2.37055E-01-8.75461E+00 5.68372E-01-1.05266E+00-4.97679E+00
 -1       755-3.02490E+00 2.11590E-01 1.27388E-03 1.83823E-01-1.12585E+00-1.15489E+00
 -1       756-1.46954E+00 4.90905E-01 1.22050E+01 3.50492E-02-1.85169E+00 3.11188E-02
 -1       757-1.51726E+00 1.52556E+00 1.14317E+01-1.31248E-01-1.78139E+00-6.43035E-01
 -1       758-3.02825E+00 1.02279E+00 3.79670E-02-3.35601E-01-1.11638E+00 3.98187E-02
 -1       759-6.86442E+00 9.29528E-01-8.19327E+00-8.38655E-01-8.10661E-01 3.01464E+00
 -1       760-1.15214E+01 1.07326E+00-1.62688E+01-1.47466E+00-6.08933E-01 8.97783E+00
 -1       761-1.32133E+01 1.26895E+00-2.86034E+01-2.06714E+00-2.94905E-01 1.78559E+01
 -1       762-8.59371E+00-3.61049E-01-5.36139E+01-2.29537E+00 1.91784E-01 2.60117E+01
 -1       763-1.40935E+00-4.28699E+00-8.76139E+01-1.87927E+00 7.62988E-01 2.52734E+01
 -1       764 3.26730E+00-8.59939E+00-1.14876E+02-7.46746E-01 1.13182E+00 1.07886E+01
 -1       765 3.26730E+00-8.59939E+00-1.14876E+02 7.46746E-01 1.13182E+00-1.07886E+01
 -1       766-1.40935E+00-4.28699E+00-8.76139E+01 1.87927E+00 7.62988E-01-2.52734E+01
 -1       767-8.59371E+00-3.61049E-01-5.36139E+01 2.29537E+00 1.91784E-01-2.60117E+01
 -1       768-1.32133E+01 1.26895E+00-2.86034E+01 2.06714E+00-2.94905E-01-1.78559E+01
 -1       769-1.15214E+01 1.07326E+00-1.62688E+01 1.47466E+00-6.08933E-01-8.97783E+00
 -1       770-6.86442E+00 9.29528E-01-8.19327E+00 8.38655E-01-8.10661E-01-3.01464E+00
 -1       771-3.02825E+00 1.02279E+00 3.79670E-02 3.35601E-01-1.11638E+00-3.98187E-02
 -1       772-1.51726E+00 1.52556E+00 1.14317E+01 1.31248E-01-1.78139E+00 6.43035E-01
 -1       773-1.54991E+00 2.24956E+00 1.16804E+01-9.08884E-02-6.48134E-01-8.45464E-01
 -1       774-3.24186E+00 1.53054E+00 5.10679E-01-1.83616E-01-4.04773E-01-3.18942E-01
 -1       775-7.46060E+00 1.43298E+00-7.48187E+00-4.02820E-01-2.35145E-01 2.40628E+00
 -1       776-1.26350E+01 1.55053E+00-1.53511E+01-6.78158E-01-7.66725E-02 8.41093E+00
 -1       777-1.45069E+01 1.73687E+00-2.74551E+01-9.15142E-01 1.68664E-01 1.76216E+01
 -1       778-1.00436E+01-4.06088E-01-5.33954E+01-8.41225E-01 4.91553E-01 2.61854E+01
 -1       779-3.38547E+00-5.58814E+00-8.87429E+01-5.31730E-01 9.07516E-01 2.56146E+01
 -1       780 8.91483E-01-1.09729E+01-1.17455E+02-1.93188E-01 1.17024E+00 1.09454E+01
 -1       781 8.91483E-01-1.09729E+01-1.17455E+02 1.93188E-01 1.17024E+00-1.09454E+01
 -1       782-3.38547E+00-5.58814E+00-8.87429E+01 5.31730E-01 9.07516E-01-2.56146E+01
 -1       783-1.00436E+01-4.06088E-01-5.33954E+01 8.41225E-01 4.91553E-01-2.61854E+01
 -1       784-1.45069E+01 1.73687E+00-2.74551E+01 9.15142E-01 1.68664E-01-1.76216E+01
 -1       785-1.26350E+01 1.55053E+00-1.53511E+01 6.78158E-01-7.66725E-02-8.41093E+00
 -1       786-7.46060E+00 1.43298E+00-7.48187E+00 4.02820E-01-2.35145E-01-2.40628E+00
 -1       787-3.24186E+00 1.53054E+00 5.10679E-01 1.83616E-01-4.04773E-01 3.18942E-01
 -1       788-1.54991E+00 2.24956E+00 1.16804E+01 9.08884E-02-6.48134E-01 8.45464E-01
 -1       789-1.54991E+00 2.24956E+00 1.16804E+01 9.08884E-02 6.48134E-01-8.45464E-01
 -1       790-3.24186E+00 1.53054E+00 5.10679E-01 1.83616E-01 4.04773E-01-3.18942E-01
 -1       791-7.46060E+00 1.43298E+00-7.48187E+00 4.02820E-01 2.35145E-01 2.40628E+00
 -1       792-1.26350E+01 1.55053E+00-1.53511E+01 6.78158E-01 7.66725E-02 8.41093E+00
 -1       793-1.45069E+01 1.73687E+00-2.74551E+01 9.15142E-01-1.68664E-01 1.76216E+01
 -1       794-1.00436E+01-4.06088E-01-5.33954E+01 8.41225E-01-4.91553E-01 2.61854E+01
 -1       795-3.38547E+00-5.58814E+00-8.87429E+01 5.31730E-01-9.07516E-01 2.56146E+01
 -1       796 8.91483E-01-1.09729E+01-1.17455E+02 1.93188E-01-1.17024E+00 1.09454E+01
 -1       797 8.91483E-01-1.09729E+01-1.17455E+02-1.93188E-01-1.17024E+00-1.09454E+01
 -1       798-3.38547E+00-5.58814E+00-8.87429E+01-5.31730E-01-9.07516E-01-2.56146E+01
 -1       799-1.00436E+01-4.06088E-01-5.33954E+01-8.41225E-01-4.91553E-01-2.61854E+01
 -1       800-1.45069E+01 1.73687E+00-2.74551E+01-9.15142E-01-1.68664E-01-1.76216E+01
 -1       801-1.26350E+01 1.55053E+00-1.53511E+01-6.78158E-01 7.66725E-02-8.41093E+00
 -1       802-7.46060E+00 1.43298E+00-7.48187E+00-4.02820E-01 2.35145E-01-2.40628E+00
 -1       803-3.24186E+00 1.53054E+00 5.10679E-01-1.83616E-01 4.04773E-01 3.18942E-01
 -1       804-1.54991E+00 2.24956E+00 1.16804E+01-9.08884E-02 6.48134E-01 8.45464E-01
 -1       805-1.51726E+00 1.52556E+00 1.14317E+01 1.31248E-01 1.78139E+00-6.43035E-01
 -1       806-3.02825E+00 1.02279E+00 3.79670E-02 3.35601E-01 1.11638E+00 3.98187E-02
 -1       807-6.86442E+00 9.29528E-01-8.19327E+00 8.38655E-01 8.10661E-01 3.01464E+00
 -1       808-1.15214E+01 1.07326E+00-1.62688E+01 1.47466E+00 6.08933E-01 8.97783E+00
 -1       809-1.32133E+01 1.26895E+00-2.86034E+01 2.06714E+00 2.94905E-01 1.78559E+01
 -1       810-8.59371E+00-3.61049E-01-5.36139E+01 2.29537E+00-1.91784E-01 2.60117E+01
 -1       811-1.40935E+00-4.28699E+00-8.76139E+01 1.87927E+00-7.62988E-01 2.52734E+01
 -1       812 3.26730E+00-8.59939E+00-1.14876E+02 7.46746E-01-1.13182E+00 1.07886E+01
 -1       813 3.26730E+00-8.59939E+00-1.14876E+02-7.46746E-01-1.13182E+00-1.07886E+01
 -1       814-1.40935E+00-4.28699E+00-8.76139E+01-1.87927E+00-7.62988E-01-2.52734E+01
 -1       815-8.59371E+00-3.61049E-01-5.36139E+01-2.29537E+00-1.91784E-01-2.60117E+01
 -1       816-1.32133E+01 1.26895E+00-2.86034E+01-2.06714E+00 2.94905E-01-1.78559E+01
 -1       817-1.15214E+01 1.07326E+00-1.62688E+01-1.47466E+00 6.08933E-01-8.97783E+00
 -1       818-6.86442E+00 9.29528E-01-8.19327E+00-8.38655E-01 8.10661E-01-3.01464E+00
 -1       819-3.02825E+00 1.02279E+00 3.79670E-02-3.35601E-01 1.11638E+00-3.98187E-02
 -1       820-1.51726E+00 1.52556E+00 1.14317E+01-1.31248E-01 1.78139E+00 6.43035E-01
 -1       821-1.46954E+00 4.90905E-01 1.22050E+01 3.50492E-02 1.85169E+00-3.11188E-02
 -1       822-3.02490E+00 2.11590E-01 1.27388E-03 1.83823E-01 1.12585E+00 1.15489E+00
 -1       823-6.76941E+00 2.37055E-01-8.75461E+00 5.68372E-01 1.05266E+00 4.97679E+00
 -1       824-1.10360E+01 4.36880E-01-1.73596E+01 1.13171E+00 1.13989E+00 1.15938E+01
 -1       825-1.16852E+01 1.13028E+00-3.05744E+01 1.66842E+00 1.29529E+00 2.09125E+01
 -1       826-5.56211E+00 6.99010E-01-5.76793E+01 2.22312E+00 1.13848E+00 2.89493E+01
 -1       827 2.53162E+00-2.22648E+00-9.37501E+01 2.15638E+00 8.20338E-01 2.73523E+01
 -1       828 7.53023E+00-6.01025E+00-1.22622E+02 8.78257E-01 4.06072E-01 1.15304E+01
 -1       829 7.53023E+00-6.01025E+00-1.22622E+02-8.78257E-01 4.06072E-01-1.15304E+01
 -1       830 2.53162E+00-2.22648E+00-9.37501E+01-2.15638E+00 8.20338E-01-2.73523E+01
 -1       831-5.56211E+00 6.99010E-01-5.76793E+01-2.22312E+00 1.13848E+00-2.89493E+01
 -1       832-1.16852E+01 1.13028E+00-3.05744E+01-1.66842E+00 1.29529E+00-2.09125E+01
 -1       833-1.10360E+01 4.36880E-01-1.73596E+01-1.13171E+00 1.13989E+00-1.15938E+01
 -1       834-6.76941E+00 2.37055E-01-8.75461E+00-5.68372E-01 1.05266E+00-4.97679E+00
 -1       835-3.02490E+00 2.11590E-01 1.27388E-03-1.83823E-01 1.12585E+00-1.15489E+00
 -1       836-1.46954E+00 4.90905E-01 1.22050E+01-3.50492E-02 1.85169E+00 3.11188E-02
 -1       837-1.76384E+00-7.53837E-03 1.22904E+01 5.09803E-02 1.23407E+00 7.48434E-01
 -1       838-4.02326E+00-2.34126E-01-3.56739E-01 1.77994E-01 8.93373E-01 2.53740E+00
 -1       839-8.64330E+00 1.87847E-01-8.27673E+00 4.24840E-01 9.92145E-01 7.74610E+00
 -1       840-1.30330E+01 8.10667E-01-1.62885E+01 7.73299E-01 1.29273E+00 1.63766E+01
 -1       841-1.12766E+01 2.41406E+00-2.98557E+01 1.21826E+00 1.70686E+00 2.83851E+01
 -1       842-1.78129E-01 2.80830E+00-6.06388E+01 1.30035E+00 1.98368E+00 3.85887E+01
 -1       843 1.25376E+01-1.27391E+00-1.03666E+02 7.94165E-01 1.30439E+00 3.61763E+01
 -1       844 2.02322E+01-6.77529E+00-1.39058E+02 2.24440E-01 3.54088E-01 1.51779E+01
 -1       845 2.02322E+01-6.77529E+00-1.39058E+02-2.24440E-01 3.54088E-01-1.51779E+01
 -1       846 1.25376E+01-1.27391E+00-1.03666E+02-7.94165E-01 1.30439E+00-3.61763E+01
 -1       847-1.78129E-01 2.80830E+00-6.06388E+01-1.30035E+00 1.98368E+00-3.85887E+01
 -1       848-1.12766E+01 2.41406E+00-2.98557E+01-1.21826E+00 1.70686E+00-2.83851E+01
 -1       849-1.30330E+01 8.10667E-01-1.62885E+01-7.73299E-01 1.29273E+00-1.63766E+01
 -1       850-8.64330E+00 1.87847E-01-8.27673E+00-4.24840E-01 9.92145E-01-7.74610E+00
 -1       851-4.02326E+00-2.34126E-01-3.56739E-01-1.77994E-01 8.93373E-01-2.53740E+00
 -1       852-1.76384E+00-7.53837E-03 1.22904E+01-5.09803E-02 1.23407E+00-7.48434E-01
 -1       853-2.35731E+00-4.41568E-01 9.69104E+00-6.03384E-01-2.62432E+00 4.58083E+00
 -1       854-2.80702E+00-6.75742E-01-6.47620E+00-5.89439E-01-9.21470E-01 8.46524E+00
 -1       855-5.17049E+00 5.77502E-02-1.48838E+01-6.26659E-01-4.93026E-01 1.52425E+01
 -1       856-6.24272E+00 1.36053E-01-2.58527E+01-7.38149E-01-3.88207E-01 2.09657E+01
 -1       857-2.88121E+00-1.33996E-01-4.26748E+01-8.44451E-01-2.73985E-01 2.55795E+01
 -1       858 3.32374E+00-1.35158E+00-6.44629E+01-8.27913E-01 6.60824E-02 2.61094E+01
 -1       859 1.02178E+01-2.86107E+00-8.55939E+01-6.34260E-01 4.42484E-01 1.98753E+01
 -1       860 1.45894E+01-3.88394E+00-9.83036E+01-2.42209E-01 7.15351E-01 7.44102E+00
 -1       861 1.45894E+01-3.88394E+00-9.83036E+01 2.42209E-01 7.15351E-01-7.44102E+00
 -1       862 1.02178E+01-2.86107E+00-8.55939E+01 6.34260E-01 4.42484E-01-1.98753E+01
 -1       863 3.32374E+00-1.35158E+00-6.44629E+01 8.27913E-01 6.60824E-02-2.61094E+01
 -1       864-2.88121E+00-1.33996E-01-4.26748E+01 8.44451E-01-2.73985E-01-2.55795E+01
 -1       865-6.24272E+00 1.36053E-01-2.58527E+01 7.38149E-01-3.88207E-01-2.09657E+01
 -1       866-5.17049E+00 5.77502E-02-1.48838E+01 6.26659E-01-4.93026E-01-1.52425E+01
 -1       867-2.80702E+00-6.75742E-01-6.47620E+00 5.89439E-01-9.21470E-01-8.46524E+00
 -1       868-2.35731E+00-4.41568E-01 9.69104E+00 6.03384E-01-2.62432E+00-4.58083E+00
 -1       869-2.23726E+00 6.50374E-01 8.81812E+00-1.21335E-01-2.38464E+00 2.68060E+00
 -1       870-2.72731E+00-4.22816E-01-7.14220E+00-3.43677E-01-9.66387E-01 5.73875E+00
 -1       871-5.32617E+00-3.15542E-01-1.65144E+01-7.46444E-01-3.15981E-01 1.12283E+01
 -1       872-7.23279E+00-5.57800E-01-2.79550E+01-1.04619E+00 4.26767E-02 1.60954E+01
 -1       873-5.76204E+00-1.07334E+00-4.43449E+01-1.29800E+00 4.07717E-01 2.00228E+01
 -1       874-2.00126E+00-2.22206E+00-6.46978E+01-1.30303E+00 8.45130E-01 2.06219E+01
 -1       875 2.50765E+00-3.51979E+00-8.39536E+01-9.61702E-01 1.35348E+00 1.57475E+01
 -1       876 5.51442E+00-4.26896E+00-9.52760E+01-3.64543E-01 1.69772E+00 5.89214E+00
 -1       877 5.51442E+00-4.26896E+00-9.52760E+01 3.64543E-01 1.69772E+00-5.89214E+00
 -1       878 2.50765E+00-3.51979E+00-8.39536E+01 9.61702E-01 1.35348E+00-1.57475E+01
 -1       879-2.00126E+00-2.22206E+00-6.46978E+01 1.30303E+00 8.45130E-01-2.06219E+01
 -1       880-5.76204E+00-1.07334E+00-4.43449E+01 1.29800E+00 4.07717E-01-2.00228E+01
 -1       881-7.23279E+00-5.57800E-01-2.79550E+01 1.04619E+00 4.26767E-02-1.60954E+01
 -1       882-5.32617E+00-3.15542E-01-1.65144E+01 7.46444E-01-3.15981E-01-1.12283E+01
 -1       883-2.72731E+00-4.22816E-01-7.14220E+00 3.43677E-01-9.66387E-01-5.73875E+00
 -1       884-2.23726E+00 6.50374E-01 8.81812E+00 1.21335E-01-2.38464E+00-2.68060E+00
 -1       885-2.00005E+00 1.76277E+00 9.54099E+00-1.57706E-01-1.72703E+00 2.17466E+00
 -1       886-2.66448E+00-4.18350E-01-5.78836E+00-3.07797E-01-7.02660E-01 4.64015E+00
 -1       887-5.38346E+00-9.97311E-01-1.46012E+01-6.40576E-01-4.11415E-02 9.20918E+00
 -1       888-7.71801E+00-1.78342E+00-2.52533E+01-9.20791E-01 4.57519E-01 1.35802E+01
 -1       889-6.93146E+00-2.89090E+00-4.04505E+01-1.10569E+00 9.64397E-01 1.74183E+01
 -1       890-3.87185E+00-4.61199E+00-5.95072E+01-1.10852E+00 1.50378E+00 1.83568E+01
 -1       891-1.24744E-01-6.54698E+00-7.79454E+01-8.39105E-01 2.00052E+00 1.42175E+01
 -1       892 2.39373E+00-7.70291E+00-8.90053E+01-3.13358E-01 2.31289E+00 5.35351E+00
 -1       893 2.39373E+00-7.70291E+00-8.90053E+01 3.13358E-01 2.31289E+00-5.35351E+00
 -1       894-1.24744E-01-6.54698E+00-7.79454E+01 8.39105E-01 2.00052E+00-1.42175E+01
 -1       895-3.87185E+00-4.61199E+00-5.95072E+01 1.10852E+00 1.50378E+00-1.83568E+01
 -1       896-6.93146E+00-2.89090E+00-4.04505E+01 1.10569E+00 9.64397E-01-1.74183E+01
 -1       897-7.71801E+00-1.78342E+00-2.52533E+01 9.20791E-01 4.57519E-01-1.35802E+01
 -1       898-5.38346E+00-9.97311E-01-1.46012E+01 6.40576E-01-4.11415E-02-9.20918E+00
 -1       899-2.66448E+00-4.18350E-01-5.78836E+00 3.07797E-01-7.02660E-01-4.64015E+00
 -1       900-2.00005E+00 1.76277E+00 9.54099E+00 1.57706E-01-1.72703E+00-2.17466E+00
 -1       901-1.93642E+00 1.82985E+00 1.04647E+01-8.08121E-02-5.62355E-01 1.93502E+00
 -1       902-2.80745E+00-7.36050E-01-4.76609E+00-1.36607E-01-2.37752E-01 4.20940E+00
 -1       903-5.80034E+00-1.70507E+00-1.35216E+01-2.67591E-01 1.33846E-02 8.53321E+00
 -1       904-8.34178E+00-2.84766E+00-2.39616E+01-3.72821E-01 2.28072E-01 1.28529E+01
 -1       905-7.87060E+00-4.44523E+00-3.90425E+01-4.28428E-01 4.54120E-01 1.67770E+01
 -1       906-5.17316E+00-6.77012E+00-5.80155E+01-4.28804E-01 6.83734E-01 1.78756E+01
 -1       907-1.59044E+00-9.15312E+00-7.62312E+01-3.31244E-01 8.59229E-01 1.39323E+01
 -1       908 8.44238E-01-1.05741E+01-8.71002E+01-1.20877E-01 9.57721E-01 5.26598E+00
 -1       909 8.44238E-01-1.05741E+01-8.71002E+01 1.20877E-01 9.57721E-01-5.26598E+00
 -1       910-1.59044E+00-9.15312E+00-7.62312E+01 3.31244E-01 8.59229E-01-1.39323E+01
 -1       911-5.17316E+00-6.77012E+00-5.80155E+01 4.28804E-01 6.83734E-01-1.78756E+01
 -1       912-7.87060E+00-4.44523E+00-3.90425E+01 4.28428E-01 4.54120E-01-1.67770E+01
 -1       913-8.34178E+00-2.84766E+00-2.39616E+01 3.72821E-01 2.28072E-01-1.28529E+01
 -1       914-5.80034E+00-1.70507E+00-1.35216E+01 2.67591E-01 1.33846E-02-8.53321E+00
 -1       915-2.80745E+00-7.36050E-01-4.76609E+00 1.36607E-01-2.37752E-01-4.20940E+00
 -1       916-1.93642E+00 1.82985E+00 1.04647E+01 8.08121E-02-5.62355E-01-1.93502E+00
 -1       917-1.93642E+00 1.82985E+00 1.04647E+01 8.08121E-02 5.62355E-01 1.93502E+00
 -1       918-2.80745E+00-7.36050E-01-4.76609E+00 1.36607E-01 2.37752E-01 4.20940E+00
 -1       919-5.80034E+00-1.70507E+00-1.35216E+01 2.67591E-01-1.33846E-02 8.53321E+00
 -1       920-8.34178E+00-2.84766E+00-2.39616E+01 3.72821E-01-2.28072E-01 1.28529E+01
 -1       921-7.87060E+00-4.44523E+00-3.90425E+01 4.28428E-01-4.54120E-01 1.67770E+01
 -1       922-5.17316E+00-6.77012E+00-5.80155E+01 4.28804E-01-6.83734E-01 1.78756E+01
 -1       923-1.59044E+00-9.15312E+00-7.62312E+01 3.31244E-01-8.59229E-01 1.39323E+01
 -1       924 8.44238E-01-1.05741E+01-8.71002E+01 1.20877E-01-9.57721E-01 5.26598E+00
 -1       925 8.44238E-01-1.05741E+01-8.71002E+01-1.20877E-01-9.57721E-01-5.26598E+00
 -1       926-1.59044E+00-9.15312E+00-7.62312E+01-3.31244E-01-8.59229E-01-1.39323E+01
 -1       927-5.17316E+00-6.77012E+00-5.80155E+01-4.28804E-01-6.83734E-01-1.78756E+01
 -1       928-7.87060E+00-4.44523E+00-3.90425E+01-4.28428E-01-4.54120E-01-1.67770E+01
 -1       929-8.34178E+00-2.84766E+00-2.39616E+01-3.72821E-01-2.28072E-01-1.28529E+01
 -1       930-5.80034E+00-1.70507E+00-1.35216E+01-2.67591E-01-1.33846E-02-8.53321E+00
 -1       931-2.80745E+00-7.36050E-01-4.76609E+00-1.36607E-01 2.37752E-01-4.20940E+00
 -1       932-1.93642E+00 1.82985E+00 1.04647E+01-8.08121E-02 5.62355E-01-1.93502E+00
 -1       933-2.00005E+00 1.76277E+00 9.54099E+00 1.57706E-01 1.72703E+00 2.17466E+00
 -1       934-2.66448E+00-4.18350E-01-5.78836E+00 3.07797E-01 7.02660E-01 4.64015E+00
 -1       935-5.38346E+00-9.97311E-01-1.46012E+01 6.40576E-01 4.11415E-02 9.20918E+00
 -1       936-7.71801E+00-1.78342E+00-2.52533E+01 9.20791E-01-4.57519E-01 1.35802E+01
 -1       937-6.93146E+00-2.89090E+00-4.04505E+01 1.10569E+00-9.64397E-01 1.74183E+01
 -1       938-3.87185E+00-4.61199E+00-5.95072E+01 1.10852E+00-1.50378E+00 1.83568E+01
 -1       939-1.24744E-01-6.54698E+00-7.79454E+01 8.39105E-01-2.00052E+00 1.42175E+01
 -1       940 2.39373E+00-7.70291E+00-8.90053E+01 3.13358E-01-2.31289E+00 5.35351E+00
 -1       941 2.39373E+00-7.70291E+00-8.90053E+01-3.13358E-01-2.31289E+00-5.35351E+00
 -1       942-1.24744E-01-6.54698E+00-7.79454E+01-8.39105E-01-2.00052E+00-1.42175E+01
 -1       943-3.87185E+00-4.61199E+00-5.95072E+01-1.10852E+00-1.50378E+00-1.83568E+01
 -1       944-6.93146E+00-2.89090E+00-4.04505E+01-1.10569E+00-9.64397E-01-1.74183E+01
 -1       945-7.71801E+00-1.78342E+00-2.52533E+01-9.20791E-01-4.57519E-01-1.35802E+01
 -1       946-5.38346E+00-9.97311E-01-1.46012E+01-6.40576E-01 4.11415E-02-9.20918E+00
 -1       947-2.66448E+00-4.18350E-01-5.78836E+00-3.07797E-01 7.02660E-01-4.64015E+00
 -1       948-2.00005E+00 1.76277E+00 9.54099E+00-1.57706E-01 1.72703E+00-2.17466E+00
 -1       949-2.23726E+00 6.50374E-01 8.81812E+00 1.21335E-01 2.38464E+00 2.68060E+00
 -1       950-2.72731E+00-4.22816E-01-7.14220E+00 3.43677E-01 9.66387E-01 5.73875E+00
 -1       951-5.32617E+00-3.15542E-01-1.65144E+01 7.46444E-01 3.15981E-01 1.12283E+01
 -1       952-7.23279E+00-5.57800E-01-2.79550E+01 1.04619E+00-4.26767E-02 1.60954E+01
 -1       953-5.76204E+00-1.07334E+00-4.43449E+01 1.29800E+00-4.07717E-01 2.00228E+01
 -1       954-2.00126E+00-2.22206E+00-6.46978E+01 1.30303E+00-8.45130E-01 2.06219E+01
 -1       955 2.50765E+00-3.51979E+00-8.39536E+01 9.61702E-01-1.35348E+00 1.57475E+01
 -1       956 5.51442E+00-4.26896E+00-9.52760E+01 3.64543E-01-1.69772E+00 5.89214E+00
 -1       957 5.51442E+00-4.26896E+00-9.52760E+01-3.64543E-01-1.69772E+00-5.89214E+00
 -1       958 2.50765E+00-3.51979E+00-8.39536E+01-9.61702E-01-1.35348E+00-1.57475E+01
 -1       959-2.00126E+00-2.22206E+00-6.46978E+01-1.30303E+00-8.45130E-01-2.06219E+01
 -1       960-5.76204E+00-1.07334E+00-4.43449E+01-1.29800E+00-4.07717E-01-2.00228E+01
 -1       961-7.23279E+00-5.57800E-01-2.79550E+01-1.04619E+00-4.26767E-02-1.60954E+01
 -1       962-5.32617E+00-3.15542E-01-1.65144E+01-7.46444E-01 3.15981E-01-1.12283E+01
 -1       963-2.72731E+00-4.22816E-01-7.14220E+00-3.43677E-01 9.66387E-01-5.73875E+00
 -1       964-2.23726E+00 6.50374E-01 8.81812E+00-1.21335E-01 2.38464E+00-2.68060E+00
 -1       965-2.35731E+00-4.41568E-01 9.69104E+00 6.03384E-01 2.62432E+00 4.58083E+00
 -1       966-2.80702E+00-6.75742E-01-6.47620E+00 5.89439E-01 9.21470E-01 8.46524E+00
 -1       967-5.17049E+00 5.77502E-02-1.48838E+01 6.26659E-01 4.93026E-01 1.52425E+01
 -1       968-6.24272E+00 1.36053E-01-2.58527E+01 7.38149E-01 3.88207E-01 2.09657E+01
 -1       969-2.88121E+00-1.33996E-01-4.26748E+01 8.44451E-01 2.73985E-01 2.55795E+01
 -1       970 3.32374E+00-1.35158E+00-6.44629E+01 8.27913E-01-6.60824E-02 2.61094E+01
 -1       971 1.02178E+01-2.86107E+00-8.55939E+01 6.34260E-01-4.42484E-01 1.98753E+01
 -1       972 1.45894E+01-3.88394E+00-9.83036E+01 2.42209E-01-7.15351E-01 7.44102E+00
 -1       973 1.45894E+01-3.88394E+00-9.83036E+01-2.42209E-01-7.15351E-01-7.44102E+00
 -1       974 1.02178E+01-2.86107E+00-8.55939E+01-6.34260E-01-4.42484E-01-1.98753E+01
 -1       975 3.32374E+00-1.35158E+00-6.44629E+01-8.27913E-01-6.60824E-02-2.61094E+01
 -1       976-2.88121E+00-1.33996E-01-4.26748E+01-8.44451E-01 2.73985E-01-2.55795E+01
 -1       977-6.24272E+00 1.36053E-01-2.58527E+01-7.38149E-01 3.88207E-01-2.09657E+01
 -1       978-5.17049E+00 5.77502E-02-1.48838E+01-6.26659E-01 4.93026E-01-1.52425E+01
 -1       979-2.80702E+00-6.75742E-01-6.47620E+00-5.89439E-01 9.21470E-01-8.46524E+00
 -1       980-2.35731E+00-4.41568E-01 9.69104E+00-6.03384E-01 2.62432E+00-4.58083E+00
 -1       981-9.88914E-01 2.06183E-01-1.43520E+01 1.23363E-01-1.85112E+00 1.08408E+01
 -1       982-4.54283E+00 4.66748E-01-1.55761E+01-1.18904E-01 7.76763E-01 1.50613E+01
 -1       983-8.59255E+00-4.79846E-02-2.33197E+01-5.25100E-01 1.94326E+00 2.06311E+01
 -1       984-8.61502E+00-3.96948E-02-3.60819E+01-7.70073E-01 3.12250E+00 2.25958E+01
 -1       985-6.90167E+00-1.13525E-01-5.14921E+01-8.46062E-01 4.30309E+00 2.26096E+01
 -1       986-4.16382E+00-3.84007E-01-6.74103E+01-7.65479E-01 5.39692E+00 1.97951E+01
 -1       987-1.41517E+00-7.59427E-01-8.07786E+01-5.36804E-01 6.27237E+00 1.37030E+01
 -1       988 3.51957E-01-1.00176E+00-8.84697E+01-1.93282E-01 6.75241E+00 4.91589E+00
 -1       989 3.51957E-01-1.00176E+00-8.84697E+01 1.93282E-01 6.75241E+00-4.91589E+00
 -1       990-1.41517E+00-7.59427E-01-8.07786E+01 5.36804E-01 6.27237E+00-1.37030E+01
 -1       991-4.16382E+00-3.84007E-01-6.74103E+01 7.65479E-01 5.39692E+00-1.97951E+01
 -1       992-6.90167E+00-1.13525E-01-5.14921E+01 8.46062E-01 4.30309E+00-2.26096E+01
 -1       993-8.61502E+00-3.96948E-02-3.60819E+01 7.70073E-01 3.12250E+00-2.25958E+01
 -1       994-8.59255E+00-4.79846E-02-2.33197E+01 5.25100E-01 1.94326E+00-2.06311E+01
 -1       995-4.54283E+00 4.66748E-01-1.55761E+01 1.18904E-01 7.76763E-01-1.50613E+01
 -1       996-9.88914E-01 2.06183E-01-1.43520E+01-1.23363E-01-1.85112E+00-1.08408E+01
 -1       997-4.31721E-01-1.41012E+00-1.27681E+01-2.19075E-01-1.60622E+00 8.15728E+00
 -1       998-3.72391E+00-1.22943E+00-1.42815E+01-2.66369E-01 4.28320E-01 1.13100E+01
 -1       999-7.77486E+00-2.28300E+00-2.08766E+01-3.23962E-01 1.63195E+00 1.56278E+01
 -1      1000-8.64112E+00-3.28741E+00-3.21133E+01-4.10524E-01 2.79984E+00 1.73494E+01
 -1      1001-8.09046E+00-4.40508E+00-4.57448E+01-4.71019E-01 3.92412E+00 1.75071E+01
 -1      1002-6.64096E+00-5.56696E+00-5.98002E+01-4.54800E-01 4.96421E+00 1.54026E+01
 -1      1003-5.00132E+00-6.56201E+00-7.15525E+01-3.33967E-01 5.78438E+00 1.06923E+01
 -1      1004-3.90207E+00-7.13798E+00-7.83201E+01-1.20620E-01 6.24085E+00 3.84287E+00
 -1      1005-3.90207E+00-7.13798E+00-7.83201E+01 1.20620E-01 6.24085E+00-3.84287E+00
 -1      1006-5.00132E+00-6.56201E+00-7.15525E+01 3.33967E-01 5.78438E+00-1.06923E+01
 -1      1007-6.64096E+00-5.56696E+00-5.98002E+01 4.54800E-01 4.96421E+00-1.54026E+01
 -1      1008-8.09046E+00-4.40508E+00-4.57448E+01 4.71019E-01 3.92412E+00-1.75071E+01
 -1      1009-8.64112E+00-3.28741E+00-3.21133E+01 4.10524E-01 2.79984E+00-1.73494E+01
 -1      1010-7.77486E+00-2.28300E+00-2.08766E+01 3.23962E-01 1.63195E+00-1.56278E+01
 -1      1011-3.72391E+00-1.22943E+00-1.42815E+01 2.66369E-01 4.28320E-01-1.13100E+01
 -1      1012-4.31721E-01-1.41012E+00-1.27681E+01 2.19075E-01-1.60622E+00-8.15728E+00
 -1      1013-7.92865E-01-3.31715E+00-9.46246E+00-1.95347E-01-1.27551E+00 7.51647E+00
 -1      1014-3.96713E+00-3.47510E+00-1.19806E+01-3.34811E-01 3.28664E-02 1.02696E+01
 -1      1015-8.16436E+00-5.17157E+00-1.86868E+01-4.47059E-01 9.22141E-01 1.40284E+01
 -1      1016-9.47049E+00-7.14732E+00-2.93387E+01-4.96751E-01 1.77045E+00 1.55857E+01
 -1      1017-9.44491E+00-9.37673E+00-4.21780E+01-5.21781E-01 2.57207E+00 1.58326E+01
 -1      1018-8.53943E+00-1.16205E+01-5.54854E+01-4.79993E-01 3.30281E+00 1.40237E+01
 -1      1019-7.33867E+00-1.34581E+01-6.66263E+01-3.43163E-01 3.87977E+00 9.78089E+00
 -1      1020-6.50221E+00-1.45101E+01-7.30564E+01-1.24925E-01 4.20275E+00 3.52393E+00
 -1      1021-6.50221E+00-1.45101E+01-7.30564E+01 1.24925E-01 4.20275E+00-3.52393E+00
 -1      1022-7.33867E+00-1.34581E+01-6.66263E+01 3.43163E-01 3.87977E+00-9.78089E+00
 -1      1023-8.53943E+00-1.16205E+01-5.54854E+01 4.79993E-01 3.30281E+00-1.40237E+01
 -1      1024-9.44491E+00-9.37673E+00-4.21780E+01 5.21781E-01 2.57207E+00-1.58326E+01
 -1      1025-9.47049E+00-7.14732E+00-2.93387E+01 4.96751E-01 1.77045E+00-1.55857E+01
 -1      1026-8.16436E+00-5.17157E+00-1.86868E+01 4.47059E-01 9.22141E-01-1.40284E+01
 -1      1027-3.96713E+00-3.47510E+00-1.19806E+01 3.34811E-01 3.28664E-02-1.02696E+01
 -1      1028-7.92865E-01-3.31715E+00-9.46246E+00 1.95347E-01-1.27551E+00-7.51647E+00
 -1      1029-1.02413E+00-3.45306E+00-7.63916E+00-6.12667E-02-4.29077E-01 7.09118E+00
 -1      1030-4.02884E+00-3.95474E+00-1.06539E+01-1.21967E-01-3.51943E-02 9.70496E+00
 -1      1031-8.10503E+00-5.79230E+00-1.74974E+01-1.67095E-01 2.54278E-01 1.32894E+01
 -1      1032-9.57595E+00-7.96625E+00-2.80877E+01-1.81778E-01 5.32911E-01 1.48210E+01
 -1      1033-9.75922E+00-1.04438E+01-4.07553E+01-1.83328E-01 7.94439E-01 1.51311E+01
 -1      1034-9.01818E+00-1.29317E+01-5.38444E+01-1.65014E-01 1.02965E+00 1.34674E+01
 -1      1035-7.94790E+00-1.49841E+01-6.48418E+01-1.17766E-01 1.21499E+00 9.42663E+00
 -1      1036-7.16912E+00-1.61502E+01-7.11888E+01-4.40671E-02 1.31902E+00 3.40128E+00
 -1      1037-7.16912E+00-1.61502E+01-7.11888E+01 4.40671E-02 1.31902E+00-3.40128E+00
 -1      1038-7.94790E+00-1.49841E+01-6.48418E+01 1.17766E-01 1.21499E+00-9.42663E+00
 -1      1039-9.01818E+00-1.29317E+01-5.38444E+01 1.65014E-01 1.02965E+00-1.34674E+01
 -1      1040-9.75922E+00-1.04438E+01-4.07553E+01 1.83328E-01 7.94439E-01-1.51311E+01
 -1      1041-9.57595E+00-7.96625E+00-2.80877E+01 1.81778E-01 5.32911E-01-1.48210E+01
 -1      1042-8.10503E+00-5.79230E+00-1.74974E+01 1.67095E-01 2.54278E-01-1.32894E+01
 -1      1043-4.02884E+00-3.95474E+00-1.06539E+01 1.21967E-01-3.51943E-02-9.70496E+00
 -1      1044-1.02413E+00-3.45306E+00-7.63916E+00 6.12667E-02-4.29077E-01-7.09118E+00
 -1      1045-1.02413E+00-3.45306E+00-7.63916E+00 6.12667E-02 4.29077E-01 7.09118E+00
 -1      1046-4.02884E+00-3.95474E+00-1.06539E+01 1.21967E-01 3.51943E-02 9.70496E+00
 -1      1047-8.10503E+00-5.79230E+00-1.74974E+01 1.67095E-01-2.54278E-01 1.32894E+01
 -1      1048-9.57595E+00-7.96625E+00-2.80877E+01 1.81778E-01-5.32911E-01 1.48210E+01
 -1      1049-9.75922E+00-1.04438E+01-4.07553E+01 1.83328E-01-7.94439E-01 1.51311E+01
 -1      1050-9.01818E+00-1.29317E+01-5.38444E+01 1.65014E-01-1.02965E+00 1.34674E+01
 -1      1051-7.94790E+00-1.49841E+01-6.48418E+01 1.17766E-01-1.21499E+00 9.42663E+00
 -1      1052-7.16912E+00-1.61502E+01-7.11888E+01 4.40671E-02-1.31902E+00 3.40128E+00
 -1      1053-7.16912E+00-1.61502E+01-7.11888E+01-4.40671E-02-1.31902E+00-3.40128E+00
 -1      1054-7.94790E+00-1.49841E+01-6.48418E+01-1.17766E-01-1.21499E+00-9.42663E+00
 -1      1055-9.01818E+00-1.29317E+01-5.38444E+01-1.65014E-01-1.02965E+00-1.34674E+01
 -1      1056-9.75922E+00-1.04438E+01-4.07553E+01-1.83328E-01-7.94439E-01-1.51311E+01
 -1      1057-9.57595E+00-7.96625E+00-2.80877E+01-1.81778E-01-5.32911E-01-1.48210E+01
 -1      1058-8.10503E+00-5.79230E+00-1.74974E+01-1.67095E-01-2.54278E-01-1.32894E+01
 -1      1059-4.02884E+00-3.95474E+00-1.06539E+01-1.21967E-01 3.51943E-02-9.70496E+00
 -1      1060-1.02413E+00-3.45306E+00-7.63916E+00-6.12667E-02 4.29077E-01-7.09118E+00
 -1      1061-7.92865E-01-3.31715E+00-9.46246E+00 1.95347E-01 1.27551E+00 7.51647E+00
 -1      1062-3.96713E+00-3.47510E+00-1.19806E+01 3.34811E-01-3.28664E-02 1.02696E+01
 -1      1063-8.16436E+00-5.17157E+00-1.86868E+01 4.47059E-01-9.22141E-01 1.40284E+01
 -1      1064-9.47049E+00-7.14732E+00-2.93387E+01 4.96751E-01-1.77045E+00 1.55857E+01
 -1      1065-9.44491E+00-9.37673E+00-4.21780E+01 5.21781E-01-2.57207E+00 1.58326E+01
 -1      1066-8.53943E+00-1.16205E+01-5.54854E+01 4.79993E-01-3.30281E+00 1.40237E+01
 -1      1067-7.33867E+00-1.34581E+01-6.66263E+01 3.43163E-01-3.87977E+00 9.78089E+00
 -1      1068-6.50221E+00-1.45101E+01-7.30564E+01 1.24925E-01-4.20275E+00 3.52393E+00
 -1      1069-6.50221E+00-1.45101E+01-7.30564E+01-1.24925E-01-4.20275E+00-3.52393E+00
 -1      1070-7.33867E+00-1.34581E+01-6.66263E+01-3.43163E-01-3.87977E+00-9.78089E+00
 -1      1071-8.53943E+00-1.16205E+01-5.54854E+01-4.79993E-01-3.30281E+00-1.40237E+01
 -1      1072-9.44491E+00-9.37673E+00-4.21780E+01-5.21781E-01-2.57207E+00-1.58326E+01
 -1      1073-9.47049E+00-7.14732E+00-2.93387E+01-4.96751E-01-1.77045E+00-1.55857E+01
 -1      1074-8.16436E+00-5.17157E+00-1.86868E+01-4.47059E-01-9.22141E-01-1.40284E+01
 -1      1075-3.96713E+00-3.47510E+00-1.19806E+01-3.34811E-01-3.28664E-02-1.02696E+01
 -1      1076-7.92865E-01-3.31715E+00-9.46246E+00-1.95347E-01 1.27551E+00-7.51647E+00
 -1      1077-4.31721E-01-1.41012E+00-1.27681E+01 2.19075E-01 1.60622E+00 8.15728E+00
 -1      1078-3.72391E+00-1.22943E+00-1.42815E+01 2.66369E-01-4.28320E-01 1.13100E+01
 -1      1079-7.77486E+00-2.28300E+00-2.08766E+01 3.23962E-01-1.63195E+00 1.56278E+01
 -1      1080-8.64112E+00-3.28741E+00-3.21133E+01 4.10524E-01-2.79984E+00 1.73494E+01
 -1      1081-8.09046E+00-4.40508E+00-4.57448E+01 4.71019E-01-3.92412E+00 1.75071E+01
 -1      1082-6.64096E+00-5.56696E+00-5.98002E+01 4.54800E-01-4.96421E+00 1.54026E+01
 -1      1083-5.00132E+00-6.56201E+00-7.15525E+01 3.33967E-01-5.78438E+00 1.06923E+01
 -1      1084-3.90207E+00-7.13798E+00-7.83201E+01 1.20620E-01-6.24085E+00 3.84287E+00
 -1      1085-3.90207E+00-7.13798E+00-7.83201E+01-1.20620E-01-6.24085E+00-3.84287E+00
 -1      1086-5.00132E+00-6.56201E+00-7.15525E+01-3.33967E-01-5.78438E+00-1.06923E+01
 -1      1087-6.64096E+00-5.56696E+00-5.98002E+01-4.54800E-01-4.96421E+00-1.54026E+01
 -1      1088-8.09046E+00-4.40508E+00-4.57448E+01-4.71019E-01-3.92412E+00-1.75071E+01
 -1      1089-8.64112E+00-3.28741E+00-3.21133E+01-4.10524E-01-2.79984E+00-1.73494E+01
 -1      1090-7.77486E+00-2.28300E+00-2.08766E+01-3.23962E-01-1.63195E+00-1.56278E+01
 -1      1091-3.72391E+00-1.22943E+00-1.42815E+01-2.66369E-01-4.28320E-01-1.13100E+01
 -1      1092-4.31721E-01-1.41012E+00-1.27681E+01-2.19075E-01 1.60622E+00-8.15728E+00
 -1      1093-9.88914E-01 2.06183E-01-1.43520E+01-1.23363E-01 1.85112E+00 1.08408E+01
 -1      1094-4.54283E+00 4.66748E-01-1.55761E+01 1.18904E-01-7.76763E-01 1.50613E+01
 -1      1095-8.59255E+00-4.79846E-02-2.33197E+01 5.25100E-01-1.94326E+00 2.06311E+01
 -1      1096-8.61502E+00-3.96948E-02-3.60819E+01 7.70073E-01-3.12250E+00 2.25958E+01
 -1      1097-6.90167E+00-1.13525E-01-5.14921E+01 8.46062E-01-4.30309E+00 2.26096E+01
 -1      1098-4.16382E+00-3.84007E-01-6.74103E+01 7.65479E-01-5.39692E+00 1.97951E+01
 -1      1099-1.41517E+00-7.59427E-01-8.07786E+01 5.36804E-01-6.27237E+00 1.37030E+01
 -1      1100 3.51957E-01-1.00176E+00-8.84697E+01 1.93282E-01-6.75241E+00 4.91589E+00
 -1      1101 3.51957E-01-1.00176E+00-8.84697E+01-1.93282E-01-6.75241E+00-4.91589E+00
 -1      1102-1.41517E+00-7.59427E-01-8.07786E+01-5.36804E-01-6.27237E+00-1.37030E+01
 -1      1103-4.16382E+00-3.84007E-01-6.74103E+01-7.65479E-01-5.39692E+00-1.97951E+01
 -1      1104-6.90167E+00-1.13525E-01-5.14921E+01-8.46062E-01-4.30309E+00-2.26096E+01
 -1      1105-8.61502E+00-3.96948E-02-3.60819E+01-7.70073E-01-3.12250E+00-2.25958E+01
 -1      1106-8.59255E+00-4.79846E-02-2.33197E+01-5.25100E-01-1.94326E+00-2.06311E+01
 -1      1107-4.54283E+00 4.66748E-01-1.55761E+01-1.18904E-01-7.76763E-01-1.50613E+01
 -1      1108-9.88914E-01 2.06183E-01-1.43520E+01 1.23363E-01 1.85112E+00-1.08408E+01
 -1      1109-1.12224E+01-1.28620E+01-3.45458E+01 3.03866E-01-7.71753E-02 1.56070E+01
 -1      1110-1.01295E+01-7.78833E+00-1.91519E+01 3.74204E-01 1.94720E+00 1.83740E+01
 -1      1111-1.20326E+01-1.06565E+01-2.82773E+01 5.03278E-01 3.92749E+00 2.18447E+01
 -1      1112-1.75127E+01-1.57690E+01-4.19540E+01 5.73043E-01 5.92998E+00 2.25013E+01
 -1      1113-2.38135E+01-2.17477E+01-5.76391E+01 5.58111E-01 7.94932E+00 2.13465E+01
 -1      1114-2.99220E+01-2.76010E+01-7.28200E+01 4.66426E-01 9.78872E+00 1.78368E+01
 -1      1115-3.47814E+01-3.23017E+01-8.49444E+01 3.10597E-01 1.12032E+01 1.19366E+01
 -1      1116-3.74861E+01-3.49367E+01-9.17214E+01 1.08811E-01 1.19790E+01 4.21006E+00
 -1      1117-3.74861E+01-3.49367E+01-9.17214E+01-1.08811E-01 1.19790E+01-4.21006E+00
 -1      1118-3.47814E+01-3.23017E+01-8.49444E+01-3.10597E-01 1.12032E+01-1.19366E+01
 -1      1119-2.99220E+01-2.76010E+01-7.28200E+01-4.66426E-01 9.78872E+00-1.78368E+01
 -1      1120-2.38135E+01-2.17477E+01-5.76391E+01-5.58111E-01 7.94932E+00-2.13465E+01
 -1      1121-1.75127E+01-1.57690E+01-4.19540E+01-5.73043E-01 5.92998E+00-2.25013E+01
 -1      1122-1.20326E+01-1.06565E+01-2.82773E+01-5.03278E-01 3.92749E+00-2.18447E+01
 -1      1123-1.01295E+01-7.78833E+00-1.91519E+01-3.74204E-01 1.94720E+00-1.83740E+01
 -1      1124-1.12224E+01-1.28620E+01-3.45458E+01-3.03866E-01-7.71753E-02-1.56070E+01
 -1      1125-9.82046E+00-1.20686E+01-3.00402E+01 1.45162E-02-4.15047E-01 1.24849E+01
 -1      1126-9.07641E+00-7.79061E+00-1.60904E+01-3.03008E-02 1.27310E+00 1.48431E+01
 -1      1127-9.87724E+00-1.00283E+01-2.17611E+01-1.34032E-01 2.96343E+00 1.77925E+01
 -1      1128-1.40107E+01-1.45223E+01-3.15417E+01-1.75841E-01 4.60793E+00 1.83173E+01
 -1      1129-1.88991E+01-1.97795E+01-4.32163E+01-1.81902E-01 6.23145E+00 1.73859E+01
 -1      1130-2.36773E+01-2.48923E+01-5.46747E+01-1.58132E-01 7.69548E+00 1.45335E+01
 -1      1131-2.74852E+01-2.89746E+01-6.38852E+01-1.08026E-01 8.81916E+00 9.72955E+00
 -1      1132-2.96023E+01-3.12509E+01-6.90431E+01-3.91744E-02 9.43209E+00 3.43152E+00
 -1      1133-2.96023E+01-3.12509E+01-6.90431E+01 3.91744E-02 9.43209E+00-3.43152E+00
 -1      1134-2.74852E+01-2.89746E+01-6.38852E+01 1.08026E-01 8.81916E+00-9.72955E+00
 -1      1135-2.36773E+01-2.48923E+01-5.46747E+01 1.58132E-01 7.69548E+00-1.45335E+01
 -1      1136-1.88991E+01-1.97795E+01-4.32163E+01 1.81902E-01 6.23145E+00-1.73859E+01
 -1      1137-1.40107E+01-1.45223E+01-3.15417E+01 1.75841E-01 4.60793E+00-1.83173E+01
 -1      1138-9.87724E+00-1.00283E+01-2.17611E+01 1.34032E-01 2.96343E+00-1.77925E+01
 -1      1139-9.07641E+00-7.79061E+00-1.60904E+01 3.03008E-02 1.27310E+00-1.48431E+01
 -1      1140-9.82046E+00-1.20686E+01-3.00402E+01-1.45162E-02-4.15047E-01-1.24849E+01
 -1      1141-8.09364E+00-1.00779E+01-2.49588E+01-6.31900E-02-7.49979E-01 1.11414E+01
 -1      1142-7.88119E+00-6.66755E+00-1.39707E+01-9.80586E-03 2.23392E-01 1.32506E+01
 -1      1143-9.01965E+00-8.82107E+00-2.02079E+01-2.39069E-02 1.30208E+00 1.58768E+01
 -1      1144-1.30406E+01-1.29374E+01-2.99296E+01-4.00260E-02 2.28251E+00 1.64064E+01
 -1      1145-1.77399E+01-1.77791E+01-4.13458E+01-4.53793E-02 3.20456E+00 1.56473E+01
 -1      1146-2.23324E+01-2.25180E+01-5.25224E+01-4.13530E-02 4.01899E+00 1.31348E+01
 -1      1147-2.60029E+01-2.63243E+01-6.15197E+01-2.89582E-02 4.64030E+00 8.81816E+00
 -1      1148-2.80433E+01-2.84489E+01-6.65527E+01-1.04760E-02 4.97861E+00 3.11369E+00
 -1      1149-2.80433E+01-2.84489E+01-6.65527E+01 1.04760E-02 4.97861E+00-3.11369E+00
 -1      1150-2.60029E+01-2.63243E+01-6.15197E+01 2.89582E-02 4.64030E+00-8.81816E+00
 -1      1151-2.23324E+01-2.25180E+01-5.25224E+01 4.13530E-02 4.01899E+00-1.31348E+01
 -1      1152-1.77399E+01-1.77791E+01-4.13458E+01 4.53793E-02 3.20456E+00-1.56473E+01
 -1      1153-1.30406E+01-1.29374E+01-2.99296E+01 4.00260E-02 2.28251E+00-1.64064E+01
 -1      1154-9.01965E+00-8.82107E+00-2.02079E+01 2.39069E-02 1.30208E+00-1.58768E+01
 -1      1155-7.88119E+00-6.66755E+00-1.39707E+01 9.80586E-03 2.23392E-01-1.32506E+01
 -1      1156-8.09364E+00-1.00779E+01-2.49588E+01 6.31900E-02-7.49979E-01-1.11414E+01
 -1      1157-7.27499E+00-9.05591E+00-2.23720E+01-2.55681E-02-3.06528E-01 1.06315E+01
 -1      1158-7.12593E+00-6.02211E+00-1.24623E+01-3.54205E-03-1.53728E-03 1.26785E+01
 -1      1159-8.47328E+00-8.35275E+00-1.89397E+01-8.91556E-03 3.34536E-01 1.51875E+01
 -1      1160-1.24950E+01-1.24656E+01-2.86133E+01-9.70202E-03 6.48247E-01 1.57091E+01
 -1      1161-1.71263E+01-1.72372E+01-3.98433E+01-1.15515E-02 9.35611E-01 1.50174E+01
 -1      1162-2.16408E+01-2.19028E+01-5.08245E+01-1.09771E-02 1.18573E+00 1.26381E+01
 -1      1163-2.52465E+01-2.56495E+01-5.96593E+01-7.57922E-03 1.37543E+00 8.50167E+00
 -1      1164-2.72555E+01-2.77469E+01-6.46135E+01-2.40198E-03 1.47902E+00 3.00621E+00
 -1      1165-2.72555E+01-2.77469E+01-6.46135E+01 2.40198E-03 1.47902E+00-3.00621E+00
 -1      1166-2.52465E+01-2.56495E+01-5.96593E+01 7.57922E-03 1.37543E+00-8.50167E+00
 -1      1167-2.16408E+01-2.19028E+01-5.08245E+01 1.09771E-02 1.18573E+00-1.26381E+01
 -1      1168-1.71263E+01-1.72372E+01-3.98433E+01 1.15515E-02 9.35611E-01-1.50174E+01
 -1      1169-1.24950E+01-1.24656E+01-2.86133E+01 9.70202E-03 6.48247E-01-1.57091E+01
 -1      1170-8.47328E+00-8.35275E+00-1.89397E+01 8.91556E-03 3.34536E-01-1.51875E+01
 -1      1171-7.12593E+00-6.02211E+00-1.24623E+01 3.54205E-03-1.53728E-03-1.26785E+01
 -1      1172-7.27499E+00-9.05591E+00-2.23720E+01 2.55681E-02-3.06528E-01-1.06315E+01
 -1      1173-7.27499E+00-9.05591E+00-2.23720E+01 2.55681E-02 3.06528E-01 1.06315E+01
 -1      1174-7.12593E+00-6.02211E+00-1.24623E+01 3.54205E-03 1.53728E-03 1.26785E+01
 -1      1175-8.47328E+00-8.35275E+00-1.89397E+01 8.91556E-03-3.34536E-01 1.51875E+01
 -1      1176-1.24950E+01-1.24656E+01-2.86133E+01 9.70202E-03-6.48247E-01 1.57091E+01
 -1      1177-1.71263E+01-1.72372E+01-3.98433E+01 1.15515E-02-9.35611E-01 1.50174E+01
 -1      1178-2.16408E+01-2.19028E+01-5.08245E+01 1.09771E-02-1.18573E+00 1.26381E+01
 -1      1179-2.52465E+01-2.56495E+01-5.96593E+01 7.57922E-03-1.37543E+00 8.50167E+00
 -1      1180-2.72555E+01-2.77469E+01-6.46135E+01 2.40198E-03-1.47902E+00 3.00621E+00
 -1      1181-2.72555E+01-2.77469E+01-6.46135E+01-2.40198E-03-1.47902E+00-3.00621E+00
 -1      1182-2.52465E+01-2.56495E+01-5.96593E+01-7.57922E-03-1.37543E+00-8.50167E+00
 -1      1183-2.16408E+01-2.19028E+01-5.08245E+01-1.09771E-02-1.18573E+00-1.26381E+01
 -1      1184-1.71263E+01-1.72372E+01-3.98433E+01-1.15515E-02-9.35611E-01-1.50174E+01
 -1      1185-1.24950E+01-1.24656E+01-2.86133E+01-9.70202E-03-6.48247E-01-1.57091E+01
 -1      1186-8.47328E+00-8.35275E+00-1.89397E+01-8.91556E-03-3.34536E-01-1.51875E+01
 -1      1187-7.12593E+00-6.02211E+00-1.24623E+01-3.54205E-03 1.53728E-03-1.26785E+01
 -1      1188-7.27499E+00-9.05591E+00-2.23720E+01-2.55681E-02 3.06528E-01-1.06315E+01
 -1      1189-8.09364E+00-1.00779E+01-2.49588E+01 6.31900E-02 7.49979E-01 1.11414E+01
 -1      1190-7.88119E+00-6.66755E+00-1.39707E+01 9.80586E-03-2.23392E-01 1.32506E+01
 -1      1191-9.01965E+00-8.82107E+00-2.02079E+01 2.39069E-02-1.30208E+00 1.58768E+01
 -1      1192-1.30406E+01-1.29374E+01-2.99296E+01 4.00260E-02-2.28251E+00 1.64064E+01
 -1      1193-1.77399E+01-1.77791E+01-4.13458E+01 4.53793E-02-3.20456E+00 1.56473E+01
 -1      1194-2.23324E+01-2.25180E+01-5.25224E+01 4.13530E-02-4.01899E+00 1.31348E+01
 -1      1195-2.60029E+01-2.63243E+01-6.15197E+01 2.89582E-02-4.64030E+00 8.81816E+00
 -1      1196-2.80433E+01-2.84489E+01-6.65527E+01 1.04760E-02-4.97861E+00 3.11369E+00
 -1      1197-2.80433E+01-2.84489E+01-6.65527E+01-1.04760E-02-4.97861E+00-3.11369E+00
 -1      1198-2.60029E+01-2.63243E+01-6.15197E+01-2.89582E-02-4.64030E+00-8.81816E+00
 -1      1199-2.23324E+01-2.25180E+01-5.25224E+01-4.13530E-02-4.01899E+00-1.31348E+01
 -1      1200-1.77399E+01-1.77791E+01-4.13458E+01-4.53793E-02-3.20456E+00-1.56473E+01
 -1      1201-1.30406E+01-1.29374E+01-2.99296E+01-4.00260E-02-2.28251E+00-1.64064E+01
 -1      1202-9.01965E+00-8.82107E+00-2.02079E+01-2.39069E-02-1.30208E+00-1.58768E+01
 -1      1203-7.88119E+00-6.66755E+00-1.39707E+01-9.80586E-03-2.23392E-01-1.32506E+01
 -1      1204-8.09364E+00-1.00779E+01-2.49588E+01-6.31900E-02 7.49979E-01-1.11414E+01
 -1      1205-9.82046E+00-1.20686E+01-3.00402E+01-1.45162E-02 4.15047E-01 1.24849E+01
 -1      1206-9.07641E+00-7.79061E+00-1.60904E+01 3.03008E-02-1.27310E+00 1.48431E+01
 -1      1207-9.87724E+00-1.00283E+01-2.17611E+01 1.34032E-01-2.96343E+00 1.77925E+01
 -1      1208-1.40107E+01-1.45223E+01-3.15417E+01 1.75841E-01-4.60793E+00 1.83173E+01
 -1      1209-1.88991E+01-1.97795E+01-4.32163E+01 1.81902E-01-6.23145E+00 1.73859E+01
 -1      1210-2.36773E+01-2.48923E+01-5.46747E+01 1.58132E-01-7.69548E+00 1.45335E+01
 -1      1211-2.74852E+01-2.89746E+01-6.38852E+01 1.08026E-01-8.81916E+00 9.72955E+00
 -1      1212-2.96023E+01-3.12509E+01-6.90431E+01 3.91744E-02-9.43209E+00 3.43152E+00
 -1      1213-2.96023E+01-3.12509E+01-6.90431E+01-3.91744E-02-9.43209E+00-3.43152E+00
 -1      1214-2.74852E+01-2.89746E+01-6.38852E+01-1.08026E-01-8.81916E+00-9.72955E+00
 -1      1215-2.36773E+01-2.48923E+01-5.46747E+01-1.58132E-01-7.69548E+00-1.45335E+01
 -1      1216-1.88991E+01-1.97795E+01-4.32163E+01-1.81902E-01-6.23145E+00-1.73859E+01
 -1      1217-1.40107E+01-1.45223E+01-3.15417E+01-1.75841E-01-4.60793E+00-1.83173E+01
 -1      1218-9.87724E+00-1.00283E+01-2.17611E+01-1.34032E-01-2.96343E+00-1.77925E+01
 -1      1219-9.07641E+00-7.79061E+00-1.60904E+01-3.03008E-02-1.27310E+00-1.48431E+01
 -1      1220-9.82046E+00-1.20686E+01-3.00402E+01 1.45162E-02 4.15047E-01-1.24849E+01
 -1      1221-1.12224E+01-1.28620E+01-3.45458E+01-3.03866E-01 7.71753E-02 1.56070E+01
 -1      1222-1.01295E+01-7.78833E+00-1.91519E+01-3.74204E-01-1.94720E+00 1.83740E+01
 -1      1223-1.20326E+01-1.06565E+01-2.82773E+01-5.03278E-01-3.92749E+00 2.18447E+01
 -1      1224-1.75127E+01-1.57690E+01-4.19540E+01-5.73043E-01-5.92998E+00 2.25013E+01
 -1      1225-2.38135E+01-2.17477E+01-5.76391E+01-5.58111E-01-7.94932E+00 2.13465E+01
 -1      1226-2.99220E+01-2.76010E+01-7.28200E+01-4.66426E-01-9.78872E+00 1.78368E+01
 -1      1227-3.47814E+01-3.23017E+01-8.49444E+01-3.10597E-01-1.12032E+01 1.19366E+01
 -1      1228-3.74861E+01-3.49367E+01-9.17214E+01-1.08811E-01-1.19790E+01 4.21006E+00
 -1      1229-3.74861E+01-3.49367E+01-9.17214E+01 1.08811E-01-1.19790E+01-4.21006E+00
 -1      1230-3.47814E+01-3.23017E+01-8.49444E+01 3.10597E-01-1.12032E+01-1.19366E+01
 -1      1231-2.99220E+01-2.76010E+01-7.28200E+01 4.66426E-01-9.78872E+00-1.78368E+01
 -1      1232-2.38135E+01-2.17477E+01-5.76391E+01 5.58111E-01-7.94932E+00-2.13465E+01
 -1      1233-1.75127E+01-1.57690E+01-4.19540E+01 5.73043E-01-5.92998E+00-2.25013E+01
 -1      1234-1.20326E+01-1.06565E+01-2.82773E+01 5.03278E-01-3.92749E+00-2.18447E+01
 -1      1235-1.01295E+01-7.78833E+00-1.91519E+01 3.74204E-01-1.94720E+00-1.83740E+01
 -1      1236-1.12224E+01-1.28620E+01-3.45458E+01 3.03866E-01 7.71753E-02-1.56070E+01
 -3
    1PSTEP                         3           1           1          
  100CL  101 3.40000E-01          32                     0    1           1
 -4  CONTACT     6    1
 -5  COPEN       1    1    0    0
 -5  CSLIP1      1    1    0    0
 -5  CSLIP2      1    1    0    0
 -5  CPRESS      1    1    0    0
 -5  CSHEAR1     1    1    0    0
 -5  CSHEAR2     1    1    0    0
 -1       590-1.23193E-04 0.00000E+00 0.00000E+00 1.20198E+02 0.00000E+00 0.00000E+00
 -1       589-2.55804E-04 0.00000E+00 0.00000E+00 2.52805E+02 0.00000E+00 0.00000E+00
 -1       588-2.55804E-04 0.00000E+00 0.00000E+00 2.52805E+02 0.00000E+00 0.00000E+00
 -1       587-1.23193E-04 0.00000E+00 0.00000E+00 1.20198E+02 0.00000E+00 0.00000E+00
 -1       574-1.05342E-04 0.00000E+00 0.00000E+00 1.02350E+02 0.00000E+00 0.00000E+00
 -1       573-2.25833E-04 0.00000E+00 0.00000E+00 2.22835E+02 0.00000E+00 0.00000E+00
 -1       572-2.25833E-04 0.00000E+00 0.00000E+00 2.22835E+02 0.00000E+00 0.00000E+00
 -1       571-1.05342E-04 0.00000E+00 0.00000E+00 1.02350E+02 0.00000E+00 0.00000E+00
 -1       558-8.91813E-05 0.00000E+00 0.00000E+00 8.61924E+01 0.00000E+00 0.00000E+00
 -1       557-1.95548E-04 0.00000E+00 0.00000E+00 1.92550E+02 0.00000E+00 0.00000E+00
 -1       556-1.95548E-04 0.00000E+00 0.00000E+00 1.92550E+02 0.00000E+00 0.00000E+00
 -1       555-8.91813E-05 0.00000E+00 0.00000E+00 8.61924E+01 0.00000E+00 0.00000E+00
 -1       542-1.03470E-04 0.00000E+00 0.00000E+00 1.00478E+02 0.00000E+00 0.00000E+00
 -1       541-2.18633E-04 0.00000E+00 0.00000E+00 2.15635E+02 0.00000E+00 0.00000E+00
 -1       540-2.18633E-04 0.00000E+00 0.00000E+00 2.15635E+02 0.00000E+00 0.00000E+00
 -1       539-1.03470E-04 0.00000E+00 0.00000E+00 1.00478E+02 0.00000E+00 0.00000E+00
 -1       526-1.03470E-04 0.00000E+00 0.00000E+00 1.00478E+02 0.00000E+00 0.00000E+00
 -1       525-2.18633E-04 0.00000E+00 0.00000E+00 2.15635E+02 0.00000E+00 0.00000E+00
 -1       524-2.18633E-04 0.00000E+00 0.00000E+00 2.15635E+02 0.00000E+00 0.00000E+00
 -1       523-1.03470E-04 0.00000E+00 0.00000E+00 1.00478E+02 0.00000E+00 0.00000E+00
 -1       510-8.91813E-05 0.00000E+00 0.00000E+00 8.61924E+01 0.00000E+00 0.00000E+00
 -1       509-1.95548E-04 0.00000E+00 0.00000E+00 1.92550E+02 0.00000E+00 0.00000E+00
 -1       508-1.95548E-04 0.00000E+00 0.00000E+00 1.92550E+02 0.00000E+00 0.00000E+00
 -1       507-8.91813E-05 0.00000E+00 0.00000E+00 8.61924E+01 0.00000E+00 0.00000E+00
 -1       494-1.05342E-04 0.00000E+00 0.00000E+00 1.02350E+02 0.00000E+00 0.00000E+00
 -1       493-2.25833E-04 0.00000E+00 0.00000E+00 2.22835E+02 0.00000E+00 0.00000E+00
 -1       492-2.25833E-04 0.00000E+00 0.00000E+00 2.22835E+02 0.00000E+00 0.00000E+00
 -1       491-1.05342E-04 0.00000E+00 0.00000E+00 1.02350E+02 0.00000E+00 0.00000E+00
 -1       478-1.23193E-04 0.00000E+00 0.00000E+00 1.20198E+02 0.00000E+00 0.00000E+00
 -1       477-2.55804E-04 0.00000E+00 0.00000E+00 2.52805E+02 0.00000E+00 0.00000E+00
 -1       476-2.55804E-04 0.00000E+00 0.00000E+00 2.52805E+02 0.00000E+00 0.00000E+00
 -1       475-1.23193E-04 0.00000E+00 0.00000E+00 1.20198E+02 0.00000E+00 0.00000E+00
 -3
    1PSTEP                         4           1           1          
  100CL  101 3.40000E-01        1236                     0    1           1
 -4  ERROR       1    1
 -5  STR(%)      1    1    0    0
 -1         1 4.65199E+01
 -1         2 4.65199E+01
 -1         3 4.39512E+01
 -1         4 4.08214E+01
 -1         5 3.34865E+01
 -1         6 3.21587E+01
 -1         7 1.95760E+01
 -1         8 3.21587E+01
 -1         9 3.34865E+01
 -1        10 4.08214E+01
 -1        11 4.39512E+01
 -1        12 4.65199E+01
 -1        13 4.65199E+01
 -1        14 4.77334E+01
 -1        15 4.77334E+01
 -1        16 4.94788E+01
 -1        17 5.13093E+01
 -1        18 5.13093E+01
 -1        19 4.87950E+01
 -1        20 3.43642E+01
 -1        21 4.87950E+01
 -1        22 5.13093E+01
 -1        23 5.13093E+01
 -1        24 4.94788E+01
 -1        25 4.77334E+01
 -1        26 4.77334E+01
 -1        27 5.02245E+01
 -1        28 5.65703E+01
 -1        29 5.65703E+01
 -1        30 5.13093E+01
 -1        31 5.13093E+01
 -1        32 4.87950E+01
 -1        33 3.43642E+01
 -1        34 4.87950E+01
 -1        35 5.13093E+01
 -1        36 5.13093E+01
 -1        37 5.65703E+01
 -1        38 5.65703E+01
 -1        39 5.02245E+01
 -1        40 5.09852E+01
 -1        41 6.23966E+01
 -1        42 6.23966E+01
 -1        43 4.83255E+01
 -1        44 3.99691E+01
 -1        45 3.73897E+01
 -1        46 2.19771E+01
 -1        47 3.73897E+01
 -1        48 3.99691E+01
 -1        49 4.83255E+01
 -1        50 6.23966E+01
 -1        51 6.23966E+01
 -1        52 5.09852E+01
 -1        53 5.09852E+01
 -1        54 6.23966E+01
 -1        55 6.23966E+01
 -1        56 4.34158E+01
 -1        57 3.00463E+01
 -1        58 2.85028E+01
 -1        59 1.09625E+01
 -1        60 2.85028E+01
 -1        61 3.00463E+01
 -1        62 4.34158E+01
 -1        63 6.23966E+01
 -1        64 6.23966E+01
 -1        65 5.09852E+01
 -1        66 5.09852E+01
 -1        67 6.23966E+01
 -1        68 6.23966E+01
 -1        69 4.83255E+01
 -1        70 3.99691E+01
 -1        71 3.73897E+01
 -1        72 2.19771E+01
 -1        73 3.73897E+01
 -1        74 3.99691E+01
 -1        75 4.83255E+01
 -1        76 6.23966E+01
 -1        77 6.23966E+01
 -1        78 5.09852E+01
 -1        79 5.02245E+01
 -1        80 5.65703E+01
 -1        81 5.65703E+01
 -1        82 5.13093E+01
 -1        83 5.13093E+01
 -1        84 4.87950E+01
 -1        85 3.43642E+01
 -1        86 4.87950E+01
 -1        87 5.13093E+01
 -1        88 5.13093E+01
 -1        89 5.65703E+01
 -1        90 5.65703E+01
 -1        91 5.02245E+01
 -1        92 4.77334E+01
 -1        93 4.77334E+01
 -1        94 4.94788E+01
 -1        95 5.13093E+01
 -1        96 5.13093E+01
 -1        97 4.87950E+01
 -1        98 3.43642E+01
 -1        99 4.87950E+01
 -1       100 5.13093E+01
 -1       101 5.13093E+01
 -1       102 4.94788E+01
 -1       103 4.77334E+01
 -1       104 4.77334E+01
 -1       105 4.65199E+01
 -1       106 4.65199E+01
 -1       107 4.39512E+01
 -1       108 4.08214E+01
 -1       109 3.34865E+01
 -1       110 3.21587E+01
 -1       111 1.95760E+01
 -1       112 3.21587E+01
 -1       113 3.34865E+01
 -1       114 4.08214E+01
 -1       115 4.39512E+01
 -1       116 4.65199E+01
 -1       117 4.65199E+01
 -1       118 4.70534E+01
 -1       119 4.70534E+01
 -1       120 4.39512E+01
 -1       121 4.08214E+01
 -1       122 7.48290E+01
 -1       123 7.72344E+01
 -1       124 7.72344E+01
 -1       125 7.72344E+01
 -1       126 7.48290E+01
 -1       127 4.08214E+01
 -1       128 4.39512E+01
 -1       129 4.70534E+01
 -1       130 4.70534E+01
 -1       131 5.23567E+01
 -1       132 5.23567E+01
 -1       133 5.50883E+01
 -1       134 5.50883E+01
 -1       135 7.48290E+01
 -1       136 7.72344E+01
 -1       137 7.72344E+01
 -1       138 7.72344E+01
 -1       139 7.48290E+01
 -1       140 5.50883E+01
 -1       141 5.50883E+01
 -1       142 5.23567E+01
 -1       143 5.23567E+01
 -1       144 5.23567E+01
 -1       145 5.65703E+01
 -1       146 5.75288E+01
 -1       147 5.75288E+01
 -1       148 5.87125E+01
 -1       149 5.87125E+01
 -1       150 5.71049E+01
 -1       151 5.87125E+01
 -1       152 5.87125E+01
 -1       153 5.75288E+01
 -1       154 5.75288E+01
 -1       155 5.65703E+01
 -1       156 5.23567E+01
 -1       157 5.09852E+01
 -1       158 6.23966E+01
 -1       159 6.23966E+01
 -1       160 5.75288E+01
 -1       161 4.75426E+01
 -1       162 4.75426E+01
 -1       163 4.21747E+01
 -1       164 4.75426E+01
 -1       165 4.75426E+01
 -1       166 5.75288E+01
 -1       167 6.23966E+01
 -1       168 6.23966E+01
 -1       169 5.09852E+01
 -1       170 5.09852E+01
 -1       171 6.23966E+01
 -1       172 6.23966E+01
 -1       173 4.88979E+01
 -1       174 3.74461E+01
 -1       175 3.74461E+01
 -1       176 2.94821E+01
 -1       177 3.74461E+01
 -1       178 3.74461E+01
 -1       179 4.88979E+01
 -1       180 6.23966E+01
 -1       181 6.23966E+01
 -1       182 5.09852E+01
 -1       183 5.09852E+01
 -1       184 6.23966E+01
 -1       185 6.23966E+01
 -1       186 5.75288E+01
 -1       187 4.75426E+01
 -1       188 4.75426E+01
 -1       189 4.21747E+01
 -1       190 4.75426E+01
 -1       191 4.75426E+01
 -1       192 5.75288E+01
 -1       193 6.23966E+01
 -1       194 6.23966E+01
 -1       195 5.09852E+01
 -1       196 5.23567E+01
 -1       197 5.65703E+01
 -1       198 5.75288E+01
 -1       199 5.75288E+01
 -1       200 5.87125E+01
 -1       201 5.87125E+01
 -1       202 5.71049E+01
 -1       203 5.87125E+01
 -1       204 5.87125E+01
 -1       205 5.75288E+01
 -1       206 5.75288E+01
 -1       207 5.65703E+01
 -1       208 5.23567E+01
 -1       209 5.23567E+01
 -1       210 5.23567E+01
 -1       211 5.50883E+01
 -1       212 5.50883E+01
 -1       213 7.48290E+01
 -1       214 7.72344E+01
 -1       215 7.72344E+01
 -1       216 7.72344E+01
 -1       217 7.48290E+01
 -1       218 5.50883E+01
 -1       219 5.50883E+01
 -1       220 5.23567E+01
 -1       221 5.23567E+01
 -1       222 4.70534E+01
 -1       223 4.70534E+01
 -1       224 4.39512E+01
 -1       225 4.08214E+01
 -1       226 7.48290E+01
 -1       227 7.72344E+01
 -1       228 7.72344E+01
 -1       229 7.72344E+01
 -1       230 7.48290E+01
 -1       231 4.08214E+01
 -1       232 4.39512E+01
 -1       233 4.70534E+01
 -1       234 4.70534E+01
 -1       235 7.75091E+01
 -1       236 1.25007E+02
 -1       237 1.25007E+02
 -1       238 8.88435E+01
 -1       239 1.49088E+02
 -1       240 1.49088E+02
 -1       241 1.12573E+02
 -1       242 1.49088E+02
 -1       243 1.49088E+02
 -1       244 8.88435E+01
 -1       245 1.25007E+02
 -1       246 1.25007E+02
 -1       247 7.75091E+01
 -1       248 8.30151E+01
 -1       249 1.25007E+02
 -1       250 1.25007E+02
 -1       251 1.00178E+02
 -1       252 1.49088E+02
 -1       253 1.49088E+02
 -1       254 1.12573E+02
 -1       255 1.49088E+02
 -1       256 1.49088E+02
 -1       257 1.00178E+02
 -1       258 1.25007E+02
 -1       259 1.25007E+02
 -1       260 8.30151E+01
 -1       261 8.30151E+01
 -1       262 8.30151E+01
 -1       263 6.95341E+01
 -1       264 1.06696E+02
 -1       265 1.06696E+02
 -1       266 8.50433E+01
 -1       267 8.50433E+01
 -1       268 8.50433E+01
 -1       269 1.06696E+02
 -1       270 1.06696E+02
 -1       271 6.95341E+01
 -1       272 8.30151E+01
 -1       273 8.30151E+01
 -1       274 7.41889E+01
 -1       275 7.41889E+01
 -1       276 6.94419E+01
 -1       277 1.06696E+02
 -1       278 1.06696E+02
 -1       279 6.54238E+01
 -1       280 5.77996E+01
 -1       281 6.54238E+01
 -1       282 1.06696E+02
 -1       283 1.06696E+02
 -1       284 6.94419E+01
 -1       285 7.41889E+01
 -1       286 7.41889E+01
 -1       287 6.15268E+01
 -1       288 6.79297E+01
 -1       289 6.94419E+01
 -1       290 1.03684E+02
 -1       291 1.03684E+02
 -1       292 5.72525E+01
 -1       293 5.72525E+01
 -1       294 5.72525E+01
 -1       295 1.03684E+02
 -1       296 1.03684E+02
 -1       297 6.94419E+01
 -1       298 6.79297E+01
 -1       299 6.15268E+01
 -1       300 7.41889E+01
 -1       301 7.41889E+01
 -1       302 6.94419E+01
 -1       303 1.06696E+02
 -1       304 1.06696E+02
 -1       305 6.54238E+01
 -1       306 5.77996E+01
 -1       307 6.54238E+01
 -1       308 1.06696E+02
 -1       309 1.06696E+02
 -1       310 6.94419E+01
 -1       311 7.41889E+01
 -1       312 7.41889E+01
 -1       313 8.30151E+01
 -1       314 8.30151E+01
 -1       315 6.95341E+01
 -1       316 1.06696E+02
 -1       317 1.06696E+02
 -1       318 8.50433E+01
 -1       319 8.50433E+01
 -1       320 8.50433E+01
 -1       321 1.06696E+02
 -1       322 1.06696E+02
 -1       323 6.95341E+01
 -1       324 8.30151E+01
 -1       325 8.30151E+01
 -1       326 8.30151E+01
 -1       327 1.25007E+02
 -1       328 1.25007E+02
 -1       329 1.00178E+02
 -1       330 1.49088E+02
 -1       331 1.49088E+02
 -1       332 1.12573E+02
 -1       333 1.49088E+02
 -1       334 1.49088E+02
 -1       335 1.00178E+02
 -1       336 1.25007E+02
 -1       337 1.25007E+02
 -1       338 8.30151E+01
 -1       339 7.75091E+01
 -1       340 1.25007E+02
 -1       341 1.25007E+02
 -1       342 8.88435E+01
 -1       343 1.49088E+02
 -1       344 1.49088E+02
 -1       345 1.12573E+02
 -1       346 1.49088E+02
 -1       347 1.49088E+02
 -1       348 8.88435E+01
 -1       349 1.25007E+02
 -1       350 1.25007E+02
 -1       351 7.75091E+01
 -1       352 7.75091E+01
 -1       353 1.25007E+02
 -1       354 1.25007E+02
 -1       355 8.88435E+01
 -1       356 1.49088E+02
 -1       357 1.49088E+02
 -1       358 1.12573E+02
 -1       359 1.49088E+02
 -1       360 1.49088E+02
 -1       361 8.88435E+01
 -1       362 1.25007E+02
 -1       363 1.25007E+02
 -1       364 7.75091E+01
 -1       365 8.30151E+01
 -1       366 1.25007E+02
 -1       367 1.25007E+02
 -1       368 1.00178E+02
 -1       369 1.49088E+02
 -1       370 1.49088E+02
 -1       371 1.12573E+02
 -1       372 1.49088E+02
 -1       373 1.49088E+02
 -1       374 1.00178E+02
 -1       375 1.25007E+02
 -1       376 1.25007E+02
 -1       377 8.30151E+01
 -1       378 8.30151E+01
 -1       379 8.30151E+01
 -1       380 6.95341E+01
 -1       381 1.06696E+02
 -1       382 1.06696E+02
 -1       383 8.50433E+01
 -1       384 8.50433E+01
 -1       385 8.50433E+01
 -1       386 1.06696E+02
 -1       387 1.06696E+02
 -1       388 6.95341E+01
 -1       389 8.30151E+01
 -1       390 8.30151E+01
 -1       391 7.41889E+01
 -1       392 7.41889E+01
 -1       393 6.94419E+01
 -1       394 1.06696E+02
 -1       395 1.06696E+02
 -1       396 6.54238E+01
 -1       397 5.77996E+01
 -1       398 6.54238E+01
 -1       399 1.06696E+02
 -1       400 1.06696E+02
 -1       401 6.94419E+01
 -1       402 7.41889E+01
 -1       403 7.41889E+01
 -1       404 6.15268E+01
 -1       405 6.79297E+01
 -1       406 6.94419E+01
 -1       407 1.03684E+02
 -1       408 1.03684E+02
 -1       409 5.72525E+01
 -1       410 5.72525E+01
 -1       411 5.72525E+01
 -1       412 1.03684E+02
 -1       413 1.03684E+02
 -1       414 6.94419E+01
 -1       415 6.79297E+01
 -1       416 6.15268E+01
 -1       417 7.41889E+01
 -1       418 7.41889E+01
 -1       419 6.94419E+01
 -1       420 1.06696E+02
 -1       421 1.06696E+02
 -1       422 6.54238E+01
 -1       423 5.77996E+01
 -1       424 6.54238E+01
 -1       425 1.06696E+02
 -1       426 1.06696E+02
 -1       427 6.94419E+01
 -1       428 7.41889E+01
 -1       429 7.41889E+01
 -1       430 8.30151E+01
 -1       431 8.30151E+01
 -1       432 6.95341E+01
 -1       433 1.06696E+02
 -1       434 1.06696E+02
 -1       435 8.50433E+01
 -1       436 8.50433E+01
 -1       437 8.50433E+01
 -1       438 1.06696E+02
 -1       439 1.06696E+02
 -1       440 6.95341E+01
 -1       441 8.30151E+01
 -1       442 8.30151E+01
 -1       443 8.30151E+01
 -1       444 1.25007E+02
 -1       445 1.25007E+02
 -1       446 1.00178E+02
 -1       447 1.49088E+02
 -1       448 1.49088E+02
 -1       449 1.12573E+02
 -1       450 1.49088E+02
 -1       451 1.49088E+02
 -1       452 1.00178E+02
 -1       453 1.25007E+02
 -1       454 1.25007E+02
 -1       455 8.30151E+01
 -1       456 7.75091E+01
 -1       457 1.25007E+02
 -1       458 1.25007E+02
 -1       459 8.88435E+01
 -1       460 1.49088E+02
 -1       461 1.49088E+02
 -1       462 1.12573E+02
 -1       463 1.49088E+02
 -1       464 1.49088E+02
 -1       465 8.88435E+01
 -1       466 1.25007E+02
 -1       467 1.25007E+02
 -1       468 7.75091E+01
 -1       469 4.35328E+01
 -1       470 7.24068E+01
 -1       471 1.05126E+02
 -1       472 1.05126E+02
 -1       473 9.57686E+01
 -1       474 7.21786E+01
 -1       475 4.14129E+01
 -1       476 3.11336E+01
 -1       477 3.11336E+01
 -1       478 4.14129E+01
 -1       479 7.21786E+01
 -1       480 9.57686E+01
 -1       481 1.05126E+02
 -1       482 1.05126E+02
 -1       483 7.24068E+01
 -1       484 4.35328E+01
 -1       485 4.66125E+01
 -1       486 7.24068E+01
 -1       487 1.05126E+02
 -1       488 1.05126E+02
 -1       489 9.57686E+01
 -1       490 7.36480E+01
 -1       491 4.14129E+01
 -1       492 3.11336E+01
 -1       493 3.11336E+01
 -1       494 4.14129E+01
 -1       495 7.36480E+01
 -1       496 9.57686E+01
 -1       497 1.05126E+02
 -1       498 1.05126E+02
 -1       499 7.24068E+01
 -1       500 4.66125E+01
 -1       501 4.66125E+01
 -1       502 6.15703E+01
 -1       503 6.94793E+01
 -1       504 7.05306E+01
 -1       505 7.36480E+01
 -1       506 7.36480E+01
 -1       507 3.09827E+01
 -1       508 3.01187E+01
 -1       509 3.01187E+01
 -1       510 3.09827E+01
 -1       511 7.36480E+01
 -1       512 7.36480E+01
 -1       513 7.05306E+01
 -1       514 6.94793E+01
 -1       515 6.15703E+01
 -1       516 4.66125E+01
 -1       517 3.91529E+01
 -1       518 5.11245E+01
 -1       519 5.28148E+01
 -1       520 5.36655E+01
 -1       521 5.81245E+01
 -1       522 5.81245E+01
 -1       523 3.09827E+01
 -1       524 2.74280E+01
 -1       525 2.74280E+01
 -1       526 3.09827E+01
 -1       527 5.81245E+01
 -1       528 5.81245E+01
 -1       529 5.36655E+01
 -1       530 5.28148E+01
 -1       531 5.11245E+01
 -1       532 3.91529E+01
 -1       533 3.91529E+01
 -1       534 5.11245E+01
 -1       535 5.28148E+01
 -1       536 5.36655E+01
 -1       537 5.81245E+01
 -1       538 5.81245E+01
 -1       539 3.09827E+01
 -1       540 2.74280E+01
 -1       541 2.74280E+01
 -1       542 3.09827E+01
 -1       543 5.81245E+01
 -1       544 5.81245E+01
 -1       545 5.36655E+01
 -1       546 5.28148E+01
 -1       547 5.11245E+01
 -1       548 3.91529E+01
 -1       549 4.66125E+01
 -1       550 6.15703E+01
 -1       551 6.94793E+01
 -1       552 7.05306E+01
 -1       553 7.36480E+01
 -1       554 7.36480E+01
 -1       555 3.09827E+01
 -1       556 3.01187E+01
 -1       557 3.01187E+01
 -1       558 3.09827E+01
 -1       559 7.36480E+01
 -1       560 7.36480E+01
 -1       561 7.05306E+01
 -1       562 6.94793E+01
 -1       563 6.15703E+01
 -1       564 4.66125E+01
 -1       565 4.66125E+01
 -1       566 7.24068E+01
 -1       567 1.05126E+02
 -1       568 1.05126E+02
 -1       569 9.57686E+01
 -1       570 7.36480E+01
 -1       571 4.14129E+01
 -1       572 3.11336E+01
 -1       573 3.11336E+01
 -1       574 4.14129E+01
 -1       575 7.36480E+01
 -1       576 9.57686E+01
 -1       577 1.05126E+02
 -1       578 1.05126E+02
 -1       579 7.24068E+01
 -1       580 4.66125E+01
 -1       581 4.35328E+01
 -1       582 7.24068E+01
 -1       583 1.05126E+02
 -1       584 1.05126E+02
 -1       585 9.57686E+01
 -1       586 7.21786E+01
 -1       587 4.14129E+01
 -1       588 3.11336E+01
 -1       589 3.11336E+01
 -1       590 4.14129E+01
 -1       591 7.21786E+01
 -1       592 9.57686E+01
 -1       593 1.05126E+02
 -1       594 1.05126E+02
 -1       595 7.24068E+01
 -1       596 4.35328E+01
 -1       597 5.65403E+01
 -1       598 7.24068E+01
 -1       599 1.05126E+02
 -1       600 1.05126E+02
 -1       601 9.57686E+01
 -1       602 7.21786E+01
 -1       603 4.14129E+01
 -1       604 3.11336E+01
 -1       605 3.11336E+01
 -1       606 4.14129E+01
 -1       607 7.21786E+01
 -1       608 9.57686E+01
 -1       609 1.05126E+02
 -1       610 1.05126E+02
 -1       611 7.24068E+01
 -1       612 5.65403E+01
 -1       613 5.65403E+01
 -1       614 7.24068E+01
 -1       615 1.05126E+02
 -1       616 1.05126E+02
 -1       617 9.57686E+01
 -1       618 7.36480E+01
 -1       619 4.14129E+01
 -1       620 3.11336E+01
 -1       621 3.11336E+01
 -1       622 4.14129E+01
 -1       623 7.36480E+01
 -1       624 9.57686E+01
 -1       625 1.05126E+02
 -1       626 1.05126E+02
 -1       627 7.24068E+01
 -1       628 5.65403E+01
 -1       629 5.13307E+01
 -1       630 6.15703E+01
 -1       631 6.94793E+01
 -1       632 7.05306E+01
 -1       633 7.36480E+01
 -1       634 7.36480E+01
 -1       635 3.09827E+01
 -1       636 3.01187E+01
 -1       637 3.01187E+01
 -1       638 3.09827E+01
 -1       639 7.36480E+01
 -1       640 7.36480E+01
 -1       641 7.05306E+01
 -1       642 6.94793E+01
 -1       643 6.15703E+01
 -1       644 5.13307E+01
 -1       645 4.73145E+01
 -1       646 5.11245E+01
 -1       647 5.28148E+01
 -1       648 5.36655E+01
 -1       649 5.81245E+01
 -1       650 5.81245E+01
 -1       651 3.09827E+01
 -1       652 2.74280E+01
 -1       653 2.74280E+01
 -1       654 3.09827E+01
 -1       655 5.81245E+01
 -1       656 5.81245E+01
 -1       657 5.36655E+01
 -1       658 5.28148E+01
 -1       659 5.11245E+01
 -1       660 4.73145E+01
 -1       661 4.73145E+01
 -1       662 5.11245E+01
 -1       663 5.28148E+01
 -1       664 5.36655E+01
 -1       665 5.81245E+01
 -1       666 5.81245E+01
 -1       667 3.09827E+01
 -1       668 2.74280E+01
 -1       669 2.74280E+01
 -1       670 3.09827E+01
 -1       671 5.81245E+01
 -1       672 5.81245E+01
 -1       673 5.36655E+01
 -1       674 5.28148E+01
 -1       675 5.11245E+01
 -1       676 4.73145E+01
 -1       677 5.13307E+01
 -1       678 6.15703E+01
 -1       679 6.94793E+01
 -1       680 7.05306E+01
 -1       681 7.36480E+01
 -1       682 7.36480E+01
 -1       683 3.09827E+01
 -1       684 3.01187E+01
 -1       685 3.01187E+01
 -1       686 3.09827E+01
 -1       687 7.36480E+01
 -1       688 7.36480E+01
 -1       689 7.05306E+01
 -1       690 6.94793E+01
 -1       691 6.15703E+01
 -1       692 5.13307E+01
 -1       693 5.65403E+01
 -1       694 7.24068E+01
 -1       695 1.05126E+02
 -1       696 1.05126E+02
 -1       697 9.57686E+01
 -1       698 7.36480E+01
 -1       699 4.14129E+01
 -1       700 3.11336E+01
 -1       701 3.11336E+01
 -1       702 4.14129E+01
 -1       703 7.36480E+01
 -1       704 9.57686E+01
 -1       705 1.05126E+02
 -1       706 1.05126E+02
 -1       707 7.24068E+01
 -1       708 5.65403E+01
 -1       709 5.65403E+01
 -1       710 7.24068E+01
 -1       711 1.05126E+02
 -1       712 1.05126E+02
 -1       713 9.57686E+01
 -1       714 7.21786E+01
 -1       715 4.14129E+01
 -1       716 3.11336E+01
 -1       717 3.11336E+01
 -1       718 4.14129E+01
 -1       719 7.21786E+01
 -1       720 9.57686E+01
 -1       721 1.05126E+02
 -1       722 1.05126E+02
 -1       723 7.24068E+01
 -1       724 5.65403E+01
 -1       725 8.45786E+01
 -1       726 8.45786E+01
 -1       727 4.57104E+01
 -1       728 2.32982E+01
 -1       729 2.97812E+01
 -1       730 2.97812E+01
 -1       731 2.81962E+01
 -1       732 2.11039E+01
 -1       733 2.11039E+01
 -1       734 2.81962E+01
 -1       735 2.97812E+01
 -1       736 2.97812E+01
 -1       737 2.32982E+01
 -1       738 4.57104E+01
 -1       739 8.45786E+01
 -1       740 8.45786E+01
 -1       741 8.45786E+01
 -1       742 8.45786E+01
 -1       743 5.65418E+01
 -1       744 2.32982E+01
 -1       745 2.97812E+01
 -1       746 2.97812E+01
 -1       747 2.81962E+01
 -1       748 2.11039E+01
 -1       749 2.11039E+01
 -1       750 2.81962E+01
 -1       751 2.97812E+01
 -1       752 2.97812E+01
 -1       753 2.32982E+01
 -1       754 5.65418E+01
 -1       755 8.45786E+01
 -1       756 8.45786E+01
 -1       757 8.41668E+01
 -1       758 8.41668E+01
 -1       759 5.65418E+01
 -1       760 1.48039E+01
 -1       761 2.06237E+01
 -1       762 2.20561E+01
 -1       763 2.20561E+01
 -1       764 1.45259E+01
 -1       765 1.45259E+01
 -1       766 2.20561E+01
 -1       767 2.20561E+01
 -1       768 2.06237E+01
 -1       769 1.48039E+01
 -1       770 5.65418E+01
 -1       771 8.41668E+01
 -1       772 8.41668E+01
 -1       773 8.47847E+01
 -1       774 8.47847E+01
 -1       775 4.07663E+01
 -1       776 1.13998E+01
 -1       777 1.98852E+01
 -1       778 2.02304E+01
 -1       779 2.02304E+01
 -1       780 1.18547E+01
 -1       781 1.18547E+01
 -1       782 2.02304E+01
 -1       783 2.02304E+01
 -1       784 1.98852E+01
 -1       785 1.13998E+01
 -1       786 4.07663E+01
 -1       787 8.47847E+01
 -1       788 8.47847E+01
 -1       789 8.47847E+01
 -1       790 8.47847E+01
 -1       791 4.07663E+01
 -1       792 1.13998E+01
 -1       793 1.98852E+01
 -1       794 2.02304E+01
 -1       795 2.02304E+01
 -1       796 1.18547E+01
 -1       797 1.18547E+01
 -1       798 2.02304E+01
 -1       799 2.02304E+01
 -1       800 1.98852E+01
 -1       801 1.13998E+01
 -1       802 4.07663E+01
 -1       803 8.47847E+01
 -1       804 8.47847E+01
 -1       805 8.41668E+01
 -1       806 8.41668E+01
 -1       807 5.65418E+01
 -1       808 1.48039E+01
 -1       809 2.06237E+01
 -1       810 2.20561E+01
 -1       811 2.20561E+01
 -1       812 1.45259E+01
 -1       813 1.45259E+01
 -1       814 2.20561E+01
 -1       815 2.20561E+01
 -1       816 2.06237E+01
 -1       817 1.48039E+01
 -1       818 5.65418E+01
 -1       819 8.41668E+01
 -1       820 8.41668E+01
 -1       821 8.45786E+01
 -1       822 8.45786E+01
 -1       823 5.65418E+01
 -1       824 2.32982E+01
 -1       825 2.97812E+01
 -1       826 2.97812E+01
 -1       827 2.81962E+01
 -1       828 2.11039E+01
 -1       829 2.11039E+01
 -1       830 2.81962E+01
 -1       831 2.97812E+01
 -1       832 2.97812E+01
 -1       833 2.32982E+01
 -1       834 5.65418E+01
 -1       835 8.45786E+01
 -1       836 8.45786E+01
 -1       837 8.45786E+01
 -1       838 8.45786E+01
 -1       839 4.57104E+01
 -1       840 2.32982E+01
 -1       841 2.97812E+01
 -1       842 2.97812E+01
 -1       843 2.81962E+01
 -1       844 2.11039E+01
 -1       845 2.11039E+01
 -1       846 2.81962E+01
 -1       847 2.97812E+01
 -1       848 2.97812E+01
 -1       849 2.32982E+01
 -1       850 4.57104E+01
 -1       851 8.45786E+01
 -1       852 8.45786E+01
 -1       853 8.61807E+01
 -1       854 8.61807E+01
 -1       855 3.55997E+01
 -1       856 1.52139E+01
 -1       857 1.52139E+01
 -1       858 1.45678E+01
 -1       859 1.03426E+01
 -1       860 4.14391E+00
 -1       861 4.14391E+00
 -1       862 1.03426E+01
 -1       863 1.45678E+01
 -1       864 1.52139E+01
 -1       865 1.52139E+01
 -1       866 3.55997E+01
 -1       867 8.61807E+01
 -1       868 8.61807E+01
 -1       869 9.65360E+01
 -1       870 9.65360E+01
 -1       871 4.04608E+01
 -1       872 1.52139E+01
 -1       873 1.52139E+01
 -1       874 1.45678E+01
 -1       875 1.03426E+01
 -1       876 4.14391E+00
 -1       877 4.14391E+00
 -1       878 1.03426E+01
 -1       879 1.45678E+01
 -1       880 1.52139E+01
 -1       881 1.52139E+01
 -1       882 4.04608E+01
 -1       883 9.65360E+01
 -1       884 9.65360E+01
 -1       885 1.04324E+02
 -1       886 1.04324E+02
 -1       887 4.07663E+01
 -1       888 1.48039E+01
 -1       889 1.48039E+01
 -1       890 1.42240E+01
 -1       891 9.79872E+00
 -1       892 3.92784E+00
 -1       893 3.92784E+00
 -1       894 9.79872E+00
 -1       895 1.42240E+01
 -1       896 1.48039E+01
 -1       897 1.48039E+01
 -1       898 4.07663E+01
 -1       899 1.04324E+02
 -1       900 1.04324E+02
 -1       901 1.04849E+02
 -1       902 1.04849E+02
 -1       903 4.07663E+01
 -1       904 1.13998E+01
 -1       905 1.13998E+01
 -1       906 1.09960E+01
 -1       907 6.84713E+00
 -1       908 3.37323E+00
 -1       909 3.37323E+00
 -1       910 6.84713E+00
 -1       911 1.09960E+01
 -1       912 1.13998E+01
 -1       913 1.13998E+01
 -1       914 4.07663E+01
 -1       915 1.04849E+02
 -1       916 1.04849E+02
 -1       917 1.04849E+02
 -1       918 1.04849E+02
 -1       919 4.07663E+01
 -1       920 1.13998E+01
 -1       921 1.13998E+01
 -1       922 1.09960E+01
 -1       923 6.84713E+00
 -1       924 3.37323E+00
 -1       925 3.37323E+00
 -1       926 6.84713E+00
 -1       927 1.09960E+01
 -1       928 1.13998E+01
 -1       929 1.13998E+01
 -1       930 4.07663E+01
 -1       931 1.04849E+02
 -1       932 1.04849E+02
 -1       933 1.04324E+02
 -1       934 1.04324E+02
 -1       935 4.07663E+01
 -1       936 1.48039E+01
 -1       937 1.48039E+01
 -1       938 1.42240E+01
 -1       939 9.79872E+00
 -1       940 3.92784E+00
 -1       941 3.92784E+00
 -1       942 9.79872E+00
 -1       943 1.42240E+01
 -1       944 1.48039E+01
 -1       945 1.48039E+01
 -1       946 4.07663E+01
 -1       947 1.04324E+02
 -1       948 1.04324E+02
 -1       949 9.65360E+01
 -1       950 9.65360E+01
 -1       951 4.04608E+01
 -1       952 1.52139E+01
 -1       953 1.52139E+01
 -1       954 1.45678E+01
 -1       955 1.03426E+01
 -1       956 4.14391E+00
 -1       957 4.14391E+00
 -1       958 1.03426E+01
 -1       959 1.45678E+01
 -1       960 1.52139E+01
 -1       961 1.52139E+01
 -1       962 4.04608E+01
 -1       963 9.65360E+01
 -1       964 9.65360E+01
 -1       965 8.61807E+01
 -1       966 8.61807E+01
 -1       967 3.55997E+01
 -1       968 1.52139E+01
 -1       969 1.52139E+01
 -1       970 1.45678E+01
 -1       971 1.03426E+01
 -1       972 4.14391E+00
 -1       973 4.14391E+00
 -1       974 1.03426E+01
 -1       975 1.45678E+01
 -1       976 1.52139E+01
 -1       977 1.52139E+01
 -1       978 3.55997E+01
 -1       979 8.61807E+01
 -1       980 8.61807E+01
 -1       981 8.61807E+01
 -1       982 8.61807E+01
 -1       983 1.44120E+01
 -1       984 1.65439E+01
 -1       985 1.65439E+01
 -1       986 1.55849E+01
 -1       987 1.23460E+01
 -1       988 7.62375E+00
 -1       989 7.62375E+00
 -1       990 1.23460E+01
 -1       991 1.55849E+01
 -1       992 1.65439E+01
 -1       993 1.65439E+01
 -1       994 1.44120E+01
 -1       995 8.61807E+01
 -1       996 8.61807E+01
 -1       997 9.65360E+01
 -1       998 9.65360E+01
 -1       999 1.44120E+01
 -1      1000 1.65439E+01
 -1      1001 1.65439E+01
 -1      1002 1.55849E+01
 -1      1003 1.23460E+01
 -1      1004 7.62375E+00
 -1      1005 7.62375E+00
 -1      1006 1.23460E+01
 -1      1007 1.55849E+01
 -1      1008 1.65439E+01
 -1      1009 1.65439E+01
 -1      1010 1.44120E+01
 -1      1011 9.65360E+01
 -1      1012 9.65360E+01
 -1      1013 1.04324E+02
 -1      1014 1.04324E+02
 -1      1015 1.15225E+01
 -1      1016 1.19051E+01
 -1      1017 1.19051E+01
 -1      1018 1.07313E+01
 -1      1019 6.51378E+00
 -1      1020 3.91543E+00
 -1      1021 3.91543E+00
 -1      1022 6.51378E+00
 -1      1023 1.07313E+01
 -1      1024 1.19051E+01
 -1      1025 1.19051E+01
 -1      1026 1.15225E+01
 -1      1027 1.04324E+02
 -1      1028 1.04324E+02
 -1      1029 1.04849E+02
 -1      1030 1.04849E+02
 -1      1031 5.41439E+00
 -1      1032 5.83958E+00
 -1      1033 5.83958E+00
 -1      1034 4.93679E+00
 -1      1035 4.03105E+00
 -1      1036 2.50601E+00
 -1      1037 2.50601E+00
 -1      1038 4.03105E+00
 -1      1039 4.93679E+00
 -1      1040 5.83958E+00
 -1      1041 5.83958E+00
 -1      1042 5.41439E+00
 -1      1043 1.04849E+02
 -1      1044 1.04849E+02
 -1      1045 1.04849E+02
 -1      1046 1.04849E+02
 -1      1047 5.41439E+00
 -1      1048 5.83958E+00
 -1      1049 5.83958E+00
 -1      1050 4.93679E+00
 -1      1051 4.03105E+00
 -1      1052 2.50601E+00
 -1      1053 2.50601E+00
 -1      1054 4.03105E+00
 -1      1055 4.93679E+00
 -1      1056 5.83958E+00
 -1      1057 5.83958E+00
 -1      1058 5.41439E+00
 -1      1059 1.04849E+02
 -1      1060 1.04849E+02
 -1      1061 1.04324E+02
 -1      1062 1.04324E+02
 -1      1063 1.15225E+01
 -1      1064 1.19051E+01
 -1      1065 1.19051E+01
 -1      1066 1.07313E+01
 -1      1067 6.51378E+00
 -1      1068 3.91543E+00
 -1      1069 3.91543E+00
 -1      1070 6.51378E+00
 -1      1071 1.07313E+01
 -1      1072 1.19051E+01
 -1      1073 1.19051E+01
 -1      1074 1.15225E+01
 -1      1075 1.04324E+02
 -1      1076 1.04324E+02
 -1      1077 9.65360E+01
 -1      1078 9.65360E+01
 -1      1079 1.44120E+01
 -1      1080 1.65439E+01
 -1      1081 1.65439E+01
 -1      1082 1.55849E+01
 -1      1083 1.23460E+01
 -1      1084 7.62375E+00
 -1      1085 7.62375E+00
 -1      1086 1.23460E+01
 -1      1087 1.55849E+01
 -1      1088 1.65439E+01
 -1      1089 1.65439E+01
 -1      1090 1.44120E+01
 -1      1091 9.65360E+01
 -1      1092 9.65360E+01
 -1      1093 8.61807E+01
 -1      1094 8.61807E+01
 -1      1095 1.44120E+01
 -1      1096 1.65439E+01
 -1      1097 1.65439E+01
 -1      1098 1.55849E+01
 -1      1099 1.23460E+01
 -1      1100 7.62375E+00
 -1      1101 7.62375E+00
 -1      1102 1.23460E+01
 -1      1103 1.55849E+01
 -1      1104 1.65439E+01
 -1      1105 1.65439E+01
 -1      1106 1.44120E+01
 -1      1107 8.61807E+01
 -1      1108 8.61807E+01
 -1      1109 2.15302E+01
 -1      1110 2.15302E+01
 -1      1111 1.44120E+01
 -1      1112 1.65439E+01
 -1      1113 1.65439E+01
 -1      1114 1.55849E+01
 -1      1115 1.23460E+01
 -1      1116 7.62375E+00
 -1      1117 7.62375E+00
 -1      1118 1.23460E+01
 -1      1119 1.55849E+01
 -1      1120 1.65439E+01
 -1      1121 1.65439E+01
 -1      1122 1.44120E+01
 -1      1123 2.15302E+01
 -1      1124 2.15302E+01
 -1      1125 2.15302E+01
 -1      1126 2.15302E+01
 -1      1127 1.44120E+01
 -1      1128 1.65439E+01
 -1      1129 1.65439E+01
 -1      1130 1.55849E+01
 -1      1131 1.23460E+01
 -1      1132 7.62375E+00
 -1      1133 7.62375E+00
 -1      1134 1.23460E+01
 -1      1135 1.55849E+01
 -1      1136 1.65439E+01
 -1      1137 1.65439E+01
 -1      1138 1.44120E+01
 -1      1139 2.15302E+01
 -1      1140 2.15302E+01
 -1      1141 1.81865E+01
 -1      1142 1.81865E+01
 -1      1143 4.26546E+00
 -1      1144 4.59794E+00
 -1      1145 4.59794E+00
 -1      1146 4.29553E+00
 -1      1147 3.46091E+00
 -1      1148 2.25533E+00
 -1      1149 2.25533E+00
 -1      1150 3.46091E+00
 -1      1151 4.29553E+00
 -1      1152 4.59794E+00
 -1      1153 4.59794E+00
 -1      1154 4.26546E+00
 -1      1155 1.81865E+01
 -1      1156 1.81865E+01
 -1      1157 1.30127E+01
 -1      1158 1.30127E+01
 -1      1159 3.76862E+00
 -1      1160 4.17945E+00
 -1      1161 4.17945E+00
 -1      1162 3.94062E+00
 -1      1163 3.14168E+00
 -1      1164 1.94058E+00
 -1      1165 1.94058E+00
 -1      1166 3.14168E+00
 -1      1167 3.94062E+00
 -1      1168 4.17945E+00
 -1      1169 4.17945E+00
 -1      1170 3.76862E+00
 -1      1171 1.30127E+01
 -1      1172 1.30127E+01
 -1      1173 1.30127E+01
 -1      1174 1.30127E+01
 -1      1175 3.76862E+00
 -1      1176 4.17945E+00
 -1      1177 4.17945E+00
 -1      1178 3.94062E+00
 -1      1179 3.14168E+00
 -1      1180 1.94058E+00
 -1      1181 1.94058E+00
 -1      1182 3.14168E+00
 -1      1183 3.94062E+00
 -1      1184 4.17945E+00
 -1      1185 4.17945E+00
 -1      1186 3.76862E+00
 -1      1187 1.30127E+01
 -1      1188 1.30127E+01
 -1      1189 1.81865E+01
 -1      1190 1.81865E+01
 -1      1191 4.26546E+00
 -1      1192 4.59794E+00
 -1      1193 4.59794E+00
 -1      1194 4.29553E+00
 -1      1195 3.46091E+00
 -1      1196 2.25533E+00
 -1      1197 2.25533E+00
 -1      1198 3.46091E+00
 -1      1199 4.29553E+00
 -1      1200 4.59794E+00
 -1      1201 4.59794E+00
 -1      1202 4.26546E+00
 -1      1203 1.81865E+01
 -1      1204 1.81865E+01
 -1      1205 2.15302E+01
 -1      1206 2.15302E+01
 -1      1207 1.44120E+01
 -1      1208 1.65439E+01
 -1      1209 1.65439E+01
 -1      1210 1.55849E+01
 -1      1211 1.23460E+01
 -1      1212 7.62375E+00
 -1      1213 7.62375E+00
 -1      1214 1.23460E+01
 -1      1215 1.55849E+01
 -1      1216 1.65439E+01
 -1      1217 1.65439E+01
 -1      1218 1.44120E+01
 -1      1219 2.15302E+01
 -1      1220 2.15302E+01
 -1      1221 2.15302E+01
 -1      1222 2.15302E+01
 -1      1223 1.44120E+01
 -1      1224 1.65439E+01
 -1      1225 1.65439E+01
 -1      1226 1.55849E+01
 -1      1227 1.23460E+01
 -1      1228 7.62375E+00
 -1      1229 7.62375E+00
 -1      1230 1.23460E+01
 -1      1231 1.55849E+01
 -1      1232 1.65439E+01
 -1      1233 1.65439E+01
 -1      1234 1.44120E+01
 -1      1235 2.15302E+01
 -1      1236 2.15302E+01
 -3
    1PSTEP                         5           2           1          
  100CL  102 6.80000E-01        1236                     0    2           1
 -4  DISP        4    1
 -5  D1          1    2    1    0
 -5  D2          1    2    2    0
 -5  D3          1    2    3    0
 -5  ALL         1    2    0    0    1ALL
 -1         1 0.00000E+00 0.00000E+00 0.00000E+00
 -1         2 0.00000E+00 0.00000E+00 0.00000E+00
 -1         3 0.00000E+00 0.00000E+00 0.00000E+00
 -1         4 0.00000E+00 0.00000E+00 0.00000E+00
 -1         5 0.00000E+00 0.00000E+00 0.00000E+00
 -1         6 0.00000E+00 0.00000E+00 0.00000E+00
 -1         7 0.00000E+00 0.00000E+00 0.00000E+00
 -1         8 0.00000E+00 0.00000E+00 0.00000E+00
 -1         9 0.00000E+00 0.00000E+00 0.00000E+00
 -1        10 0.00000E+00 0.00000E+00 0.00000E+00
 -1        11 0.00000E+00 0.00000E+00 0.00000E+00
 -1        12 0.00000E+00 0.00000E+00 0.00000E+00
 -1        13 0.00000E+00 0.00000E+00 0.00000E+00
 -1        14 0.00000E+00 0.00000E+00 0.00000E+00
 -1        15 0.00000E+00 0.00000E+00 0.00000E+00
 -1        16 0.00000E+00 0.00000E+00 0.00000E+00
 -1        17 0.00000E+00 0.00000E+00 0.00000E+00
 -1        18 0.00000E+00 0.00000E+00 0.00000E+00
 -1        19 0.00000E+00 0.00000E+00 0.00000E+00
 -1        20 0.00000E+00 0.00000E+00 0.00000E+00
 -1        21 0.00000E+00 0.00000E+00 0.00000E+00
 -1        22 0.00000E+00 0.00000E+00 0.00000E+00
 -1        23 0.00000E+00 0.00000E+00 0.00000E+00
 -1        24 0.00000E+00 0.00000E+00 0.00000E+00
 -1        25 0.00000E+00 0.00000E+00 0.00000E+00
 -1        26 0.00000E+00 0.00000E+00 0.00000E+00
 -1        27 0.00000E+00 0.00000E+00 0.00000E+00
 -1        28 0.00000E+00 0.00000E+00 0.00000E+00
 -1        29 0.00000E+00 0.00000E+00 0.00000E+00
 -1        30 0.00000E+00 0.00000E+00 0.00000E+00
 -1        31 0.00000E+00 0.00000E+00 0.00000E+00
 -1        32 0.00000E+00 0.00000E+00 0.00000E+00
 -1        33 0.00000E+00 0.00000E+00 0.00000E+00
 -1        34 0.00000E+00 0.00000E+00 0.00000E+00
 -1        35 0.00000E+00 0.00000E+00 0.00000E+00
 -1        36 0.00000E+00 0.00000E+00 0.00000E+00
 -1        37 0.00000E+00 0.00000E+00 0.00000E+00
 -1        38 0.00000E+00 0.00000E+00 0.00000E+00
 -1        39 0.00000E+00 0.00000E+00 0.00000E+00
 -1        40 0.00000E+00 0.00000E+00 0.00000E+00
 -1        41 0.00000E+00 0.00000E+00 0.00000E+00
 -1        42 0.00000E+00 0.00000E+00 0.00000E+00
 -1        43 0.00000E+00 0.00000E+00 0.00000E+00
 -1        44 0.00000E+00 0.00000E+00 0.00000E+00
 -1        45 0.00000E+00 0.00000E+00 0.00000E+00
 -1        46 0.00000E+00 0.00000E+00 0.00000E+00
 -1        47 0.00000E+00 0.00000E+00 0.00000E+00
 -1        48 0.00000E+00 0.00000E+00 0.00000E+00
 -1        49 0.00000E+00 0.00000E+00 0.00000E+00
 -1        50 0.00000E+00 0.00000E+00 0.00000E+00
 -1        51 0.00000E+00 0.00000E+00 0.00000E+00
 -1        52 0.00000E+00 0.00000E+00 0.00000E+00
 -1        53 0.00000E+00 0.00000E+00 0.00000E+00
 -1        54 0.00000E+00 0.00000E+00 0.00000E+00
 -1        55 0.00000E+00 0.00000E+00 0.00000E+00
 -1        56 0.00000E+00 0.00000E+00 0.00000E+00
 -1        57 0.00000E+00 0.00000E+00 0.00000E+00
 -1        58 0.00000E+00 0.00000E+00 0.00000E+00
 -1        59 0.00000E+00 0.00000E+00 0.00000E+00
 -1        60 0.00000E+00 0.00000E+00 0.00000E+00
 -1        61 0.00000E+00 0.00000E+00 0.00000E+00
 -1        62 0.00000E+00 0.00000E+00 0.00000E+00
 -1        63 0.00000E+00 0.00000E+00 0.00000E+00
 -1        64 0.00000E+00 0.00000E+00 0.00000E+00
 -1        65 0.00000E+00 0.00000E+00 0.00000E+00
 -1        66 0.00000E+00 0.00000E+00 0.00000E+00
 -1        67 0.00000E+00 0.00000E+00 0.00000E+00
 -1        68 0.00000E+00 0.00000E+00 0.00000E+00
 -1        69 0.00000E+00 0.00000E+00 0.00000E+00
 -1        70 0.00000E+00 0.00000E+00 0.00000E+00
 -1        71 0.00000E+00 0.00000E+00 0.00000E+00
 -1        72 0.00000E+00 0.00000E+00 0.00000E+00
 -1        73 0.00000E+00 0.00000E+00 0.00000E+00
 -1        74 0.00000E+00 0.00000E+00 0.00000E+00
 -1        75 0.00000E+00 0.00000E+00 0.00000E+00
 -1        76 0.00000E+00 0.00000E+00 0.00000E+00
 -1        77 0.00000E+00 0.00000E+00 0.00000E+00
 -1        78 0.00000E+00 0.00000E+00 0.00000E+00
 -1        79 0.00000E+00 0.00000E+00 0.00000E+00
 -1        80 0.00000E+00 0.00000E+00 0.00000E+00
 -1        81 0.00000E+00 0.00000E+00 0.00000E+00
 -1        82 0.00000E+00 0.00000E+00 0.00000E+00
 -1        83 0.00000E+00 0.00000E+00 0.00000E+00
 -1        84 0.00000E+00 0.00000E+00 0.00000E+00
 -1        85 0.00000E+00 0.00000E+00 0.00000E+00
 -1        86 0.00000E+00 0.00000E+00 0.00000E+00
 -1        87 0.00000E+00 0.00000E+00 0.00000E+00
 -1        88 0.00000E+00 0.00000E+00 0.00000E+00
 -1        89 0.00000E+00 0.00000E+00 0.00000E+00
 -1        90 0.00000E+00 0.00000E+00 0.00000E+00
 -1        91 0.00000E+00 0.00000E+00 0.00000E+00
 -1        92 0.00000E+00 0.00000E+00 0.00000E+00
 -1        93 0.00000E+00 0.00000E+00 0.00000E+00
 -1        94 0.00000E+00 0.00000E+00 0.00000E+00
 -1        95 0.00000E+00 0.00000E+00 0.00000E+00
 -1        96 0.00000E+00 0.00000E+00 0.00000E+00
 -1        97 0.00000E+00 0.00000E+00 0.00000E+00
 -1        98 0.00000E+00 0.00000E+00 0.00000E+00
 -1        99 0.00000E+00 0.00000E+00 0.00000E+00
 -1       100 0.00000E+00 0.00000E+00 0.00000E+00
 -1       101 0.00000E+00 0.00000E+00 0.00000E+00
 -1       102 0.00000E+00 0.00000E+00 0.00000E+00
 -1       103 0.00000E+00 0.00000E+00 0.00000E+00
 -1       104 0.00000E+00 0.00000E+00 0.00000E+00
 -1       105 0.00000E+00 0.00000E+00 0.00000E+00
 -1       106 0.00000E+00 0.00000E+00 0.00000E+00
 -1       107 0.00000E+00 0.00000E+00 0.00000E+00
 -1       108 0.00000E+00 0.00000E+00 0.00000E+00
 -1       109 0.00000E+00 0.00000E+00 0.00000E+00
 -1       110 0.00000E+00 0.00000E+00 0.00000E+00
 -1       111 0.00000E+00 0.00000E+00 0.00000E+00
 -1       112 0.00000E+00 0.00000E+00 0.00000E+00
 -1       113 0.00000E+00 0.00000E+00 0.00000E+00
 -1       114 0.00000E+00 0.00000E+00 0.00000E+00
 -1       115 0.00000E+00 0.00000E+00 0.00000E+00
 -1       116 0.00000E+00 0.00000E+00 0.00000E+00
 -1       117 0.00000E+00 0.00000E+00 0.00000E+00
 -1       118-1.26603E-04-2.43579E-05-7.73946E-05
 -1       119-1.34206E-04-3.79504E-05-1.19385E-05
 -1       120-2.15378E-04-9.25885E-05-8.70000E-06
 -1       121-3.60702E-04-2.49480E-04-4.91915E-05
 -1       122-4.88187E-04-5.90362E-04-1.97737E-04
 -1       123-3.92561E-04-1.08646E-03-4.46778E-04
 -1       124-1.11489E-10-1.35700E-03-5.90715E-04
 -1       125 3.92562E-04-1.08646E-03-4.46777E-04
 -1       126 4.88187E-04-5.90364E-04-1.97736E-04
 -1       127 3.60702E-04-2.49480E-04-4.91918E-05
 -1       128 2.15379E-04-9.25888E-05-8.70006E-06
 -1       129 1.34206E-04-3.79504E-05-1.19386E-05
 -1       130 1.26604E-04-2.43580E-05-7.73948E-05
 -1       131-1.08518E-04-5.86647E-06-6.19967E-05
 -1       132-1.09017E-04-2.42642E-05 6.80643E-06
 -1       133-1.71754E-04-7.31260E-05 3.23503E-05
 -1       134-3.21371E-04-2.17473E-04 1.19533E-05
 -1       135-4.94064E-04-5.48408E-04-2.11507E-04
 -1       136-4.18063E-04-1.05128E-03-6.68240E-04
 -1       137-1.14153E-11-1.33171E-03-9.40882E-04
 -1       138 4.18063E-04-1.05128E-03-6.68243E-04
 -1       139 4.94065E-04-5.48409E-04-2.11509E-04
 -1       140 3.21371E-04-2.17474E-04 1.19535E-05
 -1       141 1.71754E-04-7.31263E-05 3.23503E-05
 -1       142 1.09017E-04-2.42642E-05 6.80640E-06
 -1       143 1.08518E-04-5.86639E-06-6.19970E-05
 -1       144-9.26667E-05-4.30102E-06-5.17132E-05
 -1       145-9.77960E-05-1.98326E-05 1.29312E-05
 -1       146-1.85150E-04-6.44251E-05 4.86955E-05
 -1       147-4.64600E-04-1.89188E-04 1.13341E-06
 -1       148-8.68631E-04-4.67911E-04-4.90280E-04
 -1       149-7.90399E-04-8.87274E-04-1.48738E-03
 -1       150 3.03170E-10-1.12099E-03-2.06969E-03
 -1       151 7.90400E-04-8.87272E-04-1.48738E-03
 -1       152 8.68634E-04-4.67910E-04-4.90282E-04
 -1       153 4.64602E-04-1.89188E-04 1.13284E-06
 -1       154 1.85151E-04-6.44251E-05 4.86955E-05
 -1       155 9.77965E-05-1.98325E-05 1.29312E-05
 -1       156 9.26670E-05-4.30083E-06-5.17133E-05
 -1       157-8.53143E-05-3.49706E-06-4.58298E-05
 -1       158-9.71235E-05-1.16866E-05 1.88319E-05
 -1       159-2.11280E-04-3.79668E-05 6.34475E-05
 -1       160-5.90411E-04-1.06624E-04 5.38085E-07
 -1       161-1.14768E-03-2.55973E-04-6.62632E-04
 -1       162-1.05601E-03-4.84064E-04-2.02064E-03
 -1       163 1.26903E-09-6.13178E-04-2.81729E-03
 -1       164 1.05602E-03-4.84064E-04-2.02064E-03
 -1       165 1.14768E-03-2.55972E-04-6.62631E-04
 -1       166 5.90413E-04-1.06623E-04 5.37186E-07
 -1       167 2.11281E-04-3.79665E-05 6.34474E-05
 -1       168 9.71237E-05-1.16864E-05 1.88320E-05
 -1       169 8.53146E-05-3.49676E-06-4.58300E-05
 -1       170-8.35998E-05-1.78582E-10-4.41748E-05
 -1       171-9.81129E-05-1.48629E-10 2.11481E-05
 -1       172-2.24334E-04-3.34146E-10 6.75757E-05
 -1       173-6.34014E-04-4.25408E-10-1.87164E-06
 -1       174-1.22625E-03-6.55920E-10-7.08858E-04
 -1       175-1.12970E-03-5.76669E-10-2.17324E-03
 -1       176-2.23257E-19 2.83807E-20-3.04266E-03
 -1       177 1.12970E-03 5.76669E-10-2.17324E-03
 -1       178 1.22625E-03 6.55920E-10-7.08858E-04
 -1       179 6.34014E-04 4.25408E-10-1.87164E-06
 -1       180 2.24334E-04 3.34146E-10 6.75757E-05
 -1       181 9.81129E-05 1.48629E-10 2.11481E-05
 -1       182 8.35998E-05 1.78582E-10-4.41748E-05
 -1       183-8.53146E-05 3.49676E-06-4.58300E-05
 -1       184-9.71237E-05 1.16864E-05 1.88320E-05
 -1       185-2.11281E-04 3.79665E-05 6.34474E-05
 -1       186-5.90413E-04 1.06623E-04 5.37186E-07
 -1       187-1.14768E-03 2.55972E-04-6.62631E-04
 -1       188-1.05602E-03 4.84064E-04-2.02064E-03
 -1       189-1.26903E-09 6.13178E-04-2.81729E-03
 -1       190 1.05601E-03 4.84064E-04-2.02064E-03
 -1       191 1.14768E-03 2.55973E-04-6.62632E-04
 -1       192 5.90411E-04 1.06624E-04 5.38085E-07
 -1       193 2.11280E-04 3.79668E-05 6.34475E-05
 -1       194 9.71235E-05 1.16866E-05 1.88319E-05
 -1       195 8.53143E-05 3.49706E-06-4.58298E-05
 -1       196-9.26670E-05 4.30083E-06-5.17133E-05
 -1       197-9.77965E-05 1.98325E-05 1.29312E-05
 -1       198-1.85151E-04 6.44251E-05 4.86955E-05
 -1       199-4.64602E-04 1.89188E-04 1.13284E-06
 -1       200-8.68634E-04 4.67910E-04-4.90282E-04
 -1       201-7.90400E-04 8.87272E-04-1.48738E-03
 -1       202-3.03170E-10 1.12099E-03-2.06969E-03
 -1       203 7.90399E-04 8.87274E-04-1.48738E-03
 -1       204 8.68631E-04 4.67911E-04-4.90280E-04
 -1       205 4.64600E-04 1.89188E-04 1.13341E-06
 -1       206 1.85150E-04 6.44251E-05 4.86955E-05
 -1       207 9.77960E-05 1.98326E-05 1.29312E-05
 -1       208 9.26667E-05 4.30102E-06-5.17132E-05
 -1       209-1.08518E-04 5.86639E-06-6.19970E-05
 -1       210-1.09017E-04 2.42642E-05 6.80640E-06
 -1       211-1.71754E-04 7.31263E-05 3.23503E-05
 -1       212-3.21371E-04 2.17474E-04 1.19535E-05
 -1       213-4.94065E-04 5.48409E-04-2.11509E-04
 -1       214-4.18063E-04 1.05128E-03-6.68243E-04
 -1       215 1.14153E-11 1.33171E-03-9.40882E-04
 -1       216 4.18063E-04 1.05128E-03-6.68240E-04
 -1       217 4.94064E-04 5.48408E-04-2.11507E-04
 -1       218 3.21371E-04 2.17473E-04 1.19533E-05
 -1       219 1.71754E-04 7.31260E-05 3.23503E-05
 -1       220 1.09017E-04 2.42642E-05 6.80643E-06
 -1       221 1.08518E-04 5.86647E-06-6.19967E-05
 -1       222-1.26604E-04 2.43580E-05-7.73948E-05
 -1       223-1.34206E-04 3.79504E-05-1.19386E-05
 -1       224-2.15379E-04 9.25888E-05-8.70006E-06
 -1       225-3.60702E-04 2.49480E-04-4.91918E-05
 -1       226-4.88187E-04 5.90364E-04-1.97736E-04
 -1       227-3.92562E-04 1.08646E-03-4.46777E-04
 -1       228 1.11489E-10 1.35700E-03-5.90715E-04
 -1       229 3.92561E-04 1.08646E-03-4.46778E-04
 -1       230 4.88187E-04 5.90362E-04-1.97737E-04
 -1       231 3.60702E-04 2.49480E-04-4.91915E-05
 -1       232 2.15378E-04 9.25885E-05-8.70000E-06
 -1       233 1.34206E-04 3.79504E-05-1.19385E-05
 -1       234 1.26603E-04 2.43579E-05-7.73946E-05
 -1       235-2.30345E-04-2.18047E-05-9.74990E-05
 -1       236-2.45443E-04-5.61967E-05-9.31231E-06
 -1       237-2.95611E-04-1.23069E-04 4.02018E-05
 -1       238-3.81281E-04-2.77196E-04 3.44567E-05
 -1       239-4.37992E-04-5.71727E-04-1.04137E-04
 -1       240-3.27660E-04-9.82270E-04-3.19206E-04
 -1       241 1.89427E-09-1.21132E-03-4.15331E-04
 -1       242 3.27660E-04-9.82260E-04-3.19193E-04
 -1       243 4.37993E-04-5.71727E-04-1.04133E-04
 -1       244 3.81281E-04-2.77196E-04 3.44559E-05
 -1       245 2.95611E-04-1.23069E-04 4.02020E-05
 -1       246 2.45444E-04-5.61968E-05-9.31243E-06
 -1       247 2.30345E-04-2.18047E-05-9.74993E-05
 -1       248-2.01503E-04-1.88919E-05-8.32211E-05
 -1       249-2.08406E-04-4.87061E-05 9.15951E-06
 -1       250-2.36785E-04-1.11093E-04 6.73168E-05
 -1       251-2.99100E-04-2.61167E-04 5.06980E-05
 -1       252-4.40815E-04-5.75507E-04-3.40117E-04
 -1       253-4.65279E-04-1.20813E-03-1.39216E-03
 -1       254 6.65838E-10-1.68798E-03-2.10686E-03
 -1       255 4.65276E-04-1.20814E-03-1.39216E-03
 -1       256 4.40812E-04-5.75508E-04-3.40121E-04
 -1       257 2.99102E-04-2.61168E-04 5.06982E-05
 -1       258 2.36786E-04-1.11093E-04 6.73168E-05
 -1       259 2.08407E-04-4.87062E-05 9.15943E-06
 -1       260 2.01504E-04-1.88918E-05-8.32214E-05
 -1       261-1.80603E-04-1.58965E-05-6.90857E-05
 -1       262-1.89488E-04-3.82589E-05 2.75379E-05
 -1       263-2.31772E-04-8.91115E-05 1.02537E-04
 -1       264-3.27700E-04-2.05387E-04 1.15588E-04
 -1       265-7.84675E-04-4.51774E-04-6.35676E-04
 -1       266-1.16360E-03-1.02421E-03-3.32038E-03
 -1       267-1.16643E-08-1.51115E-03-5.36993E-03
 -1       268 1.16361E-03-1.02420E-03-3.32041E-03
 -1       269 7.84687E-04-4.51775E-04-6.35677E-04
 -1       270 3.27701E-04-2.05388E-04 1.15588E-04
 -1       271 2.31774E-04-8.91115E-05 1.02537E-04
 -1       272 1.89489E-04-3.82588E-05 2.75379E-05
 -1       273 1.80604E-04-1.58962E-05-6.90859E-05
 -1       274-1.72993E-04-1.09597E-05-6.25419E-05
 -1       275-1.87289E-04-2.21727E-05 4.00061E-05
 -1       276-2.48611E-04-5.27443E-05 1.29858E-04
 -1       277-3.90183E-04-1.17871E-04 1.45356E-04
 -1       278-1.02065E-03-2.39551E-04-8.71405E-04
 -1       279-1.55670E-03-3.95687E-04-4.50418E-03
 -1       280 2.34517E-08-4.76006E-04-7.28979E-03
 -1       281 1.55670E-03-3.95672E-04-4.50415E-03
 -1       282 1.02065E-03-2.39550E-04-8.71409E-04
 -1       283 3.90187E-04-1.17870E-04 1.45355E-04
 -1       284 2.48612E-04-5.27439E-05 1.29859E-04
 -1       285 1.87290E-04-2.21723E-05 4.00061E-05
 -1       286 1.72994E-04-1.09592E-05-6.25421E-05
 -1       287-1.71906E-04-2.93500E-10-6.06782E-05
 -1       288-1.88644E-04-1.92368E-10 4.44239E-05
 -1       289-2.57326E-04-4.97958E-10 1.41441E-04
 -1       290-4.24836E-04-9.49523E-10 1.46550E-04
 -1       291-1.05994E-03-1.60810E-09-9.42074E-04
 -1       292-1.53533E-03 1.25672E-08-4.61663E-03
 -1       293-1.88618E-19-2.64802E-20-7.36138E-03
 -1       294 1.53533E-03-1.25672E-08-4.61663E-03
 -1       295 1.05994E-03 1.60810E-09-9.42074E-04
 -1       296 4.24836E-04 9.49523E-10 1.46550E-04
 -1       297 2.57326E-04 4.97958E-10 1.41441E-04
 -1       298 1.88644E-04 1.92368E-10 4.44239E-05
 -1       299 1.71906E-04 2.93500E-10-6.06782E-05
 -1       300-1.72994E-04 1.09592E-05-6.25421E-05
 -1       301-1.87290E-04 2.21723E-05 4.00061E-05
 -1       302-2.48612E-04 5.27439E-05 1.29859E-04
 -1       303-3.90187E-04 1.17870E-04 1.45355E-04
 -1       304-1.02065E-03 2.39550E-04-8.71409E-04
 -1       305-1.55670E-03 3.95672E-04-4.50415E-03
 -1       306-2.34517E-08 4.76006E-04-7.28979E-03
 -1       307 1.55670E-03 3.95687E-04-4.50418E-03
 -1       308 1.02065E-03 2.39551E-04-8.71405E-04
 -1       309 3.90183E-04 1.17871E-04 1.45356E-04
 -1       310 2.48611E-04 5.27443E-05 1.29858E-04
 -1       311 1.87289E-04 2.21727E-05 4.00061E-05
 -1       312 1.72993E-04 1.09597E-05-6.25419E-05
 -1       313-1.80604E-04 1.58962E-05-6.90859E-05
 -1       314-1.89489E-04 3.82588E-05 2.75379E-05
 -1       315-2.31774E-04 8.91115E-05 1.02537E-04
 -1       316-3.27701E-04 2.05388E-04 1.15588E-04
 -1       317-7.84687E-04 4.51775E-04-6.35677E-04
 -1       318-1.16361E-03 1.02420E-03-3.32041E-03
 -1       319 1.16643E-08 1.51115E-03-5.36993E-03
 -1       320 1.16360E-03 1.02421E-03-3.32038E-03
 -1       321 7.84675E-04 4.51774E-04-6.35676E-04
 -1       322 3.27700E-04 2.05387E-04 1.15588E-04
 -1       323 2.31772E-04 8.91115E-05 1.02537E-04
 -1       324 1.89488E-04 3.82589E-05 2.75379E-05
 -1       325 1.80603E-04 1.58965E-05-6.90857E-05
 -1       326-2.01504E-04 1.88918E-05-8.32214E-05
 -1       327-2.08407E-04 4.87062E-05 9.15943E-06
 -1       328-2.36786E-04 1.11093E-04 6.73168E-05
 -1       329-2.99102E-04 2.61168E-04 5.06982E-05
 -1       330-4.40812E-04 5.75508E-04-3.40121E-04
 -1       331-4.65276E-04 1.20814E-03-1.39216E-03
 -1       332-6.65838E-10 1.68798E-03-2.10686E-03
 -1       333 4.65279E-04 1.20813E-03-1.39216E-03
 -1       334 4.40815E-04 5.75507E-04-3.40117E-04
 -1       335 2.99100E-04 2.61167E-04 5.06980E-05
 -1       336 2.36785E-04 1.11093E-04 6.73168E-05
 -1       337 2.08406E-04 4.87061E-05 9.15951E-06
 -1       338 2.01503E-04 1.88919E-05-8.32211E-05
 -1       339-2.30345E-04 2.18047E-05-9.74993E-05
 -1       340-2.45444E-04 5.61968E-05-9.31243E-06
 -1       341-2.95611E-04 1.23069E-04 4.02020E-05
 -1       342-3.81281E-04 2.77196E-04 3.44559E-05
 -1       343-4.37993E-04 5.71727E-04-1.04133E-04
 -1       344-3.27660E-04 9.82260E-04-3.19193E-04
 -1       345-1.89427E-09 1.21132E-03-4.15331E-04
 -1       346 3.27660E-04 9.82270E-04-3.19206E-04
 -1       347 4.37992E-04 5.71727E-04-1.04137E-04
 -1       348 3.81281E-04 2.77196E-04 3.44567E-05
 -1       349 2.95611E-04 1.23069E-04 4.02018E-05
 -1       350 2.45443E-04 5.61967E-05-9.31231E-06
 -1       351 2.30345E-04 2.18047E-05-9.74990E-05
 -1       352-3.17031E-04-2.93784E-05-9.83270E-05
 -1       353-3.19632E-04-6.61989E-05-5.44476E-06
 -1       354-3.18978E-04-1.21218E-04 5.88691E-05
 -1       355-2.67376E-04-1.97871E-04 6.48222E-05
 -1       356-1.35287E-04-2.45510E-04-7.94676E-05
 -1       357-1.33576E-05-1.49047E-04-1.99288E-04
 -1       358 2.81117E-09-3.72561E-05-1.58762E-04
 -1       359 1.33523E-05-1.49051E-04-1.99298E-04
 -1       360 1.35291E-04-2.45510E-04-7.94636E-05
 -1       361 2.67376E-04-1.97869E-04 6.48225E-05
 -1       362 3.18979E-04-1.21219E-04 5.88690E-05
 -1       363 3.19633E-04-6.61990E-05-5.44489E-06
 -1       364 3.17032E-04-2.93783E-05-9.83273E-05
 -1       365-2.84514E-04-2.95522E-05-8.50086E-05
 -1       366-2.80271E-04-6.33815E-05 7.30368E-06
 -1       367-2.53975E-04-1.25133E-04 7.11405E-05
 -1       368-1.41023E-04-2.08397E-04 2.16480E-05
 -1       369 1.13066E-04-2.20622E-04-3.95731E-04
 -1       370 2.63155E-04 1.07896E-06-1.68548E-03
 -1       371-4.76270E-09 2.15504E-04-2.72153E-03
 -1       372-2.63134E-04 1.08720E-06-1.68542E-03
 -1       373-1.13069E-04-2.20616E-04-3.95741E-04
 -1       374 1.41023E-04-2.08399E-04 2.16485E-05
 -1       375 2.53977E-04-1.25133E-04 7.11404E-05
 -1       376 2.80272E-04-6.33816E-05 7.30356E-06
 -1       377 2.84515E-04-2.95520E-05-8.50089E-05
 -1       378-2.64302E-04-2.76913E-05-7.12873E-05
 -1       379-2.62682E-04-5.34490E-05 2.46198E-05
 -1       380-2.34359E-04-1.08225E-04 1.11647E-04
 -1       381-6.94887E-05-1.69604E-04 3.52940E-05
 -1       382 4.47738E-04-1.38499E-04-4.98788E-04
 -1       383 7.89716E-04 1.39759E-04-4.94553E-03
 -1       384 8.58746E-09 3.92819E-04-9.98004E-03
 -1       385-7.89795E-04 1.39753E-04-4.94571E-03
 -1       386-4.47739E-04-1.38507E-04-4.98769E-04
 -1       387 6.94930E-05-1.69604E-04 3.52920E-05
 -1       388 2.34360E-04-1.08225E-04 1.11647E-04
 -1       389 2.62683E-04-5.34488E-05 2.46197E-05
 -1       390 2.64303E-04-2.76910E-05-7.12875E-05
 -1       391-2.59846E-04-1.72032E-05-6.46824E-05
 -1       392-2.64491E-04-3.05864E-05 3.79376E-05
 -1       393-2.41906E-04-6.12484E-05 1.43186E-04
 -1       394-4.31803E-05-9.08778E-05 4.60538E-05
 -1       395 6.29339E-04-7.40537E-05-6.86546E-04
 -1       396 1.07675E-03 6.31145E-06-6.55259E-03
 -1       397 7.07713E-09 5.79602E-05-1.33681E-02
 -1       398-1.07661E-03 6.30673E-06-6.55242E-03
 -1       399-6.29320E-04-7.40586E-05-6.86565E-04
 -1       400 4.31807E-05-9.08757E-05 4.60549E-05
 -1       401 2.41907E-04-6.12479E-05 1.43186E-04
 -1       402 2.64491E-04-3.05860E-05 3.79375E-05
 -1       403 2.59847E-04-1.72027E-05-6.46825E-05
 -1       404-2.60624E-04-2.97248E-10-6.35303E-05
 -1       405-2.68119E-04-2.18456E-10 4.26864E-05
 -1       406-2.47388E-04-4.78463E-10 1.53306E-04
 -1       407-3.34565E-05-5.40051E-11 5.25367E-05
 -1       408 6.60531E-04-1.04558E-08-8.40057E-04
 -1       409 1.09413E-03-6.77250E-09-6.29509E-03
 -1       410 3.47730E-19-9.98477E-19-1.21127E-02
 -1       411-1.09413E-03 6.77250E-09-6.29509E-03
 -1       412-6.60531E-04 1.04558E-08-8.40057E-04
 -1       413 3.34565E-05 5.40051E-11 5.25367E-05
 -1       414 2.47388E-04 4.78463E-10 1.53306E-04
 -1       415 2.68119E-04 2.18456E-10 4.26864E-05
 -1       416 2.60624E-04 2.97248E-10-6.35303E-05
 -1       417-2.59847E-04 1.72027E-05-6.46825E-05
 -1       418-2.64491E-04 3.05860E-05 3.79375E-05
 -1       419-2.41907E-04 6.12479E-05 1.43186E-04
 -1       420-4.31807E-05 9.08757E-05 4.60549E-05
 -1       421 6.29320E-04 7.40586E-05-6.86565E-04
 -1       422 1.07661E-03-6.30673E-06-6.55242E-03
 -1       423-7.07713E-09-5.79602E-05-1.33681E-02
 -1       424-1.07675E-03-6.31145E-06-6.55259E-03
 -1       425-6.29339E-04 7.40537E-05-6.86546E-04
 -1       426 4.31803E-05 9.08778E-05 4.60538E-05
 -1       427 2.41906E-04 6.12484E-05 1.43186E-04
 -1       428 2.64491E-04 3.05864E-05 3.79376E-05
 -1       429 2.59846E-04 1.72032E-05-6.46824E-05
 -1       430-2.64303E-04 2.76910E-05-7.12875E-05
 -1       431-2.62683E-04 5.34488E-05 2.46197E-05
 -1       432-2.34360E-04 1.08225E-04 1.11647E-04
 -1       433-6.94930E-05 1.69604E-04 3.52920E-05
 -1       434 4.47739E-04 1.38507E-04-4.98769E-04
 -1       435 7.89795E-04-1.39753E-04-4.94571E-03
 -1       436-8.58746E-09-3.92819E-04-9.98004E-03
 -1       437-7.89716E-04-1.39759E-04-4.94553E-03
 -1       438-4.47738E-04 1.38499E-04-4.98788E-04
 -1       439 6.94887E-05 1.69604E-04 3.52940E-05
 -1       440 2.34359E-04 1.08225E-04 1.11647E-04
 -1       441 2.62682E-04 5.34490E-05 2.46198E-05
 -1       442 2.64302E-04 2.76913E-05-7.12873E-05
 -1       443-2.84515E-04 2.95520E-05-8.50089E-05
 -1       444-2.80272E-04 6.33816E-05 7.30356E-06
 -1       445-2.53977E-04 1.25133E-04 7.11404E-05
 -1       446-1.41023E-04 2.08399E-04 2.16485E-05
 -1       447 1.13069E-04 2.20616E-04-3.95741E-04
 -1       448 2.63134E-04-1.08720E-06-1.68542E-03
 -1       449 4.76270E-09-2.15504E-04-2.72153E-03
 -1       450-2.63155E-04-1.07896E-06-1.68548E-03
 -1       451-1.13066E-04 2.20622E-04-3.95731E-04
 -1       452 1.41023E-04 2.08397E-04 2.16480E-05
 -1       453 2.53975E-04 1.25133E-04 7.11405E-05
 -1       454 2.80271E-04 6.33815E-05 7.30368E-06
 -1       455 2.84514E-04 2.95522E-05-8.50086E-05
 -1       456-3.17032E-04 2.93783E-05-9.83273E-05
 -1       457-3.19633E-04 6.61990E-05-5.44489E-06
 -1       458-3.18979E-04 1.21219E-04 5.88690E-05
 -1       459-2.67376E-04 1.97869E-04 6.48225E-05
 -1       460-1.35291E-04 2.45510E-04-7.94636E-05
 -1       461-1.33523E-05 1.49051E-04-1.99298E-04
 -1       462-2.81117E-09 3.72561E-05-1.58762E-04
 -1       463 1.33576E-05 1.49047E-04-1.99288E-04
 -1       464 1.35287E-04 2.45510E-04-7.94676E-05
 -1       465 2.67376E-04 1.97871E-04 6.48222E-05
 -1       466 3.18978E-04 1.21218E-04 5.88691E-05
 -1       467 3.19632E-04 6.61989E-05-5.44476E-06
 -1       468 3.17031E-04 2.93784E-05-9.83270E-05
 -1       469 3.31747E-04 1.23818E-04-2.71743E-02
 -1       470 3.79306E-04-3.07923E-04-2.61378E-02
 -1       471 5.24957E-04-7.45859E-04-2.50665E-02
 -1       472 8.08851E-04-1.37051E-03-2.35671E-02
 -1       473 1.17158E-03-2.45257E-03-2.11863E-02
 -1       474 1.35316E-03-4.38394E-03-1.62684E-02
 -1       475 1.08654E-03-6.61344E-03-9.89108E-03
 -1       476 4.12073E-04-7.75213E-03-7.30083E-03
 -1       477-4.12071E-04-7.75211E-03-7.30085E-03
 -1       478-1.08656E-03-6.61337E-03-9.89113E-03
 -1       479-1.35330E-03-4.38389E-03-1.62685E-02
 -1       480-1.17160E-03-2.45259E-03-2.11863E-02
 -1       481-8.08854E-04-1.37053E-03-2.35671E-02
 -1       482-5.24962E-04-7.45864E-04-2.50665E-02
 -1       483-3.79314E-04-3.07926E-04-2.61378E-02
 -1       484-3.31755E-04 1.23818E-04-2.71743E-02
 -1       485 1.07345E-03 2.72121E-05-2.72636E-02
 -1       486 1.13920E-03-3.52344E-04-2.62073E-02
 -1       487 1.34813E-03-7.82842E-04-2.51194E-02
 -1       488 1.75586E-03-1.36990E-03-2.37098E-02
 -1       489 2.26379E-03-2.21419E-03-2.16657E-02
 -1       490 2.47107E-03-3.25403E-03-1.80011E-02
 -1       491 1.93097E-03-4.21751E-03-1.24655E-02
 -1       492 7.19446E-04-4.84318E-03-1.06984E-02
 -1       493-7.19452E-04-4.84317E-03-1.06985E-02
 -1       494-1.93093E-03-4.21750E-03-1.24655E-02
 -1       495-2.47085E-03-3.25402E-03-1.80009E-02
 -1       496-2.26374E-03-2.21419E-03-2.16657E-02
 -1       497-1.75586E-03-1.36990E-03-2.37098E-02
 -1       498-1.34814E-03-7.82844E-04-2.51194E-02
 -1       499-1.13921E-03-3.52347E-04-2.62073E-02
 -1       500-1.07346E-03 2.72104E-05-2.72636E-02
 -1       501 1.59090E-03-6.90296E-05-2.74143E-02
 -1       502 1.63446E-03-3.11000E-04-2.63622E-02
 -1       503 1.77930E-03-6.18059E-04-2.53166E-02
 -1       504 2.04798E-03-1.00587E-03-2.40205E-02
 -1       505 2.32906E-03-1.45776E-03-2.21670E-02
 -1       506 2.31783E-03-1.90654E-03-1.90803E-02
 -1       507 1.74015E-03-2.27978E-03-1.40211E-02
 -1       508 6.46792E-04-2.49854E-03-1.27222E-02
 -1       509-6.46834E-04-2.49855E-03-1.27222E-02
 -1       510-1.74024E-03-2.27981E-03-1.40211E-02
 -1       511-2.31806E-03-1.90654E-03-1.90804E-02
 -1       512-2.32914E-03-1.45774E-03-2.21670E-02
 -1       513-2.04802E-03-1.00587E-03-2.40205E-02
 -1       514-1.77932E-03-6.18062E-04-2.53167E-02
 -1       515-1.63447E-03-3.11004E-04-2.63622E-02
 -1       516-1.59091E-03-6.90352E-05-2.74143E-02
 -1       517 1.81446E-03-4.69762E-05-2.75216E-02
 -1       518 1.82728E-03-1.24464E-04-2.64777E-02
 -1       519 1.91938E-03-2.31361E-04-2.54558E-02
 -1       520 2.11488E-03-3.55481E-04-2.41972E-02
 -1       521 2.33302E-03-4.82805E-04-2.23832E-02
 -1       522 2.28904E-03-5.99869E-04-1.89766E-02
 -1       523 1.69836E-03-6.90584E-04-1.36892E-02
 -1       524 6.24364E-04-7.36412E-04-1.21612E-02
 -1       525-6.24396E-04-7.36407E-04-1.21612E-02
 -1       526-1.69843E-03-6.90560E-04-1.36892E-02
 -1       527-2.28920E-03-5.99870E-04-1.89767E-02
 -1       528-2.33309E-03-4.82834E-04-2.23832E-02
 -1       529-2.11491E-03-3.55494E-04-2.41972E-02
 -1       530-1.91939E-03-2.31369E-04-2.54558E-02
 -1       531-1.82729E-03-1.24471E-04-2.64777E-02
 -1       532-1.81447E-03-4.69867E-05-2.75216E-02
 -1       533 1.81447E-03 4.69867E-05-2.75216E-02
 -1       534 1.82729E-03 1.24471E-04-2.64777E-02
 -1       535 1.91939E-03 2.31369E-04-2.54558E-02
 -1       536 2.11491E-03 3.55494E-04-2.41972E-02
 -1       537 2.33309E-03 4.82834E-04-2.23832E-02
 -1       538 2.28920E-03 5.99870E-04-1.89767E-02
 -1       539 1.69843E-03 6.90560E-04-1.36892E-02
 -1       540 6.24396E-04 7.36407E-04-1.21612E-02
 -1       541-6.24364E-04 7.36412E-04-1.21612E-02
 -1       542-1.69836E-03 6.90584E-04-1.36892E-02
 -1       543-2.28904E-03 5.99869E-04-1.89766E-02
 -1       544-2.33302E-03 4.82805E-04-2.23832E-02
 -1       545-2.11488E-03 3.55481E-04-2.41972E-02
 -1       546-1.91938E-03 2.31361E-04-2.54558E-02
 -1       547-1.82728E-03 1.24464E-04-2.64777E-02
 -1       548-1.81446E-03 4.69762E-05-2.75216E-02
 -1       549 1.59091E-03 6.90352E-05-2.74143E-02
 -1       550 1.63447E-03 3.11004E-04-2.63622E-02
 -1       551 1.77932E-03 6.18062E-04-2.53167E-02
 -1       552 2.04802E-03 1.00587E-03-2.40205E-02
 -1       553 2.32914E-03 1.45774E-03-2.21670E-02
 -1       554 2.31806E-03 1.90654E-03-1.90804E-02
 -1       555 1.74024E-03 2.27981E-03-1.40211E-02
 -1       556 6.46834E-04 2.49855E-03-1.27222E-02
 -1       557-6.46792E-04 2.49854E-03-1.27222E-02
 -1       558-1.74015E-03 2.27978E-03-1.40211E-02
 -1       559-2.31783E-03 1.90654E-03-1.90803E-02
 -1       560-2.32906E-03 1.45776E-03-2.21670E-02
 -1       561-2.04798E-03 1.00587E-03-2.40205E-02
 -1       562-1.77930E-03 6.18059E-04-2.53166E-02
 -1       563-1.63446E-03 3.11000E-04-2.63622E-02
 -1       564-1.59090E-03 6.90296E-05-2.74143E-02
 -1       565 1.07346E-03-2.72104E-05-2.72636E-02
 -1       566 1.13921E-03 3.52347E-04-2.62073E-02
 -1       567 1.34814E-03 7.82844E-04-2.51194E-02
 -1       568 1.75586E-03 1.36990E-03-2.37098E-02
 -1       569 2.26374E-03 2.21419E-03-2.16657E-02
 -1       570 2.47085E-03 3.25402E-03-1.80009E-02
 -1       571 1.93093E-03 4.21750E-03-1.24655E-02
 -1       572 7.19452E-04 4.84317E-03-1.06985E-02
 -1       573-7.19446E-04 4.84318E-03-1.06984E-02
 -1       574-1.93097E-03 4.21751E-03-1.24655E-02
 -1       575-2.47107E-03 3.25403E-03-1.80011E-02
 -1       576-2.26379E-03 2.21419E-03-2.16657E-02
 -1       577-1.75586E-03 1.36990E-03-2.37098E-02
 -1       578-1.34813E-03 7.82842E-04-2.51194E-02
 -1       579-1.13920E-03 3.52344E-04-2.62073E-02
 -1       580-1.07345E-03-2.72121E-05-2.72636E-02
 -1       581 3.31755E-04-1.23818E-04-2.71743E-02
 -1       582 3.79314E-04 3.07926E-04-2.61378E-02
 -1       583 5.24962E-04 7.45864E-04-2.50665E-02
 -1       584 8.08854E-04 1.37053E-03-2.35671E-02
 -1       585 1.17160E-03 2.45259E-03-2.11863E-02
 -1       586 1.35330E-03 4.38389E-03-1.62685E-02
 -1       587 1.08656E-03 6.61337E-03-9.89113E-03
 -1       588 4.12071E-04 7.75211E-03-7.30085E-03
 -1       589-4.12073E-04 7.75213E-03-7.30083E-03
 -1       590-1.08654E-03 6.61344E-03-9.89108E-03
 -1       591-1.35316E-03 4.38394E-03-1.62684E-02
 -1       592-1.17158E-03 2.45257E-03-2.11863E-02
 -1       593-8.08851E-04 1.37051E-03-2.35671E-02
 -1       594-5.24957E-04 7.45859E-04-2.50665E-02
 -1       595-3.79306E-04 3.07923E-04-2.61378E-02
 -1       596-3.31747E-04-1.23818E-04-2.71743E-02
 -1       597-1.24291E-03 1.90201E-04-2.70284E-02
 -1       598-1.28665E-03-2.91982E-04-2.61105E-02
 -1       599-1.38900E-03-7.99596E-04-2.51167E-02
 -1       600-1.63783E-03-1.42769E-03-2.37127E-02
 -1       601-2.07934E-03-2.25182E-03-2.14321E-02
 -1       602-2.37771E-03-3.29500E-03-1.81510E-02
 -1       603-1.83848E-03-4.37853E-03-1.49301E-02
 -1       604-6.36811E-04-4.96013E-03-1.28378E-02
 -1       605 6.36822E-04-4.96012E-03-1.28378E-02
 -1       606 1.83849E-03-4.37852E-03-1.49301E-02
 -1       607 2.37772E-03-3.29501E-03-1.81511E-02
 -1       608 2.07933E-03-2.25183E-03-2.14321E-02
 -1       609 1.63782E-03-1.42770E-03-2.37127E-02
 -1       610 1.38899E-03-7.99599E-04-2.51167E-02
 -1       611 1.28664E-03-2.91983E-04-2.61105E-02
 -1       612 1.24291E-03 1.90201E-04-2.70284E-02
 -1       613-4.97503E-04 9.39965E-05-2.71235E-02
 -1       614-5.22583E-04-2.71648E-04-2.62043E-02
 -1       615-5.53309E-04-6.64807E-04-2.52450E-02
 -1       616-6.55901E-04-1.13626E-03-2.39677E-02
 -1       617-9.10431E-04-1.71637E-03-2.20286E-02
 -1       618-1.18933E-03-2.34040E-03-1.92379E-02
 -1       619-9.41668E-04-2.90791E-03-1.65955E-02
 -1       620-2.95923E-04-3.24266E-03-1.48326E-02
 -1       621 2.95919E-04-3.24267E-03-1.48326E-02
 -1       622 9.41655E-04-2.90791E-03-1.65955E-02
 -1       623 1.18929E-03-2.34040E-03-1.92379E-02
 -1       624 9.10434E-04-1.71637E-03-2.20286E-02
 -1       625 6.55897E-04-1.13625E-03-2.39677E-02
 -1       626 5.53301E-04-6.64808E-04-2.52450E-02
 -1       627 5.22574E-04-2.71650E-04-2.62043E-02
 -1       628 4.97494E-04 9.39959E-05-2.71235E-02
 -1       629-7.60692E-07 1.01937E-05-2.73009E-02
 -1       630-3.13031E-05-2.11431E-04-2.63831E-02
 -1       631-7.96204E-05-4.71826E-04-2.54757E-02
 -1       632-2.18481E-04-7.80192E-04-2.43036E-02
 -1       633-5.27218E-04-1.12818E-03-2.25665E-02
 -1       634-8.99459E-04-1.47638E-03-1.99934E-02
 -1       635-7.53473E-04-1.76265E-03-1.75828E-02
 -1       636-2.20851E-04-1.92606E-03-1.59624E-02
 -1       637 2.20812E-04-1.92606E-03-1.59624E-02
 -1       638 7.53450E-04-1.76265E-03-1.75828E-02
 -1       639 8.99465E-04-1.47636E-03-1.99934E-02
 -1       640 5.27191E-04-1.12818E-03-2.25665E-02
 -1       641 2.18458E-04-7.80191E-04-2.43036E-02
 -1       642 7.96038E-05-4.71829E-04-2.54757E-02
 -1       643 3.12896E-05-2.11436E-04-2.63831E-02
 -1       644 7.48764E-07 1.01882E-05-2.73009E-02
 -1       645 2.19790E-04-1.09759E-05-2.74338E-02
 -1       646 1.73189E-04-8.19974E-05-2.65139E-02
 -1       647 9.41609E-05-1.73526E-04-2.56235E-02
 -1       648-9.98043E-05-2.80486E-04-2.44832E-02
 -1       649-4.92498E-04-3.99888E-04-2.27451E-02
 -1       650-9.29086E-04-5.35125E-04-2.01573E-02
 -1       651-8.00677E-04-6.47095E-04-1.77007E-02
 -1       652-2.45967E-04-7.13827E-04-1.60546E-02
 -1       653 2.45944E-04-7.13823E-04-1.60546E-02
 -1       654 8.00662E-04-6.47088E-04-1.77007E-02
 -1       655 9.29086E-04-5.35134E-04-2.01573E-02
 -1       656 4.92475E-04-3.99898E-04-2.27452E-02
 -1       657 9.97880E-05-2.80496E-04-2.44832E-02
 -1       658-9.41708E-05-1.73534E-04-2.56235E-02
 -1       659-1.73196E-04-8.20054E-05-2.65139E-02
 -1       660-2.19796E-04-1.09876E-05-2.74338E-02
 -1       661 2.19796E-04 1.09876E-05-2.74338E-02
 -1       662 1.73196E-04 8.20054E-05-2.65139E-02
 -1       663 9.41708E-05 1.73534E-04-2.56235E-02
 -1       664-9.97880E-05 2.80496E-04-2.44832E-02
 -1       665-4.92475E-04 3.99898E-04-2.27452E-02
 -1       666-9.29086E-04 5.35134E-04-2.01573E-02
 -1       667-8.00662E-04 6.47088E-04-1.77007E-02
 -1       668-2.45944E-04 7.13823E-04-1.60546E-02
 -1       669 2.45967E-04 7.13827E-04-1.60546E-02
 -1       670 8.00677E-04 6.47095E-04-1.77007E-02
 -1       671 9.29086E-04 5.35125E-04-2.01573E-02
 -1       672 4.92498E-04 3.99888E-04-2.27451E-02
 -1       673 9.98043E-05 2.80486E-04-2.44832E-02
 -1       674-9.41609E-05 1.73526E-04-2.56235E-02
 -1       675-1.73189E-04 8.19974E-05-2.65139E-02
 -1       676-2.19790E-04 1.09759E-05-2.74338E-02
 -1       677-7.48764E-07-1.01882E-05-2.73009E-02
 -1       678-3.12896E-05 2.11436E-04-2.63831E-02
 -1       679-7.96038E-05 4.71829E-04-2.54757E-02
 -1       680-2.18458E-04 7.80191E-04-2.43036E-02
 -1       681-5.27191E-04 1.12818E-03-2.25665E-02
 -1       682-8.99465E-04 1.47636E-03-1.99934E-02
 -1       683-7.53450E-04 1.76265E-03-1.75828E-02
 -1       684-2.20812E-04 1.92606E-03-1.59624E-02
 -1       685 2.20851E-04 1.92606E-03-1.59624E-02
 -1       686 7.53473E-04 1.76265E-03-1.75828E-02
 -1       687 8.99459E-04 1.47638E-03-1.99934E-02
 -1       688 5.27218E-04 1.12818E-03-2.25665E-02
 -1       689 2.18481E-04 7.80192E-04-2.43036E-02
 -1       690 7.96204E-05 4.71826E-04-2.54757E-02
 -1       691 3.13031E-05 2.11431E-04-2.63831E-02
 -1       692 7.60692E-07-1.01937E-05-2.73009E-02
 -1       693-4.97494E-04-9.39959E-05-2.71235E-02
 -1       694-5.22574E-04 2.71650E-04-2.62043E-02
 -1       695-5.53301E-04 6.64808E-04-2.52450E-02
 -1       696-6.55897E-04 1.13625E-03-2.39677E-02
 -1       697-9.10434E-04 1.71637E-03-2.20286E-02
 -1       698-1.18929E-03 2.34040E-03-1.92379E-02
 -1       699-9.41655E-04 2.90791E-03-1.65955E-02
 -1       700-2.95919E-04 3.24267E-03-1.48326E-02
 -1       701 2.95923E-04 3.24266E-03-1.48326E-02
 -1       702 9.41668E-04 2.90791E-03-1.65955E-02
 -1       703 1.18933E-03 2.34040E-03-1.92379E-02
 -1       704 9.10431E-04 1.71637E-03-2.20286E-02
 -1       705 6.55901E-04 1.13626E-03-2.39677E-02
 -1       706 5.53309E-04 6.64807E-04-2.52450E-02
 -1       707 5.22583E-04 2.71648E-04-2.62043E-02
 -1       708 4.97503E-04-9.39965E-05-2.71235E-02
 -1       709-1.24291E-03-1.90201E-04-2.70284E-02
 -1       710-1.28664E-03 2.91983E-04-2.61105E-02
 -1       711-1.38899E-03 7.99599E-04-2.51167E-02
 -1       712-1.63782E-03 1.42770E-03-2.37127E-02
 -1       713-2.07933E-03 2.25183E-03-2.14321E-02
 -1       714-2.37772E-03 3.29501E-03-1.81511E-02
 -1       715-1.83849E-03 4.37852E-03-1.49301E-02
 -1       716-6.36822E-04 4.96012E-03-1.28378E-02
 -1       717 6.36811E-04 4.96013E-03-1.28378E-02
 -1       718 1.83848E-03 4.37853E-03-1.49301E-02
 -1       719 2.37771E-03 3.29500E-03-1.81510E-02
 -1       720 2.07934E-03 2.25182E-03-2.14321E-02
 -1       721 1.63783E-03 1.42769E-03-2.37127E-02
 -1       722 1.38900E-03 7.99596E-04-2.51167E-02
 -1       723 1.28665E-03 2.91982E-04-2.61105E-02
 -1       724 1.24291E-03-1.90201E-04-2.70284E-02
 -1       725-2.41622E-03 2.06251E-04-2.66520E-02
 -1       726-2.49247E-03-2.94801E-04-2.60680E-02
 -1       727-2.58772E-03-8.13895E-04-2.52550E-02
 -1       728-2.72249E-03-1.37757E-03-2.40507E-02
 -1       729-2.76631E-03-2.00308E-03-2.23890E-02
 -1       730-2.47205E-03-2.63912E-03-2.05462E-02
 -1       731-1.77372E-03-3.15565E-03-1.88795E-02
 -1       732-6.68136E-04-3.47973E-03-1.78446E-02
 -1       733 6.68132E-04-3.47973E-03-1.78446E-02
 -1       734 1.77372E-03-3.15566E-03-1.88795E-02
 -1       735 2.47204E-03-2.63913E-03-2.05462E-02
 -1       736 2.76630E-03-2.00308E-03-2.23890E-02
 -1       737 2.72248E-03-1.37758E-03-2.40507E-02
 -1       738 2.58772E-03-8.13897E-04-2.52550E-02
 -1       739 2.49247E-03-2.94802E-04-2.60680E-02
 -1       740 2.41622E-03 2.06251E-04-2.66520E-02
 -1       741-1.70487E-03 8.96726E-05-2.67540E-02
 -1       742-1.77826E-03-2.40217E-04-2.61625E-02
 -1       743-1.84491E-03-5.93793E-04-2.54145E-02
 -1       744-1.93285E-03-9.83536E-04-2.43478E-02
 -1       745-1.96717E-03-1.40180E-03-2.28856E-02
 -1       746-1.74987E-03-1.82202E-03-2.12872E-02
 -1       747-1.25805E-03-2.16863E-03-1.98523E-02
 -1       748-4.82856E-04-2.36829E-03-1.89579E-02
 -1       749 4.82848E-04-2.36829E-03-1.89579E-02
 -1       750 1.25804E-03-2.16864E-03-1.98523E-02
 -1       751 1.74986E-03-1.82202E-03-2.12872E-02
 -1       752 1.96716E-03-1.40180E-03-2.28856E-02
 -1       753 1.93285E-03-9.83537E-04-2.43478E-02
 -1       754 1.84490E-03-5.93794E-04-2.54145E-02
 -1       755 1.77825E-03-2.40219E-04-2.61625E-02
 -1       756 1.70486E-03 8.96715E-05-2.67540E-02
 -1       757-1.27588E-03 1.98185E-05-2.69708E-02
 -1       758-1.35444E-03-1.65147E-04-2.63561E-02
 -1       759-1.43008E-03-3.73140E-04-2.56468E-02
 -1       760-1.53611E-03-6.04181E-04-2.46707E-02
 -1       761-1.61475E-03-8.47820E-04-2.33255E-02
 -1       762-1.46696E-03-1.08115E-03-2.18486E-02
 -1       763-1.07338E-03-1.26916E-03-2.05095E-02
 -1       764-4.21131E-04-1.37503E-03-1.96721E-02
 -1       765 4.21120E-04-1.37503E-03-1.96721E-02
 -1       766 1.07337E-03-1.26916E-03-2.05095E-02
 -1       767 1.46695E-03-1.08115E-03-2.18486E-02
 -1       768 1.61474E-03-8.47821E-04-2.33255E-02
 -1       769 1.53610E-03-6.04182E-04-2.46707E-02
 -1       770 1.43007E-03-3.73143E-04-2.56468E-02
 -1       771 1.35443E-03-1.65151E-04-2.63561E-02
 -1       772 1.27587E-03 1.98138E-05-2.69708E-02
 -1       773-1.08464E-03 1.99948E-06-2.71158E-02
 -1       774-1.17276E-03-5.67801E-05-2.64851E-02
 -1       775-1.26534E-03-1.26497E-04-2.57841E-02
 -1       776-1.40052E-03-2.03816E-04-2.48291E-02
 -1       777-1.51187E-03-2.84844E-04-2.35146E-02
 -1       778-1.39917E-03-3.57796E-04-2.20714E-02
 -1       779-1.03779E-03-4.15323E-04-2.07605E-02
 -1       780-4.09404E-04-4.46372E-04-1.99374E-02
 -1       781 4.09399E-04-4.46372E-04-1.99374E-02
 -1       782 1.03779E-03-4.15323E-04-2.07605E-02
 -1       783 1.39917E-03-3.57796E-04-2.20714E-02
 -1       784 1.51187E-03-2.84848E-04-2.35146E-02
 -1       785 1.40051E-03-2.03821E-04-2.48291E-02
 -1       786 1.26534E-03-1.26502E-04-2.57841E-02
 -1       787 1.17276E-03-5.67865E-05-2.64851E-02
 -1       788 1.08464E-03 1.99051E-06-2.71158E-02
 -1       789-1.08464E-03-1.99051E-06-2.71158E-02
 -1       790-1.17276E-03 5.67865E-05-2.64851E-02
 -1       791-1.26534E-03 1.26502E-04-2.57841E-02
 -1       792-1.40051E-03 2.03821E-04-2.48291E-02
 -1       793-1.51187E-03 2.84848E-04-2.35146E-02
 -1       794-1.39917E-03 3.57796E-04-2.20714E-02
 -1       795-1.03779E-03 4.15323E-04-2.07605E-02
 -1       796-4.09399E-04 4.46372E-04-1.99374E-02
 -1       797 4.09404E-04 4.46372E-04-1.99374E-02
 -1       798 1.03779E-03 4.15323E-04-2.07605E-02
 -1       799 1.39917E-03 3.57796E-04-2.20714E-02
 -1       800 1.51187E-03 2.84844E-04-2.35146E-02
 -1       801 1.40052E-03 2.03816E-04-2.48291E-02
 -1       802 1.26534E-03 1.26497E-04-2.57841E-02
 -1       803 1.17276E-03 5.67801E-05-2.64851E-02
 -1       804 1.08464E-03-1.99948E-06-2.71158E-02
 -1       805-1.27587E-03-1.98138E-05-2.69708E-02
 -1       806-1.35443E-03 1.65151E-04-2.63561E-02
 -1       807-1.43007E-03 3.73143E-04-2.56468E-02
 -1       808-1.53610E-03 6.04182E-04-2.46707E-02
 -1       809-1.61474E-03 8.47821E-04-2.33255E-02
 -1       810-1.46695E-03 1.08115E-03-2.18486E-02
 -1       811-1.07337E-03 1.26916E-03-2.05095E-02
 -1       812-4.21120E-04 1.37503E-03-1.96721E-02
 -1       813 4.21131E-04 1.37503E-03-1.96721E-02
 -1       814 1.07338E-03 1.26916E-03-2.05095E-02
 -1       815 1.46696E-03 1.08115E-03-2.18486E-02
 -1       816 1.61475E-03 8.47820E-04-2.33255E-02
 -1       817 1.53611E-03 6.04181E-04-2.46707E-02
 -1       818 1.43008E-03 3.73140E-04-2.56468E-02
 -1       819 1.35444E-03 1.65147E-04-2.63561E-02
 -1       820 1.27588E-03-1.98185E-05-2.69708E-02
 -1       821-1.70486E-03-8.96715E-05-2.67540E-02
 -1       822-1.77825E-03 2.40219E-04-2.61625E-02
 -1       823-1.84490E-03 5.93794E-04-2.54145E-02
 -1       824-1.93285E-03 9.83537E-04-2.43478E-02
 -1       825-1.96716E-03 1.40180E-03-2.28856E-02
 -1       826-1.74986E-03 1.82202E-03-2.12872E-02
 -1       827-1.25804E-03 2.16864E-03-1.98523E-02
 -1       828-4.82848E-04 2.36829E-03-1.89579E-02
 -1       829 4.82856E-04 2.36829E-03-1.89579E-02
 -1       830 1.25805E-03 2.16863E-03-1.98523E-02
 -1       831 1.74987E-03 1.82202E-03-2.12872E-02
 -1       832 1.96717E-03 1.40180E-03-2.28856E-02
 -1       833 1.93285E-03 9.83536E-04-2.43478E-02
 -1       834 1.84491E-03 5.93793E-04-2.54145E-02
 -1       835 1.77826E-03 2.40217E-04-2.61625E-02
 -1       836 1.70487E-03-8.96726E-05-2.67540E-02
 -1       837-2.41622E-03-2.06251E-04-2.66520E-02
 -1       838-2.49247E-03 2.94802E-04-2.60680E-02
 -1       839-2.58772E-03 8.13897E-04-2.52550E-02
 -1       840-2.72248E-03 1.37758E-03-2.40507E-02
 -1       841-2.76630E-03 2.00308E-03-2.23890E-02
 -1       842-2.47204E-03 2.63913E-03-2.05462E-02
 -1       843-1.77372E-03 3.15566E-03-1.88795E-02
 -1       844-6.68132E-04 3.47973E-03-1.78446E-02
 -1       845 6.68136E-04 3.47973E-03-1.78446E-02
 -1       846 1.77372E-03 3.15565E-03-1.88795E-02
 -1       847 2.47205E-03 2.63912E-03-2.05462E-02
 -1       848 2.76631E-03 2.00308E-03-2.23890E-02
 -1       849 2.72249E-03 1.37757E-03-2.40507E-02
 -1       850 2.58772E-03 8.13895E-04-2.52550E-02
 -1       851 2.49247E-03 2.94801E-04-2.60680E-02
 -1       852 2.41622E-03-2.06251E-04-2.66520E-02
 -1       853-2.62899E-03 1.01350E-04-2.62224E-02
 -1       854-2.67759E-03-3.36290E-04-2.61661E-02
 -1       855-2.65316E-03-7.71900E-04-2.56910E-02
 -1       856-2.61158E-03-1.21536E-03-2.48732E-02
 -1       857-2.43586E-03-1.66027E-03-2.38971E-02
 -1       858-2.04101E-03-2.06762E-03-2.28869E-02
 -1       859-1.37203E-03-2.39031E-03-2.20382E-02
 -1       860-4.80921E-04-2.56657E-03-2.15620E-02
 -1       861 4.80916E-04-2.56657E-03-2.15620E-02
 -1       862 1.37203E-03-2.39031E-03-2.20382E-02
 -1       863 2.04101E-03-2.06762E-03-2.28869E-02
 -1       864 2.43586E-03-1.66027E-03-2.38971E-02
 -1       865 2.61158E-03-1.21537E-03-2.48732E-02
 -1       866 2.65316E-03-7.71901E-04-2.56910E-02
 -1       867 2.67758E-03-3.36291E-04-2.61661E-02
 -1       868 2.62899E-03 1.01350E-04-2.62224E-02
 -1       869-2.07308E-03 1.81798E-05-2.63364E-02
 -1       870-2.11993E-03-2.32893E-04-2.62583E-02
 -1       871-2.09138E-03-5.12314E-04-2.58732E-02
 -1       872-2.05062E-03-8.07822E-04-2.51835E-02
 -1       873-1.90471E-03-1.10577E-03-2.43538E-02
 -1       874-1.59339E-03-1.37875E-03-2.34914E-02
 -1       875-1.06983E-03-1.59268E-03-2.27632E-02
 -1       876-3.72992E-04-1.71077E-03-2.23578E-02
 -1       877 3.72987E-04-1.71077E-03-2.23578E-02
 -1       878 1.06983E-03-1.59269E-03-2.27632E-02
 -1       879 1.59338E-03-1.37875E-03-2.34914E-02
 -1       880 1.90471E-03-1.10577E-03-2.43538E-02
 -1       881 2.05062E-03-8.07823E-04-2.51835E-02
 -1       882 2.09137E-03-5.12316E-04-2.58732E-02
 -1       883 2.11992E-03-2.32895E-04-2.62583E-02
 -1       884 2.07307E-03 1.81785E-05-2.63364E-02
 -1       885-1.76047E-03 1.92741E-05-2.65812E-02
 -1       886-1.81484E-03-1.14448E-04-2.64425E-02
 -1       887-1.79568E-03-2.64207E-04-2.60650E-02
 -1       888-1.77208E-03-4.23197E-04-2.54279E-02
 -1       889-1.65758E-03-5.81906E-04-2.46667E-02
 -1       890-1.39756E-03-7.26144E-04-2.38731E-02
 -1       891-9.44002E-04-8.37868E-04-2.32000E-02
 -1       892-3.28919E-04-8.99052E-04-2.28243E-02
 -1       893 3.28915E-04-8.99052E-04-2.28243E-02
 -1       894 9.43997E-04-8.37869E-04-2.32000E-02
 -1       895 1.39755E-03-7.26145E-04-2.38731E-02
 -1       896 1.65758E-03-5.81907E-04-2.46667E-02
 -1       897 1.77208E-03-4.23198E-04-2.54279E-02
 -1       898 1.79567E-03-2.64210E-04-2.60650E-02
 -1       899 1.81484E-03-1.14451E-04-2.64425E-02
 -1       900 1.76047E-03 1.92706E-05-2.65812E-02
 -1       901-1.62335E-03 7.86397E-06-2.67055E-02
 -1       902-1.68365E-03-3.44090E-05-2.65401E-02
 -1       903-1.67535E-03-8.32151E-05-2.61563E-02
 -1       904-1.66468E-03-1.34596E-04-2.55309E-02
 -1       905-1.56801E-03-1.85406E-04-2.47893E-02
 -1       906-1.33026E-03-2.31393E-04-2.40154E-02
 -1       907-9.02111E-04-2.66571E-04-2.33584E-02
 -1       908-3.14920E-04-2.85992E-04-2.29917E-02
 -1       909 3.14919E-04-2.85992E-04-2.29917E-02
 -1       910 9.02109E-04-2.66572E-04-2.33584E-02
 -1       911 1.33026E-03-2.31394E-04-2.40154E-02
 -1       912 1.56801E-03-1.85407E-04-2.47893E-02
 -1       913 1.66468E-03-1.34599E-04-2.55309E-02
 -1       914 1.67535E-03-8.32185E-05-2.61563E-02
 -1       915 1.68364E-03-3.44133E-05-2.65401E-02
 -1       916 1.62335E-03 7.85809E-06-2.67055E-02
 -1       917-1.62335E-03-7.85809E-06-2.67055E-02
 -1       918-1.68364E-03 3.44133E-05-2.65401E-02
 -1       919-1.67535E-03 8.32185E-05-2.61563E-02
 -1       920-1.66468E-03 1.34599E-04-2.55309E-02
 -1       921-1.56801E-03 1.85407E-04-2.47893E-02
 -1       922-1.33026E-03 2.31394E-04-2.40154E-02
 -1       923-9.02109E-04 2.66572E-04-2.33584E-02
 -1       924-3.14919E-04 2.85992E-04-2.29917E-02
 -1       925 3.14920E-04 2.85992E-04-2.29917E-02
 -1       926 9.02111E-04 2.66571E-04-2.33584E-02
 -1       927 1.33026E-03 2.31393E-04-2.40154E-02
 -1       928 1.56801E-03 1.85406E-04-2.47893E-02
 -1       929 1.66468E-03 1.34596E-04-2.55309E-02
 -1       930 1.67535E-03 8.32151E-05-2.61563E-02
 -1       931 1.68365E-03 3.44090E-05-2.65401E-02
 -1       932 1.62335E-03-7.86397E-06-2.67055E-02
 -1       933-1.76047E-03-1.92706E-05-2.65812E-02
 -1       934-1.81484E-03 1.14451E-04-2.64425E-02
 -1       935-1.79567E-03 2.64210E-04-2.60650E-02
 -1       936-1.77208E-03 4.23198E-04-2.54279E-02
 -1       937-1.65758E-03 5.81907E-04-2.46667E-02
 -1       938-1.39755E-03 7.26145E-04-2.38731E-02
 -1       939-9.43997E-04 8.37869E-04-2.32000E-02
 -1       940-3.28915E-04 8.99052E-04-2.28243E-02
 -1       941 3.28919E-04 8.99052E-04-2.28243E-02
 -1       942 9.44002E-04 8.37868E-04-2.32000E-02
 -1       943 1.39756E-03 7.26144E-04-2.38731E-02
 -1       944 1.65758E-03 5.81906E-04-2.46667E-02
 -1       945 1.77208E-03 4.23197E-04-2.54279E-02
 -1       946 1.79568E-03 2.64207E-04-2.60650E-02
 -1       947 1.81484E-03 1.14448E-04-2.64425E-02
 -1       948 1.76047E-03-1.92741E-05-2.65812E-02
 -1       949-2.07307E-03-1.81785E-05-2.63364E-02
 -1       950-2.11992E-03 2.32895E-04-2.62583E-02
 -1       951-2.09137E-03 5.12316E-04-2.58732E-02
 -1       952-2.05062E-03 8.07823E-04-2.51835E-02
 -1       953-1.90471E-03 1.10577E-03-2.43538E-02
 -1       954-1.59338E-03 1.37875E-03-2.34914E-02
 -1       955-1.06983E-03 1.59269E-03-2.27632E-02
 -1       956-3.72987E-04 1.71077E-03-2.23578E-02
 -1       957 3.72992E-04 1.71077E-03-2.23578E-02
 -1       958 1.06983E-03 1.59268E-03-2.27632E-02
 -1       959 1.59339E-03 1.37875E-03-2.34914E-02
 -1       960 1.90471E-03 1.10577E-03-2.43538E-02
 -1       961 2.05062E-03 8.07822E-04-2.51835E-02
 -1       962 2.09138E-03 5.12314E-04-2.58732E-02
 -1       963 2.11993E-03 2.32893E-04-2.62583E-02
 -1       964 2.07308E-03-1.81798E-05-2.63364E-02
 -1       965-2.62899E-03-1.01350E-04-2.62224E-02
 -1       966-2.67758E-03 3.36291E-04-2.61661E-02
 -1       967-2.65316E-03 7.71901E-04-2.56910E-02
 -1       968-2.61158E-03 1.21537E-03-2.48732E-02
 -1       969-2.43586E-03 1.66027E-03-2.38971E-02
 -1       970-2.04101E-03 2.06762E-03-2.28869E-02
 -1       971-1.37203E-03 2.39031E-03-2.20382E-02
 -1       972-4.80916E-04 2.56657E-03-2.15620E-02
 -1       973 4.80921E-04 2.56657E-03-2.15620E-02
 -1       974 1.37203E-03 2.39031E-03-2.20382E-02
 -1       975 2.04101E-03 2.06762E-03-2.28869E-02
 -1       976 2.43586E-03 1.66027E-03-2.38971E-02
 -1       977 2.61158E-03 1.21536E-03-2.48732E-02
 -1       978 2.65316E-03 7.71900E-04-2.56910E-02
 -1       979 2.67759E-03 3.36290E-04-2.61661E-02
 -1       980 2.62899E-03-1.01350E-04-2.62224E-02
 -1       981-1.79169E-03-1.97794E-04-2.61131E-02
 -1       982-1.70165E-03-4.03337E-04-2.65970E-02
 -1       983-1.72617E-03-6.59868E-04-2.63312E-02
 -1       984-1.70226E-03-9.48803E-04-2.59373E-02
 -1       985-1.56491E-03-1.24087E-03-2.54823E-02
 -1       986-1.27820E-03-1.50515E-03-2.50450E-02
 -1       987-8.42215E-04-1.70651E-03-2.46989E-02
 -1       988-2.95451E-04-1.81562E-03-2.45042E-02
 -1       989 2.95448E-04-1.81562E-03-2.45042E-02
 -1       990 8.42212E-04-1.70651E-03-2.46989E-02
 -1       991 1.27820E-03-1.50515E-03-2.50450E-02
 -1       992 1.56490E-03-1.24087E-03-2.54823E-02
 -1       993 1.70226E-03-9.48803E-04-2.59373E-02
 -1       994 1.72616E-03-6.59869E-04-2.63312E-02
 -1       995 1.70165E-03-4.03338E-04-2.65970E-02
 -1       996 1.79169E-03-1.97794E-04-2.61131E-02
 -1       997-1.49604E-03 4.16017E-06-2.62743E-02
 -1       998-1.39129E-03-1.40031E-04-2.67212E-02
 -1       999-1.39322E-03-2.88951E-04-2.65582E-02
 -1      1000-1.36510E-03-4.42074E-04-2.62834E-02
 -1      1001-1.25102E-03-5.91783E-04-2.59491E-02
 -1      1002-1.01973E-03-7.25483E-04-2.56207E-02
 -1      1003-6.71015E-04-8.27128E-04-2.53590E-02
 -1      1004-2.35592E-04-8.82411E-04-2.52102E-02
 -1      1005 2.35590E-04-8.82411E-04-2.52102E-02
 -1      1006 6.71013E-04-8.27129E-04-2.53590E-02
 -1      1007 1.01973E-03-7.25484E-04-2.56207E-02
 -1      1008 1.25102E-03-5.91784E-04-2.59491E-02
 -1      1009 1.36510E-03-4.42074E-04-2.62834E-02
 -1      1010 1.39322E-03-2.88952E-04-2.65582E-02
 -1      1011 1.39129E-03-1.40032E-04-2.67212E-02
 -1      1012 1.49604E-03 4.15932E-06-2.62743E-02
 -1      1013-1.33127E-03 3.20953E-05-2.64350E-02
 -1      1014-1.23974E-03-4.45272E-05-2.67959E-02
 -1      1015-1.24530E-03-1.28943E-04-2.66193E-02
 -1      1016-1.22491E-03-2.12691E-04-2.63511E-02
 -1      1017-1.12750E-03-2.92117E-04-2.60314E-02
 -1      1018-9.22354E-04-3.61590E-04-2.57185E-02
 -1      1019-6.08385E-04-4.13879E-04-2.54694E-02
 -1      1020-2.14120E-04-4.42209E-04-2.53274E-02
 -1      1021 2.14118E-04-4.42209E-04-2.53274E-02
 -1      1022 6.08383E-04-4.13879E-04-2.54694E-02
 -1      1023 9.22352E-04-3.61590E-04-2.57185E-02
 -1      1024 1.12750E-03-2.92118E-04-2.60314E-02
 -1      1025 1.22491E-03-2.12692E-04-2.63511E-02
 -1      1026 1.24530E-03-1.28944E-04-2.66193E-02
 -1      1027 1.23974E-03-4.45288E-05-2.67959E-02
 -1      1028 1.33127E-03 3.20933E-05-2.64350E-02
 -1      1029-1.25364E-03 1.37790E-05-2.65157E-02
 -1      1030-1.17632E-03-1.03180E-05-2.68443E-02
 -1      1031-1.18491E-03-3.66113E-05-2.66637E-02
 -1      1032-1.16816E-03-6.35400E-05-2.63992E-02
 -1      1033-1.07812E-03-8.87653E-05-2.60871E-02
 -1      1034-8.84116E-04-1.10565E-04-2.57823E-02
 -1      1035-5.84277E-04-1.26849E-04-2.55397E-02
 -1      1036-2.05853E-04-1.35559E-04-2.54013E-02
 -1      1037 2.05852E-04-1.35559E-04-2.54013E-02
 -1      1038 5.84276E-04-1.26849E-04-2.55397E-02
 -1      1039 8.84115E-04-1.10565E-04-2.57823E-02
 -1      1040 1.07812E-03-8.87664E-05-2.60871E-02
 -1      1041 1.16816E-03-6.35413E-05-2.63992E-02
 -1      1042 1.18491E-03-3.66131E-05-2.66637E-02
 -1      1043 1.17632E-03-1.03203E-05-2.68443E-02
 -1      1044 1.25364E-03 1.37759E-05-2.65157E-02
 -1      1045-1.25364E-03-1.37759E-05-2.65157E-02
 -1      1046-1.17632E-03 1.03203E-05-2.68443E-02
 -1      1047-1.18491E-03 3.66131E-05-2.66637E-02
 -1      1048-1.16816E-03 6.35413E-05-2.63992E-02
 -1      1049-1.07812E-03 8.87664E-05-2.60871E-02
 -1      1050-8.84115E-04 1.10565E-04-2.57823E-02
 -1      1051-5.84276E-04 1.26849E-04-2.55397E-02
 -1      1052-2.05852E-04 1.35559E-04-2.54013E-02
 -1      1053 2.05853E-04 1.35559E-04-2.54013E-02
 -1      1054 5.84277E-04 1.26849E-04-2.55397E-02
 -1      1055 8.84116E-04 1.10565E-04-2.57823E-02
 -1      1056 1.07812E-03 8.87653E-05-2.60871E-02
 -1      1057 1.16816E-03 6.35400E-05-2.63992E-02
 -1      1058 1.18491E-03 3.66113E-05-2.66637E-02
 -1      1059 1.17632E-03 1.03180E-05-2.68443E-02
 -1      1060 1.25364E-03-1.37790E-05-2.65157E-02
 -1      1061-1.33127E-03-3.20933E-05-2.64350E-02
 -1      1062-1.23974E-03 4.45288E-05-2.67959E-02
 -1      1063-1.24530E-03 1.28944E-04-2.66193E-02
 -1      1064-1.22491E-03 2.12692E-04-2.63511E-02
 -1      1065-1.12750E-03 2.92118E-04-2.60314E-02
 -1      1066-9.22352E-04 3.61590E-04-2.57185E-02
 -1      1067-6.08383E-04 4.13879E-04-2.54694E-02
 -1      1068-2.14118E-04 4.42209E-04-2.53274E-02
 -1      1069 2.14120E-04 4.42209E-04-2.53274E-02
 -1      1070 6.08385E-04 4.13879E-04-2.54694E-02
 -1      1071 9.22354E-04 3.61590E-04-2.57185E-02
 -1      1072 1.12750E-03 2.92117E-04-2.60314E-02
 -1      1073 1.22491E-03 2.12691E-04-2.63511E-02
 -1      1074 1.24530E-03 1.28943E-04-2.66193E-02
 -1      1075 1.23974E-03 4.45272E-05-2.67959E-02
 -1      1076 1.33127E-03-3.20953E-05-2.64350E-02
 -1      1077-1.49604E-03-4.15932E-06-2.62743E-02
 -1      1078-1.39129E-03 1.40032E-04-2.67212E-02
 -1      1079-1.39322E-03 2.88952E-04-2.65582E-02
 -1      1080-1.36510E-03 4.42074E-04-2.62834E-02
 -1      1081-1.25102E-03 5.91784E-04-2.59491E-02
 -1      1082-1.01973E-03 7.25484E-04-2.56207E-02
 -1      1083-6.71013E-04 8.27129E-04-2.53590E-02
 -1      1084-2.35590E-04 8.82411E-04-2.52102E-02
 -1      1085 2.35592E-04 8.82411E-04-2.52102E-02
 -1      1086 6.71015E-04 8.27128E-04-2.53590E-02
 -1      1087 1.01973E-03 7.25483E-04-2.56207E-02
 -1      1088 1.25102E-03 5.91783E-04-2.59491E-02
 -1      1089 1.36510E-03 4.42074E-04-2.62834E-02
 -1      1090 1.39322E-03 2.88951E-04-2.65582E-02
 -1      1091 1.39129E-03 1.40031E-04-2.67212E-02
 -1      1092 1.49604E-03-4.16017E-06-2.62743E-02
 -1      1093-1.79169E-03 1.97794E-04-2.61131E-02
 -1      1094-1.70165E-03 4.03338E-04-2.65970E-02
 -1      1095-1.72616E-03 6.59869E-04-2.63312E-02
 -1      1096-1.70226E-03 9.48803E-04-2.59373E-02
 -1      1097-1.56490E-03 1.24087E-03-2.54823E-02
 -1      1098-1.27820E-03 1.50515E-03-2.50450E-02
 -1      1099-8.42212E-04 1.70651E-03-2.46989E-02
 -1      1100-2.95448E-04 1.81562E-03-2.45042E-02
 -1      1101 2.95451E-04 1.81562E-03-2.45042E-02
 -1      1102 8.42215E-04 1.70651E-03-2.46989E-02
 -1      1103 1.27820E-03 1.50515E-03-2.50450E-02
 -1      1104 1.56491E-03 1.24087E-03-2.54823E-02
 -1      1105 1.70226E-03 9.48803E-04-2.59373E-02
 -1      1106 1.72617E-03 6.59868E-04-2.63312E-02
 -1      1107 1.70165E-03 4.03337E-04-2.65970E-02
 -1      1108 1.79169E-03 1.97794E-04-2.61131E-02
 -1      1109 0.00000E+00 0.00000E+00-2.72000E-02
 -1      1110 0.00000E+00 0.00000E+00-2.72000E-02
 -1      1111 0.00000E+00 0.00000E+00-2.72000E-02
 -1      1112 0.00000E+00 0.00000E+00-2.72000E-02
 -1      1113 0.00000E+00 0.00000E+00-2.72000E-02
 -1      1114 0.00000E+00 0.00000E+00-2.72000E-02
 -1      1115 0.00000E+00 0.00000E+00-2.72000E-02
 -1      1116 0.00000E+00 0.00000E+00-2.72000E-02
 -1      1117 0.00000E+00 0.00000E+00-2.72000E-02
 -1      1118 0.00000E+00 0.00000E+00-2.72000E-02
 -1      1119 0.00000E+00 0.00000E+00-2.72000E-02
 -1      1120 0.00000E+00 0.00000E+00-2.72000E-02
 -1      1121 0.00000E+00 0.00000E+00-2.72000E-02
 -1      1122 0.00000E+00 0.00000E+00-2.72000E-02
 -1      1123 0.00000E+00 0.00000E+00-2.72000E-02
 -1      1124 0.00000E+00 0.00000E+00-2.72000E-02
 -1      1125 0.00000E+00 0.00000E+00-2.72000E-02
 -1      1126 0.00000E+00 0.00000E+00-2.72000E-02
 -1      1127 0.00000E+00 0.00000E+00-2.72000E-02
 -1      1128 0.00000E+00 0.00000E+00-2.72000E-02
 -1      1129 0.00000E+00 0.00000E+00-2.72000E-02
 -1      1130 0.00000E+00 0.00000E+00-2.72000E-02
 -1      1131 0.00000E+00 0.00000E+00-2.72000E-02
 -1      1132 0.00000E+00 0.00000E+00-2.72000E-02
 -1      1133 0.00000E+00 0.00000E+00-2.72000E-02
 -1      1134 0.00000E+00 0.00000E+00-2.72000E-02
 -1      1135 0.00000E+00 0.00000E+00-2.72000E-02
 -1      1136 0.00000E+00 0.00000E+00-2.72000E-02
 -1      1137 0.00000E+00 0.00000E+00-2.72000E-02
 -1      1138 0.00000E+00 0.00000E+00-2.72000E-02
 -1      1139 0.00000E+00 0.00000E+00-2.72000E-02
 -1      1140 0.00000E+00 0.00000E+00-2.72000E-02
 -1      1141 0.00000E+00 0.00000E+00-2.72000E-02
 -1      1142 0.00000E+00 0.00000E+00-2.72000E-02
 -1      1143 0.00000E+00 0.00000E+00-2.72000E-02
 -1      1144 0.00000E+00 0.00000E+00-2.72000E-02
 -1      1145 0.00000E+00 0.00000E+00-2.72000E-02
 -1      1146 0.00000E+00 0.00000E+00-2.72000E-02
 -1      1147 0.00000E+00 0.00000E+00-2.72000E-02
 -1      1148 0.00000E+00 0.00000E+00-2.72000E-02
 -1      1149 0.00000E+00 0.00000E+00-2.72000E-02
 -1      1150 0.00000E+00 0.00000E+00-2.72000E-02
 -1      1151 0.00000E+00 0.00000E+00-2.72000E-02
 -1      1152 0.00000E+00 0.00000E+00-2.72000E-02
 -1      1153 0.00000E+00 0.00000E+00-2.72000E-02
 -1      1154 0.00000E+00 0.00000E+00-2.72000E-02
 -1      1155 0.00000E+00 0.00000E+00-2.72000E-02
 -1      1156 0.00000E+00 0.00000E+00-2.72000E-02
 -1      1157 0.00000E+00 0.00000E+00-2.72000E-02
 -1      1158 0.00000E+00 0.00000E+00-2.72000E-02
 -1      1159 0.00000E+00 0.00000E+00-2.72000E-02
 -1      1160 0.00000E+00 0.00000E+00-2.72000E-02
 -1      1161 0.00000E+00 0.00000E+00-2.72000E-02
 -1      1162 0.00000E+00 0.00000E+00-2.72000E-02
 -1      1163 0.00000E+00 0.00000E+00-2.72000E-02
 -1      1164 0.00000E+00 0.00000E+00-2.72000E-02
 -1      1165 0.00000E+00 0.00000E+00-2.72000E-02
 -1      1166 0.00000E+00 0.00000E+00-2.72000E-02
 -1      1167 0.00000E+00 0.00000E+00-2.72000E-02
 -1      1168 0.00000E+00 0.00000E+00-2.72000E-02
 -1      1169 0.00000E+00 0.00000E+00-2.72000E-02
 -1      1170 0.00000E+00 0.00000E+00-2.72000E-02
 -1      1171 0.00000E+00 0.00000E+00-2.72000E-02
 -1      1172 0.00000E+00 0.00000E+00-2.72000E-02
 -1      1173 0.00000E+00 0.00000E+00-2.72000E-02
 -1      1174 0.00000E+00 0.00000E+00-2.72000E-02
 -1      1175 0.00000E+00 0.00000E+00-2.72000E-02
 -1      1176 0.00000E+00 0.00000E+00-2.72000E-02
 -1      1177 0.00000E+00 0.00000E+00-2.72000E-02
 -1      1178 0.00000E+00 0.00000E+00-2.72000E-02
 -1      1179 0.00000E+00 0.00000E+00-2.72000E-02
 -1      1180 0.00000E+00 0.00000E+00-2.72000E-02
 -1      1181 0.00000E+00 0.00000E+00-2.72000E-02
 -1      1182 0.00000E+00 0.00000E+00-2.72000E-02
 -1      1183 0.00000E+00 0.00000E+00-2.72000E-02
 -1      1184 0.00000E+00 0.00000E+00-2.72000E-02
 -1      1185 0.00000E+00 0.00000E+00-2.72000E-02
 -1      1186 0.00000E+00 0.00000E+00-2.72000E-02
 -1      1187 0.00000E+00 0.00000E+00-2.72000E-02
 -1      1188 0.00000E+00 0.00000E+00-2.72000E-02
 -1      1189 0.00000E+00 0.00000E+00-2.72000E-02
 -1      1190 0.00000E+00 0.00000E+00-2.72000E-02
 -1      1191 0.00000E+00 0.00000E+00-2.72000E-02
 -1      1192 0.00000E+00 0.00000E+00-2.72000E-02
 -1      1193 0.00000E+00 0.00000E+00-2.72000E-02
 -1      1194 0.00000E+00 0.00000E+00-2.72000E-02
 -1      1195 0.00000E+00 0.00000E+00-2.72000E-02
 -1      1196 0.00000E+00 0.00000E+00-2.72000E-02
 -1      1197 0.00000E+00 0.00000E+00-2.72000E-02
 -1      1198 0.00000E+00 0.00000E+00-2.72000E-02
 -1      1199 0.00000E+00 0.00000E+00-2.72000E-02
 -1      1200 0.00000E+00 0.00000E+00-2.72000E-02
 -1      1201 0.00000E+00 0.00000E+00-2.72000E-02
 -1      1202 0.00000E+00 0.00000E+00-2.72000E-02
 -1      1203 0.00000E+00 0.00000E+00-2.72000E-02
 -1      1204 0.00000E+00 0.00000E+00-2.72000E-02
 -1      1205 0.00000E+00 0.00000E+00-2.72000E-02
 -1      1206 0.00000E+00 0.00000E+00-2.72000E-02
 -1      1207 0.00000E+00 0.00000E+00-2.72000E-02
 -1      1208 0.00000E+00 0.00000E+00-2.72000E-02
 -1      1209 0.00000E+00 0.00000E+00-2.72000E-02
 -1      1210 0.00000E+00 0.00000E+00-2.72000E-02
 -1      1211 0.00000E+00 0.00000E+00-2.72000E-02
 -1      1212 0.00000E+00 0.00000E+00-2.72000E-02
 -1      1213 0.00000E+00 0.00000E+00-2.72000E-02
 -1      1214 0.00000E+00 0.00000E+00-2.72000E-02
 -1      1215 0.00000E+00 0.00000E+00-2.72000E-02
 -1      1216 0.00000E+00 0.00000E+00-2.72000E-02
 -1      1217 0.00000E+00 0.00000E+00-2.72000E-02
 -1      1218 0.00000E+00 0.00000E+00-2.72000E-02
 -1      1219 0.00000E+00 0.00000E+00-2.72000E-02
 -1      1220 0.00000E+00 0.00000E+00-2.72000E-02
 -1      1221 0.00000E+00 0.00000E+00-2.72000E-02
 -1      1222 0.00000E+00 0.00000E+00-2.72000E-02
 -1      1223 0.00000E+00 0.00000E+00-2.72000E-02
 -1      1224 0.00000E+00 0.00000E+00-2.72000E-02
 -1      1225 0.00000E+00 0.00000E+00-2.72000E-02
 -1      1226 0.00000E+00 0.00000E+00-2.72000E-02
 -1      1227 0.00000E+00 0.00000E+00-2.72000E-02
 -1      1228 0.00000E+00 0.00000E+00-2.72000E-02
 -1      1229 0.00000E+00 0.00000E+00-2.72000E-02
 -1      1230 0.00000E+00 0.00000E+00-2.72000E-02
 -1      1231 0.00000E+00 0.00000E+00-2.72000E-02
 -1      1232 0.00000E+00 0.00000E+00-2.72000E-02
 -1      1233 0.00000E+00 0.00000E+00-2.72000E-02
 -1      1234 0.00000E+00 0.00000E+00-2.72000E-02
 -1      1235 0.00000E+00 0.00000E+00-2.72000E-02
 -1      1236 0.00000E+00 0.00000E+00-2.72000E-02
 -3
    1PSTEP                         6           2           1          
  100CL  102 6.80000E-01        1236                     0    2           1
 -4  STRESS      6    1
 -5  SXX         1    4    1    1
 -5  SYY         1    4    2    2
 -5  SZZ         1    4    3    3
 -5  SXY         1    4    1    2
 -5  SYZ         1    4    2    3
 -5  SZX         1    4    3    1
 -1         1-1.16486E+00-1.55684E+00-4.77130E+00 9.27796E-03-1.91511E-01-2.05504E+00
 -1         2-6.55791E-01-1.98510E-01-1.07807E+00 2.48447E-02-4.11714E-01-2.72339E+00
 -1         3-7.61030E-01-2.03879E-01-1.54324E+00-8.88380E-03-1.32883E+00-4.79485E+00
 -1         4-3.10675E+00-2.19137E+00-5.22867E+00-3.71441E-02-4.41875E+00-8.17043E+00
 -1         5-7.66286E+00-7.43049E+00-1.48580E+01 5.81766E-02-1.19182E+01-1.08426E+01
 -1         6-1.22943E+01-1.46499E+01-2.90184E+01 5.75827E-02-2.32191E+01-8.57980E+00
 -1         7-1.42046E+01-1.84262E+01-3.68805E+01 5.15040E-06-2.94031E+01-4.71914E-06
 -1         8-1.22943E+01-1.46499E+01-2.90183E+01-5.75735E-02-2.32192E+01 8.57981E+00
 -1         9-7.66283E+00-7.43048E+00-1.48579E+01-5.81910E-02-1.19183E+01 1.08426E+01
 -1        10-3.10676E+00-2.19138E+00-5.22868E+00 3.71420E-02-4.41877E+00 8.17043E+00
 -1        11-7.61033E-01-2.03883E-01-1.54324E+00 8.88643E-03-1.32884E+00 4.79486E+00
 -1        12-6.55793E-01-1.98511E-01-1.07807E+00-2.48448E-02-4.11714E-01 2.72340E+00
 -1        13-1.16486E+00-1.55685E+00-4.77131E+00-9.27766E-03-1.91510E-01 2.05505E+00
 -1        14-8.82345E-01-1.51684E+00-3.91951E+00 2.04838E-02-8.24544E-02-1.68525E+00
 -1        15-3.37025E-01-2.62263E-01-7.36195E-02-2.51061E-03-4.14136E-01-2.19368E+00
 -1        16-1.92475E-01-2.65679E-01 5.67241E-01-1.23558E-01-1.32824E+00-4.04974E+00
 -1        17-2.82291E+00-2.55149E+00-2.48057E+00-9.39288E-02-4.50120E+00-7.90924E+00
 -1        18-9.52459E+00-9.81672E+00-1.69583E+01 3.95615E-01-1.24084E+01-1.17356E+01
 -1        19-1.81827E+01-2.12117E+01-4.34099E+01 5.67651E-01-2.45088E+01-9.76846E+00
 -1        20-2.23919E+01-2.74561E+01-5.88266E+01-2.12891E-06-3.11835E+01-5.56630E-06
 -1        21-1.81828E+01-2.12117E+01-4.34100E+01-5.67646E-01-2.45088E+01 9.76845E+00
 -1        22-9.52461E+00-9.81674E+00-1.69584E+01-3.95619E-01-1.24085E+01 1.17356E+01
 -1        23-2.82291E+00-2.55149E+00-2.48056E+00 9.39280E-02-4.50121E+00 7.90926E+00
 -1        24-1.92478E-01-2.65683E-01 5.67236E-01 1.23559E-01-1.32824E+00 4.04975E+00
 -1        25-3.37027E-01-2.62264E-01-7.36217E-02 2.51042E-03-4.14136E-01 2.19369E+00
 -1        26-8.82349E-01-1.51685E+00-3.91953E+00-2.04836E-02-8.24525E-02 1.68525E+00
 -1        27-5.60621E-01-1.16030E+00-3.24831E+00-1.37976E-02-2.24613E-02-1.39750E+00
 -1        28-2.88785E-02 8.07116E-02 3.44008E-01-2.17912E-02-2.97624E-01-1.98156E+00
 -1        29 1.64776E-01 4.96558E-01 1.35366E+00-1.28723E-01-1.11942E+00-4.70442E+00
 -1        30-4.18180E+00-2.21524E+00-4.19534E+00-4.16791E-02-3.94177E+00-1.20168E+01
 -1        31-1.78767E+01-1.52317E+01-3.56158E+01 5.90949E-01-1.10334E+01-2.09218E+01
 -1        32-3.78718E+01-3.84053E+01-9.47529E+01 7.95659E-01-2.18514E+01-1.86140E+01
 -1        33-4.81089E+01-5.14212E+01-1.28748E+02-1.74580E-06-2.78005E+01 4.23024E-06
 -1        34-3.78718E+01-3.84053E+01-9.47529E+01-7.95670E-01-2.18514E+01 1.86140E+01
 -1        35-1.78768E+01-1.52318E+01-3.56160E+01-5.90936E-01-1.10334E+01 2.09218E+01
 -1        36-4.18182E+00-2.21524E+00-4.19537E+00 4.16789E-02-3.94178E+00 1.20169E+01
 -1        37 1.64775E-01 4.96560E-01 1.35366E+00 1.28722E-01-1.11942E+00 4.70444E+00
 -1        38-2.88811E-02 8.07091E-02 3.44003E-01 2.17915E-02-2.97622E-01 1.98157E+00
 -1        39-5.60623E-01-1.16030E+00-3.24832E+00 1.37976E-02-2.24570E-02 1.39750E+00
 -1        40-3.91703E-01-9.89578E-01-2.86345E+00-1.72347E-02-2.30630E-02-1.30826E+00
 -1        41 1.97851E-01 2.60083E-01 7.02178E-01-2.08609E-02-1.65847E-01-2.02929E+00
 -1        42 2.85008E-01 7.07340E-01 1.88329E+00-7.15029E-02-6.59339E-01-5.60706E+00
 -1        43-5.57565E+00-2.95760E+00-5.50988E+00-2.56423E-02-2.22974E+00-1.55526E+01
 -1        44-2.41261E+01-2.06009E+01-4.79126E+01 2.65937E-01-6.06172E+00-2.78337E+01
 -1        45-5.13990E+01-5.21936E+01-1.28435E+02 3.86068E-01-1.19692E+01-2.49872E+01
 -1        46-6.54522E+01-7.00140E+01-1.74952E+02 3.67369E-06-1.52605E+01 3.11122E-05
 -1        47-5.13990E+01-5.21936E+01-1.28435E+02-3.86071E-01-1.19692E+01 2.49873E+01
 -1        48-2.41261E+01-2.06009E+01-4.79125E+01-2.65938E-01-6.06170E+00 2.78337E+01
 -1        49-5.57567E+00-2.95763E+00-5.50994E+00 2.56423E-02-2.22973E+00 1.55526E+01
 -1        50 2.85001E-01 7.07337E-01 1.88328E+00 7.15026E-02-6.59333E-01 5.60708E+00
 -1        51 1.97852E-01 2.60085E-01 7.02180E-01 2.08608E-02-1.65843E-01 2.02929E+00
 -1        52-3.91705E-01-9.89580E-01-2.86345E+00 1.72345E-02-2.30569E-02 1.30827E+00
 -1        53-3.38879E-01-9.37493E-01-2.75218E+00-1.00049E-07-3.48680E-06-1.29596E+00
 -1        54 2.88176E-01 3.44096E-01 8.45733E-01-3.02759E-07-2.59217E-06-2.07502E+00
 -1        55 2.87738E-01 7.53633E-01 1.98143E+00 3.70025E-07-7.00687E-06-5.99728E+00
 -1        56-6.19460E+00-3.44177E+00-6.20892E+00 1.87226E-06-8.11473E-06-1.67459E+01
 -1        57-2.61047E+01-2.25120E+01-5.14803E+01-5.52861E-06-8.36033E-06-2.98490E+01
 -1        58-5.54439E+01-5.66623E+01-1.38247E+02 7.50315E-06-5.98936E-06-2.68318E+01
 -1        59-7.07639E+01-7.61453E+01-1.89034E+02-7.96267E-06 1.77636E-15-7.99361E-15
 -1        60-5.54439E+01-5.66623E+01-1.38247E+02 7.50315E-06 5.98936E-06 2.68318E+01
 -1        61-2.61047E+01-2.25120E+01-5.14803E+01-5.52861E-06 8.36033E-06 2.98490E+01
 -1        62-6.19460E+00-3.44177E+00-6.20892E+00 1.87226E-06 8.11473E-06 1.67459E+01
 -1        63 2.87738E-01 7.53633E-01 1.98143E+00 3.70025E-07 7.00687E-06 5.99728E+00
 -1        64 2.88176E-01 3.44096E-01 8.45733E-01-3.02759E-07 2.59217E-06 2.07502E+00
 -1        65-3.38879E-01-9.37493E-01-2.75218E+00-1.00049E-07 3.48680E-06 1.29596E+00
 -1        66-3.91705E-01-9.89580E-01-2.86345E+00 1.72345E-02 2.30569E-02-1.30827E+00
 -1        67 1.97852E-01 2.60085E-01 7.02180E-01 2.08608E-02 1.65843E-01-2.02929E+00
 -1        68 2.85001E-01 7.07337E-01 1.88328E+00 7.15026E-02 6.59333E-01-5.60708E+00
 -1        69-5.57567E+00-2.95763E+00-5.50994E+00 2.56423E-02 2.22973E+00-1.55526E+01
 -1        70-2.41261E+01-2.06009E+01-4.79125E+01-2.65938E-01 6.06170E+00-2.78337E+01
 -1        71-5.13990E+01-5.21936E+01-1.28435E+02-3.86071E-01 1.19692E+01-2.49873E+01
 -1        72-6.54522E+01-7.00140E+01-1.74952E+02 3.67369E-06 1.52605E+01-3.11122E-05
 -1        73-5.13990E+01-5.21936E+01-1.28435E+02 3.86068E-01 1.19692E+01 2.49872E+01
 -1        74-2.41261E+01-2.06009E+01-4.79126E+01 2.65937E-01 6.06172E+00 2.78337E+01
 -1        75-5.57565E+00-2.95760E+00-5.50988E+00-2.56423E-02 2.22974E+00 1.55526E+01
 -1        76 2.85008E-01 7.07340E-01 1.88329E+00-7.15029E-02 6.59339E-01 5.60706E+00
 -1        77 1.97851E-01 2.60083E-01 7.02178E-01-2.08609E-02 1.65847E-01 2.02929E+00
 -1        78-3.91703E-01-9.89578E-01-2.86345E+00-1.72347E-02 2.30630E-02 1.30826E+00
 -1        79-5.60623E-01-1.16030E+00-3.24832E+00 1.37976E-02 2.24570E-02-1.39750E+00
 -1        80-2.88811E-02 8.07091E-02 3.44003E-01 2.17915E-02 2.97622E-01-1.98157E+00
 -1        81 1.64775E-01 4.96560E-01 1.35366E+00 1.28722E-01 1.11942E+00-4.70444E+00
 -1        82-4.18182E+00-2.21524E+00-4.19537E+00 4.16789E-02 3.94178E+00-1.20169E+01
 -1        83-1.78768E+01-1.52318E+01-3.56160E+01-5.90936E-01 1.10334E+01-2.09218E+01
 -1        84-3.78718E+01-3.84053E+01-9.47529E+01-7.95670E-01 2.18514E+01-1.86140E+01
 -1        85-4.81089E+01-5.14212E+01-1.28748E+02-1.74580E-06 2.78005E+01-4.23024E-06
 -1        86-3.78718E+01-3.84053E+01-9.47529E+01 7.95659E-01 2.18514E+01 1.86140E+01
 -1        87-1.78767E+01-1.52317E+01-3.56158E+01 5.90949E-01 1.10334E+01 2.09218E+01
 -1        88-4.18180E+00-2.21524E+00-4.19534E+00-4.16791E-02 3.94177E+00 1.20168E+01
 -1        89 1.64776E-01 4.96558E-01 1.35366E+00-1.28723E-01 1.11942E+00 4.70442E+00
 -1        90-2.88785E-02 8.07116E-02 3.44008E-01-2.17912E-02 2.97624E-01 1.98156E+00
 -1        91-5.60621E-01-1.16030E+00-3.24831E+00-1.37976E-02 2.24613E-02 1.39750E+00
 -1        92-8.82349E-01-1.51685E+00-3.91953E+00-2.04836E-02 8.24525E-02-1.68525E+00
 -1        93-3.37027E-01-2.62264E-01-7.36217E-02 2.51042E-03 4.14136E-01-2.19369E+00
 -1        94-1.92478E-01-2.65683E-01 5.67236E-01 1.23559E-01 1.32824E+00-4.04975E+00
 -1        95-2.82291E+00-2.55149E+00-2.48056E+00 9.39280E-02 4.50121E+00-7.90926E+00
 -1        96-9.52461E+00-9.81674E+00-1.69584E+01-3.95619E-01 1.24085E+01-1.17356E+01
 -1        97-1.81828E+01-2.12117E+01-4.34100E+01-5.67646E-01 2.45088E+01-9.76845E+00
 -1        98-2.23919E+01-2.74561E+01-5.88266E+01-2.12891E-06 3.11835E+01 5.56630E-06
 -1        99-1.81827E+01-2.12117E+01-4.34099E+01 5.67651E-01 2.45088E+01 9.76846E+00
 -1       100-9.52459E+00-9.81672E+00-1.69583E+01 3.95615E-01 1.24084E+01 1.17356E+01
 -1       101-2.82291E+00-2.55149E+00-2.48057E+00-9.39288E-02 4.50120E+00 7.90924E+00
 -1       102-1.92475E-01-2.65679E-01 5.67241E-01-1.23558E-01 1.32824E+00 4.04974E+00
 -1       103-3.37025E-01-2.62263E-01-7.36195E-02-2.51061E-03 4.14136E-01 2.19368E+00
 -1       104-8.82345E-01-1.51684E+00-3.91951E+00 2.04838E-02 8.24544E-02 1.68525E+00
 -1       105-1.16486E+00-1.55685E+00-4.77131E+00-9.27766E-03 1.91510E-01-2.05505E+00
 -1       106-6.55793E-01-1.98511E-01-1.07807E+00-2.48448E-02 4.11714E-01-2.72340E+00
 -1       107-7.61033E-01-2.03883E-01-1.54324E+00 8.88643E-03 1.32884E+00-4.79486E+00
 -1       108-3.10676E+00-2.19138E+00-5.22868E+00 3.71420E-02 4.41877E+00-8.17043E+00
 -1       109-7.66283E+00-7.43048E+00-1.48579E+01-5.81910E-02 1.19183E+01-1.08426E+01
 -1       110-1.22943E+01-1.46499E+01-2.90183E+01-5.75735E-02 2.32192E+01-8.57981E+00
 -1       111-1.42046E+01-1.84262E+01-3.68805E+01 5.15040E-06 2.94031E+01 4.71914E-06
 -1       112-1.22943E+01-1.46499E+01-2.90184E+01 5.75827E-02 2.32191E+01 8.57980E+00
 -1       113-7.66286E+00-7.43049E+00-1.48580E+01 5.81766E-02 1.19182E+01 1.08426E+01
 -1       114-3.10675E+00-2.19137E+00-5.22867E+00-3.71441E-02 4.41875E+00 8.17043E+00
 -1       115-7.61030E-01-2.03879E-01-1.54324E+00-8.88380E-03 1.32883E+00 4.79485E+00
 -1       116-6.55791E-01-1.98510E-01-1.07807E+00 2.48447E-02 4.11714E-01 2.72339E+00
 -1       117-1.16486E+00-1.55684E+00-4.77130E+00 9.27796E-03 1.91511E-01 2.05504E+00
 -1       118-7.85235E-01-2.14534E-01-2.99366E+00 1.07655E-01-1.69006E-02-1.50130E+00
 -1       119-2.24220E+00-1.50522E-01-8.46728E-01-9.64725E-02-3.37450E-01-2.03269E+00
 -1       120-5.08523E+00-5.08687E-01-2.73394E-02-1.00247E+00-7.56751E-01-3.22198E+00
 -1       121-7.25476E+00-1.57015E+00-1.03059E+00-3.54753E+00-2.24007E+00-5.12273E+00
 -1       122-4.92478E+00-4.00877E+00-5.83525E+00-7.09135E+00-7.43276E+00-6.91171E+00
 -1       123 5.84627E+00-5.76009E+00-1.09322E+01-6.74871E+00-1.71537E+01-5.42116E+00
 -1       124 1.40221E+01-5.71995E+00-1.21273E+01-5.48544E-05-2.29322E+01 2.97937E-05
 -1       125 5.84648E+00-5.75981E+00-1.09318E+01 6.74869E+00-1.71537E+01 5.42118E+00
 -1       126-4.92477E+00-4.00874E+00-5.83517E+00 7.09143E+00-7.43285E+00 6.91171E+00
 -1       127-7.25474E+00-1.57017E+00-1.03062E+00 3.54755E+00-2.24007E+00 5.12271E+00
 -1       128-5.08521E+00-5.08680E-01-2.73296E-02 1.00248E+00-7.56757E-01 3.22199E+00
 -1       129-2.24220E+00-1.50522E-01-8.46732E-01 9.64745E-02-3.37451E-01 2.03269E+00
 -1       130-7.85235E-01-2.14532E-01-2.99367E+00-1.07654E-01-1.68991E-02 1.50130E+00
 -1       131-3.96386E-01-4.92467E-01-2.52185E+00 6.56993E-03-1.56514E-02-1.13805E+00
 -1       132-1.46853E+00-1.59919E-01-5.95008E-02-2.45824E-01-3.31841E-01-1.46542E+00
 -1       133-4.48136E+00-6.31448E-01 1.05934E+00-1.43051E+00-6.87739E-01-2.30041E+00
 -1       134-8.79257E+00-2.12191E+00-9.00842E-01-4.90942E+00-2.11241E+00-4.92837E+00
 -1       135-1.05634E+01-5.98044E+00-1.43134E+01-9.26978E+00-8.14849E+00-9.73339E+00
 -1       136-5.90503E+00-1.27057E+01-4.45800E+01-8.03767E+00-2.15013E+01-9.72619E+00
 -1       137-1.35438E+00-1.66145E+01-6.38756E+01 3.71306E-05-3.05894E+01-6.69411E-06
 -1       138-5.90493E+00-1.27056E+01-4.45800E+01 8.03765E+00-2.15014E+01 9.72614E+00
 -1       139-1.05634E+01-5.98045E+00-1.43135E+01 9.26978E+00-8.14851E+00 9.73338E+00
 -1       140-8.79258E+00-2.12191E+00-9.00845E-01 4.90944E+00-2.11241E+00 4.92839E+00
 -1       141-4.48137E+00-6.31445E-01 1.05934E+00 1.43052E+00-6.87740E-01 2.30042E+00
 -1       142-1.46853E+00-1.59918E-01-5.95033E-02 2.45827E-01-3.31842E-01 1.46542E+00
 -1       143-3.96387E-01-4.92465E-01-2.52186E+00-6.56901E-03-1.56487E-02 1.13806E+00
 -1       144-5.22481E-01-7.93285E-01-2.19612E+00-8.10100E-02-2.52487E-02-9.66931E-01
 -1       145-1.94648E+00-2.39181E-01 3.64757E-01-4.17956E-01-2.70555E-01-1.24937E+00
 -1       146-7.82211E+00-1.26428E+00 1.20731E+00-1.82603E+00-5.43654E-01-2.37481E+00
 -1       147-1.77657E+01-3.34546E+00-1.75126E+00-5.64286E+00-1.75469E+00-7.86456E+00
 -1       148-2.16734E+01-7.35403E+00-2.62233E+01-1.01296E+01-7.56400E+00-2.05235E+01
 -1       149-1.72741E+01-2.18958E+01-1.01633E+02-8.43390E+00-2.10503E+01-2.37382E+01
 -1       150-1.47477E+01-3.44796E+01-1.58321E+02-6.27384E-06-3.06220E+01-1.25752E-04
 -1       151-1.72745E+01-2.18962E+01-1.01634E+02 8.43396E+00-2.10502E+01 2.37383E+01
 -1       152-2.16733E+01-7.35388E+00-2.62233E+01 1.01296E+01-7.56398E+00 2.05236E+01
 -1       153-1.77658E+01-3.34543E+00-1.75126E+00 5.64286E+00-1.75470E+00 7.86460E+00
 -1       154-7.82215E+00-1.26429E+00 1.20729E+00 1.82603E+00-5.43653E-01 2.37483E+00
 -1       155-1.94648E+00-2.39177E-01 3.64756E-01 4.17957E-01-2.70553E-01 1.24938E+00
 -1       156-5.22486E-01-7.93283E-01-2.19613E+00 8.10103E-02-2.52451E-02 9.66937E-01
 -1       157-6.90107E-01-7.29748E-01-2.02469E+00-8.41583E-02-4.07554E-02-8.83250E-01
 -1       158-2.48920E+00-1.38967E-01 6.25731E-01-3.05961E-01-1.38004E-01-1.17337E+00
 -1       159-1.03853E+01-1.26103E+00 1.45855E+00-1.16533E+00-3.16294E-01-2.58070E+00
 -1       160-2.40518E+01-3.64421E+00-2.61044E+00-3.20302E+00-1.04446E+00-1.00797E+01
 -1       161-2.95701E+01-8.47476E+00-3.57858E+01-5.76265E+00-4.08830E+00-2.74162E+01
 -1       162-2.32562E+01-2.70386E+01-1.37600E+02-5.29920E+00-1.00443E+01-3.20441E+01
 -1       163-1.95062E+01-4.34339E+01-2.14433E+02-4.19143E-05-1.36332E+01 2.17994E-04
 -1       164-2.32558E+01-2.70382E+01-1.37599E+02 5.29922E+00-1.00442E+01 3.20442E+01
 -1       165-2.95703E+01-8.47492E+00-3.57860E+01 5.76266E+00-4.08829E+00 2.74162E+01
 -1       166-2.40518E+01-3.64420E+00-2.61049E+00 3.20300E+00-1.04445E+00 1.00797E+01
 -1       167-1.03853E+01-1.26101E+00 1.45855E+00 1.16533E+00-3.16291E-01 2.58072E+00
 -1       168-2.48921E+00-1.38968E-01 6.25725E-01 3.05956E-01-1.37999E-01 1.17337E+00
 -1       169-6.90109E-01-7.29746E-01-2.02469E+00 8.41564E-02-4.07502E-02 8.83253E-01
 -1       170-7.53331E-01-6.68491E-01-1.96449E+00-1.60473E-06-3.71574E-06-8.64311E-01
 -1       171-2.74258E+00-1.07334E-01 7.05688E-01-3.52988E-06-1.09582E-06-1.17483E+00
 -1       172-1.12095E+01-1.17829E+00 1.65723E+00-1.01865E-05-4.69402E-06-2.71694E+00
 -1       173-2.58849E+01-3.94358E+00-3.05896E+00-6.23897E-06-1.72934E-05-1.08380E+01
 -1       174-3.24422E+01-1.04278E+01-3.93518E+01-2.44009E-05-1.75570E-05-2.89549E+01
 -1       175-2.35380E+01-2.91656E+01-1.42432E+02-5.44150E-05 1.08994E-04-3.30688E+01
 -1       176-1.60818E+01-4.39674E+01-2.17099E+02 6.95307E-05 1.46549E-14 1.77636E-15
 -1       177-2.35380E+01-2.91656E+01-1.42432E+02-5.44150E-05-1.08994E-04 3.30688E+01
 -1       178-3.24422E+01-1.04278E+01-3.93518E+01-2.44009E-05 1.75570E-05 2.89549E+01
 -1       179-2.58849E+01-3.94358E+00-3.05896E+00-6.23897E-06 1.72934E-05 1.08380E+01
 -1       180-1.12095E+01-1.17829E+00 1.65723E+00-1.01865E-05 4.69402E-06 2.71694E+00
 -1       181-2.74258E+00-1.07334E-01 7.05688E-01-3.52988E-06 1.09582E-06 1.17483E+00
 -1       182-7.53331E-01-6.68491E-01-1.96449E+00-1.60473E-06 3.71574E-06 8.64311E-01
 -1       183-6.90109E-01-7.29746E-01-2.02469E+00 8.41564E-02 4.07502E-02-8.83253E-01
 -1       184-2.48921E+00-1.38968E-01 6.25725E-01 3.05956E-01 1.37999E-01-1.17337E+00
 -1       185-1.03853E+01-1.26101E+00 1.45855E+00 1.16533E+00 3.16291E-01-2.58072E+00
 -1       186-2.40518E+01-3.64420E+00-2.61049E+00 3.20300E+00 1.04445E+00-1.00797E+01
 -1       187-2.95703E+01-8.47492E+00-3.57860E+01 5.76266E+00 4.08829E+00-2.74162E+01
 -1       188-2.32558E+01-2.70382E+01-1.37599E+02 5.29922E+00 1.00442E+01-3.20442E+01
 -1       189-1.95062E+01-4.34339E+01-2.14433E+02-4.19143E-05 1.36332E+01-2.17994E-04
 -1       190-2.32562E+01-2.70386E+01-1.37600E+02-5.29920E+00 1.00443E+01 3.20441E+01
 -1       191-2.95701E+01-8.47476E+00-3.57858E+01-5.76265E+00 4.08830E+00 2.74162E+01
 -1       192-2.40518E+01-3.64421E+00-2.61044E+00-3.20302E+00 1.04446E+00 1.00797E+01
 -1       193-1.03853E+01-1.26103E+00 1.45855E+00-1.16533E+00 3.16294E-01 2.58070E+00
 -1       194-2.48920E+00-1.38967E-01 6.25731E-01-3.05961E-01 1.38004E-01 1.17337E+00
 -1       195-6.90107E-01-7.29748E-01-2.02469E+00-8.41583E-02 4.07554E-02 8.83250E-01
 -1       196-5.22486E-01-7.93283E-01-2.19613E+00 8.10103E-02 2.52451E-02-9.66937E-01
 -1       197-1.94648E+00-2.39177E-01 3.64756E-01 4.17957E-01 2.70553E-01-1.24938E+00
 -1       198-7.82215E+00-1.26429E+00 1.20729E+00 1.82603E+00 5.43653E-01-2.37483E+00
 -1       199-1.77658E+01-3.34543E+00-1.75126E+00 5.64286E+00 1.75470E+00-7.86460E+00
 -1       200-2.16733E+01-7.35388E+00-2.62233E+01 1.01296E+01 7.56398E+00-2.05236E+01
 -1       201-1.72745E+01-2.18962E+01-1.01634E+02 8.43396E+00 2.10502E+01-2.37383E+01
 -1       202-1.47477E+01-3.44796E+01-1.58321E+02-6.27384E-06 3.06220E+01 1.25752E-04
 -1       203-1.72741E+01-2.18958E+01-1.01633E+02-8.43390E+00 2.10503E+01 2.37382E+01
 -1       204-2.16734E+01-7.35403E+00-2.62233E+01-1.01296E+01 7.56400E+00 2.05235E+01
 -1       205-1.77657E+01-3.34546E+00-1.75126E+00-5.64286E+00 1.75469E+00 7.86456E+00
 -1       206-7.82211E+00-1.26428E+00 1.20731E+00-1.82603E+00 5.43654E-01 2.37481E+00
 -1       207-1.94648E+00-2.39181E-01 3.64757E-01-4.17956E-01 2.70555E-01 1.24937E+00
 -1       208-5.22481E-01-7.93285E-01-2.19612E+00-8.10100E-02 2.52487E-02 9.66931E-01
 -1       209-3.96387E-01-4.92465E-01-2.52186E+00-6.56901E-03 1.56487E-02-1.13806E+00
 -1       210-1.46853E+00-1.59918E-01-5.95033E-02 2.45827E-01 3.31842E-01-1.46542E+00
 -1       211-4.48137E+00-6.31445E-01 1.05934E+00 1.43052E+00 6.87740E-01-2.30042E+00
 -1       212-8.79258E+00-2.12191E+00-9.00845E-01 4.90944E+00 2.11241E+00-4.92839E+00
 -1       213-1.05634E+01-5.98045E+00-1.43135E+01 9.26978E+00 8.14851E+00-9.73338E+00
 -1       214-5.90493E+00-1.27056E+01-4.45800E+01 8.03765E+00 2.15014E+01-9.72614E+00
 -1       215-1.35438E+00-1.66145E+01-6.38756E+01 3.71306E-05 3.05894E+01 6.69411E-06
 -1       216-5.90503E+00-1.27057E+01-4.45800E+01-8.03767E+00 2.15013E+01 9.72619E+00
 -1       217-1.05634E+01-5.98044E+00-1.43134E+01-9.26978E+00 8.14849E+00 9.73339E+00
 -1       218-8.79257E+00-2.12191E+00-9.00842E-01-4.90942E+00 2.11241E+00 4.92837E+00
 -1       219-4.48136E+00-6.31448E-01 1.05934E+00-1.43051E+00 6.87739E-01 2.30041E+00
 -1       220-1.46853E+00-1.59919E-01-5.95008E-02-2.45824E-01 3.31841E-01 1.46542E+00
 -1       221-3.96386E-01-4.92467E-01-2.52185E+00 6.56993E-03 1.56514E-02 1.13805E+00
 -1       222-7.85235E-01-2.14532E-01-2.99367E+00-1.07654E-01 1.68991E-02-1.50130E+00
 -1       223-2.24220E+00-1.50522E-01-8.46732E-01 9.64745E-02 3.37451E-01-2.03269E+00
 -1       224-5.08521E+00-5.08680E-01-2.73296E-02 1.00248E+00 7.56757E-01-3.22199E+00
 -1       225-7.25474E+00-1.57017E+00-1.03062E+00 3.54755E+00 2.24007E+00-5.12271E+00
 -1       226-4.92477E+00-4.00874E+00-5.83517E+00 7.09143E+00 7.43285E+00-6.91171E+00
 -1       227 5.84648E+00-5.75981E+00-1.09318E+01 6.74869E+00 1.71537E+01-5.42118E+00
 -1       228 1.40221E+01-5.71995E+00-1.21273E+01-5.48544E-05 2.29322E+01-2.97937E-05
 -1       229 5.84627E+00-5.76009E+00-1.09322E+01-6.74871E+00 1.71537E+01 5.42116E+00
 -1       230-4.92478E+00-4.00877E+00-5.83525E+00-7.09135E+00 7.43276E+00 6.91171E+00
 -1       231-7.25476E+00-1.57015E+00-1.03059E+00-3.54753E+00 2.24007E+00 5.12273E+00
 -1       232-5.08523E+00-5.08687E-01-2.73394E-02-1.00247E+00 7.56751E-01 3.22198E+00
 -1       233-2.24220E+00-1.50522E-01-8.46728E-01-9.64725E-02 3.37450E-01 2.03269E+00
 -1       234-7.85235E-01-2.14534E-01-2.99366E+00 1.07655E-01 1.69006E-02 1.50130E+00
 -1       235-7.91753E-01-2.97747E-01-7.60313E-01-1.35803E-02 9.47282E-02-5.57580E-01
 -1       236-1.37557E+00-7.65266E-02-1.69767E-01-1.46239E-01-7.90617E-02-6.57592E-01
 -1       237-2.56787E+00 8.08486E-02 1.22987E+00-7.96174E-01 5.69572E-04-4.47412E-01
 -1       238-2.29555E+00 1.78437E-01 3.13761E+00-2.47507E+00 7.38069E-01 1.28814E-01
 -1       239 9.01676E-01-1.68557E+00 4.59073E+00-6.23275E+00 4.32436E-01 5.16264E-01
 -1       240 7.70654E+00-1.23903E+01 7.14677E+00-7.84244E+00-5.80935E+00 4.84622E-01
 -1       241 1.24313E+01-2.29950E+01 1.00676E+01 7.33697E-05-1.13014E+01 1.82719E-04
 -1       242 7.70583E+00-1.23916E+01 7.14606E+00 7.84232E+00-5.80935E+00-4.84701E-01
 -1       243 9.01806E-01-1.68544E+00 4.59095E+00 6.23268E+00 4.32446E-01-5.16333E-01
 -1       244-2.29558E+00 1.78390E-01 3.13761E+00 2.47506E+00 7.38104E-01-1.28837E-01
 -1       245-2.56785E+00 8.08622E-02 1.22988E+00 7.96185E-01 5.59479E-04 4.47415E-01
 -1       246-1.37557E+00-7.65269E-02-1.69769E-01 1.46243E-01-7.90607E-02 6.57595E-01
 -1       247-7.91753E-01-2.97744E-01-7.60314E-01 1.35812E-02 9.47293E-02 5.57583E-01
 -1       248-3.77171E-01-2.13189E-01-6.97604E-01-4.18709E-02 1.18547E-02-3.56737E-01
 -1       249-6.65742E-01 1.17447E-01-7.91671E-02-2.60979E-01-7.30808E-02-3.95821E-01
 -1       250-1.64598E+00 4.25488E-01 8.22621E-01-1.17882E+00-3.34612E-02-1.76789E-01
 -1       251-4.28646E+00 4.28691E-01 2.54934E-01-3.48465E+00 8.72719E-01-6.71566E-01
 -1       252-9.53361E+00-2.69201E+00-6.19935E+00-1.00810E+01-6.23193E-01-5.80166E+00
 -1       253-6.46003E+00-1.64182E+01-3.35665E+01-1.41676E+01-1.42521E+01-1.00093E+01
 -1       254 2.36016E+00-2.85306E+01-5.71670E+01-1.92740E-04-2.60894E+01-1.06516E-04
 -1       255-6.45933E+00-1.64179E+01-3.35645E+01 1.41677E+01-1.42525E+01 1.00095E+01
 -1       256-9.53374E+00-2.69227E+00-6.19967E+00 1.00811E+01-6.23224E-01 5.80164E+00
 -1       257-4.28634E+00 4.28732E-01 2.54997E-01 3.48468E+00 8.72721E-01 6.71584E-01
 -1       258-1.64600E+00 4.25492E-01 8.22615E-01 1.17883E+00-3.34656E-02 1.76795E-01
 -1       259-6.65745E-01 1.17451E-01-7.91693E-02 2.60982E-01-7.30797E-02 3.95824E-01
 -1       260-3.77172E-01-2.13186E-01-6.97606E-01 4.18726E-02 1.18560E-02 3.56739E-01
 -1       261-3.46545E-01-1.42104E-01-6.04869E-01-1.49952E-01-6.97743E-02-2.68013E-01
 -1       262-8.13996E-01 3.54149E-01 2.40002E-01-4.31470E-01-9.76733E-02-1.26271E-01
 -1       263-2.32499E+00 9.14692E-01 1.42423E+00-1.47133E+00-4.55381E-02 6.94407E-01
 -1       264-1.21555E+01-9.31563E-01-9.06799E-01-3.88041E+00 8.30588E-01-2.48236E-01
 -1       265-2.78954E+01-1.97274E+00-5.54873E+00-1.08261E+01-1.24812E+00-1.50641E+01
 -1       266-2.42029E+01-1.85666E+01-1.08397E+02-1.53885E+01-1.69384E+01-2.90333E+01
 -1       267-1.46399E+01-4.41016E+01-2.38176E+02 2.45457E-04-3.04173E+01-2.27892E-04
 -1       268-2.42038E+01-1.85672E+01-1.08402E+02 1.53884E+01-1.69381E+01 2.90325E+01
 -1       269-2.78954E+01-1.97231E+00-5.54807E+00 1.08261E+01-1.24816E+00 1.50644E+01
 -1       270-1.21558E+01-9.31682E-01-9.06959E-01 3.88044E+00 8.30584E-01 2.48258E-01
 -1       271-2.32498E+00 9.14716E-01 1.42424E+00 1.47134E+00-4.55330E-02-6.94403E-01
 -1       272-8.14011E-01 3.54154E-01 2.39999E-01 4.31470E-01-9.76732E-02 1.26276E-01
 -1       273-3.46551E-01-1.42099E-01-6.04871E-01 1.49952E-01-6.97719E-02 2.68014E-01
 -1       274-4.56504E-01 3.23224E-02-5.69291E-01-1.43411E-01-6.92097E-02-2.18491E-01
 -1       275-1.15353E+00 6.00254E-01 4.24231E-01-3.44780E-01-6.19115E-02 4.80631E-02
 -1       276-3.44407E+00 1.41751E+00 1.75243E+00-1.00536E+00 3.24949E-02 1.18428E+00
 -1       277-1.68623E+01-9.63678E-01-1.24673E+00-2.34057E+00 3.43904E-01-2.03763E-01
 -1       278-3.90006E+01-3.41920E+00-8.24212E+00-4.50235E+00-3.49188E-01-2.03315E+01
 -1       279-3.31915E+01-2.67037E+01-1.43082E+02-4.90354E+00-4.34173E+00-3.94366E+01
 -1       280-2.01450E+01-6.29785E+01-3.19016E+02 1.93356E-04-7.58552E+00 4.74086E-04
 -1       281-3.31911E+01-2.67034E+01-1.43077E+02 4.90342E+00-4.34138E+00 3.94378E+01
 -1       282-3.90007E+01-3.41945E+00-8.24281E+00 4.50223E+00-3.49159E-01 2.03315E+01
 -1       283-1.68623E+01-9.63528E-01-1.24662E+00 2.34054E+00 3.43916E-01 2.03809E-01
 -1       284-3.44416E+00 1.41750E+00 1.75240E+00 1.00534E+00 3.24980E-02-1.18427E+00
 -1       285-1.15353E+00 6.00258E-01 4.24229E-01 3.44773E-01-6.19102E-02-4.80623E-02
 -1       286-4.56507E-01 3.23283E-02-5.69291E-01 1.43408E-01-6.92062E-02 2.18492E-01
 -1       287-5.05309E-01 1.56647E-01-5.66969E-01-2.17753E-06-2.02353E-06-2.08081E-01
 -1       288-1.28648E+00 7.18425E-01 4.79214E-01-5.39615E-06-1.21661E-06 1.11538E-01
 -1       289-4.08668E+00 1.60066E+00 1.78816E+00-1.49497E-05 2.89407E-07 1.30779E+00
 -1       290-1.72281E+01-2.09358E-01-6.99949E-01-3.14107E-05 8.93406E-07-1.77115E-01
 -1       291-3.99075E+01-5.68421E+00-1.12815E+01 7.42038E-06-4.36003E-05-2.00199E+01
 -1       292-3.24982E+01-3.64562E+01-1.33662E+02 8.22340E-05 3.46464E-04-3.85607E+01
 -1       293-1.02327E+01-7.18852E+01-2.78196E+02-5.55150E-04 2.15383E-14 8.88178E-16
 -1       294-3.24982E+01-3.64562E+01-1.33662E+02 8.22340E-05-3.46464E-04 3.85607E+01
 -1       295-3.99075E+01-5.68421E+00-1.12815E+01 7.42038E-06 4.36003E-05 2.00199E+01
 -1       296-1.72281E+01-2.09358E-01-6.99949E-01-3.14107E-05-8.93406E-07 1.77115E-01
 -1       297-4.08668E+00 1.60066E+00 1.78816E+00-1.49497E-05-2.89407E-07-1.30779E+00
 -1       298-1.28648E+00 7.18425E-01 4.79214E-01-5.39615E-06 1.21661E-06-1.11538E-01
 -1       299-5.05309E-01 1.56647E-01-5.66969E-01-2.17753E-06 2.02353E-06 2.08081E-01
 -1       300-4.56507E-01 3.23283E-02-5.69291E-01 1.43408E-01 6.92062E-02-2.18492E-01
 -1       301-1.15353E+00 6.00258E-01 4.24229E-01 3.44773E-01 6.19102E-02 4.80623E-02
 -1       302-3.44416E+00 1.41750E+00 1.75240E+00 1.00534E+00-3.24980E-02 1.18427E+00
 -1       303-1.68623E+01-9.63528E-01-1.24662E+00 2.34054E+00-3.43916E-01-2.03809E-01
 -1       304-3.90007E+01-3.41945E+00-8.24281E+00 4.50223E+00 3.49159E-01-2.03315E+01
 -1       305-3.31911E+01-2.67034E+01-1.43077E+02 4.90342E+00 4.34138E+00-3.94378E+01
 -1       306-2.01450E+01-6.29785E+01-3.19016E+02 1.93356E-04 7.58552E+00-4.74086E-04
 -1       307-3.31915E+01-2.67037E+01-1.43082E+02-4.90354E+00 4.34173E+00 3.94366E+01
 -1       308-3.90006E+01-3.41920E+00-8.24212E+00-4.50235E+00 3.49188E-01 2.03315E+01
 -1       309-1.68623E+01-9.63678E-01-1.24673E+00-2.34057E+00-3.43904E-01 2.03763E-01
 -1       310-3.44407E+00 1.41751E+00 1.75243E+00-1.00536E+00-3.24949E-02-1.18428E+00
 -1       311-1.15353E+00 6.00254E-01 4.24231E-01-3.44780E-01 6.19115E-02-4.80631E-02
 -1       312-4.56504E-01 3.23224E-02-5.69291E-01-1.43411E-01 6.92097E-02 2.18491E-01
 -1       313-3.46551E-01-1.42099E-01-6.04871E-01 1.49952E-01 6.97719E-02-2.68014E-01
 -1       314-8.14011E-01 3.54154E-01 2.39999E-01 4.31470E-01 9.76732E-02-1.26276E-01
 -1       315-2.32498E+00 9.14716E-01 1.42424E+00 1.47134E+00 4.55330E-02 6.94403E-01
 -1       316-1.21558E+01-9.31682E-01-9.06959E-01 3.88044E+00-8.30584E-01-2.48258E-01
 -1       317-2.78954E+01-1.97231E+00-5.54807E+00 1.08261E+01 1.24816E+00-1.50644E+01
 -1       318-2.42038E+01-1.85672E+01-1.08402E+02 1.53884E+01 1.69381E+01-2.90325E+01
 -1       319-1.46399E+01-4.41016E+01-2.38176E+02 2.45457E-04 3.04173E+01 2.27892E-04
 -1       320-2.42029E+01-1.85666E+01-1.08397E+02-1.53885E+01 1.69384E+01 2.90333E+01
 -1       321-2.78954E+01-1.97274E+00-5.54873E+00-1.08261E+01 1.24812E+00 1.50641E+01
 -1       322-1.21555E+01-9.31563E-01-9.06799E-01-3.88041E+00-8.30588E-01 2.48236E-01
 -1       323-2.32499E+00 9.14692E-01 1.42423E+00-1.47133E+00 4.55381E-02-6.94407E-01
 -1       324-8.13996E-01 3.54149E-01 2.40002E-01-4.31470E-01 9.76733E-02 1.26271E-01
 -1       325-3.46545E-01-1.42104E-01-6.04869E-01-1.49952E-01 6.97743E-02 2.68013E-01
 -1       326-3.77172E-01-2.13186E-01-6.97606E-01 4.18726E-02-1.18560E-02-3.56739E-01
 -1       327-6.65745E-01 1.17451E-01-7.91693E-02 2.60982E-01 7.30797E-02-3.95824E-01
 -1       328-1.64600E+00 4.25492E-01 8.22615E-01 1.17883E+00 3.34656E-02-1.76795E-01
 -1       329-4.28634E+00 4.28732E-01 2.54997E-01 3.48468E+00-8.72721E-01-6.71584E-01
 -1       330-9.53374E+00-2.69227E+00-6.19967E+00 1.00811E+01 6.23224E-01-5.80164E+00
 -1       331-6.45933E+00-1.64179E+01-3.35645E+01 1.41677E+01 1.42525E+01-1.00095E+01
 -1       332 2.36016E+00-2.85306E+01-5.71670E+01-1.92740E-04 2.60894E+01 1.06516E-04
 -1       333-6.46003E+00-1.64182E+01-3.35665E+01-1.41676E+01 1.42521E+01 1.00093E+01
 -1       334-9.53361E+00-2.69201E+00-6.19935E+00-1.00810E+01 6.23193E-01 5.80166E+00
 -1       335-4.28646E+00 4.28691E-01 2.54934E-01-3.48465E+00-8.72719E-01 6.71566E-01
 -1       336-1.64598E+00 4.25488E-01 8.22621E-01-1.17882E+00 3.34612E-02 1.76789E-01
 -1       337-6.65742E-01 1.17447E-01-7.91671E-02-2.60979E-01 7.30808E-02 3.95821E-01
 -1       338-3.77171E-01-2.13189E-01-6.97604E-01-4.18709E-02-1.18547E-02 3.56737E-01
 -1       339-7.91753E-01-2.97744E-01-7.60314E-01 1.35812E-02-9.47293E-02-5.57583E-01
 -1       340-1.37557E+00-7.65269E-02-1.69769E-01 1.46243E-01 7.90607E-02-6.57595E-01
 -1       341-2.56785E+00 8.08622E-02 1.22988E+00 7.96185E-01-5.59479E-04-4.47415E-01
 -1       342-2.29558E+00 1.78390E-01 3.13761E+00 2.47506E+00-7.38104E-01 1.28837E-01
 -1       343 9.01806E-01-1.68544E+00 4.59095E+00 6.23268E+00-4.32446E-01 5.16333E-01
 -1       344 7.70583E+00-1.23916E+01 7.14606E+00 7.84232E+00 5.80935E+00 4.84701E-01
 -1       345 1.24313E+01-2.29950E+01 1.00676E+01 7.33697E-05 1.13014E+01-1.82719E-04
 -1       346 7.70654E+00-1.23903E+01 7.14677E+00-7.84244E+00 5.80935E+00-4.84622E-01
 -1       347 9.01676E-01-1.68557E+00 4.59073E+00-6.23275E+00-4.32436E-01-5.16264E-01
 -1       348-2.29555E+00 1.78437E-01 3.13761E+00-2.47507E+00-7.38069E-01-1.28814E-01
 -1       349-2.56787E+00 8.08486E-02 1.22987E+00-7.96174E-01-5.69572E-04 4.47412E-01
 -1       350-1.37557E+00-7.65266E-02-1.69767E-01-1.46239E-01 7.90617E-02 6.57592E-01
 -1       351-7.91753E-01-2.97747E-01-7.60313E-01-1.35803E-02-9.47282E-02 5.57580E-01
 -1       352-1.19339E-01-6.40009E-02-1.69946E-01 2.17768E-02 5.00286E-02-1.49319E-01
 -1       353 6.66580E-02 2.20992E-01 6.25010E-02-2.97989E-02-1.24981E-02-7.24840E-02
 -1       354 1.34593E+00 4.89531E-01 7.31851E-01 5.21179E-02 2.68018E-01 6.19666E-01
 -1       355 4.56906E+00 1.00198E+00 1.33768E+00 9.67228E-01 1.23451E+00 1.97721E+00
 -1       356 5.12686E+00 7.70213E-01 4.14903E-01 3.95216E+00 3.78345E+00 3.32618E+00
 -1       357 6.72685E+00 5.30040E+00 8.43371E+00 5.58892E+00 2.18603E-01 3.26491E+00
 -1       358 1.22551E+01 1.26394E+01 2.06562E+01-9.50072E-05-6.92393E+00-7.77713E-05
 -1       359 6.72633E+00 5.30080E+00 8.43228E+00-5.58863E+00 2.19333E-01-3.26510E+00
 -1       360 5.12735E+00 7.70883E-01 4.15185E-01-3.95211E+00 3.78319E+00-3.32593E+00
 -1       361 4.56894E+00 1.00182E+00 1.33765E+00-9.67256E-01 1.23457E+00-1.97725E+00
 -1       362 1.34596E+00 4.89548E-01 7.31850E-01-5.21145E-02 2.68012E-01-6.19669E-01
 -1       363 6.66686E-02 2.20996E-01 6.25049E-02 2.98036E-02-1.24987E-02 7.24866E-02
 -1       364-1.19340E-01-6.39999E-02-1.69947E-01-2.17753E-02 5.00297E-02 1.49320E-01
 -1       365 2.27053E-01 4.61996E-02-9.26070E-02-8.34549E-02 3.50411E-02-7.84195E-02
 -1       366 8.33236E-01 4.78744E-01 2.55874E-02-2.57661E-01-2.15360E-03 1.73171E-03
 -1       367 3.30629E+00 1.38001E+00 6.06823E-01-3.39926E-01 3.25264E-01 5.28501E-01
 -1       368 8.99548E+00 3.33264E+00-7.31661E-01 8.63229E-01 8.95905E-01 9.27958E-01
 -1       369 3.99042E+00 1.25102E+00-5.05670E+00 6.45671E+00 4.72918E+00-1.70292E+00
 -1       370-1.41592E+01-1.09415E+01-2.15060E+01 1.07110E+01-7.66587E+00-4.45418E+00
 -1       371-1.74128E+01-1.79273E+01-3.68771E+01 8.56949E-05-3.04415E+01 3.43840E-04
 -1       372-1.41573E+01-1.09404E+01-2.15018E+01-1.07114E+01-7.66677E+00 4.45472E+00
 -1       373 3.98928E+00 1.24999E+00-5.05773E+00-6.45691E+00 4.72939E+00 1.70237E+00
 -1       374 8.99560E+00 3.33267E+00-7.31596E-01-8.63230E-01 8.95842E-01-9.27900E-01
 -1       375 3.30629E+00 1.38003E+00 6.06833E-01 3.39937E-01 3.25271E-01-5.28499E-01
 -1       376 8.33229E-01 4.78747E-01 2.55835E-02 2.57665E-01-2.15375E-03-1.73048E-03
 -1       377 2.27055E-01 4.62035E-02-9.26064E-02 8.34563E-02 3.50419E-02 7.84200E-02
 -1       378 2.13937E-01 2.89510E-01-8.26351E-02-2.33555E-01-3.75691E-02-3.24003E-02
 -1       379 1.04601E+00 1.00726E+00 7.56956E-02-5.09346E-01-2.14731E-02 2.55795E-01
 -1       380 5.07530E+00 3.31801E+00 1.52420E+00-7.43457E-01 3.07034E-01 1.27161E+00
 -1       381 1.73728E+01 6.99702E+00-1.90946E+00 4.94836E-01 7.15592E-01 3.20604E+00
 -1       382 1.50787E+01 1.15325E+01 9.50584E+00 6.62508E+00 4.17203E+00-1.13118E+01
 -1       383-6.16272E+01-4.49633E+01-1.08472E+02 1.16376E+01-1.06628E+01-3.31171E+01
 -1       384-1.30080E+02-1.21709E+02-2.96309E+02 1.03410E-04-3.82371E+01-1.00189E-03
 -1       385-6.16312E+01-4.49665E+01-1.08482E+02-1.16368E+01-1.06622E+01 3.31155E+01
 -1       386 1.50815E+01 1.15340E+01 9.50826E+00-6.62479E+00 4.17182E+00 1.13129E+01
 -1       387 1.73728E+01 6.99699E+00-1.90959E+00-4.94765E-01 7.15630E-01-3.20613E+00
 -1       388 5.07523E+00 3.31802E+00 1.52421E+00 7.43458E-01 3.07033E-01-1.27159E+00
 -1       389 1.04601E+00 1.00727E+00 7.56897E-02 5.09345E-01-2.14728E-02-2.55795E-01
 -1       390 2.13935E-01 2.89517E-01-8.26339E-02 2.33555E-01-3.75677E-02 3.24012E-02
 -1       391 7.63349E-02 5.97473E-01-5.88034E-02-2.18570E-01-5.86069E-02 1.41785E-03
 -1       392 1.01518E+00 1.48941E+00 1.61088E-01-3.98748E-01-2.61288E-02 4.26982E-01
 -1       393 6.11531E+00 4.76991E+00 2.08848E+00-5.51625E-01 1.45631E-01 1.82420E+00
 -1       394 2.25320E+01 9.58473E+00-2.17793E+00 2.15328E-01 6.73460E-01 4.26469E+00
 -1       395 1.82391E+01 1.27589E+01 1.14905E+01 2.35059E+00 1.10999E+00-1.45404E+01
 -1       396-8.27530E+01-6.36266E+01-1.39303E+02 3.27563E+00-5.56237E-01-4.38812E+01
 -1       397-1.74588E+02-1.68775E+02-3.93049E+02-7.53585E-05-3.03207E+00 1.19058E-03
 -1       398-8.27496E+01-6.36236E+01-1.39294E+02-3.27516E+00-5.55278E-01 4.38835E+01
 -1       399 1.82352E+01 1.27575E+01 1.14882E+01-2.35042E+00 1.10973E+00 1.45397E+01
 -1       400 2.25317E+01 9.58473E+00-2.17790E+00-2.15343E-01 6.73530E-01-4.26459E+00
 -1       401 6.11531E+00 4.76992E+00 2.08847E+00 5.51605E-01 1.45626E-01-1.82421E+00
 -1       402 1.01518E+00 1.48942E+00 1.61089E-01 3.98740E-01-2.61279E-02-4.26981E-01
 -1       403 7.63311E-02 5.97477E-01-5.88056E-02 2.18565E-01-5.86048E-02-1.41816E-03
 -1       404-7.43232E-03 7.20148E-01-8.68948E-02-3.50890E-06-1.26769E-06 1.49738E-02
 -1       405 1.00971E+00 1.68882E+00 2.14818E-01-5.92830E-06-3.62112E-07 4.75397E-01
 -1       406 6.50327E+00 5.19745E+00 2.12282E+00-1.07026E-05-6.07423E-06 2.04705E+00
 -1       407 2.37283E+01 1.06178E+01-1.70311E+00-7.15128E-05 6.12592E-05 4.17273E+00
 -1       408 1.43492E+01 7.73589E+00 3.51211E+00-3.33022E-04-3.11652E-04-1.12605E+01
 -1       409-7.84026E+01-6.54776E+01-1.20312E+02-8.82892E-04 8.99347E-04-3.35654E+01
 -1       410-1.42875E+02-1.47241E+02-3.08579E+02-1.20940E-04-2.48690E-14 2.66454E-14
 -1       411-7.84026E+01-6.54776E+01-1.20312E+02-8.82892E-04-8.99347E-04 3.35654E+01
 -1       412 1.43492E+01 7.73589E+00 3.51211E+00-3.33022E-04 3.11652E-04 1.12605E+01
 -1       413 2.37283E+01 1.06178E+01-1.70311E+00-7.15128E-05-6.12592E-05-4.17273E+00
 -1       414 6.50327E+00 5.19745E+00 2.12282E+00-1.07026E-05 6.07423E-06-2.04705E+00
 -1       415 1.00971E+00 1.68882E+00 2.14818E-01-5.92830E-06 3.62112E-07-4.75397E-01
 -1       416-7.43232E-03 7.20148E-01-8.68948E-02-3.50890E-06 1.26769E-06-1.49738E-02
 -1       417 7.63311E-02 5.97477E-01-5.88056E-02 2.18565E-01 5.86048E-02 1.41816E-03
 -1       418 1.01518E+00 1.48942E+00 1.61089E-01 3.98740E-01 2.61279E-02 4.26981E-01
 -1       419 6.11531E+00 4.76992E+00 2.08847E+00 5.51605E-01-1.45626E-01 1.82421E+00
 -1       420 2.25317E+01 9.58473E+00-2.17790E+00-2.15343E-01-6.73530E-01 4.26459E+00
 -1       421 1.82352E+01 1.27575E+01 1.14882E+01-2.35042E+00-1.10973E+00-1.45397E+01
 -1       422-8.27496E+01-6.36236E+01-1.39294E+02-3.27516E+00 5.55278E-01-4.38835E+01
 -1       423-1.74588E+02-1.68775E+02-3.93049E+02-7.53585E-05 3.03207E+00-1.19058E-03
 -1       424-8.27530E+01-6.36266E+01-1.39303E+02 3.27563E+00 5.56237E-01 4.38812E+01
 -1       425 1.82391E+01 1.27589E+01 1.14905E+01 2.35059E+00-1.10999E+00 1.45404E+01
 -1       426 2.25320E+01 9.58473E+00-2.17793E+00 2.15328E-01-6.73460E-01-4.26469E+00
 -1       427 6.11531E+00 4.76991E+00 2.08848E+00-5.51625E-01-1.45631E-01-1.82420E+00
 -1       428 1.01518E+00 1.48941E+00 1.61088E-01-3.98748E-01 2.61288E-02-4.26982E-01
 -1       429 7.63349E-02 5.97473E-01-5.88034E-02-2.18570E-01 5.86069E-02-1.41785E-03
 -1       430 2.13935E-01 2.89517E-01-8.26339E-02 2.33555E-01 3.75677E-02-3.24012E-02
 -1       431 1.04601E+00 1.00727E+00 7.56897E-02 5.09345E-01 2.14728E-02 2.55795E-01
 -1       432 5.07523E+00 3.31802E+00 1.52421E+00 7.43458E-01-3.07033E-01 1.27159E+00
 -1       433 1.73728E+01 6.99699E+00-1.90959E+00-4.94765E-01-7.15630E-01 3.20613E+00
 -1       434 1.50815E+01 1.15340E+01 9.50826E+00-6.62479E+00-4.17182E+00-1.13129E+01
 -1       435-6.16312E+01-4.49665E+01-1.08482E+02-1.16368E+01 1.06622E+01-3.31155E+01
 -1       436-1.30080E+02-1.21709E+02-2.96309E+02 1.03410E-04 3.82371E+01 1.00189E-03
 -1       437-6.16272E+01-4.49633E+01-1.08472E+02 1.16376E+01 1.06628E+01 3.31171E+01
 -1       438 1.50787E+01 1.15325E+01 9.50584E+00 6.62508E+00-4.17203E+00 1.13118E+01
 -1       439 1.73728E+01 6.99702E+00-1.90946E+00 4.94836E-01-7.15592E-01-3.20604E+00
 -1       440 5.07530E+00 3.31801E+00 1.52420E+00-7.43457E-01-3.07034E-01-1.27161E+00
 -1       441 1.04601E+00 1.00726E+00 7.56956E-02-5.09346E-01 2.14731E-02-2.55795E-01
 -1       442 2.13937E-01 2.89510E-01-8.26351E-02-2.33555E-01 3.75691E-02 3.24003E-02
 -1       443 2.27055E-01 4.62035E-02-9.26064E-02 8.34563E-02-3.50419E-02-7.84200E-02
 -1       444 8.33229E-01 4.78747E-01 2.55835E-02 2.57665E-01 2.15375E-03 1.73048E-03
 -1       445 3.30629E+00 1.38003E+00 6.06833E-01 3.39937E-01-3.25271E-01 5.28499E-01
 -1       446 8.99560E+00 3.33267E+00-7.31596E-01-8.63230E-01-8.95842E-01 9.27900E-01
 -1       447 3.98928E+00 1.24999E+00-5.05773E+00-6.45691E+00-4.72939E+00-1.70237E+00
 -1       448-1.41573E+01-1.09404E+01-2.15018E+01-1.07114E+01 7.66677E+00-4.45472E+00
 -1       449-1.74128E+01-1.79273E+01-3.68771E+01 8.56949E-05 3.04415E+01-3.43840E-04
 -1       450-1.41592E+01-1.09415E+01-2.15060E+01 1.07110E+01 7.66587E+00 4.45418E+00
 -1       451 3.99042E+00 1.25102E+00-5.05670E+00 6.45671E+00-4.72918E+00 1.70292E+00
 -1       452 8.99548E+00 3.33264E+00-7.31661E-01 8.63229E-01-8.95905E-01-9.27958E-01
 -1       453 3.30629E+00 1.38001E+00 6.06823E-01-3.39926E-01-3.25264E-01-5.28501E-01
 -1       454 8.33236E-01 4.78744E-01 2.55874E-02-2.57661E-01 2.15360E-03-1.73171E-03
 -1       455 2.27053E-01 4.61996E-02-9.26070E-02-8.34549E-02-3.50411E-02 7.84195E-02
 -1       456-1.19340E-01-6.39999E-02-1.69947E-01-2.17753E-02-5.00297E-02-1.49320E-01
 -1       457 6.66686E-02 2.20996E-01 6.25049E-02 2.98036E-02 1.24987E-02-7.24866E-02
 -1       458 1.34596E+00 4.89548E-01 7.31850E-01-5.21145E-02-2.68012E-01 6.19669E-01
 -1       459 4.56894E+00 1.00182E+00 1.33765E+00-9.67256E-01-1.23457E+00 1.97725E+00
 -1       460 5.12735E+00 7.70883E-01 4.15185E-01-3.95211E+00-3.78319E+00 3.32593E+00
 -1       461 6.72633E+00 5.30080E+00 8.43228E+00-5.58863E+00-2.19333E-01 3.26510E+00
 -1       462 1.22551E+01 1.26394E+01 2.06562E+01-9.50072E-05 6.92393E+00 7.77713E-05
 -1       463 6.72685E+00 5.30040E+00 8.43371E+00 5.58892E+00-2.18603E-01-3.26491E+00
 -1       464 5.12686E+00 7.70213E-01 4.14903E-01 3.95216E+00-3.78345E+00-3.32618E+00
 -1       465 4.56906E+00 1.00198E+00 1.33768E+00 9.67228E-01-1.23451E+00-1.97721E+00
 -1       466 1.34593E+00 4.89531E-01 7.31851E-01 5.21179E-02-2.68018E-01-6.19666E-01
 -1       467 6.66580E-02 2.20992E-01 6.25010E-02-2.97989E-02 1.24981E-02 7.24840E-02
 -1       468-1.19339E-01-6.40009E-02-1.69946E-01 2.17768E-02-5.00286E-02 1.49319E-01
 -1       469 5.10720E+00-1.21462E+00 9.94255E+00 1.98385E+00-4.32479E-02-4.66435E+00
 -1       470 9.78617E+00 1.47938E+00 2.62197E+00 2.10930E+00-5.70918E-01-5.99719E+00
 -1       471 2.22048E+01 5.12766E+00-1.55738E+00-6.81000E-02-1.17760E+00-4.09661E+00
 -1       472 3.36594E+01 9.42844E+00-8.43771E+00-8.54484E+00-2.55966E+00 8.04976E+00
 -1       473 2.16934E+01 1.93512E+01-1.66947E+01-2.68464E+01-2.54371E+00 4.77304E+01
 -1       474-5.70664E+01 1.36761E+01-1.44360E+02-4.37092E+01-8.56637E+00 9.26904E+01
 -1       475-1.48845E+02-6.70932E+00-3.79942E+02-3.66685E+01 1.35950E-01 7.62631E+01
 -1       476-2.07429E+02-4.84992E+00-4.21799E+02-1.24444E+01-4.93563E+00 2.28051E+01
 -1       477-2.07430E+02-4.85085E+00-4.21800E+02 1.24457E+01-4.93576E+00-2.28058E+01
 -1       478-1.48855E+02-6.71580E+00-3.79945E+02 3.66712E+01 1.34174E-01-7.62647E+01
 -1       479-5.70632E+01 1.36759E+01-1.44351E+02 4.37150E+01-8.56295E+00-9.26852E+01
 -1       480 2.17022E+01 1.93544E+01-1.66912E+01 2.68475E+01-2.54360E+00-4.77276E+01
 -1       481 3.36606E+01 9.42938E+00-8.43734E+00 8.54530E+00-2.55962E+00-8.04988E+00
 -1       482 2.22046E+01 5.12776E+00-1.55741E+00 6.81023E-02-1.17764E+00 4.09646E+00
 -1       483 9.78604E+00 1.47934E+00 2.62192E+00-2.10936E+00-5.70940E-01 5.99714E+00
 -1       484 5.10714E+00-1.21469E+00 9.94254E+00-1.98389E+00-4.32764E-02 4.66433E+00
 -1       485 7.49902E+00-1.00949E+00 1.02939E+01 1.21105E-01-1.36841E+00-3.78596E+00
 -1       486 1.52041E+01 4.72139E+00 3.34671E+00-8.63174E-01-1.18407E+00-5.28440E+00
 -1       487 3.42189E+01 1.21403E+01-1.67497E+00-4.92585E+00-1.40393E+00-5.35954E+00
 -1       488 5.15163E+01 2.17193E+01-8.29819E+00-1.35468E+01-1.82630E+00 3.97083E-01
 -1       489 3.54222E+01 3.27225E+01-1.83729E+01-2.55520E+01 1.09841E-01 2.03161E+01
 -1       490-5.16575E+01 3.07228E+01-9.38486E+01-3.30191E+01-5.24045E+00 5.61397E+01
 -1       491-1.77642E+02-1.78267E+01-3.29013E+02-2.75883E+01-3.98412E+00 4.71888E+01
 -1       492-2.45662E+02-1.08670E+01-3.37586E+02-1.05901E+01-7.38935E+00 8.99643E+00
 -1       493-2.45659E+02-1.08668E+01-3.37584E+02 1.05899E+01-7.38918E+00-8.99753E+00
 -1       494-1.77627E+02-1.78242E+01-3.29004E+02 2.75875E+01-3.98334E+00-4.71877E+01
 -1       495-5.16622E+01 3.07176E+01-9.38604E+01 3.30179E+01-5.24051E+00-5.61453E+01
 -1       496 3.54089E+01 3.27218E+01-1.83757E+01 2.55510E+01 1.09473E-01-2.03200E+01
 -1       497 5.15128E+01 2.17190E+01-8.29930E+00 1.35463E+01-1.82649E+00-3.97443E-01
 -1       498 3.42183E+01 1.21404E+01-1.67508E+00 4.92561E+00-1.40397E+00 5.35949E+00
 -1       499 1.52040E+01 4.72134E+00 3.34670E+00 8.63066E-01-1.18410E+00 5.28441E+00
 -1       500 7.49899E+00-1.00964E+00 1.02939E+01-1.21168E-01-1.36843E+00 3.78597E+00
 -1       501 6.04590E+00 2.06066E+00 8.62651E+00-1.07089E+00-1.60208E+00-4.37153E+00
 -1       502 1.24856E+01 1.14870E+01 2.46445E+00-2.71926E+00-1.28465E+00-6.37548E+00
 -1       503 2.68335E+01 2.42086E+01-3.35566E+00-6.92722E+00-9.79963E-01-7.34202E+00
 -1       504 3.71045E+01 3.99806E+01-9.96145E+00-1.27824E+01-5.77826E-01-1.60891E+00
 -1       505 1.78853E+01 5.20853E+01-2.16047E+01-1.82761E+01 2.03407E-01 1.61358E+01
 -1       506-5.73351E+01 3.97493E+01-7.07926E+01-2.01882E+01 1.26809E+00 5.06272E+01
 -1       507-1.65193E+02-3.61402E+01-2.90538E+02-1.61525E+01 2.38790E+00 4.16240E+01
 -1       508-2.19810E+02-3.22989E+01-2.72968E+02-6.23359E+00 2.37543E+00 5.62324E+00
 -1       509-2.19814E+02-3.23000E+01-2.72970E+02 6.23276E+00 2.37554E+00-5.62085E+00
 -1       510-1.65207E+02-3.61454E+01-2.90548E+02 1.61507E+01 2.38926E+00-4.16237E+01
 -1       511-5.73328E+01 3.97514E+01-7.07858E+01 2.01850E+01 1.26627E+00-5.06235E+01
 -1       512 1.78970E+01 5.20869E+01-2.16026E+01 1.82747E+01 2.02926E-01-1.61329E+01
 -1       513 3.71082E+01 3.99812E+01-9.96046E+00 1.27817E+01-5.77957E-01 1.60954E+00
 -1       514 2.68345E+01 2.42087E+01-3.35550E+00 6.92708E+00-9.79971E-01 7.34225E+00
 -1       515 1.24859E+01 1.14870E+01 2.46453E+00 2.71925E+00-1.28464E+00 6.37555E+00
 -1       516 6.04599E+00 2.06040E+00 8.62651E+00 1.07089E+00-1.60206E+00 4.37156E+00
 -1       517 4.29138E+00 7.53126E+00 7.58105E+00-7.14608E-01-5.97557E-01-4.51361E+00
 -1       518 9.95595E+00 1.74350E+01 2.08360E+00-1.46933E+00-4.91242E-01-6.55885E+00
 -1       519 2.29215E+01 3.27018E+01-2.82554E+00-3.00235E+00-2.59872E-01-7.52014E+00
 -1       520 3.31673E+01 4.98718E+01-8.32308E+00-4.45540E+00 7.55506E-02-1.54574E+00
 -1       521 1.60503E+01 6.04619E+01-1.61121E+01-5.04801E+00 7.68035E-02 2.20713E+01
 -1       522-6.95728E+01 2.98552E+01-9.38847E+01-4.65624E+00 3.15404E+00 6.04855E+01
 -1       523-1.84051E+02-6.02440E+01-3.31250E+02-3.38110E+00 4.94981E+00 4.99168E+01
 -1       524-2.45152E+02-7.02855E+01-3.33135E+02-1.22178E+00 6.86757E+00 9.85658E+00
 -1       525-2.45154E+02-7.02860E+01-3.33136E+02 1.22314E+00 6.86730E+00-9.85555E+00
 -1       526-1.84059E+02-6.02455E+01-3.31254E+02 3.38316E+00 4.94815E+00-4.99163E+01
 -1       527-6.95709E+01 2.98572E+01-9.38787E+01 4.65955E+00 3.15539E+00-6.04829E+01
 -1       528 1.60579E+01 6.04619E+01-1.61119E+01 5.04969E+00 7.73316E-02-2.20688E+01
 -1       529 3.31705E+01 4.98722E+01-8.32216E+00 4.45647E+00 7.58053E-02 1.54629E+00
 -1       530 2.29224E+01 3.27018E+01-2.82542E+00 3.00286E+00-2.59789E-01 7.52034E+00
 -1       531 9.95618E+00 1.74350E+01 2.08366E+00 1.46958E+00-4.91174E-01 6.55890E+00
 -1       532 4.29146E+00 7.53112E+00 7.58106E+00 7.14757E-01-5.97452E-01 4.51363E+00
 -1       533 4.29146E+00 7.53112E+00 7.58106E+00 7.14757E-01 5.97452E-01-4.51363E+00
 -1       534 9.95618E+00 1.74350E+01 2.08366E+00 1.46958E+00 4.91174E-01-6.55890E+00
 -1       535 2.29224E+01 3.27018E+01-2.82542E+00 3.00286E+00 2.59789E-01-7.52034E+00
 -1       536 3.31705E+01 4.98722E+01-8.32216E+00 4.45647E+00-7.58053E-02-1.54629E+00
 -1       537 1.60579E+01 6.04619E+01-1.61119E+01 5.04969E+00-7.73316E-02 2.20688E+01
 -1       538-6.95709E+01 2.98572E+01-9.38787E+01 4.65955E+00-3.15539E+00 6.04829E+01
 -1       539-1.84059E+02-6.02455E+01-3.31254E+02 3.38316E+00-4.94815E+00 4.99163E+01
 -1       540-2.45154E+02-7.02860E+01-3.33136E+02 1.22314E+00-6.86730E+00 9.85555E+00
 -1       541-2.45152E+02-7.02855E+01-3.33135E+02-1.22178E+00-6.86757E+00-9.85658E+00
 -1       542-1.84051E+02-6.02440E+01-3.31250E+02-3.38110E+00-4.94981E+00-4.99168E+01
 -1       543-6.95728E+01 2.98552E+01-9.38847E+01-4.65624E+00-3.15404E+00-6.04855E+01
 -1       544 1.60503E+01 6.04619E+01-1.61121E+01-5.04801E+00-7.68035E-02-2.20713E+01
 -1       545 3.31673E+01 4.98718E+01-8.32308E+00-4.45540E+00-7.55506E-02 1.54574E+00
 -1       546 2.29215E+01 3.27018E+01-2.82554E+00-3.00235E+00 2.59872E-01 7.52014E+00
 -1       547 9.95595E+00 1.74350E+01 2.08360E+00-1.46933E+00 4.91242E-01 6.55885E+00
 -1       548 4.29138E+00 7.53126E+00 7.58105E+00-7.14608E-01 5.97557E-01 4.51361E+00
 -1       549 6.04599E+00 2.06040E+00 8.62651E+00 1.07089E+00 1.60206E+00-4.37156E+00
 -1       550 1.24859E+01 1.14870E+01 2.46453E+00 2.71925E+00 1.28464E+00-6.37555E+00
 -1       551 2.68345E+01 2.42087E+01-3.35550E+00 6.92708E+00 9.79971E-01-7.34225E+00
 -1       552 3.71082E+01 3.99812E+01-9.96046E+00 1.27817E+01 5.77957E-01-1.60954E+00
 -1       553 1.78970E+01 5.20869E+01-2.16026E+01 1.82747E+01-2.02926E-01 1.61329E+01
 -1       554-5.73328E+01 3.97514E+01-7.07858E+01 2.01850E+01-1.26627E+00 5.06235E+01
 -1       555-1.65207E+02-3.61454E+01-2.90548E+02 1.61507E+01-2.38926E+00 4.16237E+01
 -1       556-2.19814E+02-3.23000E+01-2.72970E+02 6.23276E+00-2.37554E+00 5.62085E+00
 -1       557-2.19810E+02-3.22989E+01-2.72968E+02-6.23359E+00-2.37543E+00-5.62324E+00
 -1       558-1.65193E+02-3.61402E+01-2.90538E+02-1.61525E+01-2.38790E+00-4.16240E+01
 -1       559-5.73351E+01 3.97493E+01-7.07926E+01-2.01882E+01-1.26809E+00-5.06272E+01
 -1       560 1.78853E+01 5.20853E+01-2.16047E+01-1.82761E+01-2.03407E-01-1.61358E+01
 -1       561 3.71045E+01 3.99806E+01-9.96145E+00-1.27824E+01 5.77826E-01 1.60891E+00
 -1       562 2.68335E+01 2.42086E+01-3.35566E+00-6.92722E+00 9.79963E-01 7.34202E+00
 -1       563 1.24856E+01 1.14870E+01 2.46445E+00-2.71926E+00 1.28465E+00 6.37548E+00
 -1       564 6.04590E+00 2.06066E+00 8.62651E+00-1.07089E+00 1.60208E+00 4.37153E+00
 -1       565 7.49899E+00-1.00964E+00 1.02939E+01-1.21168E-01 1.36843E+00-3.78597E+00
 -1       566 1.52040E+01 4.72134E+00 3.34670E+00 8.63066E-01 1.18410E+00-5.28441E+00
 -1       567 3.42183E+01 1.21404E+01-1.67508E+00 4.92561E+00 1.40397E+00-5.35949E+00
 -1       568 5.15128E+01 2.17190E+01-8.29930E+00 1.35463E+01 1.82649E+00 3.97443E-01
 -1       569 3.54089E+01 3.27218E+01-1.83757E+01 2.55510E+01-1.09473E-01 2.03200E+01
 -1       570-5.16622E+01 3.07176E+01-9.38604E+01 3.30179E+01 5.24051E+00 5.61453E+01
 -1       571-1.77627E+02-1.78242E+01-3.29004E+02 2.75875E+01 3.98334E+00 4.71877E+01
 -1       572-2.45659E+02-1.08668E+01-3.37584E+02 1.05899E+01 7.38918E+00 8.99753E+00
 -1       573-2.45662E+02-1.08670E+01-3.37586E+02-1.05901E+01 7.38935E+00-8.99643E+00
 -1       574-1.77642E+02-1.78267E+01-3.29013E+02-2.75883E+01 3.98412E+00-4.71888E+01
 -1       575-5.16575E+01 3.07228E+01-9.38486E+01-3.30191E+01 5.24045E+00-5.61397E+01
 -1       576 3.54222E+01 3.27225E+01-1.83729E+01-2.55520E+01-1.09841E-01-2.03161E+01
 -1       577 5.15163E+01 2.17193E+01-8.29819E+00-1.35468E+01 1.82630E+00-3.97083E-01
 -1       578 3.42189E+01 1.21403E+01-1.67497E+00-4.92585E+00 1.40393E+00 5.35954E+00
 -1       579 1.52041E+01 4.72139E+00 3.34671E+00-8.63174E-01 1.18407E+00 5.28440E+00
 -1       580 7.49902E+00-1.00949E+00 1.02939E+01 1.21105E-01 1.36841E+00 3.78596E+00
 -1       581 5.10714E+00-1.21469E+00 9.94254E+00-1.98389E+00 4.32764E-02-4.66433E+00
 -1       582 9.78604E+00 1.47934E+00 2.62192E+00-2.10936E+00 5.70940E-01-5.99714E+00
 -1       583 2.22046E+01 5.12776E+00-1.55741E+00 6.81023E-02 1.17764E+00-4.09646E+00
 -1       584 3.36606E+01 9.42938E+00-8.43734E+00 8.54530E+00 2.55962E+00 8.04988E+00
 -1       585 2.17022E+01 1.93544E+01-1.66912E+01 2.68475E+01 2.54360E+00 4.77276E+01
 -1       586-5.70632E+01 1.36759E+01-1.44351E+02 4.37150E+01 8.56295E+00 9.26852E+01
 -1       587-1.48855E+02-6.71580E+00-3.79945E+02 3.66712E+01-1.34174E-01 7.62647E+01
 -1       588-2.07430E+02-4.85085E+00-4.21800E+02 1.24457E+01 4.93576E+00 2.28058E+01
 -1       589-2.07429E+02-4.84992E+00-4.21799E+02-1.24444E+01 4.93563E+00-2.28051E+01
 -1       590-1.48845E+02-6.70932E+00-3.79942E+02-3.66685E+01-1.35950E-01-7.62631E+01
 -1       591-5.70664E+01 1.36761E+01-1.44360E+02-4.37092E+01 8.56637E+00-9.26904E+01
 -1       592 2.16934E+01 1.93512E+01-1.66947E+01-2.68464E+01 2.54371E+00-4.77304E+01
 -1       593 3.36594E+01 9.42844E+00-8.43771E+00-8.54484E+00 2.55966E+00-8.04976E+00
 -1       594 2.22048E+01 5.12766E+00-1.55738E+00-6.81000E-02 1.17760E+00 4.09661E+00
 -1       595 9.78617E+00 1.47938E+00 2.62197E+00 2.10930E+00 5.70918E-01 5.99719E+00
 -1       596 5.10720E+00-1.21462E+00 9.94255E+00 1.98385E+00 4.32479E-02 4.66435E+00
 -1       597-2.82004E+00-1.27731E+00 1.75932E+01 5.79546E-01-7.88895E-01-3.04773E+00
 -1       598-7.92059E+00-2.35651E-01 1.30763E+00 4.51229E-01-1.16369E+00-2.14049E+00
 -1       599-2.20582E+01 7.17448E-02-9.28687E+00-5.57989E-01-1.97664E+00 4.82994E+00
 -1       600-4.43768E+01-1.01317E-01-2.20221E+01-2.38838E+00-3.15002E+00 2.40957E+01
 -1       601-5.81852E+01 4.03424E+00-4.75181E+01-3.64849E+00-6.35672E+00 5.85198E+01
 -1       602-4.05876E+01 2.40822E+00-1.58480E+02-5.27733E+00-5.82107E+00 9.06983E+01
 -1       603 1.93417E+00-3.72267E+00-3.26553E+02-4.68199E+00-2.82809E+00 7.61154E+01
 -1       604 1.84546E+01 2.23087E-01-3.80609E+02-1.37114E+00-3.54986E+00 2.52972E+01
 -1       605 1.84546E+01 2.23048E-01-3.80608E+02 1.37078E+00-3.54987E+00-2.52979E+01
 -1       606 1.93501E+00-3.72189E+00-3.26551E+02 4.68140E+00-2.82827E+00-7.61151E+01
 -1       607-4.05860E+01 2.41030E+00-1.58475E+02 5.27565E+00-5.82065E+00-9.06961E+01
 -1       608-5.81871E+01 4.03249E+00-4.75196E+01 3.64925E+00-6.35557E+00-5.85195E+01
 -1       609-4.43765E+01-1.01212E-01-2.20223E+01 2.38850E+00-3.15008E+00-2.40955E+01
 -1       610-2.20583E+01 7.18076E-02-9.28693E+00 5.57927E-01-1.97670E+00-4.83004E+00
 -1       611-7.92068E+00-2.35692E-01 1.30759E+00-4.51296E-01-1.16373E+00 2.14042E+00
 -1       612-2.82010E+00-1.27738E+00 1.75932E+01-5.79586E-01-7.88938E-01 3.04770E+00
 -1       613-2.86765E-01-5.67065E-01 1.81049E+01 1.93504E-01-2.36741E+00-3.28853E+00
 -1       614-2.13371E+00 2.04059E+00 2.80561E+00-1.30685E-01-1.84203E+00-3.30649E+00
 -1       615-9.16560E+00 3.63823E+00-8.17096E+00-1.56829E+00-2.17656E+00 5.85344E-01
 -1       616-2.48784E+01 4.43108E+00-2.03298E+01-4.21747E+00-2.56761E+00 1.28416E+01
 -1       617-4.50672E+01 5.78645E+00-4.34111E+01-7.09758E+00-3.66795E+00 3.70873E+01
 -1       618-4.48999E+01 4.03140E+00-1.23649E+02-9.49132E+00-3.79760E+00 6.27850E+01
 -1       619-3.10926E+01-1.29290E+01-2.81714E+02-7.79935E+00-4.63827E+00 5.26580E+01
 -1       620-3.08643E+01-9.25750E+00-3.16278E+02-2.50686E+00-4.59502E+00 1.63480E+01
 -1       621-3.08649E+01-9.25817E+00-3.16278E+02 2.50620E+00-4.59477E+00-1.63483E+01
 -1       622-3.10942E+01-1.29302E+01-2.81714E+02 7.79904E+00-4.63794E+00-5.26585E+01
 -1       623-4.49006E+01 4.03116E+00-1.23654E+02 9.49127E+00-3.79750E+00-6.27873E+01
 -1       624-4.50647E+01 5.78926E+00-4.34102E+01 7.09737E+00-3.66821E+00-3.70882E+01
 -1       625-2.48789E+01 4.43153E+00-2.03298E+01 4.21725E+00-2.56775E+00-1.28421E+01
 -1       626-9.16588E+00 3.63824E+00-8.17101E+00 1.56811E+00-2.17663E+00-5.85420E-01
 -1       627-2.13380E+00 2.04049E+00 2.80561E+00 1.30581E-01-1.84206E+00 3.30648E+00
 -1       628-2.86797E-01-5.67251E-01 1.81049E+01-1.93564E-01-2.36745E+00 3.28853E+00
 -1       629-3.76559E-01 1.61823E+00 1.64627E+01-5.97123E-01-2.71285E+00-4.30820E+00
 -1       630-2.27666E+00 5.92386E+00 2.56181E+00-1.40942E+00-2.00851E+00-5.12462E+00
 -1       631-9.99657E+00 9.77722E+00-7.94204E+00-3.63172E+00-1.66214E+00-2.59808E+00
 -1       632-2.67366E+01 1.26862E+01-1.91481E+01-6.75370E+00-1.25423E+00 8.46979E+00
 -1       633-4.93922E+01 1.30515E+01-4.05592E+01-9.74056E+00-5.49861E-01 3.17703E+01
 -1       634-5.02460E+01 6.07973E+00-1.06248E+02-1.07287E+01 6.39941E-01 5.83594E+01
 -1       635-3.59205E+01-2.25494E+01-2.53921E+02-8.41811E+00 1.72743E+00 4.91684E+01
 -1       636-3.69174E+01-2.25871E+01-2.75002E+02-3.18030E+00 2.35373E+00 1.44767E+01
 -1       637-3.69167E+01-2.25867E+01-2.75003E+02 3.18009E+00 2.35391E+00-1.44754E+01
 -1       638-3.59186E+01-2.25488E+01-2.53924E+02 8.41816E+00 1.72775E+00-4.91675E+01
 -1       639-5.02455E+01 6.08037E+00-1.06245E+02 1.07292E+01 6.39643E-01-5.83577E+01
 -1       640-4.93942E+01 1.30498E+01-4.05594E+01 9.74001E+00-5.50710E-01-3.17694E+01
 -1       641-2.67361E+01 1.26859E+01-1.91479E+01 6.75348E+00-1.25428E+00-8.46908E+00
 -1       642-9.99610E+00 9.77709E+00-7.94190E+00 3.63162E+00-1.66216E+00 2.59835E+00
 -1       643-2.27645E+00 5.92371E+00 2.56189E+00 1.40939E+00-2.00849E+00 5.12473E+00
 -1       644-3.76461E-01 1.61790E+00 1.64627E+01 5.97108E-01-2.71282E+00 4.30824E+00
 -1       645-1.19850E+00 4.72468E+00 1.58632E+01-4.59093E-01-1.05180E+00-4.49256E+00
 -1       646-3.67973E+00 9.00310E+00 2.58357E+00-8.98639E-01-7.80347E-01-5.45546E+00
 -1       647-1.31752E+01 1.39726E+01-7.70937E+00-1.94184E+00-4.77752E-01-3.13248E+00
 -1       648-3.27987E+01 1.74866E+01-1.92078E+01-3.24618E+00-1.90477E-01 8.76091E+00
 -1       649-5.60997E+01 1.86144E+01-4.07834E+01-4.72648E+00 7.31647E-01 3.35892E+01
 -1       650-5.78435E+01 9.55610E+00-1.20710E+02-5.25616E+00 2.17352E+00 6.11114E+01
 -1       651-4.20052E+01-2.00134E+01-2.78127E+02-4.10986E+00 3.90038E+00 5.16875E+01
 -1       652-4.26145E+01-2.19154E+01-3.08725E+02-1.60305E+00 4.90711E+00 1.54878E+01
 -1       653-4.26141E+01-2.19151E+01-3.08725E+02 1.60391E+00 4.90678E+00-1.54869E+01
 -1       654-4.20040E+01-2.00131E+01-2.78128E+02 4.11019E+00 3.89979E+00-5.16869E+01
 -1       655-5.78435E+01 9.55606E+00-1.20708E+02 5.25576E+00 2.17361E+00-6.11104E+01
 -1       656-5.61007E+01 1.86133E+01-4.07830E+01 4.72709E+00 7.32476E-01-3.35881E+01
 -1       657-3.27980E+01 1.74864E+01-1.92075E+01 3.24663E+00-1.90299E-01-8.76026E+00
 -1       658-1.31747E+01 1.39725E+01-7.70924E+00 1.94218E+00-4.77627E-01 3.13269E+00
 -1       659-3.67953E+00 9.00303E+00 2.58363E+00 8.98823E-01-7.80259E-01 5.45554E+00
 -1       660-1.19842E+00 4.72451E+00 1.58632E+01 4.59194E-01-1.05166E+00 4.49259E+00
 -1       661-1.19842E+00 4.72451E+00 1.58632E+01 4.59194E-01 1.05166E+00-4.49259E+00
 -1       662-3.67953E+00 9.00303E+00 2.58363E+00 8.98823E-01 7.80259E-01-5.45554E+00
 -1       663-1.31747E+01 1.39725E+01-7.70924E+00 1.94218E+00 4.77627E-01-3.13269E+00
 -1       664-3.27980E+01 1.74864E+01-1.92075E+01 3.24663E+00 1.90299E-01 8.76026E+00
 -1       665-5.61007E+01 1.86133E+01-4.07830E+01 4.72709E+00-7.32476E-01 3.35881E+01
 -1       666-5.78435E+01 9.55606E+00-1.20708E+02 5.25576E+00-2.17361E+00 6.11104E+01
 -1       667-4.20040E+01-2.00131E+01-2.78128E+02 4.11019E+00-3.89979E+00 5.16869E+01
 -1       668-4.26141E+01-2.19151E+01-3.08725E+02 1.60391E+00-4.90678E+00 1.54869E+01
 -1       669-4.26145E+01-2.19154E+01-3.08725E+02-1.60305E+00-4.90711E+00-1.54878E+01
 -1       670-4.20052E+01-2.00134E+01-2.78127E+02-4.10986E+00-3.90038E+00-5.16875E+01
 -1       671-5.78435E+01 9.55610E+00-1.20710E+02-5.25616E+00-2.17352E+00-6.11114E+01
 -1       672-5.60997E+01 1.86144E+01-4.07834E+01-4.72648E+00-7.31647E-01-3.35892E+01
 -1       673-3.27987E+01 1.74866E+01-1.92078E+01-3.24618E+00 1.90477E-01-8.76091E+00
 -1       674-1.31752E+01 1.39726E+01-7.70937E+00-1.94184E+00 4.77752E-01 3.13248E+00
 -1       675-3.67973E+00 9.00310E+00 2.58357E+00-8.98639E-01 7.80347E-01 5.45546E+00
 -1       676-1.19850E+00 4.72468E+00 1.58632E+01-4.59093E-01 1.05180E+00 4.49256E+00
 -1       677-3.76461E-01 1.61790E+00 1.64627E+01 5.97108E-01 2.71282E+00-4.30824E+00
 -1       678-2.27645E+00 5.92371E+00 2.56189E+00 1.40939E+00 2.00849E+00-5.12473E+00
 -1       679-9.99610E+00 9.77709E+00-7.94190E+00 3.63162E+00 1.66216E+00-2.59835E+00
 -1       680-2.67361E+01 1.26859E+01-1.91479E+01 6.75348E+00 1.25428E+00 8.46908E+00
 -1       681-4.93942E+01 1.30498E+01-4.05594E+01 9.74001E+00 5.50710E-01 3.17694E+01
 -1       682-5.02455E+01 6.08037E+00-1.06245E+02 1.07292E+01-6.39643E-01 5.83577E+01
 -1       683-3.59186E+01-2.25488E+01-2.53924E+02 8.41816E+00-1.72775E+00 4.91675E+01
 -1       684-3.69167E+01-2.25867E+01-2.75003E+02 3.18009E+00-2.35391E+00 1.44754E+01
 -1       685-3.69174E+01-2.25871E+01-2.75002E+02-3.18030E+00-2.35373E+00-1.44767E+01
 -1       686-3.59205E+01-2.25494E+01-2.53921E+02-8.41811E+00-1.72743E+00-4.91684E+01
 -1       687-5.02460E+01 6.07973E+00-1.06248E+02-1.07287E+01-6.39941E-01-5.83594E+01
 -1       688-4.93922E+01 1.30515E+01-4.05592E+01-9.74056E+00 5.49861E-01-3.17703E+01
 -1       689-2.67366E+01 1.26862E+01-1.91481E+01-6.75370E+00 1.25423E+00-8.46979E+00
 -1       690-9.99657E+00 9.77722E+00-7.94204E+00-3.63172E+00 1.66214E+00 2.59808E+00
 -1       691-2.27666E+00 5.92386E+00 2.56181E+00-1.40942E+00 2.00851E+00 5.12462E+00
 -1       692-3.76559E-01 1.61823E+00 1.64627E+01-5.97123E-01 2.71285E+00 4.30820E+00
 -1       693-2.86797E-01-5.67251E-01 1.81049E+01-1.93564E-01 2.36745E+00-3.28853E+00
 -1       694-2.13380E+00 2.04049E+00 2.80561E+00 1.30581E-01 1.84206E+00-3.30648E+00
 -1       695-9.16588E+00 3.63824E+00-8.17101E+00 1.56811E+00 2.17663E+00 5.85420E-01
 -1       696-2.48789E+01 4.43153E+00-2.03298E+01 4.21725E+00 2.56775E+00 1.28421E+01
 -1       697-4.50647E+01 5.78926E+00-4.34102E+01 7.09737E+00 3.66821E+00 3.70882E+01
 -1       698-4.49006E+01 4.03116E+00-1.23654E+02 9.49127E+00 3.79750E+00 6.27873E+01
 -1       699-3.10942E+01-1.29302E+01-2.81714E+02 7.79904E+00 4.63794E+00 5.26585E+01
 -1       700-3.08649E+01-9.25817E+00-3.16278E+02 2.50620E+00 4.59477E+00 1.63483E+01
 -1       701-3.08643E+01-9.25750E+00-3.16278E+02-2.50686E+00 4.59502E+00-1.63480E+01
 -1       702-3.10926E+01-1.29290E+01-2.81714E+02-7.79935E+00 4.63827E+00-5.26580E+01
 -1       703-4.48999E+01 4.03140E+00-1.23649E+02-9.49132E+00 3.79760E+00-6.27850E+01
 -1       704-4.50672E+01 5.78645E+00-4.34111E+01-7.09758E+00 3.66795E+00-3.70873E+01
 -1       705-2.48784E+01 4.43108E+00-2.03298E+01-4.21747E+00 2.56761E+00-1.28416E+01
 -1       706-9.16560E+00 3.63823E+00-8.17096E+00-1.56829E+00 2.17656E+00-5.85344E-01
 -1       707-2.13371E+00 2.04059E+00 2.80561E+00-1.30685E-01 1.84203E+00 3.30649E+00
 -1       708-2.86765E-01-5.67065E-01 1.81049E+01 1.93504E-01 2.36741E+00 3.28853E+00
 -1       709-2.82010E+00-1.27738E+00 1.75932E+01-5.79586E-01 7.88938E-01-3.04770E+00
 -1       710-7.92068E+00-2.35692E-01 1.30759E+00-4.51296E-01 1.16373E+00-2.14042E+00
 -1       711-2.20583E+01 7.18076E-02-9.28693E+00 5.57927E-01 1.97670E+00 4.83004E+00
 -1       712-4.43765E+01-1.01212E-01-2.20223E+01 2.38850E+00 3.15008E+00 2.40955E+01
 -1       713-5.81871E+01 4.03249E+00-4.75196E+01 3.64925E+00 6.35557E+00 5.85195E+01
 -1       714-4.05860E+01 2.41030E+00-1.58475E+02 5.27565E+00 5.82065E+00 9.06961E+01
 -1       715 1.93501E+00-3.72189E+00-3.26551E+02 4.68140E+00 2.82827E+00 7.61151E+01
 -1       716 1.84546E+01 2.23048E-01-3.80608E+02 1.37078E+00 3.54987E+00 2.52979E+01
 -1       717 1.84546E+01 2.23087E-01-3.80609E+02-1.37114E+00 3.54986E+00-2.52972E+01
 -1       718 1.93417E+00-3.72267E+00-3.26553E+02-4.68199E+00 2.82809E+00-7.61154E+01
 -1       719-4.05876E+01 2.40822E+00-1.58480E+02-5.27733E+00 5.82107E+00-9.06983E+01
 -1       720-5.81852E+01 4.03424E+00-4.75181E+01-3.64849E+00 6.35672E+00-5.85198E+01
 -1       721-4.43768E+01-1.01317E-01-2.20221E+01-2.38838E+00 3.15002E+00-2.40957E+01
 -1       722-2.20582E+01 7.17448E-02-9.28687E+00-5.57989E-01 1.97664E+00-4.82994E+00
 -1       723-7.92059E+00-2.35651E-01 1.30763E+00 4.51229E-01 1.16369E+00 2.14049E+00
 -1       724-2.82004E+00-1.27731E+00 1.75932E+01 5.79546E-01 7.88895E-01 3.04773E+00
 -1       725-4.28640E+00 7.93738E-02 2.81180E+01-1.45593E-01-3.28833E+00 2.86303E+00
 -1       726-9.56652E+00-3.72252E-01-3.83263E+00-4.69570E-01-2.29703E+00 8.02954E+00
 -1       727-1.96775E+01 8.22289E-01-2.49460E+01-1.03310E+00-2.55203E+00 2.23647E+01
 -1       728-2.49814E+01 3.37361E+00-4.78997E+01-1.80161E+00-3.48823E+00 4.41601E+01
 -1       729-1.64472E+01 5.03046E+00-9.35061E+01-2.67645E+00-4.35186E+00 6.83324E+01
 -1       730 1.71749E+00 8.34558E-01-1.68479E+02-2.23153E+00-4.27703E+00 7.94977E+01
 -1       731 2.11730E+01-6.35732E+00-2.44919E+02-1.78657E+00-2.75633E+00 6.48745E+01
 -1       732 4.09984E+01-8.89831E+00-2.97333E+02-1.10401E+00-2.63533E+00 2.53148E+01
 -1       733 4.09984E+01-8.89822E+00-2.97332E+02 1.10380E+00-2.63532E+00-2.53152E+01
 -1       734 2.11729E+01-6.35731E+00-2.44919E+02 1.78655E+00-2.75624E+00-6.48745E+01
 -1       735 1.71753E+00 8.34557E-01-1.68479E+02 2.23174E+00-4.27680E+00-7.94978E+01
 -1       736-1.64468E+01 5.03083E+00-9.35055E+01 2.67624E+00-4.35179E+00-6.83322E+01
 -1       737-2.49814E+01 3.37351E+00-4.78999E+01 1.80161E+00-3.48816E+00-4.41602E+01
 -1       738-1.96775E+01 8.22291E-01-2.49461E+01 1.03307E+00-2.55207E+00-2.23647E+01
 -1       739-9.56651E+00-3.72281E-01-3.83265E+00 4.69539E-01-2.29707E+00-8.02959E+00
 -1       740-4.28641E+00 7.93224E-02 2.81180E+01 1.45572E-01-3.28838E+00-2.86307E+00
 -1       741-3.65937E+00 1.37702E+00 2.80928E+01-1.27034E-01-4.65348E+00 6.16294E-01
 -1       742-7.38250E+00 6.48543E-01-2.72267E+00-5.08677E-01-2.82608E+00 4.09555E+00
 -1       743-1.59559E+01 6.35349E-01-2.55733E+01-1.41990E+00-2.60238E+00 1.45960E+01
 -1       744-2.28356E+01 1.55482E+00-4.92423E+01-2.57794E+00-2.99380E+00 3.15162E+01
 -1       745-1.98504E+01 2.06449E+00-8.99249E+01-4.07294E+00-3.10908E+00 5.04951E+01
 -1       746-1.02627E+01-2.04643E+00-1.55939E+02-4.73153E+00-2.88894E+00 5.94640E+01
 -1       747 3.58118E-01-7.10492E+00-2.18981E+02-3.72722E+00-2.18905E+00 4.89087E+01
 -1       748 1.34059E+01-9.86982E+00-2.64867E+02-1.48601E+00-1.79047E+00 1.92375E+01
 -1       749 1.34060E+01-9.86969E+00-2.64867E+02 1.48590E+00-1.79041E+00-1.92374E+01
 -1       750 3.58505E-01-7.10453E+00-2.18980E+02 3.72714E+00-2.18892E+00-4.89087E+01
 -1       751-1.02629E+01-2.04659E+00-1.55939E+02 4.73147E+00-2.88889E+00-5.94637E+01
 -1       752-1.98508E+01 2.06414E+00-8.99259E+01 4.07297E+00-3.10912E+00-5.04951E+01
 -1       753-2.28354E+01 1.55503E+00-4.92424E+01 2.57791E+00-2.99391E+00-3.15162E+01
 -1       754-1.59559E+01 6.35359E-01-2.55733E+01 1.41984E+00-2.60244E+00-1.45960E+01
 -1       755-7.38252E+00 6.48469E-01-2.72265E+00 5.08630E-01-2.82611E+00-4.09554E+00
 -1       756-3.65939E+00 1.37688E+00 2.80928E+01 1.27002E-01-4.65352E+00-6.16284E-01
 -1       757-3.81202E+00 4.27291E+00 2.64413E+01-3.98563E-01-4.30329E+00-8.90644E-01
 -1       758-7.45347E+00 2.77421E+00-2.34477E+00-9.16403E-01-2.70956E+00 1.34084E+00
 -1       759-1.62915E+01 2.27101E+00-2.37198E+01-2.10252E+00-1.90657E+00 9.69721E+00
 -1       760-2.46370E+01 2.51545E+00-4.58751E+01-3.45887E+00-1.34696E+00 2.50906E+01
 -1       761-2.38588E+01 1.71559E+00-8.28710E+01-4.57206E+00-5.76304E-01 4.35983E+01
 -1       762-1.67309E+01-4.69222E+00-1.45620E+02-4.79763E+00 4.63525E-01 5.33278E+01
 -1       763-8.20790E+00-1.12559E+01-2.04224E+02-3.73193E+00 1.55602E+00 4.44742E+01
 -1       764 3.70358E+00-1.57343E+01-2.47544E+02-1.43735E+00 2.23340E+00 1.75511E+01
 -1       765 3.70355E+00-1.57344E+01-2.47544E+02 1.43739E+00 2.23343E+00-1.75505E+01
 -1       766-8.20818E+00-1.12562E+01-2.04225E+02 3.73189E+00 1.55607E+00-4.44740E+01
 -1       767-1.67306E+01-4.69214E+00-1.45620E+02 4.79752E+00 4.63409E-01-5.33279E+01
 -1       768-2.38584E+01 1.71591E+00-8.28700E+01 4.57223E+00-5.76381E-01-4.35982E+01
 -1       769-2.46372E+01 2.51527E+00-4.58748E+01 3.45889E+00-1.34707E+00-2.50904E+01
 -1       770-1.62915E+01 2.27089E+00-2.37197E+01 2.10251E+00-1.90658E+00-9.69699E+00
 -1       771-7.45343E+00 2.77407E+00-2.34469E+00 9.16394E-01-2.70954E+00-1.34073E+00
 -1       772-3.81199E+00 4.27267E+00 2.64413E+01 3.98555E-01-4.30325E+00 8.90705E-01
 -1       773-3.92358E+00 6.35574E+00 2.72052E+01-2.61558E-01-1.51873E+00-1.32678E+00
 -1       774-8.01614E+00 4.11657E+00-1.05698E+00-5.00464E-01-9.52890E-01 5.75132E-01
 -1       775-1.78135E+01 3.46314E+00-2.18961E+01-1.03029E+00-5.12713E-01 8.49398E+00
 -1       776-2.68564E+01 3.78893E+00-4.35370E+01-1.60512E+00-3.68992E-02 2.40292E+01
 -1       777-2.69135E+01 2.37457E+00-8.16507E+01-1.84670E+00 5.36673E-01 4.31803E+01
 -1       778-2.07861E+01-5.70242E+00-1.46159E+02-1.74408E+00 1.35855E+00 5.34927E+01
 -1       779-1.29472E+01-1.41782E+01-2.07437E+02-1.29440E+00 2.08520E+00 4.48829E+01
 -1       780-1.45556E+00-2.00132E+01-2.52379E+02-4.53558E-01 2.56876E+00 1.78067E+01
 -1       781-1.45555E+00-2.00133E+01-2.52380E+02 4.53708E-01 2.56867E+00-1.78064E+01
 -1       782-1.29473E+01-1.41784E+01-2.07437E+02 1.29455E+00 2.08505E+00-4.48827E+01
 -1       783-2.07858E+01-5.70228E+00-1.46159E+02 1.74428E+00 1.35861E+00-5.34928E+01
 -1       784-2.69133E+01 2.37474E+00-8.16498E+01 1.84665E+00 5.36806E-01-4.31802E+01
 -1       785-2.68566E+01 3.78873E+00-4.35368E+01 1.60523E+00-3.66637E-02-2.40290E+01
 -1       786-1.78135E+01 3.46304E+00-2.18960E+01 1.03042E+00-5.12586E-01-8.49380E+00
 -1       787-8.01610E+00 4.11649E+00-1.05693E+00 5.00554E-01-9.52779E-01-5.75054E-01
 -1       788-3.92355E+00 6.35561E+00 2.72052E+01 2.61615E-01-1.51857E+00 1.32683E+00
 -1       789-3.92355E+00 6.35561E+00 2.72052E+01 2.61615E-01 1.51857E+00-1.32683E+00
 -1       790-8.01610E+00 4.11649E+00-1.05693E+00 5.00554E-01 9.52779E-01 5.75054E-01
 -1       791-1.78135E+01 3.46304E+00-2.18960E+01 1.03042E+00 5.12586E-01 8.49380E+00
 -1       792-2.68566E+01 3.78873E+00-4.35368E+01 1.60523E+00 3.66637E-02 2.40290E+01
 -1       793-2.69133E+01 2.37474E+00-8.16498E+01 1.84665E+00-5.36806E-01 4.31802E+01
 -1       794-2.07858E+01-5.70228E+00-1.46159E+02 1.74428E+00-1.35861E+00 5.34928E+01
 -1       795-1.29473E+01-1.41784E+01-2.07437E+02 1.29455E+00-2.08505E+00 4.48827E+01
 -1       796-1.45555E+00-2.00133E+01-2.52380E+02 4.53708E-01-2.56867E+00 1.78064E+01
 -1       797-1.45556E+00-2.00132E+01-2.52379E+02-4.53558E-01-2.56876E+00-1.78067E+01
 -1       798-1.29472E+01-1.41782E+01-2.07437E+02-1.29440E+00-2.08520E+00-4.48829E+01
 -1       799-2.07861E+01-5.70242E+00-1.46159E+02-1.74408E+00-1.35855E+00-5.34927E+01
 -1       800-2.69135E+01 2.37457E+00-8.16507E+01-1.84670E+00-5.36673E-01-4.31803E+01
 -1       801-2.68564E+01 3.78893E+00-4.35370E+01-1.60512E+00 3.68992E-02-2.40292E+01
 -1       802-1.78135E+01 3.46314E+00-2.18961E+01-1.03029E+00 5.12713E-01-8.49398E+00
 -1       803-8.01614E+00 4.11657E+00-1.05698E+00-5.00464E-01 9.52890E-01-5.75132E-01
 -1       804-3.92358E+00 6.35574E+00 2.72052E+01-2.61558E-01 1.51873E+00 1.32678E+00
 -1       805-3.81199E+00 4.27267E+00 2.64413E+01 3.98555E-01 4.30325E+00-8.90705E-01
 -1       806-7.45343E+00 2.77407E+00-2.34469E+00 9.16394E-01 2.70954E+00 1.34073E+00
 -1       807-1.62915E+01 2.27089E+00-2.37197E+01 2.10251E+00 1.90658E+00 9.69699E+00
 -1       808-2.46372E+01 2.51527E+00-4.58748E+01 3.45889E+00 1.34707E+00 2.50904E+01
 -1       809-2.38584E+01 1.71591E+00-8.28700E+01 4.57223E+00 5.76381E-01 4.35982E+01
 -1       810-1.67306E+01-4.69214E+00-1.45620E+02 4.79752E+00-4.63409E-01 5.33279E+01
 -1       811-8.20818E+00-1.12562E+01-2.04225E+02 3.73189E+00-1.55607E+00 4.44740E+01
 -1       812 3.70355E+00-1.57344E+01-2.47544E+02 1.43739E+00-2.23343E+00 1.75505E+01
 -1       813 3.70358E+00-1.57343E+01-2.47544E+02-1.43735E+00-2.23340E+00-1.75511E+01
 -1       814-8.20790E+00-1.12559E+01-2.04224E+02-3.73193E+00-1.55602E+00-4.44742E+01
 -1       815-1.67309E+01-4.69222E+00-1.45620E+02-4.79763E+00-4.63525E-01-5.33278E+01
 -1       816-2.38588E+01 1.71559E+00-8.28710E+01-4.57206E+00 5.76304E-01-4.35983E+01
 -1       817-2.46370E+01 2.51545E+00-4.58751E+01-3.45887E+00 1.34696E+00-2.50906E+01
 -1       818-1.62915E+01 2.27101E+00-2.37198E+01-2.10252E+00 1.90657E+00-9.69721E+00
 -1       819-7.45347E+00 2.77421E+00-2.34477E+00-9.16403E-01 2.70956E+00-1.34084E+00
 -1       820-3.81202E+00 4.27291E+00 2.64413E+01-3.98563E-01 4.30329E+00 8.90644E-01
 -1       821-3.65939E+00 1.37688E+00 2.80928E+01 1.27002E-01 4.65352E+00 6.16284E-01
 -1       822-7.38252E+00 6.48469E-01-2.72265E+00 5.08630E-01 2.82611E+00 4.09554E+00
 -1       823-1.59559E+01 6.35359E-01-2.55733E+01 1.41984E+00 2.60244E+00 1.45960E+01
 -1       824-2.28354E+01 1.55503E+00-4.92424E+01 2.57791E+00 2.99391E+00 3.15162E+01
 -1       825-1.98508E+01 2.06414E+00-8.99259E+01 4.07297E+00 3.10912E+00 5.04951E+01
 -1       826-1.02629E+01-2.04659E+00-1.55939E+02 4.73147E+00 2.88889E+00 5.94637E+01
 -1       827 3.58505E-01-7.10453E+00-2.18980E+02 3.72714E+00 2.18892E+00 4.89087E+01
 -1       828 1.34060E+01-9.86969E+00-2.64867E+02 1.48590E+00 1.79041E+00 1.92374E+01
 -1       829 1.34059E+01-9.86982E+00-2.64867E+02-1.48601E+00 1.79047E+00-1.92375E+01
 -1       830 3.58118E-01-7.10492E+00-2.18981E+02-3.72722E+00 2.18905E+00-4.89087E+01
 -1       831-1.02627E+01-2.04643E+00-1.55939E+02-4.73153E+00 2.88894E+00-5.94640E+01
 -1       832-1.98504E+01 2.06449E+00-8.99249E+01-4.07294E+00 3.10908E+00-5.04951E+01
 -1       833-2.28356E+01 1.55482E+00-4.92423E+01-2.57794E+00 2.99380E+00-3.15162E+01
 -1       834-1.59559E+01 6.35349E-01-2.55733E+01-1.41990E+00 2.60238E+00-1.45960E+01
 -1       835-7.38250E+00 6.48543E-01-2.72267E+00-5.08677E-01 2.82608E+00-4.09555E+00
 -1       836-3.65937E+00 1.37702E+00 2.80928E+01-1.27034E-01 4.65348E+00-6.16294E-01
 -1       837-4.28641E+00 7.93224E-02 2.81180E+01 1.45572E-01 3.28838E+00 2.86307E+00
 -1       838-9.56651E+00-3.72281E-01-3.83265E+00 4.69539E-01 2.29707E+00 8.02959E+00
 -1       839-1.96775E+01 8.22291E-01-2.49461E+01 1.03307E+00 2.55207E+00 2.23647E+01
 -1       840-2.49814E+01 3.37351E+00-4.78999E+01 1.80161E+00 3.48816E+00 4.41602E+01
 -1       841-1.64468E+01 5.03083E+00-9.35055E+01 2.67624E+00 4.35179E+00 6.83322E+01
 -1       842 1.71753E+00 8.34557E-01-1.68479E+02 2.23174E+00 4.27680E+00 7.94978E+01
 -1       843 2.11729E+01-6.35731E+00-2.44919E+02 1.78655E+00 2.75624E+00 6.48745E+01
 -1       844 4.09984E+01-8.89822E+00-2.97332E+02 1.10380E+00 2.63532E+00 2.53152E+01
 -1       845 4.09984E+01-8.89831E+00-2.97333E+02-1.10401E+00 2.63533E+00-2.53148E+01
 -1       846 2.11730E+01-6.35732E+00-2.44919E+02-1.78657E+00 2.75633E+00-6.48745E+01
 -1       847 1.71749E+00 8.34558E-01-1.68479E+02-2.23153E+00 4.27703E+00-7.94977E+01
 -1       848-1.64472E+01 5.03046E+00-9.35061E+01-2.67645E+00 4.35186E+00-6.83324E+01
 -1       849-2.49814E+01 3.37361E+00-4.78997E+01-1.80161E+00 3.48823E+00-4.41601E+01
 -1       850-1.96775E+01 8.22289E-01-2.49460E+01-1.03310E+00 2.55203E+00-2.23647E+01
 -1       851-9.56652E+00-3.72252E-01-3.83263E+00-4.69570E-01 2.29703E+00-8.02954E+00
 -1       852-4.28640E+00 7.93738E-02 2.81180E+01-1.45593E-01 3.28833E+00-2.86303E+00
 -1       853-5.34755E+00-1.06693E+00 1.95506E+01-1.47379E+00-6.58093E+00 1.18148E+01
 -1       854-5.80226E+00-1.59260E+00-2.01492E+01-1.43502E+00-2.32357E+00 2.16812E+01
 -1       855-9.68601E+00 3.21734E-01-4.18721E+01-1.51172E+00-1.30346E+00 3.83928E+01
 -1       856-1.11404E+01-8.72285E-02-7.12366E+01-1.72862E+00-9.76951E-01 5.05416E+01
 -1       857-4.62162E+00-1.69146E+00-1.11794E+02-1.82461E+00-5.31996E-01 5.75545E+01
 -1       858 7.73689E+00-3.90476E+00-1.57287E+02-1.80694E+00 1.50021E-01 5.53618E+01
 -1       859 2.16944E+01-6.17215E+00-1.99323E+02-1.32477E+00 6.77087E-01 4.10563E+01
 -1       860 2.95018E+01-8.50471E+00-2.25733E+02-4.00791E-01 1.29829E+00 1.53090E+01
 -1       861 2.95018E+01-8.50469E+00-2.25733E+02 4.00777E-01 1.29831E+00-1.53089E+01
 -1       862 2.16944E+01-6.17209E+00-1.99322E+02 1.32477E+00 6.77119E-01-4.10562E+01
 -1       863 7.73690E+00-3.90476E+00-1.57287E+02 1.80693E+00 1.50017E-01-5.53617E+01
 -1       864-4.62166E+00-1.69152E+00-1.11794E+02 1.82464E+00-5.31999E-01-5.75545E+01
 -1       865-1.11404E+01-8.72167E-02-7.12367E+01 1.72858E+00-9.76971E-01-5.05415E+01
 -1       866-9.68600E+00 3.21709E-01-4.18721E+01 1.51170E+00-1.30346E+00-3.83928E+01
 -1       867-5.80225E+00-1.59262E+00-2.01492E+01 1.43501E+00-2.32357E+00-2.16812E+01
 -1       868-5.34754E+00-1.06696E+00 1.95507E+01 1.47378E+00-6.58095E+00-1.18148E+01
 -1       869-5.13821E+00 1.56316E+00 1.75697E+01-3.29342E-01-5.86677E+00 7.02942E+00
 -1       870-5.90762E+00-1.06884E+00-2.16737E+01-8.61890E-01-2.37816E+00 1.48191E+01
 -1       871-1.08665E+01-7.41132E-01-4.54157E+01-1.80000E+00-8.17180E-01 2.84330E+01
 -1       872-1.43889E+01-1.70428E+00-7.50963E+01-2.49160E+00 1.00911E-01 3.88921E+01
 -1       873-1.19604E+01-3.66282E+00-1.14513E+02-2.84052E+00 9.72115E-01 4.50284E+01
 -1       874-4.83524E+00-5.83951E+00-1.57133E+02-2.72015E+00 1.98945E+00 4.36352E+01
 -1       875 4.38323E+00-7.80195E+00-1.95673E+02-2.03456E+00 2.93205E+00 3.25037E+01
 -1       876 9.29464E+00-9.79228E+00-2.19736E+02-7.41446E-01 3.53411E+00 1.21551E+01
 -1       877 9.29466E+00-9.79227E+00-2.19736E+02 7.41441E-01 3.53412E+00-1.21550E+01
 -1       878 4.38318E+00-7.80199E+00-1.95673E+02 2.03455E+00 2.93207E+00-3.25036E+01
 -1       879-4.83519E+00-5.83947E+00-1.57133E+02 2.72015E+00 1.98947E+00-4.36352E+01
 -1       880-1.19604E+01-3.66282E+00-1.14513E+02 2.84052E+00 9.72109E-01-4.50283E+01
 -1       881-1.43889E+01-1.70435E+00-7.50964E+01 2.49160E+00 1.00899E-01-3.88920E+01
 -1       882-1.08665E+01-7.41144E-01-4.54157E+01 1.79998E+00-8.17200E-01-2.84330E+01
 -1       883-5.90762E+00-1.06888E+00-2.16737E+01 8.61878E-01-2.37816E+00-1.48190E+01
 -1       884-5.13820E+00 1.56309E+00 1.75698E+01 3.29333E-01-5.86678E+00-7.02940E+00
 -1       885-4.58534E+00 4.20276E+00 1.98465E+01-4.16788E-01-4.13469E+00 5.81288E+00
 -1       886-5.79902E+00-1.19085E+00-1.79229E+01-7.78720E-01-1.66826E+00 1.21648E+01
 -1       887-1.11932E+01-2.62076E+00-4.02478E+01-1.53939E+00-6.47759E-02 2.35946E+01
 -1       888-1.56389E+01-4.87425E+00-6.77174E+01-2.12084E+00 1.14071E+00 3.30337E+01
 -1       889-1.46466E+01-8.20465E+00-1.04578E+02-2.44368E+00 2.31967E+00 3.91608E+01
 -1       890-9.24932E+00-1.17592E+01-1.44650E+02-2.35940E+00 3.50612E+00 3.85883E+01
 -1       891-1.57838E+00-1.50711E+01-1.81433E+02-1.73055E+00 4.52771E+00 2.91001E+01
 -1       892 2.50229E+00-1.77390E+01-2.04373E+02-6.29637E-01 5.13835E+00 1.09725E+01
 -1       893 2.50226E+00-1.77390E+01-2.04373E+02 6.29656E-01 5.13834E+00-1.09724E+01
 -1       894-1.57834E+00-1.50711E+01-1.81433E+02 1.73056E+00 4.52771E+00-2.91000E+01
 -1       895-9.24934E+00-1.17592E+01-1.44650E+02 2.35943E+00 3.50615E+00-3.85882E+01
 -1       896-1.46466E+01-8.20469E+00-1.04578E+02 2.44367E+00 2.31968E+00-3.91608E+01
 -1       897-1.56388E+01-4.87423E+00-6.77172E+01 2.12088E+00 1.14072E+00-3.30336E+01
 -1       898-1.11932E+01-2.62081E+00-4.02477E+01 1.53941E+00-6.47648E-02-2.35945E+01
 -1       899-5.79903E+00-1.19092E+00-1.79229E+01 7.78722E-01-1.66823E+00-1.21648E+01
 -1       900-4.58533E+00 4.20263E+00 1.98466E+01 4.16787E-01-4.13464E+00-5.81285E+00
 -1       901-4.45750E+00 4.34990E+00 2.22970E+01-2.10407E-01-1.31512E+00 5.27036E+00
 -1       902-6.14999E+00-2.04855E+00-1.52429E+01-3.43304E-01-5.50144E-01 1.11953E+01
 -1       903-1.21304E+01-4.44482E+00-3.74438E+01-6.42267E-01 6.97133E-02 2.20568E+01
 -1       904-1.71854E+01-7.70283E+00-6.46620E+01-8.41008E-01 5.81305E-01 3.13736E+01
 -1       905-1.69490E+01-1.22052E+01-1.01165E+02-9.64369E-01 1.09996E+00 3.76661E+01
 -1       906-1.21475E+01-1.68810E+01-1.40771E+02-9.23472E-01 1.57483E+00 3.74704E+01
 -1       907-4.96856E+00-2.12267E+01-1.77205E+02-6.69080E-01 1.97189E+00 2.84324E+01
 -1       908-1.14722E+00-2.44908E+01-1.99994E+02-2.52246E-01 2.19172E+00 1.07370E+01
 -1       909-1.14725E+00-2.44908E+01-1.99994E+02 2.52287E-01 2.19172E+00-1.07370E+01
 -1       910-4.96853E+00-2.12267E+01-1.77205E+02 6.69136E-01 1.97189E+00-2.84323E+01
 -1       911-1.21476E+01-1.68810E+01-1.40772E+02 9.23507E-01 1.57483E+00-3.74703E+01
 -1       912-1.69490E+01-1.22052E+01-1.01165E+02 9.64432E-01 1.10001E+00-3.76661E+01
 -1       913-1.71853E+01-7.70280E+00-6.46618E+01 8.41028E-01 5.81371E-01-3.13736E+01
 -1       914-1.21304E+01-4.44486E+00-3.74437E+01 6.42306E-01 6.98059E-02-2.20567E+01
 -1       915-6.14999E+00-2.04859E+00-1.52428E+01 3.43335E-01-5.50054E-01-1.11952E+01
 -1       916-4.45749E+00 4.34983E+00 2.22970E+01 2.10429E-01-1.31498E+00-5.27034E+00
 -1       917-4.45749E+00 4.34983E+00 2.22970E+01 2.10429E-01 1.31498E+00 5.27034E+00
 -1       918-6.14999E+00-2.04859E+00-1.52428E+01 3.43335E-01 5.50054E-01 1.11952E+01
 -1       919-1.21304E+01-4.44486E+00-3.74437E+01 6.42306E-01-6.98059E-02 2.20567E+01
 -1       920-1.71853E+01-7.70280E+00-6.46618E+01 8.41028E-01-5.81371E-01 3.13736E+01
 -1       921-1.69490E+01-1.22052E+01-1.01165E+02 9.64432E-01-1.10001E+00 3.76661E+01
 -1       922-1.21476E+01-1.68810E+01-1.40772E+02 9.23507E-01-1.57483E+00 3.74703E+01
 -1       923-4.96853E+00-2.12267E+01-1.77205E+02 6.69136E-01-1.97189E+00 2.84323E+01
 -1       924-1.14725E+00-2.44908E+01-1.99994E+02 2.52287E-01-2.19172E+00 1.07370E+01
 -1       925-1.14722E+00-2.44908E+01-1.99994E+02-2.52246E-01-2.19172E+00-1.07370E+01
 -1       926-4.96856E+00-2.12267E+01-1.77205E+02-6.69080E-01-1.97189E+00-2.84324E+01
 -1       927-1.21475E+01-1.68810E+01-1.40771E+02-9.23472E-01-1.57483E+00-3.74704E+01
 -1       928-1.69490E+01-1.22052E+01-1.01165E+02-9.64369E-01-1.09996E+00-3.76661E+01
 -1       929-1.71854E+01-7.70283E+00-6.46620E+01-8.41008E-01-5.81305E-01-3.13736E+01
 -1       930-1.21304E+01-4.44482E+00-3.74438E+01-6.42267E-01-6.97133E-02-2.20568E+01
 -1       931-6.14999E+00-2.04855E+00-1.52429E+01-3.43304E-01 5.50144E-01-1.11953E+01
 -1       932-4.45750E+00 4.34990E+00 2.22970E+01-2.10407E-01 1.31512E+00-5.27036E+00
 -1       933-4.58533E+00 4.20263E+00 1.98466E+01 4.16787E-01 4.13464E+00 5.81285E+00
 -1       934-5.79903E+00-1.19092E+00-1.79229E+01 7.78722E-01 1.66823E+00 1.21648E+01
 -1       935-1.11932E+01-2.62081E+00-4.02477E+01 1.53941E+00 6.47648E-02 2.35945E+01
 -1       936-1.56388E+01-4.87423E+00-6.77172E+01 2.12088E+00-1.14072E+00 3.30336E+01
 -1       937-1.46466E+01-8.20469E+00-1.04578E+02 2.44367E+00-2.31968E+00 3.91608E+01
 -1       938-9.24934E+00-1.17592E+01-1.44650E+02 2.35943E+00-3.50615E+00 3.85882E+01
 -1       939-1.57834E+00-1.50711E+01-1.81433E+02 1.73056E+00-4.52771E+00 2.91000E+01
 -1       940 2.50226E+00-1.77390E+01-2.04373E+02 6.29656E-01-5.13834E+00 1.09724E+01
 -1       941 2.50229E+00-1.77390E+01-2.04373E+02-6.29637E-01-5.13835E+00-1.09725E+01
 -1       942-1.57838E+00-1.50711E+01-1.81433E+02-1.73055E+00-4.52771E+00-2.91001E+01
 -1       943-9.24932E+00-1.17592E+01-1.44650E+02-2.35940E+00-3.50612E+00-3.85883E+01
 -1       944-1.46466E+01-8.20465E+00-1.04578E+02-2.44368E+00-2.31967E+00-3.91608E+01
 -1       945-1.56389E+01-4.87425E+00-6.77174E+01-2.12084E+00-1.14071E+00-3.30337E+01
 -1       946-1.11932E+01-2.62076E+00-4.02478E+01-1.53939E+00 6.47759E-02-2.35946E+01
 -1       947-5.79902E+00-1.19085E+00-1.79229E+01-7.78720E-01 1.66826E+00-1.21648E+01
 -1       948-4.58534E+00 4.20276E+00 1.98465E+01-4.16788E-01 4.13469E+00-5.81288E+00
 -1       949-5.13820E+00 1.56309E+00 1.75698E+01 3.29333E-01 5.86678E+00 7.02940E+00
 -1       950-5.90762E+00-1.06888E+00-2.16737E+01 8.61878E-01 2.37816E+00 1.48190E+01
 -1       951-1.08665E+01-7.41144E-01-4.54157E+01 1.79998E+00 8.17200E-01 2.84330E+01
 -1       952-1.43889E+01-1.70435E+00-7.50964E+01 2.49160E+00-1.00899E-01 3.88920E+01
 -1       953-1.19604E+01-3.66282E+00-1.14513E+02 2.84052E+00-9.72109E-01 4.50283E+01
 -1       954-4.83519E+00-5.83947E+00-1.57133E+02 2.72015E+00-1.98947E+00 4.36352E+01
 -1       955 4.38318E+00-7.80199E+00-1.95673E+02 2.03455E+00-2.93207E+00 3.25036E+01
 -1       956 9.29466E+00-9.79227E+00-2.19736E+02 7.41441E-01-3.53412E+00 1.21550E+01
 -1       957 9.29464E+00-9.79228E+00-2.19736E+02-7.41446E-01-3.53411E+00-1.21551E+01
 -1       958 4.38323E+00-7.80195E+00-1.95673E+02-2.03456E+00-2.93205E+00-3.25037E+01
 -1       959-4.83524E+00-5.83951E+00-1.57133E+02-2.72015E+00-1.98945E+00-4.36352E+01
 -1       960-1.19604E+01-3.66282E+00-1.14513E+02-2.84052E+00-9.72115E-01-4.50284E+01
 -1       961-1.43889E+01-1.70428E+00-7.50963E+01-2.49160E+00-1.00911E-01-3.88921E+01
 -1       962-1.08665E+01-7.41132E-01-4.54157E+01-1.80000E+00 8.17180E-01-2.84330E+01
 -1       963-5.90762E+00-1.06884E+00-2.16737E+01-8.61890E-01 2.37816E+00-1.48191E+01
 -1       964-5.13821E+00 1.56316E+00 1.75697E+01-3.29342E-01 5.86677E+00-7.02942E+00
 -1       965-5.34754E+00-1.06696E+00 1.95507E+01 1.47378E+00 6.58095E+00 1.18148E+01
 -1       966-5.80225E+00-1.59262E+00-2.01492E+01 1.43501E+00 2.32357E+00 2.16812E+01
 -1       967-9.68600E+00 3.21709E-01-4.18721E+01 1.51170E+00 1.30346E+00 3.83928E+01
 -1       968-1.11404E+01-8.72167E-02-7.12367E+01 1.72858E+00 9.76971E-01 5.05415E+01
 -1       969-4.62166E+00-1.69152E+00-1.11794E+02 1.82464E+00 5.31999E-01 5.75545E+01
 -1       970 7.73690E+00-3.90476E+00-1.57287E+02 1.80693E+00-1.50017E-01 5.53617E+01
 -1       971 2.16944E+01-6.17209E+00-1.99322E+02 1.32477E+00-6.77119E-01 4.10562E+01
 -1       972 2.95018E+01-8.50469E+00-2.25733E+02 4.00777E-01-1.29831E+00 1.53089E+01
 -1       973 2.95018E+01-8.50471E+00-2.25733E+02-4.00791E-01-1.29829E+00-1.53090E+01
 -1       974 2.16944E+01-6.17215E+00-1.99323E+02-1.32477E+00-6.77087E-01-4.10563E+01
 -1       975 7.73689E+00-3.90476E+00-1.57287E+02-1.80694E+00-1.50021E-01-5.53618E+01
 -1       976-4.62162E+00-1.69146E+00-1.11794E+02-1.82461E+00 5.31996E-01-5.75545E+01
 -1       977-1.11404E+01-8.72285E-02-7.12366E+01-1.72862E+00 9.76951E-01-5.05416E+01
 -1       978-9.68601E+00 3.21734E-01-4.18721E+01-1.51172E+00 1.30346E+00-3.83928E+01
 -1       979-5.80226E+00-1.59260E+00-2.01492E+01-1.43502E+00 2.32357E+00-2.16812E+01
 -1       980-5.34755E+00-1.06693E+00 1.95506E+01-1.47379E+00 6.58093E+00-1.18148E+01
 -1       981-1.65449E+00 6.54043E-01-4.05390E+01 3.25735E-01-4.16605E+00 2.64414E+01
 -1       982-1.00896E+01 1.28825E+00-4.31140E+01-2.58554E-01 2.14554E+00 3.66022E+01
 -1       983-1.95996E+01-1.72339E-01-6.20175E+01-1.21106E+00 4.93932E+00 4.95196E+01
 -1       984-1.96750E+01-3.78964E-01-9.22665E+01-1.73387E+00 7.72996E+00 5.29292E+01
 -1       985-1.60570E+01-5.18727E-01-1.27081E+02-1.89416E+00 1.04452E+01 5.15798E+01
 -1       986-1.05289E+01-1.02932E+00-1.62202E+02-1.69498E+00 1.28856E+01 4.42091E+01
 -1       987-5.17950E+00-1.76873E+00-1.91160E+02-1.16390E+00 1.48144E+01 3.00886E+01
 -1       988-1.72027E+00-2.15817E+00-2.07275E+02-4.24341E-01 1.58548E+01 1.06784E+01
 -1       989-1.72027E+00-2.15817E+00-2.07275E+02 4.24347E-01 1.58548E+01-1.06783E+01
 -1       990-5.17950E+00-1.76874E+00-1.91160E+02 1.16390E+00 1.48144E+01-3.00886E+01
 -1       991-1.05289E+01-1.02931E+00-1.62202E+02 1.69498E+00 1.28856E+01-4.42091E+01
 -1       992-1.60569E+01-5.18727E-01-1.27081E+02 1.89415E+00 1.04452E+01-5.15798E+01
 -1       993-1.96750E+01-3.78978E-01-9.22665E+01 1.73388E+00 7.72997E+00-5.29291E+01
 -1       994-1.95996E+01-1.72347E-01-6.20175E+01 1.21106E+00 4.93932E+00-4.95196E+01
 -1       995-1.00896E+01 1.28823E+00-4.31140E+01 2.58552E-01 2.14555E+00-3.66022E+01
 -1       996-1.65450E+00 6.54026E-01-4.05390E+01-3.25734E-01-4.16605E+00-2.64414E+01
 -1       997-4.20284E-01-3.70489E+00-3.61947E+01-5.45322E-01-3.60769E+00 1.99969E+01
 -1       998-8.33540E+00-3.24021E+00-3.95053E+01-6.59630E-01 1.26101E+00 2.76231E+01
 -1       999-1.79454E+01-5.88250E+00-5.55115E+01-7.88344E-01 4.14553E+00 3.76550E+01
 -1      1000-2.00507E+01-8.39968E+00-8.21290E+01-9.33703E-01 6.89664E+00 4.07211E+01
 -1      1001-1.90417E+01-1.09024E+01-1.12828E+02-1.03337E+00 9.49310E+00 3.99657E+01
 -1      1002-1.62509E+01-1.34368E+01-1.43802E+02-9.72855E-01 1.18172E+01 3.44141E+01
 -1      1003-1.32898E+01-1.56752E+01-1.69418E+02-6.97323E-01 1.36165E+01 2.34761E+01
 -1      1004-1.11668E+01-1.67940E+01-1.83527E+02-2.59199E-01 1.46081E+01 8.33291E+00
 -1      1005-1.11668E+01-1.67940E+01-1.83527E+02 2.59203E-01 1.46081E+01-8.33285E+00
 -1      1006-1.32897E+01-1.56752E+01-1.69418E+02 6.97328E-01 1.36165E+01-2.34760E+01
 -1      1007-1.62509E+01-1.34368E+01-1.43802E+02 9.72855E-01 1.18172E+01-3.44141E+01
 -1      1008-1.90417E+01-1.09024E+01-1.12828E+02 1.03337E+00 9.49311E+00-3.99656E+01
 -1      1009-2.00507E+01-8.39969E+00-8.21290E+01 9.33700E-01 6.89665E+00-4.07210E+01
 -1      1010-1.79454E+01-5.88253E+00-5.55115E+01 7.88344E-01 4.14554E+00-3.76549E+01
 -1      1011-8.33539E+00-3.24024E+00-3.95052E+01 6.59628E-01 1.26103E+00-2.76231E+01
 -1      1012-4.20290E-01-3.70491E+00-3.61946E+01 5.45320E-01-3.60768E+00-1.99969E+01
 -1      1013-1.34333E+00-8.81621E+00-2.77258E+01-4.80819E-01-2.90341E+00 1.84896E+01
 -1      1014-8.99755E+00-9.14495E+00-3.34906E+01-8.14336E-01 2.11155E-01 2.51788E+01
 -1      1015-1.89531E+01-1.32695E+01-4.97529E+01-1.07003E+00 2.33743E+00 3.39151E+01
 -1      1016-2.20859E+01-1.80329E+01-7.50802E+01-1.14715E+00 4.33360E+00 3.66411E+01
 -1      1017-2.23017E+01-2.30790E+01-1.04024E+02-1.15808E+00 6.18080E+00 3.61189E+01
 -1      1018-2.06923E+01-2.80383E+01-1.33257E+02-1.03201E+00 7.82130E+00 3.12736E+01
 -1      1019-1.86871E+01-3.21678E+01-1.57492E+02-7.26313E-01 9.08580E+00 2.14216E+01
 -1      1020-1.71105E+01-3.43247E+01-1.70888E+02-2.65641E-01 9.77961E+00 7.61443E+00
 -1      1021-1.71105E+01-3.43247E+01-1.70888E+02 2.65648E-01 9.77961E+00-7.61439E+00
 -1      1022-1.86871E+01-3.21678E+01-1.57492E+02 7.26325E-01 9.08580E+00-2.14215E+01
 -1      1023-2.06923E+01-2.80383E+01-1.33257E+02 1.03202E+00 7.82131E+00-3.12735E+01
 -1      1024-2.23017E+01-2.30790E+01-1.04024E+02 1.15808E+00 6.18083E+00-3.61189E+01
 -1      1025-2.20858E+01-1.80330E+01-7.50802E+01 1.14715E+00 4.33362E+00-3.66410E+01
 -1      1026-1.89530E+01-1.32695E+01-4.97528E+01 1.07003E+00 2.33746E+00-3.39150E+01
 -1      1027-8.99755E+00-9.14498E+00-3.34905E+01 8.14337E-01 2.11196E-01-2.51788E+01
 -1      1028-1.34333E+00-8.81625E+00-2.77257E+01 4.80819E-01-2.90336E+00-1.84895E+01
 -1      1029-1.94584E+00-9.25646E+00-2.31567E+01-1.48602E-01-9.77402E-01 1.75014E+01
 -1      1030-9.15936E+00-1.04098E+01-3.00918E+01-2.94647E-01-4.48030E-02 2.38647E+01
 -1      1031-1.88263E+01-1.49031E+01-4.67255E+01-3.95339E-01 6.42689E-01 3.21996E+01
 -1      1032-2.23230E+01-2.01246E+01-7.18904E+01-4.21737E-01 1.29697E+00 3.48667E+01
 -1      1033-2.29892E+01-2.57118E+01-1.00425E+02-4.09042E-01 1.89853E+00 3.45029E+01
 -1      1034-2.17873E+01-3.12413E+01-1.29239E+02-3.57073E-01 2.43012E+00 2.99917E+01
 -1      1035-2.00591E+01-3.58219E+01-1.53117E+02-2.48795E-01 2.83566E+00 2.05997E+01
 -1      1036-1.86258E+01-3.82381E+01-1.66313E+02-8.81153E-02 3.05929E+00 7.33532E+00
 -1      1037-1.86258E+01-3.82381E+01-1.66313E+02 8.81312E-02 3.05929E+00-7.33529E+00
 -1      1038-2.00591E+01-3.58219E+01-1.53117E+02 2.48806E-01 2.83567E+00-2.05997E+01
 -1      1039-2.17873E+01-3.12413E+01-1.29239E+02 3.57090E-01 2.43014E+00-2.99916E+01
 -1      1040-2.29892E+01-2.57118E+01-1.00425E+02 4.09055E-01 1.89856E+00-3.45029E+01
 -1      1041-2.23230E+01-2.01246E+01-7.18903E+01 4.21755E-01 1.29702E+00-3.48667E+01
 -1      1042-1.88262E+01-1.49031E+01-4.67255E+01 3.95346E-01 6.42742E-01-3.21996E+01
 -1      1043-9.15936E+00-1.04098E+01-3.00917E+01 2.94650E-01-4.47315E-02-2.38647E+01
 -1      1044-1.94584E+00-9.25648E+00-2.31567E+01 1.48605E-01-9.77296E-01-1.75014E+01
 -1      1045-1.94584E+00-9.25648E+00-2.31567E+01 1.48605E-01 9.77296E-01 1.75014E+01
 -1      1046-9.15936E+00-1.04098E+01-3.00917E+01 2.94650E-01 4.47315E-02 2.38647E+01
 -1      1047-1.88262E+01-1.49031E+01-4.67255E+01 3.95346E-01-6.42742E-01 3.21996E+01
 -1      1048-2.23230E+01-2.01246E+01-7.18903E+01 4.21755E-01-1.29702E+00 3.48667E+01
 -1      1049-2.29892E+01-2.57118E+01-1.00425E+02 4.09055E-01-1.89856E+00 3.45029E+01
 -1      1050-2.17873E+01-3.12413E+01-1.29239E+02 3.57090E-01-2.43014E+00 2.99916E+01
 -1      1051-2.00591E+01-3.58219E+01-1.53117E+02 2.48806E-01-2.83567E+00 2.05997E+01
 -1      1052-1.86258E+01-3.82381E+01-1.66313E+02 8.81312E-02-3.05929E+00 7.33529E+00
 -1      1053-1.86258E+01-3.82381E+01-1.66313E+02-8.81153E-02-3.05929E+00-7.33532E+00
 -1      1054-2.00591E+01-3.58219E+01-1.53117E+02-2.48795E-01-2.83566E+00-2.05997E+01
 -1      1055-2.17873E+01-3.12413E+01-1.29239E+02-3.57073E-01-2.43012E+00-2.99917E+01
 -1      1056-2.29892E+01-2.57118E+01-1.00425E+02-4.09042E-01-1.89853E+00-3.45029E+01
 -1      1057-2.23230E+01-2.01246E+01-7.18904E+01-4.21737E-01-1.29697E+00-3.48667E+01
 -1      1058-1.88263E+01-1.49031E+01-4.67255E+01-3.95339E-01-6.42689E-01-3.21996E+01
 -1      1059-9.15936E+00-1.04098E+01-3.00918E+01-2.94647E-01 4.48030E-02-2.38647E+01
 -1      1060-1.94584E+00-9.25646E+00-2.31567E+01-1.48602E-01 9.77402E-01-1.75014E+01
 -1      1061-1.34333E+00-8.81625E+00-2.77257E+01 4.80819E-01 2.90336E+00 1.84895E+01
 -1      1062-8.99755E+00-9.14498E+00-3.34905E+01 8.14337E-01-2.11196E-01 2.51788E+01
 -1      1063-1.89530E+01-1.32695E+01-4.97528E+01 1.07003E+00-2.33746E+00 3.39150E+01
 -1      1064-2.20858E+01-1.80330E+01-7.50802E+01 1.14715E+00-4.33362E+00 3.66410E+01
 -1      1065-2.23017E+01-2.30790E+01-1.04024E+02 1.15808E+00-6.18083E+00 3.61189E+01
 -1      1066-2.06923E+01-2.80383E+01-1.33257E+02 1.03202E+00-7.82131E+00 3.12735E+01
 -1      1067-1.86871E+01-3.21678E+01-1.57492E+02 7.26325E-01-9.08580E+00 2.14215E+01
 -1      1068-1.71105E+01-3.43247E+01-1.70888E+02 2.65648E-01-9.77961E+00 7.61439E+00
 -1      1069-1.71105E+01-3.43247E+01-1.70888E+02-2.65641E-01-9.77961E+00-7.61443E+00
 -1      1070-1.86871E+01-3.21678E+01-1.57492E+02-7.26313E-01-9.08580E+00-2.14216E+01
 -1      1071-2.06923E+01-2.80383E+01-1.33257E+02-1.03201E+00-7.82130E+00-3.12736E+01
 -1      1072-2.23017E+01-2.30790E+01-1.04024E+02-1.15808E+00-6.18080E+00-3.61189E+01
 -1      1073-2.20859E+01-1.80329E+01-7.50802E+01-1.14715E+00-4.33360E+00-3.66411E+01
 -1      1074-1.89531E+01-1.32695E+01-4.97529E+01-1.07003E+00-2.33743E+00-3.39151E+01
 -1      1075-8.99755E+00-9.14495E+00-3.34906E+01-8.14336E-01-2.11155E-01-2.51788E+01
 -1      1076-1.34333E+00-8.81621E+00-2.77258E+01-4.80819E-01 2.90341E+00-1.84896E+01
 -1      1077-4.20290E-01-3.70491E+00-3.61946E+01 5.45320E-01 3.60768E+00 1.99969E+01
 -1      1078-8.33539E+00-3.24024E+00-3.95052E+01 6.59628E-01-1.26103E+00 2.76231E+01
 -1      1079-1.79454E+01-5.88253E+00-5.55115E+01 7.88344E-01-4.14554E+00 3.76549E+01
 -1      1080-2.00507E+01-8.39969E+00-8.21290E+01 9.33700E-01-6.89665E+00 4.07210E+01
 -1      1081-1.90417E+01-1.09024E+01-1.12828E+02 1.03337E+00-9.49311E+00 3.99656E+01
 -1      1082-1.62509E+01-1.34368E+01-1.43802E+02 9.72855E-01-1.18172E+01 3.44141E+01
 -1      1083-1.32897E+01-1.56752E+01-1.69418E+02 6.97328E-01-1.36165E+01 2.34760E+01
 -1      1084-1.11668E+01-1.67940E+01-1.83527E+02 2.59203E-01-1.46081E+01 8.33285E+00
 -1      1085-1.11668E+01-1.67940E+01-1.83527E+02-2.59199E-01-1.46081E+01-8.33291E+00
 -1      1086-1.32898E+01-1.56752E+01-1.69418E+02-6.97323E-01-1.36165E+01-2.34761E+01
 -1      1087-1.62509E+01-1.34368E+01-1.43802E+02-9.72855E-01-1.18172E+01-3.44141E+01
 -1      1088-1.90417E+01-1.09024E+01-1.12828E+02-1.03337E+00-9.49310E+00-3.99657E+01
 -1      1089-2.00507E+01-8.39968E+00-8.21290E+01-9.33703E-01-6.89664E+00-4.07211E+01
 -1      1090-1.79454E+01-5.88250E+00-5.55115E+01-7.88344E-01-4.14553E+00-3.76550E+01
 -1      1091-8.33540E+00-3.24021E+00-3.95053E+01-6.59630E-01-1.26101E+00-2.76231E+01
 -1      1092-4.20284E-01-3.70489E+00-3.61947E+01-5.45322E-01 3.60769E+00-1.99969E+01
 -1      1093-1.65450E+00 6.54026E-01-4.05390E+01-3.25734E-01 4.16605E+00 2.64414E+01
 -1      1094-1.00896E+01 1.28823E+00-4.31140E+01 2.58552E-01-2.14555E+00 3.66022E+01
 -1      1095-1.95996E+01-1.72347E-01-6.20175E+01 1.21106E+00-4.93932E+00 4.95196E+01
 -1      1096-1.96750E+01-3.78978E-01-9.22665E+01 1.73388E+00-7.72997E+00 5.29291E+01
 -1      1097-1.60569E+01-5.18727E-01-1.27081E+02 1.89415E+00-1.04452E+01 5.15798E+01
 -1      1098-1.05289E+01-1.02931E+00-1.62202E+02 1.69498E+00-1.28856E+01 4.42091E+01
 -1      1099-5.17950E+00-1.76874E+00-1.91160E+02 1.16390E+00-1.48144E+01 3.00886E+01
 -1      1100-1.72027E+00-2.15817E+00-2.07275E+02 4.24347E-01-1.58548E+01 1.06783E+01
 -1      1101-1.72027E+00-2.15817E+00-2.07275E+02-4.24341E-01-1.58548E+01-1.06784E+01
 -1      1102-5.17950E+00-1.76873E+00-1.91160E+02-1.16390E+00-1.48144E+01-3.00886E+01
 -1      1103-1.05289E+01-1.02932E+00-1.62202E+02-1.69498E+00-1.28856E+01-4.42091E+01
 -1      1104-1.60570E+01-5.18727E-01-1.27081E+02-1.89416E+00-1.04452E+01-5.15798E+01
 -1      1105-1.96750E+01-3.78964E-01-9.22665E+01-1.73387E+00-7.72996E+00-5.29292E+01
 -1      1106-1.95996E+01-1.72339E-01-6.20175E+01-1.21106E+00-4.93932E+00-4.95196E+01
 -1      1107-1.00896E+01 1.28825E+00-4.31140E+01-2.58554E-01-2.14554E+00-3.66022E+01
 -1      1108-1.65449E+00 6.54043E-01-4.05390E+01 3.25735E-01 4.16605E+00-2.64414E+01
 -1      1109-2.98517E+01-3.37632E+01-9.04059E+01 7.02667E-01 5.33661E-01 3.78638E+01
 -1      1110-2.70347E+01-2.11937E+01-5.22933E+01 8.68740E-01 5.32601E+00 4.42685E+01
 -1      1111-3.12348E+01-2.78374E+01-7.36407E+01 1.16607E+00 1.00078E+01 5.19169E+01
 -1      1112-4.38936E+01-3.96538E+01-1.05284E+02 1.31329E+00 1.46707E+01 5.26216E+01
 -1      1113-5.82277E+01-5.32616E+01-1.41054E+02 1.27306E+00 1.92865E+01 4.91356E+01
 -1      1114-7.18773E+01-6.63046E+01-1.74958E+02 1.05999E+00 2.34465E+01 4.04638E+01
 -1      1115-8.26039E+01-7.66053E+01-2.01554E+02 6.98275E-01 2.66076E+01 2.68110E+01
 -1      1116-8.85127E+01-8.23534E+01-2.16392E+02 2.44941E-01 2.83195E+01 9.41719E+00
 -1      1117-8.85127E+01-8.23534E+01-2.16392E+02-2.44942E-01 2.83195E+01-9.41712E+00
 -1      1118-8.26039E+01-7.66053E+01-2.01554E+02-6.98275E-01 2.66076E+01-2.68110E+01
 -1      1119-7.18773E+01-6.63046E+01-1.74958E+02-1.05999E+00 2.34465E+01-4.04638E+01
 -1      1120-5.82277E+01-5.32616E+01-1.41054E+02-1.27306E+00 1.92865E+01-4.91355E+01
 -1      1121-4.38936E+01-3.96538E+01-1.05284E+02-1.31330E+00 1.46707E+01-5.26216E+01
 -1      1122-3.12348E+01-2.78374E+01-7.36407E+01-1.16607E+00 1.00078E+01-5.19168E+01
 -1      1123-2.70347E+01-2.11937E+01-5.22933E+01-8.68742E-01 5.32602E+00-4.42684E+01
 -1      1124-2.98517E+01-3.37631E+01-9.04058E+01-7.02668E-01 5.33669E-01-3.78638E+01
 -1      1125-2.60684E+01-3.16846E+01-7.83975E+01 3.78134E-02-4.87676E-01 3.04613E+01
 -1      1126-2.40872E+01-2.09970E+01-4.37310E+01-6.79154E-02 3.52738E+00 3.59224E+01
 -1      1127-2.56570E+01-2.61073E+01-5.68736E+01-3.10019E-01 7.52506E+00 4.24134E+01
 -1      1128-3.51449E+01-3.64451E+01-7.93534E+01-4.03963E-01 1.13637E+01 4.29234E+01
 -1      1129-4.62352E+01-4.84023E+01-1.05896E+02-4.11475E-01 1.50861E+01 4.00867E+01
 -1      1130-5.69149E+01-5.98323E+01-1.31470E+02-3.54925E-01 1.83954E+01 3.30094E+01
 -1      1131-6.53146E+01-6.87899E+01-1.51590E+02-2.40390E-01 2.09010E+01 2.18744E+01
 -1      1132-6.99557E+01-7.37915E+01-1.62915E+02-8.29960E-02 2.22599E+01 7.68980E+00
 -1      1133-6.99557E+01-7.37915E+01-1.62915E+02 8.29956E-02 2.22599E+01-7.68975E+00
 -1      1134-6.53146E+01-6.87899E+01-1.51590E+02 2.40389E-01 2.09010E+01-2.18743E+01
 -1      1135-5.69149E+01-5.98322E+01-1.31470E+02 3.54925E-01 1.83954E+01-3.30094E+01
 -1      1136-4.62352E+01-4.84023E+01-1.05896E+02 4.11474E-01 1.50861E+01-4.00866E+01
 -1      1137-3.51449E+01-3.64450E+01-7.93533E+01 4.03964E-01 1.13638E+01-4.29233E+01
 -1      1138-2.56570E+01-2.61073E+01-5.68735E+01 3.10018E-01 7.52507E+00-4.24133E+01
 -1      1139-2.40872E+01-2.09969E+01-4.37309E+01 6.79151E-02 3.52740E+00-3.59223E+01
 -1      1140-2.60684E+01-3.16845E+01-7.83973E+01-3.78140E-02-4.87653E-01-3.04613E+01
 -1      1141-2.17659E+01-2.67080E+01-6.59080E+01-1.56423E-01-1.57933E+00 2.73005E+01
 -1      1142-2.10672E+01-1.80970E+01-3.83168E+01-2.42562E-02 7.32734E-01 3.21848E+01
 -1      1143-2.34742E+01-2.30461E+01-5.28947E+01-5.50424E-02 3.29086E+00 3.79383E+01
 -1      1144-3.27232E+01-3.25200E+01-7.52848E+01-9.11549E-02 5.58946E+00 3.84820E+01
 -1      1145-4.33806E+01-4.35161E+01-1.01230E+02-1.02090E-01 7.71246E+00 3.60778E+01
 -1      1146-5.36300E+01-5.40910E+01-1.26163E+02-9.27111E-02 9.55262E+00 2.98075E+01
 -1      1147-6.17090E+01-6.24129E+01-1.45779E+02-6.42816E-02 1.09343E+01 1.98008E+01
 -1      1148-6.61779E+01-6.70768E+01-1.56831E+02-2.21941E-02 1.16823E+01 6.97366E+00
 -1      1149-6.61779E+01-6.70768E+01-1.56831E+02 2.21946E-02 1.16823E+01-6.97362E+00
 -1      1150-6.17090E+01-6.24129E+01-1.45779E+02 6.42807E-02 1.09343E+01-1.98008E+01
 -1      1151-5.36300E+01-5.40910E+01-1.26163E+02 9.27115E-02 9.55263E+00-2.98075E+01
 -1      1152-4.33806E+01-4.35161E+01-1.01230E+02 1.02090E-01 7.71248E+00-3.60778E+01
 -1      1153-3.27232E+01-3.25199E+01-7.52848E+01 9.11561E-02 5.58949E+00-3.84820E+01
 -1      1154-2.34742E+01-2.30461E+01-5.28947E+01 5.50417E-02 3.29089E+00-3.79382E+01
 -1      1155-2.10672E+01-1.80970E+01-3.83168E+01 2.42564E-02 7.32780E-01-3.21848E+01
 -1      1156-2.17659E+01-2.67080E+01-6.59078E+01 1.56422E-01-1.57927E+00-2.73005E+01
 -1      1157-1.97152E+01-2.41733E+01-5.95066E+01-6.37300E-02-6.76609E-01 2.60979E+01
 -1      1158-1.91671E+01-1.64626E+01-3.44766E+01-8.80092E-03 4.64973E-02 3.08492E+01
 -1      1159-2.20765E+01-2.18446E+01-4.96397E+01-2.25476E-02 8.41531E-01 3.63345E+01
 -1      1160-3.13413E+01-3.13247E+01-7.19492E+01-2.25777E-02 1.57667E+00 3.68676E+01
 -1      1161-4.18563E+01-4.21734E+01-9.74989E+01-2.54485E-02 2.23974E+00 3.46193E+01
 -1      1162-5.19220E+01-5.25722E+01-1.21970E+02-2.34606E-02 2.80613E+00 2.86572E+01
 -1      1163-5.98572E+01-6.07623E+01-1.41225E+02-1.68146E-02 3.22878E+00 1.90685E+01
 -1      1164-6.42459E+01-6.53537E+01-1.52078E+02-6.59433E-03 3.45552E+00 6.72104E+00
 -1      1165-6.42459E+01-6.53537E+01-1.52078E+02 6.59430E-03 3.45552E+00-6.72102E+00
 -1      1166-5.98572E+01-6.07623E+01-1.41225E+02 1.68159E-02 3.22879E+00-1.90685E+01
 -1      1167-5.19220E+01-5.25722E+01-1.21970E+02 2.34602E-02 2.80615E+00-2.86572E+01
 -1      1168-4.18563E+01-4.21734E+01-9.74989E+01 2.54497E-02 2.23977E+00-3.46193E+01
 -1      1169-3.13413E+01-3.13247E+01-7.19492E+01 2.25772E-02 1.57671E+00-3.68676E+01
 -1      1170-2.20765E+01-2.18446E+01-4.96397E+01 2.25493E-02 8.41581E-01-3.63345E+01
 -1      1171-1.91671E+01-1.64626E+01-3.44766E+01 8.80261E-03 4.65634E-02-3.08492E+01
 -1      1172-1.97152E+01-2.41733E+01-5.95065E+01 6.37312E-02-6.76520E-01-2.60979E+01
 -1      1173-1.97152E+01-2.41733E+01-5.95065E+01 6.37312E-02 6.76520E-01 2.60979E+01
 -1      1174-1.91671E+01-1.64626E+01-3.44766E+01 8.80261E-03-4.65634E-02 3.08492E+01
 -1      1175-2.20765E+01-2.18446E+01-4.96397E+01 2.25493E-02-8.41581E-01 3.63345E+01
 -1      1176-3.13413E+01-3.13247E+01-7.19492E+01 2.25772E-02-1.57671E+00 3.68676E+01
 -1      1177-4.18563E+01-4.21734E+01-9.74989E+01 2.54497E-02-2.23977E+00 3.46193E+01
 -1      1178-5.19220E+01-5.25722E+01-1.21970E+02 2.34602E-02-2.80615E+00 2.86572E+01
 -1      1179-5.98572E+01-6.07623E+01-1.41225E+02 1.68159E-02-3.22879E+00 1.90685E+01
 -1      1180-6.42459E+01-6.53537E+01-1.52078E+02 6.59430E-03-3.45552E+00 6.72102E+00
 -1      1181-6.42459E+01-6.53537E+01-1.52078E+02-6.59433E-03-3.45552E+00-6.72104E+00
 -1      1182-5.98572E+01-6.07623E+01-1.41225E+02-1.68146E-02-3.22878E+00-1.90685E+01
 -1      1183-5.19220E+01-5.25722E+01-1.21970E+02-2.34606E-02-2.80613E+00-2.86572E+01
 -1      1184-4.18563E+01-4.21734E+01-9.74989E+01-2.54485E-02-2.23974E+00-3.46193E+01
 -1      1185-3.13413E+01-3.13247E+01-7.19492E+01-2.25777E-02-1.57667E+00-3.68676E+01
 -1      1186-2.20765E+01-2.18446E+01-4.96397E+01-2.25476E-02-8.41531E-01-3.63345E+01
 -1      1187-1.91671E+01-1.64626E+01-3.44766E+01-8.80092E-03-4.64973E-02-3.08492E+01
 -1      1188-1.97152E+01-2.41733E+01-5.95066E+01-6.37300E-02 6.76609E-01-2.60979E+01
 -1      1189-2.17659E+01-2.67080E+01-6.59078E+01 1.56422E-01 1.57927E+00 2.73005E+01
 -1      1190-2.10672E+01-1.80970E+01-3.83168E+01 2.42564E-02-7.32780E-01 3.21848E+01
 -1      1191-2.34742E+01-2.30461E+01-5.28947E+01 5.50417E-02-3.29089E+00 3.79382E+01
 -1      1192-3.27232E+01-3.25199E+01-7.52848E+01 9.11561E-02-5.58949E+00 3.84820E+01
 -1      1193-4.33806E+01-4.35161E+01-1.01230E+02 1.02090E-01-7.71248E+00 3.60778E+01
 -1      1194-5.36300E+01-5.40910E+01-1.26163E+02 9.27115E-02-9.55263E+00 2.98075E+01
 -1      1195-6.17090E+01-6.24129E+01-1.45779E+02 6.42807E-02-1.09343E+01 1.98008E+01
 -1      1196-6.61779E+01-6.70768E+01-1.56831E+02 2.21946E-02-1.16823E+01 6.97362E+00
 -1      1197-6.61779E+01-6.70768E+01-1.56831E+02-2.21941E-02-1.16823E+01-6.97366E+00
 -1      1198-6.17090E+01-6.24129E+01-1.45779E+02-6.42816E-02-1.09343E+01-1.98008E+01
 -1      1199-5.36300E+01-5.40910E+01-1.26163E+02-9.27111E-02-9.55262E+00-2.98075E+01
 -1      1200-4.33806E+01-4.35161E+01-1.01230E+02-1.02090E-01-7.71246E+00-3.60778E+01
 -1      1201-3.27232E+01-3.25200E+01-7.52848E+01-9.11549E-02-5.58946E+00-3.84820E+01
 -1      1202-2.34742E+01-2.30461E+01-5.28947E+01-5.50424E-02-3.29086E+00-3.79383E+01
 -1      1203-2.10672E+01-1.80970E+01-3.83168E+01-2.42562E-02-7.32734E-01-3.21848E+01
 -1      1204-2.17659E+01-2.67080E+01-6.59080E+01-1.56423E-01 1.57933E+00-2.73005E+01
 -1      1205-2.60684E+01-3.16845E+01-7.83973E+01-3.78140E-02 4.87653E-01 3.04613E+01
 -1      1206-2.40872E+01-2.09969E+01-4.37309E+01 6.79151E-02-3.52740E+00 3.59223E+01
 -1      1207-2.56570E+01-2.61073E+01-5.68735E+01 3.10018E-01-7.52507E+00 4.24133E+01
 -1      1208-3.51449E+01-3.64450E+01-7.93533E+01 4.03964E-01-1.13638E+01 4.29233E+01
 -1      1209-4.62352E+01-4.84023E+01-1.05896E+02 4.11474E-01-1.50861E+01 4.00866E+01
 -1      1210-5.69149E+01-5.98322E+01-1.31470E+02 3.54925E-01-1.83954E+01 3.30094E+01
 -1      1211-6.53146E+01-6.87899E+01-1.51590E+02 2.40389E-01-2.09010E+01 2.18743E+01
 -1      1212-6.99557E+01-7.37915E+01-1.62915E+02 8.29956E-02-2.22599E+01 7.68975E+00
 -1      1213-6.99557E+01-7.37915E+01-1.62915E+02-8.29960E-02-2.22599E+01-7.68980E+00
 -1      1214-6.53146E+01-6.87899E+01-1.51590E+02-2.40390E-01-2.09010E+01-2.18744E+01
 -1      1215-5.69149E+01-5.98323E+01-1.31470E+02-3.54925E-01-1.83954E+01-3.30094E+01
 -1      1216-4.62352E+01-4.84023E+01-1.05896E+02-4.11475E-01-1.50861E+01-4.00867E+01
 -1      1217-3.51449E+01-3.64451E+01-7.93534E+01-4.03963E-01-1.13637E+01-4.29234E+01
 -1      1218-2.56570E+01-2.61073E+01-5.68736E+01-3.10019E-01-7.52506E+00-4.24134E+01
 -1      1219-2.40872E+01-2.09970E+01-4.37310E+01-6.79154E-02-3.52738E+00-3.59224E+01
 -1      1220-2.60684E+01-3.16846E+01-7.83975E+01 3.78134E-02 4.87676E-01-3.04613E+01
 -1      1221-2.98517E+01-3.37631E+01-9.04058E+01-7.02668E-01-5.33669E-01 3.78638E+01
 -1      1222-2.70347E+01-2.11937E+01-5.22933E+01-8.68742E-01-5.32602E+00 4.42684E+01
 -1      1223-3.12348E+01-2.78374E+01-7.36407E+01-1.16607E+00-1.00078E+01 5.19168E+01
 -1      1224-4.38936E+01-3.96538E+01-1.05284E+02-1.31330E+00-1.46707E+01 5.26216E+01
 -1      1225-5.82277E+01-5.32616E+01-1.41054E+02-1.27306E+00-1.92865E+01 4.91355E+01
 -1      1226-7.18773E+01-6.63046E+01-1.74958E+02-1.05999E+00-2.34465E+01 4.04638E+01
 -1      1227-8.26039E+01-7.66053E+01-2.01554E+02-6.98275E-01-2.66076E+01 2.68110E+01
 -1      1228-8.85127E+01-8.23534E+01-2.16392E+02-2.44942E-01-2.83195E+01 9.41712E+00
 -1      1229-8.85127E+01-8.23534E+01-2.16392E+02 2.44941E-01-2.83195E+01-9.41719E+00
 -1      1230-8.26039E+01-7.66053E+01-2.01554E+02 6.98275E-01-2.66076E+01-2.68110E+01
 -1      1231-7.18773E+01-6.63046E+01-1.74958E+02 1.05999E+00-2.34465E+01-4.04638E+01
 -1      1232-5.82277E+01-5.32616E+01-1.41054E+02 1.27306E+00-1.92865E+01-4.91356E+01
 -1      1233-4.38936E+01-3.96538E+01-1.05284E+02 1.31329E+00-1.46707E+01-5.26216E+01
 -1      1234-3.12348E+01-2.78374E+01-7.36407E+01 1.16607E+00-1.00078E+01-5.19169E+01
 -1      1235-2.70347E+01-2.11937E+01-5.22933E+01 8.68740E-01-5.32601E+00-4.42685E+01
 -1      1236-2.98517E+01-3.37632E+01-9.04059E+01 7.02667E-01-5.33661E-01-3.78638E+01
 -3
    1PSTEP                         7           2           1          
  100CL  102 6.80000E-01          48                     0    2           1
 -4  CONTACT     6    1
 -5  COPEN       1    1    0    0
 -5  CSLIP1      1    1    0    0
 -5  CSLIP2      1    1    0    0
 -5  CPRESS      1    1    0    0
 -5  CSHEAR1     1    1    0    0
 -5  CSHEAR2     1    1    0    0
 -1       591-1.29266E-04 0.00000E+00 0.00000E+00 1.26271E+02 0.00000E+00 0.00000E+00
 -1       590-3.81615E-04 0.00000E+00 0.00000E+00 3.78616E+02 0.00000E+00 0.00000E+00
 -1       589-4.21379E-04 0.00000E+00 0.00000E+00 4.18380E+02 0.00000E+00 0.00000E+00
 -1       588-4.21379E-04 0.00000E+00 0.00000E+00 4.18379E+02 0.00000E+00 0.00000E+00
 -1       587-3.81613E-04 0.00000E+00 0.00000E+00 3.78614E+02 0.00000E+00 0.00000E+00
 -1       586-1.29262E-04 0.00000E+00 0.00000E+00 1.26268E+02 0.00000E+00 0.00000E+00
 -1       575-9.56994E-05 0.00000E+00 0.00000E+00 9.27091E+01 0.00000E+00 0.00000E+00
 -1       574-3.43928E-04 0.00000E+00 0.00000E+00 3.40928E+02 0.00000E+00 0.00000E+00
 -1       573-3.61539E-04 0.00000E+00 0.00000E+00 3.58540E+02 0.00000E+00 0.00000E+00
 -1       572-3.61539E-04 0.00000E+00 0.00000E+00 3.58539E+02 0.00000E+00 0.00000E+00
 -1       571-3.43925E-04 0.00000E+00 0.00000E+00 3.40926E+02 0.00000E+00 0.00000E+00
 -1       570-9.57053E-05 0.00000E+00 0.00000E+00 9.27149E+01 0.00000E+00 0.00000E+00
 -1       559-7.27819E-05 0.00000E+00 0.00000E+00 6.97985E+01 0.00000E+00 0.00000E+00
 -1       558-3.08200E-04 0.00000E+00 0.00000E+00 3.05201E+02 0.00000E+00 0.00000E+00
 -1       557-3.04788E-04 0.00000E+00 0.00000E+00 3.01789E+02 0.00000E+00 0.00000E+00
 -1       556-3.04789E-04 0.00000E+00 0.00000E+00 3.01790E+02 0.00000E+00 0.00000E+00
 -1       555-3.08204E-04 0.00000E+00 0.00000E+00 3.05205E+02 0.00000E+00 0.00000E+00
 -1       554-7.27785E-05 0.00000E+00 0.00000E+00 6.97951E+01 0.00000E+00 0.00000E+00
 -1       543-9.18507E-05 0.00000E+00 0.00000E+00 8.88612E+01 0.00000E+00 0.00000E+00
 -1       542-3.40578E-04 0.00000E+00 0.00000E+00 3.37579E+02 0.00000E+00 0.00000E+00
 -1       541-3.49325E-04 0.00000E+00 0.00000E+00 3.46326E+02 0.00000E+00 0.00000E+00
 -1       540-3.49326E-04 0.00000E+00 0.00000E+00 3.46326E+02 0.00000E+00 0.00000E+00
 -1       539-3.40580E-04 0.00000E+00 0.00000E+00 3.37581E+02 0.00000E+00 0.00000E+00
 -1       538-9.18466E-05 0.00000E+00 0.00000E+00 8.88571E+01 0.00000E+00 0.00000E+00
 -1       527-9.18466E-05 0.00000E+00 0.00000E+00 8.88571E+01 0.00000E+00 0.00000E+00
 -1       526-3.40580E-04 0.00000E+00 0.00000E+00 3.37581E+02 0.00000E+00 0.00000E+00
 -1       525-3.49326E-04 0.00000E+00 0.00000E+00 3.46326E+02 0.00000E+00 0.00000E+00
 -1       524-3.49325E-04 0.00000E+00 0.00000E+00 3.46326E+02 0.00000E+00 0.00000E+00
 -1       523-3.40578E-04 0.00000E+00 0.00000E+00 3.37579E+02 0.00000E+00 0.00000E+00
 -1       522-9.18507E-05 0.00000E+00 0.00000E+00 8.88612E+01 0.00000E+00 0.00000E+00
 -1       511-7.27785E-05 0.00000E+00 0.00000E+00 6.97951E+01 0.00000E+00 0.00000E+00
 -1       510-3.08204E-04 0.00000E+00 0.00000E+00 3.05205E+02 0.00000E+00 0.00000E+00
 -1       509-3.04789E-04 0.00000E+00 0.00000E+00 3.01790E+02 0.00000E+00 0.00000E+00
 -1       508-3.04788E-04 0.00000E+00 0.00000E+00 3.01789E+02 0.00000E+00 0.00000E+00
 -1       507-3.08200E-04 0.00000E+00 0.00000E+00 3.05201E+02 0.00000E+00 0.00000E+00
 -1       506-7.27819E-05 0.00000E+00 0.00000E+00 6.97985E+01 0.00000E+00 0.00000E+00
 -1       495-9.57053E-05 0.00000E+00 0.00000E+00 9.27149E+01 0.00000E+00 0.00000E+00
 -1       494-3.43925E-04 0.00000E+00 0.00000E+00 3.40926E+02 0.00000E+00 0.00000E+00
 -1       493-3.61539E-04 0.00000E+00 0.00000E+00 3.58539E+02 0.00000E+00 0.00000E+00
 -1       492-3.61539E-04 0.00000E+00 0.00000E+00 3.58540E+02 0.00000E+00 0.00000E+00
 -1       491-3.43928E-04 0.00000E+00 0.00000E+00 3.40928E+02 0.00000E+00 0.00000E+00
 -1       490-9.56994E-05 0.00000E+00 0.00000E+00 9.27091E+01 0.00000E+00 0.00000E+00
 -1       479-1.29262E-04 0.00000E+00 0.00000E+00 1.26268E+02 0.00000E+00 0.00000E+00
 -1       478-3.81613E-04 0.00000E+00 0.00000E+00 3.78614E+02 0.00000E+00 0.00000E+00
 -1       477-4.21379E-04 0.00000E+00 0.00000E+00 4.18379E+02 0.00000E+00 0.00000E+00
 -1       476-4.21379E-04 0.00000E+00 0.00000E+00 4.18380E+02 0.00000E+00 0.00000E+00
 -1       475-3.81615E-04 0.00000E+00 0.00000E+00 3.78616E+02 0.00000E+00 0.00000E+00
 -1       474-1.29266E-04 0.00000E+00 0.00000E+00 1.26271E+02 0.00000E+00 0.00000E+00
 -3
    1PSTEP                         8           2           1          
  100CL  102 6.80000E-01        1236                     0    2           1
 -4  ERROR       1    1
 -5  STR(%)      1    1    0    0
 -1         1 4.55864E+01
 -1         2 4.55864E+01
 -1         3 4.34240E+01
 -1         4 3.88046E+01
 -1         5 3.27320E+01
 -1         6 3.02825E+01
 -1         7 1.67580E+01
 -1         8 3.02826E+01
 -1         9 3.27321E+01
 -1        10 3.88045E+01
 -1        11 4.34239E+01
 -1        12 4.55864E+01
 -1        13 4.55864E+01
 -1        14 4.55864E+01
 -1        15 4.55864E+01
 -1        16 4.99916E+01
 -1        17 5.03739E+01
 -1        18 5.03739E+01
 -1        19 4.69133E+01
 -1        20 3.22825E+01
 -1        21 4.69133E+01
 -1        22 5.03740E+01
 -1        23 5.03740E+01
 -1        24 4.99916E+01
 -1        25 4.55864E+01
 -1        26 4.55864E+01
 -1        27 4.70770E+01
 -1        28 5.81267E+01
 -1        29 5.81267E+01
 -1        30 5.03739E+01
 -1        31 5.03739E+01
 -1        32 4.69133E+01
 -1        33 3.22825E+01
 -1        34 4.69133E+01
 -1        35 5.03740E+01
 -1        36 5.03740E+01
 -1        37 5.81267E+01
 -1        38 5.81267E+01
 -1        39 4.70771E+01
 -1        40 4.77411E+01
 -1        41 6.34550E+01
 -1        42 6.34550E+01
 -1        43 4.66342E+01
 -1        44 3.85190E+01
 -1        45 3.59399E+01
 -1        46 1.95998E+01
 -1        47 3.59399E+01
 -1        48 3.85188E+01
 -1        49 4.66340E+01
 -1        50 6.34547E+01
 -1        51 6.34547E+01
 -1        52 4.77412E+01
 -1        53 4.77412E+01
 -1        54 6.34550E+01
 -1        55 6.34550E+01
 -1        56 4.03878E+01
 -1        57 2.84529E+01
 -1        58 2.70774E+01
 -1        59 8.24930E+00
 -1        60 2.70774E+01
 -1        61 2.84529E+01
 -1        62 4.03878E+01
 -1        63 6.34550E+01
 -1        64 6.34550E+01
 -1        65 4.77412E+01
 -1        66 4.77412E+01
 -1        67 6.34547E+01
 -1        68 6.34547E+01
 -1        69 4.66340E+01
 -1        70 3.85188E+01
 -1        71 3.59399E+01
 -1        72 1.95998E+01
 -1        73 3.59399E+01
 -1        74 3.85190E+01
 -1        75 4.66342E+01
 -1        76 6.34550E+01
 -1        77 6.34550E+01
 -1        78 4.77411E+01
 -1        79 4.70771E+01
 -1        80 5.81267E+01
 -1        81 5.81267E+01
 -1        82 5.03740E+01
 -1        83 5.03740E+01
 -1        84 4.69133E+01
 -1        85 3.22825E+01
 -1        86 4.69133E+01
 -1        87 5.03739E+01
 -1        88 5.03739E+01
 -1        89 5.81267E+01
 -1        90 5.81267E+01
 -1        91 4.70770E+01
 -1        92 4.55864E+01
 -1        93 4.55864E+01
 -1        94 4.99916E+01
 -1        95 5.03740E+01
 -1        96 5.03740E+01
 -1        97 4.69133E+01
 -1        98 3.22825E+01
 -1        99 4.69133E+01
 -1       100 5.03739E+01
 -1       101 5.03739E+01
 -1       102 4.99916E+01
 -1       103 4.55864E+01
 -1       104 4.55864E+01
 -1       105 4.55864E+01
 -1       106 4.55864E+01
 -1       107 4.34239E+01
 -1       108 3.88045E+01
 -1       109 3.27321E+01
 -1       110 3.02826E+01
 -1       111 1.67580E+01
 -1       112 3.02825E+01
 -1       113 3.27320E+01
 -1       114 3.88046E+01
 -1       115 4.34240E+01
 -1       116 4.55864E+01
 -1       117 4.55864E+01
 -1       118 4.83318E+01
 -1       119 4.83318E+01
 -1       120 4.34240E+01
 -1       121 4.03429E+01
 -1       122 7.51097E+01
 -1       123 7.51097E+01
 -1       124 7.44847E+01
 -1       125 7.51099E+01
 -1       126 7.51099E+01
 -1       127 4.03427E+01
 -1       128 4.34239E+01
 -1       129 4.83317E+01
 -1       130 4.83317E+01
 -1       131 5.34076E+01
 -1       132 5.34076E+01
 -1       133 5.64718E+01
 -1       134 5.64718E+01
 -1       135 7.51097E+01
 -1       136 7.51097E+01
 -1       137 7.44847E+01
 -1       138 7.51099E+01
 -1       139 7.51099E+01
 -1       140 5.64718E+01
 -1       141 5.64718E+01
 -1       142 5.34074E+01
 -1       143 5.34074E+01
 -1       144 5.34076E+01
 -1       145 5.81267E+01
 -1       146 6.13566E+01
 -1       147 6.13566E+01
 -1       148 6.03672E+01
 -1       149 6.03672E+01
 -1       150 5.03872E+01
 -1       151 6.03675E+01
 -1       152 6.03675E+01
 -1       153 6.13566E+01
 -1       154 6.13566E+01
 -1       155 5.81267E+01
 -1       156 5.34074E+01
 -1       157 1.20366E+02
 -1       158 1.20366E+02
 -1       159 6.34550E+01
 -1       160 6.13566E+01
 -1       161 4.75114E+01
 -1       162 4.75114E+01
 -1       163 3.40747E+01
 -1       164 4.75107E+01
 -1       165 4.75107E+01
 -1       166 6.13566E+01
 -1       167 6.34547E+01
 -1       168 1.20366E+02
 -1       169 1.20366E+02
 -1       170 1.20366E+02
 -1       171 1.20366E+02
 -1       172 6.34550E+01
 -1       173 5.27013E+01
 -1       174 3.71040E+01
 -1       175 3.71040E+01
 -1       176 2.03233E+01
 -1       177 3.71040E+01
 -1       178 3.71040E+01
 -1       179 5.27013E+01
 -1       180 6.34550E+01
 -1       181 1.20366E+02
 -1       182 1.20366E+02
 -1       183 1.20366E+02
 -1       184 1.20366E+02
 -1       185 6.34547E+01
 -1       186 6.13566E+01
 -1       187 4.75107E+01
 -1       188 4.75107E+01
 -1       189 3.40747E+01
 -1       190 4.75114E+01
 -1       191 4.75114E+01
 -1       192 6.13566E+01
 -1       193 6.34550E+01
 -1       194 1.20366E+02
 -1       195 1.20366E+02
 -1       196 5.34074E+01
 -1       197 5.81267E+01
 -1       198 6.13566E+01
 -1       199 6.13566E+01
 -1       200 6.03675E+01
 -1       201 6.03675E+01
 -1       202 5.03872E+01
 -1       203 6.03672E+01
 -1       204 6.03672E+01
 -1       205 6.13566E+01
 -1       206 6.13566E+01
 -1       207 5.81267E+01
 -1       208 5.34076E+01
 -1       209 5.34074E+01
 -1       210 5.34074E+01
 -1       211 5.64718E+01
 -1       212 5.64718E+01
 -1       213 7.51099E+01
 -1       214 7.51099E+01
 -1       215 7.44847E+01
 -1       216 7.51097E+01
 -1       217 7.51097E+01
 -1       218 5.64718E+01
 -1       219 5.64718E+01
 -1       220 5.34076E+01
 -1       221 5.34076E+01
 -1       222 4.83317E+01
 -1       223 4.83317E+01
 -1       224 4.34239E+01
 -1       225 4.03427E+01
 -1       226 7.51099E+01
 -1       227 7.51099E+01
 -1       228 7.44847E+01
 -1       229 7.51097E+01
 -1       230 7.51097E+01
 -1       231 4.03429E+01
 -1       232 4.34240E+01
 -1       233 4.83318E+01
 -1       234 4.83318E+01
 -1       235 8.43181E+01
 -1       236 1.24820E+02
 -1       237 1.24820E+02
 -1       238 8.99369E+01
 -1       239 1.37445E+02
 -1       240 1.37445E+02
 -1       241 1.16318E+02
 -1       242 1.37452E+02
 -1       243 1.37452E+02
 -1       244 8.99373E+01
 -1       245 1.24820E+02
 -1       246 1.24820E+02
 -1       247 8.43178E+01
 -1       248 8.43181E+01
 -1       249 1.24820E+02
 -1       250 1.24820E+02
 -1       251 1.06707E+02
 -1       252 1.37445E+02
 -1       253 1.37445E+02
 -1       254 1.16318E+02
 -1       255 1.37452E+02
 -1       256 1.37452E+02
 -1       257 1.06708E+02
 -1       258 1.24820E+02
 -1       259 1.24820E+02
 -1       260 8.43178E+01
 -1       261 7.80553E+01
 -1       262 7.80553E+01
 -1       263 7.56842E+01
 -1       264 1.08836E+02
 -1       265 1.08836E+02
 -1       266 8.86279E+01
 -1       267 7.52773E+01
 -1       268 8.86293E+01
 -1       269 1.08836E+02
 -1       270 1.08836E+02
 -1       271 7.56832E+01
 -1       272 7.80541E+01
 -1       273 7.80541E+01
 -1       274 1.20366E+02
 -1       275 1.20366E+02
 -1       276 7.58650E+01
 -1       277 1.08836E+02
 -1       278 1.08836E+02
 -1       279 6.48051E+01
 -1       280 4.23679E+01
 -1       281 6.48032E+01
 -1       282 1.08836E+02
 -1       283 1.08836E+02
 -1       284 7.58648E+01
 -1       285 1.20366E+02
 -1       286 1.20366E+02
 -1       287 1.20366E+02
 -1       288 1.20366E+02
 -1       289 7.58650E+01
 -1       290 1.05493E+02
 -1       291 1.05493E+02
 -1       292 5.98313E+01
 -1       293 4.13728E+01
 -1       294 5.98313E+01
 -1       295 1.05493E+02
 -1       296 1.05493E+02
 -1       297 7.58650E+01
 -1       298 1.20366E+02
 -1       299 1.20366E+02
 -1       300 1.20366E+02
 -1       301 1.20366E+02
 -1       302 7.58648E+01
 -1       303 1.08836E+02
 -1       304 1.08836E+02
 -1       305 6.48032E+01
 -1       306 4.23679E+01
 -1       307 6.48051E+01
 -1       308 1.08836E+02
 -1       309 1.08836E+02
 -1       310 7.58650E+01
 -1       311 1.20366E+02
 -1       312 1.20366E+02
 -1       313 7.80541E+01
 -1       314 7.80541E+01
 -1       315 7.56832E+01
 -1       316 1.08836E+02
 -1       317 1.08836E+02
 -1       318 8.86293E+01
 -1       319 7.52773E+01
 -1       320 8.86279E+01
 -1       321 1.08836E+02
 -1       322 1.08836E+02
 -1       323 7.56842E+01
 -1       324 7.80553E+01
 -1       325 7.80553E+01
 -1       326 8.43178E+01
 -1       327 1.24820E+02
 -1       328 1.24820E+02
 -1       329 1.06708E+02
 -1       330 1.37452E+02
 -1       331 1.37452E+02
 -1       332 1.16318E+02
 -1       333 1.37445E+02
 -1       334 1.37445E+02
 -1       335 1.06707E+02
 -1       336 1.24820E+02
 -1       337 1.24820E+02
 -1       338 8.43181E+01
 -1       339 8.43178E+01
 -1       340 1.24820E+02
 -1       341 1.24820E+02
 -1       342 8.99373E+01
 -1       343 1.37452E+02
 -1       344 1.37452E+02
 -1       345 1.16318E+02
 -1       346 1.37445E+02
 -1       347 1.37445E+02
 -1       348 8.99369E+01
 -1       349 1.24820E+02
 -1       350 1.24820E+02
 -1       351 8.43181E+01
 -1       352 8.43181E+01
 -1       353 1.24820E+02
 -1       354 1.24820E+02
 -1       355 8.99369E+01
 -1       356 1.37445E+02
 -1       357 1.37445E+02
 -1       358 1.16318E+02
 -1       359 1.37452E+02
 -1       360 1.37452E+02
 -1       361 8.99373E+01
 -1       362 1.24820E+02
 -1       363 1.24820E+02
 -1       364 8.43178E+01
 -1       365 8.43181E+01
 -1       366 1.24820E+02
 -1       367 1.24820E+02
 -1       368 1.06707E+02
 -1       369 1.37445E+02
 -1       370 1.37445E+02
 -1       371 1.16318E+02
 -1       372 1.37452E+02
 -1       373 1.37452E+02
 -1       374 1.06708E+02
 -1       375 1.24820E+02
 -1       376 1.24820E+02
 -1       377 8.43178E+01
 -1       378 7.80553E+01
 -1       379 7.80553E+01
 -1       380 7.56842E+01
 -1       381 1.08836E+02
 -1       382 1.08836E+02
 -1       383 8.86279E+01
 -1       384 7.52773E+01
 -1       385 8.86293E+01
 -1       386 1.08836E+02
 -1       387 1.08836E+02
 -1       388 7.56832E+01
 -1       389 7.80541E+01
 -1       390 7.80541E+01
 -1       391 6.89853E+01
 -1       392 6.89853E+01
 -1       393 7.58650E+01
 -1       394 1.08836E+02
 -1       395 1.08836E+02
 -1       396 6.48051E+01
 -1       397 4.23679E+01
 -1       398 6.48032E+01
 -1       399 1.08836E+02
 -1       400 1.08836E+02
 -1       401 7.58648E+01
 -1       402 6.89850E+01
 -1       403 6.89850E+01
 -1       404 5.60510E+01
 -1       405 6.87647E+01
 -1       406 7.58650E+01
 -1       407 1.05493E+02
 -1       408 1.05493E+02
 -1       409 5.98313E+01
 -1       410 4.13728E+01
 -1       411 5.98313E+01
 -1       412 1.05493E+02
 -1       413 1.05493E+02
 -1       414 7.58650E+01
 -1       415 6.87647E+01
 -1       416 5.60510E+01
 -1       417 6.89850E+01
 -1       418 6.89850E+01
 -1       419 7.58648E+01
 -1       420 1.08836E+02
 -1       421 1.08836E+02
 -1       422 6.48032E+01
 -1       423 4.23679E+01
 -1       424 6.48051E+01
 -1       425 1.08836E+02
 -1       426 1.08836E+02
 -1       427 7.58650E+01
 -1       428 6.89853E+01
 -1       429 6.89853E+01
 -1       430 7.80541E+01
 -1       431 7.80541E+01
 -1       432 7.56832E+01
 -1       433 1.08836E+02
 -1       434 1.08836E+02
 -1       435 8.86293E+01
 -1       436 7.52773E+01
 -1       437 8.86279E+01
 -1       438 1.08836E+02
 -1       439 1.08836E+02
 -1       440 7.56842E+01
 -1       441 7.80553E+01
 -1       442 7.80553E+01
 -1       443 8.43178E+01
 -1       444 1.24820E+02
 -1       445 1.24820E+02
 -1       446 1.06708E+02
 -1       447 1.37452E+02
 -1       448 1.37452E+02
 -1       449 1.16318E+02
 -1       450 1.37445E+02
 -1       451 1.37445E+02
 -1       452 1.06707E+02
 -1       453 1.24820E+02
 -1       454 1.24820E+02
 -1       455 8.43181E+01
 -1       456 8.43178E+01
 -1       457 1.24820E+02
 -1       458 1.24820E+02
 -1       459 8.99373E+01
 -1       460 1.37452E+02
 -1       461 1.37452E+02
 -1       462 1.16318E+02
 -1       463 1.37445E+02
 -1       464 1.37445E+02
 -1       465 8.99369E+01
 -1       466 1.24820E+02
 -1       467 1.24820E+02
 -1       468 8.43181E+01
 -1       469 4.88145E+01
 -1       470 7.82110E+01
 -1       471 1.01928E+02
 -1       472 1.01928E+02
 -1       473 8.83605E+01
 -1       474 4.92359E+01
 -1       475 3.96491E+01
 -1       476 3.88369E+00
 -1       477 3.88383E+00
 -1       478 3.96474E+01
 -1       479 4.92239E+01
 -1       480 8.83585E+01
 -1       481 1.01927E+02
 -1       482 1.01927E+02
 -1       483 7.82104E+01
 -1       484 4.88140E+01
 -1       485 5.24426E+01
 -1       486 7.82110E+01
 -1       487 1.01928E+02
 -1       488 1.01928E+02
 -1       489 8.83605E+01
 -1       490 4.92359E+01
 -1       491 3.96491E+01
 -1       492 4.27932E+00
 -1       493 4.27901E+00
 -1       494 3.96474E+01
 -1       495 4.92239E+01
 -1       496 8.83585E+01
 -1       497 1.01927E+02
 -1       498 1.01927E+02
 -1       499 7.82104E+01
 -1       500 5.24418E+01
 -1       501 5.24426E+01
 -1       502 5.98039E+01
 -1       503 7.00816E+01
 -1       504 7.19523E+01
 -1       505 7.19523E+01
 -1       506 3.82279E+01
 -1       507 3.82279E+01
 -1       508 4.27932E+00
 -1       509 4.27901E+00
 -1       510 3.82283E+01
 -1       511 3.82283E+01
 -1       512 7.19507E+01
 -1       513 7.19507E+01
 -1       514 7.00818E+01
 -1       515 5.98023E+01
 -1       516 5.24418E+01
 -1       517 3.27686E+01
 -1       518 5.11434E+01
 -1       519 5.26268E+01
 -1       520 5.40364E+01
 -1       521 5.40364E+01
 -1       522 3.76940E+01
 -1       523 3.76940E+01
 -1       524 3.33672E+00
 -1       525 3.33670E+00
 -1       526 3.76954E+01
 -1       527 3.76954E+01
 -1       528 5.40361E+01
 -1       529 5.40361E+01
 -1       530 5.26270E+01
 -1       531 5.11435E+01
 -1       532 3.27686E+01
 -1       533 3.27686E+01
 -1       534 5.11435E+01
 -1       535 5.26270E+01
 -1       536 5.40361E+01
 -1       537 5.40361E+01
 -1       538 3.76954E+01
 -1       539 3.76954E+01
 -1       540 3.33670E+00
 -1       541 3.33672E+00
 -1       542 3.76940E+01
 -1       543 3.76940E+01
 -1       544 5.40364E+01
 -1       545 5.40364E+01
 -1       546 5.26268E+01
 -1       547 5.11434E+01
 -1       548 3.27686E+01
 -1       549 5.24418E+01
 -1       550 5.98023E+01
 -1       551 7.00818E+01
 -1       552 7.19507E+01
 -1       553 7.19507E+01
 -1       554 3.82283E+01
 -1       555 3.82283E+01
 -1       556 4.27901E+00
 -1       557 4.27932E+00
 -1       558 3.82279E+01
 -1       559 3.82279E+01
 -1       560 7.19523E+01
 -1       561 7.19523E+01
 -1       562 7.00816E+01
 -1       563 5.98039E+01
 -1       564 5.24426E+01
 -1       565 5.24418E+01
 -1       566 7.82104E+01
 -1       567 1.01927E+02
 -1       568 1.01927E+02
 -1       569 8.83585E+01
 -1       570 4.92239E+01
 -1       571 3.96474E+01
 -1       572 4.27901E+00
 -1       573 4.27932E+00
 -1       574 3.96491E+01
 -1       575 4.92359E+01
 -1       576 8.83605E+01
 -1       577 1.01928E+02
 -1       578 1.01928E+02
 -1       579 7.82110E+01
 -1       580 5.24426E+01
 -1       581 4.88140E+01
 -1       582 7.82104E+01
 -1       583 1.01927E+02
 -1       584 1.01927E+02
 -1       585 8.83585E+01
 -1       586 4.92239E+01
 -1       587 3.96474E+01
 -1       588 3.88383E+00
 -1       589 3.88369E+00
 -1       590 3.96491E+01
 -1       591 4.92359E+01
 -1       592 8.83605E+01
 -1       593 1.01928E+02
 -1       594 1.01928E+02
 -1       595 7.82110E+01
 -1       596 4.88145E+01
 -1       597 6.49938E+01
 -1       598 7.82110E+01
 -1       599 1.01928E+02
 -1       600 1.01928E+02
 -1       601 8.83605E+01
 -1       602 4.92359E+01
 -1       603 3.96491E+01
 -1       604 1.17202E+01
 -1       605 1.17203E+01
 -1       606 3.96474E+01
 -1       607 4.92239E+01
 -1       608 8.83585E+01
 -1       609 1.01927E+02
 -1       610 1.01927E+02
 -1       611 7.82104E+01
 -1       612 6.49939E+01
 -1       613 6.49938E+01
 -1       614 7.82110E+01
 -1       615 1.01928E+02
 -1       616 1.01928E+02
 -1       617 8.83605E+01
 -1       618 4.92359E+01
 -1       619 3.96491E+01
 -1       620 1.17202E+01
 -1       621 1.17203E+01
 -1       622 3.96474E+01
 -1       623 4.92239E+01
 -1       624 8.83585E+01
 -1       625 1.01927E+02
 -1       626 1.01927E+02
 -1       627 7.82104E+01
 -1       628 6.49939E+01
 -1       629 5.59157E+01
 -1       630 5.98039E+01
 -1       631 7.00816E+01
 -1       632 7.19523E+01
 -1       633 7.19523E+01
 -1       634 3.82279E+01
 -1       635 3.82279E+01
 -1       636 5.78486E+00
 -1       637 5.78436E+00
 -1       638 3.82283E+01
 -1       639 3.82283E+01
 -1       640 7.19507E+01
 -1       641 7.19507E+01
 -1       642 7.00818E+01
 -1       643 5.98023E+01
 -1       644 5.59153E+01
 -1       645 5.36613E+01
 -1       646 5.36613E+01
 -1       647 5.26268E+01
 -1       648 5.40364E+01
 -1       649 5.40364E+01
 -1       650 3.76940E+01
 -1       651 3.76940E+01
 -1       652 4.50142E+00
 -1       653 4.50136E+00
 -1       654 3.76954E+01
 -1       655 3.76954E+01
 -1       656 5.40361E+01
 -1       657 5.40361E+01
 -1       658 5.26270E+01
 -1       659 5.36613E+01
 -1       660 5.36613E+01
 -1       661 5.36613E+01
 -1       662 5.36613E+01
 -1       663 5.26270E+01
 -1       664 5.40361E+01
 -1       665 5.40361E+01
 -1       666 3.76954E+01
 -1       667 3.76954E+01
 -1       668 4.50136E+00
 -1       669 4.50142E+00
 -1       670 3.76940E+01
 -1       671 3.76940E+01
 -1       672 5.40364E+01
 -1       673 5.40364E+01
 -1       674 5.26268E+01
 -1       675 5.36613E+01
 -1       676 5.36613E+01
 -1       677 5.59153E+01
 -1       678 5.98023E+01
 -1       679 7.00818E+01
 -1       680 7.19507E+01
 -1       681 7.19507E+01
 -1       682 3.82283E+01
 -1       683 3.82283E+01
 -1       684 5.78436E+00
 -1       685 5.78486E+00
 -1       686 3.82279E+01
 -1       687 3.82279E+01
 -1       688 7.19523E+01
 -1       689 7.19523E+01
 -1       690 7.00816E+01
 -1       691 5.98039E+01
 -1       692 5.59157E+01
 -1       693 6.49939E+01
 -1       694 7.82104E+01
 -1       695 1.01927E+02
 -1       696 1.01927E+02
 -1       697 8.83585E+01
 -1       698 4.92239E+01
 -1       699 3.96474E+01
 -1       700 1.17203E+01
 -1       701 1.17202E+01
 -1       702 3.96491E+01
 -1       703 4.92359E+01
 -1       704 8.83605E+01
 -1       705 1.01928E+02
 -1       706 1.01928E+02
 -1       707 7.82110E+01
 -1       708 6.49938E+01
 -1       709 6.49939E+01
 -1       710 7.82104E+01
 -1       711 1.01927E+02
 -1       712 1.01927E+02
 -1       713 8.83585E+01
 -1       714 4.92239E+01
 -1       715 3.96474E+01
 -1       716 1.17203E+01
 -1       717 1.17202E+01
 -1       718 3.96491E+01
 -1       719 4.92359E+01
 -1       720 8.83605E+01
 -1       721 1.01928E+02
 -1       722 1.01928E+02
 -1       723 7.82110E+01
 -1       724 6.49938E+01
 -1       725 9.12483E+01
 -1       726 9.12483E+01
 -1       727 4.68891E+01
 -1       728 2.67890E+01
 -1       729 2.88235E+01
 -1       730 2.88235E+01
 -1       731 2.05950E+01
 -1       732 1.17202E+01
 -1       733 1.17203E+01
 -1       734 2.05949E+01
 -1       735 2.88232E+01
 -1       736 2.88232E+01
 -1       737 2.67881E+01
 -1       738 4.68890E+01
 -1       739 9.12482E+01
 -1       740 9.12482E+01
 -1       741 9.12483E+01
 -1       742 9.12483E+01
 -1       743 5.18273E+01
 -1       744 2.67890E+01
 -1       745 2.88235E+01
 -1       746 2.88235E+01
 -1       747 2.05950E+01
 -1       748 1.17202E+01
 -1       749 1.17203E+01
 -1       750 2.05949E+01
 -1       751 2.88232E+01
 -1       752 2.88232E+01
 -1       753 2.67881E+01
 -1       754 5.18277E+01
 -1       755 9.12482E+01
 -1       756 9.12482E+01
 -1       757 8.80543E+01
 -1       758 8.80543E+01
 -1       759 5.18273E+01
 -1       760 1.51661E+01
 -1       761 2.27334E+01
 -1       762 2.27334E+01
 -1       763 1.39819E+01
 -1       764 5.78486E+00
 -1       765 5.78436E+00
 -1       766 1.39817E+01
 -1       767 2.27334E+01
 -1       768 2.27334E+01
 -1       769 1.51684E+01
 -1       770 5.18277E+01
 -1       771 8.80551E+01
 -1       772 8.80551E+01
 -1       773 9.53542E+01
 -1       774 9.53542E+01
 -1       775 5.19663E+01
 -1       776 1.33259E+01
 -1       777 2.13907E+01
 -1       778 2.13907E+01
 -1       779 1.15064E+01
 -1       780 4.50142E+00
 -1       781 4.50136E+00
 -1       782 1.15064E+01
 -1       783 2.13913E+01
 -1       784 2.13913E+01
 -1       785 1.33252E+01
 -1       786 5.19663E+01
 -1       787 9.53542E+01
 -1       788 9.53542E+01
 -1       789 9.53542E+01
 -1       790 9.53542E+01
 -1       791 5.19663E+01
 -1       792 1.33252E+01
 -1       793 2.13913E+01
 -1       794 2.13913E+01
 -1       795 1.15064E+01
 -1       796 4.50136E+00
 -1       797 4.50142E+00
 -1       798 1.15064E+01
 -1       799 2.13907E+01
 -1       800 2.13907E+01
 -1       801 1.33259E+01
 -1       802 5.19663E+01
 -1       803 9.53542E+01
 -1       804 9.53542E+01
 -1       805 8.80551E+01
 -1       806 8.80551E+01
 -1       807 5.18277E+01
 -1       808 1.51684E+01
 -1       809 2.27334E+01
 -1       810 2.27334E+01
 -1       811 1.39817E+01
 -1       812 5.78436E+00
 -1       813 5.78486E+00
 -1       814 1.39819E+01
 -1       815 2.27334E+01
 -1       816 2.27334E+01
 -1       817 1.51661E+01
 -1       818 5.18273E+01
 -1       819 8.80543E+01
 -1       820 8.80543E+01
 -1       821 9.12482E+01
 -1       822 9.12482E+01
 -1       823 5.18277E+01
 -1       824 2.67881E+01
 -1       825 2.88232E+01
 -1       826 2.88232E+01
 -1       827 2.05949E+01
 -1       828 1.17203E+01
 -1       829 1.17202E+01
 -1       830 2.05950E+01
 -1       831 2.88235E+01
 -1       832 2.88235E+01
 -1       833 2.67890E+01
 -1       834 5.18273E+01
 -1       835 9.12483E+01
 -1       836 9.12483E+01
 -1       837 9.12482E+01
 -1       838 9.12482E+01
 -1       839 4.68890E+01
 -1       840 2.67881E+01
 -1       841 2.88232E+01
 -1       842 2.88232E+01
 -1       843 2.05949E+01
 -1       844 1.17203E+01
 -1       845 1.17202E+01
 -1       846 2.05950E+01
 -1       847 2.88235E+01
 -1       848 2.88235E+01
 -1       849 2.67890E+01
 -1       850 4.68891E+01
 -1       851 9.12483E+01
 -1       852 9.12483E+01
 -1       853 9.12483E+01
 -1       854 9.12483E+01
 -1       855 3.38839E+01
 -1       856 1.43335E+01
 -1       857 1.43335E+01
 -1       858 1.04746E+01
 -1       859 6.52320E+00
 -1       860 3.89342E+00
 -1       861 3.89341E+00
 -1       862 6.52317E+00
 -1       863 1.04746E+01
 -1       864 1.43336E+01
 -1       865 1.43336E+01
 -1       866 3.38840E+01
 -1       867 9.12482E+01
 -1       868 9.12482E+01
 -1       869 9.12483E+01
 -1       870 9.12483E+01
 -1       871 3.76778E+01
 -1       872 1.48631E+01
 -1       873 1.48631E+01
 -1       874 1.05429E+01
 -1       875 6.52320E+00
 -1       876 3.89342E+00
 -1       877 3.89341E+00
 -1       878 6.52317E+00
 -1       879 1.05429E+01
 -1       880 1.48631E+01
 -1       881 1.48631E+01
 -1       882 3.76782E+01
 -1       883 9.12482E+01
 -1       884 9.12482E+01
 -1       885 9.69134E+01
 -1       886 9.69134E+01
 -1       887 3.79054E+01
 -1       888 1.48631E+01
 -1       889 1.48631E+01
 -1       890 1.05429E+01
 -1       891 6.12968E+00
 -1       892 3.77737E+00
 -1       893 3.77738E+00
 -1       894 6.12975E+00
 -1       895 1.05429E+01
 -1       896 1.48631E+01
 -1       897 1.48631E+01
 -1       898 3.79055E+01
 -1       899 9.69136E+01
 -1       900 9.69136E+01
 -1       901 9.71934E+01
 -1       902 9.71934E+01
 -1       903 3.79054E+01
 -1       904 1.16924E+01
 -1       905 1.16924E+01
 -1       906 7.41743E+00
 -1       907 4.63245E+00
 -1       908 3.15891E+00
 -1       909 3.15891E+00
 -1       910 4.63243E+00
 -1       911 7.41741E+00
 -1       912 1.16927E+01
 -1       913 1.16927E+01
 -1       914 3.79055E+01
 -1       915 9.71934E+01
 -1       916 9.71934E+01
 -1       917 9.71934E+01
 -1       918 9.71934E+01
 -1       919 3.79055E+01
 -1       920 1.16927E+01
 -1       921 1.16927E+01
 -1       922 7.41741E+00
 -1       923 4.63243E+00
 -1       924 3.15891E+00
 -1       925 3.15891E+00
 -1       926 4.63245E+00
 -1       927 7.41743E+00
 -1       928 1.16924E+01
 -1       929 1.16924E+01
 -1       930 3.79054E+01
 -1       931 9.71934E+01
 -1       932 9.71934E+01
 -1       933 9.69136E+01
 -1       934 9.69136E+01
 -1       935 3.79055E+01
 -1       936 1.48631E+01
 -1       937 1.48631E+01
 -1       938 1.05429E+01
 -1       939 6.12975E+00
 -1       940 3.77738E+00
 -1       941 3.77737E+00
 -1       942 6.12968E+00
 -1       943 1.05429E+01
 -1       944 1.48631E+01
 -1       945 1.48631E+01
 -1       946 3.79054E+01
 -1       947 9.69134E+01
 -1       948 9.69134E+01
 -1       949 9.12482E+01
 -1       950 9.12482E+01
 -1       951 3.76782E+01
 -1       952 1.48631E+01
 -1       953 1.48631E+01
 -1       954 1.05429E+01
 -1       955 6.52317E+00
 -1       956 3.89341E+00
 -1       957 3.89342E+00
 -1       958 6.52320E+00
 -1       959 1.05429E+01
 -1       960 1.48631E+01
 -1       961 1.48631E+01
 -1       962 3.76778E+01
 -1       963 9.12483E+01
 -1       964 9.12483E+01
 -1       965 9.12482E+01
 -1       966 9.12482E+01
 -1       967 3.38840E+01
 -1       968 1.43336E+01
 -1       969 1.43336E+01
 -1       970 1.04746E+01
 -1       971 6.52317E+00
 -1       972 3.89341E+00
 -1       973 3.89342E+00
 -1       974 6.52320E+00
 -1       975 1.04746E+01
 -1       976 1.43335E+01
 -1       977 1.43335E+01
 -1       978 3.38839E+01
 -1       979 9.12483E+01
 -1       980 9.12483E+01
 -1       981 7.66553E+01
 -1       982 7.66553E+01
 -1       983 1.42706E+01
 -1       984 1.59976E+01
 -1       985 1.59976E+01
 -1       986 1.47921E+01
 -1       987 1.15751E+01
 -1       988 7.24907E+00
 -1       989 7.24907E+00
 -1       990 1.15752E+01
 -1       991 1.47922E+01
 -1       992 1.59976E+01
 -1       993 1.59976E+01
 -1       994 1.42706E+01
 -1       995 7.66555E+01
 -1       996 7.66555E+01
 -1       997 8.90314E+01
 -1       998 8.90314E+01
 -1       999 1.42706E+01
 -1      1000 1.59976E+01
 -1      1001 1.59976E+01
 -1      1002 1.47921E+01
 -1      1003 1.15751E+01
 -1      1004 7.24907E+00
 -1      1005 7.24907E+00
 -1      1006 1.15752E+01
 -1      1007 1.47922E+01
 -1      1008 1.59976E+01
 -1      1009 1.59976E+01
 -1      1010 1.42706E+01
 -1      1011 8.90317E+01
 -1      1012 8.90317E+01
 -1      1013 9.69134E+01
 -1      1014 9.69134E+01
 -1      1015 1.20112E+01
 -1      1016 1.20112E+01
 -1      1017 1.11667E+01
 -1      1018 9.41399E+00
 -1      1019 5.48271E+00
 -1      1020 3.70233E+00
 -1      1021 3.70233E+00
 -1      1022 5.48273E+00
 -1      1023 9.41401E+00
 -1      1024 1.11667E+01
 -1      1025 1.20113E+01
 -1      1026 1.20113E+01
 -1      1027 9.69136E+01
 -1      1028 9.69136E+01
 -1      1029 9.71934E+01
 -1      1030 9.71934E+01
 -1      1031 5.61814E+00
 -1      1032 5.61814E+00
 -1      1033 4.95861E+00
 -1      1034 4.62090E+00
 -1      1035 3.76613E+00
 -1      1036 2.25116E+00
 -1      1037 2.25116E+00
 -1      1038 3.76613E+00
 -1      1039 4.62089E+00
 -1      1040 4.95861E+00
 -1      1041 5.61816E+00
 -1      1042 5.61816E+00
 -1      1043 9.71934E+01
 -1      1044 9.71934E+01
 -1      1045 9.71934E+01
 -1      1046 9.71934E+01
 -1      1047 5.61816E+00
 -1      1048 5.61816E+00
 -1      1049 4.95861E+00
 -1      1050 4.62089E+00
 -1      1051 3.76613E+00
 -1      1052 2.25116E+00
 -1      1053 2.25116E+00
 -1      1054 3.76613E+00
 -1      1055 4.62090E+00
 -1      1056 4.95861E+00
 -1      1057 5.61814E+00
 -1      1058 5.61814E+00
 -1      1059 9.71934E+01
 -1      1060 9.71934E+01
 -1      1061 9.69136E+01
 -1      1062 9.69136E+01
 -1      1063 1.20113E+01
 -1      1064 1.20113E+01
 -1      1065 1.11667E+01
 -1      1066 9.41401E+00
 -1      1067 5.48273E+00
 -1      1068 3.70233E+00
 -1      1069 3.70233E+00
 -1      1070 5.48271E+00
 -1      1071 9.41399E+00
 -1      1072 1.11667E+01
 -1      1073 1.20112E+01
 -1      1074 1.20112E+01
 -1      1075 9.69134E+01
 -1      1076 9.69134E+01
 -1      1077 8.90317E+01
 -1      1078 8.90317E+01
 -1      1079 1.42706E+01
 -1      1080 1.59976E+01
 -1      1081 1.59976E+01
 -1      1082 1.47922E+01
 -1      1083 1.15752E+01
 -1      1084 7.24907E+00
 -1      1085 7.24907E+00
 -1      1086 1.15751E+01
 -1      1087 1.47921E+01
 -1      1088 1.59976E+01
 -1      1089 1.59976E+01
 -1      1090 1.42706E+01
 -1      1091 8.90314E+01
 -1      1092 8.90314E+01
 -1      1093 7.66555E+01
 -1      1094 7.66555E+01
 -1      1095 1.42706E+01
 -1      1096 1.59976E+01
 -1      1097 1.59976E+01
 -1      1098 1.47922E+01
 -1      1099 1.15752E+01
 -1      1100 7.24907E+00
 -1      1101 7.24907E+00
 -1      1102 1.15751E+01
 -1      1103 1.47921E+01
 -1      1104 1.59976E+01
 -1      1105 1.59976E+01
 -1      1106 1.42706E+01
 -1      1107 7.66553E+01
 -1      1108 7.66553E+01
 -1      1109 2.12638E+01
 -1      1110 2.12638E+01
 -1      1111 1.42706E+01
 -1      1112 1.59976E+01
 -1      1113 1.59976E+01
 -1      1114 1.47921E+01
 -1      1115 1.15751E+01
 -1      1116 7.24907E+00
 -1      1117 7.24907E+00
 -1      1118 1.15752E+01
 -1      1119 1.47922E+01
 -1      1120 1.59976E+01
 -1      1121 1.59976E+01
 -1      1122 1.42706E+01
 -1      1123 2.12638E+01
 -1      1124 2.12638E+01
 -1      1125 2.12638E+01
 -1      1126 2.12638E+01
 -1      1127 1.42706E+01
 -1      1128 1.59976E+01
 -1      1129 1.59976E+01
 -1      1130 1.47921E+01
 -1      1131 1.15751E+01
 -1      1132 7.24907E+00
 -1      1133 7.24907E+00
 -1      1134 1.15752E+01
 -1      1135 1.47922E+01
 -1      1136 1.59976E+01
 -1      1137 1.59976E+01
 -1      1138 1.42706E+01
 -1      1139 2.12638E+01
 -1      1140 2.12638E+01
 -1      1141 1.78839E+01
 -1      1142 1.78839E+01
 -1      1143 4.26310E+00
 -1      1144 4.48710E+00
 -1      1145 4.48710E+00
 -1      1146 4.11812E+00
 -1      1147 3.27350E+00
 -1      1148 2.17083E+00
 -1      1149 2.17083E+00
 -1      1150 3.27350E+00
 -1      1151 4.11812E+00
 -1      1152 4.48710E+00
 -1      1153 4.48710E+00
 -1      1154 4.26311E+00
 -1      1155 1.78839E+01
 -1      1156 1.78839E+01
 -1      1157 1.30664E+01
 -1      1158 1.30664E+01
 -1      1159 3.79381E+00
 -1      1160 4.08055E+00
 -1      1161 4.08055E+00
 -1      1162 3.76588E+00
 -1      1163 2.94959E+00
 -1      1164 1.85426E+00
 -1      1165 1.85426E+00
 -1      1166 2.94959E+00
 -1      1167 3.76588E+00
 -1      1168 4.08055E+00
 -1      1169 4.08055E+00
 -1      1170 3.79381E+00
 -1      1171 1.30663E+01
 -1      1172 1.30663E+01
 -1      1173 1.30663E+01
 -1      1174 1.30663E+01
 -1      1175 3.79381E+00
 -1      1176 4.08055E+00
 -1      1177 4.08055E+00
 -1      1178 3.76588E+00
 -1      1179 2.94959E+00
 -1      1180 1.85426E+00
 -1      1181 1.85426E+00
 -1      1182 2.94959E+00
 -1      1183 3.76588E+00
 -1      1184 4.08055E+00
 -1      1185 4.08055E+00
 -1      1186 3.79381E+00
 -1      1187 1.30664E+01
 -1      1188 1.30664E+01
 -1      1189 1.78839E+01
 -1      1190 1.78839E+01
 -1      1191 4.26311E+00
 -1      1192 4.48710E+00
 -1      1193 4.48710E+00
 -1      1194 4.11812E+00
 -1      1195 3.27350E+00
 -1      1196 2.17083E+00
 -1      1197 2.17083E+00
 -1      1198 3.27350E+00
 -1      1199 4.11812E+00
 -1      1200 4.48710E+00
 -1      1201 4.48710E+00
 -1      1202 4.26310E+00
 -1      1203 1.78839E+01
 -1      1204 1.78839E+01
 -1      1205 2.12638E+01
 -1      1206 2.12638E+01
 -1      1207 1.42706E+01
 -1      1208 1.59976E+01
 -1      1209 1.59976E+01
 -1      1210 1.47922E+01
 -1      1211 1.15752E+01
 -1      1212 7.24907E+00
 -1      1213 7.24907E+00
 -1      1214 1.15751E+01
 -1      1215 1.47921E+01
 -1      1216 1.59976E+01
 -1      1217 1.59976E+01
 -1      1218 1.42706E+01
 -1      1219 2.12638E+01
 -1      1220 2.12638E+01
 -1      1221 2.12638E+01
 -1      1222 2.12638E+01
 -1      1223 1.42706E+01
 -1      1224 1.59976E+01
 -1      1225 1.59976E+01
 -1      1226 1.47922E+01
 -1      1227 1.15752E+01
 -1      1228 7.24907E+00
 -1      1229 7.24907E+00
 -1      1230 1.15751E+01
 -1      1231 1.47921E+01
 -1      1232 1.59976E+01
 -1      1233 1.59976E+01
 -1      1234 1.42706E+01
 -1      1235 2.12638E+01
 -1      1236 2.12638E+01
 -3
    1PSTEP                         9           3           1          
  100CL  103 1.000000000        1236                     0    3           1
 -4  DISP        4    1
 -5  D1          1    2    1    0
 -5  D2          1    2    2    0
 -5  D3          1    2    3    0
 -5  ALL         1    2    0    0    1ALL
 -1         1 0.00000E+00 0.00000E+00 0.00000E+00
 -1         2 0.00000E+00 0.00000E+00 0.00000E+00
 -1         3 0.00000E+00 0.00000E+00 0.00000E+00
 -1         4 0.00000E+00 0.00000E+00 0.00000E+00
 -1         5 0.00000E+00 0.00000E+00 0.00000E+00
 -1         6 0.00000E+00 0.00000E+00 0.00000E+00
 -1         7 0.00000E+00 0.00000E+00 0.00000E+00
 -1         8 0.00000E+00 0.00000E+00 0.00000E+00
 -1         9 0.00000E+00 0.00000E+00 0.00000E+00
 -1        10 0.00000E+00 0.00000E+00 0.00000E+00
 -1        11 0.00000E+00 0.00000E+00 0.00000E+00
 -1        12 0.00000E+00 0.00000E+00 0.00000E+00
 -1        13 0.00000E+00 0.00000E+00 0.00000E+00
 -1        14 0.00000E+00 0.00000E+00 0.00000E+00
 -1        15 0.00000E+00 0.00000E+00 0.00000E+00
 -1        16 0.00000E+00 0.00000E+00 0.00000E+00
 -1        17 0.00000E+00 0.00000E+00 0.00000E+00
 -1        18 0.00000E+00 0.00000E+00 0.00000E+00
 -1        19 0.00000E+00 0.00000E+00 0.00000E+00
 -1        20 0.00000E+00 0.00000E+00 0.00000E+00
 -1        21 0.00000E+00 0.00000E+00 0.00000E+00
 -1        22 0.00000E+00 0.00000E+00 0.00000E+00
 -1        23 0.00000E+00 0.00000E+00 0.00000E+00
 -1        24 0.00000E+00 0.00000E+00 0.00000E+00
 -1        25 0.00000E+00 0.00000E+00 0.00000E+00
 -1        26 0.00000E+00 0.00000E+00 0.00000E+00
 -1        27 0.00000E+00 0.00000E+00 0.00000E+00
 -1        28 0.00000E+00 0.00000E+00 0.00000E+00
 -1        29 0.00000E+00 0.00000E+00 0.00000E+00
 -1        30 0.00000E+00 0.00000E+00 0.00000E+00
 -1        31 0.00000E+00 0.00000E+00 0.00000E+00
 -1        32 0.00000E+00 0.00000E+00 0.00000E+00
 -1        33 0.00000E+00 0.00000E+00 0.00000E+00
 -1        34 0.00000E+00 0.00000E+00 0.00000E+00
 -1        35 0.00000E+00 0.00000E+00 0.00000E+00
 -1        36 0.00000E+00 0.00000E+00 0.00000E+00
 -1        37 0.00000E+00 0.00000E+00 0.00000E+00
 -1        38 0.00000E+00 0.00000E+00 0.00000E+00
 -1        39 0.00000E+00 0.00000E+00 0.00000E+00
 -1        40 0.00000E+00 0.00000E+00 0.00000E+00
 -1        41 0.00000E+00 0.00000E+00 0.00000E+00
 -1        42 0.00000E+00 0.00000E+00 0.00000E+00
 -1        43 0.00000E+00 0.00000E+00 0.00000E+00
 -1        44 0.00000E+00 0.00000E+00 0.00000E+00
 -1        45 0.00000E+00 0.00000E+00 0.00000E+00
 -1        46 0.00000E+00 0.00000E+00 0.00000E+00
 -1        47 0.00000E+00 0.00000E+00 0.00000E+00
 -1        48 0.00000E+00 0.00000E+00 0.00000E+00
 -1        49 0.00000E+00 0.00000E+00 0.00000E+00
 -1        50 0.00000E+00 0.00000E+00 0.00000E+00
 -1        51 0.00000E+00 0.00000E+00 0.00000E+00
 -1        52 0.00000E+00 0.00000E+00 0.00000E+00
 -1        53 0.00000E+00 0.00000E+00 0.00000E+00
 -1        54 0.00000E+00 0.00000E+00 0.00000E+00
 -1        55 0.00000E+00 0.00000E+00 0.00000E+00
 -1        56 0.00000E+00 0.00000E+00 0.00000E+00
 -1        57 0.00000E+00 0.00000E+00 0.00000E+00
 -1        58 0.00000E+00 0.00000E+00 0.00000E+00
 -1        59 0.00000E+00 0.00000E+00 0.00000E+00
 -1        60 0.00000E+00 0.00000E+00 0.00000E+00
 -1        61 0.00000E+00 0.00000E+00 0.00000E+00
 -1        62 0.00000E+00 0.00000E+00 0.00000E+00
 -1        63 0.00000E+00 0.00000E+00 0.00000E+00
 -1        64 0.00000E+00 0.00000E+00 0.00000E+00
 -1        65 0.00000E+00 0.00000E+00 0.00000E+00
 -1        66 0.00000E+00 0.00000E+00 0.00000E+00
 -1        67 0.00000E+00 0.00000E+00 0.00000E+00
 -1        68 0.00000E+00 0.00000E+00 0.00000E+00
 -1        69 0.00000E+00 0.00000E+00 0.00000E+00
 -1        70 0.00000E+00 0.00000E+00 0.00000E+00
 -1        71 0.00000E+00 0.00000E+00 0.00000E+00
 -1        72 0.00000E+00 0.00000E+00 0.00000E+00
 -1        73 0.00000E+00 0.00000E+00 0.00000E+00
 -1        74 0.00000E+00 0.00000E+00 0.00000E+00
 -1        75 0.00000E+00 0.00000E+00 0.00000E+00
 -1        76 0.00000E+00 0.00000E+00 0.00000E+00
 -1        77 0.00000E+00 0.00000E+00 0.00000E+00
 -1        78 0.00000E+00 0.00000E+00 0.00000E+00
 -1        79 0.00000E+00 0.00000E+00 0.00000E+00
 -1        80 0.00000E+00 0.00000E+00 0.00000E+00
 -1        81 0.00000E+00 0.00000E+00 0.00000E+00
 -1        82 0.00000E+00 0.00000E+00 0.00000E+00
 -1        83 0.00000E+00 0.00000E+00 0.00000E+00
 -1        84 0.00000E+00 0.00000E+00 0.00000E+00
 -1        85 0.00000E+00 0.00000E+00 0.00000E+00
 -1        86 0.00000E+00 0.00000E+00 0.00000E+00
 -1        87 0.00000E+00 0.00000E+00 0.00000E+00
 -1        88 0.00000E+00 0.00000E+00 0.00000E+00
 -1        89 0.00000E+00 0.00000E+00 0.00000E+00
 -1        90 0.00000E+00 0.00000E+00 0.00000E+00
 -1        91 0.00000E+00 0.00000E+00 0.00000E+00
 -1        92 0.00000E+00 0.00000E+00 0.00000E+00
 -1        93 0.00000E+00 0.00000E+00 0.00000E+00
 -1        94 0.00000E+00 0.00000E+00 0.00000E+00
 -1        95 0.00000E+00 0.00000E+00 0.00000E+00
 -1        96 0.00000E+00 0.00000E+00 0.00000E+00
 -1        97 0.00000E+00 0.00000E+00 0.00000E+00
 -1        98 0.00000E+00 0.00000E+00 0.00000E+00
 -1        99 0.00000E+00 0.00000E+00 0.00000E+00
 -1       100 0.00000E+00 0.00000E+00 0.00000E+00
 -1       101 0.00000E+00 0.00000E+00 0.00000E+00
 -1       102 0.00000E+00 0.00000E+00 0.00000E+00
 -1       103 0.00000E+00 0.00000E+00 0.00000E+00
 -1       104 0.00000E+00 0.00000E+00 0.00000E+00
 -1       105 0.00000E+00 0.00000E+00 0.00000E+00
 -1       106 0.00000E+00 0.00000E+00 0.00000E+00
 -1       107 0.00000E+00 0.00000E+00 0.00000E+00
 -1       108 0.00000E+00 0.00000E+00 0.00000E+00
 -1       109 0.00000E+00 0.00000E+00 0.00000E+00
 -1       110 0.00000E+00 0.00000E+00 0.00000E+00
 -1       111 0.00000E+00 0.00000E+00 0.00000E+00
 -1       112 0.00000E+00 0.00000E+00 0.00000E+00
 -1       113 0.00000E+00 0.00000E+00 0.00000E+00
 -1       114 0.00000E+00 0.00000E+00 0.00000E+00
 -1       115 0.00000E+00 0.00000E+00 0.00000E+00
 -1       116 0.00000E+00 0.00000E+00 0.00000E+00
 -1       117 0.00000E+00 0.00000E+00 0.00000E+00
 -1       118-2.09341E-04-4.00998E-05-1.26211E-04
 -1       119-2.23667E-04-6.41712E-05-1.92172E-05
 -1       120-3.59797E-04-1.58805E-04-1.64759E-05
 -1       121-5.95128E-04-4.22122E-04-9.10154E-05
 -1       122-7.85323E-04-9.89821E-04-3.39433E-04
 -1       123-6.12626E-04-1.77139E-03-7.34866E-04
 -1       124-4.23725E-09-2.16691E-03-9.39664E-04
 -1       125 6.12597E-04-1.77138E-03-7.34847E-04
 -1       126 7.85296E-04-9.89806E-04-3.39414E-04
 -1       127 5.95091E-04-4.22107E-04-9.10021E-05
 -1       128 3.59767E-04-1.58798E-04-1.64722E-05
 -1       129 2.23642E-04-6.41698E-05-1.92156E-05
 -1       130 2.09317E-04-4.01025E-05-1.26201E-04
 -1       131-1.78740E-04-1.00958E-05-1.00318E-04
 -1       132-1.81292E-04-4.13306E-05 1.18588E-05
 -1       133-2.88016E-04-1.25957E-04 5.30897E-05
 -1       134-5.37098E-04-3.67875E-04 3.64022E-06
 -1       135-7.88910E-04-9.19608E-04-3.77352E-04
 -1       136-6.50231E-04-1.71066E-03-1.09009E-03
 -1       137-2.13029E-08-2.11772E-03-1.48223E-03
 -1       138 6.50195E-04-1.71065E-03-1.09009E-03
 -1       139 7.88871E-04-9.19596E-04-3.77346E-04
 -1       140 5.37065E-04-3.67865E-04 3.64408E-06
 -1       141 2.87989E-04-1.25953E-04 5.30919E-05
 -1       142 1.81272E-04-4.13322E-05 1.18603E-05
 -1       143 1.78720E-04-1.01026E-05-1.00307E-04
 -1       144-1.52563E-04-7.73506E-06-8.27088E-05
 -1       145-1.63797E-04-3.37675E-05 2.13958E-05
 -1       146-3.13097E-04-1.10454E-04 8.28923E-05
 -1       147-7.91648E-04-3.18095E-04-3.04305E-05
 -1       148-1.37788E-03-7.80801E-04-8.65777E-04
 -1       149-1.22154E-03-1.44053E-03-2.41181E-03
 -1       150-3.92271E-08-1.77977E-03-3.26123E-03
 -1       151 1.22147E-03-1.44053E-03-2.41181E-03
 -1       152 1.37782E-03-7.80788E-04-8.65767E-04
 -1       153 7.91612E-04-3.18091E-04-3.04240E-05
 -1       154 3.13069E-04-1.10455E-04 8.28963E-05
 -1       155 1.63780E-04-3.37731E-05 2.13968E-05
 -1       156 1.52548E-04-7.74530E-06-8.27009E-05
 -1       157-1.40656E-04-6.18296E-06-7.25149E-05
 -1       158-1.63742E-04-1.98925E-05 3.09385E-05
 -1       159-3.58510E-04-6.46635E-05 1.08960E-04
 -1       160-1.00763E-03-1.77791E-04-4.00546E-05
 -1       161-1.81784E-03-4.25776E-04-1.16597E-03
 -1       162-1.63021E-03-7.84552E-04-3.27109E-03
 -1       163-1.56135E-08-9.71108E-04-4.43133E-03
 -1       164 1.63012E-03-7.84563E-04-3.27107E-03
 -1       165 1.81781E-03-4.25792E-04-1.16594E-03
 -1       166 1.00758E-03-1.77806E-04-4.00265E-05
 -1       167 3.58490E-04-6.46747E-05 1.08959E-04
 -1       168 1.63733E-04-1.99018E-05 3.09394E-05
 -1       169 1.40647E-04-6.19632E-06-7.25108E-05
 -1       170-1.37944E-04 7.40635E-09-6.96722E-05
 -1       171-1.65748E-04 5.27813E-09 3.48863E-05
 -1       172-3.81321E-04 8.67782E-09 1.15449E-04
 -1       173-1.07862E-03 1.56687E-08-4.45443E-05
 -1       174-1.94409E-03 2.21779E-08-1.24590E-03
 -1       175-1.74278E-03 1.07489E-08-3.51962E-03
 -1       176-1.42919E-19 9.54584E-19-4.77792E-03
 -1       177 1.74278E-03-1.07489E-08-3.51962E-03
 -1       178 1.94409E-03-2.21779E-08-1.24590E-03
 -1       179 1.07862E-03-1.56687E-08-4.45443E-05
 -1       180 3.81321E-04-8.67782E-09 1.15449E-04
 -1       181 1.65748E-04-5.27813E-09 3.48863E-05
 -1       182 1.37944E-04-7.40635E-09-6.96722E-05
 -1       183-1.40647E-04 6.19632E-06-7.25108E-05
 -1       184-1.63733E-04 1.99018E-05 3.09394E-05
 -1       185-3.58490E-04 6.46747E-05 1.08959E-04
 -1       186-1.00758E-03 1.77806E-04-4.00265E-05
 -1       187-1.81781E-03 4.25792E-04-1.16594E-03
 -1       188-1.63012E-03 7.84563E-04-3.27107E-03
 -1       189 1.56135E-08 9.71108E-04-4.43133E-03
 -1       190 1.63021E-03 7.84552E-04-3.27109E-03
 -1       191 1.81784E-03 4.25776E-04-1.16597E-03
 -1       192 1.00763E-03 1.77791E-04-4.00546E-05
 -1       193 3.58510E-04 6.46635E-05 1.08960E-04
 -1       194 1.63742E-04 1.98925E-05 3.09385E-05
 -1       195 1.40656E-04 6.18296E-06-7.25149E-05
 -1       196-1.52548E-04 7.74530E-06-8.27009E-05
 -1       197-1.63780E-04 3.37731E-05 2.13968E-05
 -1       198-3.13069E-04 1.10455E-04 8.28963E-05
 -1       199-7.91612E-04 3.18091E-04-3.04240E-05
 -1       200-1.37782E-03 7.80788E-04-8.65767E-04
 -1       201-1.22147E-03 1.44053E-03-2.41181E-03
 -1       202 3.92271E-08 1.77977E-03-3.26123E-03
 -1       203 1.22154E-03 1.44053E-03-2.41181E-03
 -1       204 1.37788E-03 7.80801E-04-8.65777E-04
 -1       205 7.91648E-04 3.18095E-04-3.04305E-05
 -1       206 3.13097E-04 1.10454E-04 8.28923E-05
 -1       207 1.63797E-04 3.37675E-05 2.13958E-05
 -1       208 1.52563E-04 7.73506E-06-8.27088E-05
 -1       209-1.78720E-04 1.01026E-05-1.00307E-04
 -1       210-1.81272E-04 4.13322E-05 1.18603E-05
 -1       211-2.87989E-04 1.25953E-04 5.30919E-05
 -1       212-5.37065E-04 3.67865E-04 3.64408E-06
 -1       213-7.88871E-04 9.19596E-04-3.77346E-04
 -1       214-6.50195E-04 1.71065E-03-1.09009E-03
 -1       215 2.13029E-08 2.11772E-03-1.48223E-03
 -1       216 6.50231E-04 1.71066E-03-1.09009E-03
 -1       217 7.88910E-04 9.19608E-04-3.77352E-04
 -1       218 5.37098E-04 3.67875E-04 3.64022E-06
 -1       219 2.88016E-04 1.25957E-04 5.30897E-05
 -1       220 1.81292E-04 4.13306E-05 1.18588E-05
 -1       221 1.78740E-04 1.00958E-05-1.00318E-04
 -1       222-2.09317E-04 4.01025E-05-1.26201E-04
 -1       223-2.23642E-04 6.41698E-05-1.92156E-05
 -1       224-3.59767E-04 1.58798E-04-1.64722E-05
 -1       225-5.95091E-04 4.22107E-04-9.10021E-05
 -1       226-7.85296E-04 9.89806E-04-3.39414E-04
 -1       227-6.12597E-04 1.77138E-03-7.34847E-04
 -1       228 4.23725E-09 2.16691E-03-9.39664E-04
 -1       229 6.12626E-04 1.77139E-03-7.34866E-04
 -1       230 7.85323E-04 9.89821E-04-3.39433E-04
 -1       231 5.95128E-04 4.22122E-04-9.10154E-05
 -1       232 3.59797E-04 1.58805E-04-1.64759E-05
 -1       233 2.23667E-04 6.41712E-05-1.92172E-05
 -1       234 2.09341E-04 4.00998E-05-1.26211E-04
 -1       235-3.78909E-04-3.63313E-05-1.57758E-04
 -1       236-4.04158E-04-9.43571E-05-1.34977E-05
 -1       237-4.87263E-04-2.07349E-04 6.48740E-05
 -1       238-6.26220E-04-4.66857E-04 4.17735E-05
 -1       239-7.07412E-04-9.53777E-04-1.89736E-04
 -1       240-5.14541E-04-1.61440E-03-5.17871E-04
 -1       241-5.58938E-08-1.93457E-03-6.79288E-04
 -1       242 5.14476E-04-1.61436E-03-5.17830E-04
 -1       243 7.07323E-04-9.53746E-04-1.89703E-04
 -1       244 6.26163E-04-4.66842E-04 4.17865E-05
 -1       245 4.87214E-04-2.07335E-04 6.48774E-05
 -1       246 4.04113E-04-9.43571E-05-1.34943E-05
 -1       247 3.78867E-04-3.63407E-05-1.57745E-04
 -1       248-3.30627E-04-3.19154E-05-1.34069E-04
 -1       249-3.42342E-04-8.21329E-05 1.74237E-05
 -1       250-3.89489E-04-1.86829E-04 1.07743E-04
 -1       251-4.94424E-04-4.41016E-04 6.49099E-05
 -1       252-7.37428E-04-9.61482E-04-6.43230E-04
 -1       253-6.92461E-04-2.02590E-03-2.30064E-03
 -1       254-1.58788E-08-2.60577E-03-3.27109E-03
 -1       255 6.92425E-04-2.02589E-03-2.30061E-03
 -1       256 7.37365E-04-9.61462E-04-6.43202E-04
 -1       257 4.94370E-04-4.40994E-04 6.49110E-05
 -1       258 3.89442E-04-1.86822E-04 1.07746E-04
 -1       259 3.42305E-04-8.21358E-05 1.74273E-05
 -1       260 3.30593E-04-3.19269E-05-1.34056E-04
 -1       261-2.96056E-04-2.71312E-05-1.10615E-04
 -1       262-3.11684E-04-6.46179E-05 4.94194E-05
 -1       263-3.82864E-04-1.48978E-04 1.63744E-04
 -1       264-5.41578E-04-3.45706E-04 1.77896E-04
 -1       265-1.37588E-03-7.48133E-04-1.24790E-03
 -1       266-1.66673E-03-1.73320E-03-5.53620E-03
 -1       267-6.93189E-08-2.29510E-03-8.18399E-03
 -1       268 1.66650E-03-1.73318E-03-5.53622E-03
 -1       269 1.37581E-03-7.48090E-04-1.24795E-03
 -1       270 5.41496E-04-3.45690E-04 1.77919E-04
 -1       271 3.82819E-04-1.48983E-04 1.63746E-04
 -1       272 3.11654E-04-6.46262E-05 4.94215E-05
 -1       273 2.96031E-04-2.71471E-05-1.10605E-04
 -1       274-2.83814E-04-1.87333E-05-9.96143E-05
 -1       275-3.08799E-04-3.73506E-05 7.13013E-05
 -1       276-4.12318E-04-8.82695E-05 2.07129E-04
 -1       277-6.41664E-04-1.96281E-04 2.28188E-04
 -1       278-1.79385E-03-3.93029E-04-1.68961E-03
 -1       279-2.22601E-03-6.39835E-04-7.49376E-03
 -1       280-2.49295E-07-7.62988E-04-1.10949E-02
 -1       281 2.22595E-03-6.39839E-04-7.49375E-03
 -1       282 1.79357E-03-3.93047E-04-1.68942E-03
 -1       283 6.41592E-04-1.96310E-04 2.28192E-04
 -1       284 4.12291E-04-8.82854E-05 2.07131E-04
 -1       285 3.08781E-04-3.73648E-05 7.13022E-05
 -1       286 2.83800E-04-1.87540E-05-9.96086E-05
 -1       287-2.82215E-04 1.16397E-08-9.64033E-05
 -1       288-3.11295E-04 7.91977E-09 7.89162E-05
 -1       289-4.26975E-04 1.16833E-08 2.26467E-04
 -1       290-7.01885E-04 2.67730E-08 2.25523E-04
 -1       291-1.83836E-03 5.74456E-08-1.80246E-03
 -1       292-2.21201E-03 3.08989E-08-7.64536E-03
 -1       293 3.56483E-19 1.85105E-19-1.12453E-02
 -1       294 2.21201E-03-3.08989E-08-7.64536E-03
 -1       295 1.83836E-03-5.74456E-08-1.80246E-03
 -1       296 7.01885E-04-2.67730E-08 2.25523E-04
 -1       297 4.26975E-04-1.16833E-08 2.26467E-04
 -1       298 3.11295E-04-7.91977E-09 7.89162E-05
 -1       299 2.82215E-04-1.16397E-08-9.64033E-05
 -1       300-2.83800E-04 1.87540E-05-9.96086E-05
 -1       301-3.08781E-04 3.73648E-05 7.13022E-05
 -1       302-4.12291E-04 8.82854E-05 2.07131E-04
 -1       303-6.41592E-04 1.96310E-04 2.28192E-04
 -1       304-1.79357E-03 3.93047E-04-1.68942E-03
 -1       305-2.22595E-03 6.39839E-04-7.49375E-03
 -1       306 2.49295E-07 7.62988E-04-1.10949E-02
 -1       307 2.22601E-03 6.39835E-04-7.49376E-03
 -1       308 1.79385E-03 3.93029E-04-1.68961E-03
 -1       309 6.41664E-04 1.96281E-04 2.28188E-04
 -1       310 4.12318E-04 8.82695E-05 2.07129E-04
 -1       311 3.08799E-04 3.73506E-05 7.13013E-05
 -1       312 2.83814E-04 1.87333E-05-9.96143E-05
 -1       313-2.96031E-04 2.71471E-05-1.10605E-04
 -1       314-3.11654E-04 6.46262E-05 4.94215E-05
 -1       315-3.82819E-04 1.48983E-04 1.63746E-04
 -1       316-5.41496E-04 3.45690E-04 1.77919E-04
 -1       317-1.37581E-03 7.48090E-04-1.24795E-03
 -1       318-1.66650E-03 1.73318E-03-5.53622E-03
 -1       319 6.93189E-08 2.29510E-03-8.18399E-03
 -1       320 1.66673E-03 1.73320E-03-5.53620E-03
 -1       321 1.37588E-03 7.48133E-04-1.24790E-03
 -1       322 5.41578E-04 3.45706E-04 1.77896E-04
 -1       323 3.82864E-04 1.48978E-04 1.63744E-04
 -1       324 3.11684E-04 6.46179E-05 4.94194E-05
 -1       325 2.96056E-04 2.71312E-05-1.10615E-04
 -1       326-3.30593E-04 3.19269E-05-1.34056E-04
 -1       327-3.42305E-04 8.21358E-05 1.74273E-05
 -1       328-3.89442E-04 1.86822E-04 1.07746E-04
 -1       329-4.94370E-04 4.40994E-04 6.49110E-05
 -1       330-7.37365E-04 9.61462E-04-6.43202E-04
 -1       331-6.92425E-04 2.02589E-03-2.30061E-03
 -1       332 1.58788E-08 2.60577E-03-3.27109E-03
 -1       333 6.92461E-04 2.02590E-03-2.30064E-03
 -1       334 7.37428E-04 9.61482E-04-6.43230E-04
 -1       335 4.94424E-04 4.41016E-04 6.49099E-05
 -1       336 3.89489E-04 1.86829E-04 1.07743E-04
 -1       337 3.42342E-04 8.21329E-05 1.74237E-05
 -1       338 3.30627E-04 3.19154E-05-1.34069E-04
 -1       339-3.78867E-04 3.63407E-05-1.57745E-04
 -1       340-4.04113E-04 9.43571E-05-1.34943E-05
 -1       341-4.87214E-04 2.07335E-04 6.48774E-05
 -1       342-6.26163E-04 4.66842E-04 4.17865E-05
 -1       343-7.07323E-04 9.53746E-04-1.89703E-04
 -1       344-5.14476E-04 1.61436E-03-5.17830E-04
 -1       345 5.58938E-08 1.93457E-03-6.79288E-04
 -1       346 5.14541E-04 1.61440E-03-5.17871E-04
 -1       347 7.07412E-04 9.53777E-04-1.89736E-04
 -1       348 6.26220E-04 4.66857E-04 4.17735E-05
 -1       349 4.87263E-04 2.07349E-04 6.48740E-05
 -1       350 4.04158E-04 9.43571E-05-1.34977E-05
 -1       351 3.78909E-04 3.63313E-05-1.57758E-04
 -1       352-5.19884E-04-4.90200E-05-1.58483E-04
 -1       353-5.22958E-04-1.10115E-04-7.00662E-06
 -1       354-5.17065E-04-2.00730E-04 9.49491E-05
 -1       355-4.28169E-04-3.25288E-04 9.21505E-05
 -1       356-2.19659E-04-3.91726E-04-1.50804E-04
 -1       357-3.65812E-05-2.28572E-04-2.76204E-04
 -1       358-9.97431E-08-1.08326E-04-3.28034E-04
 -1       359 3.66189E-05-2.28588E-04-2.76220E-04
 -1       360 2.19533E-04-3.91619E-04-1.50752E-04
 -1       361 4.28120E-04-3.25280E-04 9.21593E-05
 -1       362 5.17007E-04-2.00712E-04 9.49510E-05
 -1       363 5.22903E-04-1.10116E-04-7.00218E-06
 -1       364 5.19830E-04-4.90321E-05-1.58469E-04
 -1       365-4.65629E-04-4.97681E-05-1.36060E-04
 -1       366-4.56998E-04-1.06116E-04 1.33609E-05
 -1       367-4.08799E-04-2.08265E-04 1.14475E-04
 -1       368-2.14290E-04-3.39761E-04 7.90999E-06
 -1       369 1.91387E-04-3.46821E-04-7.21981E-04
 -1       370 3.75129E-04 2.03268E-05-2.89662E-03
 -1       371 3.02084E-09 2.68457E-04-4.11010E-03
 -1       372-3.75703E-04 2.03810E-05-2.89646E-03
 -1       373-1.91409E-04-3.46846E-04-7.21992E-04
 -1       374 2.14226E-04-3.39718E-04 7.91307E-06
 -1       375 4.08745E-04-2.08257E-04 1.14477E-04
 -1       376 4.56953E-04-1.06119E-04 1.33650E-05
 -1       377 4.65584E-04-4.97811E-05-1.36045E-04
 -1       378-4.32270E-04-4.69622E-05-1.12375E-04
 -1       379-4.27349E-04-8.96701E-05 4.17526E-05
 -1       380-3.76085E-04-1.79857E-04 1.85015E-04
 -1       381-8.48696E-05-2.74488E-04 8.19341E-06
 -1       382 7.69585E-04-2.15131E-04-8.69303E-04
 -1       383 1.12977E-03 2.46452E-04-9.10830E-03
 -1       384-1.30462E-07 5.42592E-04-1.41746E-02
 -1       385-1.12871E-03 2.46461E-04-9.10852E-03
 -1       386-7.69759E-04-2.14999E-04-8.69304E-04
 -1       387 8.47614E-05-2.74484E-04 8.20337E-06
 -1       388 3.76040E-04-1.79861E-04 1.85015E-04
 -1       389 4.27312E-04-8.96781E-05 4.17553E-05
 -1       390 4.32236E-04-4.69787E-05-1.12364E-04
 -1       391-4.25360E-04-2.92801E-05-1.00689E-04
 -1       392-4.30343E-04-5.12696E-05 6.38417E-05
 -1       393-3.87562E-04-1.01239E-04 2.39213E-04
 -1       394-3.52923E-05-1.47538E-04 7.67019E-06
 -1       395 1.07963E-03-1.18071E-04-1.13542E-03
 -1       396 1.54011E-03 1.57064E-06-1.20845E-02
 -1       397-2.63899E-07 7.60647E-05-1.89272E-02
 -1       398-1.54272E-03 1.52026E-06-1.20844E-02
 -1       399-1.07992E-03-1.18027E-04-1.13534E-03
 -1       400 3.52533E-05-1.47588E-04 7.67746E-06
 -1       401 3.87526E-04-1.01254E-04 2.39211E-04
 -1       402 4.30322E-04-5.12844E-05 6.38437E-05
 -1       403 4.25341E-04-2.93013E-05-1.00683E-04
 -1       404-4.26857E-04 1.19825E-08-9.85713E-05
 -1       405-4.36461E-04 8.07194E-09 7.18738E-05
 -1       406-3.95777E-04 1.44667E-08 2.55587E-04
 -1       407-1.68208E-05 5.90701E-09 1.95179E-05
 -1       408 1.12240E-03 1.74054E-07-1.43813E-03
 -1       409 1.57525E-03-2.11290E-09-1.13274E-02
 -1       410-6.23615E-19-4.50800E-18-1.74287E-02
 -1       411-1.57525E-03 2.11290E-09-1.13274E-02
 -1       412-1.12240E-03-1.74054E-07-1.43813E-03
 -1       413 1.68208E-05-5.90701E-09 1.95179E-05
 -1       414 3.95777E-04-1.44667E-08 2.55587E-04
 -1       415 4.36461E-04-8.07194E-09 7.18738E-05
 -1       416 4.26857E-04-1.19825E-08-9.85713E-05
 -1       417-4.25341E-04 2.93013E-05-1.00683E-04
 -1       418-4.30322E-04 5.12844E-05 6.38437E-05
 -1       419-3.87526E-04 1.01254E-04 2.39211E-04
 -1       420-3.52533E-05 1.47588E-04 7.67746E-06
 -1       421 1.07992E-03 1.18027E-04-1.13534E-03
 -1       422 1.54272E-03-1.52026E-06-1.20844E-02
 -1       423 2.63899E-07-7.60647E-05-1.89272E-02
 -1       424-1.54011E-03-1.57064E-06-1.20845E-02
 -1       425-1.07963E-03 1.18071E-04-1.13542E-03
 -1       426 3.52923E-05 1.47538E-04 7.67019E-06
 -1       427 3.87562E-04 1.01239E-04 2.39213E-04
 -1       428 4.30343E-04 5.12696E-05 6.38417E-05
 -1       429 4.25360E-04 2.92801E-05-1.00689E-04
 -1       430-4.32236E-04 4.69787E-05-1.12364E-04
 -1       431-4.27312E-04 8.96781E-05 4.17553E-05
 -1       432-3.76040E-04 1.79861E-04 1.85015E-04
 -1       433-8.47614E-05 2.74484E-04 8.20337E-06
 -1       434 7.69759E-04 2.14999E-04-8.69304E-04
 -1       435 1.12871E-03-2.46461E-04-9.10852E-03
 -1       436 1.30462E-07-5.42592E-04-1.41746E-02
 -1       437-1.12977E-03-2.46452E-04-9.10830E-03
 -1       438-7.69585E-04 2.15131E-04-8.69303E-04
 -1       439 8.48696E-05 2.74488E-04 8.19341E-06
 -1       440 3.76085E-04 1.79857E-04 1.85015E-04
 -1       441 4.27349E-04 8.96701E-05 4.17526E-05
 -1       442 4.32270E-04 4.69622E-05-1.12375E-04
 -1       443-4.65584E-04 4.97811E-05-1.36045E-04
 -1       444-4.56953E-04 1.06119E-04 1.33650E-05
 -1       445-4.08745E-04 2.08257E-04 1.14477E-04
 -1       446-2.14226E-04 3.39718E-04 7.91307E-06
 -1       447 1.91409E-04 3.46846E-04-7.21992E-04
 -1       448 3.75703E-04-2.03810E-05-2.89646E-03
 -1       449-3.02084E-09-2.68457E-04-4.11010E-03
 -1       450-3.75129E-04-2.03268E-05-2.89662E-03
 -1       451-1.91387E-04 3.46821E-04-7.21981E-04
 -1       452 2.14290E-04 3.39761E-04 7.90999E-06
 -1       453 4.08799E-04 2.08265E-04 1.14475E-04
 -1       454 4.56998E-04 1.06116E-04 1.33609E-05
 -1       455 4.65629E-04 4.97681E-05-1.36060E-04
 -1       456-5.19830E-04 4.90321E-05-1.58469E-04
 -1       457-5.22903E-04 1.10116E-04-7.00218E-06
 -1       458-5.17007E-04 2.00712E-04 9.49510E-05
 -1       459-4.28120E-04 3.25280E-04 9.21593E-05
 -1       460-2.19533E-04 3.91619E-04-1.50752E-04
 -1       461-3.66189E-05 2.28588E-04-2.76220E-04
 -1       462 9.97431E-08 1.08326E-04-3.28034E-04
 -1       463 3.65812E-05 2.28572E-04-2.76204E-04
 -1       464 2.19659E-04 3.91726E-04-1.50804E-04
 -1       465 4.28169E-04 3.25288E-04 9.21505E-05
 -1       466 5.17065E-04 2.00730E-04 9.49491E-05
 -1       467 5.22958E-04 1.10115E-04-7.00662E-06
 -1       468 5.19884E-04 4.90200E-05-1.58483E-04
 -1       469 5.09381E-04 1.03447E-04-3.97059E-02
 -1       470 5.91893E-04-6.26242E-04-3.79538E-02
 -1       471 8.41665E-04-1.39169E-03-3.61133E-02
 -1       472 1.32638E-03-2.54516E-03-3.34085E-02
 -1       473 1.82418E-03-4.60700E-03-2.88305E-02
 -1       474 1.90588E-03-7.86098E-03-1.94980E-02
 -1       475 1.37129E-03-1.03893E-02-1.30772E-02
 -1       476 4.80443E-04-1.15293E-02-1.04920E-02
 -1       477-4.79988E-04-1.15294E-02-1.04920E-02
 -1       478-1.37020E-03-1.03900E-02-1.30772E-02
 -1       479-1.90201E-03-7.86103E-03-1.94976E-02
 -1       480-1.82304E-03-4.60620E-03-2.88305E-02
 -1       481-1.32580E-03-2.54468E-03-3.34087E-02
 -1       482-8.41112E-04-1.39136E-03-3.61133E-02
 -1       483-5.91324E-04-6.25921E-04-3.79537E-02
 -1       484-5.08808E-04 1.03770E-04-3.97057E-02
 -1       485 1.73962E-03-5.58789E-05-3.98844E-02
 -1       486 1.85129E-03-6.87515E-04-3.81088E-02
 -1       487 2.20214E-03-1.42800E-03-3.62797E-02
 -1       488 2.87433E-03-2.44543E-03-3.38216E-02
 -1       489 3.55559E-03-3.84840E-03-3.05807E-02
 -1       490 3.54161E-03-5.36613E-03-2.27756E-02
 -1       491 2.49697E-03-6.70774E-03-1.71826E-02
 -1       492 8.70601E-04-7.46966E-03-1.53979E-02
 -1       493-8.70213E-04-7.46963E-03-1.53979E-02
 -1       494-2.49745E-03-6.70770E-03-1.71826E-02
 -1       495-3.54510E-03-5.36593E-03-2.27772E-02
 -1       496-3.55600E-03-3.84808E-03-3.05808E-02
 -1       497-2.87390E-03-2.44517E-03-3.38216E-02
 -1       498-2.20158E-03-1.42772E-03-3.62796E-02
 -1       499-1.85071E-03-6.87199E-04-3.81087E-02
 -1       500-1.73905E-03-5.55390E-05-3.98842E-02
 -1       501 2.56351E-03-1.91504E-04-4.01513E-02
 -1       502 2.62958E-03-5.83808E-04-3.83946E-02
 -1       503 2.85508E-03-1.09431E-03-3.66560E-02
 -1       504 3.27677E-03-1.72425E-03-3.44026E-02
 -1       505 3.60736E-03-2.41151E-03-3.13750E-02
 -1       506 3.38687E-03-3.07884E-03-2.47695E-02
 -1       507 2.37581E-03-3.62591E-03-1.96563E-02
 -1       508 8.36657E-04-3.95540E-03-1.83405E-02
 -1       509-8.35580E-04-3.95525E-03-1.83405E-02
 -1       510-2.37405E-03-3.62517E-03-1.96562E-02
 -1       511-3.38300E-03-3.07863E-03-2.47680E-02
 -1       512-3.60575E-03-2.41189E-03-3.13747E-02
 -1       513-3.27594E-03-1.72413E-03-3.44024E-02
 -1       514-2.85449E-03-1.09406E-03-3.66558E-02
 -1       515-2.62906E-03-5.83482E-04-3.83944E-02
 -1       516-2.56301E-03-1.91099E-04-4.01510E-02
 -1       517 2.90480E-03-1.06244E-04-4.03326E-02
 -1       518 2.91803E-03-2.28848E-04-3.85958E-02
 -1       519 3.05939E-03-4.01919E-04-3.68981E-02
 -1       520 3.37722E-03-5.94091E-04-3.47021E-02
 -1       521 3.63871E-03-7.89281E-04-3.17405E-02
 -1       522 3.36721E-03-9.66009E-04-2.44000E-02
 -1       523 2.31992E-03-1.10388E-03-1.91239E-02
 -1       524 8.07581E-04-1.17652E-03-1.76438E-02
 -1       525-8.06818E-04-1.17664E-03-1.76438E-02
 -1       526-2.31826E-03-1.10439E-03-1.91239E-02
 -1       527-3.36332E-03-9.65971E-04-2.43986E-02
 -1       528-3.63720E-03-7.88626E-04-3.17402E-02
 -1       529-3.37668E-03-5.93708E-04-3.47019E-02
 -1       530-3.05909E-03-4.01597E-04-3.68980E-02
 -1       531-2.91779E-03-2.28501E-04-3.85957E-02
 -1       532-2.90459E-03-1.05755E-04-4.03325E-02
 -1       533 2.90459E-03 1.05755E-04-4.03325E-02
 -1       534 2.91779E-03 2.28501E-04-3.85957E-02
 -1       535 3.05909E-03 4.01597E-04-3.68980E-02
 -1       536 3.37668E-03 5.93708E-04-3.47019E-02
 -1       537 3.63720E-03 7.88626E-04-3.17402E-02
 -1       538 3.36332E-03 9.65971E-04-2.43986E-02
 -1       539 2.31826E-03 1.10439E-03-1.91239E-02
 -1       540 8.06818E-04 1.17664E-03-1.76438E-02
 -1       541-8.07581E-04 1.17652E-03-1.76438E-02
 -1       542-2.31992E-03 1.10388E-03-1.91239E-02
 -1       543-3.36721E-03 9.66009E-04-2.44000E-02
 -1       544-3.63871E-03 7.89281E-04-3.17405E-02
 -1       545-3.37722E-03 5.94091E-04-3.47021E-02
 -1       546-3.05939E-03 4.01919E-04-3.68981E-02
 -1       547-2.91803E-03 2.28848E-04-3.85958E-02
 -1       548-2.90480E-03 1.06244E-04-4.03326E-02
 -1       549 2.56301E-03 1.91099E-04-4.01510E-02
 -1       550 2.62906E-03 5.83482E-04-3.83944E-02
 -1       551 2.85449E-03 1.09406E-03-3.66558E-02
 -1       552 3.27594E-03 1.72413E-03-3.44024E-02
 -1       553 3.60575E-03 2.41189E-03-3.13747E-02
 -1       554 3.38300E-03 3.07863E-03-2.47680E-02
 -1       555 2.37405E-03 3.62517E-03-1.96562E-02
 -1       556 8.35580E-04 3.95525E-03-1.83405E-02
 -1       557-8.36657E-04 3.95540E-03-1.83405E-02
 -1       558-2.37581E-03 3.62591E-03-1.96563E-02
 -1       559-3.38687E-03 3.07884E-03-2.47695E-02
 -1       560-3.60736E-03 2.41151E-03-3.13750E-02
 -1       561-3.27677E-03 1.72425E-03-3.44026E-02
 -1       562-2.85508E-03 1.09431E-03-3.66560E-02
 -1       563-2.62958E-03 5.83808E-04-3.83946E-02
 -1       564-2.56351E-03 1.91504E-04-4.01513E-02
 -1       565 1.73905E-03 5.55390E-05-3.98842E-02
 -1       566 1.85071E-03 6.87199E-04-3.81087E-02
 -1       567 2.20158E-03 1.42772E-03-3.62796E-02
 -1       568 2.87390E-03 2.44517E-03-3.38216E-02
 -1       569 3.55600E-03 3.84808E-03-3.05808E-02
 -1       570 3.54510E-03 5.36593E-03-2.27772E-02
 -1       571 2.49745E-03 6.70770E-03-1.71826E-02
 -1       572 8.70213E-04 7.46963E-03-1.53979E-02
 -1       573-8.70601E-04 7.46966E-03-1.53979E-02
 -1       574-2.49697E-03 6.70774E-03-1.71826E-02
 -1       575-3.54161E-03 5.36613E-03-2.27756E-02
 -1       576-3.55559E-03 3.84840E-03-3.05807E-02
 -1       577-2.87433E-03 2.44543E-03-3.38216E-02
 -1       578-2.20214E-03 1.42800E-03-3.62797E-02
 -1       579-1.85129E-03 6.87515E-04-3.81088E-02
 -1       580-1.73962E-03 5.58789E-05-3.98844E-02
 -1       581 5.08808E-04-1.03770E-04-3.97057E-02
 -1       582 5.91324E-04 6.25921E-04-3.79537E-02
 -1       583 8.41112E-04 1.39136E-03-3.61133E-02
 -1       584 1.32580E-03 2.54468E-03-3.34087E-02
 -1       585 1.82304E-03 4.60620E-03-2.88305E-02
 -1       586 1.90201E-03 7.86103E-03-1.94976E-02
 -1       587 1.37020E-03 1.03900E-02-1.30772E-02
 -1       588 4.79988E-04 1.15294E-02-1.04920E-02
 -1       589-4.80443E-04 1.15293E-02-1.04920E-02
 -1       590-1.37129E-03 1.03893E-02-1.30772E-02
 -1       591-1.90588E-03 7.86098E-03-1.94980E-02
 -1       592-1.82418E-03 4.60700E-03-2.88305E-02
 -1       593-1.32638E-03 2.54516E-03-3.34085E-02
 -1       594-8.41665E-04 1.39169E-03-3.61133E-02
 -1       595-5.91893E-04 6.26242E-04-3.79538E-02
 -1       596-5.09381E-04-1.03447E-04-3.97059E-02
 -1       597-2.12551E-03 2.39252E-04-3.94588E-02
 -1       598-2.20307E-03-5.68217E-04-3.79249E-02
 -1       599-2.39292E-03-1.42084E-03-3.62081E-02
 -1       600-2.84417E-03-2.47353E-03-3.37530E-02
 -1       601-3.50902E-03-3.80598E-03-2.96651E-02
 -1       602-3.45621E-03-5.50465E-03-2.48187E-02
 -1       603-2.25743E-03-6.90915E-03-2.04240E-02
 -1       604-7.39537E-04-7.62164E-03-1.81606E-02
 -1       605 7.39978E-04-7.62166E-03-1.81606E-02
 -1       606 2.25786E-03-6.90907E-03-2.04243E-02
 -1       607 3.45624E-03-5.50432E-03-2.48189E-02
 -1       608 3.50946E-03-3.80570E-03-2.96651E-02
 -1       609 2.84461E-03-2.47327E-03-3.37530E-02
 -1       610 2.39336E-03-1.42060E-03-3.62081E-02
 -1       611 2.20353E-03-5.67966E-04-3.79248E-02
 -1       612 2.12597E-03 2.39514E-04-3.94587E-02
 -1       613-8.86318E-04 8.43265E-05-3.96491E-02
 -1       614-9.31401E-04-5.17578E-04-3.81213E-02
 -1       615-9.93918E-04-1.16770E-03-3.64902E-02
 -1       616-1.18792E-03-1.94024E-03-3.43419E-02
 -1       617-1.65323E-03-2.85941E-03-3.08456E-02
 -1       618-1.75621E-03-3.78822E-03-2.67656E-02
 -1       619-1.07768E-03-4.61619E-03-2.30679E-02
 -1       620-3.11543E-04-5.06179E-03-2.11492E-02
 -1       621 3.11997E-04-5.06178E-03-2.11492E-02
 -1       622 1.07815E-03-4.61617E-03-2.30678E-02
 -1       623 1.75705E-03-3.78819E-03-2.67657E-02
 -1       624 1.65352E-03-2.85929E-03-3.08459E-02
 -1       625 1.18831E-03-1.94009E-03-3.43419E-02
 -1       626 9.94370E-04-1.16749E-03-3.64901E-02
 -1       627 9.31864E-04-5.17315E-04-3.81211E-02
 -1       628 8.86775E-04 8.46190E-05-3.96489E-02
 -1       629-8.20560E-05-3.88335E-05-3.99655E-02
 -1       630-1.39906E-04-3.96689E-04-3.84474E-02
 -1       631-2.37091E-04-8.22938E-04-3.69120E-02
 -1       632-5.00838E-04-1.32217E-03-3.49591E-02
 -1       633-1.05246E-03-1.86553E-03-3.18070E-02
 -1       634-1.29836E-03-2.38511E-03-2.80235E-02
 -1       635-7.88228E-04-2.80473E-03-2.46520E-02
 -1       636-2.00043E-04-3.04646E-03-2.29004E-02
 -1       637 2.00697E-04-3.04644E-03-2.29005E-02
 -1       638 7.88804E-04-2.80469E-03-2.46521E-02
 -1       639 1.29862E-03-2.38519E-03-2.80232E-02
 -1       640 1.05320E-03-1.86549E-03-3.18064E-02
 -1       641 5.01456E-04-1.32202E-03-3.49588E-02
 -1       642 2.37590E-04-8.22694E-04-3.69118E-02
 -1       643 1.40343E-04-3.96368E-04-3.84472E-02
 -1       644 8.24603E-05-3.84362E-05-3.99653E-02
 -1       645 2.64455E-04-3.97096E-05-4.01927E-02
 -1       646 1.77594E-04-1.52509E-04-3.86745E-02
 -1       647 2.87994E-05-3.00825E-04-3.71667E-02
 -1       648-3.22438E-04-4.70322E-04-3.52552E-02
 -1       649-1.00449E-03-6.57342E-04-3.20757E-02
 -1       650-1.32895E-03-8.74828E-04-2.82762E-02
 -1       651-8.20847E-04-1.03219E-03-2.48413E-02
 -1       652-2.16883E-04-1.11970E-03-2.30798E-02
 -1       653 2.17289E-04-1.11970E-03-2.30799E-02
 -1       654 8.21219E-04-1.03210E-03-2.48413E-02
 -1       655 1.32895E-03-8.74501E-04-2.82759E-02
 -1       656 1.00501E-03-6.56989E-04-3.20751E-02
 -1       657 3.22822E-04-4.69957E-04-3.52550E-02
 -1       658-2.85440E-05-3.00468E-04-3.71666E-02
 -1       659-1.77397E-04-1.52115E-04-3.86744E-02
 -1       660-2.64281E-04-3.91880E-05-4.01926E-02
 -1       661 2.64281E-04 3.91880E-05-4.01926E-02
 -1       662 1.77397E-04 1.52115E-04-3.86744E-02
 -1       663 2.85440E-05 3.00468E-04-3.71666E-02
 -1       664-3.22822E-04 4.69957E-04-3.52550E-02
 -1       665-1.00501E-03 6.56989E-04-3.20751E-02
 -1       666-1.32895E-03 8.74501E-04-2.82759E-02
 -1       667-8.21219E-04 1.03210E-03-2.48413E-02
 -1       668-2.17289E-04 1.11970E-03-2.30799E-02
 -1       669 2.16883E-04 1.11970E-03-2.30798E-02
 -1       670 8.20847E-04 1.03219E-03-2.48413E-02
 -1       671 1.32895E-03 8.74828E-04-2.82762E-02
 -1       672 1.00449E-03 6.57342E-04-3.20757E-02
 -1       673 3.22438E-04 4.70322E-04-3.52552E-02
 -1       674-2.87994E-05 3.00825E-04-3.71667E-02
 -1       675-1.77594E-04 1.52509E-04-3.86745E-02
 -1       676-2.64455E-04 3.97096E-05-4.01927E-02
 -1       677-8.24603E-05 3.84362E-05-3.99653E-02
 -1       678-1.40343E-04 3.96368E-04-3.84472E-02
 -1       679-2.37590E-04 8.22694E-04-3.69118E-02
 -1       680-5.01456E-04 1.32202E-03-3.49588E-02
 -1       681-1.05320E-03 1.86549E-03-3.18064E-02
 -1       682-1.29862E-03 2.38519E-03-2.80232E-02
 -1       683-7.88804E-04 2.80469E-03-2.46521E-02
 -1       684-2.00697E-04 3.04644E-03-2.29005E-02
 -1       685 2.00043E-04 3.04646E-03-2.29004E-02
 -1       686 7.88228E-04 2.80473E-03-2.46520E-02
 -1       687 1.29836E-03 2.38511E-03-2.80235E-02
 -1       688 1.05246E-03 1.86553E-03-3.18070E-02
 -1       689 5.00838E-04 1.32217E-03-3.49591E-02
 -1       690 2.37091E-04 8.22938E-04-3.69120E-02
 -1       691 1.39906E-04 3.96689E-04-3.84474E-02
 -1       692 8.20560E-05 3.88335E-05-3.99655E-02
 -1       693-8.86775E-04-8.46190E-05-3.96489E-02
 -1       694-9.31864E-04 5.17315E-04-3.81211E-02
 -1       695-9.94370E-04 1.16749E-03-3.64901E-02
 -1       696-1.18831E-03 1.94009E-03-3.43419E-02
 -1       697-1.65352E-03 2.85929E-03-3.08459E-02
 -1       698-1.75705E-03 3.78819E-03-2.67657E-02
 -1       699-1.07815E-03 4.61617E-03-2.30678E-02
 -1       700-3.11997E-04 5.06178E-03-2.11492E-02
 -1       701 3.11543E-04 5.06179E-03-2.11492E-02
 -1       702 1.07768E-03 4.61619E-03-2.30679E-02
 -1       703 1.75621E-03 3.78822E-03-2.67656E-02
 -1       704 1.65323E-03 2.85941E-03-3.08456E-02
 -1       705 1.18792E-03 1.94024E-03-3.43419E-02
 -1       706 9.93918E-04 1.16770E-03-3.64902E-02
 -1       707 9.31401E-04 5.17578E-04-3.81213E-02
 -1       708 8.86318E-04-8.43265E-05-3.96491E-02
 -1       709-2.12597E-03-2.39514E-04-3.94587E-02
 -1       710-2.20353E-03 5.67966E-04-3.79248E-02
 -1       711-2.39336E-03 1.42060E-03-3.62081E-02
 -1       712-2.84461E-03 2.47327E-03-3.37530E-02
 -1       713-3.50946E-03 3.80570E-03-2.96651E-02
 -1       714-3.45624E-03 5.50432E-03-2.48189E-02
 -1       715-2.25786E-03 6.90907E-03-2.04243E-02
 -1       716-7.39978E-04 7.62166E-03-1.81606E-02
 -1       717 7.39537E-04 7.62164E-03-1.81606E-02
 -1       718 2.25743E-03 6.90915E-03-2.04240E-02
 -1       719 3.45621E-03 5.50465E-03-2.48187E-02
 -1       720 3.50902E-03 3.80598E-03-2.96651E-02
 -1       721 2.84417E-03 2.47353E-03-3.37530E-02
 -1       722 2.39292E-03 1.42084E-03-3.62081E-02
 -1       723 2.20307E-03 5.68217E-04-3.79249E-02
 -1       724 2.12551E-03-2.39252E-04-3.94588E-02
 -1       725-4.03166E-03 2.77525E-04-3.88567E-02
 -1       726-4.14700E-03-5.48384E-04-3.78943E-02
 -1       727-4.28086E-03-1.40022E-03-3.65191E-02
 -1       728-4.43538E-03-2.31545E-03-3.44744E-02
 -1       729-4.31980E-03-3.31551E-03-3.18894E-02
 -1       730-3.73019E-03-4.25089E-03-2.91457E-02
 -1       731-2.60144E-03-5.02879E-03-2.67864E-02
 -1       732-9.33820E-04-5.47809E-03-2.53440E-02
 -1       733 9.34221E-04-5.47808E-03-2.53440E-02
 -1       734 2.60181E-03-5.02877E-03-2.67865E-02
 -1       735 3.73059E-03-4.25085E-03-2.91458E-02
 -1       736 4.32013E-03-3.31540E-03-3.18895E-02
 -1       737 4.43573E-03-2.31532E-03-3.44744E-02
 -1       738 4.28121E-03-1.40006E-03-3.65191E-02
 -1       739 4.14736E-03-5.48190E-04-3.78943E-02
 -1       740 4.03202E-03 2.77738E-04-3.88566E-02
 -1       741-2.86146E-03 9.92569E-05-3.90538E-02
 -1       742-2.97475E-03-4.39452E-04-3.80814E-02
 -1       743-3.06829E-03-1.01345E-03-3.68323E-02
 -1       744-3.17592E-03-1.63691E-03-3.50194E-02
 -1       745-3.08211E-03-2.29456E-03-3.27460E-02
 -1       746-2.64541E-03-2.93754E-03-3.03667E-02
 -1       747-1.85382E-03-3.44445E-03-2.83335E-02
 -1       748-6.71140E-04-3.73178E-03-2.70757E-02
 -1       749 6.71494E-04-3.73178E-03-2.70757E-02
 -1       750 1.85418E-03-3.44443E-03-2.83336E-02
 -1       751 2.64570E-03-2.93749E-03-3.03667E-02
 -1       752 3.08248E-03-2.29450E-03-3.27460E-02
 -1       753 3.17624E-03-1.63679E-03-3.50194E-02
 -1       754 3.06862E-03-1.01328E-03-3.68322E-02
 -1       755 2.97508E-03-4.39238E-04-3.80813E-02
 -1       756 2.86179E-03 9.94998E-05-3.90536E-02
 -1       757-2.16460E-03-6.62766E-07-3.94364E-02
 -1       758-2.28870E-03-2.99007E-04-3.84270E-02
 -1       759-2.40027E-03-6.34137E-04-3.72484E-02
 -1       760-2.54480E-03-1.00098E-03-3.55883E-02
 -1       761-2.53375E-03-1.37995E-03-3.34954E-02
 -1       762-2.21183E-03-1.73737E-03-3.12867E-02
 -1       763-1.57055E-03-2.01891E-03-2.93944E-02
 -1       764-5.76104E-04-2.17468E-03-2.82232E-02
 -1       765 5.76395E-04-2.17467E-03-2.82232E-02
 -1       766 1.57081E-03-2.01887E-03-2.93944E-02
 -1       767 2.21214E-03-1.73728E-03-3.12866E-02
 -1       768 2.53399E-03-1.37984E-03-3.34953E-02
 -1       769 2.54512E-03-1.00082E-03-3.55881E-02
 -1       770 2.40058E-03-6.33926E-04-3.72482E-02
 -1       771 2.28900E-03-2.98737E-04-3.84268E-02
 -1       772 2.16488E-03-3.34293E-07-3.94363E-02
 -1       773-1.85940E-03-8.99111E-06-3.96848E-02
 -1       774-2.00075E-03-1.02887E-04-3.86508E-02
 -1       775-2.14119E-03-2.15010E-04-3.74850E-02
 -1       776-2.33277E-03-3.38502E-04-3.58554E-02
 -1       777-2.36902E-03-4.65063E-04-3.38112E-02
 -1       778-2.10010E-03-5.73729E-04-3.16573E-02
 -1       779-1.51157E-03-6.61706E-04-2.98039E-02
 -1       780-5.56266E-04-7.09865E-04-2.86486E-02
 -1       781 5.56383E-04-7.09840E-04-2.86486E-02
 -1       782 1.51165E-03-6.61624E-04-2.98039E-02
 -1       783 2.10024E-03-5.73596E-04-3.16572E-02
 -1       784 2.36909E-03-4.64850E-04-3.38112E-02
 -1       785 2.33291E-03-3.38255E-04-3.58552E-02
 -1       786 2.14133E-03-2.14729E-04-3.74849E-02
 -1       787 2.00088E-03-1.02558E-04-3.86507E-02
 -1       788 1.85953E-03-8.56659E-06-3.96847E-02
 -1       789-1.85953E-03 8.56659E-06-3.96847E-02
 -1       790-2.00088E-03 1.02558E-04-3.86507E-02
 -1       791-2.14133E-03 2.14729E-04-3.74849E-02
 -1       792-2.33291E-03 3.38255E-04-3.58552E-02
 -1       793-2.36909E-03 4.64850E-04-3.38112E-02
 -1       794-2.10024E-03 5.73596E-04-3.16572E-02
 -1       795-1.51165E-03 6.61624E-04-2.98039E-02
 -1       796-5.56383E-04 7.09840E-04-2.86486E-02
 -1       797 5.56266E-04 7.09865E-04-2.86486E-02
 -1       798 1.51157E-03 6.61706E-04-2.98039E-02
 -1       799 2.10010E-03 5.73729E-04-3.16573E-02
 -1       800 2.36902E-03 4.65063E-04-3.38112E-02
 -1       801 2.33277E-03 3.38502E-04-3.58554E-02
 -1       802 2.14119E-03 2.15010E-04-3.74850E-02
 -1       803 2.00075E-03 1.02887E-04-3.86508E-02
 -1       804 1.85940E-03 8.99111E-06-3.96848E-02
 -1       805-2.16488E-03 3.34293E-07-3.94363E-02
 -1       806-2.28900E-03 2.98737E-04-3.84268E-02
 -1       807-2.40058E-03 6.33926E-04-3.72482E-02
 -1       808-2.54512E-03 1.00082E-03-3.55881E-02
 -1       809-2.53399E-03 1.37984E-03-3.34953E-02
 -1       810-2.21214E-03 1.73728E-03-3.12866E-02
 -1       811-1.57081E-03 2.01887E-03-2.93944E-02
 -1       812-5.76395E-04 2.17467E-03-2.82232E-02
 -1       813 5.76104E-04 2.17468E-03-2.82232E-02
 -1       814 1.57055E-03 2.01891E-03-2.93944E-02
 -1       815 2.21183E-03 1.73737E-03-3.12867E-02
 -1       816 2.53375E-03 1.37995E-03-3.34954E-02
 -1       817 2.54480E-03 1.00098E-03-3.55883E-02
 -1       818 2.40027E-03 6.34137E-04-3.72484E-02
 -1       819 2.28870E-03 2.99007E-04-3.84270E-02
 -1       820 2.16460E-03 6.62766E-07-3.94364E-02
 -1       821-2.86179E-03-9.94998E-05-3.90536E-02
 -1       822-2.97508E-03 4.39238E-04-3.80813E-02
 -1       823-3.06862E-03 1.01328E-03-3.68322E-02
 -1       824-3.17624E-03 1.63679E-03-3.50194E-02
 -1       825-3.08248E-03 2.29450E-03-3.27460E-02
 -1       826-2.64570E-03 2.93749E-03-3.03667E-02
 -1       827-1.85418E-03 3.44443E-03-2.83336E-02
 -1       828-6.71494E-04 3.73178E-03-2.70757E-02
 -1       829 6.71140E-04 3.73178E-03-2.70757E-02
 -1       830 1.85382E-03 3.44445E-03-2.83335E-02
 -1       831 2.64541E-03 2.93754E-03-3.03667E-02
 -1       832 3.08211E-03 2.29456E-03-3.27460E-02
 -1       833 3.17592E-03 1.63691E-03-3.50194E-02
 -1       834 3.06829E-03 1.01345E-03-3.68323E-02
 -1       835 2.97475E-03 4.39452E-04-3.80814E-02
 -1       836 2.86146E-03-9.92569E-05-3.90538E-02
 -1       837-4.03202E-03-2.77738E-04-3.88566E-02
 -1       838-4.14736E-03 5.48190E-04-3.78943E-02
 -1       839-4.28121E-03 1.40006E-03-3.65191E-02
 -1       840-4.43573E-03 2.31532E-03-3.44744E-02
 -1       841-4.32013E-03 3.31540E-03-3.18895E-02
 -1       842-3.73059E-03 4.25085E-03-2.91458E-02
 -1       843-2.60181E-03 5.02877E-03-2.67865E-02
 -1       844-9.34221E-04 5.47808E-03-2.53440E-02
 -1       845 9.33820E-04 5.47809E-03-2.53440E-02
 -1       846 2.60144E-03 5.02879E-03-2.67864E-02
 -1       847 3.73019E-03 4.25089E-03-2.91457E-02
 -1       848 4.31980E-03 3.31551E-03-3.18894E-02
 -1       849 4.43538E-03 2.31545E-03-3.44744E-02
 -1       850 4.28086E-03 1.40022E-03-3.65191E-02
 -1       851 4.14700E-03 5.48384E-04-3.78943E-02
 -1       852 4.03166E-03-2.77525E-04-3.88567E-02
 -1       853-4.32806E-03 1.07498E-04-3.82139E-02
 -1       854-4.38636E-03-6.02599E-04-3.81338E-02
 -1       855-4.30702E-03-1.30608E-03-3.73497E-02
 -1       856-4.16703E-03-2.01546E-03-3.60511E-02
 -1       857-3.82406E-03-2.70819E-03-3.45358E-02
 -1       858-3.14616E-03-3.33726E-03-3.30138E-02
 -1       859-2.08537E-03-3.81971E-03-3.17682E-02
 -1       860-7.35611E-04-4.08652E-03-3.10690E-02
 -1       861 7.35866E-04-4.08651E-03-3.10690E-02
 -1       862 2.08563E-03-3.81969E-03-3.17683E-02
 -1       863 3.14640E-03-3.33723E-03-3.30139E-02
 -1       864 3.82430E-03-2.70815E-03-3.45359E-02
 -1       865 4.16726E-03-2.01538E-03-3.60512E-02
 -1       866 4.30725E-03-1.30597E-03-3.73497E-02
 -1       867 4.38659E-03-6.02470E-04-3.81338E-02
 -1       868 4.32830E-03 1.07645E-04-3.82138E-02
 -1       869-3.42720E-03-6.08720E-06-3.84219E-02
 -1       870-3.48466E-03-4.12452E-04-3.83062E-02
 -1       871-3.40672E-03-8.62145E-04-3.76703E-02
 -1       872-3.28027E-03-1.33258E-03-3.65782E-02
 -1       873-2.99866E-03-1.79837E-03-3.52928E-02
 -1       874-2.46223E-03-2.21745E-03-3.39921E-02
 -1       875-1.62859E-03-2.54091E-03-3.29242E-02
 -1       876-5.73465E-04-2.71760E-03-3.23283E-02
 -1       877 5.73685E-04-2.71760E-03-3.23283E-02
 -1       878 1.62880E-03-2.54089E-03-3.29242E-02
 -1       879 2.46244E-03-2.21742E-03-3.39921E-02
 -1       880 2.99886E-03-1.79832E-03-3.52927E-02
 -1       881 3.28048E-03-1.33250E-03-3.65782E-02
 -1       882 3.40693E-03-8.62027E-04-3.76703E-02
 -1       883 3.48487E-03-4.12301E-04-3.83062E-02
 -1       884 3.42741E-03-5.91455E-06-3.84217E-02
 -1       885-2.92240E-03 1.31201E-05-3.88426E-02
 -1       886-2.99405E-03-2.02098E-04-3.86278E-02
 -1       887-2.93468E-03-4.41868E-04-3.80039E-02
 -1       888-2.84000E-03-6.93736E-04-3.69933E-02
 -1       889-2.61143E-03-9.42006E-04-3.58125E-02
 -1       890-2.15797E-03-1.16410E-03-3.46185E-02
 -1       891-1.43426E-03-1.33372E-03-3.36320E-02
 -1       892-5.05537E-04-1.42571E-03-3.30806E-02
 -1       893 5.05681E-04-1.42570E-03-3.30806E-02
 -1       894 1.43441E-03-1.33369E-03-3.36320E-02
 -1       895 2.15811E-03-1.16404E-03-3.46185E-02
 -1       896 2.61159E-03-9.41914E-04-3.58124E-02
 -1       897 2.84015E-03-6.93617E-04-3.69932E-02
 -1       898 2.93484E-03-4.41715E-04-3.80038E-02
 -1       899 2.99422E-03-2.01905E-04-3.86278E-02
 -1       900 2.92257E-03 1.33526E-05-3.88425E-02
 -1       901-2.70253E-03 6.76769E-06-3.90536E-02
 -1       902-2.78466E-03-6.08629E-05-3.87961E-02
 -1       903-2.74341E-03-1.38793E-04-3.81616E-02
 -1       904-2.66956E-03-2.19907E-04-3.71701E-02
 -1       905-2.47002E-03-2.99071E-04-3.60194E-02
 -1       906-2.05202E-03-3.70245E-04-3.48539E-02
 -1       907-1.36832E-03-4.23955E-04-3.38917E-02
 -1       908-4.83759E-04-4.53245E-04-3.33538E-02
 -1       909 4.83808E-04-4.53227E-04-3.33538E-02
 -1       910 1.36838E-03-4.23902E-04-3.38916E-02
 -1       911 2.05207E-03-3.70157E-04-3.48539E-02
 -1       912 2.47008E-03-2.98953E-04-3.60193E-02
 -1       913 2.66961E-03-2.19750E-04-3.71700E-02
 -1       914 2.74347E-03-1.38603E-04-3.81616E-02
 -1       915 2.78473E-03-6.06306E-05-3.87961E-02
 -1       916 2.70259E-03 7.06170E-06-3.90535E-02
 -1       917-2.70259E-03-7.06170E-06-3.90535E-02
 -1       918-2.78473E-03 6.06306E-05-3.87961E-02
 -1       919-2.74347E-03 1.38603E-04-3.81616E-02
 -1       920-2.66961E-03 2.19750E-04-3.71700E-02
 -1       921-2.47008E-03 2.98953E-04-3.60193E-02
 -1       922-2.05207E-03 3.70157E-04-3.48539E-02
 -1       923-1.36838E-03 4.23902E-04-3.38916E-02
 -1       924-4.83808E-04 4.53227E-04-3.33538E-02
 -1       925 4.83759E-04 4.53245E-04-3.33538E-02
 -1       926 1.36832E-03 4.23955E-04-3.38917E-02
 -1       927 2.05202E-03 3.70245E-04-3.48539E-02
 -1       928 2.47002E-03 2.99071E-04-3.60194E-02
 -1       929 2.66956E-03 2.19907E-04-3.71701E-02
 -1       930 2.74341E-03 1.38793E-04-3.81616E-02
 -1       931 2.78466E-03 6.08629E-05-3.87961E-02
 -1       932 2.70253E-03-6.76769E-06-3.90536E-02
 -1       933-2.92257E-03-1.33526E-05-3.88425E-02
 -1       934-2.99422E-03 2.01905E-04-3.86278E-02
 -1       935-2.93484E-03 4.41715E-04-3.80038E-02
 -1       936-2.84015E-03 6.93617E-04-3.69932E-02
 -1       937-2.61159E-03 9.41914E-04-3.58124E-02
 -1       938-2.15811E-03 1.16404E-03-3.46185E-02
 -1       939-1.43441E-03 1.33369E-03-3.36320E-02
 -1       940-5.05681E-04 1.42570E-03-3.30806E-02
 -1       941 5.05537E-04 1.42571E-03-3.30806E-02
 -1       942 1.43426E-03 1.33372E-03-3.36320E-02
 -1       943 2.15797E-03 1.16410E-03-3.46185E-02
 -1       944 2.61143E-03 9.42006E-04-3.58125E-02
 -1       945 2.84000E-03 6.93736E-04-3.69933E-02
 -1       946 2.93468E-03 4.41868E-04-3.80039E-02
 -1       947 2.99405E-03 2.02098E-04-3.86278E-02
 -1       948 2.92240E-03-1.31201E-05-3.88426E-02
 -1       949-3.42741E-03 5.91455E-06-3.84217E-02
 -1       950-3.48487E-03 4.12301E-04-3.83062E-02
 -1       951-3.40693E-03 8.62027E-04-3.76703E-02
 -1       952-3.28048E-03 1.33250E-03-3.65782E-02
 -1       953-2.99886E-03 1.79832E-03-3.52927E-02
 -1       954-2.46244E-03 2.21742E-03-3.39921E-02
 -1       955-1.62880E-03 2.54089E-03-3.29242E-02
 -1       956-5.73685E-04 2.71760E-03-3.23283E-02
 -1       957 5.73465E-04 2.71760E-03-3.23283E-02
 -1       958 1.62859E-03 2.54091E-03-3.29242E-02
 -1       959 2.46223E-03 2.21745E-03-3.39921E-02
 -1       960 2.99866E-03 1.79837E-03-3.52928E-02
 -1       961 3.28027E-03 1.33258E-03-3.65782E-02
 -1       962 3.40672E-03 8.62145E-04-3.76703E-02
 -1       963 3.48466E-03 4.12452E-04-3.83062E-02
 -1       964 3.42720E-03 6.08720E-06-3.84219E-02
 -1       965-4.32830E-03-1.07645E-04-3.82138E-02
 -1       966-4.38659E-03 6.02470E-04-3.81338E-02
 -1       967-4.30725E-03 1.30597E-03-3.73497E-02
 -1       968-4.16726E-03 2.01538E-03-3.60512E-02
 -1       969-3.82430E-03 2.70815E-03-3.45359E-02
 -1       970-3.14640E-03 3.33723E-03-3.30139E-02
 -1       971-2.08563E-03 3.81969E-03-3.17683E-02
 -1       972-7.35866E-04 4.08651E-03-3.10690E-02
 -1       973 7.35611E-04 4.08652E-03-3.10690E-02
 -1       974 2.08537E-03 3.81971E-03-3.17682E-02
 -1       975 3.14616E-03 3.33726E-03-3.30138E-02
 -1       976 3.82406E-03 2.70819E-03-3.45358E-02
 -1       977 4.16703E-03 2.01546E-03-3.60511E-02
 -1       978 4.30702E-03 1.30608E-03-3.73497E-02
 -1       979 4.38636E-03 6.02599E-04-3.81338E-02
 -1       980 4.32806E-03-1.07498E-04-3.82139E-02
 -1       981-2.93876E-03-3.73740E-04-3.81287E-02
 -1       982-2.76441E-03-7.02073E-04-3.89281E-02
 -1       983-2.77338E-03-1.11100E-03-3.85088E-02
 -1       984-2.70494E-03-1.56634E-03-3.78871E-02
 -1       985-2.45599E-03-2.02280E-03-3.71819E-02
 -1       986-1.98623E-03-2.43047E-03-3.65167E-02
 -1       987-1.30020E-03-2.73928E-03-3.59929E-02
 -1       988-4.51993E-04-2.90522E-03-3.57042E-02
 -1       989 4.52117E-04-2.90521E-03-3.57042E-02
 -1       990 1.30032E-03-2.73927E-03-3.59929E-02
 -1       991 1.98635E-03-2.43045E-03-3.65167E-02
 -1       992 2.45610E-03-2.02277E-03-3.71819E-02
 -1       993 2.70506E-03-1.56630E-03-3.78872E-02
 -1       994 2.77349E-03-1.11095E-03-3.85088E-02
 -1       995 2.76451E-03-7.02020E-04-3.89281E-02
 -1       996 2.93887E-03-3.73685E-04-3.81286E-02
 -1       997-2.46465E-03-1.35682E-05-3.84087E-02
 -1       998-2.26819E-03-2.45525E-04-3.91479E-02
 -1       999-2.24419E-03-4.83919E-04-3.88932E-02
 -1      1000-2.17409E-03-7.26430E-04-3.84609E-02
 -1      1001-1.96702E-03-9.60607E-04-3.79439E-02
 -1      1002-1.58736E-03-1.16699E-03-3.74467E-02
 -1      1003-1.03788E-03-1.32255E-03-3.70512E-02
 -1      1004-3.60591E-04-1.40649E-03-3.68317E-02
 -1      1005 3.60693E-04-1.40649E-03-3.68317E-02
 -1      1006 1.03799E-03-1.32254E-03-3.70512E-02
 -1      1007 1.58746E-03-1.16697E-03-3.74467E-02
 -1      1008 1.96712E-03-9.60578E-04-3.79439E-02
 -1      1009 2.17418E-03-7.26387E-04-3.84609E-02
 -1      1010 2.24428E-03-4.83862E-04-3.88932E-02
 -1      1011 2.26828E-03-2.45452E-04-3.91478E-02
 -1      1012 2.46475E-03-1.34834E-05-3.84086E-02
 -1      1013-2.20006E-03 4.44216E-05-3.86766E-02
 -1      1014-2.02601E-03-7.87578E-05-3.92764E-02
 -1      1015-2.00903E-03-2.13907E-04-3.89988E-02
 -1      1016-1.95248E-03-3.46757E-04-3.85761E-02
 -1      1017-1.77296E-03-4.71203E-04-3.80819E-02
 -1      1018-1.43521E-03-5.78691E-04-3.76080E-02
 -1      1019-9.40563E-04-6.58817E-04-3.72317E-02
 -1      1020-3.27359E-04-7.01906E-04-3.70223E-02
 -1      1021 3.27425E-04-7.01901E-04-3.70223E-02
 -1      1022 9.40628E-04-6.58799E-04-3.72317E-02
 -1      1023 1.43528E-03-5.78661E-04-3.76080E-02
 -1      1024 1.77302E-03-4.71158E-04-3.80819E-02
 -1      1025 1.95255E-03-3.46694E-04-3.85761E-02
 -1      1026 2.00910E-03-2.13826E-04-3.89988E-02
 -1      1027 2.02608E-03-7.86545E-05-3.92763E-02
 -1      1028 2.20014E-03 4.45469E-05-3.86765E-02
 -1      1029-2.07470E-03 2.03249E-05-3.88118E-02
 -1      1030-1.92459E-03-1.83956E-05-3.93595E-02
 -1      1031-1.91307E-03-6.03400E-05-3.90752E-02
 -1      1032-1.86277E-03-1.03003E-04-3.86578E-02
 -1      1033-1.69515E-03-1.42589E-04-3.81750E-02
 -1      1034-1.37513E-03-1.76417E-04-3.77136E-02
 -1      1035-9.02735E-04-2.01375E-04-3.73472E-02
 -1      1036-3.14341E-04-2.14652E-04-3.71433E-02
 -1      1037 3.14364E-04-2.14643E-04-3.71433E-02
 -1      1038 9.02756E-04-2.01350E-04-3.73472E-02
 -1      1039 1.37515E-03-1.76374E-04-3.77136E-02
 -1      1040 1.69517E-03-1.42528E-04-3.81750E-02
 -1      1041 1.86280E-03-1.02924E-04-3.86578E-02
 -1      1042 1.91309E-03-6.02390E-05-3.90752E-02
 -1      1043 1.92462E-03-1.82694E-05-3.93595E-02
 -1      1044 2.07473E-03 2.04831E-05-3.88117E-02
 -1      1045-2.07473E-03-2.04831E-05-3.88117E-02
 -1      1046-1.92462E-03 1.82694E-05-3.93595E-02
 -1      1047-1.91309E-03 6.02390E-05-3.90752E-02
 -1      1048-1.86280E-03 1.02924E-04-3.86578E-02
 -1      1049-1.69517E-03 1.42528E-04-3.81750E-02
 -1      1050-1.37515E-03 1.76374E-04-3.77136E-02
 -1      1051-9.02756E-04 2.01350E-04-3.73472E-02
 -1      1052-3.14364E-04 2.14643E-04-3.71433E-02
 -1      1053 3.14341E-04 2.14652E-04-3.71433E-02
 -1      1054 9.02735E-04 2.01375E-04-3.73472E-02
 -1      1055 1.37513E-03 1.76417E-04-3.77136E-02
 -1      1056 1.69515E-03 1.42589E-04-3.81750E-02
 -1      1057 1.86277E-03 1.03003E-04-3.86578E-02
 -1      1058 1.91307E-03 6.03400E-05-3.90752E-02
 -1      1059 1.92459E-03 1.83956E-05-3.93595E-02
 -1      1060 2.07470E-03-2.03249E-05-3.88118E-02
 -1      1061-2.20014E-03-4.45469E-05-3.86765E-02
 -1      1062-2.02608E-03 7.86545E-05-3.92763E-02
 -1      1063-2.00910E-03 2.13826E-04-3.89988E-02
 -1      1064-1.95255E-03 3.46694E-04-3.85761E-02
 -1      1065-1.77302E-03 4.71158E-04-3.80819E-02
 -1      1066-1.43528E-03 5.78661E-04-3.76080E-02
 -1      1067-9.40628E-04 6.58799E-04-3.72317E-02
 -1      1068-3.27425E-04 7.01901E-04-3.70223E-02
 -1      1069 3.27359E-04 7.01906E-04-3.70223E-02
 -1      1070 9.40563E-04 6.58817E-04-3.72317E-02
 -1      1071 1.43521E-03 5.78691E-04-3.76080E-02
 -1      1072 1.77296E-03 4.71203E-04-3.80819E-02
 -1      1073 1.95248E-03 3.46757E-04-3.85761E-02
 -1      1074 2.00903E-03 2.13907E-04-3.89988E-02
 -1      1075 2.02601E-03 7.87578E-05-3.92764E-02
 -1      1076 2.20006E-03-4.44216E-05-3.86766E-02
 -1      1077-2.46475E-03 1.34834E-05-3.84086E-02
 -1      1078-2.26828E-03 2.45452E-04-3.91478E-02
 -1      1079-2.24428E-03 4.83862E-04-3.88932E-02
 -1      1080-2.17418E-03 7.26387E-04-3.84609E-02
 -1      1081-1.96712E-03 9.60578E-04-3.79439E-02
 -1      1082-1.58746E-03 1.16697E-03-3.74467E-02
 -1      1083-1.03799E-03 1.32254E-03-3.70512E-02
 -1      1084-3.60693E-04 1.40649E-03-3.68317E-02
 -1      1085 3.60591E-04 1.40649E-03-3.68317E-02
 -1      1086 1.03788E-03 1.32255E-03-3.70512E-02
 -1      1087 1.58736E-03 1.16699E-03-3.74467E-02
 -1      1088 1.96702E-03 9.60607E-04-3.79439E-02
 -1      1089 2.17409E-03 7.26430E-04-3.84609E-02
 -1      1090 2.24419E-03 4.83919E-04-3.88932E-02
 -1      1091 2.26819E-03 2.45525E-04-3.91479E-02
 -1      1092 2.46465E-03 1.35682E-05-3.84087E-02
 -1      1093-2.93887E-03 3.73685E-04-3.81286E-02
 -1      1094-2.76451E-03 7.02020E-04-3.89281E-02
 -1      1095-2.77349E-03 1.11095E-03-3.85088E-02
 -1      1096-2.70506E-03 1.56630E-03-3.78872E-02
 -1      1097-2.45610E-03 2.02277E-03-3.71819E-02
 -1      1098-1.98635E-03 2.43045E-03-3.65167E-02
 -1      1099-1.30032E-03 2.73927E-03-3.59929E-02
 -1      1100-4.52117E-04 2.90521E-03-3.57042E-02
 -1      1101 4.51993E-04 2.90522E-03-3.57042E-02
 -1      1102 1.30020E-03 2.73928E-03-3.59929E-02
 -1      1103 1.98623E-03 2.43047E-03-3.65167E-02
 -1      1104 2.45599E-03 2.02280E-03-3.71819E-02
 -1      1105 2.70494E-03 1.56634E-03-3.78871E-02
 -1      1106 2.77338E-03 1.11100E-03-3.85088E-02
 -1      1107 2.76441E-03 7.02073E-04-3.89281E-02
 -1      1108 2.93876E-03 3.73740E-04-3.81287E-02
 -1      1109 0.00000E+00 0.00000E+00-4.00000E-02
 -1      1110 0.00000E+00 0.00000E+00-4.00000E-02
 -1      1111 0.00000E+00 0.00000E+00-4.00000E-02
 -1      1112 0.00000E+00 0.00000E+00-4.00000E-02
 -1      1113 0.00000E+00 0.00000E+00-4.00000E-02
 -1      1114 0.00000E+00 0.00000E+00-4.00000E-02
 -1      1115 0.00000E+00 0.00000E+00-4.00000E-02
 -1      1116 0.00000E+00 0.00000E+00-4.00000E-02
 -1      1117 0.00000E+00 0.00000E+00-4.00000E-02
 -1      1118 0.00000E+00 0.00000E+00-4.00000E-02
 -1      1119 0.00000E+00 0.00000E+00-4.00000E-02
 -1      1120 0.00000E+00 0.00000E+00-4.00000E-02
 -1      1121 0.00000E+00 0.00000E+00-4.00000E-02
 -1      1122 0.00000E+00 0.00000E+00-4.00000E-02
 -1      1123 0.00000E+00 0.00000E+00-4.00000E-02
 -1      1124 0.00000E+00 0.00000E+00-4.00000E-02
 -1      1125 0.00000E+00 0.00000E+00-4.00000E-02
 -1      1126 0.00000E+00 0.00000E+00-4.00000E-02
 -1      1127 0.00000E+00 0.00000E+00-4.00000E-02
 -1      1128 0.00000E+00 0.00000E+00-4.00000E-02
 -1      1129 0.00000E+00 0.00000E+00-4.00000E-02
 -1      1130 0.00000E+00 0.00000E+00-4.00000E-02
 -1      1131 0.00000E+00 0.00000E+00-4.00000E-02
 -1      1132 0.00000E+00 0.00000E+00-4.00000E-02
 -1      1133 0.00000E+00 0.00000E+00-4.00000E-02
 -1      1134 0.00000E+00 0.00000E+00-4.00000E-02
 -1      1135 0.00000E+00 0.00000E+00-4.00000E-02
 -1      1136 0.00000E+00 0.00000E+00-4.00000E-02
 -1      1137 0.00000E+00 0.00000E+00-4.00000E-02
 -1      1138 0.00000E+00 0.00000E+00-4.00000E-02
 -1      1139 0.00000E+00 0.00000E+00-4.00000E-02
 -1      1140 0.00000E+00 0.00000E+00-4.00000E-02
 -1      1141 0.00000E+00 0.00000E+00-4.00000E-02
 -1      1142 0.00000E+00 0.00000E+00-4.00000E-02
 -1      1143 0.00000E+00 0.00000E+00-4.00000E-02
 -1      1144 0.00000E+00 0.00000E+00-4.00000E-02
 -1      1145 0.00000E+00 0.00000E+00-4.00000E-02
 -1      1146 0.00000E+00 0.00000E+00-4.00000E-02
 -1      1147 0.00000E+00 0.00000E+00-4.00000E-02
 -1      1148 0.00000E+00 0.00000E+00-4.00000E-02
 -1      1149 0.00000E+00 0.00000E+00-4.00000E-02
 -1      1150 0.00000E+00 0.00000E+00-4.00000E-02
 -1      1151 0.00000E+00 0.00000E+00-4.00000E-02
 -1      1152 0.00000E+00 0.00000E+00-4.00000E-02
 -1      1153 0.00000E+00 0.00000E+00-4.00000E-02
 -1      1154 0.00000E+00 0.00000E+00-4.00000E-02
 -1      1155 0.00000E+00 0.00000E+00-4.00000E-02
 -1      1156 0.00000E+00 0.00000E+00-4.00000E-02
 -1      1157 0.00000E+00 0.00000E+00-4.00000E-02
 -1      1158 0.00000E+00 0.00000E+00-4.00000E-02
 -1      1159 0.00000E+00 0.00000E+00-4.00000E-02
 -1      1160 0.00000E+00 0.00000E+00-4.00000E-02
 -1      1161 0.00000E+00 0.00000E+00-4.00000E-02
 -1      1162 0.00000E+00 0.00000E+00-4.00000E-02
 -1      1163 0.00000E+00 0.00000E+00-4.00000E-02
 -1      1164 0.00000E+00 0.00000E+00-4.00000E-02
 -1      1165 0.00000E+00 0.00000E+00-4.00000E-02
 -1      1166 0.00000E+00 0.00000E+00-4.00000E-02
 -1      1167 0.00000E+00 0.00000E+00-4.00000E-02
 -1      1168 0.00000E+00 0.00000E+00-4.00000E-02
 -1      1169 0.00000E+00 0.00000E+00-4.00000E-02
 -1      1170 0.00000E+00 0.00000E+00-4.00000E-02
 -1      1171 0.00000E+00 0.00000E+00-4.00000E-02
 -1      1172 0.00000E+00 0.00000E+00-4.00000E-02
 -1      1173 0.00000E+00 0.00000E+00-4.00000E-02
 -1      1174 0.00000E+00 0.00000E+00-4.00000E-02
 -1      1175 0.00000E+00 0.00000E+00-4.00000E-02
 -1      1176 0.00000E+00 0.00000E+00-4.00000E-02
 -1      1177 0.00000E+00 0.00000E+00-4.00000E-02
 -1      1178 0.00000E+00 0.00000E+00-4.00000E-02
 -1      1179 0.00000E+00 0.00000E+00-4.00000E-02
 -1      1180 0.00000E+00 0.00000E+00-4.00000E-02
 -1      1181 0.00000E+00 0.00000E+00-4.00000E-02
 -1      1182 0.00000E+00 0.00000E+00-4.00000E-02
 -1      1183 0.00000E+00 0.00000E+00-4.00000E-02
 -1      1184 0.00000E+00 0.00000E+00-4.00000E-02
 -1      1185 0.00000E+00 0.00000E+00-4.00000E-02
 -1      1186 0.00000E+00 0.00000E+00-4.00000E-02
 -1      1187 0.00000E+00 0.00000E+00-4.00000E-02
 -1      1188 0.00000E+00 0.00000E+00-4.00000E-02
 -1      1189 0.00000E+00 0.00000E+00-4.00000E-02
 -1      1190 0.00000E+00 0.00000E+00-4.00000E-02
 -1      1191 0.00000E+00 0.00000E+00-4.00000E-02
 -1      1192 0.00000E+00 0.00000E+00-4.00000E-02
 -1      1193 0.00000E+00 0.00000E+00-4.00000E-02
 -1      1194 0.00000E+00 0.00000E+00-4.00000E-02
 -1      1195 0.00000E+00 0.00000E+00-4.00000E-02
 -1      1196 0.00000E+00 0.00000E+00-4.00000E-02
 -1      1197 0.00000E+00 0.00000E+00-4.00000E-02
 -1      1198 0.00000E+00 0.00000E+00-4.00000E-02
 -1      1199 0.00000E+00 0.00000E+00-4.00000E-02
 -1      1200 0.00000E+00 0.00000E+00-4.00000E-02
 -1      1201 0.00000E+00 0.00000E+00-4.00000E-02
 -1      1202 0.00000E+00 0.00000E+00-4.00000E-02
 -1      1203 0.00000E+00 0.00000E+00-4.00000E-02
 -1      1204 0.00000E+00 0.00000E+00-4.00000E-02
 -1      1205 0.00000E+00 0.00000E+00-4.00000E-02
 -1      1206 0.00000E+00 0.00000E+00-4.00000E-02
 -1      1207 0.00000E+00 0.00000E+00-4.00000E-02
 -1      1208 0.00000E+00 0.00000E+00-4.00000E-02
 -1      1209 0.00000E+00 0.00000E+00-4.00000E-02
 -1      1210 0.00000E+00 0.00000E+00-4.00000E-02
 -1      1211 0.00000E+00 0.00000E+00-4.00000E-02
 -1      1212 0.00000E+00 0.00000E+00-4.00000E-02
 -1      1213 0.00000E+00 0.00000E+00-4.00000E-02
 -1      1214 0.00000E+00 0.00000E+00-4.00000E-02
 -1      1215 0.00000E+00 0.00000E+00-4.00000E-02
 -1      1216 0.00000E+00 0.00000E+00-4.00000E-02
 -1      1217 0.00000E+00 0.00000E+00-4.00000E-02
 -1      1218 0.00000E+00 0.00000E+00-4.00000E-02
 -1      1219 0.00000E+00 0.00000E+00-4.00000E-02
 -1      1220 0.00000E+00 0.00000E+00-4.00000E-02
 -1      1221 0.00000E+00 0.00000E+00-4.00000E-02
 -1      1222 0.00000E+00 0.00000E+00-4.00000E-02
 -1      1223 0.00000E+00 0.00000E+00-4.00000E-02
 -1      1224 0.00000E+00 0.00000E+00-4.00000E-02
 -1      1225 0.00000E+00 0.00000E+00-4.00000E-02
 -1      1226 0.00000E+00 0.00000E+00-4.00000E-02
 -1      1227 0.00000E+00 0.00000E+00-4.00000E-02
 -1      1228 0.00000E+00 0.00000E+00-4.00000E-02
 -1      1229 0.00000E+00 0.00000E+00-4.00000E-02
 -1      1230 0.00000E+00 0.00000E+00-4.00000E-02
 -1      1231 0.00000E+00 0.00000E+00-4.00000E-02
 -1      1232 0.00000E+00 0.00000E+00-4.00000E-02
 -1      1233 0.00000E+00 0.00000E+00-4.00000E-02
 -1      1234 0.00000E+00 0.00000E+00-4.00000E-02
 -1      1235 0.00000E+00 0.00000E+00-4.00000E-02
 -1      1236 0.00000E+00 0.00000E+00-4.00000E-02
 -3
    1PSTEP                        10           3           1          
  100CL  103 1.000000000        1236                     0    3           1
 -4  STRESS      6    1
 -5  SXX         1    4    1    1
 -5  SYY         1    4    2    2
 -5  SZZ         1    4    3    3
 -5  SXY         1    4    1    2
 -5  SYZ         1    4    2    3
 -5  SZX         1    4    3    1
 -1         1-1.89767E+00-2.53397E+00-7.79360E+00 1.86118E-02-3.12853E-01-3.42705E+00
 -1         2-1.08036E+00-3.18836E-01-1.76880E+00 4.13530E-02-7.03529E-01-4.55521E+00
 -1         3-1.40888E+00-4.65232E-01-2.74229E+00-2.36987E-02-2.31131E+00-8.03611E+00
 -1         4-5.35363E+00-3.90335E+00-9.16361E+00-2.11030E-02-7.54313E+00-1.34307E+01
 -1         5-1.26781E+01-1.24916E+01-2.50895E+01 6.89999E-02-2.00206E+01-1.74638E+01
 -1         6-2.00620E+01-2.39510E+01-4.76988E+01 1.02293E-01-3.77657E+01-1.34113E+01
 -1         7-2.31223E+01-2.94994E+01-5.89394E+01 5.12136E-05-4.68239E+01-7.38910E-05
 -1         8-2.00616E+01-2.39505E+01-4.76976E+01-1.02366E-01-3.77656E+01 1.34108E+01
 -1         9-1.26777E+01-1.24913E+01-2.50884E+01-6.89650E-02-2.00204E+01 1.74632E+01
 -1        10-5.35328E+00-3.90303E+00-9.16273E+00 2.10725E-02-7.54293E+00 1.34300E+01
 -1        11-1.40875E+00-4.65140E-01-2.74200E+00 2.37034E-02-2.31122E+00 8.03547E+00
 -1        12-1.08023E+00-3.18760E-01-1.76866E+00-4.13541E-02-7.03537E-01 4.55472E+00
 -1        13-1.89749E+00-2.53371E+00-7.79292E+00-1.86178E-02-3.12943E-01 3.42663E+00
 -1        14-1.42897E+00-2.46759E+00-6.36330E+00 3.12119E-02-1.42327E-01-2.80717E+00
 -1        15-5.42973E-01-4.26464E-01-1.04745E-01-6.01459E-03-7.03609E-01-3.66371E+00
 -1        16-4.88824E-01-5.50266E-01 8.10682E-01-2.21299E-01-2.30912E+00-6.85685E+00
 -1        17-5.00490E+00-4.59297E+00-4.96801E+00-6.73819E-02-7.68323E+00-1.30835E+01
 -1        18-1.59296E+01-1.66495E+01-2.93819E+01 5.99486E-01-2.08311E+01-1.88111E+01
 -1        19-2.95346E+01-3.45402E+01-7.08260E+01 8.53732E-01-3.98225E+01-1.51939E+01
 -1        20-3.59841E+01-4.37061E+01-9.30527E+01 3.28574E-05-4.95764E+01-3.92651E-04
 -1        21-2.95345E+01-3.45401E+01-7.08257E+01-8.53752E-01-3.98224E+01 1.51932E+01
 -1        22-1.59294E+01-1.66491E+01-2.93814E+01-5.99465E-01-2.08309E+01 1.88104E+01
 -1        23-5.00472E+00-4.59276E+00-4.96767E+00 6.73460E-02-7.68304E+00 1.30828E+01
 -1        24-4.88707E-01-5.50134E-01 8.10899E-01 2.21303E-01-2.30905E+00 6.85630E+00
 -1        25-5.42846E-01-4.26376E-01-1.04597E-01 6.01250E-03-7.03649E-01 3.66329E+00
 -1        26-1.42879E+00-2.46734E+00-6.36262E+00-3.12123E-02-1.42472E-01 2.80683E+00
 -1        27-8.92995E-01-1.86181E+00-5.21977E+00-2.70816E-02-4.76208E-02-2.34610E+00
 -1        28-2.53646E-02 1.34398E-01 5.48340E-01-3.67499E-02-5.05676E-01-3.33142E+00
 -1        29 5.56051E-02 7.67182E-01 2.21215E+00-2.29914E-01-1.94361E+00-8.09056E+00
 -1        30-7.61472E+00-4.39002E+00-8.74745E+00 2.79964E-02-6.71120E+00-2.01003E+01
 -1        31-3.00886E+01-2.62032E+01-6.17669E+01 9.11597E-01-1.84569E+01-3.33698E+01
 -1        32-6.12884E+01-6.22472E+01-1.53714E+02 1.19716E+00-3.54231E+01-2.87591E+01
 -1        33-7.67852E+01-8.14006E+01-2.03373E+02-8.38003E-05-4.41330E+01-7.92550E-04
 -1        34-6.12883E+01-6.22471E+01-1.53714E+02-1.19706E+00-3.54230E+01 2.87580E+01
 -1        35-3.00883E+01-2.62028E+01-6.17662E+01-9.11691E-01-1.84567E+01 3.33686E+01
 -1        36-7.61457E+00-4.38983E+00-8.74702E+00-2.79149E-02-6.71112E+00 2.00995E+01
 -1        37 5.58207E-02 7.67387E-01 2.21252E+00 2.29905E-01-1.94364E+00 8.08992E+00
 -1        38-2.52936E-02 1.34426E-01 5.48428E-01 3.67523E-02-5.05806E-01 3.33106E+00
 -1        39-8.92873E-01-1.86164E+00-5.21929E+00 2.70803E-02-4.78410E-02 2.34584E+00
 -1        40-6.12573E-01-1.57236E+00-4.56077E+00-3.06621E-02-4.43685E-02-2.21602E+00
 -1        41 3.56820E-01 4.26261E-01 1.12355E+00-3.57891E-02-2.83503E-01-3.43021E+00
 -1        42 1.92616E-01 1.10393E+00 3.12159E+00-1.22126E-01-1.13795E+00-9.68491E+00
 -1        43-1.01109E+01-5.83107E+00-1.14060E+01-8.58483E-03-3.76143E+00-2.60067E+01
 -1        44-4.05061E+01-3.53562E+01-8.28656E+01 4.19406E-01-1.01090E+01-4.43396E+01
 -1        45-8.30592E+01-8.44991E+01-2.08045E+02 5.73574E-01-1.93743E+01-3.85636E+01
 -1        46-1.04275E+02-1.10677E+02-2.75871E+02-6.59104E-06-2.41729E+01-3.99639E-04
 -1        47-8.30587E+01-8.44986E+01-2.08043E+02-5.73570E-01-1.93745E+01 3.85621E+01
 -1        48-4.05056E+01-3.53559E+01-8.28641E+01-4.19420E-01-1.01093E+01 4.43388E+01
 -1        49-1.01104E+01-5.83057E+00-1.14043E+01 8.60060E-03-3.76174E+00 2.60057E+01
 -1        50 1.92632E-01 1.10379E+00 3.12153E+00 1.22121E-01-1.13818E+00 9.68440E+00
 -1        51 3.56855E-01 4.26289E-01 1.12362E+00 3.57961E-02-2.83691E-01 3.42999E+00
 -1        52-6.12510E-01-1.57228E+00-4.56051E+00 3.06644E-02-4.46458E-02 2.21586E+00
 -1        53-5.26282E-01-1.48683E+00-4.37328E+00 3.03578E-06 1.52898E-04-2.20218E+00
 -1        54 5.13792E-01 5.73799E-01 1.36897E+00 3.83089E-06 9.86971E-05-3.51372E+00
 -1        55 1.47416E-01 1.13295E+00 3.22823E+00 8.93887E-06 1.64264E-04-1.03657E+01
 -1        56-1.11376E+01-6.64769E+00-1.25697E+01-7.98235E-05 3.11029E-04-2.79331E+01
 -1        57-4.37579E+01-3.85463E+01-8.89117E+01 9.13193E-05 4.43170E-04-4.75837E+01
 -1        58-8.96331E+01-9.17963E+01-2.24065E+02-9.47385E-05 2.27081E-04-4.13830E+01
 -1        59-1.12576E+02-1.20209E+02-2.97589E+02 1.43702E-04 3.01981E-14-1.86517E-14
 -1        60-8.96331E+01-9.17963E+01-2.24065E+02-9.47385E-05-2.27081E-04 4.13830E+01
 -1        61-4.37579E+01-3.85463E+01-8.89117E+01 9.13193E-05-4.43170E-04 4.75837E+01
 -1        62-1.11376E+01-6.64769E+00-1.25697E+01-7.98235E-05-3.11029E-04 2.79331E+01
 -1        63 1.47416E-01 1.13295E+00 3.22823E+00 8.93887E-06-1.64264E-04 1.03657E+01
 -1        64 5.13792E-01 5.73799E-01 1.36897E+00 3.83089E-06-9.86971E-05 3.51372E+00
 -1        65-5.26282E-01-1.48683E+00-4.37328E+00 3.03578E-06-1.52898E-04 2.20218E+00
 -1        66-6.12510E-01-1.57228E+00-4.56051E+00 3.06644E-02 4.46458E-02-2.21586E+00
 -1        67 3.56855E-01 4.26289E-01 1.12362E+00 3.57961E-02 2.83691E-01-3.42999E+00
 -1        68 1.92632E-01 1.10379E+00 3.12153E+00 1.22121E-01 1.13818E+00-9.68440E+00
 -1        69-1.01104E+01-5.83057E+00-1.14043E+01 8.60060E-03 3.76174E+00-2.60057E+01
 -1        70-4.05056E+01-3.53559E+01-8.28641E+01-4.19420E-01 1.01093E+01-4.43388E+01
 -1        71-8.30587E+01-8.44986E+01-2.08043E+02-5.73570E-01 1.93745E+01-3.85621E+01
 -1        72-1.04275E+02-1.10677E+02-2.75871E+02-6.59104E-06 2.41729E+01 3.99639E-04
 -1        73-8.30592E+01-8.44991E+01-2.08045E+02 5.73574E-01 1.93743E+01 3.85636E+01
 -1        74-4.05061E+01-3.53562E+01-8.28656E+01 4.19406E-01 1.01090E+01 4.43396E+01
 -1        75-1.01109E+01-5.83107E+00-1.14060E+01-8.58483E-03 3.76143E+00 2.60067E+01
 -1        76 1.92616E-01 1.10393E+00 3.12159E+00-1.22126E-01 1.13795E+00 9.68491E+00
 -1        77 3.56820E-01 4.26261E-01 1.12355E+00-3.57891E-02 2.83503E-01 3.43021E+00
 -1        78-6.12573E-01-1.57236E+00-4.56077E+00-3.06621E-02 4.43685E-02 2.21602E+00
 -1        79-8.92873E-01-1.86164E+00-5.21929E+00 2.70803E-02 4.78410E-02-2.34584E+00
 -1        80-2.52936E-02 1.34426E-01 5.48428E-01 3.67523E-02 5.05806E-01-3.33106E+00
 -1        81 5.58207E-02 7.67387E-01 2.21252E+00 2.29905E-01 1.94364E+00-8.08992E+00
 -1        82-7.61457E+00-4.38983E+00-8.74702E+00-2.79149E-02 6.71112E+00-2.00995E+01
 -1        83-3.00883E+01-2.62028E+01-6.17662E+01-9.11691E-01 1.84567E+01-3.33686E+01
 -1        84-6.12883E+01-6.22471E+01-1.53714E+02-1.19706E+00 3.54230E+01-2.87580E+01
 -1        85-7.67852E+01-8.14006E+01-2.03373E+02-8.38003E-05 4.41330E+01 7.92550E-04
 -1        86-6.12884E+01-6.22472E+01-1.53714E+02 1.19716E+00 3.54231E+01 2.87591E+01
 -1        87-3.00886E+01-2.62032E+01-6.17669E+01 9.11597E-01 1.84569E+01 3.33698E+01
 -1        88-7.61472E+00-4.39002E+00-8.74745E+00 2.79964E-02 6.71120E+00 2.01003E+01
 -1        89 5.56051E-02 7.67182E-01 2.21215E+00-2.29914E-01 1.94361E+00 8.09056E+00
 -1        90-2.53646E-02 1.34398E-01 5.48340E-01-3.67499E-02 5.05676E-01 3.33142E+00
 -1        91-8.92995E-01-1.86181E+00-5.21977E+00-2.70816E-02 4.76208E-02 2.34610E+00
 -1        92-1.42879E+00-2.46734E+00-6.36262E+00-3.12123E-02 1.42472E-01-2.80683E+00
 -1        93-5.42846E-01-4.26376E-01-1.04597E-01 6.01250E-03 7.03649E-01-3.66329E+00
 -1        94-4.88707E-01-5.50134E-01 8.10899E-01 2.21303E-01 2.30905E+00-6.85630E+00
 -1        95-5.00472E+00-4.59276E+00-4.96767E+00 6.73460E-02 7.68304E+00-1.30828E+01
 -1        96-1.59294E+01-1.66491E+01-2.93814E+01-5.99465E-01 2.08309E+01-1.88104E+01
 -1        97-2.95345E+01-3.45401E+01-7.08257E+01-8.53752E-01 3.98224E+01-1.51932E+01
 -1        98-3.59841E+01-4.37061E+01-9.30527E+01 3.28574E-05 4.95764E+01 3.92651E-04
 -1        99-2.95346E+01-3.45402E+01-7.08260E+01 8.53732E-01 3.98225E+01 1.51939E+01
 -1       100-1.59296E+01-1.66495E+01-2.93819E+01 5.99486E-01 2.08311E+01 1.88111E+01
 -1       101-5.00490E+00-4.59297E+00-4.96801E+00-6.73819E-02 7.68323E+00 1.30835E+01
 -1       102-4.88824E-01-5.50266E-01 8.10682E-01-2.21299E-01 2.30912E+00 6.85685E+00
 -1       103-5.42973E-01-4.26464E-01-1.04745E-01-6.01459E-03 7.03609E-01 3.66371E+00
 -1       104-1.42897E+00-2.46759E+00-6.36330E+00 3.12119E-02 1.42327E-01 2.80717E+00
 -1       105-1.89749E+00-2.53371E+00-7.79292E+00-1.86178E-02 3.12943E-01-3.42663E+00
 -1       106-1.08023E+00-3.18760E-01-1.76866E+00-4.13541E-02 7.03537E-01-4.55472E+00
 -1       107-1.40875E+00-4.65140E-01-2.74200E+00 2.37034E-02 2.31122E+00-8.03547E+00
 -1       108-5.35328E+00-3.90303E+00-9.16273E+00 2.10725E-02 7.54293E+00-1.34300E+01
 -1       109-1.26777E+01-1.24913E+01-2.50884E+01-6.89650E-02 2.00204E+01-1.74632E+01
 -1       110-2.00616E+01-2.39505E+01-4.76976E+01-1.02366E-01 3.77656E+01-1.34108E+01
 -1       111-2.31223E+01-2.94994E+01-5.89394E+01 5.12136E-05 4.68239E+01 7.38910E-05
 -1       112-2.00620E+01-2.39510E+01-4.76988E+01 1.02293E-01 3.77657E+01 1.34113E+01
 -1       113-1.26781E+01-1.24916E+01-2.50895E+01 6.89999E-02 2.00206E+01 1.74638E+01
 -1       114-5.35363E+00-3.90335E+00-9.16361E+00-2.11030E-02 7.54313E+00 1.34307E+01
 -1       115-1.40888E+00-4.65232E-01-2.74229E+00-2.36987E-02 2.31131E+00 8.03611E+00
 -1       116-1.08036E+00-3.18836E-01-1.76880E+00 4.13530E-02 7.03529E-01 4.55521E+00
 -1       117-1.89767E+00-2.53397E+00-7.79360E+00 1.86118E-02 3.12853E-01 3.42705E+00
 -1       118-1.35501E+00-3.69112E-01-4.86588E+00 1.67197E-01-2.63131E-02-2.47828E+00
 -1       119-3.78237E+00-2.53796E-01-1.35752E+00-1.94011E-01-5.76919E-01-3.37416E+00
 -1       120-8.39007E+00-8.52957E-01-8.68680E-02-1.74349E+00-1.26346E+00-5.37730E+00
 -1       121-1.16864E+01-2.70717E+00-2.17957E+00-6.02189E+00-3.91684E+00-8.52588E+00
 -1       122-7.25095E+00-6.52217E+00-9.94106E+00-1.13142E+01-1.27606E+01-1.10774E+01
 -1       123 9.92483E+00-8.96205E+00-1.74522E+01-1.03531E+01-2.79995E+01-8.52383E+00
 -1       124 2.05103E+01-9.65629E+00-2.04713E+01-2.38380E-04-3.62353E+01-3.36735E-04
 -1       125 9.92477E+00-8.96189E+00-1.74511E+01 1.03531E+01-2.79994E+01 8.52322E+00
 -1       126-7.25092E+00-6.52213E+00-9.94019E+00 1.13141E+01-1.27605E+01 1.10765E+01
 -1       127-1.16864E+01-2.70728E+00-2.17917E+00 6.02188E+00-3.91680E+00 8.52514E+00
 -1       128-8.38971E+00-8.52946E-01-8.66671E-02 1.74344E+00-1.26334E+00 5.37673E+00
 -1       129-3.78220E+00-2.53818E-01-1.35737E+00 1.93986E-01-5.76934E-01 3.37375E+00
 -1       130-1.35495E+00-3.69143E-01-4.86549E+00-1.67200E-01-2.64182E-02 2.47796E+00
 -1       131-7.03119E-01-8.18735E-01-4.07658E+00-7.20967E-05-2.24346E-02-1.87322E+00
 -1       132-2.52949E+00-2.72759E-01-5.13227E-02-4.48516E-01-5.72349E-01-2.42618E+00
 -1       133-7.58582E+00-1.10120E+00 1.61203E+00-2.46515E+00-1.11708E+00-3.87985E+00
 -1       134-1.42524E+01-3.54587E+00-2.14456E+00-8.33217E+00-3.76300E+00-8.47846E+00
 -1       135-1.67472E+01-1.01129E+01-2.57037E+01-1.45754E+01-1.40289E+01-1.56916E+01
 -1       136-9.37803E+00-2.06152E+01-7.32301E+01-1.25313E+01-3.54770E+01-1.48054E+01
 -1       137-3.74737E+00-2.62196E+01-1.00049E+02-2.39374E-04-4.74993E+01-1.69550E-04
 -1       138-9.37768E+00-2.06149E+01-7.32294E+01 1.25313E+01-3.54771E+01 1.48051E+01
 -1       139-1.67468E+01-1.01125E+01-2.57027E+01 1.45751E+01-1.40288E+01 1.56910E+01
 -1       140-1.42522E+01-3.54595E+00-2.14444E+00 8.33209E+00-3.76284E+00 8.47791E+00
 -1       141-7.58543E+00-1.10115E+00 1.61224E+00 2.46507E+00-1.11701E+00 3.87935E+00
 -1       142-2.52931E+00-2.72811E-01-5.11877E-02 4.48484E-01-5.72392E-01 2.42585E+00
 -1       143-7.03029E-01-8.18748E-01-4.07617E+00 6.12693E-05-2.25781E-02 1.87298E+00
 -1       144-9.48595E-01-1.30976E+00-3.54116E+00-1.47202E-01-3.79671E-02-1.60021E+00
 -1       145-3.38499E+00-4.08641E-01 6.76942E-01-7.36690E-01-4.70300E-01-2.06978E+00
 -1       146-1.35292E+01-2.28716E+00 1.68197E+00-3.10770E+00-8.61647E-01-4.09271E+00
 -1       147-2.84738E+01-5.19452E+00-3.32124E+00-9.52282E+00-3.15605E+00-1.37761E+01
 -1       148-3.43768E+01-1.29254E+01-4.82296E+01-1.58696E+01-1.29610E+01-3.34885E+01
 -1       149-2.90266E+01-3.69930E+01-1.69201E+02-1.32266E+01-3.47856E+01-3.54459E+01
 -1       150-2.41541E+01-5.20841E+01-2.42320E+02 2.20768E-04-4.72210E+01-5.46855E-04
 -1       151-2.90262E+01-3.69930E+01-1.69201E+02 1.32259E+01-3.47854E+01 3.54436E+01
 -1       152-3.43770E+01-1.29262E+01-4.82311E+01 1.58697E+01-1.29605E+01 3.34879E+01
 -1       153-2.84726E+01-5.19411E+00-3.32007E+00 9.52259E+00-3.15577E+00 1.37752E+01
 -1       154-1.35288E+01-2.28735E+00 1.68209E+00 3.10766E+00-8.61762E-01 4.09219E+00
 -1       155-3.38468E+00-4.08686E-01 6.77073E-01 7.36704E-01-4.70385E-01 2.06948E+00
 -1       156-9.48474E-01-1.30978E+00-3.54084E+00 1.47218E-01-3.81799E-02 1.60002E+00
 -1       157-1.25288E+00-1.19893E+00-3.25534E+00-1.47883E-01-6.74748E-02-1.46912E+00
 -1       158-4.32390E+00-2.39832E-01 1.13503E+00-5.30865E-01-2.36116E-01-1.95001E+00
 -1       159-1.79503E+01-2.35310E+00 2.00852E+00-1.96609E+00-5.20298E-01-4.47743E+00
 -1       160-3.85200E+01-5.63098E+00-4.74725E+00-5.33168E+00-1.81584E+00-1.76550E+01
 -1       161-4.67746E+01-1.50466E+01-6.52535E+01-9.19628E+00-6.94692E+00-4.46902E+01
 -1       162-3.89379E+01-4.58638E+01-2.28606E+02-8.13130E+00-1.62434E+01-4.78111E+01
 -1       163-3.19998E+01-6.54603E+01-3.27816E+02 2.48561E-04-2.14163E+01-1.87678E-03
 -1       164-3.89380E+01-4.58649E+01-2.28606E+02 8.13156E+00-1.62435E+01 4.78102E+01
 -1       165-4.67721E+01-1.50459E+01-6.52477E+01 9.19681E+00-6.94717E+00 4.46879E+01
 -1       166-3.85200E+01-5.63232E+00-4.74734E+00 5.33203E+00-1.81615E+00 1.76537E+01
 -1       167-1.79493E+01-2.35316E+00 2.00882E+00 1.96636E+00-5.20469E-01 4.47693E+00
 -1       168-4.32365E+00-2.39849E-01 1.13512E+00 5.30996E-01-2.36253E-01 1.94985E+00
 -1       169-1.25281E+00-1.19896E+00-3.25518E+00 1.47943E-01-6.77336E-02 1.46900E+00
 -1       170-1.36463E+00-1.09512E+00-3.15229E+00 4.12824E-05 1.41921E-04-1.43758E+00
 -1       171-4.76997E+00-1.92137E-01 1.26867E+00 9.32905E-05 7.87736E-05-1.96057E+00
 -1       172-1.92697E+01-2.19516E+00 2.36956E+00 2.57991E-04 5.97984E-05-4.70177E+00
 -1       173-4.16046E+01-6.32493E+00-5.72135E+00 4.97765E-04 4.21381E-04-1.89730E+01
 -1       174-5.12464E+01-1.82477E+01-7.10026E+01 6.40552E-05 6.96275E-04-4.69569E+01
 -1       175-3.86335E+01-4.87392E+01-2.35207E+02 8.49670E-04 4.06370E-04-4.95447E+01
 -1       176-2.79907E+01-6.73532E+01-3.33718E+02-1.64059E-04 2.57572E-14-7.10543E-15
 -1       177-3.86335E+01-4.87392E+01-2.35207E+02 8.49670E-04-4.06370E-04 4.95447E+01
 -1       178-5.12464E+01-1.82477E+01-7.10026E+01 6.40552E-05-6.96275E-04 4.69569E+01
 -1       179-4.16046E+01-6.32493E+00-5.72135E+00 4.97765E-04-4.21381E-04 1.89730E+01
 -1       180-1.92697E+01-2.19516E+00 2.36956E+00 2.57991E-04-5.97984E-05 4.70177E+00
 -1       181-4.76997E+00-1.92137E-01 1.26867E+00 9.32905E-05-7.87736E-05 1.96057E+00
 -1       182-1.36463E+00-1.09512E+00-3.15229E+00 4.12824E-05-1.41921E-04 1.43758E+00
 -1       183-1.25281E+00-1.19896E+00-3.25518E+00 1.47943E-01 6.77336E-02-1.46900E+00
 -1       184-4.32365E+00-2.39849E-01 1.13512E+00 5.30996E-01 2.36253E-01-1.94985E+00
 -1       185-1.79493E+01-2.35316E+00 2.00882E+00 1.96636E+00 5.20469E-01-4.47693E+00
 -1       186-3.85200E+01-5.63232E+00-4.74734E+00 5.33203E+00 1.81615E+00-1.76537E+01
 -1       187-4.67721E+01-1.50459E+01-6.52477E+01 9.19681E+00 6.94717E+00-4.46879E+01
 -1       188-3.89380E+01-4.58649E+01-2.28606E+02 8.13156E+00 1.62435E+01-4.78102E+01
 -1       189-3.19998E+01-6.54603E+01-3.27816E+02 2.48561E-04 2.14163E+01 1.87678E-03
 -1       190-3.89379E+01-4.58638E+01-2.28606E+02-8.13130E+00 1.62434E+01 4.78111E+01
 -1       191-4.67746E+01-1.50466E+01-6.52535E+01-9.19628E+00 6.94692E+00 4.46902E+01
 -1       192-3.85200E+01-5.63098E+00-4.74725E+00-5.33168E+00 1.81584E+00 1.76550E+01
 -1       193-1.79503E+01-2.35310E+00 2.00852E+00-1.96609E+00 5.20298E-01 4.47743E+00
 -1       194-4.32390E+00-2.39832E-01 1.13503E+00-5.30865E-01 2.36116E-01 1.95001E+00
 -1       195-1.25288E+00-1.19893E+00-3.25534E+00-1.47883E-01 6.74748E-02 1.46912E+00
 -1       196-9.48474E-01-1.30978E+00-3.54084E+00 1.47218E-01 3.81799E-02-1.60002E+00
 -1       197-3.38468E+00-4.08686E-01 6.77073E-01 7.36704E-01 4.70385E-01-2.06948E+00
 -1       198-1.35288E+01-2.28735E+00 1.68209E+00 3.10766E+00 8.61762E-01-4.09219E+00
 -1       199-2.84726E+01-5.19411E+00-3.32007E+00 9.52259E+00 3.15577E+00-1.37752E+01
 -1       200-3.43770E+01-1.29262E+01-4.82311E+01 1.58697E+01 1.29605E+01-3.34879E+01
 -1       201-2.90262E+01-3.69930E+01-1.69201E+02 1.32259E+01 3.47854E+01-3.54436E+01
 -1       202-2.41541E+01-5.20841E+01-2.42320E+02 2.20768E-04 4.72210E+01 5.46855E-04
 -1       203-2.90266E+01-3.69930E+01-1.69201E+02-1.32266E+01 3.47856E+01 3.54459E+01
 -1       204-3.43768E+01-1.29254E+01-4.82296E+01-1.58696E+01 1.29610E+01 3.34885E+01
 -1       205-2.84738E+01-5.19452E+00-3.32124E+00-9.52282E+00 3.15605E+00 1.37761E+01
 -1       206-1.35292E+01-2.28716E+00 1.68197E+00-3.10770E+00 8.61647E-01 4.09271E+00
 -1       207-3.38499E+00-4.08641E-01 6.76942E-01-7.36690E-01 4.70300E-01 2.06978E+00
 -1       208-9.48595E-01-1.30976E+00-3.54116E+00-1.47202E-01 3.79671E-02 1.60021E+00
 -1       209-7.03029E-01-8.18748E-01-4.07617E+00 6.12693E-05 2.25781E-02-1.87298E+00
 -1       210-2.52931E+00-2.72811E-01-5.11877E-02 4.48484E-01 5.72392E-01-2.42585E+00
 -1       211-7.58543E+00-1.10115E+00 1.61224E+00 2.46507E+00 1.11701E+00-3.87935E+00
 -1       212-1.42522E+01-3.54595E+00-2.14444E+00 8.33209E+00 3.76284E+00-8.47791E+00
 -1       213-1.67468E+01-1.01125E+01-2.57027E+01 1.45751E+01 1.40288E+01-1.56910E+01
 -1       214-9.37768E+00-2.06149E+01-7.32294E+01 1.25313E+01 3.54771E+01-1.48051E+01
 -1       215-3.74737E+00-2.62196E+01-1.00049E+02-2.39374E-04 4.74993E+01 1.69550E-04
 -1       216-9.37803E+00-2.06152E+01-7.32301E+01-1.25313E+01 3.54770E+01 1.48054E+01
 -1       217-1.67472E+01-1.01129E+01-2.57037E+01-1.45754E+01 1.40289E+01 1.56916E+01
 -1       218-1.42524E+01-3.54587E+00-2.14456E+00-8.33217E+00 3.76300E+00 8.47846E+00
 -1       219-7.58582E+00-1.10120E+00 1.61203E+00-2.46515E+00 1.11708E+00 3.87985E+00
 -1       220-2.52949E+00-2.72759E-01-5.13227E-02-4.48516E-01 5.72349E-01 2.42618E+00
 -1       221-7.03119E-01-8.18735E-01-4.07658E+00-7.20967E-05 2.24346E-02 1.87322E+00
 -1       222-1.35495E+00-3.69143E-01-4.86549E+00-1.67200E-01 2.64182E-02-2.47796E+00
 -1       223-3.78220E+00-2.53818E-01-1.35737E+00 1.93986E-01 5.76934E-01-3.37375E+00
 -1       224-8.38971E+00-8.52946E-01-8.66671E-02 1.74344E+00 1.26334E+00-5.37673E+00
 -1       225-1.16864E+01-2.70728E+00-2.17917E+00 6.02188E+00 3.91680E+00-8.52514E+00
 -1       226-7.25092E+00-6.52213E+00-9.94019E+00 1.13141E+01 1.27605E+01-1.10765E+01
 -1       227 9.92477E+00-8.96189E+00-1.74511E+01 1.03531E+01 2.79994E+01-8.52322E+00
 -1       228 2.05103E+01-9.65629E+00-2.04713E+01-2.38380E-04 3.62353E+01 3.36735E-04
 -1       229 9.92483E+00-8.96205E+00-1.74522E+01-1.03531E+01 2.79995E+01 8.52383E+00
 -1       230-7.25095E+00-6.52217E+00-9.94106E+00-1.13142E+01 1.27606E+01 1.10774E+01
 -1       231-1.16864E+01-2.70717E+00-2.17957E+00-6.02189E+00 3.91684E+00 8.52588E+00
 -1       232-8.39007E+00-8.52957E-01-8.68680E-02-1.74349E+00 1.26346E+00 5.37730E+00
 -1       233-3.78237E+00-2.53796E-01-1.35752E+00-1.94011E-01 5.76919E-01 3.37416E+00
 -1       234-1.35501E+00-3.69112E-01-4.86588E+00 1.67197E-01 2.63131E-02 2.47828E+00
 -1       235-1.30633E+00-4.90820E-01-1.19405E+00-2.86871E-02 1.48327E-01-8.92522E-01
 -1       236-2.27401E+00-1.27142E-01-2.38028E-01-2.60204E-01-1.18349E-01-1.04037E+00
 -1       237-4.18296E+00 1.63898E-01 2.07636E+00-1.37220E+00 1.68482E-02-7.40774E-01
 -1       238-3.53066E+00 2.19874E-01 5.16293E+00-4.21735E+00 1.32675E+00 1.70391E-01
 -1       239 1.65695E+00-3.18563E+00 7.19851E+00-1.05063E+01-3.93899E-02 7.75994E-01
 -1       240 1.31860E+01-2.15647E+01 1.27633E+01-1.15074E+01-1.00061E+01 7.44533E-01
 -1       241 1.87157E+01-3.36757E+01 1.47430E+01 5.39576E-05-1.68556E+01-1.00824E-03
 -1       242 1.31849E+01-2.15666E+01 1.27617E+01 1.15096E+01-1.00063E+01-7.42747E-01
 -1       243 1.65881E+00-3.18406E+00 7.20083E+00 1.05057E+01-3.86597E-02-7.77708E-01
 -1       244-3.53000E+00 2.20163E-01 5.16292E+00 4.21756E+00 1.32637E+00-1.70760E-01
 -1       245-4.18263E+00 1.63806E-01 2.07637E+00 1.37205E+00 1.69850E-02 7.40433E-01
 -1       246-2.27389E+00-1.27173E-01-2.37943E-01 2.60148E-01-1.18378E-01 1.04014E+00
 -1       247-1.30622E+00-4.90846E-01-1.19398E+00 2.86715E-02 1.48248E-01 8.92377E-01
 -1       248-6.18553E-01-3.42990E-01-1.08667E+00-7.99852E-02 1.30608E-02-5.62787E-01
 -1       249-1.10431E+00 2.03350E-01-1.07048E-01-4.52647E-01-1.00969E-01-6.15330E-01
 -1       250-2.80455E+00 7.12605E-01 1.28345E+00-2.02004E+00-7.05691E-02-3.21944E-01
 -1       251-7.39876E+00 6.35619E-01 1.76335E-01-5.89185E+00 1.67194E+00-1.44471E+00
 -1       252-1.56621E+01-5.01481E+00-1.19666E+01-1.72757E+01-2.34175E+00-1.02483E+01
 -1       253-7.97235E+00-2.81503E+01-5.85302E+01-2.05138E+01-2.42059E+01-1.42568E+01
 -1       254-8.68748E-01-4.22076E+01-8.53194E+01 3.41315E-04-3.89563E+01 6.66034E-04
 -1       255-7.97136E+00-2.81495E+01-5.85254E+01 2.05120E+01-2.42060E+01 1.42511E+01
 -1       256-1.56636E+01-5.01694E+00-1.19684E+01 1.72763E+01-2.34249E+00 1.02485E+01
 -1       257-7.39821E+00 6.36105E-01 1.76604E-01 5.89146E+00 1.67246E+00 1.44421E+00
 -1       258-2.80418E+00 7.12391E-01 1.28346E+00 2.01987E+00-7.06042E-02 3.21663E-01
 -1       259-1.10405E+00 2.03280E-01-1.06939E-01 4.52607E-01-1.00999E-01 6.15171E-01
 -1       260-6.18446E-01-3.43062E-01-1.08659E+00 7.99770E-02 1.29672E-02 5.62698E-01
 -1       261-5.89451E-01-2.15126E-01-9.23302E-01-2.61977E-01-1.22564E-01-4.02242E-01
 -1       262-1.37947E+00 6.05037E-01 4.27688E-01-7.33691E-01-1.37651E-01-1.56252E-01
 -1       263-3.93054E+00 1.51136E+00 2.28043E+00-2.49109E+00-1.05805E-01 1.16115E+00
 -1       264-2.20467E+01-2.16346E+00-2.28781E+00-6.45114E+00 1.64333E+00-1.17707E+00
 -1       265-4.25353E+01-1.46910E+00-8.64441E+00-1.85805E+01-3.39943E+00-2.70996E+01
 -1       266-3.89937E+01-3.79529E+01-2.07236E+02-2.22466E+01-2.85274E+01-4.09499E+01
 -1       267-2.69953E+01-5.88742E+01-3.30849E+02-2.15509E-03-4.54849E+01-1.15363E-03
 -1       268-3.89942E+01-3.79542E+01-2.07242E+02 2.22476E+01-2.85277E+01 4.09610E+01
 -1       269-4.25302E+01-1.46428E+00-8.64148E+00 1.85783E+01-3.39740E+00 2.70989E+01
 -1       270-2.20461E+01-2.16416E+00-2.28775E+00 6.45055E+00 1.64312E+00 1.17666E+00
 -1       271-3.92955E+00 1.51110E+00 2.28053E+00 2.49107E+00-1.05836E-01-1.16152E+00
 -1       272-1.37911E+00 6.04928E-01 4.27804E-01 7.33751E-01-1.37695E-01 1.56115E-01
 -1       273-5.89300E-01-2.15264E-01-9.23217E-01 2.62011E-01-1.22695E-01 4.02177E-01
 -1       274-7.81299E-01 9.07388E-02-8.52087E-01-2.45330E-01-1.18078E-01-3.12324E-01
 -1       275-1.96526E+00 1.01541E+00 7.37102E-01-5.82771E-01-9.07187E-02 1.39405E-01
 -1       276-5.70235E+00 2.36570E+00 2.85466E+00-1.68268E+00 5.59371E-02 1.98182E+00
 -1       277-3.05058E+01-2.63274E+00-3.24310E+00-3.83904E+00 6.10462E-01-1.25269E+00
 -1       278-5.93110E+01-3.12905E+00-1.12604E+01-7.37635E+00-8.11100E-01-3.65358E+01
 -1       279-5.33955E+01-5.43646E+01-2.74413E+02-7.37125E+00-7.17782E+00-5.56788E+01
 -1       280-3.69045E+01-8.45020E+01-4.41508E+02-3.30336E-05-1.14553E+01-4.11037E-03
 -1       281-5.33899E+01-5.43647E+01-2.74409E+02 7.37381E+00-7.17798E+00 5.56585E+01
 -1       282-5.93128E+01-3.13644E+00-1.12596E+01 7.37627E+00-8.10361E-01 3.65314E+01
 -1       283-3.05006E+01-2.63325E+00-3.24250E+00 3.83987E+00 6.09814E-01 1.25116E+00
 -1       284-5.70117E+00 2.36570E+00 2.85497E+00 1.68315E+00 5.59487E-02-1.98201E+00
 -1       285-1.96505E+00 1.01531E+00 7.37160E-01 5.82992E-01-9.07917E-02-1.39483E-01
 -1       286-7.81189E-01 9.06219E-02-8.52046E-01 2.45439E-01-1.18235E-01 3.12284E-01
 -1       287-8.60600E-01 3.06628E-01-8.41311E-01 7.07712E-05 8.99920E-05-2.95014E-01
 -1       288-2.18511E+00 1.21089E+00 8.29863E-01 1.47366E-04 2.62600E-05 2.51535E-01
 -1       289-6.84995E+00 2.63985E+00 2.87985E+00 4.00237E-04 1.02733E-04 2.16267E+00
 -1       290-3.04613E+01-1.10909E+00-1.98272E+00 9.18621E-04-3.49736E-04-1.16247E+00
 -1       291-6.25227E+01-8.75594E+00-1.85273E+01 2.91898E-03 2.46664E-03-3.58574E+01
 -1       292-4.80754E+01-6.72751E+01-2.48069E+02-1.29952E-03-2.06157E-04-5.45316E+01
 -1       293-2.66106E+01-1.01831E+02-3.92534E+02 4.87219E-03 6.75016E-14-1.06581E-14
 -1       294-4.80754E+01-6.72751E+01-2.48069E+02-1.29952E-03 2.06157E-04 5.45316E+01
 -1       295-6.25227E+01-8.75594E+00-1.85273E+01 2.91898E-03-2.46664E-03 3.58574E+01
 -1       296-3.04613E+01-1.10909E+00-1.98272E+00 9.18621E-04 3.49736E-04 1.16247E+00
 -1       297-6.84995E+00 2.63985E+00 2.87985E+00 4.00237E-04-1.02733E-04-2.16267E+00
 -1       298-2.18511E+00 1.21089E+00 8.29863E-01 1.47366E-04-2.62600E-05-2.51535E-01
 -1       299-8.60600E-01 3.06628E-01-8.41311E-01 7.07712E-05-8.99920E-05 2.95014E-01
 -1       300-7.81189E-01 9.06219E-02-8.52046E-01 2.45439E-01 1.18235E-01-3.12284E-01
 -1       301-1.96505E+00 1.01531E+00 7.37160E-01 5.82992E-01 9.07917E-02 1.39483E-01
 -1       302-5.70117E+00 2.36570E+00 2.85497E+00 1.68315E+00-5.59487E-02 1.98201E+00
 -1       303-3.05006E+01-2.63325E+00-3.24250E+00 3.83987E+00-6.09814E-01-1.25116E+00
 -1       304-5.93128E+01-3.13644E+00-1.12596E+01 7.37627E+00 8.10361E-01-3.65314E+01
 -1       305-5.33899E+01-5.43647E+01-2.74409E+02 7.37381E+00 7.17798E+00-5.56585E+01
 -1       306-3.69045E+01-8.45020E+01-4.41508E+02-3.30336E-05 1.14553E+01 4.11037E-03
 -1       307-5.33955E+01-5.43646E+01-2.74413E+02-7.37125E+00 7.17782E+00 5.56788E+01
 -1       308-5.93110E+01-3.12905E+00-1.12604E+01-7.37635E+00 8.11100E-01 3.65358E+01
 -1       309-3.05058E+01-2.63274E+00-3.24310E+00-3.83904E+00-6.10462E-01 1.25269E+00
 -1       310-5.70235E+00 2.36570E+00 2.85466E+00-1.68268E+00-5.59371E-02-1.98182E+00
 -1       311-1.96526E+00 1.01541E+00 7.37102E-01-5.82771E-01 9.07187E-02-1.39405E-01
 -1       312-7.81299E-01 9.07388E-02-8.52087E-01-2.45330E-01 1.18078E-01 3.12324E-01
 -1       313-5.89300E-01-2.15264E-01-9.23217E-01 2.62011E-01 1.22695E-01-4.02177E-01
 -1       314-1.37911E+00 6.04928E-01 4.27804E-01 7.33751E-01 1.37695E-01-1.56115E-01
 -1       315-3.92955E+00 1.51110E+00 2.28053E+00 2.49107E+00 1.05836E-01 1.16152E+00
 -1       316-2.20461E+01-2.16416E+00-2.28775E+00 6.45055E+00-1.64312E+00-1.17666E+00
 -1       317-4.25302E+01-1.46428E+00-8.64148E+00 1.85783E+01 3.39740E+00-2.70989E+01
 -1       318-3.89942E+01-3.79542E+01-2.07242E+02 2.22476E+01 2.85277E+01-4.09610E+01
 -1       319-2.69953E+01-5.88742E+01-3.30849E+02-2.15509E-03 4.54849E+01 1.15363E-03
 -1       320-3.89937E+01-3.79529E+01-2.07236E+02-2.22466E+01 2.85274E+01 4.09499E+01
 -1       321-4.25353E+01-1.46910E+00-8.64441E+00-1.85805E+01 3.39943E+00 2.70996E+01
 -1       322-2.20467E+01-2.16346E+00-2.28781E+00-6.45114E+00-1.64333E+00 1.17707E+00
 -1       323-3.93054E+00 1.51136E+00 2.28043E+00-2.49109E+00 1.05805E-01-1.16115E+00
 -1       324-1.37947E+00 6.05037E-01 4.27688E-01-7.33691E-01 1.37651E-01 1.56252E-01
 -1       325-5.89451E-01-2.15126E-01-9.23302E-01-2.61977E-01 1.22564E-01 4.02242E-01
 -1       326-6.18446E-01-3.43062E-01-1.08659E+00 7.99770E-02-1.29672E-02-5.62698E-01
 -1       327-1.10405E+00 2.03280E-01-1.06939E-01 4.52607E-01 1.00999E-01-6.15171E-01
 -1       328-2.80418E+00 7.12391E-01 1.28346E+00 2.01987E+00 7.06042E-02-3.21663E-01
 -1       329-7.39821E+00 6.36105E-01 1.76604E-01 5.89146E+00-1.67246E+00-1.44421E+00
 -1       330-1.56636E+01-5.01694E+00-1.19684E+01 1.72763E+01 2.34249E+00-1.02485E+01
 -1       331-7.97136E+00-2.81495E+01-5.85254E+01 2.05120E+01 2.42060E+01-1.42511E+01
 -1       332-8.68748E-01-4.22076E+01-8.53194E+01 3.41315E-04 3.89563E+01-6.66034E-04
 -1       333-7.97235E+00-2.81503E+01-5.85302E+01-2.05138E+01 2.42059E+01 1.42568E+01
 -1       334-1.56621E+01-5.01481E+00-1.19666E+01-1.72757E+01 2.34175E+00 1.02483E+01
 -1       335-7.39876E+00 6.35619E-01 1.76335E-01-5.89185E+00-1.67194E+00 1.44471E+00
 -1       336-2.80455E+00 7.12605E-01 1.28345E+00-2.02004E+00 7.05691E-02 3.21944E-01
 -1       337-1.10431E+00 2.03350E-01-1.07048E-01-4.52647E-01 1.00969E-01 6.15330E-01
 -1       338-6.18553E-01-3.42990E-01-1.08667E+00-7.99852E-02-1.30608E-02 5.62787E-01
 -1       339-1.30622E+00-4.90846E-01-1.19398E+00 2.86715E-02-1.48248E-01-8.92377E-01
 -1       340-2.27389E+00-1.27173E-01-2.37943E-01 2.60148E-01 1.18378E-01-1.04014E+00
 -1       341-4.18263E+00 1.63806E-01 2.07637E+00 1.37205E+00-1.69850E-02-7.40433E-01
 -1       342-3.53000E+00 2.20163E-01 5.16292E+00 4.21756E+00-1.32637E+00 1.70760E-01
 -1       343 1.65881E+00-3.18406E+00 7.20083E+00 1.05057E+01 3.86597E-02 7.77708E-01
 -1       344 1.31849E+01-2.15666E+01 1.27617E+01 1.15096E+01 1.00063E+01 7.42747E-01
 -1       345 1.87157E+01-3.36757E+01 1.47430E+01 5.39576E-05 1.68556E+01 1.00824E-03
 -1       346 1.31860E+01-2.15647E+01 1.27633E+01-1.15074E+01 1.00061E+01-7.44533E-01
 -1       347 1.65695E+00-3.18563E+00 7.19851E+00-1.05063E+01 3.93899E-02-7.75994E-01
 -1       348-3.53066E+00 2.19874E-01 5.16293E+00-4.21735E+00-1.32675E+00-1.70391E-01
 -1       349-4.18296E+00 1.63898E-01 2.07636E+00-1.37220E+00-1.68482E-02 7.40774E-01
 -1       350-2.27401E+00-1.27142E-01-2.38028E-01-2.60204E-01 1.18349E-01 1.04037E+00
 -1       351-1.30633E+00-4.90820E-01-1.19405E+00-2.86871E-02-1.48327E-01 8.92522E-01
 -1       352-1.47295E-01-1.01673E-01-2.43797E-01 4.21498E-02 8.61453E-02-2.05812E-01
 -1       353 2.66241E-01 3.94181E-01 1.40210E-01-3.39603E-02-2.22259E-02-7.37297E-02
 -1       354 2.34610E+00 7.57971E-01 1.14441E+00 1.25104E-01 5.17303E-01 1.08299E+00
 -1       355 7.52443E+00 1.71618E+00 2.24536E+00 1.75067E+00 2.07460E+00 3.20642E+00
 -1       356 7.20102E+00 5.78033E-01 3.44260E-01 6.70119E+00 6.33645E+00 5.53277E+00
 -1       357 1.38093E+01 1.06816E+01 1.77742E+01 8.09562E+00-2.21113E+00 4.89751E+00
 -1       358 1.60364E+01 1.64089E+01 2.74426E+01-1.43973E-04-7.40516E+00-2.15364E-03
 -1       359 1.38102E+01 1.06847E+01 1.77721E+01-8.10174E+00-2.20980E+00-4.89290E+00
 -1       360 7.19801E+00 5.72449E-01 3.41971E-01-6.70103E+00 6.33651E+00-5.53427E+00
 -1       361 7.52618E+00 1.71808E+00 2.24644E+00-1.75106E+00 2.07426E+00-3.20671E+00
 -1       362 2.34590E+00 7.57468E-01 1.14411E+00-1.25230E-01 5.17431E-01-1.08317E+00
 -1       363 2.66301E-01 3.94183E-01 1.40302E-01 3.38753E-02-2.22631E-02 7.36116E-02
 -1       364-1.47272E-01-1.01705E-01-2.43806E-01-4.21613E-02 8.61187E-02 2.05747E-01
 -1       365 4.43858E-01 9.84309E-02-9.24903E-02-1.39109E-01 6.86983E-02-9.59996E-02
 -1       366 1.54527E+00 8.26120E-01 2.30099E-02-4.18034E-01-6.35695E-03 3.86342E-02
 -1       367 5.65600E+00 2.33425E+00 1.03584E+00-4.89194E-01 6.17838E-01 8.95867E-01
 -1       368 1.50222E+01 5.60345E+00-1.69316E+00 1.61826E+00 1.35671E+00 1.22635E+00
 -1       369 2.11769E+00 1.21077E-01-8.70467E+00 1.12344E+01 8.75153E+00-3.34879E+00
 -1       370-1.84286E+01-1.76868E+01-3.95108E+01 1.52622E+01-1.96297E+01-6.14437E+00
 -1       371-3.23388E+01-2.82667E+01-5.36671E+01 1.06898E-03-3.78653E+01 2.23901E-03
 -1       372-1.84255E+01-1.76836E+01-3.95017E+01-1.52557E+01-1.96302E+01 6.13239E+00
 -1       373 2.12981E+00 1.23295E-01-8.70211E+00-1.12341E+01 8.75066E+00 3.34887E+00
 -1       374 1.50215E+01 5.60364E+00-1.69323E+00-1.61865E+00 1.35729E+00-1.22646E+00
 -1       375 5.65634E+00 2.33390E+00 1.03579E+00 4.88924E-01 6.17774E-01-8.96053E-01
 -1       376 1.54544E+00 8.26052E-01 2.30870E-02 4.18003E-01-6.37328E-03-3.87025E-02
 -1       377 4.43849E-01 9.83490E-02-9.24891E-02 1.39107E-01 6.86485E-02 9.59757E-02
 -1       378 4.59714E-01 5.50450E-01-1.16611E-02-3.92236E-01-5.05082E-02-1.42124E-02
 -1       379 1.91552E+00 1.69770E+00 2.09644E-03-8.38196E-01-3.82637E-02 4.88875E-01
 -1       380 8.83084E+00 5.79159E+00 2.98132E+00-1.14021E+00 5.95273E-01 2.09502E+00
 -1       381 2.95266E+01 1.11105E+01-5.31088E+00 9.59787E-01 9.32625E-01 5.23854E+00
 -1       382 1.68170E+01 1.91330E+01 2.33610E+01 1.15974E+01 8.30291E+00-2.34813E+01
 -1       383-1.06407E+02-9.21465E+01-2.32157E+02 1.64807E+01-2.56558E+01-4.50047E+01
 -1       384-1.90518E+02-1.63386E+02-3.89470E+02-3.19297E-03-4.83505E+01-3.21288E-03
 -1       385-1.06410E+02-9.21519E+01-2.32171E+02-1.64937E+01-2.56564E+01 4.50316E+01
 -1       386 1.67888E+01 1.91297E+01 2.33534E+01-1.16007E+01 8.30529E+00 2.34807E+01
 -1       387 2.95289E+01 1.11090E+01-5.31152E+00-9.60818E-01 9.32340E-01-5.23927E+00
 -1       388 8.83237E+00 5.79160E+00 2.98174E+00 1.14029E+00 5.95273E-01-2.09514E+00
 -1       389 1.91566E+00 1.69749E+00 2.12570E-03 8.38286E-01-3.82743E-02-4.88943E-01
 -1       390 4.59819E-01 5.50305E-01-1.16150E-02 3.92301E-01-5.05949E-02 1.42019E-02
 -1       391 2.57545E-01 1.10432E+00 7.11050E-02-3.65930E-01-9.16852E-02 4.92049E-02
 -1       392 1.91309E+00 2.50369E+00 8.71228E-02-6.53614E-01-4.41482E-02 7.89403E-01
 -1       393 1.06493E+01 8.29154E+00 4.15596E+00-8.64740E-01 2.86159E-01 2.98066E+00
 -1       394 3.83013E+01 1.49034E+01-7.00205E+00 4.33926E-01 1.06166E+00 7.25195E+00
 -1       395 2.00699E+01 2.21393E+01 3.20336E+01 3.80121E+00 1.93791E+00-3.04828E+01
 -1       396-1.42519E+02-1.28820E+02-3.01951E+02 4.81511E+00-1.34012E+00-5.96113E+01
 -1       397-2.55462E+02-2.27254E+02-5.13397E+02-5.19053E-04-4.04315E+00-3.98103E-03
 -1       398-1.42511E+02-1.28817E+02-3.01943E+02-4.82132E+00-1.33957E+00 5.95699E+01
 -1       399 2.01297E+01 2.21434E+01 3.20434E+01-3.80090E+00 1.93866E+00 3.04773E+01
 -1       400 3.83070E+01 1.49049E+01-6.99956E+00-4.33234E-01 1.06102E+00-7.25240E+00
 -1       401 1.06493E+01 8.29090E+00 4.15559E+00 8.65357E-01 2.86234E-01-2.98082E+00
 -1       402 1.91341E+00 2.50363E+00 8.72661E-02 6.53878E-01-4.41890E-02-7.89423E-01
 -1       403 2.57576E-01 1.10416E+00 7.10925E-02 3.66104E-01-9.17809E-02-4.92216E-02
 -1       404 1.20616E-01 1.31843E+00 3.01540E-02 1.06830E-04 5.24841E-05 7.74411E-02
 -1       405 1.94390E+00 2.85267E+00 1.83870E-01 1.91623E-04 1.20694E-05 8.67274E-01
 -1       406 1.12701E+01 8.92664E+00 4.14708E+00 3.12974E-04 9.94505E-05 3.39332E+00
 -1       407 4.04355E+01 1.70093E+01-5.77405E+00 1.54373E-03-4.86694E-04 6.76963E+00
 -1       408 1.13722E+01 1.10007E+01 1.45387E+01 3.90787E-03 2.59944E-03-2.31434E+01
 -1       409-1.25104E+02-1.21439E+02-2.48743E+02 1.63790E-02 4.36729E-05-4.59336E+01
 -1       410-2.19712E+02-2.06859E+02-4.11931E+02 7.61472E-03 5.86198E-14-5.15143E-14
 -1       411-1.25104E+02-1.21439E+02-2.48743E+02 1.63790E-02-4.36729E-05 4.59336E+01
 -1       412 1.13722E+01 1.10007E+01 1.45387E+01 3.90787E-03-2.59944E-03 2.31434E+01
 -1       413 4.04355E+01 1.70093E+01-5.77405E+00 1.54373E-03 4.86694E-04-6.76963E+00
 -1       414 1.12701E+01 8.92664E+00 4.14708E+00 3.12974E-04-9.94505E-05-3.39332E+00
 -1       415 1.94390E+00 2.85267E+00 1.83870E-01 1.91623E-04-1.20694E-05-8.67274E-01
 -1       416 1.20616E-01 1.31843E+00 3.01540E-02 1.06830E-04-5.24841E-05-7.74411E-02
 -1       417 2.57576E-01 1.10416E+00 7.10925E-02 3.66104E-01 9.17809E-02 4.92216E-02
 -1       418 1.91341E+00 2.50363E+00 8.72661E-02 6.53878E-01 4.41890E-02 7.89423E-01
 -1       419 1.06493E+01 8.29090E+00 4.15559E+00 8.65357E-01-2.86234E-01 2.98082E+00
 -1       420 3.83070E+01 1.49049E+01-6.99956E+00-4.33234E-01-1.06102E+00 7.25240E+00
 -1       421 2.01297E+01 2.21434E+01 3.20434E+01-3.80090E+00-1.93866E+00-3.04773E+01
 -1       422-1.42511E+02-1.28817E+02-3.01943E+02-4.82132E+00 1.33957E+00-5.95699E+01
 -1       423-2.55462E+02-2.27254E+02-5.13397E+02-5.19053E-04 4.04315E+00 3.98103E-03
 -1       424-1.42519E+02-1.28820E+02-3.01951E+02 4.81511E+00 1.34012E+00 5.96113E+01
 -1       425 2.00699E+01 2.21393E+01 3.20336E+01 3.80121E+00-1.93791E+00 3.04828E+01
 -1       426 3.83013E+01 1.49034E+01-7.00205E+00 4.33926E-01-1.06166E+00-7.25195E+00
 -1       427 1.06493E+01 8.29154E+00 4.15596E+00-8.64740E-01-2.86159E-01-2.98066E+00
 -1       428 1.91309E+00 2.50369E+00 8.71228E-02-6.53614E-01 4.41482E-02-7.89403E-01
 -1       429 2.57545E-01 1.10432E+00 7.11050E-02-3.65930E-01 9.16852E-02-4.92049E-02
 -1       430 4.59819E-01 5.50305E-01-1.16150E-02 3.92301E-01 5.05949E-02-1.42019E-02
 -1       431 1.91566E+00 1.69749E+00 2.12570E-03 8.38286E-01 3.82743E-02 4.88943E-01
 -1       432 8.83237E+00 5.79160E+00 2.98174E+00 1.14029E+00-5.95273E-01 2.09514E+00
 -1       433 2.95289E+01 1.11090E+01-5.31152E+00-9.60818E-01-9.32340E-01 5.23927E+00
 -1       434 1.67888E+01 1.91297E+01 2.33534E+01-1.16007E+01-8.30529E+00-2.34807E+01
 -1       435-1.06410E+02-9.21519E+01-2.32171E+02-1.64937E+01 2.56564E+01-4.50316E+01
 -1       436-1.90518E+02-1.63386E+02-3.89470E+02-3.19297E-03 4.83505E+01 3.21288E-03
 -1       437-1.06407E+02-9.21465E+01-2.32157E+02 1.64807E+01 2.56558E+01 4.50047E+01
 -1       438 1.68170E+01 1.91330E+01 2.33610E+01 1.15974E+01-8.30291E+00 2.34813E+01
 -1       439 2.95266E+01 1.11105E+01-5.31088E+00 9.59787E-01-9.32625E-01-5.23854E+00
 -1       440 8.83084E+00 5.79159E+00 2.98132E+00-1.14021E+00-5.95273E-01-2.09502E+00
 -1       441 1.91552E+00 1.69770E+00 2.09644E-03-8.38196E-01 3.82637E-02-4.88875E-01
 -1       442 4.59714E-01 5.50450E-01-1.16611E-02-3.92236E-01 5.05082E-02 1.42124E-02
 -1       443 4.43849E-01 9.83490E-02-9.24891E-02 1.39107E-01-6.86485E-02-9.59757E-02
 -1       444 1.54544E+00 8.26052E-01 2.30870E-02 4.18003E-01 6.37328E-03 3.87025E-02
 -1       445 5.65634E+00 2.33390E+00 1.03579E+00 4.88924E-01-6.17774E-01 8.96053E-01
 -1       446 1.50215E+01 5.60364E+00-1.69323E+00-1.61865E+00-1.35729E+00 1.22646E+00
 -1       447 2.12981E+00 1.23295E-01-8.70211E+00-1.12341E+01-8.75066E+00-3.34887E+00
 -1       448-1.84255E+01-1.76836E+01-3.95017E+01-1.52557E+01 1.96302E+01-6.13239E+00
 -1       449-3.23388E+01-2.82667E+01-5.36671E+01 1.06898E-03 3.78653E+01-2.23901E-03
 -1       450-1.84286E+01-1.76868E+01-3.95108E+01 1.52622E+01 1.96297E+01 6.14437E+00
 -1       451 2.11769E+00 1.21077E-01-8.70467E+00 1.12344E+01-8.75153E+00 3.34879E+00
 -1       452 1.50222E+01 5.60345E+00-1.69316E+00 1.61826E+00-1.35671E+00-1.22635E+00
 -1       453 5.65600E+00 2.33425E+00 1.03584E+00-4.89194E-01-6.17838E-01-8.95867E-01
 -1       454 1.54527E+00 8.26120E-01 2.30099E-02-4.18034E-01 6.35695E-03-3.86342E-02
 -1       455 4.43858E-01 9.84309E-02-9.24903E-02-1.39109E-01-6.86983E-02 9.59996E-02
 -1       456-1.47272E-01-1.01705E-01-2.43806E-01-4.21613E-02-8.61187E-02-2.05747E-01
 -1       457 2.66301E-01 3.94183E-01 1.40302E-01 3.38753E-02 2.22631E-02-7.36116E-02
 -1       458 2.34590E+00 7.57468E-01 1.14411E+00-1.25230E-01-5.17431E-01 1.08317E+00
 -1       459 7.52618E+00 1.71808E+00 2.24644E+00-1.75106E+00-2.07426E+00 3.20671E+00
 -1       460 7.19801E+00 5.72449E-01 3.41971E-01-6.70103E+00-6.33651E+00 5.53427E+00
 -1       461 1.38102E+01 1.06847E+01 1.77721E+01-8.10174E+00 2.20980E+00 4.89290E+00
 -1       462 1.60364E+01 1.64089E+01 2.74426E+01-1.43973E-04 7.40516E+00 2.15364E-03
 -1       463 1.38093E+01 1.06816E+01 1.77742E+01 8.09562E+00 2.21113E+00-4.89751E+00
 -1       464 7.20102E+00 5.78033E-01 3.44260E-01 6.70119E+00-6.33645E+00-5.53277E+00
 -1       465 7.52443E+00 1.71618E+00 2.24536E+00 1.75067E+00-2.07460E+00-3.20642E+00
 -1       466 2.34610E+00 7.57971E-01 1.14441E+00 1.25104E-01-5.17303E-01-1.08299E+00
 -1       467 2.66241E-01 3.94181E-01 1.40210E-01-3.39603E-02 2.22259E-02 7.37297E-02
 -1       468-1.47295E-01-1.01673E-01-2.43797E-01 4.21498E-02-8.61453E-02 2.05812E-01
 -1       469 8.88025E+00-1.71531E+00 1.69490E+01 2.99638E+00-5.16491E-02-7.55839E+00
 -1       470 1.69848E+01 3.19669E+00 3.37226E+00 2.68489E+00-9.50435E-01-9.07765E+00
 -1       471 3.76242E+01 1.01425E+01-3.41883E+00-2.78766E+00-2.20932E+00-3.67108E+00
 -1       472 5.20759E+01 2.04886E+01-2.09742E+01-2.10546E+01-2.88754E+00 2.82529E+01
 -1       473-6.34512E+00 3.49837E+01-6.31315E+01-5.01521E+01-1.26518E+01 1.01309E+02
 -1       474-1.32050E+02 3.20858E+00-4.01291E+02-5.86401E+01-9.09133E+00 1.23957E+02
 -1       475-2.32361E+02-1.61956E+00-5.54641E+02-3.64679E+01-1.79513E+00 6.76582E+01
 -1       476-2.73706E+02 8.30252E-01-5.83942E+02-1.09095E+01-8.93194E+00 1.83334E+01
 -1       477-2.73661E+02 8.54069E-01-5.83926E+02 1.08915E+01-8.92992E+00-1.83347E+01
 -1       478-2.32123E+02-1.50659E+00-5.54561E+02 3.64213E+01-1.77476E+00-6.76627E+01
 -1       479-1.32066E+02 3.21937E+00-4.01343E+02 5.85187E+01-9.12140E+00-1.24063E+02
 -1       480-6.55890E+00 3.49048E+01-6.32189E+01 5.01150E+01-1.26630E+01-1.01343E+02
 -1       481 5.20339E+01 2.04667E+01-2.09839E+01 2.10409E+01-2.88858E+00-2.82551E+01
 -1       482 3.76218E+01 1.01387E+01-3.41987E+00 2.78573E+00-2.20903E+00 3.67247E+00
 -1       483 1.69858E+01 3.19645E+00 3.37247E+00-2.68444E+00-9.50194E-01 9.07803E+00
 -1       484 8.88087E+00-1.71438E+00 1.69490E+01-2.99583E+00-5.14013E-02 7.55854E+00
 -1       485 1.29592E+01-6.89065E-01 1.75695E+01-3.50955E-01-2.15564E+00-6.34956E+00
 -1       486 2.59303E+01 9.09134E+00 4.59147E+00-2.53705E+00-1.92792E+00-8.62620E+00
 -1       487 5.67084E+01 2.25007E+01-3.02975E+00-1.04537E+01-2.23762E+00-7.96533E+00
 -1       488 7.65408E+01 3.60008E+01-2.30949E+01-2.53931E+01-1.61514E+00 6.45134E-01
 -1       489 2.45946E+01 6.63733E+01-6.85052E+00-4.16822E+01-2.49833E+00 5.22182E+01
 -1       490-1.35049E+02 1.09714E+01-3.08446E+02-4.54428E+01-1.05757E+01 8.28397E+01
 -1       491-2.74303E+02-1.42961E+01-4.69869E+02-3.24862E+01-6.36703E+00 3.88544E+01
 -1       492-3.19630E+02-6.83289E-01-4.65593E+02-1.14459E+01-1.02136E+01 5.00033E+00
 -1       493-3.19681E+02-6.87088E-01-4.65608E+02 1.14547E+01-1.02133E+01-5.00019E+00
 -1       494-2.74537E+02-1.43221E+01-4.69940E+02 3.24967E+01-6.36580E+00-3.88567E+01
 -1       495-1.34997E+02 1.10175E+01-3.08312E+02 4.54494E+01-1.05663E+01-8.27289E+01
 -1       496 2.48269E+01 6.63828E+01-6.79237E+00 4.16881E+01-2.49776E+00-5.21666E+01
 -1       497 7.65971E+01 3.60028E+01-2.30756E+01 2.53959E+01-1.61218E+00-6.40674E-01
 -1       498 5.67153E+01 2.24987E+01-3.02807E+00 1.04554E+01-2.23728E+00 7.96471E+00
 -1       499 2.59308E+01 9.09123E+00 4.59129E+00 2.53791E+00-1.92783E+00 8.62547E+00
 -1       500 1.29593E+01-6.86610E-01 1.75695E+01 3.51575E-01-2.15576E+00 6.34922E+00
 -1       501 9.93290E+00 5.75443E+00 1.45971E+01-2.32756E+00-2.37253E+00-7.29537E+00
 -1       502 2.02293E+01 2.11276E+01 2.95527E+00-5.35500E+00-1.98202E+00-1.03887E+01
 -1       503 4.26175E+01 4.32571E+01-5.34045E+00-1.25033E+01-1.35913E+00-1.10012E+01
 -1       504 5.44514E+01 6.74648E+01-2.42915E+01-2.11124E+01-6.07174E-01 1.36628E+00
 -1       505-3.27439E+00 8.57163E+01-2.25421E+01-2.78301E+01 1.29588E+00 4.38537E+01
 -1       506-1.29031E+02 1.28259E+01-2.54865E+02-2.85425E+01 1.94642E+00 7.03229E+01
 -1       507-2.54269E+02-3.89500E+01-4.08168E+02-2.14338E+01 3.70695E+00 3.36545E+01
 -1       508-2.93971E+02-2.32114E+01-3.80511E+02-7.95489E+00 3.80404E+00 1.54649E+00
 -1       509-2.93930E+02-2.32047E+01-3.80504E+02 7.97377E+00 3.80463E+00-1.55943E+00
 -1       510-2.54101E+02-3.89127E+01-4.08126E+02 2.14663E+01 3.69310E+00-3.36649E+01
 -1       511-1.29076E+02 1.27846E+01-2.54977E+02 2.86040E+01 1.96998E+00-7.03975E+01
 -1       512-3.45953E+00 8.56829E+01-2.25710E+01 2.78551E+01 1.30643E+00-4.39036E+01
 -1       513 5.43913E+01 6.74511E+01-2.43069E+01 2.11238E+01-6.06217E-01-1.37893E+00
 -1       514 4.26001E+01 4.32539E+01-5.34284E+00 1.25035E+01-1.35977E+00 1.09964E+01
 -1       515 2.02243E+01 2.11272E+01 2.95386E+00 5.35381E+00-1.98288E+00 1.03873E+01
 -1       516 9.93125E+00 5.75892E+00 1.45971E+01 2.32672E+00-2.37410E+00 7.29483E+00
 -1       517 7.08298E+00 1.58415E+01 1.29470E+01-1.37576E+00-8.37692E-01-7.44851E+00
 -1       518 1.62838E+01 3.13363E+01 2.52719E+00-2.67378E+00-7.33724E-01-1.05252E+01
 -1       519 3.70621E+01 5.67233E+01-4.03465E+00-5.06865E+00-3.05318E-01-1.10503E+01
 -1       520 4.96598E+01 8.04656E+01-2.11296E+01-6.94942E+00 2.63542E-01 1.12337E+00
 -1       521-4.95387E+00 9.47423E+01-1.16180E+01-7.24937E+00-9.92842E-02 5.64055E+01
 -1       522-1.57172E+02-1.24209E+01-3.10376E+02-6.68849E+00 6.76021E+00 8.63769E+01
 -1       523-2.85344E+02-7.73136E+01-4.73601E+02-5.23814E+00 7.85782E+00 4.04516E+01
 -1       524-3.27937E+02-7.33639E+01-4.60176E+02-1.97788E+00 9.54998E+00 5.06781E+00
 -1       525-3.27885E+02-7.33585E+01-4.60165E+02 1.94507E+00 9.55084E+00-5.08030E+00
 -1       526-2.85162E+02-7.72967E+01-4.73560E+02 5.19652E+00 7.87130E+00-4.04698E+01
 -1       527-1.57210E+02-1.24601E+01-3.10473E+02 6.62495E+00 6.73711E+00-8.64564E+01
 -1       528-5.15115E+00 9.47262E+01-1.16431E+01 7.21661E+00-1.11630E-01-5.64571E+01
 -1       529 4.95881E+01 8.04535E+01-2.11504E+01 6.92760E+00 2.57971E-01-1.13544E+00
 -1       530 3.70446E+01 5.67218E+01-4.03747E+00 5.05762E+00-3.07716E-01 1.10463E+01
 -1       531 1.62793E+01 3.13360E+01 2.52605E+00 2.66791E+00-7.35917E-01 1.05243E+01
 -1       532 7.08156E+00 1.58440E+01 1.29470E+01 1.37218E+00-8.41005E-01 7.44823E+00
 -1       533 7.08156E+00 1.58440E+01 1.29470E+01 1.37218E+00 8.41005E-01-7.44823E+00
 -1       534 1.62793E+01 3.13360E+01 2.52605E+00 2.66791E+00 7.35917E-01-1.05243E+01
 -1       535 3.70446E+01 5.67218E+01-4.03747E+00 5.05762E+00 3.07716E-01-1.10463E+01
 -1       536 4.95881E+01 8.04535E+01-2.11504E+01 6.92760E+00-2.57971E-01 1.13544E+00
 -1       537-5.15115E+00 9.47262E+01-1.16431E+01 7.21661E+00 1.11630E-01 5.64571E+01
 -1       538-1.57210E+02-1.24601E+01-3.10473E+02 6.62495E+00-6.73711E+00 8.64564E+01
 -1       539-2.85162E+02-7.72967E+01-4.73560E+02 5.19652E+00-7.87130E+00 4.04698E+01
 -1       540-3.27885E+02-7.33585E+01-4.60165E+02 1.94507E+00-9.55084E+00 5.08030E+00
 -1       541-3.27937E+02-7.33639E+01-4.60176E+02-1.97788E+00-9.54998E+00-5.06781E+00
 -1       542-2.85344E+02-7.73136E+01-4.73601E+02-5.23814E+00-7.85782E+00-4.04516E+01
 -1       543-1.57172E+02-1.24209E+01-3.10376E+02-6.68849E+00-6.76021E+00-8.63769E+01
 -1       544-4.95387E+00 9.47423E+01-1.16180E+01-7.24937E+00 9.92842E-02-5.64055E+01
 -1       545 4.96598E+01 8.04656E+01-2.11296E+01-6.94942E+00-2.63542E-01-1.12337E+00
 -1       546 3.70621E+01 5.67233E+01-4.03465E+00-5.06865E+00 3.05318E-01 1.10503E+01
 -1       547 1.62838E+01 3.13363E+01 2.52719E+00-2.67378E+00 7.33724E-01 1.05252E+01
 -1       548 7.08298E+00 1.58415E+01 1.29470E+01-1.37576E+00 8.37692E-01 7.44851E+00
 -1       549 9.93125E+00 5.75892E+00 1.45971E+01 2.32672E+00 2.37410E+00-7.29483E+00
 -1       550 2.02243E+01 2.11272E+01 2.95386E+00 5.35381E+00 1.98288E+00-1.03873E+01
 -1       551 4.26001E+01 4.32539E+01-5.34284E+00 1.25035E+01 1.35977E+00-1.09964E+01
 -1       552 5.43913E+01 6.74511E+01-2.43069E+01 2.11238E+01 6.06217E-01 1.37893E+00
 -1       553-3.45953E+00 8.56829E+01-2.25710E+01 2.78551E+01-1.30643E+00 4.39036E+01
 -1       554-1.29076E+02 1.27846E+01-2.54977E+02 2.86040E+01-1.96998E+00 7.03975E+01
 -1       555-2.54101E+02-3.89127E+01-4.08126E+02 2.14663E+01-3.69310E+00 3.36649E+01
 -1       556-2.93930E+02-2.32047E+01-3.80504E+02 7.97377E+00-3.80463E+00 1.55943E+00
 -1       557-2.93971E+02-2.32114E+01-3.80511E+02-7.95489E+00-3.80404E+00-1.54649E+00
 -1       558-2.54269E+02-3.89500E+01-4.08168E+02-2.14338E+01-3.70695E+00-3.36545E+01
 -1       559-1.29031E+02 1.28259E+01-2.54865E+02-2.85425E+01-1.94642E+00-7.03229E+01
 -1       560-3.27439E+00 8.57163E+01-2.25421E+01-2.78301E+01-1.29588E+00-4.38537E+01
 -1       561 5.44514E+01 6.74648E+01-2.42915E+01-2.11124E+01 6.07174E-01-1.36628E+00
 -1       562 4.26175E+01 4.32571E+01-5.34045E+00-1.25033E+01 1.35913E+00 1.10012E+01
 -1       563 2.02293E+01 2.11276E+01 2.95527E+00-5.35500E+00 1.98202E+00 1.03887E+01
 -1       564 9.93290E+00 5.75443E+00 1.45971E+01-2.32756E+00 2.37253E+00 7.29537E+00
 -1       565 1.29593E+01-6.86610E-01 1.75695E+01 3.51575E-01 2.15576E+00-6.34922E+00
 -1       566 2.59308E+01 9.09123E+00 4.59129E+00 2.53791E+00 1.92783E+00-8.62547E+00
 -1       567 5.67153E+01 2.24987E+01-3.02807E+00 1.04554E+01 2.23728E+00-7.96471E+00
 -1       568 7.65971E+01 3.60028E+01-2.30756E+01 2.53959E+01 1.61218E+00 6.40674E-01
 -1       569 2.48269E+01 6.63828E+01-6.79237E+00 4.16881E+01 2.49776E+00 5.21666E+01
 -1       570-1.34997E+02 1.10175E+01-3.08312E+02 4.54494E+01 1.05663E+01 8.27289E+01
 -1       571-2.74537E+02-1.43221E+01-4.69940E+02 3.24967E+01 6.36580E+00 3.88567E+01
 -1       572-3.19681E+02-6.87088E-01-4.65608E+02 1.14547E+01 1.02133E+01 5.00019E+00
 -1       573-3.19630E+02-6.83289E-01-4.65593E+02-1.14459E+01 1.02136E+01-5.00033E+00
 -1       574-2.74303E+02-1.42961E+01-4.69869E+02-3.24862E+01 6.36703E+00-3.88544E+01
 -1       575-1.35049E+02 1.09714E+01-3.08446E+02-4.54428E+01 1.05757E+01-8.28397E+01
 -1       576 2.45946E+01 6.63733E+01-6.85052E+00-4.16822E+01 2.49833E+00-5.22182E+01
 -1       577 7.65408E+01 3.60008E+01-2.30949E+01-2.53931E+01 1.61514E+00-6.45134E-01
 -1       578 5.67084E+01 2.25007E+01-3.02975E+00-1.04537E+01 2.23762E+00 7.96533E+00
 -1       579 2.59303E+01 9.09134E+00 4.59147E+00-2.53705E+00 1.92792E+00 8.62620E+00
 -1       580 1.29592E+01-6.89065E-01 1.75695E+01-3.50955E-01 2.15564E+00 6.34956E+00
 -1       581 8.88087E+00-1.71438E+00 1.69490E+01-2.99583E+00 5.14013E-02-7.55854E+00
 -1       582 1.69858E+01 3.19645E+00 3.37247E+00-2.68444E+00 9.50194E-01-9.07803E+00
 -1       583 3.76218E+01 1.01387E+01-3.41987E+00 2.78573E+00 2.20903E+00-3.67247E+00
 -1       584 5.20339E+01 2.04667E+01-2.09839E+01 2.10409E+01 2.88858E+00 2.82551E+01
 -1       585-6.55890E+00 3.49048E+01-6.32189E+01 5.01150E+01 1.26630E+01 1.01343E+02
 -1       586-1.32066E+02 3.21937E+00-4.01343E+02 5.85187E+01 9.12140E+00 1.24063E+02
 -1       587-2.32123E+02-1.50659E+00-5.54561E+02 3.64213E+01 1.77476E+00 6.76627E+01
 -1       588-2.73661E+02 8.54069E-01-5.83926E+02 1.08915E+01 8.92992E+00 1.83347E+01
 -1       589-2.73706E+02 8.30252E-01-5.83942E+02-1.09095E+01 8.93194E+00-1.83334E+01
 -1       590-2.32361E+02-1.61956E+00-5.54641E+02-3.64679E+01 1.79513E+00-6.76582E+01
 -1       591-1.32050E+02 3.20858E+00-4.01291E+02-5.86401E+01 9.09133E+00-1.23957E+02
 -1       592-6.34512E+00 3.49837E+01-6.31315E+01-5.01521E+01 1.26518E+01-1.01309E+02
 -1       593 5.20759E+01 2.04886E+01-2.09742E+01-2.10546E+01 2.88754E+00-2.82529E+01
 -1       594 3.76242E+01 1.01425E+01-3.41883E+00-2.78766E+00 2.20932E+00 3.67108E+00
 -1       595 1.69848E+01 3.19669E+00 3.37226E+00 2.68489E+00 9.50435E-01 9.07765E+00
 -1       596 8.88025E+00-1.71531E+00 1.69490E+01 2.99638E+00 5.16491E-02 7.55839E+00
 -1       597-5.57770E+00-2.26309E+00 2.85143E+01 9.21490E-01-1.44609E+00-4.25104E+00
 -1       598-1.50869E+01-4.77037E-01 4.53432E-03 7.03219E-01-2.03558E+00-1.77947E+00
 -1       599-4.11092E+01-2.20610E-01-1.91406E+01-6.79805E-01-3.43189E+00 1.26734E+01
 -1       600-7.46873E+01 1.53236E+00-4.43381E+01-2.25459E+00-7.28714E+00 4.85450E+01
 -1       601-8.04259E+01 5.91266E+00-1.16301E+02-5.42210E+00-1.18654E+01 1.05559E+02
 -1       602-3.58111E+01-4.60329E+00-3.54286E+02-8.82783E+00-7.01334E+00 1.26099E+02
 -1       603 8.75210E-01-2.24632E+00-4.97927E+02-6.76379E+00-5.99452E+00 8.08189E+01
 -1       604-2.42772E+00 1.15679E+00-5.38013E+02-1.98028E+00-7.61042E+00 2.40985E+01
 -1       605-2.42982E+00 1.15345E+00-5.38015E+02 1.98183E+00-7.60941E+00-2.41057E+01
 -1       606 8.38453E-01-2.27819E+00-4.97945E+02 6.76600E+00-5.98491E+00-8.08336E+01
 -1       607-3.58279E+01-4.62631E+00-3.54311E+02 8.85992E+00-7.01685E+00-1.26140E+02
 -1       608-8.03857E+01 5.94143E+00-1.16280E+02 5.41335E+00-1.18817E+01-1.05566E+02
 -1       609-7.46862E+01 1.53233E+00-4.43339E+01 2.25264E+00-7.28725E+00-4.85491E+01
 -1       610-4.11085E+01-2.21483E-01-1.91400E+01 6.80671E-01-3.43093E+00-1.26734E+01
 -1       611-1.50856E+01-4.76249E-01 4.45334E-03-7.02092E-01-2.03532E+00 1.77975E+00
 -1       612-5.57682E+00-2.26132E+00 2.85141E+01-9.20765E-01-1.44586E+00 4.25116E+00
 -1       613-9.79851E-01-6.39033E-01 2.96990E+01 2.41887E-01-3.91088E+00-5.09503E+00
 -1       614-4.62621E+00 3.66801E+00 3.17476E+00-3.42180E-01-3.10265E+00-4.60704E+00
 -1       615-1.78714E+01 6.06681E+00-1.56305E+01-2.66658E+00-3.53614E+00 3.03185E+00
 -1       616-4.75704E+01 5.34944E+00-3.97735E+01-6.60285E+00-4.77642E+00 2.64715E+01
 -1       617-6.47992E+01 1.26538E+01-7.75357E+01-1.12408E+01-6.43827E+00 6.98748E+01
 -1       618-5.27188E+01-8.02841E+00-2.86652E+02-1.38225E+01-7.10685E+00 8.81157E+01
 -1       619-4.68997E+01-1.48020E+01-4.24245E+02-1.00421E+01-7.48392E+00 5.44666E+01
 -1       620-6.38797E+01-1.12457E+01-4.46244E+02-3.03319E+00-7.53770E+00 1.48238E+01
 -1       621-6.38741E+01-1.12373E+01-4.46238E+02 3.03634E+00-7.53813E+00-1.48219E+01
 -1       622-4.68672E+01-1.47771E+01-4.24225E+02 1.00442E+01-7.48055E+00-5.44581E+01
 -1       623-5.27125E+01-8.02970E+00-2.86589E+02 1.38279E+01-7.10286E+00-8.80749E+01
 -1       624-6.48381E+01 1.26087E+01-7.75508E+01 1.12462E+01-6.43428E+00-6.98607E+01
 -1       625-4.75655E+01 5.34024E+00-3.97748E+01 6.60702E+00-4.77464E+00-2.64647E+01
 -1       626-1.78680E+01 6.06641E+00-1.56307E+01 2.66937E+00-3.53533E+00-3.03222E+00
 -1       627-4.62546E+00 3.66986E+00 3.17414E+00 3.43773E-01-3.10279E+00 4.60624E+00
 -1       628-9.79616E-01-6.35008E-01 2.96987E+01-2.40941E-01-3.91127E+00 5.09451E+00
 -1       629-1.25076E+00 3.95484E+00 2.69754E+01-1.18686E+00-4.28123E+00-6.78205E+00
 -1       630-5.10669E+00 1.06213E+01 2.93843E+00-2.64872E+00-3.23534E+00-7.61603E+00
 -1       631-1.99030E+01 1.63726E+01-1.49334E+01-6.38967E+00-2.54645E+00-2.18429E+00
 -1       632-5.01488E+01 1.95648E+01-3.64977E+01-1.11370E+01-1.68196E+00 1.88411E+01
 -1       633-7.40260E+01 2.14727E+01-7.62671E+01-1.47951E+01-6.05854E-01 6.17844E+01
 -1       634-5.89353E+01-8.20027E+00-2.50386E+02-1.52861E+01 1.19100E+00 8.20257E+01
 -1       635-5.49040E+01-2.85089E+01-3.80376E+02-1.14660E+01 2.53833E+00 4.94864E+01
 -1       636-7.34305E+01-2.70005E+01-3.89552E+02-4.15561E+00 3.46085E+00 1.24447E+01
 -1       637-7.34359E+01-2.70042E+01-3.89554E+02 4.15463E+00 3.46072E+00-1.24573E+01
 -1       638-5.49305E+01-2.85193E+01-3.80379E+02 1.14658E+01 2.53389E+00-4.95004E+01
 -1       639-5.89404E+01-8.20382E+00-2.50443E+02 1.52763E+01 1.19668E+00-8.20573E+01
 -1       640-7.40031E+01 2.14966E+01-7.62713E+01 1.48036E+01-5.91878E-01-6.18063E+01
 -1       641-5.01616E+01 1.95695E+01-3.65040E+01 1.11392E+01-1.68241E+00-1.88554E+01
 -1       642-1.99128E+01 1.63746E+01-1.49367E+01 6.39009E+00-2.54726E+00 2.17825E+00
 -1       643-5.11100E+00 1.06240E+01 2.93647E+00 2.64856E+00-3.23691E+00 7.61352E+00
 -1       644-1.25282E+00 3.96153E+00 2.69750E+01 1.18674E+00-4.28360E+00 6.78090E+00
 -1       645-2.66697E+00 9.92025E+00 2.60057E+01-8.51858E-01-1.60562E+00-6.98314E+00
 -1       646-7.48998E+00 1.60398E+01 2.98817E+00-1.62489E+00-1.21457E+00-7.99301E+00
 -1       647-2.50922E+01 2.32460E+01-1.45628E+01-3.32842E+00-6.74101E-01-2.68125E+00
 -1       648-5.99632E+01 2.66986E+01-3.68823E+01-5.23910E+00-1.90258E-01 2.00190E+01
 -1       649-8.26663E+01 3.11409E+01-7.58970E+01-7.45601E+00 1.59466E+00 6.48674E+01
 -1       650-7.07273E+01-3.15438E+00-2.81591E+02-7.70782E+00 3.88339E+00 8.57833E+01
 -1       651-6.40061E+01-2.38249E+01-4.19131E+02-5.38877E+00 6.22916E+00 5.23934E+01
 -1       652-8.37769E+01-2.44973E+01-4.36139E+02-2.01687E+00 7.12519E+00 1.32945E+01
 -1       653-8.37808E+01-2.45024E+01-4.36140E+02 2.00708E+00 7.12648E+00-1.33057E+01
 -1       654-6.40322E+01-2.38370E+01-4.19133E+02 5.38156E+00 6.23327E+00-5.24086E+01
 -1       655-7.07290E+01-3.15279E+00-2.81641E+02 7.71080E+00 3.87596E+00-8.58161E+01
 -1       656-8.26430E+01 3.11669E+01-7.59017E+01 7.44138E+00 1.57718E+00-6.48927E+01
 -1       657-5.99767E+01 2.67051E+01-3.68878E+01 5.22831E+00-1.95181E-01-2.00332E+01
 -1       658-2.51021E+01 2.32478E+01-1.45655E+01 3.32038E+00-6.77826E-01 2.67645E+00
 -1       659-7.49393E+00 1.60411E+01 2.98678E+00 1.62050E+00-1.21773E+00 7.99130E+00
 -1       660-2.66869E+00 9.92384E+00 2.60054E+01 8.49438E-01-1.61016E+00 6.98243E+00
 -1       661-2.66869E+00 9.92384E+00 2.60054E+01 8.49438E-01 1.61016E+00-6.98243E+00
 -1       662-7.49393E+00 1.60411E+01 2.98678E+00 1.62050E+00 1.21773E+00-7.99130E+00
 -1       663-2.51021E+01 2.32478E+01-1.45655E+01 3.32038E+00 6.77826E-01-2.67645E+00
 -1       664-5.99767E+01 2.67051E+01-3.68878E+01 5.22831E+00 1.95181E-01 2.00332E+01
 -1       665-8.26430E+01 3.11669E+01-7.59017E+01 7.44138E+00-1.57718E+00 6.48927E+01
 -1       666-7.07290E+01-3.15279E+00-2.81641E+02 7.71080E+00-3.87596E+00 8.58161E+01
 -1       667-6.40322E+01-2.38370E+01-4.19133E+02 5.38156E+00-6.23327E+00 5.24086E+01
 -1       668-8.37808E+01-2.45024E+01-4.36140E+02 2.00708E+00-7.12648E+00 1.33057E+01
 -1       669-8.37769E+01-2.44973E+01-4.36139E+02-2.01687E+00-7.12519E+00-1.32945E+01
 -1       670-6.40061E+01-2.38249E+01-4.19131E+02-5.38877E+00-6.22916E+00-5.23934E+01
 -1       671-7.07273E+01-3.15438E+00-2.81591E+02-7.70782E+00-3.88339E+00-8.57833E+01
 -1       672-8.26663E+01 3.11409E+01-7.58970E+01-7.45601E+00-1.59466E+00-6.48674E+01
 -1       673-5.99632E+01 2.66986E+01-3.68823E+01-5.23910E+00 1.90258E-01-2.00190E+01
 -1       674-2.50922E+01 2.32460E+01-1.45628E+01-3.32842E+00 6.74101E-01 2.68125E+00
 -1       675-7.48998E+00 1.60398E+01 2.98817E+00-1.62489E+00 1.21457E+00 7.99301E+00
 -1       676-2.66697E+00 9.92025E+00 2.60057E+01-8.51858E-01 1.60562E+00 6.98314E+00
 -1       677-1.25282E+00 3.96153E+00 2.69750E+01 1.18674E+00 4.28360E+00-6.78090E+00
 -1       678-5.11100E+00 1.06240E+01 2.93647E+00 2.64856E+00 3.23691E+00-7.61352E+00
 -1       679-1.99128E+01 1.63746E+01-1.49367E+01 6.39009E+00 2.54726E+00-2.17825E+00
 -1       680-5.01616E+01 1.95695E+01-3.65040E+01 1.11392E+01 1.68241E+00 1.88554E+01
 -1       681-7.40031E+01 2.14966E+01-7.62713E+01 1.48036E+01 5.91878E-01 6.18063E+01
 -1       682-5.89404E+01-8.20382E+00-2.50443E+02 1.52763E+01-1.19668E+00 8.20573E+01
 -1       683-5.49305E+01-2.85193E+01-3.80379E+02 1.14658E+01-2.53389E+00 4.95004E+01
 -1       684-7.34359E+01-2.70042E+01-3.89554E+02 4.15463E+00-3.46072E+00 1.24573E+01
 -1       685-7.34305E+01-2.70005E+01-3.89552E+02-4.15561E+00-3.46085E+00-1.24447E+01
 -1       686-5.49040E+01-2.85089E+01-3.80376E+02-1.14660E+01-2.53833E+00-4.94864E+01
 -1       687-5.89353E+01-8.20027E+00-2.50386E+02-1.52861E+01-1.19100E+00-8.20257E+01
 -1       688-7.40260E+01 2.14727E+01-7.62671E+01-1.47951E+01 6.05854E-01-6.17844E+01
 -1       689-5.01488E+01 1.95648E+01-3.64977E+01-1.11370E+01 1.68196E+00-1.88411E+01
 -1       690-1.99030E+01 1.63726E+01-1.49334E+01-6.38967E+00 2.54645E+00 2.18429E+00
 -1       691-5.10669E+00 1.06213E+01 2.93843E+00-2.64872E+00 3.23534E+00 7.61603E+00
 -1       692-1.25076E+00 3.95484E+00 2.69754E+01-1.18686E+00 4.28123E+00 6.78205E+00
 -1       693-9.79616E-01-6.35008E-01 2.96987E+01-2.40941E-01 3.91127E+00-5.09451E+00
 -1       694-4.62546E+00 3.66986E+00 3.17414E+00 3.43773E-01 3.10279E+00-4.60624E+00
 -1       695-1.78680E+01 6.06641E+00-1.56307E+01 2.66937E+00 3.53533E+00 3.03222E+00
 -1       696-4.75655E+01 5.34024E+00-3.97748E+01 6.60702E+00 4.77464E+00 2.64647E+01
 -1       697-6.48381E+01 1.26087E+01-7.75508E+01 1.12462E+01 6.43428E+00 6.98607E+01
 -1       698-5.27125E+01-8.02970E+00-2.86589E+02 1.38279E+01 7.10286E+00 8.80749E+01
 -1       699-4.68672E+01-1.47771E+01-4.24225E+02 1.00442E+01 7.48055E+00 5.44581E+01
 -1       700-6.38741E+01-1.12373E+01-4.46238E+02 3.03634E+00 7.53813E+00 1.48219E+01
 -1       701-6.38797E+01-1.12457E+01-4.46244E+02-3.03319E+00 7.53770E+00-1.48238E+01
 -1       702-4.68997E+01-1.48020E+01-4.24245E+02-1.00421E+01 7.48392E+00-5.44666E+01
 -1       703-5.27188E+01-8.02841E+00-2.86652E+02-1.38225E+01 7.10685E+00-8.81157E+01
 -1       704-6.47992E+01 1.26538E+01-7.75357E+01-1.12408E+01 6.43827E+00-6.98748E+01
 -1       705-4.75704E+01 5.34944E+00-3.97735E+01-6.60285E+00 4.77642E+00-2.64715E+01
 -1       706-1.78714E+01 6.06681E+00-1.56305E+01-2.66658E+00 3.53614E+00-3.03185E+00
 -1       707-4.62621E+00 3.66801E+00 3.17476E+00-3.42180E-01 3.10265E+00 4.60704E+00
 -1       708-9.79851E-01-6.39033E-01 2.96990E+01 2.41887E-01 3.91088E+00 5.09503E+00
 -1       709-5.57682E+00-2.26132E+00 2.85141E+01-9.20765E-01 1.44586E+00-4.25116E+00
 -1       710-1.50856E+01-4.76249E-01 4.45334E-03-7.02092E-01 2.03532E+00-1.77975E+00
 -1       711-4.11085E+01-2.21483E-01-1.91400E+01 6.80671E-01 3.43093E+00 1.26734E+01
 -1       712-7.46862E+01 1.53233E+00-4.43339E+01 2.25264E+00 7.28725E+00 4.85491E+01
 -1       713-8.03857E+01 5.94143E+00-1.16280E+02 5.41335E+00 1.18817E+01 1.05566E+02
 -1       714-3.58279E+01-4.62631E+00-3.54311E+02 8.85992E+00 7.01685E+00 1.26140E+02
 -1       715 8.38453E-01-2.27819E+00-4.97945E+02 6.76600E+00 5.98491E+00 8.08336E+01
 -1       716-2.42982E+00 1.15345E+00-5.38015E+02 1.98183E+00 7.60941E+00 2.41057E+01
 -1       717-2.42772E+00 1.15679E+00-5.38013E+02-1.98028E+00 7.61042E+00-2.40985E+01
 -1       718 8.75210E-01-2.24632E+00-4.97927E+02-6.76379E+00 5.99452E+00-8.08189E+01
 -1       719-3.58111E+01-4.60329E+00-3.54286E+02-8.82783E+00 7.01334E+00-1.26099E+02
 -1       720-8.04259E+01 5.91266E+00-1.16301E+02-5.42210E+00 1.18654E+01-1.05559E+02
 -1       721-7.46873E+01 1.53236E+00-4.43381E+01-2.25459E+00 7.28714E+00-4.85450E+01
 -1       722-4.11092E+01-2.20610E-01-1.91406E+01-6.79805E-01 3.43189E+00-1.26734E+01
 -1       723-1.50869E+01-4.77037E-01 4.53432E-03 7.03219E-01 2.03558E+00 1.77947E+00
 -1       724-5.57770E+00-2.26309E+00 2.85143E+01 9.21490E-01 1.44609E+00 4.25104E+00
 -1       725-6.94588E+00 2.43882E-01 4.34415E+01-2.08957E-01-5.81211E+00 6.05172E+00
 -1       726-1.52298E+01-3.51688E-01-1.03467E+01-7.20195E-01-3.96125E+00 1.55974E+01
 -1       727-2.95554E+01 2.12402E+00-4.73993E+01-1.56501E+00-4.65218E+00 4.09217E+01
 -1       728-3.21469E+01 6.62375E+00-9.14383E+01-3.19581E+00-6.26096E+00 7.66917E+01
 -1       729-1.74059E+01 5.36435E+00-1.80032E+02-3.60411E+00-7.66546E+00 1.07652E+02
 -1       730 2.46526E+00-4.09281E+00-2.89259E+02-3.00913E+00-6.13763E+00 1.12644E+02
 -1       731 3.06944E+01-1.03097E+01-3.91724E+02-3.04977E+00-5.21415E+00 8.32637E+01
 -1       732 5.42434E+01-9.12329E+00-4.43078E+02-1.46247E+00-5.42803E+00 2.99242E+01
 -1       733 5.42418E+01-9.12425E+00-4.43077E+02 1.46211E+00-5.42642E+00-2.99284E+01
 -1       734 3.06996E+01-1.03040E+01-3.91710E+02 3.05010E+00-5.21312E+00-8.32679E+01
 -1       735 2.46614E+00-4.09106E+00-2.89253E+02 3.00591E+00-6.13783E+00-1.12643E+02
 -1       736-1.74129E+01 5.35752E+00-1.80038E+02 3.60819E+00-7.66488E+00-1.07654E+02
 -1       737-3.21445E+01 6.62526E+00-9.14362E+01 3.19700E+00-6.26181E+00-7.66914E+01
 -1       738-2.95548E+01 2.12448E+00-4.73988E+01 1.56611E+00-4.65182E+00-4.09224E+01
 -1       739-1.52295E+01-3.50880E-01-1.03477E+01 7.20964E-01-3.96125E+00-1.55978E+01
 -1       740-6.94558E+00 2.45236E-01 4.34403E+01 2.09436E-01-5.81223E+00-6.05194E+00
 -1       741-6.05914E+00 2.37742E+00 4.38531E+01-2.04185E-01-7.85981E+00 1.87544E+00
 -1       742-1.19892E+01 1.13963E+00-7.88898E+00-8.12136E-01-4.78305E+00 8.27607E+00
 -1       743-2.52699E+01 8.91502E-01-4.73637E+01-2.21779E+00-4.56366E+00 2.68933E+01
 -1       744-3.08850E+01 3.43667E+00-8.89311E+01-4.17462E+00-5.28086E+00 5.49645E+01
 -1       745-2.44554E+01 1.05799E+00-1.67955E+02-6.50283E+00-5.31848E+00 7.96275E+01
 -1       746-1.55067E+01-5.94515E+00-2.61596E+02-6.79412E+00-4.95761E+00 8.44392E+01
 -1       747-1.06030E+00-1.23966E+01-3.50572E+02-4.86049E+00-3.89404E+00 6.27955E+01
 -1       748 1.39945E+01-1.22425E+01-3.96509E+02-1.93561E+00-3.66988E+00 2.25771E+01
 -1       749 1.39947E+01-1.22422E+01-3.96510E+02 1.93507E+00-3.66943E+00-2.25813E+01
 -1       750-1.06670E+00-1.24007E+01-3.50578E+02 4.86045E+00-3.89268E+00-6.27988E+01
 -1       751-1.55038E+01-5.94189E+00-2.61593E+02 6.79403E+00-4.95522E+00-8.44455E+01
 -1       752-2.44479E+01 1.06430E+00-1.67940E+02 6.50316E+00-5.31643E+00-7.96288E+01
 -1       753-3.08878E+01 3.43431E+00-8.89321E+01 4.17600E+00-5.27904E+00-5.49666E+01
 -1       754-2.52693E+01 8.91864E-01-4.73651E+01 2.21908E+00-4.56339E+00-2.68948E+01
 -1       755-1.19887E+01 1.14143E+00-7.89045E+00 8.13105E-01-4.78363E+00-8.27726E+00
 -1       756-6.05885E+00 2.38058E+00 4.38519E+01 2.04812E-01-7.86082E+00-1.87618E+00
 -1       757-6.35710E+00 7.48582E+00 4.14794E+01-7.04531E-01-7.03561E+00-6.38356E-01
 -1       758-1.21714E+01 4.77495E+00-6.73657E+00-1.54775E+00-4.46702E+00 3.64689E+00
 -1       759-2.60337E+01 3.52696E+00-4.33901E+01-3.39812E+00-3.14142E+00 1.86209E+01
 -1       760-3.45567E+01 4.37413E+00-8.18512E+01-5.39546E+00-2.17705E+00 4.46147E+01
 -1       761-3.16150E+01-8.17575E-01-1.54664E+02-6.94664E+00-9.34136E-01 6.92038E+01
 -1       762-2.52494E+01-9.86699E+00-2.44083E+02-7.06922E+00 6.30994E-01 7.54578E+01
 -1       763-1.38787E+01-1.89370E+01-3.26770E+02-5.27348E+00 2.13574E+00 5.64353E+01
 -1       764-7.17695E-01-2.08895E+01-3.69921E+02-1.96088E+00 3.05639E+00 2.01950E+01
 -1       765-7.18758E-01-2.08885E+01-3.69919E+02 1.95925E+00 3.05604E+00-2.02006E+01
 -1       766-1.38762E+01-1.89327E+01-3.26767E+02 5.27217E+00 2.13611E+00-5.64385E+01
 -1       767-2.52527E+01-9.86675E+00-2.44091E+02 7.07028E+00 6.32914E-01-7.54583E+01
 -1       768-3.16200E+01-8.19688E-01-1.54684E+02 6.94353E+00-9.33305E-01-6.92091E+01
 -1       769-3.45543E+01 4.37832E+00-8.18582E+01 5.39490E+00-2.17629E+00-4.46215E+01
 -1       770-2.60348E+01 3.52978E+00-4.33943E+01 3.39792E+00-3.14288E+00-1.86264E+01
 -1       771-1.21724E+01 4.77795E+00-6.73906E+00 1.54767E+00-4.46943E+00-3.64972E+00
 -1       772-6.35782E+00 7.49116E+00 4.14780E+01 7.04527E-01-7.03909E+00 6.36819E-01
 -1       773-6.57393E+00 1.12524E+01 4.29084E+01-4.64763E-01-2.41503E+00-1.29301E+00
 -1       774-1.31295E+01 7.09610E+00-4.43556E+00-8.63202E-01-1.52884E+00 2.53041E+00
 -1       775-2.85073E+01 5.48312E+00-4.02487E+01-1.72034E+00-7.73022E-01 1.69191E+01
 -1       776-3.78898E+01 6.46576E+00-7.81547E+01-2.55346E+00 6.06598E-02 4.31341E+01
 -1       777-3.64320E+01-1.23485E-01-1.53694E+02-2.67701E+00 9.66378E-01 6.85939E+01
 -1       778-3.19799E+01-1.20182E+01-2.45616E+02-2.49464E+00 2.27398E+00 7.55730E+01
 -1       779-2.15315E+01-2.34292E+01-3.32058E+02-2.00641E+00 3.23051E+00 5.67730E+01
 -1       780-8.45683E+00-2.65115E+01-3.76384E+02-7.29215E-01 3.85938E+00 2.04180E+01
 -1       781-8.45844E+00-2.65111E+01-3.76382E+02 7.26553E-01 3.85971E+00-2.04219E+01
 -1       782-2.15281E+01-2.34250E+01-3.32055E+02 2.00417E+00 3.22907E+00-5.67753E+01
 -1       783-3.19835E+01-1.20192E+01-2.45624E+02 2.49058E+00 2.26912E+00-7.55723E+01
 -1       784-3.64379E+01-1.26501E-01-1.53714E+02 2.67634E+00 9.60696E-01-6.85978E+01
 -1       785-3.78864E+01 6.47016E+00-7.81598E+01 2.54993E+00 5.40470E-02-4.31392E+01
 -1       786-2.85083E+01 5.48532E+00-4.02513E+01 1.71684E+00-7.77494E-01-1.69231E+01
 -1       787-1.31305E+01 7.09776E+00-4.43690E+00 8.60891E-01-1.53323E+00-2.53221E+00
 -1       788-6.57454E+00 1.12553E+01 4.29078E+01 4.63333E-01-2.42103E+00 1.29208E+00
 -1       789-6.57454E+00 1.12553E+01 4.29078E+01 4.63333E-01 2.42103E+00-1.29208E+00
 -1       790-1.31305E+01 7.09776E+00-4.43690E+00 8.60891E-01 1.53323E+00 2.53221E+00
 -1       791-2.85083E+01 5.48532E+00-4.02513E+01 1.71684E+00 7.77494E-01 1.69231E+01
 -1       792-3.78864E+01 6.47016E+00-7.81598E+01 2.54993E+00-5.40470E-02 4.31392E+01
 -1       793-3.64379E+01-1.26501E-01-1.53714E+02 2.67634E+00-9.60696E-01 6.85978E+01
 -1       794-3.19835E+01-1.20192E+01-2.45624E+02 2.49058E+00-2.26912E+00 7.55723E+01
 -1       795-2.15281E+01-2.34250E+01-3.32055E+02 2.00417E+00-3.22907E+00 5.67753E+01
 -1       796-8.45844E+00-2.65111E+01-3.76382E+02 7.26553E-01-3.85971E+00 2.04219E+01
 -1       797-8.45683E+00-2.65115E+01-3.76384E+02-7.29215E-01-3.85938E+00-2.04180E+01
 -1       798-2.15315E+01-2.34292E+01-3.32058E+02-2.00641E+00-3.23051E+00-5.67730E+01
 -1       799-3.19799E+01-1.20182E+01-2.45616E+02-2.49464E+00-2.27398E+00-7.55730E+01
 -1       800-3.64320E+01-1.23485E-01-1.53694E+02-2.67701E+00-9.66378E-01-6.85939E+01
 -1       801-3.78898E+01 6.46576E+00-7.81547E+01-2.55346E+00-6.06598E-02-4.31341E+01
 -1       802-2.85073E+01 5.48312E+00-4.02487E+01-1.72034E+00 7.73022E-01-1.69191E+01
 -1       803-1.31295E+01 7.09610E+00-4.43556E+00-8.63202E-01 1.52884E+00-2.53041E+00
 -1       804-6.57393E+00 1.12524E+01 4.29084E+01-4.64763E-01 2.41503E+00 1.29301E+00
 -1       805-6.35782E+00 7.49116E+00 4.14780E+01 7.04527E-01 7.03909E+00-6.36819E-01
 -1       806-1.21724E+01 4.77795E+00-6.73906E+00 1.54767E+00 4.46943E+00 3.64972E+00
 -1       807-2.60348E+01 3.52978E+00-4.33943E+01 3.39792E+00 3.14288E+00 1.86264E+01
 -1       808-3.45543E+01 4.37832E+00-8.18582E+01 5.39490E+00 2.17629E+00 4.46215E+01
 -1       809-3.16200E+01-8.19688E-01-1.54684E+02 6.94353E+00 9.33305E-01 6.92091E+01
 -1       810-2.52527E+01-9.86675E+00-2.44091E+02 7.07028E+00-6.32914E-01 7.54583E+01
 -1       811-1.38762E+01-1.89327E+01-3.26767E+02 5.27217E+00-2.13611E+00 5.64385E+01
 -1       812-7.18758E-01-2.08885E+01-3.69919E+02 1.95925E+00-3.05604E+00 2.02006E+01
 -1       813-7.17695E-01-2.08895E+01-3.69921E+02-1.96088E+00-3.05639E+00-2.01950E+01
 -1       814-1.38787E+01-1.89370E+01-3.26770E+02-5.27348E+00-2.13574E+00-5.64353E+01
 -1       815-2.52494E+01-9.86699E+00-2.44083E+02-7.06922E+00-6.30994E-01-7.54578E+01
 -1       816-3.16150E+01-8.17575E-01-1.54664E+02-6.94664E+00 9.34136E-01-6.92038E+01
 -1       817-3.45567E+01 4.37413E+00-8.18512E+01-5.39546E+00 2.17705E+00-4.46147E+01
 -1       818-2.60337E+01 3.52696E+00-4.33901E+01-3.39812E+00 3.14142E+00-1.86209E+01
 -1       819-1.21714E+01 4.77495E+00-6.73657E+00-1.54775E+00 4.46702E+00-3.64689E+00
 -1       820-6.35710E+00 7.48582E+00 4.14794E+01-7.04531E-01 7.03561E+00 6.38356E-01
 -1       821-6.05885E+00 2.38058E+00 4.38519E+01 2.04812E-01 7.86082E+00 1.87618E+00
 -1       822-1.19887E+01 1.14143E+00-7.89045E+00 8.13105E-01 4.78363E+00 8.27726E+00
 -1       823-2.52693E+01 8.91864E-01-4.73651E+01 2.21908E+00 4.56339E+00 2.68948E+01
 -1       824-3.08878E+01 3.43431E+00-8.89321E+01 4.17600E+00 5.27904E+00 5.49666E+01
 -1       825-2.44479E+01 1.06430E+00-1.67940E+02 6.50316E+00 5.31643E+00 7.96288E+01
 -1       826-1.55038E+01-5.94189E+00-2.61593E+02 6.79403E+00 4.95522E+00 8.44455E+01
 -1       827-1.06670E+00-1.24007E+01-3.50578E+02 4.86045E+00 3.89268E+00 6.27988E+01
 -1       828 1.39947E+01-1.22422E+01-3.96510E+02 1.93507E+00 3.66943E+00 2.25813E+01
 -1       829 1.39945E+01-1.22425E+01-3.96509E+02-1.93561E+00 3.66988E+00-2.25771E+01
 -1       830-1.06030E+00-1.23966E+01-3.50572E+02-4.86049E+00 3.89404E+00-6.27955E+01
 -1       831-1.55067E+01-5.94515E+00-2.61596E+02-6.79412E+00 4.95761E+00-8.44392E+01
 -1       832-2.44554E+01 1.05799E+00-1.67955E+02-6.50283E+00 5.31848E+00-7.96275E+01
 -1       833-3.08850E+01 3.43667E+00-8.89311E+01-4.17462E+00 5.28086E+00-5.49645E+01
 -1       834-2.52699E+01 8.91502E-01-4.73637E+01-2.21779E+00 4.56366E+00-2.68933E+01
 -1       835-1.19892E+01 1.13963E+00-7.88898E+00-8.12136E-01 4.78305E+00-8.27607E+00
 -1       836-6.05914E+00 2.37742E+00 4.38531E+01-2.04185E-01 7.85981E+00-1.87544E+00
 -1       837-6.94558E+00 2.45236E-01 4.34403E+01 2.09436E-01 5.81223E+00 6.05194E+00
 -1       838-1.52295E+01-3.50880E-01-1.03477E+01 7.20964E-01 3.96125E+00 1.55978E+01
 -1       839-2.95548E+01 2.12448E+00-4.73988E+01 1.56611E+00 4.65182E+00 4.09224E+01
 -1       840-3.21445E+01 6.62526E+00-9.14362E+01 3.19700E+00 6.26181E+00 7.66914E+01
 -1       841-1.74129E+01 5.35752E+00-1.80038E+02 3.60819E+00 7.66488E+00 1.07654E+02
 -1       842 2.46614E+00-4.09106E+00-2.89253E+02 3.00591E+00 6.13783E+00 1.12643E+02
 -1       843 3.06996E+01-1.03040E+01-3.91710E+02 3.05010E+00 5.21312E+00 8.32679E+01
 -1       844 5.42418E+01-9.12425E+00-4.43077E+02 1.46211E+00 5.42642E+00 2.99284E+01
 -1       845 5.42434E+01-9.12329E+00-4.43078E+02-1.46247E+00 5.42803E+00-2.99242E+01
 -1       846 3.06944E+01-1.03097E+01-3.91724E+02-3.04977E+00 5.21415E+00-8.32637E+01
 -1       847 2.46526E+00-4.09281E+00-2.89259E+02-3.00913E+00 6.13763E+00-1.12644E+02
 -1       848-1.74059E+01 5.36435E+00-1.80032E+02-3.60411E+00 7.66546E+00-1.07652E+02
 -1       849-3.21469E+01 6.62375E+00-9.14383E+01-3.19581E+00 6.26096E+00-7.66917E+01
 -1       850-2.95554E+01 2.12402E+00-4.73993E+01-1.56501E+00 4.65218E+00-4.09217E+01
 -1       851-1.52298E+01-3.51688E-01-1.03467E+01-7.20195E-01 3.96125E+00-1.55974E+01
 -1       852-6.94588E+00 2.43882E-01 4.34415E+01-2.08957E-01 5.81211E+00-6.05172E+00
 -1       853-8.19464E+00-1.73510E+00 2.66645E+01-2.39967E+00-1.10864E+01 2.01394E+01
 -1       854-8.09371E+00-2.52820E+00-3.85908E+01-2.32389E+00-3.99737E+00 3.66854E+01
 -1       855-1.23365E+01 5.82843E-01-7.58611E+01-2.47768E+00-2.32024E+00 6.40282E+01
 -1       856-1.41870E+01-9.94364E-01-1.26718E+02-2.63974E+00-1.71036E+00 8.12516E+01
 -1       857-5.05208E+00-3.89990E+00-1.89790E+02-2.82318E+00-7.63028E-01 8.83485E+01
 -1       858 1.28248E+01-6.71740E+00-2.57457E+02-2.70167E+00-5.83986E-02 8.16564E+01
 -1       859 3.06190E+01-9.98335E+00-3.16295E+02-1.86040E+00 8.80565E-01 5.88501E+01
 -1       860 4.19290E+01-1.24498E+01-3.52891E+02-6.50191E-01 1.50153E+00 2.16716E+01
 -1       861 4.19296E+01-1.24492E+01-3.52890E+02 6.49875E-01 1.50146E+00-2.16761E+01
 -1       862 3.06187E+01-9.98374E+00-3.16294E+02 1.85970E+00 8.81051E-01-5.88539E+01
 -1       863 1.28253E+01-6.71674E+00-2.57453E+02 2.70165E+00-5.74683E-02-8.16604E+01
 -1       864-5.05064E+00-3.89816E+00-1.89785E+02 2.82280E+00-7.62362E-01-8.83514E+01
 -1       865-1.41874E+01-9.94412E-01-1.26717E+02 2.64049E+00-1.70984E+00-8.12543E+01
 -1       866-1.23363E+01 5.83418E-01-7.58612E+01 2.47828E+00-2.32048E+00-6.40303E+01
 -1       867-8.09363E+00-2.52751E+00-3.85923E+01 2.32428E+00-3.99801E+00-3.66867E+01
 -1       868-8.19467E+00-1.73430E+00 2.66625E+01 2.39990E+00-1.10874E+01-2.01402E+01
 -1       869-7.97596E+00 2.46775E+00 2.38255E+01-5.62908E-01-9.77190E+00 1.20820E+01
 -1       870-8.73146E+00-1.86312E+00-4.07355E+01-1.41677E+00-4.03293E+00 2.51959E+01
 -1       871-1.50284E+01-1.17475E+00-8.05551E+01-2.93258E+00-1.49024E+00 4.75721E+01
 -1       872-2.03650E+01-3.57829E+00-1.31561E+02-3.93436E+00 2.05344E-02 6.26005E+01
 -1       873-1.74431E+01-6.85883E+00-1.92747E+02-4.28403E+00 1.44993E+00 6.90978E+01
 -1       874-7.15821E+00-9.75538E+00-2.56284E+02-4.02199E+00 3.02617E+00 6.42878E+01
 -1       875 4.11086E+00-1.25253E+01-3.10474E+02-2.96476E+00 4.31593E+00 4.65741E+01
 -1       876 1.10306E+01-1.50255E+01-3.44612E+02-1.05023E+00 5.10858E+00 1.72362E+01
 -1       877 1.10299E+01-1.50257E+01-3.44612E+02 1.04951E+00 5.10877E+00-1.72396E+01
 -1       878 4.11129E+00-1.25242E+01-3.10472E+02 2.96418E+00 4.31636E+00-4.65774E+01
 -1       879-7.15896E+00-9.75496E+00-2.56285E+02 4.02163E+00 3.02673E+00-6.42901E+01
 -1       880-1.74437E+01-6.85814E+00-1.92749E+02 4.28403E+00 1.45051E+00-6.91008E+01
 -1       881-2.03641E+01-3.57657E+00-1.31561E+02 3.93451E+00 2.06025E-02-6.26029E+01
 -1       882-1.50286E+01-1.17400E+00-8.05567E+01 2.93306E+00-1.49069E+00-4.75744E+01
 -1       883-8.73141E+00-1.86195E+00-4.07378E+01 1.41713E+00-4.03420E+00-2.51973E+01
 -1       884-7.97604E+00 2.46953E+00 2.38229E+01 5.63145E-01-9.77364E+00-1.20827E+01
 -1       885-7.10297E+00 6.61220E+00 2.83104E+01-7.01660E-01-6.76720E+00 1.00818E+01
 -1       886-8.64280E+00-2.28679E+00-3.38870E+01-1.27540E+00-2.77085E+00 2.08463E+01
 -1       887-1.57509E+01-4.51679E+00-7.11844E+01-2.46398E+00-1.69799E-01 3.97641E+01
 -1       888-2.24796E+01-9.03446E+00-1.18413E+02-3.31709E+00 1.76342E+00 5.33642E+01
 -1       889-2.16103E+01-1.42964E+01-1.75596E+02-3.71682E+00 3.62344E+00 6.00624E+01
 -1       890-1.41993E+01-1.96648E+01-2.35893E+02-3.49032E+00 5.43863E+00 5.66717E+01
 -1       891-4.94962E+00-2.41549E+01-2.87337E+02-2.51464E+00 6.94795E+00 4.14799E+01
 -1       892 8.31235E-01-2.76590E+01-3.19636E+02-9.10867E-01 7.80675E+00 1.54606E+01
 -1       893 8.31647E-01-2.76584E+01-3.19637E+02 9.09731E-01 7.80684E+00-1.54628E+01
 -1       894-4.95032E+00-2.41545E+01-2.87339E+02 2.51394E+00 6.94777E+00-4.14820E+01
 -1       895-1.41994E+01-1.96635E+01-2.35896E+02 3.48945E+00 5.43796E+00-5.66741E+01
 -1       896-2.16105E+01-1.42951E+01-1.75599E+02 3.71666E+00 3.62261E+00-6.00645E+01
 -1       897-2.24804E+01-9.03375E+00-1.18419E+02 3.31640E+00 1.76201E+00-5.33670E+01
 -1       898-1.57505E+01-4.51509E+00-7.11881E+01 2.46372E+00-1.71597E-01-3.97670E+01
 -1       899-8.64280E+00-2.28485E+00-3.38901E+01 1.27534E+00-2.77362E+00-2.08482E+01
 -1       900-7.10319E+00 6.61530E+00 2.83075E+01 7.01683E-01-6.77098E+00-1.00829E+01
 -1       901-6.92958E+00 6.78320E+00 3.26031E+01-3.51752E-01-2.11453E+00 9.23676E+00
 -1       902-9.21056E+00-3.80923E+00-2.91958E+01-5.60804E-01-8.92839E-01 1.93267E+01
 -1       903-1.72606E+01-7.67476E+00-6.63314E+01-1.01725E+00 1.15672E-01 3.73469E+01
 -1       904-2.50419E+01-1.39404E+01-1.13312E+02-1.29186E+00 9.34869E-01 5.07645E+01
 -1       905-2.53516E+01-2.10492E+01-1.69900E+02-1.47974E+00 1.74721E+00 5.77377E+01
 -1       906-1.86937E+01-2.79759E+01-2.29292E+02-1.39300E+00 2.44850E+00 5.49314E+01
 -1       907-1.02418E+01-3.39983E+01-2.80325E+02-9.69705E-01 3.05411E+00 4.04428E+01
 -1       908-4.90392E+00-3.84148E+01-3.12604E+02-3.61898E-01 3.39495E+00 1.51008E+01
 -1       909-4.90310E+00-3.84141E+01-3.12604E+02 3.60951E-01 3.39441E+00-1.51015E+01
 -1       910-1.02425E+01-3.39984E+01-2.80327E+02 9.68423E-01 3.05292E+00-4.04434E+01
 -1       911-1.86937E+01-2.79752E+01-2.29294E+02 1.39209E+00 2.44655E+00-5.49326E+01
 -1       912-2.53517E+01-2.10485E+01-1.69902E+02 1.47830E+00 1.74422E+00-5.77383E+01
 -1       913-2.50430E+01-1.39407E+01-1.13316E+02 1.29102E+00 9.31576E-01-5.07658E+01
 -1       914-1.72601E+01-7.67370E+00-6.63336E+01 1.01613E+00 1.11847E-01-3.73484E+01
 -1       915-9.21053E+00-3.80818E+00-2.91973E+01 5.59986E-01-8.96983E-01-1.93277E+01
 -1       916-6.92969E+00 6.78488E+00 3.26017E+01 3.51215E-01-2.12027E+00-9.23736E+00
 -1       917-6.92969E+00 6.78488E+00 3.26017E+01 3.51215E-01 2.12027E+00 9.23736E+00
 -1       918-9.21053E+00-3.80818E+00-2.91973E+01 5.59986E-01 8.96983E-01 1.93277E+01
 -1       919-1.72601E+01-7.67370E+00-6.63336E+01 1.01613E+00-1.11847E-01 3.73484E+01
 -1       920-2.50430E+01-1.39407E+01-1.13316E+02 1.29102E+00-9.31576E-01 5.07658E+01
 -1       921-2.53517E+01-2.10485E+01-1.69902E+02 1.47830E+00-1.74422E+00 5.77383E+01
 -1       922-1.86937E+01-2.79752E+01-2.29294E+02 1.39209E+00-2.44655E+00 5.49326E+01
 -1       923-1.02425E+01-3.39984E+01-2.80327E+02 9.68423E-01-3.05292E+00 4.04434E+01
 -1       924-4.90310E+00-3.84141E+01-3.12604E+02 3.60951E-01-3.39441E+00 1.51015E+01
 -1       925-4.90392E+00-3.84148E+01-3.12604E+02-3.61898E-01-3.39495E+00-1.51008E+01
 -1       926-1.02418E+01-3.39983E+01-2.80325E+02-9.69705E-01-3.05411E+00-4.04428E+01
 -1       927-1.86937E+01-2.79759E+01-2.29292E+02-1.39300E+00-2.44850E+00-5.49314E+01
 -1       928-2.53516E+01-2.10492E+01-1.69900E+02-1.47974E+00-1.74721E+00-5.77377E+01
 -1       929-2.50419E+01-1.39404E+01-1.13312E+02-1.29186E+00-9.34869E-01-5.07645E+01
 -1       930-1.72606E+01-7.67476E+00-6.63314E+01-1.01725E+00-1.15672E-01-3.73469E+01
 -1       931-9.21056E+00-3.80923E+00-2.91958E+01-5.60804E-01 8.92839E-01-1.93267E+01
 -1       932-6.92958E+00 6.78320E+00 3.26031E+01-3.51752E-01 2.11453E+00-9.23676E+00
 -1       933-7.10319E+00 6.61530E+00 2.83075E+01 7.01683E-01 6.77098E+00 1.00829E+01
 -1       934-8.64280E+00-2.28485E+00-3.38901E+01 1.27534E+00 2.77362E+00 2.08482E+01
 -1       935-1.57505E+01-4.51509E+00-7.11881E+01 2.46372E+00 1.71597E-01 3.97670E+01
 -1       936-2.24804E+01-9.03375E+00-1.18419E+02 3.31640E+00-1.76201E+00 5.33670E+01
 -1       937-2.16105E+01-1.42951E+01-1.75599E+02 3.71666E+00-3.62261E+00 6.00645E+01
 -1       938-1.41994E+01-1.96635E+01-2.35896E+02 3.48945E+00-5.43796E+00 5.66741E+01
 -1       939-4.95032E+00-2.41545E+01-2.87339E+02 2.51394E+00-6.94777E+00 4.14820E+01
 -1       940 8.31647E-01-2.76584E+01-3.19637E+02 9.09731E-01-7.80684E+00 1.54628E+01
 -1       941 8.31235E-01-2.76590E+01-3.19636E+02-9.10867E-01-7.80675E+00-1.54606E+01
 -1       942-4.94962E+00-2.41549E+01-2.87337E+02-2.51464E+00-6.94795E+00-4.14799E+01
 -1       943-1.41993E+01-1.96648E+01-2.35893E+02-3.49032E+00-5.43863E+00-5.66717E+01
 -1       944-2.16103E+01-1.42964E+01-1.75596E+02-3.71682E+00-3.62344E+00-6.00624E+01
 -1       945-2.24796E+01-9.03446E+00-1.18413E+02-3.31709E+00-1.76342E+00-5.33642E+01
 -1       946-1.57509E+01-4.51679E+00-7.11844E+01-2.46398E+00 1.69799E-01-3.97641E+01
 -1       947-8.64280E+00-2.28679E+00-3.38870E+01-1.27540E+00 2.77085E+00-2.08463E+01
 -1       948-7.10297E+00 6.61220E+00 2.83104E+01-7.01660E-01 6.76720E+00-1.00818E+01
 -1       949-7.97604E+00 2.46953E+00 2.38229E+01 5.63145E-01 9.77364E+00 1.20827E+01
 -1       950-8.73141E+00-1.86195E+00-4.07378E+01 1.41713E+00 4.03420E+00 2.51973E+01
 -1       951-1.50286E+01-1.17400E+00-8.05567E+01 2.93306E+00 1.49069E+00 4.75744E+01
 -1       952-2.03641E+01-3.57657E+00-1.31561E+02 3.93451E+00-2.06025E-02 6.26029E+01
 -1       953-1.74437E+01-6.85814E+00-1.92749E+02 4.28403E+00-1.45051E+00 6.91008E+01
 -1       954-7.15896E+00-9.75496E+00-2.56285E+02 4.02163E+00-3.02673E+00 6.42901E+01
 -1       955 4.11129E+00-1.25242E+01-3.10472E+02 2.96418E+00-4.31636E+00 4.65774E+01
 -1       956 1.10299E+01-1.50257E+01-3.44612E+02 1.04951E+00-5.10877E+00 1.72396E+01
 -1       957 1.10306E+01-1.50255E+01-3.44612E+02-1.05023E+00-5.10858E+00-1.72362E+01
 -1       958 4.11086E+00-1.25253E+01-3.10474E+02-2.96476E+00-4.31593E+00-4.65741E+01
 -1       959-7.15821E+00-9.75538E+00-2.56284E+02-4.02199E+00-3.02617E+00-6.42878E+01
 -1       960-1.74431E+01-6.85883E+00-1.92747E+02-4.28403E+00-1.44993E+00-6.90978E+01
 -1       961-2.03650E+01-3.57829E+00-1.31561E+02-3.93436E+00-2.05344E-02-6.26005E+01
 -1       962-1.50284E+01-1.17475E+00-8.05551E+01-2.93258E+00 1.49024E+00-4.75721E+01
 -1       963-8.73146E+00-1.86312E+00-4.07355E+01-1.41677E+00 4.03293E+00-2.51959E+01
 -1       964-7.97596E+00 2.46775E+00 2.38255E+01-5.62908E-01 9.77190E+00-1.20820E+01
 -1       965-8.19467E+00-1.73430E+00 2.66625E+01 2.39990E+00 1.10874E+01 2.01402E+01
 -1       966-8.09363E+00-2.52751E+00-3.85923E+01 2.32428E+00 3.99801E+00 3.66867E+01
 -1       967-1.23363E+01 5.83418E-01-7.58612E+01 2.47828E+00 2.32048E+00 6.40303E+01
 -1       968-1.41874E+01-9.94412E-01-1.26717E+02 2.64049E+00 1.70984E+00 8.12543E+01
 -1       969-5.05064E+00-3.89816E+00-1.89785E+02 2.82280E+00 7.62362E-01 8.83514E+01
 -1       970 1.28253E+01-6.71674E+00-2.57453E+02 2.70165E+00 5.74683E-02 8.16604E+01
 -1       971 3.06187E+01-9.98374E+00-3.16294E+02 1.85970E+00-8.81051E-01 5.88539E+01
 -1       972 4.19296E+01-1.24492E+01-3.52890E+02 6.49875E-01-1.50146E+00 2.16761E+01
 -1       973 4.19290E+01-1.24498E+01-3.52891E+02-6.50191E-01-1.50153E+00-2.16716E+01
 -1       974 3.06190E+01-9.98335E+00-3.16295E+02-1.86040E+00-8.80565E-01-5.88501E+01
 -1       975 1.28248E+01-6.71740E+00-2.57457E+02-2.70167E+00 5.83986E-02-8.16564E+01
 -1       976-5.05208E+00-3.89990E+00-1.89790E+02-2.82318E+00 7.63028E-01-8.83485E+01
 -1       977-1.41870E+01-9.94364E-01-1.26718E+02-2.63974E+00 1.71036E+00-8.12516E+01
 -1       978-1.23365E+01 5.82843E-01-7.58611E+01-2.47768E+00 2.32024E+00-6.40282E+01
 -1       979-8.09371E+00-2.52820E+00-3.85908E+01-2.32389E+00 3.99737E+00-3.66854E+01
 -1       980-8.19464E+00-1.73510E+00 2.66645E+01-2.39967E+00 1.10864E+01-2.01394E+01
 -1       981-1.80229E+00 1.24101E+00-7.31630E+01 5.64673E-01-6.48851E+00 4.32026E+01
 -1       982-1.53614E+01 2.25314E+00-7.67984E+01-3.86606E-01 3.74510E+00 5.96205E+01
 -1       983-3.06350E+01-4.12312E-01-1.07640E+02-1.87480E+00 8.25067E+00 7.98618E+01
 -1       984-3.07049E+01-8.65875E-01-1.55523E+02-2.68207E+00 1.27178E+01 8.39454E+01
 -1       985-2.54038E+01-1.10595E+00-2.09638E+02-2.89790E+00 1.69308E+01 8.02854E+01
 -1       986-1.78752E+01-1.87221E+00-2.62801E+02-2.56906E+00 2.07345E+01 6.76060E+01
 -1       987-1.03273E+01-2.67710E+00-3.05619E+02-1.76128E+00 2.36017E+01 4.54597E+01
 -1       988-5.81320E+00-3.27078E+00-3.29473E+02-6.24244E-01 2.52004E+01 1.60509E+01
 -1       989-5.81328E+00-3.27086E+00-3.29473E+02 6.23923E-01 2.52004E+01-1.60546E+01
 -1       990-1.03271E+01-2.67687E+00-3.05618E+02 1.76110E+00 2.36017E+01-4.54634E+01
 -1       991-1.78750E+01-1.87200E+00-2.62800E+02 2.56889E+00 2.07344E+01-6.76095E+01
 -1       992-2.54037E+01-1.10577E+00-2.09637E+02 2.89786E+00 1.69307E+01-8.02887E+01
 -1       993-3.07048E+01-8.65442E-01-1.55522E+02 2.68199E+00 1.27173E+01-8.39485E+01
 -1       994-3.06354E+01-4.12064E-01-1.07640E+02 1.87486E+00 8.24993E+00-7.98646E+01
 -1       995-1.53616E+01 2.25356E+00-7.67995E+01 3.86619E-01 3.74400E+00-5.96225E+01
 -1       996-1.80214E+00 1.24149E+00-7.31665E+01-5.64674E-01-6.48997E+00-4.32039E+01
 -1       997 6.00154E-02-6.40363E+00-6.54067E+01-9.04243E-01-5.64293E+00 3.27828E+01
 -1       998-1.27450E+01-5.59908E+00-7.02634E+01-1.09154E+00 2.23793E+00 4.51400E+01
 -1       999-2.83218E+01-1.00757E+01-9.63634E+01-1.27068E+00 6.89184E+00 6.08735E+01
 -1      1000-3.16621E+01-1.40984E+01-1.38377E+02-1.45077E+00 1.12783E+01 6.46743E+01
 -1      1001-3.03398E+01-1.79934E+01-1.85994E+02-1.56390E+00 1.53471E+01 6.22498E+01
 -1      1002-2.68805E+01-2.19312E+01-2.32954E+02-1.43936E+00 1.89256E+01 5.26332E+01
 -1      1003-2.28166E+01-2.50990E+01-2.70842E+02-1.02134E+00 2.16522E+01 3.54633E+01
 -1      1004-2.02089E+01-2.68352E+01-2.91766E+02-3.80992E-01 2.31437E+01 1.25218E+01
 -1      1005-2.02088E+01-2.68350E+01-2.91766E+02 3.80612E-01 2.31437E+01-1.25247E+01
 -1      1006-2.28168E+01-2.50988E+01-2.70842E+02 1.02101E+00 2.16522E+01-3.54661E+01
 -1      1007-2.68807E+01-2.19308E+01-2.32955E+02 1.43915E+00 1.89255E+01-5.26360E+01
 -1      1008-3.03401E+01-1.79930E+01-1.85995E+02 1.56377E+00 1.53467E+01-6.22523E+01
 -1      1009-3.16627E+01-1.40980E+01-1.38378E+02 1.45080E+00 1.12775E+01-6.46768E+01
 -1      1010-2.83222E+01-1.00751E+01-9.63649E+01 1.27077E+00 6.89062E+00-6.08757E+01
 -1      1011-1.27452E+01-5.59834E+00-7.02663E+01 1.09168E+00 2.23625E+00-4.51416E+01
 -1      1012 6.02904E-02-6.40278E+00-6.54118E+01 9.04389E-01-5.64514E+00-3.27840E+01
 -1      1013-1.51444E+00-1.53723E+01-5.09182E+01-7.86105E-01-4.60538E+00 3.03776E+01
 -1      1014-1.38942E+01-1.57922E+01-5.97856E+01-1.32563E+00 4.18632E-01 4.12462E+01
 -1      1015-3.00289E+01-2.25943E+01-8.63368E+01-1.71842E+00 3.84224E+00 5.49368E+01
 -1      1016-3.49905E+01-3.01077E+01-1.26368E+02-1.79773E+00 7.02177E+00 5.82488E+01
 -1      1017-3.56053E+01-3.79992E+01-1.71346E+02-1.76747E+00 9.91970E+00 5.62506E+01
 -1      1018-3.38836E+01-4.56153E+01-2.15542E+02-1.54426E+00 1.24521E+01 4.77806E+01
 -1      1019-3.12805E+01-5.17141E+01-2.51413E+02-1.07374E+00 1.43696E+01 3.23125E+01
 -1      1020-2.94423E+01-5.50045E+01-2.71240E+02-3.89465E-01 1.54139E+01 1.14260E+01
 -1      1021-2.94425E+01-5.50045E+01-2.71240E+02 3.89036E-01 1.54137E+01-1.14277E+01
 -1      1022-3.12806E+01-5.17138E+01-2.51414E+02 1.07327E+00 1.43692E+01-3.23143E+01
 -1      1023-3.38838E+01-4.56148E+01-2.15544E+02 1.54394E+00 1.24514E+01-4.77823E+01
 -1      1024-3.56057E+01-3.79987E+01-1.71348E+02 1.76721E+00 9.91852E+00-5.62525E+01
 -1      1025-3.49908E+01-3.01070E+01-1.26370E+02 1.79771E+00 7.02017E+00-5.82506E+01
 -1      1026-3.00294E+01-2.25937E+01-8.63395E+01 1.71843E+00 3.84004E+00-5.49386E+01
 -1      1027-1.38942E+01-1.57913E+01-5.97887E+01 1.32573E+00 4.15811E-01-4.12476E+01
 -1      1028-1.51425E+00-1.53713E+01-5.09230E+01 7.86188E-01-4.60919E+00-3.03786E+01
 -1      1029-2.55259E+00-1.62659E+01-4.32091E+01-2.39432E-01-1.55275E+00 2.88055E+01
 -1      1030-1.41853E+01-1.80092E+01-5.39487E+01-4.75433E-01-5.61002E-02 3.91590E+01
 -1      1031-2.98325E+01-2.54229E+01-8.11194E+01-6.31832E-01 1.04613E+00 5.22213E+01
 -1      1032-3.53415E+01-3.36480E+01-1.20878E+02-6.64740E-01 2.08486E+00 5.54550E+01
 -1      1033-3.66425E+01-4.23672E+01-1.65228E+02-6.28011E-01 3.02729E+00 5.37218E+01
 -1      1034-3.55681E+01-5.08621E+01-2.08847E+02-5.34784E-01 3.85147E+00 4.57851E+01
 -1      1035-3.33743E+01-5.76336E+01-2.44166E+02-3.67589E-01 4.47050E+00 3.10364E+01
 -1      1036-3.17646E+01-6.13138E+01-2.63692E+02-1.28566E-01 4.80538E+00 1.09927E+01
 -1      1037-3.17648E+01-6.13139E+01-2.63692E+02 1.28117E-01 4.80514E+00-1.09933E+01
 -1      1038-3.33743E+01-5.76334E+01-2.44167E+02 3.67233E-01 4.46964E+00-3.10371E+01
 -1      1039-3.55683E+01-5.08619E+01-2.08848E+02 5.34372E-01 3.85011E+00-4.57857E+01
 -1      1040-3.66426E+01-4.23670E+01-1.65229E+02 6.27724E-01 3.02544E+00-5.37225E+01
 -1      1041-3.53416E+01-3.36477E+01-1.20879E+02 6.64411E-01 2.08241E+00-5.54557E+01
 -1      1042-2.98329E+01-2.54228E+01-8.11209E+01 6.31722E-01 1.04318E+00-5.22220E+01
 -1      1043-1.41852E+01-1.80088E+01-5.39501E+01 4.75409E-01-5.97955E-02-3.91596E+01
 -1      1044-2.55253E+00-1.62653E+01-4.32111E+01 2.39383E-01-1.55785E+00-2.88059E+01
 -1      1045-2.55253E+00-1.62653E+01-4.32111E+01 2.39383E-01 1.55785E+00 2.88059E+01
 -1      1046-1.41852E+01-1.80088E+01-5.39501E+01 4.75409E-01 5.97955E-02 3.91596E+01
 -1      1047-2.98329E+01-2.54228E+01-8.11209E+01 6.31722E-01-1.04318E+00 5.22220E+01
 -1      1048-3.53416E+01-3.36477E+01-1.20879E+02 6.64411E-01-2.08241E+00 5.54557E+01
 -1      1049-3.66426E+01-4.23670E+01-1.65229E+02 6.27724E-01-3.02544E+00 5.37225E+01
 -1      1050-3.55683E+01-5.08619E+01-2.08848E+02 5.34372E-01-3.85011E+00 4.57857E+01
 -1      1051-3.33743E+01-5.76334E+01-2.44167E+02 3.67233E-01-4.46964E+00 3.10371E+01
 -1      1052-3.17648E+01-6.13139E+01-2.63692E+02 1.28117E-01-4.80514E+00 1.09933E+01
 -1      1053-3.17646E+01-6.13138E+01-2.63692E+02-1.28566E-01-4.80538E+00-1.09927E+01
 -1      1054-3.33743E+01-5.76336E+01-2.44166E+02-3.67589E-01-4.47050E+00-3.10364E+01
 -1      1055-3.55681E+01-5.08621E+01-2.08847E+02-5.34784E-01-3.85147E+00-4.57851E+01
 -1      1056-3.66425E+01-4.23672E+01-1.65228E+02-6.28011E-01-3.02729E+00-5.37218E+01
 -1      1057-3.53415E+01-3.36480E+01-1.20878E+02-6.64740E-01-2.08486E+00-5.54550E+01
 -1      1058-2.98325E+01-2.54229E+01-8.11194E+01-6.31832E-01-1.04613E+00-5.22213E+01
 -1      1059-1.41853E+01-1.80092E+01-5.39487E+01-4.75433E-01 5.61002E-02-3.91590E+01
 -1      1060-2.55259E+00-1.62659E+01-4.32091E+01-2.39432E-01 1.55275E+00-2.88055E+01
 -1      1061-1.51425E+00-1.53713E+01-5.09230E+01 7.86188E-01 4.60919E+00 3.03786E+01
 -1      1062-1.38942E+01-1.57913E+01-5.97887E+01 1.32573E+00-4.15811E-01 4.12476E+01
 -1      1063-3.00294E+01-2.25937E+01-8.63395E+01 1.71843E+00-3.84004E+00 5.49386E+01
 -1      1064-3.49908E+01-3.01070E+01-1.26370E+02 1.79771E+00-7.02017E+00 5.82506E+01
 -1      1065-3.56057E+01-3.79987E+01-1.71348E+02 1.76721E+00-9.91852E+00 5.62525E+01
 -1      1066-3.38838E+01-4.56148E+01-2.15544E+02 1.54394E+00-1.24514E+01 4.77823E+01
 -1      1067-3.12806E+01-5.17138E+01-2.51414E+02 1.07327E+00-1.43692E+01 3.23143E+01
 -1      1068-2.94425E+01-5.50045E+01-2.71240E+02 3.89036E-01-1.54137E+01 1.14277E+01
 -1      1069-2.94423E+01-5.50045E+01-2.71240E+02-3.89465E-01-1.54139E+01-1.14260E+01
 -1      1070-3.12805E+01-5.17141E+01-2.51413E+02-1.07374E+00-1.43696E+01-3.23125E+01
 -1      1071-3.38836E+01-4.56153E+01-2.15542E+02-1.54426E+00-1.24521E+01-4.77806E+01
 -1      1072-3.56053E+01-3.79992E+01-1.71346E+02-1.76747E+00-9.91970E+00-5.62506E+01
 -1      1073-3.49905E+01-3.01077E+01-1.26368E+02-1.79773E+00-7.02177E+00-5.82488E+01
 -1      1074-3.00289E+01-2.25943E+01-8.63368E+01-1.71842E+00-3.84224E+00-5.49368E+01
 -1      1075-1.38942E+01-1.57922E+01-5.97856E+01-1.32563E+00-4.18632E-01-4.12462E+01
 -1      1076-1.51444E+00-1.53723E+01-5.09182E+01-7.86105E-01 4.60538E+00-3.03776E+01
 -1      1077 6.02904E-02-6.40278E+00-6.54118E+01 9.04389E-01 5.64514E+00 3.27840E+01
 -1      1078-1.27452E+01-5.59834E+00-7.02663E+01 1.09168E+00-2.23625E+00 4.51416E+01
 -1      1079-2.83222E+01-1.00751E+01-9.63649E+01 1.27077E+00-6.89062E+00 6.08757E+01
 -1      1080-3.16627E+01-1.40980E+01-1.38378E+02 1.45080E+00-1.12775E+01 6.46768E+01
 -1      1081-3.03401E+01-1.79930E+01-1.85995E+02 1.56377E+00-1.53467E+01 6.22523E+01
 -1      1082-2.68807E+01-2.19308E+01-2.32955E+02 1.43915E+00-1.89255E+01 5.26360E+01
 -1      1083-2.28168E+01-2.50988E+01-2.70842E+02 1.02101E+00-2.16522E+01 3.54661E+01
 -1      1084-2.02088E+01-2.68350E+01-2.91766E+02 3.80612E-01-2.31437E+01 1.25247E+01
 -1      1085-2.02089E+01-2.68352E+01-2.91766E+02-3.80992E-01-2.31437E+01-1.25218E+01
 -1      1086-2.28166E+01-2.50990E+01-2.70842E+02-1.02134E+00-2.16522E+01-3.54633E+01
 -1      1087-2.68805E+01-2.19312E+01-2.32954E+02-1.43936E+00-1.89256E+01-5.26332E+01
 -1      1088-3.03398E+01-1.79934E+01-1.85994E+02-1.56390E+00-1.53471E+01-6.22498E+01
 -1      1089-3.16621E+01-1.40984E+01-1.38377E+02-1.45077E+00-1.12783E+01-6.46743E+01
 -1      1090-2.83218E+01-1.00757E+01-9.63634E+01-1.27068E+00-6.89184E+00-6.08735E+01
 -1      1091-1.27450E+01-5.59908E+00-7.02634E+01-1.09154E+00-2.23793E+00-4.51400E+01
 -1      1092 6.00154E-02-6.40363E+00-6.54067E+01-9.04243E-01 5.64293E+00-3.27828E+01
 -1      1093-1.80214E+00 1.24149E+00-7.31665E+01-5.64674E-01 6.48997E+00 4.32039E+01
 -1      1094-1.53616E+01 2.25356E+00-7.67995E+01 3.86619E-01-3.74400E+00 5.96225E+01
 -1      1095-3.06354E+01-4.12064E-01-1.07640E+02 1.87486E+00-8.24993E+00 7.98646E+01
 -1      1096-3.07048E+01-8.65442E-01-1.55522E+02 2.68199E+00-1.27173E+01 8.39485E+01
 -1      1097-2.54037E+01-1.10577E+00-2.09637E+02 2.89786E+00-1.69307E+01 8.02887E+01
 -1      1098-1.78750E+01-1.87200E+00-2.62800E+02 2.56889E+00-2.07344E+01 6.76095E+01
 -1      1099-1.03271E+01-2.67687E+00-3.05618E+02 1.76110E+00-2.36017E+01 4.54634E+01
 -1      1100-5.81328E+00-3.27086E+00-3.29473E+02 6.23923E-01-2.52004E+01 1.60546E+01
 -1      1101-5.81320E+00-3.27078E+00-3.29473E+02-6.24244E-01-2.52004E+01-1.60509E+01
 -1      1102-1.03273E+01-2.67710E+00-3.05619E+02-1.76128E+00-2.36017E+01-4.54597E+01
 -1      1103-1.78752E+01-1.87221E+00-2.62801E+02-2.56906E+00-2.07345E+01-6.76060E+01
 -1      1104-2.54038E+01-1.10595E+00-2.09638E+02-2.89790E+00-1.69308E+01-8.02854E+01
 -1      1105-3.07049E+01-8.65875E-01-1.55523E+02-2.68207E+00-1.27178E+01-8.39454E+01
 -1      1106-3.06350E+01-4.12312E-01-1.07640E+02-1.87480E+00-8.25067E+00-7.98618E+01
 -1      1107-1.53614E+01 2.25314E+00-7.67984E+01-3.86606E-01-3.74510E+00-5.96205E+01
 -1      1108-1.80229E+00 1.24101E+00-7.31630E+01 5.64673E-01 6.48851E+00-4.32026E+01
 -1      1109-5.18224E+01-5.81189E+01-1.55277E+02 1.09670E+00 1.66418E+00 6.16381E+01
 -1      1110-4.69755E+01-3.72949E+01-9.22169E+01 1.36663E+00 9.32910E+00 7.16554E+01
 -1      1111-5.32993E+01-4.76608E+01-1.25795E+02 1.82837E+00 1.68150E+01 8.32428E+01
 -1      1112-7.31485E+01-6.62552E+01-1.75672E+02 2.05170E+00 2.41616E+01 8.34099E+01
 -1      1113-9.53610E+01-8.73279E+01-2.31147E+02 1.97975E+00 3.13810E+01 7.69153E+01
 -1      1114-1.16267E+02-1.07217E+02-2.82904E+02 1.63881E+00 3.77899E+01 6.27076E+01
 -1      1115-1.32510E+02-1.22808E+02-3.23270E+02 1.07681E+00 4.26407E+01 4.12330E+01
 -1      1116-1.41403E+02-1.31382E+02-3.45412E+02 3.75412E-01 4.52406E+01 1.43941E+01
 -1      1117-1.41403E+02-1.31382E+02-3.45412E+02-3.75402E-01 4.52405E+01-1.43975E+01
 -1      1118-1.32510E+02-1.22808E+02-3.23270E+02-1.07681E+00 4.26406E+01-4.12364E+01
 -1      1119-1.16267E+02-1.07217E+02-2.82903E+02-1.63879E+00 3.77896E+01-6.27109E+01
 -1      1120-9.53606E+01-8.73278E+01-2.31146E+02-1.97972E+00 3.13805E+01-7.69184E+01
 -1      1121-7.31481E+01-6.62551E+01-1.75671E+02-2.05164E+00 2.41609E+01-8.34128E+01
 -1      1122-5.32990E+01-4.76608E+01-1.25794E+02-1.82831E+00 1.68140E+01-8.32455E+01
 -1      1123-4.69760E+01-3.72956E+01-9.22170E+01-1.36653E+00 9.32781E+00-7.16576E+01
 -1      1124-5.18238E+01-5.81212E+01-1.55282E+02-1.09663E+00 1.66278E+00-6.16398E+01
 -1      1125-4.51971E+01-5.45231E+01-1.34419E+02 6.48901E-02-2.63906E-01 4.97881E+01
 -1      1126-4.17183E+01-3.67336E+01-7.69671E+01-1.00715E-01 6.19144E+00 5.83239E+01
 -1      1127-4.38062E+01-4.45918E+01-9.73735E+01-4.86717E-01 1.25850E+01 6.81437E+01
 -1      1128-5.86095E+01-6.08068E+01-1.32672E+02-6.30378E-01 1.86568E+01 6.81430E+01
 -1      1129-7.57639E+01-7.93264E+01-1.73750E+02-6.36006E-01 2.44770E+01 6.28208E+01
 -1      1130-9.21028E+01-9.67682E+01-2.12663E+02-5.43559E-01 2.95883E+01 5.12059E+01
 -1      1131-1.04833E+02-1.10378E+02-2.43218E+02-3.65346E-01 3.34293E+01 3.36704E+01
 -1      1132-1.11820E+02-1.17854E+02-2.60062E+02-1.25232E-01 3.54973E+01 1.17575E+01
 -1      1133-1.11820E+02-1.17854E+02-2.60062E+02 1.25258E-01 3.54972E+01-1.17603E+01
 -1      1134-1.04833E+02-1.10377E+02-2.43218E+02 3.65374E-01 3.34290E+01-3.36731E+01
 -1      1135-9.21028E+01-9.67682E+01-2.12663E+02 5.43569E-01 2.95879E+01-5.12085E+01
 -1      1136-7.57641E+01-7.93264E+01-1.73750E+02 6.36022E-01 2.44763E+01-6.28233E+01
 -1      1137-5.86098E+01-6.08070E+01-1.32673E+02 6.30375E-01 1.86557E+01-6.81454E+01
 -1      1138-4.38069E+01-4.45923E+01-9.73753E+01 4.86718E-01 1.25836E+01-6.81459E+01
 -1      1139-4.17198E+01-3.67347E+01-7.69701E+01 1.00702E-01 6.18958E+00-5.83258E+01
 -1      1140-4.51993E+01-5.45257E+01-1.34426E+02-6.49050E-02-2.66116E-01-4.97897E+01
 -1      1141-3.79924E+01-4.61880E+01-1.13703E+02-2.58829E-01-2.37600E+00 4.47467E+01
 -1      1142-3.66095E+01-3.17725E+01-6.77149E+01-3.81191E-02 1.34409E+00 5.23726E+01
 -1      1143-4.00844E+01-3.94154E+01-9.05255E+01-8.57901E-02 5.44752E+00 6.10431E+01
 -1      1144-5.45447E+01-5.42878E+01-1.25747E+02-1.41234E-01 9.09888E+00 6.11340E+01
 -1      1145-7.10163E+01-7.12950E+01-1.65888E+02-1.56517E-01 1.24275E+01 5.65363E+01
 -1      1146-8.66983E+01-8.74171E+01-2.03841E+02-1.40801E-01 1.52751E+01 4.62174E+01
 -1      1147-9.89159E+01-1.00027E+02-2.33584E+02-9.66013E-02 1.73920E+01 3.04580E+01
 -1      1148-1.05645E+02-1.06994E+02-2.50033E+02-3.33522E-02 1.85297E+01 1.06538E+01
 -1      1149-1.05645E+02-1.06994E+02-2.50033E+02 3.33471E-02 1.85295E+01-1.06556E+01
 -1      1150-9.89161E+01-1.00028E+02-2.33584E+02 9.66150E-02 1.73916E+01-3.04597E+01
 -1      1151-8.66986E+01-8.74173E+01-2.03841E+02 1.40792E-01 1.52743E+01-4.62192E+01
 -1      1152-7.10168E+01-7.12953E+01-1.65889E+02 1.56520E-01 1.24263E+01-5.65379E+01
 -1      1153-5.45453E+01-5.42883E+01-1.25749E+02 1.41205E-01 9.09719E+00-6.11357E+01
 -1      1154-4.00852E+01-3.94161E+01-9.05273E+01 8.57870E-02 5.44528E+00-6.10447E+01
 -1      1155-3.66109E+01-3.17736E+01-6.77179E+01 3.80984E-02 1.34117E+00-5.23740E+01
 -1      1156-3.79944E+01-4.61902E+01-1.13709E+02 2.58850E-01-2.37959E+00-4.47480E+01
 -1      1157-3.45338E+01-4.19533E+01-1.03016E+02-1.05791E-01-1.05698E+00 4.28156E+01
 -1      1158-3.33939E+01-2.89933E+01-6.11533E+01-1.44879E-02 1.06150E-01 5.02456E+01
 -1      1159-3.76882E+01-3.73503E+01-8.49309E+01-3.71554E-02 1.37871E+00 5.85045E+01
 -1      1160-5.21937E+01-5.22534E+01-1.20069E+02-3.50763E-02 2.54709E+00 5.85894E+01
 -1      1161-6.84568E+01-6.90417E+01-1.59621E+02-3.82277E-02 3.58881E+00 5.42447E+01
 -1      1162-8.38547E+01-8.48901E+01-1.96860E+02-3.51526E-02 4.46727E+00 4.44153E+01
 -1      1163-9.58546E+01-9.72997E+01-2.26057E+02-2.52827E-02 5.11448E+00 2.93122E+01
 -1      1164-1.02456E+02-1.04149E+02-2.42194E+02-1.00967E-02 5.45958E+00 1.02585E+01
 -1      1165-1.02456E+02-1.04149E+02-2.42194E+02 1.00763E-02 5.45934E+00-1.02591E+01
 -1      1166-9.58547E+01-9.72998E+01-2.26057E+02 2.52443E-02 5.11380E+00-2.93128E+01
 -1      1167-8.38548E+01-8.48902E+01-1.96860E+02 3.51463E-02 4.46610E+00-4.44159E+01
 -1      1168-6.84570E+01-6.90419E+01-1.59622E+02 3.82008E-02 3.58713E+00-5.42453E+01
 -1      1169-5.21940E+01-5.22537E+01-1.20070E+02 3.50840E-02 2.54491E+00-5.85900E+01
 -1      1170-3.76885E+01-3.73506E+01-8.49316E+01 3.71250E-02 1.37589E+00-5.85051E+01
 -1      1171-3.33944E+01-2.89938E+01-6.11545E+01 1.44416E-02 1.02529E-01-5.02461E+01
 -1      1172-3.45347E+01-4.19542E+01-1.03018E+02 1.05783E-01-1.06156E+00-4.28161E+01
 -1      1173-3.45347E+01-4.19542E+01-1.03018E+02 1.05783E-01 1.06156E+00 4.28161E+01
 -1      1174-3.33944E+01-2.89938E+01-6.11545E+01 1.44416E-02-1.02529E-01 5.02461E+01
 -1      1175-3.76885E+01-3.73506E+01-8.49316E+01 3.71250E-02-1.37589E+00 5.85051E+01
 -1      1176-5.21940E+01-5.22537E+01-1.20070E+02 3.50840E-02-2.54491E+00 5.85900E+01
 -1      1177-6.84570E+01-6.90419E+01-1.59622E+02 3.82008E-02-3.58713E+00 5.42453E+01
 -1      1178-8.38548E+01-8.48902E+01-1.96860E+02 3.51463E-02-4.46610E+00 4.44159E+01
 -1      1179-9.58547E+01-9.72998E+01-2.26057E+02 2.52443E-02-5.11380E+00 2.93128E+01
 -1      1180-1.02456E+02-1.04149E+02-2.42194E+02 1.00763E-02-5.45934E+00 1.02591E+01
 -1      1181-1.02456E+02-1.04149E+02-2.42194E+02-1.00967E-02-5.45958E+00-1.02585E+01
 -1      1182-9.58546E+01-9.72997E+01-2.26057E+02-2.52827E-02-5.11448E+00-2.93122E+01
 -1      1183-8.38547E+01-8.48901E+01-1.96860E+02-3.51526E-02-4.46727E+00-4.44153E+01
 -1      1184-6.84568E+01-6.90417E+01-1.59621E+02-3.82277E-02-3.58881E+00-5.42447E+01
 -1      1185-5.21937E+01-5.22534E+01-1.20069E+02-3.50763E-02-2.54709E+00-5.85894E+01
 -1      1186-3.76882E+01-3.73503E+01-8.49309E+01-3.71554E-02-1.37871E+00-5.85045E+01
 -1      1187-3.33939E+01-2.89933E+01-6.11533E+01-1.44879E-02-1.06150E-01-5.02456E+01
 -1      1188-3.45338E+01-4.19533E+01-1.03016E+02-1.05791E-01 1.05698E+00-4.28156E+01
 -1      1189-3.79944E+01-4.61902E+01-1.13709E+02 2.58850E-01 2.37959E+00 4.47480E+01
 -1      1190-3.66109E+01-3.17736E+01-6.77179E+01 3.80984E-02-1.34117E+00 5.23740E+01
 -1      1191-4.00852E+01-3.94161E+01-9.05273E+01 8.57870E-02-5.44528E+00 6.10447E+01
 -1      1192-5.45453E+01-5.42883E+01-1.25749E+02 1.41205E-01-9.09719E+00 6.11357E+01
 -1      1193-7.10168E+01-7.12953E+01-1.65889E+02 1.56520E-01-1.24263E+01 5.65379E+01
 -1      1194-8.66986E+01-8.74173E+01-2.03841E+02 1.40792E-01-1.52743E+01 4.62192E+01
 -1      1195-9.89161E+01-1.00028E+02-2.33584E+02 9.66150E-02-1.73916E+01 3.04597E+01
 -1      1196-1.05645E+02-1.06994E+02-2.50033E+02 3.33471E-02-1.85295E+01 1.06556E+01
 -1      1197-1.05645E+02-1.06994E+02-2.50033E+02-3.33522E-02-1.85297E+01-1.06538E+01
 -1      1198-9.89159E+01-1.00027E+02-2.33584E+02-9.66013E-02-1.73920E+01-3.04580E+01
 -1      1199-8.66983E+01-8.74171E+01-2.03841E+02-1.40801E-01-1.52751E+01-4.62174E+01
 -1      1200-7.10163E+01-7.12950E+01-1.65888E+02-1.56517E-01-1.24275E+01-5.65363E+01
 -1      1201-5.45447E+01-5.42878E+01-1.25747E+02-1.41234E-01-9.09888E+00-6.11340E+01
 -1      1202-4.00844E+01-3.94154E+01-9.05255E+01-8.57901E-02-5.44752E+00-6.10431E+01
 -1      1203-3.66095E+01-3.17725E+01-6.77149E+01-3.81191E-02-1.34409E+00-5.23726E+01
 -1      1204-3.79924E+01-4.61880E+01-1.13703E+02-2.58829E-01 2.37600E+00-4.47467E+01
 -1      1205-4.51993E+01-5.45257E+01-1.34426E+02-6.49050E-02 2.66116E-01 4.97897E+01
 -1      1206-4.17198E+01-3.67347E+01-7.69701E+01 1.00702E-01-6.18958E+00 5.83258E+01
 -1      1207-4.38069E+01-4.45923E+01-9.73753E+01 4.86718E-01-1.25836E+01 6.81459E+01
 -1      1208-5.86098E+01-6.08070E+01-1.32673E+02 6.30375E-01-1.86557E+01 6.81454E+01
 -1      1209-7.57641E+01-7.93264E+01-1.73750E+02 6.36022E-01-2.44763E+01 6.28233E+01
 -1      1210-9.21028E+01-9.67682E+01-2.12663E+02 5.43569E-01-2.95879E+01 5.12085E+01
 -1      1211-1.04833E+02-1.10377E+02-2.43218E+02 3.65374E-01-3.34290E+01 3.36731E+01
 -1      1212-1.11820E+02-1.17854E+02-2.60062E+02 1.25258E-01-3.54972E+01 1.17603E+01
 -1      1213-1.11820E+02-1.17854E+02-2.60062E+02-1.25232E-01-3.54973E+01-1.17575E+01
 -1      1214-1.04833E+02-1.10378E+02-2.43218E+02-3.65346E-01-3.34293E+01-3.36704E+01
 -1      1215-9.21028E+01-9.67682E+01-2.12663E+02-5.43559E-01-2.95883E+01-5.12059E+01
 -1      1216-7.57639E+01-7.93264E+01-1.73750E+02-6.36006E-01-2.44770E+01-6.28208E+01
 -1      1217-5.86095E+01-6.08068E+01-1.32672E+02-6.30378E-01-1.86568E+01-6.81430E+01
 -1      1218-4.38062E+01-4.45918E+01-9.73735E+01-4.86717E-01-1.25850E+01-6.81437E+01
 -1      1219-4.17183E+01-3.67336E+01-7.69671E+01-1.00715E-01-6.19144E+00-5.83239E+01
 -1      1220-4.51971E+01-5.45231E+01-1.34419E+02 6.48901E-02 2.63906E-01-4.97881E+01
 -1      1221-5.18238E+01-5.81212E+01-1.55282E+02-1.09663E+00-1.66278E+00 6.16398E+01
 -1      1222-4.69760E+01-3.72956E+01-9.22170E+01-1.36653E+00-9.32781E+00 7.16576E+01
 -1      1223-5.32990E+01-4.76608E+01-1.25794E+02-1.82831E+00-1.68140E+01 8.32455E+01
 -1      1224-7.31481E+01-6.62551E+01-1.75671E+02-2.05164E+00-2.41609E+01 8.34128E+01
 -1      1225-9.53606E+01-8.73278E+01-2.31146E+02-1.97972E+00-3.13805E+01 7.69184E+01
 -1      1226-1.16267E+02-1.07217E+02-2.82903E+02-1.63879E+00-3.77896E+01 6.27109E+01
 -1      1227-1.32510E+02-1.22808E+02-3.23270E+02-1.07681E+00-4.26406E+01 4.12364E+01
 -1      1228-1.41403E+02-1.31382E+02-3.45412E+02-3.75402E-01-4.52405E+01 1.43975E+01
 -1      1229-1.41403E+02-1.31382E+02-3.45412E+02 3.75412E-01-4.52406E+01-1.43941E+01
 -1      1230-1.32510E+02-1.22808E+02-3.23270E+02 1.07681E+00-4.26407E+01-4.12330E+01
 -1      1231-1.16267E+02-1.07217E+02-2.82904E+02 1.63881E+00-3.77899E+01-6.27076E+01
 -1      1232-9.53610E+01-8.73279E+01-2.31147E+02 1.97975E+00-3.13810E+01-7.69153E+01
 -1      1233-7.31485E+01-6.62552E+01-1.75672E+02 2.05170E+00-2.41616E+01-8.34099E+01
 -1      1234-5.32993E+01-4.76608E+01-1.25795E+02 1.82837E+00-1.68150E+01-8.32428E+01
 -1      1235-4.69755E+01-3.72949E+01-9.22169E+01 1.36663E+00-9.32910E+00-7.16554E+01
 -1      1236-5.18224E+01-5.81189E+01-1.55277E+02 1.09670E+00-1.66418E+00-6.16381E+01
 -3
    1PSTEP                        11           3           1          
  100CL  103 1.000000000          64                     0    3           1
 -4  CONTACT     6    1
 -5  COPEN       1    1    0    0
 -5  CSLIP1      1    1    0    0
 -5  CSLIP2      1    1    0    0
 -5  CPRESS      1    1    0    0
 -5  CSHEAR1     1    1    0    0
 -5  CSHEAR2     1    1    0    0
 -1       592-3.43112E-05 0.00000E+00 0.00000E+00 3.13834E+01 0.00000E+00 0.00000E+00
 -1       591-3.83096E-04 0.00000E+00 0.00000E+00 3.80096E+02 0.00000E+00 0.00000E+00
 -1       590-5.59379E-04 0.00000E+00 0.00000E+00 5.56379E+02 0.00000E+00 0.00000E+00
 -1       589-5.70129E-04 0.00000E+00 0.00000E+00 5.67130E+02 0.00000E+00 0.00000E+00
 -1       588-5.70128E-04 0.00000E+00 0.00000E+00 5.67128E+02 0.00000E+00 0.00000E+00
 -1       587-5.59375E-04 0.00000E+00 0.00000E+00 5.56375E+02 0.00000E+00 0.00000E+00
 -1       586-3.83103E-04 0.00000E+00 0.00000E+00 3.80103E+02 0.00000E+00 0.00000E+00
 -1       585-3.43222E-05 0.00000E+00 0.00000E+00 3.13943E+01 0.00000E+00 0.00000E+00
 -1       576 2.75638E-04 0.00000E+00 0.00000E+00-2.99883E+00 0.00000E+00 0.00000E+00
 -1       575-3.17678E-04 0.00000E+00 0.00000E+00 3.14678E+02 0.00000E+00 0.00000E+00
 -1       574-4.97554E-04 0.00000E+00 0.00000E+00 4.94555E+02 0.00000E+00 0.00000E+00
 -1       573-4.86362E-04 0.00000E+00 0.00000E+00 4.83363E+02 0.00000E+00 0.00000E+00
 -1       572-4.86361E-04 0.00000E+00 0.00000E+00 4.83361E+02 0.00000E+00 0.00000E+00
 -1       571-4.97550E-04 0.00000E+00 0.00000E+00 4.94550E+02 0.00000E+00 0.00000E+00
 -1       570-3.17598E-04 0.00000E+00 0.00000E+00 3.14599E+02 0.00000E+00 0.00000E+00
 -1       569 2.75551E-04 0.00000E+00 0.00000E+00-2.99883E+00 0.00000E+00 0.00000E+00
 -1       560 7.79789E-04 0.00000E+00 0.00000E+00-2.99985E+00 0.00000E+00 0.00000E+00
 -1       559-2.67869E-04 0.00000E+00 0.00000E+00 2.64870E+02 0.00000E+00 0.00000E+00
 -1       558-4.40746E-04 0.00000E+00 0.00000E+00 4.37747E+02 0.00000E+00 0.00000E+00
 -1       557-4.10293E-04 0.00000E+00 0.00000E+00 4.07293E+02 0.00000E+00 0.00000E+00
 -1       556-4.10294E-04 0.00000E+00 0.00000E+00 4.07295E+02 0.00000E+00 0.00000E+00
 -1       555-4.40747E-04 0.00000E+00 0.00000E+00 4.37748E+02 0.00000E+00 0.00000E+00
 -1       554-2.67950E-04 0.00000E+00 0.00000E+00 2.64951E+02 0.00000E+00 0.00000E+00
 -1       553 7.80030E-04 0.00000E+00 0.00000E+00-2.99985E+00 0.00000E+00 0.00000E+00
 -1       544 2.50065E-04 0.00000E+00 0.00000E+00-2.99858E+00 0.00000E+00 0.00000E+00
 -1       543-3.09156E-04 0.00000E+00 0.00000E+00 3.06157E+02 0.00000E+00 0.00000E+00
 -1       542-4.92770E-04 0.00000E+00 0.00000E+00 4.89770E+02 0.00000E+00 0.00000E+00
 -1       541-4.71506E-04 0.00000E+00 0.00000E+00 4.68506E+02 0.00000E+00 0.00000E+00
 -1       540-4.71507E-04 0.00000E+00 0.00000E+00 4.68507E+02 0.00000E+00 0.00000E+00
 -1       539-4.92770E-04 0.00000E+00 0.00000E+00 4.89770E+02 0.00000E+00 0.00000E+00
 -1       538-3.09231E-04 0.00000E+00 0.00000E+00 3.06232E+02 0.00000E+00 0.00000E+00
 -1       537 2.50322E-04 0.00000E+00 0.00000E+00-2.99858E+00 0.00000E+00 0.00000E+00
 -1       528 2.50322E-04 0.00000E+00 0.00000E+00-2.99858E+00 0.00000E+00 0.00000E+00
 -1       527-3.09231E-04 0.00000E+00 0.00000E+00 3.06232E+02 0.00000E+00 0.00000E+00
 -1       526-4.92770E-04 0.00000E+00 0.00000E+00 4.89770E+02 0.00000E+00 0.00000E+00
 -1       525-4.71507E-04 0.00000E+00 0.00000E+00 4.68507E+02 0.00000E+00 0.00000E+00
 -1       524-4.71506E-04 0.00000E+00 0.00000E+00 4.68506E+02 0.00000E+00 0.00000E+00
 -1       523-4.92770E-04 0.00000E+00 0.00000E+00 4.89770E+02 0.00000E+00 0.00000E+00
 -1       522-3.09156E-04 0.00000E+00 0.00000E+00 3.06157E+02 0.00000E+00 0.00000E+00
 -1       521 2.50065E-04 0.00000E+00 0.00000E+00-2.99858E+00 0.00000E+00 0.00000E+00
 -1       512 7.80030E-04 0.00000E+00 0.00000E+00-2.99985E+00 0.00000E+00 0.00000E+00
 -1       511-2.67950E-04 0.00000E+00 0.00000E+00 2.64951E+02 0.00000E+00 0.00000E+00
 -1       510-4.40747E-04 0.00000E+00 0.00000E+00 4.37748E+02 0.00000E+00 0.00000E+00
 -1       509-4.10294E-04 0.00000E+00 0.00000E+00 4.07295E+02 0.00000E+00 0.00000E+00
 -1       508-4.10293E-04 0.00000E+00 0.00000E+00 4.07293E+02 0.00000E+00 0.00000E+00
 -1       507-4.40746E-04 0.00000E+00 0.00000E+00 4.37747E+02 0.00000E+00 0.00000E+00
 -1       506-2.67869E-04 0.00000E+00 0.00000E+00 2.64870E+02 0.00000E+00 0.00000E+00
 -1       505 7.79789E-04 0.00000E+00 0.00000E+00-2.99985E+00 0.00000E+00 0.00000E+00
 -1       496 2.75551E-04 0.00000E+00 0.00000E+00-2.99883E+00 0.00000E+00 0.00000E+00
 -1       495-3.17598E-04 0.00000E+00 0.00000E+00 3.14599E+02 0.00000E+00 0.00000E+00
 -1       494-4.97550E-04 0.00000E+00 0.00000E+00 4.94550E+02 0.00000E+00 0.00000E+00
 -1       493-4.86361E-04 0.00000E+00 0.00000E+00 4.83361E+02 0.00000E+00 0.00000E+00
 -1       492-4.86362E-04 0.00000E+00 0.00000E+00 4.83363E+02 0.00000E+00 0.00000E+00
 -1       491-4.97554E-04 0.00000E+00 0.00000E+00 4.94555E+02 0.00000E+00 0.00000E+00
 -1       490-3.17678E-04 0.00000E+00 0.00000E+00 3.14678E+02 0.00000E+00 0.00000E+00
 -1       489 2.75638E-04 0.00000E+00 0.00000E+00-2.99883E+00 0.00000E+00 0.00000E+00
 -1       480-3.43222E-05 0.00000E+00 0.00000E+00 3.13943E+01 0.00000E+00 0.00000E+00
 -1       479-3.83103E-04 0.00000E+00 0.00000E+00 3.80103E+02 0.00000E+00 0.00000E+00
 -1       478-5.59375E-04 0.00000E+00 0.00000E+00 5.56375E+02 0.00000E+00 0.00000E+00
 -1       477-5.70128E-04 0.00000E+00 0.00000E+00 5.67128E+02 0.00000E+00 0.00000E+00
 -1       476-5.70129E-04 0.00000E+00 0.00000E+00 5.67130E+02 0.00000E+00 0.00000E+00
 -1       475-5.59379E-04 0.00000E+00 0.00000E+00 5.56379E+02 0.00000E+00 0.00000E+00
 -1       474-3.83096E-04 0.00000E+00 0.00000E+00 3.80096E+02 0.00000E+00 0.00000E+00
 -1       473-3.43112E-05 0.00000E+00 0.00000E+00 3.13834E+01 0.00000E+00 0.00000E+00
 -3
    1PSTEP                        12           3           1          
  100CL  103 1.000000000        1236                     0    3           1
 -4  ERROR       1    1
 -5  STR(%)      1    1    0    0
 -1         1 4.50549E+01
 -1         2 4.50549E+01
 -1         3 4.29748E+01
 -1         4 3.76596E+01
 -1         5 3.22362E+01
 -1         6 2.90025E+01
 -1         7 1.48955E+01
 -1         8 2.90037E+01
 -1         9 3.22372E+01
 -1        10 3.76608E+01
 -1        11 4.29778E+01
 -1        12 4.50570E+01
 -1        13 4.50570E+01
 -1        14 4.50549E+01
 -1        15 4.50549E+01
 -1        16 5.01226E+01
 -1        17 5.01226E+01
 -1        18 4.98779E+01
 -1        19 4.56841E+01
 -1        20 3.09189E+01
 -1        21 4.56845E+01
 -1        22 4.98786E+01
 -1        23 5.01243E+01
 -1        24 5.01243E+01
 -1        25 4.50570E+01
 -1        26 4.50570E+01
 -1        27 4.53480E+01
 -1        28 5.86651E+01
 -1        29 5.86651E+01
 -1        30 5.01226E+01
 -1        31 4.98779E+01
 -1        32 4.56841E+01
 -1        33 3.09189E+01
 -1        34 4.56845E+01
 -1        35 4.98786E+01
 -1        36 5.01243E+01
 -1        37 5.86705E+01
 -1        38 5.86705E+01
 -1        39 4.53478E+01
 -1        40 4.60122E+01
 -1        41 6.40682E+01
 -1        42 6.40682E+01
 -1        43 4.58228E+01
 -1        44 3.78252E+01
 -1        45 3.49872E+01
 -1        46 1.80491E+01
 -1        47 3.49876E+01
 -1        48 3.78261E+01
 -1        49 4.58231E+01
 -1        50 6.40717E+01
 -1        51 6.40717E+01
 -1        52 4.60097E+01
 -1        53 4.60122E+01
 -1        54 6.40717E+01
 -1        55 6.40717E+01
 -1        56 3.92594E+01
 -1        57 2.77772E+01
 -1        58 2.60976E+01
 -1        59 6.49496E+00
 -1        60 2.60976E+01
 -1        61 2.77772E+01
 -1        62 3.92594E+01
 -1        63 6.40717E+01
 -1        64 6.40717E+01
 -1        65 4.60122E+01
 -1        66 4.60097E+01
 -1        67 6.40717E+01
 -1        68 6.40717E+01
 -1        69 4.58231E+01
 -1        70 3.78261E+01
 -1        71 3.49876E+01
 -1        72 1.80491E+01
 -1        73 3.49872E+01
 -1        74 3.78252E+01
 -1        75 4.58228E+01
 -1        76 6.40682E+01
 -1        77 6.40682E+01
 -1        78 4.60122E+01
 -1        79 4.53478E+01
 -1        80 5.86705E+01
 -1        81 5.86705E+01
 -1        82 5.01243E+01
 -1        83 4.98786E+01
 -1        84 4.56845E+01
 -1        85 3.09189E+01
 -1        86 4.56841E+01
 -1        87 4.98779E+01
 -1        88 5.01226E+01
 -1        89 5.86651E+01
 -1        90 5.86651E+01
 -1        91 4.53480E+01
 -1        92 4.50570E+01
 -1        93 4.50570E+01
 -1        94 5.01243E+01
 -1        95 5.01243E+01
 -1        96 4.98786E+01
 -1        97 4.56845E+01
 -1        98 3.09189E+01
 -1        99 4.56841E+01
 -1       100 4.98779E+01
 -1       101 5.01226E+01
 -1       102 5.01226E+01
 -1       103 4.50549E+01
 -1       104 4.50549E+01
 -1       105 4.50570E+01
 -1       106 4.50570E+01
 -1       107 4.29778E+01
 -1       108 3.76608E+01
 -1       109 3.22372E+01
 -1       110 2.90037E+01
 -1       111 1.48955E+01
 -1       112 2.90025E+01
 -1       113 3.22362E+01
 -1       114 3.76596E+01
 -1       115 4.29748E+01
 -1       116 4.50549E+01
 -1       117 4.50549E+01
 -1       118 4.87799E+01
 -1       119 4.87799E+01
 -1       120 4.29748E+01
 -1       121 4.61339E+01
 -1       122 7.52826E+01
 -1       123 7.52826E+01
 -1       124 7.24517E+01
 -1       125 7.52817E+01
 -1       126 7.52817E+01
 -1       127 4.61378E+01
 -1       128 4.29778E+01
 -1       129 4.87836E+01
 -1       130 4.87836E+01
 -1       131 5.41598E+01
 -1       132 5.41598E+01
 -1       133 5.64937E+01
 -1       134 5.64937E+01
 -1       135 7.52826E+01
 -1       136 7.52826E+01
 -1       137 7.24517E+01
 -1       138 7.52817E+01
 -1       139 7.52817E+01
 -1       140 5.64981E+01
 -1       141 5.64981E+01
 -1       142 5.41659E+01
 -1       143 5.41659E+01
 -1       144 5.41598E+01
 -1       145 5.86651E+01
 -1       146 6.30277E+01
 -1       147 6.30277E+01
 -1       148 6.11976E+01
 -1       149 6.11976E+01
 -1       150 4.54396E+01
 -1       151 6.11981E+01
 -1       152 6.11981E+01
 -1       153 6.30319E+01
 -1       154 6.30319E+01
 -1       155 5.86705E+01
 -1       156 5.41659E+01
 -1       157 1.18930E+02
 -1       158 1.18930E+02
 -1       159 6.40682E+01
 -1       160 6.30277E+01
 -1       161 4.76216E+01
 -1       162 4.76216E+01
 -1       163 2.80686E+01
 -1       164 4.76221E+01
 -1       165 4.76221E+01
 -1       166 6.30319E+01
 -1       167 6.40717E+01
 -1       168 1.18933E+02
 -1       169 1.18933E+02
 -1       170 1.18933E+02
 -1       171 1.18933E+02
 -1       172 6.40717E+01
 -1       173 5.50565E+01
 -1       174 3.70548E+01
 -1       175 3.70548E+01
 -1       176 1.36871E+01
 -1       177 3.70548E+01
 -1       178 3.70548E+01
 -1       179 5.50565E+01
 -1       180 6.40717E+01
 -1       181 1.18933E+02
 -1       182 1.18933E+02
 -1       183 1.18933E+02
 -1       184 1.18933E+02
 -1       185 6.40717E+01
 -1       186 6.30319E+01
 -1       187 4.76221E+01
 -1       188 4.76221E+01
 -1       189 2.80686E+01
 -1       190 4.76216E+01
 -1       191 4.76216E+01
 -1       192 6.30277E+01
 -1       193 6.40682E+01
 -1       194 1.18930E+02
 -1       195 1.18930E+02
 -1       196 5.41659E+01
 -1       197 5.86705E+01
 -1       198 6.30319E+01
 -1       199 6.30319E+01
 -1       200 6.11981E+01
 -1       201 6.11981E+01
 -1       202 4.54396E+01
 -1       203 6.11976E+01
 -1       204 6.11976E+01
 -1       205 6.30277E+01
 -1       206 6.30277E+01
 -1       207 5.86651E+01
 -1       208 5.41598E+01
 -1       209 5.41659E+01
 -1       210 5.41659E+01
 -1       211 5.64981E+01
 -1       212 5.64981E+01
 -1       213 7.52817E+01
 -1       214 7.52817E+01
 -1       215 7.24517E+01
 -1       216 7.52826E+01
 -1       217 7.52826E+01
 -1       218 5.64937E+01
 -1       219 5.64937E+01
 -1       220 5.41598E+01
 -1       221 5.41598E+01
 -1       222 4.87836E+01
 -1       223 4.87836E+01
 -1       224 4.29778E+01
 -1       225 4.61378E+01
 -1       226 7.52817E+01
 -1       227 7.52817E+01
 -1       228 7.24517E+01
 -1       229 7.52826E+01
 -1       230 7.52826E+01
 -1       231 4.61339E+01
 -1       232 4.29748E+01
 -1       233 4.87799E+01
 -1       234 4.87799E+01
 -1       235 8.79051E+01
 -1       236 1.25669E+02
 -1       237 1.25669E+02
 -1       238 9.13281E+01
 -1       239 1.30233E+02
 -1       240 1.30233E+02
 -1       241 1.19561E+02
 -1       242 1.30233E+02
 -1       243 1.30233E+02
 -1       244 9.13202E+01
 -1       245 1.25660E+02
 -1       246 1.25660E+02
 -1       247 8.79100E+01
 -1       248 8.79051E+01
 -1       249 1.25669E+02
 -1       250 1.25669E+02
 -1       251 1.09272E+02
 -1       252 1.30233E+02
 -1       253 1.30233E+02
 -1       254 1.19561E+02
 -1       255 1.30233E+02
 -1       256 1.30233E+02
 -1       257 1.09274E+02
 -1       258 1.25660E+02
 -1       259 1.25660E+02
 -1       260 8.79100E+01
 -1       261 7.67064E+01
 -1       262 7.67064E+01
 -1       263 8.22661E+01
 -1       264 1.10005E+02
 -1       265 1.10005E+02
 -1       266 8.94591E+01
 -1       267 6.39407E+01
 -1       268 8.94711E+01
 -1       269 1.09997E+02
 -1       270 1.09997E+02
 -1       271 8.22739E+01
 -1       272 7.67241E+01
 -1       273 7.67241E+01
 -1       274 1.18930E+02
 -1       275 1.18930E+02
 -1       276 8.22661E+01
 -1       277 1.10005E+02
 -1       278 1.10005E+02
 -1       279 6.58483E+01
 -1       280 2.80686E+01
 -1       281 6.58294E+01
 -1       282 1.09997E+02
 -1       283 1.09997E+02
 -1       284 8.22739E+01
 -1       285 1.18933E+02
 -1       286 1.18933E+02
 -1       287 1.18933E+02
 -1       288 1.18933E+02
 -1       289 8.14849E+01
 -1       290 1.06486E+02
 -1       291 1.06486E+02
 -1       292 6.16910E+01
 -1       293 2.40126E+01
 -1       294 6.16910E+01
 -1       295 1.06486E+02
 -1       296 1.06486E+02
 -1       297 8.14849E+01
 -1       298 1.18933E+02
 -1       299 1.18933E+02
 -1       300 1.18933E+02
 -1       301 1.18933E+02
 -1       302 8.22739E+01
 -1       303 1.09997E+02
 -1       304 1.09997E+02
 -1       305 6.58294E+01
 -1       306 2.80686E+01
 -1       307 6.58483E+01
 -1       308 1.10005E+02
 -1       309 1.10005E+02
 -1       310 8.22661E+01
 -1       311 1.18930E+02
 -1       312 1.18930E+02
 -1       313 7.67241E+01
 -1       314 7.67241E+01
 -1       315 8.22739E+01
 -1       316 1.09997E+02
 -1       317 1.09997E+02
 -1       318 8.94711E+01
 -1       319 6.39407E+01
 -1       320 8.94591E+01
 -1       321 1.10005E+02
 -1       322 1.10005E+02
 -1       323 8.22661E+01
 -1       324 7.67064E+01
 -1       325 7.67064E+01
 -1       326 8.79100E+01
 -1       327 1.25660E+02
 -1       328 1.25660E+02
 -1       329 1.09274E+02
 -1       330 1.30233E+02
 -1       331 1.30233E+02
 -1       332 1.19561E+02
 -1       333 1.30233E+02
 -1       334 1.30233E+02
 -1       335 1.09272E+02
 -1       336 1.25669E+02
 -1       337 1.25669E+02
 -1       338 8.79051E+01
 -1       339 8.79100E+01
 -1       340 1.25660E+02
 -1       341 1.25660E+02
 -1       342 9.13202E+01
 -1       343 1.30233E+02
 -1       344 1.30233E+02
 -1       345 1.19561E+02
 -1       346 1.30233E+02
 -1       347 1.30233E+02
 -1       348 9.13281E+01
 -1       349 1.25669E+02
 -1       350 1.25669E+02
 -1       351 8.79051E+01
 -1       352 8.79051E+01
 -1       353 1.25669E+02
 -1       354 1.25669E+02
 -1       355 9.13281E+01
 -1       356 1.30233E+02
 -1       357 1.30233E+02
 -1       358 1.19561E+02
 -1       359 1.30233E+02
 -1       360 1.30233E+02
 -1       361 9.13202E+01
 -1       362 1.25660E+02
 -1       363 1.25660E+02
 -1       364 8.79100E+01
 -1       365 8.79051E+01
 -1       366 1.25669E+02
 -1       367 1.25669E+02
 -1       368 1.09272E+02
 -1       369 1.30233E+02
 -1       370 1.30233E+02
 -1       371 1.19561E+02
 -1       372 1.30233E+02
 -1       373 1.30233E+02
 -1       374 1.09274E+02
 -1       375 1.25660E+02
 -1       376 1.25660E+02
 -1       377 8.79100E+01
 -1       378 7.67064E+01
 -1       379 7.67064E+01
 -1       380 8.22661E+01
 -1       381 1.10005E+02
 -1       382 1.10005E+02
 -1       383 8.94591E+01
 -1       384 6.39407E+01
 -1       385 8.94711E+01
 -1       386 1.09997E+02
 -1       387 1.09997E+02
 -1       388 8.22739E+01
 -1       389 7.67241E+01
 -1       390 7.67241E+01
 -1       391 6.62448E+01
 -1       392 6.91668E+01
 -1       393 8.22661E+01
 -1       394 1.10005E+02
 -1       395 1.10005E+02
 -1       396 6.58483E+01
 -1       397 2.64405E+01
 -1       398 6.58294E+01
 -1       399 1.09997E+02
 -1       400 1.09997E+02
 -1       401 8.22739E+01
 -1       402 6.91608E+01
 -1       403 6.62477E+01
 -1       404 5.31239E+01
 -1       405 6.91668E+01
 -1       406 8.14849E+01
 -1       407 1.06486E+02
 -1       408 1.06486E+02
 -1       409 6.16910E+01
 -1       410 2.40126E+01
 -1       411 6.16910E+01
 -1       412 1.06486E+02
 -1       413 1.06486E+02
 -1       414 8.14849E+01
 -1       415 6.91668E+01
 -1       416 5.31239E+01
 -1       417 6.62477E+01
 -1       418 6.91608E+01
 -1       419 8.22739E+01
 -1       420 1.09997E+02
 -1       421 1.09997E+02
 -1       422 6.58294E+01
 -1       423 2.64405E+01
 -1       424 6.58483E+01
 -1       425 1.10005E+02
 -1       426 1.10005E+02
 -1       427 8.22661E+01
 -1       428 6.91668E+01
 -1       429 6.62448E+01
 -1       430 7.67241E+01
 -1       431 7.67241E+01
 -1       432 8.22739E+01
 -1       433 1.09997E+02
 -1       434 1.09997E+02
 -1       435 8.94711E+01
 -1       436 6.39407E+01
 -1       437 8.94591E+01
 -1       438 1.10005E+02
 -1       439 1.10005E+02
 -1       440 8.22661E+01
 -1       441 7.67064E+01
 -1       442 7.67064E+01
 -1       443 8.79100E+01
 -1       444 1.25660E+02
 -1       445 1.25660E+02
 -1       446 1.09274E+02
 -1       447 1.30233E+02
 -1       448 1.30233E+02
 -1       449 1.19561E+02
 -1       450 1.30233E+02
 -1       451 1.30233E+02
 -1       452 1.09272E+02
 -1       453 1.25669E+02
 -1       454 1.25669E+02
 -1       455 8.79051E+01
 -1       456 8.79100E+01
 -1       457 1.25660E+02
 -1       458 1.25660E+02
 -1       459 9.13202E+01
 -1       460 1.30233E+02
 -1       461 1.30233E+02
 -1       462 1.19561E+02
 -1       463 1.30233E+02
 -1       464 1.30233E+02
 -1       465 9.13281E+01
 -1       466 1.25669E+02
 -1       467 1.25669E+02
 -1       468 8.79051E+01
 -1       469 5.31718E+01
 -1       470 8.73730E+01
 -1       471 1.00090E+02
 -1       472 1.00090E+02
 -1       473 9.15251E+01
 -1       474 4.98051E+01
 -1       475 1.76590E+01
 -1       476 3.77123E+00
 -1       477 3.77004E+00
 -1       478 1.76732E+01
 -1       479 4.98763E+01
 -1       480 9.15427E+01
 -1       481 1.00100E+02
 -1       482 1.00100E+02
 -1       483 8.73715E+01
 -1       484 5.31783E+01
 -1       485 5.73466E+01
 -1       486 8.73730E+01
 -1       487 1.00090E+02
 -1       488 1.00090E+02
 -1       489 9.15251E+01
 -1       490 4.98051E+01
 -1       491 1.76590E+01
 -1       492 4.28968E+00
 -1       493 4.29058E+00
 -1       494 1.76732E+01
 -1       495 4.98763E+01
 -1       496 9.15427E+01
 -1       497 1.00100E+02
 -1       498 1.00100E+02
 -1       499 8.73715E+01
 -1       500 5.73502E+01
 -1       501 5.73466E+01
 -1       502 6.46309E+01
 -1       503 7.08717E+01
 -1       504 7.35726E+01
 -1       505 7.35726E+01
 -1       506 4.29364E+01
 -1       507 1.65779E+01
 -1       508 4.28968E+00
 -1       509 4.29058E+00
 -1       510 1.65647E+01
 -1       511 4.28928E+01
 -1       512 7.35809E+01
 -1       513 7.35809E+01
 -1       514 7.08701E+01
 -1       515 6.46370E+01
 -1       516 5.73502E+01
 -1       517 4.09216E+01
 -1       518 5.11559E+01
 -1       519 5.19891E+01
 -1       520 5.60901E+01
 -1       521 5.60901E+01
 -1       522 4.29364E+01
 -1       523 1.59360E+01
 -1       524 3.51898E+00
 -1       525 3.51946E+00
 -1       526 1.59194E+01
 -1       527 4.28928E+01
 -1       528 5.60940E+01
 -1       529 5.60940E+01
 -1       530 5.19883E+01
 -1       531 5.11575E+01
 -1       532 4.09216E+01
 -1       533 4.09216E+01
 -1       534 5.11575E+01
 -1       535 5.19883E+01
 -1       536 5.60940E+01
 -1       537 5.60940E+01
 -1       538 4.28928E+01
 -1       539 1.59194E+01
 -1       540 3.51946E+00
 -1       541 3.51898E+00
 -1       542 1.59360E+01
 -1       543 4.29364E+01
 -1       544 5.60901E+01
 -1       545 5.60901E+01
 -1       546 5.19891E+01
 -1       547 5.11559E+01
 -1       548 4.09216E+01
 -1       549 5.73502E+01
 -1       550 6.46370E+01
 -1       551 7.08701E+01
 -1       552 7.35809E+01
 -1       553 7.35809E+01
 -1       554 4.28928E+01
 -1       555 1.65647E+01
 -1       556 4.29058E+00
 -1       557 4.28968E+00
 -1       558 1.65779E+01
 -1       559 4.29364E+01
 -1       560 7.35726E+01
 -1       561 7.35726E+01
 -1       562 7.08717E+01
 -1       563 6.46309E+01
 -1       564 5.73466E+01
 -1       565 5.73502E+01
 -1       566 8.73715E+01
 -1       567 1.00100E+02
 -1       568 1.00100E+02
 -1       569 9.15427E+01
 -1       570 4.98763E+01
 -1       571 1.76732E+01
 -1       572 4.29058E+00
 -1       573 4.28968E+00
 -1       574 1.76590E+01
 -1       575 4.98051E+01
 -1       576 9.15251E+01
 -1       577 1.00090E+02
 -1       578 1.00090E+02
 -1       579 8.73730E+01
 -1       580 5.73466E+01
 -1       581 5.31783E+01
 -1       582 8.73715E+01
 -1       583 1.00100E+02
 -1       584 1.00100E+02
 -1       585 9.15427E+01
 -1       586 4.98763E+01
 -1       587 1.76732E+01
 -1       588 3.77004E+00
 -1       589 3.77123E+00
 -1       590 1.76590E+01
 -1       591 4.98051E+01
 -1       592 9.15251E+01
 -1       593 1.00090E+02
 -1       594 1.00090E+02
 -1       595 8.73730E+01
 -1       596 5.31718E+01
 -1       597 7.19244E+01
 -1       598 8.73730E+01
 -1       599 1.00090E+02
 -1       600 1.00090E+02
 -1       601 9.15251E+01
 -1       602 4.98051E+01
 -1       603 1.80344E+01
 -1       604 4.71464E+00
 -1       605 4.71438E+00
 -1       606 1.80312E+01
 -1       607 4.98763E+01
 -1       608 9.15427E+01
 -1       609 1.00100E+02
 -1       610 1.00100E+02
 -1       611 8.73715E+01
 -1       612 7.19257E+01
 -1       613 7.19244E+01
 -1       614 8.73730E+01
 -1       615 1.00090E+02
 -1       616 1.00090E+02
 -1       617 9.15251E+01
 -1       618 4.98051E+01
 -1       619 1.80344E+01
 -1       620 4.71464E+00
 -1       621 4.71438E+00
 -1       622 1.80312E+01
 -1       623 4.98763E+01
 -1       624 9.15427E+01
 -1       625 1.00100E+02
 -1       626 1.00100E+02
 -1       627 8.73715E+01
 -1       628 7.19257E+01
 -1       629 5.83593E+01
 -1       630 6.46309E+01
 -1       631 7.08717E+01
 -1       632 7.35726E+01
 -1       633 7.35726E+01
 -1       634 4.29364E+01
 -1       635 1.65779E+01
 -1       636 4.28968E+00
 -1       637 4.29058E+00
 -1       638 1.65647E+01
 -1       639 4.28928E+01
 -1       640 7.35809E+01
 -1       641 7.35809E+01
 -1       642 7.08701E+01
 -1       643 6.46370E+01
 -1       644 5.83587E+01
 -1       645 5.79897E+01
 -1       646 5.79897E+01
 -1       647 5.19891E+01
 -1       648 5.60901E+01
 -1       649 5.60901E+01
 -1       650 4.29364E+01
 -1       651 1.59360E+01
 -1       652 3.51898E+00
 -1       653 3.51946E+00
 -1       654 1.59194E+01
 -1       655 4.28928E+01
 -1       656 5.60940E+01
 -1       657 5.60940E+01
 -1       658 5.19883E+01
 -1       659 5.79897E+01
 -1       660 5.79897E+01
 -1       661 5.79897E+01
 -1       662 5.79897E+01
 -1       663 5.19883E+01
 -1       664 5.60940E+01
 -1       665 5.60940E+01
 -1       666 4.28928E+01
 -1       667 1.59194E+01
 -1       668 3.51946E+00
 -1       669 3.51898E+00
 -1       670 1.59360E+01
 -1       671 4.29364E+01
 -1       672 5.60901E+01
 -1       673 5.60901E+01
 -1       674 5.19891E+01
 -1       675 5.79897E+01
 -1       676 5.79897E+01
 -1       677 5.83587E+01
 -1       678 6.46370E+01
 -1       679 7.08701E+01
 -1       680 7.35809E+01
 -1       681 7.35809E+01
 -1       682 4.28928E+01
 -1       683 1.65647E+01
 -1       684 4.29058E+00
 -1       685 4.28968E+00
 -1       686 1.65779E+01
 -1       687 4.29364E+01
 -1       688 7.35726E+01
 -1       689 7.35726E+01
 -1       690 7.08717E+01
 -1       691 6.46309E+01
 -1       692 5.83593E+01
 -1       693 7.19257E+01
 -1       694 8.73715E+01
 -1       695 1.00100E+02
 -1       696 1.00100E+02
 -1       697 9.15427E+01
 -1       698 4.98763E+01
 -1       699 1.80312E+01
 -1       700 4.71438E+00
 -1       701 4.71464E+00
 -1       702 1.80344E+01
 -1       703 4.98051E+01
 -1       704 9.15251E+01
 -1       705 1.00090E+02
 -1       706 1.00090E+02
 -1       707 8.73730E+01
 -1       708 7.19244E+01
 -1       709 7.19257E+01
 -1       710 8.73715E+01
 -1       711 1.00100E+02
 -1       712 1.00100E+02
 -1       713 9.15427E+01
 -1       714 4.98763E+01
 -1       715 1.80312E+01
 -1       716 4.71438E+00
 -1       717 4.71464E+00
 -1       718 1.80344E+01
 -1       719 4.98051E+01
 -1       720 9.15251E+01
 -1       721 1.00090E+02
 -1       722 1.00090E+02
 -1       723 8.73730E+01
 -1       724 7.19244E+01
 -1       725 9.52041E+01
 -1       726 9.52041E+01
 -1       727 4.78992E+01
 -1       728 3.17564E+01
 -1       729 3.17564E+01
 -1       730 2.45910E+01
 -1       731 1.80344E+01
 -1       732 4.71464E+00
 -1       733 4.71438E+00
 -1       734 1.80312E+01
 -1       735 2.45903E+01
 -1       736 3.17613E+01
 -1       737 3.17613E+01
 -1       738 4.78967E+01
 -1       739 9.52025E+01
 -1       740 9.52025E+01
 -1       741 9.52041E+01
 -1       742 9.52041E+01
 -1       743 4.90748E+01
 -1       744 3.17564E+01
 -1       745 3.17564E+01
 -1       746 2.45910E+01
 -1       747 1.80344E+01
 -1       748 4.71464E+00
 -1       749 4.71438E+00
 -1       750 1.80312E+01
 -1       751 2.45903E+01
 -1       752 3.17613E+01
 -1       753 3.17613E+01
 -1       754 4.90720E+01
 -1       755 9.52025E+01
 -1       756 9.52025E+01
 -1       757 8.89723E+01
 -1       758 8.89723E+01
 -1       759 4.90748E+01
 -1       760 2.36970E+01
 -1       761 2.36970E+01
 -1       762 1.84217E+01
 -1       763 1.15409E+01
 -1       764 3.48214E+00
 -1       765 3.48195E+00
 -1       766 1.15412E+01
 -1       767 1.84165E+01
 -1       768 2.36779E+01
 -1       769 2.36779E+01
 -1       770 4.90720E+01
 -1       771 8.89551E+01
 -1       772 8.89551E+01
 -1       773 9.50603E+01
 -1       774 9.50603E+01
 -1       775 4.85285E+01
 -1       776 2.19178E+01
 -1       777 2.19178E+01
 -1       778 1.66437E+01
 -1       779 8.89337E+00
 -1       780 2.83493E+00
 -1       781 2.83475E+00
 -1       782 8.88885E+00
 -1       783 1.66352E+01
 -1       784 2.19217E+01
 -1       785 2.19217E+01
 -1       786 4.85285E+01
 -1       787 9.50603E+01
 -1       788 9.50603E+01
 -1       789 9.50603E+01
 -1       790 9.50603E+01
 -1       791 4.85285E+01
 -1       792 2.19217E+01
 -1       793 2.19217E+01
 -1       794 1.66352E+01
 -1       795 8.88885E+00
 -1       796 2.83475E+00
 -1       797 2.83493E+00
 -1       798 8.89337E+00
 -1       799 1.66437E+01
 -1       800 2.19178E+01
 -1       801 2.19178E+01
 -1       802 4.85285E+01
 -1       803 9.50603E+01
 -1       804 9.50603E+01
 -1       805 8.89551E+01
 -1       806 8.89551E+01
 -1       807 4.90720E+01
 -1       808 2.36779E+01
 -1       809 2.36779E+01
 -1       810 1.84165E+01
 -1       811 1.15412E+01
 -1       812 3.48195E+00
 -1       813 3.48214E+00
 -1       814 1.15409E+01
 -1       815 1.84217E+01
 -1       816 2.36970E+01
 -1       817 2.36970E+01
 -1       818 4.90748E+01
 -1       819 8.89723E+01
 -1       820 8.89723E+01
 -1       821 9.52025E+01
 -1       822 9.52025E+01
 -1       823 4.90720E+01
 -1       824 3.17613E+01
 -1       825 3.17613E+01
 -1       826 2.45903E+01
 -1       827 1.80312E+01
 -1       828 4.71438E+00
 -1       829 4.71464E+00
 -1       830 1.80344E+01
 -1       831 2.45910E+01
 -1       832 3.17564E+01
 -1       833 3.17564E+01
 -1       834 4.90748E+01
 -1       835 9.52041E+01
 -1       836 9.52041E+01
 -1       837 9.52025E+01
 -1       838 9.52025E+01
 -1       839 4.78967E+01
 -1       840 3.17613E+01
 -1       841 3.17613E+01
 -1       842 2.45903E+01
 -1       843 1.80312E+01
 -1       844 4.71438E+00
 -1       845 4.71464E+00
 -1       846 1.80344E+01
 -1       847 2.45910E+01
 -1       848 3.17564E+01
 -1       849 3.17564E+01
 -1       850 4.78992E+01
 -1       851 9.52041E+01
 -1       852 9.52041E+01
 -1       853 9.52041E+01
 -1       854 9.52041E+01
 -1       855 3.29102E+01
 -1       856 1.58699E+01
 -1       857 1.22682E+01
 -1       858 8.57519E+00
 -1       859 4.82358E+00
 -1       860 3.50229E+00
 -1       861 3.50232E+00
 -1       862 4.82350E+00
 -1       863 8.57355E+00
 -1       864 1.22655E+01
 -1       865 1.58679E+01
 -1       866 3.29076E+01
 -1       867 9.52025E+01
 -1       868 9.52025E+01
 -1       869 9.52041E+01
 -1       870 9.52041E+01
 -1       871 3.57220E+01
 -1       872 1.68176E+01
 -1       873 1.32665E+01
 -1       874 8.94629E+00
 -1       875 4.87158E+00
 -1       876 3.62209E+00
 -1       877 3.62202E+00
 -1       878 4.87147E+00
 -1       879 8.94555E+00
 -1       880 1.32648E+01
 -1       881 1.68127E+01
 -1       882 3.57156E+01
 -1       883 9.52025E+01
 -1       884 9.52025E+01
 -1       885 9.08624E+01
 -1       886 9.08624E+01
 -1       887 3.57220E+01
 -1       888 1.68176E+01
 -1       889 1.32665E+01
 -1       890 8.94629E+00
 -1       891 4.87158E+00
 -1       892 3.62209E+00
 -1       893 3.62202E+00
 -1       894 4.87147E+00
 -1       895 8.94555E+00
 -1       896 1.32648E+01
 -1       897 1.68127E+01
 -1       898 3.57156E+01
 -1       899 9.08573E+01
 -1       900 9.08573E+01
 -1       901 9.50603E+01
 -1       902 9.50603E+01
 -1       903 3.54243E+01
 -1       904 1.33333E+01
 -1       905 9.90440E+00
 -1       906 5.97073E+00
 -1       907 4.15367E+00
 -1       908 2.83493E+00
 -1       909 2.83475E+00
 -1       910 4.15378E+00
 -1       911 5.97109E+00
 -1       912 9.90257E+00
 -1       913 1.33354E+01
 -1       914 3.54238E+01
 -1       915 9.50603E+01
 -1       916 9.50603E+01
 -1       917 9.50603E+01
 -1       918 9.50603E+01
 -1       919 3.54238E+01
 -1       920 1.33354E+01
 -1       921 9.90257E+00
 -1       922 5.97109E+00
 -1       923 4.15378E+00
 -1       924 2.83475E+00
 -1       925 2.83493E+00
 -1       926 4.15367E+00
 -1       927 5.97073E+00
 -1       928 9.90440E+00
 -1       929 1.33333E+01
 -1       930 3.54243E+01
 -1       931 9.50603E+01
 -1       932 9.50603E+01
 -1       933 9.08573E+01
 -1       934 9.08573E+01
 -1       935 3.57156E+01
 -1       936 1.68127E+01
 -1       937 1.32648E+01
 -1       938 8.94555E+00
 -1       939 4.87147E+00
 -1       940 3.62202E+00
 -1       941 3.62209E+00
 -1       942 4.87158E+00
 -1       943 8.94629E+00
 -1       944 1.32665E+01
 -1       945 1.68176E+01
 -1       946 3.57220E+01
 -1       947 9.08624E+01
 -1       948 9.08624E+01
 -1       949 9.52025E+01
 -1       950 9.52025E+01
 -1       951 3.57156E+01
 -1       952 1.68127E+01
 -1       953 1.32648E+01
 -1       954 8.94555E+00
 -1       955 4.87147E+00
 -1       956 3.62202E+00
 -1       957 3.62209E+00
 -1       958 4.87158E+00
 -1       959 8.94629E+00
 -1       960 1.32665E+01
 -1       961 1.68176E+01
 -1       962 3.57220E+01
 -1       963 9.52041E+01
 -1       964 9.52041E+01
 -1       965 9.52025E+01
 -1       966 9.52025E+01
 -1       967 3.29076E+01
 -1       968 1.58679E+01
 -1       969 1.22655E+01
 -1       970 8.57355E+00
 -1       971 4.82350E+00
 -1       972 3.50232E+00
 -1       973 3.50229E+00
 -1       974 4.82358E+00
 -1       975 8.57519E+00
 -1       976 1.22682E+01
 -1       977 1.58699E+01
 -1       978 3.29102E+01
 -1       979 9.52041E+01
 -1       980 9.52041E+01
 -1       981 6.96441E+01
 -1       982 6.96441E+01
 -1       983 1.40853E+01
 -1       984 1.55536E+01
 -1       985 1.55536E+01
 -1       986 1.41596E+01
 -1       987 1.10753E+01
 -1       988 6.92332E+00
 -1       989 6.92331E+00
 -1       990 1.10752E+01
 -1       991 1.41593E+01
 -1       992 1.55530E+01
 -1       993 1.55530E+01
 -1       994 1.40844E+01
 -1       995 6.96383E+01
 -1       996 6.96383E+01
 -1       997 8.32174E+01
 -1       998 8.32174E+01
 -1       999 1.40853E+01
 -1      1000 1.55536E+01
 -1      1001 1.55536E+01
 -1      1002 1.41596E+01
 -1      1003 1.10753E+01
 -1      1004 6.92332E+00
 -1      1005 6.92331E+00
 -1      1006 1.10752E+01
 -1      1007 1.41593E+01
 -1      1008 1.55530E+01
 -1      1009 1.55530E+01
 -1      1010 1.40844E+01
 -1      1011 8.32095E+01
 -1      1012 8.32095E+01
 -1      1013 9.08624E+01
 -1      1014 9.08624E+01
 -1      1015 1.20605E+01
 -1      1016 1.20605E+01
 -1      1017 1.06565E+01
 -1      1018 8.57830E+00
 -1      1019 4.87158E+00
 -1      1020 3.62209E+00
 -1      1021 3.62202E+00
 -1      1022 4.87147E+00
 -1      1023 8.57761E+00
 -1      1024 1.06554E+01
 -1      1025 1.20596E+01
 -1      1026 1.20596E+01
 -1      1027 9.08573E+01
 -1      1028 9.08573E+01
 -1      1029 9.08624E+01
 -1      1030 9.08624E+01
 -1      1031 5.72469E+00
 -1      1032 5.72469E+00
 -1      1033 4.86108E+00
 -1      1034 4.42154E+00
 -1      1035 3.50059E+00
 -1      1036 2.14882E+00
 -1      1037 2.14886E+00
 -1      1038 3.50058E+00
 -1      1039 4.42161E+00
 -1      1040 4.86121E+00
 -1      1041 5.72539E+00
 -1      1042 5.72539E+00
 -1      1043 9.08591E+01
 -1      1044 9.08591E+01
 -1      1045 9.08591E+01
 -1      1046 9.08591E+01
 -1      1047 5.72539E+00
 -1      1048 5.72539E+00
 -1      1049 4.86121E+00
 -1      1050 4.42161E+00
 -1      1051 3.50058E+00
 -1      1052 2.14886E+00
 -1      1053 2.14882E+00
 -1      1054 3.50059E+00
 -1      1055 4.42154E+00
 -1      1056 4.86108E+00
 -1      1057 5.72469E+00
 -1      1058 5.72469E+00
 -1      1059 9.08624E+01
 -1      1060 9.08624E+01
 -1      1061 9.08573E+01
 -1      1062 9.08573E+01
 -1      1063 1.20596E+01
 -1      1064 1.20596E+01
 -1      1065 1.06554E+01
 -1      1066 8.57761E+00
 -1      1067 4.87147E+00
 -1      1068 3.62202E+00
 -1      1069 3.62209E+00
 -1      1070 4.87158E+00
 -1      1071 8.57830E+00
 -1      1072 1.06565E+01
 -1      1073 1.20605E+01
 -1      1074 1.20605E+01
 -1      1075 9.08624E+01
 -1      1076 9.08624E+01
 -1      1077 8.32095E+01
 -1      1078 8.32095E+01
 -1      1079 1.40844E+01
 -1      1080 1.55530E+01
 -1      1081 1.55530E+01
 -1      1082 1.41593E+01
 -1      1083 1.10752E+01
 -1      1084 6.92331E+00
 -1      1085 6.92332E+00
 -1      1086 1.10753E+01
 -1      1087 1.41596E+01
 -1      1088 1.55536E+01
 -1      1089 1.55536E+01
 -1      1090 1.40853E+01
 -1      1091 8.32174E+01
 -1      1092 8.32174E+01
 -1      1093 6.96383E+01
 -1      1094 6.96383E+01
 -1      1095 1.40844E+01
 -1      1096 1.55530E+01
 -1      1097 1.55530E+01
 -1      1098 1.41593E+01
 -1      1099 1.10752E+01
 -1      1100 6.92331E+00
 -1      1101 6.92332E+00
 -1      1102 1.10753E+01
 -1      1103 1.41596E+01
 -1      1104 1.55536E+01
 -1      1105 1.55536E+01
 -1      1106 1.40853E+01
 -1      1107 6.96441E+01
 -1      1108 6.96441E+01
 -1      1109 2.10112E+01
 -1      1110 2.10112E+01
 -1      1111 1.40853E+01
 -1      1112 1.55536E+01
 -1      1113 1.55536E+01
 -1      1114 1.41596E+01
 -1      1115 1.10753E+01
 -1      1116 6.92332E+00
 -1      1117 6.92331E+00
 -1      1118 1.10752E+01
 -1      1119 1.41593E+01
 -1      1120 1.55530E+01
 -1      1121 1.55530E+01
 -1      1122 1.40844E+01
 -1      1123 2.10108E+01
 -1      1124 2.10108E+01
 -1      1125 2.10112E+01
 -1      1126 2.10112E+01
 -1      1127 1.40853E+01
 -1      1128 1.55536E+01
 -1      1129 1.55536E+01
 -1      1130 1.41596E+01
 -1      1131 1.10753E+01
 -1      1132 6.92332E+00
 -1      1133 6.92331E+00
 -1      1134 1.10752E+01
 -1      1135 1.41593E+01
 -1      1136 1.55530E+01
 -1      1137 1.55530E+01
 -1      1138 1.40844E+01
 -1      1139 2.10108E+01
 -1      1140 2.10108E+01
 -1      1141 1.76500E+01
 -1      1142 1.76500E+01
 -1      1143 4.25085E+00
 -1      1144 4.40617E+00
 -1      1145 4.40617E+00
 -1      1146 3.97718E+00
 -1      1147 3.16392E+00
 -1      1148 2.09796E+00
 -1      1149 2.09796E+00
 -1      1150 3.16391E+00
 -1      1151 3.97714E+00
 -1      1152 4.40612E+00
 -1      1153 4.40612E+00
 -1      1154 4.25075E+00
 -1      1155 1.76508E+01
 -1      1156 1.76508E+01
 -1      1157 1.30439E+01
 -1      1158 1.30439E+01
 -1      1159 3.79817E+00
 -1      1160 4.00700E+00
 -1      1161 4.00700E+00
 -1      1162 3.62624E+00
 -1      1163 2.83824E+00
 -1      1164 1.77821E+00
 -1      1165 1.77822E+00
 -1      1166 2.83829E+00
 -1      1167 3.62630E+00
 -1      1168 4.00708E+00
 -1      1169 4.00708E+00
 -1      1170 3.79829E+00
 -1      1171 1.30457E+01
 -1      1172 1.30457E+01
 -1      1173 1.30457E+01
 -1      1174 1.30457E+01
 -1      1175 3.79829E+00
 -1      1176 4.00708E+00
 -1      1177 4.00708E+00
 -1      1178 3.62630E+00
 -1      1179 2.83829E+00
 -1      1180 1.77822E+00
 -1      1181 1.77821E+00
 -1      1182 2.83824E+00
 -1      1183 3.62624E+00
 -1      1184 4.00700E+00
 -1      1185 4.00700E+00
 -1      1186 3.79817E+00
 -1      1187 1.30439E+01
 -1      1188 1.30439E+01
 -1      1189 1.76508E+01
 -1      1190 1.76508E+01
 -1      1191 4.25075E+00
 -1      1192 4.40612E+00
 -1      1193 4.40612E+00
 -1      1194 3.97714E+00
 -1      1195 3.16391E+00
 -1      1196 2.09796E+00
 -1      1197 2.09796E+00
 -1      1198 3.16392E+00
 -1      1199 3.97718E+00
 -1      1200 4.40617E+00
 -1      1201 4.40617E+00
 -1      1202 4.25085E+00
 -1      1203 1.76500E+01
 -1      1204 1.76500E+01
 -1      1205 2.10108E+01
 -1      1206 2.10108E+01
 -1      1207 1.40844E+01
 -1      1208 1.55530E+01
 -1      1209 1.55530E+01
 -1      1210 1.41593E+01
 -1      1211 1.10752E+01
 -1      1212 6.92331E+00
 -1      1213 6.92332E+00
 -1      1214 1.10753E+01
 -1      1215 1.41596E+01
 -1      1216 1.55536E+01
 -1      1217 1.55536E+01
 -1      1218 1.40853E+01
 -1      1219 2.10112E+01
 -1      1220 2.10112E+01
 -1      1221 2.10108E+01
 -1      1222 2.10108E+01
 -1      1223 1.40844E+01
 -1      1224 1.55530E+01
 -1      1225 1.55530E+01
 -1      1226 1.41593E+01
 -1      1227 1.10752E+01
 -1      1228 6.92331E+00
 -1      1229 6.92332E+00
 -1      1230 1.10753E+01
 -1      1231 1.41596E+01
 -1      1232 1.55536E+01
 -1      1233 1.55536E+01
 -1      1234 1.40853E+01
 -1      1235 2.10112E+01
 -1      1236 2.10112E+01
 -3
 9999
