    1C
    1Uccxview sample: a tilted block on a plate, a varying contact gap  
    1UUSER                                                              
    1UDATE              10.october.2026                                 
    1UTIME              14:42:44                                        
    1UHOST                                                              
    1UPGM               CalculiX                                        
    1UVERSION           Version 2.22                             
    1UCOMPILETIME       Mon Aug  5 19:15:25 CEST 2024                    
    1UDIR                                                               
    1UDBN                                                               
    1UMAT    1STEEL                                                     
    1UMAT    2STEEL_ON_STEEL                                            
    2C                           595                                     1
 -1         1-1.50000E+01-1.00000E+01-6.00000E+00
 -1         2-1.16667E+01-1.00000E+01-6.00000E+00
 -1         3-8.33333E+00-1.00000E+01-6.00000E+00
 -1         4-5.00000E+00-1.00000E+01-6.00000E+00
 -1         5-1.66667E+00-1.00000E+01-6.00000E+00
 -1         6 1.66667E+00-1.00000E+01-6.00000E+00
 -1         7 5.00000E+00-1.00000E+01-6.00000E+00
 -1         8 8.33333E+00-1.00000E+01-6.00000E+00
 -1         9 1.16667E+01-1.00000E+01-6.00000E+00
 -1        10 1.50000E+01-1.00000E+01-6.00000E+00
 -1        11-1.50000E+01-6.66667E+00-6.00000E+00
 -1        12-1.16667E+01-6.66667E+00-6.00000E+00
 -1        13-8.33333E+00-6.66667E+00-6.00000E+00
 -1        14-5.00000E+00-6.66667E+00-6.00000E+00
 -1        15-1.66667E+00-6.66667E+00-6.00000E+00
 -1        16 1.66667E+00-6.66667E+00-6.00000E+00
 -1        17 5.00000E+00-6.66667E+00-6.00000E+00
 -1        18 8.33333E+00-6.66667E+00-6.00000E+00
 -1        19 1.16667E+01-6.66667E+00-6.00000E+00
 -1        20 1.50000E+01-6.66667E+00-6.00000E+00
 -1        21-1.50000E+01-3.33333E+00-6.00000E+00
 -1        22-1.16667E+01-3.33333E+00-6.00000E+00
 -1        23-8.33333E+00-3.33333E+00-6.00000E+00
 -1        24-5.00000E+00-3.33333E+00-6.00000E+00
 -1        25-1.66667E+00-3.33333E+00-6.00000E+00
 -1        26 1.66667E+00-3.33333E+00-6.00000E+00
 -1        27 5.00000E+00-3.33333E+00-6.00000E+00
 -1        28 8.33333E+00-3.33333E+00-6.00000E+00
 -1        29 1.16667E+01-3.33333E+00-6.00000E+00
 -1        30 1.50000E+01-3.33333E+00-6.00000E+00
 -1        31-1.50000E+01 0.00000E+00-6.00000E+00
 -1        32-1.16667E+01 0.00000E+00-6.00000E+00
 -1        33-8.33333E+00 0.00000E+00-6.00000E+00
 -1        34-5.00000E+00 0.00000E+00-6.00000E+00
 -1        35-1.66667E+00 0.00000E+00-6.00000E+00
 -1        36 1.66667E+00 0.00000E+00-6.00000E+00
 -1        37 5.00000E+00 0.00000E+00-6.00000E+00
 -1        38 8.33333E+00 0.00000E+00-6.00000E+00
 -1        39 1.16667E+01 0.00000E+00-6.00000E+00
 -1        40 1.50000E+01 0.00000E+00-6.00000E+00
 -1        41-1.50000E+01 3.33333E+00-6.00000E+00
 -1        42-1.16667E+01 3.33333E+00-6.00000E+00
 -1        43-8.33333E+00 3.33333E+00-6.00000E+00
 -1        44-5.00000E+00 3.33333E+00-6.00000E+00
 -1        45-1.66667E+00 3.33333E+00-6.00000E+00
 -1        46 1.66667E+00 3.33333E+00-6.00000E+00
 -1        47 5.00000E+00 3.33333E+00-6.00000E+00
 -1        48 8.33333E+00 3.33333E+00-6.00000E+00
 -1        49 1.16667E+01 3.33333E+00-6.00000E+00
 -1        50 1.50000E+01 3.33333E+00-6.00000E+00
 -1        51-1.50000E+01 6.66667E+00-6.00000E+00
 -1        52-1.16667E+01 6.66667E+00-6.00000E+00
 -1        53-8.33333E+00 6.66667E+00-6.00000E+00
 -1        54-5.00000E+00 6.66667E+00-6.00000E+00
 -1        55-1.66667E+00 6.66667E+00-6.00000E+00
 -1        56 1.66667E+00 6.66667E+00-6.00000E+00
 -1        57 5.00000E+00 6.66667E+00-6.00000E+00
 -1        58 8.33333E+00 6.66667E+00-6.00000E+00
 -1        59 1.16667E+01 6.66667E+00-6.00000E+00
 -1        60 1.50000E+01 6.66667E+00-6.00000E+00
 -1        61-1.50000E+01 1.00000E+01-6.00000E+00
 -1        62-1.16667E+01 1.00000E+01-6.00000E+00
 -1        63-8.33333E+00 1.00000E+01-6.00000E+00
 -1        64-5.00000E+00 1.00000E+01-6.00000E+00
 -1        65-1.66667E+00 1.00000E+01-6.00000E+00
 -1        66 1.66667E+00 1.00000E+01-6.00000E+00
 -1        67 5.00000E+00 1.00000E+01-6.00000E+00
 -1        68 8.33333E+00 1.00000E+01-6.00000E+00
 -1        69 1.16667E+01 1.00000E+01-6.00000E+00
 -1        70 1.50000E+01 1.00000E+01-6.00000E+00
 -1        71-1.50000E+01-1.00000E+01-3.00000E+00
 -1        72-1.16667E+01-1.00000E+01-3.00000E+00
 -1        73-8.33333E+00-1.00000E+01-3.00000E+00
 -1        74-5.00000E+00-1.00000E+01-3.00000E+00
 -1        75-1.66667E+00-1.00000E+01-3.00000E+00
 -1        76 1.66667E+00-1.00000E+01-3.00000E+00
 -1        77 5.00000E+00-1.00000E+01-3.00000E+00
 -1        78 8.33333E+00-1.00000E+01-3.00000E+00
 -1        79 1.16667E+01-1.00000E+01-3.00000E+00
 -1        80 1.50000E+01-1.00000E+01-3.00000E+00
 -1        81-1.50000E+01-6.66667E+00-3.00000E+00
 -1        82-1.16667E+01-6.66667E+00-3.00000E+00
 -1        83-8.33333E+00-6.66667E+00-3.00000E+00
 -1        84-5.00000E+00-6.66667E+00-3.00000E+00
 -1        85-1.66667E+00-6.66667E+00-3.00000E+00
 -1        86 1.66667E+00-6.66667E+00-3.00000E+00
 -1        87 5.00000E+00-6.66667E+00-3.00000E+00
 -1        88 8.33333E+00-6.66667E+00-3.00000E+00
 -1        89 1.16667E+01-6.66667E+00-3.00000E+00
 -1        90 1.50000E+01-6.66667E+00-3.00000E+00
 -1        91-1.50000E+01-3.33333E+00-3.00000E+00
 -1        92-1.16667E+01-3.33333E+00-3.00000E+00
 -1        93-8.33333E+00-3.33333E+00-3.00000E+00
 -1        94-5.00000E+00-3.33333E+00-3.00000E+00
 -1        95-1.66667E+00-3.33333E+00-3.00000E+00
 -1        96 1.66667E+00-3.33333E+00-3.00000E+00
 -1        97 5.00000E+00-3.33333E+00-3.00000E+00
 -1        98 8.33333E+00-3.33333E+00-3.00000E+00
 -1        99 1.16667E+01-3.33333E+00-3.00000E+00
 -1       100 1.50000E+01-3.33333E+00-3.00000E+00
 -1       101-1.50000E+01 0.00000E+00-3.00000E+00
 -1       102-1.16667E+01 0.00000E+00-3.00000E+00
 -1       103-8.33333E+00 0.00000E+00-3.00000E+00
 -1       104-5.00000E+00 0.00000E+00-3.00000E+00
 -1       105-1.66667E+00 0.00000E+00-3.00000E+00
 -1       106 1.66667E+00 0.00000E+00-3.00000E+00
 -1       107 5.00000E+00 0.00000E+00-3.00000E+00
 -1       108 8.33333E+00 0.00000E+00-3.00000E+00
 -1       109 1.16667E+01 0.00000E+00-3.00000E+00
 -1       110 1.50000E+01 0.00000E+00-3.00000E+00
 -1       111-1.50000E+01 3.33333E+00-3.00000E+00
 -1       112-1.16667E+01 3.33333E+00-3.00000E+00
 -1       113-8.33333E+00 3.33333E+00-3.00000E+00
 -1       114-5.00000E+00 3.33333E+00-3.00000E+00
 -1       115-1.66667E+00 3.33333E+00-3.00000E+00
 -1       116 1.66667E+00 3.33333E+00-3.00000E+00
 -1       117 5.00000E+00 3.33333E+00-3.00000E+00
 -1       118 8.33333E+00 3.33333E+00-3.00000E+00
 -1       119 1.16667E+01 3.33333E+00-3.00000E+00
 -1       120 1.50000E+01 3.33333E+00-3.00000E+00
 -1       121-1.50000E+01 6.66667E+00-3.00000E+00
 -1       122-1.16667E+01 6.66667E+00-3.00000E+00
 -1       123-8.33333E+00 6.66667E+00-3.00000E+00
 -1       124-5.00000E+00 6.66667E+00-3.00000E+00
 -1       125-1.66667E+00 6.66667E+00-3.00000E+00
 -1       126 1.66667E+00 6.66667E+00-3.00000E+00
 -1       127 5.00000E+00 6.66667E+00-3.00000E+00
 -1       128 8.33333E+00 6.66667E+00-3.00000E+00
 -1       129 1.16667E+01 6.66667E+00-3.00000E+00
 -1       130 1.50000E+01 6.66667E+00-3.00000E+00
 -1       131-1.50000E+01 1.00000E+01-3.00000E+00
 -1       132-1.16667E+01 1.00000E+01-3.00000E+00
 -1       133-8.33333E+00 1.00000E+01-3.00000E+00
 -1       134-5.00000E+00 1.00000E+01-3.00000E+00
 -1       135-1.66667E+00 1.00000E+01-3.00000E+00
 -1       136 1.66667E+00 1.00000E+01-3.00000E+00
 -1       137 5.00000E+00 1.00000E+01-3.00000E+00
 -1       138 8.33333E+00 1.00000E+01-3.00000E+00
 -1       139 1.16667E+01 1.00000E+01-3.00000E+00
 -1       140 1.50000E+01 1.00000E+01-3.00000E+00
 -1       141-1.50000E+01-1.00000E+01 0.00000E+00
 -1       142-1.16667E+01-1.00000E+01 0.00000E+00
 -1       143-8.33333E+00-1.00000E+01 0.00000E+00
 -1       144-5.00000E+00-1.00000E+01 0.00000E+00
 -1       145-1.66667E+00-1.00000E+01 0.00000E+00
 -1       146 1.66667E+00-1.00000E+01 0.00000E+00
 -1       147 5.00000E+00-1.00000E+01 0.00000E+00
 -1       148 8.33333E+00-1.00000E+01 0.00000E+00
 -1       149 1.16667E+01-1.00000E+01 0.00000E+00
 -1       150 1.50000E+01-1.00000E+01 0.00000E+00
 -1       151-1.50000E+01-6.66667E+00 0.00000E+00
 -1       152-1.16667E+01-6.66667E+00 0.00000E+00
 -1       153-8.33333E+00-6.66667E+00 0.00000E+00
 -1       154-5.00000E+00-6.66667E+00 0.00000E+00
 -1       155-1.66667E+00-6.66667E+00 0.00000E+00
 -1       156 1.66667E+00-6.66667E+00 0.00000E+00
 -1       157 5.00000E+00-6.66667E+00 0.00000E+00
 -1       158 8.33333E+00-6.66667E+00 0.00000E+00
 -1       159 1.16667E+01-6.66667E+00 0.00000E+00
 -1       160 1.50000E+01-6.66667E+00 0.00000E+00
 -1       161-1.50000E+01-3.33333E+00 0.00000E+00
 -1       162-1.16667E+01-3.33333E+00 0.00000E+00
 -1       163-8.33333E+00-3.33333E+00 0.00000E+00
 -1       164-5.00000E+00-3.33333E+00 0.00000E+00
 -1       165-1.66667E+00-3.33333E+00 0.00000E+00
 -1       166 1.66667E+00-3.33333E+00 0.00000E+00
 -1       167 5.00000E+00-3.33333E+00 0.00000E+00
 -1       168 8.33333E+00-3.33333E+00 0.00000E+00
 -1       169 1.16667E+01-3.33333E+00 0.00000E+00
 -1       170 1.50000E+01-3.33333E+00 0.00000E+00
 -1       171-1.50000E+01 0.00000E+00 0.00000E+00
 -1       172-1.16667E+01 0.00000E+00 0.00000E+00
 -1       173-8.33333E+00 0.00000E+00 0.00000E+00
 -1       174-5.00000E+00 0.00000E+00 0.00000E+00
 -1       175-1.66667E+00 0.00000E+00 0.00000E+00
 -1       176 1.66667E+00 0.00000E+00 0.00000E+00
 -1       177 5.00000E+00 0.00000E+00 0.00000E+00
 -1       178 8.33333E+00 0.00000E+00 0.00000E+00
 -1       179 1.16667E+01 0.00000E+00 0.00000E+00
 -1       180 1.50000E+01 0.00000E+00 0.00000E+00
 -1       181-1.50000E+01 3.33333E+00 0.00000E+00
 -1       182-1.16667E+01 3.33333E+00 0.00000E+00
 -1       183-8.33333E+00 3.33333E+00 0.00000E+00
 -1       184-5.00000E+00 3.33333E+00 0.00000E+00
 -1       185-1.66667E+00 3.33333E+00 0.00000E+00
 -1       186 1.66667E+00 3.33333E+00 0.00000E+00
 -1       187 5.00000E+00 3.33333E+00 0.00000E+00
 -1       188 8.33333E+00 3.33333E+00 0.00000E+00
 -1       189 1.16667E+01 3.33333E+00 0.00000E+00
 -1       190 1.50000E+01 3.33333E+00 0.00000E+00
 -1       191-1.50000E+01 6.66667E+00 0.00000E+00
 -1       192-1.16667E+01 6.66667E+00 0.00000E+00
 -1       193-8.33333E+00 6.66667E+00 0.00000E+00
 -1       194-5.00000E+00 6.66667E+00 0.00000E+00
 -1       195-1.66667E+00 6.66667E+00 0.00000E+00
 -1       196 1.66667E+00 6.66667E+00 0.00000E+00
 -1       197 5.00000E+00 6.66667E+00 0.00000E+00
 -1       198 8.33333E+00 6.66667E+00 0.00000E+00
 -1       199 1.16667E+01 6.66667E+00 0.00000E+00
 -1       200 1.50000E+01 6.66667E+00 0.00000E+00
 -1       201-1.50000E+01 1.00000E+01 0.00000E+00
 -1       202-1.16667E+01 1.00000E+01 0.00000E+00
 -1       203-8.33333E+00 1.00000E+01 0.00000E+00
 -1       204-5.00000E+00 1.00000E+01 0.00000E+00
 -1       205-1.66667E+00 1.00000E+01 0.00000E+00
 -1       206 1.66667E+00 1.00000E+01 0.00000E+00
 -1       207 5.00000E+00 1.00000E+01 0.00000E+00
 -1       208 8.33333E+00 1.00000E+01 0.00000E+00
 -1       209 1.16667E+01 1.00000E+01 0.00000E+00
 -1       210 1.50000E+01 1.00000E+01 0.00000E+00
 -1       211-1.00000E+01-6.00000E+00 0.00000E+00
 -1       212-8.00062E+00-6.00000E+00 4.99844E-02
 -1       213-6.00125E+00-6.00000E+00 9.99688E-02
 -1       214-4.00187E+00-6.00000E+00 1.49953E-01
 -1       215-2.00250E+00-6.00000E+00 1.99938E-01
 -1       216-3.12354E-03-6.00000E+00 2.49922E-01
 -1       217 1.99625E+00-6.00000E+00 2.99906E-01
 -1       218 3.99563E+00-6.00000E+00 3.49891E-01
 -1       219 5.99500E+00-6.00000E+00 3.99875E-01
 -1       220 7.99438E+00-6.00000E+00 4.49859E-01
 -1       221 9.99375E+00-6.00000E+00 4.99844E-01
 -1       222-1.00000E+01-4.00000E+00 0.00000E+00
 -1       223-8.00062E+00-4.00000E+00 4.99844E-02
 -1       224-6.00125E+00-4.00000E+00 9.99688E-02
 -1       225-4.00187E+00-4.00000E+00 1.49953E-01
 -1       226-2.00250E+00-4.00000E+00 1.99938E-01
 -1       227-3.12354E-03-4.00000E+00 2.49922E-01
 -1       228 1.99625E+00-4.00000E+00 2.99906E-01
 -1       229 3.99563E+00-4.00000E+00 3.49891E-01
 -1       230 5.99500E+00-4.00000E+00 3.99875E-01
 -1       231 7.99438E+00-4.00000E+00 4.49859E-01
 -1       232 9.99375E+00-4.00000E+00 4.99844E-01
 -1       233-1.00000E+01-2.00000E+00 0.00000E+00
 -1       234-8.00062E+00-2.00000E+00 4.99844E-02
 -1       235-6.00125E+00-2.00000E+00 9.99688E-02
 -1       236-4.00187E+00-2.00000E+00 1.49953E-01
 -1       237-2.00250E+00-2.00000E+00 1.99938E-01
 -1       238-3.12354E-03-2.00000E+00 2.49922E-01
 -1       239 1.99625E+00-2.00000E+00 2.99906E-01
 -1       240 3.99563E+00-2.00000E+00 3.49891E-01
 -1       241 5.99500E+00-2.00000E+00 3.99875E-01
 -1       242 7.99438E+00-2.00000E+00 4.49859E-01
 -1       243 9.99375E+00-2.00000E+00 4.99844E-01
 -1       244-1.00000E+01 0.00000E+00 0.00000E+00
 -1       245-8.00062E+00 0.00000E+00 4.99844E-02
 -1       246-6.00125E+00 0.00000E+00 9.99688E-02
 -1       247-4.00187E+00 0.00000E+00 1.49953E-01
 -1       248-2.00250E+00 0.00000E+00 1.99938E-01
 -1       249-3.12354E-03 0.00000E+00 2.49922E-01
 -1       250 1.99625E+00 0.00000E+00 2.99906E-01
 -1       251 3.99563E+00 0.00000E+00 3.49891E-01
 -1       252 5.99500E+00 0.00000E+00 3.99875E-01
 -1       253 7.99438E+00 0.00000E+00 4.49859E-01
 -1       254 9.99375E+00 0.00000E+00 4.99844E-01
 -1       255-1.00000E+01 2.00000E+00 0.00000E+00
 -1       256-8.00062E+00 2.00000E+00 4.99844E-02
 -1       257-6.00125E+00 2.00000E+00 9.99688E-02
 -1       258-4.00187E+00 2.00000E+00 1.49953E-01
 -1       259-2.00250E+00 2.00000E+00 1.99938E-01
 -1       260-3.12354E-03 2.00000E+00 2.49922E-01
 -1       261 1.99625E+00 2.00000E+00 2.99906E-01
 -1       262 3.99563E+00 2.00000E+00 3.49891E-01
 -1       263 5.99500E+00 2.00000E+00 3.99875E-01
 -1       264 7.99438E+00 2.00000E+00 4.49859E-01
 -1       265 9.99375E+00 2.00000E+00 4.99844E-01
 -1       266-1.00000E+01 4.00000E+00 0.00000E+00
 -1       267-8.00062E+00 4.00000E+00 4.99844E-02
 -1       268-6.00125E+00 4.00000E+00 9.99688E-02
 -1       269-4.00187E+00 4.00000E+00 1.49953E-01
 -1       270-2.00250E+00 4.00000E+00 1.99938E-01
 -1       271-3.12354E-03 4.00000E+00 2.49922E-01
 -1       272 1.99625E+00 4.00000E+00 2.99906E-01
 -1       273 3.99563E+00 4.00000E+00 3.49891E-01
 -1       274 5.99500E+00 4.00000E+00 3.99875E-01
 -1       275 7.99438E+00 4.00000E+00 4.49859E-01
 -1       276 9.99375E+00 4.00000E+00 4.99844E-01
 -1       277-1.00000E+01 6.00000E+00 0.00000E+00
 -1       278-8.00062E+00 6.00000E+00 4.99844E-02
 -1       279-6.00125E+00 6.00000E+00 9.99688E-02
 -1       280-4.00187E+00 6.00000E+00 1.49953E-01
 -1       281-2.00250E+00 6.00000E+00 1.99938E-01
 -1       282-3.12354E-03 6.00000E+00 2.49922E-01
 -1       283 1.99625E+00 6.00000E+00 2.99906E-01
 -1       284 3.99563E+00 6.00000E+00 3.49891E-01
 -1       285 5.99500E+00 6.00000E+00 3.99875E-01
 -1       286 7.99438E+00 6.00000E+00 4.49859E-01
 -1       287 9.99375E+00 6.00000E+00 4.99844E-01
 -1       288-1.00625E+01-6.00000E+00 2.49922E+00
 -1       289-8.06311E+00-6.00000E+00 2.54920E+00
 -1       290-6.06373E+00-6.00000E+00 2.59919E+00
 -1       291-4.06435E+00-6.00000E+00 2.64917E+00
 -1       292-2.06498E+00-6.00000E+00 2.69916E+00
 -1       293-6.56040E-02-6.00000E+00 2.74914E+00
 -1       294 1.93377E+00-6.00000E+00 2.79913E+00
 -1       295 3.93315E+00-6.00000E+00 2.84911E+00
 -1       296 5.93252E+00-6.00000E+00 2.89909E+00
 -1       297 7.93190E+00-6.00000E+00 2.94908E+00
 -1       298 9.93127E+00-6.00000E+00 2.99906E+00
 -1       299-1.00625E+01-4.00000E+00 2.49922E+00
 -1       300-8.06311E+00-4.00000E+00 2.54920E+00
 -1       301-6.06373E+00-4.00000E+00 2.59919E+00
 -1       302-4.06435E+00-4.00000E+00 2.64917E+00
 -1       303-2.06498E+00-4.00000E+00 2.69916E+00
 -1       304-6.56040E-02-4.00000E+00 2.74914E+00
 -1       305 1.93377E+00-4.00000E+00 2.79913E+00
 -1       306 3.93315E+00-4.00000E+00 2.84911E+00
 -1       307 5.93252E+00-4.00000E+00 2.89909E+00
 -1       308 7.93190E+00-4.00000E+00 2.94908E+00
 -1       309 9.93127E+00-4.00000E+00 2.99906E+00
 -1       310-1.00625E+01-2.00000E+00 2.49922E+00
 -1       311-8.06311E+00-2.00000E+00 2.54920E+00
 -1       312-6.06373E+00-2.00000E+00 2.59919E+00
 -1       313-4.06435E+00-2.00000E+00 2.64917E+00
 -1       314-2.06498E+00-2.00000E+00 2.69916E+00
 -1       315-6.56040E-02-2.00000E+00 2.74914E+00
 -1       316 1.93377E+00-2.00000E+00 2.79913E+00
 -1       317 3.93315E+00-2.00000E+00 2.84911E+00
 -1       318 5.93252E+00-2.00000E+00 2.89909E+00
 -1       319 7.93190E+00-2.00000E+00 2.94908E+00
 -1       320 9.93127E+00-2.00000E+00 2.99906E+00
 -1       321-1.00625E+01 0.00000E+00 2.49922E+00
 -1       322-8.06311E+00 0.00000E+00 2.54920E+00
 -1       323-6.06373E+00 0.00000E+00 2.59919E+00
 -1       324-4.06435E+00 0.00000E+00 2.64917E+00
 -1       325-2.06498E+00 0.00000E+00 2.69916E+00
 -1       326-6.56040E-02 0.00000E+00 2.74914E+00
 -1       327 1.93377E+00 0.00000E+00 2.79913E+00
 -1       328 3.93315E+00 0.00000E+00 2.84911E+00
 -1       329 5.93252E+00 0.00000E+00 2.89909E+00
 -1       330 7.93190E+00 0.00000E+00 2.94908E+00
 -1       331 9.93127E+00 0.00000E+00 2.99906E+00
 -1       332-1.00625E+01 2.00000E+00 2.49922E+00
 -1       333-8.06311E+00 2.00000E+00 2.54920E+00
 -1       334-6.06373E+00 2.00000E+00 2.59919E+00
 -1       335-4.06435E+00 2.00000E+00 2.64917E+00
 -1       336-2.06498E+00 2.00000E+00 2.69916E+00
 -1       337-6.56040E-02 2.00000E+00 2.74914E+00
 -1       338 1.93377E+00 2.00000E+00 2.79913E+00
 -1       339 3.93315E+00 2.00000E+00 2.84911E+00
 -1       340 5.93252E+00 2.00000E+00 2.89909E+00
 -1       341 7.93190E+00 2.00000E+00 2.94908E+00
 -1       342 9.93127E+00 2.00000E+00 2.99906E+00
 -1       343-1.00625E+01 4.00000E+00 2.49922E+00
 -1       344-8.06311E+00 4.00000E+00 2.54920E+00
 -1       345-6.06373E+00 4.00000E+00 2.59919E+00
 -1       346-4.06435E+00 4.00000E+00 2.64917E+00
 -1       347-2.06498E+00 4.00000E+00 2.69916E+00
 -1       348-6.56040E-02 4.00000E+00 2.74914E+00
 -1       349 1.93377E+00 4.00000E+00 2.79913E+00
 -1       350 3.93315E+00 4.00000E+00 2.84911E+00
 -1       351 5.93252E+00 4.00000E+00 2.89909E+00
 -1       352 7.93190E+00 4.00000E+00 2.94908E+00
 -1       353 9.93127E+00 4.00000E+00 2.99906E+00
 -1       354-1.00625E+01 6.00000E+00 2.49922E+00
 -1       355-8.06311E+00 6.00000E+00 2.54920E+00
 -1       356-6.06373E+00 6.00000E+00 2.59919E+00
 -1       357-4.06435E+00 6.00000E+00 2.64917E+00
 -1       358-2.06498E+00 6.00000E+00 2.69916E+00
 -1       359-6.56040E-02 6.00000E+00 2.74914E+00
 -1       360 1.93377E+00 6.00000E+00 2.79913E+00
 -1       361 3.93315E+00 6.00000E+00 2.84911E+00
 -1       362 5.93252E+00 6.00000E+00 2.89909E+00
 -1       363 7.93190E+00 6.00000E+00 2.94908E+00
 -1       364 9.93127E+00 6.00000E+00 2.99906E+00
 -1       365-1.01250E+01-6.00000E+00 4.99844E+00
 -1       366-8.12559E+00-6.00000E+00 5.04842E+00
 -1       367-6.12621E+00-6.00000E+00 5.09841E+00
 -1       368-4.12683E+00-6.00000E+00 5.14839E+00
 -1       369-2.12746E+00-6.00000E+00 5.19838E+00
 -1       370-1.28084E-01-6.00000E+00 5.24836E+00
 -1       371 1.87129E+00-6.00000E+00 5.29834E+00
 -1       372 3.87067E+00-6.00000E+00 5.34833E+00
 -1       373 5.87004E+00-6.00000E+00 5.39831E+00
 -1       374 7.86942E+00-6.00000E+00 5.44830E+00
 -1       375 9.86879E+00-6.00000E+00 5.49828E+00
 -1       376-1.01250E+01-4.00000E+00 4.99844E+00
 -1       377-8.12559E+00-4.00000E+00 5.04842E+00
 -1       378-6.12621E+00-4.00000E+00 5.09841E+00
 -1       379-4.12683E+00-4.00000E+00 5.14839E+00
 -1       380-2.12746E+00-4.00000E+00 5.19838E+00
 -1       381-1.28084E-01-4.00000E+00 5.24836E+00
 -1       382 1.87129E+00-4.00000E+00 5.29834E+00
 -1       383 3.87067E+00-4.00000E+00 5.34833E+00
 -1       384 5.87004E+00-4.00000E+00 5.39831E+00
 -1       385 7.86942E+00-4.00000E+00 5.44830E+00
 -1       386 9.86879E+00-4.00000E+00 5.49828E+00
 -1       387-1.01250E+01-2.00000E+00 4.99844E+00
 -1       388-8.12559E+00-2.00000E+00 5.04842E+00
 -1       389-6.12621E+00-2.00000E+00 5.09841E+00
 -1       390-4.12683E+00-2.00000E+00 5.14839E+00
 -1       391-2.12746E+00-2.00000E+00 5.19838E+00
 -1       392-1.28084E-01-2.00000E+00 5.24836E+00
 -1       393 1.87129E+00-2.00000E+00 5.29834E+00
 -1       394 3.87067E+00-2.00000E+00 5.34833E+00
 -1       395 5.87004E+00-2.00000E+00 5.39831E+00
 -1       396 7.86942E+00-2.00000E+00 5.44830E+00
 -1       397 9.86879E+00-2.00000E+00 5.49828E+00
 -1       398-1.01250E+01 0.00000E+00 4.99844E+00
 -1       399-8.12559E+00 0.00000E+00 5.04842E+00
 -1       400-6.12621E+00 0.00000E+00 5.09841E+00
 -1       401-4.12683E+00 0.00000E+00 5.14839E+00
 -1       402-2.12746E+00 0.00000E+00 5.19838E+00
 -1       403-1.28084E-01 0.00000E+00 5.24836E+00
 -1       404 1.87129E+00 0.00000E+00 5.29834E+00
 -1       405 3.87067E+00 0.00000E+00 5.34833E+00
 -1       406 5.87004E+00 0.00000E+00 5.39831E+00
 -1       407 7.86942E+00 0.00000E+00 5.44830E+00
 -1       408 9.86879E+00 0.00000E+00 5.49828E+00
 -1       409-1.01250E+01 2.00000E+00 4.99844E+00
 -1       410-8.12559E+00 2.00000E+00 5.04842E+00
 -1       411-6.12621E+00 2.00000E+00 5.09841E+00
 -1       412-4.12683E+00 2.00000E+00 5.14839E+00
 -1       413-2.12746E+00 2.00000E+00 5.19838E+00
 -1       414-1.28084E-01 2.00000E+00 5.24836E+00
 -1       415 1.87129E+00 2.00000E+00 5.29834E+00
 -1       416 3.87067E+00 2.00000E+00 5.34833E+00
 -1       417 5.87004E+00 2.00000E+00 5.39831E+00
 -1       418 7.86942E+00 2.00000E+00 5.44830E+00
 -1       419 9.86879E+00 2.00000E+00 5.49828E+00
 -1       420-1.01250E+01 4.00000E+00 4.99844E+00
 -1       421-8.12559E+00 4.00000E+00 5.04842E+00
 -1       422-6.12621E+00 4.00000E+00 5.09841E+00
 -1       423-4.12683E+00 4.00000E+00 5.14839E+00
 -1       424-2.12746E+00 4.00000E+00 5.19838E+00
 -1       425-1.28084E-01 4.00000E+00 5.24836E+00
 -1       426 1.87129E+00 4.00000E+00 5.29834E+00
 -1       427 3.87067E+00 4.00000E+00 5.34833E+00
 -1       428 5.87004E+00 4.00000E+00 5.39831E+00
 -1       429 7.86942E+00 4.00000E+00 5.44830E+00
 -1       430 9.86879E+00 4.00000E+00 5.49828E+00
 -1       431-1.01250E+01 6.00000E+00 4.99844E+00
 -1       432-8.12559E+00 6.00000E+00 5.04842E+00
 -1       433-6.12621E+00 6.00000E+00 5.09841E+00
 -1       434-4.12683E+00 6.00000E+00 5.14839E+00
 -1       435-2.12746E+00 6.00000E+00 5.19838E+00
 -1       436-1.28084E-01 6.00000E+00 5.24836E+00
 -1       437 1.87129E+00 6.00000E+00 5.29834E+00
 -1       438 3.87067E+00 6.00000E+00 5.34833E+00
 -1       439 5.87004E+00 6.00000E+00 5.39831E+00
 -1       440 7.86942E+00 6.00000E+00 5.44830E+00
 -1       441 9.86879E+00 6.00000E+00 5.49828E+00
 -1       442-1.01874E+01-6.00000E+00 7.49766E+00
 -1       443-8.18807E+00-6.00000E+00 7.54764E+00
 -1       444-6.18869E+00-6.00000E+00 7.59763E+00
 -1       445-4.18932E+00-6.00000E+00 7.64761E+00
 -1       446-2.18994E+00-6.00000E+00 7.69760E+00
 -1       447-1.90565E-01-6.00000E+00 7.74758E+00
 -1       448 1.80881E+00-6.00000E+00 7.79756E+00
 -1       449 3.80819E+00-6.00000E+00 7.84755E+00
 -1       450 5.80756E+00-6.00000E+00 7.89753E+00
 -1       451 7.80694E+00-6.00000E+00 7.94752E+00
 -1       452 9.80631E+00-6.00000E+00 7.99750E+00
 -1       453-1.01874E+01-4.00000E+00 7.49766E+00
 -1       454-8.18807E+00-4.00000E+00 7.54764E+00
 -1       455-6.18869E+00-4.00000E+00 7.59763E+00
 -1       456-4.18932E+00-4.00000E+00 7.64761E+00
 -1       457-2.18994E+00-4.00000E+00 7.69760E+00
 -1       458-1.90565E-01-4.00000E+00 7.74758E+00
 -1       459 1.80881E+00-4.00000E+00 7.79756E+00
 -1       460 3.80819E+00-4.00000E+00 7.84755E+00
 -1       461 5.80756E+00-4.00000E+00 7.89753E+00
 -1       462 7.80694E+00-4.00000E+00 7.94752E+00
 -1       463 9.80631E+00-4.00000E+00 7.99750E+00
 -1       464-1.01874E+01-2.00000E+00 7.49766E+00
 -1       465-8.18807E+00-2.00000E+00 7.54764E+00
 -1       466-6.18869E+00-2.00000E+00 7.59763E+00
 -1       467-4.18932E+00-2.00000E+00 7.64761E+00
 -1       468-2.18994E+00-2.00000E+00 7.69760E+00
 -1       469-1.90565E-01-2.00000E+00 7.74758E+00
 -1       470 1.80881E+00-2.00000E+00 7.79756E+00
 -1       471 3.80819E+00-2.00000E+00 7.84755E+00
 -1       472 5.80756E+00-2.00000E+00 7.89753E+00
 -1       473 7.80694E+00-2.00000E+00 7.94752E+00
 -1       474 9.80631E+00-2.00000E+00 7.99750E+00
 -1       475-1.01874E+01 0.00000E+00 7.49766E+00
 -1       476-8.18807E+00 0.00000E+00 7.54764E+00
 -1       477-6.18869E+00 0.00000E+00 7.59763E+00
 -1       478-4.18932E+00 0.00000E+00 7.64761E+00
 -1       479-2.18994E+00 0.00000E+00 7.69760E+00
 -1       480-1.90565E-01 0.00000E+00 7.74758E+00
 -1       481 1.80881E+00 0.00000E+00 7.79756E+00
 -1       482 3.80819E+00 0.00000E+00 7.84755E+00
 -1       483 5.80756E+00 0.00000E+00 7.89753E+00
 -1       484 7.80694E+00 0.00000E+00 7.94752E+00
 -1       485 9.80631E+00 0.00000E+00 7.99750E+00
 -1       486-1.01874E+01 2.00000E+00 7.49766E+00
 -1       487-8.18807E+00 2.00000E+00 7.54764E+00
 -1       488-6.18869E+00 2.00000E+00 7.59763E+00
 -1       489-4.18932E+00 2.00000E+00 7.64761E+00
 -1       490-2.18994E+00 2.00000E+00 7.69760E+00
 -1       491-1.90565E-01 2.00000E+00 7.74758E+00
 -1       492 1.80881E+00 2.00000E+00 7.79756E+00
 -1       493 3.80819E+00 2.00000E+00 7.84755E+00
 -1       494 5.80756E+00 2.00000E+00 7.89753E+00
 -1       495 7.80694E+00 2.00000E+00 7.94752E+00
 -1       496 9.80631E+00 2.00000E+00 7.99750E+00
 -1       497-1.01874E+01 4.00000E+00 7.49766E+00
 -1       498-8.18807E+00 4.00000E+00 7.54764E+00
 -1       499-6.18869E+00 4.00000E+00 7.59763E+00
 -1       500-4.18932E+00 4.00000E+00 7.64761E+00
 -1       501-2.18994E+00 4.00000E+00 7.69760E+00
 -1       502-1.90565E-01 4.00000E+00 7.74758E+00
 -1       503 1.80881E+00 4.00000E+00 7.79756E+00
 -1       504 3.80819E+00 4.00000E+00 7.84755E+00
 -1       505 5.80756E+00 4.00000E+00 7.89753E+00
 -1       506 7.80694E+00 4.00000E+00 7.94752E+00
 -1       507 9.80631E+00 4.00000E+00 7.99750E+00
 -1       508-1.01874E+01 6.00000E+00 7.49766E+00
 -1       509-8.18807E+00 6.00000E+00 7.54764E+00
 -1       510-6.18869E+00 6.00000E+00 7.59763E+00
 -1       511-4.18932E+00 6.00000E+00 7.64761E+00
 -1       512-2.18994E+00 6.00000E+00 7.69760E+00
 -1       513-1.90565E-01 6.00000E+00 7.74758E+00
 -1       514 1.80881E+00 6.00000E+00 7.79756E+00
 -1       515 3.80819E+00 6.00000E+00 7.84755E+00
 -1       516 5.80756E+00 6.00000E+00 7.89753E+00
 -1       517 7.80694E+00 6.00000E+00 7.94752E+00
 -1       518 9.80631E+00 6.00000E+00 7.99750E+00
 -1       519-1.02499E+01-6.00000E+00 9.99688E+00
 -1       520-8.25055E+00-6.00000E+00 1.00469E+01
 -1       521-6.25117E+00-6.00000E+00 1.00968E+01
 -1       522-4.25180E+00-6.00000E+00 1.01468E+01
 -1       523-2.25242E+00-6.00000E+00 1.01968E+01
 -1       524-2.53045E-01-6.00000E+00 1.02468E+01
 -1       525 1.74633E+00-6.00000E+00 1.02968E+01
 -1       526 3.74571E+00-6.00000E+00 1.03468E+01
 -1       527 5.74508E+00-6.00000E+00 1.03968E+01
 -1       528 7.74446E+00-6.00000E+00 1.04467E+01
 -1       529 9.74383E+00-6.00000E+00 1.04967E+01
 -1       530-1.02499E+01-4.00000E+00 9.99688E+00
 -1       531-8.25055E+00-4.00000E+00 1.00469E+01
 -1       532-6.25117E+00-4.00000E+00 1.00968E+01
 -1       533-4.25180E+00-4.00000E+00 1.01468E+01
 -1       534-2.25242E+00-4.00000E+00 1.01968E+01
 -1       535-2.53045E-01-4.00000E+00 1.02468E+01
 -1       536 1.74633E+00-4.00000E+00 1.02968E+01
 -1       537 3.74571E+00-4.00000E+00 1.03468E+01
 -1       538 5.74508E+00-4.00000E+00 1.03968E+01
 -1       539 7.74446E+00-4.00000E+00 1.04467E+01
 -1       540 9.74383E+00-4.00000E+00 1.04967E+01
 -1       541-1.02499E+01-2.00000E+00 9.99688E+00
 -1       542-8.25055E+00-2.00000E+00 1.00469E+01
 -1       543-6.25117E+00-2.00000E+00 1.00968E+01
 -1       544-4.25180E+00-2.00000E+00 1.01468E+01
 -1       545-2.25242E+00-2.00000E+00 1.01968E+01
 -1       546-2.53045E-01-2.00000E+00 1.02468E+01
 -1       547 1.74633E+00-2.00000E+00 1.02968E+01
 -1       548 3.74571E+00-2.00000E+00 1.03468E+01
 -1       549 5.74508E+00-2.00000E+00 1.03968E+01
 -1       550 7.74446E+00-2.00000E+00 1.04467E+01
 -1       551 9.74383E+00-2.00000E+00 1.04967E+01
 -1       552-1.02499E+01 0.00000E+00 9.99688E+00
 -1       553-8.25055E+00 0.00000E+00 1.00469E+01
 -1       554-6.25117E+00 0.00000E+00 1.00968E+01
 -1       555-4.25180E+00 0.00000E+00 1.01468E+01
 -1       556-2.25242E+00 0.00000E+00 1.01968E+01
 -1       557-2.53045E-01 0.00000E+00 1.02468E+01
 -1       558 1.74633E+00 0.00000E+00 1.02968E+01
 -1       559 3.74571E+00 0.00000E+00 1.03468E+01
 -1       560 5.74508E+00 0.00000E+00 1.03968E+01
 -1       561 7.74446E+00 0.00000E+00 1.04467E+01
 -1       562 9.74383E+00 0.00000E+00 1.04967E+01
 -1       563-1.02499E+01 2.00000E+00 9.99688E+00
 -1       564-8.25055E+00 2.00000E+00 1.00469E+01
 -1       565-6.25117E+00 2.00000E+00 1.00968E+01
 -1       566-4.25180E+00 2.00000E+00 1.01468E+01
 -1       567-2.25242E+00 2.00000E+00 1.01968E+01
 -1       568-2.53045E-01 2.00000E+00 1.02468E+01
 -1       569 1.74633E+00 2.00000E+00 1.02968E+01
 -1       570 3.74571E+00 2.00000E+00 1.03468E+01
 -1       571 5.74508E+00 2.00000E+00 1.03968E+01
 -1       572 7.74446E+00 2.00000E+00 1.04467E+01
 -1       573 9.74383E+00 2.00000E+00 1.04967E+01
 -1       574-1.02499E+01 4.00000E+00 9.99688E+00
 -1       575-8.25055E+00 4.00000E+00 1.00469E+01
 -1       576-6.25117E+00 4.00000E+00 1.00968E+01
 -1       577-4.25180E+00 4.00000E+00 1.01468E+01
 -1       578-2.25242E+00 4.00000E+00 1.01968E+01
 -1       579-2.53045E-01 4.00000E+00 1.02468E+01
 -1       580 1.74633E+00 4.00000E+00 1.02968E+01
 -1       581 3.74571E+00 4.00000E+00 1.03468E+01
 -1       582 5.74508E+00 4.00000E+00 1.03968E+01
 -1       583 7.74446E+00 4.00000E+00 1.04467E+01
 -1       584 9.74383E+00 4.00000E+00 1.04967E+01
 -1       585-1.02499E+01 6.00000E+00 9.99688E+00
 -1       586-8.25055E+00 6.00000E+00 1.00469E+01
 -1       587-6.25117E+00 6.00000E+00 1.00968E+01
 -1       588-4.25180E+00 6.00000E+00 1.01468E+01
 -1       589-2.25242E+00 6.00000E+00 1.01968E+01
 -1       590-2.53045E-01 6.00000E+00 1.02468E+01
 -1       591 1.74633E+00 6.00000E+00 1.02968E+01
 -1       592 3.74571E+00 6.00000E+00 1.03468E+01
 -1       593 5.74508E+00 6.00000E+00 1.03968E+01
 -1       594 7.74446E+00 6.00000E+00 1.04467E+01
 -1       595 9.74383E+00 6.00000E+00 1.04967E+01
 -3
    3C                           348                                     1
 -1         1    1    0    1
 -2         1         2        12        11        71        72        82        81
 -1         2    1    0    1
 -2         2         3        13        12        72        73        83        82
 -1         3    1    0    1
 -2         3         4        14        13        73        74        84        83
 -1         4    1    0    1
 -2         4         5        15        14        74        75        85        84
 -1         5    1    0    1
 -2         5         6        16        15        75        76        86        85
 -1         6    1    0    1
 -2         6         7        17        16        76        77        87        86
 -1         7    1    0    1
 -2         7         8        18        17        77        78        88        87
 -1         8    1    0    1
 -2         8         9        19        18        78        79        89        88
 -1         9    1    0    1
 -2         9        10        20        19        79        80        90        89
 -1        10    1    0    1
 -2        11        12        22        21        81        82        92        91
 -1        11    1    0    1
 -2        12        13        23        22        82        83        93        92
 -1        12    1    0    1
 -2        13        14        24        23        83        84        94        93
 -1        13    1    0    1
 -2        14        15        25        24        84        85        95        94
 -1        14    1    0    1
 -2        15        16        26        25        85        86        96        95
 -1        15    1    0    1
 -2        16        17        27        26        86        87        97        96
 -1        16    1    0    1
 -2        17        18        28        27        87        88        98        97
 -1        17    1    0    1
 -2        18        19        29        28        88        89        99        98
 -1        18    1    0    1
 -2        19        20        30        29        89        90       100        99
 -1        19    1    0    1
 -2        21        22        32        31        91        92       102       101
 -1        20    1    0    1
 -2        22        23        33        32        92        93       103       102
 -1        21    1    0    1
 -2        23        24        34        33        93        94       104       103
 -1        22    1    0    1
 -2        24        25        35        34        94        95       105       104
 -1        23    1    0    1
 -2        25        26        36        35        95        96       106       105
 -1        24    1    0    1
 -2        26        27        37        36        96        97       107       106
 -1        25    1    0    1
 -2        27        28        38        37        97        98       108       107
 -1        26    1    0    1
 -2        28        29        39        38        98        99       109       108
 -1        27    1    0    1
 -2        29        30        40        39        99       100       110       109
 -1        28    1    0    1
 -2        31        32        42        41       101       102       112       111
 -1        29    1    0    1
 -2        32        33        43        42       102       103       113       112
 -1        30    1    0    1
 -2        33        34        44        43       103       104       114       113
 -1        31    1    0    1
 -2        34        35        45        44       104       105       115       114
 -1        32    1    0    1
 -2        35        36        46        45       105       106       116       115
 -1        33    1    0    1
 -2        36        37        47        46       106       107       117       116
 -1        34    1    0    1
 -2        37        38        48        47       107       108       118       117
 -1        35    1    0    1
 -2        38        39        49        48       108       109       119       118
 -1        36    1    0    1
 -2        39        40        50        49       109       110       120       119
 -1        37    1    0    1
 -2        41        42        52        51       111       112       122       121
 -1        38    1    0    1
 -2        42        43        53        52       112       113       123       122
 -1        39    1    0    1
 -2        43        44        54        53       113       114       124       123
 -1        40    1    0    1
 -2        44        45        55        54       114       115       125       124
 -1        41    1    0    1
 -2        45        46        56        55       115       116       126       125
 -1        42    1    0    1
 -2        46        47        57        56       116       117       127       126
 -1        43    1    0    1
 -2        47        48        58        57       117       118       128       127
 -1        44    1    0    1
 -2        48        49        59        58       118       119       129       128
 -1        45    1    0    1
 -2        49        50        60        59       119       120       130       129
 -1        46    1    0    1
 -2        51        52        62        61       121       122       132       131
 -1        47    1    0    1
 -2        52        53        63        62       122       123       133       132
 -1        48    1    0    1
 -2        53        54        64        63       123       124       134       133
 -1        49    1    0    1
 -2        54        55        65        64       124       125       135       134
 -1        50    1    0    1
 -2        55        56        66        65       125       126       136       135
 -1        51    1    0    1
 -2        56        57        67        66       126       127       137       136
 -1        52    1    0    1
 -2        57        58        68        67       127       128       138       137
 -1        53    1    0    1
 -2        58        59        69        68       128       129       139       138
 -1        54    1    0    1
 -2        59        60        70        69       129       130       140       139
 -1        55    1    0    1
 -2        71        72        82        81       141       142       152       151
 -1        56    1    0    1
 -2        72        73        83        82       142       143       153       152
 -1        57    1    0    1
 -2        73        74        84        83       143       144       154       153
 -1        58    1    0    1
 -2        74        75        85        84       144       145       155       154
 -1        59    1    0    1
 -2        75        76        86        85       145       146       156       155
 -1        60    1    0    1
 -2        76        77        87        86       146       147       157       156
 -1        61    1    0    1
 -2        77        78        88        87       147       148       158       157
 -1        62    1    0    1
 -2        78        79        89        88       148       149       159       158
 -1        63    1    0    1
 -2        79        80        90        89       149       150       160       159
 -1        64    1    0    1
 -2        81        82        92        91       151       152       162       161
 -1        65    1    0    1
 -2        82        83        93        92       152       153       163       162
 -1        66    1    0    1
 -2        83        84        94        93       153       154       164       163
 -1        67    1    0    1
 -2        84        85        95        94       154       155       165       164
 -1        68    1    0    1
 -2        85        86        96        95       155       156       166       165
 -1        69    1    0    1
 -2        86        87        97        96       156       157       167       166
 -1        70    1    0    1
 -2        87        88        98        97       157       158       168       167
 -1        71    1    0    1
 -2        88        89        99        98       158       159       169       168
 -1        72    1    0    1
 -2        89        90       100        99       159       160       170       169
 -1        73    1    0    1
 -2        91        92       102       101       161       162       172       171
 -1        74    1    0    1
 -2        92        93       103       102       162       163       173       172
 -1        75    1    0    1
 -2        93        94       104       103       163       164       174       173
 -1        76    1    0    1
 -2        94        95       105       104       164       165       175       174
 -1        77    1    0    1
 -2        95        96       106       105       165       166       176       175
 -1        78    1    0    1
 -2        96        97       107       106       166       167       177       176
 -1        79    1    0    1
 -2        97        98       108       107       167       168       178       177
 -1        80    1    0    1
 -2        98        99       109       108       168       169       179       178
 -1        81    1    0    1
 -2        99       100       110       109       169       170       180       179
 -1        82    1    0    1
 -2       101       102       112       111       171       172       182       181
 -1        83    1    0    1
 -2       102       103       113       112       172       173       183       182
 -1        84    1    0    1
 -2       103       104       114       113       173       174       184       183
 -1        85    1    0    1
 -2       104       105       115       114       174       175       185       184
 -1        86    1    0    1
 -2       105       106       116       115       175       176       186       185
 -1        87    1    0    1
 -2       106       107       117       116       176       177       187       186
 -1        88    1    0    1
 -2       107       108       118       117       177       178       188       187
 -1        89    1    0    1
 -2       108       109       119       118       178       179       189       188
 -1        90    1    0    1
 -2       109       110       120       119       179       180       190       189
 -1        91    1    0    1
 -2       111       112       122       121       181       182       192       191
 -1        92    1    0    1
 -2       112       113       123       122       182       183       193       192
 -1        93    1    0    1
 -2       113       114       124       123       183       184       194       193
 -1        94    1    0    1
 -2       114       115       125       124       184       185       195       194
 -1        95    1    0    1
 -2       115       116       126       125       185       186       196       195
 -1        96    1    0    1
 -2       116       117       127       126       186       187       197       196
 -1        97    1    0    1
 -2       117       118       128       127       187       188       198       197
 -1        98    1    0    1
 -2       118       119       129       128       188       189       199       198
 -1        99    1    0    1
 -2       119       120       130       129       189       190       200       199
 -1       100    1    0    1
 -2       121       122       132       131       191       192       202       201
 -1       101    1    0    1
 -2       122       123       133       132       192       193       203       202
 -1       102    1    0    1
 -2       123       124       134       133       193       194       204       203
 -1       103    1    0    1
 -2       124       125       135       134       194       195       205       204
 -1       104    1    0    1
 -2       125       126       136       135       195       196       206       205
 -1       105    1    0    1
 -2       126       127       137       136       196       197       207       206
 -1       106    1    0    1
 -2       127       128       138       137       197       198       208       207
 -1       107    1    0    1
 -2       128       129       139       138       198       199       209       208
 -1       108    1    0    1
 -2       129       130       140       139       199       200       210       209
 -1       109    1    0    1
 -2       211       212       223       222       288       289       300       299
 -1       110    1    0    1
 -2       212       213       224       223       289       290       301       300
 -1       111    1    0    1
 -2       213       214       225       224       290       291       302       301
 -1       112    1    0    1
 -2       214       215       226       225       291       292       303       302
 -1       113    1    0    1
 -2       215       216       227       226       292       293       304       303
 -1       114    1    0    1
 -2       216       217       228       227       293       294       305       304
 -1       115    1    0    1
 -2       217       218       229       228       294       295       306       305
 -1       116    1    0    1
 -2       218       219       230       229       295       296       307       306
 -1       117    1    0    1
 -2       219       220       231       230       296       297       308       307
 -1       118    1    0    1
 -2       220       221       232       231       297       298       309       308
 -1       119    1    0    1
 -2       222       223       234       233       299       300       311       310
 -1       120    1    0    1
 -2       223       224       235       234       300       301       312       311
 -1       121    1    0    1
 -2       224       225       236       235       301       302       313       312
 -1       122    1    0    1
 -2       225       226       237       236       302       303       314       313
 -1       123    1    0    1
 -2       226       227       238       237       303       304       315       314
 -1       124    1    0    1
 -2       227       228       239       238       304       305       316       315
 -1       125    1    0    1
 -2       228       229       240       239       305       306       317       316
 -1       126    1    0    1
 -2       229       230       241       240       306       307       318       317
 -1       127    1    0    1
 -2       230       231       242       241       307       308       319       318
 -1       128    1    0    1
 -2       231       232       243       242       308       309       320       319
 -1       129    1    0    1
 -2       233       234       245       244       310       311       322       321
 -1       130    1    0    1
 -2       234       235       246       245       311       312       323       322
 -1       131    1    0    1
 -2       235       236       247       246       312       313       324       323
 -1       132    1    0    1
 -2       236       237       248       247       313       314       325       324
 -1       133    1    0    1
 -2       237       238       249       248       314       315       326       325
 -1       134    1    0    1
 -2       238       239       250       249       315       316       327       326
 -1       135    1    0    1
 -2       239       240       251       250       316       317       328       327
 -1       136    1    0    1
 -2       240       241       252       251       317       318       329       328
 -1       137    1    0    1
 -2       241       242       253       252       318       319       330       329
 -1       138    1    0    1
 -2       242       243       254       253       319       320       331       330
 -1       139    1    0    1
 -2       244       245       256       255       321       322       333       332
 -1       140    1    0    1
 -2       245       246       257       256       322       323       334       333
 -1       141    1    0    1
 -2       246       247       258       257       323       324       335       334
 -1       142    1    0    1
 -2       247       248       259       258       324       325       336       335
 -1       143    1    0    1
 -2       248       249       260       259       325       326       337       336
 -1       144    1    0    1
 -2       249       250       261       260       326       327       338       337
 -1       145    1    0    1
 -2       250       251       262       261       327       328       339       338
 -1       146    1    0    1
 -2       251       252       263       262       328       329       340       339
 -1       147    1    0    1
 -2       252       253       264       263       329       330       341       340
 -1       148    1    0    1
 -2       253       254       265       264       330       331       342       341
 -1       149    1    0    1
 -2       255       256       267       266       332       333       344       343
 -1       150    1    0    1
 -2       256       257       268       267       333       334       345       344
 -1       151    1    0    1
 -2       257       258       269       268       334       335       346       345
 -1       152    1    0    1
 -2       258       259       270       269       335       336       347       346
 -1       153    1    0    1
 -2       259       260       271       270       336       337       348       347
 -1       154    1    0    1
 -2       260       261       272       271       337       338       349       348
 -1       155    1    0    1
 -2       261       262       273       272       338       339       350       349
 -1       156    1    0    1
 -2       262       263       274       273       339       340       351       350
 -1       157    1    0    1
 -2       263       264       275       274       340       341       352       351
 -1       158    1    0    1
 -2       264       265       276       275       341       342       353       352
 -1       159    1    0    1
 -2       266       267       278       277       343       344       355       354
 -1       160    1    0    1
 -2       267       268       279       278       344       345       356       355
 -1       161    1    0    1
 -2       268       269       280       279       345       346       357       356
 -1       162    1    0    1
 -2       269       270       281       280       346       347       358       357
 -1       163    1    0    1
 -2       270       271       282       281       347       348       359       358
 -1       164    1    0    1
 -2       271       272       283       282       348       349       360       359
 -1       165    1    0    1
 -2       272       273       284       283       349       350       361       360
 -1       166    1    0    1
 -2       273       274       285       284       350       351       362       361
 -1       167    1    0    1
 -2       274       275       286       285       351       352       363       362
 -1       168    1    0    1
 -2       275       276       287       286       352       353       364       363
 -1       169    1    0    1
 -2       288       289       300       299       365       366       377       376
 -1       170    1    0    1
 -2       289       290       301       300       366       367       378       377
 -1       171    1    0    1
 -2       290       291       302       301       367       368       379       378
 -1       172    1    0    1
 -2       291       292       303       302       368       369       380       379
 -1       173    1    0    1
 -2       292       293       304       303       369       370       381       380
 -1       174    1    0    1
 -2       293       294       305       304       370       371       382       381
 -1       175    1    0    1
 -2       294       295       306       305       371       372       383       382
 -1       176    1    0    1
 -2       295       296       307       306       372       373       384       383
 -1       177    1    0    1
 -2       296       297       308       307       373       374       385       384
 -1       178    1    0    1
 -2       297       298       309       308       374       375       386       385
 -1       179    1    0    1
 -2       299       300       311       310       376       377       388       387
 -1       180    1    0    1
 -2       300       301       312       311       377       378       389       388
 -1       181    1    0    1
 -2       301       302       313       312       378       379       390       389
 -1       182    1    0    1
 -2       302       303       314       313       379       380       391       390
 -1       183    1    0    1
 -2       303       304       315       314       380       381       392       391
 -1       184    1    0    1
 -2       304       305       316       315       381       382       393       392
 -1       185    1    0    1
 -2       305       306       317       316       382       383       394       393
 -1       186    1    0    1
 -2       306       307       318       317       383       384       395       394
 -1       187    1    0    1
 -2       307       308       319       318       384       385       396       395
 -1       188    1    0    1
 -2       308       309       320       319       385       386       397       396
 -1       189    1    0    1
 -2       310       311       322       321       387       388       399       398
 -1       190    1    0    1
 -2       311       312       323       322       388       389       400       399
 -1       191    1    0    1
 -2       312       313       324       323       389       390       401       400
 -1       192    1    0    1
 -2       313       314       325       324       390       391       402       401
 -1       193    1    0    1
 -2       314       315       326       325       391       392       403       402
 -1       194    1    0    1
 -2       315       316       327       326       392       393       404       403
 -1       195    1    0    1
 -2       316       317       328       327       393       394       405       404
 -1       196    1    0    1
 -2       317       318       329       328       394       395       406       405
 -1       197    1    0    1
 -2       318       319       330       329       395       396       407       406
 -1       198    1    0    1
 -2       319       320       331       330       396       397       408       407
 -1       199    1    0    1
 -2       321       322       333       332       398       399       410       409
 -1       200    1    0    1
 -2       322       323       334       333       399       400       411       410
 -1       201    1    0    1
 -2       323       324       335       334       400       401       412       411
 -1       202    1    0    1
 -2       324       325       336       335       401       402       413       412
 -1       203    1    0    1
 -2       325       326       337       336       402       403       414       413
 -1       204    1    0    1
 -2       326       327       338       337       403       404       415       414
 -1       205    1    0    1
 -2       327       328       339       338       404       405       416       415
 -1       206    1    0    1
 -2       328       329       340       339       405       406       417       416
 -1       207    1    0    1
 -2       329       330       341       340       406       407       418       417
 -1       208    1    0    1
 -2       330       331       342       341       407       408       419       418
 -1       209    1    0    1
 -2       332       333       344       343       409       410       421       420
 -1       210    1    0    1
 -2       333       334       345       344       410       411       422       421
 -1       211    1    0    1
 -2       334       335       346       345       411       412       423       422
 -1       212    1    0    1
 -2       335       336       347       346       412       413       424       423
 -1       213    1    0    1
 -2       336       337       348       347       413       414       425       424
 -1       214    1    0    1
 -2       337       338       349       348       414       415       426       425
 -1       215    1    0    1
 -2       338       339       350       349       415       416       427       426
 -1       216    1    0    1
 -2       339       340       351       350       416       417       428       427
 -1       217    1    0    1
 -2       340       341       352       351       417       418       429       428
 -1       218    1    0    1
 -2       341       342       353       352       418       419       430       429
 -1       219    1    0    1
 -2       343       344       355       354       420       421       432       431
 -1       220    1    0    1
 -2       344       345       356       355       421       422       433       432
 -1       221    1    0    1
 -2       345       346       357       356       422       423       434       433
 -1       222    1    0    1
 -2       346       347       358       357       423       424       435       434
 -1       223    1    0    1
 -2       347       348       359       358       424       425       436       435
 -1       224    1    0    1
 -2       348       349       360       359       425       426       437       436
 -1       225    1    0    1
 -2       349       350       361       360       426       427       438       437
 -1       226    1    0    1
 -2       350       351       362       361       427       428       439       438
 -1       227    1    0    1
 -2       351       352       363       362       428       429       440       439
 -1       228    1    0    1
 -2       352       353       364       363       429       430       441       440
 -1       229    1    0    1
 -2       365       366       377       376       442       443       454       453
 -1       230    1    0    1
 -2       366       367       378       377       443       444       455       454
 -1       231    1    0    1
 -2       367       368       379       378       444       445       456       455
 -1       232    1    0    1
 -2       368       369       380       379       445       446       457       456
 -1       233    1    0    1
 -2       369       370       381       380       446       447       458       457
 -1       234    1    0    1
 -2       370       371       382       381       447       448       459       458
 -1       235    1    0    1
 -2       371       372       383       382       448       449       460       459
 -1       236    1    0    1
 -2       372       373       384       383       449       450       461       460
 -1       237    1    0    1
 -2       373       374       385       384       450       451       462       461
 -1       238    1    0    1
 -2       374       375       386       385       451       452       463       462
 -1       239    1    0    1
 -2       376       377       388       387       453       454       465       464
 -1       240    1    0    1
 -2       377       378       389       388       454       455       466       465
 -1       241    1    0    1
 -2       378       379       390       389       455       456       467       466
 -1       242    1    0    1
 -2       379       380       391       390       456       457       468       467
 -1       243    1    0    1
 -2       380       381       392       391       457       458       469       468
 -1       244    1    0    1
 -2       381       382       393       392       458       459       470       469
 -1       245    1    0    1
 -2       382       383       394       393       459       460       471       470
 -1       246    1    0    1
 -2       383       384       395       394       460       461       472       471
 -1       247    1    0    1
 -2       384       385       396       395       461       462       473       472
 -1       248    1    0    1
 -2       385       386       397       396       462       463       474       473
 -1       249    1    0    1
 -2       387       388       399       398       464       465       476       475
 -1       250    1    0    1
 -2       388       389       400       399       465       466       477       476
 -1       251    1    0    1
 -2       389       390       401       400       466       467       478       477
 -1       252    1    0    1
 -2       390       391       402       401       467       468       479       478
 -1       253    1    0    1
 -2       391       392       403       402       468       469       480       479
 -1       254    1    0    1
 -2       392       393       404       403       469       470       481       480
 -1       255    1    0    1
 -2       393       394       405       404       470       471       482       481
 -1       256    1    0    1
 -2       394       395       406       405       471       472       483       482
 -1       257    1    0    1
 -2       395       396       407       406       472       473       484       483
 -1       258    1    0    1
 -2       396       397       408       407       473       474       485       484
 -1       259    1    0    1
 -2       398       399       410       409       475       476       487       486
 -1       260    1    0    1
 -2       399       400       411       410       476       477       488       487
 -1       261    1    0    1
 -2       400       401       412       411       477       478       489       488
 -1       262    1    0    1
 -2       401       402       413       412       478       479       490       489
 -1       263    1    0    1
 -2       402       403       414       413       479       480       491       490
 -1       264    1    0    1
 -2       403       404       415       414       480       481       492       491
 -1       265    1    0    1
 -2       404       405       416       415       481       482       493       492
 -1       266    1    0    1
 -2       405       406       417       416       482       483       494       493
 -1       267    1    0    1
 -2       406       407       418       417       483       484       495       494
 -1       268    1    0    1
 -2       407       408       419       418       484       485       496       495
 -1       269    1    0    1
 -2       409       410       421       420       486       487       498       497
 -1       270    1    0    1
 -2       410       411       422       421       487       488       499       498
 -1       271    1    0    1
 -2       411       412       423       422       488       489       500       499
 -1       272    1    0    1
 -2       412       413       424       423       489       490       501       500
 -1       273    1    0    1
 -2       413       414       425       424       490       491       502       501
 -1       274    1    0    1
 -2       414       415       426       425       491       492       503       502
 -1       275    1    0    1
 -2       415       416       427       426       492       493       504       503
 -1       276    1    0    1
 -2       416       417       428       427       493       494       505       504
 -1       277    1    0    1
 -2       417       418       429       428       494       495       506       505
 -1       278    1    0    1
 -2       418       419       430       429       495       496       507       506
 -1       279    1    0    1
 -2       420       421       432       431       497       498       509       508
 -1       280    1    0    1
 -2       421       422       433       432       498       499       510       509
 -1       281    1    0    1
 -2       422       423       434       433       499       500       511       510
 -1       282    1    0    1
 -2       423       424       435       434       500       501       512       511
 -1       283    1    0    1
 -2       424       425       436       435       501       502       513       512
 -1       284    1    0    1
 -2       425       426       437       436       502       503       514       513
 -1       285    1    0    1
 -2       426       427       438       437       503       504       515       514
 -1       286    1    0    1
 -2       427       428       439       438       504       505       516       515
 -1       287    1    0    1
 -2       428       429       440       439       505       506       517       516
 -1       288    1    0    1
 -2       429       430       441       440       506       507       518       517
 -1       289    1    0    1
 -2       442       443       454       453       519       520       531       530
 -1       290    1    0    1
 -2       443       444       455       454       520       521       532       531
 -1       291    1    0    1
 -2       444       445       456       455       521       522       533       532
 -1       292    1    0    1
 -2       445       446       457       456       522       523       534       533
 -1       293    1    0    1
 -2       446       447       458       457       523       524       535       534
 -1       294    1    0    1
 -2       447       448       459       458       524       525       536       535
 -1       295    1    0    1
 -2       448       449       460       459       525       526       537       536
 -1       296    1    0    1
 -2       449       450       461       460       526       527       538       537
 -1       297    1    0    1
 -2       450       451       462       461       527       528       539       538
 -1       298    1    0    1
 -2       451       452       463       462       528       529       540       539
 -1       299    1    0    1
 -2       453       454       465       464       530       531       542       541
 -1       300    1    0    1
 -2       454       455       466       465       531       532       543       542
 -1       301    1    0    1
 -2       455       456       467       466       532       533       544       543
 -1       302    1    0    1
 -2       456       457       468       467       533       534       545       544
 -1       303    1    0    1
 -2       457       458       469       468       534       535       546       545
 -1       304    1    0    1
 -2       458       459       470       469       535       536       547       546
 -1       305    1    0    1
 -2       459       460       471       470       536       537       548       547
 -1       306    1    0    1
 -2       460       461       472       471       537       538       549       548
 -1       307    1    0    1
 -2       461       462       473       472       538       539       550       549
 -1       308    1    0    1
 -2       462       463       474       473       539       540       551       550
 -1       309    1    0    1
 -2       464       465       476       475       541       542       553       552
 -1       310    1    0    1
 -2       465       466       477       476       542       543       554       553
 -1       311    1    0    1
 -2       466       467       478       477       543       544       555       554
 -1       312    1    0    1
 -2       467       468       479       478       544       545       556       555
 -1       313    1    0    1
 -2       468       469       480       479       545       546       557       556
 -1       314    1    0    1
 -2       469       470       481       480       546       547       558       557
 -1       315    1    0    1
 -2       470       471       482       481       547       548       559       558
 -1       316    1    0    1
 -2       471       472       483       482       548       549       560       559
 -1       317    1    0    1
 -2       472       473       484       483       549       550       561       560
 -1       318    1    0    1
 -2       473       474       485       484       550       551       562       561
 -1       319    1    0    1
 -2       475       476       487       486       552       553       564       563
 -1       320    1    0    1
 -2       476       477       488       487       553       554       565       564
 -1       321    1    0    1
 -2       477       478       489       488       554       555       566       565
 -1       322    1    0    1
 -2       478       479       490       489       555       556       567       566
 -1       323    1    0    1
 -2       479       480       491       490       556       557       568       567
 -1       324    1    0    1
 -2       480       481       492       491       557       558       569       568
 -1       325    1    0    1
 -2       481       482       493       492       558       559       570       569
 -1       326    1    0    1
 -2       482       483       494       493       559       560       571       570
 -1       327    1    0    1
 -2       483       484       495       494       560       561       572       571
 -1       328    1    0    1
 -2       484       485       496       495       561       562       573       572
 -1       329    1    0    1
 -2       486       487       498       497       563       564       575       574
 -1       330    1    0    1
 -2       487       488       499       498       564       565       576       575
 -1       331    1    0    1
 -2       488       489       500       499       565       566       577       576
 -1       332    1    0    1
 -2       489       490       501       500       566       567       578       577
 -1       333    1    0    1
 -2       490       491       502       501       567       568       579       578
 -1       334    1    0    1
 -2       491       492       503       502       568       569       580       579
 -1       335    1    0    1
 -2       492       493       504       503       569       570       581       580
 -1       336    1    0    1
 -2       493       494       505       504       570       571       582       581
 -1       337    1    0    1
 -2       494       495       506       505       571       572       583       582
 -1       338    1    0    1
 -2       495       496       507       506       572       573       584       583
 -1       339    1    0    1
 -2       497       498       509       508       574       575       586       585
 -1       340    1    0    1
 -2       498       499       510       509       575       576       587       586
 -1       341    1    0    1
 -2       499       500       511       510       576       577       588       587
 -1       342    1    0    1
 -2       500       501       512       511       577       578       589       588
 -1       343    1    0    1
 -2       501       502       513       512       578       579       590       589
 -1       344    1    0    1
 -2       502       503       514       513       579       580       591       590
 -1       345    1    0    1
 -2       503       504       515       514       580       581       592       591
 -1       346    1    0    1
 -2       504       505       516       515       581       582       593       592
 -1       347    1    0    1
 -2       505       506       517       516       582       583       594       593
 -1       348    1    0    1
 -2       506       507       518       517       583       584       595       594
 -3
    1PSTEP                         1           1           1          
  100CL  101 3.40000E-01         595                     0    1           1
 -4  DISP        4    1
 -5  D1          1    2    1    0
 -5  D2          1    2    2    0
 -5  D3          1    2    3    0
 -5  ALL         1    2    0    0    1ALL
 -1         1 0.00000E+00 0.00000E+00 0.00000E+00
 -1         2 0.00000E+00 0.00000E+00 0.00000E+00
 -1         3 0.00000E+00 0.00000E+00 0.00000E+00
 -1         4 0.00000E+00 0.00000E+00 0.00000E+00
 -1         5 0.00000E+00 0.00000E+00 0.00000E+00
 -1         6 0.00000E+00 0.00000E+00 0.00000E+00
 -1         7 0.00000E+00 0.00000E+00 0.00000E+00
 -1         8 0.00000E+00 0.00000E+00 0.00000E+00
 -1         9 0.00000E+00 0.00000E+00 0.00000E+00
 -1        10 0.00000E+00 0.00000E+00 0.00000E+00
 -1        11 0.00000E+00 0.00000E+00 0.00000E+00
 -1        12 0.00000E+00 0.00000E+00 0.00000E+00
 -1        13 0.00000E+00 0.00000E+00 0.00000E+00
 -1        14 0.00000E+00 0.00000E+00 0.00000E+00
 -1        15 0.00000E+00 0.00000E+00 0.00000E+00
 -1        16 0.00000E+00 0.00000E+00 0.00000E+00
 -1        17 0.00000E+00 0.00000E+00 0.00000E+00
 -1        18 0.00000E+00 0.00000E+00 0.00000E+00
 -1        19 0.00000E+00 0.00000E+00 0.00000E+00
 -1        20 0.00000E+00 0.00000E+00 0.00000E+00
 -1        21 0.00000E+00 0.00000E+00 0.00000E+00
 -1        22 0.00000E+00 0.00000E+00 0.00000E+00
 -1        23 0.00000E+00 0.00000E+00 0.00000E+00
 -1        24 0.00000E+00 0.00000E+00 0.00000E+00
 -1        25 0.00000E+00 0.00000E+00 0.00000E+00
 -1        26 0.00000E+00 0.00000E+00 0.00000E+00
 -1        27 0.00000E+00 0.00000E+00 0.00000E+00
 -1        28 0.00000E+00 0.00000E+00 0.00000E+00
 -1        29 0.00000E+00 0.00000E+00 0.00000E+00
 -1        30 0.00000E+00 0.00000E+00 0.00000E+00
 -1        31 0.00000E+00 0.00000E+00 0.00000E+00
 -1        32 0.00000E+00 0.00000E+00 0.00000E+00
 -1        33 0.00000E+00 0.00000E+00 0.00000E+00
 -1        34 0.00000E+00 0.00000E+00 0.00000E+00
 -1        35 0.00000E+00 0.00000E+00 0.00000E+00
 -1        36 0.00000E+00 0.00000E+00 0.00000E+00
 -1        37 0.00000E+00 0.00000E+00 0.00000E+00
 -1        38 0.00000E+00 0.00000E+00 0.00000E+00
 -1        39 0.00000E+00 0.00000E+00 0.00000E+00
 -1        40 0.00000E+00 0.00000E+00 0.00000E+00
 -1        41 0.00000E+00 0.00000E+00 0.00000E+00
 -1        42 0.00000E+00 0.00000E+00 0.00000E+00
 -1        43 0.00000E+00 0.00000E+00 0.00000E+00
 -1        44 0.00000E+00 0.00000E+00 0.00000E+00
 -1        45 0.00000E+00 0.00000E+00 0.00000E+00
 -1        46 0.00000E+00 0.00000E+00 0.00000E+00
 -1        47 0.00000E+00 0.00000E+00 0.00000E+00
 -1        48 0.00000E+00 0.00000E+00 0.00000E+00
 -1        49 0.00000E+00 0.00000E+00 0.00000E+00
 -1        50 0.00000E+00 0.00000E+00 0.00000E+00
 -1        51 0.00000E+00 0.00000E+00 0.00000E+00
 -1        52 0.00000E+00 0.00000E+00 0.00000E+00
 -1        53 0.00000E+00 0.00000E+00 0.00000E+00
 -1        54 0.00000E+00 0.00000E+00 0.00000E+00
 -1        55 0.00000E+00 0.00000E+00 0.00000E+00
 -1        56 0.00000E+00 0.00000E+00 0.00000E+00
 -1        57 0.00000E+00 0.00000E+00 0.00000E+00
 -1        58 0.00000E+00 0.00000E+00 0.00000E+00
 -1        59 0.00000E+00 0.00000E+00 0.00000E+00
 -1        60 0.00000E+00 0.00000E+00 0.00000E+00
 -1        61 0.00000E+00 0.00000E+00 0.00000E+00
 -1        62 0.00000E+00 0.00000E+00 0.00000E+00
 -1        63 0.00000E+00 0.00000E+00 0.00000E+00
 -1        64 0.00000E+00 0.00000E+00 0.00000E+00
 -1        65 0.00000E+00 0.00000E+00 0.00000E+00
 -1        66 0.00000E+00 0.00000E+00 0.00000E+00
 -1        67 0.00000E+00 0.00000E+00 0.00000E+00
 -1        68 0.00000E+00 0.00000E+00 0.00000E+00
 -1        69 0.00000E+00 0.00000E+00 0.00000E+00
 -1        70 0.00000E+00 0.00000E+00 0.00000E+00
 -1        71-3.56391E-04-6.67764E-04-2.59889E-04
 -1        72-1.72898E-04-7.85296E-04-3.08183E-04
 -1        73 8.58565E-05-7.39588E-04-2.51204E-04
 -1        74 1.98332E-04-2.88375E-04-6.02023E-05
 -1        75 1.20707E-04-8.45730E-05 1.87884E-05
 -1        76 4.80585E-05-1.71094E-05 4.87760E-06
 -1        77 2.47374E-05-6.29285E-06-4.14821E-06
 -1        78 1.62386E-05-3.64698E-06-3.25562E-06
 -1        79 1.09639E-05-1.93234E-06-1.19066E-06
 -1        80 9.83343E-06-1.04805E-06-4.77331E-06
 -1        81-9.25784E-04-6.29587E-04-5.12273E-04
 -1        82-4.80705E-04-7.84653E-04-1.00863E-03
 -1        83 2.01731E-04-7.67311E-04-9.70903E-04
 -1        84 3.23496E-04-2.63162E-04-1.81806E-04
 -1        85 8.99409E-05-7.11787E-05 7.19315E-05
 -1        86 2.72713E-05-1.03864E-05 1.38385E-05
 -1        87 1.73702E-05-2.58917E-06 1.05638E-06
 -1        88 1.33673E-05-1.13818E-06-1.57429E-06
 -1        89 9.44480E-06-5.77395E-07-4.04167E-07
 -1        90 8.81134E-06 1.39063E-07-4.23344E-06
 -1        91-1.78878E-03-4.35975E-04-9.96507E-04
 -1        92-9.40126E-04-5.19378E-04-2.12741E-03
 -1        93 4.80393E-04-5.14995E-04-2.06730E-03
 -1        94 6.60783E-04-1.77961E-04-3.88217E-04
 -1        95 1.25150E-04-4.91748E-05 1.36227E-04
 -1        96 1.94320E-05-7.14926E-06 1.54708E-05
 -1        97 1.14955E-05-1.53992E-06 2.18208E-06
 -1        98 1.11345E-05-3.76032E-07-2.01646E-06
 -1        99 8.28083E-06-1.54831E-07-2.09693E-07
 -1       100 7.95213E-06 2.65848E-07-3.77586E-06
 -1       101-2.10769E-03 1.38510E-07-1.19408E-03
 -1       102-1.10813E-03 1.07568E-07-2.56649E-03
 -1       103 5.72800E-04 8.79262E-08-2.49769E-03
 -1       104 7.83677E-04 9.01017E-08-4.70691E-04
 -1       105 1.46731E-04 2.47306E-08 1.62116E-04
 -1       106 1.78466E-05 8.27838E-09 1.71593E-05
 -1       107 9.74413E-06 2.73742E-09 2.43789E-06
 -1       108 1.03599E-05 1.10695E-10-2.34094E-06
 -1       109 7.86389E-06-7.54046E-10-1.57999E-07
 -1       110 7.62928E-06-1.87253E-09-3.62257E-06
 -1       111-1.78894E-03 4.36285E-04-9.96636E-04
 -1       112-9.40210E-04 5.19804E-04-2.12760E-03
 -1       113 4.80430E-04 5.15390E-04-2.06749E-03
 -1       114 6.60854E-04 1.78136E-04-3.88248E-04
 -1       115 1.25185E-04 4.92283E-05 1.36227E-04
 -1       116 1.94448E-05 7.16967E-06 1.54721E-05
 -1       117 1.15020E-05 1.54483E-06 2.18242E-06
 -1       118 1.11389E-05 3.76360E-07-2.01635E-06
 -1       119 8.28394E-06 1.53326E-07-2.09728E-07
 -1       120 7.95505E-06-2.69406E-07-3.77726E-06
 -1       121-9.25903E-04 6.29920E-04-5.12357E-04
 -1       122-4.80754E-04 7.84951E-04-1.00868E-03
 -1       123 2.01760E-04 7.67575E-04-9.70940E-04
 -1       124 3.23561E-04 2.63323E-04-1.81824E-04
 -1       125 8.99875E-05 7.12465E-05 7.19297E-05
 -1       126 2.72969E-05 1.04079E-05 1.38379E-05
 -1       127 1.73859E-05 2.59486E-06 1.05619E-06
 -1       128 1.33769E-05 1.13864E-06-1.57438E-06
 -1       129 9.45112E-06 5.76311E-07-4.04294E-07
 -1       130 8.81698E-06-1.41984E-07-4.23614E-06
 -1       131-3.56420E-04 6.68088E-04-2.60038E-04
 -1       132-1.72882E-04 7.85560E-04-3.08306E-04
 -1       133 8.59066E-05 7.39806E-04-2.51298E-04
 -1       134 1.98408E-04 2.88527E-04-6.02672E-05
 -1       135 1.20782E-04 8.46552E-05 1.87503E-05
 -1       136 4.81109E-05 1.71420E-05 4.85992E-06
 -1       137 2.47660E-05 6.30341E-06-4.15468E-06
 -1       138 1.62540E-05 3.65005E-06-3.25734E-06
 -1       139 1.09730E-05 1.93226E-06-1.19072E-06
 -1       140 9.84116E-06 1.04624E-06-4.77593E-06
 -1       141-5.38115E-05-2.91786E-04-2.01681E-04
 -1       142-1.27664E-04 6.04500E-05 7.47535E-05
 -1       143-1.26403E-04 1.74469E-04 1.85438E-04
 -1       144-4.52211E-05-6.59314E-05-7.14397E-05
 -1       145 6.23929E-05-6.21925E-05 5.30215E-05
 -1       146 7.52208E-05-2.92002E-05 2.13926E-05
 -1       147 4.39142E-05-1.44252E-05-1.23134E-06
 -1       148 2.36425E-05-5.98754E-06-1.56761E-06
 -1       149 1.68642E-05-2.21601E-06-1.29282E-06
 -1       150 1.55485E-05-2.35699E-07-5.16697E-06
 -1       151 6.15332E-05-2.43826E-04-1.44700E-04
 -1       152-2.04177E-04 1.61521E-05-2.48011E-03
 -1       153-3.09053E-04 9.52754E-05-2.21238E-03
 -1       154-2.08200E-04-6.39980E-05-1.11665E-04
 -1       155 1.30841E-05-6.58875E-05 4.54108E-05
 -1       156 6.14987E-05-2.76629E-05 3.68946E-05
 -1       157 3.57835E-05-7.77355E-06 1.49298E-06
 -1       158 1.99198E-05-2.71392E-06 3.59581E-07
 -1       159 1.47965E-05-1.23618E-06-8.76581E-07
 -1       160 1.40048E-05-2.07570E-07-4.83571E-06
 -1       161 3.98053E-04-9.32673E-05 1.00783E-04
 -1       162-2.43647E-04 9.25796E-05-5.48409E-03
 -1       163-5.66786E-04 1.34732E-04-4.93213E-03
 -1       164-4.29984E-04-1.26027E-05-7.36062E-05
 -1       165-1.09852E-05-3.85271E-05 7.13566E-05
 -1       166 6.84224E-05-1.82003E-05 5.82482E-05
 -1       167 3.14855E-05-4.03098E-06-1.00743E-06
 -1       168 1.71614E-05-6.32313E-07 6.99217E-07
 -1       169 1.30636E-05-3.48688E-07-6.84612E-07
 -1       170 1.25883E-05 8.40290E-08-3.97433E-06
 -1       171 4.71124E-04 4.80636E-08 4.45897E-05
 -1       172-2.75710E-04 1.11789E-06-6.43509E-03
 -1       173-6.58420E-04 1.02725E-06-5.78538E-03
 -1       174-5.02621E-04 4.34104E-08-1.26322E-04
 -1       175-1.46581E-05 4.56701E-08 8.20192E-05
 -1       176 7.53960E-05 1.07156E-08 6.69533E-05
 -1       177 3.08687E-05 3.55892E-09-2.52491E-06
 -1       178 1.59931E-05 2.90307E-11 5.21604E-07
 -1       179 1.23447E-05-9.16583E-10-7.58644E-07
 -1       180 1.20576E-05-2.19871E-09-3.73307E-06
 -1       181 3.97665E-04 9.38147E-05 1.00611E-04
 -1       182-2.43883E-04-9.18872E-05-5.48428E-03
 -1       183-5.66670E-04-1.34082E-04-4.93229E-03
 -1       184-4.29842E-04 1.28936E-05-7.36200E-05
 -1       185-1.09572E-05 3.85995E-05 7.13601E-05
 -1       186 6.84404E-05 1.82314E-05 5.82525E-05
 -1       187 3.14948E-05 4.03808E-06-1.00586E-06
 -1       188 1.71677E-05 6.32871E-07 7.00021E-07
 -1       189 1.30687E-05 3.46884E-07-6.84621E-07
 -1       190 1.25932E-05-8.81947E-08-3.97602E-06
 -1       191 6.14097E-05 2.44311E-04-1.44809E-04
 -1       192-2.04244E-04-1.57711E-05-2.48024E-03
 -1       193-3.09057E-04-9.49384E-05-2.21247E-03
 -1       194-2.08146E-04 6.42469E-05-1.11685E-04
 -1       195 1.31426E-05 6.60049E-05 4.54069E-05
 -1       196 6.15298E-05 2.77017E-05 3.68950E-05
 -1       197 3.58041E-05 7.78530E-06 1.49402E-06
 -1       198 1.99330E-05 2.71548E-06 3.60590E-07
 -1       199 1.48066E-05 1.23484E-06-8.76624E-07
 -1       200 1.40141E-05 2.03748E-07-4.83884E-06
 -1       201-5.38142E-05 2.92228E-04-2.01835E-04
 -1       202-1.27664E-04-6.00878E-05 7.46297E-05
 -1       203-1.26361E-04-1.74172E-04 1.85351E-04
 -1       204-4.51427E-05 6.61519E-05-7.15121E-05
 -1       205 6.24785E-05 6.23204E-05 5.29810E-05
 -1       206 7.52847E-05 2.92528E-05 2.13777E-05
 -1       207 4.39497E-05 1.44411E-05-1.23426E-06
 -1       208 2.36628E-05 5.99166E-06-1.56715E-06
 -1       209 1.68782E-05 2.21525E-06-1.29242E-06
 -1       210 1.55611E-05 2.32065E-07-5.16984E-06
 -1       211-2.24901E-02-8.54975E-03-4.67728E-03
 -1       212-1.56869E-02-4.10133E-04-4.06533E-02
 -1       213-1.13589E-02 1.93007E-03-4.68764E-02
 -1       214-8.22206E-03 2.07559E-03-5.04954E-02
 -1       215-6.20450E-03 1.73885E-03-5.15607E-02
 -1       216-4.81685E-03 1.26472E-03-5.19004E-02
 -1       217-3.93925E-03 8.26699E-04-5.18573E-02
 -1       218-3.43597E-03 4.85102E-04-5.17747E-02
 -1       219-3.20151E-03 2.51997E-04-5.18009E-02
 -1       220-3.13112E-03 1.14129E-04-5.20154E-02
 -1       221-3.11505E-03 2.32877E-05-5.23722E-02
 -1       222-2.61587E-02-4.12102E-03-6.27513E-03
 -1       223-1.85031E-02-1.44148E-03-3.92450E-02
 -1       224-1.27284E-02 7.61478E-04-4.53360E-02
 -1       225-8.72707E-03 1.27768E-03-4.93858E-02
 -1       226-6.31542E-03 1.17659E-03-5.08448E-02
 -1       227-4.75000E-03 8.88419E-04-5.14721E-02
 -1       228-3.81482E-03 5.94035E-04-5.16306E-02
 -1       229-3.31314E-03 3.58596E-04-5.16796E-02
 -1       230-3.10176E-03 1.96070E-04-5.17824E-02
 -1       231-3.05045E-03 9.54791E-05-5.20290E-02
 -1       232-3.03964E-03 2.93319E-05-5.23909E-02
 -1       233-2.61814E-02-1.70623E-03-7.17538E-03
 -1       234-1.88638E-02-1.00582E-03-3.91365E-02
 -1       235-1.35518E-02 6.93885E-05-4.49849E-02
 -1       236-9.38748E-03 5.58235E-04-4.89676E-02
 -1       237-6.70238E-03 5.83862E-04-5.05140E-02
 -1       238-4.94141E-03 4.60195E-04-5.12466E-02
 -1       239-3.88907E-03 3.15720E-04-5.14962E-02
 -1       240-3.32506E-03 1.95963E-04-5.16112E-02
 -1       241-3.08161E-03 1.11474E-04-5.17559E-02
 -1       242-3.01314E-03 5.73164E-05-5.20231E-02
 -1       243-2.99428E-03 2.27124E-05-5.23872E-02
 -1       244-2.60897E-02-7.57507E-06-7.69791E-03
 -1       245-1.88624E-02-1.62794E-06-3.91499E-02
 -1       246-1.37006E-02-1.43788E-06-4.49275E-02
 -1       247-9.61588E-03-1.00268E-06-4.88720E-02
 -1       248-6.86223E-03-7.22818E-07-5.04250E-02
 -1       249-5.03187E-03-4.90644E-07-5.11799E-02
 -1       250-3.93215E-03-3.17235E-07-5.14534E-02
 -1       251-3.33991E-03-1.85673E-07-5.15872E-02
 -1       252-3.08049E-03-8.32808E-08-5.17448E-02
 -1       253-3.00352E-03 4.66868E-09-5.20184E-02
 -1       254-2.98055E-03 9.55756E-08-5.23834E-02
 -1       255-2.61825E-02 1.69987E-03-7.17550E-03
 -1       256-1.88653E-02 1.00125E-03-3.91369E-02
 -1       257-1.35524E-02-7.21658E-05-4.49853E-02
 -1       258-9.38787E-03-5.60329E-04-4.89679E-02
 -1       259-6.70267E-03-5.85321E-04-5.05142E-02
 -1       260-4.94165E-03-4.61189E-04-5.12468E-02
 -1       261-3.88929E-03-3.16360E-04-5.14963E-02
 -1       262-3.32527E-03-1.96338E-04-5.16112E-02
 -1       263-3.08181E-03-1.11641E-04-5.17560E-02
 -1       264-3.01334E-03-5.73057E-05-5.20232E-02
 -1       265-2.99448E-03-2.25203E-05-5.23872E-02
 -1       266-2.61602E-02 4.11630E-03-6.27533E-03
 -1       267-1.85045E-02 1.43735E-03-3.92458E-02
 -1       268-1.27295E-02-7.64603E-04-4.53367E-02
 -1       269-8.72784E-03-1.27986E-03-4.93864E-02
 -1       270-6.31604E-03-1.17811E-03-5.08452E-02
 -1       271-4.75052E-03-8.89442E-04-5.14724E-02
 -1       272-3.81527E-03-5.94695E-04-5.16308E-02
 -1       273-3.31356E-03-3.58982E-04-5.16798E-02
 -1       274-3.10216E-03-1.96241E-04-5.17825E-02
 -1       275-3.05084E-03-9.54663E-05-5.20291E-02
 -1       276-3.04003E-03-2.91378E-05-5.23910E-02
 -1       277-2.24922E-02 8.54528E-03-4.67747E-03
 -1       278-1.56887E-02 4.06119E-04-4.06546E-02
 -1       279-1.13605E-02-1.93329E-03-4.68777E-02
 -1       280-8.22342E-03-2.07790E-03-5.04964E-02
 -1       281-6.20558E-03-1.74043E-03-5.15614E-02
 -1       282-4.81772E-03-1.26579E-03-5.19009E-02
 -1       283-3.93998E-03-8.27389E-04-5.18576E-02
 -1       284-3.43661E-03-4.85506E-04-5.17749E-02
 -1       285-3.20210E-03-2.52177E-04-5.18011E-02
 -1       286-3.13170E-03-1.14117E-04-5.20155E-02
 -1       287-3.11563E-03-2.30918E-05-5.23723E-02
 -1       288-1.42115E-03-8.11839E-03-2.91184E-02
 -1       289-1.06739E-03-3.24201E-03-3.81570E-02
 -1       290-3.47087E-03-7.87602E-04-4.75320E-02
 -1       291-4.00360E-03 3.64979E-04-5.04701E-02
 -1       292-3.86745E-03 6.63060E-04-5.17822E-02
 -1       293-3.52756E-03 6.43883E-04-5.20363E-02
 -1       294-3.17711E-03 5.11108E-04-5.19577E-02
 -1       295-2.89395E-03 3.66372E-04-5.18132E-02
 -1       296-2.70661E-03 2.47157E-04-5.17880E-02
 -1       297-2.61165E-03 1.55285E-04-5.19626E-02
 -1       298-2.58651E-03 7.75496E-05-5.23572E-02
 -1       299-4.83245E-03-4.16472E-03-2.91876E-02
 -1       300-3.64832E-03-2.15673E-03-3.78973E-02
 -1       301-4.86748E-03-4.67079E-04-4.67420E-02
 -1       302-4.62109E-03 2.73277E-04-4.97239E-02
 -1       303-4.06508E-03 4.89511E-04-5.12252E-02
 -1       304-3.52699E-03 4.63753E-04-5.16730E-02
 -1       305-3.10014E-03 3.62512E-04-5.17481E-02
 -1       306-2.80314E-03 2.56654E-04-5.17134E-02
 -1       307-2.62720E-03 1.72157E-04-5.17595E-02
 -1       308-2.54454E-03 1.09803E-04-5.19746E-02
 -1       309-2.52107E-03 5.94151E-05-5.23765E-02
 -1       310-5.82374E-03-1.73280E-03-2.92673E-02
 -1       311-4.48951E-03-1.07614E-03-3.80469E-02
 -1       312-5.62093E-03-2.95889E-04-4.66304E-02
 -1       313-5.11852E-03 1.38015E-04-4.95168E-02
 -1       314-4.33214E-03 2.60635E-04-5.10113E-02
 -1       315-3.63470E-03 2.49068E-04-5.15044E-02
 -1       316-3.12060E-03 1.93998E-04-5.16337E-02
 -1       317-2.78378E-03 1.37092E-04-5.16460E-02
 -1       318-2.59417E-03 9.22602E-05-5.17265E-02
 -1       319-2.50868E-03 6.02129E-05-5.19611E-02
 -1       320-2.48548E-03 3.57910E-05-5.23624E-02
 -1       321-6.04973E-03-1.27459E-06-2.93742E-02
 -1       322-4.68073E-03-1.62944E-06-3.81091E-02
 -1       323-5.81164E-03-1.12309E-06-4.66494E-02
 -1       324-5.30355E-03-7.93273E-07-4.94930E-02
 -1       325-4.44807E-03-5.61306E-07-5.09652E-02
 -1       326-3.69292E-03-3.78049E-07-5.14590E-02
 -1       327-3.14183E-03-2.40496E-07-5.15982E-02
 -1       328-2.78552E-03-1.34586E-07-5.16221E-02
 -1       329-2.58717E-03-4.85672E-08-5.17117E-02
 -1       330-2.49851E-03 2.98183E-08-5.19508E-02
 -1       331-2.47446E-03 1.14066E-07-5.23508E-02
 -1       332-5.82421E-03 1.72873E-03-2.92682E-02
 -1       333-4.49005E-03 1.07291E-03-3.80474E-02
 -1       334-5.62144E-03 2.93625E-04-4.66308E-02
 -1       335-5.11892E-03-1.39649E-04-4.95170E-02
 -1       336-4.33247E-03-2.61770E-04-5.10114E-02
 -1       337-3.63497E-03-2.49834E-04-5.15045E-02
 -1       338-3.12084E-03-1.94485E-04-5.16338E-02
 -1       339-2.78399E-03-1.37366E-04-5.16461E-02
 -1       340-2.59436E-03-9.23599E-05-5.17265E-02
 -1       341-2.50887E-03-6.01543E-05-5.19612E-02
 -1       342-2.48566E-03-3.55644E-05-5.23625E-02
 -1       343-4.83338E-03 4.16085E-03-2.91881E-02
 -1       344-3.64928E-03 2.15353E-03-3.78981E-02
 -1       345-4.86841E-03 4.64691E-04-4.67428E-02
 -1       346-4.62188E-03-2.74970E-04-4.97244E-02
 -1       347-4.06575E-03-4.90689E-04-5.12257E-02
 -1       348-3.52756E-03-4.64546E-04-5.16733E-02
 -1       349-3.10063E-03-3.63019E-04-5.17483E-02
 -1       350-2.80356E-03-2.56942E-04-5.17136E-02
 -1       351-2.62758E-03-1.72265E-04-5.17596E-02
 -1       352-2.54491E-03-1.09748E-04-5.19747E-02
 -1       353-2.52143E-03-5.91916E-05-5.23766E-02
 -1       354-1.42251E-03 8.11469E-03-2.91195E-02
 -1       355-1.06878E-03 3.23886E-03-3.81583E-02
 -1       356-3.47230E-03 7.85144E-04-4.75333E-02
 -1       357-4.00491E-03-3.66765E-04-5.04711E-02
 -1       358-3.86855E-03-6.64307E-04-5.17829E-02
 -1       359-3.52846E-03-6.44732E-04-5.20368E-02
 -1       360-3.17785E-03-5.11655E-04-5.19580E-02
 -1       361-2.89458E-03-3.66687E-04-5.18134E-02
 -1       362-2.70718E-03-2.47282E-04-5.17882E-02
 -1       363-2.61219E-03-1.55237E-04-5.19627E-02
 -1       364-2.58704E-03-7.73287E-05-5.23574E-02
 -1       365-2.51631E-04-5.58363E-03-3.93279E-02
 -1       366 1.00709E-03-3.70186E-03-4.18268E-02
 -1       367 9.87757E-04-1.88395E-03-4.66718E-02
 -1       368-2.33361E-04-7.57053E-04-5.00470E-02
 -1       369-1.05032E-03-1.36473E-04-5.13125E-02
 -1       370-1.52006E-03 1.41333E-04-5.17336E-02
 -1       371-1.73024E-03 2.38414E-04-5.17394E-02
 -1       372-1.78934E-03 2.51979E-04-5.16566E-02
 -1       373-1.78924E-03 2.35944E-04-5.16257E-02
 -1       374-1.81242E-03 2.10492E-04-5.17849E-02
 -1       375-1.82802E-03 1.71409E-04-5.22506E-02
 -1       376-1.94196E-03-3.71812E-03-3.98683E-02
 -1       377-4.54239E-04-2.39620E-03-4.22393E-02
 -1       378-1.29736E-04-1.25232E-03-4.66038E-02
 -1       379-9.13428E-04-4.77898E-04-4.97682E-02
 -1       380-1.40068E-03-6.52467E-05-5.10285E-02
 -1       381-1.66636E-03 1.14146E-04-5.15149E-02
 -1       382-1.76915E-03 1.71111E-04-5.15961E-02
 -1       383-1.78132E-03 1.74920E-04-5.15771E-02
 -1       384-1.76630E-03 1.62024E-04-5.15955E-02
 -1       385-1.78759E-03 1.45672E-04-5.17946E-02
 -1       386-1.80857E-03 1.28900E-04-5.22703E-02
 -1       387-2.79482E-03-1.69752E-03-3.97234E-02
 -1       388-1.17481E-03-1.11424E-03-4.23960E-02
 -1       389-6.95430E-04-5.72191E-04-4.67043E-02
 -1       390-1.30188E-03-2.04633E-04-4.97397E-02
 -1       391-1.62585E-03-1.01543E-05-5.09428E-02
 -1       392-1.77270E-03 6.94645E-05-5.14193E-02
 -1       393-1.80375E-03 9.02423E-05-5.15163E-02
 -1       394-1.78001E-03 8.73319E-05-5.15195E-02
 -1       395-1.75168E-03 7.79998E-05-5.15570E-02
 -1       396-1.77307E-03 6.88611E-05-5.17665E-02
 -1       397-1.79687E-03 6.00319E-05-5.22320E-02
 -1       398-3.02998E-03-1.12893E-06-3.96580E-02
 -1       399-1.37108E-03-8.84592E-07-4.23930E-02
 -1       400-8.63153E-04-6.96100E-07-4.67175E-02
 -1       401-1.42524E-03-5.05335E-07-4.97255E-02
 -1       402-1.70362E-03-3.47350E-07-5.09159E-02
 -1       403-1.81237E-03-2.28496E-07-5.13903E-02
 -1       404-1.81820E-03-1.39282E-07-5.14926E-02
 -1       405-1.78088E-03-7.05332E-08-5.15029E-02
 -1       406-1.74704E-03-1.29073E-08-5.15465E-02
 -1       407-1.76731E-03 4.28481E-08-5.17591E-02
 -1       408-1.79224E-03 1.07310E-07-5.22226E-02
 -1       409-2.79509E-03 1.69546E-03-3.97235E-02
 -1       410-1.17510E-03 1.11245E-03-4.23962E-02
 -1       411-6.95724E-04 5.70754E-04-4.67046E-02
 -1       412-1.30217E-03 2.03604E-04-4.97399E-02
 -1       413-1.62611E-03 9.44337E-06-5.09429E-02
 -1       414-1.77293E-03-6.99332E-05-5.14195E-02
 -1       415-1.80395E-03-9.05300E-05-5.15164E-02
 -1       416-1.78018E-03-8.74799E-05-5.15196E-02
 -1       417-1.75184E-03-7.80304E-05-5.15570E-02
 -1       418-1.77323E-03-6.87788E-05-5.17665E-02
 -1       419-1.79702E-03-5.98214E-05-5.22320E-02
 -1       420-1.94249E-03 3.71581E-03-3.98688E-02
 -1       421-4.54804E-04 2.39427E-03-4.22399E-02
 -1       422-1.30314E-04 1.25081E-03-4.66044E-02
 -1       423-9.14006E-04 4.76799E-04-4.97687E-02
 -1       424-1.40121E-03 6.44819E-05-5.10288E-02
 -1       425-1.66683E-03-1.14658E-04-5.15151E-02
 -1       426-1.76955E-03-1.71431E-04-5.15963E-02
 -1       427-1.78167E-03-1.75091E-04-5.15773E-02
 -1       428-1.76662E-03-1.62070E-04-5.15956E-02
 -1       429-1.78789E-03-1.45598E-04-5.17946E-02
 -1       430-1.80886E-03-1.28697E-04-5.22704E-02
 -1       431-2.52499E-04 5.58126E-03-3.93290E-02
 -1       432 1.00619E-03 3.69986E-03-4.18280E-02
 -1       433 9.86829E-04 1.88237E-03-4.66729E-02
 -1       434-2.34267E-04 7.55873E-04-5.00479E-02
 -1       435-1.05114E-03 1.35632E-04-5.13132E-02
 -1       436-1.52076E-03-1.41907E-04-5.17341E-02
 -1       437-1.73083E-03-2.38782E-04-5.17397E-02
 -1       438-1.78984E-03-2.52185E-04-5.16568E-02
 -1       439-1.78969E-03-2.36013E-04-5.16258E-02
 -1       440-1.81286E-03-2.10432E-04-5.17849E-02
 -1       441-1.82845E-03-1.71209E-04-5.22508E-02
 -1       442-5.61995E-04-3.59868E-03-4.54406E-02
 -1       443 8.71728E-04-2.79215E-03-4.64081E-02
 -1       444 1.41809E-03-1.88412E-03-4.81924E-02
 -1       445 1.12221E-03-1.02455E-03-4.98383E-02
 -1       446 4.03946E-04-4.30990E-04-5.08252E-02
 -1       447-1.86498E-04-8.04295E-05-5.12021E-02
 -1       448-5.56654E-04 9.42046E-05-5.13253E-02
 -1       449-7.37067E-04 1.73908E-04-5.13408E-02
 -1       450-8.00379E-04 2.15385E-04-5.13566E-02
 -1       451-8.25866E-04 2.54038E-04-5.14325E-02
 -1       452-9.52200E-04 3.13822E-04-5.19148E-02
 -1       453-1.22739E-03-2.12346E-03-4.64552E-02
 -1       454 1.76239E-04-1.53765E-03-4.73631E-02
 -1       455 7.68200E-04-9.90225E-04-4.87290E-02
 -1       456 6.26264E-04-5.27428E-04-5.00735E-02
 -1       457 9.27502E-05-2.12548E-04-5.08777E-02
 -1       458-3.53193E-04-3.32594E-05-5.11691E-02
 -1       459-6.32547E-04 5.48092E-05-5.12614E-02
 -1       460-7.67044E-04 9.38670E-05-5.12727E-02
 -1       461-8.14006E-04 1.12964E-04-5.12944E-02
 -1       462-8.42223E-04 1.27559E-04-5.13777E-02
 -1       463-9.85089E-04 1.41602E-04-5.18632E-02
 -1       464-1.68142E-03-1.03351E-03-4.62622E-02
 -1       465-1.89984E-04-7.20173E-04-4.73807E-02
 -1       466 4.70253E-04-4.39511E-04-4.87426E-02
 -1       467 4.07586E-04-2.28466E-04-5.00517E-02
 -1       468-4.49014E-05-8.86120E-05-5.08366E-02
 -1       469-4.26222E-04-1.10535E-05-5.11288E-02
 -1       470-6.63060E-04 2.62042E-05-5.12300E-02
 -1       471-7.73560E-04 4.22888E-05-5.12522E-02
 -1       472-8.09861E-04 4.93959E-05-5.12838E-02
 -1       473-8.37121E-04 5.29115E-05-5.13725E-02
 -1       474-9.90925E-04 5.42721E-05-5.18566E-02
 -1       475-1.81929E-03-4.46354E-07-4.61842E-02
 -1       476-2.99639E-04-3.86171E-07-4.73793E-02
 -1       477 3.79613E-04-2.96578E-07-4.87553E-02
 -1       478 3.41921E-04-2.10688E-07-5.00562E-02
 -1       479-8.67851E-05-1.40203E-07-5.08308E-02
 -1       480-4.48767E-04-8.71886E-08-5.11191E-02
 -1       481-6.72167E-04-4.83609E-08-5.12202E-02
 -1       482-7.74893E-04-1.85260E-08-5.12443E-02
 -1       483-8.07661E-04 7.83984E-09-5.12779E-02
 -1       484-8.34965E-04 3.64228E-08-5.13671E-02
 -1       485-9.90659E-04 7.46771E-08-5.18504E-02
 -1       486-1.68149E-03 1.03257E-03-4.62622E-02
 -1       487-1.90084E-04 7.19389E-04-4.73808E-02
 -1       488 4.70116E-04 4.38917E-04-4.87427E-02
 -1       489 4.07436E-04 2.28038E-04-5.00518E-02
 -1       490-4.50514E-05 8.83245E-05-5.08367E-02
 -1       491-4.26361E-04 1.08726E-05-5.11289E-02
 -1       492-6.63182E-04-2.63068E-05-5.12301E-02
 -1       493-7.73666E-04-4.23311E-05-5.12522E-02
 -1       494-8.09954E-04-4.93850E-05-5.12838E-02
 -1       495-8.37205E-04-5.28434E-05-5.13725E-02
 -1       496-9.91013E-04-5.41288E-05-5.18567E-02
 -1       497-1.22754E-03 2.12255E-03-4.64553E-02
 -1       498 1.76014E-04 1.53686E-03-4.73634E-02
 -1       499 7.67910E-04 9.89597E-04-4.87293E-02
 -1       500 6.25954E-04 5.26966E-04-5.00737E-02
 -1       501 9.24459E-05 2.12227E-04-5.08779E-02
 -1       502-3.53471E-04 3.30490E-05-5.11692E-02
 -1       503-6.32790E-04-5.49361E-05-5.12615E-02
 -1       504-7.67255E-04-9.39287E-05-5.12727E-02
 -1       505-8.14190E-04-1.12969E-04-5.12945E-02
 -1       506-8.42389E-04-1.27505E-04-5.13777E-02
 -1       507-9.85259E-04-1.41478E-04-5.18633E-02
 -1       508-5.62186E-04 3.59764E-03-4.54413E-02
 -1       509 8.71375E-04 2.79121E-03-4.64089E-02
 -1       510 1.41763E-03 1.88334E-03-4.81932E-02
 -1       511 1.12173E-03 1.02395E-03-4.98389E-02
 -1       512 4.03487E-04 4.30550E-04-5.08257E-02
 -1       513-1.86906E-04 8.01251E-05-5.12024E-02
 -1       514-5.57005E-04-9.44011E-05-5.13255E-02
 -1       515-7.37368E-04-1.74018E-04-5.13409E-02
 -1       516-8.00643E-04-2.15423E-04-5.13567E-02
 -1       517-8.26106E-04-2.54007E-04-5.14325E-02
 -1       518-9.52443E-04-3.13724E-04-5.19149E-02
 -1       519 0.00000E+00 0.00000E+00-5.10000E-02
 -1       520 0.00000E+00 0.00000E+00-5.10000E-02
 -1       521 0.00000E+00 0.00000E+00-5.10000E-02
 -1       522 0.00000E+00 0.00000E+00-5.10000E-02
 -1       523 0.00000E+00 0.00000E+00-5.10000E-02
 -1       524 0.00000E+00 0.00000E+00-5.10000E-02
 -1       525 0.00000E+00 0.00000E+00-5.10000E-02
 -1       526 0.00000E+00 0.00000E+00-5.10000E-02
 -1       527 0.00000E+00 0.00000E+00-5.10000E-02
 -1       528 0.00000E+00 0.00000E+00-5.10000E-02
 -1       529 0.00000E+00 0.00000E+00-5.10000E-02
 -1       530 0.00000E+00 0.00000E+00-5.10000E-02
 -1       531 0.00000E+00 0.00000E+00-5.10000E-02
 -1       532 0.00000E+00 0.00000E+00-5.10000E-02
 -1       533 0.00000E+00 0.00000E+00-5.10000E-02
 -1       534 0.00000E+00 0.00000E+00-5.10000E-02
 -1       535 0.00000E+00 0.00000E+00-5.10000E-02
 -1       536 0.00000E+00 0.00000E+00-5.10000E-02
 -1       537 0.00000E+00 0.00000E+00-5.10000E-02
 -1       538 0.00000E+00 0.00000E+00-5.10000E-02
 -1       539 0.00000E+00 0.00000E+00-5.10000E-02
 -1       540 0.00000E+00 0.00000E+00-5.10000E-02
 -1       541 0.00000E+00 0.00000E+00-5.10000E-02
 -1       542 0.00000E+00 0.00000E+00-5.10000E-02
 -1       543 0.00000E+00 0.00000E+00-5.10000E-02
 -1       544 0.00000E+00 0.00000E+00-5.10000E-02
 -1       545 0.00000E+00 0.00000E+00-5.10000E-02
 -1       546 0.00000E+00 0.00000E+00-5.10000E-02
 -1       547 0.00000E+00 0.00000E+00-5.10000E-02
 -1       548 0.00000E+00 0.00000E+00-5.10000E-02
 -1       549 0.00000E+00 0.00000E+00-5.10000E-02
 -1       550 0.00000E+00 0.00000E+00-5.10000E-02
 -1       551 0.00000E+00 0.00000E+00-5.10000E-02
 -1       552 0.00000E+00 0.00000E+00-5.10000E-02
 -1       553 0.00000E+00 0.00000E+00-5.10000E-02
 -1       554 0.00000E+00 0.00000E+00-5.10000E-02
 -1       555 0.00000E+00 0.00000E+00-5.10000E-02
 -1       556 0.00000E+00 0.00000E+00-5.10000E-02
 -1       557 0.00000E+00 0.00000E+00-5.10000E-02
 -1       558 0.00000E+00 0.00000E+00-5.10000E-02
 -1       559 0.00000E+00 0.00000E+00-5.10000E-02
 -1       560 0.00000E+00 0.00000E+00-5.10000E-02
 -1       561 0.00000E+00 0.00000E+00-5.10000E-02
 -1       562 0.00000E+00 0.00000E+00-5.10000E-02
 -1       563 0.00000E+00 0.00000E+00-5.10000E-02
 -1       564 0.00000E+00 0.00000E+00-5.10000E-02
 -1       565 0.00000E+00 0.00000E+00-5.10000E-02
 -1       566 0.00000E+00 0.00000E+00-5.10000E-02
 -1       567 0.00000E+00 0.00000E+00-5.10000E-02
 -1       568 0.00000E+00 0.00000E+00-5.10000E-02
 -1       569 0.00000E+00 0.00000E+00-5.10000E-02
 -1       570 0.00000E+00 0.00000E+00-5.10000E-02
 -1       571 0.00000E+00 0.00000E+00-5.10000E-02
 -1       572 0.00000E+00 0.00000E+00-5.10000E-02
 -1       573 0.00000E+00 0.00000E+00-5.10000E-02
 -1       574 0.00000E+00 0.00000E+00-5.10000E-02
 -1       575 0.00000E+00 0.00000E+00-5.10000E-02
 -1       576 0.00000E+00 0.00000E+00-5.10000E-02
 -1       577 0.00000E+00 0.00000E+00-5.10000E-02
 -1       578 0.00000E+00 0.00000E+00-5.10000E-02
 -1       579 0.00000E+00 0.00000E+00-5.10000E-02
 -1       580 0.00000E+00 0.00000E+00-5.10000E-02
 -1       581 0.00000E+00 0.00000E+00-5.10000E-02
 -1       582 0.00000E+00 0.00000E+00-5.10000E-02
 -1       583 0.00000E+00 0.00000E+00-5.10000E-02
 -1       584 0.00000E+00 0.00000E+00-5.10000E-02
 -1       585 0.00000E+00 0.00000E+00-5.10000E-02
 -1       586 0.00000E+00 0.00000E+00-5.10000E-02
 -1       587 0.00000E+00 0.00000E+00-5.10000E-02
 -1       588 0.00000E+00 0.00000E+00-5.10000E-02
 -1       589 0.00000E+00 0.00000E+00-5.10000E-02
 -1       590 0.00000E+00 0.00000E+00-5.10000E-02
 -1       591 0.00000E+00 0.00000E+00-5.10000E-02
 -1       592 0.00000E+00 0.00000E+00-5.10000E-02
 -1       593 0.00000E+00 0.00000E+00-5.10000E-02
 -1       594 0.00000E+00 0.00000E+00-5.10000E-02
 -1       595 0.00000E+00 0.00000E+00-5.10000E-02
 -3
    1PSTEP                         2           1           1          
  100CL  101 3.40000E-01           7                     0    1           1
 -4  CONTACT     6    1
 -5  COPEN       1    1    0    0
 -5  CSLIP1      1    1    0    0
 -5  CSLIP2      1    1    0    0
 -5  CPRESS      1    1    0    0
 -5  CSHEAR1     1    1    0    0
 -5  CSHEAR2     1    1    0    0
 -1       277-1.76397E-03 0.00000E+00 0.00000E+00 1.76097E+03 0.00000E+00 0.00000E+00
 -1       266-1.63923E-03 0.00000E+00 0.00000E+00 1.63623E+03 0.00000E+00 0.00000E+00
 -1       255-1.60235E-03 0.00000E+00 0.00000E+00 1.59935E+03 0.00000E+00 0.00000E+00
 -1       244-1.58268E-03 0.00000E+00 0.00000E+00 1.57968E+03 0.00000E+00 0.00000E+00
 -1       233-1.60234E-03 0.00000E+00 0.00000E+00 1.59934E+03 0.00000E+00 0.00000E+00
 -1       222-1.63920E-03 0.00000E+00 0.00000E+00 1.63620E+03 0.00000E+00 0.00000E+00
 -1       211-1.76391E-03 0.00000E+00 0.00000E+00 1.76091E+03 0.00000E+00 0.00000E+00
 -3
    1PSTEP                         3           2           1          
  100CL  102 6.80000E-01         595                     0    2           1
 -4  DISP        4    1
 -5  D1          1    2    1    0
 -5  D2          1    2    2    0
 -5  D3          1    2    3    0
 -5  ALL         1    2    0    0    1ALL
 -1         1 0.00000E+00 0.00000E+00 0.00000E+00
 -1         2 0.00000E+00 0.00000E+00 0.00000E+00
 -1         3 0.00000E+00 0.00000E+00 0.00000E+00
 -1         4 0.00000E+00 0.00000E+00 0.00000E+00
 -1         5 0.00000E+00 0.00000E+00 0.00000E+00
 -1         6 0.00000E+00 0.00000E+00 0.00000E+00
 -1         7 0.00000E+00 0.00000E+00 0.00000E+00
 -1         8 0.00000E+00 0.00000E+00 0.00000E+00
 -1         9 0.00000E+00 0.00000E+00 0.00000E+00
 -1        10 0.00000E+00 0.00000E+00 0.00000E+00
 -1        11 0.00000E+00 0.00000E+00 0.00000E+00
 -1        12 0.00000E+00 0.00000E+00 0.00000E+00
 -1        13 0.00000E+00 0.00000E+00 0.00000E+00
 -1        14 0.00000E+00 0.00000E+00 0.00000E+00
 -1        15 0.00000E+00 0.00000E+00 0.00000E+00
 -1        16 0.00000E+00 0.00000E+00 0.00000E+00
 -1        17 0.00000E+00 0.00000E+00 0.00000E+00
 -1        18 0.00000E+00 0.00000E+00 0.00000E+00
 -1        19 0.00000E+00 0.00000E+00 0.00000E+00
 -1        20 0.00000E+00 0.00000E+00 0.00000E+00
 -1        21 0.00000E+00 0.00000E+00 0.00000E+00
 -1        22 0.00000E+00 0.00000E+00 0.00000E+00
 -1        23 0.00000E+00 0.00000E+00 0.00000E+00
 -1        24 0.00000E+00 0.00000E+00 0.00000E+00
 -1        25 0.00000E+00 0.00000E+00 0.00000E+00
 -1        26 0.00000E+00 0.00000E+00 0.00000E+00
 -1        27 0.00000E+00 0.00000E+00 0.00000E+00
 -1        28 0.00000E+00 0.00000E+00 0.00000E+00
 -1        29 0.00000E+00 0.00000E+00 0.00000E+00
 -1        30 0.00000E+00 0.00000E+00 0.00000E+00
 -1        31 0.00000E+00 0.00000E+00 0.00000E+00
 -1        32 0.00000E+00 0.00000E+00 0.00000E+00
 -1        33 0.00000E+00 0.00000E+00 0.00000E+00
 -1        34 0.00000E+00 0.00000E+00 0.00000E+00
 -1        35 0.00000E+00 0.00000E+00 0.00000E+00
 -1        36 0.00000E+00 0.00000E+00 0.00000E+00
 -1        37 0.00000E+00 0.00000E+00 0.00000E+00
 -1        38 0.00000E+00 0.00000E+00 0.00000E+00
 -1        39 0.00000E+00 0.00000E+00 0.00000E+00
 -1        40 0.00000E+00 0.00000E+00 0.00000E+00
 -1        41 0.00000E+00 0.00000E+00 0.00000E+00
 -1        42 0.00000E+00 0.00000E+00 0.00000E+00
 -1        43 0.00000E+00 0.00000E+00 0.00000E+00
 -1        44 0.00000E+00 0.00000E+00 0.00000E+00
 -1        45 0.00000E+00 0.00000E+00 0.00000E+00
 -1        46 0.00000E+00 0.00000E+00 0.00000E+00
 -1        47 0.00000E+00 0.00000E+00 0.00000E+00
 -1        48 0.00000E+00 0.00000E+00 0.00000E+00
 -1        49 0.00000E+00 0.00000E+00 0.00000E+00
 -1        50 0.00000E+00 0.00000E+00 0.00000E+00
 -1        51 0.00000E+00 0.00000E+00 0.00000E+00
 -1        52 0.00000E+00 0.00000E+00 0.00000E+00
 -1        53 0.00000E+00 0.00000E+00 0.00000E+00
 -1        54 0.00000E+00 0.00000E+00 0.00000E+00
 -1        55 0.00000E+00 0.00000E+00 0.00000E+00
 -1        56 0.00000E+00 0.00000E+00 0.00000E+00
 -1        57 0.00000E+00 0.00000E+00 0.00000E+00
 -1        58 0.00000E+00 0.00000E+00 0.00000E+00
 -1        59 0.00000E+00 0.00000E+00 0.00000E+00
 -1        60 0.00000E+00 0.00000E+00 0.00000E+00
 -1        61 0.00000E+00 0.00000E+00 0.00000E+00
 -1        62 0.00000E+00 0.00000E+00 0.00000E+00
 -1        63 0.00000E+00 0.00000E+00 0.00000E+00
 -1        64 0.00000E+00 0.00000E+00 0.00000E+00
 -1        65 0.00000E+00 0.00000E+00 0.00000E+00
 -1        66 0.00000E+00 0.00000E+00 0.00000E+00
 -1        67 0.00000E+00 0.00000E+00 0.00000E+00
 -1        68 0.00000E+00 0.00000E+00 0.00000E+00
 -1        69 0.00000E+00 0.00000E+00 0.00000E+00
 -1        70 0.00000E+00 0.00000E+00 0.00000E+00
 -1        71-9.12308E-04-1.39857E-03-4.67351E-04
 -1        72-5.75578E-04-1.81255E-03-7.60356E-04
 -1        73 1.32947E-04-2.33853E-03-8.55513E-04
 -1        74 6.01669E-04-1.00735E-03-3.36055E-04
 -1        75 4.32667E-04-3.28288E-04 2.23738E-05
 -1        76 1.85339E-04-7.49767E-05 1.31500E-05
 -1        77 9.21491E-05-2.54536E-05-1.15577E-05
 -1        78 5.89205E-05-1.34178E-05-1.11310E-05
 -1        79 3.99612E-05-7.12989E-06-4.51548E-06
 -1        80 3.60867E-05-3.96101E-06-1.77566E-05
 -1        81-1.88665E-03-1.31926E-03-7.24776E-04
 -1        82-1.38886E-03-1.72856E-03-2.23355E-03
 -1        83 3.01204E-04-2.27318E-03-2.99900E-03
 -1        84 1.06658E-03-8.77002E-04-8.89677E-04
 -1        85 3.56015E-04-2.65972E-04 1.83391E-04
 -1        86 1.13059E-04-4.84489E-05 4.92246E-05
 -1        87 6.45381E-05-1.17800E-05 7.56707E-06
 -1        88 4.80978E-05-4.62689E-06-4.59753E-06
 -1        89 3.43801E-05-2.23592E-06-1.57876E-06
 -1        90 3.23222E-05 4.21907E-07-1.56784E-05
 -1        91-3.51971E-03-9.11826E-04-1.41746E-03
 -1        92-2.61749E-03-1.11353E-03-4.54955E-03
 -1        93 7.45262E-04-1.32850E-03-5.92144E-03
 -1        94 2.04873E-03-5.38509E-04-1.68388E-03
 -1        95 5.12361E-04-1.73243E-04 3.47080E-04
 -1        96 9.89467E-05-3.34923E-05 6.12460E-05
 -1        97 4.56981E-05-7.41849E-06 1.20705E-05
 -1        98 4.00427E-05-1.83483E-06-5.76916E-06
 -1        99 3.01191E-05-6.81980E-07-9.87698E-07
 -1       100 2.91560E-05 9.10018E-07-1.39813E-05
 -1       101-4.16486E-03 4.98679E-07-1.73700E-03
 -1       102-2.99658E-03 4.77852E-07-5.41085E-03
 -1       103 9.04247E-04 2.50643E-07-6.88806E-03
 -1       104 2.33049E-03 3.98098E-07-1.92634E-03
 -1       105 5.92622E-04 1.20997E-07 4.02851E-04
 -1       106 1.00479E-04 4.05170E-08 6.96956E-05
 -1       107 4.05997E-05 1.41953E-08 1.33951E-05
 -1       108 3.73409E-05 1.11789E-09-6.73136E-06
 -1       109 2.86229E-05-3.31515E-09-8.63654E-07
 -1       110 2.79740E-05-8.72451E-09-1.34173E-05
 -1       111-3.52036E-03 9.12946E-04-1.41788E-03
 -1       112-2.61795E-03 1.11521E-03-4.55031E-03
 -1       113 7.45357E-04 1.33021E-03-5.92259E-03
 -1       114 2.04912E-03 5.39353E-04-1.68416E-03
 -1       115 5.12543E-04 1.73504E-04 3.47077E-04
 -1       116 9.90106E-05 3.35946E-05 6.12527E-05
 -1       117 4.57285E-05 7.44440E-06 1.20727E-05
 -1       118 4.00632E-05 1.83757E-06-5.76869E-06
 -1       119 3.01338E-05 6.75314E-07-9.87848E-07
 -1       120 2.91699E-05-9.26632E-07-1.39879E-05
 -1       121-1.88717E-03 1.32054E-03-7.25071E-04
 -1       122-1.38917E-03 1.72979E-03-2.23379E-03
 -1       123 3.01275E-04 2.27443E-03-2.99934E-03
 -1       124 1.06691E-03 8.77785E-04-8.89847E-04
 -1       125 3.56246E-04 2.66313E-04 1.83385E-04
 -1       126 1.13180E-04 4.85584E-05 4.92230E-05
 -1       127 6.46117E-05 1.18099E-05 7.56682E-06
 -1       128 4.81433E-05 4.63003E-06-4.59809E-06
 -1       129 3.44102E-05 2.23118E-06-1.57938E-06
 -1       130 3.23491E-05-4.35618E-07-1.56912E-05
 -1       131-9.12519E-04 1.39985E-03-4.67957E-04
 -1       132-5.75615E-04 1.81365E-03-7.60875E-04
 -1       133 1.33100E-04 2.33960E-03-8.55977E-04
 -1       134 6.02004E-04 1.00809E-03-3.36381E-04
 -1       135 4.33017E-04 3.28693E-04 2.21962E-05
 -1       136 1.85586E-04 7.51393E-05 1.30669E-05
 -1       137 9.22850E-05 2.55062E-05-1.15894E-05
 -1       138 5.89941E-05 1.34335E-05-1.11400E-05
 -1       139 4.00050E-05 7.12994E-06-4.51603E-06
 -1       140 3.61238E-05 3.95258E-06-1.77692E-05
 -1       141-8.39576E-05-7.27105E-04-2.68035E-04
 -1       142-1.94004E-04-7.49715E-05-1.69717E-04
 -1       143-2.21189E-04 5.86933E-04 8.22312E-04
 -1       144-1.01543E-04-2.00734E-04-3.30913E-04
 -1       145 1.84809E-04-2.30187E-04 9.94216E-05
 -1       146 2.50966E-04-1.07409E-04 7.49286E-05
 -1       147 1.57025E-04-5.28428E-05 4.07559E-07
 -1       148 8.73508E-05-2.25273E-05-4.41549E-06
 -1       149 6.22210E-05-8.51518E-06-4.98375E-06
 -1       150 5.71769E-05-1.12165E-06-1.93436E-05
 -1       151 1.77606E-04-6.25218E-04-1.92296E-04
 -1       152-1.53974E-04-1.37300E-04-4.54846E-03
 -1       153-5.35536E-04 1.96684E-04-8.00569E-03
 -1       154-5.77629E-04-2.20342E-04-7.50027E-04
 -1       155 7.19264E-06-2.27814E-04 6.61558E-05
 -1       156 1.98797E-04-1.03930E-04 1.24628E-04
 -1       157 1.27606E-04-3.15171E-05 1.11799E-05
 -1       158 7.37291E-05-1.09455E-05 2.56997E-06
 -1       159 5.46415E-05-4.81971E-06-3.24169E-06
 -1       160 5.14890E-05-9.26524E-07-1.80479E-05
 -1       161 8.41543E-04-2.78174E-04 2.87368E-04
 -1       162-2.54416E-05 8.84136E-05-9.77952E-03
 -1       163-9.76400E-04 2.48900E-04-1.59282E-02
 -1       164-1.17353E-03-6.36743E-05-9.38682E-04
 -1       165-9.16373E-05-1.28774E-04 1.30104E-04
 -1       166 2.18631E-04-6.51787E-05 1.97001E-04
 -1       167 1.15330E-04-1.72938E-05 7.10861E-06
 -1       168 6.43976E-05-3.32939E-06 3.65042E-06
 -1       169 4.84246E-05-1.47488E-06-2.47940E-06
 -1       170 4.63061E-05 2.30833E-07-1.49653E-05
 -1       171 9.97249E-04 2.80088E-07 2.35752E-04
 -1       172-5.88908E-05 3.73190E-06-1.16828E-02
 -1       173-1.14216E-03 5.26139E-06-1.73644E-02
 -1       174-1.33217E-03 3.43878E-07-1.16694E-03
 -1       175-1.06316E-04 2.19907E-07 1.43388E-04
 -1       176 2.38780E-04 5.43385E-08 2.24457E-04
 -1       177 1.15217E-04 1.82653E-08 4.00932E-06
 -1       178 6.07577E-05 9.30907E-10 2.93320E-06
 -1       179 4.58733E-05-3.97739E-09-2.72513E-06
 -1       180 4.43659E-05-1.02032E-08-1.41302E-05
 -1       181 8.40189E-04 2.80127E-04 2.86763E-04
 -1       182-2.64612E-05-8.56270E-05-9.78018E-03
 -1       183-9.76049E-04-2.45989E-04-1.59298E-02
 -1       184-1.17286E-03 6.51509E-05-9.38835E-04
 -1       185-9.15037E-05 1.29141E-04 1.30108E-04
 -1       186 2.18718E-04 6.53335E-05 1.97026E-04
 -1       187 1.15375E-04 1.73310E-05 7.11602E-06
 -1       188 6.44272E-05 3.33369E-06 3.65429E-06
 -1       189 4.84489E-05 1.46703E-06-2.47948E-06
 -1       190 4.63292E-05-2.50180E-07-1.49732E-05
 -1       191 1.77030E-04 6.27121E-04-1.92742E-04
 -1       192-1.54256E-04 1.38890E-04-4.54888E-03
 -1       193-5.35565E-04-1.95253E-04-8.00673E-03
 -1       194-5.77461E-04 2.21478E-04-7.50208E-04
 -1       195 7.45081E-06 2.28391E-04 6.61266E-05
 -1       196 1.98944E-04 1.04125E-04 1.24634E-04
 -1       197 1.27704E-04 3.15776E-05 1.11845E-05
 -1       198 7.37918E-05 1.09547E-05 2.57462E-06
 -1       199 5.46895E-05 4.81406E-06-3.24202E-06
 -1       200 5.15334E-05 9.08737E-07-1.80628E-05
 -1       201-8.40540E-05 7.28871E-04-2.68665E-04
 -1       202-1.94078E-04 7.64574E-05-1.70287E-04
 -1       203-2.21065E-04-5.85714E-04 8.22023E-04
 -1       204-1.01238E-04 2.01719E-04-3.31272E-04
 -1       205 1.85174E-04 2.30791E-04 9.92298E-05
 -1       206 2.51265E-04 1.07669E-04 7.48590E-05
 -1       207 1.57195E-04 5.29231E-05 3.92025E-07
 -1       208 8.74480E-05 2.25488E-05-4.41412E-06
 -1       209 6.22878E-05 8.51236E-06-4.98222E-06
 -1       210 5.72370E-05 1.10471E-06-1.93575E-05
 -1       211-4.36398E-02-1.89694E-02-1.05509E-02
 -1       212-3.30988E-02-7.05556E-03-5.97793E-02
 -1       213-2.52105E-02 1.29576E-03-8.83240E-02
 -1       214-1.88377E-02 3.55535E-03-9.80042E-02
 -1       215-1.42701E-02 3.47622E-03-1.02084E-01
 -1       216-1.11207E-02 2.72895E-03-1.03457E-01
 -1       217-9.07134E-03 1.86652E-03-1.03727E-01
 -1       218-7.87958E-03 1.13270E-03-1.03699E-01
 -1       219-7.30913E-03 6.06709E-04-1.03831E-01
 -1       220-7.13008E-03 2.89776E-04-1.04355E-01
 -1       221-7.08813E-03 8.88096E-05-1.05210E-01
 -1       222-4.97994E-02-1.04537E-02-1.42796E-02
 -1       223-3.84290E-02-5.50007E-03-6.38277E-02
 -1       224-2.86459E-02-3.80248E-04-8.60924E-02
 -1       225-2.03881E-02 1.89412E-03-9.59443E-02
 -1       226-1.47672E-02 2.25135E-03-1.00543E-01
 -1       227-1.11138E-02 1.87539E-03-1.02475E-01
 -1       228-8.86702E-03 1.32554E-03-1.03176E-01
 -1       229-7.63892E-03 8.31014E-04-1.03450E-01
 -1       230-7.10173E-03 4.69298E-04-1.03768E-01
 -1       231-6.96016E-03 2.40730E-04-1.04375E-01
 -1       232-6.92882E-03 9.74857E-05-1.05246E-01
 -1       233-5.07117E-02-4.59397E-03-1.62217E-02
 -1       234-3.91712E-02-3.04160E-03-6.57045E-02
 -1       235-2.98302E-02-7.37339E-04-8.59184E-02
 -1       236-2.16251E-02 6.54700E-04-9.53490E-02
 -1       237-1.56418E-02 1.05501E-03-9.98966E-02
 -1       238-1.15963E-02 9.48440E-04-1.01995E-01
 -1       239-9.08612E-03 6.94962E-04-1.02868E-01
 -1       240-7.70418E-03 4.50164E-04-1.03285E-01
 -1       241-7.08266E-03 2.65121E-04-1.03699E-01
 -1       242-6.89430E-03 1.43302E-04-1.04356E-01
 -1       243-6.84035E-03 7.02719E-05-1.05234E-01
 -1       244-5.07259E-02-2.58589E-05-1.72065E-02
 -1       245-3.92159E-02-9.35839E-06-6.64683E-02
 -1       246-3.00517E-02-5.57477E-06-8.60043E-02
 -1       247-2.19833E-02-4.01768E-06-9.52535E-02
 -1       248-1.59700E-02-2.87420E-06-9.97370E-02
 -1       249-1.18085E-02-1.97574E-06-1.01860E-01
 -1       250-9.19920E-03-1.29031E-06-1.02774E-01
 -1       251-7.75173E-03-7.68687E-07-1.03230E-01
 -1       252-7.09062E-03-3.60444E-07-1.03672E-01
 -1       253-6.88048E-03-9.66006E-09-1.04344E-01
 -1       254-6.81574E-03 3.52171E-07-1.05225E-01
 -1       255-5.07144E-02 4.56964E-03-1.62224E-02
 -1       256-3.91763E-02 3.02339E-03-6.57054E-02
 -1       257-2.98329E-02 7.25910E-04-8.59196E-02
 -1       258-2.16267E-02-6.62944E-04-9.53500E-02
 -1       259-1.56430E-02-1.06085E-03-9.98973E-02
 -1       260-1.15973E-02-9.52443E-04-1.01996E-01
 -1       261-9.08700E-03-6.97570E-04-1.02869E-01
 -1       262-7.70500E-03-4.51717E-04-1.03286E-01
 -1       263-7.08345E-03-2.65847E-04-1.03699E-01
 -1       264-6.89508E-03-1.43316E-04-1.04357E-01
 -1       265-6.84113E-03-6.95639E-05-1.05234E-01
 -1       266-4.98044E-02 1.04354E-02-1.42807E-02
 -1       267-3.84339E-02 5.48434E-03-6.38292E-02
 -1       268-2.86504E-02 3.68110E-04-8.60949E-02
 -1       269-2.03913E-02-1.90278E-03-9.59464E-02
 -1       270-1.47697E-02-2.25743E-03-1.00544E-01
 -1       271-1.11159E-02-1.87952E-03-1.02476E-01
 -1       272-8.86884E-03-1.32823E-03-1.03177E-01
 -1       273-7.64057E-03-8.32612E-04-1.03451E-01
 -1       274-7.10331E-03-4.70040E-04-1.03768E-01
 -1       275-6.96172E-03-2.40736E-04-1.04376E-01
 -1       276-6.93037E-03-9.67698E-05-1.05246E-01
 -1       277-4.36473E-02 1.89521E-02-1.05519E-02
 -1       278-3.31059E-02 7.04095E-03-5.97806E-02
 -1       279-2.52168E-02-1.30804E-03-8.83282E-02
 -1       280-1.88431E-02-3.56450E-03-9.80076E-02
 -1       281-1.42745E-02-3.48258E-03-1.02086E-01
 -1       282-1.11242E-02-2.73327E-03-1.03459E-01
 -1       283-9.07427E-03-1.86934E-03-1.03728E-01
 -1       284-7.88214E-03-1.13438E-03-1.03700E-01
 -1       285-7.31149E-03-6.07484E-04-1.03832E-01
 -1       286-7.13238E-03-2.89785E-04-1.04355E-01
 -1       287-7.09041E-03-8.80866E-05-1.05210E-01
 -1       288-9.20990E-03-1.58989E-02-5.08132E-02
 -1       289-5.32179E-03-7.90872E-03-6.95200E-02
 -1       290-6.94479E-03-2.70360E-03-8.87228E-02
 -1       291-8.38769E-03 6.38753E-05-9.85452E-02
 -1       292-8.33985E-03 1.10821E-03-1.02489E-01
 -1       293-7.75073E-03 1.26999E-03-1.03793E-01
 -1       294-7.06403E-03 1.08307E-03-1.03944E-01
 -1       295-6.47831E-03 8.08425E-04-1.03786E-01
 -1       296-6.07894E-03 5.62296E-04-1.03799E-01
 -1       297-5.87158E-03 3.68089E-04-1.04227E-01
 -1       298-5.81764E-03 2.06424E-04-1.05162E-01
 -1       299-1.43399E-02-8.80140E-03-5.23299E-02
 -1       300-1.01081E-02-4.91605E-03-7.00230E-02
 -1       301-1.03979E-02-1.73335E-03-8.80818E-02
 -1       302-1.00761E-02 1.29703E-04-9.72473E-02
 -1       303-9.00523E-03 8.28787E-04-1.01369E-01
 -1       304-7.88494E-03 9.23669E-04-1.02993E-01
 -1       305-6.96624E-03 7.73952E-04-1.03456E-01
 -1       306-6.31276E-03 5.70734E-04-1.03540E-01
 -1       307-5.92088E-03 3.94451E-04-1.03718E-01
 -1       308-5.73521E-03 2.61801E-04-1.04245E-01
 -1       309-5.68382E-03 1.58506E-04-1.05199E-01
 -1       310-1.59494E-02-3.86096E-03-5.37119E-02
 -1       311-1.17424E-02-2.48122E-03-7.12202E-02
 -1       312-1.20898E-02-9.66224E-04-8.86159E-02
 -1       313-1.12633E-02 3.38513E-05-9.70333E-02
 -1       314-9.68758E-03 4.35391E-04-1.01018E-01
 -1       315-8.20287E-03 4.93682E-04-1.02658E-01
 -1       316-7.06626E-03 4.14493E-04-1.03211E-01
 -1       317-6.30388E-03 3.05749E-04-1.03387E-01
 -1       318-5.86829E-03 2.12275E-04-1.03639E-01
 -1       319-5.66951E-03 1.43829E-04-1.04210E-01
 -1       320-5.61571E-03 9.49041E-05-1.05163E-01
 -1       321-1.62775E-02-5.56189E-06-5.42217E-02
 -1       322-1.21207E-02-6.18707E-06-7.16142E-02
 -1       323-1.25399E-02-4.62255E-06-8.88737E-02
 -1       324-1.16557E-02-3.23095E-06-9.70766E-02
 -1       325-9.96157E-03-2.27264E-06-1.00964E-01
 -1       326-8.35465E-03-1.54082E-06-1.02577E-01
 -1       327-7.13272E-03-9.88165E-07-1.03139E-01
 -1       328-6.32119E-03-5.63386E-07-1.03335E-01
 -1       329-5.86155E-03-2.18264E-07-1.03606E-01
 -1       330-5.65311E-03 9.52754E-08-1.04186E-01
 -1       331-5.59614E-03 4.30752E-07-1.05135E-01
 -1       332-1.59512E-02 3.84490E-03-5.37150E-02
 -1       333-1.17444E-02 2.46818E-03-7.12221E-02
 -1       334-1.20917E-02 9.56953E-04-8.86172E-02
 -1       335-1.12648E-02-4.04605E-05-9.70342E-02
 -1       336-9.68885E-03-4.39999E-04-1.01018E-01
 -1       337-8.20395E-03-4.96804E-04-1.02659E-01
 -1       338-7.06720E-03-4.16495E-04-1.03211E-01
 -1       339-6.30471E-03-3.06894E-04-1.03387E-01
 -1       340-5.86906E-03-2.12722E-04-1.03640E-01
 -1       341-5.67025E-03-1.43642E-04-1.04210E-01
 -1       342-5.61643E-03-9.40490E-05-1.05163E-01
 -1       343-1.43438E-02 8.78594E-03-5.23314E-02
 -1       344-1.01118E-02 4.90321E-03-7.00254E-02
 -1       345-1.04014E-02 1.72375E-03-8.80842E-02
 -1       346-1.00791E-02-1.36551E-04-9.72495E-02
 -1       347-9.00786E-03-8.33561E-04-1.01370E-01
 -1       348-7.88718E-03-9.26898E-04-1.02995E-01
 -1       349-6.96816E-03-7.76032E-04-1.03457E-01
 -1       350-6.31444E-03-5.71932E-04-1.03541E-01
 -1       351-5.92241E-03-3.94930E-04-1.03719E-01
 -1       352-5.73667E-03-2.61627E-04-1.04246E-01
 -1       353-5.68525E-03-1.57663E-04-1.05200E-01
 -1       354-9.21601E-03 1.58839E-02-5.08164E-02
 -1       355-5.32744E-03 7.89623E-03-6.95242E-02
 -1       356-6.95011E-03 2.69385E-03-8.87270E-02
 -1       357-8.39269E-03-7.10183E-05-9.85489E-02
 -1       358-8.34413E-03-1.11324E-03-1.02492E-01
 -1       359-7.75427E-03-1.27343E-03-1.03795E-01
 -1       360-7.06698E-03-1.08531E-03-1.03945E-01
 -1       361-6.48083E-03-8.09731E-04-1.03787E-01
 -1       362-6.08121E-03-5.62842E-04-1.03799E-01
 -1       363-5.87373E-03-3.67947E-04-1.04228E-01
 -1       364-5.81977E-03-2.05591E-04-1.05163E-01
 -1       365-2.37641E-03-1.19624E-02-7.39221E-02
 -1       366 5.64729E-04-8.16904E-03-8.02046E-02
 -1       367 1.21616E-03-4.59740E-03-9.04000E-02
 -1       368-3.30513E-04-2.09002E-03-9.79961E-02
 -1       369-2.00876E-03-6.17753E-04-1.01753E-01
 -1       370-3.08908E-03 1.19915E-04-1.03150E-01
 -1       371-3.64483E-03 4.23813E-04-1.03461E-01
 -1       372-3.85390E-03 5.11308E-04-1.03415E-01
 -1       373-3.90764E-03 5.11367E-04-1.03414E-01
 -1       374-3.98828E-03 4.79921E-04-1.03804E-01
 -1       375-4.03893E-03 4.15692E-04-1.04879E-01
 -1       376-5.73571E-03-7.68420E-03-7.52282E-02
 -1       377-2.33638E-03-5.24054E-03-8.11839E-02
 -1       378-1.08364E-03-2.94082E-03-9.04960E-02
 -1       379-1.91904E-03-1.31282E-03-9.76164E-02
 -1       380-2.89578E-03-3.41639E-04-1.01216E-01
 -1       381-3.50607E-03 1.31055E-04-1.02695E-01
 -1       382-3.79434E-03 3.15072E-04-1.03143E-01
 -1       383-3.87587E-03 3.60185E-04-1.03230E-01
 -1       384-3.88198E-03 3.53802E-04-1.03339E-01
 -1       385-3.95210E-03 3.32700E-04-1.03820E-01
 -1       386-4.01349E-03 3.08784E-04-1.04918E-01
 -1       387-7.39938E-03-3.46181E-03-7.56502E-02
 -1       388-3.79673E-03-2.37977E-03-8.19310E-02
 -1       389-2.28194E-03-1.31382E-03-9.10344E-02
 -1       390-2.83800E-03-5.62126E-04-9.77910E-02
 -1       391-3.46024E-03-1.11002E-04-1.01130E-01
 -1       392-3.79894E-03 9.94127E-05-1.02534E-01
 -1       393-3.91283E-03 1.72604E-04-1.02985E-01
 -1       394-3.90062E-03 1.82795E-04-1.03107E-01
 -1       395-3.86744E-03 1.71797E-04-1.03252E-01
 -1       396-3.93278E-03 1.57876E-04-1.03754E-01
 -1       397-3.99849E-03 1.44499E-04-1.04830E-01
 -1       398-7.86753E-03-4.53290E-06-7.57636E-02
 -1       399-4.20485E-03-3.66401E-06-8.21134E-02
 -1       400-2.64289E-03-2.86032E-06-9.11882E-02
 -1       401-3.12910E-03-2.08726E-06-9.78422E-02
 -1       402-3.65299E-03-1.44057E-06-1.01105E-01
 -1       403-3.90535E-03-9.50664E-07-1.02487E-01
 -1       404-3.95927E-03-5.84871E-07-1.02939E-01
 -1       405-3.91248E-03-3.04152E-07-1.03072E-01
 -1       406-3.86371E-03-7.03990E-08-1.03229E-01
 -1       407-3.92481E-03 1.53841E-07-1.03737E-01
 -1       408-3.99221E-03 4.10737E-07-1.04808E-01
 -1       409-7.40042E-03 3.45335E-03-7.56504E-02
 -1       410-3.79787E-03 2.37247E-03-8.19318E-02
 -1       411-2.28307E-03 1.30795E-03-9.10352E-02
 -1       412-2.83908E-03 5.57876E-04-9.77917E-02
 -1       413-3.46124E-03 1.08063E-04-1.01130E-01
 -1       414-3.79983E-03-1.01358E-04-1.02534E-01
 -1       415-3.91362E-03-1.73808E-04-1.02986E-01
 -1       416-3.90132E-03-1.83430E-04-1.03108E-01
 -1       417-3.86807E-03-1.71956E-04-1.03252E-01
 -1       418-3.93338E-03-1.57581E-04-1.03755E-01
 -1       419-3.99907E-03-1.43693E-04-1.04830E-01
 -1       420-5.73787E-03 7.67481E-03-7.52297E-02
 -1       421-2.33861E-03 5.23269E-03-8.11860E-02
 -1       422-1.08588E-03 2.93468E-03-9.04980E-02
 -1       423-1.92123E-03 1.30832E-03-9.76181E-02
 -1       424-2.89782E-03 3.38498E-04-1.01217E-01
 -1       425-3.50788E-03-1.33162E-04-1.02696E-01
 -1       426-3.79592E-03-3.16401E-04-1.03144E-01
 -1       427-3.87725E-03-3.60911E-04-1.03231E-01
 -1       428-3.88322E-03-3.54022E-04-1.03339E-01
 -1       429-3.95329E-03-3.32440E-04-1.03820E-01
 -1       430-4.01464E-03-3.08007E-04-1.04919E-01
 -1       431-2.37993E-03 1.19528E-02-7.39259E-02
 -1       432 5.61138E-04 8.16097E-03-8.02092E-02
 -1       433 1.21252E-03 4.59102E-03-9.04041E-02
 -1       434-3.33978E-04 2.08524E-03-9.79994E-02
 -1       435-2.01192E-03 6.14338E-04-1.01755E-01
 -1       436-3.09182E-03-1.22256E-04-1.03152E-01
 -1       437-3.64716E-03-4.25325E-04-1.03463E-01
 -1       438-3.85591E-03-5.12169E-04-1.03415E-01
 -1       439-3.90944E-03-5.11680E-04-1.03415E-01
 -1       440-3.99001E-03-4.79715E-04-1.03805E-01
 -1       441-4.04064E-03-4.14933E-04-1.04880E-01
 -1       442-2.12495E-03-8.20650E-03-8.85744E-02
 -1       443 1.37501E-03-6.43013E-03-9.10572E-02
 -1       444 2.81496E-03-4.46465E-03-9.50918E-02
 -1       445 2.40649E-03-2.59223E-03-9.87316E-02
 -1       446 1.10221E-03-1.21951E-03-1.01056E-01
 -1       447-1.62672E-04-3.66555E-04-1.02160E-01
 -1       448-1.02285E-03 9.53154E-05-1.02578E-01
 -1       449-1.48569E-03 3.27314E-04-1.02703E-01
 -1       450-1.67745E-03 4.57610E-04-1.02787E-01
 -1       451-1.76813E-03 5.70063E-04-1.02987E-01
 -1       452-2.06986E-03 7.22350E-04-1.04067E-01
 -1       453-3.55841E-03-4.66787E-03-9.08566E-02
 -1       454-9.46144E-05-3.44137E-03-9.32227E-02
 -1       455 1.42353E-03-2.30475E-03-9.63811E-02
 -1       456 1.30799E-03-1.30743E-03-9.93683E-02
 -1       457 3.63603E-04-5.96381E-04-1.01273E-01
 -1       458-5.86438E-04-1.63416E-04-1.02148E-01
 -1       459-1.23611E-03 6.67827E-05-1.02470E-01
 -1       460-1.58421E-03 1.80380E-04-1.02567E-01
 -1       461-1.72978E-03 2.41353E-04-1.02653E-01
 -1       462-1.82071E-03 2.86901E-04-1.02862E-01
 -1       463-2.15717E-03 3.28887E-04-1.03948E-01
 -1       464-4.49913E-03-2.18143E-03-9.05856E-02
 -1       465-8.65034E-04-1.55465E-03-9.33781E-02
 -1       466 7.82704E-04-9.93473E-04-9.64807E-02
 -1       467 8.26429E-04-5.49729E-04-9.93824E-02
 -1       468 3.36529E-05-2.44019E-04-1.01228E-01
 -1       469-7.75591E-04-5.95487E-05-1.02076E-01
 -1       470-1.32608E-03 3.64719E-05-1.02407E-01
 -1       471-1.61464E-03 8.28596E-05-1.02524E-01
 -1       472-1.73157E-03 1.06131E-04-1.02629E-01
 -1       473-1.81757E-03 1.19361E-04-1.02850E-01
 -1       474-2.17765E-03 1.27221E-04-1.03935E-01
 -1       475-4.77745E-03-1.87199E-06-9.05187E-02
 -1       476-1.09695E-03-1.61294E-06-9.34466E-02
 -1       477 5.85751E-04-1.24868E-06-9.65524E-02
 -1       478 6.78200E-04-8.94757E-07-9.94233E-02
 -1       479-6.79726E-05-5.99786E-07-1.01235E-01
 -1       480-8.34777E-04-3.76434E-07-1.02064E-01
 -1       481-1.35381E-03-2.12612E-07-1.02390E-01
 -1       482-1.62294E-03-8.77296E-08-1.02508E-01
 -1       483-1.73039E-03 2.08751E-08-1.02616E-01
 -1       484-1.81551E-03 1.36516E-07-1.02837E-01
 -1       485-2.17949E-03 2.89124E-07-1.03921E-01
 -1       486-4.49945E-03 2.17756E-03-9.05857E-02
 -1       487-8.65427E-04 1.55137E-03-9.33785E-02
 -1       488 7.82185E-04 9.90977E-04-9.64811E-02
 -1       489 8.25857E-04 5.47923E-04-9.93828E-02
 -1       490 3.30856E-05 2.42797E-04-1.01228E-01
 -1       491-7.76120E-04 5.87736E-05-1.02076E-01
 -1       492-1.32655E-03-3.69184E-05-1.02408E-01
 -1       493-1.61506E-03-8.30546E-05-1.02524E-01
 -1       494-1.73193E-03-1.06108E-04-1.02629E-01
 -1       495-1.81791E-03-1.19107E-04-1.02850E-01
 -1       496-2.17800E-03-1.26667E-04-1.03935E-01
 -1       497-3.55905E-03 4.66413E-03-9.08569E-02
 -1       498-9.54985E-05 3.43812E-03-9.32236E-02
 -1       499 1.42242E-03 2.30216E-03-9.63821E-02
 -1       500 1.30680E-03 1.30551E-03-9.93691E-02
 -1       501 3.62444E-04 5.95044E-04-1.01274E-01
 -1       502-5.87505E-04 1.62535E-04-1.02148E-01
 -1       503-1.23706E-03-6.73195E-05-1.02470E-01
 -1       504-1.58503E-03-1.80650E-04-1.02568E-01
 -1       505-1.73050E-03-2.41392E-04-1.02653E-01
 -1       506-1.82137E-03-2.86706E-04-1.02862E-01
 -1       507-2.15784E-03-3.28409E-04-1.03948E-01
 -1       508-2.12577E-03 8.20231E-03-8.85771E-02
 -1       509 1.37362E-03 6.42633E-03-9.10604E-02
 -1       510 2.81319E-03 4.46150E-03-9.50945E-02
 -1       511 2.40462E-03 2.58979E-03-9.87338E-02
 -1       512 1.10045E-03 1.21773E-03-1.01058E-01
 -1       513-1.64255E-04 3.65314E-04-1.02162E-01
 -1       514-1.02423E-03-9.61226E-05-1.02579E-01
 -1       515-1.48688E-03-3.27774E-04-1.02704E-01
 -1       516-1.67849E-03-4.57777E-04-1.02787E-01
 -1       517-1.76908E-03-5.69959E-04-1.02987E-01
 -1       518-2.07083E-03-7.21979E-04-1.04067E-01
 -1       519 0.00000E+00 0.00000E+00-1.02000E-01
 -1       520 0.00000E+00 0.00000E+00-1.02000E-01
 -1       521 0.00000E+00 0.00000E+00-1.02000E-01
 -1       522 0.00000E+00 0.00000E+00-1.02000E-01
 -1       523 0.00000E+00 0.00000E+00-1.02000E-01
 -1       524 0.00000E+00 0.00000E+00-1.02000E-01
 -1       525 0.00000E+00 0.00000E+00-1.02000E-01
 -1       526 0.00000E+00 0.00000E+00-1.02000E-01
 -1       527 0.00000E+00 0.00000E+00-1.02000E-01
 -1       528 0.00000E+00 0.00000E+00-1.02000E-01
 -1       529 0.00000E+00 0.00000E+00-1.02000E-01
 -1       530 0.00000E+00 0.00000E+00-1.02000E-01
 -1       531 0.00000E+00 0.00000E+00-1.02000E-01
 -1       532 0.00000E+00 0.00000E+00-1.02000E-01
 -1       533 0.00000E+00 0.00000E+00-1.02000E-01
 -1       534 0.00000E+00 0.00000E+00-1.02000E-01
 -1       535 0.00000E+00 0.00000E+00-1.02000E-01
 -1       536 0.00000E+00 0.00000E+00-1.02000E-01
 -1       537 0.00000E+00 0.00000E+00-1.02000E-01
 -1       538 0.00000E+00 0.00000E+00-1.02000E-01
 -1       539 0.00000E+00 0.00000E+00-1.02000E-01
 -1       540 0.00000E+00 0.00000E+00-1.02000E-01
 -1       541 0.00000E+00 0.00000E+00-1.02000E-01
 -1       542 0.00000E+00 0.00000E+00-1.02000E-01
 -1       543 0.00000E+00 0.00000E+00-1.02000E-01
 -1       544 0.00000E+00 0.00000E+00-1.02000E-01
 -1       545 0.00000E+00 0.00000E+00-1.02000E-01
 -1       546 0.00000E+00 0.00000E+00-1.02000E-01
 -1       547 0.00000E+00 0.00000E+00-1.02000E-01
 -1       548 0.00000E+00 0.00000E+00-1.02000E-01
 -1       549 0.00000E+00 0.00000E+00-1.02000E-01
 -1       550 0.00000E+00 0.00000E+00-1.02000E-01
 -1       551 0.00000E+00 0.00000E+00-1.02000E-01
 -1       552 0.00000E+00 0.00000E+00-1.02000E-01
 -1       553 0.00000E+00 0.00000E+00-1.02000E-01
 -1       554 0.00000E+00 0.00000E+00-1.02000E-01
 -1       555 0.00000E+00 0.00000E+00-1.02000E-01
 -1       556 0.00000E+00 0.00000E+00-1.02000E-01
 -1       557 0.00000E+00 0.00000E+00-1.02000E-01
 -1       558 0.00000E+00 0.00000E+00-1.02000E-01
 -1       559 0.00000E+00 0.00000E+00-1.02000E-01
 -1       560 0.00000E+00 0.00000E+00-1.02000E-01
 -1       561 0.00000E+00 0.00000E+00-1.02000E-01
 -1       562 0.00000E+00 0.00000E+00-1.02000E-01
 -1       563 0.00000E+00 0.00000E+00-1.02000E-01
 -1       564 0.00000E+00 0.00000E+00-1.02000E-01
 -1       565 0.00000E+00 0.00000E+00-1.02000E-01
 -1       566 0.00000E+00 0.00000E+00-1.02000E-01
 -1       567 0.00000E+00 0.00000E+00-1.02000E-01
 -1       568 0.00000E+00 0.00000E+00-1.02000E-01
 -1       569 0.00000E+00 0.00000E+00-1.02000E-01
 -1       570 0.00000E+00 0.00000E+00-1.02000E-01
 -1       571 0.00000E+00 0.00000E+00-1.02000E-01
 -1       572 0.00000E+00 0.00000E+00-1.02000E-01
 -1       573 0.00000E+00 0.00000E+00-1.02000E-01
 -1       574 0.00000E+00 0.00000E+00-1.02000E-01
 -1       575 0.00000E+00 0.00000E+00-1.02000E-01
 -1       576 0.00000E+00 0.00000E+00-1.02000E-01
 -1       577 0.00000E+00 0.00000E+00-1.02000E-01
 -1       578 0.00000E+00 0.00000E+00-1.02000E-01
 -1       579 0.00000E+00 0.00000E+00-1.02000E-01
 -1       580 0.00000E+00 0.00000E+00-1.02000E-01
 -1       581 0.00000E+00 0.00000E+00-1.02000E-01
 -1       582 0.00000E+00 0.00000E+00-1.02000E-01
 -1       583 0.00000E+00 0.00000E+00-1.02000E-01
 -1       584 0.00000E+00 0.00000E+00-1.02000E-01
 -1       585 0.00000E+00 0.00000E+00-1.02000E-01
 -1       586 0.00000E+00 0.00000E+00-1.02000E-01
 -1       587 0.00000E+00 0.00000E+00-1.02000E-01
 -1       588 0.00000E+00 0.00000E+00-1.02000E-01
 -1       589 0.00000E+00 0.00000E+00-1.02000E-01
 -1       590 0.00000E+00 0.00000E+00-1.02000E-01
 -1       591 0.00000E+00 0.00000E+00-1.02000E-01
 -1       592 0.00000E+00 0.00000E+00-1.02000E-01
 -1       593 0.00000E+00 0.00000E+00-1.02000E-01
 -1       594 0.00000E+00 0.00000E+00-1.02000E-01
 -1       595 0.00000E+00 0.00000E+00-1.02000E-01
 -3
    1PSTEP                         4           2           1          
  100CL  102 6.80000E-01          14                     0    2           1
 -4  CONTACT     6    1
 -5  COPEN       1    1    0    0
 -5  CSLIP1      1    1    0    0
 -5  CSLIP2      1    1    0    0
 -5  CPRESS      1    1    0    0
 -5  CSHEAR1     1    1    0    0
 -5  CSHEAR2     1    1    0    0
 -1       278-1.01343E-03 0.00000E+00 0.00000E+00 1.01043E+03 0.00000E+00 0.00000E+00
 -1       277-3.04780E-03 0.00000E+00 0.00000E+00 3.04480E+03 0.00000E+00 0.00000E+00
 -1       267-7.02533E-04 0.00000E+00 0.00000E+00 6.99534E+02 0.00000E+00 0.00000E+00
 -1       266-2.84493E-03 0.00000E+00 0.00000E+00 2.84193E+03 0.00000E+00 0.00000E+00
 -1       256-5.86154E-04 0.00000E+00 0.00000E+00 5.83154E+02 0.00000E+00 0.00000E+00
 -1       255-2.79207E-03 0.00000E+00 0.00000E+00 2.78907E+03 0.00000E+00 0.00000E+00
 -1       245-5.51281E-04 0.00000E+00 0.00000E+00 5.48281E+02 0.00000E+00 0.00000E+00
 -1       244-2.76837E-03 0.00000E+00 0.00000E+00 2.76537E+03 0.00000E+00 0.00000E+00
 -1       234-5.86109E-04 0.00000E+00 0.00000E+00 5.83109E+02 0.00000E+00 0.00000E+00
 -1       233-2.79202E-03 0.00000E+00 0.00000E+00 2.78902E+03 0.00000E+00 0.00000E+00
 -1       223-7.02443E-04 0.00000E+00 0.00000E+00 6.99443E+02 0.00000E+00 0.00000E+00
 -1       222-2.84485E-03 0.00000E+00 0.00000E+00 2.84185E+03 0.00000E+00 0.00000E+00
 -1       212-1.01323E-03 0.00000E+00 0.00000E+00 1.01023E+03 0.00000E+00 0.00000E+00
 -1       211-3.04762E-03 0.00000E+00 0.00000E+00 3.04462E+03 0.00000E+00 0.00000E+00
 -3
    1PSTEP                         5           3           1          
  100CL  103 1.000000000         595                     0    3           1
 -4  DISP        4    1
 -5  D1          1    2    1    0
 -5  D2          1    2    2    0
 -5  D3          1    2    3    0
 -5  ALL         1    2    0    0    1ALL
 -1         1 0.00000E+00 0.00000E+00 0.00000E+00
 -1         2 0.00000E+00 0.00000E+00 0.00000E+00
 -1         3 0.00000E+00 0.00000E+00 0.00000E+00
 -1         4 0.00000E+00 0.00000E+00 0.00000E+00
 -1         5 0.00000E+00 0.00000E+00 0.00000E+00
 -1         6 0.00000E+00 0.00000E+00 0.00000E+00
 -1         7 0.00000E+00 0.00000E+00 0.00000E+00
 -1         8 0.00000E+00 0.00000E+00 0.00000E+00
 -1         9 0.00000E+00 0.00000E+00 0.00000E+00
 -1        10 0.00000E+00 0.00000E+00 0.00000E+00
 -1        11 0.00000E+00 0.00000E+00 0.00000E+00
 -1        12 0.00000E+00 0.00000E+00 0.00000E+00
 -1        13 0.00000E+00 0.00000E+00 0.00000E+00
 -1        14 0.00000E+00 0.00000E+00 0.00000E+00
 -1        15 0.00000E+00 0.00000E+00 0.00000E+00
 -1        16 0.00000E+00 0.00000E+00 0.00000E+00
 -1        17 0.00000E+00 0.00000E+00 0.00000E+00
 -1        18 0.00000E+00 0.00000E+00 0.00000E+00
 -1        19 0.00000E+00 0.00000E+00 0.00000E+00
 -1        20 0.00000E+00 0.00000E+00 0.00000E+00
 -1        21 0.00000E+00 0.00000E+00 0.00000E+00
 -1        22 0.00000E+00 0.00000E+00 0.00000E+00
 -1        23 0.00000E+00 0.00000E+00 0.00000E+00
 -1        24 0.00000E+00 0.00000E+00 0.00000E+00
 -1        25 0.00000E+00 0.00000E+00 0.00000E+00
 -1        26 0.00000E+00 0.00000E+00 0.00000E+00
 -1        27 0.00000E+00 0.00000E+00 0.00000E+00
 -1        28 0.00000E+00 0.00000E+00 0.00000E+00
 -1        29 0.00000E+00 0.00000E+00 0.00000E+00
 -1        30 0.00000E+00 0.00000E+00 0.00000E+00
 -1        31 0.00000E+00 0.00000E+00 0.00000E+00
 -1        32 0.00000E+00 0.00000E+00 0.00000E+00
 -1        33 0.00000E+00 0.00000E+00 0.00000E+00
 -1        34 0.00000E+00 0.00000E+00 0.00000E+00
 -1        35 0.00000E+00 0.00000E+00 0.00000E+00
 -1        36 0.00000E+00 0.00000E+00 0.00000E+00
 -1        37 0.00000E+00 0.00000E+00 0.00000E+00
 -1        38 0.00000E+00 0.00000E+00 0.00000E+00
 -1        39 0.00000E+00 0.00000E+00 0.00000E+00
 -1        40 0.00000E+00 0.00000E+00 0.00000E+00
 -1        41 0.00000E+00 0.00000E+00 0.00000E+00
 -1        42 0.00000E+00 0.00000E+00 0.00000E+00
 -1        43 0.00000E+00 0.00000E+00 0.00000E+00
 -1        44 0.00000E+00 0.00000E+00 0.00000E+00
 -1        45 0.00000E+00 0.00000E+00 0.00000E+00
 -1        46 0.00000E+00 0.00000E+00 0.00000E+00
 -1        47 0.00000E+00 0.00000E+00 0.00000E+00
 -1        48 0.00000E+00 0.00000E+00 0.00000E+00
 -1        49 0.00000E+00 0.00000E+00 0.00000E+00
 -1        50 0.00000E+00 0.00000E+00 0.00000E+00
 -1        51 0.00000E+00 0.00000E+00 0.00000E+00
 -1        52 0.00000E+00 0.00000E+00 0.00000E+00
 -1        53 0.00000E+00 0.00000E+00 0.00000E+00
 -1        54 0.00000E+00 0.00000E+00 0.00000E+00
 -1        55 0.00000E+00 0.00000E+00 0.00000E+00
 -1        56 0.00000E+00 0.00000E+00 0.00000E+00
 -1        57 0.00000E+00 0.00000E+00 0.00000E+00
 -1        58 0.00000E+00 0.00000E+00 0.00000E+00
 -1        59 0.00000E+00 0.00000E+00 0.00000E+00
 -1        60 0.00000E+00 0.00000E+00 0.00000E+00
 -1        61 0.00000E+00 0.00000E+00 0.00000E+00
 -1        62 0.00000E+00 0.00000E+00 0.00000E+00
 -1        63 0.00000E+00 0.00000E+00 0.00000E+00
 -1        64 0.00000E+00 0.00000E+00 0.00000E+00
 -1        65 0.00000E+00 0.00000E+00 0.00000E+00
 -1        66 0.00000E+00 0.00000E+00 0.00000E+00
 -1        67 0.00000E+00 0.00000E+00 0.00000E+00
 -1        68 0.00000E+00 0.00000E+00 0.00000E+00
 -1        69 0.00000E+00 0.00000E+00 0.00000E+00
 -1        70 0.00000E+00 0.00000E+00 0.00000E+00
 -1        71-1.61896E-03-2.12890E-03-6.47317E-04
 -1        72-1.19770E-03-2.98410E-03-1.23646E-03
 -1        73 1.56234E-05-4.50823E-03-1.68043E-03
 -1        74 1.09720E-03-2.47842E-03-9.14414E-04
 -1        75 9.77154E-04-8.72828E-04-9.52871E-05
 -1        76 4.80075E-04-2.33673E-04 2.53149E-05
 -1        77 2.30817E-04-6.99484E-05-2.01699E-05
 -1        78 1.41677E-04-3.31841E-05-2.40263E-05
 -1        79 9.67297E-05-1.73761E-05-1.18765E-05
 -1        80 8.79709E-05-9.78226E-06-4.37552E-05
 -1        81-2.84796E-03-2.01145E-03-7.37432E-04
 -1        82-2.56807E-03-2.77263E-03-3.42099E-03
 -1        83 6.24679E-05-4.35623E-03-5.71636E-03
 -1        84 2.00968E-03-2.15006E-03-2.51610E-03
 -1        85 9.91580E-04-7.04409E-04 7.28594E-05
 -1        86 3.13855E-04-1.61453E-04 1.50212E-04
 -1        87 1.58498E-04-3.64341E-05 2.44871E-05
 -1        88 1.13374E-04-1.27630E-05-5.99775E-06
 -1        89 8.27691E-05-5.73046E-06-4.70698E-06
 -1        90 7.84989E-05 1.02764E-06-3.83374E-05
 -1        91-5.11980E-03-1.39547E-03-1.38745E-03
 -1        92-4.81449E-03-1.76285E-03-6.90652E-03
 -1        93 3.91974E-04-2.52930E-03-1.11857E-02
 -1        94 3.87462E-03-1.21412E-03-4.64727E-03
 -1        95 1.51669E-03-4.40185E-04 2.05558E-04
 -1        96 3.25135E-04-1.06599E-04 2.17649E-04
 -1        97 1.20213E-04-2.43884E-05 3.47291E-05
 -1        98 9.33012E-05-6.07773E-06-6.98325E-06
 -1        99 7.21113E-05-1.94918E-06-3.84048E-06
 -1       100 7.04506E-05 2.19288E-06-3.39613E-05
 -1       101-6.05157E-03 1.17597E-06-1.71818E-03
 -1       102-5.50774E-03 1.36473E-06-8.18849E-03
 -1       103 5.59963E-04 4.98249E-07-1.29546E-02
 -1       104 4.40554E-03 1.06346E-06-5.23782E-03
 -1       105 1.70630E-03 2.97093E-07 2.76721E-04
 -1       106 3.51229E-04 1.02135E-07 2.41088E-04
 -1       107 1.11729E-04 4.12693E-08 4.00894E-05
 -1       108 8.70183E-05 2.77829E-09-8.65291E-06
 -1       109 6.84252E-05-9.49244E-09-3.80546E-06
 -1       110 6.74798E-05-2.49352E-08-3.25145E-05
 -1       111-5.12151E-03 1.39810E-03-1.38848E-03
 -1       112-4.81582E-03 1.76715E-03-6.90834E-03
 -1       113 3.92045E-04 2.53411E-03-1.11893E-02
 -1       114 3.87572E-03 1.21643E-03-4.64837E-03
 -1       115 1.51733E-03 4.40858E-04 2.05415E-04
 -1       116 3.25326E-04 1.06883E-04 2.17697E-04
 -1       117 1.20296E-04 2.44594E-05 3.47338E-05
 -1       118 9.33583E-05 6.08533E-06-6.98104E-06
 -1       119 7.21529E-05 1.92971E-06-3.84122E-06
 -1       120 7.04899E-05-2.24015E-06-3.39800E-05
 -1       121-2.84941E-03 2.01463E-03-7.38197E-04
 -1       122-2.56902E-03 2.77585E-03-3.42161E-03
 -1       123 6.24901E-05 4.35968E-03-5.71734E-03
 -1       124 2.01056E-03 2.15241E-03-2.51690E-03
 -1       125 9.92341E-04 7.05410E-04 7.27242E-05
 -1       126 3.14206E-04 1.61765E-04 1.50229E-04
 -1       127 1.58706E-04 3.65171E-05 2.44877E-05
 -1       128 1.13502E-04 1.27702E-05-5.99832E-06
 -1       129 8.28543E-05 5.71666E-06-4.70907E-06
 -1       130 7.85751E-05-1.06671E-06-3.83738E-05
 -1       131-1.61964E-03 2.13217E-03-6.48932E-04
 -1       132-1.19795E-03 2.98699E-03-1.23781E-03
 -1       133 1.58935E-05 4.51119E-03-1.68171E-03
 -1       134 1.09807E-03 2.48071E-03-9.15418E-04
 -1       135 9.78159E-04 8.74040E-04-9.58408E-05
 -1       136 4.80801E-04 2.34151E-04 2.50876E-05
 -1       137 2.31204E-04 7.00930E-05-2.02551E-05
 -1       138 1.41884E-04 3.32270E-05-2.40498E-05
 -1       139 9.68532E-05 1.73754E-05-1.18780E-05
 -1       140 8.80756E-05 9.75836E-06-4.37909E-05
 -1       141-1.97355E-04-1.24369E-03-2.34950E-04
 -1       142-2.84962E-04-3.89683E-04-5.53209E-04
 -1       143-2.82809E-04 1.00187E-03 1.50191E-03
 -1       144-1.48149E-04-2.17038E-04-3.65154E-04
 -1       145 3.38380E-04-5.27188E-04-6.55699E-06
 -1       146 5.26764E-04-2.78969E-04 1.56080E-04
 -1       147 3.72464E-04-1.31513E-04 2.08533E-05
 -1       148 2.15387E-04-5.76516E-05-8.45832E-06
 -1       149 1.52876E-04-2.18379E-05-1.25656E-05
 -1       150 1.39690E-04-3.14403E-06-4.84176E-05
 -1       151 2.54258E-04-1.10413E-03-1.19793E-04
 -1       152 2.76378E-05-4.35478E-04-6.23245E-03
 -1       153-5.69717E-04 2.42337E-04-1.52563E-02
 -1       154-9.90617E-04-4.03838E-04-3.92221E-03
 -1       155-1.05541E-04-5.11941E-04 7.61485E-06
 -1       156 3.86927E-04-2.66877E-04 2.37760E-04
 -1       157 3.02729E-04-9.10040E-05 5.67956E-05
 -1       158 1.80790E-04-3.01781E-05 7.27669E-06
 -1       159 1.33953E-04-1.25340E-05-7.43791E-06
 -1       160 1.25388E-04-2.39250E-06-4.51147E-05
 -1       161 1.21906E-03-5.33965E-04 5.92611E-04
 -1       162 5.15669E-04 4.76401E-06-1.29033E-02
 -1       163-9.95298E-04 3.64651E-04-3.05582E-02
 -1       164-2.05042E-03-1.20530E-04-5.90649E-03
 -1       165-4.04929E-04-2.76666E-04 1.29614E-04
 -1       166 4.11660E-04-1.62239E-04 3.91616E-04
 -1       167 2.87287E-04-5.18765E-05 6.79995E-05
 -1       168 1.59691E-04-1.17745E-05 8.14772E-06
 -1       169 1.18765E-04-4.10800E-06-5.23688E-06
 -1       170 1.12351E-04 5.45119E-07-3.78227E-05
 -1       171 1.44571E-03 9.36025E-07 5.59674E-04
 -1       172 5.45564E-04 7.94906E-06-1.54898E-02
 -1       173-1.18760E-03 1.65037E-05-3.34348E-02
 -1       174-2.32859E-03 5.01238E-07-6.20578E-03
 -1       175-4.47755E-04 6.83730E-07 5.56916E-05
 -1       176 4.50363E-04 1.43795E-07 4.52650E-04
 -1       177 2.92858E-04 5.18625E-08 6.79142E-05
 -1       178 1.53058E-04 1.67084E-09 6.12087E-06
 -1       179 1.12568E-04-1.14025E-08-5.76913E-06
 -1       180 1.07461E-04-2.91868E-08-3.59048E-05
 -1       181 1.21599E-03 5.38466E-04 5.91269E-04
 -1       182 5.12724E-04 2.51993E-06-1.29050E-02
 -1       183-9.94493E-04-3.56539E-04-3.05626E-02
 -1       184-2.04835E-03 1.24875E-04-5.90826E-03
 -1       185-4.04678E-04 2.77636E-04 1.29635E-04
 -1       186 4.11892E-04 1.62689E-04 3.91677E-04
 -1       187 2.87415E-04 5.19764E-05 6.80296E-05
 -1       188 1.59774E-04 1.17859E-05 8.15725E-06
 -1       189 1.18834E-04 4.08482E-06-5.23692E-06
 -1       190 1.12416E-04-6.00207E-07-3.78455E-05
 -1       191 2.52543E-04 1.10898E-03-1.20959E-04
 -1       192 2.68211E-05 4.39707E-04-6.23354E-03
 -1       193-5.69766E-04-2.38476E-04-1.52591E-02
 -1       194-9.90205E-04 4.06988E-04-3.92389E-03
 -1       195-1.04855E-04 5.13592E-04 7.50945E-06
 -1       196 3.87311E-04 2.67419E-04 2.37765E-04
 -1       197 3.03007E-04 9.11747E-05 5.68193E-05
 -1       198 1.80968E-04 3.02007E-05 7.28935E-06
 -1       199 1.34089E-04 1.25172E-05-7.43863E-06
 -1       200 1.25514E-04 2.34165E-06-4.51570E-05
 -1       201-1.97802E-04 1.24823E-03-2.36652E-04
 -1       202-2.85330E-04 3.93568E-04-5.54714E-04
 -1       203-2.82556E-04-9.98549E-04 1.50104E-03
 -1       204-1.47353E-04 2.19635E-04-3.65982E-04
 -1       205 3.39343E-04 5.28880E-04-7.17907E-06
 -1       206 5.27602E-04 2.79713E-04 1.55888E-04
 -1       207 3.72946E-04 1.31730E-04 2.08213E-05
 -1       208 2.15664E-04 5.77109E-05-8.45312E-06
 -1       209 1.53065E-04 2.18287E-05-1.25610E-05
 -1       210 1.39860E-04 3.09592E-06-4.84568E-05
 -1       211-6.26177E-02-2.87406E-02-1.65838E-02
 -1       212-5.00819E-02-1.62269E-02-6.91768E-02
 -1       213-4.00910E-02-4.74093E-03-1.09449E-01
 -1       214-3.10734E-02 2.85696E-03-1.37745E-01
 -1       215-2.38424E-02 4.64330E-03-1.47134E-01
 -1       216-1.85911E-02 4.12512E-03-1.51089E-01
 -1       217-1.51246E-02 3.01758E-03-1.52290E-01
 -1       218-1.30577E-02 1.91393E-03-1.52629E-01
 -1       219-1.20413E-02 1.06533E-03-1.53009E-01
 -1       220-1.17051E-02 5.40751E-04-1.53954E-01
 -1       221-1.16243E-02 2.25694E-04-1.55455E-01
 -1       222-6.96442E-02-1.71490E-02-2.28148E-02
 -1       223-5.69003E-02-1.11210E-02-7.72663E-02
 -1       224-4.55295E-02-4.03038E-03-1.12855E-01
 -1       225-3.43475E-02 8.34623E-04-1.35269E-01
 -1       226-2.52071E-02 2.71529E-03-1.44870E-01
 -1       227-1.88977E-02 2.73280E-03-1.49453E-01
 -1       228-1.49634E-02 2.10289E-03-1.51310E-01
 -1       229-1.27512E-02 1.38921E-03-1.52149E-01
 -1       230-1.17468E-02 8.17702E-04-1.52859E-01
 -1       231-1.14586E-02 4.45733E-04-1.53964E-01
 -1       232-1.13920E-02 2.28445E-04-1.55500E-01
 -1       233-7.14643E-02-7.95655E-03-2.60289E-02
 -1       234-5.83550E-02-5.75655E-03-8.10347E-02
 -1       235-4.69664E-02-2.52144E-03-1.14445E-01
 -1       236-3.58144E-02-7.24776E-05-1.34930E-01
 -1       237-2.65363E-02 1.10614E-03-1.44106E-01
 -1       238-1.97798E-02 1.31947E-03-1.48729E-01
 -1       239-1.54268E-02 1.07960E-03-1.50807E-01
 -1       240-1.29420E-02 7.43203E-04-1.51858E-01
 -1       241-1.17754E-02 4.58170E-04-1.52727E-01
 -1       242-1.13938E-02 2.62852E-04-1.53921E-01
 -1       243-1.12808E-02 1.56630E-04-1.55474E-01
 -1       244-7.16864E-02-5.73033E-05-2.76295E-02
 -1       245-5.85635E-02-3.16698E-05-8.25756E-02
 -1       246-4.72613E-02-1.23984E-05-1.15090E-01
 -1       247-3.62141E-02-1.02341E-05-1.35003E-01
 -1       248-2.69638E-02-7.13118E-06-1.43957E-01
 -1       249-2.01297E-02-4.93214E-06-1.48541E-01
 -1       250-1.56425E-02-3.22224E-06-1.50660E-01
 -1       251-1.30496E-02-1.92353E-06-1.51764E-01
 -1       252-1.18117E-02-9.00536E-07-1.52678E-01
 -1       253-1.13894E-02-1.82083E-08-1.53897E-01
 -1       254-1.12555E-02 8.98472E-07-1.55457E-01
 -1       255-7.14677E-02 7.89503E-03-2.60309E-02
 -1       256-5.83657E-02 5.70908E-03-8.10374E-02
 -1       257-4.69738E-02 2.49175E-03-1.14446E-01
 -1       258-3.58185E-02 5.22306E-05-1.34932E-01
 -1       259-2.65395E-02-1.12072E-03-1.44108E-01
 -1       260-1.97824E-02-1.32944E-03-1.48730E-01
 -1       261-1.54291E-02-1.08613E-03-1.50807E-01
 -1       262-1.29441E-02-7.47090E-04-1.51858E-01
 -1       263-1.17774E-02-4.59984E-04-1.52727E-01
 -1       264-1.13958E-02-2.62876E-04-1.53921E-01
 -1       265-1.12828E-02-1.54824E-04-1.55474E-01
 -1       266-6.96557E-02 1.71014E-02-2.28179E-02
 -1       267-5.69116E-02 1.10814E-02-7.72706E-02
 -1       268-4.55403E-02 4.00023E-03-1.12858E-01
 -1       269-3.43562E-02-8.56072E-04-1.35274E-01
 -1       270-2.52137E-02-2.73038E-03-1.44873E-01
 -1       271-1.89032E-02-2.74314E-03-1.49456E-01
 -1       272-1.49681E-02-2.10963E-03-1.51312E-01
 -1       273-1.27554E-02-1.39323E-03-1.52150E-01
 -1       274-1.17508E-02-8.19561E-04-1.52859E-01
 -1       275-1.14625E-02-4.45737E-04-1.53965E-01
 -1       276-1.13959E-02-2.26620E-04-1.55502E-01
 -1       277-6.26364E-02 2.86958E-02-1.65865E-02
 -1       278-5.00995E-02 1.61899E-02-6.91804E-02
 -1       279-4.01071E-02 4.71213E-03-1.09452E-01
 -1       280-3.10873E-02-2.87934E-03-1.37753E-01
 -1       281-2.38537E-02-4.65920E-03-1.47140E-01
 -1       282-1.86001E-02-4.13593E-03-1.51094E-01
 -1       283-1.51321E-02-3.02465E-03-1.52293E-01
 -1       284-1.30642E-02-1.91814E-03-1.52631E-01
 -1       285-1.20474E-02-1.06728E-03-1.53011E-01
 -1       286-1.17109E-02-5.40764E-04-1.53955E-01
 -1       287-1.16301E-02-2.23852E-04-1.55456E-01
 -1       288-2.09564E-02-2.32793E-02-6.74512E-02
 -1       289-1.33810E-02-1.38409E-02-9.24166E-02
 -1       290-1.14749E-02-6.22948E-03-1.19907E-01
 -1       291-1.20252E-02-1.43649E-03-1.38325E-01
 -1       292-1.26219E-02 8.79371E-04-1.48033E-01
 -1       293-1.20838E-02 1.63257E-03-1.51590E-01
 -1       294-1.12083E-02 1.58391E-03-1.52647E-01
 -1       295-1.03811E-02 1.26178E-03-1.52765E-01
 -1       296-9.78668E-03 9.17595E-04-1.52952E-01
 -1       297-9.46665E-03 6.34643E-04-1.53728E-01
 -1       298-9.38562E-03 4.05204E-04-1.55347E-01
 -1       299-2.69113E-02-1.36256E-02-7.04143E-02
 -1       300-1.93720E-02-8.58712E-03-9.43854E-02
 -1       301-1.67928E-02-3.81732E-03-1.20179E-01
 -1       302-1.54470E-02-8.42161E-04-1.37273E-01
 -1       303-1.41733E-02 7.29416E-04-1.46495E-01
 -1       304-1.26020E-02 1.20362E-03-1.50346E-01
 -1       305-1.12203E-02 1.14452E-03-1.51822E-01
 -1       306-1.02029E-02 8.99589E-04-1.52319E-01
 -1       307-9.57979E-03 6.49463E-04-1.52786E-01
 -1       308-9.28102E-03 4.54480E-04-1.53737E-01
 -1       309-9.20124E-03 3.11758E-04-1.55393E-01
 -1       310-2.90151E-02-6.24746E-03-7.31169E-02
 -1       311-2.15675E-02-4.29092E-03-9.70112E-02
 -1       312-1.92607E-02-2.06744E-03-1.21959E-01
 -1       313-1.74658E-02-4.88985E-04-1.37689E-01
 -1       314-1.54452E-02 3.59271E-04-1.46172E-01
 -1       315-1.32701E-02 6.38183E-04-1.49913E-01
 -1       316-1.14983E-02 6.12471E-04-1.51451E-01
 -1       317-1.02652E-02 4.83558E-04-1.52070E-01
 -1       318-9.54414E-03 3.51267E-04-1.52647E-01
 -1       319-9.20951E-03 2.50194E-04-1.53670E-01
 -1       320-9.11916E-03 1.85506E-04-1.55323E-01
 -1       321-2.94727E-02-1.54345E-05-7.40906E-02
 -1       322-2.21082E-02-1.50480E-05-9.78721E-02
 -1       323-1.99387E-02-1.23796E-05-1.22612E-01
 -1       324-1.80864E-02-8.32354E-06-1.37958E-01
 -1       325-1.58989E-02-5.79329E-06-1.46191E-01
 -1       326-1.35561E-02-3.91835E-06-1.49831E-01
 -1       327-1.16446E-02-2.50467E-06-1.51353E-01
 -1       328-1.03225E-02-1.42669E-06-1.51991E-01
 -1       329-9.55344E-03-5.51809E-07-1.52592E-01
 -1       330-9.19784E-03 2.42321E-07-1.53627E-01
 -1       331-9.09958E-03 1.09280E-06-1.55276E-01
 -1       332-2.90193E-02 6.20625E-03-7.31245E-02
 -1       333-2.15723E-02 4.25716E-03-9.70163E-02
 -1       334-1.92654E-02 2.04311E-03-1.21961E-01
 -1       335-1.74697E-02 4.72044E-04-1.37691E-01
 -1       336-1.54483E-02-3.71043E-04-1.46174E-01
 -1       337-1.32728E-02-6.46112E-04-1.49914E-01
 -1       338-1.15007E-02-6.17549E-04-1.51452E-01
 -1       339-1.02674E-02-4.86457E-04-1.52070E-01
 -1       340-9.54609E-03-3.52397E-04-1.52648E-01
 -1       341-9.21138E-03-2.49720E-04-1.53670E-01
 -1       342-9.12099E-03-1.83338E-04-1.55324E-01
 -1       343-2.69208E-02 1.35856E-02-7.04187E-02
 -1       344-1.93817E-02 8.55403E-03-9.43907E-02
 -1       345-1.68016E-02 3.79237E-03-1.20184E-01
 -1       346-1.54545E-02 8.24633E-04-1.37278E-01
 -1       347-1.41798E-02-7.41560E-04-1.46499E-01
 -1       348-1.26077E-02-1.21182E-03-1.50349E-01
 -1       349-1.12251E-02-1.14980E-03-1.51824E-01
 -1       350-1.02071E-02-9.02623E-04-1.52321E-01
 -1       351-9.58368E-03-6.50675E-04-1.52787E-01
 -1       352-9.28472E-03-4.54039E-04-1.53738E-01
 -1       353-9.20487E-03-3.09620E-04-1.55394E-01
 -1       354-2.09723E-02 2.32404E-02-6.74598E-02
 -1       355-1.33962E-02 1.38088E-02-9.24262E-02
 -1       356-1.14887E-02 6.20461E-03-1.19916E-01
 -1       357-1.20374E-02 1.41836E-03-1.38332E-01
 -1       358-1.26326E-02-8.92092E-04-1.48039E-01
 -1       359-1.20927E-02-1.64127E-03-1.51594E-01
 -1       360-1.12158E-02-1.58956E-03-1.52650E-01
 -1       361-1.03875E-02-1.26509E-03-1.52767E-01
 -1       362-9.79243E-03-9.18974E-04-1.52953E-01
 -1       363-9.47210E-03-6.34280E-04-1.53729E-01
 -1       364-9.39101E-03-4.03093E-04-1.55348E-01
 -1       365-7.35154E-03-1.85816E-02-1.02286E-01
 -1       366-2.05251E-03-1.33065E-02-1.12730E-01
 -1       367 2.84643E-04-8.23212E-03-1.27924E-01
 -1       368-5.41728E-04-4.29146E-03-1.40016E-01
 -1       369-2.46629E-03-1.70269E-03-1.47293E-01
 -1       370-4.25687E-03-2.67121E-04-1.50728E-01
 -1       371-5.32600E-03 4.20895E-04-1.51866E-01
 -1       372-5.83240E-03 6.93498E-04-1.52129E-01
 -1       373-6.03870E-03 7.77716E-04-1.52287E-01
 -1       374-6.23242E-03 7.87053E-04-1.52994E-01
 -1       375-6.34911E-03 7.38398E-04-1.54792E-01
 -1       376-1.19226E-02-1.18615E-02-1.04512E-01
 -1       377-6.14672E-03-8.51374E-03-1.14445E-01
 -1       378-3.14625E-03-5.24552E-03-1.28413E-01
 -1       379-3.11220E-03-2.66213E-03-1.39765E-01
 -1       380-4.11196E-03-1.00717E-03-1.46676E-01
 -1       381-5.12267E-03-8.39730E-05-1.50071E-01
 -1       382-5.70702E-03 3.42186E-04-1.51365E-01
 -1       383-5.95901E-03 5.00710E-04-1.51819E-01
 -1       384-6.05708E-03 5.43843E-04-1.52150E-01
 -1       385-6.21968E-03 5.46736E-04-1.53006E-01
 -1       386-6.35052E-03 5.40360E-04-1.54844E-01
 -1       387-1.41621E-02-5.35751E-03-1.05876E-01
 -1       388-8.21491E-03-3.85450E-03-1.16046E-01
 -1       389-4.93343E-03-2.31394E-03-1.29639E-01
 -1       390-4.58891E-03-1.14462E-03-1.40399E-01
 -1       391-5.13633E-03-3.89317E-04-1.46790E-01
 -1       392-5.70618E-03 2.50318E-05-1.49923E-01
 -1       393-5.98615E-03 2.04501E-04-1.51160E-01
 -1       394-6.06029E-03 2.61023E-04-1.51636E-01
 -1       395-6.07512E-03 2.67258E-04-1.52011E-01
 -1       396-6.21912E-03 2.60694E-04-1.52895E-01
 -1       397-6.35247E-03 2.54271E-04-1.54696E-01
 -1       398-1.48070E-02-1.16319E-05-1.06255E-01
 -1       399-8.80105E-03-9.67530E-06-1.16497E-01
 -1       400-5.47363E-03-7.46256E-06-1.30042E-01
 -1       401-5.05480E-03-5.49028E-06-1.40611E-01
 -1       402-5.47639E-03-3.77272E-06-1.46832E-01
 -1       403-5.91246E-03-2.47607E-06-1.49884E-01
 -1       404-6.09038E-03-1.51848E-06-1.51101E-01
 -1       405-6.10100E-03-7.89713E-07-1.51585E-01
 -1       406-6.08413E-03-1.88222E-07-1.51973E-01
 -1       407-6.21763E-03 3.84161E-07-1.52866E-01
 -1       408-6.35188E-03 1.03498E-06-1.54661E-01
 -1       409-1.41649E-02 5.33545E-03-1.05876E-01
 -1       410-8.21790E-03 3.83550E-03-1.16048E-01
 -1       411-4.93634E-03 2.29864E-03-1.29641E-01
 -1       412-4.59164E-03 1.13342E-03-1.40401E-01
 -1       413-5.13880E-03 3.81648E-04-1.46791E-01
 -1       414-5.70840E-03-3.00897E-05-1.49924E-01
 -1       415-5.98812E-03-2.07620E-04-1.51161E-01
 -1       416-6.06204E-03-2.62667E-04-1.51637E-01
 -1       417-6.07670E-03-2.67681E-04-1.52011E-01
 -1       418-6.22064E-03-2.59959E-04-1.52895E-01
 -1       419-6.35395E-03-2.52242E-04-1.54697E-01
 -1       420-1.19285E-02 1.18370E-02-1.04515E-01
 -1       421-6.15267E-03 8.49326E-03-1.14450E-01
 -1       422-3.15208E-03 5.22955E-03-1.28418E-01
 -1       423-3.11774E-03 2.65040E-03-1.39769E-01
 -1       424-4.11701E-03 9.99024E-04-1.46679E-01
 -1       425-5.12719E-03 7.85360E-05-1.50073E-01
 -1       426-5.71097E-03-3.45604E-04-1.51367E-01
 -1       427-5.96248E-03-5.02575E-04-1.51821E-01
 -1       428-6.06022E-03-5.44416E-04-1.52151E-01
 -1       429-6.22267E-03-5.46086E-04-1.53007E-01
 -1       430-6.35344E-03-5.38402E-04-1.54845E-01
 -1       431-7.36120E-03 1.85565E-02-1.02295E-01
 -1       432-2.06210E-03 1.32856E-02-1.12741E-01
 -1       433 2.75136E-04 8.21560E-03-1.27933E-01
 -1       434-5.50629E-04 4.27917E-03-1.40024E-01
 -1       435-2.47417E-03 1.69393E-03-1.47299E-01
 -1       436-4.26373E-03 2.61134E-04-1.50732E-01
 -1       437-5.33186E-03-4.24756E-04-1.51869E-01
 -1       438-5.83746E-03-6.95694E-04-1.52131E-01
 -1       439-6.04324E-03-7.78518E-04-1.52289E-01
 -1       440-6.23677E-03-7.86539E-04-1.52995E-01
 -1       441-6.35344E-03-7.36485E-04-1.54794E-01
 -1       442-5.04384E-03-1.35155E-02-1.26768E-01
 -1       443 9.87238E-04-1.07690E-02-1.31345E-01
 -1       444 3.72921E-03-7.76203E-03-1.37629E-01
 -1       445 3.67068E-03-4.82169E-03-1.43380E-01
 -1       446 2.10276E-03-2.53460E-03-1.47342E-01
 -1       447 2.84661E-04-1.01044E-03-1.49554E-01
 -1       448-1.14728E-03-1.14543E-04-1.50580E-01
 -1       449-2.01001E-03 3.79898E-04-1.50982E-01
 -1       450-2.42773E-03 6.74676E-04-1.51229E-01
 -1       451-2.64813E-03 9.14996E-04-1.51622E-01
 -1       452-3.17418E-03 1.20180E-03-1.53353E-01
 -1       453-7.22236E-03-7.47652E-03-1.30499E-01
 -1       454-1.20293E-03-5.67539E-03-1.34893E-01
 -1       455 1.61310E-03-3.97569E-03-1.39910E-01
 -1       456 1.90975E-03-2.42663E-03-1.44640E-01
 -1       457 8.41694E-04-1.24153E-03-1.47893E-01
 -1       458-5.05621E-04-4.71056E-04-1.49677E-01
 -1       459-1.58551E-03-2.41531E-05-1.50486E-01
 -1       460-2.23943E-03 2.18463E-04-1.50803E-01
 -1       461-2.56179E-03 3.58805E-04-1.51028E-01
 -1       462-2.76935E-03 4.61854E-04-1.51418E-01
 -1       463-3.34581E-03 5.53690E-04-1.53154E-01
 -1       464-8.61800E-03-3.40312E-03-1.30283E-01
 -1       465-2.34198E-03-2.50998E-03-1.35254E-01
 -1       466 6.45621E-04-1.69446E-03-1.40159E-01
 -1       467 1.14876E-03-1.01005E-03-1.44745E-01
 -1       468 2.86777E-04-5.05417E-04-1.47890E-01
 -1       469-8.60470E-04-1.81232E-04-1.49607E-01
 -1       470-1.77619E-03 5.03818E-06-1.50402E-01
 -1       471-2.32347E-03 1.04183E-04-1.50738E-01
 -1       472-2.58976E-03 1.59003E-04-1.50989E-01
 -1       473-2.78335E-03 1.92877E-04-1.51395E-01
 -1       474-3.39578E-03 2.16699E-04-1.53138E-01
 -1       475-9.01872E-03-4.96413E-06-1.30295E-01
 -1       476-2.68362E-03-4.24532E-06-1.35437E-01
 -1       477 3.48862E-04-3.31796E-06-1.40320E-01
 -1       478 9.13733E-04-2.39533E-06-1.44852E-01
 -1       479 1.14247E-04-1.61592E-06-1.47936E-01
 -1       480-9.71532E-04-1.01538E-06-1.49608E-01
 -1       481-1.83588E-03-5.75419E-07-1.50384E-01
 -1       482-2.34846E-03-2.42690E-07-1.50716E-01
 -1       483-2.59627E-03 4.18860E-08-1.50969E-01
 -1       484-2.78634E-03 3.39432E-07-1.51375E-01
 -1       485-3.40430E-03 7.25826E-07-1.53118E-01
 -1       486-8.61894E-03 3.39289E-03-1.30283E-01
 -1       487-2.34307E-03 2.50135E-03-1.35255E-01
 -1       488 6.44260E-04 1.68784E-03-1.40160E-01
 -1       489 1.14730E-03 1.00524E-03-1.44746E-01
 -1       490 2.85358E-04 5.02143E-04-1.47891E-01
 -1       491-8.61778E-04 1.79155E-04-1.49608E-01
 -1       492-1.77736E-03-6.23611E-06-1.50402E-01
 -1       493-2.32451E-03-1.04714E-04-1.50738E-01
 -1       494-2.59067E-03-1.58964E-04-1.50989E-01
 -1       495-2.78418E-03-1.92245E-04-1.51395E-01
 -1       496-3.39665E-03-2.15306E-04-1.53139E-01
 -1       497-7.22417E-03 7.46665E-03-1.30499E-01
 -1       498-1.20534E-03 5.66688E-03-1.34895E-01
 -1       499 1.61017E-03 3.96890E-03-1.39912E-01
 -1       500 1.90670E-03 2.42159E-03-1.44642E-01
 -1       501 8.38777E-04 1.23801E-03-1.47894E-01
 -1       502-5.08269E-04 4.68742E-04-1.49678E-01
 -1       503-1.58786E-03 2.27461E-05-1.50487E-01
 -1       504-2.24148E-03-2.19171E-04-1.50804E-01
 -1       505-2.56360E-03-3.58919E-04-1.51029E-01
 -1       506-2.77099E-03-4.61369E-04-1.51418E-01
 -1       507-3.34751E-03-5.52488E-04-1.53156E-01
 -1       508-5.04618E-03 1.35045E-02-1.26775E-01
 -1       509 9.83441E-04 1.07592E-02-1.31353E-01
 -1       510 3.72454E-03 7.75387E-03-1.37636E-01
 -1       511 3.66588E-03 4.81539E-03-1.43386E-01
 -1       512 2.09827E-03 2.53001E-03-1.47346E-01
 -1       513 2.80697E-04 1.00726E-03-1.49557E-01
 -1       514-1.15072E-03 1.12480E-04-1.50582E-01
 -1       515-2.01299E-03-3.81074E-04-1.50983E-01
 -1       516-2.43035E-03-6.75106E-04-1.51230E-01
 -1       517-2.65053E-03-9.14737E-04-1.51623E-01
 -1       518-3.17662E-03-1.20087E-03-1.53354E-01
 -1       519 0.00000E+00 0.00000E+00-1.50000E-01
 -1       520 0.00000E+00 0.00000E+00-1.50000E-01
 -1       521 0.00000E+00 0.00000E+00-1.50000E-01
 -1       522 0.00000E+00 0.00000E+00-1.50000E-01
 -1       523 0.00000E+00 0.00000E+00-1.50000E-01
 -1       524 0.00000E+00 0.00000E+00-1.50000E-01
 -1       525 0.00000E+00 0.00000E+00-1.50000E-01
 -1       526 0.00000E+00 0.00000E+00-1.50000E-01
 -1       527 0.00000E+00 0.00000E+00-1.50000E-01
 -1       528 0.00000E+00 0.00000E+00-1.50000E-01
 -1       529 0.00000E+00 0.00000E+00-1.50000E-01
 -1       530 0.00000E+00 0.00000E+00-1.50000E-01
 -1       531 0.00000E+00 0.00000E+00-1.50000E-01
 -1       532 0.00000E+00 0.00000E+00-1.50000E-01
 -1       533 0.00000E+00 0.00000E+00-1.50000E-01
 -1       534 0.00000E+00 0.00000E+00-1.50000E-01
 -1       535 0.00000E+00 0.00000E+00-1.50000E-01
 -1       536 0.00000E+00 0.00000E+00-1.50000E-01
 -1       537 0.00000E+00 0.00000E+00-1.50000E-01
 -1       538 0.00000E+00 0.00000E+00-1.50000E-01
 -1       539 0.00000E+00 0.00000E+00-1.50000E-01
 -1       540 0.00000E+00 0.00000E+00-1.50000E-01
 -1       541 0.00000E+00 0.00000E+00-1.50000E-01
 -1       542 0.00000E+00 0.00000E+00-1.50000E-01
 -1       543 0.00000E+00 0.00000E+00-1.50000E-01
 -1       544 0.00000E+00 0.00000E+00-1.50000E-01
 -1       545 0.00000E+00 0.00000E+00-1.50000E-01
 -1       546 0.00000E+00 0.00000E+00-1.50000E-01
 -1       547 0.00000E+00 0.00000E+00-1.50000E-01
 -1       548 0.00000E+00 0.00000E+00-1.50000E-01
 -1       549 0.00000E+00 0.00000E+00-1.50000E-01
 -1       550 0.00000E+00 0.00000E+00-1.50000E-01
 -1       551 0.00000E+00 0.00000E+00-1.50000E-01
 -1       552 0.00000E+00 0.00000E+00-1.50000E-01
 -1       553 0.00000E+00 0.00000E+00-1.50000E-01
 -1       554 0.00000E+00 0.00000E+00-1.50000E-01
 -1       555 0.00000E+00 0.00000E+00-1.50000E-01
 -1       556 0.00000E+00 0.00000E+00-1.50000E-01
 -1       557 0.00000E+00 0.00000E+00-1.50000E-01
 -1       558 0.00000E+00 0.00000E+00-1.50000E-01
 -1       559 0.00000E+00 0.00000E+00-1.50000E-01
 -1       560 0.00000E+00 0.00000E+00-1.50000E-01
 -1       561 0.00000E+00 0.00000E+00-1.50000E-01
 -1       562 0.00000E+00 0.00000E+00-1.50000E-01
 -1       563 0.00000E+00 0.00000E+00-1.50000E-01
 -1       564 0.00000E+00 0.00000E+00-1.50000E-01
 -1       565 0.00000E+00 0.00000E+00-1.50000E-01
 -1       566 0.00000E+00 0.00000E+00-1.50000E-01
 -1       567 0.00000E+00 0.00000E+00-1.50000E-01
 -1       568 0.00000E+00 0.00000E+00-1.50000E-01
 -1       569 0.00000E+00 0.00000E+00-1.50000E-01
 -1       570 0.00000E+00 0.00000E+00-1.50000E-01
 -1       571 0.00000E+00 0.00000E+00-1.50000E-01
 -1       572 0.00000E+00 0.00000E+00-1.50000E-01
 -1       573 0.00000E+00 0.00000E+00-1.50000E-01
 -1       574 0.00000E+00 0.00000E+00-1.50000E-01
 -1       575 0.00000E+00 0.00000E+00-1.50000E-01
 -1       576 0.00000E+00 0.00000E+00-1.50000E-01
 -1       577 0.00000E+00 0.00000E+00-1.50000E-01
 -1       578 0.00000E+00 0.00000E+00-1.50000E-01
 -1       579 0.00000E+00 0.00000E+00-1.50000E-01
 -1       580 0.00000E+00 0.00000E+00-1.50000E-01
 -1       581 0.00000E+00 0.00000E+00-1.50000E-01
 -1       582 0.00000E+00 0.00000E+00-1.50000E-01
 -1       583 0.00000E+00 0.00000E+00-1.50000E-01
 -1       584 0.00000E+00 0.00000E+00-1.50000E-01
 -1       585 0.00000E+00 0.00000E+00-1.50000E-01
 -1       586 0.00000E+00 0.00000E+00-1.50000E-01
 -1       587 0.00000E+00 0.00000E+00-1.50000E-01
 -1       588 0.00000E+00 0.00000E+00-1.50000E-01
 -1       589 0.00000E+00 0.00000E+00-1.50000E-01
 -1       590 0.00000E+00 0.00000E+00-1.50000E-01
 -1       591 0.00000E+00 0.00000E+00-1.50000E-01
 -1       592 0.00000E+00 0.00000E+00-1.50000E-01
 -1       593 0.00000E+00 0.00000E+00-1.50000E-01
 -1       594 0.00000E+00 0.00000E+00-1.50000E-01
 -1       595 0.00000E+00 0.00000E+00-1.50000E-01
 -3
    1PSTEP                         6           3           1          
  100CL  103 1.000000000          21                     0    3           1
 -4  CONTACT     6    1
 -5  COPEN       1    1    0    0
 -5  CSLIP1      1    1    0    0
 -5  CSLIP2      1    1    0    0
 -5  CPRESS      1    1    0    0
 -5  CSHEAR1     1    1    0    0
 -5  CSHEAR2     1    1    0    0
 -1       279-8.01710E-04 0.00000E+00 0.00000E+00 7.98710E+02 0.00000E+00 0.00000E+00
 -1       278-2.13577E-03 0.00000E+00 0.00000E+00 2.13277E+03 0.00000E+00 0.00000E+00
 -1       277-3.93688E-03 0.00000E+00 0.00000E+00 3.93388E+03 0.00000E+00 0.00000E+00
 -1       268-4.89213E-04 0.00000E+00 0.00000E+00 4.86213E+02 0.00000E+00 0.00000E+00
 -1       267-1.65867E-03 0.00000E+00 0.00000E+00 1.65567E+03 0.00000E+00 0.00000E+00
 -1       266-3.66922E-03 0.00000E+00 0.00000E+00 3.66622E+03 0.00000E+00 0.00000E+00
 -1       257-3.88217E-04 0.00000E+00 0.00000E+00 3.85217E+02 0.00000E+00 0.00000E+00
 -1       256-1.46902E-03 0.00000E+00 0.00000E+00 1.46602E+03 0.00000E+00 0.00000E+00
 -1       255-3.59198E-03 0.00000E+00 0.00000E+00 3.58898E+03 0.00000E+00 0.00000E+00
 -1       246-3.66985E-04 0.00000E+00 0.00000E+00 3.63986E+02 0.00000E+00 0.00000E+00
 -1       245-1.40621E-03 0.00000E+00 0.00000E+00 1.40321E+03 0.00000E+00 0.00000E+00
 -1       244-3.55150E-03 0.00000E+00 0.00000E+00 3.54850E+03 0.00000E+00 0.00000E+00
 -1       235-3.88141E-04 0.00000E+00 0.00000E+00 3.85142E+02 0.00000E+00 0.00000E+00
 -1       234-1.46894E-03 0.00000E+00 0.00000E+00 1.46594E+03 0.00000E+00 0.00000E+00
 -1       233-3.59180E-03 0.00000E+00 0.00000E+00 3.58880E+03 0.00000E+00 0.00000E+00
 -1       224-4.89005E-04 0.00000E+00 0.00000E+00 4.86005E+02 0.00000E+00 0.00000E+00
 -1       223-1.65852E-03 0.00000E+00 0.00000E+00 1.65552E+03 0.00000E+00 0.00000E+00
 -1       222-3.66900E-03 0.00000E+00 0.00000E+00 3.66600E+03 0.00000E+00 0.00000E+00
 -1       213-8.01256E-04 0.00000E+00 0.00000E+00 7.98256E+02 0.00000E+00 0.00000E+00
 -1       212-2.13533E-03 0.00000E+00 0.00000E+00 2.13233E+03 0.00000E+00 0.00000E+00
 -1       211-3.93642E-03 0.00000E+00 0.00000E+00 3.93342E+03 0.00000E+00 0.00000E+00
 -3
 9999
