    1C
    1Uccxview sample: a tilted block on a plate, a varying contact gap  
    1UUSER                                                              
    1UDATE              10.october.2026                                 
    1UTIME              14:42:44                                        
    1UHOST                                                              
    1UPGM               CalculiX                                        
    1UVERSION           Version 2.22                             
    1UCOMPILETIME       Mon Aug  5 19:15:25 CEST 2024                    
    1UDIR                                                               
    1UDBN                                                               
    1UMAT    1STEEL                                                     
    1UMAT    2STEEL_ON_STEEL                                            
    2C                           595                                     1
 -1         1-1.50000E+01-1.00000E+01-6.00000E+00
 -1         2-1.16667E+01-1.00000E+01-6.00000E+00
 -1         3-8.33333E+00-1.00000E+01-6.00000E+00
 -1         4-5.00000E+00-1.00000E+01-6.00000E+00
 -1         5-1.66667E+00-1.00000E+01-6.00000E+00
 -1         6 1.66667E+00-1.00000E+01-6.00000E+00
 -1         7 5.00000E+00-1.00000E+01-6.00000E+00
 -1         8 8.33333E+00-1.00000E+01-6.00000E+00
 -1         9 1.16667E+01-1.00000E+01-6.00000E+00
 -1        10 1.50000E+01-1.00000E+01-6.00000E+00
 -1        11-1.50000E+01-6.66667E+00-6.00000E+00
 -1        12-1.16667E+01-6.66667E+00-6.00000E+00
 -1        13-8.33333E+00-6.66667E+00-6.00000E+00
 -1        14-5.00000E+00-6.66667E+00-6.00000E+00
 -1        15-1.66667E+00-6.66667E+00-6.00000E+00
 -1        16 1.66667E+00-6.66667E+00-6.00000E+00
 -1        17 5.00000E+00-6.66667E+00-6.00000E+00
 -1        18 8.33333E+00-6.66667E+00-6.00000E+00
 -1        19 1.16667E+01-6.66667E+00-6.00000E+00
 -1        20 1.50000E+01-6.66667E+00-6.00000E+00
 -1        21-1.50000E+01-3.33333E+00-6.00000E+00
 -1        22-1.16667E+01-3.33333E+00-6.00000E+00
 -1        23-8.33333E+00-3.33333E+00-6.00000E+00
 -1        24-5.00000E+00-3.33333E+00-6.00000E+00
 -1        25-1.66667E+00-3.33333E+00-6.00000E+00
 -1        26 1.66667E+00-3.33333E+00-6.00000E+00
 -1        27 5.00000E+00-3.33333E+00-6.00000E+00
 -1        28 8.33333E+00-3.33333E+00-6.00000E+00
 -1        29 1.16667E+01-3.33333E+00-6.00000E+00
 -1        30 1.50000E+01-3.33333E+00-6.00000E+00
 -1        31-1.50000E+01 0.00000E+00-6.00000E+00
 -1        32-1.16667E+01 0.00000E+00-6.00000E+00
 -1        33-8.33333E+00 0.00000E+00-6.00000E+00
 -1        34-5.00000E+00 0.00000E+00-6.00000E+00
 -1        35-1.66667E+00 0.00000E+00-6.00000E+00
 -1        36 1.66667E+00 0.00000E+00-6.00000E+00
 -1        37 5.00000E+00 0.00000E+00-6.00000E+00
 -1        38 8.33333E+00 0.00000E+00-6.00000E+00
 -1        39 1.16667E+01 0.00000E+00-6.00000E+00
 -1        40 1.50000E+01 0.00000E+00-6.00000E+00
 -1        41-1.50000E+01 3.33333E+00-6.00000E+00
 -1        42-1.16667E+01 3.33333E+00-6.00000E+00
 -1        43-8.33333E+00 3.33333E+00-6.00000E+00
 -1        44-5.00000E+00 3.33333E+00-6.00000E+00
 -1        45-1.66667E+00 3.33333E+00-6.00000E+00
 -1        46 1.66667E+00 3.33333E+00-6.00000E+00
 -1        47 5.00000E+00 3.33333E+00-6.00000E+00
 -1        48 8.33333E+00 3.33333E+00-6.00000E+00
 -1        49 1.16667E+01 3.33333E+00-6.00000E+00
 -1        50 1.50000E+01 3.33333E+00-6.00000E+00
 -1        51-1.50000E+01 6.66667E+00-6.00000E+00
 -1        52-1.16667E+01 6.66667E+00-6.00000E+00
 -1        53-8.33333E+00 6.66667E+00-6.00000E+00
 -1        54-5.00000E+00 6.66667E+00-6.00000E+00
 -1        55-1.66667E+00 6.66667E+00-6.00000E+00
 -1        56 1.66667E+00 6.66667E+00-6.00000E+00
 -1        57 5.00000E+00 6.66667E+00-6.00000E+00
 -1        58 8.33333E+00 6.66667E+00-6.00000E+00
 -1        59 1.16667E+01 6.66667E+00-6.00000E+00
 -1        60 1.50000E+01 6.66667E+00-6.00000E+00
 -1        61-1.50000E+01 1.00000E+01-6.00000E+00
 -1        62-1.16667E+01 1.00000E+01-6.00000E+00
 -1        63-8.33333E+00 1.00000E+01-6.00000E+00
 -1        64-5.00000E+00 1.00000E+01-6.00000E+00
 -1        65-1.66667E+00 1.00000E+01-6.00000E+00
 -1        66 1.66667E+00 1.00000E+01-6.00000E+00
 -1        67 5.00000E+00 1.00000E+01-6.00000E+00
 -1        68 8.33333E+00 1.00000E+01-6.00000E+00
 -1        69 1.16667E+01 1.00000E+01-6.00000E+00
 -1        70 1.50000E+01 1.00000E+01-6.00000E+00
 -1        71-1.50000E+01-1.00000E+01-3.00000E+00
 -1        72-1.16667E+01-1.00000E+01-3.00000E+00
 -1        73-8.33333E+00-1.00000E+01-3.00000E+00
 -1        74-5.00000E+00-1.00000E+01-3.00000E+00
 -1        75-1.66667E+00-1.00000E+01-3.00000E+00
 -1        76 1.66667E+00-1.00000E+01-3.00000E+00
 -1        77 5.00000E+00-1.00000E+01-3.00000E+00
 -1        78 8.33333E+00-1.00000E+01-3.00000E+00
 -1        79 1.16667E+01-1.00000E+01-3.00000E+00
 -1        80 1.50000E+01-1.00000E+01-3.00000E+00
 -1        81-1.50000E+01-6.66667E+00-3.00000E+00
 -1        82-1.16667E+01-6.66667E+00-3.00000E+00
 -1        83-8.33333E+00-6.66667E+00-3.00000E+00
 -1        84-5.00000E+00-6.66667E+00-3.00000E+00
 -1        85-1.66667E+00-6.66667E+00-3.00000E+00
 -1        86 1.66667E+00-6.66667E+00-3.00000E+00
 -1        87 5.00000E+00-6.66667E+00-3.00000E+00
 -1        88 8.33333E+00-6.66667E+00-3.00000E+00
 -1        89 1.16667E+01-6.66667E+00-3.00000E+00
 -1        90 1.50000E+01-6.66667E+00-3.00000E+00
 -1        91-1.50000E+01-3.33333E+00-3.00000E+00
 -1        92-1.16667E+01-3.33333E+00-3.00000E+00
 -1        93-8.33333E+00-3.33333E+00-3.00000E+00
 -1        94-5.00000E+00-3.33333E+00-3.00000E+00
 -1        95-1.66667E+00-3.33333E+00-3.00000E+00
 -1        96 1.66667E+00-3.33333E+00-3.00000E+00
 -1        97 5.00000E+00-3.33333E+00-3.00000E+00
 -1        98 8.33333E+00-3.33333E+00-3.00000E+00
 -1        99 1.16667E+01-3.33333E+00-3.00000E+00
 -1       100 1.50000E+01-3.33333E+00-3.00000E+00
 -1       101-1.50000E+01 0.00000E+00-3.00000E+00
 -1       102-1.16667E+01 0.00000E+00-3.00000E+00
 -1       103-8.33333E+00 0.00000E+00-3.00000E+00
 -1       104-5.00000E+00 0.00000E+00-3.00000E+00
 -1       105-1.66667E+00 0.00000E+00-3.00000E+00
 -1       106 1.66667E+00 0.00000E+00-3.00000E+00
 -1       107 5.00000E+00 0.00000E+00-3.00000E+00
 -1       108 8.33333E+00 0.00000E+00-3.00000E+00
 -1       109 1.16667E+01 0.00000E+00-3.00000E+00
 -1       110 1.50000E+01 0.00000E+00-3.00000E+00
 -1       111-1.50000E+01 3.33333E+00-3.00000E+00
 -1       112-1.16667E+01 3.33333E+00-3.00000E+00
 -1       113-8.33333E+00 3.33333E+00-3.00000E+00
 -1       114-5.00000E+00 3.33333E+00-3.00000E+00
 -1       115-1.66667E+00 3.33333E+00-3.00000E+00
 -1       116 1.66667E+00 3.33333E+00-3.00000E+00
 -1       117 5.00000E+00 3.33333E+00-3.00000E+00
 -1       118 8.33333E+00 3.33333E+00-3.00000E+00
 -1       119 1.16667E+01 3.33333E+00-3.00000E+00
 -1       120 1.50000E+01 3.33333E+00-3.00000E+00
 -1       121-1.50000E+01 6.66667E+00-3.00000E+00
 -1       122-1.16667E+01 6.66667E+00-3.00000E+00
 -1       123-8.33333E+00 6.66667E+00-3.00000E+00
 -1       124-5.00000E+00 6.66667E+00-3.00000E+00
 -1       125-1.66667E+00 6.66667E+00-3.00000E+00
 -1       126 1.66667E+00 6.66667E+00-3.00000E+00
 -1       127 5.00000E+00 6.66667E+00-3.00000E+00
 -1       128 8.33333E+00 6.66667E+00-3.00000E+00
 -1       129 1.16667E+01 6.66667E+00-3.00000E+00
 -1       130 1.50000E+01 6.66667E+00-3.00000E+00
 -1       131-1.50000E+01 1.00000E+01-3.00000E+00
 -1       132-1.16667E+01 1.00000E+01-3.00000E+00
 -1       133-8.33333E+00 1.00000E+01-3.00000E+00
 -1       134-5.00000E+00 1.00000E+01-3.00000E+00
 -1       135-1.66667E+00 1.00000E+01-3.00000E+00
 -1       136 1.66667E+00 1.00000E+01-3.00000E+00
 -1       137 5.00000E+00 1.00000E+01-3.00000E+00
 -1       138 8.33333E+00 1.00000E+01-3.00000E+00
 -1       139 1.16667E+01 1.00000E+01-3.00000E+00
 -1       140 1.50000E+01 1.00000E+01-3.00000E+00
 -1       141-1.50000E+01-1.00000E+01 0.00000E+00
 -1       142-1.16667E+01-1.00000E+01 0.00000E+00
 -1       143-8.33333E+00-1.00000E+01 0.00000E+00
 -1       144-5.00000E+00-1.00000E+01 0.00000E+00
 -1       145-1.66667E+00-1.00000E+01 0.00000E+00
 -1       146 1.66667E+00-1.00000E+01 0.00000E+00
 -1       147 5.00000E+00-1.00000E+01 0.00000E+00
 -1       148 8.33333E+00-1.00000E+01 0.00000E+00
 -1       149 1.16667E+01-1.00000E+01 0.00000E+00
 -1       150 1.50000E+01-1.00000E+01 0.00000E+00
 -1       151-1.50000E+01-6.66667E+00 0.00000E+00
 -1       152-1.16667E+01-6.66667E+00 0.00000E+00
 -1       153-8.33333E+00-6.66667E+00 0.00000E+00
 -1       154-5.00000E+00-6.66667E+00 0.00000E+00
 -1       155-1.66667E+00-6.66667E+00 0.00000E+00
 -1       156 1.66667E+00-6.66667E+00 0.00000E+00
 -1       157 5.00000E+00-6.66667E+00 0.00000E+00
 -1       158 8.33333E+00-6.66667E+00 0.00000E+00
 -1       159 1.16667E+01-6.66667E+00 0.00000E+00
 -1       160 1.50000E+01-6.66667E+00 0.00000E+00
 -1       161-1.50000E+01-3.33333E+00 0.00000E+00
 -1       162-1.16667E+01-3.33333E+00 0.00000E+00
 -1       163-8.33333E+00-3.33333E+00 0.00000E+00
 -1       164-5.00000E+00-3.33333E+00 0.00000E+00
 -1       165-1.66667E+00-3.33333E+00 0.00000E+00
 -1       166 1.66667E+00-3.33333E+00 0.00000E+00
 -1       167 5.00000E+00-3.33333E+00 0.00000E+00
 -1       168 8.33333E+00-3.33333E+00 0.00000E+00
 -1       169 1.16667E+01-3.33333E+00 0.00000E+00
 -1       170 1.50000E+01-3.33333E+00 0.00000E+00
 -1       171-1.50000E+01 0.00000E+00 0.00000E+00
 -1       172-1.16667E+01 0.00000E+00 0.00000E+00
 -1       173-8.33333E+00 0.00000E+00 0.00000E+00
 -1       174-5.00000E+00 0.00000E+00 0.00000E+00
 -1       175-1.66667E+00 0.00000E+00 0.00000E+00
 -1       176 1.66667E+00 0.00000E+00 0.00000E+00
 -1       177 5.00000E+00 0.00000E+00 0.00000E+00
 -1       178 8.33333E+00 0.00000E+00 0.00000E+00
 -1       179 1.16667E+01 0.00000E+00 0.00000E+00
 -1       180 1.50000E+01 0.00000E+00 0.00000E+00
 -1       181-1.50000E+01 3.33333E+00 0.00000E+00
 -1       182-1.16667E+01 3.33333E+00 0.00000E+00
 -1       183-8.33333E+00 3.33333E+00 0.00000E+00
 -1       184-5.00000E+00 3.33333E+00 0.00000E+00
 -1       185-1.66667E+00 3.33333E+00 0.00000E+00
 -1       186 1.66667E+00 3.33333E+00 0.00000E+00
 -1       187 5.00000E+00 3.33333E+00 0.00000E+00
 -1       188 8.33333E+00 3.33333E+00 0.00000E+00
 -1       189 1.16667E+01 3.33333E+00 0.00000E+00
 -1       190 1.50000E+01 3.33333E+00 0.00000E+00
 -1       191-1.50000E+01 6.66667E+00 0.00000E+00
 -1       192-1.16667E+01 6.66667E+00 0.00000E+00
 -1       193-8.33333E+00 6.66667E+00 0.00000E+00
 -1       194-5.00000E+00 6.66667E+00 0.00000E+00
 -1       195-1.66667E+00 6.66667E+00 0.00000E+00
 -1       196 1.66667E+00 6.66667E+00 0.00000E+00
 -1       197 5.00000E+00 6.66667E+00 0.00000E+00
 -1       198 8.33333E+00 6.66667E+00 0.00000E+00
 -1       199 1.16667E+01 6.66667E+00 0.00000E+00
 -1       200 1.50000E+01 6.66667E+00 0.00000E+00
 -1       201-1.50000E+01 1.00000E+01 0.00000E+00
 -1       202-1.16667E+01 1.00000E+01 0.00000E+00
 -1       203-8.33333E+00 1.00000E+01 0.00000E+00
 -1       204-5.00000E+00 1.00000E+01 0.00000E+00
 -1       205-1.66667E+00 1.00000E+01 0.00000E+00
 -1       206 1.66667E+00 1.00000E+01 0.00000E+00
 -1       207 5.00000E+00 1.00000E+01 0.00000E+00
 -1       208 8.33333E+00 1.00000E+01 0.00000E+00
 -1       209 1.16667E+01 1.00000E+01 0.00000E+00
 -1       210 1.50000E+01 1.00000E+01 0.00000E+00
 -1       211-1.00000E+01-6.00000E+00 0.00000E+00
 -1       212-8.00062E+00-6.00000E+00 4.99844E-02
 -1       213-6.00125E+00-6.00000E+00 9.99688E-02
 -1       214-4.00187E+00-6.00000E+00 1.49953E-01
 -1       215-2.00250E+00-6.00000E+00 1.99938E-01
 -1       216-3.12354E-03-6.00000E+00 2.49922E-01
 -1       217 1.99625E+00-6.00000E+00 2.99906E-01
 -1       218 3.99563E+00-6.00000E+00 3.49891E-01
 -1       219 5.99500E+00-6.00000E+00 3.99875E-01
 -1       220 7.99438E+00-6.00000E+00 4.49859E-01
 -1       221 9.99375E+00-6.00000E+00 4.99844E-01
 -1       222-1.00000E+01-4.00000E+00 0.00000E+00
 -1       223-8.00062E+00-4.00000E+00 4.99844E-02
 -1       224-6.00125E+00-4.00000E+00 9.99688E-02
 -1       225-4.00187E+00-4.00000E+00 1.49953E-01
 -1       226-2.00250E+00-4.00000E+00 1.99938E-01
 -1       227-3.12354E-03-4.00000E+00 2.49922E-01
 -1       228 1.99625E+00-4.00000E+00 2.99906E-01
 -1       229 3.99563E+00-4.00000E+00 3.49891E-01
 -1       230 5.99500E+00-4.00000E+00 3.99875E-01
 -1       231 7.99438E+00-4.00000E+00 4.49859E-01
 -1       232 9.99375E+00-4.00000E+00 4.99844E-01
 -1       233-1.00000E+01-2.00000E+00 0.00000E+00
 -1       234-8.00062E+00-2.00000E+00 4.99844E-02
 -1       235-6.00125E+00-2.00000E+00 9.99688E-02
 -1       236-4.00187E+00-2.00000E+00 1.49953E-01
 -1       237-2.00250E+00-2.00000E+00 1.99938E-01
 -1       238-3.12354E-03-2.00000E+00 2.49922E-01
 -1       239 1.99625E+00-2.00000E+00 2.99906E-01
 -1       240 3.99563E+00-2.00000E+00 3.49891E-01
 -1       241 5.99500E+00-2.00000E+00 3.99875E-01
 -1       242 7.99438E+00-2.00000E+00 4.49859E-01
 -1       243 9.99375E+00-2.00000E+00 4.99844E-01
 -1       244-1.00000E+01 0.00000E+00 0.00000E+00
 -1       245-8.00062E+00 0.00000E+00 4.99844E-02
 -1       246-6.00125E+00 0.00000E+00 9.99688E-02
 -1       247-4.00187E+00 0.00000E+00 1.49953E-01
 -1       248-2.00250E+00 0.00000E+00 1.99938E-01
 -1       249-3.12354E-03 0.00000E+00 2.49922E-01
 -1       250 1.99625E+00 0.00000E+00 2.99906E-01
 -1       251 3.99563E+00 0.00000E+00 3.49891E-01
 -1       252 5.99500E+00 0.00000E+00 3.99875E-01
 -1       253 7.99438E+00 0.00000E+00 4.49859E-01
 -1       254 9.99375E+00 0.00000E+00 4.99844E-01
 -1       255-1.00000E+01 2.00000E+00 0.00000E+00
 -1       256-8.00062E+00 2.00000E+00 4.99844E-02
 -1       257-6.00125E+00 2.00000E+00 9.99688E-02
 -1       258-4.00187E+00 2.00000E+00 1.49953E-01
 -1       259-2.00250E+00 2.00000E+00 1.99938E-01
 -1       260-3.12354E-03 2.00000E+00 2.49922E-01
 -1       261 1.99625E+00 2.00000E+00 2.99906E-01
 -1       262 3.99563E+00 2.00000E+00 3.49891E-01
 -1       263 5.99500E+00 2.00000E+00 3.99875E-01
 -1       264 7.99438E+00 2.00000E+00 4.49859E-01
 -1       265 9.99375E+00 2.00000E+00 4.99844E-01
 -1       266-1.00000E+01 4.00000E+00 0.00000E+00
 -1       267-8.00062E+00 4.00000E+00 4.99844E-02
 -1       268-6.00125E+00 4.00000E+00 9.99688E-02
 -1       269-4.00187E+00 4.00000E+00 1.49953E-01
 -1       270-2.00250E+00 4.00000E+00 1.99938E-01
 -1       271-3.12354E-03 4.00000E+00 2.49922E-01
 -1       272 1.99625E+00 4.00000E+00 2.99906E-01
 -1       273 3.99563E+00 4.00000E+00 3.49891E-01
 -1       274 5.99500E+00 4.00000E+00 3.99875E-01
 -1       275 7.99438E+00 4.00000E+00 4.49859E-01
 -1       276 9.99375E+00 4.00000E+00 4.99844E-01
 -1       277-1.00000E+01 6.00000E+00 0.00000E+00
 -1       278-8.00062E+00 6.00000E+00 4.99844E-02
 -1       279-6.00125E+00 6.00000E+00 9.99688E-02
 -1       280-4.00187E+00 6.00000E+00 1.49953E-01
 -1       281-2.00250E+00 6.00000E+00 1.99938E-01
 -1       282-3.12354E-03 6.00000E+00 2.49922E-01
 -1       283 1.99625E+00 6.00000E+00 2.99906E-01
 -1       284 3.99563E+00 6.00000E+00 3.49891E-01
 -1       285 5.99500E+00 6.00000E+00 3.99875E-01
 -1       286 7.99438E+00 6.00000E+00 4.49859E-01
 -1       287 9.99375E+00 6.00000E+00 4.99844E-01
 -1       288-1.00625E+01-6.00000E+00 2.49922E+00
 -1       289-8.06311E+00-6.00000E+00 2.54920E+00
 -1       290-6.06373E+00-6.00000E+00 2.59919E+00
 -1       291-4.06435E+00-6.00000E+00 2.64917E+00
 -1       292-2.06498E+00-6.00000E+00 2.69916E+00
 -1       293-6.56040E-02-6.00000E+00 2.74914E+00
 -1       294 1.93377E+00-6.00000E+00 2.79913E+00
 -1       295 3.93315E+00-6.00000E+00 2.84911E+00
 -1       296 5.93252E+00-6.00000E+00 2.89909E+00
 -1       297 7.93190E+00-6.00000E+00 2.94908E+00
 -1       298 9.93127E+00-6.00000E+00 2.99906E+00
 -1       299-1.00625E+01-4.00000E+00 2.49922E+00
 -1       300-8.06311E+00-4.00000E+00 2.54920E+00
 -1       301-6.06373E+00-4.00000E+00 2.59919E+00
 -1       302-4.06435E+00-4.00000E+00 2.64917E+00
 -1       303-2.06498E+00-4.00000E+00 2.69916E+00
 -1       304-6.56040E-02-4.00000E+00 2.74914E+00
 -1       305 1.93377E+00-4.00000E+00 2.79913E+00
 -1       306 3.93315E+00-4.00000E+00 2.84911E+00
 -1       307 5.93252E+00-4.00000E+00 2.89909E+00
 -1       308 7.93190E+00-4.00000E+00 2.94908E+00
 -1       309 9.93127E+00-4.00000E+00 2.99906E+00
 -1       310-1.00625E+01-2.00000E+00 2.49922E+00
 -1       311-8.06311E+00-2.00000E+00 2.54920E+00
 -1       312-6.06373E+00-2.00000E+00 2.59919E+00
 -1       313-4.06435E+00-2.00000E+00 2.64917E+00
 -1       314-2.06498E+00-2.00000E+00 2.69916E+00
 -1       315-6.56040E-02-2.00000E+00 2.74914E+00
 -1       316 1.93377E+00-2.00000E+00 2.79913E+00
 -1       317 3.93315E+00-2.00000E+00 2.84911E+00
 -1       318 5.93252E+00-2.00000E+00 2.89909E+00
 -1       319 7.93190E+00-2.00000E+00 2.94908E+00
 -1       320 9.93127E+00-2.00000E+00 2.99906E+00
 -1       321-1.00625E+01 0.00000E+00 2.49922E+00
 -1       322-8.06311E+00 0.00000E+00 2.54920E+00
 -1       323-6.06373E+00 0.00000E+00 2.59919E+00
 -1       324-4.06435E+00 0.00000E+00 2.64917E+00
 -1       325-2.06498E+00 0.00000E+00 2.69916E+00
 -1       326-6.56040E-02 0.00000E+00 2.74914E+00
 -1       327 1.93377E+00 0.00000E+00 2.79913E+00
 -1       328 3.93315E+00 0.00000E+00 2.84911E+00
 -1       329 5.93252E+00 0.00000E+00 2.89909E+00
 -1       330 7.93190E+00 0.00000E+00 2.94908E+00
 -1       331 9.93127E+00 0.00000E+00 2.99906E+00
 -1       332-1.00625E+01 2.00000E+00 2.49922E+00
 -1       333-8.06311E+00 2.00000E+00 2.54920E+00
 -1       334-6.06373E+00 2.00000E+00 2.59919E+00
 -1       335-4.06435E+00 2.00000E+00 2.64917E+00
 -1       336-2.06498E+00 2.00000E+00 2.69916E+00
 -1       337-6.56040E-02 2.00000E+00 2.74914E+00
 -1       338 1.93377E+00 2.00000E+00 2.79913E+00
 -1       339 3.93315E+00 2.00000E+00 2.84911E+00
 -1       340 5.93252E+00 2.00000E+00 2.89909E+00
 -1       341 7.93190E+00 2.00000E+00 2.94908E+00
 -1       342 9.93127E+00 2.00000E+00 2.99906E+00
 -1       343-1.00625E+01 4.00000E+00 2.49922E+00
 -1       344-8.06311E+00 4.00000E+00 2.54920E+00
 -1       345-6.06373E+00 4.00000E+00 2.59919E+00
 -1       346-4.06435E+00 4.00000E+00 2.64917E+00
 -1       347-2.06498E+00 4.00000E+00 2.69916E+00
 -1       348-6.56040E-02 4.00000E+00 2.74914E+00
 -1       349 1.93377E+00 4.00000E+00 2.79913E+00
 -1       350 3.93315E+00 4.00000E+00 2.84911E+00
 -1       351 5.93252E+00 4.00000E+00 2.89909E+00
 -1       352 7.93190E+00 4.00000E+00 2.94908E+00
 -1       353 9.93127E+00 4.00000E+00 2.99906E+00
 -1       354-1.00625E+01 6.00000E+00 2.49922E+00
 -1       355-8.06311E+00 6.00000E+00 2.54920E+00
 -1       356-6.06373E+00 6.00000E+00 2.59919E+00
 -1       357-4.06435E+00 6.00000E+00 2.64917E+00
 -1       358-2.06498E+00 6.00000E+00 2.69916E+00
 -1       359-6.56040E-02 6.00000E+00 2.74914E+00
 -1       360 1.93377E+00 6.00000E+00 2.79913E+00
 -1       361 3.93315E+00 6.00000E+00 2.84911E+00
 -1       362 5.93252E+00 6.00000E+00 2.89909E+00
 -1       363 7.93190E+00 6.00000E+00 2.94908E+00
 -1       364 9.93127E+00 6.00000E+00 2.99906E+00
 -1       365-1.01250E+01-6.00000E+00 4.99844E+00
 -1       366-8.12559E+00-6.00000E+00 5.04842E+00
 -1       367-6.12621E+00-6.00000E+00 5.09841E+00
 -1       368-4.12683E+00-6.00000E+00 5.14839E+00
 -1       369-2.12746E+00-6.00000E+00 5.19838E+00
 -1       370-1.28084E-01-6.00000E+00 5.24836E+00
 -1       371 1.87129E+00-6.00000E+00 5.29834E+00
 -1       372 3.87067E+00-6.00000E+00 5.34833E+00
 -1       373 5.87004E+00-6.00000E+00 5.39831E+00
 -1       374 7.86942E+00-6.00000E+00 5.44830E+00
 -1       375 9.86879E+00-6.00000E+00 5.49828E+00
 -1       376-1.01250E+01-4.00000E+00 4.99844E+00
 -1       377-8.12559E+00-4.00000E+00 5.04842E+00
 -1       378-6.12621E+00-4.00000E+00 5.09841E+00
 -1       379-4.12683E+00-4.00000E+00 5.14839E+00
 -1       380-2.12746E+00-4.00000E+00 5.19838E+00
 -1       381-1.28084E-01-4.00000E+00 5.24836E+00
 -1       382 1.87129E+00-4.00000E+00 5.29834E+00
 -1       383 3.87067E+00-4.00000E+00 5.34833E+00
 -1       384 5.87004E+00-4.00000E+00 5.39831E+00
 -1       385 7.86942E+00-4.00000E+00 5.44830E+00
 -1       386 9.86879E+00-4.00000E+00 5.49828E+00
 -1       387-1.01250E+01-2.00000E+00 4.99844E+00
 -1       388-8.12559E+00-2.00000E+00 5.04842E+00
 -1       389-6.12621E+00-2.00000E+00 5.09841E+00
 -1       390-4.12683E+00-2.00000E+00 5.14839E+00
 -1       391-2.12746E+00-2.00000E+00 5.19838E+00
 -1       392-1.28084E-01-2.00000E+00 5.24836E+00
 -1       393 1.87129E+00-2.00000E+00 5.29834E+00
 -1       394 3.87067E+00-2.00000E+00 5.34833E+00
 -1       395 5.87004E+00-2.00000E+00 5.39831E+00
 -1       396 7.86942E+00-2.00000E+00 5.44830E+00
 -1       397 9.86879E+00-2.00000E+00 5.49828E+00
 -1       398-1.01250E+01 0.00000E+00 4.99844E+00
 -1       399-8.12559E+00 0.00000E+00 5.04842E+00
 -1       400-6.12621E+00 0.00000E+00 5.09841E+00
 -1       401-4.12683E+00 0.00000E+00 5.14839E+00
 -1       402-2.12746E+00 0.00000E+00 5.19838E+00
 -1       403-1.28084E-01 0.00000E+00 5.24836E+00
 -1       404 1.87129E+00 0.00000E+00 5.29834E+00
 -1       405 3.87067E+00 0.00000E+00 5.34833E+00
 -1       406 5.87004E+00 0.00000E+00 5.39831E+00
 -1       407 7.86942E+00 0.00000E+00 5.44830E+00
 -1       408 9.86879E+00 0.00000E+00 5.49828E+00
 -1       409-1.01250E+01 2.00000E+00 4.99844E+00
 -1       410-8.12559E+00 2.00000E+00 5.04842E+00
 -1       411-6.12621E+00 2.00000E+00 5.09841E+00
 -1       412-4.12683E+00 2.00000E+00 5.14839E+00
 -1       413-2.12746E+00 2.00000E+00 5.19838E+00
 -1       414-1.28084E-01 2.00000E+00 5.24836E+00
 -1       415 1.87129E+00 2.00000E+00 5.29834E+00
 -1       416 3.87067E+00 2.00000E+00 5.34833E+00
 -1       417 5.87004E+00 2.00000E+00 5.39831E+00
 -1       418 7.86942E+00 2.00000E+00 5.44830E+00
 -1       419 9.86879E+00 2.00000E+00 5.49828E+00
 -1       420-1.01250E+01 4.00000E+00 4.99844E+00
 -1       421-8.12559E+00 4.00000E+00 5.04842E+00
 -1       422-6.12621E+00 4.00000E+00 5.09841E+00
 -1       423-4.12683E+00 4.00000E+00 5.14839E+00
 -1       424-2.12746E+00 4.00000E+00 5.19838E+00
 -1       425-1.28084E-01 4.00000E+00 5.24836E+00
 -1       426 1.87129E+00 4.00000E+00 5.29834E+00
 -1       427 3.87067E+00 4.00000E+00 5.34833E+00
 -1       428 5.87004E+00 4.00000E+00 5.39831E+00
 -1       429 7.86942E+00 4.00000E+00 5.44830E+00
 -1       430 9.86879E+00 4.00000E+00 5.49828E+00
 -1       431-1.01250E+01 6.00000E+00 4.99844E+00
 -1       432-8.12559E+00 6.00000E+00 5.04842E+00
 -1       433-6.12621E+00 6.00000E+00 5.09841E+00
 -1       434-4.12683E+00 6.00000E+00 5.14839E+00
 -1       435-2.12746E+00 6.00000E+00 5.19838E+00
 -1       436-1.28084E-01 6.00000E+00 5.24836E+00
 -1       437 1.87129E+00 6.00000E+00 5.29834E+00
 -1       438 3.87067E+00 6.00000E+00 5.34833E+00
 -1       439 5.87004E+00 6.00000E+00 5.39831E+00
 -1       440 7.86942E+00 6.00000E+00 5.44830E+00
 -1       441 9.86879E+00 6.00000E+00 5.49828E+00
 -1       442-1.01874E+01-6.00000E+00 7.49766E+00
 -1       443-8.18807E+00-6.00000E+00 7.54764E+00
 -1       444-6.18869E+00-6.00000E+00 7.59763E+00
 -1       445-4.18932E+00-6.00000E+00 7.64761E+00
 -1       446-2.18994E+00-6.00000E+00 7.69760E+00
 -1       447-1.90565E-01-6.00000E+00 7.74758E+00
 -1       448 1.80881E+00-6.00000E+00 7.79756E+00
 -1       449 3.80819E+00-6.00000E+00 7.84755E+00
 -1       450 5.80756E+00-6.00000E+00 7.89753E+00
 -1       451 7.80694E+00-6.00000E+00 7.94752E+00
 -1       452 9.80631E+00-6.00000E+00 7.99750E+00
 -1       453-1.01874E+01-4.00000E+00 7.49766E+00
 -1       454-8.18807E+00-4.00000E+00 7.54764E+00
 -1       455-6.18869E+00-4.00000E+00 7.59763E+00
 -1       456-4.18932E+00-4.00000E+00 7.64761E+00
 -1       457-2.18994E+00-4.00000E+00 7.69760E+00
 -1       458-1.90565E-01-4.00000E+00 7.74758E+00
 -1       459 1.80881E+00-4.00000E+00 7.79756E+00
 -1       460 3.80819E+00-4.00000E+00 7.84755E+00
 -1       461 5.80756E+00-4.00000E+00 7.89753E+00
 -1       462 7.80694E+00-4.00000E+00 7.94752E+00
 -1       463 9.80631E+00-4.00000E+00 7.99750E+00
 -1       464-1.01874E+01-2.00000E+00 7.49766E+00
 -1       465-8.18807E+00-2.00000E+00 7.54764E+00
 -1       466-6.18869E+00-2.00000E+00 7.59763E+00
 -1       467-4.18932E+00-2.00000E+00 7.64761E+00
 -1       468-2.18994E+00-2.00000E+00 7.69760E+00
 -1       469-1.90565E-01-2.00000E+00 7.74758E+00
 -1       470 1.80881E+00-2.00000E+00 7.79756E+00
 -1       471 3.80819E+00-2.00000E+00 7.84755E+00
 -1       472 5.80756E+00-2.00000E+00 7.89753E+00
 -1       473 7.80694E+00-2.00000E+00 7.94752E+00
 -1       474 9.80631E+00-2.00000E+00 7.99750E+00
 -1       475-1.01874E+01 0.00000E+00 7.49766E+00
 -1       476-8.18807E+00 0.00000E+00 7.54764E+00
 -1       477-6.18869E+00 0.00000E+00 7.59763E+00
 -1       478-4.18932E+00 0.00000E+00 7.64761E+00
 -1       479-2.18994E+00 0.00000E+00 7.69760E+00
 -1       480-1.90565E-01 0.00000E+00 7.74758E+00
 -1       481 1.80881E+00 0.00000E+00 7.79756E+00
 -1       482 3.80819E+00 0.00000E+00 7.84755E+00
 -1       483 5.80756E+00 0.00000E+00 7.89753E+00
 -1       484 7.80694E+00 0.00000E+00 7.94752E+00
 -1       485 9.80631E+00 0.00000E+00 7.99750E+00
 -1       486-1.01874E+01 2.00000E+00 7.49766E+00
 -1       487-8.18807E+00 2.00000E+00 7.54764E+00
 -1       488-6.18869E+00 2.00000E+00 7.59763E+00
 -1       489-4.18932E+00 2.00000E+00 7.64761E+00
 -1       490-2.18994E+00 2.00000E+00 7.69760E+00
 -1       491-1.90565E-01 2.00000E+00 7.74758E+00
 -1       492 1.80881E+00 2.00000E+00 7.79756E+00
 -1       493 3.80819E+00 2.00000E+00 7.84755E+00
 -1       494 5.80756E+00 2.00000E+00 7.89753E+00
 -1       495 7.80694E+00 2.00000E+00 7.94752E+00
 -1       496 9.80631E+00 2.00000E+00 7.99750E+00
 -1       497-1.01874E+01 4.00000E+00 7.49766E+00
 -1       498-8.18807E+00 4.00000E+00 7.54764E+00
 -1       499-6.18869E+00 4.00000E+00 7.59763E+00
 -1       500-4.18932E+00 4.00000E+00 7.64761E+00
 -1       501-2.18994E+00 4.00000E+00 7.69760E+00
 -1       502-1.90565E-01 4.00000E+00 7.74758E+00
 -1       503 1.80881E+00 4.00000E+00 7.79756E+00
 -1       504 3.80819E+00 4.00000E+00 7.84755E+00
 -1       505 5.80756E+00 4.00000E+00 7.89753E+00
 -1       506 7.80694E+00 4.00000E+00 7.94752E+00
 -1       507 9.80631E+00 4.00000E+00 7.99750E+00
 -1       508-1.01874E+01 6.00000E+00 7.49766E+00
 -1       509-8.18807E+00 6.00000E+00 7.54764E+00
 -1       510-6.18869E+00 6.00000E+00 7.59763E+00
 -1       511-4.18932E+00 6.00000E+00 7.64761E+00
 -1       512-2.18994E+00 6.00000E+00 7.69760E+00
 -1       513-1.90565E-01 6.00000E+00 7.74758E+00
 -1       514 1.80881E+00 6.00000E+00 7.79756E+00
 -1       515 3.80819E+00 6.00000E+00 7.84755E+00
 -1       516 5.80756E+00 6.00000E+00 7.89753E+00
 -1       517 7.80694E+00 6.00000E+00 7.94752E+00
 -1       518 9.80631E+00 6.00000E+00 7.99750E+00
 -1       519-1.02499E+01-6.00000E+00 9.99688E+00
 -1       520-8.25055E+00-6.00000E+00 1.00469E+01
 -1       521-6.25117E+00-6.00000E+00 1.00968E+01
 -1       522-4.25180E+00-6.00000E+00 1.01468E+01
 -1       523-2.25242E+00-6.00000E+00 1.01968E+01
 -1       524-2.53045E-01-6.00000E+00 1.02468E+01
 -1       525 1.74633E+00-6.00000E+00 1.02968E+01
 -1       526 3.74571E+00-6.00000E+00 1.03468E+01
 -1       527 5.74508E+00-6.00000E+00 1.03968E+01
 -1       528 7.74446E+00-6.00000E+00 1.04467E+01
 -1       529 9.74383E+00-6.00000E+00 1.04967E+01
 -1       530-1.02499E+01-4.00000E+00 9.99688E+00
 -1       531-8.25055E+00-4.00000E+00 1.00469E+01
 -1       532-6.25117E+00-4.00000E+00 1.00968E+01
 -1       533-4.25180E+00-4.00000E+00 1.01468E+01
 -1       534-2.25242E+00-4.00000E+00 1.01968E+01
 -1       535-2.53045E-01-4.00000E+00 1.02468E+01
 -1       536 1.74633E+00-4.00000E+00 1.02968E+01
 -1       537 3.74571E+00-4.00000E+00 1.03468E+01
 -1       538 5.74508E+00-4.00000E+00 1.03968E+01
 -1       539 7.74446E+00-4.00000E+00 1.04467E+01
 -1       540 9.74383E+00-4.00000E+00 1.04967E+01
 -1       541-1.02499E+01-2.00000E+00 9.99688E+00
 -1       542-8.25055E+00-2.00000E+00 1.00469E+01
 -1       543-6.25117E+00-2.00000E+00 1.00968E+01
 -1       544-4.25180E+00-2.00000E+00 1.01468E+01
 -1       545-2.25242E+00-2.00000E+00 1.01968E+01
 -1       546-2.53045E-01-2.00000E+00 1.02468E+01
 -1       547 1.74633E+00-2.00000E+00 1.02968E+01
 -1       548 3.74571E+00-2.00000E+00 1.03468E+01
 -1       549 5.74508E+00-2.00000E+00 1.03968E+01
 -1       550 7.74446E+00-2.00000E+00 1.04467E+01
 -1       551 9.74383E+00-2.00000E+00 1.04967E+01
 -1       552-1.02499E+01 0.00000E+00 9.99688E+00
 -1       553-8.25055E+00 0.00000E+00 1.00469E+01
 -1       554-6.25117E+00 0.00000E+00 1.00968E+01
 -1       555-4.25180E+00 0.00000E+00 1.01468E+01
 -1       556-2.25242E+00 0.00000E+00 1.01968E+01
 -1       557-2.53045E-01 0.00000E+00 1.02468E+01
 -1       558 1.74633E+00 0.00000E+00 1.02968E+01
 -1       559 3.74571E+00 0.00000E+00 1.03468E+01
 -1       560 5.74508E+00 0.00000E+00 1.03968E+01
 -1       561 7.74446E+00 0.00000E+00 1.04467E+01
 -1       562 9.74383E+00 0.00000E+00 1.04967E+01
 -1       563-1.02499E+01 2.00000E+00 9.99688E+00
 -1       564-8.25055E+00 2.00000E+00 1.00469E+01
 -1       565-6.25117E+00 2.00000E+00 1.00968E+01
 -1       566-4.25180E+00 2.00000E+00 1.01468E+01
 -1       567-2.25242E+00 2.00000E+00 1.01968E+01
 -1       568-2.53045E-01 2.00000E+00 1.02468E+01
 -1       569 1.74633E+00 2.00000E+00 1.02968E+01
 -1       570 3.74571E+00 2.00000E+00 1.03468E+01
 -1       571 5.74508E+00 2.00000E+00 1.03968E+01
 -1       572 7.74446E+00 2.00000E+00 1.04467E+01
 -1       573 9.74383E+00 2.00000E+00 1.04967E+01
 -1       574-1.02499E+01 4.00000E+00 9.99688E+00
 -1       575-8.25055E+00 4.00000E+00 1.00469E+01
 -1       576-6.25117E+00 4.00000E+00 1.00968E+01
 -1       577-4.25180E+00 4.00000E+00 1.01468E+01
 -1       578-2.25242E+00 4.00000E+00 1.01968E+01
 -1       579-2.53045E-01 4.00000E+00 1.02468E+01
 -1       580 1.74633E+00 4.00000E+00 1.02968E+01
 -1       581 3.74571E+00 4.00000E+00 1.03468E+01
 -1       582 5.74508E+00 4.00000E+00 1.03968E+01
 -1       583 7.74446E+00 4.00000E+00 1.04467E+01
 -1       584 9.74383E+00 4.00000E+00 1.04967E+01
 -1       585-1.02499E+01 6.00000E+00 9.99688E+00
 -1       586-8.25055E+00 6.00000E+00 1.00469E+01
 -1       587-6.25117E+00 6.00000E+00 1.00968E+01
 -1       588-4.25180E+00 6.00000E+00 1.01468E+01
 -1       589-2.25242E+00 6.00000E+00 1.01968E+01
 -1       590-2.53045E-01 6.00000E+00 1.02468E+01
 -1       591 1.74633E+00 6.00000E+00 1.02968E+01
 -1       592 3.74571E+00 6.00000E+00 1.03468E+01
 -1       593 5.74508E+00 6.00000E+00 1.03968E+01
 -1       594 7.74446E+00 6.00000E+00 1.04467E+01
 -1       595 9.74383E+00 6.00000E+00 1.04967E+01
 -3
    3C                           348                                     1
 -1         1    1    0    1
 -2         1         2        12        11        71        72        82        81
 -1         2    1    0    1
 -2         2         3        13        12        72        73        83        82
 -1         3    1    0    1
 -2         3         4        14        13        73        74        84        83
 -1         4    1    0    1
 -2         4         5        15        14        74        75        85        84
 -1         5    1    0    1
 -2         5         6        16        15        75        76        86        85
 -1         6    1    0    1
 -2         6         7        17        16        76        77        87        86
 -1         7    1    0    1
 -2         7         8        18        17        77        78        88        87
 -1         8    1    0    1
 -2         8         9        19        18        78        79        89        88
 -1         9    1    0    1
 -2         9        10        20        19        79        80        90        89
 -1        10    1    0    1
 -2        11        12        22        21        81        82        92        91
 -1        11    1    0    1
 -2        12        13        23        22        82        83        93        92
 -1        12    1    0    1
 -2        13        14        24        23        83        84        94        93
 -1        13    1    0    1
 -2        14        15        25        24        84        85        95        94
 -1        14    1    0    1
 -2        15        16        26        25        85        86        96        95
 -1        15    1    0    1
 -2        16        17        27        26        86        87        97        96
 -1        16    1    0    1
 -2        17        18        28        27        87        88        98        97
 -1        17    1    0    1
 -2        18        19        29        28        88        89        99        98
 -1        18    1    0    1
 -2        19        20        30        29        89        90       100        99
 -1        19    1    0    1
 -2        21        22        32        31        91        92       102       101
 -1        20    1    0    1
 -2        22        23        33        32        92        93       103       102
 -1        21    1    0    1
 -2        23        24        34        33        93        94       104       103
 -1        22    1    0    1
 -2        24        25        35        34        94        95       105       104
 -1        23    1    0    1
 -2        25        26        36        35        95        96       106       105
 -1        24    1    0    1
 -2        26        27        37        36        96        97       107       106
 -1        25    1    0    1
 -2        27        28        38        37        97        98       108       107
 -1        26    1    0    1
 -2        28        29        39        38        98        99       109       108
 -1        27    1    0    1
 -2        29        30        40        39        99       100       110       109
 -1        28    1    0    1
 -2        31        32        42        41       101       102       112       111
 -1        29    1    0    1
 -2        32        33        43        42       102       103       113       112
 -1        30    1    0    1
 -2        33        34        44        43       103       104       114       113
 -1        31    1    0    1
 -2        34        35        45        44       104       105       115       114
 -1        32    1    0    1
 -2        35        36        46        45       105       106       116       115
 -1        33    1    0    1
 -2        36        37        47        46       106       107       117       116
 -1        34    1    0    1
 -2        37        38        48        47       107       108       118       117
 -1        35    1    0    1
 -2        38        39        49        48       108       109       119       118
 -1        36    1    0    1
 -2        39        40        50        49       109       110       120       119
 -1        37    1    0    1
 -2        41        42        52        51       111       112       122       121
 -1        38    1    0    1
 -2        42        43        53        52       112       113       123       122
 -1        39    1    0    1
 -2        43        44        54        53       113       114       124       123
 -1        40    1    0    1
 -2        44        45        55        54       114       115       125       124
 -1        41    1    0    1
 -2        45        46        56        55       115       116       126       125
 -1        42    1    0    1
 -2        46        47        57        56       116       117       127       126
 -1        43    1    0    1
 -2        47        48        58        57       117       118       128       127
 -1        44    1    0    1
 -2        48        49        59        58       118       119       129       128
 -1        45    1    0    1
 -2        49        50        60        59       119       120       130       129
 -1        46    1    0    1
 -2        51        52        62        61       121       122       132       131
 -1        47    1    0    1
 -2        52        53        63        62       122       123       133       132
 -1        48    1    0    1
 -2        53        54        64        63       123       124       134       133
 -1        49    1    0    1
 -2        54        55        65        64       124       125       135       134
 -1        50    1    0    1
 -2        55        56        66        65       125       126       136       135
 -1        51    1    0    1
 -2        56        57        67        66       126       127       137       136
 -1        52    1    0    1
 -2        57        58        68        67       127       128       138       137
 -1        53    1    0    1
 -2        58        59        69        68       128       129       139       138
 -1        54    1    0    1
 -2        59        60        70        69       129       130       140       139
 -1        55    1    0    1
 -2        71        72        82        81       141       142       152       151
 -1        56    1    0    1
 -2        72        73        83        82       142       143       153       152
 -1        57    1    0    1
 -2        73        74        84        83       143       144       154       153
 -1        58    1    0    1
 -2        74        75        85        84       144       145       155       154
 -1        59    1    0    1
 -2        75        76        86        85       145       146       156       155
 -1        60    1    0    1
 -2        76        77        87        86       146       147       157       156
 -1        61    1    0    1
 -2        77        78        88        87       147       148       158       157
 -1        62    1    0    1
 -2        78        79        89        88       148       149       159       158
 -1        63    1    0    1
 -2        79        80        90        89       149       150       160       159
 -1        64    1    0    1
 -2        81        82        92        91       151       152       162       161
 -1        65    1    0    1
 -2        82        83        93        92       152       153       163       162
 -1        66    1    0    1
 -2        83        84        94        93       153       154       164       163
 -1        67    1    0    1
 -2        84        85        95        94       154       155       165       164
 -1        68    1    0    1
 -2        85        86        96        95       155       156       166       165
 -1        69    1    0    1
 -2        86        87        97        96       156       157       167       166
 -1        70    1    0    1
 -2        87        88        98        97       157       158       168       167
 -1        71    1    0    1
 -2        88        89        99        98       158       159       169       168
 -1        72    1    0    1
 -2        89        90       100        99       159       160       170       169
 -1        73    1    0    1
 -2        91        92       102       101       161       162       172       171
 -1        74    1    0    1
 -2        92        93       103       102       162       163       173       172
 -1        75    1    0    1
 -2        93        94       104       103       163       164       174       173
 -1        76    1    0    1
 -2        94        95       105       104       164       165       175       174
 -1        77    1    0    1
 -2        95        96       106       105       165       166       176       175
 -1        78    1    0    1
 -2        96        97       107       106       166       167       177       176
 -1        79    1    0    1
 -2        97        98       108       107       167       168       178       177
 -1        80    1    0    1
 -2        98        99       109       108       168       169       179       178
 -1        81    1    0    1
 -2        99       100       110       109       169       170       180       179
 -1        82    1    0    1
 -2       101       102       112       111       171       172       182       181
 -1        83    1    0    1
 -2       102       103       113       112       172       173       183       182
 -1        84    1    0    1
 -2       103       104       114       113       173       174       184       183
 -1        85    1    0    1
 -2       104       105       115       114       174       175       185       184
 -1        86    1    0    1
 -2       105       106       116       115       175       176       186       185
 -1        87    1    0    1
 -2       106       107       117       116       176       177       187       186
 -1        88    1    0    1
 -2       107       108       118       117       177       178       188       187
 -1        89    1    0    1
 -2       108       109       119       118       178       179       189       188
 -1        90    1    0    1
 -2       109       110       120       119       179       180       190       189
 -1        91    1    0    1
 -2       111       112       122       121       181       182       192       191
 -1        92    1    0    1
 -2       112       113       123       122       182       183       193       192
 -1        93    1    0    1
 -2       113       114       124       123       183       184       194       193
 -1        94    1    0    1
 -2       114       115       125       124       184       185       195       194
 -1        95    1    0    1
 -2       115       116       126       125       185       186       196       195
 -1        96    1    0    1
 -2       116       117       127       126       186       187       197       196
 -1        97    1    0    1
 -2       117       118       128       127       187       188       198       197
 -1        98    1    0    1
 -2       118       119       129       128       188       189       199       198
 -1        99    1    0    1
 -2       119       120       130       129       189       190       200       199
 -1       100    1    0    1
 -2       121       122       132       131       191       192       202       201
 -1       101    1    0    1
 -2       122       123       133       132       192       193       203       202
 -1       102    1    0    1
 -2       123       124       134       133       193       194       204       203
 -1       103    1    0    1
 -2       124       125       135       134       194       195       205       204
 -1       104    1    0    1
 -2       125       126       136       135       195       196       206       205
 -1       105    1    0    1
 -2       126       127       137       136       196       197       207       206
 -1       106    1    0    1
 -2       127       128       138       137       197       198       208       207
 -1       107    1    0    1
 -2       128       129       139       138       198       199       209       208
 -1       108    1    0    1
 -2       129       130       140       139       199       200       210       209
 -1       109    1    0    1
 -2       211       212       223       222       288       289       300       299
 -1       110    1    0    1
 -2       212       213       224       223       289       290       301       300
 -1       111    1    0    1
 -2       213       214       225       224       290       291       302       301
 -1       112    1    0    1
 -2       214       215       226       225       291       292       303       302
 -1       113    1    0    1
 -2       215       216       227       226       292       293       304       303
 -1       114    1    0    1
 -2       216       217       228       227       293       294       305       304
 -1       115    1    0    1
 -2       217       218       229       228       294       295       306       305
 -1       116    1    0    1
 -2       218       219       230       229       295       296       307       306
 -1       117    1    0    1
 -2       219       220       231       230       296       297       308       307
 -1       118    1    0    1
 -2       220       221       232       231       297       298       309       308
 -1       119    1    0    1
 -2       222       223       234       233       299       300       311       310
 -1       120    1    0    1
 -2       223       224       235       234       300       301       312       311
 -1       121    1    0    1
 -2       224       225       236       235       301       302       313       312
 -1       122    1    0    1
 -2       225       226       237       236       302       303       314       313
 -1       123    1    0    1
 -2       226       227       238       237       303       304       315       314
 -1       124    1    0    1
 -2       227       228       239       238       304       305       316       315
 -1       125    1    0    1
 -2       228       229       240       239       305       306       317       316
 -1       126    1    0    1
 -2       229       230       241       240       306       307       318       317
 -1       127    1    0    1
 -2       230       231       242       241       307       308       319       318
 -1       128    1    0    1
 -2       231       232       243       242       308       309       320       319
 -1       129    1    0    1
 -2       233       234       245       244       310       311       322       321
 -1       130    1    0    1
 -2       234       235       246       245       311       312       323       322
 -1       131    1    0    1
 -2       235       236       247       246       312       313       324       323
 -1       132    1    0    1
 -2       236       237       248       247       313       314       325       324
 -1       133    1    0    1
 -2       237       238       249       248       314       315       326       325
 -1       134    1    0    1
 -2       238       239       250       249       315       316       327       326
 -1       135    1    0    1
 -2       239       240       251       250       316       317       328       327
 -1       136    1    0    1
 -2       240       241       252       251       317       318       329       328
 -1       137    1    0    1
 -2       241       242       253       252       318       319       330       329
 -1       138    1    0    1
 -2       242       243       254       253       319       320       331       330
 -1       139    1    0    1
 -2       244       245       256       255       321       322       333       332
 -1       140    1    0    1
 -2       245       246       257       256       322       323       334       333
 -1       141    1    0    1
 -2       246       247       258       257       323       324       335       334
 -1       142    1    0    1
 -2       247       248       259       258       324       325       336       335
 -1       143    1    0    1
 -2       248       249       260       259       325       326       337       336
 -1       144    1    0    1
 -2       249       250       261       260       326       327       338       337
 -1       145    1    0    1
 -2       250       251       262       261       327       328       339       338
 -1       146    1    0    1
 -2       251       252       263       262       328       329       340       339
 -1       147    1    0    1
 -2       252       253       264       263       329       330       341       340
 -1       148    1    0    1
 -2       253       254       265       264       330       331       342       341
 -1       149    1    0    1
 -2       255       256       267       266       332       333       344       343
 -1       150    1    0    1
 -2       256       257       268       267       333       334       345       344
 -1       151    1    0    1
 -2       257       258       269       268       334       335       346       345
 -1       152    1    0    1
 -2       258       259       270       269       335       336       347       346
 -1       153    1    0    1
 -2       259       260       271       270       336       337       348       347
 -1       154    1    0    1
 -2       260       261       272       271       337       338       349       348
 -1       155    1    0    1
 -2       261       262       273       272       338       339       350       349
 -1       156    1    0    1
 -2       262       263       274       273       339       340       351       350
 -1       157    1    0    1
 -2       263       264       275       274       340       341       352       351
 -1       158    1    0    1
 -2       264       265       276       275       341       342       353       352
 -1       159    1    0    1
 -2       266       267       278       277       343       344       355       354
 -1       160    1    0    1
 -2       267       268       279       278       344       345       356       355
 -1       161    1    0    1
 -2       268       269       280       279       345       346       357       356
 -1       162    1    0    1
 -2       269       270       281       280       346       347       358       357
 -1       163    1    0    1
 -2       270       271       282       281       347       348       359       358
 -1       164    1    0    1
 -2       271       272       283       282       348       349       360       359
 -1       165    1    0    1
 -2       272       273       284       283       349       350       361       360
 -1       166    1    0    1
 -2       273       274       285       284       350       351       362       361
 -1       167    1    0    1
 -2       274       275       286       285       351       352       363       362
 -1       168    1    0    1
 -2       275       276       287       286       352       353       364       363
 -1       169    1    0    1
 -2       288       289       300       299       365       366       377       376
 -1       170    1    0    1
 -2       289       290       301       300       366       367       378       377
 -1       171    1    0    1
 -2       290       291       302       301       367       368       379       378
 -1       172    1    0    1
 -2       291       292       303       302       368       369       380       379
 -1       173    1    0    1
 -2       292       293       304       303       369       370       381       380
 -1       174    1    0    1
 -2       293       294       305       304       370       371       382       381
 -1       175    1    0    1
 -2       294       295       306       305       371       372       383       382
 -1       176    1    0    1
 -2       295       296       307       306       372       373       384       383
 -1       177    1    0    1
 -2       296       297       308       307       373       374       385       384
 -1       178    1    0    1
 -2       297       298       309       308       374       375       386       385
 -1       179    1    0    1
 -2       299       300       311       310       376       377       388       387
 -1       180    1    0    1
 -2       300       301       312       311       377       378       389       388
 -1       181    1    0    1
 -2       301       302       313       312       378       379       390       389
 -1       182    1    0    1
 -2       302       303       314       313       379       380       391       390
 -1       183    1    0    1
 -2       303       304       315       314       380       381       392       391
 -1       184    1    0    1
 -2       304       305       316       315       381       382       393       392
 -1       185    1    0    1
 -2       305       306       317       316       382       383       394       393
 -1       186    1    0    1
 -2       306       307       318       317       383       384       395       394
 -1       187    1    0    1
 -2       307       308       319       318       384       385       396       395
 -1       188    1    0    1
 -2       308       309       320       319       385       386       397       396
 -1       189    1    0    1
 -2       310       311       322       321       387       388       399       398
 -1       190    1    0    1
 -2       311       312       323       322       388       389       400       399
 -1       191    1    0    1
 -2       312       313       324       323       389       390       401       400
 -1       192    1    0    1
 -2       313       314       325       324       390       391       402       401
 -1       193    1    0    1
 -2       314       315       326       325       391       392       403       402
 -1       194    1    0    1
 -2       315       316       327       326       392       393       404       403
 -1       195    1    0    1
 -2       316       317       328       327       393       394       405       404
 -1       196    1    0    1
 -2       317       318       329       328       394       395       406       405
 -1       197    1    0    1
 -2       318       319       330       329       395       396       407       406
 -1       198    1    0    1
 -2       319       320       331       330       396       397       408       407
 -1       199    1    0    1
 -2       321       322       333       332       398       399       410       409
 -1       200    1    0    1
 -2       322       323       334       333       399       400       411       410
 -1       201    1    0    1
 -2       323       324       335       334       400       401       412       411
 -1       202    1    0    1
 -2       324       325       336       335       401       402       413       412
 -1       203    1    0    1
 -2       325       326       337       336       402       403       414       413
 -1       204    1    0    1
 -2       326       327       338       337       403       404       415       414
 -1       205    1    0    1
 -2       327       328       339       338       404       405       416       415
 -1       206    1    0    1
 -2       328       329       340       339       405       406       417       416
 -1       207    1    0    1
 -2       329       330       341       340       406       407       418       417
 -1       208    1    0    1
 -2       330       331       342       341       407       408       419       418
 -1       209    1    0    1
 -2       332       333       344       343       409       410       421       420
 -1       210    1    0    1
 -2       333       334       345       344       410       411       422       421
 -1       211    1    0    1
 -2       334       335       346       345       411       412       423       422
 -1       212    1    0    1
 -2       335       336       347       346       412       413       424       423
 -1       213    1    0    1
 -2       336       337       348       347       413       414       425       424
 -1       214    1    0    1
 -2       337       338       349       348       414       415       426       425
 -1       215    1    0    1
 -2       338       339       350       349       415       416       427       426
 -1       216    1    0    1
 -2       339       340       351       350       416       417       428       427
 -1       217    1    0    1
 -2       340       341       352       351       417       418       429       428
 -1       218    1    0    1
 -2       341       342       353       352       418       419       430       429
 -1       219    1    0    1
 -2       343       344       355       354       420       421       432       431
 -1       220    1    0    1
 -2       344       345       356       355       421       422       433       432
 -1       221    1    0    1
 -2       345       346       357       356       422       423       434       433
 -1       222    1    0    1
 -2       346       347       358       357       423       424       435       434
 -1       223    1    0    1
 -2       347       348       359       358       424       425       436       435
 -1       224    1    0    1
 -2       348       349       360       359       425       426       437       436
 -1       225    1    0    1
 -2       349       350       361       360       426       427       438       437
 -1       226    1    0    1
 -2       350       351       362       361       427       428       439       438
 -1       227    1    0    1
 -2       351       352       363       362       428       429       440       439
 -1       228    1    0    1
 -2       352       353       364       363       429       430       441       440
 -1       229    1    0    1
 -2       365       366       377       376       442       443       454       453
 -1       230    1    0    1
 -2       366       367       378       377       443       444       455       454
 -1       231    1    0    1
 -2       367       368       379       378       444       445       456       455
 -1       232    1    0    1
 -2       368       369       380       379       445       446       457       456
 -1       233    1    0    1
 -2       369       370       381       380       446       447       458       457
 -1       234    1    0    1
 -2       370       371       382       381       447       448       459       458
 -1       235    1    0    1
 -2       371       372       383       382       448       449       460       459
 -1       236    1    0    1
 -2       372       373       384       383       449       450       461       460
 -1       237    1    0    1
 -2       373       374       385       384       450       451       462       461
 -1       238    1    0    1
 -2       374       375       386       385       451       452       463       462
 -1       239    1    0    1
 -2       376       377       388       387       453       454       465       464
 -1       240    1    0    1
 -2       377       378       389       388       454       455       466       465
 -1       241    1    0    1
 -2       378       379       390       389       455       456       467       466
 -1       242    1    0    1
 -2       379       380       391       390       456       457       468       467
 -1       243    1    0    1
 -2       380       381       392       391       457       458       469       468
 -1       244    1    0    1
 -2       381       382       393       392       458       459       470       469
 -1       245    1    0    1
 -2       382       383       394       393       459       460       471       470
 -1       246    1    0    1
 -2       383       384       395       394       460       461       472       471
 -1       247    1    0    1
 -2       384       385       396       395       461       462       473       472
 -1       248    1    0    1
 -2       385       386       397       396       462       463       474       473
 -1       249    1    0    1
 -2       387       388       399       398       464       465       476       475
 -1       250    1    0    1
 -2       388       389       400       399       465       466       477       476
 -1       251    1    0    1
 -2       389       390       401       400       466       467       478       477
 -1       252    1    0    1
 -2       390       391       402       401       467       468       479       478
 -1       253    1    0    1
 -2       391       392       403       402       468       469       480       479
 -1       254    1    0    1
 -2       392       393       404       403       469       470       481       480
 -1       255    1    0    1
 -2       393       394       405       404       470       471       482       481
 -1       256    1    0    1
 -2       394       395       406       405       471       472       483       482
 -1       257    1    0    1
 -2       395       396       407       406       472       473       484       483
 -1       258    1    0    1
 -2       396       397       408       407       473       474       485       484
 -1       259    1    0    1
 -2       398       399       410       409       475       476       487       486
 -1       260    1    0    1
 -2       399       400       411       410       476       477       488       487
 -1       261    1    0    1
 -2       400       401       412       411       477       478       489       488
 -1       262    1    0    1
 -2       401       402       413       412       478       479       490       489
 -1       263    1    0    1
 -2       402       403       414       413       479       480       491       490
 -1       264    1    0    1
 -2       403       404       415       414       480       481       492       491
 -1       265    1    0    1
 -2       404       405       416       415       481       482       493       492
 -1       266    1    0    1
 -2       405       406       417       416       482       483       494       493
 -1       267    1    0    1
 -2       406       407       418       417       483       484       495       494
 -1       268    1    0    1
 -2       407       408       419       418       484       485       496       495
 -1       269    1    0    1
 -2       409       410       421       420       486       487       498       497
 -1       270    1    0    1
 -2       410       411       422       421       487       488       499       498
 -1       271    1    0    1
 -2       411       412       423       422       488       489       500       499
 -1       272    1    0    1
 -2       412       413       424       423       489       490       501       500
 -1       273    1    0    1
 -2       413       414       425       424       490       491       502       501
 -1       274    1    0    1
 -2       414       415       426       425       491       492       503       502
 -1       275    1    0    1
 -2       415       416       427       426       492       493       504       503
 -1       276    1    0    1
 -2       416       417       428       427       493       494       505       504
 -1       277    1    0    1
 -2       417       418       429       428       494       495       506       505
 -1       278    1    0    1
 -2       418       419       430       429       495       496       507       506
 -1       279    1    0    1
 -2       420       421       432       431       497       498       509       508
 -1       280    1    0    1
 -2       421       422       433       432       498       499       510       509
 -1       281    1    0    1
 -2       422       423       434       433       499       500       511       510
 -1       282    1    0    1
 -2       423       424       435       434       500       501       512       511
 -1       283    1    0    1
 -2       424       425       436       435       501       502       513       512
 -1       284    1    0    1
 -2       425       426       437       436       502       503       514       513
 -1       285    1    0    1
 -2       426       427       438       437       503       504       515       514
 -1       286    1    0    1
 -2       427       428       439       438       504       505       516       515
 -1       287    1    0    1
 -2       428       429       440       439       505       506       517       516
 -1       288    1    0    1
 -2       429       430       441       440       506       507       518       517
 -1       289    1    0    1
 -2       442       443       454       453       519       520       531       530
 -1       290    1    0    1
 -2       443       444       455       454       520       521       532       531
 -1       291    1    0    1
 -2       444       445       456       455       521       522       533       532
 -1       292    1    0    1
 -2       445       446       457       456       522       523       534       533
 -1       293    1    0    1
 -2       446       447       458       457       523       524       535       534
 -1       294    1    0    1
 -2       447       448       459       458       524       525       536       535
 -1       295    1    0    1
 -2       448       449       460       459       525       526       537       536
 -1       296    1    0    1
 -2       449       450       461       460       526       527       538       537
 -1       297    1    0    1
 -2       450       451       462       461       527       528       539       538
 -1       298    1    0    1
 -2       451       452       463       462       528       529       540       539
 -1       299    1    0    1
 -2       453       454       465       464       530       531       542       541
 -1       300    1    0    1
 -2       454       455       466       465       531       532       543       542
 -1       301    1    0    1
 -2       455       456       467       466       532       533       544       543
 -1       302    1    0    1
 -2       456       457       468       467       533       534       545       544
 -1       303    1    0    1
 -2       457       458       469       468       534       535       546       545
 -1       304    1    0    1
 -2       458       459       470       469       535       536       547       546
 -1       305    1    0    1
 -2       459       460       471       470       536       537       548       547
 -1       306    1    0    1
 -2       460       461       472       471       537       538       549       548
 -1       307    1    0    1
 -2       461       462       473       472       538       539       550       549
 -1       308    1    0    1
 -2       462       463       474       473       539       540       551       550
 -1       309    1    0    1
 -2       464       465       476       475       541       542       553       552
 -1       310    1    0    1
 -2       465       466       477       476       542       543       554       553
 -1       311    1    0    1
 -2       466       467       478       477       543       544       555       554
 -1       312    1    0    1
 -2       467       468       479       478       544       545       556       555
 -1       313    1    0    1
 -2       468       469       480       479       545       546       557       556
 -1       314    1    0    1
 -2       469       470       481       480       546       547       558       557
 -1       315    1    0    1
 -2       470       471       482       481       547       548       559       558
 -1       316    1    0    1
 -2       471       472       483       482       548       549       560       559
 -1       317    1    0    1
 -2       472       473       484       483       549       550       561       560
 -1       318    1    0    1
 -2       473       474       485       484       550       551       562       561
 -1       319    1    0    1
 -2       475       476       487       486       552       553       564       563
 -1       320    1    0    1
 -2       476       477       488       487       553       554       565       564
 -1       321    1    0    1
 -2       477       478       489       488       554       555       566       565
 -1       322    1    0    1
 -2       478       479       490       489       555       556       567       566
 -1       323    1    0    1
 -2       479       480       491       490       556       557       568       567
 -1       324    1    0    1
 -2       480       481       492       491       557       558       569       568
 -1       325    1    0    1
 -2       481       482       493       492       558       559       570       569
 -1       326    1    0    1
 -2       482       483       494       493       559       560       571       570
 -1       327    1    0    1
 -2       483       484       495       494       560       561       572       571
 -1       328    1    0    1
 -2       484       485       496       495       561       562       573       572
 -1       329    1    0    1
 -2       486       487       498       497       563       564       575       574
 -1       330    1    0    1
 -2       487       488       499       498       564       565       576       575
 -1       331    1    0    1
 -2       488       489       500       499       565       566       577       576
 -1       332    1    0    1
 -2       489       490       501       500       566       567       578       577
 -1       333    1    0    1
 -2       490       491       502       501       567       568       579       578
 -1       334    1    0    1
 -2       491       492       503       502       568       569       580       579
 -1       335    1    0    1
 -2       492       493       504       503       569       570       581       580
 -1       336    1    0    1
 -2       493       494       505       504       570       571       582       581
 -1       337    1    0    1
 -2       494       495       506       505       571       572       583       582
 -1       338    1    0    1
 -2       495       496       507       506       572       573       584       583
 -1       339    1    0    1
 -2       497       498       509       508       574       575       586       585
 -1       340    1    0    1
 -2       498       499       510       509       575       576       587       586
 -1       341    1    0    1
 -2       499       500       511       510       576       577       588       587
 -1       342    1    0    1
 -2       500       501       512       511       577       578       589       588
 -1       343    1    0    1
 -2       501       502       513       512       578       579       590       589
 -1       344    1    0    1
 -2       502       503       514       513       579       580       591       590
 -1       345    1    0    1
 -2       503       504       515       514       580       581       592       591
 -1       346    1    0    1
 -2       504       505       516       515       581       582       593       592
 -1       347    1    0    1
 -2       505       506       517       516       582       583       594       593
 -1       348    1    0    1
 -2       506       507       518       517       583       584       595       594
 -3
    1PSTEP                         1           1           1          
  100CL  101 3.40000E-01         595                     0    1           1
 -4  DISP        4    1
 -5  D1          1    2    1    0
 -5  D2          1    2    2    0
 -5  D3          1    2    3    0
 -5  ALL         1    2    0    0    1ALL
 -1         1 0.00000E+00 0.00000E+00 0.00000E+00
 -1         2 0.00000E+00 0.00000E+00 0.00000E+00
 -1         3 0.00000E+00 0.00000E+00 0.00000E+00
 -1         4 0.00000E+00 0.00000E+00 0.00000E+00
 -1         5 0.00000E+00 0.00000E+00 0.00000E+00
 -1         6 0.00000E+00 0.00000E+00 0.00000E+00
 -1         7 0.00000E+00 0.00000E+00 0.00000E+00
 -1         8 0.00000E+00 0.00000E+00 0.00000E+00
 -1         9 0.00000E+00 0.00000E+00 0.00000E+00
 -1        10 0.00000E+00 0.00000E+00 0.00000E+00
 -1        11 0.00000E+00 0.00000E+00 0.00000E+00
 -1        12 0.00000E+00 0.00000E+00 0.00000E+00
 -1        13 0.00000E+00 0.00000E+00 0.00000E+00
 -1        14 0.00000E+00 0.00000E+00 0.00000E+00
 -1        15 0.00000E+00 0.00000E+00 0.00000E+00
 -1        16 0.00000E+00 0.00000E+00 0.00000E+00
 -1        17 0.00000E+00 0.00000E+00 0.00000E+00
 -1        18 0.00000E+00 0.00000E+00 0.00000E+00
 -1        19 0.00000E+00 0.00000E+00 0.00000E+00
 -1        20 0.00000E+00 0.00000E+00 0.00000E+00
 -1        21 0.00000E+00 0.00000E+00 0.00000E+00
 -1        22 0.00000E+00 0.00000E+00 0.00000E+00
 -1        23 0.00000E+00 0.00000E+00 0.00000E+00
 -1        24 0.00000E+00 0.00000E+00 0.00000E+00
 -1        25 0.00000E+00 0.00000E+00 0.00000E+00
 -1        26 0.00000E+00 0.00000E+00 0.00000E+00
 -1        27 0.00000E+00 0.00000E+00 0.00000E+00
 -1        28 0.00000E+00 0.00000E+00 0.00000E+00
 -1        29 0.00000E+00 0.00000E+00 0.00000E+00
 -1        30 0.00000E+00 0.00000E+00 0.00000E+00
 -1        31 0.00000E+00 0.00000E+00 0.00000E+00
 -1        32 0.00000E+00 0.00000E+00 0.00000E+00
 -1        33 0.00000E+00 0.00000E+00 0.00000E+00
 -1        34 0.00000E+00 0.00000E+00 0.00000E+00
 -1        35 0.00000E+00 0.00000E+00 0.00000E+00
 -1        36 0.00000E+00 0.00000E+00 0.00000E+00
 -1        37 0.00000E+00 0.00000E+00 0.00000E+00
 -1        38 0.00000E+00 0.00000E+00 0.00000E+00
 -1        39 0.00000E+00 0.00000E+00 0.00000E+00
 -1        40 0.00000E+00 0.00000E+00 0.00000E+00
 -1        41 0.00000E+00 0.00000E+00 0.00000E+00
 -1        42 0.00000E+00 0.00000E+00 0.00000E+00
 -1        43 0.00000E+00 0.00000E+00 0.00000E+00
 -1        44 0.00000E+00 0.00000E+00 0.00000E+00
 -1        45 0.00000E+00 0.00000E+00 0.00000E+00
 -1        46 0.00000E+00 0.00000E+00 0.00000E+00
 -1        47 0.00000E+00 0.00000E+00 0.00000E+00
 -1        48 0.00000E+00 0.00000E+00 0.00000E+00
 -1        49 0.00000E+00 0.00000E+00 0.00000E+00
 -1        50 0.00000E+00 0.00000E+00 0.00000E+00
 -1        51 0.00000E+00 0.00000E+00 0.00000E+00
 -1        52 0.00000E+00 0.00000E+00 0.00000E+00
 -1        53 0.00000E+00 0.00000E+00 0.00000E+00
 -1        54 0.00000E+00 0.00000E+00 0.00000E+00
 -1        55 0.00000E+00 0.00000E+00 0.00000E+00
 -1        56 0.00000E+00 0.00000E+00 0.00000E+00
 -1        57 0.00000E+00 0.00000E+00 0.00000E+00
 -1        58 0.00000E+00 0.00000E+00 0.00000E+00
 -1        59 0.00000E+00 0.00000E+00 0.00000E+00
 -1        60 0.00000E+00 0.00000E+00 0.00000E+00
 -1        61 0.00000E+00 0.00000E+00 0.00000E+00
 -1        62 0.00000E+00 0.00000E+00 0.00000E+00
 -1        63 0.00000E+00 0.00000E+00 0.00000E+00
 -1        64 0.00000E+00 0.00000E+00 0.00000E+00
 -1        65 0.00000E+00 0.00000E+00 0.00000E+00
 -1        66 0.00000E+00 0.00000E+00 0.00000E+00
 -1        67 0.00000E+00 0.00000E+00 0.00000E+00
 -1        68 0.00000E+00 0.00000E+00 0.00000E+00
 -1        69 0.00000E+00 0.00000E+00 0.00000E+00
 -1        70 0.00000E+00 0.00000E+00 0.00000E+00
 -1        71-3.52981E-04-6.66920E-04-2.59071E-04
 -1        72-1.68735E-04-7.82730E-04-3.07673E-04
 -1        73 9.05090E-05-7.31680E-04-2.49138E-04
 -1        74 2.01627E-04-2.76175E-04-5.67515E-05
 -1        75 1.21924E-04-7.04100E-05 2.26331E-05
 -1        76 4.73742E-05-2.72188E-06 8.68328E-06
 -1        77 2.21285E-05 6.79711E-06-5.43623E-07
 -1        78 1.19030E-05 6.50544E-06-4.92712E-07
 -1        79 6.31612E-06 3.06390E-06 2.09878E-07
 -1        80 5.36880E-06 1.93057E-06-3.18999E-06
 -1        81-9.23666E-04-6.28960E-04-5.13170E-04
 -1        82-4.76052E-04-7.82642E-04-1.00858E-03
 -1        83 2.07776E-04-7.59383E-04-9.64201E-04
 -1        84 3.27004E-04-2.50733E-04-1.69779E-04
 -1        85 9.09836E-05-5.68393E-05 8.50515E-05
 -1        86 2.66150E-05 4.16182E-06 2.67993E-05
 -1        87 1.49118E-05 1.06874E-05 1.36462E-05
 -1        88 7.99408E-06 9.24047E-06 8.08518E-06
 -1        89 3.32819E-06 3.98067E-06 2.77612E-06
 -1        90 3.79674E-06 2.83235E-06-3.52775E-06
 -1        91-1.78744E-03-4.35503E-04-9.99489E-04
 -1        92-9.32686E-04-5.18108E-04-2.12729E-03
 -1        93 4.91243E-04-5.09498E-04-2.05229E-03
 -1        94 6.66484E-04-1.69276E-04-3.61290E-04
 -1        95 1.26596E-04-3.91573E-05 1.65569E-04
 -1        96 1.84746E-05 3.01514E-06 4.44657E-05
 -1        97 7.93718E-06 7.74058E-06 3.03785E-05
 -1        98 1.90857E-06 6.90921E-06 1.96643E-05
 -1        99-2.15579E-06 2.93852E-06 6.88413E-06
 -1       100 7.81665E-07 2.21347E-06-3.46697E-06
 -1       101-2.10653E-03 1.38217E-07-1.19793E-03
 -1       102-1.09954E-03 1.07082E-07-2.56638E-03
 -1       103 5.85564E-04 8.78266E-08-2.47926E-03
 -1       104 7.90347E-04 8.96338E-08-4.37540E-04
 -1       105 1.48374E-04 2.46786E-08 1.98255E-04
 -1       106 1.67581E-05 8.25044E-09 5.28698E-05
 -1       107 5.66566E-06 2.73692E-09 3.71646E-05
 -1       108-4.08712E-07 1.13666E-10 2.43687E-05
 -1       109-4.33675E-06-7.53325E-10 8.57996E-06
 -1       110-5.63621E-07-1.86499E-09-3.44124E-06
 -1       111-1.78760E-03 4.35812E-04-9.99617E-04
 -1       112-9.32769E-04 5.18533E-04-2.12748E-03
 -1       113 4.91280E-04 5.09891E-04-2.05248E-03
 -1       114 6.66555E-04 1.69450E-04-3.61321E-04
 -1       115 1.26630E-04 3.92107E-05 1.65569E-04
 -1       116 1.84874E-05-2.99477E-06 4.44671E-05
 -1       117 7.94365E-06-7.73566E-06 3.03789E-05
 -1       118 1.91292E-06-6.90889E-06 1.96645E-05
 -1       119-2.15269E-06-2.94002E-06 6.88410E-06
 -1       120 7.84574E-07-2.21701E-06-3.46836E-06
 -1       121-9.23786E-04 6.29292E-04-5.13254E-04
 -1       122-4.76101E-04 7.82939E-04-1.00863E-03
 -1       123 2.07805E-04 7.59647E-04-9.64237E-04
 -1       124 3.27068E-04 2.50894E-04-1.69797E-04
 -1       125 9.10300E-05 5.69069E-05 8.50497E-05
 -1       126 2.66405E-05-4.14029E-06 2.67987E-05
 -1       127 1.49275E-05-1.06817E-05 1.36461E-05
 -1       128 8.00366E-06-9.24001E-06 8.08509E-06
 -1       129 3.33449E-06-3.98175E-06 2.77600E-06
 -1       130 3.80236E-06-2.83526E-06-3.53045E-06
 -1       131-3.53010E-04 6.67243E-04-2.59219E-04
 -1       132-1.68720E-04 7.82993E-04-3.07794E-04
 -1       133 9.05589E-05 7.31898E-04-2.49231E-04
 -1       134 2.01703E-04 2.76326E-04-5.68162E-05
 -1       135 1.21999E-04 7.04918E-05 2.25951E-05
 -1       136 4.74264E-05 2.75436E-06 8.66566E-06
 -1       137 2.21570E-05-6.78657E-06-5.50079E-07
 -1       138 1.19184E-05-6.50237E-06-4.94429E-07
 -1       139 6.32523E-06-3.06398E-06 2.09820E-07
 -1       140 5.37651E-06-1.93237E-06-3.19260E-06
 -1       141-4.99872E-05-2.90334E-04-2.01426E-04
 -1       142-1.24246E-04 6.29438E-05 7.59169E-05
 -1       143-1.23695E-04 1.75810E-04 1.84085E-04
 -1       144-4.29988E-05-6.47365E-05-7.28935E-05
 -1       145 6.34892E-05-6.04932E-05 5.16635E-05
 -1       146 7.45617E-05-2.74085E-05 1.99165E-05
 -1       147 4.17036E-05-1.30787E-05-2.51403E-06
 -1       148 2.06192E-05-5.17741E-06-3.49504E-06
 -1       149 1.30999E-05 9.53140E-08-4.06077E-07
 -1       150 1.16160E-05 2.14387E-06-4.35849E-06
 -1       151 6.46613E-05-2.42278E-04-1.44860E-04
 -1       152-2.02589E-04 1.82988E-05-2.48265E-03
 -1       153-3.08602E-04 9.67702E-05-2.19684E-03
 -1       154-2.07352E-04-6.25444E-05-8.66525E-05
 -1       155 1.37783E-05-6.39443E-05 7.24084E-05
 -1       156 6.10381E-05-2.56065E-05 6.39343E-05
 -1       157 3.44033E-05-6.16170E-06 2.69128E-05
 -1       158 1.85584E-05-1.58691E-06 2.24477E-05
 -1       159 1.25988E-05 7.92685E-07 4.17689E-06
 -1       160 1.10920E-05 2.08833E-06-4.50525E-06
 -1       161 4.01199E-04-9.22296E-05 1.00198E-04
 -1       162-2.43871E-04 9.37234E-05-5.49222E-03
 -1       163-5.68851E-04 1.34860E-04-4.89539E-03
 -1       164-4.30270E-04-1.30607E-05-1.53619E-05
 -1       165-1.03987E-05-3.88971E-05 1.33591E-04
 -1       166 6.80056E-05-1.85136E-05 1.20595E-04
 -1       167 3.04722E-05-4.48752E-06 5.75366E-05
 -1       168 1.74384E-05-1.05047E-06 5.30790E-05
 -1       169 1.25674E-05 3.91055E-07 9.20796E-06
 -1       170 1.08231E-05 1.37176E-06-4.89051E-06
 -1       171 4.74408E-04 4.76559E-08 4.38006E-05
 -1       172-2.76442E-04 1.11642E-06-6.44503E-03
 -1       173-6.61272E-04 1.02056E-06-5.74143E-03
 -1       174-5.03228E-04 4.43007E-08-5.59348E-05
 -1       175-1.40486E-05 4.53234E-08 1.57275E-04
 -1       176 7.49628E-05 1.09168E-08 1.42360E-04
 -1       177 2.98927E-05 3.52879E-09 6.82820E-05
 -1       178 1.67177E-05-2.73797E-12 6.36821E-05
 -1       179 1.22883E-05-8.97939E-10 1.14081E-05
 -1       180 1.05146E-05-2.19273E-09-4.82989E-06
 -1       181 4.00812E-04 9.27760E-05 1.00027E-04
 -1       182-2.44106E-04-9.30332E-05-5.49241E-03
 -1       183-5.68735E-04-1.34212E-04-4.89555E-03
 -1       184-4.30128E-04 1.33503E-05-1.53758E-05
 -1       185-1.03708E-05 3.89694E-05 1.33595E-04
 -1       186 6.80236E-05 1.85447E-05 1.20599E-04
 -1       187 3.04816E-05 4.49464E-06 5.75382E-05
 -1       188 1.74447E-05 1.05102E-06 5.30798E-05
 -1       189 1.25725E-05-3.92852E-07 9.20795E-06
 -1       190 1.08280E-05-1.37591E-06-4.89220E-06
 -1       191 6.45384E-05 2.42762E-04-1.44969E-04
 -1       192-2.02657E-04-1.79191E-05-2.48277E-03
 -1       193-3.08606E-04-9.64344E-05-2.19693E-03
 -1       194-2.07298E-04 6.27924E-05-8.66728E-05
 -1       195 1.38366E-05 6.40613E-05 7.24045E-05
 -1       196 6.10691E-05 2.56451E-05 6.39347E-05
 -1       197 3.44238E-05 6.17343E-06 2.69138E-05
 -1       198 1.85716E-05 1.58848E-06 2.24487E-05
 -1       199 1.26088E-05-7.94027E-07 4.17684E-06
 -1       200 1.11013E-05-2.09213E-06-4.50836E-06
 -1       201-4.99897E-05 2.90775E-04-2.01578E-04
 -1       202-1.24247E-04-6.25827E-05 7.57935E-05
 -1       203-1.23652E-04-1.75513E-04 1.83999E-04
 -1       204-4.29206E-05 6.49561E-05-7.29656E-05
 -1       205 6.35746E-05 6.06207E-05 5.16232E-05
 -1       206 7.46254E-05 2.74610E-05 1.99016E-05
 -1       207 4.17389E-05 1.30946E-05-2.51695E-06
 -1       208 2.06394E-05 5.18153E-06-3.49459E-06
 -1       209 1.31139E-05-9.60603E-08-4.05682E-07
 -1       210 1.16285E-05-2.14750E-06-4.36135E-06
 -1       211-2.25279E-02-8.54834E-03-4.67168E-03
 -1       212-1.57119E-02-3.82859E-04-4.07571E-02
 -1       213-1.13785E-02 1.96439E-03-4.69984E-02
 -1       214-8.24022E-03 2.11009E-03-5.06270E-02
 -1       215-6.22515E-03 1.77194E-03-5.16945E-02
 -1       216-4.84225E-03 1.29598E-03-5.20351E-02
 -1       217-3.97136E-03 8.56249E-04-5.19929E-02
 -1       218-3.47631E-03 5.13351E-04-5.19126E-02
 -1       219-3.25100E-03 2.79460E-04-5.19434E-02
 -1       220-3.19009E-03 1.41416E-04-5.21648E-02
 -1       221-3.18284E-03 5.05630E-05-5.25306E-02
 -1       222-2.62108E-02-4.11507E-03-6.26505E-03
 -1       223-1.85381E-02-1.42631E-03-3.93426E-02
 -1       224-1.27527E-02 7.83319E-04-4.54516E-02
 -1       225-8.74695E-03 1.30095E-03-4.95129E-02
 -1       226-6.33641E-03 1.19934E-03-5.09755E-02
 -1       227-4.77512E-03 9.10034E-04-5.16048E-02
 -1       228-3.84645E-03 6.14511E-04-5.17650E-02
 -1       229-3.35307E-03 3.78173E-04-5.18169E-02
 -1       230-3.15099E-03 2.15092E-04-5.19245E-02
 -1       231-3.10927E-03 1.14303E-04-5.21781E-02
 -1       232-3.10731E-03 4.80778E-05-5.25489E-02
 -1       233-2.62362E-02-1.70198E-03-7.16282E-03
 -1       234-1.89013E-02-9.98839E-04-3.92320E-02
 -1       235-1.35794E-02 7.95965E-05-4.50980E-02
 -1       236-9.40977E-03 5.69879E-04-4.90922E-02
 -1       237-6.72477E-03 5.95493E-04-5.06426E-02
 -1       238-4.96724E-03 4.71332E-04-5.13776E-02
 -1       239-3.92102E-03 3.26299E-04-5.16292E-02
 -1       240-3.36511E-03 2.06084E-04-5.17473E-02
 -1       241-3.13084E-03 1.21297E-04-5.18971E-02
 -1       242-3.07186E-03 6.70098E-05-5.21713E-02
 -1       243-3.06170E-03 3.23307E-05-5.25441E-02
 -1       244-2.61454E-02-7.56149E-06-7.68385E-03
 -1       245-1.89005E-02-1.61295E-06-3.92448E-02
 -1       246-1.37290E-02-1.43653E-06-4.50398E-02
 -1       247-9.63902E-03-9.98850E-07-4.89958E-02
 -1       248-6.88521E-03-7.20272E-07-5.05528E-02
 -1       249-5.05805E-03-4.89258E-07-5.13103E-02
 -1       250-3.96428E-03-3.16426E-07-5.15858E-02
 -1       251-3.38004E-03-1.84889E-07-5.17229E-02
 -1       252-3.12975E-03-8.31190E-08-5.18855E-02
 -1       253-3.06221E-03 4.81741E-09-5.21662E-02
 -1       254-3.04790E-03 9.52213E-08-5.25399E-02
 -1       255-2.62374E-02 1.69564E-03-7.16294E-03
 -1       256-1.89028E-02 9.94290E-04-3.92324E-02
 -1       257-1.35800E-02-8.23638E-05-4.50984E-02
 -1       258-9.41016E-03-5.71967E-04-4.90924E-02
 -1       259-6.72507E-03-5.96947E-04-5.06428E-02
 -1       260-4.96749E-03-4.72323E-04-5.13778E-02
 -1       261-3.92124E-03-3.26937E-04-5.16293E-02
 -1       262-3.36531E-03-2.06458E-04-5.17474E-02
 -1       263-3.13104E-03-1.21464E-04-5.18971E-02
 -1       264-3.07206E-03-6.69990E-05-5.21713E-02
 -1       265-3.06190E-03-3.21392E-05-5.25442E-02
 -1       266-2.62123E-02 4.11037E-03-6.26525E-03
 -1       267-1.85394E-02 1.42220E-03-3.93434E-02
 -1       268-1.27538E-02-7.86433E-04-4.54523E-02
 -1       269-8.74772E-03-1.30312E-03-4.95135E-02
 -1       270-6.33703E-03-1.20085E-03-5.09759E-02
 -1       271-4.77564E-03-9.11054E-04-5.16051E-02
 -1       272-3.84691E-03-6.15169E-04-5.17652E-02
 -1       273-3.35348E-03-3.78558E-04-5.18171E-02
 -1       274-3.15139E-03-2.15263E-04-5.19246E-02
 -1       275-3.10966E-03-1.14290E-04-5.21782E-02
 -1       276-3.10769E-03-4.78842E-05-5.25490E-02
 -1       277-2.25299E-02 8.54388E-03-4.67187E-03
 -1       278-1.57137E-02 3.78859E-04-4.07584E-02
 -1       279-1.13801E-02-1.96760E-03-4.69997E-02
 -1       280-8.24158E-03-2.11239E-03-5.06280E-02
 -1       281-6.22622E-03-1.77352E-03-5.16952E-02
 -1       282-4.84312E-03-1.29705E-03-5.20355E-02
 -1       283-3.97209E-03-8.56937E-04-5.19932E-02
 -1       284-3.47695E-03-5.13754E-04-5.19128E-02
 -1       285-3.25159E-03-2.79639E-04-5.19436E-02
 -1       286-3.19066E-03-1.41403E-04-5.21650E-02
 -1       287-3.18341E-03-5.03676E-05-5.25308E-02
 -1       288-1.39255E-03-8.11984E-03-2.91509E-02
 -1       289-1.04626E-03-3.22655E-03-3.82178E-02
 -1       290-3.46562E-03-7.63395E-04-4.76206E-02
 -1       291-4.00839E-03 3.93230E-04-5.05662E-02
 -1       292-3.87972E-03 6.92362E-04-5.18814E-02
 -1       293-3.54645E-03 6.73086E-04-5.21360E-02
 -1       294-3.20262E-03 5.39794E-04-5.20580E-02
 -1       295-2.92651E-03 3.94501E-04-5.19153E-02
 -1       296-2.74691E-03 2.74850E-04-5.18944E-02
 -1       297-2.65988E-03 1.82656E-04-5.20758E-02
 -1       298-2.64310E-03 1.04889E-04-5.24796E-02
 -1       299-4.81526E-03-4.16194E-03-2.92179E-02
 -1       300-3.63564E-03-2.14638E-03-3.79551E-02
 -1       301-4.86706E-03-4.50599E-04-4.68266E-02
 -1       302-4.62804E-03 2.92429E-04-4.98163E-02
 -1       303-4.07803E-03 5.09435E-04-5.13216E-02
 -1       304-3.54587E-03 4.83571E-04-5.17707E-02
 -1       305-3.12538E-03 3.81939E-04-5.18470E-02
 -1       306-2.83540E-03 2.75668E-04-5.18145E-02
 -1       307-2.66730E-03 1.90840E-04-5.18651E-02
 -1       308-2.59273E-03 1.28272E-04-5.20871E-02
 -1       309-2.57769E-03 7.78676E-05-5.24980E-02
 -1       310-5.80967E-03-1.73018E-03-2.92946E-02
 -1       311-4.47944E-03-1.07085E-03-3.81027E-02
 -1       312-5.62307E-03-2.87699E-04-4.67130E-02
 -1       313-5.12722E-03 1.47758E-04-4.96069E-02
 -1       314-4.34605E-03 2.70815E-04-5.11054E-02
 -1       315-3.65399E-03 2.59199E-04-5.16000E-02
 -1       316-3.14596E-03 2.03919E-04-5.17307E-02
 -1       317-2.81606E-03 1.46792E-04-5.17455E-02
 -1       318-2.63431E-03 1.01787E-04-5.18306E-02
 -1       319-2.55698E-03 6.96394E-05-5.20723E-02
 -1       320-2.54229E-03 4.52399E-05-5.24825E-02
 -1       321-6.03634E-03-1.26897E-06-2.94006E-02
 -1       322-4.67118E-03-1.62518E-06-3.81641E-02
 -1       323-5.81445E-03-1.11870E-06-4.67313E-02
 -1       324-5.31289E-03-7.90659E-07-4.95823E-02
 -1       325-4.46240E-03-5.59461E-07-5.10583E-02
 -1       326-3.71244E-03-3.76757E-07-5.15537E-02
 -1       327-3.16729E-03-2.39678E-07-5.16944E-02
 -1       328-2.81785E-03-1.34159E-07-5.17208E-02
 -1       329-2.62735E-03-4.83680E-08-5.18150E-02
 -1       330-2.54686E-03 2.97340E-08-5.20612E-02
 -1       331-2.53135E-03 1.13744E-07-5.24701E-02
 -1       332-5.81014E-03 1.72613E-03-2.92956E-02
 -1       333-4.47998E-03 1.06762E-03-3.81032E-02
 -1       334-5.62358E-03 2.85443E-04-4.67134E-02
 -1       335-5.12761E-03-1.49386E-04-4.96072E-02
 -1       336-4.34637E-03-2.71947E-04-5.11056E-02
 -1       337-3.65426E-03-2.59964E-04-5.16002E-02
 -1       338-3.14620E-03-2.04405E-04-5.17308E-02
 -1       339-2.81627E-03-1.47065E-04-5.17456E-02
 -1       340-2.63450E-03-1.01886E-04-5.18307E-02
 -1       341-2.55716E-03-6.95809E-05-5.20724E-02
 -1       342-2.54247E-03-4.50140E-05-5.24826E-02
 -1       343-4.81618E-03 4.15808E-03-2.92184E-02
 -1       344-3.63660E-03 2.14318E-03-3.79558E-02
 -1       345-4.86799E-03 4.48218E-04-4.68273E-02
 -1       346-4.62883E-03-2.94117E-04-4.98169E-02
 -1       347-4.07870E-03-5.10609E-04-5.13220E-02
 -1       348-3.54644E-03-4.84362E-04-5.17710E-02
 -1       349-3.12586E-03-3.82445E-04-5.18471E-02
 -1       350-2.83583E-03-2.75955E-04-5.18147E-02
 -1       351-2.66769E-03-1.90948E-04-5.18652E-02
 -1       352-2.59310E-03-1.28217E-04-5.20872E-02
 -1       353-2.57805E-03-7.76447E-05-5.24982E-02
 -1       354-1.39391E-03 8.11615E-03-2.91520E-02
 -1       355-1.04764E-03 3.22341E-03-3.82191E-02
 -1       356-3.46705E-03 7.60945E-04-4.76219E-02
 -1       357-4.00970E-03-3.95009E-04-5.05672E-02
 -1       358-3.88081E-03-6.93604E-04-5.18821E-02
 -1       359-3.54735E-03-6.73932E-04-5.21365E-02
 -1       360-3.20337E-03-5.40339E-04-5.20583E-02
 -1       361-2.92714E-03-3.94815E-04-5.19155E-02
 -1       362-2.74748E-03-2.74974E-04-5.18946E-02
 -1       363-2.66042E-03-1.82608E-04-5.20760E-02
 -1       364-2.64363E-03-1.04669E-04-5.24797E-02
 -1       365-2.22248E-04-5.57861E-03-3.93609E-02
 -1       366 1.03324E-03-3.68970E-03-4.18651E-02
 -1       367 1.00545E-03-1.86490E-03-4.67231E-02
 -1       368-2.26703E-04-7.33693E-04-5.01080E-02
 -1       369-1.05255E-03-1.10771E-04-5.13770E-02
 -1       370-1.52955E-03 1.68087E-04-5.17994E-02
 -1       371-1.74604E-03 2.65554E-04-5.18058E-02
 -1       372-1.81127E-03 2.79184E-04-5.17244E-02
 -1       373-1.81793E-03 2.63028E-04-5.16964E-02
 -1       374-1.84939E-03 2.37345E-04-5.18623E-02
 -1       375-1.87243E-03 1.97966E-04-5.23378E-02
 -1       376-1.91811E-03-3.71420E-03-3.99006E-02
 -1       377-4.33277E-04-2.38773E-03-4.22763E-02
 -1       378-1.16077E-04-1.23936E-03-4.66524E-02
 -1       379-9.09291E-04-4.61922E-04-4.98259E-02
 -1       380-1.40424E-03-4.76735E-05-5.10896E-02
 -1       381-1.67645E-03 1.32414E-04-5.15776E-02
 -1       382-1.78517E-03 1.89611E-04-5.16598E-02
 -1       383-1.80331E-03 1.93436E-04-5.16425E-02
 -1       384-1.79503E-03 1.80441E-04-5.16640E-02
 -1       385-1.82478E-03 1.63934E-04-5.18700E-02
 -1       386-1.85384E-03 1.47393E-04-5.23555E-02
 -1       387-2.77353E-03-1.69537E-03-3.97523E-02
 -1       388-1.15598E-03-1.11015E-03-4.24307E-02
 -1       389-6.83562E-04-5.65965E-04-4.67506E-02
 -1       390-1.29910E-03-1.96943E-04-4.97948E-02
 -1       391-1.63025E-03-1.69212E-06-5.10012E-02
 -1       392-1.78323E-03 7.82432E-05-5.14793E-02
 -1       393-1.81997E-03 9.91063E-05-5.15773E-02
 -1       394-1.80212E-03 9.61760E-05-5.15823E-02
 -1       395-1.78061E-03 8.67703E-05-5.16229E-02
 -1       396-1.81073E-03 7.75851E-05-5.18394E-02
 -1       397-1.84281E-03 6.89438E-05-5.23146E-02
 -1       398-3.00932E-03-1.12544E-06-3.96860E-02
 -1       399-1.35277E-03-8.81506E-07-4.24272E-02
 -1       400-8.51758E-04-6.93815E-07-4.67633E-02
 -1       401-1.42285E-03-5.03612E-07-4.97801E-02
 -1       402-1.70829E-03-3.46166E-07-5.09738E-02
 -1       403-1.82305E-03-2.27725E-07-5.14497E-02
 -1       404-1.83449E-03-1.38810E-07-5.15530E-02
 -1       405-1.80304E-03-7.02837E-08-5.15652E-02
 -1       406-1.77605E-03-1.28497E-08-5.16120E-02
 -1       407-1.80512E-03 4.27322E-08-5.18317E-02
 -1       408-1.83841E-03 1.06986E-07-5.23047E-02
 -1       409-2.77380E-03 1.69331E-03-3.97524E-02
 -1       410-1.15627E-03 1.10837E-03-4.24310E-02
 -1       411-6.83855E-04 5.64534E-04-4.67508E-02
 -1       412-1.29938E-03 1.95918E-04-4.97951E-02
 -1       413-1.63051E-03 9.83625E-07-5.10013E-02
 -1       414-1.78346E-03-7.87103E-05-5.14794E-02
 -1       415-1.82017E-03-9.93930E-05-5.15774E-02
 -1       416-1.80230E-03-9.63235E-05-5.15823E-02
 -1       417-1.78077E-03-8.68009E-05-5.16230E-02
 -1       418-1.81088E-03-7.75030E-05-5.18395E-02
 -1       419-1.84296E-03-6.87339E-05-5.23146E-02
 -1       420-1.91865E-03 3.71191E-03-3.99010E-02
 -1       421-4.33841E-04 2.38581E-03-4.22770E-02
 -1       422-1.16653E-04 1.23786E-03-4.66529E-02
 -1       423-9.09867E-04 4.60826E-04-4.98264E-02
 -1       424-1.40477E-03 4.69112E-05-5.10900E-02
 -1       425-1.67692E-03-1.32924E-04-5.15778E-02
 -1       426-1.78557E-03-1.89930E-04-5.16599E-02
 -1       427-1.80366E-03-1.93606E-04-5.16426E-02
 -1       428-1.79535E-03-1.80487E-04-5.16640E-02
 -1       429-1.82508E-03-1.63860E-04-5.18701E-02
 -1       430-1.85413E-03-1.47190E-04-5.23556E-02
 -1       431-2.23113E-04 5.57625E-03-3.93620E-02
 -1       432 1.03234E-03 3.68771E-03-4.18663E-02
 -1       433 1.00452E-03 1.86333E-03-4.67242E-02
 -1       434-2.27606E-04 7.32517E-04-5.01089E-02
 -1       435-1.05336E-03 1.09933E-04-5.13776E-02
 -1       436-1.53025E-03-1.68658E-04-5.17998E-02
 -1       437-1.74663E-03-2.65921E-04-5.18061E-02
 -1       438-1.81178E-03-2.79390E-04-5.17246E-02
 -1       439-1.81838E-03-2.63097E-04-5.16965E-02
 -1       440-1.84983E-03-2.37285E-04-5.18624E-02
 -1       441-1.87286E-03-1.97767E-04-5.23380E-02
 -1       442-5.39589E-04-3.58976E-03-4.54639E-02
 -1       443 8.89073E-04-2.78033E-03-4.64276E-02
 -1       444 1.43154E-03-1.86864E-03-4.82173E-02
 -1       445 1.13047E-03-1.00583E-03-4.98681E-02
 -1       446 4.06398E-04-4.10084E-04-5.08581E-02
 -1       447-1.89013E-04-5.82163E-05-5.12363E-02
 -1       448-5.63295E-04 1.17140E-04-5.13602E-02
 -1       449-7.47440E-04 1.97278E-04-5.13765E-02
 -1       450-8.14798E-04 2.39068E-04-5.13940E-02
 -1       451-8.45971E-04 2.77943E-04-5.14724E-02
 -1       452-9.83132E-04 3.38624E-04-5.19674E-02
 -1       453-1.20725E-03-2.11942E-03-4.64757E-02
 -1       454 1.90982E-04-1.53162E-03-4.73796E-02
 -1       455 7.79094E-04-9.81998E-04-4.87492E-02
 -1       456 6.32543E-04-5.17353E-04-5.00975E-02
 -1       457 9.38940E-05-2.01260E-04-5.09041E-02
 -1       458-3.56508E-04-2.12803E-05-5.11965E-02
 -1       459-6.39682E-04 6.71514E-05-5.12895E-02
 -1       460-7.77769E-04 1.06396E-04-5.13015E-02
 -1       461-8.28761E-04 1.25567E-04-5.13249E-02
 -1       462-8.62892E-04 1.40224E-04-5.14107E-02
 -1       463-1.01702E-03 1.54680E-04-5.19091E-02
 -1       464-1.66235E-03-1.03196E-03-4.62814E-02
 -1       465-1.76277E-04-7.17640E-04-4.73965E-02
 -1       466 4.80209E-04-4.35861E-04-4.87622E-02
 -1       467 4.13122E-04-2.23940E-04-5.00751E-02
 -1       468-4.42532E-05-8.35186E-05-5.08624E-02
 -1       469-4.29811E-04-5.64939E-06-5.11557E-02
 -1       470-6.70323E-04 3.17605E-05-5.12575E-02
 -1       471-7.84356E-04 4.79052E-05-5.12805E-02
 -1       472-8.24752E-04 5.50157E-05-5.13137E-02
 -1       473-8.58116E-04 5.85302E-05-5.14050E-02
 -1       474-1.02361E-03 6.01131E-05-5.19021E-02
 -1       475-1.80054E-03-4.44895E-07-4.62028E-02
 -1       476-2.86192E-04-3.84918E-07-4.73946E-02
 -1       477 3.89314E-04-2.95582E-07-4.87745E-02
 -1       478 3.47252E-04-2.09972E-07-5.00792E-02
 -1       479-8.62834E-05-1.39720E-07-5.08563E-02
 -1       480-4.52441E-04-8.68844E-08-5.11456E-02
 -1       481-6.79474E-04-4.81885E-08-5.12473E-02
 -1       482-7.85723E-04-1.84546E-08-5.12722E-02
 -1       483-8.22614E-04 7.82506E-09-5.13074E-02
 -1       484-8.56102E-04 3.63160E-08-5.13993E-02
 -1       485-1.02356E-03 7.44493E-08-5.18955E-02
 -1       486-1.66242E-03 1.03103E-03-4.62814E-02
 -1       487-1.76376E-04 7.16859E-04-4.73966E-02
 -1       488 4.80073E-04 4.35269E-04-4.87623E-02
 -1       489 4.12972E-04 2.23513E-04-5.00752E-02
 -1       490-4.44028E-05 8.32321E-05-5.08625E-02
 -1       491-4.29949E-04 5.46909E-06-5.11557E-02
 -1       492-6.70445E-04-3.18628E-05-5.12576E-02
 -1       493-7.84463E-04-4.79473E-05-5.12806E-02
 -1       494-8.24845E-04-5.50048E-05-5.13138E-02
 -1       495-8.58200E-04-5.84623E-05-5.14050E-02
 -1       496-1.02369E-03-5.99702E-05-5.19021E-02
 -1       497-1.20740E-03 2.11852E-03-4.64758E-02
 -1       498 1.90758E-04 1.53083E-03-4.73798E-02
 -1       499 7.78806E-04 9.81373E-04-4.87495E-02
 -1       500 6.32233E-04 5.16893E-04-5.00978E-02
 -1       501 9.35907E-05 2.00940E-04-5.09043E-02
 -1       502-3.56784E-04 2.10705E-05-5.11967E-02
 -1       503-6.39925E-04-6.72778E-05-5.12896E-02
 -1       504-7.77979E-04-1.06457E-04-5.13016E-02
 -1       505-8.28944E-04-1.25572E-04-5.13249E-02
 -1       506-8.63057E-04-1.40171E-04-5.14108E-02
 -1       507-1.01719E-03-1.54556E-04-5.19092E-02
 -1       508-5.39780E-04 3.58872E-03-4.54646E-02
 -1       509 8.88722E-04 2.77940E-03-4.64285E-02
 -1       510 1.43109E-03 1.86786E-03-4.82180E-02
 -1       511 1.12999E-03 1.00523E-03-4.98687E-02
 -1       512 4.05941E-04 4.09645E-04-5.08586E-02
 -1       513-1.89420E-04 5.79129E-05-5.12366E-02
 -1       514-5.63645E-04-1.17336E-04-5.13604E-02
 -1       515-7.47741E-04-1.97388E-04-5.13767E-02
 -1       516-8.15061E-04-2.39105E-04-5.13941E-02
 -1       517-8.46211E-04-2.77912E-04-5.14725E-02
 -1       518-9.83374E-04-3.38526E-04-5.19675E-02
 -1       519 0.00000E+00 0.00000E+00-5.10000E-02
 -1       520 0.00000E+00 0.00000E+00-5.10000E-02
 -1       521 0.00000E+00 0.00000E+00-5.10000E-02
 -1       522 0.00000E+00 0.00000E+00-5.10000E-02
 -1       523 0.00000E+00 0.00000E+00-5.10000E-02
 -1       524 0.00000E+00 0.00000E+00-5.10000E-02
 -1       525 0.00000E+00 0.00000E+00-5.10000E-02
 -1       526 0.00000E+00 0.00000E+00-5.10000E-02
 -1       527 0.00000E+00 0.00000E+00-5.10000E-02
 -1       528 0.00000E+00 0.00000E+00-5.10000E-02
 -1       529 0.00000E+00 0.00000E+00-5.10000E-02
 -1       530 0.00000E+00 0.00000E+00-5.10000E-02
 -1       531 0.00000E+00 0.00000E+00-5.10000E-02
 -1       532 0.00000E+00 0.00000E+00-5.10000E-02
 -1       533 0.00000E+00 0.00000E+00-5.10000E-02
 -1       534 0.00000E+00 0.00000E+00-5.10000E-02
 -1       535 0.00000E+00 0.00000E+00-5.10000E-02
 -1       536 0.00000E+00 0.00000E+00-5.10000E-02
 -1       537 0.00000E+00 0.00000E+00-5.10000E-02
 -1       538 0.00000E+00 0.00000E+00-5.10000E-02
 -1       539 0.00000E+00 0.00000E+00-5.10000E-02
 -1       540 0.00000E+00 0.00000E+00-5.10000E-02
 -1       541 0.00000E+00 0.00000E+00-5.10000E-02
 -1       542 0.00000E+00 0.00000E+00-5.10000E-02
 -1       543 0.00000E+00 0.00000E+00-5.10000E-02
 -1       544 0.00000E+00 0.00000E+00-5.10000E-02
 -1       545 0.00000E+00 0.00000E+00-5.10000E-02
 -1       546 0.00000E+00 0.00000E+00-5.10000E-02
 -1       547 0.00000E+00 0.00000E+00-5.10000E-02
 -1       548 0.00000E+00 0.00000E+00-5.10000E-02
 -1       549 0.00000E+00 0.00000E+00-5.10000E-02
 -1       550 0.00000E+00 0.00000E+00-5.10000E-02
 -1       551 0.00000E+00 0.00000E+00-5.10000E-02
 -1       552 0.00000E+00 0.00000E+00-5.10000E-02
 -1       553 0.00000E+00 0.00000E+00-5.10000E-02
 -1       554 0.00000E+00 0.00000E+00-5.10000E-02
 -1       555 0.00000E+00 0.00000E+00-5.10000E-02
 -1       556 0.00000E+00 0.00000E+00-5.10000E-02
 -1       557 0.00000E+00 0.00000E+00-5.10000E-02
 -1       558 0.00000E+00 0.00000E+00-5.10000E-02
 -1       559 0.00000E+00 0.00000E+00-5.10000E-02
 -1       560 0.00000E+00 0.00000E+00-5.10000E-02
 -1       561 0.00000E+00 0.00000E+00-5.10000E-02
 -1       562 0.00000E+00 0.00000E+00-5.10000E-02
 -1       563 0.00000E+00 0.00000E+00-5.10000E-02
 -1       564 0.00000E+00 0.00000E+00-5.10000E-02
 -1       565 0.00000E+00 0.00000E+00-5.10000E-02
 -1       566 0.00000E+00 0.00000E+00-5.10000E-02
 -1       567 0.00000E+00 0.00000E+00-5.10000E-02
 -1       568 0.00000E+00 0.00000E+00-5.10000E-02
 -1       569 0.00000E+00 0.00000E+00-5.10000E-02
 -1       570 0.00000E+00 0.00000E+00-5.10000E-02
 -1       571 0.00000E+00 0.00000E+00-5.10000E-02
 -1       572 0.00000E+00 0.00000E+00-5.10000E-02
 -1       573 0.00000E+00 0.00000E+00-5.10000E-02
 -1       574 0.00000E+00 0.00000E+00-5.10000E-02
 -1       575 0.00000E+00 0.00000E+00-5.10000E-02
 -1       576 0.00000E+00 0.00000E+00-5.10000E-02
 -1       577 0.00000E+00 0.00000E+00-5.10000E-02
 -1       578 0.00000E+00 0.00000E+00-5.10000E-02
 -1       579 0.00000E+00 0.00000E+00-5.10000E-02
 -1       580 0.00000E+00 0.00000E+00-5.10000E-02
 -1       581 0.00000E+00 0.00000E+00-5.10000E-02
 -1       582 0.00000E+00 0.00000E+00-5.10000E-02
 -1       583 0.00000E+00 0.00000E+00-5.10000E-02
 -1       584 0.00000E+00 0.00000E+00-5.10000E-02
 -1       585 0.00000E+00 0.00000E+00-5.10000E-02
 -1       586 0.00000E+00 0.00000E+00-5.10000E-02
 -1       587 0.00000E+00 0.00000E+00-5.10000E-02
 -1       588 0.00000E+00 0.00000E+00-5.10000E-02
 -1       589 0.00000E+00 0.00000E+00-5.10000E-02
 -1       590 0.00000E+00 0.00000E+00-5.10000E-02
 -1       591 0.00000E+00 0.00000E+00-5.10000E-02
 -1       592 0.00000E+00 0.00000E+00-5.10000E-02
 -1       593 0.00000E+00 0.00000E+00-5.10000E-02
 -1       594 0.00000E+00 0.00000E+00-5.10000E-02
 -1       595 0.00000E+00 0.00000E+00-5.10000E-02
 -3
    1PSTEP                         2           1           1          
  100CL  101 3.40000E-01          77                     0    1           1
 -4  CONTACT     6    1
 -5  COPEN       1    1    0    0
 -5  CSLIP1      1    1    0    0
 -5  CSLIP2      1    1    0    0
 -5  CPRESS      1    1    0    0
 -5  CSHEAR1     1    1    0    0
 -5  CSHEAR2     1    1    0    0
 -1       287 4.47296E-01 0.00000E+00 0.00000E+00-3.00000E+00 0.00000E+00 0.00000E+00
 -1       286 3.97665E-01 0.00000E+00 0.00000E+00-3.00000E+00 0.00000E+00 0.00000E+00
 -1       285 3.47900E-01 0.00000E+00 0.00000E+00-3.00000E+00 0.00000E+00 0.00000E+00
 -1       284 2.97932E-01 0.00000E+00 0.00000E+00-3.00000E+00 0.00000E+00 0.00000E+00
 -1       283 2.47842E-01 0.00000E+00 0.00000E+00-3.00000E+00 0.00000E+00 0.00000E+00
 -1       282 1.97806E-01 0.00000E+00 0.00000E+00-3.00000E+00 0.00000E+00 0.00000E+00
 -1       281 1.48174E-01 0.00000E+00 0.00000E+00-3.00000E+00 0.00000E+00 0.00000E+00
 -1       280 9.93509E-02 0.00000E+00 0.00000E+00-3.00000E+00 0.00000E+00 0.00000E+00
 -1       279 5.38511E-02 0.00000E+00 0.00000E+00-3.00000E+00 0.00000E+00 0.00000E+00
 -1       278 1.17086E-02 0.00000E+00 0.00000E+00-3.00000E+00 0.00000E+00 0.00000E+00
 -1       277-1.76625E-03 0.00000E+00 0.00000E+00 1.76325E+03 0.00000E+00 0.00000E+00
 -1       276 4.47267E-01 0.00000E+00 0.00000E+00-3.00000E+00 0.00000E+00 0.00000E+00
 -1       275 3.97634E-01 0.00000E+00 0.00000E+00-3.00000E+00 0.00000E+00 0.00000E+00
 -1       274 3.47900E-01 0.00000E+00 0.00000E+00-3.00000E+00 0.00000E+00 0.00000E+00
 -1       273 2.98005E-01 0.00000E+00 0.00000E+00-3.00000E+00 0.00000E+00 0.00000E+00
 -1       272 2.48038E-01 0.00000E+00 0.00000E+00-3.00000E+00 0.00000E+00 0.00000E+00
 -1       271 1.98201E-01 0.00000E+00 0.00000E+00-3.00000E+00 0.00000E+00 0.00000E+00
 -1       270 1.48856E-01 0.00000E+00 0.00000E+00-3.00000E+00 0.00000E+00 0.00000E+00
 -1       269 1.00424E-01 0.00000E+00 0.00000E+00-3.00000E+00 0.00000E+00 0.00000E+00
 -1       268 5.58617E-02 0.00000E+00 0.00000E+00-3.00000E+00 0.00000E+00 0.00000E+00
 -1       267 1.45873E-02 0.00000E+00 0.00000E+00-3.00000E+00 0.00000E+00 0.00000E+00
 -1       266-1.64156E-03 0.00000E+00 0.00000E+00 1.63856E+03 0.00000E+00 0.00000E+00
 -1       265 4.47266E-01 0.00000E+00 0.00000E+00-3.00000E+00 0.00000E+00 0.00000E+00
 -1       264 3.97630E-01 0.00000E+00 0.00000E+00-3.00000E+00 0.00000E+00 0.00000E+00
 -1       263 3.47917E-01 0.00000E+00 0.00000E+00-3.00000E+00 0.00000E+00 0.00000E+00
 -1       262 2.98061E-01 0.00000E+00 0.00000E+00-3.00000E+00 0.00000E+00 0.00000E+00
 -1       261 2.48154E-01 0.00000E+00 0.00000E+00-3.00000E+00 0.00000E+00 0.00000E+00
 -1       260 1.98408E-01 0.00000E+00 0.00000E+00-3.00000E+00 0.00000E+00 0.00000E+00
 -1       259 1.49170E-01 0.00000E+00 0.00000E+00-3.00000E+00 0.00000E+00 0.00000E+00
 -1       258 1.00840E-01 0.00000E+00 0.00000E+00-3.00000E+00 0.00000E+00 0.00000E+00
 -1       257 5.64850E-02 0.00000E+00 0.00000E+00-3.00000E+00 0.00000E+00 0.00000E+00
 -1       256 1.54949E-02 0.00000E+00 0.00000E+00-3.00000E+00 0.00000E+00 0.00000E+00
 -1       255-1.60479E-03 0.00000E+00 0.00000E+00 1.60179E+03 0.00000E+00 0.00000E+00
 -1       254 4.47266E-01 0.00000E+00 0.00000E+00-3.00000E+00 0.00000E+00 0.00000E+00
 -1       253 3.97629E-01 0.00000E+00 0.00000E+00-3.00000E+00 0.00000E+00 0.00000E+00
 -1       252 3.47923E-01 0.00000E+00 0.00000E+00-3.00000E+00 0.00000E+00 0.00000E+00
 -1       251 2.98077E-01 0.00000E+00 0.00000E+00-3.00000E+00 0.00000E+00 0.00000E+00
 -1       250 2.48185E-01 0.00000E+00 0.00000E+00-3.00000E+00 0.00000E+00 0.00000E+00
 -1       249 1.98462E-01 0.00000E+00 0.00000E+00-3.00000E+00 0.00000E+00 0.00000E+00
 -1       248 1.49249E-01 0.00000E+00 0.00000E+00-3.00000E+00 0.00000E+00 0.00000E+00
 -1       247 1.00950E-01 0.00000E+00 0.00000E+00-3.00000E+00 0.00000E+00 0.00000E+00
 -1       246 5.67150E-02 0.00000E+00 0.00000E+00-3.00000E+00 0.00000E+00 0.00000E+00
 -1       245 1.59446E-02 0.00000E+00 0.00000E+00-3.00000E+00 0.00000E+00 0.00000E+00
 -1       244-1.58519E-03 0.00000E+00 0.00000E+00 1.58219E+03 0.00000E+00 0.00000E+00
 -1       243 4.47266E-01 0.00000E+00 0.00000E+00-3.00000E+00 0.00000E+00 0.00000E+00
 -1       242 3.97630E-01 0.00000E+00 0.00000E+00-3.00000E+00 0.00000E+00 0.00000E+00
 -1       241 3.47917E-01 0.00000E+00 0.00000E+00-3.00000E+00 0.00000E+00 0.00000E+00
 -1       240 2.98061E-01 0.00000E+00 0.00000E+00-3.00000E+00 0.00000E+00 0.00000E+00
 -1       239 2.48154E-01 0.00000E+00 0.00000E+00-3.00000E+00 0.00000E+00 0.00000E+00
 -1       238 1.98408E-01 0.00000E+00 0.00000E+00-3.00000E+00 0.00000E+00 0.00000E+00
 -1       237 1.49170E-01 0.00000E+00 0.00000E+00-3.00000E+00 0.00000E+00 0.00000E+00
 -1       236 1.00841E-01 0.00000E+00 0.00000E+00-3.00000E+00 0.00000E+00 0.00000E+00
 -1       235 5.64853E-02 0.00000E+00 0.00000E+00-3.00000E+00 0.00000E+00 0.00000E+00
 -1       234 1.54953E-02 0.00000E+00 0.00000E+00-3.00000E+00 0.00000E+00 0.00000E+00
 -1       233-1.60477E-03 0.00000E+00 0.00000E+00 1.60177E+03 0.00000E+00 0.00000E+00
 -1       232 4.47267E-01 0.00000E+00 0.00000E+00-3.00000E+00 0.00000E+00 0.00000E+00
 -1       231 3.97634E-01 0.00000E+00 0.00000E+00-3.00000E+00 0.00000E+00 0.00000E+00
 -1       230 3.47900E-01 0.00000E+00 0.00000E+00-3.00000E+00 0.00000E+00 0.00000E+00
 -1       229 2.98005E-01 0.00000E+00 0.00000E+00-3.00000E+00 0.00000E+00 0.00000E+00
 -1       228 2.48038E-01 0.00000E+00 0.00000E+00-3.00000E+00 0.00000E+00 0.00000E+00
 -1       227 1.98202E-01 0.00000E+00 0.00000E+00-3.00000E+00 0.00000E+00 0.00000E+00
 -1       226 1.48856E-01 0.00000E+00 0.00000E+00-3.00000E+00 0.00000E+00 0.00000E+00
 -1       225 1.00425E-01 0.00000E+00 0.00000E+00-3.00000E+00 0.00000E+00 0.00000E+00
 -1       224 5.58623E-02 0.00000E+00 0.00000E+00-3.00000E+00 0.00000E+00 0.00000E+00
 -1       223 1.45880E-02 0.00000E+00 0.00000E+00-3.00000E+00 0.00000E+00 0.00000E+00
 -1       222-1.64153E-03 0.00000E+00 0.00000E+00 1.63853E+03 0.00000E+00 0.00000E+00
 -1       221 4.47296E-01 0.00000E+00 0.00000E+00-3.00000E+00 0.00000E+00 0.00000E+00
 -1       220 3.97666E-01 0.00000E+00 0.00000E+00-3.00000E+00 0.00000E+00 0.00000E+00
 -1       219 3.47900E-01 0.00000E+00 0.00000E+00-3.00000E+00 0.00000E+00 0.00000E+00
 -1       218 2.97932E-01 0.00000E+00 0.00000E+00-3.00000E+00 0.00000E+00 0.00000E+00
 -1       217 2.47842E-01 0.00000E+00 0.00000E+00-3.00000E+00 0.00000E+00 0.00000E+00
 -1       216 1.97807E-01 0.00000E+00 0.00000E+00-3.00000E+00 0.00000E+00 0.00000E+00
 -1       215 1.48174E-01 0.00000E+00 0.00000E+00-3.00000E+00 0.00000E+00 0.00000E+00
 -1       214 9.93518E-02 0.00000E+00 0.00000E+00-3.00000E+00 0.00000E+00 0.00000E+00
 -1       213 5.38523E-02 0.00000E+00 0.00000E+00-3.00000E+00 0.00000E+00 0.00000E+00
 -1       212 1.17099E-02 0.00000E+00 0.00000E+00-3.00000E+00 0.00000E+00 0.00000E+00
 -1       211-1.76619E-03 0.00000E+00 0.00000E+00 1.76319E+03 0.00000E+00 0.00000E+00
 -3
    1PSTEP                         3           2           1          
  100CL  102 6.80000E-01         595                     0    2           1
 -4  DISP        4    1
 -5  D1          1    2    1    0
 -5  D2          1    2    2    0
 -5  D3          1    2    3    0
 -5  ALL         1    2    0    0    1ALL
 -1         1 0.00000E+00 0.00000E+00 0.00000E+00
 -1         2 0.00000E+00 0.00000E+00 0.00000E+00
 -1         3 0.00000E+00 0.00000E+00 0.00000E+00
 -1         4 0.00000E+00 0.00000E+00 0.00000E+00
 -1         5 0.00000E+00 0.00000E+00 0.00000E+00
 -1         6 0.00000E+00 0.00000E+00 0.00000E+00
 -1         7 0.00000E+00 0.00000E+00 0.00000E+00
 -1         8 0.00000E+00 0.00000E+00 0.00000E+00
 -1         9 0.00000E+00 0.00000E+00 0.00000E+00
 -1        10 0.00000E+00 0.00000E+00 0.00000E+00
 -1        11 0.00000E+00 0.00000E+00 0.00000E+00
 -1        12 0.00000E+00 0.00000E+00 0.00000E+00
 -1        13 0.00000E+00 0.00000E+00 0.00000E+00
 -1        14 0.00000E+00 0.00000E+00 0.00000E+00
 -1        15 0.00000E+00 0.00000E+00 0.00000E+00
 -1        16 0.00000E+00 0.00000E+00 0.00000E+00
 -1        17 0.00000E+00 0.00000E+00 0.00000E+00
 -1        18 0.00000E+00 0.00000E+00 0.00000E+00
 -1        19 0.00000E+00 0.00000E+00 0.00000E+00
 -1        20 0.00000E+00 0.00000E+00 0.00000E+00
 -1        21 0.00000E+00 0.00000E+00 0.00000E+00
 -1        22 0.00000E+00 0.00000E+00 0.00000E+00
 -1        23 0.00000E+00 0.00000E+00 0.00000E+00
 -1        24 0.00000E+00 0.00000E+00 0.00000E+00
 -1        25 0.00000E+00 0.00000E+00 0.00000E+00
 -1        26 0.00000E+00 0.00000E+00 0.00000E+00
 -1        27 0.00000E+00 0.00000E+00 0.00000E+00
 -1        28 0.00000E+00 0.00000E+00 0.00000E+00
 -1        29 0.00000E+00 0.00000E+00 0.00000E+00
 -1        30 0.00000E+00 0.00000E+00 0.00000E+00
 -1        31 0.00000E+00 0.00000E+00 0.00000E+00
 -1        32 0.00000E+00 0.00000E+00 0.00000E+00
 -1        33 0.00000E+00 0.00000E+00 0.00000E+00
 -1        34 0.00000E+00 0.00000E+00 0.00000E+00
 -1        35 0.00000E+00 0.00000E+00 0.00000E+00
 -1        36 0.00000E+00 0.00000E+00 0.00000E+00
 -1        37 0.00000E+00 0.00000E+00 0.00000E+00
 -1        38 0.00000E+00 0.00000E+00 0.00000E+00
 -1        39 0.00000E+00 0.00000E+00 0.00000E+00
 -1        40 0.00000E+00 0.00000E+00 0.00000E+00
 -1        41 0.00000E+00 0.00000E+00 0.00000E+00
 -1        42 0.00000E+00 0.00000E+00 0.00000E+00
 -1        43 0.00000E+00 0.00000E+00 0.00000E+00
 -1        44 0.00000E+00 0.00000E+00 0.00000E+00
 -1        45 0.00000E+00 0.00000E+00 0.00000E+00
 -1        46 0.00000E+00 0.00000E+00 0.00000E+00
 -1        47 0.00000E+00 0.00000E+00 0.00000E+00
 -1        48 0.00000E+00 0.00000E+00 0.00000E+00
 -1        49 0.00000E+00 0.00000E+00 0.00000E+00
 -1        50 0.00000E+00 0.00000E+00 0.00000E+00
 -1        51 0.00000E+00 0.00000E+00 0.00000E+00
 -1        52 0.00000E+00 0.00000E+00 0.00000E+00
 -1        53 0.00000E+00 0.00000E+00 0.00000E+00
 -1        54 0.00000E+00 0.00000E+00 0.00000E+00
 -1        55 0.00000E+00 0.00000E+00 0.00000E+00
 -1        56 0.00000E+00 0.00000E+00 0.00000E+00
 -1        57 0.00000E+00 0.00000E+00 0.00000E+00
 -1        58 0.00000E+00 0.00000E+00 0.00000E+00
 -1        59 0.00000E+00 0.00000E+00 0.00000E+00
 -1        60 0.00000E+00 0.00000E+00 0.00000E+00
 -1        61 0.00000E+00 0.00000E+00 0.00000E+00
 -1        62 0.00000E+00 0.00000E+00 0.00000E+00
 -1        63 0.00000E+00 0.00000E+00 0.00000E+00
 -1        64 0.00000E+00 0.00000E+00 0.00000E+00
 -1        65 0.00000E+00 0.00000E+00 0.00000E+00
 -1        66 0.00000E+00 0.00000E+00 0.00000E+00
 -1        67 0.00000E+00 0.00000E+00 0.00000E+00
 -1        68 0.00000E+00 0.00000E+00 0.00000E+00
 -1        69 0.00000E+00 0.00000E+00 0.00000E+00
 -1        70 0.00000E+00 0.00000E+00 0.00000E+00
 -1        71-9.09947E-04-1.39808E-03-4.66242E-04
 -1        72-5.72663E-04-1.81129E-03-7.60368E-04
 -1        73 1.37358E-04-2.33502E-03-8.54805E-04
 -1        74 6.06074E-04-9.97622E-04-3.33520E-04
 -1        75 4.34985E-04-3.15123E-04 2.61233E-05
 -1        76 1.85218E-04-6.08748E-05 1.69633E-05
 -1        77 8.98227E-05-1.24633E-05-7.98515E-06
 -1        78 5.47626E-05-3.31897E-06-8.40411E-06
 -1        79 3.54375E-05-2.16283E-06-3.13257E-06
 -1        80 3.17361E-05-9.99698E-07-1.62300E-05
 -1        81-1.88470E-03-1.31902E-03-7.23797E-04
 -1        82-1.38659E-03-1.72757E-03-2.23442E-03
 -1        83 3.06598E-04-2.27019E-03-2.99789E-03
 -1        84 1.07243E-03-8.66959E-04-8.80539E-04
 -1        85 3.58182E-04-2.52497E-04 1.96734E-04
 -1        86 1.12797E-04-3.40954E-05 6.23299E-05
 -1        87 6.22733E-05 1.44242E-06 2.01886E-05
 -1        88 4.28669E-05 5.72415E-06 5.04030E-06
 -1        89 2.83726E-05 2.30802E-06 1.58967E-06
 -1        90 2.74119E-05 3.11158E-06-1.50223E-05
 -1        91-3.51784E-03-9.11641E-04-1.41629E-03
 -1        92-2.61515E-03-1.11286E-03-4.55128E-03
 -1        93 7.54566E-04-1.32643E-03-5.91877E-03
 -1        94 2.05948E-03-5.31454E-04-1.66327E-03
 -1        95 5.15639E-04-1.63817E-04 3.76936E-04
 -1        96 9.84133E-05-2.34531E-05 9.04614E-05
 -1        97 4.22816E-05 1.82828E-06 4.03195E-05
 -1        98 3.09357E-05 5.43510E-06 1.58741E-05
 -1        99 1.97840E-05 2.40419E-06 6.08848E-06
 -1       100 2.20847E-05 2.85683E-06-1.37178E-05
 -1       101-4.16297E-03 4.98759E-07-1.73575E-03
 -1       102-2.99406E-03 4.78258E-07-5.41293E-03
 -1       103 9.15108E-04 2.50802E-07-6.88467E-03
 -1       104 2.34314E-03 3.98464E-07-1.90093E-03
 -1       105 5.96432E-04 1.21315E-07 4.39614E-04
 -1       106 9.98451E-05 4.05895E-08 1.05665E-04
 -1       107 3.66510E-05 1.42441E-08 4.81832E-05
 -1       108 2.66846E-05 1.12886E-09 1.99329E-05
 -1       109 1.65217E-05-3.31922E-09 7.85390E-06
 -1       110 1.98786E-05-8.73378E-09-1.32802E-05
 -1       111-3.51849E-03 9.12760E-04-1.41672E-03
 -1       112-2.61562E-03 1.11453E-03-4.55205E-03
 -1       113 7.54661E-04 1.32814E-03-5.91992E-03
 -1       114 2.05987E-03 5.32299E-04-1.66355E-03
 -1       115 5.15822E-04 1.64078E-04 3.76933E-04
 -1       116 9.84774E-05 2.35556E-05 9.04681E-05
 -1       117 4.23121E-05-1.80228E-06 4.03217E-05
 -1       118 3.09562E-05-5.43235E-06 1.58746E-05
 -1       119 1.97987E-05-2.41085E-06 6.08832E-06
 -1       120 2.20985E-05-2.87347E-06-1.37244E-05
 -1       121-1.88523E-03 1.32030E-03-7.24092E-04
 -1       122-1.38690E-03 1.72880E-03-2.23466E-03
 -1       123 3.06670E-04 2.27143E-03-2.99823E-03
 -1       124 1.07276E-03 8.67744E-04-8.80710E-04
 -1       125 3.58413E-04 2.52839E-04 1.96729E-04
 -1       126 1.12918E-04 3.42051E-05 6.23283E-05
 -1       127 6.23470E-05-1.41243E-06 2.01883E-05
 -1       128 4.29125E-05-5.72098E-06 5.03973E-06
 -1       129 2.84028E-05-2.31276E-06 1.58905E-06
 -1       130 2.74388E-05-3.12531E-06-1.50352E-05
 -1       131-9.10157E-04 1.39936E-03-4.66848E-04
 -1       132-5.72701E-04 1.81240E-03-7.60888E-04
 -1       133 1.37511E-04 2.33609E-03-8.55269E-04
 -1       134 6.06410E-04 9.98365E-04-3.33846E-04
 -1       135 4.35335E-04 3.15528E-04 2.59454E-05
 -1       136 1.85465E-04 6.10378E-05 1.68800E-05
 -1       137 8.99589E-05 1.25160E-05-8.01690E-06
 -1       138 5.48364E-05 3.33468E-06-8.41307E-06
 -1       139 3.54814E-05 2.16289E-06-3.13312E-06
 -1       140 3.17733E-05 9.91259E-07-1.62427E-05
 -1       141-8.00514E-05-7.26546E-04-2.66926E-04
 -1       142-1.90288E-04-7.36926E-05-1.70067E-04
 -1       143-2.18274E-04 5.89196E-04 8.23226E-04
 -1       144-9.92786E-05-2.00003E-04-3.33111E-04
 -1       145 1.86345E-04-2.29156E-04 9.80968E-05
 -1       146 2.50947E-04-1.05973E-04 7.36156E-05
 -1       147 1.55268E-04-5.16732E-05-8.64512E-07
 -1       148 8.45955E-05-2.17923E-05-6.35227E-06
 -1       149 5.86488E-05-6.23465E-06-4.11535E-06
 -1       150 5.34201E-05 1.24995E-06-1.85965E-05
 -1       151 1.81049E-04-6.24546E-04-1.91642E-04
 -1       152-1.50910E-04-1.36091E-04-4.54843E-03
 -1       153-5.34533E-04 1.98619E-04-8.00693E-03
 -1       154-5.77616E-04-2.19269E-04-7.28012E-04
 -1       155 7.83473E-06-2.26462E-04 9.29858E-05
 -1       156 1.98837E-04-1.02219E-04 1.51995E-04
 -1       157 1.26601E-04-3.00315E-05 3.66415E-05
 -1       158 7.25948E-05-9.86162E-06 2.46391E-05
 -1       159 5.26112E-05-2.80974E-06 1.78967E-06
 -1       160 4.87330E-05 1.36263E-06-1.77738E-05
 -1       161 8.44946E-04-2.77722E-04 2.87458E-04
 -1       162-2.23981E-05 8.90936E-05-9.77907E-03
 -1       163-9.77303E-04 2.49754E-04-1.59333E-02
 -1       164-1.17601E-03-6.40627E-05-8.85855E-04
 -1       165-9.15346E-05-1.29428E-04 1.92180E-04
 -1       166 2.18789E-04-6.56995E-05 2.59983E-04
 -1       167 1.14688E-04-1.78238E-05 6.57062E-05
 -1       168 6.48827E-05-3.76462E-06 5.59815E-05
 -1       169 4.80766E-05-7.41678E-07 7.38041E-06
 -1       170 4.46800E-05 1.51721E-06-1.59269E-05
 -1       171 1.00075E-03 2.80485E-07 2.35669E-04
 -1       172-5.57509E-05 3.73160E-06-1.16821E-02
 -1       173-1.14361E-03 5.26684E-06-1.73697E-02
 -1       174-1.33541E-03 3.46926E-07-1.10332E-03
 -1       175-1.06331E-04 2.19869E-07 2.18390E-04
 -1       176 2.38986E-04 5.48692E-08 3.00606E-04
 -1       177 1.14627E-04 1.82631E-08 7.48617E-05
 -1       178 6.16848E-05 9.17298E-10 6.60304E-05
 -1       179 4.59578E-05-3.96356E-09 9.40310E-06
 -1       180 4.29559E-05-1.02155E-08-1.52702E-05
 -1       181 8.43592E-04 2.79675E-04 2.86853E-04
 -1       182-2.34186E-05-8.63056E-05-9.77972E-03
 -1       183-9.76952E-04-2.46841E-04-1.59349E-02
 -1       184-1.17534E-03 6.55416E-05-8.86008E-04
 -1       185-9.14006E-05 1.29796E-04 1.92184E-04
 -1       186 2.18877E-04 6.58547E-05 2.60007E-04
 -1       187 1.14733E-04 1.78612E-05 6.57136E-05
 -1       188 6.49124E-05 3.76893E-06 5.59853E-05
 -1       189 4.81009E-05 7.33834E-07 7.38032E-06
 -1       190 4.47031E-05-1.53657E-06-1.59349E-05
 -1       191 1.80472E-04 6.26450E-04-1.92088E-04
 -1       192-1.51193E-04 1.37683E-04-4.54885E-03
 -1       193-5.34562E-04-1.97187E-04-8.00797E-03
 -1       194-5.77448E-04 2.20406E-04-7.28194E-04
 -1       195 8.09314E-06 2.27040E-04 9.29563E-05
 -1       196 1.98984E-04 1.02414E-04 1.52001E-04
 -1       197 1.26698E-04 3.00921E-05 3.66461E-05
 -1       198 7.26576E-05 9.87082E-06 2.46437E-05
 -1       199 5.26593E-05 2.80409E-06 1.78933E-06
 -1       200 4.87775E-05-1.38044E-06-1.77887E-05
 -1       201-8.01483E-05 7.28312E-04-2.67557E-04
 -1       202-1.90363E-04 7.51794E-05-1.70638E-04
 -1       203-2.18150E-04-5.87976E-04 8.22937E-04
 -1       204-9.89743E-05 2.00989E-04-3.33470E-04
 -1       205 1.86710E-04 2.29760E-04 9.79047E-05
 -1       206 2.51246E-04 1.06234E-04 7.35458E-05
 -1       207 1.55437E-04 5.17537E-05-8.80105E-07
 -1       208 8.46929E-05 2.18139E-05-6.35092E-06
 -1       209 5.87158E-05 6.23183E-06-4.11383E-06
 -1       210 5.34803E-05-1.26691E-06-1.86104E-05
 -1       211-4.36718E-02-1.89743E-02-1.05513E-02
 -1       212-3.31347E-02-7.05539E-03-5.97802E-02
 -1       213-2.52459E-02 1.31843E-03-8.84141E-02
 -1       214-1.88712E-02 3.58732E-03-9.81182E-02
 -1       215-1.43029E-02 3.50984E-03-1.02211E-01
 -1       216-1.11558E-02 2.76168E-03-1.03589E-01
 -1       217-9.11124E-03 1.89752E-03-1.03863E-01
 -1       218-7.92651E-03 1.16203E-03-1.03838E-01
 -1       219-7.36453E-03 6.34844E-04-1.03975E-01
 -1       220-7.19471E-03 3.17462E-04-1.04506E-01
 -1       221-7.16151E-03 1.16358E-04-1.05371E-01
 -1       222-4.98378E-02-1.04571E-02-1.42810E-02
 -1       223-3.84735E-02-5.49618E-03-6.38293E-02
 -1       224-2.86898E-02-3.66906E-04-8.61794E-02
 -1       225-2.04264E-02 1.91455E-03-9.60534E-02
 -1       226-1.48019E-02 2.27393E-03-1.00666E-01
 -1       227-1.11494E-02 1.89781E-03-1.02605E-01
 -1       228-8.90670E-03 1.34696E-03-1.03310E-01
 -1       229-7.68545E-03 8.51344E-04-1.03588E-01
 -1       230-7.15682E-03 4.88824E-04-1.03911E-01
 -1       231-7.02460E-03 2.59877E-04-1.04527E-01
 -1       232-7.00203E-03 1.16483E-04-1.05407E-01
 -1       233-5.07549E-02-4.59485E-03-1.62234E-02
 -1       234-3.92188E-02-3.03899E-03-6.57059E-02
 -1       235-2.98761E-02-7.30859E-04-8.60039E-02
 -1       236-2.16661E-02 6.64347E-04-9.54560E-02
 -1       237-1.56787E-02 1.06626E-03-1.00018E-01
 -1       238-1.16332E-02 9.59867E-04-1.02123E-01
 -1       239-9.12658E-03 7.05986E-04-1.03001E-01
 -1       240-7.75109E-03 4.60671E-04-1.03422E-01
 -1       241-7.13788E-03 2.75221E-04-1.03841E-01
 -1       242-6.95868E-03 1.53181E-04-1.04507E-01
 -1       243-6.91332E-03 8.00507E-05-1.05394E-01
 -1       244-5.07702E-02-2.58613E-05-1.72082E-02
 -1       245-3.92644E-02-9.37027E-06-6.64693E-02
 -1       246-3.00983E-02-5.58623E-06-8.60894E-02
 -1       247-2.20249E-02-4.01993E-06-9.53597E-02
 -1       248-1.60077E-02-2.87739E-06-9.98573E-02
 -1       249-1.18460E-02-1.97844E-06-1.01987E-01
 -1       250-9.24001E-03-1.29250E-06-1.02906E-01
 -1       251-7.79884E-03-7.69728E-07-1.03366E-01
 -1       252-7.14594E-03-3.61423E-07-1.03814E-01
 -1       253-6.94487E-03-1.00622E-08-1.04494E-01
 -1       254-6.88866E-03 3.51859E-07-1.05384E-01
 -1       255-5.07577E-02 4.57051E-03-1.62241E-02
 -1       256-3.92239E-02 3.02076E-03-6.57068E-02
 -1       257-2.98787E-02 7.19417E-04-8.60051E-02
 -1       258-2.16677E-02-6.72600E-04-9.54569E-02
 -1       259-1.56799E-02-1.07210E-03-1.00018E-01
 -1       260-1.16342E-02-9.63874E-04-1.02123E-01
 -1       261-9.12746E-03-7.08597E-04-1.03001E-01
 -1       262-7.75191E-03-4.62227E-04-1.03422E-01
 -1       263-7.13867E-03-2.75948E-04-1.03842E-01
 -1       264-6.95947E-03-1.53197E-04-1.04507E-01
 -1       265-6.91411E-03-7.93432E-05-1.05394E-01
 -1       266-4.98428E-02 1.04387E-02-1.42821E-02
 -1       267-3.84784E-02 5.48044E-03-6.38308E-02
 -1       268-2.86943E-02 3.54759E-04-8.61819E-02
 -1       269-2.04297E-02-1.92322E-03-9.60555E-02
 -1       270-1.48044E-02-2.28001E-03-1.00668E-01
 -1       271-1.11515E-02-1.90194E-03-1.02606E-01
 -1       272-8.90853E-03-1.34965E-03-1.03310E-01
 -1       273-7.68710E-03-8.52945E-04-1.03589E-01
 -1       274-7.15840E-03-4.89569E-04-1.03912E-01
 -1       275-7.02616E-03-2.59884E-04-1.04527E-01
 -1       276-7.00358E-03-1.15767E-04-1.05407E-01
 -1       277-4.36793E-02 1.89570E-02-1.05523E-02
 -1       278-3.31419E-02 7.04076E-03-5.97815E-02
 -1       279-2.52522E-02-1.33072E-03-8.84183E-02
 -1       280-1.88767E-02-3.59648E-03-9.81217E-02
 -1       281-1.43072E-02-3.51620E-03-1.02214E-01
 -1       282-1.11593E-02-2.76601E-03-1.03591E-01
 -1       283-9.11417E-03-1.90033E-03-1.03864E-01
 -1       284-7.92907E-03-1.16370E-03-1.03839E-01
 -1       285-7.36689E-03-6.35620E-04-1.03976E-01
 -1       286-7.19701E-03-3.17473E-04-1.04507E-01
 -1       287-7.16380E-03-1.15636E-04-1.05372E-01
 -1       288-9.21615E-03-1.59012E-02-5.08049E-02
 -1       289-5.31977E-03-7.90435E-03-6.95416E-02
 -1       290-6.94165E-03-2.68690E-03-8.87753E-02
 -1       291-8.39559E-03 8.79452E-05-9.86267E-02
 -1       292-8.35630E-03 1.13613E-03-1.02582E-01
 -1       293-7.77425E-03 1.29909E-03-1.03891E-01
 -1       294-7.09420E-03 1.11214E-03-1.04044E-01
 -1       295-6.51538E-03 8.37037E-04-1.03890E-01
 -1       296-6.12358E-03 5.90425E-04-1.03907E-01
 -1       297-5.92404E-03 3.95830E-04-1.04343E-01
 -1       298-5.87844E-03 2.34093E-04-1.05287E-01
 -1       299-1.43526E-02-8.80351E-03-5.23221E-02
 -1       300-1.01136E-02-4.91212E-03-7.00447E-02
 -1       301-1.04021E-02-1.72252E-03-8.81322E-02
 -1       302-1.00887E-02 1.46016E-04-9.73256E-02
 -1       303-9.02394E-03 8.47712E-04-1.01458E-01
 -1       304-7.90926E-03 9.43439E-04-1.03089E-01
 -1       305-6.99648E-03 7.93679E-04-1.03555E-01
 -1       306-6.34964E-03 5.90109E-04-1.03642E-01
 -1       307-5.96533E-03 4.13453E-04-1.03825E-01
 -1       308-5.78762E-03 2.80540E-04-1.04360E-01
 -1       309-5.74462E-03 1.77213E-04-1.05324E-01
 -1       310-1.59663E-02-3.86163E-03-5.37035E-02
 -1       311-1.17516E-02-2.47895E-03-7.12411E-02
 -1       312-1.20969E-02-9.60757E-04-8.86653E-02
 -1       313-1.12784E-02 4.19501E-05-9.71098E-02
 -1       314-9.70806E-03 4.44988E-04-1.01105E-01
 -1       315-8.22819E-03 5.03768E-04-1.02751E-01
 -1       316-7.09697E-03 4.24574E-04-1.03307E-01
 -1       317-6.34095E-03 3.15646E-04-1.03487E-01
 -1       318-5.91286E-03 2.21977E-04-1.03745E-01
 -1       319-5.72206E-03 1.53405E-04-1.04323E-01
 -1       320-5.67672E-03 1.04501E-04-1.05286E-01
 -1       321-1.62956E-02-5.56723E-06-5.42130E-02
 -1       322-1.21309E-02-6.19104E-06-7.16348E-02
 -1       323-1.25478E-02-4.62591E-06-8.89226E-02
 -1       324-1.16715E-02-3.23449E-06-9.71524E-02
 -1       325-9.98268E-03-2.27504E-06-1.01051E-01
 -1       326-8.38040E-03-1.54262E-06-1.02670E-01
 -1       327-7.16368E-03-9.89489E-07-1.03235E-01
 -1       328-6.35839E-03-5.64382E-07-1.03434E-01
 -1       329-5.90620E-03-2.18870E-07-1.03710E-01
 -1       330-5.70574E-03 9.49231E-08-1.04298E-01
 -1       331-5.65724E-03 4.30698E-07-1.05258E-01
 -1       332-1.59682E-02 3.84555E-03-5.37067E-02
 -1       333-1.17536E-02 2.46590E-03-7.12429E-02
 -1       334-1.20987E-02 9.51477E-04-8.86666E-02
 -1       335-1.12799E-02-4.85659E-05-9.71107E-02
 -1       336-9.70932E-03-4.49602E-04-1.01106E-01
 -1       337-8.22928E-03-5.06894E-04-1.02752E-01
 -1       338-7.09791E-03-4.26579E-04-1.03308E-01
 -1       339-6.34179E-03-3.16793E-04-1.03487E-01
 -1       340-5.91363E-03-2.22425E-04-1.03745E-01
 -1       341-5.72280E-03-1.53219E-04-1.04324E-01
 -1       342-5.67745E-03-1.03647E-04-1.05286E-01
 -1       343-1.43565E-02 8.78804E-03-5.23236E-02
 -1       344-1.01174E-02 4.89926E-03-7.00471E-02
 -1       345-1.04055E-02 1.71291E-03-8.81346E-02
 -1       346-1.00917E-02-1.52870E-04-9.73277E-02
 -1       347-9.02657E-03-8.52491E-04-1.01460E-01
 -1       348-7.91150E-03-9.46672E-04-1.03090E-01
 -1       349-6.99841E-03-7.95762E-04-1.03555E-01
 -1       350-6.35133E-03-5.91309E-04-1.03643E-01
 -1       351-5.96687E-03-4.13933E-04-1.03826E-01
 -1       352-5.78908E-03-2.80367E-04-1.04360E-01
 -1       353-5.74605E-03-1.76369E-04-1.05324E-01
 -1       354-9.22226E-03 1.58862E-02-5.08082E-02
 -1       355-5.32541E-03 7.89185E-03-6.95458E-02
 -1       356-6.94697E-03 2.67714E-03-8.87795E-02
 -1       357-8.40059E-03-9.50949E-05-9.86304E-02
 -1       358-8.36057E-03-1.14117E-03-1.02585E-01
 -1       359-7.77780E-03-1.30253E-03-1.03893E-01
 -1       360-7.09716E-03-1.11438E-03-1.04046E-01
 -1       361-6.51791E-03-8.38345E-04-1.03890E-01
 -1       362-6.12585E-03-5.90972E-04-1.03907E-01
 -1       363-5.92619E-03-3.95688E-04-1.04343E-01
 -1       364-5.88057E-03-2.33260E-04-1.05288E-01
 -1       365-2.35829E-03-1.19650E-02-7.39261E-02
 -1       366 5.82162E-04-8.16327E-03-8.02212E-02
 -1       367 1.22941E-03-4.58467E-03-9.04331E-02
 -1       368-3.23249E-04-2.07085E-03-9.80444E-02
 -1       369-2.01053E-03-5.94503E-04-1.01812E-01
 -1       370-3.09895E-03 1.45514E-04-1.03214E-01
 -1       371-3.66185E-03 4.50561E-04-1.03528E-01
 -1       372-3.87764E-03 5.38539E-04-1.03483E-01
 -1       373-3.93849E-03 5.38698E-04-1.03486E-01
 -1       374-4.02762E-03 5.07151E-04-1.03883E-01
 -1       375-4.08584E-03 4.42719E-04-1.04969E-01
 -1       376-5.72347E-03-7.68480E-03-7.52321E-02
 -1       377-2.32459E-03-5.23651E-03-8.12002E-02
 -1       378-1.07546E-03-2.93189E-03-9.05274E-02
 -1       379-1.91573E-03-1.29972E-03-9.76619E-02
 -1       380-2.90008E-03-3.25702E-04-1.01271E-01
 -1       381-3.51735E-03 1.48573E-04-1.02755E-01
 -1       382-3.81205E-03 3.33342E-04-1.03207E-01
 -1       383-3.89992E-03 3.78744E-04-1.03296E-01
 -1       384-3.91299E-03 3.72401E-04-1.03408E-01
 -1       385-3.99175E-03 3.51225E-04-1.03897E-01
 -1       386-4.06134E-03 3.27603E-04-1.05006E-01
 -1       387-7.39004E-03-3.46191E-03-7.56528E-02
 -1       388-3.78763E-03-2.37779E-03-8.19463E-02
 -1       389-2.27615E-03-1.30948E-03-9.10644E-02
 -1       390-2.83665E-03-5.55794E-04-9.78345E-02
 -1       391-3.46598E-03-1.03310E-04-1.01183E-01
 -1       392-3.81111E-03 1.07855E-04-1.02592E-01
 -1       393-3.93104E-03 1.81381E-04-1.03046E-01
 -1       394-3.92496E-03 1.91676E-04-1.03170E-01
 -1       395-3.89874E-03 1.80662E-04-1.03319E-01
 -1       396-3.97296E-03 1.66727E-04-1.03829E-01
 -1       397-4.04706E-03 1.53566E-04-1.04915E-01
 -1       398-7.85905E-03-4.53572E-06-7.57657E-02
 -1       399-4.19653E-03-3.66680E-06-8.21284E-02
 -1       400-2.63778E-03-2.86276E-06-9.12180E-02
 -1       401-3.12833E-03-2.08916E-06-9.78853E-02
 -1       402-3.65916E-03-1.44209E-06-1.01158E-01
 -1       403-3.91781E-03-9.51804E-07-1.02545E-01
 -1       404-3.97765E-03-5.85699E-07-1.02999E-01
 -1       405-3.93692E-03-3.04714E-07-1.03135E-01
 -1       406-3.89513E-03-7.07485E-08-1.03295E-01
 -1       407-3.96516E-03 1.53699E-07-1.03811E-01
 -1       408-4.04105E-03 4.10805E-07-1.04893E-01
 -1       409-7.39109E-03 3.45345E-03-7.56530E-02
 -1       410-3.78876E-03 2.37049E-03-8.19472E-02
 -1       411-2.27728E-03 1.30361E-03-9.10653E-02
 -1       412-2.83773E-03 5.51540E-04-9.78352E-02
 -1       413-3.46697E-03 1.00368E-04-1.01183E-01
 -1       414-3.81201E-03-1.09803E-04-1.02592E-01
 -1       415-3.93183E-03-1.82587E-04-1.03046E-01
 -1       416-3.92565E-03-1.92312E-04-1.03171E-01
 -1       417-3.89937E-03-1.80823E-04-1.03319E-01
 -1       418-3.97356E-03-1.66433E-04-1.03829E-01
 -1       419-4.04765E-03-1.52761E-04-1.04915E-01
 -1       420-5.72562E-03 7.67541E-03-7.52335E-02
 -1       421-2.32682E-03 5.22865E-03-8.12023E-02
 -1       422-1.07770E-03 2.92575E-03-9.05294E-02
 -1       423-1.91791E-03 1.29522E-03-9.76636E-02
 -1       424-2.90212E-03 3.22558E-04-1.01273E-01
 -1       425-3.51916E-03-1.50683E-04-1.02756E-01
 -1       426-3.81364E-03-3.34672E-04-1.03207E-01
 -1       427-3.90130E-03-3.79471E-04-1.03296E-01
 -1       428-3.91424E-03-3.72622E-04-1.03409E-01
 -1       429-3.99294E-03-3.50965E-04-1.03897E-01
 -1       430-4.06249E-03-3.26826E-04-1.05007E-01
 -1       431-2.36181E-03 1.19554E-02-7.39299E-02
 -1       432 5.78569E-04 8.15519E-03-8.02258E-02
 -1       433 1.22577E-03 4.57828E-03-9.04372E-02
 -1       434-3.26716E-04 2.06608E-03-9.80477E-02
 -1       435-2.01369E-03 5.91085E-04-1.01814E-01
 -1       436-3.10169E-03-1.47857E-04-1.03216E-01
 -1       437-3.66419E-03-4.52076E-04-1.03529E-01
 -1       438-3.87965E-03-5.39401E-04-1.03484E-01
 -1       439-3.94029E-03-5.39011E-04-1.03486E-01
 -1       440-4.02935E-03-5.06945E-04-1.03884E-01
 -1       441-4.08755E-03-4.41960E-04-1.04970E-01
 -1       442-2.10862E-03-8.20509E-03-8.85828E-02
 -1       443 1.39023E-03-6.42457E-03-9.10654E-02
 -1       444 2.82843E-03-4.45419E-03-9.51082E-02
 -1       445 2.41591E-03-2.57735E-03-9.87553E-02
 -1       446 1.10656E-03-1.20109E-03-1.01085E-01
 -1       447-1.63837E-04-3.45758E-04-1.02193E-01
 -1       448-1.02891E-03 1.17609E-04-1.02613E-01
 -1       449-1.49614E-03 3.50534E-04-1.02739E-01
 -1       450-1.69237E-03 4.81458E-04-1.02824E-01
 -1       451-1.78899E-03 5.94367E-04-1.03028E-01
 -1       452-2.10187E-03 7.47766E-04-1.04121E-01
 -1       453-3.54526E-03-4.66758E-03-9.08641E-02
 -1       454-8.27209E-05-3.43850E-03-9.32295E-02
 -1       455 1.43369E-03-2.29913E-03-9.63944E-02
 -1       456 1.31460E-03-1.29934E-03-9.93873E-02
 -1       457 3.65849E-04-5.86388E-04-1.01297E-01
 -1       458-5.89009E-04-1.52158E-04-1.02174E-01
 -1       459-1.24308E-03 7.88056E-05-1.02498E-01
 -1       460-1.59527E-03 1.92844E-04-1.02596E-01
 -1       461-1.74520E-03 2.54049E-04-1.02684E-01
 -1       462-1.84227E-03 2.99769E-04-1.02896E-01
 -1       463-2.19032E-03 3.42260E-04-1.03995E-01
 -1       464-4.48747E-03-2.18138E-03-9.05920E-02
 -1       465-8.54510E-04-1.55342E-03-9.33847E-02
 -1       466 7.91581E-04-9.90939E-04-9.64937E-02
 -1       467 8.31963E-04-5.46059E-04-9.94010E-02
 -1       468 3.50974E-05-2.39490E-04-1.01251E-01
 -1       469-7.78687E-04-5.44549E-05-1.02102E-01
 -1       470-1.33335E-03 4.18949E-05-1.02435E-01
 -1       471-1.62588E-03 8.84519E-05-1.02552E-01
 -1       472-1.74719E-03 1.11794E-04-1.02659E-01
 -1       473-1.83950E-03 1.25066E-04-1.02883E-01
 -1       474-2.21161E-03 1.33182E-04-1.03982E-01
 -1       475-4.76622E-03-1.87323E-06-9.05247E-02
 -1       476-1.08679E-03-1.61409E-06-9.34529E-02
 -1       477 5.94273E-04-1.24966E-06-9.65651E-02
 -1       478 6.83428E-04-8.95572E-07-9.94417E-02
 -1       479-6.67615E-05-6.00417E-07-1.01258E-01
 -1       480-8.38031E-04-3.76900E-07-1.02089E-01
 -1       481-1.36118E-03-2.12939E-07-1.02417E-01
 -1       482-1.63425E-03-8.79438E-08-1.02536E-01
 -1       483-1.74610E-03 2.07624E-08-1.02646E-01
 -1       484-1.83760E-03 1.36506E-07-1.02870E-01
 -1       485-2.21368E-03 2.89245E-07-1.03968E-01
 -1       486-4.48778E-03 2.17751E-03-9.05921E-02
 -1       487-8.54903E-04 1.55015E-03-9.33850E-02
 -1       488 7.91062E-04 9.88440E-04-9.64941E-02
 -1       489 8.31391E-04 5.44251E-04-9.94014E-02
 -1       490 3.45298E-05 2.38267E-04-1.01251E-01
 -1       491-7.79216E-04 5.36788E-05-1.02102E-01
 -1       492-1.33382E-03-4.23420E-05-1.02435E-01
 -1       493-1.62630E-03-8.86474E-05-1.02552E-01
 -1       494-1.74756E-03-1.11770E-04-1.02659E-01
 -1       495-1.83984E-03-1.24811E-04-1.02883E-01
 -1       496-2.21196E-03-1.32627E-04-1.03982E-01
 -1       497-3.54589E-03 4.66384E-03-9.08644E-02
 -1       498-8.36053E-05 3.43525E-03-9.32304E-02
 -1       499 1.43258E-03 2.29654E-03-9.63954E-02
 -1       500 1.31341E-03 1.29742E-03-9.93882E-02
 -1       501 3.64689E-04 5.85050E-04-1.01298E-01
 -1       502-5.90076E-04 1.51275E-04-1.02174E-01
 -1       503-1.24402E-03-7.93432E-05-1.02498E-01
 -1       504-1.59609E-03-1.93113E-04-1.02597E-01
 -1       505-1.74592E-03-2.54088E-04-1.02684E-01
 -1       506-1.84293E-03-2.99574E-04-1.02896E-01
 -1       507-2.19099E-03-3.41781E-04-1.03996E-01
 -1       508-2.10943E-03 8.20090E-03-8.85855E-02
 -1       509 1.38884E-03 6.42077E-03-9.10686E-02
 -1       510 2.82666E-03 4.45104E-03-9.51110E-02
 -1       511 2.41405E-03 2.57491E-03-9.87575E-02
 -1       512 1.10479E-03 1.19930E-03-1.01087E-01
 -1       513-1.65422E-04 3.44516E-04-1.02194E-01
 -1       514-1.03029E-03-1.18417E-04-1.02613E-01
 -1       515-1.49733E-03-3.50995E-04-1.02740E-01
 -1       516-1.69341E-03-4.81626E-04-1.02825E-01
 -1       517-1.78995E-03-5.94263E-04-1.03028E-01
 -1       518-2.10284E-03-7.47394E-04-1.04122E-01
 -1       519 0.00000E+00 0.00000E+00-1.02000E-01
 -1       520 0.00000E+00 0.00000E+00-1.02000E-01
 -1       521 0.00000E+00 0.00000E+00-1.02000E-01
 -1       522 0.00000E+00 0.00000E+00-1.02000E-01
 -1       523 0.00000E+00 0.00000E+00-1.02000E-01
 -1       524 0.00000E+00 0.00000E+00-1.02000E-01
 -1       525 0.00000E+00 0.00000E+00-1.02000E-01
 -1       526 0.00000E+00 0.00000E+00-1.02000E-01
 -1       527 0.00000E+00 0.00000E+00-1.02000E-01
 -1       528 0.00000E+00 0.00000E+00-1.02000E-01
 -1       529 0.00000E+00 0.00000E+00-1.02000E-01
 -1       530 0.00000E+00 0.00000E+00-1.02000E-01
 -1       531 0.00000E+00 0.00000E+00-1.02000E-01
 -1       532 0.00000E+00 0.00000E+00-1.02000E-01
 -1       533 0.00000E+00 0.00000E+00-1.02000E-01
 -1       534 0.00000E+00 0.00000E+00-1.02000E-01
 -1       535 0.00000E+00 0.00000E+00-1.02000E-01
 -1       536 0.00000E+00 0.00000E+00-1.02000E-01
 -1       537 0.00000E+00 0.00000E+00-1.02000E-01
 -1       538 0.00000E+00 0.00000E+00-1.02000E-01
 -1       539 0.00000E+00 0.00000E+00-1.02000E-01
 -1       540 0.00000E+00 0.00000E+00-1.02000E-01
 -1       541 0.00000E+00 0.00000E+00-1.02000E-01
 -1       542 0.00000E+00 0.00000E+00-1.02000E-01
 -1       543 0.00000E+00 0.00000E+00-1.02000E-01
 -1       544 0.00000E+00 0.00000E+00-1.02000E-01
 -1       545 0.00000E+00 0.00000E+00-1.02000E-01
 -1       546 0.00000E+00 0.00000E+00-1.02000E-01
 -1       547 0.00000E+00 0.00000E+00-1.02000E-01
 -1       548 0.00000E+00 0.00000E+00-1.02000E-01
 -1       549 0.00000E+00 0.00000E+00-1.02000E-01
 -1       550 0.00000E+00 0.00000E+00-1.02000E-01
 -1       551 0.00000E+00 0.00000E+00-1.02000E-01
 -1       552 0.00000E+00 0.00000E+00-1.02000E-01
 -1       553 0.00000E+00 0.00000E+00-1.02000E-01
 -1       554 0.00000E+00 0.00000E+00-1.02000E-01
 -1       555 0.00000E+00 0.00000E+00-1.02000E-01
 -1       556 0.00000E+00 0.00000E+00-1.02000E-01
 -1       557 0.00000E+00 0.00000E+00-1.02000E-01
 -1       558 0.00000E+00 0.00000E+00-1.02000E-01
 -1       559 0.00000E+00 0.00000E+00-1.02000E-01
 -1       560 0.00000E+00 0.00000E+00-1.02000E-01
 -1       561 0.00000E+00 0.00000E+00-1.02000E-01
 -1       562 0.00000E+00 0.00000E+00-1.02000E-01
 -1       563 0.00000E+00 0.00000E+00-1.02000E-01
 -1       564 0.00000E+00 0.00000E+00-1.02000E-01
 -1       565 0.00000E+00 0.00000E+00-1.02000E-01
 -1       566 0.00000E+00 0.00000E+00-1.02000E-01
 -1       567 0.00000E+00 0.00000E+00-1.02000E-01
 -1       568 0.00000E+00 0.00000E+00-1.02000E-01
 -1       569 0.00000E+00 0.00000E+00-1.02000E-01
 -1       570 0.00000E+00 0.00000E+00-1.02000E-01
 -1       571 0.00000E+00 0.00000E+00-1.02000E-01
 -1       572 0.00000E+00 0.00000E+00-1.02000E-01
 -1       573 0.00000E+00 0.00000E+00-1.02000E-01
 -1       574 0.00000E+00 0.00000E+00-1.02000E-01
 -1       575 0.00000E+00 0.00000E+00-1.02000E-01
 -1       576 0.00000E+00 0.00000E+00-1.02000E-01
 -1       577 0.00000E+00 0.00000E+00-1.02000E-01
 -1       578 0.00000E+00 0.00000E+00-1.02000E-01
 -1       579 0.00000E+00 0.00000E+00-1.02000E-01
 -1       580 0.00000E+00 0.00000E+00-1.02000E-01
 -1       581 0.00000E+00 0.00000E+00-1.02000E-01
 -1       582 0.00000E+00 0.00000E+00-1.02000E-01
 -1       583 0.00000E+00 0.00000E+00-1.02000E-01
 -1       584 0.00000E+00 0.00000E+00-1.02000E-01
 -1       585 0.00000E+00 0.00000E+00-1.02000E-01
 -1       586 0.00000E+00 0.00000E+00-1.02000E-01
 -1       587 0.00000E+00 0.00000E+00-1.02000E-01
 -1       588 0.00000E+00 0.00000E+00-1.02000E-01
 -1       589 0.00000E+00 0.00000E+00-1.02000E-01
 -1       590 0.00000E+00 0.00000E+00-1.02000E-01
 -1       591 0.00000E+00 0.00000E+00-1.02000E-01
 -1       592 0.00000E+00 0.00000E+00-1.02000E-01
 -1       593 0.00000E+00 0.00000E+00-1.02000E-01
 -1       594 0.00000E+00 0.00000E+00-1.02000E-01
 -1       595 0.00000E+00 0.00000E+00-1.02000E-01
 -3
    1PSTEP                         4           2           1          
  100CL  102 6.80000E-01          77                     0    2           1
 -4  CONTACT     6    1
 -5  COPEN       1    1    0    0
 -5  CSLIP1      1    1    0    0
 -5  CSLIP2      1    1    0    0
 -5  CPRESS      1    1    0    0
 -5  CSHEAR1     1    1    0    0
 -5  CSHEAR2     1    1    0    0
 -1       287 3.94455E-01 0.00000E+00 0.00000E+00-3.00000E+00 0.00000E+00 0.00000E+00
 -1       286 3.45320E-01 0.00000E+00 0.00000E+00-3.00000E+00 0.00000E+00 0.00000E+00
 -1       285 2.95860E-01 0.00000E+00 0.00000E+00-3.00000E+00 0.00000E+00 0.00000E+00
 -1       284 2.45970E-01 0.00000E+00 0.00000E+00-3.00000E+00 0.00000E+00 0.00000E+00
 -1       283 1.95881E-01 0.00000E+00 0.00000E+00-3.00000E+00 0.00000E+00 0.00000E+00
 -1       282 1.46188E-01 0.00000E+00 0.00000E+00-3.00000E+00 0.00000E+00 0.00000E+00
 -1       281 9.77027E-02 0.00000E+00 0.00000E+00-3.00000E+00 0.00000E+00 0.00000E+00
 -1       280 5.23349E-02 0.00000E+00 0.00000E+00-3.00000E+00 0.00000E+00 0.00000E+00
 -1       279 1.50298E-02 0.00000E+00 0.00000E+00-3.00000E+00 0.00000E+00 0.00000E+00
 -1       278-1.01498E-03 0.00000E+00 0.00000E+00 1.01198E+03 0.00000E+00 0.00000E+00
 -1       277-3.04738E-03 0.00000E+00 0.00000E+00 3.04438E+03 0.00000E+00 0.00000E+00
 -1       276 3.94408E-01 0.00000E+00 0.00000E+00-3.00000E+00 0.00000E+00 0.00000E+00
 -1       275 3.45282E-01 0.00000E+00 0.00000E+00-3.00000E+00 0.00000E+00 0.00000E+00
 -1       274 2.95906E-01 0.00000E+00 0.00000E+00-3.00000E+00 0.00000E+00 0.00000E+00
 -1       273 2.46188E-01 0.00000E+00 0.00000E+00-3.00000E+00 0.00000E+00 0.00000E+00
 -1       272 1.96375E-01 0.00000E+00 0.00000E+00-3.00000E+00 0.00000E+00 0.00000E+00
 -1       271 1.47111E-01 0.00000E+00 0.00000E+00-3.00000E+00 0.00000E+00 0.00000E+00
 -1       270 9.92052E-02 0.00000E+00 0.00000E+00-3.00000E+00 0.00000E+00 0.00000E+00
 -1       269 5.44508E-02 0.00000E+00 0.00000E+00-3.00000E+00 0.00000E+00 0.00000E+00
 -1       268 1.88065E-02 0.00000E+00 0.00000E+00-3.00000E+00 0.00000E+00 0.00000E+00
 -1       267-7.04127E-04 0.00000E+00 0.00000E+00 7.01128E+02 0.00000E+00 0.00000E+00
 -1       266-2.84456E-03 0.00000E+00 0.00000E+00 2.84156E+03 0.00000E+00 0.00000E+00
 -1       265 3.94415E-01 0.00000E+00 0.00000E+00-3.00000E+00 0.00000E+00 0.00000E+00
 -1       264 3.45292E-01 0.00000E+00 0.00000E+00-3.00000E+00 0.00000E+00 0.00000E+00
 -1       263 2.95967E-01 0.00000E+00 0.00000E+00-3.00000E+00 0.00000E+00 0.00000E+00
 -1       262 2.46336E-01 0.00000E+00 0.00000E+00-3.00000E+00 0.00000E+00 0.00000E+00
 -1       261 1.96649E-01 0.00000E+00 0.00000E+00-3.00000E+00 0.00000E+00 0.00000E+00
 -1       260 1.47560E-01 0.00000E+00 0.00000E+00-3.00000E+00 0.00000E+00 0.00000E+00
 -1       259 9.98404E-02 0.00000E+00 0.00000E+00-3.00000E+00 0.00000E+00 0.00000E+00
 -1       258 5.51245E-02 0.00000E+00 0.00000E+00-3.00000E+00 0.00000E+00 0.00000E+00
 -1       257 1.97366E-02 0.00000E+00 0.00000E+00-3.00000E+00 0.00000E+00 0.00000E+00
 -1       256-5.87715E-04 0.00000E+00 0.00000E+00 5.84715E+02 0.00000E+00 0.00000E+00
 -1       255-2.79163E-03 0.00000E+00 0.00000E+00 2.78863E+03 0.00000E+00 0.00000E+00
 -1       254 3.94421E-01 0.00000E+00 0.00000E+00-3.00000E+00 0.00000E+00 0.00000E+00
 -1       253 3.45299E-01 0.00000E+00 0.00000E+00-3.00000E+00 0.00000E+00 0.00000E+00
 -1       252 2.95989E-01 0.00000E+00 0.00000E+00-3.00000E+00 0.00000E+00 0.00000E+00
 -1       251 2.46381E-01 0.00000E+00 0.00000E+00-3.00000E+00 0.00000E+00 0.00000E+00
 -1       250 1.96722E-01 0.00000E+00 0.00000E+00-3.00000E+00 0.00000E+00 0.00000E+00
 -1       249 1.47676E-01 0.00000E+00 0.00000E+00-3.00000E+00 0.00000E+00 0.00000E+00
 -1       248 1.00001E-01 0.00000E+00 0.00000E+00-3.00000E+00 0.00000E+00 0.00000E+00
 -1       247 5.53093E-02 0.00000E+00 0.00000E+00-3.00000E+00 0.00000E+00 0.00000E+00
 -1       246 2.00091E-02 0.00000E+00 0.00000E+00-3.00000E+00 0.00000E+00 0.00000E+00
 -1       245-5.52850E-04 0.00000E+00 0.00000E+00 5.49850E+02 0.00000E+00 0.00000E+00
 -1       244-2.76791E-03 0.00000E+00 0.00000E+00 2.76491E+03 0.00000E+00 0.00000E+00
 -1       243 3.94415E-01 0.00000E+00 0.00000E+00-3.00000E+00 0.00000E+00 0.00000E+00
 -1       242 3.45292E-01 0.00000E+00 0.00000E+00-3.00000E+00 0.00000E+00 0.00000E+00
 -1       241 2.95967E-01 0.00000E+00 0.00000E+00-3.00000E+00 0.00000E+00 0.00000E+00
 -1       240 2.46337E-01 0.00000E+00 0.00000E+00-3.00000E+00 0.00000E+00 0.00000E+00
 -1       239 1.96649E-01 0.00000E+00 0.00000E+00-3.00000E+00 0.00000E+00 0.00000E+00
 -1       238 1.47560E-01 0.00000E+00 0.00000E+00-3.00000E+00 0.00000E+00 0.00000E+00
 -1       237 9.98412E-02 0.00000E+00 0.00000E+00-3.00000E+00 0.00000E+00 0.00000E+00
 -1       236 5.51254E-02 0.00000E+00 0.00000E+00-3.00000E+00 0.00000E+00 0.00000E+00
 -1       235 1.97374E-02 0.00000E+00 0.00000E+00-3.00000E+00 0.00000E+00 0.00000E+00
 -1       234-5.87670E-04 0.00000E+00 0.00000E+00 5.84671E+02 0.00000E+00 0.00000E+00
 -1       233-2.79158E-03 0.00000E+00 0.00000E+00 2.78858E+03 0.00000E+00 0.00000E+00
 -1       232 3.94409E-01 0.00000E+00 0.00000E+00-3.00000E+00 0.00000E+00 0.00000E+00
 -1       231 3.45282E-01 0.00000E+00 0.00000E+00-3.00000E+00 0.00000E+00 0.00000E+00
 -1       230 2.95907E-01 0.00000E+00 0.00000E+00-3.00000E+00 0.00000E+00 0.00000E+00
 -1       229 2.46188E-01 0.00000E+00 0.00000E+00-3.00000E+00 0.00000E+00 0.00000E+00
 -1       228 1.96375E-01 0.00000E+00 0.00000E+00-3.00000E+00 0.00000E+00 0.00000E+00
 -1       227 1.47112E-01 0.00000E+00 0.00000E+00-3.00000E+00 0.00000E+00 0.00000E+00
 -1       226 9.92068E-02 0.00000E+00 0.00000E+00-3.00000E+00 0.00000E+00 0.00000E+00
 -1       225 5.44527E-02 0.00000E+00 0.00000E+00-3.00000E+00 0.00000E+00 0.00000E+00
 -1       224 1.88084E-02 0.00000E+00 0.00000E+00-3.00000E+00 0.00000E+00 0.00000E+00
 -1       223-7.04037E-04 0.00000E+00 0.00000E+00 7.01037E+02 0.00000E+00 0.00000E+00
 -1       222-2.84447E-03 0.00000E+00 0.00000E+00 2.84147E+03 0.00000E+00 0.00000E+00
 -1       221 3.94456E-01 0.00000E+00 0.00000E+00-3.00000E+00 0.00000E+00 0.00000E+00
 -1       220 3.45321E-01 0.00000E+00 0.00000E+00-3.00000E+00 0.00000E+00 0.00000E+00
 -1       219 2.95861E-01 0.00000E+00 0.00000E+00-3.00000E+00 0.00000E+00 0.00000E+00
 -1       218 2.45971E-01 0.00000E+00 0.00000E+00-3.00000E+00 0.00000E+00 0.00000E+00
 -1       217 1.95883E-01 0.00000E+00 0.00000E+00-3.00000E+00 0.00000E+00 0.00000E+00
 -1       216 1.46189E-01 0.00000E+00 0.00000E+00-3.00000E+00 0.00000E+00 0.00000E+00
 -1       215 9.77052E-02 0.00000E+00 0.00000E+00-3.00000E+00 0.00000E+00 0.00000E+00
 -1       214 5.23382E-02 0.00000E+00 0.00000E+00-3.00000E+00 0.00000E+00 0.00000E+00
 -1       213 1.50335E-02 0.00000E+00 0.00000E+00-3.00000E+00 0.00000E+00 0.00000E+00
 -1       212-1.01477E-03 0.00000E+00 0.00000E+00 1.01177E+03 0.00000E+00 0.00000E+00
 -1       211-3.04719E-03 0.00000E+00 0.00000E+00 3.04419E+03 0.00000E+00 0.00000E+00
 -3
    1PSTEP                         5           3           1          
  100CL  103 1.000000000         595                     0    3           1
 -4  DISP        4    1
 -5  D1          1    2    1    0
 -5  D2          1    2    2    0
 -5  D3          1    2    3    0
 -5  ALL         1    2    0    0    1ALL
 -1         1 0.00000E+00 0.00000E+00 0.00000E+00
 -1         2 0.00000E+00 0.00000E+00 0.00000E+00
 -1         3 0.00000E+00 0.00000E+00 0.00000E+00
 -1         4 0.00000E+00 0.00000E+00 0.00000E+00
 -1         5 0.00000E+00 0.00000E+00 0.00000E+00
 -1         6 0.00000E+00 0.00000E+00 0.00000E+00
 -1         7 0.00000E+00 0.00000E+00 0.00000E+00
 -1         8 0.00000E+00 0.00000E+00 0.00000E+00
 -1         9 0.00000E+00 0.00000E+00 0.00000E+00
 -1        10 0.00000E+00 0.00000E+00 0.00000E+00
 -1        11 0.00000E+00 0.00000E+00 0.00000E+00
 -1        12 0.00000E+00 0.00000E+00 0.00000E+00
 -1        13 0.00000E+00 0.00000E+00 0.00000E+00
 -1        14 0.00000E+00 0.00000E+00 0.00000E+00
 -1        15 0.00000E+00 0.00000E+00 0.00000E+00
 -1        16 0.00000E+00 0.00000E+00 0.00000E+00
 -1        17 0.00000E+00 0.00000E+00 0.00000E+00
 -1        18 0.00000E+00 0.00000E+00 0.00000E+00
 -1        19 0.00000E+00 0.00000E+00 0.00000E+00
 -1        20 0.00000E+00 0.00000E+00 0.00000E+00
 -1        21 0.00000E+00 0.00000E+00 0.00000E+00
 -1        22 0.00000E+00 0.00000E+00 0.00000E+00
 -1        23 0.00000E+00 0.00000E+00 0.00000E+00
 -1        24 0.00000E+00 0.00000E+00 0.00000E+00
 -1        25 0.00000E+00 0.00000E+00 0.00000E+00
 -1        26 0.00000E+00 0.00000E+00 0.00000E+00
 -1        27 0.00000E+00 0.00000E+00 0.00000E+00
 -1        28 0.00000E+00 0.00000E+00 0.00000E+00
 -1        29 0.00000E+00 0.00000E+00 0.00000E+00
 -1        30 0.00000E+00 0.00000E+00 0.00000E+00
 -1        31 0.00000E+00 0.00000E+00 0.00000E+00
 -1        32 0.00000E+00 0.00000E+00 0.00000E+00
 -1        33 0.00000E+00 0.00000E+00 0.00000E+00
 -1        34 0.00000E+00 0.00000E+00 0.00000E+00
 -1        35 0.00000E+00 0.00000E+00 0.00000E+00
 -1        36 0.00000E+00 0.00000E+00 0.00000E+00
 -1        37 0.00000E+00 0.00000E+00 0.00000E+00
 -1        38 0.00000E+00 0.00000E+00 0.00000E+00
 -1        39 0.00000E+00 0.00000E+00 0.00000E+00
 -1        40 0.00000E+00 0.00000E+00 0.00000E+00
 -1        41 0.00000E+00 0.00000E+00 0.00000E+00
 -1        42 0.00000E+00 0.00000E+00 0.00000E+00
 -1        43 0.00000E+00 0.00000E+00 0.00000E+00
 -1        44 0.00000E+00 0.00000E+00 0.00000E+00
 -1        45 0.00000E+00 0.00000E+00 0.00000E+00
 -1        46 0.00000E+00 0.00000E+00 0.00000E+00
 -1        47 0.00000E+00 0.00000E+00 0.00000E+00
 -1        48 0.00000E+00 0.00000E+00 0.00000E+00
 -1        49 0.00000E+00 0.00000E+00 0.00000E+00
 -1        50 0.00000E+00 0.00000E+00 0.00000E+00
 -1        51 0.00000E+00 0.00000E+00 0.00000E+00
 -1        52 0.00000E+00 0.00000E+00 0.00000E+00
 -1        53 0.00000E+00 0.00000E+00 0.00000E+00
 -1        54 0.00000E+00 0.00000E+00 0.00000E+00
 -1        55 0.00000E+00 0.00000E+00 0.00000E+00
 -1        56 0.00000E+00 0.00000E+00 0.00000E+00
 -1        57 0.00000E+00 0.00000E+00 0.00000E+00
 -1        58 0.00000E+00 0.00000E+00 0.00000E+00
 -1        59 0.00000E+00 0.00000E+00 0.00000E+00
 -1        60 0.00000E+00 0.00000E+00 0.00000E+00
 -1        61 0.00000E+00 0.00000E+00 0.00000E+00
 -1        62 0.00000E+00 0.00000E+00 0.00000E+00
 -1        63 0.00000E+00 0.00000E+00 0.00000E+00
 -1        64 0.00000E+00 0.00000E+00 0.00000E+00
 -1        65 0.00000E+00 0.00000E+00 0.00000E+00
 -1        66 0.00000E+00 0.00000E+00 0.00000E+00
 -1        67 0.00000E+00 0.00000E+00 0.00000E+00
 -1        68 0.00000E+00 0.00000E+00 0.00000E+00
 -1        69 0.00000E+00 0.00000E+00 0.00000E+00
 -1        70 0.00000E+00 0.00000E+00 0.00000E+00
 -1        71-1.61728E-03-2.12848E-03-6.46336E-04
 -1        72-1.19579E-03-2.98339E-03-1.23639E-03
 -1        73 1.88283E-05-4.50646E-03-1.68027E-03
 -1        74 1.10152E-03-2.47275E-03-9.13015E-04
 -1        75 9.80547E-04-8.61574E-04-9.21757E-05
 -1        76 4.80867E-04-2.20292E-04 2.91335E-05
 -1        77 2.28928E-04-5.71494E-05-1.65891E-05
 -1        78 1.37760E-04-2.31619E-05-2.13323E-05
 -1        79 9.23783E-05-1.24492E-05-1.05248E-05
 -1        80 8.37827E-05-6.84530E-06-4.23126E-05
 -1        81-2.84636E-03-2.01124E-03-7.36388E-04
 -1        82-2.56667E-03-2.77211E-03-3.42117E-03
 -1        83 6.54804E-05-4.35494E-03-5.71703E-03
 -1        84 2.01543E-03-2.14478E-03-2.51227E-03
 -1        85 9.95997E-04-6.92754E-04 8.42379E-05
 -1        86 3.14401E-04-1.47718E-04 1.63784E-04
 -1        87 1.56515E-04-2.33345E-05 3.71950E-05
 -1        88 1.08318E-04-2.45756E-06 3.64748E-06
 -1        89 7.69091E-05-1.20679E-06-1.56124E-06
 -1        90 7.37341E-05 3.71328E-06-3.77522E-05
 -1        91-5.11807E-03-1.39532E-03-1.38607E-03
 -1        92-4.81338E-03-1.76250E-03-6.90676E-03
 -1        93 3.96117E-04-2.52845E-03-1.11872E-02
 -1        94 3.88527E-03-1.21060E-03-4.63895E-03
 -1        95 1.52496E-03-4.32029E-04 2.30996E-04
 -1        96 3.25792E-04-9.69893E-05 2.47912E-04
 -1        97 1.17049E-04-1.52188E-05 6.30659E-05
 -1        98 8.43278E-05 1.16202E-06 1.46693E-05
 -1        99 6.19097E-05 1.12610E-06 3.20013E-06
 -1       100 6.35136E-05 4.13911E-06-3.37596E-05
 -1       101-6.04977E-03 1.17025E-06-1.71664E-03
 -1       102-5.50664E-03 1.35445E-06-8.18875E-03
 -1       103 5.64602E-04 4.73534E-07-1.29564E-02
 -1       104 4.41808E-03 1.05766E-06-5.22773E-03
 -1       105 1.71616E-03 2.95350E-07 3.07992E-04
 -1       106 3.51994E-04 1.01993E-07 2.78354E-04
 -1       107 1.08033E-04 4.11783E-08 7.49707E-05
 -1       108 7.64858E-05 2.71509E-09 1.80206E-05
 -1       109 5.64537E-05-9.53058E-09 4.86999E-06
 -1       110 5.95151E-05-2.49670E-08-3.24363E-05
 -1       111-5.11979E-03 1.39795E-03-1.38710E-03
 -1       112-4.81473E-03 1.76679E-03-6.90862E-03
 -1       113 3.96192E-04 2.53326E-03-1.11908E-02
 -1       114 3.88639E-03 1.21291E-03-4.64007E-03
 -1       115 1.52561E-03 4.32700E-04 2.30856E-04
 -1       116 3.25982E-04 9.72732E-05 2.47960E-04
 -1       117 1.17132E-04 1.52897E-05 6.30707E-05
 -1       118 8.43849E-05-1.15455E-06 1.46714E-05
 -1       119 6.19514E-05-1.14562E-06 3.19938E-06
 -1       120 6.35529E-05-4.18644E-06-3.37784E-05
 -1       121-2.84782E-03 2.01442E-03-7.37155E-04
 -1       122-2.56762E-03 2.77534E-03-3.42180E-03
 -1       123 6.55031E-05 4.35842E-03-5.71802E-03
 -1       124 2.01632E-03 2.14713E-03-2.51308E-03
 -1       125 9.96760E-04 6.93755E-04 8.41036E-05
 -1       126 3.14753E-04 1.48030E-04 1.63801E-04
 -1       127 1.56723E-04 2.34173E-05 3.71956E-05
 -1       128 1.08446E-04 2.46469E-06 3.64687E-06
 -1       129 7.69943E-05 1.19295E-06-1.56333E-06
 -1       130 7.38103E-05-3.75238E-06-3.77886E-05
 -1       131-1.61797E-03 2.13176E-03-6.47951E-04
 -1       132-1.19605E-03 2.98629E-03-1.23773E-03
 -1       133 1.90981E-05 4.50942E-03-1.68154E-03
 -1       134 1.10240E-03 2.47505E-03-9.14016E-04
 -1       135 9.81553E-04 8.62787E-04-9.27296E-05
 -1       136 4.81594E-04 2.20770E-04 2.89068E-05
 -1       137 2.29314E-04 5.72938E-05-1.66742E-05
 -1       138 1.37967E-04 2.32047E-05-2.13559E-05
 -1       139 9.25018E-05 1.24485E-05-1.05263E-05
 -1       140 8.38874E-05 6.82137E-06-4.23483E-05
 -1       141-1.94383E-04-1.24339E-03-2.33805E-04
 -1       142-2.81904E-04-3.89012E-04-5.53494E-04
 -1       143-2.79987E-04 1.00358E-03 1.50199E-03
 -1       144-1.45945E-04-2.15306E-04-3.65214E-04
 -1       145 3.39893E-04-5.26718E-04-8.70452E-06
 -1       146 5.27187E-04-2.78118E-04 1.54922E-04
 -1       147 3.71292E-04-1.30621E-04 1.97170E-05
 -1       148 2.13032E-04-5.70461E-05-1.03974E-05
 -1       149 1.49586E-04-1.96086E-05-1.17273E-05
 -1       150 1.36186E-04-7.85562E-07-4.77664E-05
 -1       151 2.56909E-04-1.10383E-03-1.18825E-04
 -1       152 3.04229E-05-4.34814E-04-6.23188E-03
 -1       153-5.67889E-04 2.43885E-04-1.52581E-02
 -1       154-9.90580E-04-4.02145E-04-3.91546E-03
 -1       155-1.05786E-04-5.11025E-04 3.33915E-05
 -1       156 3.87056E-04-2.65703E-04 2.65204E-04
 -1       157 3.02221E-04-8.97912E-05 8.25385E-05
 -1       158 1.79989E-04-2.91817E-05 2.93271E-05
 -1       159 1.32166E-04-1.05560E-05-2.43220E-06
 -1       160 1.22854E-04-1.12978E-07-4.49290E-05
 -1       161 1.22151E-03-5.33794E-04 5.93357E-04
 -1       162 5.18707E-04 5.14584E-06-1.29015E-02
 -1       163-9.93898E-04 3.65516E-04-3.05637E-02
 -1       164-2.05273E-03-1.19997E-04-5.89356E-03
 -1       165-4.07105E-04-2.77347E-04 1.91005E-04
 -1       166 4.11682E-04-1.63047E-04 4.54761E-04
 -1       167 2.87257E-04-5.25775E-05 1.27113E-04
 -1       168 1.60491E-04-1.22597E-05 6.04014E-05
 -1       169 1.18633E-04-3.38738E-06 4.59070E-06
 -1       170 1.10919E-04 1.82988E-06-3.88606E-05
 -1       171 1.44816E-03 9.36416E-07 5.60408E-04
 -1       172 5.48773E-04 7.95128E-06-1.54876E-02
 -1       173-1.18621E-03 1.65104E-05-3.34406E-02
 -1       174-2.33158E-03 4.99222E-07-6.19084E-03
 -1       175-4.50550E-04 6.83712E-07 1.29685E-04
 -1       176 4.50365E-04 1.43695E-07 5.28958E-04
 -1       177 2.92957E-04 5.15937E-08 1.39370E-04
 -1       178 1.54304E-04 1.57140E-09 6.91110E-05
 -1       179 1.12859E-04-1.14344E-08 6.32211E-06
 -1       180 1.06236E-04-2.92279E-08-3.71194E-05
 -1       181 1.21845E-03 5.38293E-04 5.92021E-04
 -1       182 5.15771E-04 2.13658E-06-1.29033E-02
 -1       183-9.93094E-04-3.57405E-04-3.05683E-02
 -1       184-2.05067E-03 1.24340E-04-5.89532E-03
 -1       185-4.06856E-04 2.78315E-04 1.91025E-04
 -1       186 4.11915E-04 1.63497E-04 4.54824E-04
 -1       187 2.87385E-04 5.26771E-05 1.27143E-04
 -1       188 1.60575E-04 1.22709E-05 6.04109E-05
 -1       189 1.18702E-04 3.36412E-06 4.59062E-06
 -1       190 1.10984E-04-1.88504E-06-3.88835E-05
 -1       191 2.55195E-04 1.10867E-03-1.19995E-04
 -1       192 2.96066E-05 4.39034E-04-6.23298E-03
 -1       193-5.67939E-04-2.40039E-04-1.52608E-02
 -1       194-9.90170E-04 4.05290E-04-3.91716E-03
 -1       195-1.05100E-04 5.12675E-04 3.32862E-05
 -1       196 3.87440E-04 2.66245E-04 2.65210E-04
 -1       197 3.02500E-04 8.99615E-05 8.25622E-05
 -1       198 1.80167E-04 2.92041E-05 2.93397E-05
 -1       199 1.32302E-04 1.05391E-05-2.43294E-06
 -1       200 1.22980E-04 6.20700E-08-4.49713E-05
 -1       201-1.94831E-04 1.24793E-03-2.35503E-04
 -1       202-2.82273E-04 3.92891E-04-5.54995E-04
 -1       203-2.79736E-04-1.00026E-03 1.50112E-03
 -1       204-1.45150E-04 2.17898E-04-3.66038E-04
 -1       205 3.40856E-04 5.28409E-04-9.32504E-06
 -1       206 5.28025E-04 2.78862E-04 1.54731E-04
 -1       207 3.71774E-04 1.30839E-04 1.96854E-05
 -1       208 2.13309E-04 5.71053E-05-1.03922E-05
 -1       209 1.49775E-04 1.95994E-05-1.17226E-05
 -1       210 1.36356E-04 7.37386E-07-4.78055E-05
 -1       211-6.26447E-02-2.87420E-02-1.65838E-02
 -1       212-5.01124E-02-1.62302E-02-6.91786E-02
 -1       213-4.01276E-02-4.74349E-03-1.09446E-01
 -1       214-3.11129E-02 2.87667E-03-1.37831E-01
 -1       215-2.38820E-02 4.67292E-03-1.47245E-01
 -1       216-1.86313E-02 4.15695E-03-1.51215E-01
 -1       217-1.51685E-02 3.04892E-03-1.52423E-01
 -1       218-1.31075E-02 1.94390E-03-1.52768E-01
 -1       219-1.20991E-02 1.09403E-03-1.53154E-01
 -1       220-1.17718E-02 5.68888E-04-1.54107E-01
 -1       221-1.16996E-02 2.53724E-04-1.55618E-01
 -1       222-6.96723E-02-1.71516E-02-2.28154E-02
 -1       223-5.69332E-02-1.11225E-02-7.72699E-02
 -1       224-4.55725E-02-4.02788E-03-1.12851E-01
 -1       225-3.43950E-02 8.45980E-04-1.35353E-01
 -1       226-2.52514E-02 2.73401E-03-1.44976E-01
 -1       227-1.89400E-02 2.75407E-03-1.49576E-01
 -1       228-1.50079E-02 2.12433E-03-1.51441E-01
 -1       229-1.28011E-02 1.40993E-03-1.52286E-01
 -1       230-1.18044E-02 8.37626E-04-1.53002E-01
 -1       231-1.15252E-02 4.65233E-04-1.54117E-01
 -1       232-1.14673E-02 2.47859E-04-1.55663E-01
 -1       233-7.14953E-02-7.95848E-03-2.60297E-02
 -1       234-5.83913E-02-5.75659E-03-8.10389E-02
 -1       235-4.70112E-02-2.51913E-03-1.14439E-01
 -1       236-3.58630E-02-6.69218E-05-1.35012E-01
 -1       237-2.65829E-02 1.11489E-03-1.44211E-01
 -1       238-1.98242E-02 1.33001E-03-1.48849E-01
 -1       239-1.54728E-02 1.09051E-03-1.50935E-01
 -1       240-1.29927E-02 7.53864E-04-1.51993E-01
 -1       241-1.18334E-02 4.68470E-04-1.52869E-01
 -1       242-1.14606E-02 2.72926E-04-1.54072E-01
 -1       243-1.13560E-02 1.66661E-04-1.55636E-01
 -1       244-7.17188E-02-5.73164E-05-2.76303E-02
 -1       245-5.86008E-02-3.16991E-05-8.25800E-02
 -1       246-4.73067E-02-1.24168E-05-1.15085E-01
 -1       247-3.62630E-02-1.02497E-05-1.35084E-01
 -1       248-2.70109E-02-7.14555E-06-1.44061E-01
 -1       249-2.01748E-02-4.94217E-06-1.48661E-01
 -1       250-1.56890E-02-3.23060E-06-1.50788E-01
 -1       251-1.31008E-02-1.92890E-06-1.51899E-01
 -1       252-1.18700E-02-9.05119E-07-1.52820E-01
 -1       253-1.14563E-02-2.15927E-08-1.54048E-01
 -1       254-1.13308E-02 8.95451E-07-1.55619E-01
 -1       255-7.14988E-02 7.89693E-03-2.60319E-02
 -1       256-5.84020E-02 5.70908E-03-8.10418E-02
 -1       257-4.70185E-02 2.48940E-03-1.14441E-01
 -1       258-3.58670E-02 4.66426E-05-1.35014E-01
 -1       259-2.65861E-02-1.12950E-03-1.44213E-01
 -1       260-1.98268E-02-1.34001E-03-1.48850E-01
 -1       261-1.54751E-02-1.09705E-03-1.50936E-01
 -1       262-1.29948E-02-7.57763E-04-1.51994E-01
 -1       263-1.18355E-02-4.70293E-04-1.52870E-01
 -1       264-1.14626E-02-2.72957E-04-1.54072E-01
 -1       265-1.13580E-02-1.64861E-04-1.55636E-01
 -1       266-6.96837E-02 1.71040E-02-2.28187E-02
 -1       267-5.69445E-02 1.10828E-02-7.72744E-02
 -1       268-4.55833E-02 3.99770E-03-1.12854E-01
 -1       269-3.44036E-02-8.67459E-04-1.35357E-01
 -1       270-2.52581E-02-2.74913E-03-1.44980E-01
 -1       271-1.89455E-02-2.76443E-03-1.49578E-01
 -1       272-1.50126E-02-2.13108E-03-1.51442E-01
 -1       273-1.28053E-02-1.41395E-03-1.52287E-01
 -1       274-1.18084E-02-8.39495E-04-1.53003E-01
 -1       275-1.15291E-02-4.65244E-04-1.54118E-01
 -1       276-1.14712E-02-2.46040E-04-1.55664E-01
 -1       277-6.26633E-02 2.86972E-02-1.65865E-02
 -1       278-5.01300E-02 1.61931E-02-6.91822E-02
 -1       279-4.01437E-02 4.71467E-03-1.09449E-01
 -1       280-3.11268E-02-2.89907E-03-1.37838E-01
 -1       281-2.38933E-02-4.68884E-03-1.47250E-01
 -1       282-1.86404E-02-4.16778E-03-1.51220E-01
 -1       283-1.51760E-02-3.05600E-03-1.52426E-01
 -1       284-1.31141E-02-1.94811E-03-1.52770E-01
 -1       285-1.21051E-02-1.09598E-03-1.53155E-01
 -1       286-1.17776E-02-5.68908E-04-1.54108E-01
 -1       287-1.17054E-02-2.51888E-04-1.55620E-01
 -1       288-2.09722E-02-2.32808E-02-6.74438E-02
 -1       289-1.33960E-02-1.38405E-02-9.24156E-02
 -1       290-1.14801E-02-6.22575E-03-1.19924E-01
 -1       291-1.20277E-02-1.42119E-03-1.38373E-01
 -1       292-1.26352E-02 9.02058E-04-1.48111E-01
 -1       293-1.21060E-02 1.65934E-03-1.51681E-01
 -1       294-1.12383E-02 1.61210E-03-1.52745E-01
 -1       295-1.04186E-02 1.29020E-03-1.52868E-01
 -1       296-9.83194E-03 9.45821E-04-1.53060E-01
 -1       297-9.51977E-03 6.62645E-04-1.53844E-01
 -1       298-9.44711E-03 4.33301E-04-1.55474E-01
 -1       299-2.69293E-02-1.36276E-02-7.04076E-02
 -1       300-1.93904E-02-8.58708E-03-9.43852E-02
 -1       301-1.68037E-02-3.81401E-03-1.20197E-01
 -1       302-1.54560E-02-8.32447E-04-1.37320E-01
 -1       303-1.41911E-02 7.44669E-04-1.46571E-01
 -1       304-1.26267E-02 1.22170E-03-1.50434E-01
 -1       305-1.12512E-02 1.16365E-03-1.51918E-01
 -1       306-1.02406E-02 9.18856E-04-1.52420E-01
 -1       307-9.62512E-03 6.68558E-04-1.52893E-01
 -1       308-9.33428E-03 4.73419E-04-1.53852E-01
 -1       309-9.26291E-03 3.30794E-04-1.55519E-01
 -1       310-2.90356E-02-6.24884E-03-7.31105E-02
 -1       311-2.15889E-02-4.29067E-03-9.70106E-02
 -1       312-1.92740E-02-2.06535E-03-1.21975E-01
 -1       313-1.74768E-02-4.84119E-04-1.37734E-01
 -1       314-1.54652E-02 3.66778E-04-1.46246E-01
 -1       315-1.32964E-02 6.47314E-04-1.49999E-01
 -1       316-1.15304E-02 6.22214E-04-1.51544E-01
 -1       317-1.03036E-02 4.93400E-04-1.52169E-01
 -1       318-9.58984E-03 3.61026E-04-1.52753E-01
 -1       319-9.26310E-03 2.59881E-04-1.53784E-01
 -1       320-9.18119E-03 1.95292E-04-1.55447E-01
 -1       321-2.94943E-02-1.54312E-05-7.40842E-02
 -1       322-2.21306E-02-1.50469E-05-9.78715E-02
 -1       323-1.99528E-02-1.23852E-05-1.22629E-01
 -1       324-1.80979E-02-8.33146E-06-1.38003E-01
 -1       325-1.59195E-02-5.80090E-06-1.46265E-01
 -1       326-1.35830E-02-3.92509E-06-1.49916E-01
 -1       327-1.16770E-02-2.51001E-06-1.51446E-01
 -1       328-1.03611E-02-1.43103E-06-1.52089E-01
 -1       329-9.59934E-03-5.55132E-07-1.52697E-01
 -1       330-9.25159E-03 2.39673E-07-1.53741E-01
 -1       331-9.16176E-03 1.09068E-06-1.55400E-01
 -1       332-2.90399E-02 6.20763E-03-7.31181E-02
 -1       333-2.15937E-02 4.25690E-03-9.70158E-02
 -1       334-1.92787E-02 2.04100E-03-1.21978E-01
 -1       335-1.74806E-02 4.67161E-04-1.37736E-01
 -1       336-1.54684E-02-3.78565E-04-1.46248E-01
 -1       337-1.32991E-02-6.55256E-04-1.50000E-01
 -1       338-1.15327E-02-6.27303E-04-1.51545E-01
 -1       339-1.03057E-02-4.96307E-04-1.52169E-01
 -1       340-9.59180E-03-3.62163E-04-1.52753E-01
 -1       341-9.26497E-03-2.59412E-04-1.53784E-01
 -1       342-9.18302E-03-1.93128E-04-1.55448E-01
 -1       343-2.69388E-02 1.35875E-02-7.04120E-02
 -1       344-1.94000E-02 8.55395E-03-9.43905E-02
 -1       345-1.68125E-02 3.78903E-03-1.20202E-01
 -1       346-1.54635E-02 8.14899E-04-1.37324E-01
 -1       347-1.41977E-02-7.56829E-04-1.46574E-01
 -1       348-1.26323E-02-1.22991E-03-1.50437E-01
 -1       349-1.12561E-02-1.16893E-03-1.51920E-01
 -1       350-1.02449E-02-9.21899E-04-1.52422E-01
 -1       351-9.62901E-03-6.69777E-04-1.52894E-01
 -1       352-9.33798E-03-4.72983E-04-1.53853E-01
 -1       353-9.26654E-03-3.28661E-04-1.55520E-01
 -1       354-2.09881E-02 2.32419E-02-6.74525E-02
 -1       355-1.34112E-02 1.38083E-02-9.24253E-02
 -1       356-1.14939E-02 6.20085E-03-1.19933E-01
 -1       357-1.20399E-02 1.40304E-03-1.38380E-01
 -1       358-1.26459E-02-9.14795E-04-1.48118E-01
 -1       359-1.21150E-02-1.66806E-03-1.51685E-01
 -1       360-1.12458E-02-1.61776E-03-1.52748E-01
 -1       361-1.04250E-02-1.29351E-03-1.52870E-01
 -1       362-9.83768E-03-9.47208E-04-1.53062E-01
 -1       363-9.52523E-03-6.62288E-04-1.53846E-01
 -1       364-9.45251E-03-4.31195E-04-1.55475E-01
 -1       365-7.34983E-03-1.85839E-02-1.02278E-01
 -1       366-2.04770E-03-1.33047E-02-1.12733E-01
 -1       367 2.91188E-04-8.22487E-03-1.27939E-01
 -1       368-5.35542E-04-4.27879E-03-1.40047E-01
 -1       369-2.46420E-03-1.68405E-03-1.47339E-01
 -1       370-4.26309E-03-2.44447E-04-1.50785E-01
 -1       371-5.34032E-03 4.46038E-04-1.51929E-01
 -1       372-5.85439E-03 7.19959E-04-1.52197E-01
 -1       373-6.06848E-03 8.04798E-04-1.52359E-01
 -1       374-6.27106E-03 8.14394E-04-1.53073E-01
 -1       375-6.39553E-03 7.65851E-04-1.54883E-01
 -1       376-1.19242E-02-1.18629E-02-1.04505E-01
 -1       377-6.14549E-03-8.51241E-03-1.14449E-01
 -1       378-3.14386E-03-5.24080E-03-1.28428E-01
 -1       379-3.11040E-03-2.65338E-03-1.39794E-01
 -1       380-4.11354E-03-9.94515E-04-1.46720E-01
 -1       381-5.13142E-03-6.84718E-05-1.50126E-01
 -1       382-5.72284E-03 3.59375E-04-1.51426E-01
 -1       383-5.98184E-03 5.18770E-04-1.51884E-01
 -1       384-6.08738E-03 5.62292E-04-1.52219E-01
 -1       385-6.25890E-03 5.65339E-04-1.53083E-01
 -1       386-6.39813E-03 5.59446E-04-1.54933E-01
 -1       387-1.41658E-02-5.35821E-03-1.05868E-01
 -1       388-8.21583E-03-3.85388E-03-1.16049E-01
 -1       389-4.93311E-03-2.31172E-03-1.29653E-01
 -1       390-4.58905E-03-1.14043E-03-1.40427E-01
 -1       391-5.13961E-03-3.83241E-04-1.46831E-01
 -1       392-5.71628E-03 3.24833E-05-1.49975E-01
 -1       393-6.00290E-03 2.12764E-04-1.51218E-01
 -1       394-6.08374E-03 2.69679E-04-1.51699E-01
 -1       395-6.10593E-03 2.76064E-04-1.52077E-01
 -1       396-6.25903E-03 2.69586E-04-1.52970E-01
 -1       397-6.40095E-03 2.63468E-04-1.54782E-01
 -1       398-1.48114E-02-1.16263E-05-1.06248E-01
 -1       399-8.80267E-03-9.67345E-06-1.16500E-01
 -1       400-5.47393E-03-7.46270E-06-1.30056E-01
 -1       401-5.05548E-03-5.49243E-06-1.40639E-01
 -1       402-5.48014E-03-3.77575E-06-1.46873E-01
 -1       403-5.92295E-03-2.47916E-06-1.49936E-01
 -1       404-6.10743E-03-1.52129E-06-1.51159E-01
 -1       405-6.12466E-03-7.92076E-07-1.51646E-01
 -1       406-6.11514E-03-1.90148E-07-1.52039E-01
 -1       407-6.25779E-03 3.82664E-07-1.52941E-01
 -1       408-6.40068E-03 1.03391E-06-1.54747E-01
 -1       409-1.41686E-02 5.33614E-03-1.05869E-01
 -1       410-8.21881E-03 3.83487E-03-1.16051E-01
 -1       411-4.93603E-03 2.29642E-03-1.29655E-01
 -1       412-4.59178E-03 1.12923E-03-1.40429E-01
 -1       413-5.14208E-03 3.75566E-04-1.46833E-01
 -1       414-5.71850E-03-3.75476E-05-1.49976E-01
 -1       415-6.00487E-03-2.15888E-04-1.51219E-01
 -1       416-6.08549E-03-2.71328E-04-1.51699E-01
 -1       417-6.10752E-03-2.76490E-04-1.52078E-01
 -1       418-6.26056E-03-2.68854E-04-1.52970E-01
 -1       419-6.40243E-03-2.61441E-04-1.54783E-01
 -1       420-1.19301E-02 1.18384E-02-1.04508E-01
 -1       421-6.15143E-03 8.49193E-03-1.14454E-01
 -1       422-3.14969E-03 5.22482E-03-1.28433E-01
 -1       423-3.11594E-03 2.64165E-03-1.39798E-01
 -1       424-4.11859E-03 9.86362E-04-1.46723E-01
 -1       425-5.13594E-03 6.30276E-05-1.50128E-01
 -1       426-5.72680E-03-3.62799E-04-1.51428E-01
 -1       427-5.98532E-03-5.20641E-04-1.51886E-01
 -1       428-6.09051E-03-5.62869E-04-1.52220E-01
 -1       429-6.26189E-03-5.64693E-04-1.53084E-01
 -1       430-6.40105E-03-5.57491E-04-1.54934E-01
 -1       431-7.35948E-03 1.85588E-02-1.02288E-01
 -1       432-2.05729E-03 1.32838E-02-1.12745E-01
 -1       433 2.81678E-04 8.20833E-03-1.27949E-01
 -1       434-5.44448E-04 4.26649E-03-1.40055E-01
 -1       435-2.47209E-03 1.67528E-03-1.47345E-01
 -1       436-4.26996E-03 2.38452E-04-1.50790E-01
 -1       437-5.34619E-03-4.49906E-04-1.51932E-01
 -1       438-5.85945E-03-7.22161E-04-1.52199E-01
 -1       439-6.07302E-03-8.05604E-04-1.52361E-01
 -1       440-6.27542E-03-8.13883E-04-1.53074E-01
 -1       441-6.39986E-03-7.63940E-04-1.54885E-01
 -1       442-5.03562E-03-1.35169E-02-1.26768E-01
 -1       443 9.96241E-04-1.07668E-02-1.31347E-01
 -1       444 3.73886E-03-7.75571E-03-1.37638E-01
 -1       445 3.67958E-03-4.81100E-03-1.43396E-01
 -1       446 2.10886E-03-2.51987E-03-1.47365E-01
 -1       447 2.86513E-04-9.92250E-04-1.49582E-01
 -1       448-1.15062E-03-9.38822E-05-1.50613E-01
 -1       449-2.01842E-03 4.02252E-04-1.51017E-01
 -1       450-2.44124E-03 6.98186E-04-1.51267E-01
 -1       451-2.66802E-03 9.39325E-04-1.51663E-01
 -1       452-3.20548E-03 1.22751E-03-1.53408E-01
 -1       453-7.21667E-03-7.47736E-03-1.30498E-01
 -1       454-1.19658E-03-5.67425E-03-1.34894E-01
 -1       455 1.61985E-03-3.97231E-03-1.39917E-01
 -1       456 1.91573E-03-2.42089E-03-1.44653E-01
 -1       457 8.45173E-04-1.23355E-03-1.47911E-01
 -1       458-5.05834E-04-4.61213E-04-1.49700E-01
 -1       459-1.59033E-03-1.29911E-05-1.50512E-01
 -1       460-2.24887E-03 2.30477E-04-1.50832E-01
 -1       461-2.57610E-03 3.71329E-04-1.51059E-01
 -1       462-2.79015E-03 4.74738E-04-1.51452E-01
 -1       463-3.37844E-03 5.67228E-04-1.53202E-01
 -1       464-8.61351E-03-3.40349E-03-1.30282E-01
 -1       465-2.33673E-03-2.50948E-03-1.35256E-01
 -1       466 6.51233E-04-1.69295E-03-1.40166E-01
 -1       467 1.15365E-03-1.00746E-03-1.44757E-01
 -1       468 2.89306E-04-5.01808E-04-1.47908E-01
 -1       469-8.61427E-04-1.76783E-04-1.49629E-01
 -1       470-1.78154E-03 1.00755E-05-1.50428E-01
 -1       471-2.33328E-03 1.09578E-04-1.50765E-01
 -1       472-2.60441E-03 1.64591E-04-1.51019E-01
 -1       473-2.80463E-03 1.98590E-04-1.51428E-01
 -1       474-3.42931E-03 2.22734E-04-1.53186E-01
 -1       475-9.01457E-03-4.96018E-06-1.30293E-01
 -1       476-2.67870E-03-4.24260E-06-1.35438E-01
 -1       477 3.54150E-04-3.31646E-06-1.40327E-01
 -1       478 9.18319E-04-2.39477E-06-1.44864E-01
 -1       479 1.16511E-04-1.61614E-06-1.47954E-01
 -1       480-9.72699E-04-1.01603E-06-1.49630E-01
 -1       481-1.84139E-03-5.76228E-07-1.50409E-01
 -1       482-2.35839E-03-2.43489E-07-1.50743E-01
 -1       483-2.61105E-03 4.11955E-08-1.50999E-01
 -1       484-2.80782E-03 3.38911E-07-1.51408E-01
 -1       485-3.43810E-03 7.25582E-07-1.53165E-01
 -1       486-8.61444E-03 3.39327E-03-1.30282E-01
 -1       487-2.33782E-03 2.50086E-03-1.35257E-01
 -1       488 6.49870E-04 1.68633E-03-1.40167E-01
 -1       489 1.15219E-03 1.00266E-03-1.44758E-01
 -1       490 2.87885E-04 4.98533E-04-1.47909E-01
 -1       491-8.62736E-04 1.74704E-04-1.49630E-01
 -1       492-1.78271E-03-1.12752E-05-1.50428E-01
 -1       493-2.33432E-03-1.10111E-04-1.50766E-01
 -1       494-2.60533E-03-1.64553E-04-1.51020E-01
 -1       495-2.80547E-03-1.97958E-04-1.51429E-01
 -1       496-3.43019E-03-2.21342E-04-1.53186E-01
 -1       497-7.21848E-03 7.46749E-03-1.30499E-01
 -1       498-1.19899E-03 5.66574E-03-1.34897E-01
 -1       499 1.61691E-03 3.96552E-03-1.39919E-01
 -1       500 1.91268E-03 2.41585E-03-1.44655E-01
 -1       501 8.42252E-04 1.23003E-03-1.47913E-01
 -1       502-5.08485E-04 4.58896E-04-1.49701E-01
 -1       503-1.59268E-03 1.15818E-05-1.50513E-01
 -1       504-2.25093E-03-2.31187E-04-1.50832E-01
 -1       505-2.57791E-03-3.71444E-04-1.51060E-01
 -1       506-2.79180E-03-4.74255E-04-1.51452E-01
 -1       507-3.38013E-03-5.66026E-04-1.53203E-01
 -1       508-5.03796E-03 1.35059E-02-1.26775E-01
 -1       509 9.92444E-04 1.07570E-02-1.31355E-01
 -1       510 3.73418E-03 7.74755E-03-1.37645E-01
 -1       511 3.67478E-03 4.80469E-03-1.43402E-01
 -1       512 2.10437E-03 2.51527E-03-1.47369E-01
 -1       513 2.82546E-04 9.89065E-04-1.49585E-01
 -1       514-1.15406E-03 9.18150E-05-1.50615E-01
 -1       515-2.02140E-03-4.03431E-04-1.51018E-01
 -1       516-2.44386E-03-6.98618E-04-1.51268E-01
 -1       517-2.67042E-03-9.39068E-04-1.51664E-01
 -1       518-3.20791E-03-1.22657E-03-1.53409E-01
 -1       519 0.00000E+00 0.00000E+00-1.50000E-01
 -1       520 0.00000E+00 0.00000E+00-1.50000E-01
 -1       521 0.00000E+00 0.00000E+00-1.50000E-01
 -1       522 0.00000E+00 0.00000E+00-1.50000E-01
 -1       523 0.00000E+00 0.00000E+00-1.50000E-01
 -1       524 0.00000E+00 0.00000E+00-1.50000E-01
 -1       525 0.00000E+00 0.00000E+00-1.50000E-01
 -1       526 0.00000E+00 0.00000E+00-1.50000E-01
 -1       527 0.00000E+00 0.00000E+00-1.50000E-01
 -1       528 0.00000E+00 0.00000E+00-1.50000E-01
 -1       529 0.00000E+00 0.00000E+00-1.50000E-01
 -1       530 0.00000E+00 0.00000E+00-1.50000E-01
 -1       531 0.00000E+00 0.00000E+00-1.50000E-01
 -1       532 0.00000E+00 0.00000E+00-1.50000E-01
 -1       533 0.00000E+00 0.00000E+00-1.50000E-01
 -1       534 0.00000E+00 0.00000E+00-1.50000E-01
 -1       535 0.00000E+00 0.00000E+00-1.50000E-01
 -1       536 0.00000E+00 0.00000E+00-1.50000E-01
 -1       537 0.00000E+00 0.00000E+00-1.50000E-01
 -1       538 0.00000E+00 0.00000E+00-1.50000E-01
 -1       539 0.00000E+00 0.00000E+00-1.50000E-01
 -1       540 0.00000E+00 0.00000E+00-1.50000E-01
 -1       541 0.00000E+00 0.00000E+00-1.50000E-01
 -1       542 0.00000E+00 0.00000E+00-1.50000E-01
 -1       543 0.00000E+00 0.00000E+00-1.50000E-01
 -1       544 0.00000E+00 0.00000E+00-1.50000E-01
 -1       545 0.00000E+00 0.00000E+00-1.50000E-01
 -1       546 0.00000E+00 0.00000E+00-1.50000E-01
 -1       547 0.00000E+00 0.00000E+00-1.50000E-01
 -1       548 0.00000E+00 0.00000E+00-1.50000E-01
 -1       549 0.00000E+00 0.00000E+00-1.50000E-01
 -1       550 0.00000E+00 0.00000E+00-1.50000E-01
 -1       551 0.00000E+00 0.00000E+00-1.50000E-01
 -1       552 0.00000E+00 0.00000E+00-1.50000E-01
 -1       553 0.00000E+00 0.00000E+00-1.50000E-01
 -1       554 0.00000E+00 0.00000E+00-1.50000E-01
 -1       555 0.00000E+00 0.00000E+00-1.50000E-01
 -1       556 0.00000E+00 0.00000E+00-1.50000E-01
 -1       557 0.00000E+00 0.00000E+00-1.50000E-01
 -1       558 0.00000E+00 0.00000E+00-1.50000E-01
 -1       559 0.00000E+00 0.00000E+00-1.50000E-01
 -1       560 0.00000E+00 0.00000E+00-1.50000E-01
 -1       561 0.00000E+00 0.00000E+00-1.50000E-01
 -1       562 0.00000E+00 0.00000E+00-1.50000E-01
 -1       563 0.00000E+00 0.00000E+00-1.50000E-01
 -1       564 0.00000E+00 0.00000E+00-1.50000E-01
 -1       565 0.00000E+00 0.00000E+00-1.50000E-01
 -1       566 0.00000E+00 0.00000E+00-1.50000E-01
 -1       567 0.00000E+00 0.00000E+00-1.50000E-01
 -1       568 0.00000E+00 0.00000E+00-1.50000E-01
 -1       569 0.00000E+00 0.00000E+00-1.50000E-01
 -1       570 0.00000E+00 0.00000E+00-1.50000E-01
 -1       571 0.00000E+00 0.00000E+00-1.50000E-01
 -1       572 0.00000E+00 0.00000E+00-1.50000E-01
 -1       573 0.00000E+00 0.00000E+00-1.50000E-01
 -1       574 0.00000E+00 0.00000E+00-1.50000E-01
 -1       575 0.00000E+00 0.00000E+00-1.50000E-01
 -1       576 0.00000E+00 0.00000E+00-1.50000E-01
 -1       577 0.00000E+00 0.00000E+00-1.50000E-01
 -1       578 0.00000E+00 0.00000E+00-1.50000E-01
 -1       579 0.00000E+00 0.00000E+00-1.50000E-01
 -1       580 0.00000E+00 0.00000E+00-1.50000E-01
 -1       581 0.00000E+00 0.00000E+00-1.50000E-01
 -1       582 0.00000E+00 0.00000E+00-1.50000E-01
 -1       583 0.00000E+00 0.00000E+00-1.50000E-01
 -1       584 0.00000E+00 0.00000E+00-1.50000E-01
 -1       585 0.00000E+00 0.00000E+00-1.50000E-01
 -1       586 0.00000E+00 0.00000E+00-1.50000E-01
 -1       587 0.00000E+00 0.00000E+00-1.50000E-01
 -1       588 0.00000E+00 0.00000E+00-1.50000E-01
 -1       589 0.00000E+00 0.00000E+00-1.50000E-01
 -1       590 0.00000E+00 0.00000E+00-1.50000E-01
 -1       591 0.00000E+00 0.00000E+00-1.50000E-01
 -1       592 0.00000E+00 0.00000E+00-1.50000E-01
 -1       593 0.00000E+00 0.00000E+00-1.50000E-01
 -1       594 0.00000E+00 0.00000E+00-1.50000E-01
 -1       595 0.00000E+00 0.00000E+00-1.50000E-01
 -3
    1PSTEP                         6           3           1          
  100CL  103 1.000000000          77                     0    3           1
 -4  CONTACT     6    1
 -5  COPEN       1    1    0    0
 -5  CSLIP1      1    1    0    0
 -5  CSLIP2      1    1    0    0
 -5  CPRESS      1    1    0    0
 -5  CSHEAR1     1    1    0    0
 -5  CSHEAR2     1    1    0    0
 -1       287 3.44207E-01 0.00000E+00 0.00000E+00-3.00000E+00 0.00000E+00 0.00000E+00
 -1       286 2.95710E-01 0.00000E+00 0.00000E+00-3.00000E+00 0.00000E+00 0.00000E+00
 -1       285 2.46645E-01 0.00000E+00 0.00000E+00-3.00000E+00 0.00000E+00 0.00000E+00
 -1       284 1.96965E-01 0.00000E+00 0.00000E+00-3.00000E+00 0.00000E+00 0.00000E+00
 -1       283 1.47197E-01 0.00000E+00 0.00000E+00-3.00000E+00 0.00000E+00 0.00000E+00
 -1       282 9.85197E-02 0.00000E+00 0.00000E+00-3.00000E+00 0.00000E+00 0.00000E+00
 -1       281 5.30944E-02 0.00000E+00 0.00000E+00-3.00000E+00 0.00000E+00 0.00000E+00
 -1       280 1.51581E-02 0.00000E+00 0.00000E+00-3.00000E+00 0.00000E+00 0.00000E+00
 -1       279-8.03509E-04 0.00000E+00 0.00000E+00 8.00509E+02 0.00000E+00 0.00000E+00
 -1       278-2.13580E-03 0.00000E+00 0.00000E+00 2.13280E+03 0.00000E+00 0.00000E+00
 -1       277-3.93619E-03 0.00000E+00 0.00000E+00 3.93319E+03 0.00000E+00 0.00000E+00
 -1       276 3.44150E-01 0.00000E+00 0.00000E+00-3.00000E+00 0.00000E+00 0.00000E+00
 -1       275 2.95681E-01 0.00000E+00 0.00000E+00-3.00000E+00 0.00000E+00 0.00000E+00
 -1       274 2.46773E-01 0.00000E+00 0.00000E+00-3.00000E+00 0.00000E+00 0.00000E+00
 -1       273 1.97394E-01 0.00000E+00 0.00000E+00-3.00000E+00 0.00000E+00 0.00000E+00
 -1       272 1.48075E-01 0.00000E+00 0.00000E+00-3.00000E+00 0.00000E+00 0.00000E+00
 -1       271 1.00057E-01 0.00000E+00 0.00000E+00-3.00000E+00 0.00000E+00 0.00000E+00
 -1       270 5.54105E-02 0.00000E+00 0.00000E+00-3.00000E+00 0.00000E+00 0.00000E+00
 -1       269 1.84578E-02 0.00000E+00 0.00000E+00-3.00000E+00 0.00000E+00 0.00000E+00
 -1       268-4.91289E-04 0.00000E+00 0.00000E+00 4.88289E+02 0.00000E+00 0.00000E+00
 -1       267-1.65871E-03 0.00000E+00 0.00000E+00 1.65571E+03 0.00000E+00 0.00000E+00
 -1       266-3.66856E-03 0.00000E+00 0.00000E+00 3.66556E+03 0.00000E+00 0.00000E+00
 -1       265 3.44173E-01 0.00000E+00 0.00000E+00-3.00000E+00 0.00000E+00 0.00000E+00
 -1       264 2.95716E-01 0.00000E+00 0.00000E+00-3.00000E+00 0.00000E+00 0.00000E+00
 -1       263 2.46893E-01 0.00000E+00 0.00000E+00-3.00000E+00 0.00000E+00 0.00000E+00
 -1       262 1.97657E-01 0.00000E+00 0.00000E+00-3.00000E+00 0.00000E+00 0.00000E+00
 -1       261 1.48519E-01 0.00000E+00 0.00000E+00-3.00000E+00 0.00000E+00 0.00000E+00
 -1       260 1.00749E-01 0.00000E+00 0.00000E+00-3.00000E+00 0.00000E+00 0.00000E+00
 -1       259 5.62291E-02 0.00000E+00 0.00000E+00-3.00000E+00 0.00000E+00 0.00000E+00
 -1       258 1.91658E-02 0.00000E+00 0.00000E+00-3.00000E+00 0.00000E+00 0.00000E+00
 -1       257-3.90342E-04 0.00000E+00 0.00000E+00 3.87342E+02 0.00000E+00 0.00000E+00
 -1       256-1.46900E-03 0.00000E+00 0.00000E+00 1.46600E+03 0.00000E+00 0.00000E+00
 -1       255-3.59134E-03 0.00000E+00 0.00000E+00 3.58834E+03 0.00000E+00 0.00000E+00
 -1       254 3.44187E-01 0.00000E+00 0.00000E+00-3.00000E+00 0.00000E+00 0.00000E+00
 -1       253 2.95735E-01 0.00000E+00 0.00000E+00-3.00000E+00 0.00000E+00 0.00000E+00
 -1       252 2.46937E-01 0.00000E+00 0.00000E+00-3.00000E+00 0.00000E+00 0.00000E+00
 -1       251 1.97733E-01 0.00000E+00 0.00000E+00-3.00000E+00 0.00000E+00 0.00000E+00
 -1       250 1.48626E-01 0.00000E+00 0.00000E+00-3.00000E+00 0.00000E+00 0.00000E+00
 -1       249 1.00935E-01 0.00000E+00 0.00000E+00-3.00000E+00 0.00000E+00 0.00000E+00
 -1       248 5.64335E-02 0.00000E+00 0.00000E+00-3.00000E+00 0.00000E+00 0.00000E+00
 -1       247 1.92324E-02 0.00000E+00 0.00000E+00-3.00000E+00 0.00000E+00 0.00000E+00
 -1       246-3.69147E-04 0.00000E+00 0.00000E+00 3.66147E+02 0.00000E+00 0.00000E+00
 -1       245-1.40618E-03 0.00000E+00 0.00000E+00 1.40318E+03 0.00000E+00 0.00000E+00
 -1       244-3.55088E-03 0.00000E+00 0.00000E+00 3.54788E+03 0.00000E+00 0.00000E+00
 -1       243 3.44173E-01 0.00000E+00 0.00000E+00-3.00000E+00 0.00000E+00 0.00000E+00
 -1       242 2.95717E-01 0.00000E+00 0.00000E+00-3.00000E+00 0.00000E+00 0.00000E+00
 -1       241 2.46894E-01 0.00000E+00 0.00000E+00-3.00000E+00 0.00000E+00 0.00000E+00
 -1       240 1.97658E-01 0.00000E+00 0.00000E+00-3.00000E+00 0.00000E+00 0.00000E+00
 -1       239 1.48520E-01 0.00000E+00 0.00000E+00-3.00000E+00 0.00000E+00 0.00000E+00
 -1       238 1.00750E-01 0.00000E+00 0.00000E+00-3.00000E+00 0.00000E+00 0.00000E+00
 -1       237 5.62305E-02 0.00000E+00 0.00000E+00-3.00000E+00 0.00000E+00 0.00000E+00
 -1       236 1.91670E-02 0.00000E+00 0.00000E+00-3.00000E+00 0.00000E+00 0.00000E+00
 -1       235-3.90269E-04 0.00000E+00 0.00000E+00 3.87270E+02 0.00000E+00 0.00000E+00
 -1       234-1.46893E-03 0.00000E+00 0.00000E+00 1.46593E+03 0.00000E+00 0.00000E+00
 -1       233-3.59118E-03 0.00000E+00 0.00000E+00 3.58818E+03 0.00000E+00 0.00000E+00
 -1       232 3.44152E-01 0.00000E+00 0.00000E+00-3.00000E+00 0.00000E+00 0.00000E+00
 -1       231 2.95682E-01 0.00000E+00 0.00000E+00-3.00000E+00 0.00000E+00 0.00000E+00
 -1       230 2.46774E-01 0.00000E+00 0.00000E+00-3.00000E+00 0.00000E+00 0.00000E+00
 -1       229 1.97395E-01 0.00000E+00 0.00000E+00-3.00000E+00 0.00000E+00 0.00000E+00
 -1       228 1.48077E-01 0.00000E+00 0.00000E+00-3.00000E+00 0.00000E+00 0.00000E+00
 -1       227 1.00060E-01 0.00000E+00 0.00000E+00-3.00000E+00 0.00000E+00 0.00000E+00
 -1       226 5.54138E-02 0.00000E+00 0.00000E+00-3.00000E+00 0.00000E+00 0.00000E+00
 -1       225 1.84609E-02 0.00000E+00 0.00000E+00-3.00000E+00 0.00000E+00 0.00000E+00
 -1       224-4.91081E-04 0.00000E+00 0.00000E+00 4.88081E+02 0.00000E+00 0.00000E+00
 -1       223-1.65857E-03 0.00000E+00 0.00000E+00 1.65557E+03 0.00000E+00 0.00000E+00
 -1       222-3.66835E-03 0.00000E+00 0.00000E+00 3.66535E+03 0.00000E+00 0.00000E+00
 -1       221 3.44208E-01 0.00000E+00 0.00000E+00-3.00000E+00 0.00000E+00 0.00000E+00
 -1       220 2.95711E-01 0.00000E+00 0.00000E+00-3.00000E+00 0.00000E+00 0.00000E+00
 -1       219 2.46646E-01 0.00000E+00 0.00000E+00-3.00000E+00 0.00000E+00 0.00000E+00
 -1       218 1.96967E-01 0.00000E+00 0.00000E+00-3.00000E+00 0.00000E+00 0.00000E+00
 -1       217 1.47200E-01 0.00000E+00 0.00000E+00-3.00000E+00 0.00000E+00 0.00000E+00
 -1       216 9.85238E-02 0.00000E+00 0.00000E+00-3.00000E+00 0.00000E+00 0.00000E+00
 -1       215 5.30998E-02 0.00000E+00 0.00000E+00-3.00000E+00 0.00000E+00 0.00000E+00
 -1       214 1.51643E-02 0.00000E+00 0.00000E+00-3.00000E+00 0.00000E+00 0.00000E+00
 -1       213-8.03051E-04 0.00000E+00 0.00000E+00 8.00051E+02 0.00000E+00 0.00000E+00
 -1       212-2.13536E-03 0.00000E+00 0.00000E+00 2.13236E+03 0.00000E+00 0.00000E+00
 -1       211-3.93573E-03 0.00000E+00 0.00000E+00 3.93273E+03 0.00000E+00 0.00000E+00
 -3
 9999
