    1C
    1Uccxview sample: a tilted block on a plate, a varying contact gap  
    1UUSER                                                              
    1UDATE              10.october.2026                                 
    1UTIME              15:23:27                                        
    1UHOST                                                              
    1UPGM               CalculiX                                        
    1UVERSION           Version 2.22                             
    1UCOMPILETIME       Mon Aug  5 19:15:25 CEST 2024                    
    1UDIR                                                               
    1UDBN                                                               
    1UMAT    1STEEL                                                     
    1UMAT    2STEEL_ON_STEEL                                            
    2C                           595                                     1
 -1         1-1.50000E+01-1.00000E+01-6.00000E+00
 -1         2-1.16667E+01-1.00000E+01-6.00000E+00
 -1         3-8.33333E+00-1.00000E+01-6.00000E+00
 -1         4-5.00000E+00-1.00000E+01-6.00000E+00
 -1         5-1.66667E+00-1.00000E+01-6.00000E+00
 -1         6 1.66667E+00-1.00000E+01-6.00000E+00
 -1         7 5.00000E+00-1.00000E+01-6.00000E+00
 -1         8 8.33333E+00-1.00000E+01-6.00000E+00
 -1         9 1.16667E+01-1.00000E+01-6.00000E+00
 -1        10 1.50000E+01-1.00000E+01-6.00000E+00
 -1        11-1.50000E+01-6.66667E+00-6.00000E+00
 -1        12-1.16667E+01-6.66667E+00-6.00000E+00
 -1        13-8.33333E+00-6.66667E+00-6.00000E+00
 -1        14-5.00000E+00-6.66667E+00-6.00000E+00
 -1        15-1.66667E+00-6.66667E+00-6.00000E+00
 -1        16 1.66667E+00-6.66667E+00-6.00000E+00
 -1        17 5.00000E+00-6.66667E+00-6.00000E+00
 -1        18 8.33333E+00-6.66667E+00-6.00000E+00
 -1        19 1.16667E+01-6.66667E+00-6.00000E+00
 -1        20 1.50000E+01-6.66667E+00-6.00000E+00
 -1        21-1.50000E+01-3.33333E+00-6.00000E+00
 -1        22-1.16667E+01-3.33333E+00-6.00000E+00
 -1        23-8.33333E+00-3.33333E+00-6.00000E+00
 -1        24-5.00000E+00-3.33333E+00-6.00000E+00
 -1        25-1.66667E+00-3.33333E+00-6.00000E+00
 -1        26 1.66667E+00-3.33333E+00-6.00000E+00
 -1        27 5.00000E+00-3.33333E+00-6.00000E+00
 -1        28 8.33333E+00-3.33333E+00-6.00000E+00
 -1        29 1.16667E+01-3.33333E+00-6.00000E+00
 -1        30 1.50000E+01-3.33333E+00-6.00000E+00
 -1        31-1.50000E+01 0.00000E+00-6.00000E+00
 -1        32-1.16667E+01 0.00000E+00-6.00000E+00
 -1        33-8.33333E+00 0.00000E+00-6.00000E+00
 -1        34-5.00000E+00 0.00000E+00-6.00000E+00
 -1        35-1.66667E+00 0.00000E+00-6.00000E+00
 -1        36 1.66667E+00 0.00000E+00-6.00000E+00
 -1        37 5.00000E+00 0.00000E+00-6.00000E+00
 -1        38 8.33333E+00 0.00000E+00-6.00000E+00
 -1        39 1.16667E+01 0.00000E+00-6.00000E+00
 -1        40 1.50000E+01 0.00000E+00-6.00000E+00
 -1        41-1.50000E+01 3.33333E+00-6.00000E+00
 -1        42-1.16667E+01 3.33333E+00-6.00000E+00
 -1        43-8.33333E+00 3.33333E+00-6.00000E+00
 -1        44-5.00000E+00 3.33333E+00-6.00000E+00
 -1        45-1.66667E+00 3.33333E+00-6.00000E+00
 -1        46 1.66667E+00 3.33333E+00-6.00000E+00
 -1        47 5.00000E+00 3.33333E+00-6.00000E+00
 -1        48 8.33333E+00 3.33333E+00-6.00000E+00
 -1        49 1.16667E+01 3.33333E+00-6.00000E+00
 -1        50 1.50000E+01 3.33333E+00-6.00000E+00
 -1        51-1.50000E+01 6.66667E+00-6.00000E+00
 -1        52-1.16667E+01 6.66667E+00-6.00000E+00
 -1        53-8.33333E+00 6.66667E+00-6.00000E+00
 -1        54-5.00000E+00 6.66667E+00-6.00000E+00
 -1        55-1.66667E+00 6.66667E+00-6.00000E+00
 -1        56 1.66667E+00 6.66667E+00-6.00000E+00
 -1        57 5.00000E+00 6.66667E+00-6.00000E+00
 -1        58 8.33333E+00 6.66667E+00-6.00000E+00
 -1        59 1.16667E+01 6.66667E+00-6.00000E+00
 -1        60 1.50000E+01 6.66667E+00-6.00000E+00
 -1        61-1.50000E+01 1.00000E+01-6.00000E+00
 -1        62-1.16667E+01 1.00000E+01-6.00000E+00
 -1        63-8.33333E+00 1.00000E+01-6.00000E+00
 -1        64-5.00000E+00 1.00000E+01-6.00000E+00
 -1        65-1.66667E+00 1.00000E+01-6.00000E+00
 -1        66 1.66667E+00 1.00000E+01-6.00000E+00
 -1        67 5.00000E+00 1.00000E+01-6.00000E+00
 -1        68 8.33333E+00 1.00000E+01-6.00000E+00
 -1        69 1.16667E+01 1.00000E+01-6.00000E+00
 -1        70 1.50000E+01 1.00000E+01-6.00000E+00
 -1        71-1.50000E+01-1.00000E+01-3.00000E+00
 -1        72-1.16667E+01-1.00000E+01-3.00000E+00
 -1        73-8.33333E+00-1.00000E+01-3.00000E+00
 -1        74-5.00000E+00-1.00000E+01-3.00000E+00
 -1        75-1.66667E+00-1.00000E+01-3.00000E+00
 -1        76 1.66667E+00-1.00000E+01-3.00000E+00
 -1        77 5.00000E+00-1.00000E+01-3.00000E+00
 -1        78 8.33333E+00-1.00000E+01-3.00000E+00
 -1        79 1.16667E+01-1.00000E+01-3.00000E+00
 -1        80 1.50000E+01-1.00000E+01-3.00000E+00
 -1        81-1.50000E+01-6.66667E+00-3.00000E+00
 -1        82-1.16667E+01-6.66667E+00-3.00000E+00
 -1        83-8.33333E+00-6.66667E+00-3.00000E+00
 -1        84-5.00000E+00-6.66667E+00-3.00000E+00
 -1        85-1.66667E+00-6.66667E+00-3.00000E+00
 -1        86 1.66667E+00-6.66667E+00-3.00000E+00
 -1        87 5.00000E+00-6.66667E+00-3.00000E+00
 -1        88 8.33333E+00-6.66667E+00-3.00000E+00
 -1        89 1.16667E+01-6.66667E+00-3.00000E+00
 -1        90 1.50000E+01-6.66667E+00-3.00000E+00
 -1        91-1.50000E+01-3.33333E+00-3.00000E+00
 -1        92-1.16667E+01-3.33333E+00-3.00000E+00
 -1        93-8.33333E+00-3.33333E+00-3.00000E+00
 -1        94-5.00000E+00-3.33333E+00-3.00000E+00
 -1        95-1.66667E+00-3.33333E+00-3.00000E+00
 -1        96 1.66667E+00-3.33333E+00-3.00000E+00
 -1        97 5.00000E+00-3.33333E+00-3.00000E+00
 -1        98 8.33333E+00-3.33333E+00-3.00000E+00
 -1        99 1.16667E+01-3.33333E+00-3.00000E+00
 -1       100 1.50000E+01-3.33333E+00-3.00000E+00
 -1       101-1.50000E+01 0.00000E+00-3.00000E+00
 -1       102-1.16667E+01 0.00000E+00-3.00000E+00
 -1       103-8.33333E+00 0.00000E+00-3.00000E+00
 -1       104-5.00000E+00 0.00000E+00-3.00000E+00
 -1       105-1.66667E+00 0.00000E+00-3.00000E+00
 -1       106 1.66667E+00 0.00000E+00-3.00000E+00
 -1       107 5.00000E+00 0.00000E+00-3.00000E+00
 -1       108 8.33333E+00 0.00000E+00-3.00000E+00
 -1       109 1.16667E+01 0.00000E+00-3.00000E+00
 -1       110 1.50000E+01 0.00000E+00-3.00000E+00
 -1       111-1.50000E+01 3.33333E+00-3.00000E+00
 -1       112-1.16667E+01 3.33333E+00-3.00000E+00
 -1       113-8.33333E+00 3.33333E+00-3.00000E+00
 -1       114-5.00000E+00 3.33333E+00-3.00000E+00
 -1       115-1.66667E+00 3.33333E+00-3.00000E+00
 -1       116 1.66667E+00 3.33333E+00-3.00000E+00
 -1       117 5.00000E+00 3.33333E+00-3.00000E+00
 -1       118 8.33333E+00 3.33333E+00-3.00000E+00
 -1       119 1.16667E+01 3.33333E+00-3.00000E+00
 -1       120 1.50000E+01 3.33333E+00-3.00000E+00
 -1       121-1.50000E+01 6.66667E+00-3.00000E+00
 -1       122-1.16667E+01 6.66667E+00-3.00000E+00
 -1       123-8.33333E+00 6.66667E+00-3.00000E+00
 -1       124-5.00000E+00 6.66667E+00-3.00000E+00
 -1       125-1.66667E+00 6.66667E+00-3.00000E+00
 -1       126 1.66667E+00 6.66667E+00-3.00000E+00
 -1       127 5.00000E+00 6.66667E+00-3.00000E+00
 -1       128 8.33333E+00 6.66667E+00-3.00000E+00
 -1       129 1.16667E+01 6.66667E+00-3.00000E+00
 -1       130 1.50000E+01 6.66667E+00-3.00000E+00
 -1       131-1.50000E+01 1.00000E+01-3.00000E+00
 -1       132-1.16667E+01 1.00000E+01-3.00000E+00
 -1       133-8.33333E+00 1.00000E+01-3.00000E+00
 -1       134-5.00000E+00 1.00000E+01-3.00000E+00
 -1       135-1.66667E+00 1.00000E+01-3.00000E+00
 -1       136 1.66667E+00 1.00000E+01-3.00000E+00
 -1       137 5.00000E+00 1.00000E+01-3.00000E+00
 -1       138 8.33333E+00 1.00000E+01-3.00000E+00
 -1       139 1.16667E+01 1.00000E+01-3.00000E+00
 -1       140 1.50000E+01 1.00000E+01-3.00000E+00
 -1       141-1.50000E+01-1.00000E+01 0.00000E+00
 -1       142-1.16667E+01-1.00000E+01 0.00000E+00
 -1       143-8.33333E+00-1.00000E+01 0.00000E+00
 -1       144-5.00000E+00-1.00000E+01 0.00000E+00
 -1       145-1.66667E+00-1.00000E+01 0.00000E+00
 -1       146 1.66667E+00-1.00000E+01 0.00000E+00
 -1       147 5.00000E+00-1.00000E+01 0.00000E+00
 -1       148 8.33333E+00-1.00000E+01 0.00000E+00
 -1       149 1.16667E+01-1.00000E+01 0.00000E+00
 -1       150 1.50000E+01-1.00000E+01 0.00000E+00
 -1       151-1.50000E+01-6.66667E+00 0.00000E+00
 -1       152-1.16667E+01-6.66667E+00 0.00000E+00
 -1       153-8.33333E+00-6.66667E+00 0.00000E+00
 -1       154-5.00000E+00-6.66667E+00 0.00000E+00
 -1       155-1.66667E+00-6.66667E+00 0.00000E+00
 -1       156 1.66667E+00-6.66667E+00 0.00000E+00
 -1       157 5.00000E+00-6.66667E+00 0.00000E+00
 -1       158 8.33333E+00-6.66667E+00 0.00000E+00
 -1       159 1.16667E+01-6.66667E+00 0.00000E+00
 -1       160 1.50000E+01-6.66667E+00 0.00000E+00
 -1       161-1.50000E+01-3.33333E+00 0.00000E+00
 -1       162-1.16667E+01-3.33333E+00 0.00000E+00
 -1       163-8.33333E+00-3.33333E+00 0.00000E+00
 -1       164-5.00000E+00-3.33333E+00 0.00000E+00
 -1       165-1.66667E+00-3.33333E+00 0.00000E+00
 -1       166 1.66667E+00-3.33333E+00 0.00000E+00
 -1       167 5.00000E+00-3.33333E+00 0.00000E+00
 -1       168 8.33333E+00-3.33333E+00 0.00000E+00
 -1       169 1.16667E+01-3.33333E+00 0.00000E+00
 -1       170 1.50000E+01-3.33333E+00 0.00000E+00
 -1       171-1.50000E+01 0.00000E+00 0.00000E+00
 -1       172-1.16667E+01 0.00000E+00 0.00000E+00
 -1       173-8.33333E+00 0.00000E+00 0.00000E+00
 -1       174-5.00000E+00 0.00000E+00 0.00000E+00
 -1       175-1.66667E+00 0.00000E+00 0.00000E+00
 -1       176 1.66667E+00 0.00000E+00 0.00000E+00
 -1       177 5.00000E+00 0.00000E+00 0.00000E+00
 -1       178 8.33333E+00 0.00000E+00 0.00000E+00
 -1       179 1.16667E+01 0.00000E+00 0.00000E+00
 -1       180 1.50000E+01 0.00000E+00 0.00000E+00
 -1       181-1.50000E+01 3.33333E+00 0.00000E+00
 -1       182-1.16667E+01 3.33333E+00 0.00000E+00
 -1       183-8.33333E+00 3.33333E+00 0.00000E+00
 -1       184-5.00000E+00 3.33333E+00 0.00000E+00
 -1       185-1.66667E+00 3.33333E+00 0.00000E+00
 -1       186 1.66667E+00 3.33333E+00 0.00000E+00
 -1       187 5.00000E+00 3.33333E+00 0.00000E+00
 -1       188 8.33333E+00 3.33333E+00 0.00000E+00
 -1       189 1.16667E+01 3.33333E+00 0.00000E+00
 -1       190 1.50000E+01 3.33333E+00 0.00000E+00
 -1       191-1.50000E+01 6.66667E+00 0.00000E+00
 -1       192-1.16667E+01 6.66667E+00 0.00000E+00
 -1       193-8.33333E+00 6.66667E+00 0.00000E+00
 -1       194-5.00000E+00 6.66667E+00 0.00000E+00
 -1       195-1.66667E+00 6.66667E+00 0.00000E+00
 -1       196 1.66667E+00 6.66667E+00 0.00000E+00
 -1       197 5.00000E+00 6.66667E+00 0.00000E+00
 -1       198 8.33333E+00 6.66667E+00 0.00000E+00
 -1       199 1.16667E+01 6.66667E+00 0.00000E+00
 -1       200 1.50000E+01 6.66667E+00 0.00000E+00
 -1       201-1.50000E+01 1.00000E+01 0.00000E+00
 -1       202-1.16667E+01 1.00000E+01 0.00000E+00
 -1       203-8.33333E+00 1.00000E+01 0.00000E+00
 -1       204-5.00000E+00 1.00000E+01 0.00000E+00
 -1       205-1.66667E+00 1.00000E+01 0.00000E+00
 -1       206 1.66667E+00 1.00000E+01 0.00000E+00
 -1       207 5.00000E+00 1.00000E+01 0.00000E+00
 -1       208 8.33333E+00 1.00000E+01 0.00000E+00
 -1       209 1.16667E+01 1.00000E+01 0.00000E+00
 -1       210 1.50000E+01 1.00000E+01 0.00000E+00
 -1       211-1.00000E+01-6.00000E+00 0.00000E+00
 -1       212-8.00062E+00-6.00000E+00 4.99844E-02
 -1       213-6.00125E+00-6.00000E+00 9.99688E-02
 -1       214-4.00187E+00-6.00000E+00 1.49953E-01
 -1       215-2.00250E+00-6.00000E+00 1.99938E-01
 -1       216-3.12354E-03-6.00000E+00 2.49922E-01
 -1       217 1.99625E+00-6.00000E+00 2.99906E-01
 -1       218 3.99563E+00-6.00000E+00 3.49891E-01
 -1       219 5.99500E+00-6.00000E+00 3.99875E-01
 -1       220 7.99438E+00-6.00000E+00 4.49859E-01
 -1       221 9.99375E+00-6.00000E+00 4.99844E-01
 -1       222-1.00000E+01-4.00000E+00 0.00000E+00
 -1       223-8.00062E+00-4.00000E+00 4.99844E-02
 -1       224-6.00125E+00-4.00000E+00 9.99688E-02
 -1       225-4.00187E+00-4.00000E+00 1.49953E-01
 -1       226-2.00250E+00-4.00000E+00 1.99938E-01
 -1       227-3.12354E-03-4.00000E+00 2.49922E-01
 -1       228 1.99625E+00-4.00000E+00 2.99906E-01
 -1       229 3.99563E+00-4.00000E+00 3.49891E-01
 -1       230 5.99500E+00-4.00000E+00 3.99875E-01
 -1       231 7.99438E+00-4.00000E+00 4.49859E-01
 -1       232 9.99375E+00-4.00000E+00 4.99844E-01
 -1       233-1.00000E+01-2.00000E+00 0.00000E+00
 -1       234-8.00062E+00-2.00000E+00 4.99844E-02
 -1       235-6.00125E+00-2.00000E+00 9.99688E-02
 -1       236-4.00187E+00-2.00000E+00 1.49953E-01
 -1       237-2.00250E+00-2.00000E+00 1.99938E-01
 -1       238-3.12354E-03-2.00000E+00 2.49922E-01
 -1       239 1.99625E+00-2.00000E+00 2.99906E-01
 -1       240 3.99563E+00-2.00000E+00 3.49891E-01
 -1       241 5.99500E+00-2.00000E+00 3.99875E-01
 -1       242 7.99438E+00-2.00000E+00 4.49859E-01
 -1       243 9.99375E+00-2.00000E+00 4.99844E-01
 -1       244-1.00000E+01 0.00000E+00 0.00000E+00
 -1       245-8.00062E+00 0.00000E+00 4.99844E-02
 -1       246-6.00125E+00 0.00000E+00 9.99688E-02
 -1       247-4.00187E+00 0.00000E+00 1.49953E-01
 -1       248-2.00250E+00 0.00000E+00 1.99938E-01
 -1       249-3.12354E-03 0.00000E+00 2.49922E-01
 -1       250 1.99625E+00 0.00000E+00 2.99906E-01
 -1       251 3.99563E+00 0.00000E+00 3.49891E-01
 -1       252 5.99500E+00 0.00000E+00 3.99875E-01
 -1       253 7.99438E+00 0.00000E+00 4.49859E-01
 -1       254 9.99375E+00 0.00000E+00 4.99844E-01
 -1       255-1.00000E+01 2.00000E+00 0.00000E+00
 -1       256-8.00062E+00 2.00000E+00 4.99844E-02
 -1       257-6.00125E+00 2.00000E+00 9.99688E-02
 -1       258-4.00187E+00 2.00000E+00 1.49953E-01
 -1       259-2.00250E+00 2.00000E+00 1.99938E-01
 -1       260-3.12354E-03 2.00000E+00 2.49922E-01
 -1       261 1.99625E+00 2.00000E+00 2.99906E-01
 -1       262 3.99563E+00 2.00000E+00 3.49891E-01
 -1       263 5.99500E+00 2.00000E+00 3.99875E-01
 -1       264 7.99438E+00 2.00000E+00 4.49859E-01
 -1       265 9.99375E+00 2.00000E+00 4.99844E-01
 -1       266-1.00000E+01 4.00000E+00 0.00000E+00
 -1       267-8.00062E+00 4.00000E+00 4.99844E-02
 -1       268-6.00125E+00 4.00000E+00 9.99688E-02
 -1       269-4.00187E+00 4.00000E+00 1.49953E-01
 -1       270-2.00250E+00 4.00000E+00 1.99938E-01
 -1       271-3.12354E-03 4.00000E+00 2.49922E-01
 -1       272 1.99625E+00 4.00000E+00 2.99906E-01
 -1       273 3.99563E+00 4.00000E+00 3.49891E-01
 -1       274 5.99500E+00 4.00000E+00 3.99875E-01
 -1       275 7.99438E+00 4.00000E+00 4.49859E-01
 -1       276 9.99375E+00 4.00000E+00 4.99844E-01
 -1       277-1.00000E+01 6.00000E+00 0.00000E+00
 -1       278-8.00062E+00 6.00000E+00 4.99844E-02
 -1       279-6.00125E+00 6.00000E+00 9.99688E-02
 -1       280-4.00187E+00 6.00000E+00 1.49953E-01
 -1       281-2.00250E+00 6.00000E+00 1.99938E-01
 -1       282-3.12354E-03 6.00000E+00 2.49922E-01
 -1       283 1.99625E+00 6.00000E+00 2.99906E-01
 -1       284 3.99563E+00 6.00000E+00 3.49891E-01
 -1       285 5.99500E+00 6.00000E+00 3.99875E-01
 -1       286 7.99438E+00 6.00000E+00 4.49859E-01
 -1       287 9.99375E+00 6.00000E+00 4.99844E-01
 -1       288-1.00625E+01-6.00000E+00 2.49922E+00
 -1       289-8.06311E+00-6.00000E+00 2.54920E+00
 -1       290-6.06373E+00-6.00000E+00 2.59919E+00
 -1       291-4.06435E+00-6.00000E+00 2.64917E+00
 -1       292-2.06498E+00-6.00000E+00 2.69916E+00
 -1       293-6.56040E-02-6.00000E+00 2.74914E+00
 -1       294 1.93377E+00-6.00000E+00 2.79913E+00
 -1       295 3.93315E+00-6.00000E+00 2.84911E+00
 -1       296 5.93252E+00-6.00000E+00 2.89909E+00
 -1       297 7.93190E+00-6.00000E+00 2.94908E+00
 -1       298 9.93127E+00-6.00000E+00 2.99906E+00
 -1       299-1.00625E+01-4.00000E+00 2.49922E+00
 -1       300-8.06311E+00-4.00000E+00 2.54920E+00
 -1       301-6.06373E+00-4.00000E+00 2.59919E+00
 -1       302-4.06435E+00-4.00000E+00 2.64917E+00
 -1       303-2.06498E+00-4.00000E+00 2.69916E+00
 -1       304-6.56040E-02-4.00000E+00 2.74914E+00
 -1       305 1.93377E+00-4.00000E+00 2.79913E+00
 -1       306 3.93315E+00-4.00000E+00 2.84911E+00
 -1       307 5.93252E+00-4.00000E+00 2.89909E+00
 -1       308 7.93190E+00-4.00000E+00 2.94908E+00
 -1       309 9.93127E+00-4.00000E+00 2.99906E+00
 -1       310-1.00625E+01-2.00000E+00 2.49922E+00
 -1       311-8.06311E+00-2.00000E+00 2.54920E+00
 -1       312-6.06373E+00-2.00000E+00 2.59919E+00
 -1       313-4.06435E+00-2.00000E+00 2.64917E+00
 -1       314-2.06498E+00-2.00000E+00 2.69916E+00
 -1       315-6.56040E-02-2.00000E+00 2.74914E+00
 -1       316 1.93377E+00-2.00000E+00 2.79913E+00
 -1       317 3.93315E+00-2.00000E+00 2.84911E+00
 -1       318 5.93252E+00-2.00000E+00 2.89909E+00
 -1       319 7.93190E+00-2.00000E+00 2.94908E+00
 -1       320 9.93127E+00-2.00000E+00 2.99906E+00
 -1       321-1.00625E+01 0.00000E+00 2.49922E+00
 -1       322-8.06311E+00 0.00000E+00 2.54920E+00
 -1       323-6.06373E+00 0.00000E+00 2.59919E+00
 -1       324-4.06435E+00 0.00000E+00 2.64917E+00
 -1       325-2.06498E+00 0.00000E+00 2.69916E+00
 -1       326-6.56040E-02 0.00000E+00 2.74914E+00
 -1       327 1.93377E+00 0.00000E+00 2.79913E+00
 -1       328 3.93315E+00 0.00000E+00 2.84911E+00
 -1       329 5.93252E+00 0.00000E+00 2.89909E+00
 -1       330 7.93190E+00 0.00000E+00 2.94908E+00
 -1       331 9.93127E+00 0.00000E+00 2.99906E+00
 -1       332-1.00625E+01 2.00000E+00 2.49922E+00
 -1       333-8.06311E+00 2.00000E+00 2.54920E+00
 -1       334-6.06373E+00 2.00000E+00 2.59919E+00
 -1       335-4.06435E+00 2.00000E+00 2.64917E+00
 -1       336-2.06498E+00 2.00000E+00 2.69916E+00
 -1       337-6.56040E-02 2.00000E+00 2.74914E+00
 -1       338 1.93377E+00 2.00000E+00 2.79913E+00
 -1       339 3.93315E+00 2.00000E+00 2.84911E+00
 -1       340 5.93252E+00 2.00000E+00 2.89909E+00
 -1       341 7.93190E+00 2.00000E+00 2.94908E+00
 -1       342 9.93127E+00 2.00000E+00 2.99906E+00
 -1       343-1.00625E+01 4.00000E+00 2.49922E+00
 -1       344-8.06311E+00 4.00000E+00 2.54920E+00
 -1       345-6.06373E+00 4.00000E+00 2.59919E+00
 -1       346-4.06435E+00 4.00000E+00 2.64917E+00
 -1       347-2.06498E+00 4.00000E+00 2.69916E+00
 -1       348-6.56040E-02 4.00000E+00 2.74914E+00
 -1       349 1.93377E+00 4.00000E+00 2.79913E+00
 -1       350 3.93315E+00 4.00000E+00 2.84911E+00
 -1       351 5.93252E+00 4.00000E+00 2.89909E+00
 -1       352 7.93190E+00 4.00000E+00 2.94908E+00
 -1       353 9.93127E+00 4.00000E+00 2.99906E+00
 -1       354-1.00625E+01 6.00000E+00 2.49922E+00
 -1       355-8.06311E+00 6.00000E+00 2.54920E+00
 -1       356-6.06373E+00 6.00000E+00 2.59919E+00
 -1       357-4.06435E+00 6.00000E+00 2.64917E+00
 -1       358-2.06498E+00 6.00000E+00 2.69916E+00
 -1       359-6.56040E-02 6.00000E+00 2.74914E+00
 -1       360 1.93377E+00 6.00000E+00 2.79913E+00
 -1       361 3.93315E+00 6.00000E+00 2.84911E+00
 -1       362 5.93252E+00 6.00000E+00 2.89909E+00
 -1       363 7.93190E+00 6.00000E+00 2.94908E+00
 -1       364 9.93127E+00 6.00000E+00 2.99906E+00
 -1       365-1.01250E+01-6.00000E+00 4.99844E+00
 -1       366-8.12559E+00-6.00000E+00 5.04842E+00
 -1       367-6.12621E+00-6.00000E+00 5.09841E+00
 -1       368-4.12683E+00-6.00000E+00 5.14839E+00
 -1       369-2.12746E+00-6.00000E+00 5.19838E+00
 -1       370-1.28084E-01-6.00000E+00 5.24836E+00
 -1       371 1.87129E+00-6.00000E+00 5.29834E+00
 -1       372 3.87067E+00-6.00000E+00 5.34833E+00
 -1       373 5.87004E+00-6.00000E+00 5.39831E+00
 -1       374 7.86942E+00-6.00000E+00 5.44830E+00
 -1       375 9.86879E+00-6.00000E+00 5.49828E+00
 -1       376-1.01250E+01-4.00000E+00 4.99844E+00
 -1       377-8.12559E+00-4.00000E+00 5.04842E+00
 -1       378-6.12621E+00-4.00000E+00 5.09841E+00
 -1       379-4.12683E+00-4.00000E+00 5.14839E+00
 -1       380-2.12746E+00-4.00000E+00 5.19838E+00
 -1       381-1.28084E-01-4.00000E+00 5.24836E+00
 -1       382 1.87129E+00-4.00000E+00 5.29834E+00
 -1       383 3.87067E+00-4.00000E+00 5.34833E+00
 -1       384 5.87004E+00-4.00000E+00 5.39831E+00
 -1       385 7.86942E+00-4.00000E+00 5.44830E+00
 -1       386 9.86879E+00-4.00000E+00 5.49828E+00
 -1       387-1.01250E+01-2.00000E+00 4.99844E+00
 -1       388-8.12559E+00-2.00000E+00 5.04842E+00
 -1       389-6.12621E+00-2.00000E+00 5.09841E+00
 -1       390-4.12683E+00-2.00000E+00 5.14839E+00
 -1       391-2.12746E+00-2.00000E+00 5.19838E+00
 -1       392-1.28084E-01-2.00000E+00 5.24836E+00
 -1       393 1.87129E+00-2.00000E+00 5.29834E+00
 -1       394 3.87067E+00-2.00000E+00 5.34833E+00
 -1       395 5.87004E+00-2.00000E+00 5.39831E+00
 -1       396 7.86942E+00-2.00000E+00 5.44830E+00
 -1       397 9.86879E+00-2.00000E+00 5.49828E+00
 -1       398-1.01250E+01 0.00000E+00 4.99844E+00
 -1       399-8.12559E+00 0.00000E+00 5.04842E+00
 -1       400-6.12621E+00 0.00000E+00 5.09841E+00
 -1       401-4.12683E+00 0.00000E+00 5.14839E+00
 -1       402-2.12746E+00 0.00000E+00 5.19838E+00
 -1       403-1.28084E-01 0.00000E+00 5.24836E+00
 -1       404 1.87129E+00 0.00000E+00 5.29834E+00
 -1       405 3.87067E+00 0.00000E+00 5.34833E+00
 -1       406 5.87004E+00 0.00000E+00 5.39831E+00
 -1       407 7.86942E+00 0.00000E+00 5.44830E+00
 -1       408 9.86879E+00 0.00000E+00 5.49828E+00
 -1       409-1.01250E+01 2.00000E+00 4.99844E+00
 -1       410-8.12559E+00 2.00000E+00 5.04842E+00
 -1       411-6.12621E+00 2.00000E+00 5.09841E+00
 -1       412-4.12683E+00 2.00000E+00 5.14839E+00
 -1       413-2.12746E+00 2.00000E+00 5.19838E+00
 -1       414-1.28084E-01 2.00000E+00 5.24836E+00
 -1       415 1.87129E+00 2.00000E+00 5.29834E+00
 -1       416 3.87067E+00 2.00000E+00 5.34833E+00
 -1       417 5.87004E+00 2.00000E+00 5.39831E+00
 -1       418 7.86942E+00 2.00000E+00 5.44830E+00
 -1       419 9.86879E+00 2.00000E+00 5.49828E+00
 -1       420-1.01250E+01 4.00000E+00 4.99844E+00
 -1       421-8.12559E+00 4.00000E+00 5.04842E+00
 -1       422-6.12621E+00 4.00000E+00 5.09841E+00
 -1       423-4.12683E+00 4.00000E+00 5.14839E+00
 -1       424-2.12746E+00 4.00000E+00 5.19838E+00
 -1       425-1.28084E-01 4.00000E+00 5.24836E+00
 -1       426 1.87129E+00 4.00000E+00 5.29834E+00
 -1       427 3.87067E+00 4.00000E+00 5.34833E+00
 -1       428 5.87004E+00 4.00000E+00 5.39831E+00
 -1       429 7.86942E+00 4.00000E+00 5.44830E+00
 -1       430 9.86879E+00 4.00000E+00 5.49828E+00
 -1       431-1.01250E+01 6.00000E+00 4.99844E+00
 -1       432-8.12559E+00 6.00000E+00 5.04842E+00
 -1       433-6.12621E+00 6.00000E+00 5.09841E+00
 -1       434-4.12683E+00 6.00000E+00 5.14839E+00
 -1       435-2.12746E+00 6.00000E+00 5.19838E+00
 -1       436-1.28084E-01 6.00000E+00 5.24836E+00
 -1       437 1.87129E+00 6.00000E+00 5.29834E+00
 -1       438 3.87067E+00 6.00000E+00 5.34833E+00
 -1       439 5.87004E+00 6.00000E+00 5.39831E+00
 -1       440 7.86942E+00 6.00000E+00 5.44830E+00
 -1       441 9.86879E+00 6.00000E+00 5.49828E+00
 -1       442-1.01874E+01-6.00000E+00 7.49766E+00
 -1       443-8.18807E+00-6.00000E+00 7.54764E+00
 -1       444-6.18869E+00-6.00000E+00 7.59763E+00
 -1       445-4.18932E+00-6.00000E+00 7.64761E+00
 -1       446-2.18994E+00-6.00000E+00 7.69760E+00
 -1       447-1.90565E-01-6.00000E+00 7.74758E+00
 -1       448 1.80881E+00-6.00000E+00 7.79756E+00
 -1       449 3.80819E+00-6.00000E+00 7.84755E+00
 -1       450 5.80756E+00-6.00000E+00 7.89753E+00
 -1       451 7.80694E+00-6.00000E+00 7.94752E+00
 -1       452 9.80631E+00-6.00000E+00 7.99750E+00
 -1       453-1.01874E+01-4.00000E+00 7.49766E+00
 -1       454-8.18807E+00-4.00000E+00 7.54764E+00
 -1       455-6.18869E+00-4.00000E+00 7.59763E+00
 -1       456-4.18932E+00-4.00000E+00 7.64761E+00
 -1       457-2.18994E+00-4.00000E+00 7.69760E+00
 -1       458-1.90565E-01-4.00000E+00 7.74758E+00
 -1       459 1.80881E+00-4.00000E+00 7.79756E+00
 -1       460 3.80819E+00-4.00000E+00 7.84755E+00
 -1       461 5.80756E+00-4.00000E+00 7.89753E+00
 -1       462 7.80694E+00-4.00000E+00 7.94752E+00
 -1       463 9.80631E+00-4.00000E+00 7.99750E+00
 -1       464-1.01874E+01-2.00000E+00 7.49766E+00
 -1       465-8.18807E+00-2.00000E+00 7.54764E+00
 -1       466-6.18869E+00-2.00000E+00 7.59763E+00
 -1       467-4.18932E+00-2.00000E+00 7.64761E+00
 -1       468-2.18994E+00-2.00000E+00 7.69760E+00
 -1       469-1.90565E-01-2.00000E+00 7.74758E+00
 -1       470 1.80881E+00-2.00000E+00 7.79756E+00
 -1       471 3.80819E+00-2.00000E+00 7.84755E+00
 -1       472 5.80756E+00-2.00000E+00 7.89753E+00
 -1       473 7.80694E+00-2.00000E+00 7.94752E+00
 -1       474 9.80631E+00-2.00000E+00 7.99750E+00
 -1       475-1.01874E+01 0.00000E+00 7.49766E+00
 -1       476-8.18807E+00 0.00000E+00 7.54764E+00
 -1       477-6.18869E+00 0.00000E+00 7.59763E+00
 -1       478-4.18932E+00 0.00000E+00 7.64761E+00
 -1       479-2.18994E+00 0.00000E+00 7.69760E+00
 -1       480-1.90565E-01 0.00000E+00 7.74758E+00
 -1       481 1.80881E+00 0.00000E+00 7.79756E+00
 -1       482 3.80819E+00 0.00000E+00 7.84755E+00
 -1       483 5.80756E+00 0.00000E+00 7.89753E+00
 -1       484 7.80694E+00 0.00000E+00 7.94752E+00
 -1       485 9.80631E+00 0.00000E+00 7.99750E+00
 -1       486-1.01874E+01 2.00000E+00 7.49766E+00
 -1       487-8.18807E+00 2.00000E+00 7.54764E+00
 -1       488-6.18869E+00 2.00000E+00 7.59763E+00
 -1       489-4.18932E+00 2.00000E+00 7.64761E+00
 -1       490-2.18994E+00 2.00000E+00 7.69760E+00
 -1       491-1.90565E-01 2.00000E+00 7.74758E+00
 -1       492 1.80881E+00 2.00000E+00 7.79756E+00
 -1       493 3.80819E+00 2.00000E+00 7.84755E+00
 -1       494 5.80756E+00 2.00000E+00 7.89753E+00
 -1       495 7.80694E+00 2.00000E+00 7.94752E+00
 -1       496 9.80631E+00 2.00000E+00 7.99750E+00
 -1       497-1.01874E+01 4.00000E+00 7.49766E+00
 -1       498-8.18807E+00 4.00000E+00 7.54764E+00
 -1       499-6.18869E+00 4.00000E+00 7.59763E+00
 -1       500-4.18932E+00 4.00000E+00 7.64761E+00
 -1       501-2.18994E+00 4.00000E+00 7.69760E+00
 -1       502-1.90565E-01 4.00000E+00 7.74758E+00
 -1       503 1.80881E+00 4.00000E+00 7.79756E+00
 -1       504 3.80819E+00 4.00000E+00 7.84755E+00
 -1       505 5.80756E+00 4.00000E+00 7.89753E+00
 -1       506 7.80694E+00 4.00000E+00 7.94752E+00
 -1       507 9.80631E+00 4.00000E+00 7.99750E+00
 -1       508-1.01874E+01 6.00000E+00 7.49766E+00
 -1       509-8.18807E+00 6.00000E+00 7.54764E+00
 -1       510-6.18869E+00 6.00000E+00 7.59763E+00
 -1       511-4.18932E+00 6.00000E+00 7.64761E+00
 -1       512-2.18994E+00 6.00000E+00 7.69760E+00
 -1       513-1.90565E-01 6.00000E+00 7.74758E+00
 -1       514 1.80881E+00 6.00000E+00 7.79756E+00
 -1       515 3.80819E+00 6.00000E+00 7.84755E+00
 -1       516 5.80756E+00 6.00000E+00 7.89753E+00
 -1       517 7.80694E+00 6.00000E+00 7.94752E+00
 -1       518 9.80631E+00 6.00000E+00 7.99750E+00
 -1       519-1.02499E+01-6.00000E+00 9.99688E+00
 -1       520-8.25055E+00-6.00000E+00 1.00469E+01
 -1       521-6.25117E+00-6.00000E+00 1.00968E+01
 -1       522-4.25180E+00-6.00000E+00 1.01468E+01
 -1       523-2.25242E+00-6.00000E+00 1.01968E+01
 -1       524-2.53045E-01-6.00000E+00 1.02468E+01
 -1       525 1.74633E+00-6.00000E+00 1.02968E+01
 -1       526 3.74571E+00-6.00000E+00 1.03468E+01
 -1       527 5.74508E+00-6.00000E+00 1.03968E+01
 -1       528 7.74446E+00-6.00000E+00 1.04467E+01
 -1       529 9.74383E+00-6.00000E+00 1.04967E+01
 -1       530-1.02499E+01-4.00000E+00 9.99688E+00
 -1       531-8.25055E+00-4.00000E+00 1.00469E+01
 -1       532-6.25117E+00-4.00000E+00 1.00968E+01
 -1       533-4.25180E+00-4.00000E+00 1.01468E+01
 -1       534-2.25242E+00-4.00000E+00 1.01968E+01
 -1       535-2.53045E-01-4.00000E+00 1.02468E+01
 -1       536 1.74633E+00-4.00000E+00 1.02968E+01
 -1       537 3.74571E+00-4.00000E+00 1.03468E+01
 -1       538 5.74508E+00-4.00000E+00 1.03968E+01
 -1       539 7.74446E+00-4.00000E+00 1.04467E+01
 -1       540 9.74383E+00-4.00000E+00 1.04967E+01
 -1       541-1.02499E+01-2.00000E+00 9.99688E+00
 -1       542-8.25055E+00-2.00000E+00 1.00469E+01
 -1       543-6.25117E+00-2.00000E+00 1.00968E+01
 -1       544-4.25180E+00-2.00000E+00 1.01468E+01
 -1       545-2.25242E+00-2.00000E+00 1.01968E+01
 -1       546-2.53045E-01-2.00000E+00 1.02468E+01
 -1       547 1.74633E+00-2.00000E+00 1.02968E+01
 -1       548 3.74571E+00-2.00000E+00 1.03468E+01
 -1       549 5.74508E+00-2.00000E+00 1.03968E+01
 -1       550 7.74446E+00-2.00000E+00 1.04467E+01
 -1       551 9.74383E+00-2.00000E+00 1.04967E+01
 -1       552-1.02499E+01 0.00000E+00 9.99688E+00
 -1       553-8.25055E+00 0.00000E+00 1.00469E+01
 -1       554-6.25117E+00 0.00000E+00 1.00968E+01
 -1       555-4.25180E+00 0.00000E+00 1.01468E+01
 -1       556-2.25242E+00 0.00000E+00 1.01968E+01
 -1       557-2.53045E-01 0.00000E+00 1.02468E+01
 -1       558 1.74633E+00 0.00000E+00 1.02968E+01
 -1       559 3.74571E+00 0.00000E+00 1.03468E+01
 -1       560 5.74508E+00 0.00000E+00 1.03968E+01
 -1       561 7.74446E+00 0.00000E+00 1.04467E+01
 -1       562 9.74383E+00 0.00000E+00 1.04967E+01
 -1       563-1.02499E+01 2.00000E+00 9.99688E+00
 -1       564-8.25055E+00 2.00000E+00 1.00469E+01
 -1       565-6.25117E+00 2.00000E+00 1.00968E+01
 -1       566-4.25180E+00 2.00000E+00 1.01468E+01
 -1       567-2.25242E+00 2.00000E+00 1.01968E+01
 -1       568-2.53045E-01 2.00000E+00 1.02468E+01
 -1       569 1.74633E+00 2.00000E+00 1.02968E+01
 -1       570 3.74571E+00 2.00000E+00 1.03468E+01
 -1       571 5.74508E+00 2.00000E+00 1.03968E+01
 -1       572 7.74446E+00 2.00000E+00 1.04467E+01
 -1       573 9.74383E+00 2.00000E+00 1.04967E+01
 -1       574-1.02499E+01 4.00000E+00 9.99688E+00
 -1       575-8.25055E+00 4.00000E+00 1.00469E+01
 -1       576-6.25117E+00 4.00000E+00 1.00968E+01
 -1       577-4.25180E+00 4.00000E+00 1.01468E+01
 -1       578-2.25242E+00 4.00000E+00 1.01968E+01
 -1       579-2.53045E-01 4.00000E+00 1.02468E+01
 -1       580 1.74633E+00 4.00000E+00 1.02968E+01
 -1       581 3.74571E+00 4.00000E+00 1.03468E+01
 -1       582 5.74508E+00 4.00000E+00 1.03968E+01
 -1       583 7.74446E+00 4.00000E+00 1.04467E+01
 -1       584 9.74383E+00 4.00000E+00 1.04967E+01
 -1       585-1.02499E+01 6.00000E+00 9.99688E+00
 -1       586-8.25055E+00 6.00000E+00 1.00469E+01
 -1       587-6.25117E+00 6.00000E+00 1.00968E+01
 -1       588-4.25180E+00 6.00000E+00 1.01468E+01
 -1       589-2.25242E+00 6.00000E+00 1.01968E+01
 -1       590-2.53045E-01 6.00000E+00 1.02468E+01
 -1       591 1.74633E+00 6.00000E+00 1.02968E+01
 -1       592 3.74571E+00 6.00000E+00 1.03468E+01
 -1       593 5.74508E+00 6.00000E+00 1.03968E+01
 -1       594 7.74446E+00 6.00000E+00 1.04467E+01
 -1       595 9.74383E+00 6.00000E+00 1.04967E+01
 -3
    3C                           348                                     1
 -1         1    1    0    1
 -2         1         2        12        11        71        72        82        81
 -1         2    1    0    1
 -2         2         3        13        12        72        73        83        82
 -1         3    1    0    1
 -2         3         4        14        13        73        74        84        83
 -1         4    1    0    1
 -2         4         5        15        14        74        75        85        84
 -1         5    1    0    1
 -2         5         6        16        15        75        76        86        85
 -1         6    1    0    1
 -2         6         7        17        16        76        77        87        86
 -1         7    1    0    1
 -2         7         8        18        17        77        78        88        87
 -1         8    1    0    1
 -2         8         9        19        18        78        79        89        88
 -1         9    1    0    1
 -2         9        10        20        19        79        80        90        89
 -1        10    1    0    1
 -2        11        12        22        21        81        82        92        91
 -1        11    1    0    1
 -2        12        13        23        22        82        83        93        92
 -1        12    1    0    1
 -2        13        14        24        23        83        84        94        93
 -1        13    1    0    1
 -2        14        15        25        24        84        85        95        94
 -1        14    1    0    1
 -2        15        16        26        25        85        86        96        95
 -1        15    1    0    1
 -2        16        17        27        26        86        87        97        96
 -1        16    1    0    1
 -2        17        18        28        27        87        88        98        97
 -1        17    1    0    1
 -2        18        19        29        28        88        89        99        98
 -1        18    1    0    1
 -2        19        20        30        29        89        90       100        99
 -1        19    1    0    1
 -2        21        22        32        31        91        92       102       101
 -1        20    1    0    1
 -2        22        23        33        32        92        93       103       102
 -1        21    1    0    1
 -2        23        24        34        33        93        94       104       103
 -1        22    1    0    1
 -2        24        25        35        34        94        95       105       104
 -1        23    1    0    1
 -2        25        26        36        35        95        96       106       105
 -1        24    1    0    1
 -2        26        27        37        36        96        97       107       106
 -1        25    1    0    1
 -2        27        28        38        37        97        98       108       107
 -1        26    1    0    1
 -2        28        29        39        38        98        99       109       108
 -1        27    1    0    1
 -2        29        30        40        39        99       100       110       109
 -1        28    1    0    1
 -2        31        32        42        41       101       102       112       111
 -1        29    1    0    1
 -2        32        33        43        42       102       103       113       112
 -1        30    1    0    1
 -2        33        34        44        43       103       104       114       113
 -1        31    1    0    1
 -2        34        35        45        44       104       105       115       114
 -1        32    1    0    1
 -2        35        36        46        45       105       106       116       115
 -1        33    1    0    1
 -2        36        37        47        46       106       107       117       116
 -1        34    1    0    1
 -2        37        38        48        47       107       108       118       117
 -1        35    1    0    1
 -2        38        39        49        48       108       109       119       118
 -1        36    1    0    1
 -2        39        40        50        49       109       110       120       119
 -1        37    1    0    1
 -2        41        42        52        51       111       112       122       121
 -1        38    1    0    1
 -2        42        43        53        52       112       113       123       122
 -1        39    1    0    1
 -2        43        44        54        53       113       114       124       123
 -1        40    1    0    1
 -2        44        45        55        54       114       115       125       124
 -1        41    1    0    1
 -2        45        46        56        55       115       116       126       125
 -1        42    1    0    1
 -2        46        47        57        56       116       117       127       126
 -1        43    1    0    1
 -2        47        48        58        57       117       118       128       127
 -1        44    1    0    1
 -2        48        49        59        58       118       119       129       128
 -1        45    1    0    1
 -2        49        50        60        59       119       120       130       129
 -1        46    1    0    1
 -2        51        52        62        61       121       122       132       131
 -1        47    1    0    1
 -2        52        53        63        62       122       123       133       132
 -1        48    1    0    1
 -2        53        54        64        63       123       124       134       133
 -1        49    1    0    1
 -2        54        55        65        64       124       125       135       134
 -1        50    1    0    1
 -2        55        56        66        65       125       126       136       135
 -1        51    1    0    1
 -2        56        57        67        66       126       127       137       136
 -1        52    1    0    1
 -2        57        58        68        67       127       128       138       137
 -1        53    1    0    1
 -2        58        59        69        68       128       129       139       138
 -1        54    1    0    1
 -2        59        60        70        69       129       130       140       139
 -1        55    1    0    1
 -2        71        72        82        81       141       142       152       151
 -1        56    1    0    1
 -2        72        73        83        82       142       143       153       152
 -1        57    1    0    1
 -2        73        74        84        83       143       144       154       153
 -1        58    1    0    1
 -2        74        75        85        84       144       145       155       154
 -1        59    1    0    1
 -2        75        76        86        85       145       146       156       155
 -1        60    1    0    1
 -2        76        77        87        86       146       147       157       156
 -1        61    1    0    1
 -2        77        78        88        87       147       148       158       157
 -1        62    1    0    1
 -2        78        79        89        88       148       149       159       158
 -1        63    1    0    1
 -2        79        80        90        89       149       150       160       159
 -1        64    1    0    1
 -2        81        82        92        91       151       152       162       161
 -1        65    1    0    1
 -2        82        83        93        92       152       153       163       162
 -1        66    1    0    1
 -2        83        84        94        93       153       154       164       163
 -1        67    1    0    1
 -2        84        85        95        94       154       155       165       164
 -1        68    1    0    1
 -2        85        86        96        95       155       156       166       165
 -1        69    1    0    1
 -2        86        87        97        96       156       157       167       166
 -1        70    1    0    1
 -2        87        88        98        97       157       158       168       167
 -1        71    1    0    1
 -2        88        89        99        98       158       159       169       168
 -1        72    1    0    1
 -2        89        90       100        99       159       160       170       169
 -1        73    1    0    1
 -2        91        92       102       101       161       162       172       171
 -1        74    1    0    1
 -2        92        93       103       102       162       163       173       172
 -1        75    1    0    1
 -2        93        94       104       103       163       164       174       173
 -1        76    1    0    1
 -2        94        95       105       104       164       165       175       174
 -1        77    1    0    1
 -2        95        96       106       105       165       166       176       175
 -1        78    1    0    1
 -2        96        97       107       106       166       167       177       176
 -1        79    1    0    1
 -2        97        98       108       107       167       168       178       177
 -1        80    1    0    1
 -2        98        99       109       108       168       169       179       178
 -1        81    1    0    1
 -2        99       100       110       109       169       170       180       179
 -1        82    1    0    1
 -2       101       102       112       111       171       172       182       181
 -1        83    1    0    1
 -2       102       103       113       112       172       173       183       182
 -1        84    1    0    1
 -2       103       104       114       113       173       174       184       183
 -1        85    1    0    1
 -2       104       105       115       114       174       175       185       184
 -1        86    1    0    1
 -2       105       106       116       115       175       176       186       185
 -1        87    1    0    1
 -2       106       107       117       116       176       177       187       186
 -1        88    1    0    1
 -2       107       108       118       117       177       178       188       187
 -1        89    1    0    1
 -2       108       109       119       118       178       179       189       188
 -1        90    1    0    1
 -2       109       110       120       119       179       180       190       189
 -1        91    1    0    1
 -2       111       112       122       121       181       182       192       191
 -1        92    1    0    1
 -2       112       113       123       122       182       183       193       192
 -1        93    1    0    1
 -2       113       114       124       123       183       184       194       193
 -1        94    1    0    1
 -2       114       115       125       124       184       185       195       194
 -1        95    1    0    1
 -2       115       116       126       125       185       186       196       195
 -1        96    1    0    1
 -2       116       117       127       126       186       187       197       196
 -1        97    1    0    1
 -2       117       118       128       127       187       188       198       197
 -1        98    1    0    1
 -2       118       119       129       128       188       189       199       198
 -1        99    1    0    1
 -2       119       120       130       129       189       190       200       199
 -1       100    1    0    1
 -2       121       122       132       131       191       192       202       201
 -1       101    1    0    1
 -2       122       123       133       132       192       193       203       202
 -1       102    1    0    1
 -2       123       124       134       133       193       194       204       203
 -1       103    1    0    1
 -2       124       125       135       134       194       195       205       204
 -1       104    1    0    1
 -2       125       126       136       135       195       196       206       205
 -1       105    1    0    1
 -2       126       127       137       136       196       197       207       206
 -1       106    1    0    1
 -2       127       128       138       137       197       198       208       207
 -1       107    1    0    1
 -2       128       129       139       138       198       199       209       208
 -1       108    1    0    1
 -2       129       130       140       139       199       200       210       209
 -1       109    1    0    1
 -2       211       212       223       222       288       289       300       299
 -1       110    1    0    1
 -2       212       213       224       223       289       290       301       300
 -1       111    1    0    1
 -2       213       214       225       224       290       291       302       301
 -1       112    1    0    1
 -2       214       215       226       225       291       292       303       302
 -1       113    1    0    1
 -2       215       216       227       226       292       293       304       303
 -1       114    1    0    1
 -2       216       217       228       227       293       294       305       304
 -1       115    1    0    1
 -2       217       218       229       228       294       295       306       305
 -1       116    1    0    1
 -2       218       219       230       229       295       296       307       306
 -1       117    1    0    1
 -2       219       220       231       230       296       297       308       307
 -1       118    1    0    1
 -2       220       221       232       231       297       298       309       308
 -1       119    1    0    1
 -2       222       223       234       233       299       300       311       310
 -1       120    1    0    1
 -2       223       224       235       234       300       301       312       311
 -1       121    1    0    1
 -2       224       225       236       235       301       302       313       312
 -1       122    1    0    1
 -2       225       226       237       236       302       303       314       313
 -1       123    1    0    1
 -2       226       227       238       237       303       304       315       314
 -1       124    1    0    1
 -2       227       228       239       238       304       305       316       315
 -1       125    1    0    1
 -2       228       229       240       239       305       306       317       316
 -1       126    1    0    1
 -2       229       230       241       240       306       307       318       317
 -1       127    1    0    1
 -2       230       231       242       241       307       308       319       318
 -1       128    1    0    1
 -2       231       232       243       242       308       309       320       319
 -1       129    1    0    1
 -2       233       234       245       244       310       311       322       321
 -1       130    1    0    1
 -2       234       235       246       245       311       312       323       322
 -1       131    1    0    1
 -2       235       236       247       246       312       313       324       323
 -1       132    1    0    1
 -2       236       237       248       247       313       314       325       324
 -1       133    1    0    1
 -2       237       238       249       248       314       315       326       325
 -1       134    1    0    1
 -2       238       239       250       249       315       316       327       326
 -1       135    1    0    1
 -2       239       240       251       250       316       317       328       327
 -1       136    1    0    1
 -2       240       241       252       251       317       318       329       328
 -1       137    1    0    1
 -2       241       242       253       252       318       319       330       329
 -1       138    1    0    1
 -2       242       243       254       253       319       320       331       330
 -1       139    1    0    1
 -2       244       245       256       255       321       322       333       332
 -1       140    1    0    1
 -2       245       246       257       256       322       323       334       333
 -1       141    1    0    1
 -2       246       247       258       257       323       324       335       334
 -1       142    1    0    1
 -2       247       248       259       258       324       325       336       335
 -1       143    1    0    1
 -2       248       249       260       259       325       326       337       336
 -1       144    1    0    1
 -2       249       250       261       260       326       327       338       337
 -1       145    1    0    1
 -2       250       251       262       261       327       328       339       338
 -1       146    1    0    1
 -2       251       252       263       262       328       329       340       339
 -1       147    1    0    1
 -2       252       253       264       263       329       330       341       340
 -1       148    1    0    1
 -2       253       254       265       264       330       331       342       341
 -1       149    1    0    1
 -2       255       256       267       266       332       333       344       343
 -1       150    1    0    1
 -2       256       257       268       267       333       334       345       344
 -1       151    1    0    1
 -2       257       258       269       268       334       335       346       345
 -1       152    1    0    1
 -2       258       259       270       269       335       336       347       346
 -1       153    1    0    1
 -2       259       260       271       270       336       337       348       347
 -1       154    1    0    1
 -2       260       261       272       271       337       338       349       348
 -1       155    1    0    1
 -2       261       262       273       272       338       339       350       349
 -1       156    1    0    1
 -2       262       263       274       273       339       340       351       350
 -1       157    1    0    1
 -2       263       264       275       274       340       341       352       351
 -1       158    1    0    1
 -2       264       265       276       275       341       342       353       352
 -1       159    1    0    1
 -2       266       267       278       277       343       344       355       354
 -1       160    1    0    1
 -2       267       268       279       278       344       345       356       355
 -1       161    1    0    1
 -2       268       269       280       279       345       346       357       356
 -1       162    1    0    1
 -2       269       270       281       280       346       347       358       357
 -1       163    1    0    1
 -2       270       271       282       281       347       348       359       358
 -1       164    1    0    1
 -2       271       272       283       282       348       349       360       359
 -1       165    1    0    1
 -2       272       273       284       283       349       350       361       360
 -1       166    1    0    1
 -2       273       274       285       284       350       351       362       361
 -1       167    1    0    1
 -2       274       275       286       285       351       352       363       362
 -1       168    1    0    1
 -2       275       276       287       286       352       353       364       363
 -1       169    1    0    1
 -2       288       289       300       299       365       366       377       376
 -1       170    1    0    1
 -2       289       290       301       300       366       367       378       377
 -1       171    1    0    1
 -2       290       291       302       301       367       368       379       378
 -1       172    1    0    1
 -2       291       292       303       302       368       369       380       379
 -1       173    1    0    1
 -2       292       293       304       303       369       370       381       380
 -1       174    1    0    1
 -2       293       294       305       304       370       371       382       381
 -1       175    1    0    1
 -2       294       295       306       305       371       372       383       382
 -1       176    1    0    1
 -2       295       296       307       306       372       373       384       383
 -1       177    1    0    1
 -2       296       297       308       307       373       374       385       384
 -1       178    1    0    1
 -2       297       298       309       308       374       375       386       385
 -1       179    1    0    1
 -2       299       300       311       310       376       377       388       387
 -1       180    1    0    1
 -2       300       301       312       311       377       378       389       388
 -1       181    1    0    1
 -2       301       302       313       312       378       379       390       389
 -1       182    1    0    1
 -2       302       303       314       313       379       380       391       390
 -1       183    1    0    1
 -2       303       304       315       314       380       381       392       391
 -1       184    1    0    1
 -2       304       305       316       315       381       382       393       392
 -1       185    1    0    1
 -2       305       306       317       316       382       383       394       393
 -1       186    1    0    1
 -2       306       307       318       317       383       384       395       394
 -1       187    1    0    1
 -2       307       308       319       318       384       385       396       395
 -1       188    1    0    1
 -2       308       309       320       319       385       386       397       396
 -1       189    1    0    1
 -2       310       311       322       321       387       388       399       398
 -1       190    1    0    1
 -2       311       312       323       322       388       389       400       399
 -1       191    1    0    1
 -2       312       313       324       323       389       390       401       400
 -1       192    1    0    1
 -2       313       314       325       324       390       391       402       401
 -1       193    1    0    1
 -2       314       315       326       325       391       392       403       402
 -1       194    1    0    1
 -2       315       316       327       326       392       393       404       403
 -1       195    1    0    1
 -2       316       317       328       327       393       394       405       404
 -1       196    1    0    1
 -2       317       318       329       328       394       395       406       405
 -1       197    1    0    1
 -2       318       319       330       329       395       396       407       406
 -1       198    1    0    1
 -2       319       320       331       330       396       397       408       407
 -1       199    1    0    1
 -2       321       322       333       332       398       399       410       409
 -1       200    1    0    1
 -2       322       323       334       333       399       400       411       410
 -1       201    1    0    1
 -2       323       324       335       334       400       401       412       411
 -1       202    1    0    1
 -2       324       325       336       335       401       402       413       412
 -1       203    1    0    1
 -2       325       326       337       336       402       403       414       413
 -1       204    1    0    1
 -2       326       327       338       337       403       404       415       414
 -1       205    1    0    1
 -2       327       328       339       338       404       405       416       415
 -1       206    1    0    1
 -2       328       329       340       339       405       406       417       416
 -1       207    1    0    1
 -2       329       330       341       340       406       407       418       417
 -1       208    1    0    1
 -2       330       331       342       341       407       408       419       418
 -1       209    1    0    1
 -2       332       333       344       343       409       410       421       420
 -1       210    1    0    1
 -2       333       334       345       344       410       411       422       421
 -1       211    1    0    1
 -2       334       335       346       345       411       412       423       422
 -1       212    1    0    1
 -2       335       336       347       346       412       413       424       423
 -1       213    1    0    1
 -2       336       337       348       347       413       414       425       424
 -1       214    1    0    1
 -2       337       338       349       348       414       415       426       425
 -1       215    1    0    1
 -2       338       339       350       349       415       416       427       426
 -1       216    1    0    1
 -2       339       340       351       350       416       417       428       427
 -1       217    1    0    1
 -2       340       341       352       351       417       418       429       428
 -1       218    1    0    1
 -2       341       342       353       352       418       419       430       429
 -1       219    1    0    1
 -2       343       344       355       354       420       421       432       431
 -1       220    1    0    1
 -2       344       345       356       355       421       422       433       432
 -1       221    1    0    1
 -2       345       346       357       356       422       423       434       433
 -1       222    1    0    1
 -2       346       347       358       357       423       424       435       434
 -1       223    1    0    1
 -2       347       348       359       358       424       425       436       435
 -1       224    1    0    1
 -2       348       349       360       359       425       426       437       436
 -1       225    1    0    1
 -2       349       350       361       360       426       427       438       437
 -1       226    1    0    1
 -2       350       351       362       361       427       428       439       438
 -1       227    1    0    1
 -2       351       352       363       362       428       429       440       439
 -1       228    1    0    1
 -2       352       353       364       363       429       430       441       440
 -1       229    1    0    1
 -2       365       366       377       376       442       443       454       453
 -1       230    1    0    1
 -2       366       367       378       377       443       444       455       454
 -1       231    1    0    1
 -2       367       368       379       378       444       445       456       455
 -1       232    1    0    1
 -2       368       369       380       379       445       446       457       456
 -1       233    1    0    1
 -2       369       370       381       380       446       447       458       457
 -1       234    1    0    1
 -2       370       371       382       381       447       448       459       458
 -1       235    1    0    1
 -2       371       372       383       382       448       449       460       459
 -1       236    1    0    1
 -2       372       373       384       383       449       450       461       460
 -1       237    1    0    1
 -2       373       374       385       384       450       451       462       461
 -1       238    1    0    1
 -2       374       375       386       385       451       452       463       462
 -1       239    1    0    1
 -2       376       377       388       387       453       454       465       464
 -1       240    1    0    1
 -2       377       378       389       388       454       455       466       465
 -1       241    1    0    1
 -2       378       379       390       389       455       456       467       466
 -1       242    1    0    1
 -2       379       380       391       390       456       457       468       467
 -1       243    1    0    1
 -2       380       381       392       391       457       458       469       468
 -1       244    1    0    1
 -2       381       382       393       392       458       459       470       469
 -1       245    1    0    1
 -2       382       383       394       393       459       460       471       470
 -1       246    1    0    1
 -2       383       384       395       394       460       461       472       471
 -1       247    1    0    1
 -2       384       385       396       395       461       462       473       472
 -1       248    1    0    1
 -2       385       386       397       396       462       463       474       473
 -1       249    1    0    1
 -2       387       388       399       398       464       465       476       475
 -1       250    1    0    1
 -2       388       389       400       399       465       466       477       476
 -1       251    1    0    1
 -2       389       390       401       400       466       467       478       477
 -1       252    1    0    1
 -2       390       391       402       401       467       468       479       478
 -1       253    1    0    1
 -2       391       392       403       402       468       469       480       479
 -1       254    1    0    1
 -2       392       393       404       403       469       470       481       480
 -1       255    1    0    1
 -2       393       394       405       404       470       471       482       481
 -1       256    1    0    1
 -2       394       395       406       405       471       472       483       482
 -1       257    1    0    1
 -2       395       396       407       406       472       473       484       483
 -1       258    1    0    1
 -2       396       397       408       407       473       474       485       484
 -1       259    1    0    1
 -2       398       399       410       409       475       476       487       486
 -1       260    1    0    1
 -2       399       400       411       410       476       477       488       487
 -1       261    1    0    1
 -2       400       401       412       411       477       478       489       488
 -1       262    1    0    1
 -2       401       402       413       412       478       479       490       489
 -1       263    1    0    1
 -2       402       403       414       413       479       480       491       490
 -1       264    1    0    1
 -2       403       404       415       414       480       481       492       491
 -1       265    1    0    1
 -2       404       405       416       415       481       482       493       492
 -1       266    1    0    1
 -2       405       406       417       416       482       483       494       493
 -1       267    1    0    1
 -2       406       407       418       417       483       484       495       494
 -1       268    1    0    1
 -2       407       408       419       418       484       485       496       495
 -1       269    1    0    1
 -2       409       410       421       420       486       487       498       497
 -1       270    1    0    1
 -2       410       411       422       421       487       488       499       498
 -1       271    1    0    1
 -2       411       412       423       422       488       489       500       499
 -1       272    1    0    1
 -2       412       413       424       423       489       490       501       500
 -1       273    1    0    1
 -2       413       414       425       424       490       491       502       501
 -1       274    1    0    1
 -2       414       415       426       425       491       492       503       502
 -1       275    1    0    1
 -2       415       416       427       426       492       493       504       503
 -1       276    1    0    1
 -2       416       417       428       427       493       494       505       504
 -1       277    1    0    1
 -2       417       418       429       428       494       495       506       505
 -1       278    1    0    1
 -2       418       419       430       429       495       496       507       506
 -1       279    1    0    1
 -2       420       421       432       431       497       498       509       508
 -1       280    1    0    1
 -2       421       422       433       432       498       499       510       509
 -1       281    1    0    1
 -2       422       423       434       433       499       500       511       510
 -1       282    1    0    1
 -2       423       424       435       434       500       501       512       511
 -1       283    1    0    1
 -2       424       425       436       435       501       502       513       512
 -1       284    1    0    1
 -2       425       426       437       436       502       503       514       513
 -1       285    1    0    1
 -2       426       427       438       437       503       504       515       514
 -1       286    1    0    1
 -2       427       428       439       438       504       505       516       515
 -1       287    1    0    1
 -2       428       429       440       439       505       506       517       516
 -1       288    1    0    1
 -2       429       430       441       440       506       507       518       517
 -1       289    1    0    1
 -2       442       443       454       453       519       520       531       530
 -1       290    1    0    1
 -2       443       444       455       454       520       521       532       531
 -1       291    1    0    1
 -2       444       445       456       455       521       522       533       532
 -1       292    1    0    1
 -2       445       446       457       456       522       523       534       533
 -1       293    1    0    1
 -2       446       447       458       457       523       524       535       534
 -1       294    1    0    1
 -2       447       448       459       458       524       525       536       535
 -1       295    1    0    1
 -2       448       449       460       459       525       526       537       536
 -1       296    1    0    1
 -2       449       450       461       460       526       527       538       537
 -1       297    1    0    1
 -2       450       451       462       461       527       528       539       538
 -1       298    1    0    1
 -2       451       452       463       462       528       529       540       539
 -1       299    1    0    1
 -2       453       454       465       464       530       531       542       541
 -1       300    1    0    1
 -2       454       455       466       465       531       532       543       542
 -1       301    1    0    1
 -2       455       456       467       466       532       533       544       543
 -1       302    1    0    1
 -2       456       457       468       467       533       534       545       544
 -1       303    1    0    1
 -2       457       458       469       468       534       535       546       545
 -1       304    1    0    1
 -2       458       459       470       469       535       536       547       546
 -1       305    1    0    1
 -2       459       460       471       470       536       537       548       547
 -1       306    1    0    1
 -2       460       461       472       471       537       538       549       548
 -1       307    1    0    1
 -2       461       462       473       472       538       539       550       549
 -1       308    1    0    1
 -2       462       463       474       473       539       540       551       550
 -1       309    1    0    1
 -2       464       465       476       475       541       542       553       552
 -1       310    1    0    1
 -2       465       466       477       476       542       543       554       553
 -1       311    1    0    1
 -2       466       467       478       477       543       544       555       554
 -1       312    1    0    1
 -2       467       468       479       478       544       545       556       555
 -1       313    1    0    1
 -2       468       469       480       479       545       546       557       556
 -1       314    1    0    1
 -2       469       470       481       480       546       547       558       557
 -1       315    1    0    1
 -2       470       471       482       481       547       548       559       558
 -1       316    1    0    1
 -2       471       472       483       482       548       549       560       559
 -1       317    1    0    1
 -2       472       473       484       483       549       550       561       560
 -1       318    1    0    1
 -2       473       474       485       484       550       551       562       561
 -1       319    1    0    1
 -2       475       476       487       486       552       553       564       563
 -1       320    1    0    1
 -2       476       477       488       487       553       554       565       564
 -1       321    1    0    1
 -2       477       478       489       488       554       555       566       565
 -1       322    1    0    1
 -2       478       479       490       489       555       556       567       566
 -1       323    1    0    1
 -2       479       480       491       490       556       557       568       567
 -1       324    1    0    1
 -2       480       481       492       491       557       558       569       568
 -1       325    1    0    1
 -2       481       482       493       492       558       559       570       569
 -1       326    1    0    1
 -2       482       483       494       493       559       560       571       570
 -1       327    1    0    1
 -2       483       484       495       494       560       561       572       571
 -1       328    1    0    1
 -2       484       485       496       495       561       562       573       572
 -1       329    1    0    1
 -2       486       487       498       497       563       564       575       574
 -1       330    1    0    1
 -2       487       488       499       498       564       565       576       575
 -1       331    1    0    1
 -2       488       489       500       499       565       566       577       576
 -1       332    1    0    1
 -2       489       490       501       500       566       567       578       577
 -1       333    1    0    1
 -2       490       491       502       501       567       568       579       578
 -1       334    1    0    1
 -2       491       492       503       502       568       569       580       579
 -1       335    1    0    1
 -2       492       493       504       503       569       570       581       580
 -1       336    1    0    1
 -2       493       494       505       504       570       571       582       581
 -1       337    1    0    1
 -2       494       495       506       505       571       572       583       582
 -1       338    1    0    1
 -2       495       496       507       506       572       573       584       583
 -1       339    1    0    1
 -2       497       498       509       508       574       575       586       585
 -1       340    1    0    1
 -2       498       499       510       509       575       576       587       586
 -1       341    1    0    1
 -2       499       500       511       510       576       577       588       587
 -1       342    1    0    1
 -2       500       501       512       511       577       578       589       588
 -1       343    1    0    1
 -2       501       502       513       512       578       579       590       589
 -1       344    1    0    1
 -2       502       503       514       513       579       580       591       590
 -1       345    1    0    1
 -2       503       504       515       514       580       581       592       591
 -1       346    1    0    1
 -2       504       505       516       515       581       582       593       592
 -1       347    1    0    1
 -2       505       506       517       516       582       583       594       593
 -1       348    1    0    1
 -2       506       507       518       517       583       584       595       594
 -3
    1PSTEP                         1           1           1          
  100CL  101 3.40000E-01         595                     0    1           1
 -4  DISP        4    1
 -5  D1          1    2    1    0
 -5  D2          1    2    2    0
 -5  D3          1    2    3    0
 -5  ALL         1    2    0    0    1ALL
 -1         1 0.00000E+00 0.00000E+00 0.00000E+00
 -1         2 0.00000E+00 0.00000E+00 0.00000E+00
 -1         3 0.00000E+00 0.00000E+00 0.00000E+00
 -1         4 0.00000E+00 0.00000E+00 0.00000E+00
 -1         5 0.00000E+00 0.00000E+00 0.00000E+00
 -1         6 0.00000E+00 0.00000E+00 0.00000E+00
 -1         7 0.00000E+00 0.00000E+00 0.00000E+00
 -1         8 0.00000E+00 0.00000E+00 0.00000E+00
 -1         9 0.00000E+00 0.00000E+00 0.00000E+00
 -1        10 0.00000E+00 0.00000E+00 0.00000E+00
 -1        11 0.00000E+00 0.00000E+00 0.00000E+00
 -1        12 0.00000E+00 0.00000E+00 0.00000E+00
 -1        13 0.00000E+00 0.00000E+00 0.00000E+00
 -1        14 0.00000E+00 0.00000E+00 0.00000E+00
 -1        15 0.00000E+00 0.00000E+00 0.00000E+00
 -1        16 0.00000E+00 0.00000E+00 0.00000E+00
 -1        17 0.00000E+00 0.00000E+00 0.00000E+00
 -1        18 0.00000E+00 0.00000E+00 0.00000E+00
 -1        19 0.00000E+00 0.00000E+00 0.00000E+00
 -1        20 0.00000E+00 0.00000E+00 0.00000E+00
 -1        21 0.00000E+00 0.00000E+00 0.00000E+00
 -1        22 0.00000E+00 0.00000E+00 0.00000E+00
 -1        23 0.00000E+00 0.00000E+00 0.00000E+00
 -1        24 0.00000E+00 0.00000E+00 0.00000E+00
 -1        25 0.00000E+00 0.00000E+00 0.00000E+00
 -1        26 0.00000E+00 0.00000E+00 0.00000E+00
 -1        27 0.00000E+00 0.00000E+00 0.00000E+00
 -1        28 0.00000E+00 0.00000E+00 0.00000E+00
 -1        29 0.00000E+00 0.00000E+00 0.00000E+00
 -1        30 0.00000E+00 0.00000E+00 0.00000E+00
 -1        31 0.00000E+00 0.00000E+00 0.00000E+00
 -1        32 0.00000E+00 0.00000E+00 0.00000E+00
 -1        33 0.00000E+00 0.00000E+00 0.00000E+00
 -1        34 0.00000E+00 0.00000E+00 0.00000E+00
 -1        35 0.00000E+00 0.00000E+00 0.00000E+00
 -1        36 0.00000E+00 0.00000E+00 0.00000E+00
 -1        37 0.00000E+00 0.00000E+00 0.00000E+00
 -1        38 0.00000E+00 0.00000E+00 0.00000E+00
 -1        39 0.00000E+00 0.00000E+00 0.00000E+00
 -1        40 0.00000E+00 0.00000E+00 0.00000E+00
 -1        41 0.00000E+00 0.00000E+00 0.00000E+00
 -1        42 0.00000E+00 0.00000E+00 0.00000E+00
 -1        43 0.00000E+00 0.00000E+00 0.00000E+00
 -1        44 0.00000E+00 0.00000E+00 0.00000E+00
 -1        45 0.00000E+00 0.00000E+00 0.00000E+00
 -1        46 0.00000E+00 0.00000E+00 0.00000E+00
 -1        47 0.00000E+00 0.00000E+00 0.00000E+00
 -1        48 0.00000E+00 0.00000E+00 0.00000E+00
 -1        49 0.00000E+00 0.00000E+00 0.00000E+00
 -1        50 0.00000E+00 0.00000E+00 0.00000E+00
 -1        51 0.00000E+00 0.00000E+00 0.00000E+00
 -1        52 0.00000E+00 0.00000E+00 0.00000E+00
 -1        53 0.00000E+00 0.00000E+00 0.00000E+00
 -1        54 0.00000E+00 0.00000E+00 0.00000E+00
 -1        55 0.00000E+00 0.00000E+00 0.00000E+00
 -1        56 0.00000E+00 0.00000E+00 0.00000E+00
 -1        57 0.00000E+00 0.00000E+00 0.00000E+00
 -1        58 0.00000E+00 0.00000E+00 0.00000E+00
 -1        59 0.00000E+00 0.00000E+00 0.00000E+00
 -1        60 0.00000E+00 0.00000E+00 0.00000E+00
 -1        61 0.00000E+00 0.00000E+00 0.00000E+00
 -1        62 0.00000E+00 0.00000E+00 0.00000E+00
 -1        63 0.00000E+00 0.00000E+00 0.00000E+00
 -1        64 0.00000E+00 0.00000E+00 0.00000E+00
 -1        65 0.00000E+00 0.00000E+00 0.00000E+00
 -1        66 0.00000E+00 0.00000E+00 0.00000E+00
 -1        67 0.00000E+00 0.00000E+00 0.00000E+00
 -1        68 0.00000E+00 0.00000E+00 0.00000E+00
 -1        69 0.00000E+00 0.00000E+00 0.00000E+00
 -1        70 0.00000E+00 0.00000E+00 0.00000E+00
 -1        71-8.17637E-04-1.50087E-03-9.32141E-04
 -1        72-4.83422E-04-1.18538E-03-5.72785E-04
 -1        73-1.91888E-04-7.96030E-04-2.85994E-04
 -1        74-7.68402E-05-7.95391E-05 5.32290E-05
 -1        75-1.54695E-04 1.40980E-04 1.32107E-04
 -1        76-1.69583E-04 1.30558E-04 7.72504E-05
 -1        77-1.23066E-04 7.76542E-05 3.59151E-05
 -1        78-8.10161E-05 3.90662E-05 1.61238E-05
 -1        79-5.50271E-05 1.60029E-05 7.12066E-06
 -1        80-4.93360E-05 5.75748E-06 2.29712E-05
 -1        81-1.95104E-03-1.31601E-03-1.21490E-03
 -1        82-1.21188E-03-1.07710E-03-1.27256E-03
 -1        83-3.54011E-04-7.93080E-04-1.05246E-03
 -1        84-1.33972E-04-8.89997E-05-1.12971E-04
 -1        85-2.25570E-04 1.05992E-04 1.13541E-04
 -1        86-1.66513E-04 9.72362E-05 3.47542E-05
 -1        87-1.01067E-04 5.50929E-05 1.65076E-05
 -1        88-6.39521E-05 2.71386E-05 8.27644E-06
 -1        89-4.46910E-05 9.55396E-06 3.32909E-06
 -1        90-4.10147E-05 3.66366E-07 1.81970E-05
 -1        91-3.40744E-03-8.94316E-04-2.10168E-03
 -1        92-2.05873E-03-6.95000E-04-2.56554E-03
 -1        93-3.27767E-04-5.24357E-04-2.15706E-03
 -1        94-3.22479E-05-6.50308E-05-2.37668E-04
 -1        95-3.08145E-04 6.44103E-05 2.05594E-04
 -1        96-2.07322E-04 5.98681E-05 4.76970E-05
 -1        97-1.08860E-04 3.46999E-05 3.05085E-05
 -1        98-6.27218E-05 1.72709E-05 1.73683E-05
 -1        99-4.16927E-05 5.69233E-06 5.60745E-06
 -1       100-3.60095E-05-1.21716E-07 1.40507E-05
 -1       101-3.96127E-03 3.38659E-08-2.45553E-03
 -1       102-2.40001E-03 1.01112E-08-3.06133E-03
 -1       103-3.63923E-04 4.03312E-09-2.58434E-03
 -1       104-1.79374E-05 3.00069E-08-2.87966E-04
 -1       105-3.41775E-04 7.60459E-09 2.46237E-04
 -1       106-2.27738E-04 1.40323E-11 5.51209E-05
 -1       107-1.14829E-04 1.61355E-09 3.68497E-05
 -1       108-6.35274E-05-6.72913E-11 2.14695E-05
 -1       109-4.11753E-05-3.61859E-10 6.76470E-06
 -1       110-3.44918E-05-4.62017E-10 1.26256E-05
 -1       111-3.40754E-03 8.94412E-04-2.10176E-03
 -1       112-2.05879E-03 6.95177E-04-2.56566E-03
 -1       113-3.27754E-04 5.24527E-04-2.15717E-03
 -1       114-3.22185E-05 6.50876E-05-2.37683E-04
 -1       115-3.08133E-04-6.43938E-05 2.05592E-04
 -1       116-2.07318E-04-5.98567E-05 4.76922E-05
 -1       117-1.08858E-04-3.46966E-05 3.05083E-05
 -1       118-6.27206E-05-1.72714E-05 1.73686E-05
 -1       119-4.16920E-05-5.69289E-06 5.60745E-06
 -1       120-3.60088E-05 1.20798E-07 1.40503E-05
 -1       121-1.95111E-03 1.31613E-03-1.21494E-03
 -1       122-1.21191E-03 1.07718E-03-1.27256E-03
 -1       123-3.54010E-04 7.93156E-04-1.05246E-03
 -1       124-1.33953E-04 8.90500E-05-1.12975E-04
 -1       125-2.25557E-04-1.05967E-04 1.13541E-04
 -1       126-1.66506E-04-9.72275E-05 3.47543E-05
 -1       127-1.01062E-04-5.50904E-05 1.65080E-05
 -1       128-6.39496E-05-2.71388E-05 8.27668E-06
 -1       129-4.46895E-05-9.55448E-06 3.32911E-06
 -1       130-4.10134E-05-3.67148E-07 1.81963E-05
 -1       131-8.17632E-04 1.50098E-03-9.32177E-04
 -1       132-4.83413E-04 1.18543E-03-5.72803E-04
 -1       133-1.91883E-04 7.96069E-04-2.86000E-04
 -1       134-7.68327E-05 7.95762E-05 5.32205E-05
 -1       135-1.54680E-04-1.40953E-04 1.32097E-04
 -1       136-1.69568E-04-1.30547E-04 7.72450E-05
 -1       137-1.23058E-04-7.76514E-05 3.59137E-05
 -1       138-8.10120E-05-3.90658E-05 1.61238E-05
 -1       139-5.50249E-05-1.60031E-05 7.12084E-06
 -1       140-4.93343E-05-5.75805E-06 2.29706E-05
 -1       141-9.35359E-04-1.32770E-03-1.05074E-03
 -1       142-8.06346E-04-3.34244E-04-2.22885E-04
 -1       143-5.83342E-04 3.30719E-04 2.32393E-04
 -1       144-5.09970E-04 3.24823E-04 4.68505E-05
 -1       145-3.24313E-04 2.79282E-04 1.67155E-04
 -1       146-2.04794E-04 1.83558E-04 7.99186E-05
 -1       147-1.48575E-04 9.88405E-05 2.33194E-05
 -1       148-1.05401E-04 4.42932E-05 4.34750E-06
 -1       149-8.20296E-05 1.71843E-05 6.04209E-06
 -1       150-7.54319E-05 2.42490E-06 2.45111E-05
 -1       151-1.54121E-03-1.13627E-03-1.02307E-03
 -1       152-2.06728E-03-5.84509E-04-3.09580E-03
 -1       153-1.81581E-03 3.33764E-06-2.55364E-03
 -1       154-9.79432E-04 3.17777E-04-6.97293E-05
 -1       155-4.21429E-04 2.07091E-04 7.42641E-05
 -1       156-1.95104E-04 1.45927E-04 5.54727E-05
 -1       157-1.18353E-04 7.96441E-05 1.82587E-05
 -1       158-7.67053E-05 3.36946E-05 1.57975E-05
 -1       159-6.43416E-05 1.24598E-05 5.70317E-06
 -1       160-6.22896E-05 2.29229E-06 2.10803E-05
 -1       161-1.96178E-03-5.84400E-04-1.09065E-03
 -1       162-3.60395E-03-3.46110E-04-6.54615E-03
 -1       163-3.48615E-03-3.01263E-05-5.60888E-03
 -1       164-1.66493E-03 2.18781E-04 2.80582E-05
 -1       165-6.01309E-04 1.12359E-04 1.02882E-04
 -1       166-2.35635E-04 8.21666E-05 8.59074E-05
 -1       167-1.18955E-04 4.26516E-05 3.59064E-05
 -1       168-6.10385E-05 1.72059E-05 4.08191E-05
 -1       169-5.10970E-05 5.74068E-06 7.21316E-06
 -1       170-5.08376E-05 5.44376E-07 1.47120E-05
 -1       171-2.23157E-03-4.87586E-08-1.34347E-03
 -1       172-4.10169E-03 5.76412E-07-7.64583E-03
 -1       173-4.01512E-03 5.25933E-07-6.54281E-03
 -1       174-1.94601E-03-7.37170E-09 3.01685E-07
 -1       175-6.80416E-04 8.79229E-09 1.27831E-04
 -1       176-2.54935E-04 3.39524E-08 1.05345E-04
 -1       177-1.21484E-04-1.90686E-09 4.59457E-05
 -1       178-5.70620E-05-1.51490E-09 5.13330E-05
 -1       179-4.66713E-05 3.00288E-10 8.89327E-06
 -1       180-4.69153E-05-6.92556E-10 1.30171E-05
 -1       181-1.96203E-03 5.84631E-04-1.09077E-03
 -1       182-3.60414E-03 3.46221E-04-6.54626E-03
 -1       183-3.48612E-03 3.02306E-05-5.60897E-03
 -1       184-1.66486E-03-2.18665E-04 2.80512E-05
 -1       185-6.01303E-04-1.12345E-04 1.02882E-04
 -1       186-2.35636E-04-8.21540E-05 8.59063E-05
 -1       187-1.18951E-04-4.26504E-05 3.59066E-05
 -1       188-6.10374E-05-1.72074E-05 4.08195E-05
 -1       189-5.10958E-05-5.74114E-06 7.21320E-06
 -1       190-5.08361E-05-5.45475E-07 1.47115E-05
 -1       191-1.54128E-03 1.13643E-03-1.02312E-03
 -1       192-2.06732E-03 5.84542E-04-3.09583E-03
 -1       193-1.81585E-03-3.32181E-06-2.55365E-03
 -1       194-9.79426E-04-3.17710E-04-6.97329E-05
 -1       195-4.21407E-04-2.07051E-04 7.42637E-05
 -1       196-1.95099E-04-1.45915E-04 5.54726E-05
 -1       197-1.18350E-04-7.96428E-05 1.82593E-05
 -1       198-7.67019E-05-3.36950E-05 1.57981E-05
 -1       199-6.43390E-05-1.24605E-05 5.70328E-06
 -1       200-6.22872E-05-2.29342E-06 2.10795E-05
 -1       201-9.35346E-04 1.32782E-03-1.05076E-03
 -1       202-8.06344E-04 3.34317E-04-2.22894E-04
 -1       203-5.83343E-04-3.30674E-04 2.32399E-04
 -1       204-5.09965E-04-3.24780E-04 4.68450E-05
 -1       205-3.24296E-04-2.79243E-04 1.67144E-04
 -1       206-2.04775E-04-1.83539E-04 7.99134E-05
 -1       207-1.48565E-04-9.88369E-05 2.33194E-05
 -1       208-1.05396E-04-4.42931E-05 4.34839E-06
 -1       209-8.20260E-05-1.71848E-05 6.04248E-06
 -1       210-7.54288E-05-2.42604E-06 2.45105E-05
 -1       211-1.15206E-02-5.74569E-03-5.52936E-03
 -1       212-7.70842E-03-1.81091E-03-4.07268E-02
 -1       213-4.90642E-03 7.07767E-04-4.61747E-02
 -1       214-2.80813E-03 1.09029E-03-4.99474E-02
 -1       215-1.53663E-03 1.03098E-03-5.11641E-02
 -1       216-6.56707E-04 7.78452E-04-5.16654E-02
 -1       217-1.16556E-04 5.17170E-04-5.17228E-02
 -1       218 1.83768E-04 3.15901E-04-5.16634E-02
 -1       219 3.17076E-04 1.79889E-04-5.16115E-02
 -1       220 3.49001E-04 1.03224E-04-5.16434E-02
 -1       221 3.45383E-04 6.42262E-05-5.17700E-02
 -1       222-1.30215E-02-2.31625E-03-7.31495E-03
 -1       223-9.48866E-03-1.90210E-03-3.94883E-02
 -1       224-6.14044E-03-5.78604E-05-4.50135E-02
 -1       225-3.35934E-03 5.95888E-04-4.90615E-02
 -1       226-1.74220E-03 6.67837E-04-5.05817E-02
 -1       227-6.91912E-04 5.35545E-04-5.13104E-02
 -1       228-8.76099E-05 3.65324E-04-5.15288E-02
 -1       229 2.29150E-04 2.31458E-04-5.15711E-02
 -1       230 3.56960E-04 1.37731E-04-5.15785E-02
 -1       231 3.79524E-04 8.24058E-05-5.16386E-02
 -1       232 3.72666E-04 5.46179E-05-5.17714E-02
 -1       233-1.31990E-02-9.71951E-04-8.33264E-03
 -1       234-9.66604E-03-1.04294E-03-3.94558E-02
 -1       235-6.69186E-03-2.75861E-04-4.47707E-02
 -1       236-3.90483E-03 2.04880E-04-4.87533E-02
 -1       237-2.09522E-03 3.16798E-04-5.03312E-02
 -1       238-8.89289E-04 2.72416E-04-5.11339E-02
 -1       239-1.86027E-04 1.87915E-04-5.14199E-02
 -1       240 1.85427E-04 1.25950E-04-5.15114E-02
 -1       241 3.44724E-04 7.74714E-05-5.15503E-02
 -1       242 3.84029E-04 4.76493E-05-5.16263E-02
 -1       243 3.84871E-04 3.37451E-05-5.17624E-02
 -1       244-1.32420E-02-4.12378E-06-8.91511E-03
 -1       245-9.69737E-03-3.15204E-07-3.95007E-02
 -1       246-6.77634E-03-4.87914E-07-4.47403E-02
 -1       247-4.07320E-03-3.13993E-07-4.86865E-02
 -1       248-2.23214E-03-2.35962E-07-5.02672E-02
 -1       249-9.73362E-04-1.67442E-07-5.10842E-02
 -1       250-2.34786E-04-1.67147E-07-5.13870E-02
 -1       251 1.61209E-04-5.81426E-08-5.14920E-02
 -1       252 3.35728E-04-3.89228E-08-5.15400E-02
 -1       253 3.82728E-04-1.73312E-09-5.16207E-02
 -1       254 3.87159E-04 1.81515E-08-5.17581E-02
 -1       255-1.31993E-02 9.70591E-04-8.33271E-03
 -1       256-9.66684E-03 1.04124E-03-3.94560E-02
 -1       257-6.69206E-03 2.75027E-04-4.47708E-02
 -1       258-3.90495E-03-2.05567E-04-4.87534E-02
 -1       259-2.09530E-03-3.17275E-04-5.03313E-02
 -1       260-8.89351E-04-2.72760E-04-5.11339E-02
 -1       261-1.86084E-04-1.88157E-04-5.14199E-02
 -1       262 1.85362E-04-1.26091E-04-5.15114E-02
 -1       263 3.44665E-04-7.75381E-05-5.15503E-02
 -1       264 3.83969E-04-4.76614E-05-5.16263E-02
 -1       265 3.84812E-04-3.37019E-05-5.17624E-02
 -1       266-1.30217E-02 2.31561E-03-7.31504E-03
 -1       267-9.48897E-03 1.90087E-03-3.94886E-02
 -1       268-6.14081E-03 5.68219E-05-4.50138E-02
 -1       269-3.35956E-03-5.96593E-04-4.90617E-02
 -1       270-1.74238E-03-6.68342E-04-5.05819E-02
 -1       271-6.92062E-04-5.35894E-04-5.13105E-02
 -1       272-8.77366E-05-3.65554E-04-5.15288E-02
 -1       273 2.29030E-04-2.31596E-04-5.15711E-02
 -1       274 3.56841E-04-1.37800E-04-5.15785E-02
 -1       275 3.79406E-04-8.24166E-05-5.16386E-02
 -1       276 3.72547E-04-5.45745E-05-5.17714E-02
 -1       277-1.15208E-02 5.74512E-03-5.52941E-03
 -1       278-7.70869E-03 1.80985E-03-4.07271E-02
 -1       279-4.90681E-03-7.08781E-04-4.61751E-02
 -1       280-2.80853E-03-1.09105E-03-4.99477E-02
 -1       281-1.53694E-03-1.03150E-03-5.11644E-02
 -1       282-6.56967E-04-7.78816E-04-5.16655E-02
 -1       283-1.16772E-04-5.17408E-04-5.17229E-02
 -1       284 1.83578E-04-3.16040E-04-5.16635E-02
 -1       285 3.16897E-04-1.79958E-04-5.16116E-02
 -1       286 3.48825E-04-1.03234E-04-5.16434E-02
 -1       287 3.45208E-04-6.41822E-05-5.17701E-02
 -1       288 3.51226E-03-8.28038E-03-3.10450E-02
 -1       289 4.46578E-03-3.54035E-03-3.77151E-02
 -1       290 1.74742E-03-1.47925E-03-4.67733E-02
 -1       291 7.68691E-04-2.93729E-04-4.96980E-02
 -1       292 4.44297E-04 1.37751E-04-5.12201E-02
 -1       293 3.91931E-04 2.57563E-04-5.16626E-02
 -1       294 4.37059E-04 2.44385E-04-5.17220E-02
 -1       295 4.99304E-04 1.93228E-04-5.16356E-02
 -1       296 5.46157E-04 1.44196E-04-5.15645E-02
 -1       297 5.68964E-04 1.08922E-04-5.15770E-02
 -1       298 5.65909E-04 8.46562E-05-5.17111E-02
 -1       299 4.78972E-04-4.13468E-03-3.08538E-02
 -1       300 2.27755E-03-2.34900E-03-3.74818E-02
 -1       301 5.29927E-04-9.40993E-04-4.61843E-02
 -1       302 1.35095E-04-1.90367E-04-4.91397E-02
 -1       303 1.69478E-04 1.20516E-04-5.07888E-02
 -1       304 3.03756E-04 1.96034E-04-5.13755E-02
 -1       305 4.33486E-04 1.79495E-04-5.15510E-02
 -1       306 5.23610E-04 1.38415E-04-5.15467E-02
 -1       307 5.72732E-04 1.01884E-04-5.15275E-02
 -1       308 5.90524E-04 7.67653E-05-5.15697E-02
 -1       309 5.85537E-04 6.06665E-05-5.17105E-02
 -1       310-3.04356E-04-1.68374E-03-3.10468E-02
 -1       311 1.62917E-03-1.12780E-03-3.76318E-02
 -1       312-6.63960E-05-5.22549E-04-4.61099E-02
 -1       313-2.90560E-04-1.04208E-04-4.90069E-02
 -1       314-9.15924E-05 6.60754E-05-5.06435E-02
 -1       315 1.70348E-04 1.08306E-04-5.12576E-02
 -1       316 3.77666E-04 9.90635E-05-5.14686E-02
 -1       317 5.07730E-04 7.53732E-05-5.14958E-02
 -1       318 5.73909E-04 5.52170E-05-5.14995E-02
 -1       319 5.97808E-04 4.13724E-05-5.15545E-02
 -1       320 5.94394E-04 3.35994E-05-5.16958E-02
 -1       321-4.79307E-04-1.38453E-07-3.11728E-02
 -1       322 1.46499E-03-5.30650E-07-3.77104E-02
 -1       323-2.09733E-04-3.54036E-07-4.61341E-02
 -1       324-4.38399E-04-2.53042E-07-4.90001E-02
 -1       325-1.95133E-04-1.86921E-07-5.06184E-02
 -1       326 1.09788E-04-1.30091E-07-5.12298E-02
 -1       327 3.48052E-04-7.99805E-08-5.14461E-02
 -1       328 4.95615E-04-5.37361E-08-5.14797E-02
 -1       329 5.70687E-04-2.21041E-08-5.14888E-02
 -1       330 5.98378E-04 2.04485E-09-5.15468E-02
 -1       331 5.96302E-04 2.91556E-08-5.16879E-02
 -1       332-3.04522E-04 1.68228E-03-3.10475E-02
 -1       333 1.62897E-03 1.12677E-03-3.76320E-02
 -1       334-6.65773E-05 5.21836E-04-4.61100E-02
 -1       335-2.90685E-04 1.03673E-04-4.90070E-02
 -1       336-9.16862E-05-6.64520E-05-5.06435E-02
 -1       337 1.70269E-04-1.08572E-04-5.12576E-02
 -1       338 3.77594E-04-9.92415E-05-5.14687E-02
 -1       339 5.07665E-04-7.54795E-05-5.14959E-02
 -1       340 5.73850E-04-5.52630E-05-5.14995E-02
 -1       341 5.97751E-04-4.13677E-05-5.15545E-02
 -1       342 5.94338E-04-3.35421E-05-5.16958E-02
 -1       343 4.78705E-04 4.13350E-03-3.08540E-02
 -1       344 2.27726E-03 2.34800E-03-3.74821E-02
 -1       345 5.29648E-04 9.40209E-04-4.61846E-02
 -1       346 1.34865E-04 1.89808E-04-4.91399E-02
 -1       347 1.69280E-04-1.20911E-04-5.07889E-02
 -1       348 3.03588E-04-1.96306E-04-5.13756E-02
 -1       349 4.33339E-04-1.79678E-04-5.15511E-02
 -1       350 5.23481E-04-1.38524E-04-5.15468E-02
 -1       351 5.72613E-04-1.01933E-04-5.15276E-02
 -1       352 5.90411E-04-7.67615E-05-5.15697E-02
 -1       353 5.85426E-04-6.06101E-05-5.17105E-02
 -1       354 3.51197E-03 8.27933E-03-3.10453E-02
 -1       355 4.46546E-03 3.53941E-03-3.77154E-02
 -1       356 1.74705E-03 1.47845E-03-4.67737E-02
 -1       357 7.68311E-04 2.93139E-04-4.96984E-02
 -1       358 4.43971E-04-1.38165E-04-5.12203E-02
 -1       359 3.91659E-04-2.57852E-04-5.16628E-02
 -1       360 4.36830E-04-2.44577E-04-5.17221E-02
 -1       361 4.99107E-04-1.93345E-04-5.16357E-02
 -1       362 5.45981E-04-1.44250E-04-5.15645E-02
 -1       363 5.68797E-04-1.08921E-04-5.15771E-02
 -1       364 5.65744E-04-8.46006E-05-5.17111E-02
 -1       365 3.20262E-03-5.32210E-03-4.05634E-02
 -1       366 4.27315E-03-3.82308E-03-4.20103E-02
 -1       367 4.44469E-03-2.17390E-03-4.60915E-02
 -1       368 3.23146E-03-1.12824E-03-4.94111E-02
 -1       369 2.31062E-03-4.88090E-04-5.07751E-02
 -1       370 1.67436E-03-1.50615E-04-5.13501E-02
 -1       371 1.28583E-03 1.16231E-05-5.14755E-02
 -1       372 1.06828E-03 8.04573E-05-5.14561E-02
 -1       373 9.54863E-04 1.06318E-04-5.14165E-02
 -1       374 8.88726E-04 1.15603E-04-5.14412E-02
 -1       375 8.52166E-04 1.17802E-04-5.15857E-02
 -1       376 1.74448E-03-3.62680E-03-4.12455E-02
 -1       377 3.01293E-03-2.48146E-03-4.25139E-02
 -1       378 3.45037E-03-1.45750E-03-4.61495E-02
 -1       379 2.58868E-03-7.39016E-04-4.92616E-02
 -1       380 1.93793E-03-3.09320E-04-5.05952E-02
 -1       381 1.48279E-03-8.50077E-05-5.12025E-02
 -1       382 1.19916E-03 1.86581E-05-5.13753E-02
 -1       383 1.03528E-03 6.03542E-05-5.13969E-02
 -1       384 9.44918E-04 7.48063E-05-5.13874E-02
 -1       385 8.85723E-04 7.93956E-05-5.14334E-02
 -1       386 8.47354E-04 8.14445E-05-5.15832E-02
 -1       387 9.91291E-04-1.66006E-03-4.10908E-02
 -1       388 2.38319E-03-1.16115E-03-4.26660E-02
 -1       389 2.95911E-03-6.77176E-04-4.62757E-02
 -1       390 2.24123E-03-3.36112E-04-4.92819E-02
 -1       391 1.71811E-03-1.32409E-04-5.05641E-02
 -1       392 1.36041E-03-2.86913E-05-5.11529E-02
 -1       393 1.14018E-03 1.63041E-05-5.13290E-02
 -1       394 1.01175E-03 3.27105E-05-5.13610E-02
 -1       395 9.37885E-04 3.71297E-05-5.13619E-02
 -1       396 8.83540E-04 3.78537E-05-5.14145E-02
 -1       397 8.45408E-04 3.80304E-05-5.15614E-02
 -1       398 7.85374E-04-3.75388E-07-4.10373E-02
 -1       399 2.21936E-03-2.68548E-07-4.26627E-02
 -1       400 2.81523E-03-2.16856E-07-4.62918E-02
 -1       401 2.13336E-03-1.63987E-07-4.92772E-02
 -1       402 1.64572E-03-1.15614E-07-5.05497E-02
 -1       403 1.31781E-03-7.86845E-08-5.11354E-02
 -1       404 1.11866E-03-5.10450E-08-5.13136E-02
 -1       405 1.00276E-03-2.78374E-08-5.13497E-02
 -1       406 9.35029E-04-9.40032E-09-5.13543E-02
 -1       407 8.82859E-04 8.68087E-09-5.14092E-02
 -1       408 8.44911E-04 2.88217E-08-5.15557E-02
 -1       409 9.91207E-04 1.65948E-03-4.10908E-02
 -1       410 2.38309E-03 1.16061E-03-4.26662E-02
 -1       411 2.95902E-03 6.76713E-04-4.62758E-02
 -1       412 2.24114E-03 3.35777E-04-4.92820E-02
 -1       413 1.71803E-03 1.32171E-04-5.05642E-02
 -1       414 1.36034E-03 2.85304E-05-5.11530E-02
 -1       415 1.14012E-03-1.64068E-05-5.13290E-02
 -1       416 1.01170E-03-3.27687E-05-5.13610E-02
 -1       417 9.37835E-04-3.71502E-05-5.13619E-02
 -1       418 8.83493E-04-3.78376E-05-5.14146E-02
 -1       419 8.45362E-04-3.79739E-05-5.15614E-02
 -1       420 1.74432E-03 3.62605E-03-4.12458E-02
 -1       421 3.01276E-03 2.48083E-03-4.25141E-02
 -1       422 3.45020E-03 1.45701E-03-4.61497E-02
 -1       423 2.58851E-03 7.38652E-04-4.92618E-02
 -1       424 1.93777E-03 3.09063E-04-5.05953E-02
 -1       425 1.48265E-03 8.48318E-05-5.12025E-02
 -1       426 1.19904E-03-1.87732E-05-5.13753E-02
 -1       427 1.03517E-03-6.04208E-05-5.13969E-02
 -1       428 9.44820E-04-7.48319E-05-5.13874E-02
 -1       429 8.85630E-04-7.93823E-05-5.14335E-02
 -1       430 8.47263E-04-8.13902E-05-5.15832E-02
 -1       431 3.20236E-03 5.32133E-03-4.05637E-02
 -1       432 4.27288E-03 3.82242E-03-4.20106E-02
 -1       433 4.44442E-03 2.17338E-03-4.60918E-02
 -1       434 3.23119E-03 1.12785E-03-4.94114E-02
 -1       435 2.31037E-03 4.87810E-04-5.07753E-02
 -1       436 1.67415E-03 1.50419E-04-5.13502E-02
 -1       437 1.28565E-03-1.17532E-05-5.14756E-02
 -1       438 1.06812E-03-8.05349E-05-5.14562E-02
 -1       439 9.54721E-04-1.06351E-04-5.14165E-02
 -1       440 8.88590E-04-1.15594E-04-5.14412E-02
 -1       441 8.52031E-04-1.17749E-04-5.15858E-02
 -1       442 1.58079E-03-3.28328E-03-4.62274E-02
 -1       443 2.93364E-03-2.69103E-03-4.65442E-02
 -1       444 3.53348E-03-1.97356E-03-4.80144E-02
 -1       445 3.37675E-03-1.20894E-03-4.95009E-02
 -1       446 2.71773E-03-6.43346E-04-5.05080E-02
 -1       447 2.11042E-03-2.77290E-04-5.09430E-02
 -1       448 1.67374E-03-7.29918E-05-5.11277E-02
 -1       449 1.40893E-03 3.26857E-05-5.11832E-02
 -1       450 1.26573E-03 8.65856E-05-5.12020E-02
 -1       451 1.18899E-03 1.19186E-04-5.12304E-02
 -1       452 1.10885E-03 1.49304E-04-5.13700E-02
 -1       453 1.08153E-03-1.96844E-03-4.72427E-02
 -1       454 2.36351E-03-1.49839E-03-4.75194E-02
 -1       455 2.97116E-03-1.04799E-03-4.86150E-02
 -1       456 2.92108E-03-6.34325E-04-4.98242E-02
 -1       457 2.40996E-03-3.31305E-04-5.06503E-02
 -1       458 1.92674E-03-1.41208E-04-5.09880E-02
 -1       459 1.57550E-03-3.53928E-05-5.11254E-02
 -1       460 1.36014E-03 1.84733E-05-5.11614E-02
 -1       461 1.24105E-03 4.54317E-05-5.11736E-02
 -1       462 1.17203E-03 6.05380E-05-5.11997E-02
 -1       463 1.08912E-03 7.19741E-05-5.13395E-02
 -1       464 6.93384E-04-9.81143E-04-4.71048E-02
 -1       465 2.03742E-03-7.10186E-04-4.75536E-02
 -1       466 2.70311E-03-4.69720E-04-4.86432E-02
 -1       467 2.71981E-03-2.79869E-04-4.98208E-02
 -1       468 2.27606E-03-1.44306E-04-5.06278E-02
 -1       469 1.84689E-03-6.08483E-05-5.09636E-02
 -1       470 1.53283E-03-1.48535E-05-5.11051E-02
 -1       471 1.34015E-03 8.38871E-06-5.11473E-02
 -1       472 1.23268E-03 1.97057E-05-5.11652E-02
 -1       473 1.16740E-03 2.54432E-05-5.11945E-02
 -1       474 1.08168E-03 2.91733E-05-5.13362E-02
 -1       475 5.71824E-04-1.30246E-07-4.70307E-02
 -1       476 1.93690E-03-1.17247E-07-4.75514E-02
 -1       477 2.62051E-03-9.36939E-08-4.86577E-02
 -1       478 2.65966E-03-6.82791E-08-4.98299E-02
 -1       479 2.23601E-03-4.70318E-08-5.06281E-02
 -1       480 1.82275E-03-3.04912E-08-5.09598E-02
 -1       481 1.52000E-03-1.80258E-08-5.11001E-02
 -1       482 1.33424E-03-8.50478E-09-5.11427E-02
 -1       483 1.23037E-03-1.21941E-12-5.11615E-02
 -1       484 1.16614E-03 9.10711E-09-5.11913E-02
 -1       485 1.08013E-03 2.11989E-08-5.13332E-02
 -1       486 6.93364E-04 9.80843E-04-4.71048E-02
 -1       487 2.03739E-03 7.09938E-04-4.75537E-02
 -1       488 2.70307E-03 4.69532E-04-4.86432E-02
 -1       489 2.71977E-03 2.79729E-04-4.98208E-02
 -1       490 2.27601E-03 1.44209E-04-5.06278E-02
 -1       491 1.84685E-03 6.07850E-05-5.09636E-02
 -1       492 1.53279E-03 1.48151E-05-5.11051E-02
 -1       493 1.34012E-03-8.40745E-06-5.11473E-02
 -1       494 1.23265E-03-1.97071E-05-5.11652E-02
 -1       495 1.16738E-03-2.54264E-05-5.11945E-02
 -1       496 1.08165E-03-2.91327E-05-5.13362E-02
 -1       497 1.08149E-03 1.96816E-03-4.72428E-02
 -1       498 2.36344E-03 1.49814E-03-4.75195E-02
 -1       499 2.97106E-03 1.04779E-03-4.86151E-02
 -1       500 2.92098E-03 6.34173E-04-4.98243E-02
 -1       501 2.40987E-03 3.31197E-04-5.06503E-02
 -1       502 1.92665E-03 1.41136E-04-5.09881E-02
 -1       503 1.57543E-03 3.53471E-05-5.11255E-02
 -1       504 1.36008E-03-1.84981E-05-5.11614E-02
 -1       505 1.24100E-03-4.54383E-05-5.11736E-02
 -1       506 1.17198E-03-6.05259E-05-5.11997E-02
 -1       507 1.08906E-03-7.19394E-05-5.13395E-02
 -1       508 1.58073E-03 3.28293E-03-4.62277E-02
 -1       509 2.93353E-03 2.69073E-03-4.65445E-02
 -1       510 3.53334E-03 1.97330E-03-4.80146E-02
 -1       511 3.37660E-03 1.20874E-03-4.95011E-02
 -1       512 2.71759E-03 6.43200E-04-5.05081E-02
 -1       513 2.11030E-03 2.77187E-04-5.09431E-02
 -1       514 1.67363E-03 7.29231E-05-5.11278E-02
 -1       515 1.40884E-03-3.27267E-05-5.11832E-02
 -1       516 1.26564E-03-8.66030E-05-5.12020E-02
 -1       517 1.18891E-03-1.19182E-04-5.12305E-02
 -1       518 1.10878E-03-1.49278E-04-5.13701E-02
 -1       519 1.36000E-03 0.00000E+00-5.10000E-02
 -1       520 1.36000E-03 0.00000E+00-5.10000E-02
 -1       521 1.36000E-03 0.00000E+00-5.10000E-02
 -1       522 1.36000E-03 0.00000E+00-5.10000E-02
 -1       523 1.36000E-03 0.00000E+00-5.10000E-02
 -1       524 1.36000E-03 0.00000E+00-5.10000E-02
 -1       525 1.36000E-03 0.00000E+00-5.10000E-02
 -1       526 1.36000E-03 0.00000E+00-5.10000E-02
 -1       527 1.36000E-03 0.00000E+00-5.10000E-02
 -1       528 1.36000E-03 0.00000E+00-5.10000E-02
 -1       529 1.36000E-03 0.00000E+00-5.10000E-02
 -1       530 1.36000E-03 0.00000E+00-5.10000E-02
 -1       531 1.36000E-03 0.00000E+00-5.10000E-02
 -1       532 1.36000E-03 0.00000E+00-5.10000E-02
 -1       533 1.36000E-03 0.00000E+00-5.10000E-02
 -1       534 1.36000E-03 0.00000E+00-5.10000E-02
 -1       535 1.36000E-03 0.00000E+00-5.10000E-02
 -1       536 1.36000E-03 0.00000E+00-5.10000E-02
 -1       537 1.36000E-03 0.00000E+00-5.10000E-02
 -1       538 1.36000E-03 0.00000E+00-5.10000E-02
 -1       539 1.36000E-03 0.00000E+00-5.10000E-02
 -1       540 1.36000E-03 0.00000E+00-5.10000E-02
 -1       541 1.36000E-03 0.00000E+00-5.10000E-02
 -1       542 1.36000E-03 0.00000E+00-5.10000E-02
 -1       543 1.36000E-03 0.00000E+00-5.10000E-02
 -1       544 1.36000E-03 0.00000E+00-5.10000E-02
 -1       545 1.36000E-03 0.00000E+00-5.10000E-02
 -1       546 1.36000E-03 0.00000E+00-5.10000E-02
 -1       547 1.36000E-03 0.00000E+00-5.10000E-02
 -1       548 1.36000E-03 0.00000E+00-5.10000E-02
 -1       549 1.36000E-03 0.00000E+00-5.10000E-02
 -1       550 1.36000E-03 0.00000E+00-5.10000E-02
 -1       551 1.36000E-03 0.00000E+00-5.10000E-02
 -1       552 1.36000E-03 0.00000E+00-5.10000E-02
 -1       553 1.36000E-03 0.00000E+00-5.10000E-02
 -1       554 1.36000E-03 0.00000E+00-5.10000E-02
 -1       555 1.36000E-03 0.00000E+00-5.10000E-02
 -1       556 1.36000E-03 0.00000E+00-5.10000E-02
 -1       557 1.36000E-03 0.00000E+00-5.10000E-02
 -1       558 1.36000E-03 0.00000E+00-5.10000E-02
 -1       559 1.36000E-03 0.00000E+00-5.10000E-02
 -1       560 1.36000E-03 0.00000E+00-5.10000E-02
 -1       561 1.36000E-03 0.00000E+00-5.10000E-02
 -1       562 1.36000E-03 0.00000E+00-5.10000E-02
 -1       563 1.36000E-03 0.00000E+00-5.10000E-02
 -1       564 1.36000E-03 0.00000E+00-5.10000E-02
 -1       565 1.36000E-03 0.00000E+00-5.10000E-02
 -1       566 1.36000E-03 0.00000E+00-5.10000E-02
 -1       567 1.36000E-03 0.00000E+00-5.10000E-02
 -1       568 1.36000E-03 0.00000E+00-5.10000E-02
 -1       569 1.36000E-03 0.00000E+00-5.10000E-02
 -1       570 1.36000E-03 0.00000E+00-5.10000E-02
 -1       571 1.36000E-03 0.00000E+00-5.10000E-02
 -1       572 1.36000E-03 0.00000E+00-5.10000E-02
 -1       573 1.36000E-03 0.00000E+00-5.10000E-02
 -1       574 1.36000E-03 0.00000E+00-5.10000E-02
 -1       575 1.36000E-03 0.00000E+00-5.10000E-02
 -1       576 1.36000E-03 0.00000E+00-5.10000E-02
 -1       577 1.36000E-03 0.00000E+00-5.10000E-02
 -1       578 1.36000E-03 0.00000E+00-5.10000E-02
 -1       579 1.36000E-03 0.00000E+00-5.10000E-02
 -1       580 1.36000E-03 0.00000E+00-5.10000E-02
 -1       581 1.36000E-03 0.00000E+00-5.10000E-02
 -1       582 1.36000E-03 0.00000E+00-5.10000E-02
 -1       583 1.36000E-03 0.00000E+00-5.10000E-02
 -1       584 1.36000E-03 0.00000E+00-5.10000E-02
 -1       585 1.36000E-03 0.00000E+00-5.10000E-02
 -1       586 1.36000E-03 0.00000E+00-5.10000E-02
 -1       587 1.36000E-03 0.00000E+00-5.10000E-02
 -1       588 1.36000E-03 0.00000E+00-5.10000E-02
 -1       589 1.36000E-03 0.00000E+00-5.10000E-02
 -1       590 1.36000E-03 0.00000E+00-5.10000E-02
 -1       591 1.36000E-03 0.00000E+00-5.10000E-02
 -1       592 1.36000E-03 0.00000E+00-5.10000E-02
 -1       593 1.36000E-03 0.00000E+00-5.10000E-02
 -1       594 1.36000E-03 0.00000E+00-5.10000E-02
 -1       595 1.36000E-03 0.00000E+00-5.10000E-02
 -3
    1PSTEP                         2           1           1          
  100CL  101 3.40000E-01          77                     0    1           1
 -4  CONTACT     6    1
 -5  COPEN       1    1    0    0
 -5  CSLIP1      1    1    0    0
 -5  CSLIP2      1    1    0    0
 -5  CPRESS      1    1    0    0
 -5  CSHEAR1     1    1    0    0
 -5  CSHEAR2     1    1    0    0
 -1       287 4.48060E-01 4.13088E-04-4.31847E-05-3.00000E+00 8.95122E-01-9.35772E-02
 -1       286 3.98195E-01 4.26969E-04-6.82112E-05-3.00000E+00 8.88730E-01-1.41981E-01
 -1       285 3.48242E-01 4.21974E-04-1.19904E-04-3.00000E+00 8.65729E-01-2.45996E-01
 -1       284 2.98193E-01 3.28189E-04-2.25115E-04-3.00000E+00 7.42181E-01-5.09085E-01
 -1       283 2.48126E-01 7.86763E-05-3.89823E-04-3.00000E+00 1.78053E-01-8.82212E-01
 -1       282 1.98186E-01-3.26101E-04-6.17679E-04-3.00000E+00-4.20187E-01-7.95891E-01
 -1       281 1.48706E-01-1.01489E-03-8.31773E-04-3.00000E+00-6.96089E-01-5.70491E-01
 -1       280 1.00017E-01-1.89083E-03-8.24830E-04-3.00000E+00-8.24927E-01-3.59854E-01
 -1       279 5.47827E-02-3.52090E-03-5.13246E-04-3.00000E+00-8.90588E-01-1.29822E-01
 -1       278 1.21149E-02-5.69640E-03 1.80486E-03-3.00000E+00-8.57965E-01 2.71839E-01
 -1       277-2.05771E-03-9.26087E-03 5.47133E-03 2.05471E+03-4.63044E+02 2.73566E+02
 -1       276 4.48051E-01 4.31972E-04-4.05495E-05-3.00000E+00 8.96061E-01-8.41138E-02
 -1       275 3.98185E-01 4.49073E-04-5.85356E-05-3.00000E+00 8.92450E-01-1.16329E-01
 -1       274 3.48263E-01 4.59295E-04-9.62672E-05-3.00000E+00 8.80859E-01-1.84626E-01
 -1       273 2.98273E-01 3.81336E-04-1.67706E-04-3.00000E+00 8.23849E-01-3.62316E-01
 -1       272 2.48302E-01 1.29778E-04-2.74638E-04-3.00000E+00 3.84518E-01-8.13723E-01
 -1       271 1.98523E-01-2.95008E-04-4.22315E-04-3.00000E+00-5.15397E-01-7.37812E-01
 -1       270 1.49267E-01-1.08109E-03-5.25696E-04-3.00000E+00-8.09382E-01-3.93575E-01
 -1       269 1.00856E-01-2.12061E-03-3.89022E-04-3.00000E+00-8.85228E-01-1.62393E-01
 -1       268 5.64564E-02-4.18855E-03 2.05170E-04-3.00000E+00-8.98922E-01 4.40323E-02
 -1       267 1.50022E-02-6.54927E-03 1.87421E-03-3.00000E+00-8.65267E-01 2.47614E-01
 -1       266-1.88754E-03-9.79840E-03 2.10391E-03 1.88454E+03-4.89920E+02 1.05196E+02
 -1       265 4.48055E-01 4.39794E-04-2.67103E-05-3.00000E+00 8.98345E-01-5.45598E-02
 -1       264 3.98189E-01 4.49483E-04-3.56240E-05-3.00000E+00 8.97187E-01-7.11071E-02
 -1       263 3.48283E-01 4.46478E-04-5.63491E-05-3.00000E+00 8.92917E-01-1.12693E-01
 -1       262 2.98323E-01 3.43325E-04-9.31677E-05-3.00000E+00 8.68586E-01-2.35707E-01
 -1       261 2.48398E-01 4.59015E-05-1.40938E-04-3.00000E+00 2.78708E-01-8.55758E-01
 -1       260 1.98685E-01-4.50484E-04-2.14064E-04-3.00000E+00-8.12891E-01-3.86275E-01
 -1       259 1.49503E-01-1.34804E-03-2.43130E-04-3.00000E+00-8.85710E-01-1.59745E-01
 -1       258 1.01154E-01-2.47085E-03-9.36029E-05-3.00000E+00-8.99355E-01-3.40701E-02
 -1       257 5.69908E-02-4.41281E-03 3.57260E-04-3.00000E+00-8.97065E-01 7.26263E-02
 -1       256 1.59228E-02-6.21868E-03 1.02892E-03-3.00000E+00-8.87928E-01 1.46913E-01
 -1       255-1.84584E-03-9.44925E-03 8.56286E-04 1.84284E+03-4.72463E+02 4.28143E+01
 -1       254 4.48056E-01 4.39703E-04 1.13725E-07-3.00000E+00 9.00000E-01 2.32777E-04
 -1       253 3.98188E-01 4.46249E-04-1.62413E-07-3.00000E+00 9.00000E-01-3.27557E-04
 -1       252 3.48287E-01 4.37890E-04 1.20429E-07-3.00000E+00 9.00000E-01 2.47519E-04
 -1       251 2.98335E-01 3.23809E-04-2.66100E-07-3.00000E+00 9.00000E-01-7.39603E-04
 -1       250 2.48420E-01 7.87057E-06 8.83474E-08-3.00000E+00 3.93528E-01 4.41737E-03
 -1       249 1.98721E-01-5.04877E-04 1.52217E-07-3.00000E+00-9.00000E-01 2.71343E-04
 -1       248 1.49555E-01-1.42560E-03-5.39687E-07-3.00000E+00-9.00000E-01-3.40711E-04
 -1       247 1.01228E-01-2.50707E-03-4.86876E-07-3.00000E+00-9.00000E-01-1.74781E-04
 -1       246 5.72017E-02-4.29017E-03 3.21226E-06-3.00000E+00-9.00000E-01 6.73873E-04
 -1       245 1.63850E-02-5.95104E-03-9.29628E-06-3.00000E+00-8.99999E-01-1.40591E-03
 -1       244-1.81775E-03-9.18396E-03-5.22966E-06 1.81475E+03-4.59198E+02-2.61483E-01
 -1       243 4.48055E-01 4.39853E-04 2.67545E-05-3.00000E+00 8.98340E-01 5.46425E-02
 -1       242 3.98189E-01 4.49544E-04 3.56140E-05-3.00000E+00 8.97189E-01 7.10776E-02
 -1       241 3.48283E-01 4.46539E-04 5.62835E-05-3.00000E+00 8.92935E-01 1.12549E-01
 -1       240 2.98323E-01 3.43391E-04 9.30167E-05-3.00000E+00 8.68694E-01 2.35309E-01
 -1       239 2.48398E-01 4.59571E-05 1.40665E-04-3.00000E+00 2.79503E-01 8.55499E-01
 -1       238 1.98685E-01-4.50420E-04 2.13695E-04-3.00000E+00-8.13127E-01 3.85777E-01
 -1       237 1.49503E-01-1.34795E-03 2.42633E-04-3.00000E+00-8.85765E-01 1.59439E-01
 -1       236 1.01154E-01-2.47070E-03 9.28663E-05-3.00000E+00-8.99365E-01 3.38045E-02
 -1       235 5.69909E-02-4.41257E-03-3.58284E-04-3.00000E+00-8.97048E-01-7.28368E-02
 -1       234 1.59230E-02-6.21786E-03-1.03106E-03-3.00000E+00-8.87876E-01-1.47230E-01
 -1       233-1.84582E-03-9.44897E-03-8.58152E-04 1.84282E+03-4.72448E+02-4.29076E+01
 -1       232 4.48051E-01 4.32092E-04 4.05938E-05-3.00000E+00 8.96054E-01 8.41817E-02
 -1       231 3.98185E-01 4.49194E-04 5.85258E-05-3.00000E+00 8.92457E-01 1.16279E-01
 -1       230 3.48263E-01 4.59417E-04 9.61985E-05-3.00000E+00 8.80896E-01 1.84453E-01
 -1       229 2.98273E-01 3.81459E-04 1.67563E-04-3.00000E+00 8.24005E-01 3.61961E-01
 -1       228 2.48302E-01 1.29905E-04 2.74397E-04-3.00000E+00 3.85102E-01 8.13447E-01
 -1       227 1.98523E-01-2.94853E-04 4.21951E-04-3.00000E+00-5.15515E-01 7.37729E-01
 -1       226 1.49268E-01-1.08089E-03 5.25163E-04-3.00000E+00-8.09511E-01 3.93310E-01
 -1       225 1.00857E-01-2.12035E-03 3.88237E-04-3.00000E+00-8.85282E-01 1.62096E-01
 -1       224 5.64566E-02-4.18814E-03-2.06309E-04-3.00000E+00-8.98910E-01-4.42806E-02
 -1       223 1.50024E-02-6.54894E-03-1.87553E-03-3.00000E+00-8.65218E-01-2.47787E-01
 -1       222-1.88752E-03-9.79820E-03-2.10464E-03 1.88452E+03-4.89910E+02-1.05232E+02
 -1       221 4.48060E-01 4.13266E-04 4.32295E-05-3.00000E+00 8.95116E-01 9.36333E-02
 -1       220 3.98195E-01 4.27148E-04 6.82011E-05-3.00000E+00 8.88743E-01 1.41902E-01
 -1       219 3.48242E-01 4.22156E-04 1.19834E-04-3.00000E+00 8.65794E-01 2.45766E-01
 -1       218 2.98194E-01 3.28383E-04 2.24972E-04-3.00000E+00 7.42472E-01 5.08660E-01
 -1       217 2.48126E-01 7.88955E-05 3.89575E-04-3.00000E+00 1.78639E-01 8.82093E-01
 -1       216 1.98186E-01-3.25830E-04 6.17292E-04-3.00000E+00-4.20120E-01 7.95927E-01
 -1       215 1.48707E-01-1.01456E-03 8.31215E-04-3.00000E+00-6.96184E-01 5.70375E-01
 -1       214 1.00017E-01-1.89041E-03 8.24002E-04-3.00000E+00-8.25030E-01 3.59618E-01
 -1       213 5.47831E-02-3.52051E-03 5.12168E-04-3.00000E+00-8.90624E-01 1.29569E-01
 -1       212 1.21152E-02-5.69615E-03-1.80597E-03-3.00000E+00-8.57913E-01-2.72001E-01
 -1       211-2.05770E-03-9.26078E-03-5.47193E-03 2.05470E+03-4.63039E+02-2.73597E+02
 -3
    1PSTEP                         3           2           1          
  100CL  102 6.80000E-01         595                     0    2           1
 -4  DISP        4    1
 -5  D1          1    2    1    0
 -5  D2          1    2    2    0
 -5  D3          1    2    3    0
 -5  ALL         1    2    0    0    1ALL
 -1         1 0.00000E+00 0.00000E+00 0.00000E+00
 -1         2 0.00000E+00 0.00000E+00 0.00000E+00
 -1         3 0.00000E+00 0.00000E+00 0.00000E+00
 -1         4 0.00000E+00 0.00000E+00 0.00000E+00
 -1         5 0.00000E+00 0.00000E+00 0.00000E+00
 -1         6 0.00000E+00 0.00000E+00 0.00000E+00
 -1         7 0.00000E+00 0.00000E+00 0.00000E+00
 -1         8 0.00000E+00 0.00000E+00 0.00000E+00
 -1         9 0.00000E+00 0.00000E+00 0.00000E+00
 -1        10 0.00000E+00 0.00000E+00 0.00000E+00
 -1        11 0.00000E+00 0.00000E+00 0.00000E+00
 -1        12 0.00000E+00 0.00000E+00 0.00000E+00
 -1        13 0.00000E+00 0.00000E+00 0.00000E+00
 -1        14 0.00000E+00 0.00000E+00 0.00000E+00
 -1        15 0.00000E+00 0.00000E+00 0.00000E+00
 -1        16 0.00000E+00 0.00000E+00 0.00000E+00
 -1        17 0.00000E+00 0.00000E+00 0.00000E+00
 -1        18 0.00000E+00 0.00000E+00 0.00000E+00
 -1        19 0.00000E+00 0.00000E+00 0.00000E+00
 -1        20 0.00000E+00 0.00000E+00 0.00000E+00
 -1        21 0.00000E+00 0.00000E+00 0.00000E+00
 -1        22 0.00000E+00 0.00000E+00 0.00000E+00
 -1        23 0.00000E+00 0.00000E+00 0.00000E+00
 -1        24 0.00000E+00 0.00000E+00 0.00000E+00
 -1        25 0.00000E+00 0.00000E+00 0.00000E+00
 -1        26 0.00000E+00 0.00000E+00 0.00000E+00
 -1        27 0.00000E+00 0.00000E+00 0.00000E+00
 -1        28 0.00000E+00 0.00000E+00 0.00000E+00
 -1        29 0.00000E+00 0.00000E+00 0.00000E+00
 -1        30 0.00000E+00 0.00000E+00 0.00000E+00
 -1        31 0.00000E+00 0.00000E+00 0.00000E+00
 -1        32 0.00000E+00 0.00000E+00 0.00000E+00
 -1        33 0.00000E+00 0.00000E+00 0.00000E+00
 -1        34 0.00000E+00 0.00000E+00 0.00000E+00
 -1        35 0.00000E+00 0.00000E+00 0.00000E+00
 -1        36 0.00000E+00 0.00000E+00 0.00000E+00
 -1        37 0.00000E+00 0.00000E+00 0.00000E+00
 -1        38 0.00000E+00 0.00000E+00 0.00000E+00
 -1        39 0.00000E+00 0.00000E+00 0.00000E+00
 -1        40 0.00000E+00 0.00000E+00 0.00000E+00
 -1        41 0.00000E+00 0.00000E+00 0.00000E+00
 -1        42 0.00000E+00 0.00000E+00 0.00000E+00
 -1        43 0.00000E+00 0.00000E+00 0.00000E+00
 -1        44 0.00000E+00 0.00000E+00 0.00000E+00
 -1        45 0.00000E+00 0.00000E+00 0.00000E+00
 -1        46 0.00000E+00 0.00000E+00 0.00000E+00
 -1        47 0.00000E+00 0.00000E+00 0.00000E+00
 -1        48 0.00000E+00 0.00000E+00 0.00000E+00
 -1        49 0.00000E+00 0.00000E+00 0.00000E+00
 -1        50 0.00000E+00 0.00000E+00 0.00000E+00
 -1        51 0.00000E+00 0.00000E+00 0.00000E+00
 -1        52 0.00000E+00 0.00000E+00 0.00000E+00
 -1        53 0.00000E+00 0.00000E+00 0.00000E+00
 -1        54 0.00000E+00 0.00000E+00 0.00000E+00
 -1        55 0.00000E+00 0.00000E+00 0.00000E+00
 -1        56 0.00000E+00 0.00000E+00 0.00000E+00
 -1        57 0.00000E+00 0.00000E+00 0.00000E+00
 -1        58 0.00000E+00 0.00000E+00 0.00000E+00
 -1        59 0.00000E+00 0.00000E+00 0.00000E+00
 -1        60 0.00000E+00 0.00000E+00 0.00000E+00
 -1        61 0.00000E+00 0.00000E+00 0.00000E+00
 -1        62 0.00000E+00 0.00000E+00 0.00000E+00
 -1        63 0.00000E+00 0.00000E+00 0.00000E+00
 -1        64 0.00000E+00 0.00000E+00 0.00000E+00
 -1        65 0.00000E+00 0.00000E+00 0.00000E+00
 -1        66 0.00000E+00 0.00000E+00 0.00000E+00
 -1        67 0.00000E+00 0.00000E+00 0.00000E+00
 -1        68 0.00000E+00 0.00000E+00 0.00000E+00
 -1        69 0.00000E+00 0.00000E+00 0.00000E+00
 -1        70 0.00000E+00 0.00000E+00 0.00000E+00
 -1        71-2.16199E-03-3.17430E-03-2.00642E-03
 -1        72-1.43283E-03-2.90842E-03-1.48502E-03
 -1        73-5.19762E-04-2.84110E-03-1.21238E-03
 -1        74 6.21976E-05-7.40213E-04-2.12476E-04
 -1        75-1.45149E-04 1.43018E-04 2.49141E-04
 -1        76-3.13602E-04 2.52739E-04 1.73528E-04
 -1        77-2.59807E-04 1.59087E-04 7.82989E-05
 -1        78-1.75268E-04 7.90069E-05 3.29106E-05
 -1        79-1.19864E-04 3.51230E-05 1.68274E-05
 -1        80-1.09216E-04 1.79070E-05 5.57216E-05
 -1        81-4.11513E-03-2.76228E-03-2.16842E-03
 -1        82-3.08724E-03-2.54157E-03-2.88127E-03
 -1        83-9.35027E-04-2.54191E-03-3.32912E-03
 -1        84-7.89702E-06-6.24888E-04-7.54000E-04
 -1        85-4.12325E-04 1.17825E-04 2.66046E-04
 -1        86-3.64552E-04 1.94037E-04 7.93015E-05
 -1        87-2.29333E-04 1.12575E-04 2.50578E-05
 -1        88-1.43174E-04 5.35302E-05 5.88761E-06
 -1        89-1.00007E-04 2.08597E-05 4.42335E-06
 -1        90-9.41644E-05 5.15941E-06 4.45977E-05
 -1        91-6.86725E-03-1.87062E-03-3.55355E-03
 -1        92-5.14191E-03-1.58979E-03-5.57133E-03
 -1        93-9.93763E-04-1.42282E-03-6.17115E-03
 -1        94 3.46270E-04-3.61600E-04-1.28535E-03
 -1        95-6.03534E-04 7.67425E-05 4.90324E-04
 -1        96-4.92854E-04 1.17391E-04 9.85874E-05
 -1        97-2.69043E-04 7.06024E-05 3.91464E-05
 -1        98-1.47802E-04 3.42128E-05 1.26347E-05
 -1        99-9.55977E-05 1.25260E-05 5.89151E-06
 -1       100-8.60748E-05 2.84709E-06 3.83138E-05
 -1       101-7.95879E-03 1.19792E-07-4.16007E-03
 -1       102-5.86648E-03-2.09847E-08-6.52701E-03
 -1       103-1.11321E-03-3.23621E-08-7.04002E-03
 -1       104 3.41059E-04 2.66935E-08-1.42010E-03
 -1       105-6.82039E-04 5.56142E-10 5.77651E-04
 -1       106-5.48606E-04-8.70942E-10 1.13609E-04
 -1       107-2.91596E-04 2.06205E-09 4.70114E-05
 -1       108-1.53449E-04 4.14783E-10 1.63665E-05
 -1       109-9.59030E-05 1.95958E-10 7.03360E-06
 -1       110-8.41935E-05 4.79960E-11 3.65296E-05
 -1       111-6.86755E-03 1.87094E-03-3.55380E-03
 -1       112-5.14209E-03 1.59028E-03-5.57172E-03
 -1       113-9.93715E-04 1.42319E-03-6.17143E-03
 -1       114 3.46320E-04 3.61631E-04-1.28536E-03
 -1       115-6.03526E-04-7.67425E-05 4.90328E-04
 -1       116-4.92854E-04-1.17382E-04 9.85841E-05
 -1       117-2.69042E-04-7.05994E-05 3.91458E-05
 -1       118-1.47801E-04-3.42120E-05 1.26348E-05
 -1       119-9.55973E-05-1.25255E-05 5.89148E-06
 -1       120-8.60745E-05-2.84697E-06 3.83135E-05
 -1       121-4.11530E-03 2.76268E-03-2.16854E-03
 -1       122-3.08733E-03 2.54179E-03-2.88128E-03
 -1       123-9.35030E-04 2.54204E-03-3.32909E-03
 -1       124-7.87347E-06 6.24927E-04-7.53999E-04
 -1       125-4.12318E-04-1.17812E-04 2.66051E-04
 -1       126-3.64552E-04-1.94033E-04 7.93018E-05
 -1       127-2.29331E-04-1.12572E-04 2.50578E-05
 -1       128-1.43173E-04-5.35294E-05 5.88755E-06
 -1       129-1.00006E-04-2.08593E-05 4.42330E-06
 -1       130-9.41636E-05-5.15930E-06 4.45973E-05
 -1       131-2.16193E-03 3.17465E-03-2.00651E-03
 -1       132-1.43276E-03 2.90857E-03-1.48506E-03
 -1       133-5.19730E-04 2.84113E-03-1.21235E-03
 -1       134 6.21976E-05 7.40225E-04-2.12454E-04
 -1       135-1.45150E-04-1.43005E-04 2.49145E-04
 -1       136-3.13597E-04-2.52734E-04 1.73527E-04
 -1       137-2.59804E-04-1.59085E-04 7.82976E-05
 -1       138-1.75266E-04-7.90055E-05 3.29101E-05
 -1       139-1.19863E-04-3.51224E-05 1.68271E-05
 -1       140-1.09215E-04-1.79067E-05 5.57210E-05
 -1       141-2.21984E-03-2.96572E-03-2.18923E-03
 -1       142-1.96573E-03-1.39667E-03-1.05795E-03
 -1       143-1.20139E-03 3.71997E-04 6.55176E-04
 -1       144-1.05466E-03 3.95803E-04-2.13536E-04
 -1       145-6.78313E-04 5.07306E-04 3.37390E-04
 -1       146-4.00117E-04 3.91249E-04 2.16916E-04
 -1       147-3.02807E-04 2.20092E-04 6.25938E-05
 -1       148-2.27848E-04 1.04117E-04 1.48595E-05
 -1       149-1.84771E-04 4.41922E-05 1.63400E-05
 -1       150-1.71614E-04 1.42928E-05 6.14707E-05
 -1       151-3.14519E-03-2.54414E-03-2.00293E-03
 -1       152-4.05208E-03-1.74721E-03-5.93590E-03
 -1       153-4.25278E-03-1.09897E-03-9.09585E-03
 -1       154-2.49513E-03 4.19376E-04-7.49891E-04
 -1       155-1.06730E-03 3.64286E-04 9.52529E-05
 -1       156-4.39773E-04 2.96941E-04 1.27560E-04
 -1       157-2.67241E-04 1.78237E-04 1.44496E-05
 -1       158-1.84447E-04 8.18261E-05 8.82793E-06
 -1       159-1.55980E-04 3.38047E-05 8.44078E-06
 -1       160-1.49797E-04 1.31443E-05 5.34979E-05
 -1       161-3.85125E-03-1.32816E-03-2.03304E-03
 -1       162-6.65064E-03-9.98526E-04-1.19940E-02
 -1       163-8.23507E-03-1.07971E-03-1.74070E-02
 -1       164-4.38439E-03 3.21923E-04-7.95415E-04
 -1       165-1.58913E-03 2.00526E-04 1.41429E-04
 -1       166-5.80700E-04 1.54980E-04 1.68538E-04
 -1       167-3.12585E-04 9.52254E-05 1.04565E-05
 -1       168-1.80772E-04 4.35116E-05 2.64395E-05
 -1       169-1.42558E-04 1.69841E-05 6.07750E-06
 -1       170-1.34597E-04 6.33307E-06 4.34904E-05
 -1       171-4.33548E-03-1.82273E-07-2.45239E-03
 -1       172-7.58572E-03 2.02646E-06-1.41658E-02
 -1       173-9.34157E-03 9.07341E-07-1.89009E-02
 -1       174-5.09229E-03-1.39004E-07-9.55224E-04
 -1       175-1.80141E-03 1.81746E-08 1.75851E-04
 -1       176-6.45523E-04 2.56325E-08 2.01596E-04
 -1       177-3.36474E-04-3.43562E-10 1.75917E-05
 -1       178-1.84482E-04 5.23205E-10 3.65765E-05
 -1       179-1.39697E-04 9.36049E-10 7.55435E-06
 -1       180-1.30566E-04 1.06190E-11 4.18288E-05
 -1       181-3.85210E-03 1.32891E-03-2.03343E-03
 -1       182-6.65118E-03 9.98949E-04-1.19943E-02
 -1       183-8.23524E-03 1.07944E-03-1.74073E-02
 -1       184-4.38433E-03-3.21803E-04-7.95420E-04
 -1       185-1.58915E-03-2.00544E-04 1.41434E-04
 -1       186-5.80699E-04-1.54966E-04 1.68538E-04
 -1       187-3.12582E-04-9.52224E-05 1.04561E-05
 -1       188-1.80772E-04-4.35097E-05 2.64396E-05
 -1       189-1.42557E-04-1.69830E-05 6.07751E-06
 -1       190-1.34596E-04-6.33278E-06 4.34901E-05
 -1       191-3.14538E-03 2.54464E-03-2.00309E-03
 -1       192-4.05220E-03 1.74730E-03-5.93596E-03
 -1       193-4.25291E-03 1.09880E-03-9.09588E-03
 -1       194-2.49518E-03-4.19370E-04-7.49886E-04
 -1       195-1.06728E-03-3.64265E-04 9.52605E-05
 -1       196-4.39773E-04-2.96938E-04 1.27561E-04
 -1       197-2.67240E-04-1.78234E-04 1.44493E-05
 -1       198-1.84445E-04-8.18243E-05 8.82796E-06
 -1       199-1.55978E-04-3.38037E-05 8.44068E-06
 -1       200-1.49796E-04-1.31440E-05 5.34974E-05
 -1       201-2.21976E-03 2.96611E-03-2.18929E-03
 -1       202-1.96567E-03 1.39684E-03-1.05796E-03
 -1       203-1.20137E-03-3.71996E-04 6.55248E-04
 -1       204-1.05468E-03-3.95834E-04-2.13491E-04
 -1       205-6.78314E-04-5.07296E-04 3.37397E-04
 -1       206-4.00106E-04-3.91237E-04 2.16913E-04
 -1       207-3.02804E-04-2.20090E-04 6.25930E-05
 -1       208-2.27846E-04-1.04115E-04 1.48592E-05
 -1       209-1.84769E-04-4.41913E-05 1.63396E-05
 -1       210-1.71612E-04-1.42924E-05 6.14699E-05
 -1       211-2.02245E-02-1.20136E-02-1.26407E-02
 -1       212-1.39314E-02-6.31633E-03-6.08424E-02
 -1       213-1.04773E-02-9.70265E-04-8.72504E-02
 -1       214-6.51545E-03 1.43960E-03-9.66852E-02
 -1       215-3.65283E-03 1.83350E-03-1.01027E-01
 -1       216-1.67171E-03 1.58768E-03-1.02740E-01
 -1       217-3.85458E-04 1.13900E-03-1.03237E-01
 -1       218 3.61501E-04 7.25511E-04-1.03247E-01
 -1       219 7.24571E-04 4.19796E-04-1.03170E-01
 -1       220 8.40980E-04 2.38861E-04-1.03226E-01
 -1       221 8.55525E-04 1.49823E-04-1.03476E-01
 -1       222-2.29144E-02-5.50337E-03-1.65948E-02
 -1       223-1.69600E-02-4.32429E-03-6.49696E-02
 -1       224-1.29539E-02-1.54247E-03-8.54463E-02
 -1       225-7.95201E-03 4.55674E-04-9.51139E-02
 -1       226-4.29275E-03 1.08927E-03-9.97821E-02
 -1       227-1.87355E-03 1.04985E-03-1.01916E-01
 -1       228-3.87004E-04 7.89790E-04-1.02745E-01
 -1       229 4.30565E-04 5.24323E-04-1.02990E-01
 -1       230 7.99034E-04 3.18942E-04-1.03061E-01
 -1       231 9.00384E-04 1.92016E-04-1.03193E-01
 -1       232 9.09726E-04 1.32472E-04-1.03462E-01
 -1       233-2.36897E-02-2.43994E-03-1.87042E-02
 -1       234-1.74521E-02-2.22015E-03-6.68986E-02
 -1       235-1.36634E-02-1.13101E-03-8.54112E-02
 -1       236-8.83392E-03-2.76664E-05-9.47149E-02
 -1       237-5.02729E-03 4.49639E-04-9.93030E-02
 -1       238-2.33540E-03 5.11070E-04-1.01544E-01
 -1       239-6.40590E-04 4.01799E-04-1.02493E-01
 -1       240 3.04657E-04 2.79570E-04-1.02841E-01
 -1       241 7.49890E-04 1.77748E-04-1.02984E-01
 -1       242 8.94883E-04 1.10956E-04-1.03155E-01
 -1       243 9.25328E-04 8.33205E-05-1.03435E-01
 -1       244-2.39166E-02-1.31855E-05-1.97723E-02
 -1       245-1.76211E-02 8.02256E-07-6.76824E-02
 -1       246-1.37801E-02-9.52752E-07-8.55434E-02
 -1       247-9.06761E-03-5.16931E-07-9.46678E-02
 -1       248-5.27817E-03-4.06016E-07-9.91928E-02
 -1       249-2.51972E-03-2.73316E-07-1.01446E-01
 -1       250-7.48730E-04-2.15224E-07-1.02420E-01
 -1       251 2.42876E-04-8.51238E-08-1.02795E-01
 -1       252 7.21595E-04-3.78439E-08-1.02958E-01
 -1       253 8.85441E-04 2.04828E-08-1.03140E-01
 -1       254 9.25091E-04 7.05693E-08-1.03423E-01
 -1       255-2.36907E-02 2.43634E-03-1.87044E-02
 -1       256-1.74540E-02 2.21719E-03-6.68988E-02
 -1       257-1.36637E-02 1.12976E-03-8.54114E-02
 -1       258-8.83422E-03 2.64467E-05-9.47151E-02
 -1       259-5.02749E-03-4.50439E-04-9.93031E-02
 -1       260-2.33556E-03-5.11628E-04-1.01544E-01
 -1       261-6.40736E-04-4.02161E-04-1.02493E-01
 -1       262 3.04519E-04-2.79765E-04-1.02841E-01
 -1       263 7.49763E-04-1.77816E-04-1.02984E-01
 -1       264 8.94758E-04-1.10921E-04-1.03155E-01
 -1       265 9.25204E-04-8.31745E-05-1.03435E-01
 -1       266-2.29150E-02 5.50203E-03-1.65951E-02
 -1       267-1.69607E-02 4.32223E-03-6.49699E-02
 -1       268-1.29548E-02 1.54061E-03-8.54467E-02
 -1       269-7.95251E-03-4.56877E-04-9.51142E-02
 -1       270-4.29317E-03-1.09013E-03-9.97823E-02
 -1       271-1.87389E-03-1.05042E-03-1.01916E-01
 -1       272-3.87296E-04-7.90152E-04-1.02745E-01
 -1       273 4.30300E-04-5.24521E-04-1.02990E-01
 -1       274 7.98783E-04-3.19014E-04-1.03061E-01
 -1       275 9.00138E-04-1.91979E-04-1.03193E-01
 -1       276 9.09481E-04-1.32325E-04-1.03462E-01
 -1       277-2.02249E-02 1.20124E-02-1.26408E-02
 -1       278-1.39320E-02 6.31467E-03-6.08425E-02
 -1       279-1.04782E-02 9.68464E-04-8.72509E-02
 -1       280-6.51636E-03-1.44096E-03-9.66856E-02
 -1       281-3.65352E-03-1.83438E-03-1.01027E-01
 -1       282-1.67227E-03-1.58829E-03-1.02740E-01
 -1       283-3.85919E-04-1.13937E-03-1.03237E-01
 -1       284 3.61101E-04-7.25718E-04-1.03247E-01
 -1       285 7.24202E-04-4.19872E-04-1.03170E-01
 -1       286 8.40621E-04-2.38824E-04-1.03226E-01
 -1       287 8.55167E-04-1.49676E-04-1.03476E-01
 -1       288 2.46347E-03-1.55441E-02-5.61543E-02
 -1       289 6.83436E-03-8.24365E-03-6.95288E-02
 -1       290 4.65375E-03-3.87910E-03-8.72728E-02
 -1       291 2.26187E-03-1.36492E-03-9.68141E-02
 -1       292 1.35000E-03-1.27678E-04-1.01091E-01
 -1       293 1.08088E-03 3.31053E-04-1.02801E-01
 -1       294 1.08264E-03 4.20347E-04-1.03261E-01
 -1       295 1.16949E-03 3.66064E-04-1.03227E-01
 -1       296 1.25589E-03 2.82845E-04-1.03110E-01
 -1       297 1.30708E-03 2.16839E-04-1.03120E-01
 -1       298 1.30763E-03 1.72613E-04-1.03386E-01
 -1       299-1.82110E-03-8.09870E-03-5.66198E-02
 -1       300 3.00120E-03-4.92157E-03-6.94734E-02
 -1       301 1.81459E-03-2.48622E-03-8.68174E-02
 -1       302 7.24588E-04-8.68307E-04-9.58309E-02
 -1       303 5.81743E-04-4.32513E-05-1.00230E-01
 -1       304 7.67854E-04 2.65562E-04-1.02162E-01
 -1       305 1.00212E-03 3.15228E-04-1.02851E-01
 -1       306 1.18539E-03 2.66546E-04-1.02996E-01
 -1       307 1.29577E-03 2.02593E-04-1.03001E-01
 -1       308 1.34310E-03 1.54872E-04-1.03086E-01
 -1       309 1.34145E-03 1.26921E-04-1.03370E-01
 -1       310-3.01835E-03-3.39486E-03-5.80731E-02
 -1       311 1.84899E-03-2.34790E-03-7.05960E-02
 -1       312 5.26723E-04-1.28636E-03-8.73216E-02
 -1       313-2.14027E-04-4.66715E-04-9.57058E-02
 -1       314-2.07392E-05-2.17995E-05-1.00002E-01
 -1       315 4.28378E-04 1.47161E-04-1.01929E-01
 -1       316 8.38083E-04 1.74335E-04-1.02673E-01
 -1       317 1.12216E-03 1.46494E-04-1.02876E-01
 -1       318 1.28051E-03 1.11081E-04-1.02930E-01
 -1       319 1.34724E-03 8.43400E-05-1.03044E-01
 -1       320 1.35220E-03 7.17917E-05-1.03329E-01
 -1       321-3.25138E-03 2.74470E-07-5.85741E-02
 -1       322 1.56504E-03-1.28557E-06-7.09892E-02
 -1       323 1.93311E-04-6.35318E-07-8.75686E-02
 -1       324-5.10039E-04-4.44142E-07-9.57647E-02
 -1       325-2.43338E-04-3.22805E-07-9.99839E-02
 -1       326 2.86780E-04-2.11793E-07-1.01883E-01
 -1       327 7.59456E-04-1.26874E-07-1.02628E-01
 -1       328 1.08541E-03-7.05344E-08-1.02841E-01
 -1       329 1.26634E-03-1.66201E-08-1.02905E-01
 -1       330 1.34339E-03 2.98105E-08-1.03025E-01
 -1       331 1.35250E-03 8.23351E-08-1.03311E-01
 -1       332-3.01881E-03 3.39146E-03-5.80752E-02
 -1       333 1.84836E-03 2.34561E-03-7.05964E-02
 -1       334 5.26284E-04 1.28509E-03-8.73218E-02
 -1       335-2.14310E-04 4.65753E-04-9.57059E-02
 -1       336-2.09489E-05 2.11534E-05-1.00002E-01
 -1       337 4.28201E-04-1.47596E-04-1.01929E-01
 -1       338 8.37930E-04-1.74604E-04-1.02673E-01
 -1       339 1.12202E-03-1.46636E-04-1.02876E-01
 -1       340 1.28039E-03-1.11117E-04-1.02930E-01
 -1       341 1.34712E-03-8.42805E-05-1.03044E-01
 -1       342 1.35209E-03-7.16287E-05-1.03329E-01
 -1       343-1.82185E-03 8.09613E-03-5.66202E-02
 -1       344 3.00040E-03 4.91945E-03-6.94739E-02
 -1       345 1.81391E-03 2.48474E-03-8.68178E-02
 -1       346 7.24071E-04 8.67304E-04-9.58312E-02
 -1       347 5.81305E-04 4.25657E-05-1.00230E-01
 -1       348 7.67490E-04-2.66011E-04-1.02162E-01
 -1       349 1.00181E-03-3.15510E-04-1.02851E-01
 -1       350 1.18513E-03-2.66696E-04-1.02996E-01
 -1       351 1.29553E-03-2.02635E-04-1.03001E-01
 -1       352 1.34287E-03-1.54815E-04-1.03086E-01
 -1       353 1.34122E-03-1.26761E-04-1.03370E-01
 -1       354 2.46256E-03 1.55418E-02-5.61547E-02
 -1       355 6.83344E-03 8.24171E-03-6.95293E-02
 -1       356 4.65287E-03 3.87757E-03-8.72733E-02
 -1       357 2.26102E-03 1.36385E-03-9.68146E-02
 -1       358 1.34930E-03 1.26956E-04-1.01091E-01
 -1       359 1.08032E-03-3.31540E-04-1.02801E-01
 -1       360 1.08217E-03-4.20653E-04-1.03261E-01
 -1       361 1.16910E-03-3.66231E-04-1.03227E-01
 -1       362 1.25554E-03-2.82897E-04-1.03110E-01
 -1       363 1.30675E-03-2.16787E-04-1.03120E-01
 -1       364 1.30730E-03-1.72454E-04-1.03386E-01
 -1       365 5.17967E-03-1.12477E-02-7.72588E-02
 -1       366 7.77959E-03-8.28714E-03-8.09668E-02
 -1       367 8.71846E-03-5.19554E-03-8.93451E-02
 -1       368 7.24203E-03-2.92260E-03-9.65750E-02
 -1       369 5.38367E-03-1.45526E-03-1.00468E-01
 -1       370 3.96931E-03-6.00128E-04-1.02176E-01
 -1       371 3.02953E-03-1.49502E-04-1.02753E-01
 -1       372 2.46869E-03 6.58105E-05-1.02845E-01
 -1       373 2.16208E-03 1.61739E-04-1.02809E-01
 -1       374 1.99445E-03 2.07097E-04-1.02852E-01
 -1       375 1.90756E-03 2.32905E-04-1.03128E-01
 -1       376 2.32699E-03-7.41405E-03-7.86567E-02
 -1       377 5.38266E-03-5.36766E-03-8.20020E-02
 -1       378 6.77223E-03-3.37827E-03-8.95974E-02
 -1       379 5.80287E-03-1.90788E-03-9.64273E-02
 -1       380 4.49069E-03-9.34329E-04-1.00145E-01
 -1       381 3.46841E-03-3.69461E-04-1.01879E-01
 -1       382 2.77787E-03-7.70703E-05-1.02534E-01
 -1       383 2.35575E-03 5.83491E-05-1.02707E-01
 -1       384 2.11529E-03 1.16217E-04-1.02736E-01
 -1       385 1.97123E-03 1.41930E-04-1.02826E-01
 -1       386 1.88433E-03 1.57209E-04-1.03114E-01
 -1       387 8.98842E-04-3.32659E-03-7.88858E-02
 -1       388 4.15371E-03-2.43322E-03-8.25739E-02
 -1       389 5.79226E-03-1.53298E-03-9.00873E-02
 -1       390 5.02488E-03-8.63484E-04-9.66545E-02
 -1       391 3.97876E-03-4.09723E-04-1.00152E-01
 -1       392 3.16352E-03-1.50099E-04-1.01812E-01
 -1       393 2.61644E-03-1.97003E-05-1.02448E-01
 -1       394 2.28030E-03 3.73948E-05-1.02634E-01
 -1       395 2.08414E-03 5.94353E-05-1.02680E-01
 -1       396 1.95626E-03 6.79114E-05-1.02784E-01
 -1       397 1.87266E-03 7.31909E-05-1.03066E-01
 -1       398 5.03510E-04-8.88779E-07-7.89939E-02
 -1       399 3.82381E-03-5.39580E-07-8.27234E-02
 -1       400 5.50243E-03-4.35861E-07-9.02153E-02
 -1       401 4.78665E-03-3.06598E-07-9.67047E-02
 -1       402 3.81250E-03-2.03447E-07-1.00144E-01
 -1       403 3.06068E-03-1.30145E-07-1.01785E-01
 -1       404 2.55987E-03-7.63435E-08-1.02418E-01
 -1       405 2.25285E-03-3.42840E-08-1.02610E-01
 -1       406 2.07250E-03 2.92656E-11-1.02662E-01
 -1       407 1.95100E-03 3.39607E-08-1.02771E-01
 -1       408 1.86886E-03 7.35175E-08-1.03052E-01
 -1       409 8.98577E-04 3.32539E-03-7.88857E-02
 -1       410 4.15343E-03 2.43211E-03-8.25742E-02
 -1       411 5.79200E-03 1.53202E-03-9.00875E-02
 -1       412 5.02467E-03 8.62860E-04-9.66546E-02
 -1       413 3.97859E-03 4.09302E-04-1.00152E-01
 -1       414 3.16337E-03 1.49832E-04-1.01812E-01
 -1       415 2.61631E-03 1.95436E-05-1.02448E-01
 -1       416 2.28018E-03-3.74681E-05-1.02634E-01
 -1       417 2.08404E-03-5.94384E-05-1.02680E-01
 -1       418 1.95616E-03-6.78456E-05-1.02784E-01
 -1       419 1.87257E-03-7.30465E-05-1.03066E-01
 -1       420 2.32653E-03 7.41233E-03-7.86571E-02
 -1       421 5.38218E-03 5.36630E-03-8.20025E-02
 -1       422 6.77179E-03 3.37728E-03-8.95977E-02
 -1       423 5.80247E-03 1.90719E-03-9.64275E-02
 -1       424 4.49034E-03 9.33873E-04-1.00145E-01
 -1       425 3.46811E-03 3.69166E-04-1.01879E-01
 -1       426 2.77761E-03 7.68923E-05-1.02534E-01
 -1       427 2.35553E-03-5.84371E-05-1.02707E-01
 -1       428 2.11509E-03-1.16229E-04-1.02736E-01
 -1       429 1.97105E-03-1.41869E-04-1.02826E-01
 -1       430 1.88415E-03-1.57069E-04-1.03114E-01
 -1       431 5.17890E-03 1.12460E-02-7.72594E-02
 -1       432 7.77886E-03 8.28573E-03-8.09675E-02
 -1       433 8.71776E-03 5.19449E-03-8.93458E-02
 -1       434 7.24141E-03 2.92186E-03-9.65754E-02
 -1       435 5.38313E-03 1.45475E-03-1.00468E-01
 -1       436 3.96886E-03 5.99794E-04-1.02176E-01
 -1       437 3.02916E-03 1.49295E-04-1.02753E-01
 -1       438 2.46837E-03-6.59198E-05-1.02845E-01
 -1       439 2.16180E-03-1.61765E-04-1.02809E-01
 -1       440 1.99418E-03-2.07044E-04-1.02852E-01
 -1       441 1.90730E-03-2.32767E-04-1.03128E-01
 -1       442 2.48233E-03-7.43280E-03-9.05774E-02
 -1       443 5.70078E-03-6.16785E-03-9.15208E-02
 -1       444 7.26812E-03-4.64927E-03-9.47589E-02
 -1       445 7.16588E-03-3.02173E-03-9.79941E-02
 -1       446 6.02535E-03-1.73092E-03-1.00304E-01
 -1       447 4.75004E-03-8.54654E-04-1.01520E-01
 -1       448 3.75726E-03-3.30210E-04-1.02068E-01
 -1       449 3.11052E-03-4.15617E-05-1.02280E-01
 -1       450 2.74007E-03 1.13492E-04-1.02361E-01
 -1       451 2.53918E-03 2.06024E-04-1.02436E-01
 -1       452 2.36832E-03 2.80524E-04-1.02672E-01
 -1       453 1.43012E-03-4.31319E-03-9.28101E-02
 -1       454 4.53246E-03-3.35334E-03-9.36781E-02
 -1       455 6.10002E-03-2.44658E-03-9.61591E-02
 -1       456 6.18589E-03-1.57198E-03-9.88130E-02
 -1       457 5.31391E-03-8.93457E-04-1.00725E-01
 -1       458 4.29927E-03-4.38578E-04-1.01692E-01
 -1       459 3.49871E-03-1.67704E-04-1.02112E-01
 -1       460 2.97241E-03-1.94674E-05-1.02262E-01
 -1       461 2.66600E-03 5.90430E-05-1.02317E-01
 -1       462 2.49030E-03 1.03535E-04-1.02380E-01
 -1       463 2.31859E-03 1.35387E-04-1.02614E-01
 -1       464 6.31334E-04-2.07595E-03-9.26024E-02
 -1       465 3.86569E-03-1.54706E-03-9.38177E-02
 -1       466 5.54812E-03-1.07636E-03-9.62494E-02
 -1       467 5.76688E-03-6.82727E-04-9.88402E-02
 -1       468 5.01050E-03-3.87910E-04-1.00707E-01
 -1       469 4.10693E-03-1.89816E-04-1.01649E-01
 -1       470 3.38789E-03-7.25343E-05-1.02072E-01
 -1       471 2.91471E-03-8.41374E-06-1.02232E-01
 -1       472 2.63766E-03 2.50089E-05-1.02297E-01
 -1       473 2.47327E-03 4.28591E-05-1.02367E-01
 -1       474 2.29825E-03 5.44745E-05-1.02607E-01
 -1       475 3.86377E-04-2.84544E-07-9.25127E-02
 -1       476 3.65907E-03-2.52687E-07-9.38552E-02
 -1       477 5.37659E-03-1.92174E-07-9.63064E-02
 -1       478 5.63983E-03-1.32887E-07-9.88806E-02
 -1       479 4.92046E-03-8.46794E-08-1.00722E-01
 -1       480 4.04932E-03-5.02430E-08-1.01647E-01
 -1       481 3.35476E-03-2.58007E-08-1.02064E-01
 -1       482 2.89765E-03-7.67866E-09-1.02223E-01
 -1       483 2.62944E-03 8.30101E-09-1.02290E-01
 -1       484 2.46839E-03 2.57100E-08-1.02360E-01
 -1       485 2.29345E-03 4.91394E-08-1.02601E-01
 -1       486 6.31270E-04 2.07526E-03-9.26025E-02
 -1       487 3.86561E-03 1.54652E-03-9.38178E-02
 -1       488 5.54801E-03 1.07598E-03-9.62495E-02
 -1       489 5.76677E-03 6.82453E-04-9.88403E-02
 -1       490 5.01039E-03 3.87736E-04-1.00707E-01
 -1       491 4.10684E-03 1.89711E-04-1.01649E-01
 -1       492 3.38781E-03 7.24786E-05-1.02072E-01
 -1       493 2.91465E-03 8.39510E-06-1.02232E-01
 -1       494 2.63760E-03-2.49952E-05-1.02298E-01
 -1       495 2.47321E-03-4.28107E-05-1.02367E-01
 -1       496 2.29820E-03-5.43800E-05-1.02607E-01
 -1       497 1.42997E-03 4.31256E-03-9.28101E-02
 -1       498 4.53226E-03 3.35279E-03-9.36783E-02
 -1       499 6.09979E-03 2.44616E-03-9.61593E-02
 -1       500 6.18566E-03 1.57168E-03-9.88131E-02
 -1       501 5.31370E-03 8.93261E-04-1.00725E-01
 -1       502 4.29909E-03 4.38455E-04-1.01692E-01
 -1       503 3.49856E-03 1.67634E-04-1.02112E-01
 -1       504 2.97228E-03 1.94369E-05-1.02263E-01
 -1       505 2.66589E-03-5.90391E-05-1.02317E-01
 -1       506 2.49020E-03-1.03495E-04-1.02380E-01
 -1       507 2.31849E-03-1.35305E-04-1.02614E-01
 -1       508 2.48211E-03 7.43203E-03-9.05779E-02
 -1       509 5.70046E-03 6.16718E-03-9.15214E-02
 -1       510 7.26777E-03 4.64875E-03-9.47593E-02
 -1       511 7.16553E-03 3.02134E-03-9.79944E-02
 -1       512 6.02504E-03 1.73065E-03-1.00305E-01
 -1       513 4.74978E-03 8.54475E-04-1.01520E-01
 -1       514 3.75703E-03 3.30099E-04-1.02068E-01
 -1       515 3.11033E-03 4.15032E-05-1.02280E-01
 -1       516 2.73991E-03-1.13506E-04-1.02361E-01
 -1       517 2.53903E-03-2.05997E-04-1.02436E-01
 -1       518 2.36817E-03-2.80456E-04-1.02672E-01
 -1       519 2.72000E-03 0.00000E+00-1.02000E-01
 -1       520 2.72000E-03 0.00000E+00-1.02000E-01
 -1       521 2.72000E-03 0.00000E+00-1.02000E-01
 -1       522 2.72000E-03 0.00000E+00-1.02000E-01
 -1       523 2.72000E-03 0.00000E+00-1.02000E-01
 -1       524 2.72000E-03 0.00000E+00-1.02000E-01
 -1       525 2.72000E-03 0.00000E+00-1.02000E-01
 -1       526 2.72000E-03 0.00000E+00-1.02000E-01
 -1       527 2.72000E-03 0.00000E+00-1.02000E-01
 -1       528 2.72000E-03 0.00000E+00-1.02000E-01
 -1       529 2.72000E-03 0.00000E+00-1.02000E-01
 -1       530 2.72000E-03 0.00000E+00-1.02000E-01
 -1       531 2.72000E-03 0.00000E+00-1.02000E-01
 -1       532 2.72000E-03 0.00000E+00-1.02000E-01
 -1       533 2.72000E-03 0.00000E+00-1.02000E-01
 -1       534 2.72000E-03 0.00000E+00-1.02000E-01
 -1       535 2.72000E-03 0.00000E+00-1.02000E-01
 -1       536 2.72000E-03 0.00000E+00-1.02000E-01
 -1       537 2.72000E-03 0.00000E+00-1.02000E-01
 -1       538 2.72000E-03 0.00000E+00-1.02000E-01
 -1       539 2.72000E-03 0.00000E+00-1.02000E-01
 -1       540 2.72000E-03 0.00000E+00-1.02000E-01
 -1       541 2.72000E-03 0.00000E+00-1.02000E-01
 -1       542 2.72000E-03 0.00000E+00-1.02000E-01
 -1       543 2.72000E-03 0.00000E+00-1.02000E-01
 -1       544 2.72000E-03 0.00000E+00-1.02000E-01
 -1       545 2.72000E-03 0.00000E+00-1.02000E-01
 -1       546 2.72000E-03 0.00000E+00-1.02000E-01
 -1       547 2.72000E-03 0.00000E+00-1.02000E-01
 -1       548 2.72000E-03 0.00000E+00-1.02000E-01
 -1       549 2.72000E-03 0.00000E+00-1.02000E-01
 -1       550 2.72000E-03 0.00000E+00-1.02000E-01
 -1       551 2.72000E-03 0.00000E+00-1.02000E-01
 -1       552 2.72000E-03 0.00000E+00-1.02000E-01
 -1       553 2.72000E-03 0.00000E+00-1.02000E-01
 -1       554 2.72000E-03 0.00000E+00-1.02000E-01
 -1       555 2.72000E-03 0.00000E+00-1.02000E-01
 -1       556 2.72000E-03 0.00000E+00-1.02000E-01
 -1       557 2.72000E-03 0.00000E+00-1.02000E-01
 -1       558 2.72000E-03 0.00000E+00-1.02000E-01
 -1       559 2.72000E-03 0.00000E+00-1.02000E-01
 -1       560 2.72000E-03 0.00000E+00-1.02000E-01
 -1       561 2.72000E-03 0.00000E+00-1.02000E-01
 -1       562 2.72000E-03 0.00000E+00-1.02000E-01
 -1       563 2.72000E-03 0.00000E+00-1.02000E-01
 -1       564 2.72000E-03 0.00000E+00-1.02000E-01
 -1       565 2.72000E-03 0.00000E+00-1.02000E-01
 -1       566 2.72000E-03 0.00000E+00-1.02000E-01
 -1       567 2.72000E-03 0.00000E+00-1.02000E-01
 -1       568 2.72000E-03 0.00000E+00-1.02000E-01
 -1       569 2.72000E-03 0.00000E+00-1.02000E-01
 -1       570 2.72000E-03 0.00000E+00-1.02000E-01
 -1       571 2.72000E-03 0.00000E+00-1.02000E-01
 -1       572 2.72000E-03 0.00000E+00-1.02000E-01
 -1       573 2.72000E-03 0.00000E+00-1.02000E-01
 -1       574 2.72000E-03 0.00000E+00-1.02000E-01
 -1       575 2.72000E-03 0.00000E+00-1.02000E-01
 -1       576 2.72000E-03 0.00000E+00-1.02000E-01
 -1       577 2.72000E-03 0.00000E+00-1.02000E-01
 -1       578 2.72000E-03 0.00000E+00-1.02000E-01
 -1       579 2.72000E-03 0.00000E+00-1.02000E-01
 -1       580 2.72000E-03 0.00000E+00-1.02000E-01
 -1       581 2.72000E-03 0.00000E+00-1.02000E-01
 -1       582 2.72000E-03 0.00000E+00-1.02000E-01
 -1       583 2.72000E-03 0.00000E+00-1.02000E-01
 -1       584 2.72000E-03 0.00000E+00-1.02000E-01
 -1       585 2.72000E-03 0.00000E+00-1.02000E-01
 -1       586 2.72000E-03 0.00000E+00-1.02000E-01
 -1       587 2.72000E-03 0.00000E+00-1.02000E-01
 -1       588 2.72000E-03 0.00000E+00-1.02000E-01
 -1       589 2.72000E-03 0.00000E+00-1.02000E-01
 -1       590 2.72000E-03 0.00000E+00-1.02000E-01
 -1       591 2.72000E-03 0.00000E+00-1.02000E-01
 -1       592 2.72000E-03 0.00000E+00-1.02000E-01
 -1       593 2.72000E-03 0.00000E+00-1.02000E-01
 -1       594 2.72000E-03 0.00000E+00-1.02000E-01
 -1       595 2.72000E-03 0.00000E+00-1.02000E-01
 -3
    1PSTEP                         4           2           1          
  100CL  102 6.80000E-01          77                     0    2           1
 -4  CONTACT     6    1
 -5  COPEN       1    1    0    0
 -5  CSLIP1      1    1    0    0
 -5  CSLIP2      1    1    0    0
 -5  CPRESS      1    1    0    0
 -5  CSHEAR1     1    1    0    0
 -5  CSHEAR2     1    1    0    0
 -1       287 3.96358E-01 1.02401E-03-9.69824E-05-3.00000E+00 8.96494E-01-7.93652E-02
 -1       286 3.46621E-01 1.03375E-03-1.55183E-04-3.00000E+00 8.90837E-01-1.28102E-01
 -1       285 2.96692E-01 9.72881E-04-2.84036E-04-3.00000E+00 8.62632E-01-2.56643E-01
 -1       284 2.46594E-01 6.97635E-04-5.31430E-04-3.00000E+00 6.94717E-01-5.72161E-01
 -1       283 1.96546E-01 6.56294E-05-8.80422E-04-3.00000E+00-1.67947E-02-8.99843E-01
 -1       282 1.47062E-01-8.51687E-04-1.28711E-03-3.00000E+00-5.53151E-01-7.09946E-01
 -1       281 9.88936E-02-2.32389E-03-1.49490E-03-3.00000E+00-8.01789E-01-4.08821E-01
 -1       280 5.37690E-02-4.16414E-03-1.06061E-03-3.00000E+00-8.94976E-01-9.49663E-02
 -1       279 1.65004E-02-7.10458E-03 8.75555E-04-3.00000E+00-8.39932E-01 3.23287E-01
 -1       278-1.08275E-03-9.17486E-03 5.30396E-03 1.07975E+03-1.74781E+02 1.75227E+02
 -1       277-3.72757E-03-1.54255E-02 1.06570E-02 3.72457E+03-7.71275E+02 5.32848E+02
 -1       276 3.96367E-01 1.07361E-03-9.61931E-05-3.00000E+00 8.96620E-01-7.79296E-02
 -1       275 3.46645E-01 1.09378E-03-1.34045E-04-3.00000E+00 8.93853E-01-1.05009E-01
 -1       274 2.96799E-01 1.06561E-03-2.24973E-04-3.00000E+00 8.80397E-01-1.86820E-01
 -1       273 2.46845E-01 8.11825E-04-3.90691E-04-3.00000E+00 8.00094E-01-4.12127E-01
 -1       272 1.97016E-01 1.43641E-04-6.12879E-04-3.00000E+00 5.46162E-02-8.98341E-01
 -1       271 1.47860E-01-8.54211E-04-8.40954E-04-3.00000E+00-7.16203E-01-5.45026E-01
 -1       270 1.00116E-01-2.56714E-03-8.44831E-04-3.00000E+00-8.79406E-01-1.91428E-01
 -1       269 5.53515E-02-4.71134E-03-1.46869E-04-3.00000E+00-8.96249E-01 8.20871E-02
 -1       268 1.98358E-02-8.13980E-03 1.41170E-03-3.00000E+00-8.61044E-01 2.61923E-01
 -1       267-6.96938E-04-9.98101E-03 3.31277E-03 6.93939E+02-1.72453E+02 7.21767E+01
 -1       266-3.36468E-03-1.61388E-02 4.38021E-03 3.36168E+03-8.06940E+02 2.19011E+02
 -1       265 3.96391E-01 1.08805E-03-6.48178E-05-3.00000E+00 8.98446E-01-5.28622E-02
 -1       264 3.46675E-01 1.09085E-03-8.13573E-05-3.00000E+00 8.97707E-01-6.42063E-02
 -1       263 2.96872E-01 1.02976E-03-1.29675E-04-3.00000E+00 8.92970E-01-1.12271E-01
 -1       262 2.46986E-01 7.15746E-04-2.11419E-04-3.00000E+00 8.58305E-01-2.70764E-01
 -1       261 1.97248E-01-5.88090E-05-3.11994E-04-3.00000E+00-4.19500E-01-7.96254E-01
 -1       260 1.48209E-01-1.19393E-03-4.04118E-04-3.00000E+00-8.70969E-01-2.26746E-01
 -1       259 1.00582E-01-3.06543E-03-3.22225E-04-3.00000E+00-8.98990E-01-4.26356E-02
 -1       258 5.57952E-02-5.07376E-03 1.96346E-04-3.00000E+00-8.94568E-01 9.87332E-02
 -1       257 2.06063E-02-8.04679E-03 1.05828E-03-3.00000E+00-8.83798E-01 1.70005E-01
 -1       256-5.74531E-04-9.31190E-03 1.63499E-03 5.71531E+02-1.55551E+02 3.04507E+01
 -1       255-3.29603E-03-1.58460E-02 1.81054E-03 3.29303E+03-7.92300E+02 9.05268E+01
 -1       254 3.96399E-01 1.08836E-03 2.55002E-07-3.00000E+00 9.00000E-01 1.97011E-04
 -1       253 3.46685E-01 1.08495E-03-2.94115E-07-3.00000E+00 9.00000E-01-1.89473E-04
 -1       252 2.96894E-01 1.01228E-03 2.43652E-07-3.00000E+00 9.00000E-01 1.94731E-04
 -1       251 2.47023E-01 6.76160E-04-5.21639E-07-3.00000E+00 9.00000E-01-6.56939E-04
 -1       250 1.97303E-01-1.30012E-04 5.15249E-07-3.00000E+00-8.99993E-01 3.56675E-03
 -1       249 1.48287E-01-1.29476E-03 5.56324E-07-3.00000E+00-9.00000E-01 4.56229E-04
 -1       248 1.00684E-01-3.16063E-03-9.21215E-07-3.00000E+00-9.00000E-01-1.99374E-04
 -1       247 5.59036E-02-4.97309E-03-1.98366E-06-3.00000E+00-9.00000E-01-5.43575E-04
 -1       246 2.08106E-02-7.68164E-03 8.82706E-06-3.00000E+00-8.99999E-01 1.48552E-03
 -1       245-5.41589E-04-8.84941E-03-1.54074E-05 5.38590E+02-1.45820E+02-3.06872E-01
 -1       244-3.26088E-03-1.54596E-02-1.60080E-05 3.25788E+03-7.72981E+02-8.00402E-01
 -1       243 3.96391E-01 1.08817E-03 6.49623E-05-3.00000E+00 8.98438E-01 5.29939E-02
 -1       242 3.46675E-01 1.09097E-03 8.13911E-05-3.00000E+00 8.97703E-01 6.42586E-02
 -1       241 2.96872E-01 1.02989E-03 1.29606E-04-3.00000E+00 8.92973E-01 1.12248E-01
 -1       240 2.46986E-01 7.15886E-04 2.11214E-04-3.00000E+00 8.58359E-01 2.70593E-01
 -1       239 1.97248E-01-5.86617E-05 3.11606E-04-3.00000E+00-4.19352E-01 7.96331E-01
 -1       238 1.48209E-01-1.19377E-03 4.03543E-04-3.00000E+00-8.71023E-01 2.26538E-01
 -1       237 1.00582E-01-3.06524E-03 3.21426E-04-3.00000E+00-8.98997E-01 4.24786E-02
 -1       236 5.57953E-02-5.07345E-03-1.97539E-04-3.00000E+00-8.94550E-01-9.88948E-02
 -1       235 2.06064E-02-8.04650E-03-1.05968E-03-3.00000E+00-8.83780E-01-1.70095E-01
 -1       234-5.74515E-04-9.31009E-03-1.63846E-03 5.71516E+02-1.55501E+02-3.05172E+01
 -1       233-3.29601E-03-1.58452E-02-1.81536E-03 3.29301E+03-7.92261E+02-9.07681E+01
 -1       232 3.96367E-01 1.07386E-03 9.63378E-05-3.00000E+00 8.96609E-01 7.80521E-02
 -1       231 3.46645E-01 1.09402E-03 1.34080E-04-3.00000E+00 8.93848E-01 1.05048E-01
 -1       230 2.96799E-01 1.06586E-03 2.24898E-04-3.00000E+00 8.80407E-01 1.86770E-01
 -1       229 2.46845E-01 8.12091E-04 3.90487E-04-3.00000E+00 8.00200E-01 4.11923E-01
 -1       228 1.97016E-01 1.43933E-04 6.12506E-04-3.00000E+00 5.50850E-02 8.98313E-01
 -1       227 1.47860E-01-8.53870E-04 8.40386E-04-3.00000E+00-7.16242E-01 5.44975E-01
 -1       226 1.00116E-01-2.56672E-03 8.43969E-04-3.00000E+00-8.79441E-01 1.91268E-01
 -1       225 5.53518E-02-4.71081E-03 1.45600E-04-3.00000E+00-8.96233E-01-8.22619E-02
 -1       224 1.98361E-02-8.13893E-03-1.41355E-03-3.00000E+00-8.60992E-01-2.62093E-01
 -1       223-6.96924E-04-9.98047E-03-3.31462E-03 6.93924E+02-1.72442E+02-7.22031E+01
 -1       222-3.36466E-03-1.61385E-02-4.38160E-03 3.36166E+03-8.06924E+02-2.19080E+02
 -1       221 3.96358E-01 1.02437E-03 9.71277E-05-3.00000E+00 8.96483E-01 7.94862E-02
 -1       220 3.46621E-01 1.03411E-03 1.55217E-04-3.00000E+00 8.90833E-01 1.28125E-01
 -1       219 2.96692E-01 9.73251E-04 2.83957E-04-3.00000E+00 8.62662E-01 2.56544E-01
 -1       218 2.46594E-01 6.98036E-04 5.31218E-04-3.00000E+00 6.94941E-01 5.71889E-01
 -1       217 1.96546E-01 6.60904E-05 8.80037E-04-3.00000E+00-1.63504E-02 8.99851E-01
 -1       216 1.47062E-01-8.51118E-04 1.28650E-03-3.00000E+00-5.53072E-01 7.10008E-01
 -1       215 9.88939E-02-2.32319E-03 1.49400E-03-3.00000E+00-8.01827E-01 4.08746E-01
 -1       214 5.37695E-02-4.16325E-03 1.05923E-03-3.00000E+00-8.94996E-01 9.47720E-02
 -1       213 1.65009E-02-7.10378E-03-8.77320E-04-3.00000E+00-8.39865E-01-3.23459E-01
 -1       212-1.08274E-03-9.17437E-03-5.30546E-03 1.07974E+03-1.74769E+02-1.75247E+02
 -1       211-3.72757E-03-1.54252E-02-1.06581E-02 3.72457E+03-7.71262E+02-5.32906E+02
 -3
    1PSTEP                         5           3           1          
  100CL  103 1.000000000         595                     0    3           1
 -4  DISP        4    1
 -5  D1          1    2    1    0
 -5  D2          1    2    2    0
 -5  D3          1    2    3    0
 -5  ALL         1    2    0    0    1ALL
 -1         1 0.00000E+00 0.00000E+00 0.00000E+00
 -1         2 0.00000E+00 0.00000E+00 0.00000E+00
 -1         3 0.00000E+00 0.00000E+00 0.00000E+00
 -1         4 0.00000E+00 0.00000E+00 0.00000E+00
 -1         5 0.00000E+00 0.00000E+00 0.00000E+00
 -1         6 0.00000E+00 0.00000E+00 0.00000E+00
 -1         7 0.00000E+00 0.00000E+00 0.00000E+00
 -1         8 0.00000E+00 0.00000E+00 0.00000E+00
 -1         9 0.00000E+00 0.00000E+00 0.00000E+00
 -1        10 0.00000E+00 0.00000E+00 0.00000E+00
 -1        11 0.00000E+00 0.00000E+00 0.00000E+00
 -1        12 0.00000E+00 0.00000E+00 0.00000E+00
 -1        13 0.00000E+00 0.00000E+00 0.00000E+00
 -1        14 0.00000E+00 0.00000E+00 0.00000E+00
 -1        15 0.00000E+00 0.00000E+00 0.00000E+00
 -1        16 0.00000E+00 0.00000E+00 0.00000E+00
 -1        17 0.00000E+00 0.00000E+00 0.00000E+00
 -1        18 0.00000E+00 0.00000E+00 0.00000E+00
 -1        19 0.00000E+00 0.00000E+00 0.00000E+00
 -1        20 0.00000E+00 0.00000E+00 0.00000E+00
 -1        21 0.00000E+00 0.00000E+00 0.00000E+00
 -1        22 0.00000E+00 0.00000E+00 0.00000E+00
 -1        23 0.00000E+00 0.00000E+00 0.00000E+00
 -1        24 0.00000E+00 0.00000E+00 0.00000E+00
 -1        25 0.00000E+00 0.00000E+00 0.00000E+00
 -1        26 0.00000E+00 0.00000E+00 0.00000E+00
 -1        27 0.00000E+00 0.00000E+00 0.00000E+00
 -1        28 0.00000E+00 0.00000E+00 0.00000E+00
 -1        29 0.00000E+00 0.00000E+00 0.00000E+00
 -1        30 0.00000E+00 0.00000E+00 0.00000E+00
 -1        31 0.00000E+00 0.00000E+00 0.00000E+00
 -1        32 0.00000E+00 0.00000E+00 0.00000E+00
 -1        33 0.00000E+00 0.00000E+00 0.00000E+00
 -1        34 0.00000E+00 0.00000E+00 0.00000E+00
 -1        35 0.00000E+00 0.00000E+00 0.00000E+00
 -1        36 0.00000E+00 0.00000E+00 0.00000E+00
 -1        37 0.00000E+00 0.00000E+00 0.00000E+00
 -1        38 0.00000E+00 0.00000E+00 0.00000E+00
 -1        39 0.00000E+00 0.00000E+00 0.00000E+00
 -1        40 0.00000E+00 0.00000E+00 0.00000E+00
 -1        41 0.00000E+00 0.00000E+00 0.00000E+00
 -1        42 0.00000E+00 0.00000E+00 0.00000E+00
 -1        43 0.00000E+00 0.00000E+00 0.00000E+00
 -1        44 0.00000E+00 0.00000E+00 0.00000E+00
 -1        45 0.00000E+00 0.00000E+00 0.00000E+00
 -1        46 0.00000E+00 0.00000E+00 0.00000E+00
 -1        47 0.00000E+00 0.00000E+00 0.00000E+00
 -1        48 0.00000E+00 0.00000E+00 0.00000E+00
 -1        49 0.00000E+00 0.00000E+00 0.00000E+00
 -1        50 0.00000E+00 0.00000E+00 0.00000E+00
 -1        51 0.00000E+00 0.00000E+00 0.00000E+00
 -1        52 0.00000E+00 0.00000E+00 0.00000E+00
 -1        53 0.00000E+00 0.00000E+00 0.00000E+00
 -1        54 0.00000E+00 0.00000E+00 0.00000E+00
 -1        55 0.00000E+00 0.00000E+00 0.00000E+00
 -1        56 0.00000E+00 0.00000E+00 0.00000E+00
 -1        57 0.00000E+00 0.00000E+00 0.00000E+00
 -1        58 0.00000E+00 0.00000E+00 0.00000E+00
 -1        59 0.00000E+00 0.00000E+00 0.00000E+00
 -1        60 0.00000E+00 0.00000E+00 0.00000E+00
 -1        61 0.00000E+00 0.00000E+00 0.00000E+00
 -1        62 0.00000E+00 0.00000E+00 0.00000E+00
 -1        63 0.00000E+00 0.00000E+00 0.00000E+00
 -1        64 0.00000E+00 0.00000E+00 0.00000E+00
 -1        65 0.00000E+00 0.00000E+00 0.00000E+00
 -1        66 0.00000E+00 0.00000E+00 0.00000E+00
 -1        67 0.00000E+00 0.00000E+00 0.00000E+00
 -1        68 0.00000E+00 0.00000E+00 0.00000E+00
 -1        69 0.00000E+00 0.00000E+00 0.00000E+00
 -1        70 0.00000E+00 0.00000E+00 0.00000E+00
 -1        71-3.80320E-03-4.75872E-03-3.06047E-03
 -1        72-2.75609E-03-4.87726E-03-2.49031E-03
 -1        73-1.10281E-03-5.74746E-03-2.56401E-03
 -1        74 3.12831E-04-2.40222E-03-9.75965E-04
 -1        75 1.44899E-04-2.14938E-04 1.99890E-04
 -1        76-3.08555E-04 3.09488E-04 2.82002E-04
 -1        77-3.60724E-04 2.47693E-04 1.33783E-04
 -1        78-2.63057E-04 1.29174E-04 5.43041E-05
 -1        79-1.83221E-04 6.01268E-05 2.84926E-05
 -1        80-1.68717E-04 3.45959E-05 9.03895E-05
 -1        81-6.23615E-03-4.12240E-03-2.85329E-03
 -1        82-5.25969E-03-4.17901E-03-4.45247E-03
 -1        83-1.91395E-03-5.06449E-03-6.40244E-03
 -1        84 3.03368E-04-1.95369E-03-2.35813E-03
 -1        85-3.28435E-04-1.46211E-04 2.41234E-04
 -1        86-5.21668E-04 2.54995E-04 1.93008E-04
 -1        87-3.57054E-04 1.83252E-04 4.52391E-05
 -1        88-2.23060E-04 9.06236E-05 5.28481E-06
 -1        89-1.54877E-04 3.78333E-05 4.44525E-06
 -1        90-1.47053E-04 1.45028E-05 7.09284E-05
 -1        91-1.00054E-02-2.79494E-03-4.37353E-03
 -1        92-8.70269E-03-2.57624E-03-8.46541E-03
 -1        93-2.33309E-03-2.80870E-03-1.16885E-02
 -1        94 1.15467E-03-1.03893E-03-3.94525E-03
 -1        95-5.00909E-04-7.24450E-05 5.47172E-04
 -1        96-7.73834E-04 1.54446E-04 2.67003E-04
 -1        97-4.60786E-04 1.12713E-04 6.02866E-05
 -1        98-2.47586E-04 5.83994E-05 9.76179E-06
 -1        99-1.53942E-04 2.33238E-05 4.51599E-06
 -1       100-1.38183E-04 9.39581E-06 6.33402E-05
 -1       101-1.15388E-02 2.19376E-07-5.08091E-03
 -1       102-9.88021E-03 1.00295E-08-9.85978E-03
 -1       103-2.57976E-03-3.37467E-07-1.32338E-02
 -1       104 1.20363E-03 2.89476E-08-4.29971E-03
 -1       105-6.13404E-04-1.21704E-08 6.89818E-04
 -1       106-8.72571E-04-1.17034E-08 3.00498E-04
 -1       107-5.09930E-04-1.80060E-09 7.10896E-05
 -1       108-2.64175E-04-3.12244E-09 1.31098E-05
 -1       109-1.57554E-04-5.83131E-10 5.37809E-06
 -1       110-1.37322E-04-2.90161E-10 6.17410E-05
 -1       111-1.00062E-02 2.79556E-03-4.37407E-03
 -1       112-8.70326E-03 2.57740E-03-8.46632E-03
 -1       113-2.33305E-03 2.81000E-03-1.16897E-02
 -1       114 1.15490E-03 1.03920E-03-3.94549E-03
 -1       115-5.00822E-04 7.24075E-05 5.47163E-04
 -1       116-7.73818E-04-1.54449E-04 2.67010E-04
 -1       117-4.60785E-04-1.12726E-04 6.02914E-05
 -1       118-2.47588E-04-5.84046E-05 9.76308E-06
 -1       119-1.53943E-04-2.33253E-05 4.51591E-06
 -1       120-1.38183E-04-9.39654E-06 6.33401E-05
 -1       121-6.23664E-03 4.12333E-03-2.85357E-03
 -1       122-5.25998E-03 4.17955E-03-4.45250E-03
 -1       123-1.91400E-03 5.06483E-03-6.40229E-03
 -1       124 3.03442E-04 1.95382E-03-2.35812E-03
 -1       125-3.28380E-04 1.46253E-04 2.41248E-04
 -1       126-5.21662E-04-2.54993E-04 1.93013E-04
 -1       127-3.57051E-04-1.83256E-04 4.52392E-05
 -1       128-2.23060E-04-9.06289E-05 5.28539E-06
 -1       129-1.54878E-04-3.78354E-05 4.44531E-06
 -1       130-1.47053E-04-1.45036E-05 7.09286E-05
 -1       131-3.80305E-03 4.75958E-03-3.06069E-03
 -1       132-2.75593E-03 4.87757E-03-2.49036E-03
 -1       133-1.10276E-03 5.74745E-03-2.56387E-03
 -1       134 3.12794E-04 2.40219E-03-9.75833E-04
 -1       135 1.44863E-04 2.14955E-04 1.99933E-04
 -1       136-3.08551E-04-3.09475E-04 2.82007E-04
 -1       137-3.60718E-04-2.47697E-04 1.33782E-04
 -1       138-2.63055E-04-1.29178E-04 5.43055E-05
 -1       139-1.83222E-04-6.01295E-05 2.84938E-05
 -1       140-1.68718E-04-3.45968E-05 9.03906E-05
 -1       141-3.70602E-03-4.59809E-03-3.21716E-03
 -1       142-3.32322E-03-2.84498E-03-2.14820E-03
 -1       143-1.94042E-03-8.57141E-05 8.91272E-04
 -1       144-1.51197E-03 1.48696E-04-4.84340E-04
 -1       145-9.71638E-04 5.05239E-04 2.99748E-04
 -1       146-5.29418E-04 5.56289E-04 3.98960E-04
 -1       147-4.00973E-04 3.53917E-04 1.38276E-04
 -1       148-3.31274E-04 1.78401E-04 3.38544E-05
 -1       149-2.83456E-04 8.07359E-05 3.02299E-05
 -1       150-2.66232E-04 3.40358E-05 1.00421E-04
 -1       151-4.67246E-03-3.98261E-03-2.78025E-03
 -1       152-5.76522E-03-3.15785E-03-8.35036E-03
 -1       153-6.54985E-03-2.89122E-03-1.73122E-02
 -1       154-4.48879E-03-2.45769E-04-4.01774E-03
 -1       155-1.98778E-03 3.84443E-04 4.68864E-05
 -1       156-7.32323E-04 3.99515E-04 2.27781E-04
 -1       157-3.97626E-04 2.90144E-04 4.26768E-05
 -1       158-2.83924E-04 1.48026E-04 3.20679E-06
 -1       159-2.45921E-04 6.48501E-05 1.17186E-05
 -1       160-2.36988E-04 3.14843E-05 8.59206E-05
 -1       161-5.50471E-03-2.09813E-03-2.67517E-03
 -1       162-8.90606E-03-1.78405E-03-1.60944E-02
 -1       163-1.24501E-02-2.56859E-03-3.29806E-02
 -1       164-8.14740E-03-1.71158E-04-5.49926E-03
 -1       165-3.14458E-03 2.35673E-04 1.67808E-04
 -1       166-1.04558E-03 1.98031E-04 3.10268E-04
 -1       167-5.21307E-04 1.56956E-04 2.20575E-05
 -1       168-3.11027E-04 8.22534E-05 8.03241E-06
 -1       169-2.40038E-04 3.42323E-05 4.25449E-06
 -1       170-2.22455E-04 1.69999E-05 7.29605E-05
 -1       171-6.13430E-03-2.84842E-07-3.20511E-03
 -1       172-1.01150E-02 3.79025E-06-1.90155E-02
 -1       173-1.41001E-02 4.91570E-06-3.58387E-02
 -1       174-9.35039E-03-2.04390E-07-5.69447E-03
 -1       175-3.58068E-03 2.79464E-08 1.43740E-04
 -1       176-1.16841E-03-2.47722E-08 3.72535E-04
 -1       177-5.82533E-04-3.82403E-08 2.75206E-05
 -1       178-3.29261E-04 4.19750E-10 1.64982E-05
 -1       179-2.42517E-04 1.37975E-11 5.31896E-06
 -1       180-2.20922E-04-6.15752E-10 7.22112E-05
 -1       181-5.50649E-03 2.09954E-03-2.67597E-03
 -1       182-8.90756E-03 1.78527E-03-1.60951E-02
 -1       183-1.24506E-02 2.56728E-03-3.29818E-02
 -1       184-8.14708E-03 1.71309E-04-5.49956E-03
 -1       185-3.14456E-03-2.35713E-04 1.67823E-04
 -1       186-1.04556E-03-1.98045E-04 3.10277E-04
 -1       187-5.21313E-04-1.56980E-04 2.20610E-05
 -1       188-3.11033E-04-8.22607E-05 8.03306E-06
 -1       189-2.40038E-04-3.42331E-05 4.25452E-06
 -1       190-2.22454E-04-1.70013E-05 7.29602E-05
 -1       191-4.67307E-03 3.98378E-03-2.78066E-03
 -1       192-5.76549E-03 3.15804E-03-8.35050E-03
 -1       193-6.55019E-03 2.89049E-03-1.73121E-02
 -1       194-4.48907E-03 2.45510E-04-4.01779E-03
 -1       195-1.98771E-03-3.84402E-04 4.69178E-05
 -1       196-7.32305E-04-3.99520E-04 2.27789E-04
 -1       197-3.97625E-04-2.90149E-04 4.26781E-05
 -1       198-2.83925E-04-1.48035E-04 3.20744E-06
 -1       199-2.45921E-04-6.48534E-05 1.17190E-05
 -1       200-2.36988E-04-3.14860E-05 8.59207E-05
 -1       201-3.70583E-03 4.59902E-03-3.21731E-03
 -1       202-3.32312E-03 2.84528E-03-2.14815E-03
 -1       203-1.94039E-03 8.56228E-05 8.91549E-04
 -1       204-1.51202E-03-1.48923E-04-4.84096E-04
 -1       205-9.71697E-04-5.05291E-04 2.99815E-04
 -1       206-5.29394E-04-5.56262E-04 3.98962E-04
 -1       207-4.00964E-04-3.53921E-04 1.38275E-04
 -1       208-3.31272E-04-1.78407E-04 3.38566E-05
 -1       209-2.83457E-04-8.07404E-05 3.02318E-05
 -1       210-2.66234E-04-3.40377E-05 1.00422E-04
 -1       211-2.70208E-02-1.78670E-02-2.00410E-02
 -1       212-1.94101E-02-1.19666E-02-7.12006E-02
 -1       213-1.54571E-02-4.82712E-03-1.09942E-01
 -1       214-1.11872E-02 1.06513E-04-1.36240E-01
 -1       215-6.75742E-03 2.17255E-03-1.45535E-01
 -1       216-3.40991E-03 2.29182E-03-1.49878E-01
 -1       217-1.18342E-03 1.81749E-03-1.51394E-01
 -1       218 1.69053E-04 1.21179E-03-1.51763E-01
 -1       219 8.55482E-04 7.21461E-04-1.51782E-01
 -1       220 1.09936E-03 4.24048E-04-1.51936E-01
 -1       221 1.14328E-03 2.90912E-04-1.52404E-01
 -1       222-3.02544E-02-8.87372E-03-2.65057E-02
 -1       223-2.34432E-02-7.37738E-03-7.91442E-02
 -1       224-1.92013E-02-3.70510E-03-1.13075E-01
 -1       225-1.36934E-02-7.23297E-04-1.34163E-01
 -1       226-8.12896E-03 1.01291E-03-1.43710E-01
 -1       227-3.96584E-03 1.42529E-03-1.48489E-01
 -1       228-1.31243E-03 1.22297E-03-1.50509E-01
 -1       229 2.13599E-04 8.56202E-04-1.51272E-01
 -1       230 9.38946E-04 5.41030E-04-1.51558E-01
 -1       231 1.16823E-03 3.39653E-04-1.51859E-01
 -1       232 1.20636E-03 2.58266E-04-1.52367E-01
 -1       233-3.15895E-02-4.09695E-03-2.99028E-02
 -1       234-2.44284E-02-3.70055E-03-8.28500E-02
 -1       235-2.02512E-02-2.20024E-03-1.14544E-01
 -1       236-1.47366E-02-7.27357E-04-1.33988E-01
 -1       237-9.15947E-03 2.79081E-04-1.43146E-01
 -1       238-4.75319E-03 6.33110E-04-1.47923E-01
 -1       239-1.79502E-03 6.07639E-04-1.50093E-01
 -1       240-4.84497E-05 4.43353E-04-1.51009E-01
 -1       241 8.12380E-04 2.97158E-04-1.51415E-01
 -1       242 1.12312E-03 1.95108E-04-1.51786E-01
 -1       243 1.20240E-03 1.62010E-04-1.52315E-01
 -1       244-3.19969E-02-2.64525E-05-3.15894E-02
 -1       245-2.47911E-02-4.49701E-06-8.43497E-02
 -1       246-2.04240E-02-2.27049E-06-1.15127E-01
 -1       247-1.50020E-02-1.21310E-06-1.34105E-01
 -1       248-9.47634E-03-9.30042E-07-1.43050E-01
 -1       249-5.03782E-03-6.05682E-07-1.47786E-01
 -1       250-1.99384E-03-3.87053E-07-1.49979E-01
 -1       251-1.59908E-04-1.18843E-07-1.50931E-01
 -1       252 7.49003E-04-6.39285E-08-1.51368E-01
 -1       253 1.09286E-03 6.32616E-08-1.51757E-01
 -1       254 1.18933E-03 1.79174E-07-1.52295E-01
 -1       255-3.15900E-02 4.08821E-03-2.99035E-02
 -1       256-2.44316E-02 3.69427E-03-8.28507E-02
 -1       257-2.02524E-02 2.19717E-03-1.14544E-01
 -1       258-1.47374E-02 7.24574E-04-1.33988E-01
 -1       259-9.15995E-03-2.80921E-04-1.43146E-01
 -1       260-4.75358E-03-6.34354E-04-1.47923E-01
 -1       261-1.79536E-03-6.08383E-04-1.50093E-01
 -1       262-4.87434E-05-4.43724E-04-1.51009E-01
 -1       263 8.12106E-04-2.97259E-04-1.51415E-01
 -1       264 1.12284E-03-1.94988E-04-1.51786E-01
 -1       265 1.20212E-03-1.61643E-04-1.52315E-01
 -1       266-3.02557E-02 8.87041E-03-2.65066E-02
 -1       267-2.34443E-02 7.37334E-03-7.91451E-02
 -1       268-1.92027E-02 3.70173E-03-1.13076E-01
 -1       269-1.36946E-02 7.20554E-04-1.34163E-01
 -1       270-8.12993E-03-1.01488E-03-1.43710E-01
 -1       271-3.96664E-03-1.42657E-03-1.48490E-01
 -1       272-1.31311E-03-1.22376E-03-1.50509E-01
 -1       273 2.13006E-04-8.56604E-04-1.51272E-01
 -1       274 9.38383E-04-5.41139E-04-1.51559E-01
 -1       275 1.16768E-03-3.39523E-04-1.51859E-01
 -1       276 1.20581E-03-2.57896E-04-1.52367E-01
 -1       277-2.70218E-02 1.78641E-02-2.00413E-02
 -1       278-1.94114E-02 1.19633E-02-7.12008E-02
 -1       279-1.54586E-02 4.82416E-03-1.09942E-01
 -1       280-1.11889E-02-1.09316E-04-1.36241E-01
 -1       281-6.75896E-03-2.17457E-03-1.45535E-01
 -1       282-3.41121E-03-2.29318E-03-1.49879E-01
 -1       283-1.18449E-03-1.81832E-03-1.51394E-01
 -1       284 1.68139E-04-1.21222E-03-1.51763E-01
 -1       285 8.54649E-04-7.21578E-04-1.51782E-01
 -1       286 1.09855E-03-4.23917E-04-1.51936E-01
 -1       287 1.14247E-03-2.90539E-04-1.52404E-01
 -1       288-1.94162E-03-2.22074E-02-7.63204E-02
 -1       289 6.09171E-03-1.38095E-02-9.37505E-02
 -1       290 6.74313E-03-7.53084E-03-1.18706E-01
 -1       291 4.69441E-03-3.28929E-03-1.36110E-01
 -1       292 2.69059E-03-9.88212E-04-1.45912E-01
 -1       293 1.94933E-03 1.17934E-04-1.49964E-01
 -1       294 1.76338E-03 4.79944E-04-1.51462E-01
 -1       295 1.80295E-03 5.07007E-04-1.51753E-01
 -1       296 1.90210E-03 4.27152E-04-1.51708E-01
 -1       297 1.97550E-03 3.53197E-04-1.51777E-01
 -1       298 1.97608E-03 3.12956E-04-1.52259E-01
 -1       299-6.85126E-03-1.21002E-02-7.72508E-02
 -1       300 1.37188E-03-8.02170E-03-9.42319E-02
 -1       301 2.48849E-03-4.47977E-03-1.18567E-01
 -1       302 1.78416E-03-2.09172E-03-1.35243E-01
 -1       303 1.16819E-03-5.83377E-04-1.44677E-01
 -1       304 1.22739E-03 1.37230E-04-1.48952E-01
 -1       305 1.49772E-03 3.72206E-04-1.50756E-01
 -1       306 1.75291E-03 3.75795E-04-1.51331E-01
 -1       307 1.92275E-03 3.09344E-04-1.51496E-01
 -1       308 2.00112E-03 2.54307E-04-1.51699E-01
 -1       309 2.00050E-03 2.32908E-04-1.52218E-01
 -1       310-8.48483E-03-5.25279E-03-7.98652E-02
 -1       311-1.87098E-04-3.76756E-03-9.65758E-02
 -1       312 6.54659E-04-2.27331E-03-1.20145E-01
 -1       313 2.17593E-04-1.07752E-03-1.35624E-01
 -1       314 1.16099E-04-3.09498E-04-1.44465E-01
 -1       315 5.95440E-04 7.90313E-05-1.48647E-01
 -1       316 1.15829E-03 2.05995E-04-1.50481E-01
 -1       317 1.59391E-03 2.08357E-04-1.51134E-01
 -1       318 1.85901E-03 1.70849E-04-1.51372E-01
 -1       319 1.97841E-03 1.38933E-04-1.51623E-01
 -1       320 1.99328E-03 1.32384E-04-1.52144E-01
 -1       321-8.82008E-03 7.00329E-08-8.07682E-02
 -1       322-5.90623E-04-2.25055E-06-9.73706E-02
 -1       323 1.48865E-04-1.57958E-06-1.20734E-01
 -1       324-2.48306E-04-1.08115E-06-1.35871E-01
 -1       325-2.41020E-04-7.52562E-07-1.44511E-01
 -1       326 3.49911E-04-4.89701E-07-1.48606E-01
 -1       327 1.01032E-03-2.90537E-07-1.50421E-01
 -1       328 1.51330E-03-1.51438E-07-1.51081E-01
 -1       329 1.82099E-03-2.22847E-08-1.51331E-01
 -1       330 1.96024E-03 8.14279E-08-1.51591E-01
 -1       331 1.98370E-03 1.98775E-07-1.52112E-01
 -1       332-8.48539E-03 5.24464E-03-7.98700E-02
 -1       333-1.88246E-04 3.76157E-03-9.65778E-02
 -1       334 6.53669E-04 2.26987E-03-1.20146E-01
 -1       335 2.16933E-04 1.07526E-03-1.35624E-01
 -1       336 1.15606E-04 3.07966E-04-1.44465E-01
 -1       337 5.95035E-04-8.00351E-05-1.48647E-01
 -1       338 1.15794E-03-2.06590E-04-1.50481E-01
 -1       339 1.59360E-03-2.08645E-04-1.51134E-01
 -1       340 1.85874E-03-1.70899E-04-1.51372E-01
 -1       341 1.97814E-03-1.38770E-04-1.51623E-01
 -1       342 1.99303E-03-1.31989E-04-1.52144E-01
 -1       343-6.85263E-03 1.20939E-02-7.72521E-02
 -1       344 1.37027E-03 8.01663E-03-9.42331E-02
 -1       345 2.48696E-03 4.47616E-03-1.18568E-01
 -1       346 1.78301E-03 2.08933E-03-1.35243E-01
 -1       347 1.16722E-03 5.81754E-04-1.44678E-01
 -1       348 1.22657E-03-1.38275E-04-1.48952E-01
 -1       349 1.49702E-03-3.72832E-04-1.50756E-01
 -1       350 1.75230E-03-3.76106E-04-1.51331E-01
 -1       351 1.92220E-03-3.09406E-04-1.51496E-01
 -1       352 2.00060E-03-2.54148E-04-1.51699E-01
 -1       353 2.00000E-03-2.32518E-04-1.52218E-01
 -1       354-1.94371E-03 2.22020E-02-7.63214E-02
 -1       355 6.08959E-03 1.38050E-02-9.37515E-02
 -1       356 6.74114E-03 7.52729E-03-1.18707E-01
 -1       357 4.69264E-03 3.28680E-03-1.36111E-01
 -1       358 2.68906E-03 9.86515E-04-1.45913E-01
 -1       359 1.94805E-03-1.19053E-04-1.49965E-01
 -1       360 1.76231E-03-4.80625E-04-1.51462E-01
 -1       361 1.80204E-03-5.07358E-04-1.51753E-01
 -1       362 1.90130E-03-4.27239E-04-1.51708E-01
 -1       363 1.97475E-03-3.53048E-04-1.51777E-01
 -1       364 1.97534E-03-3.12570E-04-1.52259E-01
 -1       365 4.81376E-03-1.74672E-02-1.08173E-01
 -1       366 9.48152E-03-1.33301E-02-1.14420E-01
 -1       367 1.20696E-02-9.01877E-03-1.26769E-01
 -1       368 1.12402E-02-5.50697E-03-1.38097E-01
 -1       369 9.04620E-03-2.99617E-03-1.45368E-01
 -1       370 6.78665E-03-1.42907E-03-1.49161E-01
 -1       371 5.15125E-03-5.31055E-04-1.50671E-01
 -1       372 4.10778E-03-6.08716E-05-1.51134E-01
 -1       373 3.51010E-03 1.75259E-04-1.51217E-01
 -1       374 3.18893E-03 3.06086E-04-1.51335E-01
 -1       375 3.02311E-03 3.99459E-04-1.51790E-01
 -1       376 8.91768E-04-1.14238E-02-1.10295E-01
 -1       377 6.12565E-03-8.64118E-03-1.16026E-01
 -1       378 9.21847E-03-5.85900E-03-1.27333E-01
 -1       379 8.97755E-03-3.55093E-03-1.38065E-01
 -1       380 7.46637E-03-1.93366E-03-1.45020E-01
 -1       381 5.83748E-03-9.03737E-04-1.48734E-01
 -1       382 4.63128E-03-3.17959E-04-1.50325E-01
 -1       383 3.84591E-03-1.61785E-05-1.50901E-01
 -1       384 3.38040E-03 1.31462E-04-1.51085E-01
 -1       385 3.11014E-03 2.09678E-04-1.51281E-01
 -1       386 2.94831E-03 2.63800E-04-1.51757E-01
 -1       387-1.05173E-03-5.12408E-03-1.11141E-01
 -1       388 4.38891E-03-3.88322E-03-1.17163E-01
 -1       389 7.77704E-03-2.60330E-03-1.28308E-01
 -1       390 7.76571E-03-1.59249E-03-1.38659E-01
 -1       391 6.57930E-03-8.58213E-04-1.45210E-01
 -1       392 5.27948E-03-3.86160E-04-1.48700E-01
 -1       393 4.31136E-03-1.22250E-04-1.50223E-01
 -1       394 3.67856E-03 9.56994E-06-1.50795E-01
 -1       395 3.29657E-03 7.06611E-05-1.50997E-01
 -1       396 3.06054E-03 1.00875E-04-1.51210E-01
 -1       397 2.90767E-03 1.23097E-04-1.51678E-01
 -1       398-1.60842E-03-2.02497E-06-1.11452E-01
 -1       399 3.91090E-03-1.41568E-06-1.17519E-01
 -1       400 7.34931E-03-1.07059E-06-1.28630E-01
 -1       401 7.39648E-03-7.50180E-07-1.38832E-01
 -1       402 6.29989E-03-4.96521E-07-1.45251E-01
 -1       403 5.09495E-03-3.13964E-07-1.48680E-01
 -1       404 4.20229E-03-1.78996E-07-1.50186E-01
 -1       405 3.61981E-03-7.62273E-08-1.50758E-01
 -1       406 3.26637E-03 4.98004E-09-1.50969E-01
 -1       407 3.04304E-03 8.32123E-08-1.51188E-01
 -1       408 2.89394E-03 1.72569E-07-1.51656E-01
 -1       409-1.05226E-03 5.12125E-03-1.11141E-01
 -1       410 4.38829E-03 3.88064E-03-1.17164E-01
 -1       411 7.77646E-03 2.60106E-03-1.28309E-01
 -1       412 7.76522E-03 1.59093E-03-1.38660E-01
 -1       413 6.57890E-03 8.57185E-04-1.45210E-01
 -1       414 5.27914E-03 3.85515E-04-1.48700E-01
 -1       415 4.31107E-03 1.21880E-04-1.50224E-01
 -1       416 3.67831E-03-9.73452E-06-1.50795E-01
 -1       417 3.29634E-03-7.06573E-05-1.50997E-01
 -1       418 3.06033E-03-1.00713E-04-1.51210E-01
 -1       419 2.90746E-03-1.22757E-04-1.51678E-01
 -1       420 8.90745E-04 1.14196E-02-1.10296E-01
 -1       421 6.12457E-03 8.63779E-03-1.16027E-01
 -1       422 9.21747E-03 5.85652E-03-1.27334E-01
 -1       423 8.97662E-03 3.54922E-03-1.38066E-01
 -1       424 7.46558E-03 1.93254E-03-1.45020E-01
 -1       425 5.83680E-03 9.03031E-04-1.48734E-01
 -1       426 4.63070E-03 3.17547E-04-1.50325E-01
 -1       427 3.84542E-03 1.59861E-05-1.50901E-01
 -1       428 3.37995E-03-1.31477E-04-1.51085E-01
 -1       429 3.10972E-03-2.09526E-04-1.51281E-01
 -1       430 2.94791E-03-2.63469E-04-1.51757E-01
 -1       431 4.81194E-03 1.74629E-02-1.08174E-01
 -1       432 9.47979E-03 1.33267E-02-1.14422E-01
 -1       433 1.20680E-02 9.01620E-03-1.26770E-01
 -1       434 1.12388E-02 5.50517E-03-1.38098E-01
 -1       435 9.04497E-03 2.99495E-03-1.45369E-01
 -1       436 6.78563E-03 1.42828E-03-1.49161E-01
 -1       437 5.15039E-03 5.30580E-04-1.50671E-01
 -1       438 4.10705E-03 6.06334E-05-1.51135E-01
 -1       439 3.50946E-03-1.75304E-04-1.51218E-01
 -1       440 3.18832E-03-3.05950E-04-1.51335E-01
 -1       441 3.02251E-03-3.99132E-04-1.51790E-01
 -1       442 2.19061E-03-1.22571E-02-1.30234E-01
 -1       443 7.68653E-03-1.03125E-02-1.32269E-01
 -1       444 1.05807E-02-8.00291E-03-1.37266E-01
 -1       445 1.09530E-02-5.46690E-03-1.42342E-01
 -1       446 9.62674E-03-3.33434E-03-1.46209E-01
 -1       447 7.80962E-03-1.79667E-03-1.48536E-01
 -1       448 6.19490E-03-8.17257E-04-1.49736E-01
 -1       449 5.05911E-03-2.41611E-04-1.50261E-01
 -1       450 4.36696E-03 8.63788E-05-1.50492E-01
 -1       451 3.97880E-03 2.87744E-04-1.50667E-01
 -1       452 3.68441E-03 4.39767E-04-1.50988E-01
 -1       453 5.81849E-04-6.95152E-03-1.33829E-01
 -1       454 5.95854E-03-5.54004E-03-1.35749E-01
 -1       455 8.82277E-03-4.19332E-03-1.39666E-01
 -1       456 9.40050E-03-2.84628E-03-1.43847E-01
 -1       457 8.43630E-03-1.72319E-03-1.47057E-01
 -1       458 6.99930E-03-9.25663E-04-1.48947E-01
 -1       459 5.69915E-03-4.18898E-04-1.49888E-01
 -1       460 4.77471E-03-1.22654E-04-1.50280E-01
 -1       461 4.20360E-03 4.48271E-05-1.50446E-01
 -1       462 3.86900E-03 1.44180E-04-1.50584E-01
 -1       463 3.58022E-03 2.15950E-04-1.50899E-01
 -1       464-6.22157E-04-3.27224E-03-1.33618E-01
 -1       465 4.97049E-03-2.51672E-03-1.36018E-01
 -1       466 8.00147E-03-1.83737E-03-1.39847E-01
 -1       467 8.75572E-03-1.23016E-03-1.43928E-01
 -1       468 7.94571E-03-7.45013E-04-1.47067E-01
 -1       469 6.65938E-03-4.01139E-04-1.48906E-01
 -1       470 5.48933E-03-1.81737E-04-1.49832E-01
 -1       471 4.65522E-03-5.36355E-05-1.50232E-01
 -1       472 4.13753E-03 1.81361E-05-1.50413E-01
 -1       473 3.82552E-03 5.93747E-05-1.50561E-01
 -1       474 3.53415E-03 8.78187E-05-1.50891E-01
 -1       475-9.81778E-04-6.74533E-07-1.33555E-01
 -1       476 4.66510E-03-5.89474E-07-1.36118E-01
 -1       477 7.74664E-03-4.64045E-07-1.39954E-01
 -1       478 8.56023E-03-3.31122E-07-1.44014E-01
 -1       479 7.79996E-03-2.15294E-07-1.47112E-01
 -1       480 6.55890E-03-1.28010E-07-1.48916E-01
 -1       481 5.42691E-03-6.59563E-08-1.49826E-01
 -1       482 4.61978E-03-2.00643E-08-1.50221E-01
 -1       483 4.11802E-03 1.90085E-08-1.50401E-01
 -1       484 3.81271E-03 5.96570E-08-1.50549E-01
 -1       485 3.52217E-03 1.12576E-07-1.50883E-01
 -1       486-6.22319E-04 3.27057E-03-1.33618E-01
 -1       487 4.97029E-03 2.51538E-03-1.36019E-01
 -1       488 8.00121E-03 1.83641E-03-1.39847E-01
 -1       489 8.75546E-03 1.22948E-03-1.43928E-01
 -1       490 7.94548E-03 7.44570E-04-1.47067E-01
 -1       491 6.65918E-03 4.00874E-04-1.48906E-01
 -1       492 5.48915E-03 1.81598E-04-1.49832E-01
 -1       493 4.65507E-03 5.35894E-05-1.50232E-01
 -1       494 4.13740E-03-1.81041E-05-1.50413E-01
 -1       495 3.82540E-03-5.92617E-05-1.50561E-01
 -1       496 3.53404E-03-8.76018E-05-1.50892E-01
 -1       497 5.81488E-04 6.94997E-03-1.33829E-01
 -1       498 5.95806E-03 5.53872E-03-1.35749E-01
 -1       499 8.82221E-03 4.19228E-03-1.39667E-01
 -1       500 9.39997E-03 2.84554E-03-1.43848E-01
 -1       501 8.43581E-03 1.72271E-03-1.47057E-01
 -1       502 6.99889E-03 9.25361E-04-1.48947E-01
 -1       503 5.69880E-03 4.18729E-04-1.49889E-01
 -1       504 4.77441E-03 1.22583E-04-1.50280E-01
 -1       505 4.20334E-03-4.48156E-05-1.50446E-01
 -1       506 3.86877E-03-1.44087E-04-1.50584E-01
 -1       507 3.57999E-03-2.15759E-04-1.50899E-01
 -1       508 2.19008E-03 1.22551E-02-1.30236E-01
 -1       509 7.68577E-03 1.03109E-02-1.32270E-01
 -1       510 1.05798E-02 8.00162E-03-1.37268E-01
 -1       511 1.09521E-02 5.46595E-03-1.42342E-01
 -1       512 9.62600E-03 3.33369E-03-1.46210E-01
 -1       513 7.80901E-03 1.79625E-03-1.48536E-01
 -1       514 6.19439E-03 8.16998E-04-1.49737E-01
 -1       515 5.05868E-03 2.41480E-04-1.50261E-01
 -1       516 4.36659E-03-8.64053E-05-1.50492E-01
 -1       517 3.97847E-03-2.87676E-04-1.50667E-01
 -1       518 3.68408E-03-4.39607E-04-1.50988E-01
 -1       519 4.00000E-03 0.00000E+00-1.50000E-01
 -1       520 4.00000E-03 0.00000E+00-1.50000E-01
 -1       521 4.00000E-03 0.00000E+00-1.50000E-01
 -1       522 4.00000E-03 0.00000E+00-1.50000E-01
 -1       523 4.00000E-03 0.00000E+00-1.50000E-01
 -1       524 4.00000E-03 0.00000E+00-1.50000E-01
 -1       525 4.00000E-03 0.00000E+00-1.50000E-01
 -1       526 4.00000E-03 0.00000E+00-1.50000E-01
 -1       527 4.00000E-03 0.00000E+00-1.50000E-01
 -1       528 4.00000E-03 0.00000E+00-1.50000E-01
 -1       529 4.00000E-03 0.00000E+00-1.50000E-01
 -1       530 4.00000E-03 0.00000E+00-1.50000E-01
 -1       531 4.00000E-03 0.00000E+00-1.50000E-01
 -1       532 4.00000E-03 0.00000E+00-1.50000E-01
 -1       533 4.00000E-03 0.00000E+00-1.50000E-01
 -1       534 4.00000E-03 0.00000E+00-1.50000E-01
 -1       535 4.00000E-03 0.00000E+00-1.50000E-01
 -1       536 4.00000E-03 0.00000E+00-1.50000E-01
 -1       537 4.00000E-03 0.00000E+00-1.50000E-01
 -1       538 4.00000E-03 0.00000E+00-1.50000E-01
 -1       539 4.00000E-03 0.00000E+00-1.50000E-01
 -1       540 4.00000E-03 0.00000E+00-1.50000E-01
 -1       541 4.00000E-03 0.00000E+00-1.50000E-01
 -1       542 4.00000E-03 0.00000E+00-1.50000E-01
 -1       543 4.00000E-03 0.00000E+00-1.50000E-01
 -1       544 4.00000E-03 0.00000E+00-1.50000E-01
 -1       545 4.00000E-03 0.00000E+00-1.50000E-01
 -1       546 4.00000E-03 0.00000E+00-1.50000E-01
 -1       547 4.00000E-03 0.00000E+00-1.50000E-01
 -1       548 4.00000E-03 0.00000E+00-1.50000E-01
 -1       549 4.00000E-03 0.00000E+00-1.50000E-01
 -1       550 4.00000E-03 0.00000E+00-1.50000E-01
 -1       551 4.00000E-03 0.00000E+00-1.50000E-01
 -1       552 4.00000E-03 0.00000E+00-1.50000E-01
 -1       553 4.00000E-03 0.00000E+00-1.50000E-01
 -1       554 4.00000E-03 0.00000E+00-1.50000E-01
 -1       555 4.00000E-03 0.00000E+00-1.50000E-01
 -1       556 4.00000E-03 0.00000E+00-1.50000E-01
 -1       557 4.00000E-03 0.00000E+00-1.50000E-01
 -1       558 4.00000E-03 0.00000E+00-1.50000E-01
 -1       559 4.00000E-03 0.00000E+00-1.50000E-01
 -1       560 4.00000E-03 0.00000E+00-1.50000E-01
 -1       561 4.00000E-03 0.00000E+00-1.50000E-01
 -1       562 4.00000E-03 0.00000E+00-1.50000E-01
 -1       563 4.00000E-03 0.00000E+00-1.50000E-01
 -1       564 4.00000E-03 0.00000E+00-1.50000E-01
 -1       565 4.00000E-03 0.00000E+00-1.50000E-01
 -1       566 4.00000E-03 0.00000E+00-1.50000E-01
 -1       567 4.00000E-03 0.00000E+00-1.50000E-01
 -1       568 4.00000E-03 0.00000E+00-1.50000E-01
 -1       569 4.00000E-03 0.00000E+00-1.50000E-01
 -1       570 4.00000E-03 0.00000E+00-1.50000E-01
 -1       571 4.00000E-03 0.00000E+00-1.50000E-01
 -1       572 4.00000E-03 0.00000E+00-1.50000E-01
 -1       573 4.00000E-03 0.00000E+00-1.50000E-01
 -1       574 4.00000E-03 0.00000E+00-1.50000E-01
 -1       575 4.00000E-03 0.00000E+00-1.50000E-01
 -1       576 4.00000E-03 0.00000E+00-1.50000E-01
 -1       577 4.00000E-03 0.00000E+00-1.50000E-01
 -1       578 4.00000E-03 0.00000E+00-1.50000E-01
 -1       579 4.00000E-03 0.00000E+00-1.50000E-01
 -1       580 4.00000E-03 0.00000E+00-1.50000E-01
 -1       581 4.00000E-03 0.00000E+00-1.50000E-01
 -1       582 4.00000E-03 0.00000E+00-1.50000E-01
 -1       583 4.00000E-03 0.00000E+00-1.50000E-01
 -1       584 4.00000E-03 0.00000E+00-1.50000E-01
 -1       585 4.00000E-03 0.00000E+00-1.50000E-01
 -1       586 4.00000E-03 0.00000E+00-1.50000E-01
 -1       587 4.00000E-03 0.00000E+00-1.50000E-01
 -1       588 4.00000E-03 0.00000E+00-1.50000E-01
 -1       589 4.00000E-03 0.00000E+00-1.50000E-01
 -1       590 4.00000E-03 0.00000E+00-1.50000E-01
 -1       591 4.00000E-03 0.00000E+00-1.50000E-01
 -1       592 4.00000E-03 0.00000E+00-1.50000E-01
 -1       593 4.00000E-03 0.00000E+00-1.50000E-01
 -1       594 4.00000E-03 0.00000E+00-1.50000E-01
 -1       595 4.00000E-03 0.00000E+00-1.50000E-01
 -3
    1PSTEP                         6           3           1          
  100CL  103 1.000000000          77                     0    3           1
 -4  CONTACT     6    1
 -5  COPEN       1    1    0    0
 -5  CSLIP1      1    1    0    0
 -5  CSLIP2      1    1    0    0
 -5  CPRESS      1    1    0    0
 -5  CSHEAR1     1    1    0    0
 -5  CSHEAR2     1    1    0    0
 -1       287 3.47432E-01 1.40979E-03-1.93321E-04-3.00000E+00 8.74637E-01-2.12156E-01
 -1       286 2.97916E-01 1.40191E-03-2.75369E-04-3.00000E+00 8.57673E-01-2.72758E-01
 -1       285 2.48065E-01 1.23781E-03-4.96369E-04-3.00000E+00 7.12868E-01-5.49381E-01
 -1       284 1.98027E-01 7.08245E-04-9.19299E-04-3.00000E+00 5.51268E-02-8.98310E-01
 -1       283 1.48288E-01-4.20709E-04-1.46657E-03-3.00000E+00-5.64599E-01-7.00877E-01
 -1       282 9.98856E-02-1.90426E-03-1.93378E-03-3.00000E+00-7.64459E-01-4.74976E-01
 -1       281 5.47787E-02-4.30582E-03-1.87912E-03-3.00000E+00-8.83129E-01-1.73444E-01
 -1       280 1.67227E-02-6.92338E-03-1.76135E-04-3.00000E+00-8.57728E-01 2.72585E-01
 -1       279-7.74103E-04-9.72234E-03 3.73583E-03 7.71103E+02-1.31729E+02 1.43338E+02
 -1       278-2.36298E-03-1.20197E-02 9.31989E-03 2.35998E+03-3.17024E+02 3.76025E+02
 -1       277-4.98421E-03-1.99823E-02 1.49952E-02 4.98121E+03-9.99117E+02 7.49761E+02
 -1       276 3.47470E-01 1.48004E-03-1.89627E-04-3.00000E+00 8.78264E-01-1.96600E-01
 -1       275 2.97991E-01 1.49267E-03-2.34536E-04-3.00000E+00 8.73913E-01-2.15120E-01
 -1       274 2.48296E-01 1.37793E-03-3.83745E-04-3.00000E+00 8.07376E-01-3.97674E-01
 -1       273 1.98512E-01 8.62946E-04-6.55914E-04-3.00000E+00 2.14541E-01-8.74055E-01
 -1       272 1.49130E-01-3.71273E-04-9.88827E-04-3.00000E+00-7.14256E-01-5.47575E-01
 -1       271 1.01214E-01-2.01762E-03-1.17216E-03-3.00000E+00-8.64276E-01-2.51052E-01
 -1       270 5.66301E-02-4.84104E-03-7.95028E-04-3.00000E+00-8.99819E-01 1.80532E-02
 -1       269 1.94039E-02-7.68901E-03 6.58701E-04-3.00000E+00-8.69003E-01 2.34166E-01
 -1       268-4.27485E-04-1.09994E-02 2.69901E-03 4.24486E+02-1.16160E+02 5.21895E+01
 -1       267-1.70120E-03-1.26827E-02 4.90738E-03 1.69820E+03-3.07541E+02 1.51908E+02
 -1       266-4.42646E-03-2.05011E-02 6.51762E-03 4.42346E+03-1.02506E+03 3.25881E+02
 -1       265 3.47521E-01 1.48295E-03-1.26400E-04-3.00000E+00 8.89817E-01-1.35000E-01
 -1       264 2.98061E-01 1.46404E-03-1.40662E-04-3.00000E+00 8.89393E-01-1.37767E-01
 -1       263 2.48439E-01 1.28976E-03-2.16095E-04-3.00000E+00 8.57406E-01-2.73595E-01
 -1       262 1.98763E-01 6.70272E-04-3.41365E-04-3.00000E+00-1.84234E-01-8.80942E-01
 -1       261 1.49509E-01-7.46927E-04-4.90439E-04-3.00000E+00-8.66878E-01-2.41914E-01
 -1       260 1.01752E-01-2.54548E-03-5.03106E-04-3.00000E+00-8.97438E-01-6.78651E-02
 -1       259 5.72205E-02-5.38853E-03-1.64505E-04-3.00000E+00-8.97986E-01 6.01708E-02
 -1       258 1.98379E-02-7.76380E-03 6.91301E-04-3.00000E+00-8.85218E-01 1.62445E-01
 -1       257-3.35380E-04-1.07076E-02 1.64095E-03 3.32381E+02-9.74099E+01 2.13132E+01
 -1       256-1.49219E-03-1.19074E-02 2.27287E-03 1.48919E+03-2.85332E+02 6.23449E+01
 -1       255-4.31493E-03-2.03564E-02 2.77952E-03 4.31193E+03-1.01782E+03 1.38976E+02
 -1       254 3.47538E-01 1.47662E-03 4.34117E-07-3.00000E+00 9.00000E-01 4.05528E-04
 -1       253 2.98085E-01 1.44755E-03-3.66408E-07-3.00000E+00 9.00000E-01-1.79910E-04
 -1       252 2.48483E-01 1.25562E-03 3.36508E-07-3.00000E+00 9.00000E-01 3.33181E-04
 -1       251 1.98828E-01 6.07792E-04-8.39907E-07-3.00000E+00-8.99981E-01-5.92165E-03
 -1       250 1.49588E-01-8.74529E-04 1.20347E-06-3.00000E+00-9.00000E-01 8.96500E-04
 -1       249 1.01878E-01-2.66232E-03 5.08128E-07-3.00000E+00-9.00000E-01-2.53791E-05
 -1       248 5.73413E-02-5.39962E-03-9.18350E-07-3.00000E+00-9.00000E-01-4.52081E-07
 -1       247 1.98075E-02-7.44693E-03-4.17914E-06-3.00000E+00-9.00000E-01-7.96879E-04
 -1       246-3.21649E-04-1.01032E-02 1.26218E-05 3.18650E+02-9.55948E+01 1.49718E-01
 -1       245-1.43450E-03-1.13138E-02-2.50250E-05 1.43150E+03-2.69048E+02-7.87536E-01
 -1       244-4.26270E-03-1.99063E-02-3.30172E-05 4.25971E+03-9.95317E+02-1.65086E+00
 -1       243 3.47521E-01 1.48323E-03 1.26770E-04-3.00000E+00 8.89752E-01 1.35430E-01
 -1       242 2.98061E-01 1.46432E-03 1.40790E-04-3.00000E+00 8.89369E-01 1.37926E-01
 -1       241 2.48439E-01 1.29003E-03 2.16026E-04-3.00000E+00 8.57446E-01 2.73472E-01
 -1       240 1.98763E-01 6.70568E-04 3.41034E-04-3.00000E+00-1.83420E-01 8.81111E-01
 -1       239 1.49509E-01-7.46571E-04 4.89725E-04-3.00000E+00-8.66963E-01 2.41608E-01
 -1       238 1.01753E-01-2.54508E-03 5.01875E-04-3.00000E+00-8.97469E-01 6.74471E-02
 -1       237 5.72207E-02-5.38802E-03 1.62674E-04-3.00000E+00-8.97959E-01-6.05740E-02
 -1       236 1.98381E-02-7.76292E-03-6.94030E-04-3.00000E+00-8.85123E-01-1.62965E-01
 -1       235-3.35359E-04-1.07064E-02-1.64492E-03 3.32360E+02-9.73826E+01-2.14082E+01
 -1       234-1.49214E-03-1.19044E-02-2.28198E-03 1.48914E+03-2.85223E+02-6.26933E+01
 -1       233-4.31484E-03-2.03564E-02-2.79171E-03 4.31184E+03-1.01782E+03-1.39585E+02
 -1       232 3.47470E-01 1.48059E-03 1.90001E-04-3.00000E+00 8.78192E-01 1.96922E-01
 -1       231 2.97991E-01 1.49322E-03 2.34674E-04-3.00000E+00 8.73898E-01 2.15179E-01
 -1       230 2.48296E-01 1.37849E-03 3.83653E-04-3.00000E+00 8.07539E-01 3.97341E-01
 -1       229 1.98512E-01 8.63543E-04 6.55529E-04-3.00000E+00 2.15680E-01 8.73775E-01
 -1       228 1.49130E-01-3.70574E-04 9.88055E-04-3.00000E+00-7.14310E-01 5.47505E-01
 -1       227 1.01214E-01-2.01680E-03 1.17089E-03-3.00000E+00-8.64386E-01 2.50674E-01
 -1       226 5.66305E-02-4.84002E-03 7.93076E-04-3.00000E+00-8.99810E-01-1.84870E-02
 -1       225 1.94042E-02-7.68772E-03-6.61488E-04-3.00000E+00-8.68877E-01-2.34634E-01
 -1       224-4.27460E-04-1.09981E-02-2.70206E-03 4.24461E+02-1.16132E+02-5.22342E+01
 -1       223-1.70118E-03-1.26820E-02-4.91035E-03 1.69818E+03-3.07519E+02-1.51991E+02
 -1       222-4.42640E-03-2.05008E-02-6.52086E-03 4.42340E+03-1.02504E+03-3.26043E+02
 -1       221 3.47433E-01 1.41060E-03 1.93699E-04-3.00000E+00 8.74573E-01 2.12418E-01
 -1       220 2.97916E-01 1.40272E-03 2.75508E-04-3.00000E+00 8.57697E-01 2.72683E-01
 -1       219 2.48065E-01 1.23864E-03 4.96260E-04-3.00000E+00 7.13341E-01 5.48767E-01
 -1       218 1.98027E-01 7.09165E-04 9.18872E-04-3.00000E+00 5.63302E-02 8.98235E-01
 -1       217 1.48288E-01-4.19622E-04 1.46574E-03-3.00000E+00-5.64403E-01 7.01035E-01
 -1       216 9.98860E-02-1.90293E-03 1.93241E-03-3.00000E+00-7.64549E-01 4.74832E-01
 -1       215 5.47793E-02-4.30425E-03 1.87709E-03-3.00000E+00-8.83210E-01 1.73034E-01
 -1       214 1.67234E-02-6.92176E-03 1.73447E-04-3.00000E+00-8.57590E-01-2.73019E-01
 -1       213-7.74073E-04-9.72107E-03-3.73842E-03 7.71073E+02-1.31706E+02-1.43379E+02
 -1       212-2.36298E-03-1.20188E-02-9.32242E-03 2.35998E+03-3.16993E+02-3.76096E+02
 -1       211-4.98421E-03-1.99818E-02-1.49978E-02 4.98121E+03-9.99090E+02-7.49891E+02
 -3
 9999
