    1C
    1Uccxview sample: a tilted block on a plate, a varying contact gap  
    1UUSER                                                              
    1UDATE              10.october.2026                                 
    1UTIME              14:42:45                                        
    1UHOST                                                              
    1UPGM               CalculiX                                        
    1UVERSION           Version 2.22                             
    1UCOMPILETIME       Mon Aug  5 19:15:25 CEST 2024                    
    1UDIR                                                               
    1UDBN                                                               
    1UMAT    1STEEL                                                     
    1UMAT    2STEEL_ON_STEEL                                            
    2C                           595                                     1
 -1         1-1.50000E+01-1.00000E+01-6.00000E+00
 -1         2-1.16667E+01-1.00000E+01-6.00000E+00
 -1         3-8.33333E+00-1.00000E+01-6.00000E+00
 -1         4-5.00000E+00-1.00000E+01-6.00000E+00
 -1         5-1.66667E+00-1.00000E+01-6.00000E+00
 -1         6 1.66667E+00-1.00000E+01-6.00000E+00
 -1         7 5.00000E+00-1.00000E+01-6.00000E+00
 -1         8 8.33333E+00-1.00000E+01-6.00000E+00
 -1         9 1.16667E+01-1.00000E+01-6.00000E+00
 -1        10 1.50000E+01-1.00000E+01-6.00000E+00
 -1        11-1.50000E+01-6.66667E+00-6.00000E+00
 -1        12-1.16667E+01-6.66667E+00-6.00000E+00
 -1        13-8.33333E+00-6.66667E+00-6.00000E+00
 -1        14-5.00000E+00-6.66667E+00-6.00000E+00
 -1        15-1.66667E+00-6.66667E+00-6.00000E+00
 -1        16 1.66667E+00-6.66667E+00-6.00000E+00
 -1        17 5.00000E+00-6.66667E+00-6.00000E+00
 -1        18 8.33333E+00-6.66667E+00-6.00000E+00
 -1        19 1.16667E+01-6.66667E+00-6.00000E+00
 -1        20 1.50000E+01-6.66667E+00-6.00000E+00
 -1        21-1.50000E+01-3.33333E+00-6.00000E+00
 -1        22-1.16667E+01-3.33333E+00-6.00000E+00
 -1        23-8.33333E+00-3.33333E+00-6.00000E+00
 -1        24-5.00000E+00-3.33333E+00-6.00000E+00
 -1        25-1.66667E+00-3.33333E+00-6.00000E+00
 -1        26 1.66667E+00-3.33333E+00-6.00000E+00
 -1        27 5.00000E+00-3.33333E+00-6.00000E+00
 -1        28 8.33333E+00-3.33333E+00-6.00000E+00
 -1        29 1.16667E+01-3.33333E+00-6.00000E+00
 -1        30 1.50000E+01-3.33333E+00-6.00000E+00
 -1        31-1.50000E+01 0.00000E+00-6.00000E+00
 -1        32-1.16667E+01 0.00000E+00-6.00000E+00
 -1        33-8.33333E+00 0.00000E+00-6.00000E+00
 -1        34-5.00000E+00 0.00000E+00-6.00000E+00
 -1        35-1.66667E+00 0.00000E+00-6.00000E+00
 -1        36 1.66667E+00 0.00000E+00-6.00000E+00
 -1        37 5.00000E+00 0.00000E+00-6.00000E+00
 -1        38 8.33333E+00 0.00000E+00-6.00000E+00
 -1        39 1.16667E+01 0.00000E+00-6.00000E+00
 -1        40 1.50000E+01 0.00000E+00-6.00000E+00
 -1        41-1.50000E+01 3.33333E+00-6.00000E+00
 -1        42-1.16667E+01 3.33333E+00-6.00000E+00
 -1        43-8.33333E+00 3.33333E+00-6.00000E+00
 -1        44-5.00000E+00 3.33333E+00-6.00000E+00
 -1        45-1.66667E+00 3.33333E+00-6.00000E+00
 -1        46 1.66667E+00 3.33333E+00-6.00000E+00
 -1        47 5.00000E+00 3.33333E+00-6.00000E+00
 -1        48 8.33333E+00 3.33333E+00-6.00000E+00
 -1        49 1.16667E+01 3.33333E+00-6.00000E+00
 -1        50 1.50000E+01 3.33333E+00-6.00000E+00
 -1        51-1.50000E+01 6.66667E+00-6.00000E+00
 -1        52-1.16667E+01 6.66667E+00-6.00000E+00
 -1        53-8.33333E+00 6.66667E+00-6.00000E+00
 -1        54-5.00000E+00 6.66667E+00-6.00000E+00
 -1        55-1.66667E+00 6.66667E+00-6.00000E+00
 -1        56 1.66667E+00 6.66667E+00-6.00000E+00
 -1        57 5.00000E+00 6.66667E+00-6.00000E+00
 -1        58 8.33333E+00 6.66667E+00-6.00000E+00
 -1        59 1.16667E+01 6.66667E+00-6.00000E+00
 -1        60 1.50000E+01 6.66667E+00-6.00000E+00
 -1        61-1.50000E+01 1.00000E+01-6.00000E+00
 -1        62-1.16667E+01 1.00000E+01-6.00000E+00
 -1        63-8.33333E+00 1.00000E+01-6.00000E+00
 -1        64-5.00000E+00 1.00000E+01-6.00000E+00
 -1        65-1.66667E+00 1.00000E+01-6.00000E+00
 -1        66 1.66667E+00 1.00000E+01-6.00000E+00
 -1        67 5.00000E+00 1.00000E+01-6.00000E+00
 -1        68 8.33333E+00 1.00000E+01-6.00000E+00
 -1        69 1.16667E+01 1.00000E+01-6.00000E+00
 -1        70 1.50000E+01 1.00000E+01-6.00000E+00
 -1        71-1.50000E+01-1.00000E+01-3.00000E+00
 -1        72-1.16667E+01-1.00000E+01-3.00000E+00
 -1        73-8.33333E+00-1.00000E+01-3.00000E+00
 -1        74-5.00000E+00-1.00000E+01-3.00000E+00
 -1        75-1.66667E+00-1.00000E+01-3.00000E+00
 -1        76 1.66667E+00-1.00000E+01-3.00000E+00
 -1        77 5.00000E+00-1.00000E+01-3.00000E+00
 -1        78 8.33333E+00-1.00000E+01-3.00000E+00
 -1        79 1.16667E+01-1.00000E+01-3.00000E+00
 -1        80 1.50000E+01-1.00000E+01-3.00000E+00
 -1        81-1.50000E+01-6.66667E+00-3.00000E+00
 -1        82-1.16667E+01-6.66667E+00-3.00000E+00
 -1        83-8.33333E+00-6.66667E+00-3.00000E+00
 -1        84-5.00000E+00-6.66667E+00-3.00000E+00
 -1        85-1.66667E+00-6.66667E+00-3.00000E+00
 -1        86 1.66667E+00-6.66667E+00-3.00000E+00
 -1        87 5.00000E+00-6.66667E+00-3.00000E+00
 -1        88 8.33333E+00-6.66667E+00-3.00000E+00
 -1        89 1.16667E+01-6.66667E+00-3.00000E+00
 -1        90 1.50000E+01-6.66667E+00-3.00000E+00
 -1        91-1.50000E+01-3.33333E+00-3.00000E+00
 -1        92-1.16667E+01-3.33333E+00-3.00000E+00
 -1        93-8.33333E+00-3.33333E+00-3.00000E+00
 -1        94-5.00000E+00-3.33333E+00-3.00000E+00
 -1        95-1.66667E+00-3.33333E+00-3.00000E+00
 -1        96 1.66667E+00-3.33333E+00-3.00000E+00
 -1        97 5.00000E+00-3.33333E+00-3.00000E+00
 -1        98 8.33333E+00-3.33333E+00-3.00000E+00
 -1        99 1.16667E+01-3.33333E+00-3.00000E+00
 -1       100 1.50000E+01-3.33333E+00-3.00000E+00
 -1       101-1.50000E+01 0.00000E+00-3.00000E+00
 -1       102-1.16667E+01 0.00000E+00-3.00000E+00
 -1       103-8.33333E+00 0.00000E+00-3.00000E+00
 -1       104-5.00000E+00 0.00000E+00-3.00000E+00
 -1       105-1.66667E+00 0.00000E+00-3.00000E+00
 -1       106 1.66667E+00 0.00000E+00-3.00000E+00
 -1       107 5.00000E+00 0.00000E+00-3.00000E+00
 -1       108 8.33333E+00 0.00000E+00-3.00000E+00
 -1       109 1.16667E+01 0.00000E+00-3.00000E+00
 -1       110 1.50000E+01 0.00000E+00-3.00000E+00
 -1       111-1.50000E+01 3.33333E+00-3.00000E+00
 -1       112-1.16667E+01 3.33333E+00-3.00000E+00
 -1       113-8.33333E+00 3.33333E+00-3.00000E+00
 -1       114-5.00000E+00 3.33333E+00-3.00000E+00
 -1       115-1.66667E+00 3.33333E+00-3.00000E+00
 -1       116 1.66667E+00 3.33333E+00-3.00000E+00
 -1       117 5.00000E+00 3.33333E+00-3.00000E+00
 -1       118 8.33333E+00 3.33333E+00-3.00000E+00
 -1       119 1.16667E+01 3.33333E+00-3.00000E+00
 -1       120 1.50000E+01 3.33333E+00-3.00000E+00
 -1       121-1.50000E+01 6.66667E+00-3.00000E+00
 -1       122-1.16667E+01 6.66667E+00-3.00000E+00
 -1       123-8.33333E+00 6.66667E+00-3.00000E+00
 -1       124-5.00000E+00 6.66667E+00-3.00000E+00
 -1       125-1.66667E+00 6.66667E+00-3.00000E+00
 -1       126 1.66667E+00 6.66667E+00-3.00000E+00
 -1       127 5.00000E+00 6.66667E+00-3.00000E+00
 -1       128 8.33333E+00 6.66667E+00-3.00000E+00
 -1       129 1.16667E+01 6.66667E+00-3.00000E+00
 -1       130 1.50000E+01 6.66667E+00-3.00000E+00
 -1       131-1.50000E+01 1.00000E+01-3.00000E+00
 -1       132-1.16667E+01 1.00000E+01-3.00000E+00
 -1       133-8.33333E+00 1.00000E+01-3.00000E+00
 -1       134-5.00000E+00 1.00000E+01-3.00000E+00
 -1       135-1.66667E+00 1.00000E+01-3.00000E+00
 -1       136 1.66667E+00 1.00000E+01-3.00000E+00
 -1       137 5.00000E+00 1.00000E+01-3.00000E+00
 -1       138 8.33333E+00 1.00000E+01-3.00000E+00
 -1       139 1.16667E+01 1.00000E+01-3.00000E+00
 -1       140 1.50000E+01 1.00000E+01-3.00000E+00
 -1       141-1.50000E+01-1.00000E+01 0.00000E+00
 -1       142-1.16667E+01-1.00000E+01 0.00000E+00
 -1       143-8.33333E+00-1.00000E+01 0.00000E+00
 -1       144-5.00000E+00-1.00000E+01 0.00000E+00
 -1       145-1.66667E+00-1.00000E+01 0.00000E+00
 -1       146 1.66667E+00-1.00000E+01 0.00000E+00
 -1       147 5.00000E+00-1.00000E+01 0.00000E+00
 -1       148 8.33333E+00-1.00000E+01 0.00000E+00
 -1       149 1.16667E+01-1.00000E+01 0.00000E+00
 -1       150 1.50000E+01-1.00000E+01 0.00000E+00
 -1       151-1.50000E+01-6.66667E+00 0.00000E+00
 -1       152-1.16667E+01-6.66667E+00 0.00000E+00
 -1       153-8.33333E+00-6.66667E+00 0.00000E+00
 -1       154-5.00000E+00-6.66667E+00 0.00000E+00
 -1       155-1.66667E+00-6.66667E+00 0.00000E+00
 -1       156 1.66667E+00-6.66667E+00 0.00000E+00
 -1       157 5.00000E+00-6.66667E+00 0.00000E+00
 -1       158 8.33333E+00-6.66667E+00 0.00000E+00
 -1       159 1.16667E+01-6.66667E+00 0.00000E+00
 -1       160 1.50000E+01-6.66667E+00 0.00000E+00
 -1       161-1.50000E+01-3.33333E+00 0.00000E+00
 -1       162-1.16667E+01-3.33333E+00 0.00000E+00
 -1       163-8.33333E+00-3.33333E+00 0.00000E+00
 -1       164-5.00000E+00-3.33333E+00 0.00000E+00
 -1       165-1.66667E+00-3.33333E+00 0.00000E+00
 -1       166 1.66667E+00-3.33333E+00 0.00000E+00
 -1       167 5.00000E+00-3.33333E+00 0.00000E+00
 -1       168 8.33333E+00-3.33333E+00 0.00000E+00
 -1       169 1.16667E+01-3.33333E+00 0.00000E+00
 -1       170 1.50000E+01-3.33333E+00 0.00000E+00
 -1       171-1.50000E+01 0.00000E+00 0.00000E+00
 -1       172-1.16667E+01 0.00000E+00 0.00000E+00
 -1       173-8.33333E+00 0.00000E+00 0.00000E+00
 -1       174-5.00000E+00 0.00000E+00 0.00000E+00
 -1       175-1.66667E+00 0.00000E+00 0.00000E+00
 -1       176 1.66667E+00 0.00000E+00 0.00000E+00
 -1       177 5.00000E+00 0.00000E+00 0.00000E+00
 -1       178 8.33333E+00 0.00000E+00 0.00000E+00
 -1       179 1.16667E+01 0.00000E+00 0.00000E+00
 -1       180 1.50000E+01 0.00000E+00 0.00000E+00
 -1       181-1.50000E+01 3.33333E+00 0.00000E+00
 -1       182-1.16667E+01 3.33333E+00 0.00000E+00
 -1       183-8.33333E+00 3.33333E+00 0.00000E+00
 -1       184-5.00000E+00 3.33333E+00 0.00000E+00
 -1       185-1.66667E+00 3.33333E+00 0.00000E+00
 -1       186 1.66667E+00 3.33333E+00 0.00000E+00
 -1       187 5.00000E+00 3.33333E+00 0.00000E+00
 -1       188 8.33333E+00 3.33333E+00 0.00000E+00
 -1       189 1.16667E+01 3.33333E+00 0.00000E+00
 -1       190 1.50000E+01 3.33333E+00 0.00000E+00
 -1       191-1.50000E+01 6.66667E+00 0.00000E+00
 -1       192-1.16667E+01 6.66667E+00 0.00000E+00
 -1       193-8.33333E+00 6.66667E+00 0.00000E+00
 -1       194-5.00000E+00 6.66667E+00 0.00000E+00
 -1       195-1.66667E+00 6.66667E+00 0.00000E+00
 -1       196 1.66667E+00 6.66667E+00 0.00000E+00
 -1       197 5.00000E+00 6.66667E+00 0.00000E+00
 -1       198 8.33333E+00 6.66667E+00 0.00000E+00
 -1       199 1.16667E+01 6.66667E+00 0.00000E+00
 -1       200 1.50000E+01 6.66667E+00 0.00000E+00
 -1       201-1.50000E+01 1.00000E+01 0.00000E+00
 -1       202-1.16667E+01 1.00000E+01 0.00000E+00
 -1       203-8.33333E+00 1.00000E+01 0.00000E+00
 -1       204-5.00000E+00 1.00000E+01 0.00000E+00
 -1       205-1.66667E+00 1.00000E+01 0.00000E+00
 -1       206 1.66667E+00 1.00000E+01 0.00000E+00
 -1       207 5.00000E+00 1.00000E+01 0.00000E+00
 -1       208 8.33333E+00 1.00000E+01 0.00000E+00
 -1       209 1.16667E+01 1.00000E+01 0.00000E+00
 -1       210 1.50000E+01 1.00000E+01 0.00000E+00
 -1       211-1.00000E+01-6.00000E+00-3.00000E-02
 -1       212-8.00062E+00-6.00000E+00 1.99844E-02
 -1       213-6.00125E+00-6.00000E+00 6.99688E-02
 -1       214-4.00187E+00-6.00000E+00 1.19953E-01
 -1       215-2.00250E+00-6.00000E+00 1.69938E-01
 -1       216-3.12354E-03-6.00000E+00 2.19922E-01
 -1       217 1.99625E+00-6.00000E+00 2.69906E-01
 -1       218 3.99563E+00-6.00000E+00 3.19891E-01
 -1       219 5.99500E+00-6.00000E+00 3.69875E-01
 -1       220 7.99438E+00-6.00000E+00 4.19859E-01
 -1       221 9.99375E+00-6.00000E+00 4.69844E-01
 -1       222-1.00000E+01-4.00000E+00-3.00000E-02
 -1       223-8.00062E+00-4.00000E+00 1.99844E-02
 -1       224-6.00125E+00-4.00000E+00 6.99688E-02
 -1       225-4.00187E+00-4.00000E+00 1.19953E-01
 -1       226-2.00250E+00-4.00000E+00 1.69938E-01
 -1       227-3.12354E-03-4.00000E+00 2.19922E-01
 -1       228 1.99625E+00-4.00000E+00 2.69906E-01
 -1       229 3.99563E+00-4.00000E+00 3.19891E-01
 -1       230 5.99500E+00-4.00000E+00 3.69875E-01
 -1       231 7.99438E+00-4.00000E+00 4.19859E-01
 -1       232 9.99375E+00-4.00000E+00 4.69844E-01
 -1       233-1.00000E+01-2.00000E+00-3.00000E-02
 -1       234-8.00062E+00-2.00000E+00 1.99844E-02
 -1       235-6.00125E+00-2.00000E+00 6.99688E-02
 -1       236-4.00187E+00-2.00000E+00 1.19953E-01
 -1       237-2.00250E+00-2.00000E+00 1.69938E-01
 -1       238-3.12354E-03-2.00000E+00 2.19922E-01
 -1       239 1.99625E+00-2.00000E+00 2.69906E-01
 -1       240 3.99563E+00-2.00000E+00 3.19891E-01
 -1       241 5.99500E+00-2.00000E+00 3.69875E-01
 -1       242 7.99438E+00-2.00000E+00 4.19859E-01
 -1       243 9.99375E+00-2.00000E+00 4.69844E-01
 -1       244-1.00000E+01 0.00000E+00-3.00000E-02
 -1       245-8.00062E+00 0.00000E+00 1.99844E-02
 -1       246-6.00125E+00 0.00000E+00 6.99688E-02
 -1       247-4.00187E+00 0.00000E+00 1.19953E-01
 -1       248-2.00250E+00 0.00000E+00 1.69938E-01
 -1       249-3.12354E-03 0.00000E+00 2.19922E-01
 -1       250 1.99625E+00 0.00000E+00 2.69906E-01
 -1       251 3.99563E+00 0.00000E+00 3.19891E-01
 -1       252 5.99500E+00 0.00000E+00 3.69875E-01
 -1       253 7.99438E+00 0.00000E+00 4.19859E-01
 -1       254 9.99375E+00 0.00000E+00 4.69844E-01
 -1       255-1.00000E+01 2.00000E+00-3.00000E-02
 -1       256-8.00062E+00 2.00000E+00 1.99844E-02
 -1       257-6.00125E+00 2.00000E+00 6.99688E-02
 -1       258-4.00187E+00 2.00000E+00 1.19953E-01
 -1       259-2.00250E+00 2.00000E+00 1.69938E-01
 -1       260-3.12354E-03 2.00000E+00 2.19922E-01
 -1       261 1.99625E+00 2.00000E+00 2.69906E-01
 -1       262 3.99563E+00 2.00000E+00 3.19891E-01
 -1       263 5.99500E+00 2.00000E+00 3.69875E-01
 -1       264 7.99438E+00 2.00000E+00 4.19859E-01
 -1       265 9.99375E+00 2.00000E+00 4.69844E-01
 -1       266-1.00000E+01 4.00000E+00-3.00000E-02
 -1       267-8.00062E+00 4.00000E+00 1.99844E-02
 -1       268-6.00125E+00 4.00000E+00 6.99688E-02
 -1       269-4.00187E+00 4.00000E+00 1.19953E-01
 -1       270-2.00250E+00 4.00000E+00 1.69938E-01
 -1       271-3.12354E-03 4.00000E+00 2.19922E-01
 -1       272 1.99625E+00 4.00000E+00 2.69906E-01
 -1       273 3.99563E+00 4.00000E+00 3.19891E-01
 -1       274 5.99500E+00 4.00000E+00 3.69875E-01
 -1       275 7.99438E+00 4.00000E+00 4.19859E-01
 -1       276 9.99375E+00 4.00000E+00 4.69844E-01
 -1       277-1.00000E+01 6.00000E+00-3.00000E-02
 -1       278-8.00062E+00 6.00000E+00 1.99844E-02
 -1       279-6.00125E+00 6.00000E+00 6.99688E-02
 -1       280-4.00187E+00 6.00000E+00 1.19953E-01
 -1       281-2.00250E+00 6.00000E+00 1.69938E-01
 -1       282-3.12354E-03 6.00000E+00 2.19922E-01
 -1       283 1.99625E+00 6.00000E+00 2.69906E-01
 -1       284 3.99563E+00 6.00000E+00 3.19891E-01
 -1       285 5.99500E+00 6.00000E+00 3.69875E-01
 -1       286 7.99438E+00 6.00000E+00 4.19859E-01
 -1       287 9.99375E+00 6.00000E+00 4.69844E-01
 -1       288-1.00625E+01-6.00000E+00 2.46922E+00
 -1       289-8.06311E+00-6.00000E+00 2.51920E+00
 -1       290-6.06373E+00-6.00000E+00 2.56919E+00
 -1       291-4.06435E+00-6.00000E+00 2.61917E+00
 -1       292-2.06498E+00-6.00000E+00 2.66916E+00
 -1       293-6.56040E-02-6.00000E+00 2.71914E+00
 -1       294 1.93377E+00-6.00000E+00 2.76913E+00
 -1       295 3.93315E+00-6.00000E+00 2.81911E+00
 -1       296 5.93252E+00-6.00000E+00 2.86909E+00
 -1       297 7.93190E+00-6.00000E+00 2.91908E+00
 -1       298 9.93127E+00-6.00000E+00 2.96906E+00
 -1       299-1.00625E+01-4.00000E+00 2.46922E+00
 -1       300-8.06311E+00-4.00000E+00 2.51920E+00
 -1       301-6.06373E+00-4.00000E+00 2.56919E+00
 -1       302-4.06435E+00-4.00000E+00 2.61917E+00
 -1       303-2.06498E+00-4.00000E+00 2.66916E+00
 -1       304-6.56040E-02-4.00000E+00 2.71914E+00
 -1       305 1.93377E+00-4.00000E+00 2.76913E+00
 -1       306 3.93315E+00-4.00000E+00 2.81911E+00
 -1       307 5.93252E+00-4.00000E+00 2.86909E+00
 -1       308 7.93190E+00-4.00000E+00 2.91908E+00
 -1       309 9.93127E+00-4.00000E+00 2.96906E+00
 -1       310-1.00625E+01-2.00000E+00 2.46922E+00
 -1       311-8.06311E+00-2.00000E+00 2.51920E+00
 -1       312-6.06373E+00-2.00000E+00 2.56919E+00
 -1       313-4.06435E+00-2.00000E+00 2.61917E+00
 -1       314-2.06498E+00-2.00000E+00 2.66916E+00
 -1       315-6.56040E-02-2.00000E+00 2.71914E+00
 -1       316 1.93377E+00-2.00000E+00 2.76913E+00
 -1       317 3.93315E+00-2.00000E+00 2.81911E+00
 -1       318 5.93252E+00-2.00000E+00 2.86909E+00
 -1       319 7.93190E+00-2.00000E+00 2.91908E+00
 -1       320 9.93127E+00-2.00000E+00 2.96906E+00
 -1       321-1.00625E+01 0.00000E+00 2.46922E+00
 -1       322-8.06311E+00 0.00000E+00 2.51920E+00
 -1       323-6.06373E+00 0.00000E+00 2.56919E+00
 -1       324-4.06435E+00 0.00000E+00 2.61917E+00
 -1       325-2.06498E+00 0.00000E+00 2.66916E+00
 -1       326-6.56040E-02 0.00000E+00 2.71914E+00
 -1       327 1.93377E+00 0.00000E+00 2.76913E+00
 -1       328 3.93315E+00 0.00000E+00 2.81911E+00
 -1       329 5.93252E+00 0.00000E+00 2.86909E+00
 -1       330 7.93190E+00 0.00000E+00 2.91908E+00
 -1       331 9.93127E+00 0.00000E+00 2.96906E+00
 -1       332-1.00625E+01 2.00000E+00 2.46922E+00
 -1       333-8.06311E+00 2.00000E+00 2.51920E+00
 -1       334-6.06373E+00 2.00000E+00 2.56919E+00
 -1       335-4.06435E+00 2.00000E+00 2.61917E+00
 -1       336-2.06498E+00 2.00000E+00 2.66916E+00
 -1       337-6.56040E-02 2.00000E+00 2.71914E+00
 -1       338 1.93377E+00 2.00000E+00 2.76913E+00
 -1       339 3.93315E+00 2.00000E+00 2.81911E+00
 -1       340 5.93252E+00 2.00000E+00 2.86909E+00
 -1       341 7.93190E+00 2.00000E+00 2.91908E+00
 -1       342 9.93127E+00 2.00000E+00 2.96906E+00
 -1       343-1.00625E+01 4.00000E+00 2.46922E+00
 -1       344-8.06311E+00 4.00000E+00 2.51920E+00
 -1       345-6.06373E+00 4.00000E+00 2.56919E+00
 -1       346-4.06435E+00 4.00000E+00 2.61917E+00
 -1       347-2.06498E+00 4.00000E+00 2.66916E+00
 -1       348-6.56040E-02 4.00000E+00 2.71914E+00
 -1       349 1.93377E+00 4.00000E+00 2.76913E+00
 -1       350 3.93315E+00 4.00000E+00 2.81911E+00
 -1       351 5.93252E+00 4.00000E+00 2.86909E+00
 -1       352 7.93190E+00 4.00000E+00 2.91908E+00
 -1       353 9.93127E+00 4.00000E+00 2.96906E+00
 -1       354-1.00625E+01 6.00000E+00 2.46922E+00
 -1       355-8.06311E+00 6.00000E+00 2.51920E+00
 -1       356-6.06373E+00 6.00000E+00 2.56919E+00
 -1       357-4.06435E+00 6.00000E+00 2.61917E+00
 -1       358-2.06498E+00 6.00000E+00 2.66916E+00
 -1       359-6.56040E-02 6.00000E+00 2.71914E+00
 -1       360 1.93377E+00 6.00000E+00 2.76913E+00
 -1       361 3.93315E+00 6.00000E+00 2.81911E+00
 -1       362 5.93252E+00 6.00000E+00 2.86909E+00
 -1       363 7.93190E+00 6.00000E+00 2.91908E+00
 -1       364 9.93127E+00 6.00000E+00 2.96906E+00
 -1       365-1.01250E+01-6.00000E+00 4.96844E+00
 -1       366-8.12559E+00-6.00000E+00 5.01842E+00
 -1       367-6.12621E+00-6.00000E+00 5.06841E+00
 -1       368-4.12683E+00-6.00000E+00 5.11839E+00
 -1       369-2.12746E+00-6.00000E+00 5.16838E+00
 -1       370-1.28084E-01-6.00000E+00 5.21836E+00
 -1       371 1.87129E+00-6.00000E+00 5.26834E+00
 -1       372 3.87067E+00-6.00000E+00 5.31833E+00
 -1       373 5.87004E+00-6.00000E+00 5.36831E+00
 -1       374 7.86942E+00-6.00000E+00 5.41830E+00
 -1       375 9.86879E+00-6.00000E+00 5.46828E+00
 -1       376-1.01250E+01-4.00000E+00 4.96844E+00
 -1       377-8.12559E+00-4.00000E+00 5.01842E+00
 -1       378-6.12621E+00-4.00000E+00 5.06841E+00
 -1       379-4.12683E+00-4.00000E+00 5.11839E+00
 -1       380-2.12746E+00-4.00000E+00 5.16838E+00
 -1       381-1.28084E-01-4.00000E+00 5.21836E+00
 -1       382 1.87129E+00-4.00000E+00 5.26834E+00
 -1       383 3.87067E+00-4.00000E+00 5.31833E+00
 -1       384 5.87004E+00-4.00000E+00 5.36831E+00
 -1       385 7.86942E+00-4.00000E+00 5.41830E+00
 -1       386 9.86879E+00-4.00000E+00 5.46828E+00
 -1       387-1.01250E+01-2.00000E+00 4.96844E+00
 -1       388-8.12559E+00-2.00000E+00 5.01842E+00
 -1       389-6.12621E+00-2.00000E+00 5.06841E+00
 -1       390-4.12683E+00-2.00000E+00 5.11839E+00
 -1       391-2.12746E+00-2.00000E+00 5.16838E+00
 -1       392-1.28084E-01-2.00000E+00 5.21836E+00
 -1       393 1.87129E+00-2.00000E+00 5.26834E+00
 -1       394 3.87067E+00-2.00000E+00 5.31833E+00
 -1       395 5.87004E+00-2.00000E+00 5.36831E+00
 -1       396 7.86942E+00-2.00000E+00 5.41830E+00
 -1       397 9.86879E+00-2.00000E+00 5.46828E+00
 -1       398-1.01250E+01 0.00000E+00 4.96844E+00
 -1       399-8.12559E+00 0.00000E+00 5.01842E+00
 -1       400-6.12621E+00 0.00000E+00 5.06841E+00
 -1       401-4.12683E+00 0.00000E+00 5.11839E+00
 -1       402-2.12746E+00 0.00000E+00 5.16838E+00
 -1       403-1.28084E-01 0.00000E+00 5.21836E+00
 -1       404 1.87129E+00 0.00000E+00 5.26834E+00
 -1       405 3.87067E+00 0.00000E+00 5.31833E+00
 -1       406 5.87004E+00 0.00000E+00 5.36831E+00
 -1       407 7.86942E+00 0.00000E+00 5.41830E+00
 -1       408 9.86879E+00 0.00000E+00 5.46828E+00
 -1       409-1.01250E+01 2.00000E+00 4.96844E+00
 -1       410-8.12559E+00 2.00000E+00 5.01842E+00
 -1       411-6.12621E+00 2.00000E+00 5.06841E+00
 -1       412-4.12683E+00 2.00000E+00 5.11839E+00
 -1       413-2.12746E+00 2.00000E+00 5.16838E+00
 -1       414-1.28084E-01 2.00000E+00 5.21836E+00
 -1       415 1.87129E+00 2.00000E+00 5.26834E+00
 -1       416 3.87067E+00 2.00000E+00 5.31833E+00
 -1       417 5.87004E+00 2.00000E+00 5.36831E+00
 -1       418 7.86942E+00 2.00000E+00 5.41830E+00
 -1       419 9.86879E+00 2.00000E+00 5.46828E+00
 -1       420-1.01250E+01 4.00000E+00 4.96844E+00
 -1       421-8.12559E+00 4.00000E+00 5.01842E+00
 -1       422-6.12621E+00 4.00000E+00 5.06841E+00
 -1       423-4.12683E+00 4.00000E+00 5.11839E+00
 -1       424-2.12746E+00 4.00000E+00 5.16838E+00
 -1       425-1.28084E-01 4.00000E+00 5.21836E+00
 -1       426 1.87129E+00 4.00000E+00 5.26834E+00
 -1       427 3.87067E+00 4.00000E+00 5.31833E+00
 -1       428 5.87004E+00 4.00000E+00 5.36831E+00
 -1       429 7.86942E+00 4.00000E+00 5.41830E+00
 -1       430 9.86879E+00 4.00000E+00 5.46828E+00
 -1       431-1.01250E+01 6.00000E+00 4.96844E+00
 -1       432-8.12559E+00 6.00000E+00 5.01842E+00
 -1       433-6.12621E+00 6.00000E+00 5.06841E+00
 -1       434-4.12683E+00 6.00000E+00 5.11839E+00
 -1       435-2.12746E+00 6.00000E+00 5.16838E+00
 -1       436-1.28084E-01 6.00000E+00 5.21836E+00
 -1       437 1.87129E+00 6.00000E+00 5.26834E+00
 -1       438 3.87067E+00 6.00000E+00 5.31833E+00
 -1       439 5.87004E+00 6.00000E+00 5.36831E+00
 -1       440 7.86942E+00 6.00000E+00 5.41830E+00
 -1       441 9.86879E+00 6.00000E+00 5.46828E+00
 -1       442-1.01874E+01-6.00000E+00 7.46766E+00
 -1       443-8.18807E+00-6.00000E+00 7.51764E+00
 -1       444-6.18869E+00-6.00000E+00 7.56763E+00
 -1       445-4.18932E+00-6.00000E+00 7.61761E+00
 -1       446-2.18994E+00-6.00000E+00 7.66759E+00
 -1       447-1.90565E-01-6.00000E+00 7.71758E+00
 -1       448 1.80881E+00-6.00000E+00 7.76756E+00
 -1       449 3.80819E+00-6.00000E+00 7.81755E+00
 -1       450 5.80756E+00-6.00000E+00 7.86753E+00
 -1       451 7.80694E+00-6.00000E+00 7.91752E+00
 -1       452 9.80631E+00-6.00000E+00 7.96750E+00
 -1       453-1.01874E+01-4.00000E+00 7.46766E+00
 -1       454-8.18807E+00-4.00000E+00 7.51764E+00
 -1       455-6.18869E+00-4.00000E+00 7.56763E+00
 -1       456-4.18932E+00-4.00000E+00 7.61761E+00
 -1       457-2.18994E+00-4.00000E+00 7.66759E+00
 -1       458-1.90565E-01-4.00000E+00 7.71758E+00
 -1       459 1.80881E+00-4.00000E+00 7.76756E+00
 -1       460 3.80819E+00-4.00000E+00 7.81755E+00
 -1       461 5.80756E+00-4.00000E+00 7.86753E+00
 -1       462 7.80694E+00-4.00000E+00 7.91752E+00
 -1       463 9.80631E+00-4.00000E+00 7.96750E+00
 -1       464-1.01874E+01-2.00000E+00 7.46766E+00
 -1       465-8.18807E+00-2.00000E+00 7.51764E+00
 -1       466-6.18869E+00-2.00000E+00 7.56763E+00
 -1       467-4.18932E+00-2.00000E+00 7.61761E+00
 -1       468-2.18994E+00-2.00000E+00 7.66759E+00
 -1       469-1.90565E-01-2.00000E+00 7.71758E+00
 -1       470 1.80881E+00-2.00000E+00 7.76756E+00
 -1       471 3.80819E+00-2.00000E+00 7.81755E+00
 -1       472 5.80756E+00-2.00000E+00 7.86753E+00
 -1       473 7.80694E+00-2.00000E+00 7.91752E+00
 -1       474 9.80631E+00-2.00000E+00 7.96750E+00
 -1       475-1.01874E+01 0.00000E+00 7.46766E+00
 -1       476-8.18807E+00 0.00000E+00 7.51764E+00
 -1       477-6.18869E+00 0.00000E+00 7.56763E+00
 -1       478-4.18932E+00 0.00000E+00 7.61761E+00
 -1       479-2.18994E+00 0.00000E+00 7.66759E+00
 -1       480-1.90565E-01 0.00000E+00 7.71758E+00
 -1       481 1.80881E+00 0.00000E+00 7.76756E+00
 -1       482 3.80819E+00 0.00000E+00 7.81755E+00
 -1       483 5.80756E+00 0.00000E+00 7.86753E+00
 -1       484 7.80694E+00 0.00000E+00 7.91752E+00
 -1       485 9.80631E+00 0.00000E+00 7.96750E+00
 -1       486-1.01874E+01 2.00000E+00 7.46766E+00
 -1       487-8.18807E+00 2.00000E+00 7.51764E+00
 -1       488-6.18869E+00 2.00000E+00 7.56763E+00
 -1       489-4.18932E+00 2.00000E+00 7.61761E+00
 -1       490-2.18994E+00 2.00000E+00 7.66759E+00
 -1       491-1.90565E-01 2.00000E+00 7.71758E+00
 -1       492 1.80881E+00 2.00000E+00 7.76756E+00
 -1       493 3.80819E+00 2.00000E+00 7.81755E+00
 -1       494 5.80756E+00 2.00000E+00 7.86753E+00
 -1       495 7.80694E+00 2.00000E+00 7.91752E+00
 -1       496 9.80631E+00 2.00000E+00 7.96750E+00
 -1       497-1.01874E+01 4.00000E+00 7.46766E+00
 -1       498-8.18807E+00 4.00000E+00 7.51764E+00
 -1       499-6.18869E+00 4.00000E+00 7.56763E+00
 -1       500-4.18932E+00 4.00000E+00 7.61761E+00
 -1       501-2.18994E+00 4.00000E+00 7.66759E+00
 -1       502-1.90565E-01 4.00000E+00 7.71758E+00
 -1       503 1.80881E+00 4.00000E+00 7.76756E+00
 -1       504 3.80819E+00 4.00000E+00 7.81755E+00
 -1       505 5.80756E+00 4.00000E+00 7.86753E+00
 -1       506 7.80694E+00 4.00000E+00 7.91752E+00
 -1       507 9.80631E+00 4.00000E+00 7.96750E+00
 -1       508-1.01874E+01 6.00000E+00 7.46766E+00
 -1       509-8.18807E+00 6.00000E+00 7.51764E+00
 -1       510-6.18869E+00 6.00000E+00 7.56763E+00
 -1       511-4.18932E+00 6.00000E+00 7.61761E+00
 -1       512-2.18994E+00 6.00000E+00 7.66759E+00
 -1       513-1.90565E-01 6.00000E+00 7.71758E+00
 -1       514 1.80881E+00 6.00000E+00 7.76756E+00
 -1       515 3.80819E+00 6.00000E+00 7.81755E+00
 -1       516 5.80756E+00 6.00000E+00 7.86753E+00
 -1       517 7.80694E+00 6.00000E+00 7.91752E+00
 -1       518 9.80631E+00 6.00000E+00 7.96750E+00
 -1       519-1.02499E+01-6.00000E+00 9.96688E+00
 -1       520-8.25055E+00-6.00000E+00 1.00169E+01
 -1       521-6.25117E+00-6.00000E+00 1.00668E+01
 -1       522-4.25180E+00-6.00000E+00 1.01168E+01
 -1       523-2.25242E+00-6.00000E+00 1.01668E+01
 -1       524-2.53045E-01-6.00000E+00 1.02168E+01
 -1       525 1.74633E+00-6.00000E+00 1.02668E+01
 -1       526 3.74571E+00-6.00000E+00 1.03168E+01
 -1       527 5.74508E+00-6.00000E+00 1.03668E+01
 -1       528 7.74446E+00-6.00000E+00 1.04167E+01
 -1       529 9.74383E+00-6.00000E+00 1.04667E+01
 -1       530-1.02499E+01-4.00000E+00 9.96688E+00
 -1       531-8.25055E+00-4.00000E+00 1.00169E+01
 -1       532-6.25117E+00-4.00000E+00 1.00668E+01
 -1       533-4.25180E+00-4.00000E+00 1.01168E+01
 -1       534-2.25242E+00-4.00000E+00 1.01668E+01
 -1       535-2.53045E-01-4.00000E+00 1.02168E+01
 -1       536 1.74633E+00-4.00000E+00 1.02668E+01
 -1       537 3.74571E+00-4.00000E+00 1.03168E+01
 -1       538 5.74508E+00-4.00000E+00 1.03668E+01
 -1       539 7.74446E+00-4.00000E+00 1.04167E+01
 -1       540 9.74383E+00-4.00000E+00 1.04667E+01
 -1       541-1.02499E+01-2.00000E+00 9.96688E+00
 -1       542-8.25055E+00-2.00000E+00 1.00169E+01
 -1       543-6.25117E+00-2.00000E+00 1.00668E+01
 -1       544-4.25180E+00-2.00000E+00 1.01168E+01
 -1       545-2.25242E+00-2.00000E+00 1.01668E+01
 -1       546-2.53045E-01-2.00000E+00 1.02168E+01
 -1       547 1.74633E+00-2.00000E+00 1.02668E+01
 -1       548 3.74571E+00-2.00000E+00 1.03168E+01
 -1       549 5.74508E+00-2.00000E+00 1.03668E+01
 -1       550 7.74446E+00-2.00000E+00 1.04167E+01
 -1       551 9.74383E+00-2.00000E+00 1.04667E+01
 -1       552-1.02499E+01 0.00000E+00 9.96688E+00
 -1       553-8.25055E+00 0.00000E+00 1.00169E+01
 -1       554-6.25117E+00 0.00000E+00 1.00668E+01
 -1       555-4.25180E+00 0.00000E+00 1.01168E+01
 -1       556-2.25242E+00 0.00000E+00 1.01668E+01
 -1       557-2.53045E-01 0.00000E+00 1.02168E+01
 -1       558 1.74633E+00 0.00000E+00 1.02668E+01
 -1       559 3.74571E+00 0.00000E+00 1.03168E+01
 -1       560 5.74508E+00 0.00000E+00 1.03668E+01
 -1       561 7.74446E+00 0.00000E+00 1.04167E+01
 -1       562 9.74383E+00 0.00000E+00 1.04667E+01
 -1       563-1.02499E+01 2.00000E+00 9.96688E+00
 -1       564-8.25055E+00 2.00000E+00 1.00169E+01
 -1       565-6.25117E+00 2.00000E+00 1.00668E+01
 -1       566-4.25180E+00 2.00000E+00 1.01168E+01
 -1       567-2.25242E+00 2.00000E+00 1.01668E+01
 -1       568-2.53045E-01 2.00000E+00 1.02168E+01
 -1       569 1.74633E+00 2.00000E+00 1.02668E+01
 -1       570 3.74571E+00 2.00000E+00 1.03168E+01
 -1       571 5.74508E+00 2.00000E+00 1.03668E+01
 -1       572 7.74446E+00 2.00000E+00 1.04167E+01
 -1       573 9.74383E+00 2.00000E+00 1.04667E+01
 -1       574-1.02499E+01 4.00000E+00 9.96688E+00
 -1       575-8.25055E+00 4.00000E+00 1.00169E+01
 -1       576-6.25117E+00 4.00000E+00 1.00668E+01
 -1       577-4.25180E+00 4.00000E+00 1.01168E+01
 -1       578-2.25242E+00 4.00000E+00 1.01668E+01
 -1       579-2.53045E-01 4.00000E+00 1.02168E+01
 -1       580 1.74633E+00 4.00000E+00 1.02668E+01
 -1       581 3.74571E+00 4.00000E+00 1.03168E+01
 -1       582 5.74508E+00 4.00000E+00 1.03668E+01
 -1       583 7.74446E+00 4.00000E+00 1.04167E+01
 -1       584 9.74383E+00 4.00000E+00 1.04667E+01
 -1       585-1.02499E+01 6.00000E+00 9.96688E+00
 -1       586-8.25055E+00 6.00000E+00 1.00169E+01
 -1       587-6.25117E+00 6.00000E+00 1.00668E+01
 -1       588-4.25180E+00 6.00000E+00 1.01168E+01
 -1       589-2.25242E+00 6.00000E+00 1.01668E+01
 -1       590-2.53045E-01 6.00000E+00 1.02168E+01
 -1       591 1.74633E+00 6.00000E+00 1.02668E+01
 -1       592 3.74571E+00 6.00000E+00 1.03168E+01
 -1       593 5.74508E+00 6.00000E+00 1.03668E+01
 -1       594 7.74446E+00 6.00000E+00 1.04167E+01
 -1       595 9.74383E+00 6.00000E+00 1.04667E+01
 -3
    3C                           348                                     1
 -1         1    1    0    1
 -2         1         2        12        11        71        72        82        81
 -1         2    1    0    1
 -2         2         3        13        12        72        73        83        82
 -1         3    1    0    1
 -2         3         4        14        13        73        74        84        83
 -1         4    1    0    1
 -2         4         5        15        14        74        75        85        84
 -1         5    1    0    1
 -2         5         6        16        15        75        76        86        85
 -1         6    1    0    1
 -2         6         7        17        16        76        77        87        86
 -1         7    1    0    1
 -2         7         8        18        17        77        78        88        87
 -1         8    1    0    1
 -2         8         9        19        18        78        79        89        88
 -1         9    1    0    1
 -2         9        10        20        19        79        80        90        89
 -1        10    1    0    1
 -2        11        12        22        21        81        82        92        91
 -1        11    1    0    1
 -2        12        13        23        22        82        83        93        92
 -1        12    1    0    1
 -2        13        14        24        23        83        84        94        93
 -1        13    1    0    1
 -2        14        15        25        24        84        85        95        94
 -1        14    1    0    1
 -2        15        16        26        25        85        86        96        95
 -1        15    1    0    1
 -2        16        17        27        26        86        87        97        96
 -1        16    1    0    1
 -2        17        18        28        27        87        88        98        97
 -1        17    1    0    1
 -2        18        19        29        28        88        89        99        98
 -1        18    1    0    1
 -2        19        20        30        29        89        90       100        99
 -1        19    1    0    1
 -2        21        22        32        31        91        92       102       101
 -1        20    1    0    1
 -2        22        23        33        32        92        93       103       102
 -1        21    1    0    1
 -2        23        24        34        33        93        94       104       103
 -1        22    1    0    1
 -2        24        25        35        34        94        95       105       104
 -1        23    1    0    1
 -2        25        26        36        35        95        96       106       105
 -1        24    1    0    1
 -2        26        27        37        36        96        97       107       106
 -1        25    1    0    1
 -2        27        28        38        37        97        98       108       107
 -1        26    1    0    1
 -2        28        29        39        38        98        99       109       108
 -1        27    1    0    1
 -2        29        30        40        39        99       100       110       109
 -1        28    1    0    1
 -2        31        32        42        41       101       102       112       111
 -1        29    1    0    1
 -2        32        33        43        42       102       103       113       112
 -1        30    1    0    1
 -2        33        34        44        43       103       104       114       113
 -1        31    1    0    1
 -2        34        35        45        44       104       105       115       114
 -1        32    1    0    1
 -2        35        36        46        45       105       106       116       115
 -1        33    1    0    1
 -2        36        37        47        46       106       107       117       116
 -1        34    1    0    1
 -2        37        38        48        47       107       108       118       117
 -1        35    1    0    1
 -2        38        39        49        48       108       109       119       118
 -1        36    1    0    1
 -2        39        40        50        49       109       110       120       119
 -1        37    1    0    1
 -2        41        42        52        51       111       112       122       121
 -1        38    1    0    1
 -2        42        43        53        52       112       113       123       122
 -1        39    1    0    1
 -2        43        44        54        53       113       114       124       123
 -1        40    1    0    1
 -2        44        45        55        54       114       115       125       124
 -1        41    1    0    1
 -2        45        46        56        55       115       116       126       125
 -1        42    1    0    1
 -2        46        47        57        56       116       117       127       126
 -1        43    1    0    1
 -2        47        48        58        57       117       118       128       127
 -1        44    1    0    1
 -2        48        49        59        58       118       119       129       128
 -1        45    1    0    1
 -2        49        50        60        59       119       120       130       129
 -1        46    1    0    1
 -2        51        52        62        61       121       122       132       131
 -1        47    1    0    1
 -2        52        53        63        62       122       123       133       132
 -1        48    1    0    1
 -2        53        54        64        63       123       124       134       133
 -1        49    1    0    1
 -2        54        55        65        64       124       125       135       134
 -1        50    1    0    1
 -2        55        56        66        65       125       126       136       135
 -1        51    1    0    1
 -2        56        57        67        66       126       127       137       136
 -1        52    1    0    1
 -2        57        58        68        67       127       128       138       137
 -1        53    1    0    1
 -2        58        59        69        68       128       129       139       138
 -1        54    1    0    1
 -2        59        60        70        69       129       130       140       139
 -1        55    1    0    1
 -2        71        72        82        81       141       142       152       151
 -1        56    1    0    1
 -2        72        73        83        82       142       143       153       152
 -1        57    1    0    1
 -2        73        74        84        83       143       144       154       153
 -1        58    1    0    1
 -2        74        75        85        84       144       145       155       154
 -1        59    1    0    1
 -2        75        76        86        85       145       146       156       155
 -1        60    1    0    1
 -2        76        77        87        86       146       147       157       156
 -1        61    1    0    1
 -2        77        78        88        87       147       148       158       157
 -1        62    1    0    1
 -2        78        79        89        88       148       149       159       158
 -1        63    1    0    1
 -2        79        80        90        89       149       150       160       159
 -1        64    1    0    1
 -2        81        82        92        91       151       152       162       161
 -1        65    1    0    1
 -2        82        83        93        92       152       153       163       162
 -1        66    1    0    1
 -2        83        84        94        93       153       154       164       163
 -1        67    1    0    1
 -2        84        85        95        94       154       155       165       164
 -1        68    1    0    1
 -2        85        86        96        95       155       156       166       165
 -1        69    1    0    1
 -2        86        87        97        96       156       157       167       166
 -1        70    1    0    1
 -2        87        88        98        97       157       158       168       167
 -1        71    1    0    1
 -2        88        89        99        98       158       159       169       168
 -1        72    1    0    1
 -2        89        90       100        99       159       160       170       169
 -1        73    1    0    1
 -2        91        92       102       101       161       162       172       171
 -1        74    1    0    1
 -2        92        93       103       102       162       163       173       172
 -1        75    1    0    1
 -2        93        94       104       103       163       164       174       173
 -1        76    1    0    1
 -2        94        95       105       104       164       165       175       174
 -1        77    1    0    1
 -2        95        96       106       105       165       166       176       175
 -1        78    1    0    1
 -2        96        97       107       106       166       167       177       176
 -1        79    1    0    1
 -2        97        98       108       107       167       168       178       177
 -1        80    1    0    1
 -2        98        99       109       108       168       169       179       178
 -1        81    1    0    1
 -2        99       100       110       109       169       170       180       179
 -1        82    1    0    1
 -2       101       102       112       111       171       172       182       181
 -1        83    1    0    1
 -2       102       103       113       112       172       173       183       182
 -1        84    1    0    1
 -2       103       104       114       113       173       174       184       183
 -1        85    1    0    1
 -2       104       105       115       114       174       175       185       184
 -1        86    1    0    1
 -2       105       106       116       115       175       176       186       185
 -1        87    1    0    1
 -2       106       107       117       116       176       177       187       186
 -1        88    1    0    1
 -2       107       108       118       117       177       178       188       187
 -1        89    1    0    1
 -2       108       109       119       118       178       179       189       188
 -1        90    1    0    1
 -2       109       110       120       119       179       180       190       189
 -1        91    1    0    1
 -2       111       112       122       121       181       182       192       191
 -1        92    1    0    1
 -2       112       113       123       122       182       183       193       192
 -1        93    1    0    1
 -2       113       114       124       123       183       184       194       193
 -1        94    1    0    1
 -2       114       115       125       124       184       185       195       194
 -1        95    1    0    1
 -2       115       116       126       125       185       186       196       195
 -1        96    1    0    1
 -2       116       117       127       126       186       187       197       196
 -1        97    1    0    1
 -2       117       118       128       127       187       188       198       197
 -1        98    1    0    1
 -2       118       119       129       128       188       189       199       198
 -1        99    1    0    1
 -2       119       120       130       129       189       190       200       199
 -1       100    1    0    1
 -2       121       122       132       131       191       192       202       201
 -1       101    1    0    1
 -2       122       123       133       132       192       193       203       202
 -1       102    1    0    1
 -2       123       124       134       133       193       194       204       203
 -1       103    1    0    1
 -2       124       125       135       134       194       195       205       204
 -1       104    1    0    1
 -2       125       126       136       135       195       196       206       205
 -1       105    1    0    1
 -2       126       127       137       136       196       197       207       206
 -1       106    1    0    1
 -2       127       128       138       137       197       198       208       207
 -1       107    1    0    1
 -2       128       129       139       138       198       199       209       208
 -1       108    1    0    1
 -2       129       130       140       139       199       200       210       209
 -1       109    1    0    1
 -2       211       212       223       222       288       289       300       299
 -1       110    1    0    1
 -2       212       213       224       223       289       290       301       300
 -1       111    1    0    1
 -2       213       214       225       224       290       291       302       301
 -1       112    1    0    1
 -2       214       215       226       225       291       292       303       302
 -1       113    1    0    1
 -2       215       216       227       226       292       293       304       303
 -1       114    1    0    1
 -2       216       217       228       227       293       294       305       304
 -1       115    1    0    1
 -2       217       218       229       228       294       295       306       305
 -1       116    1    0    1
 -2       218       219       230       229       295       296       307       306
 -1       117    1    0    1
 -2       219       220       231       230       296       297       308       307
 -1       118    1    0    1
 -2       220       221       232       231       297       298       309       308
 -1       119    1    0    1
 -2       222       223       234       233       299       300       311       310
 -1       120    1    0    1
 -2       223       224       235       234       300       301       312       311
 -1       121    1    0    1
 -2       224       225       236       235       301       302       313       312
 -1       122    1    0    1
 -2       225       226       237       236       302       303       314       313
 -1       123    1    0    1
 -2       226       227       238       237       303       304       315       314
 -1       124    1    0    1
 -2       227       228       239       238       304       305       316       315
 -1       125    1    0    1
 -2       228       229       240       239       305       306       317       316
 -1       126    1    0    1
 -2       229       230       241       240       306       307       318       317
 -1       127    1    0    1
 -2       230       231       242       241       307       308       319       318
 -1       128    1    0    1
 -2       231       232       243       242       308       309       320       319
 -1       129    1    0    1
 -2       233       234       245       244       310       311       322       321
 -1       130    1    0    1
 -2       234       235       246       245       311       312       323       322
 -1       131    1    0    1
 -2       235       236       247       246       312       313       324       323
 -1       132    1    0    1
 -2       236       237       248       247       313       314       325       324
 -1       133    1    0    1
 -2       237       238       249       248       314       315       326       325
 -1       134    1    0    1
 -2       238       239       250       249       315       316       327       326
 -1       135    1    0    1
 -2       239       240       251       250       316       317       328       327
 -1       136    1    0    1
 -2       240       241       252       251       317       318       329       328
 -1       137    1    0    1
 -2       241       242       253       252       318       319       330       329
 -1       138    1    0    1
 -2       242       243       254       253       319       320       331       330
 -1       139    1    0    1
 -2       244       245       256       255       321       322       333       332
 -1       140    1    0    1
 -2       245       246       257       256       322       323       334       333
 -1       141    1    0    1
 -2       246       247       258       257       323       324       335       334
 -1       142    1    0    1
 -2       247       248       259       258       324       325       336       335
 -1       143    1    0    1
 -2       248       249       260       259       325       326       337       336
 -1       144    1    0    1
 -2       249       250       261       260       326       327       338       337
 -1       145    1    0    1
 -2       250       251       262       261       327       328       339       338
 -1       146    1    0    1
 -2       251       252       263       262       328       329       340       339
 -1       147    1    0    1
 -2       252       253       264       263       329       330       341       340
 -1       148    1    0    1
 -2       253       254       265       264       330       331       342       341
 -1       149    1    0    1
 -2       255       256       267       266       332       333       344       343
 -1       150    1    0    1
 -2       256       257       268       267       333       334       345       344
 -1       151    1    0    1
 -2       257       258       269       268       334       335       346       345
 -1       152    1    0    1
 -2       258       259       270       269       335       336       347       346
 -1       153    1    0    1
 -2       259       260       271       270       336       337       348       347
 -1       154    1    0    1
 -2       260       261       272       271       337       338       349       348
 -1       155    1    0    1
 -2       261       262       273       272       338       339       350       349
 -1       156    1    0    1
 -2       262       263       274       273       339       340       351       350
 -1       157    1    0    1
 -2       263       264       275       274       340       341       352       351
 -1       158    1    0    1
 -2       264       265       276       275       341       342       353       352
 -1       159    1    0    1
 -2       266       267       278       277       343       344       355       354
 -1       160    1    0    1
 -2       267       268       279       278       344       345       356       355
 -1       161    1    0    1
 -2       268       269       280       279       345       346       357       356
 -1       162    1    0    1
 -2       269       270       281       280       346       347       358       357
 -1       163    1    0    1
 -2       270       271       282       281       347       348       359       358
 -1       164    1    0    1
 -2       271       272       283       282       348       349       360       359
 -1       165    1    0    1
 -2       272       273       284       283       349       350       361       360
 -1       166    1    0    1
 -2       273       274       285       284       350       351       362       361
 -1       167    1    0    1
 -2       274       275       286       285       351       352       363       362
 -1       168    1    0    1
 -2       275       276       287       286       352       353       364       363
 -1       169    1    0    1
 -2       288       289       300       299       365       366       377       376
 -1       170    1    0    1
 -2       289       290       301       300       366       367       378       377
 -1       171    1    0    1
 -2       290       291       302       301       367       368       379       378
 -1       172    1    0    1
 -2       291       292       303       302       368       369       380       379
 -1       173    1    0    1
 -2       292       293       304       303       369       370       381       380
 -1       174    1    0    1
 -2       293       294       305       304       370       371       382       381
 -1       175    1    0    1
 -2       294       295       306       305       371       372       383       382
 -1       176    1    0    1
 -2       295       296       307       306       372       373       384       383
 -1       177    1    0    1
 -2       296       297       308       307       373       374       385       384
 -1       178    1    0    1
 -2       297       298       309       308       374       375       386       385
 -1       179    1    0    1
 -2       299       300       311       310       376       377       388       387
 -1       180    1    0    1
 -2       300       301       312       311       377       378       389       388
 -1       181    1    0    1
 -2       301       302       313       312       378       379       390       389
 -1       182    1    0    1
 -2       302       303       314       313       379       380       391       390
 -1       183    1    0    1
 -2       303       304       315       314       380       381       392       391
 -1       184    1    0    1
 -2       304       305       316       315       381       382       393       392
 -1       185    1    0    1
 -2       305       306       317       316       382       383       394       393
 -1       186    1    0    1
 -2       306       307       318       317       383       384       395       394
 -1       187    1    0    1
 -2       307       308       319       318       384       385       396       395
 -1       188    1    0    1
 -2       308       309       320       319       385       386       397       396
 -1       189    1    0    1
 -2       310       311       322       321       387       388       399       398
 -1       190    1    0    1
 -2       311       312       323       322       388       389       400       399
 -1       191    1    0    1
 -2       312       313       324       323       389       390       401       400
 -1       192    1    0    1
 -2       313       314       325       324       390       391       402       401
 -1       193    1    0    1
 -2       314       315       326       325       391       392       403       402
 -1       194    1    0    1
 -2       315       316       327       326       392       393       404       403
 -1       195    1    0    1
 -2       316       317       328       327       393       394       405       404
 -1       196    1    0    1
 -2       317       318       329       328       394       395       406       405
 -1       197    1    0    1
 -2       318       319       330       329       395       396       407       406
 -1       198    1    0    1
 -2       319       320       331       330       396       397       408       407
 -1       199    1    0    1
 -2       321       322       333       332       398       399       410       409
 -1       200    1    0    1
 -2       322       323       334       333       399       400       411       410
 -1       201    1    0    1
 -2       323       324       335       334       400       401       412       411
 -1       202    1    0    1
 -2       324       325       336       335       401       402       413       412
 -1       203    1    0    1
 -2       325       326       337       336       402       403       414       413
 -1       204    1    0    1
 -2       326       327       338       337       403       404       415       414
 -1       205    1    0    1
 -2       327       328       339       338       404       405       416       415
 -1       206    1    0    1
 -2       328       329       340       339       405       406       417       416
 -1       207    1    0    1
 -2       329       330       341       340       406       407       418       417
 -1       208    1    0    1
 -2       330       331       342       341       407       408       419       418
 -1       209    1    0    1
 -2       332       333       344       343       409       410       421       420
 -1       210    1    0    1
 -2       333       334       345       344       410       411       422       421
 -1       211    1    0    1
 -2       334       335       346       345       411       412       423       422
 -1       212    1    0    1
 -2       335       336       347       346       412       413       424       423
 -1       213    1    0    1
 -2       336       337       348       347       413       414       425       424
 -1       214    1    0    1
 -2       337       338       349       348       414       415       426       425
 -1       215    1    0    1
 -2       338       339       350       349       415       416       427       426
 -1       216    1    0    1
 -2       339       340       351       350       416       417       428       427
 -1       217    1    0    1
 -2       340       341       352       351       417       418       429       428
 -1       218    1    0    1
 -2       341       342       353       352       418       419       430       429
 -1       219    1    0    1
 -2       343       344       355       354       420       421       432       431
 -1       220    1    0    1
 -2       344       345       356       355       421       422       433       432
 -1       221    1    0    1
 -2       345       346       357       356       422       423       434       433
 -1       222    1    0    1
 -2       346       347       358       357       423       424       435       434
 -1       223    1    0    1
 -2       347       348       359       358       424       425       436       435
 -1       224    1    0    1
 -2       348       349       360       359       425       426       437       436
 -1       225    1    0    1
 -2       349       350       361       360       426       427       438       437
 -1       226    1    0    1
 -2       350       351       362       361       427       428       439       438
 -1       227    1    0    1
 -2       351       352       363       362       428       429       440       439
 -1       228    1    0    1
 -2       352       353       364       363       429       430       441       440
 -1       229    1    0    1
 -2       365       366       377       376       442       443       454       453
 -1       230    1    0    1
 -2       366       367       378       377       443       444       455       454
 -1       231    1    0    1
 -2       367       368       379       378       444       445       456       455
 -1       232    1    0    1
 -2       368       369       380       379       445       446       457       456
 -1       233    1    0    1
 -2       369       370       381       380       446       447       458       457
 -1       234    1    0    1
 -2       370       371       382       381       447       448       459       458
 -1       235    1    0    1
 -2       371       372       383       382       448       449       460       459
 -1       236    1    0    1
 -2       372       373       384       383       449       450       461       460
 -1       237    1    0    1
 -2       373       374       385       384       450       451       462       461
 -1       238    1    0    1
 -2       374       375       386       385       451       452       463       462
 -1       239    1    0    1
 -2       376       377       388       387       453       454       465       464
 -1       240    1    0    1
 -2       377       378       389       388       454       455       466       465
 -1       241    1    0    1
 -2       378       379       390       389       455       456       467       466
 -1       242    1    0    1
 -2       379       380       391       390       456       457       468       467
 -1       243    1    0    1
 -2       380       381       392       391       457       458       469       468
 -1       244    1    0    1
 -2       381       382       393       392       458       459       470       469
 -1       245    1    0    1
 -2       382       383       394       393       459       460       471       470
 -1       246    1    0    1
 -2       383       384       395       394       460       461       472       471
 -1       247    1    0    1
 -2       384       385       396       395       461       462       473       472
 -1       248    1    0    1
 -2       385       386       397       396       462       463       474       473
 -1       249    1    0    1
 -2       387       388       399       398       464       465       476       475
 -1       250    1    0    1
 -2       388       389       400       399       465       466       477       476
 -1       251    1    0    1
 -2       389       390       401       400       466       467       478       477
 -1       252    1    0    1
 -2       390       391       402       401       467       468       479       478
 -1       253    1    0    1
 -2       391       392       403       402       468       469       480       479
 -1       254    1    0    1
 -2       392       393       404       403       469       470       481       480
 -1       255    1    0    1
 -2       393       394       405       404       470       471       482       481
 -1       256    1    0    1
 -2       394       395       406       405       471       472       483       482
 -1       257    1    0    1
 -2       395       396       407       406       472       473       484       483
 -1       258    1    0    1
 -2       396       397       408       407       473       474       485       484
 -1       259    1    0    1
 -2       398       399       410       409       475       476       487       486
 -1       260    1    0    1
 -2       399       400       411       410       476       477       488       487
 -1       261    1    0    1
 -2       400       401       412       411       477       478       489       488
 -1       262    1    0    1
 -2       401       402       413       412       478       479       490       489
 -1       263    1    0    1
 -2       402       403       414       413       479       480       491       490
 -1       264    1    0    1
 -2       403       404       415       414       480       481       492       491
 -1       265    1    0    1
 -2       404       405       416       415       481       482       493       492
 -1       266    1    0    1
 -2       405       406       417       416       482       483       494       493
 -1       267    1    0    1
 -2       406       407       418       417       483       484       495       494
 -1       268    1    0    1
 -2       407       408       419       418       484       485       496       495
 -1       269    1    0    1
 -2       409       410       421       420       486       487       498       497
 -1       270    1    0    1
 -2       410       411       422       421       487       488       499       498
 -1       271    1    0    1
 -2       411       412       423       422       488       489       500       499
 -1       272    1    0    1
 -2       412       413       424       423       489       490       501       500
 -1       273    1    0    1
 -2       413       414       425       424       490       491       502       501
 -1       274    1    0    1
 -2       414       415       426       425       491       492       503       502
 -1       275    1    0    1
 -2       415       416       427       426       492       493       504       503
 -1       276    1    0    1
 -2       416       417       428       427       493       494       505       504
 -1       277    1    0    1
 -2       417       418       429       428       494       495       506       505
 -1       278    1    0    1
 -2       418       419       430       429       495       496       507       506
 -1       279    1    0    1
 -2       420       421       432       431       497       498       509       508
 -1       280    1    0    1
 -2       421       422       433       432       498       499       510       509
 -1       281    1    0    1
 -2       422       423       434       433       499       500       511       510
 -1       282    1    0    1
 -2       423       424       435       434       500       501       512       511
 -1       283    1    0    1
 -2       424       425       436       435       501       502       513       512
 -1       284    1    0    1
 -2       425       426       437       436       502       503       514       513
 -1       285    1    0    1
 -2       426       427       438       437       503       504       515       514
 -1       286    1    0    1
 -2       427       428       439       438       504       505       516       515
 -1       287    1    0    1
 -2       428       429       440       439       505       506       517       516
 -1       288    1    0    1
 -2       429       430       441       440       506       507       518       517
 -1       289    1    0    1
 -2       442       443       454       453       519       520       531       530
 -1       290    1    0    1
 -2       443       444       455       454       520       521       532       531
 -1       291    1    0    1
 -2       444       445       456       455       521       522       533       532
 -1       292    1    0    1
 -2       445       446       457       456       522       523       534       533
 -1       293    1    0    1
 -2       446       447       458       457       523       524       535       534
 -1       294    1    0    1
 -2       447       448       459       458       524       525       536       535
 -1       295    1    0    1
 -2       448       449       460       459       525       526       537       536
 -1       296    1    0    1
 -2       449       450       461       460       526       527       538       537
 -1       297    1    0    1
 -2       450       451       462       461       527       528       539       538
 -1       298    1    0    1
 -2       451       452       463       462       528       529       540       539
 -1       299    1    0    1
 -2       453       454       465       464       530       531       542       541
 -1       300    1    0    1
 -2       454       455       466       465       531       532       543       542
 -1       301    1    0    1
 -2       455       456       467       466       532       533       544       543
 -1       302    1    0    1
 -2       456       457       468       467       533       534       545       544
 -1       303    1    0    1
 -2       457       458       469       468       534       535       546       545
 -1       304    1    0    1
 -2       458       459       470       469       535       536       547       546
 -1       305    1    0    1
 -2       459       460       471       470       536       537       548       547
 -1       306    1    0    1
 -2       460       461       472       471       537       538       549       548
 -1       307    1    0    1
 -2       461       462       473       472       538       539       550       549
 -1       308    1    0    1
 -2       462       463       474       473       539       540       551       550
 -1       309    1    0    1
 -2       464       465       476       475       541       542       553       552
 -1       310    1    0    1
 -2       465       466       477       476       542       543       554       553
 -1       311    1    0    1
 -2       466       467       478       477       543       544       555       554
 -1       312    1    0    1
 -2       467       468       479       478       544       545       556       555
 -1       313    1    0    1
 -2       468       469       480       479       545       546       557       556
 -1       314    1    0    1
 -2       469       470       481       480       546       547       558       557
 -1       315    1    0    1
 -2       470       471       482       481       547       548       559       558
 -1       316    1    0    1
 -2       471       472       483       482       548       549       560       559
 -1       317    1    0    1
 -2       472       473       484       483       549       550       561       560
 -1       318    1    0    1
 -2       473       474       485       484       550       551       562       561
 -1       319    1    0    1
 -2       475       476       487       486       552       553       564       563
 -1       320    1    0    1
 -2       476       477       488       487       553       554       565       564
 -1       321    1    0    1
 -2       477       478       489       488       554       555       566       565
 -1       322    1    0    1
 -2       478       479       490       489       555       556       567       566
 -1       323    1    0    1
 -2       479       480       491       490       556       557       568       567
 -1       324    1    0    1
 -2       480       481       492       491       557       558       569       568
 -1       325    1    0    1
 -2       481       482       493       492       558       559       570       569
 -1       326    1    0    1
 -2       482       483       494       493       559       560       571       570
 -1       327    1    0    1
 -2       483       484       495       494       560       561       572       571
 -1       328    1    0    1
 -2       484       485       496       495       561       562       573       572
 -1       329    1    0    1
 -2       486       487       498       497       563       564       575       574
 -1       330    1    0    1
 -2       487       488       499       498       564       565       576       575
 -1       331    1    0    1
 -2       488       489       500       499       565       566       577       576
 -1       332    1    0    1
 -2       489       490       501       500       566       567       578       577
 -1       333    1    0    1
 -2       490       491       502       501       567       568       579       578
 -1       334    1    0    1
 -2       491       492       503       502       568       569       580       579
 -1       335    1    0    1
 -2       492       493       504       503       569       570       581       580
 -1       336    1    0    1
 -2       493       494       505       504       570       571       582       581
 -1       337    1    0    1
 -2       494       495       506       505       571       572       583       582
 -1       338    1    0    1
 -2       495       496       507       506       572       573       584       583
 -1       339    1    0    1
 -2       497       498       509       508       574       575       586       585
 -1       340    1    0    1
 -2       498       499       510       509       575       576       587       586
 -1       341    1    0    1
 -2       499       500       511       510       576       577       588       587
 -1       342    1    0    1
 -2       500       501       512       511       577       578       589       588
 -1       343    1    0    1
 -2       501       502       513       512       578       579       590       589
 -1       344    1    0    1
 -2       502       503       514       513       579       580       591       590
 -1       345    1    0    1
 -2       503       504       515       514       580       581       592       591
 -1       346    1    0    1
 -2       504       505       516       515       581       582       593       592
 -1       347    1    0    1
 -2       505       506       517       516       582       583       594       593
 -1       348    1    0    1
 -2       506       507       518       517       583       584       595       594
 -3
    1PSTEP                         1           1           1          
  100CL  101 3.40000E-01         595                     0    1           1
 -4  DISP        4    1
 -5  D1          1    2    1    0
 -5  D2          1    2    2    0
 -5  D3          1    2    3    0
 -5  ALL         1    2    0    0    1ALL
 -1         1 0.00000E+00 0.00000E+00 0.00000E+00
 -1         2 0.00000E+00 0.00000E+00 0.00000E+00
 -1         3 0.00000E+00 0.00000E+00 0.00000E+00
 -1         4 0.00000E+00 0.00000E+00 0.00000E+00
 -1         5 0.00000E+00 0.00000E+00 0.00000E+00
 -1         6 0.00000E+00 0.00000E+00 0.00000E+00
 -1         7 0.00000E+00 0.00000E+00 0.00000E+00
 -1         8 0.00000E+00 0.00000E+00 0.00000E+00
 -1         9 0.00000E+00 0.00000E+00 0.00000E+00
 -1        10 0.00000E+00 0.00000E+00 0.00000E+00
 -1        11 0.00000E+00 0.00000E+00 0.00000E+00
 -1        12 0.00000E+00 0.00000E+00 0.00000E+00
 -1        13 0.00000E+00 0.00000E+00 0.00000E+00
 -1        14 0.00000E+00 0.00000E+00 0.00000E+00
 -1        15 0.00000E+00 0.00000E+00 0.00000E+00
 -1        16 0.00000E+00 0.00000E+00 0.00000E+00
 -1        17 0.00000E+00 0.00000E+00 0.00000E+00
 -1        18 0.00000E+00 0.00000E+00 0.00000E+00
 -1        19 0.00000E+00 0.00000E+00 0.00000E+00
 -1        20 0.00000E+00 0.00000E+00 0.00000E+00
 -1        21 0.00000E+00 0.00000E+00 0.00000E+00
 -1        22 0.00000E+00 0.00000E+00 0.00000E+00
 -1        23 0.00000E+00 0.00000E+00 0.00000E+00
 -1        24 0.00000E+00 0.00000E+00 0.00000E+00
 -1        25 0.00000E+00 0.00000E+00 0.00000E+00
 -1        26 0.00000E+00 0.00000E+00 0.00000E+00
 -1        27 0.00000E+00 0.00000E+00 0.00000E+00
 -1        28 0.00000E+00 0.00000E+00 0.00000E+00
 -1        29 0.00000E+00 0.00000E+00 0.00000E+00
 -1        30 0.00000E+00 0.00000E+00 0.00000E+00
 -1        31 0.00000E+00 0.00000E+00 0.00000E+00
 -1        32 0.00000E+00 0.00000E+00 0.00000E+00
 -1        33 0.00000E+00 0.00000E+00 0.00000E+00
 -1        34 0.00000E+00 0.00000E+00 0.00000E+00
 -1        35 0.00000E+00 0.00000E+00 0.00000E+00
 -1        36 0.00000E+00 0.00000E+00 0.00000E+00
 -1        37 0.00000E+00 0.00000E+00 0.00000E+00
 -1        38 0.00000E+00 0.00000E+00 0.00000E+00
 -1        39 0.00000E+00 0.00000E+00 0.00000E+00
 -1        40 0.00000E+00 0.00000E+00 0.00000E+00
 -1        41 0.00000E+00 0.00000E+00 0.00000E+00
 -1        42 0.00000E+00 0.00000E+00 0.00000E+00
 -1        43 0.00000E+00 0.00000E+00 0.00000E+00
 -1        44 0.00000E+00 0.00000E+00 0.00000E+00
 -1        45 0.00000E+00 0.00000E+00 0.00000E+00
 -1        46 0.00000E+00 0.00000E+00 0.00000E+00
 -1        47 0.00000E+00 0.00000E+00 0.00000E+00
 -1        48 0.00000E+00 0.00000E+00 0.00000E+00
 -1        49 0.00000E+00 0.00000E+00 0.00000E+00
 -1        50 0.00000E+00 0.00000E+00 0.00000E+00
 -1        51 0.00000E+00 0.00000E+00 0.00000E+00
 -1        52 0.00000E+00 0.00000E+00 0.00000E+00
 -1        53 0.00000E+00 0.00000E+00 0.00000E+00
 -1        54 0.00000E+00 0.00000E+00 0.00000E+00
 -1        55 0.00000E+00 0.00000E+00 0.00000E+00
 -1        56 0.00000E+00 0.00000E+00 0.00000E+00
 -1        57 0.00000E+00 0.00000E+00 0.00000E+00
 -1        58 0.00000E+00 0.00000E+00 0.00000E+00
 -1        59 0.00000E+00 0.00000E+00 0.00000E+00
 -1        60 0.00000E+00 0.00000E+00 0.00000E+00
 -1        61 0.00000E+00 0.00000E+00 0.00000E+00
 -1        62 0.00000E+00 0.00000E+00 0.00000E+00
 -1        63 0.00000E+00 0.00000E+00 0.00000E+00
 -1        64 0.00000E+00 0.00000E+00 0.00000E+00
 -1        65 0.00000E+00 0.00000E+00 0.00000E+00
 -1        66 0.00000E+00 0.00000E+00 0.00000E+00
 -1        67 0.00000E+00 0.00000E+00 0.00000E+00
 -1        68 0.00000E+00 0.00000E+00 0.00000E+00
 -1        69 0.00000E+00 0.00000E+00 0.00000E+00
 -1        70 0.00000E+00 0.00000E+00 0.00000E+00
 -1        71-5.40660E-04-8.31743E-04-2.74850E-04
 -1        72-3.40770E-04-1.07659E-03-4.50109E-04
 -1        73 8.23423E-05-1.39059E-03-5.06723E-04
 -1        74 3.62714E-04-5.93211E-04-1.97723E-04
 -1        75 2.60775E-04-1.83712E-04 1.68949E-05
 -1        76 1.10887E-04-3.10418E-05 1.17359E-05
 -1        77 5.28854E-05-2.32275E-06-3.34002E-06
 -1        78 3.11524E-05 2.03729E-06-3.94689E-06
 -1        79 1.94338E-05 6.85250E-07-1.33297E-06
 -1        80 1.72873E-05 5.82837E-07-9.12471E-06
 -1        81-1.12056E-03-7.85826E-04-4.27208E-04
 -1        82-8.27281E-04-1.02927E-03-1.32973E-03
 -1        83 1.82564E-04-1.35668E-03-1.78953E-03
 -1        84 6.42698E-04-5.15907E-04-5.25415E-04
 -1        85 2.16103E-04-1.46303E-04 1.22053E-04
 -1        86 6.76190E-05-1.49069E-05 4.27816E-05
 -1        87 3.64089E-05 6.09091E-06 1.71873E-05
 -1        88 2.35869E-05 7.55476E-06 6.90516E-06
 -1        89 1.45983E-05 3.19623E-06 2.22260E-06
 -1        90 1.44649E-05 2.93991E-06-8.74389E-06
 -1        91-2.09509E-03-5.43708E-04-8.37766E-04
 -1        92-1.56471E-03-6.64312E-04-2.71484E-03
 -1        93 4.50491E-04-7.95138E-04-3.54199E-03
 -1        94 1.23736E-03-3.16101E-04-9.93430E-04
 -1        95 3.12000E-04-9.46853E-05 2.36027E-04
 -1        96 5.91854E-05-1.01613E-05 6.62362E-05
 -1        97 2.40454E-05 4.74657E-06 3.55203E-05
 -1        98 1.49003E-05 6.15069E-06 1.82203E-05
 -1        99 7.71710E-06 2.67194E-06 6.48853E-06
 -1       100 1.04026E-05 2.49044E-06-8.11769E-06
 -1       101-2.47954E-03 1.77260E-07-1.02748E-03
 -1       102-1.79196E-03 1.72906E-07-3.23064E-03
 -1       103 5.46392E-04 9.06441E-08-4.12304E-03
 -1       104 1.40842E-03 1.42029E-07-1.13548E-03
 -1       105 3.60866E-04 4.35283E-08 2.76316E-04
 -1       106 6.01141E-05 1.45818E-08 7.80662E-05
 -1       107 2.04891E-05 5.12396E-09 4.28662E-05
 -1       108 1.17413E-05 4.16800E-10 2.26679E-05
 -1       109 5.05490E-06-1.18630E-09 8.20549E-06
 -1       110 8.66877E-06-3.12352E-09-7.90546E-06
 -1       111-2.09532E-03 5.44106E-04-8.37915E-04
 -1       112-1.56488E-03 6.64905E-04-2.71511E-03
 -1       113 4.50524E-04 7.95746E-04-3.54241E-03
 -1       114 1.23750E-03 3.16403E-04-9.93531E-04
 -1       115 3.12066E-04 9.47792E-05 2.36025E-04
 -1       116 5.92084E-05 1.01980E-05 6.62387E-05
 -1       117 2.40563E-05-4.73719E-06 3.55211E-05
 -1       118 1.49077E-05-6.14969E-06 1.82205E-05
 -1       119 7.72237E-06-2.67432E-06 6.48847E-06
 -1       120 1.04076E-05-2.49639E-06-8.12007E-06
 -1       121-1.12074E-03 7.86279E-04-4.27313E-04
 -1       122-8.27395E-04 1.02971E-03-1.32982E-03
 -1       123 1.82589E-04 1.35713E-03-1.78966E-03
 -1       124 6.42817E-04 5.16188E-04-5.25478E-04
 -1       125 2.16186E-04 1.46426E-04 1.22051E-04
 -1       126 6.76624E-05 1.49463E-05 4.27811E-05
 -1       127 3.64353E-05-6.08014E-06 1.71872E-05
 -1       128 2.36033E-05-7.55361E-06 6.90496E-06
 -1       129 1.46091E-05-3.19792E-06 2.22238E-06
 -1       130 1.44746E-05-2.94482E-06-8.74851E-06
 -1       131-5.40737E-04 8.32199E-04-2.75067E-04
 -1       132-3.40786E-04 1.07698E-03-4.50296E-04
 -1       133 8.23967E-05 1.39097E-03-5.06891E-04
 -1       134 3.62835E-04 5.93478E-04-1.97841E-04
 -1       135 2.60901E-04 1.83857E-04 1.68312E-05
 -1       136 1.10975E-04 3.11002E-05 1.17061E-05
 -1       137 5.29342E-05 2.34166E-06-3.35138E-06
 -1       138 3.11788E-05-2.03166E-06-3.95011E-06
 -1       139 1.94496E-05-6.85221E-07-1.33317E-06
 -1       140 1.73006E-05-5.85857E-07-9.12926E-06
 -1       141-4.52708E-05-4.31634E-04-1.54589E-04
 -1       142-1.10990E-04-4.31230E-05-1.01545E-04
 -1       143-1.28328E-04 3.54646E-04 4.93656E-04
 -1       144-5.89915E-05-1.16299E-04-1.96933E-04
 -1       145 1.11383E-04-1.36325E-04 5.77881E-05
 -1       146 1.49905E-04-6.30588E-05 4.35077E-05
 -1       147 9.22903E-05-3.05959E-05-9.90409E-07
 -1       148 4.96121E-05-1.28246E-05-4.60332E-06
 -1       149 3.37363E-05-2.84728E-06-2.13050E-06
 -1       150 3.05265E-05 1.68857E-06-1.08596E-05
 -1       151 1.09232E-04-3.71079E-04-1.13024E-04
 -1       152-8.62028E-05-7.75518E-05-2.69613E-03
 -1       153-3.18345E-04 1.26626E-04-4.77537E-03
 -1       154-3.45458E-04-1.28369E-04-4.35435E-04
 -1       155 4.38521E-06-1.34689E-04 6.61550E-05
 -1       156 1.18876E-04-6.07152E-05 1.01932E-04
 -1       157 7.54665E-05-1.75430E-05 3.22782E-05
 -1       158 4.30673E-05-5.53247E-06 2.36265E-05
 -1       159 3.07309E-05-8.99619E-07 3.09392E-06
 -1       160 2.81138E-05 1.72443E-06-1.05514E-05
 -1       161 5.05326E-04-1.65339E-04 1.73824E-04
 -1       162-6.16875E-06 5.69600E-05-5.81898E-03
 -1       163-5.84178E-04 1.57543E-04-9.54953E-03
 -1       164-7.05190E-04-3.72763E-05-5.24533E-04
 -1       165-5.57626E-05-7.75112E-05 1.39532E-04
 -1       166 1.31030E-04-3.96655E-05 1.80963E-04
 -1       167 6.86130E-05-1.09875E-05 6.30476E-05
 -1       168 3.91287E-05-2.47178E-06 5.45612E-05
 -1       169 2.86955E-05-1.63143E-07 8.39105E-06
 -1       170 2.61394E-05 1.41962E-06-9.94053E-06
 -1       171 5.97784E-04 1.04508E-07 1.41459E-04
 -1       172-2.53433E-05 1.30803E-06-6.94805E-03
 -1       173-6.83472E-04 1.87581E-06-1.04121E-02
 -1       174-8.00957E-04 1.28652E-07-6.50295E-04
 -1       175-6.48525E-05 7.85046E-08 1.59945E-04
 -1       176 1.43198E-04 1.99463E-08 2.10659E-04
 -1       177 6.86513E-05 6.54182E-09 7.34696E-05
 -1       178 3.74091E-05 3.21950E-10 6.49071E-05
 -1       179 2.76020E-05-1.40517E-09 1.05152E-05
 -1       180 2.51931E-05-3.65471E-09-9.61885E-06
 -1       181 5.04851E-04 1.66028E-04 1.73611E-04
 -1       182-6.53103E-06-5.59556E-05-5.81921E-03
 -1       183-5.84056E-04-1.56492E-04-9.55009E-03
 -1       184-7.04955E-04 3.78048E-05-5.24592E-04
 -1       185-5.57147E-05 7.76438E-05 1.39533E-04
 -1       186 1.31061E-04 3.97211E-05 1.80972E-04
 -1       187 6.86291E-05 1.10010E-05 6.30503E-05
 -1       188 3.91393E-05 2.47333E-06 5.45626E-05
 -1       189 2.87042E-05 1.60346E-07 8.39102E-06
 -1       190 2.61477E-05-1.42655E-06-9.94339E-06
 -1       191 1.09025E-04 3.71758E-04-1.13182E-04
 -1       192-8.63038E-05 7.81219E-05-2.69629E-03
 -1       193-3.18356E-04-1.26113E-04-4.77575E-03
 -1       194-3.45398E-04 1.28776E-04-4.35503E-04
 -1       195 4.47685E-06 1.34896E-04 6.61443E-05
 -1       196 1.18929E-04 6.07852E-05 1.01934E-04
 -1       197 7.55014E-05 1.75647E-05 3.22799E-05
 -1       198 4.30898E-05 5.53580E-06 2.36282E-05
 -1       199 3.07481E-05 8.97604E-07 3.09380E-06
 -1       200 2.81297E-05-1.73080E-06-1.05567E-05
 -1       201-4.53068E-05 4.32264E-04-1.54816E-04
 -1       202-1.11018E-04 4.36534E-05-1.01750E-04
 -1       203-1.28285E-04-3.54211E-04 4.93553E-04
 -1       204-5.88834E-05 1.16652E-04-1.97063E-04
 -1       205 1.11513E-04 1.36541E-04 5.77191E-05
 -1       206 1.50012E-04 6.31523E-05 4.34828E-05
 -1       207 9.23511E-05 3.06248E-05-9.95985E-07
 -1       208 4.96470E-05 1.28323E-05-4.60284E-06
 -1       209 3.37603E-05 2.84628E-06-2.12996E-06
 -1       210 3.05480E-05-1.69464E-06-1.08645E-05
 -1       211-2.62052E-02-1.14099E-02 3.86883E-03
 -1       212-1.98566E-02-4.20891E-03-2.58184E-02
 -1       213-1.51257E-02 8.12686E-04-4.29293E-02
 -1       214-1.13064E-02 2.16768E-03-4.87412E-02
 -1       215-8.57244E-03 2.11835E-03-5.11863E-02
 -1       216-6.68993E-03 1.66796E-03-5.20093E-02
 -1       217-5.46858E-03 1.14885E-03-5.21713E-02
 -1       218-4.76263E-03 7.07416E-04-5.21565E-02
 -1       219-4.42991E-03 3.91189E-04-5.22401E-02
 -1       220-4.33211E-03 2.00935E-04-5.25607E-02
 -1       221-4.31579E-03 8.03550E-05-5.30819E-02
 -1       222-2.99291E-02-6.29115E-03 1.62726E-03
 -1       223-2.30730E-02-3.29047E-03-2.82408E-02
 -1       224-1.71940E-02-2.04461E-04-4.15852E-02
 -1       225-1.22384E-02 1.16082E-03-4.75017E-02
 -1       226-8.87073E-03 1.37386E-03-5.02596E-02
 -1       227-6.68533E-03 1.14672E-03-5.14190E-02
 -1       228-5.34540E-03 8.15534E-04-5.18399E-02
 -1       229-4.61776E-03 5.17932E-04-5.20069E-02
 -1       230-4.30520E-03 3.00399E-04-5.22018E-02
 -1       231-4.22999E-03 1.63085E-04-5.25727E-02
 -1       232-4.22006E-03 7.70352E-05-5.31032E-02
 -1       233-3.04809E-02-2.75983E-03 4.66726E-04
 -1       234-2.35244E-02-1.81968E-03-2.93614E-02
 -1       235-1.79104E-02-4.30939E-04-4.14788E-02
 -1       236-1.29840E-02 4.05800E-04-4.71422E-02
 -1       237-9.39696E-03 6.45317E-04-4.98699E-02
 -1       238-6.97533E-03 5.80459E-04-5.11293E-02
 -1       239-5.47697E-03 4.27605E-04-5.16542E-02
 -1       240-4.65686E-03 2.80183E-04-5.19069E-02
 -1       241-4.29362E-03 1.68826E-04-5.21596E-02
 -1       242-4.19027E-03 9.55735E-05-5.25604E-02
 -1       243-4.16665E-03 5.16194E-05-5.30951E-02
 -1       244-3.04909E-02-9.25035E-06-1.19119E-04
 -1       245-2.35515E-02-3.33150E-06-2.98174E-02
 -1       246-1.80444E-02-1.99498E-06-4.15295E-02
 -1       247-1.32001E-02-1.43345E-06-4.70840E-02
 -1       248-9.59452E-03-1.02637E-06-4.97734E-02
 -1       249-7.10291E-03-7.05777E-07-5.10477E-02
 -1       250-5.54485E-03-4.61088E-07-5.15970E-02
 -1       251-4.68535E-03-2.74294E-07-5.18731E-02
 -1       252-4.29832E-03-1.28812E-07-5.21427E-02
 -1       253-4.18185E-03-3.26657E-09-5.25526E-02
 -1       254-4.15172E-03 1.25758E-07-5.30891E-02
 -1       255-3.04819E-02 2.75113E-03 4.66467E-04
 -1       256-2.35262E-02 1.81318E-03-2.93617E-02
 -1       257-1.79114E-02 4.26858E-04-4.14792E-02
 -1       258-1.29845E-02-4.08745E-04-4.71425E-02
 -1       259-9.39739E-03-6.47401E-04-4.98702E-02
 -1       260-6.97569E-03-5.81888E-04-5.11295E-02
 -1       261-5.47728E-03-4.28536E-04-5.16543E-02
 -1       262-4.65716E-03-2.80738E-04-5.19069E-02
 -1       263-4.29391E-03-1.69085E-04-5.21597E-02
 -1       264-4.19055E-03-9.55785E-05-5.25605E-02
 -1       265-4.16694E-03-5.13664E-05-5.30952E-02
 -1       266-2.99309E-02 6.28459E-03 1.62685E-03
 -1       267-2.30748E-02 3.28485E-03-2.82413E-02
 -1       268-1.71956E-02 2.00127E-04-4.15861E-02
 -1       269-1.22396E-02-1.16391E-03-4.75024E-02
 -1       270-8.87163E-03-1.37603E-03-5.02602E-02
 -1       271-6.68608E-03-1.14820E-03-5.14194E-02
 -1       272-5.34605E-03-8.16494E-04-5.18401E-02
 -1       273-4.61836E-03-5.18503E-04-5.20071E-02
 -1       274-4.30576E-03-3.00664E-04-5.22019E-02
 -1       275-4.23055E-03-1.63087E-04-5.25729E-02
 -1       276-4.22061E-03-7.67794E-05-5.31034E-02
 -1       277-2.62079E-02 1.14037E-02 3.86846E-03
 -1       278-1.98591E-02 4.20369E-03-2.58189E-02
 -1       279-1.51280E-02-8.17070E-04-4.29308E-02
 -1       280-1.13084E-02-2.17094E-03-4.87424E-02
 -1       281-8.57398E-03-2.12062E-03-5.11872E-02
 -1       282-6.69119E-03-1.66950E-03-5.20099E-02
 -1       283-5.46962E-03-1.14985E-03-5.21718E-02
 -1       284-4.76354E-03-7.08013E-04-5.21568E-02
 -1       285-4.43076E-03-3.91466E-04-5.22403E-02
 -1       286-4.33293E-03-2.00938E-04-5.25609E-02
 -1       287-4.31660E-03-8.00966E-05-5.30821E-02
 -1       288-5.47270E-03-9.54277E-03-2.03437E-02
 -1       289-3.15743E-03-4.72710E-03-3.15911E-02
 -1       290-4.15427E-03-1.59544E-03-4.31368E-02
 -1       291-5.03091E-03 6.84412E-05-4.90284E-02
 -1       292-5.01056E-03 6.95021E-04-5.13948E-02
 -1       293-4.66435E-03 7.91383E-04-5.21758E-02
 -1       294-4.25941E-03 6.78407E-04-5.22660E-02
 -1       295-3.91536E-03 5.12952E-04-5.21732E-02
 -1       296-3.68368E-03 3.64809E-04-5.21846E-02
 -1       297-3.56732E-03 2.47951E-04-5.24481E-02
 -1       298-3.54335E-03 1.50898E-04-5.30174E-02
 -1       299-8.56586E-03-5.27818E-03-2.12578E-02
 -1       300-6.04075E-03-2.93849E-03-3.18944E-02
 -1       301-6.23167E-03-1.02132E-03-4.27494E-02
 -1       302-6.04591E-03 9.87201E-05-4.82469E-02
 -1       303-5.41008E-03 5.18130E-04-5.07201E-02
 -1       304-4.74456E-03 5.74355E-04-5.16943E-02
 -1       305-4.20029E-03 4.83824E-04-5.19723E-02
 -1       306-3.81565E-03 3.61344E-04-5.20246E-02
 -1       307-3.58861E-03 2.55188E-04-5.21356E-02
 -1       308-3.48542E-03 1.75347E-04-5.24582E-02
 -1       309-3.46304E-03 1.13303E-04-5.30388E-02
 -1       310-9.53597E-03-2.31460E-03-2.20836E-02
 -1       311-7.02526E-03-1.48333E-03-3.26116E-02
 -1       312-7.25049E-03-5.70100E-04-4.30683E-02
 -1       313-6.76051E-03 3.14524E-05-4.81167E-02
 -1       314-5.82052E-03 2.72254E-04-5.05075E-02
 -1       315-4.93560E-03 3.06746E-04-5.14913E-02
 -1       316-4.26027E-03 2.58765E-04-5.18233E-02
 -1       317-3.81021E-03 1.93163E-04-5.19311E-02
 -1       318-3.55699E-03 1.36829E-04-5.20867E-02
 -1       319-3.44602E-03 9.56023E-05-5.24358E-02
 -1       320-3.42229E-03 6.61988E-05-5.30155E-02
 -1       321-9.73390E-03-1.98506E-06-2.23869E-02
 -1       322-7.25279E-03-2.21139E-06-3.28464E-02
 -1       323-7.52133E-03-1.65021E-06-4.32221E-02
 -1       324-6.99678E-03-1.15399E-06-4.81418E-02
 -1       325-5.98531E-03-8.11588E-07-5.04746E-02
 -1       326-5.02679E-03-5.50204E-07-5.14418E-02
 -1       327-4.30012E-03-3.52852E-07-5.17797E-02
 -1       328-3.82053E-03-2.01206E-07-5.18992E-02
 -1       329-3.55289E-03-7.78923E-08-5.20657E-02
 -1       330-3.43614E-03 3.40580E-08-5.24204E-02
 -1       331-3.41053E-03 1.53907E-07-5.29983E-02
 -1       332-9.53663E-03 2.30887E-03-2.20847E-02
 -1       333-7.02597E-03 1.47867E-03-3.26123E-02
 -1       334-7.25116E-03 5.66789E-04-4.30687E-02
 -1       335-6.76106E-03-3.38128E-05-4.81170E-02
 -1       336-5.82097E-03-2.73900E-04-5.05078E-02
 -1       337-4.93599E-03-3.07861E-04-5.14915E-02
 -1       338-4.26060E-03-2.59480E-04-5.18235E-02
 -1       339-3.81051E-03-1.93571E-04-5.19312E-02
 -1       340-3.55726E-03-1.36988E-04-5.20868E-02
 -1       341-3.44628E-03-9.55356E-05-5.24359E-02
 -1       342-3.42254E-03-6.58933E-05-5.30156E-02
 -1       343-8.56724E-03 5.27266E-03-2.12584E-02
 -1       344-6.04209E-03 2.93390E-03-3.18952E-02
 -1       345-6.23290E-03 1.01789E-03-4.27503E-02
 -1       346-6.04700E-03-1.01166E-04-4.82477E-02
 -1       347-5.41102E-03-5.19834E-04-5.07207E-02
 -1       348-4.74536E-03-5.75509E-04-5.16947E-02
 -1       349-4.20098E-03-4.84567E-04-5.19725E-02
 -1       350-3.81625E-03-3.61772E-04-5.20248E-02
 -1       351-3.58916E-03-2.55359E-04-5.21357E-02
 -1       352-3.48594E-03-1.75285E-04-5.24583E-02
 -1       353-3.46355E-03-1.13002E-04-5.30390E-02
 -1       354-5.47488E-03 9.53742E-03-2.03449E-02
 -1       355-3.15945E-03 4.72264E-03-3.15926E-02
 -1       356-4.15617E-03 1.59196E-03-4.31383E-02
 -1       357-5.03270E-03-7.09921E-05-4.90297E-02
 -1       358-5.01209E-03-6.96818E-04-5.13958E-02
 -1       359-4.66562E-03-7.92611E-04-5.21765E-02
 -1       360-4.26047E-03-6.79205E-04-5.22665E-02
 -1       361-3.91626E-03-5.13418E-04-5.21735E-02
 -1       362-3.68449E-03-3.65004E-04-5.21848E-02
 -1       363-3.56809E-03-2.47901E-04-5.24483E-02
 -1       364-3.54411E-03-1.50600E-04-5.30176E-02
 -1       365-1.39036E-03-7.16659E-03-3.42038E-02
 -1       366 3.70521E-04-4.88462E-03-3.79728E-02
 -1       367 7.50755E-04-2.73550E-03-4.40999E-02
 -1       368-1.90219E-04-1.22804E-03-4.86638E-02
 -1       369-1.20596E-03-3.43410E-04-5.09179E-02
 -1       370-1.86112E-03 9.94267E-05-5.17562E-02
 -1       371-2.20060E-03 2.81646E-04-5.19429E-02
 -1       372-2.33201E-03 3.33919E-04-5.19159E-02
 -1       373-2.37092E-03 3.33668E-04-5.19184E-02
 -1       374-2.42749E-03 3.14459E-04-5.21588E-02
 -1       375-2.46526E-03 2.75545E-04-5.28128E-02
 -1       376-3.41051E-03-4.60293E-03-3.49876E-02
 -1       377-1.37507E-03-3.13225E-03-3.85603E-02
 -1       378-6.32931E-04-1.74858E-03-4.41554E-02
 -1       379-1.14532E-03-7.69576E-04-4.84329E-02
 -1       380-1.73897E-03-1.86126E-04-5.05925E-02
 -1       381-2.11150E-03 9.75314E-05-5.14800E-02
 -1       382-2.29026E-03 2.07758E-04-5.17495E-02
 -1       383-2.34508E-03 2.34605E-04-5.18028E-02
 -1       384-2.35545E-03 2.30538E-04-5.18710E-02
 -1       385-2.40591E-03 2.17628E-04-5.21662E-02
 -1       386-2.45076E-03 2.03424E-04-5.28342E-02
 -1       387-4.41101E-03-2.07286E-03-3.52378E-02
 -1       388-2.25351E-03-1.42172E-03-3.90071E-02
 -1       389-1.35397E-03-7.80331E-04-4.44766E-02
 -1       390-1.69812E-03-3.28261E-04-4.85352E-02
 -1       391-2.07841E-03-5.72977E-05-5.05383E-02
 -1       392-2.28752E-03 6.88726E-05-5.13810E-02
 -1       393-2.36141E-03 1.12611E-04-5.16520E-02
 -1       394-2.35993E-03 1.18549E-04-5.17266E-02
 -1       395-2.34682E-03 1.11780E-04-5.18165E-02
 -1       396-2.39469E-03 1.03309E-04-5.21244E-02
 -1       397-2.44234E-03 9.53977E-05-5.27786E-02
 -1       398-4.69238E-03-1.61938E-06-3.53052E-02
 -1       399-2.49888E-03-1.30849E-06-3.91161E-02
 -1       400-1.57103E-03-1.02166E-06-4.45685E-02
 -1       401-1.87318E-03-7.45415E-07-4.85655E-02
 -1       402-2.19428E-03-5.14462E-07-5.05231E-02
 -1       403-2.35142E-03-3.39499E-07-5.13523E-02
 -1       404-2.38924E-03-2.08861E-07-5.16236E-02
 -1       405-2.36700E-03-1.08598E-07-5.17051E-02
 -1       406-2.34458E-03-2.51182E-08-5.18019E-02
 -1       407-2.38998E-03 5.49769E-08-5.21137E-02
 -1       408-2.43873E-03 1.46729E-07-5.27652E-02
 -1       409-4.41139E-03 2.06984E-03-3.52378E-02
 -1       410-2.25391E-03 1.41911E-03-3.90074E-02
 -1       411-1.35437E-03 7.78235E-04-4.44769E-02
 -1       412-1.69850E-03 3.26743E-04-4.85355E-02
 -1       413-2.07877E-03 5.62480E-05-5.05385E-02
 -1       414-2.28784E-03-6.95675E-05-5.13811E-02
 -1       415-2.36169E-03-1.13041E-04-5.16521E-02
 -1       416-2.36018E-03-1.18776E-04-5.17267E-02
 -1       417-2.34705E-03-1.11837E-04-5.18166E-02
 -1       418-2.39491E-03-1.03204E-04-5.21245E-02
 -1       419-2.44255E-03-9.51100E-05-5.27787E-02
 -1       420-3.41128E-03 4.59957E-03-3.49881E-02
 -1       421-1.37587E-03 3.12945E-03-3.85611E-02
 -1       422-6.33732E-04 1.74638E-03-4.41561E-02
 -1       423-1.14610E-03 7.67970E-04-4.84335E-02
 -1       424-1.73970E-03 1.85004E-04-5.05930E-02
 -1       425-2.11215E-03-9.82837E-05-5.14803E-02
 -1       426-2.29082E-03-2.08233E-04-5.17497E-02
 -1       427-2.34557E-03-2.34864E-04-5.18030E-02
 -1       428-2.35589E-03-2.30617E-04-5.18711E-02
 -1       429-2.40633E-03-2.17535E-04-5.21663E-02
 -1       430-2.45117E-03-2.03146E-04-5.28344E-02
 -1       431-1.39162E-03 7.16317E-03-3.42052E-02
 -1       432 3.69238E-04 4.88174E-03-3.79745E-02
 -1       433 7.49453E-04 2.73322E-03-4.41013E-02
 -1       434-1.91457E-04 1.22633E-03-4.86650E-02
 -1       435-1.20709E-03 3.42191E-04-5.09188E-02
 -1       436-1.86210E-03-1.00263E-04-5.17568E-02
 -1       437-2.20144E-03-2.82186E-04-5.19434E-02
 -1       438-2.33273E-03-3.34227E-04-5.19162E-02
 -1       439-2.37156E-03-3.33780E-04-5.19186E-02
 -1       440-2.42811E-03-3.14385E-04-5.21589E-02
 -1       441-2.46588E-03-2.75273E-04-5.28130E-02
 -1       442-1.24925E-03-4.90929E-03-4.29774E-02
 -1       443 8.43166E-04-3.84169E-03-4.44609E-02
 -1       444 1.70229E-03-2.65979E-03-4.68845E-02
 -1       445 1.45166E-03-1.53416E-03-4.90717E-02
 -1       446 6.63285E-04-7.09318E-04-5.04683E-02
 -1       447-1.00159E-04-1.96955E-04-5.11310E-02
 -1       448-6.19952E-04 8.04036E-05-5.13819E-02
 -1       449-9.01076E-04 2.19735E-04-5.14575E-02
 -1       450-1.02001E-03 2.98023E-04-5.15089E-02
 -1       451-1.08000E-03 3.65552E-04-5.16316E-02
 -1       452-1.27164E-03 4.57642E-04-5.22914E-02
 -1       453-2.11074E-03-2.79335E-03-4.43428E-02
 -1       454-4.05702E-05-2.05603E-03-4.57559E-02
 -1       455 8.65426E-04-1.37245E-03-4.76527E-02
 -1       456 7.91097E-04-7.72850E-04-4.94474E-02
 -1       457 2.19278E-04-3.45599E-04-5.05917E-02
 -1       458-3.54861E-04-8.55825E-05-5.11163E-02
 -1       459-7.48155E-04 5.25971E-05-5.13100E-02
 -1       460-9.60372E-04 1.20755E-04-5.13691E-02
 -1       461-1.05162E-03 1.57293E-04-5.14217E-02
 -1       462-1.11200E-03 1.84591E-04-5.15498E-02
 -1       463-1.32489E-03 2.10107E-04-5.22132E-02
 -1       464-2.67578E-03-1.30554E-03-4.41794E-02
 -1       465-5.03643E-04-9.28738E-04-4.58489E-02
 -1       466 4.80074E-04-5.91219E-04-4.77122E-02
 -1       467 5.01464E-04-3.24447E-04-4.94554E-02
 -1       468 2.08998E-05-1.40771E-04-5.05638E-02
 -1       469-4.68523E-04-3.00311E-05-5.10729E-02
 -1       470-8.02165E-04 2.75618E-05-5.12719E-02
 -1       471-9.78623E-04 5.53463E-05-5.13422E-02
 -1       472-1.05277E-03 6.92427E-05-5.14068E-02
 -1       473-1.11039E-03 7.71257E-05-5.15417E-02
 -1       474-1.33787E-03 8.20090E-05-5.22051E-02
 -1       475-2.84295E-03-6.68654E-07-4.41387E-02
 -1       476-6.42988E-04-5.76133E-07-4.58897E-02
 -1       477 3.61670E-04-4.45982E-07-4.77549E-02
 -1       478 4.12346E-04-3.19573E-07-4.94797E-02
 -1       479-4.01790E-05-2.14209E-07-5.05678E-02
 -1       480-5.04064E-04-1.34434E-07-5.10650E-02
 -1       481-8.18789E-04-7.59229E-08-5.12611E-02
 -1       482-9.83582E-04-3.13215E-08-5.13322E-02
 -1       483-1.05208E-03 7.46821E-09-5.13987E-02
 -1       484-1.10925E-03 4.87709E-08-5.15340E-02
 -1       485-1.33913E-03 1.03278E-07-5.21967E-02
 -1       486-2.67590E-03 1.30415E-03-4.41794E-02
 -1       487-5.03784E-04 9.27570E-04-4.58491E-02
 -1       488 4.79889E-04 5.90328E-04-4.77123E-02
 -1       489 5.01260E-04 3.23802E-04-4.94556E-02
 -1       490 2.06972E-05 1.40334E-04-5.05639E-02
 -1       491-4.68712E-04 2.97543E-05-5.10729E-02
 -1       492-8.02334E-04-2.77212E-05-5.12720E-02
 -1       493-9.78772E-04-5.54159E-05-5.13423E-02
 -1       494-1.05290E-03-6.92344E-05-5.14068E-02
 -1       495-1.11051E-03-7.70348E-05-5.15417E-02
 -1       496-1.33799E-03-8.18109E-05-5.22052E-02
 -1       497-2.11097E-03 2.79201E-03-4.43429E-02
 -1       498-4.08861E-05 2.05487E-03-4.57563E-02
 -1       499 8.65029E-04 1.37152E-03-4.76530E-02
 -1       500 7.90672E-04 7.72165E-04-4.94477E-02
 -1       501 2.18864E-04 3.45121E-04-5.05920E-02
 -1       502-3.55242E-04 8.52677E-05-5.11165E-02
 -1       503-7.48493E-04-5.27888E-05-5.13101E-02
 -1       504-9.60666E-04-1.20851E-04-5.13692E-02
 -1       505-1.05188E-03-1.57307E-04-5.14218E-02
 -1       506-1.11224E-03-1.84522E-04-5.15499E-02
 -1       507-1.32514E-03-2.09936E-04-5.22134E-02
 -1       508-1.24954E-03 4.90779E-03-4.29783E-02
 -1       509 8.42667E-04 3.84033E-03-4.44620E-02
 -1       510 1.70166E-03 2.65867E-03-4.68855E-02
 -1       511 1.45099E-03 1.53329E-03-4.90725E-02
 -1       512 6.62655E-04 7.08680E-04-5.04689E-02
 -1       513-1.00725E-04 1.96512E-04-5.11314E-02
 -1       514-6.20443E-04-8.06919E-05-5.13822E-02
 -1       515-9.01500E-04-2.19899E-04-5.14577E-02
 -1       516-1.02038E-03-2.98082E-04-5.15090E-02
 -1       517-1.08034E-03-3.65514E-04-5.16316E-02
 -1       518-1.27198E-03-4.57509E-04-5.22916E-02
 -1       519 0.00000E+00 0.00000E+00-5.10000E-02
 -1       520 0.00000E+00 0.00000E+00-5.10000E-02
 -1       521 0.00000E+00 0.00000E+00-5.10000E-02
 -1       522 0.00000E+00 0.00000E+00-5.10000E-02
 -1       523 0.00000E+00 0.00000E+00-5.10000E-02
 -1       524 0.00000E+00 0.00000E+00-5.10000E-02
 -1       525 0.00000E+00 0.00000E+00-5.10000E-02
 -1       526 0.00000E+00 0.00000E+00-5.10000E-02
 -1       527 0.00000E+00 0.00000E+00-5.10000E-02
 -1       528 0.00000E+00 0.00000E+00-5.10000E-02
 -1       529 0.00000E+00 0.00000E+00-5.10000E-02
 -1       530 0.00000E+00 0.00000E+00-5.10000E-02
 -1       531 0.00000E+00 0.00000E+00-5.10000E-02
 -1       532 0.00000E+00 0.00000E+00-5.10000E-02
 -1       533 0.00000E+00 0.00000E+00-5.10000E-02
 -1       534 0.00000E+00 0.00000E+00-5.10000E-02
 -1       535 0.00000E+00 0.00000E+00-5.10000E-02
 -1       536 0.00000E+00 0.00000E+00-5.10000E-02
 -1       537 0.00000E+00 0.00000E+00-5.10000E-02
 -1       538 0.00000E+00 0.00000E+00-5.10000E-02
 -1       539 0.00000E+00 0.00000E+00-5.10000E-02
 -1       540 0.00000E+00 0.00000E+00-5.10000E-02
 -1       541 0.00000E+00 0.00000E+00-5.10000E-02
 -1       542 0.00000E+00 0.00000E+00-5.10000E-02
 -1       543 0.00000E+00 0.00000E+00-5.10000E-02
 -1       544 0.00000E+00 0.00000E+00-5.10000E-02
 -1       545 0.00000E+00 0.00000E+00-5.10000E-02
 -1       546 0.00000E+00 0.00000E+00-5.10000E-02
 -1       547 0.00000E+00 0.00000E+00-5.10000E-02
 -1       548 0.00000E+00 0.00000E+00-5.10000E-02
 -1       549 0.00000E+00 0.00000E+00-5.10000E-02
 -1       550 0.00000E+00 0.00000E+00-5.10000E-02
 -1       551 0.00000E+00 0.00000E+00-5.10000E-02
 -1       552 0.00000E+00 0.00000E+00-5.10000E-02
 -1       553 0.00000E+00 0.00000E+00-5.10000E-02
 -1       554 0.00000E+00 0.00000E+00-5.10000E-02
 -1       555 0.00000E+00 0.00000E+00-5.10000E-02
 -1       556 0.00000E+00 0.00000E+00-5.10000E-02
 -1       557 0.00000E+00 0.00000E+00-5.10000E-02
 -1       558 0.00000E+00 0.00000E+00-5.10000E-02
 -1       559 0.00000E+00 0.00000E+00-5.10000E-02
 -1       560 0.00000E+00 0.00000E+00-5.10000E-02
 -1       561 0.00000E+00 0.00000E+00-5.10000E-02
 -1       562 0.00000E+00 0.00000E+00-5.10000E-02
 -1       563 0.00000E+00 0.00000E+00-5.10000E-02
 -1       564 0.00000E+00 0.00000E+00-5.10000E-02
 -1       565 0.00000E+00 0.00000E+00-5.10000E-02
 -1       566 0.00000E+00 0.00000E+00-5.10000E-02
 -1       567 0.00000E+00 0.00000E+00-5.10000E-02
 -1       568 0.00000E+00 0.00000E+00-5.10000E-02
 -1       569 0.00000E+00 0.00000E+00-5.10000E-02
 -1       570 0.00000E+00 0.00000E+00-5.10000E-02
 -1       571 0.00000E+00 0.00000E+00-5.10000E-02
 -1       572 0.00000E+00 0.00000E+00-5.10000E-02
 -1       573 0.00000E+00 0.00000E+00-5.10000E-02
 -1       574 0.00000E+00 0.00000E+00-5.10000E-02
 -1       575 0.00000E+00 0.00000E+00-5.10000E-02
 -1       576 0.00000E+00 0.00000E+00-5.10000E-02
 -1       577 0.00000E+00 0.00000E+00-5.10000E-02
 -1       578 0.00000E+00 0.00000E+00-5.10000E-02
 -1       579 0.00000E+00 0.00000E+00-5.10000E-02
 -1       580 0.00000E+00 0.00000E+00-5.10000E-02
 -1       581 0.00000E+00 0.00000E+00-5.10000E-02
 -1       582 0.00000E+00 0.00000E+00-5.10000E-02
 -1       583 0.00000E+00 0.00000E+00-5.10000E-02
 -1       584 0.00000E+00 0.00000E+00-5.10000E-02
 -1       585 0.00000E+00 0.00000E+00-5.10000E-02
 -1       586 0.00000E+00 0.00000E+00-5.10000E-02
 -1       587 0.00000E+00 0.00000E+00-5.10000E-02
 -1       588 0.00000E+00 0.00000E+00-5.10000E-02
 -1       589 0.00000E+00 0.00000E+00-5.10000E-02
 -1       590 0.00000E+00 0.00000E+00-5.10000E-02
 -1       591 0.00000E+00 0.00000E+00-5.10000E-02
 -1       592 0.00000E+00 0.00000E+00-5.10000E-02
 -1       593 0.00000E+00 0.00000E+00-5.10000E-02
 -1       594 0.00000E+00 0.00000E+00-5.10000E-02
 -1       595 0.00000E+00 0.00000E+00-5.10000E-02
 -3
    1PSTEP                         2           1           1          
  100CL  101 3.40000E-01          77                     0    1           1
 -4  CONTACT     6    1
 -5  COPEN       1    1    0    0
 -5  CSLIP1      1    1    0    0
 -5  CSLIP2      1    1    0    0
 -5  CPRESS      1    1    0    0
 -5  CSHEAR1     1    1    0    0
 -5  CSHEAR2     1    1    0    0
 -1       287 4.16745E-01 0.00000E+00 0.00000E+00-3.00000E+00 0.00000E+00 0.00000E+00
 -1       286 3.67268E-01 0.00000E+00 0.00000E+00-3.00000E+00 0.00000E+00 0.00000E+00
 -1       285 3.17599E-01 0.00000E+00 0.00000E+00-3.00000E+00 0.00000E+00 0.00000E+00
 -1       284 2.67671E-01 0.00000E+00 0.00000E+00-3.00000E+00 0.00000E+00 0.00000E+00
 -1       283 2.17624E-01 0.00000E+00 0.00000E+00-3.00000E+00 0.00000E+00 0.00000E+00
 -1       282 1.67813E-01 0.00000E+00 0.00000E+00-3.00000E+00 0.00000E+00 0.00000E+00
 -1       281 1.18725E-01 0.00000E+00 0.00000E+00-3.00000E+00 0.00000E+00 0.00000E+00
 -1       280 7.15059E-02 0.00000E+00 0.00000E+00-3.00000E+00 0.00000E+00 0.00000E+00
 -1       279 2.91001E-02 0.00000E+00 0.00000E+00-3.00000E+00 0.00000E+00 0.00000E+00
 -1       278-6.05366E-04 0.00000E+00 0.00000E+00 6.02366E+02 0.00000E+00 0.00000E+00
 -1       277-1.83807E-03 0.00000E+00 0.00000E+00 1.83507E+03 0.00000E+00 0.00000E+00
 -1       276 4.16712E-01 0.00000E+00 0.00000E+00-3.00000E+00 0.00000E+00 0.00000E+00
 -1       275 3.67237E-01 0.00000E+00 0.00000E+00-3.00000E+00 0.00000E+00 0.00000E+00
 -1       274 3.17619E-01 0.00000E+00 0.00000E+00-3.00000E+00 0.00000E+00 0.00000E+00
 -1       273 2.67794E-01 0.00000E+00 0.00000E+00-3.00000E+00 0.00000E+00 0.00000E+00
 -1       272 2.17911E-01 0.00000E+00 0.00000E+00-3.00000E+00 0.00000E+00 0.00000E+00
 -1       271 1.68358E-01 0.00000E+00 0.00000E+00-3.00000E+00 0.00000E+00 0.00000E+00
 -1       270 1.19618E-01 0.00000E+00 0.00000E+00-3.00000E+00 0.00000E+00 0.00000E+00
 -1       269 7.27706E-02 0.00000E+00 0.00000E+00-3.00000E+00 0.00000E+00 0.00000E+00
 -1       268 3.13591E-02 0.00000E+00 0.00000E+00-3.00000E+00 0.00000E+00 0.00000E+00
 -1       267-4.18772E-04 0.00000E+00 0.00000E+00 4.15773E+02 0.00000E+00 0.00000E+00
 -1       266-1.71598E-03 0.00000E+00 0.00000E+00 1.71298E+03 0.00000E+00 0.00000E+00
 -1       265 4.16714E-01 0.00000E+00 0.00000E+00-3.00000E+00 0.00000E+00 0.00000E+00
 -1       264 3.67239E-01 0.00000E+00 0.00000E+00-3.00000E+00 0.00000E+00 0.00000E+00
 -1       263 3.17651E-01 0.00000E+00 0.00000E+00-3.00000E+00 0.00000E+00 0.00000E+00
 -1       262 2.67879E-01 0.00000E+00 0.00000E+00-3.00000E+00 0.00000E+00 0.00000E+00
 -1       261 2.18071E-01 0.00000E+00 0.00000E+00-3.00000E+00 0.00000E+00 0.00000E+00
 -1       260 1.68622E-01 0.00000E+00 0.00000E+00-3.00000E+00 0.00000E+00 0.00000E+00
 -1       259 1.19994E-01 0.00000E+00 0.00000E+00-3.00000E+00 0.00000E+00 0.00000E+00
 -1       258 7.31718E-02 0.00000E+00 0.00000E+00-3.00000E+00 0.00000E+00 0.00000E+00
 -1       257 3.19118E-02 0.00000E+00 0.00000E+00-3.00000E+00 0.00000E+00 0.00000E+00
 -1       256-3.49133E-04 0.00000E+00 0.00000E+00 3.46134E+02 0.00000E+00 0.00000E+00
 -1       255-1.68434E-03 0.00000E+00 0.00000E+00 1.68134E+03 0.00000E+00 0.00000E+00
 -1       254 4.16717E-01 0.00000E+00 0.00000E+00-3.00000E+00 0.00000E+00 0.00000E+00
 -1       253 3.67241E-01 0.00000E+00 0.00000E+00-3.00000E+00 0.00000E+00 0.00000E+00
 -1       252 3.17661E-01 0.00000E+00 0.00000E+00-3.00000E+00 0.00000E+00 0.00000E+00
 -1       251 2.67903E-01 0.00000E+00 0.00000E+00-3.00000E+00 0.00000E+00 0.00000E+00
 -1       250 2.18112E-01 0.00000E+00 0.00000E+00-3.00000E+00 0.00000E+00 0.00000E+00
 -1       249 1.68689E-01 0.00000E+00 0.00000E+00-3.00000E+00 0.00000E+00 0.00000E+00
 -1       248 1.20088E-01 0.00000E+00 0.00000E+00-3.00000E+00 0.00000E+00 0.00000E+00
 -1       247 7.32799E-02 0.00000E+00 0.00000E+00-3.00000E+00 0.00000E+00 0.00000E+00
 -1       246 3.20722E-02 0.00000E+00 0.00000E+00-3.00000E+00 0.00000E+00 0.00000E+00
 -1       245-3.28294E-04 0.00000E+00 0.00000E+00 3.25295E+02 0.00000E+00 0.00000E+00
 -1       244-1.67035E-03 0.00000E+00 0.00000E+00 1.66735E+03 0.00000E+00 0.00000E+00
 -1       243 4.16715E-01 0.00000E+00 0.00000E+00-3.00000E+00 0.00000E+00 0.00000E+00
 -1       242 3.67239E-01 0.00000E+00 0.00000E+00-3.00000E+00 0.00000E+00 0.00000E+00
 -1       241 3.17651E-01 0.00000E+00 0.00000E+00-3.00000E+00 0.00000E+00 0.00000E+00
 -1       240 2.67879E-01 0.00000E+00 0.00000E+00-3.00000E+00 0.00000E+00 0.00000E+00
 -1       239 2.18071E-01 0.00000E+00 0.00000E+00-3.00000E+00 0.00000E+00 0.00000E+00
 -1       238 1.68622E-01 0.00000E+00 0.00000E+00-3.00000E+00 0.00000E+00 0.00000E+00
 -1       237 1.19995E-01 0.00000E+00 0.00000E+00-3.00000E+00 0.00000E+00 0.00000E+00
 -1       236 7.31721E-02 0.00000E+00 0.00000E+00-3.00000E+00 0.00000E+00 0.00000E+00
 -1       235 3.19121E-02 0.00000E+00 0.00000E+00-3.00000E+00 0.00000E+00 0.00000E+00
 -1       234-3.49117E-04 0.00000E+00 0.00000E+00 3.46118E+02 0.00000E+00 0.00000E+00
 -1       233-1.68432E-03 0.00000E+00 0.00000E+00 1.68132E+03 0.00000E+00 0.00000E+00
 -1       232 4.16713E-01 0.00000E+00 0.00000E+00-3.00000E+00 0.00000E+00 0.00000E+00
 -1       231 3.67237E-01 0.00000E+00 0.00000E+00-3.00000E+00 0.00000E+00 0.00000E+00
 -1       230 3.17619E-01 0.00000E+00 0.00000E+00-3.00000E+00 0.00000E+00 0.00000E+00
 -1       229 2.67794E-01 0.00000E+00 0.00000E+00-3.00000E+00 0.00000E+00 0.00000E+00
 -1       228 2.17912E-01 0.00000E+00 0.00000E+00-3.00000E+00 0.00000E+00 0.00000E+00
 -1       227 1.68358E-01 0.00000E+00 0.00000E+00-3.00000E+00 0.00000E+00 0.00000E+00
 -1       226 1.19618E-01 0.00000E+00 0.00000E+00-3.00000E+00 0.00000E+00 0.00000E+00
 -1       225 7.27713E-02 0.00000E+00 0.00000E+00-3.00000E+00 0.00000E+00 0.00000E+00
 -1       224 3.13598E-02 0.00000E+00 0.00000E+00-3.00000E+00 0.00000E+00 0.00000E+00
 -1       223-4.18739E-04 0.00000E+00 0.00000E+00 4.15740E+02 0.00000E+00 0.00000E+00
 -1       222-1.71595E-03 0.00000E+00 0.00000E+00 1.71295E+03 0.00000E+00 0.00000E+00
 -1       221 4.16745E-01 0.00000E+00 0.00000E+00-3.00000E+00 0.00000E+00 0.00000E+00
 -1       220 3.67268E-01 0.00000E+00 0.00000E+00-3.00000E+00 0.00000E+00 0.00000E+00
 -1       219 3.17599E-01 0.00000E+00 0.00000E+00-3.00000E+00 0.00000E+00 0.00000E+00
 -1       218 2.67672E-01 0.00000E+00 0.00000E+00-3.00000E+00 0.00000E+00 0.00000E+00
 -1       217 2.17625E-01 0.00000E+00 0.00000E+00-3.00000E+00 0.00000E+00 0.00000E+00
 -1       216 1.67813E-01 0.00000E+00 0.00000E+00-3.00000E+00 0.00000E+00 0.00000E+00
 -1       215 1.18726E-01 0.00000E+00 0.00000E+00-3.00000E+00 0.00000E+00 0.00000E+00
 -1       214 7.15071E-02 0.00000E+00 0.00000E+00-3.00000E+00 0.00000E+00 0.00000E+00
 -1       213 2.91014E-02 0.00000E+00 0.00000E+00-3.00000E+00 0.00000E+00 0.00000E+00
 -1       212-6.05292E-04 0.00000E+00 0.00000E+00 6.02292E+02 0.00000E+00 0.00000E+00
 -1       211-1.83800E-03 0.00000E+00 0.00000E+00 1.83500E+03 0.00000E+00 0.00000E+00
 -3
    1PSTEP                         3           2           1          
  100CL  102 6.80000E-01         595                     0    2           1
 -4  DISP        4    1
 -5  D1          1    2    1    0
 -5  D2          1    2    2    0
 -5  D3          1    2    3    0
 -5  ALL         1    2    0    0    1ALL
 -1         1 0.00000E+00 0.00000E+00 0.00000E+00
 -1         2 0.00000E+00 0.00000E+00 0.00000E+00
 -1         3 0.00000E+00 0.00000E+00 0.00000E+00
 -1         4 0.00000E+00 0.00000E+00 0.00000E+00
 -1         5 0.00000E+00 0.00000E+00 0.00000E+00
 -1         6 0.00000E+00 0.00000E+00 0.00000E+00
 -1         7 0.00000E+00 0.00000E+00 0.00000E+00
 -1         8 0.00000E+00 0.00000E+00 0.00000E+00
 -1         9 0.00000E+00 0.00000E+00 0.00000E+00
 -1        10 0.00000E+00 0.00000E+00 0.00000E+00
 -1        11 0.00000E+00 0.00000E+00 0.00000E+00
 -1        12 0.00000E+00 0.00000E+00 0.00000E+00
 -1        13 0.00000E+00 0.00000E+00 0.00000E+00
 -1        14 0.00000E+00 0.00000E+00 0.00000E+00
 -1        15 0.00000E+00 0.00000E+00 0.00000E+00
 -1        16 0.00000E+00 0.00000E+00 0.00000E+00
 -1        17 0.00000E+00 0.00000E+00 0.00000E+00
 -1        18 0.00000E+00 0.00000E+00 0.00000E+00
 -1        19 0.00000E+00 0.00000E+00 0.00000E+00
 -1        20 0.00000E+00 0.00000E+00 0.00000E+00
 -1        21 0.00000E+00 0.00000E+00 0.00000E+00
 -1        22 0.00000E+00 0.00000E+00 0.00000E+00
 -1        23 0.00000E+00 0.00000E+00 0.00000E+00
 -1        24 0.00000E+00 0.00000E+00 0.00000E+00
 -1        25 0.00000E+00 0.00000E+00 0.00000E+00
 -1        26 0.00000E+00 0.00000E+00 0.00000E+00
 -1        27 0.00000E+00 0.00000E+00 0.00000E+00
 -1        28 0.00000E+00 0.00000E+00 0.00000E+00
 -1        29 0.00000E+00 0.00000E+00 0.00000E+00
 -1        30 0.00000E+00 0.00000E+00 0.00000E+00
 -1        31 0.00000E+00 0.00000E+00 0.00000E+00
 -1        32 0.00000E+00 0.00000E+00 0.00000E+00
 -1        33 0.00000E+00 0.00000E+00 0.00000E+00
 -1        34 0.00000E+00 0.00000E+00 0.00000E+00
 -1        35 0.00000E+00 0.00000E+00 0.00000E+00
 -1        36 0.00000E+00 0.00000E+00 0.00000E+00
 -1        37 0.00000E+00 0.00000E+00 0.00000E+00
 -1        38 0.00000E+00 0.00000E+00 0.00000E+00
 -1        39 0.00000E+00 0.00000E+00 0.00000E+00
 -1        40 0.00000E+00 0.00000E+00 0.00000E+00
 -1        41 0.00000E+00 0.00000E+00 0.00000E+00
 -1        42 0.00000E+00 0.00000E+00 0.00000E+00
 -1        43 0.00000E+00 0.00000E+00 0.00000E+00
 -1        44 0.00000E+00 0.00000E+00 0.00000E+00
 -1        45 0.00000E+00 0.00000E+00 0.00000E+00
 -1        46 0.00000E+00 0.00000E+00 0.00000E+00
 -1        47 0.00000E+00 0.00000E+00 0.00000E+00
 -1        48 0.00000E+00 0.00000E+00 0.00000E+00
 -1        49 0.00000E+00 0.00000E+00 0.00000E+00
 -1        50 0.00000E+00 0.00000E+00 0.00000E+00
 -1        51 0.00000E+00 0.00000E+00 0.00000E+00
 -1        52 0.00000E+00 0.00000E+00 0.00000E+00
 -1        53 0.00000E+00 0.00000E+00 0.00000E+00
 -1        54 0.00000E+00 0.00000E+00 0.00000E+00
 -1        55 0.00000E+00 0.00000E+00 0.00000E+00
 -1        56 0.00000E+00 0.00000E+00 0.00000E+00
 -1        57 0.00000E+00 0.00000E+00 0.00000E+00
 -1        58 0.00000E+00 0.00000E+00 0.00000E+00
 -1        59 0.00000E+00 0.00000E+00 0.00000E+00
 -1        60 0.00000E+00 0.00000E+00 0.00000E+00
 -1        61 0.00000E+00 0.00000E+00 0.00000E+00
 -1        62 0.00000E+00 0.00000E+00 0.00000E+00
 -1        63 0.00000E+00 0.00000E+00 0.00000E+00
 -1        64 0.00000E+00 0.00000E+00 0.00000E+00
 -1        65 0.00000E+00 0.00000E+00 0.00000E+00
 -1        66 0.00000E+00 0.00000E+00 0.00000E+00
 -1        67 0.00000E+00 0.00000E+00 0.00000E+00
 -1        68 0.00000E+00 0.00000E+00 0.00000E+00
 -1        69 0.00000E+00 0.00000E+00 0.00000E+00
 -1        70 0.00000E+00 0.00000E+00 0.00000E+00
 -1        71-1.31466E-03-1.84967E-03-5.71328E-04
 -1        72-9.07491E-04-2.51290E-03-1.06129E-03
 -1        73 1.27959E-04-3.59622E-03-1.34159E-03
 -1        74 9.18656E-04-1.70105E-03-6.36989E-04
 -1        75 7.16910E-04-5.54410E-04-1.37915E-05
 -1        76 3.20851E-04-1.22536E-04 2.46221E-05
 -1        77 1.53336E-04-3.06501E-05-1.40759E-05
 -1        78 9.38210E-05-1.22244E-05-1.49814E-05
 -1        79 6.19980E-05-6.81444E-06-6.25724E-06
 -1        80 5.58241E-05-3.61466E-06-2.81431E-05
 -1        81-2.46576E-03-1.74903E-03-7.34377E-04
 -1        82-2.07739E-03-2.35533E-03-3.01008E-03
 -1        83 2.81782E-04-3.48035E-03-4.59204E-03
 -1        84 1.66480E-03-1.40846E-03-1.60382E-03
 -1        85 6.36234E-04-4.33673E-04 2.34584E-04
 -1        86 1.95769E-04-7.26420E-05 1.00498E-04
 -1        87 1.05856E-04-7.82037E-06 2.63358E-05
 -1        88 7.43730E-05 2.52394E-06 2.99972E-06
 -1        89 5.11591E-05 8.42048E-07 4.03468E-07
 -1        90 4.89581E-05 3.45682E-06-2.55325E-05
 -1        91-4.50850E-03-1.21113E-03-1.40653E-03
 -1        92-3.92335E-03-1.50255E-03-6.09701E-03
 -1        93 8.03332E-04-2.02384E-03-8.99153E-03
 -1        94 3.20143E-03-8.00658E-04-2.88065E-03
 -1        95 8.80877E-04-2.70066E-04 5.14319E-04
 -1        96 1.79755E-04-4.76300E-05 1.35349E-04
 -1        97 7.44420E-05-4.59165E-06 5.01836E-05
 -1        98 5.69357E-05 4.00657E-06 1.30912E-05
 -1        99 3.96096E-05 1.95543E-06 5.27848E-06
 -1       100 4.14394E-05 3.51167E-06-2.30791E-05
 -1       101-5.33174E-03 9.21272E-07-1.73450E-03
 -1       102-4.49315E-03 1.04882E-06-7.23606E-03
 -1       103 9.94831E-04 4.35279E-07-1.04309E-02
 -1       104 3.64834E-03 8.24681E-07-3.23408E-03
 -1       105 1.00334E-03 2.65461E-07 6.28172E-04
 -1       106 1.83668E-04 8.84969E-08 1.51472E-04
 -1       107 6.64580E-05 3.43234E-08 5.98429E-05
 -1       108 5.09360E-05 3.42331E-09 1.64724E-05
 -1       109 3.52951E-05-7.23228E-09 7.12746E-06
 -1       110 3.84171E-05-1.97706E-08-2.22645E-05
 -1       111-4.50983E-03 1.21320E-03-1.40733E-03
 -1       112-3.92438E-03 1.50589E-03-6.09844E-03
 -1       113 8.03382E-04 2.02757E-03-8.99420E-03
 -1       114 3.20226E-03 8.02532E-04-2.88154E-03
 -1       115 8.81379E-04 2.70652E-04 5.14208E-04
 -1       116 1.79914E-04 4.78655E-05 1.35382E-04
 -1       117 7.45103E-05 4.65453E-06 5.01882E-05
 -1       118 5.69816E-05-3.99871E-06 1.30929E-05
 -1       119 3.96431E-05-1.97010E-06 5.27793E-06
 -1       120 4.14711E-05-3.54935E-06-2.30942E-05
 -1       121-2.46689E-03 1.75151E-03-7.34974E-04
 -1       122-2.07814E-03 2.35784E-03-3.01057E-03
 -1       123 2.81784E-04 3.48305E-03-4.59282E-03
 -1       124 1.66548E-03 1.41031E-03-1.60444E-03
 -1       125 6.36833E-04 4.34490E-04 2.34475E-04
 -1       126 1.96052E-04 7.29060E-05 1.00510E-04
 -1       127 1.06023E-04 7.89225E-06 2.63359E-05
 -1       128 7.44762E-05-2.51584E-06 2.99926E-06
 -1       129 5.12280E-05-8.52472E-07 4.01788E-07
 -1       130 4.90198E-05-3.48799E-06-2.55620E-05
 -1       131-1.31520E-03 1.85222E-03-5.72589E-04
 -1       132-9.07705E-04 2.51517E-03-1.06234E-03
 -1       133 1.28156E-04 3.59856E-03-1.34262E-03
 -1       134 9.19331E-04 1.70288E-03-6.37804E-04
 -1       135 7.17698E-04 5.55383E-04-1.42394E-05
 -1       136 3.21427E-04 1.22929E-04 2.44366E-05
 -1       137 1.53649E-04 3.07731E-05-1.41475E-05
 -1       138 9.39896E-05 1.22610E-05-1.50018E-05
 -1       139 6.20987E-05 6.81491E-06-6.25898E-06
 -1       140 5.59094E-05 3.59562E-06-2.81723E-05
 -1       141-1.02182E-04-1.03578E-03-2.48090E-04
 -1       142-2.13034E-04-2.39099E-04-4.12529E-04
 -1       143-2.53047E-04 8.75037E-04 1.29447E-03
 -1       144-1.25497E-04-2.66239E-04-4.63537E-04
 -1       145 2.83774E-04-3.86519E-04 7.75503E-05
 -1       146 3.99824E-04-1.82787E-04 1.16076E-04
 -1       147 2.59097E-04-8.64902E-05 4.70369E-06
 -1       148 1.43618E-04-3.68915E-05-8.62548E-06
 -1       149 1.00496E-04-1.19451E-05-7.38464E-06
 -1       150 9.17061E-05 5.25345E-07-3.17402E-05
 -1       151 2.70229E-04-9.04343E-04-1.62388E-04
 -1       152-2.28336E-05-2.93964E-04-5.62283E-03
 -1       153-5.99356E-04 2.48892E-04-1.25019E-02
 -1       154-8.38168E-04-3.67069E-04-1.90340E-03
 -1       155-1.71867E-05-3.80385E-04 1.12793E-04
 -1       156 3.11387E-04-1.76288E-04 2.19482E-04
 -1       157 2.09876E-04-5.32281E-05 4.96208E-05
 -1       158 1.22125E-04-1.73473E-05 2.67032E-05
 -1       159 8.93250E-05-6.01491E-06-2.54136E-07
 -1       160 8.31537E-05 8.21371E-07-3.00353E-05
 -1       161 1.13078E-03-4.23275E-04 4.47642E-04
 -1       162 3.18109E-04 5.31575E-05-1.17997E-02
 -1       163-1.10742E-03 3.30878E-04-2.50210E-02
 -1       164-1.73653E-03-1.31257E-04-1.81029E-03
 -1       165-1.72780E-04-2.16929E-04 2.05433E-04
 -1       166 3.44443E-04-1.11236E-04 3.79166E-04
 -1       167 1.90882E-04-3.08618E-05 7.70216E-05
 -1       168 1.08169E-04-6.41584E-06 5.88384E-05
 -1       169 8.05021E-05-1.72396E-06 5.79028E-06
 -1       170 7.55202E-05 1.73421E-06-2.61116E-05
 -1       171 1.33373E-03 7.05242E-07 3.95250E-04
 -1       172 3.24046E-04 6.33113E-06-1.41170E-02
 -1       173-1.30474E-03 1.24268E-05-2.74294E-02
 -1       174-1.97607E-03 9.51624E-07-2.07471E-03
 -1       175-1.92583E-04 5.15247E-07 2.34779E-04
 -1       176 3.79560E-04 1.30547E-07 4.38421E-04
 -1       177 1.90992E-04 4.32686E-08 8.38750E-05
 -1       178 1.02908E-04 3.02344E-09 6.86573E-05
 -1       179 7.66106E-05-8.60062E-09 7.59955E-06
 -1       180 7.24415E-05-2.30617E-08-2.48775E-05
 -1       181 1.12835E-03 4.26826E-04 4.46582E-04
 -1       182 3.15858E-04-4.75183E-05-1.18010E-02
 -1       183-1.10686E-03-3.24551E-04-2.50244E-02
 -1       184-1.73498E-03 1.34757E-04-1.81152E-03
 -1       185-1.72509E-04 2.17802E-04 2.05430E-04
 -1       186 3.44628E-04 1.11602E-04 3.79215E-04
 -1       187 1.90986E-04 3.09514E-05 7.70455E-05
 -1       188 1.08236E-04 6.42754E-06 5.88463E-05
 -1       189 8.05576E-05 1.70680E-06 5.79022E-06
 -1       190 7.55728E-05-1.77794E-06-2.61300E-05
 -1       191 2.68908E-04 9.08113E-04-1.63295E-04
 -1       192-2.34803E-05 2.97266E-04-5.62368E-03
 -1       193-5.99402E-04-2.45842E-04-1.25041E-02
 -1       194-8.37853E-04 3.69571E-04-1.90480E-03
 -1       195-1.66602E-05 3.81728E-04 1.12714E-04
 -1       196 3.11703E-04 1.76748E-04 2.19484E-04
 -1       197 2.10098E-04 5.33727E-05 4.96385E-05
 -1       198 1.22268E-04 1.73697E-05 2.67132E-05
 -1       199 8.94351E-05 6.00269E-06-2.54864E-07
 -1       200 8.32552E-05-8.61644E-07-3.00695E-05
 -1       201-1.02547E-04 1.03931E-03-2.49417E-04
 -1       202-2.13331E-04 2.42140E-04-4.13713E-04
 -1       203-2.52864E-04-8.72430E-04 1.29379E-03
 -1       204-1.24888E-04 2.68299E-04-4.64190E-04
 -1       205 2.84527E-04 3.87882E-04 7.70457E-05
 -1       206 4.00486E-04 1.83399E-04 1.15916E-04
 -1       207 2.59486E-04 8.66774E-05 4.67321E-06
 -1       208 1.43842E-04 3.69425E-05-8.62291E-06
 -1       209 1.00649E-04 1.19393E-05-7.38148E-06
 -1       210 9.18439E-05-5.63669E-07-3.17723E-05
 -1       211-5.58150E-02-2.52543E-02 1.56507E-02
 -1       212-4.40397E-02-1.26268E-02-3.56117E-02
 -1       213-3.44826E-02-1.22650E-03-7.61924E-02
 -1       214-2.61949E-02 3.79955E-03-9.45137E-02
 -1       215-1.99212E-02 4.46260E-03-1.01251E-01
 -1       216-1.55530E-02 3.68560E-03-1.03706E-01
 -1       217-1.26850E-02 2.60038E-03-1.04352E-01
 -1       218-1.10066E-02 1.61723E-03-1.04442E-01
 -1       219-1.01984E-02 8.92229E-04-1.04685E-01
 -1       220-9.94575E-03 4.50920E-04-1.05445E-01
 -1       221-9.89244E-03 1.76927E-04-1.06671E-01
 -1       222-6.27854E-02-1.46740E-02 1.03423E-02
 -1       223-5.06283E-02-8.72783E-03-4.21009E-02
 -1       224-3.92785E-02-2.06988E-03-7.82421E-02
 -1       225-2.86686E-02 1.74328E-03-9.19431E-02
 -1       226-2.08161E-02 2.77698E-03-9.92524E-02
 -1       227-1.56572E-02 2.49833E-03-1.02347E-01
 -1       228-1.24615E-02 1.83276E-03-1.03567E-01
 -1       229-1.07023E-02 1.18061E-03-1.04075E-01
 -1       230-9.92558E-03 6.85903E-04-1.04582E-01
 -1       231-9.72049E-03 3.69626E-04-1.05466E-01
 -1       232-9.68087E-03 1.76655E-04-1.06717E-01
 -1       233-6.43469E-02-6.63534E-03 7.59362E-03
 -1       234-5.17769E-02-4.58488E-03-4.51520E-02
 -1       235-4.06350E-02-1.59204E-03-7.81574E-02
 -1       236-3.01444E-02 4.41820E-04-9.14677E-02
 -1       237-2.19841E-02 1.23706E-03-9.84849E-02
 -1       238-1.63595E-02 1.24040E-03-1.01709E-01
 -1       239-1.28013E-02 9.52994E-04-1.03144E-01
 -1       240-1.08213E-02 6.35867E-04-1.03839E-01
 -1       241-9.91909E-03 3.85297E-04-1.04480E-01
 -1       242-9.64336E-03 2.17689E-04-1.05435E-01
 -1       243-9.56912E-03 1.20826E-04-1.06697E-01
 -1       244-6.44576E-02-4.55215E-05 6.20868E-03
 -1       245-5.19011E-02-2.34642E-05-4.64346E-02
 -1       246-4.09078E-02-1.10705E-05-7.84187E-02
 -1       247-3.05477E-02-8.10643E-06-9.14417E-02
 -1       248-2.23985E-02-5.72969E-06-9.83119E-02
 -1       249-1.66540E-02-3.96546E-06-1.01537E-01
 -1       250-1.29691E-02-2.60968E-06-1.03016E-01
 -1       251-1.08975E-02-1.57333E-06-1.03761E-01
 -1       252-9.93806E-03-7.58779E-07-1.04440E-01
 -1       253-9.63031E-03-5.69592E-08-1.05417E-01
 -1       254-9.54000E-03 6.67539E-07-1.06684E-01
 -1       255-6.43500E-02 6.58744E-03 7.59205E-03
 -1       256-5.17852E-02 4.54780E-03-4.51541E-02
 -1       257-4.06406E-02 1.56838E-03-7.81597E-02
 -1       258-3.01477E-02-4.58165E-04-9.14693E-02
 -1       259-2.19867E-02-1.24872E-03-9.84862E-02
 -1       260-1.63616E-02-1.24843E-03-1.01710E-01
 -1       261-1.28031E-02-9.58273E-04-1.03144E-01
 -1       262-1.08230E-02-6.39046E-04-1.03840E-01
 -1       263-9.92068E-03-3.86824E-04-1.04480E-01
 -1       264-9.64494E-03-2.17793E-04-1.05435E-01
 -1       265-9.57070E-03-1.19484E-04-1.06698E-01
 -1       266-6.27943E-02 1.46368E-02 1.03399E-02
 -1       267-5.06372E-02 8.69672E-03-4.21042E-02
 -1       268-3.92869E-02 2.04611E-03-7.82445E-02
 -1       269-2.86754E-02-1.76036E-03-9.19467E-02
 -1       270-2.08214E-02-2.78909E-03-9.92552E-02
 -1       271-1.56615E-02-2.50664E-03-1.02349E-01
 -1       272-1.24652E-02-1.83821E-03-1.03568E-01
 -1       273-1.07057E-02-1.18389E-03-1.04076E-01
 -1       274-9.92875E-03-6.87466E-04-1.04583E-01
 -1       275-9.72361E-03-3.69716E-04-1.05467E-01
 -1       276-9.68398E-03-1.75298E-04-1.06718E-01
 -1       277-5.58295E-02 2.52193E-02 1.56486E-02
 -1       278-4.40533E-02 1.25978E-02-3.56145E-02
 -1       279-3.44951E-02 1.20381E-03-7.61945E-02
 -1       280-2.62057E-02-3.81732E-03-9.45198E-02
 -1       281-1.99299E-02-4.47532E-03-1.01256E-01
 -1       282-1.55601E-02-3.69430E-03-1.03709E-01
 -1       283-1.26909E-02-2.60609E-03-1.04354E-01
 -1       284-1.10117E-02-1.62066E-03-1.04444E-01
 -1       285-1.02031E-02-8.93861E-04-1.04686E-01
 -1       286-9.95036E-03-4.51017E-04-1.05446E-01
 -1       287-9.89702E-03-1.75556E-04-1.06673E-01
 -1       288-1.60492E-02-2.05628E-02-3.11585E-02
 -1       289-9.46298E-03-1.13921E-02-5.50650E-02
 -1       290-9.33212E-03-4.12716E-03-8.01988E-02
 -1       291-1.09469E-02-3.82866E-04-9.52826E-02
 -1       292-1.12017E-02 1.26487E-03-1.01801E-01
 -1       293-1.05470E-02 1.64457E-03-1.04137E-01
 -1       294-9.69020E-03 1.47010E-03-1.04614E-01
 -1       295-8.93139E-03 1.12984E-03-1.04526E-01
 -1       296-8.40631E-03 8.06952E-04-1.04602E-01
 -1       297-8.13356E-03 5.48559E-04-1.05227E-01
 -1       298-8.06962E-03 3.35915E-04-1.06559E-01
 -1       299-2.19337E-02-1.18331E-02-3.35653E-02
 -1       300-1.52136E-02-7.00395E-03-5.64368E-02
 -1       301-1.40510E-02-2.64077E-03-7.98756E-02
 -1       302-1.36543E-02-1.24733E-04-9.40267E-02
 -1       303-1.22950E-02 9.71738E-04-1.00375E-01
 -1       304-1.08383E-02 1.20402E-03-1.03064E-01
 -1       305-9.61369E-03 1.05515E-03-1.03932E-01
 -1       306-8.73285E-03 8.00518E-04-1.04172E-01
 -1       307-8.20416E-03 5.67552E-04-1.04479E-01
 -1       308-7.95684E-03 3.90314E-04-1.05245E-01
 -1       309-7.89554E-03 2.55681E-04-1.06605E-01
 -1       310-2.39523E-02-5.31937E-03-3.57401E-02
 -1       311-1.72897E-02-3.51620E-03-5.84382E-02
 -1       312-1.62593E-02-1.55290E-03-8.11648E-02
 -1       313-1.53433E-02-1.35948E-04-9.40988E-02
 -1       314-1.33195E-02 5.00251E-04-9.99990E-02
 -1       315-1.13388E-02 6.42197E-04-1.02648E-01
 -1       316-9.79438E-03 5.64937E-04-1.03605E-01
 -1       317-8.74756E-03 4.29077E-04-1.03960E-01
 -1       318-8.14849E-03 3.05572E-04-1.04366E-01
 -1       319-7.87793E-03 2.13922E-04-1.05192E-01
 -1       320-7.81109E-03 1.51174E-04-1.06550E-01
 -1       321-2.43657E-02-1.19565E-05-3.65366E-02
 -1       322-1.77933E-02-1.19610E-05-5.90566E-02
 -1       323-1.68660E-02-9.54471E-06-8.15692E-02
 -1       324-1.58696E-02-6.62789E-06-9.42152E-02
 -1       325-1.37065E-02-4.62827E-06-9.99788E-02
 -1       326-1.15664E-02-3.14390E-06-1.02557E-01
 -1       327-9.90096E-03-2.02505E-06-1.03513E-01
 -1       328-8.78194E-03-1.16815E-06-1.03890E-01
 -1       329-8.14626E-03-4.72511E-07-1.04318E-01
 -1       330-7.86043E-03 1.57780E-07-1.05156E-01
 -1       331-7.78827E-03 8.30137E-07-1.06511E-01
 -1       332-2.39556E-02 5.28719E-03-3.57460E-02
 -1       333-1.72934E-02 3.48975E-03-5.84422E-02
 -1       334-1.62629E-02 1.53369E-03-8.11671E-02
 -1       335-1.53464E-02 1.22445E-04-9.41005E-02
 -1       336-1.33220E-02-5.09652E-04-1.00000E-01
 -1       337-1.13410E-02-6.48564E-04-1.02649E-01
 -1       338-9.79626E-03-5.69041E-04-1.03605E-01
 -1       339-8.74923E-03-4.31449E-04-1.03961E-01
 -1       340-8.15003E-03-3.06538E-04-1.04366E-01
 -1       341-7.87940E-03-2.13615E-04-1.05192E-01
 -1       342-7.81254E-03-1.49526E-04-1.06551E-01
 -1       343-2.19411E-02 1.18018E-02-3.35687E-02
 -1       344-1.52210E-02 6.97799E-03-5.64410E-02
 -1       345-1.40578E-02 2.62100E-03-7.98796E-02
 -1       346-1.36601E-02 1.10773E-04-9.40302E-02
 -1       347-1.23001E-02-9.81453E-04-1.00378E-01
 -1       348-1.08427E-02-1.21060E-03-1.03066E-01
 -1       349-9.61752E-03-1.05940E-03-1.03934E-01
 -1       350-8.73621E-03-8.02996E-04-1.04173E-01
 -1       351-8.20723E-03-5.68582E-04-1.04480E-01
 -1       352-7.95976E-03-3.90032E-04-1.05245E-01
 -1       353-7.89840E-03-2.54057E-04-1.06606E-01
 -1       354-1.60615E-02 2.05324E-02-3.11652E-02
 -1       355-9.47472E-03 1.13669E-02-5.50726E-02
 -1       356-9.34278E-03 4.10751E-03-8.02059E-02
 -1       357-1.09563E-02 3.68456E-04-9.52887E-02
 -1       358-1.12100E-02-1.27503E-03-1.01806E-01
 -1       359-1.05540E-02-1.65155E-03-1.04141E-01
 -1       360-9.69609E-03-1.47465E-03-1.04616E-01
 -1       361-8.93644E-03-1.13253E-03-1.04528E-01
 -1       362-8.41084E-03-8.08114E-04-1.04603E-01
 -1       363-8.13786E-03-5.48341E-04-1.05228E-01
 -1       364-8.07388E-03-3.34312E-04-1.06561E-01
 -1       365-4.59835E-03-1.61398E-02-6.22571E-02
 -1       366-3.85322E-04-1.11801E-02-7.12532E-02
 -1       367 9.97792E-04-6.59825E-03-8.48234E-02
 -1       368-4.02686E-04-3.11996E-03-9.52357E-02
 -1       369-2.49848E-03-1.04021E-03-1.00954E-01
 -1       370-4.01679E-03 5.10143E-05-1.03267E-01
 -1       371-4.85064E-03 5.29574E-04-1.03920E-01
 -1       372-5.20225E-03 6.91063E-04-1.03967E-01
 -1       373-5.32337E-03 7.17380E-04-1.04022E-01
 -1       374-5.46397E-03 6.92978E-04-1.04591E-01
 -1       375-5.55278E-03 6.22028E-04-1.06103E-01
 -1       376-8.86788E-03-1.02707E-02-6.41204E-02
 -1       377-4.16200E-03-7.15370E-03-7.26502E-02
 -1       378-2.06428E-03-4.16937E-03-8.50561E-02
 -1       379-2.57759E-03-1.93110E-03-9.48459E-02
 -1       380-3.80161E-03-5.79872E-04-1.00318E-01
 -1       381-4.65710E-03 1.13688E-04-1.02667E-01
 -1       382-5.10303E-03 4.03800E-04-1.03485E-01
 -1       383-5.26236E-03 4.91125E-04-1.03707E-01
 -1       384-5.30745E-03 4.98317E-04-1.03911E-01
 -1       385-5.42917E-03 4.80577E-04-1.04606E-01
 -1       386-5.53243E-03 4.58241E-04-1.06151E-01
 -1       387-1.09559E-02-4.62716E-03-6.50534E-02
 -1       388-6.03768E-03-3.23825E-03-7.38820E-02
 -1       389-3.65331E-03-1.82519E-03-8.59865E-02
 -1       390-3.85414E-03-8.19768E-04-9.52568E-02
 -1       391-4.63334E-03-1.99786E-04-1.00312E-01
 -1       392-5.10545E-03 1.09152E-04-1.02491E-01
 -1       393-5.29896E-03 2.26259E-04-1.03285E-01
 -1       394-5.31807E-03 2.51379E-04-1.03542E-01
 -1       395-5.30169E-03 2.43045E-04-1.03790E-01
 -1       396-5.41319E-03 2.28623E-04-1.04512E-01
 -1       397-5.52106E-03 2.15283E-04-1.06025E-01
 -1       398-1.15571E-02-9.11513E-06-6.53011E-02
 -1       399-6.56756E-03-7.56582E-06-7.42207E-02
 -1       400-4.13149E-03-5.89520E-06-8.63022E-02
 -1       401-4.25670E-03-4.33601E-06-9.54008E-02
 -1       402-4.91149E-03-3.00127E-06-1.00313E-01
 -1       403-5.26773E-03-1.98376E-06-1.02442E-01
 -1       404-5.37453E-03-1.22690E-06-1.03228E-01
 -1       405-5.34234E-03-6.49073E-07-1.03495E-01
 -1       406-5.30190E-03-1.71600E-07-1.03757E-01
 -1       407-5.40626E-03 2.82297E-07-1.04488E-01
 -1       408-5.51589E-03 7.97253E-07-1.05994E-01
 -1       409-1.09580E-02 4.60988E-03-6.50538E-02
 -1       410-6.03998E-03 3.22334E-03-7.38835E-02
 -1       411-3.65556E-03 1.81315E-03-8.59880E-02
 -1       412-3.85626E-03 8.10926E-04-9.52581E-02
 -1       413-4.63528E-03 1.93676E-04-1.00313E-01
 -1       414-5.10719E-03-1.13204E-04-1.02491E-01
 -1       415-5.30051E-03-2.28778E-04-1.03286E-01
 -1       416-5.31945E-03-2.52729E-04-1.03542E-01
 -1       417-5.30294E-03-2.43425E-04-1.03790E-01
 -1       418-5.41439E-03-2.28084E-04-1.04512E-01
 -1       419-5.52223E-03-2.13720E-04-1.06025E-01
 -1       420-8.87240E-03 1.02515E-02-6.41230E-02
 -1       421-4.16658E-03 7.13764E-03-7.26542E-02
 -1       422-2.06878E-03 4.15678E-03-8.50598E-02
 -1       423-2.58190E-03 1.92180E-03-9.48490E-02
 -1       424-3.80556E-03 5.73380E-04-1.00321E-01
 -1       425-4.66064E-03-1.18044E-04-1.02669E-01
 -1       426-5.10614E-03-4.06557E-04-1.03487E-01
 -1       427-5.26511E-03-4.92650E-04-1.03708E-01
 -1       428-5.30992E-03-4.98817E-04-1.03912E-01
 -1       429-5.43153E-03-4.80107E-04-1.04607E-01
 -1       430-5.53473E-03-4.56736E-04-1.06152E-01
 -1       431-4.60578E-03 1.61202E-02-6.22645E-02
 -1       432-3.92706E-04 1.11637E-02-7.12621E-02
 -1       433 9.90444E-04 6.58521E-03-8.48312E-02
 -1       434-4.09609E-04 3.11022E-03-9.52419E-02
 -1       435-2.50465E-03 1.03324E-03-1.00958E-01
 -1       436-4.02219E-03-5.58053E-05-1.03271E-01
 -1       437-4.85526E-03-5.32683E-04-1.03922E-01
 -1       438-5.20625E-03-6.92851E-04-1.03969E-01
 -1       439-5.32695E-03-7.18062E-04-1.04023E-01
 -1       440-5.46741E-03-6.92617E-04-1.04592E-01
 -1       441-5.55620E-03-6.20558E-04-1.06104E-01
 -1       442-3.50875E-03-1.13859E-02-8.29111E-02
 -1       443 1.47167E-03-8.97029E-03-8.65573E-02
 -1       444 3.59906E-03-6.30663E-03-9.20837E-02
 -1       445 3.23468E-03-3.76115E-03-9.70581E-02
 -1       446 1.64225E-03-1.83724E-03-1.00336E-01
 -1       447-3.94954E-05-6.16185E-04-1.02026E-01
 -1       448-1.24620E-03 6.92160E-05-1.02715E-01
 -1       449-1.92827E-03 4.27247E-04-1.02956E-01
 -1       450-2.23295E-03 6.34139E-04-1.03109E-01
 -1       451-2.38831E-03 8.08226E-04-1.03410E-01
 -1       452-2.82784E-03 1.03224E-03-1.04906E-01
 -1       453-5.44834E-03-6.37587E-03-8.60578E-02
 -1       454-4.87861E-04-4.75362E-03-8.95405E-02
 -1       455 1.72948E-03-3.23558E-03-9.39264E-02
 -1       456 1.72317E-03-1.88462E-03-9.80039E-02
 -1       457 6.01984E-04-8.91005E-04-1.00693E-01
 -1       458-6.59705E-04-2.74398E-04-1.02049E-01
 -1       459-1.57135E-03 6.47323E-05-1.02585E-01
 -1       460-2.08725E-03 2.39013E-04-1.02775E-01
 -1       461-2.32147E-03 3.35907E-04-1.02922E-01
 -1       462-2.47312E-03 4.08010E-04-1.03230E-01
 -1       463-2.95911E-03 4.74039E-04-1.04733E-01
 -1       464-6.69302E-03-2.93062E-03-8.57842E-02
 -1       465-1.50759E-03-2.11751E-03-8.98095E-02
 -1       466 8.73214E-04-1.38100E-03-9.41011E-02
 -1       467 1.06762E-03-7.81659E-04-9.80616E-02
 -1       468 1.38517E-04-3.59141E-04-1.00663E-01
 -1       469-9.40079E-04-9.94418E-05-1.01971E-01
 -1       470-1.71206E-03 4.09066E-05-1.02506E-01
 -1       471-2.14147E-03 1.11383E-04-1.02716E-01
 -1       472-2.33254E-03 1.48408E-04-1.02888E-01
 -1       473-2.47544E-03 1.70445E-04-1.03211E-01
 -1       474-2.99364E-03 1.85094E-04-1.04717E-01
 -1       475-7.05202E-03-3.87895E-06-8.57532E-02
 -1       476-1.81112E-03-3.32964E-06-8.99420E-02
 -1       477 6.10888E-04-2.60619E-06-9.42211E-02
 -1       478 8.64113E-04-1.89110E-06-9.81393E-02
 -1       479-6.56610E-06-1.28275E-06-1.00690E-01
 -1       480-1.02820E-03-8.12344E-07-1.01963E-01
 -1       481-1.75627E-03-4.65561E-07-1.02486E-01
 -1       482-2.15723E-03-2.02273E-07-1.02695E-01
 -1       483-2.33395E-03 2.33249E-08-1.02871E-01
 -1       484-2.47491E-03 2.59070E-07-1.03194E-01
 -1       485-2.99828E-03 5.65099E-07-1.04698E-01
 -1       486-6.69373E-03 2.92263E-03-8.57843E-02
 -1       487-1.50842E-03 2.11075E-03-8.98101E-02
 -1       488 8.72162E-04 1.37579E-03-9.41019E-02
 -1       489 1.06649E-03 7.77862E-04-9.80623E-02
 -1       490 1.37410E-04 3.56542E-04-1.00664E-01
 -1       491-9.41106E-04 9.77800E-05-1.01972E-01
 -1       492-1.71298E-03-4.18753E-05-1.02506E-01
 -1       493-2.14229E-03-1.11823E-04-1.02716E-01
 -1       494-2.33327E-03-1.48397E-04-1.02889E-01
 -1       495-2.47610E-03-1.69964E-04-1.03212E-01
 -1       496-2.99433E-03-1.84011E-04-1.04717E-01
 -1       497-5.44971E-03 6.36815E-03-8.60583E-02
 -1       498-4.89711E-04 4.74694E-03-8.95422E-02
 -1       499 1.72721E-03 3.23024E-03-9.39282E-02
 -1       500 1.72080E-03 1.88063E-03-9.80055E-02
 -1       501 5.99705E-04 8.88207E-04-1.00694E-01
 -1       502-6.61783E-04 2.72547E-04-1.02050E-01
 -1       503-1.57319E-03-6.58674E-05-1.02586E-01
 -1       504-2.08888E-03-2.39595E-04-1.02775E-01
 -1       505-2.32290E-03-3.36017E-04-1.02922E-01
 -1       506-2.47442E-03-4.07646E-04-1.03230E-01
 -1       507-2.96045E-03-4.73105E-04-1.04734E-01
 -1       508-3.51051E-03 1.13773E-02-8.29163E-02
 -1       509 1.46876E-03 8.96253E-03-8.65636E-02
 -1       510 3.59545E-03 6.30020E-03-9.20892E-02
 -1       511 3.23096E-03 3.75616E-03-9.70625E-02
 -1       512 1.63875E-03 1.83359E-03-1.00339E-01
 -1       513-4.26080E-05 6.13645E-04-1.02028E-01
 -1       514-1.24891E-03-7.08750E-05-1.02717E-01
 -1       515-1.93061E-03-4.28202E-04-1.02957E-01
 -1       516-2.23503E-03-6.34503E-04-1.03109E-01
 -1       517-2.39021E-03-8.08045E-04-1.03411E-01
 -1       518-2.82977E-03-1.03152E-03-1.04907E-01
 -1       519 0.00000E+00 0.00000E+00-1.02000E-01
 -1       520 0.00000E+00 0.00000E+00-1.02000E-01
 -1       521 0.00000E+00 0.00000E+00-1.02000E-01
 -1       522 0.00000E+00 0.00000E+00-1.02000E-01
 -1       523 0.00000E+00 0.00000E+00-1.02000E-01
 -1       524 0.00000E+00 0.00000E+00-1.02000E-01
 -1       525 0.00000E+00 0.00000E+00-1.02000E-01
 -1       526 0.00000E+00 0.00000E+00-1.02000E-01
 -1       527 0.00000E+00 0.00000E+00-1.02000E-01
 -1       528 0.00000E+00 0.00000E+00-1.02000E-01
 -1       529 0.00000E+00 0.00000E+00-1.02000E-01
 -1       530 0.00000E+00 0.00000E+00-1.02000E-01
 -1       531 0.00000E+00 0.00000E+00-1.02000E-01
 -1       532 0.00000E+00 0.00000E+00-1.02000E-01
 -1       533 0.00000E+00 0.00000E+00-1.02000E-01
 -1       534 0.00000E+00 0.00000E+00-1.02000E-01
 -1       535 0.00000E+00 0.00000E+00-1.02000E-01
 -1       536 0.00000E+00 0.00000E+00-1.02000E-01
 -1       537 0.00000E+00 0.00000E+00-1.02000E-01
 -1       538 0.00000E+00 0.00000E+00-1.02000E-01
 -1       539 0.00000E+00 0.00000E+00-1.02000E-01
 -1       540 0.00000E+00 0.00000E+00-1.02000E-01
 -1       541 0.00000E+00 0.00000E+00-1.02000E-01
 -1       542 0.00000E+00 0.00000E+00-1.02000E-01
 -1       543 0.00000E+00 0.00000E+00-1.02000E-01
 -1       544 0.00000E+00 0.00000E+00-1.02000E-01
 -1       545 0.00000E+00 0.00000E+00-1.02000E-01
 -1       546 0.00000E+00 0.00000E+00-1.02000E-01
 -1       547 0.00000E+00 0.00000E+00-1.02000E-01
 -1       548 0.00000E+00 0.00000E+00-1.02000E-01
 -1       549 0.00000E+00 0.00000E+00-1.02000E-01
 -1       550 0.00000E+00 0.00000E+00-1.02000E-01
 -1       551 0.00000E+00 0.00000E+00-1.02000E-01
 -1       552 0.00000E+00 0.00000E+00-1.02000E-01
 -1       553 0.00000E+00 0.00000E+00-1.02000E-01
 -1       554 0.00000E+00 0.00000E+00-1.02000E-01
 -1       555 0.00000E+00 0.00000E+00-1.02000E-01
 -1       556 0.00000E+00 0.00000E+00-1.02000E-01
 -1       557 0.00000E+00 0.00000E+00-1.02000E-01
 -1       558 0.00000E+00 0.00000E+00-1.02000E-01
 -1       559 0.00000E+00 0.00000E+00-1.02000E-01
 -1       560 0.00000E+00 0.00000E+00-1.02000E-01
 -1       561 0.00000E+00 0.00000E+00-1.02000E-01
 -1       562 0.00000E+00 0.00000E+00-1.02000E-01
 -1       563 0.00000E+00 0.00000E+00-1.02000E-01
 -1       564 0.00000E+00 0.00000E+00-1.02000E-01
 -1       565 0.00000E+00 0.00000E+00-1.02000E-01
 -1       566 0.00000E+00 0.00000E+00-1.02000E-01
 -1       567 0.00000E+00 0.00000E+00-1.02000E-01
 -1       568 0.00000E+00 0.00000E+00-1.02000E-01
 -1       569 0.00000E+00 0.00000E+00-1.02000E-01
 -1       570 0.00000E+00 0.00000E+00-1.02000E-01
 -1       571 0.00000E+00 0.00000E+00-1.02000E-01
 -1       572 0.00000E+00 0.00000E+00-1.02000E-01
 -1       573 0.00000E+00 0.00000E+00-1.02000E-01
 -1       574 0.00000E+00 0.00000E+00-1.02000E-01
 -1       575 0.00000E+00 0.00000E+00-1.02000E-01
 -1       576 0.00000E+00 0.00000E+00-1.02000E-01
 -1       577 0.00000E+00 0.00000E+00-1.02000E-01
 -1       578 0.00000E+00 0.00000E+00-1.02000E-01
 -1       579 0.00000E+00 0.00000E+00-1.02000E-01
 -1       580 0.00000E+00 0.00000E+00-1.02000E-01
 -1       581 0.00000E+00 0.00000E+00-1.02000E-01
 -1       582 0.00000E+00 0.00000E+00-1.02000E-01
 -1       583 0.00000E+00 0.00000E+00-1.02000E-01
 -1       584 0.00000E+00 0.00000E+00-1.02000E-01
 -1       585 0.00000E+00 0.00000E+00-1.02000E-01
 -1       586 0.00000E+00 0.00000E+00-1.02000E-01
 -1       587 0.00000E+00 0.00000E+00-1.02000E-01
 -1       588 0.00000E+00 0.00000E+00-1.02000E-01
 -1       589 0.00000E+00 0.00000E+00-1.02000E-01
 -1       590 0.00000E+00 0.00000E+00-1.02000E-01
 -1       591 0.00000E+00 0.00000E+00-1.02000E-01
 -1       592 0.00000E+00 0.00000E+00-1.02000E-01
 -1       593 0.00000E+00 0.00000E+00-1.02000E-01
 -1       594 0.00000E+00 0.00000E+00-1.02000E-01
 -1       595 0.00000E+00 0.00000E+00-1.02000E-01
 -3
    1PSTEP                         4           2           1          
  100CL  102 6.80000E-01          77                     0    2           1
 -4  CONTACT     6    1
 -5  COPEN       1    1    0    0
 -5  CSLIP1      1    1    0    0
 -5  CSLIP2      1    1    0    0
 -5  CPRESS      1    1    0    0
 -5  CSHEAR1     1    1    0    0
 -5  CSHEAR2     1    1    0    0
 -1       287 3.63154E-01 0.00000E+00 0.00000E+00-3.00000E+00 0.00000E+00 0.00000E+00
 -1       286 3.14378E-01 0.00000E+00 0.00000E+00-3.00000E+00 0.00000E+00 0.00000E+00
 -1       285 2.65140E-01 0.00000E+00 0.00000E+00-3.00000E+00 0.00000E+00 0.00000E+00
 -1       284 2.15332E-01 0.00000E+00 0.00000E+00-3.00000E+00 0.00000E+00 0.00000E+00
 -1       283 1.65319E-01 0.00000E+00 0.00000E+00-3.00000E+00 0.00000E+00 0.00000E+00
 -1       282 1.16022E-01 0.00000E+00 0.00000E+00-3.00000E+00 0.00000E+00 0.00000E+00
 -1       281 6.87656E-02 0.00000E+00 0.00000E+00-3.00000E+00 0.00000E+00 0.00000E+00
 -1       280 2.67307E-02 0.00000E+00 0.00000E+00-3.00000E+00 0.00000E+00 0.00000E+00
 -1       279-2.67124E-04 0.00000E+00 0.00000E+00 2.64125E+02 0.00000E+00 0.00000E+00
 -1       278-1.80508E-03 0.00000E+00 0.00000E+00 1.80208E+03 0.00000E+00 0.00000E+00
 -1       277-3.62345E-03 0.00000E+00 0.00000E+00 3.62045E+03 0.00000E+00 0.00000E+00
 -1       276 3.63097E-01 0.00000E+00 0.00000E+00-3.00000E+00 0.00000E+00 0.00000E+00
 -1       275 3.14338E-01 0.00000E+00 0.00000E+00-3.00000E+00 0.00000E+00 0.00000E+00
 -1       274 2.65226E-01 0.00000E+00 0.00000E+00-3.00000E+00 0.00000E+00 0.00000E+00
 -1       273 2.15659E-01 0.00000E+00 0.00000E+00-3.00000E+00 0.00000E+00 0.00000E+00
 -1       272 1.66017E-01 0.00000E+00 0.00000E+00-3.00000E+00 0.00000E+00 0.00000E+00
 -1       271 1.17307E-01 0.00000E+00 0.00000E+00-3.00000E+00 0.00000E+00 0.00000E+00
 -1       270 7.07110E-02 0.00000E+00 0.00000E+00-3.00000E+00 0.00000E+00 0.00000E+00
 -1       269 2.92493E-02 0.00000E+00 0.00000E+00-3.00000E+00 0.00000E+00 0.00000E+00
 -1       268 2.15027E-06 0.00000E+00 0.00000E+00-9.21606E-01 0.00000E+00 0.00000E+00
 -1       267-1.38758E-03 0.00000E+00 0.00000E+00 1.38458E+03 0.00000E+00 0.00000E+00
 -1       266-3.38198E-03 0.00000E+00 0.00000E+00 3.37898E+03 0.00000E+00 0.00000E+00
 -1       265 3.63111E-01 0.00000E+00 0.00000E+00-3.00000E+00 0.00000E+00 0.00000E+00
 -1       264 3.14359E-01 0.00000E+00 0.00000E+00-3.00000E+00 0.00000E+00 0.00000E+00
 -1       263 2.65320E-01 0.00000E+00 0.00000E+00-3.00000E+00 0.00000E+00 0.00000E+00
 -1       262 2.15873E-01 0.00000E+00 0.00000E+00-3.00000E+00 0.00000E+00 0.00000E+00
 -1       261 1.66390E-01 0.00000E+00 0.00000E+00-3.00000E+00 0.00000E+00 0.00000E+00
 -1       260 1.17903E-01 0.00000E+00 0.00000E+00-3.00000E+00 0.00000E+00 0.00000E+00
 -1       259 7.14630E-02 0.00000E+00 0.00000E+00-3.00000E+00 0.00000E+00 0.00000E+00
 -1       258 2.97802E-02 0.00000E+00 0.00000E+00-3.00000E+00 0.00000E+00 0.00000E+00
 -1       257 1.23701E-03 0.00000E+00 0.00000E+00-2.99994E+00 0.00000E+00 0.00000E+00
 -1       256-1.22391E-03 0.00000E+00 0.00000E+00 1.22091E+03 0.00000E+00 0.00000E+00
 -1       255-3.31011E-03 0.00000E+00 0.00000E+00 3.30711E+03 0.00000E+00 0.00000E+00
 -1       254 3.63122E-01 0.00000E+00 0.00000E+00-3.00000E+00 0.00000E+00 0.00000E+00
 -1       253 3.14373E-01 0.00000E+00 0.00000E+00-3.00000E+00 0.00000E+00 0.00000E+00
 -1       252 2.65355E-01 0.00000E+00 0.00000E+00-3.00000E+00 0.00000E+00 0.00000E+00
 -1       251 2.15937E-01 0.00000E+00 0.00000E+00-3.00000E+00 0.00000E+00 0.00000E+00
 -1       250 1.66485E-01 0.00000E+00 0.00000E+00-3.00000E+00 0.00000E+00 0.00000E+00
 -1       249 1.18050E-01 0.00000E+00 0.00000E+00-3.00000E+00 0.00000E+00 0.00000E+00
 -1       248 7.16387E-02 0.00000E+00 0.00000E+00-3.00000E+00 0.00000E+00 0.00000E+00
 -1       247 2.99148E-02 0.00000E+00 0.00000E+00-3.00000E+00 0.00000E+00 0.00000E+00
 -1       246 1.53836E-03 0.00000E+00 0.00000E+00-2.99996E+00 0.00000E+00 0.00000E+00
 -1       245-1.16707E-03 0.00000E+00 0.00000E+00 1.16407E+03 0.00000E+00 0.00000E+00
 -1       244-3.27364E-03 0.00000E+00 0.00000E+00 3.27064E+03 0.00000E+00 0.00000E+00
 -1       243 3.63111E-01 0.00000E+00 0.00000E+00-3.00000E+00 0.00000E+00 0.00000E+00
 -1       242 3.14360E-01 0.00000E+00 0.00000E+00-3.00000E+00 0.00000E+00 0.00000E+00
 -1       241 2.65320E-01 0.00000E+00 0.00000E+00-3.00000E+00 0.00000E+00 0.00000E+00
 -1       240 2.15873E-01 0.00000E+00 0.00000E+00-3.00000E+00 0.00000E+00 0.00000E+00
 -1       239 1.66390E-01 0.00000E+00 0.00000E+00-3.00000E+00 0.00000E+00 0.00000E+00
 -1       238 1.17904E-01 0.00000E+00 0.00000E+00-3.00000E+00 0.00000E+00 0.00000E+00
 -1       237 7.14642E-02 0.00000E+00 0.00000E+00-3.00000E+00 0.00000E+00 0.00000E+00
 -1       236 2.97812E-02 0.00000E+00 0.00000E+00-3.00000E+00 0.00000E+00 0.00000E+00
 -1       235 1.23809E-03 0.00000E+00 0.00000E+00-2.99994E+00 0.00000E+00 0.00000E+00
 -1       234-1.22385E-03 0.00000E+00 0.00000E+00 1.22085E+03 0.00000E+00 0.00000E+00
 -1       233-3.30997E-03 0.00000E+00 0.00000E+00 3.30697E+03 0.00000E+00 0.00000E+00
 -1       232 3.63098E-01 0.00000E+00 0.00000E+00-3.00000E+00 0.00000E+00 0.00000E+00
 -1       231 3.14339E-01 0.00000E+00 0.00000E+00-3.00000E+00 0.00000E+00 0.00000E+00
 -1       230 2.65227E-01 0.00000E+00 0.00000E+00-3.00000E+00 0.00000E+00 0.00000E+00
 -1       229 2.15660E-01 0.00000E+00 0.00000E+00-3.00000E+00 0.00000E+00 0.00000E+00
 -1       228 1.66018E-01 0.00000E+00 0.00000E+00-3.00000E+00 0.00000E+00 0.00000E+00
 -1       227 1.17309E-01 0.00000E+00 0.00000E+00-3.00000E+00 0.00000E+00 0.00000E+00
 -1       226 7.07136E-02 0.00000E+00 0.00000E+00-3.00000E+00 0.00000E+00 0.00000E+00
 -1       225 2.92519E-02 0.00000E+00 0.00000E+00-3.00000E+00 0.00000E+00 0.00000E+00
 -1       224 2.59902E-06 0.00000E+00 0.00000E+00-1.07691E+00 0.00000E+00 0.00000E+00
 -1       223-1.38744E-03 0.00000E+00 0.00000E+00 1.38444E+03 0.00000E+00 0.00000E+00
 -1       222-3.38181E-03 0.00000E+00 0.00000E+00 3.37881E+03 0.00000E+00 0.00000E+00
 -1       221 3.63155E-01 0.00000E+00 0.00000E+00-3.00000E+00 0.00000E+00 0.00000E+00
 -1       220 3.14379E-01 0.00000E+00 0.00000E+00-3.00000E+00 0.00000E+00 0.00000E+00
 -1       219 2.65141E-01 0.00000E+00 0.00000E+00-3.00000E+00 0.00000E+00 0.00000E+00
 -1       218 2.15334E-01 0.00000E+00 0.00000E+00-3.00000E+00 0.00000E+00 0.00000E+00
 -1       217 1.65321E-01 0.00000E+00 0.00000E+00-3.00000E+00 0.00000E+00 0.00000E+00
 -1       216 1.16025E-01 0.00000E+00 0.00000E+00-3.00000E+00 0.00000E+00 0.00000E+00
 -1       215 6.87699E-02 0.00000E+00 0.00000E+00-3.00000E+00 0.00000E+00 0.00000E+00
 -1       214 2.67358E-02 0.00000E+00 0.00000E+00-3.00000E+00 0.00000E+00 0.00000E+00
 -1       213-2.66760E-04 0.00000E+00 0.00000E+00 2.63761E+02 0.00000E+00 0.00000E+00
 -1       212-1.80473E-03 0.00000E+00 0.00000E+00 1.80173E+03 0.00000E+00 0.00000E+00
 -1       211-3.62309E-03 0.00000E+00 0.00000E+00 3.62009E+03 0.00000E+00 0.00000E+00
 -3
    1PSTEP                         5           3           1          
  100CL  103 1.000000000         595                     0    3           1
 -4  DISP        4    1
 -5  D1          1    2    1    0
 -5  D2          1    2    2    0
 -5  D3          1    2    3    0
 -5  ALL         1    2    0    0    1ALL
 -1         1 0.00000E+00 0.00000E+00 0.00000E+00
 -1         2 0.00000E+00 0.00000E+00 0.00000E+00
 -1         3 0.00000E+00 0.00000E+00 0.00000E+00
 -1         4 0.00000E+00 0.00000E+00 0.00000E+00
 -1         5 0.00000E+00 0.00000E+00 0.00000E+00
 -1         6 0.00000E+00 0.00000E+00 0.00000E+00
 -1         7 0.00000E+00 0.00000E+00 0.00000E+00
 -1         8 0.00000E+00 0.00000E+00 0.00000E+00
 -1         9 0.00000E+00 0.00000E+00 0.00000E+00
 -1        10 0.00000E+00 0.00000E+00 0.00000E+00
 -1        11 0.00000E+00 0.00000E+00 0.00000E+00
 -1        12 0.00000E+00 0.00000E+00 0.00000E+00
 -1        13 0.00000E+00 0.00000E+00 0.00000E+00
 -1        14 0.00000E+00 0.00000E+00 0.00000E+00
 -1        15 0.00000E+00 0.00000E+00 0.00000E+00
 -1        16 0.00000E+00 0.00000E+00 0.00000E+00
 -1        17 0.00000E+00 0.00000E+00 0.00000E+00
 -1        18 0.00000E+00 0.00000E+00 0.00000E+00
 -1        19 0.00000E+00 0.00000E+00 0.00000E+00
 -1        20 0.00000E+00 0.00000E+00 0.00000E+00
 -1        21 0.00000E+00 0.00000E+00 0.00000E+00
 -1        22 0.00000E+00 0.00000E+00 0.00000E+00
 -1        23 0.00000E+00 0.00000E+00 0.00000E+00
 -1        24 0.00000E+00 0.00000E+00 0.00000E+00
 -1        25 0.00000E+00 0.00000E+00 0.00000E+00
 -1        26 0.00000E+00 0.00000E+00 0.00000E+00
 -1        27 0.00000E+00 0.00000E+00 0.00000E+00
 -1        28 0.00000E+00 0.00000E+00 0.00000E+00
 -1        29 0.00000E+00 0.00000E+00 0.00000E+00
 -1        30 0.00000E+00 0.00000E+00 0.00000E+00
 -1        31 0.00000E+00 0.00000E+00 0.00000E+00
 -1        32 0.00000E+00 0.00000E+00 0.00000E+00
 -1        33 0.00000E+00 0.00000E+00 0.00000E+00
 -1        34 0.00000E+00 0.00000E+00 0.00000E+00
 -1        35 0.00000E+00 0.00000E+00 0.00000E+00
 -1        36 0.00000E+00 0.00000E+00 0.00000E+00
 -1        37 0.00000E+00 0.00000E+00 0.00000E+00
 -1        38 0.00000E+00 0.00000E+00 0.00000E+00
 -1        39 0.00000E+00 0.00000E+00 0.00000E+00
 -1        40 0.00000E+00 0.00000E+00 0.00000E+00
 -1        41 0.00000E+00 0.00000E+00 0.00000E+00
 -1        42 0.00000E+00 0.00000E+00 0.00000E+00
 -1        43 0.00000E+00 0.00000E+00 0.00000E+00
 -1        44 0.00000E+00 0.00000E+00 0.00000E+00
 -1        45 0.00000E+00 0.00000E+00 0.00000E+00
 -1        46 0.00000E+00 0.00000E+00 0.00000E+00
 -1        47 0.00000E+00 0.00000E+00 0.00000E+00
 -1        48 0.00000E+00 0.00000E+00 0.00000E+00
 -1        49 0.00000E+00 0.00000E+00 0.00000E+00
 -1        50 0.00000E+00 0.00000E+00 0.00000E+00
 -1        51 0.00000E+00 0.00000E+00 0.00000E+00
 -1        52 0.00000E+00 0.00000E+00 0.00000E+00
 -1        53 0.00000E+00 0.00000E+00 0.00000E+00
 -1        54 0.00000E+00 0.00000E+00 0.00000E+00
 -1        55 0.00000E+00 0.00000E+00 0.00000E+00
 -1        56 0.00000E+00 0.00000E+00 0.00000E+00
 -1        57 0.00000E+00 0.00000E+00 0.00000E+00
 -1        58 0.00000E+00 0.00000E+00 0.00000E+00
 -1        59 0.00000E+00 0.00000E+00 0.00000E+00
 -1        60 0.00000E+00 0.00000E+00 0.00000E+00
 -1        61 0.00000E+00 0.00000E+00 0.00000E+00
 -1        62 0.00000E+00 0.00000E+00 0.00000E+00
 -1        63 0.00000E+00 0.00000E+00 0.00000E+00
 -1        64 0.00000E+00 0.00000E+00 0.00000E+00
 -1        65 0.00000E+00 0.00000E+00 0.00000E+00
 -1        66 0.00000E+00 0.00000E+00 0.00000E+00
 -1        67 0.00000E+00 0.00000E+00 0.00000E+00
 -1        68 0.00000E+00 0.00000E+00 0.00000E+00
 -1        69 0.00000E+00 0.00000E+00 0.00000E+00
 -1        70 0.00000E+00 0.00000E+00 0.00000E+00
 -1        71-2.13386E-03-2.59687E-03-7.78372E-04
 -1        72-1.69280E-03-3.77983E-03-1.52729E-03
 -1        73-1.86773E-04-6.04726E-03-2.26425E-03
 -1        74 1.39608E-03-3.85044E-03-1.43305E-03
 -1        75 1.43678E-03-1.44208E-03-2.71656E-04
 -1        76 7.70705E-04-4.04483E-04 2.59574E-05
 -1        77 3.66840E-04-1.06590E-04-2.00685E-05
 -1        78 2.15844E-04-4.23107E-05-3.19514E-05
 -1        79 1.45958E-04-2.21435E-05-1.78526E-05
 -1        80 1.33132E-04-1.22946E-05-6.73268E-05
 -1        81-3.49202E-03-2.45113E-03-7.47616E-04
 -1        82-3.38966E-03-3.47673E-03-4.09961E-03
 -1        83-3.32790E-04-5.83166E-03-7.59877E-03
 -1        84 2.57889E-03-3.41505E-03-4.10488E-03
 -1        85 1.63172E-03-1.15779E-03-2.35961E-04
 -1        86 5.37896E-04-2.84402E-04 2.59635E-04
 -1        87 2.46998E-04-5.19470E-05 5.93719E-05
 -1        88 1.67927E-04-1.11620E-05 5.12415E-06
 -1        89 1.22159E-04-4.63878E-06-4.89603E-06
 -1        90 1.17381E-04 4.40729E-06-5.93866E-05
 -1        91-6.14528E-03-1.70424E-03-1.35758E-03
 -1        92-6.30959E-03-2.20338E-03-8.24790E-03
 -1        93-3.22765E-04-3.40269E-03-1.48850E-02
 -1        94 5.01279E-03-1.95276E-03-7.69890E-03
 -1        95 2.63901E-03-7.04176E-04-3.12219E-04
 -1        96 5.93045E-04-1.83596E-04 4.37331E-04
 -1        97 1.93433E-04-3.38710E-05 8.80007E-05
 -1        98 1.31956E-04-4.06985E-06 1.80072E-05
 -1        99 1.00799E-04-2.32441E-07-4.02617E-07
 -1       100 1.02197E-04 5.42868E-06-5.25861E-05
 -1       101-7.25312E-03 1.68621E-06-1.68805E-03
 -1       102-7.21992E-03 1.97849E-06-9.76672E-03
 -1       103-2.44971E-04 5.46162E-07-1.72540E-02
 -1       104 5.70749E-03 1.58609E-06-8.76000E-03
 -1       105 2.99632E-03 2.36481E-07-2.93875E-04
 -1       106 6.49304E-04 9.49494E-08 5.06459E-04
 -1       107 1.82447E-04 4.49082E-08 1.01412E-04
 -1       108 1.20931E-04-2.49718E-09 2.16913E-05
 -1       109 9.32136E-05-1.42323E-08 8.87125E-07
 -1       110 9.63698E-05-3.32601E-08-5.03074E-05
 -1       111-6.14771E-03 1.70799E-03-1.35906E-03
 -1       112-6.31143E-03 2.20956E-03-8.25047E-03
 -1       113-3.22533E-04 3.40946E-03-1.48901E-02
 -1       114 5.01435E-03 1.95546E-03-7.70003E-03
 -1       115 2.63982E-03 7.04751E-04-3.12413E-04
 -1       116 5.93270E-04 1.83912E-04 4.37392E-04
 -1       117 1.93533E-04 3.39308E-05 8.80082E-05
 -1       118 1.32028E-04 4.07019E-06 1.80100E-05
 -1       119 1.00851E-04 2.02453E-07-4.03671E-07
 -1       120 1.02247E-04-5.49076E-06-5.26099E-05
 -1       121-3.49406E-03 2.45569E-03-7.48699E-04
 -1       122-3.39091E-03 3.48127E-03-4.10044E-03
 -1       123-3.32710E-04 5.83640E-03-7.60005E-03
 -1       124 2.58012E-03 3.41810E-03-4.10610E-03
 -1       125 1.63279E-03 1.15899E-03-2.36244E-04
 -1       126 5.38360E-04 2.84730E-04 2.59640E-04
 -1       127 2.47263E-04 5.20264E-05 5.93792E-05
 -1       128 1.68087E-04 1.11588E-05 5.12382E-06
 -1       129 1.22265E-04 4.61744E-06-4.89847E-06
 -1       130 1.17476E-04-4.45836E-06-5.94319E-05
 -1       131-2.13470E-03 2.60154E-03-7.80636E-04
 -1       132-1.69306E-03 3.78387E-03-1.52913E-03
 -1       133-1.86328E-04 6.05127E-03-2.26601E-03
 -1       134 1.39733E-03 3.85361E-03-1.43448E-03
 -1       135 1.43818E-03 1.44370E-03-2.72457E-04
 -1       136 7.71690E-04 4.05058E-04 2.56715E-05
 -1       137 3.67328E-04 1.06741E-04-2.01575E-05
 -1       138 2.16098E-04 4.23533E-05-3.19722E-05
 -1       139 1.46108E-04 2.21369E-05-1.78518E-05
 -1       140 1.33259E-04 1.22631E-05-6.73691E-05
 -1       141-3.67604E-04-1.59285E-03-2.15376E-04
 -1       142-4.12146E-04-6.50048E-04-7.83454E-04
 -1       143-3.27259E-04 1.19065E-03 1.81450E-03
 -1       144-1.76156E-04-1.17671E-04-1.64269E-04
 -1       145 4.33781E-04-7.58409E-04-1.52140E-04
 -1       146 7.42526E-04-4.50210E-04 2.03711E-04
 -1       147 5.67209E-04-2.09734E-04 4.74290E-05
 -1       148 3.36402E-04-9.21269E-05-1.19141E-05
 -1       149 2.36610E-04-3.28266E-05-1.92143E-05
 -1       150 2.14865E-04-2.74800E-06-7.60296E-05
 -1       151 2.22963E-04-1.44174E-03-4.38484E-05
 -1       152 1.07836E-04-6.80157E-04-7.26629E-03
 -1       153-5.02763E-04 2.08409E-04-1.98026E-02
 -1       154-1.23215E-03-4.86826E-04-7.64201E-03
 -1       155-2.66288E-04-7.49659E-04-3.05866E-04
 -1       156 5.05890E-04-4.29185E-04 3.44593E-04
 -1       157 4.61145E-04-1.56135E-04 1.39549E-04
 -1       158 2.82209E-04-5.00836E-05 3.53544E-05
 -1       159 2.07862E-04-1.82452E-05-6.26815E-06
 -1       160 1.92928E-04-1.40554E-06-7.12130E-05
 -1       161 1.36323E-03-7.21939E-04 8.44407E-04
 -1       162 8.45918E-04-7.92176E-05-1.47606E-02
 -1       163-7.83573E-04 4.14646E-04-3.97689E-02
 -1       164-2.56793E-03-1.00485E-04-1.28378E-02
 -1       165-8.15684E-04-3.92988E-04 8.24491E-05
 -1       166 5.16777E-04-2.58494E-04 5.78693E-04
 -1       167 4.53601E-04-9.24323E-05 2.17033E-04
 -1       168 2.52316E-04-2.26767E-05 6.40971E-05
 -1       169 1.85575E-04-6.18474E-06 2.50650E-06
 -1       170 1.73089E-04 2.23493E-06-6.13302E-05
 -1       171 1.62532E-03 1.38495E-06 8.38448E-04
 -1       172 9.22015E-04 1.11330E-05-1.77601E-02
 -1       173-9.44772E-04 2.47158E-05-4.35914E-02
 -1       174-2.91416E-03-2.27956E-06-1.40085E-02
 -1       175-9.20331E-04 1.03472E-06-1.14541E-05
 -1       176 5.65454E-04 1.11246E-07 6.74203E-04
 -1       177 4.70497E-04 5.82399E-08 2.40152E-04
 -1       178 2.44118E-04-6.72129E-09 7.03741E-05
 -1       179 1.76361E-04-1.75422E-08 4.21722E-06
 -1       180 1.65407E-04-3.93696E-08-5.86846E-05
 -1       181 1.35890E-03 7.28287E-04 8.42508E-04
 -1       182 8.41599E-04 8.97268E-05-1.47631E-02
 -1       183-7.82029E-04-4.03370E-04-3.97750E-02
 -1       184-2.56478E-03 1.05900E-04-1.28398E-02
 -1       185-8.15696E-04 3.93760E-04 8.24057E-05
 -1       186 5.17059E-04 2.59050E-04 5.78769E-04
 -1       187 4.53752E-04 9.25125E-05 2.17070E-04
 -1       188 2.52422E-04 2.26772E-05 6.41099E-05
 -1       189 1.85663E-04 6.14724E-06 2.50620E-06
 -1       190 1.73172E-04-2.30828E-06-6.13593E-05
 -1       191 2.20521E-04 1.44869E-03-4.55021E-05
 -1       192 1.06768E-04 6.86088E-04-7.26780E-03
 -1       193-5.02748E-04-2.03155E-04-1.98060E-02
 -1       194-1.23150E-03 4.91054E-04-7.64492E-03
 -1       195-2.65325E-04 7.51693E-04-3.06359E-04
 -1       196 5.06317E-04 4.29751E-04 3.44612E-04
 -1       197 4.61501E-04 1.56312E-04 1.39584E-04
 -1       198 2.82436E-04 5.00892E-05 3.53742E-05
 -1       199 2.08034E-04 1.82165E-05-6.26841E-06
 -1       200 1.93084E-04 1.33741E-06-7.12657E-05
 -1       201-3.68088E-04 1.59931E-03-2.17751E-04
 -1       202-4.12550E-04 6.55482E-04-7.85519E-04
 -1       203-3.26784E-04-1.18606E-03 1.81324E-03
 -1       204-1.74967E-04 1.21023E-04-1.65296E-04
 -1       205 4.35099E-04 7.60512E-04-1.52936E-04
 -1       206 7.43633E-04 4.51081E-04 2.03471E-04
 -1       207 5.67806E-04 2.09946E-04 4.74204E-05
 -1       208 3.36747E-04 9.21825E-05-1.18962E-05
 -1       209 2.36842E-04 3.28056E-05-1.92051E-05
 -1       210 2.15073E-04 2.68464E-06-7.60763E-05
 -1       211-7.40149E-02-3.44847E-02 9.72922E-03
 -1       212-6.02043E-02-2.21355E-02-4.50939E-02
 -1       213-4.94911E-02-1.07205E-02-8.50373E-02
 -1       214-3.93689E-02 2.08836E-04-1.26406E-01
 -1       215-3.05727E-02 4.64623E-03-1.43489E-01
 -1       216-2.38521E-02 4.86898E-03-1.50148E-01
 -1       217-1.93693E-02 3.77844E-03-1.52467E-01
 -1       218-1.66562E-02 2.49278E-03-1.53286E-01
 -1       219-1.53023E-02 1.43852E-03-1.53939E-01
 -1       220-1.48453E-02 7.73721E-04-1.55226E-01
 -1       221-1.47401E-02 3.91746E-04-1.57230E-01
 -1       222-8.10836E-02-2.12023E-02 1.96770E-03
 -1       223-6.73379E-02-1.50646E-02-5.58534E-02
 -1       224-5.59012E-02-7.38989E-03-9.06097E-02
 -1       225-4.39449E-02-1.02768E-03-1.27434E-01
 -1       226-3.28369E-02 2.39605E-03-1.40795E-01
 -1       227-2.45623E-02 3.09345E-03-1.48100E-01
 -1       228-1.93406E-02 2.58997E-03-1.51154E-01
 -1       229-1.63581E-02 1.79212E-03-1.52611E-01
 -1       230-1.49771E-02 1.09596E-03-1.53702E-01
 -1       231-1.45671E-02 6.30978E-04-1.55216E-01
 -1       232-1.44767E-02 3.75212E-04-1.57274E-01
 -1       233-8.32403E-02-1.01198E-02-2.04210E-03
 -1       234-6.92290E-02-7.69951E-03-6.09094E-02
 -1       235-5.75811E-02-4.07698E-03-9.32816E-02
 -1       236-4.54543E-02-1.01125E-03-1.27244E-01
 -1       237-3.43727E-02 8.00120E-04-1.40151E-01
 -1       238-2.57258E-02 1.41905E-03-1.47277E-01
 -1       239-2.00240E-02 1.30258E-03-1.50518E-01
 -1       240-1.66799E-02 9.49128E-04-1.52224E-01
 -1       241-1.50728E-02 6.09673E-04-1.53516E-01
 -1       242-1.45288E-02 3.68584E-04-1.55148E-01
 -1       243-1.43705E-02 2.48390E-04-1.57232E-01
 -1       244-8.36057E-02-7.97178E-05-4.03293E-03
 -1       245-6.95551E-02-4.85258E-05-6.30024E-02
 -1       246-5.79252E-02-1.01427E-05-9.44493E-02
 -1       247-4.58663E-02-1.33960E-05-1.27484E-01
 -1       248-3.48217E-02-8.84806E-06-1.40068E-01
 -1       249-2.61550E-02-6.03199E-06-1.47083E-01
 -1       250-2.03203E-02-3.80760E-06-1.50342E-01
 -1       251-1.68441E-02-2.15043E-06-1.52104E-01
 -1       252-1.51414E-02-8.39300E-07-1.53450E-01
 -1       253-1.45413E-02 3.05415E-07-1.55115E-01
 -1       254-1.43536E-02 1.52857E-06-1.57209E-01
 -1       255-8.32440E-02 1.00325E-02-2.04502E-03
 -1       256-6.92447E-02 7.63363E-03-6.09132E-02
 -1       257-5.75922E-02 4.03885E-03-9.32838E-02
 -1       258-4.54592E-02 9.86389E-04-1.27246E-01
 -1       259-3.43773E-02-8.18353E-04-1.40153E-01
 -1       260-2.57295E-02-1.43116E-03-1.47279E-01
 -1       261-2.00273E-02-1.31031E-03-1.50519E-01
 -1       262-1.66828E-02-9.53484E-04-1.52225E-01
 -1       263-1.50756E-02-6.11369E-04-1.53517E-01
 -1       264-1.45316E-02-3.67953E-04-1.55149E-01
 -1       265-1.43732E-02-2.45323E-04-1.57233E-01
 -1       266-8.11003E-02 2.11358E-02 1.96336E-03
 -1       267-6.73542E-02 1.50102E-02-5.58593E-02
 -1       268-5.59164E-02 7.34988E-03-9.06134E-02
 -1       269-4.39572E-02 1.00080E-03-1.27440E-01
 -1       270-3.28464E-02-2.41447E-03-1.40799E-01
 -1       271-2.45701E-02-3.10606E-03-1.48103E-01
 -1       272-1.93472E-02-2.59798E-03-1.51156E-01
 -1       273-1.63640E-02-1.79665E-03-1.52612E-01
 -1       274-1.49826E-02-1.09771E-03-1.53703E-01
 -1       275-1.45725E-02-6.30315E-04-1.55217E-01
 -1       276-1.44820E-02-3.72120E-04-1.57275E-01
 -1       277-7.40420E-02 3.44223E-02 9.72568E-03
 -1       278-6.02299E-02 2.20845E-02-4.50987E-02
 -1       279-4.95142E-02 1.06822E-02-8.50412E-02
 -1       280-3.93886E-02-2.35792E-04-1.26409E-01
 -1       281-3.05885E-02-4.66568E-03-1.43495E-01
 -1       282-2.38646E-02-4.88224E-03-1.50153E-01
 -1       283-1.93796E-02-3.78694E-03-1.52470E-01
 -1       284-1.66651E-02-2.49759E-03-1.53288E-01
 -1       285-1.53104E-02-1.44040E-03-1.53940E-01
 -1       286-1.48531E-02-7.73068E-04-1.55228E-01
 -1       287-1.47479E-02-3.88633E-04-1.57232E-01
 -1       288-2.92405E-02-2.77938E-02-4.79076E-02
 -1       289-2.00427E-02-1.79424E-02-7.46504E-02
 -1       290-1.53899E-02-9.75453E-03-1.05737E-01
 -1       291-1.39372E-02-3.07883E-03-1.29659E-01
 -1       292-1.48135E-02 2.35328E-04-1.44673E-01
 -1       293-1.46342E-02 1.62792E-03-1.50728E-01
 -1       294-1.37914E-02 1.82738E-03-1.52879E-01
 -1       295-1.28900E-02 1.55167E-03-1.53415E-01
 -1       296-1.22089E-02 1.17865E-03-1.53826E-01
 -1       297-1.18334E-02 8.58101E-04-1.54889E-01
 -1       298-1.17470E-02 6.05096E-04-1.57027E-01
 -1       299-3.53038E-02-1.66084E-02-5.17950E-02
 -1       300-2.64262E-02-1.12537E-02-7.75023E-02
 -1       301-2.15111E-02-5.92098E-03-1.07008E-01
 -1       302-1.85135E-02-1.93521E-03-1.28966E-01
 -1       303-1.73156E-02 3.25240E-04-1.43188E-01
 -1       304-1.55830E-02 1.22531E-03-1.49226E-01
 -1       305-1.39789E-02 1.33228E-03-1.51820E-01
 -1       306-1.27592E-02 1.11405E-03-1.52811E-01
 -1       307-1.20010E-02 8.38952E-04-1.53582E-01
 -1       308-1.16380E-02 6.16290E-04-1.54878E-01
 -1       309-1.15502E-02 4.63494E-04-1.57070E-01
 -1       310-3.75499E-02-7.79005E-03-5.54306E-02
 -1       311-2.89186E-02-5.60967E-03-8.10119E-02
 -1       312-2.43716E-02-3.08163E-03-1.09602E-01
 -1       313-2.09537E-02-1.13920E-03-1.30046E-01
 -1       314-1.90283E-02 1.10523E-04-1.43130E-01
 -1       315-1.65701E-02 6.38758E-04-1.48786E-01
 -1       316-1.44404E-02 7.12169E-04-1.51388E-01
 -1       317-1.29139E-02 5.99986E-04-1.52497E-01
 -1       318-1.20067E-02 4.54963E-04-1.53399E-01
 -1       319-1.15844E-02 3.39063E-04-1.54783E-01
 -1       320-1.14769E-02 2.73265E-04-1.56971E-01
 -1       321-3.80761E-02-2.16104E-05-5.67312E-02
 -1       322-2.95514E-02-2.00724E-05-8.21947E-02
 -1       323-2.51716E-02-1.73654E-05-1.10507E-01
 -1       324-2.17031E-02-1.06678E-05-1.30460E-01
 -1       325-1.95909E-02-7.33317E-06-1.43223E-01
 -1       326-1.69588E-02-4.86192E-06-1.48738E-01
 -1       327-1.46604E-02-2.99496E-06-1.51285E-01
 -1       328-1.30141E-02-1.59509E-06-1.52402E-01
 -1       329-1.20385E-02-4.58102E-07-1.53328E-01
 -1       330-1.15849E-02 5.82526E-07-1.54727E-01
 -1       331-1.14647E-02 1.71796E-06-1.56910E-01
 -1       332-3.75562E-02 7.73232E-03-5.54415E-02
 -1       333-2.89255E-02 5.56316E-03-8.10194E-02
 -1       334-2.43784E-02 3.04925E-03-1.09605E-01
 -1       335-2.09591E-02 1.11739E-03-1.30048E-01
 -1       336-1.90327E-02-1.25498E-04-1.43132E-01
 -1       337-1.65738E-02-6.48582E-04-1.48787E-01
 -1       338-1.44437E-02-7.18261E-04-1.51389E-01
 -1       339-1.29168E-02-6.03237E-04-1.52497E-01
 -1       340-1.20093E-02-4.55917E-04-1.53399E-01
 -1       341-1.15870E-02-3.37912E-04-1.54784E-01
 -1       342-1.14793E-02-2.69856E-04-1.56972E-01
 -1       343-3.53177E-02 1.65525E-02-5.18010E-02
 -1       344-2.64403E-02 1.12081E-02-7.75095E-02
 -1       345-2.15240E-02 5.88752E-03-1.07014E-01
 -1       346-1.85243E-02 1.91206E-03-1.28971E-01
 -1       347-1.73247E-02-3.40714E-04-1.43192E-01
 -1       348-1.55908E-02-1.23552E-03-1.49229E-01
 -1       349-1.39855E-02-1.33863E-03-1.51822E-01
 -1       350-1.27650E-02-1.11749E-03-1.52813E-01
 -1       351-1.20063E-02-8.40019E-04-1.53583E-01
 -1       352-1.16430E-02-6.15184E-04-1.54880E-01
 -1       353-1.15551E-02-4.60134E-04-1.57072E-01
 -1       354-2.92637E-02 2.77396E-02-4.79194E-02
 -1       355-2.00650E-02 1.78982E-02-7.46636E-02
 -1       356-1.54105E-02 9.72096E-03-1.05749E-01
 -1       357-1.39548E-02 3.05471E-03-1.29668E-01
 -1       358-1.48280E-02-2.51618E-04-1.44680E-01
 -1       359-1.46463E-02-1.63877E-03-1.50733E-01
 -1       360-1.38015E-02-1.83426E-03-1.52882E-01
 -1       361-1.28986E-02-1.55548E-03-1.53417E-01
 -1       362-1.22166E-02-1.17994E-03-1.53828E-01
 -1       363-1.18407E-02-8.57098E-04-1.54890E-01
 -1       364-1.17542E-02-6.01774E-04-1.57029E-01
 -1       365-1.20828E-02-2.26798E-02-8.89383E-02
 -1       366-4.99737E-03-1.69025E-02-1.01716E-01
 -1       367-9.80472E-04-1.10254E-02-1.19557E-01
 -1       368-7.95659E-04-6.30070E-03-1.34492E-01
 -1       369-2.40622E-03-2.80765E-03-1.44411E-01
 -1       370-4.59084E-03-7.74497E-04-1.49798E-01
 -1       371-6.09445E-03 2.82291E-04-1.51875E-01
 -1       372-6.89839E-03 7.55252E-04-1.52554E-01
 -1       373-7.28157E-03 9.46226E-04-1.52919E-01
 -1       374-7.59481E-03 1.01921E-03-1.53887E-01
 -1       375-7.78274E-03 1.01467E-03-1.56203E-01
 -1       376-1.71649E-02-1.45477E-02-9.17380E-02
 -1       377-9.60769E-03-1.08258E-02-1.03965E-01
 -1       378-5.05081E-03-7.06258E-03-1.20475E-01
 -1       379-4.03450E-03-3.91482E-03-1.34433E-01
 -1       380-4.60664E-03-1.69670E-03-1.43824E-01
 -1       381-5.86381E-03-3.88743E-04-1.49076E-01
 -1       382-6.70945E-03 2.73777E-04-1.51263E-01
 -1       383-7.14873E-03 5.58671E-04-1.52155E-01
 -1       384-7.36564E-03 6.67267E-04-1.52730E-01
 -1       385-7.62600E-03 7.08730E-04-1.53887E-01
 -1       386-7.82896E-03 7.34119E-04-1.56254E-01
 -1       387-1.96940E-02-6.59829E-03-9.37683E-02
 -1       388-1.19847E-02-4.90985E-03-1.06172E-01
 -1       389-7.15291E-03-3.13415E-03-1.22211E-01
 -1       390-5.84845E-03-1.68291E-03-1.35459E-01
 -1       391-5.94857E-03-6.88725E-04-1.44166E-01
 -1       392-6.69596E-03-1.00629E-04-1.49014E-01
 -1       393-7.14323E-03 1.87092E-04-1.51054E-01
 -1       394-7.33654E-03 2.98524E-04-1.51942E-01
 -1       395-7.43036E-03 3.31038E-04-1.52555E-01
 -1       396-7.65707E-03 3.39197E-04-1.53742E-01
 -1       397-7.85887E-03 3.46927E-04-1.56063E-01
 -1       398-2.04337E-02-1.61370E-05-9.43449E-02
 -1       399-1.26722E-02-1.33770E-05-1.06802E-01
 -1       400-7.79087E-03-1.00252E-05-1.22780E-01
 -1       401-6.41353E-03-7.30896E-06-1.35821E-01
 -1       402-6.38575E-03-4.89509E-06-1.44293E-01
 -1       403-6.97983E-03-3.11989E-06-1.49002E-01
 -1       404-7.30142E-03-1.83630E-06-1.50998E-01
 -1       405-7.40857E-03-8.71734E-07-1.51883E-01
 -1       406-7.45671E-03-8.05326E-08-1.52508E-01
 -1       407-7.66686E-03 6.74516E-07-1.53704E-01
 -1       408-7.86802E-03 1.53985E-06-1.56018E-01
 -1       409-1.96981E-02 6.56775E-03-9.37690E-02
 -1       410-1.19891E-02 4.88373E-03-1.06174E-01
 -1       411-7.15718E-03 3.11331E-03-1.22214E-01
 -1       412-5.85235E-03 1.66792E-03-1.35461E-01
 -1       413-5.95203E-03 6.78769E-04-1.44168E-01
 -1       414-6.69902E-03 9.42440E-05-1.49015E-01
 -1       415-7.14592E-03-1.90873E-04-1.51055E-01
 -1       416-7.33891E-03-3.00352E-04-1.51943E-01
 -1       417-7.43250E-03-3.31260E-04-1.52556E-01
 -1       418-7.65911E-03-3.37891E-04-1.53742E-01
 -1       419-7.86084E-03-3.43902E-04-1.56064E-01
 -1       420-1.71736E-02 1.45136E-02-9.17426E-02
 -1       421-9.61652E-03 1.07976E-02-1.03971E-01
 -1       422-5.05937E-03 7.04091E-03-1.20481E-01
 -1       423-4.04247E-03 3.89924E-03-1.34437E-01
 -1       424-4.61373E-03 1.68608E-03-1.43828E-01
 -1       425-5.87000E-03 3.81861E-04-1.49079E-01
 -1       426-6.71482E-03-2.77948E-04-1.51265E-01
 -1       427-7.15342E-03-5.60785E-04-1.52157E-01
 -1       428-7.36984E-03-6.67681E-04-1.52731E-01
 -1       429-7.62999E-03-7.07530E-04-1.53888E-01
 -1       430-7.83284E-03-7.31186E-04-1.56255E-01
 -1       431-1.20971E-02 2.26448E-02-8.89510E-02
 -1       432-5.01162E-03 1.68737E-02-1.01731E-01
 -1       433-9.94338E-04 1.10030E-02-1.19570E-01
 -1       434-8.08423E-04 6.28441E-03-1.34502E-01
 -1       435-2.41732E-03 2.79625E-03-1.44418E-01
 -1       436-4.60021E-03 7.66892E-04-1.49804E-01
 -1       437-6.10237E-03-2.87039E-04-1.51879E-01
 -1       438-6.90518E-03-7.57797E-04-1.52556E-01
 -1       439-7.28763E-03-9.46932E-04-1.52921E-01
 -1       440-7.60061E-03-1.01818E-03-1.53888E-01
 -1       441-7.78850E-03-1.01179E-03-1.56205E-01
 -1       442-7.70603E-03-1.71082E-02-1.19764E-01
 -1       443 1.09468E-04-1.38099E-02-1.25923E-01
 -1       444 3.90422E-03-1.02286E-02-1.33459E-01
 -1       445 4.39950E-03-6.62195E-03-1.40501E-01
 -1       446 2.90906E-03-3.71163E-03-1.45643E-01
 -1       447 8.69354E-04-1.65775E-03-1.48767E-01
 -1       448-9.40030E-04-3.92007E-04-1.50393E-01
 -1       449-2.12672E-03 3.45312E-04-1.51099E-01
 -1       450-2.75711E-03 7.98415E-04-1.51525E-01
 -1       451-3.11110E-03 1.15797E-03-1.52089E-01
 -1       452-3.81639E-03 1.55810E-03-1.54247E-01
 -1       453-1.02772E-02-9.34054E-03-1.24476E-01
 -1       454-2.46483E-03-7.23727E-03-1.30421E-01
 -1       455 1.37682E-03-5.23495E-03-1.36481E-01
 -1       456 2.21417E-03-3.34597E-03-1.42304E-01
 -1       457 1.26386E-03-1.83189E-03-1.46519E-01
 -1       458-2.14495E-04-7.87848E-04-1.49051E-01
 -1       459-1.58002E-03-1.53062E-04-1.50353E-01
 -1       460-2.48360E-03 2.10210E-04-1.50911E-01
 -1       461-2.97484E-03 4.27871E-04-1.51284E-01
 -1       462-3.29979E-03 5.86488E-04-1.51824E-01
 -1       463-4.06261E-03 7.25920E-04-1.53986E-01
 -1       464-1.19181E-02-4.20796E-03-1.24352E-01
 -1       465-3.80333E-03-3.17562E-03-1.30937E-01
 -1       466 2.22523E-04-2.22642E-03-1.36853E-01
 -1       467 1.27838E-03-1.39575E-03-1.42488E-01
 -1       468 5.53209E-04-7.48475E-04-1.46564E-01
 -1       469-6.94997E-04-3.09374E-04-1.49000E-01
 -1       470-1.86101E-03-4.43787E-05-1.50267E-01
 -1       471-2.62286E-03 1.04963E-04-1.50834E-01
 -1       472-3.03519E-03 1.90977E-04-1.51234E-01
 -1       473-3.33696E-03 2.45990E-04-1.51793E-01
 -1       474-4.14288E-03 2.87239E-04-1.53970E-01
 -1       475-1.23856E-02-6.93026E-06-1.24430E-01
 -1       476-4.20611E-03-5.85930E-06-1.31205E-01
 -1       477-1.30608E-04-4.54749E-06-1.37083E-01
 -1       478 9.90834E-04-3.23204E-06-1.42646E-01
 -1       479 3.32857E-04-2.13318E-06-1.46646E-01
 -1       480-8.45737E-04-1.29857E-06-1.49020E-01
 -1       481-1.94865E-03-6.98378E-07-1.50254E-01
 -1       482-2.66527E-03-2.51726E-07-1.50811E-01
 -1       483-3.05175E-03 1.26649E-07-1.51211E-01
 -1       484-3.34719E-03 5.21558E-07-1.51768E-01
 -1       485-4.15932E-03 1.03299E-06-1.53946E-01
 -1       486-1.19196E-02 4.19365E-03-1.24352E-01
 -1       487-3.80497E-03 3.16369E-03-1.30938E-01
 -1       488 2.20517E-04 2.21740E-03-1.36854E-01
 -1       489 1.27627E-03 1.38930E-03-1.42489E-01
 -1       490 5.51211E-04 7.44159E-04-1.46565E-01
 -1       491-6.96801E-04 3.06718E-04-1.49001E-01
 -1       492-1.86260E-03 4.29213E-05-1.50268E-01
 -1       493-2.62425E-03-1.05527E-04-1.50835E-01
 -1       494-3.03641E-03-1.90783E-04-1.51235E-01
 -1       495-3.33807E-03-2.45009E-04-1.51794E-01
 -1       496-4.14403E-03-2.85253E-04-1.53971E-01
 -1       497-1.02801E-02 9.32676E-03-1.24477E-01
 -1       498-2.46847E-03 7.22552E-03-1.30424E-01
 -1       499 1.37250E-03 5.22570E-03-1.36484E-01
 -1       500 2.20978E-03 3.33922E-03-1.42307E-01
 -1       501 1.25976E-03 1.82728E-03-1.46521E-01
 -1       502-2.18149E-04 7.84889E-04-1.49052E-01
 -1       503-1.58320E-03 1.51336E-04-1.50354E-01
 -1       504-2.48636E-03-2.11002E-04-1.50912E-01
 -1       505-2.97726E-03-4.27875E-04-1.51284E-01
 -1       506-3.30197E-03-5.85700E-04-1.51824E-01
 -1       507-4.06484E-03-7.24187E-04-1.53987E-01
 -1       508-7.70980E-03 1.70930E-02-1.19773E-01
 -1       509 1.03764E-04 1.37963E-02-1.25934E-01
 -1       510 3.89736E-03 1.02176E-02-1.33468E-01
 -1       511 4.39261E-03 6.61354E-03-1.40508E-01
 -1       512 2.90277E-03 3.70562E-03-1.45649E-01
 -1       513 8.63889E-04 1.65368E-03-1.48771E-01
 -1       514-9.44682E-04 3.89447E-04-1.50395E-01
 -1       515-2.13071E-03-3.46687E-04-1.51101E-01
 -1       516-2.76060E-03-7.98804E-04-1.51526E-01
 -1       517-3.11428E-03-1.15745E-03-1.52089E-01
 -1       518-3.81958E-03-1.55670E-03-1.54248E-01
 -1       519 0.00000E+00 0.00000E+00-1.50000E-01
 -1       520 0.00000E+00 0.00000E+00-1.50000E-01
 -1       521 0.00000E+00 0.00000E+00-1.50000E-01
 -1       522 0.00000E+00 0.00000E+00-1.50000E-01
 -1       523 0.00000E+00 0.00000E+00-1.50000E-01
 -1       524 0.00000E+00 0.00000E+00-1.50000E-01
 -1       525 0.00000E+00 0.00000E+00-1.50000E-01
 -1       526 0.00000E+00 0.00000E+00-1.50000E-01
 -1       527 0.00000E+00 0.00000E+00-1.50000E-01
 -1       528 0.00000E+00 0.00000E+00-1.50000E-01
 -1       529 0.00000E+00 0.00000E+00-1.50000E-01
 -1       530 0.00000E+00 0.00000E+00-1.50000E-01
 -1       531 0.00000E+00 0.00000E+00-1.50000E-01
 -1       532 0.00000E+00 0.00000E+00-1.50000E-01
 -1       533 0.00000E+00 0.00000E+00-1.50000E-01
 -1       534 0.00000E+00 0.00000E+00-1.50000E-01
 -1       535 0.00000E+00 0.00000E+00-1.50000E-01
 -1       536 0.00000E+00 0.00000E+00-1.50000E-01
 -1       537 0.00000E+00 0.00000E+00-1.50000E-01
 -1       538 0.00000E+00 0.00000E+00-1.50000E-01
 -1       539 0.00000E+00 0.00000E+00-1.50000E-01
 -1       540 0.00000E+00 0.00000E+00-1.50000E-01
 -1       541 0.00000E+00 0.00000E+00-1.50000E-01
 -1       542 0.00000E+00 0.00000E+00-1.50000E-01
 -1       543 0.00000E+00 0.00000E+00-1.50000E-01
 -1       544 0.00000E+00 0.00000E+00-1.50000E-01
 -1       545 0.00000E+00 0.00000E+00-1.50000E-01
 -1       546 0.00000E+00 0.00000E+00-1.50000E-01
 -1       547 0.00000E+00 0.00000E+00-1.50000E-01
 -1       548 0.00000E+00 0.00000E+00-1.50000E-01
 -1       549 0.00000E+00 0.00000E+00-1.50000E-01
 -1       550 0.00000E+00 0.00000E+00-1.50000E-01
 -1       551 0.00000E+00 0.00000E+00-1.50000E-01
 -1       552 0.00000E+00 0.00000E+00-1.50000E-01
 -1       553 0.00000E+00 0.00000E+00-1.50000E-01
 -1       554 0.00000E+00 0.00000E+00-1.50000E-01
 -1       555 0.00000E+00 0.00000E+00-1.50000E-01
 -1       556 0.00000E+00 0.00000E+00-1.50000E-01
 -1       557 0.00000E+00 0.00000E+00-1.50000E-01
 -1       558 0.00000E+00 0.00000E+00-1.50000E-01
 -1       559 0.00000E+00 0.00000E+00-1.50000E-01
 -1       560 0.00000E+00 0.00000E+00-1.50000E-01
 -1       561 0.00000E+00 0.00000E+00-1.50000E-01
 -1       562 0.00000E+00 0.00000E+00-1.50000E-01
 -1       563 0.00000E+00 0.00000E+00-1.50000E-01
 -1       564 0.00000E+00 0.00000E+00-1.50000E-01
 -1       565 0.00000E+00 0.00000E+00-1.50000E-01
 -1       566 0.00000E+00 0.00000E+00-1.50000E-01
 -1       567 0.00000E+00 0.00000E+00-1.50000E-01
 -1       568 0.00000E+00 0.00000E+00-1.50000E-01
 -1       569 0.00000E+00 0.00000E+00-1.50000E-01
 -1       570 0.00000E+00 0.00000E+00-1.50000E-01
 -1       571 0.00000E+00 0.00000E+00-1.50000E-01
 -1       572 0.00000E+00 0.00000E+00-1.50000E-01
 -1       573 0.00000E+00 0.00000E+00-1.50000E-01
 -1       574 0.00000E+00 0.00000E+00-1.50000E-01
 -1       575 0.00000E+00 0.00000E+00-1.50000E-01
 -1       576 0.00000E+00 0.00000E+00-1.50000E-01
 -1       577 0.00000E+00 0.00000E+00-1.50000E-01
 -1       578 0.00000E+00 0.00000E+00-1.50000E-01
 -1       579 0.00000E+00 0.00000E+00-1.50000E-01
 -1       580 0.00000E+00 0.00000E+00-1.50000E-01
 -1       581 0.00000E+00 0.00000E+00-1.50000E-01
 -1       582 0.00000E+00 0.00000E+00-1.50000E-01
 -1       583 0.00000E+00 0.00000E+00-1.50000E-01
 -1       584 0.00000E+00 0.00000E+00-1.50000E-01
 -1       585 0.00000E+00 0.00000E+00-1.50000E-01
 -1       586 0.00000E+00 0.00000E+00-1.50000E-01
 -1       587 0.00000E+00 0.00000E+00-1.50000E-01
 -1       588 0.00000E+00 0.00000E+00-1.50000E-01
 -1       589 0.00000E+00 0.00000E+00-1.50000E-01
 -1       590 0.00000E+00 0.00000E+00-1.50000E-01
 -1       591 0.00000E+00 0.00000E+00-1.50000E-01
 -1       592 0.00000E+00 0.00000E+00-1.50000E-01
 -1       593 0.00000E+00 0.00000E+00-1.50000E-01
 -1       594 0.00000E+00 0.00000E+00-1.50000E-01
 -1       595 0.00000E+00 0.00000E+00-1.50000E-01
 -3
    1PSTEP                         6           3           1          
  100CL  103 1.000000000          77                     0    3           1
 -4  CONTACT     6    1
 -5  COPEN       1    1    0    0
 -5  CSLIP1      1    1    0    0
 -5  CSLIP2      1    1    0    0
 -5  CPRESS      1    1    0    0
 -5  CSHEAR1     1    1    0    0
 -5  CSHEAR2     1    1    0    0
 -1       287 3.12593E-01 0.00000E+00 0.00000E+00-3.00000E+00 0.00000E+00 0.00000E+00
 -1       286 2.64578E-01 0.00000E+00 0.00000E+00-3.00000E+00 0.00000E+00 0.00000E+00
 -1       285 2.15813E-01 0.00000E+00 0.00000E+00-3.00000E+00 0.00000E+00 0.00000E+00
 -1       284 1.66375E-01 0.00000E+00 0.00000E+00-3.00000E+00 0.00000E+00 0.00000E+00
 -1       283 1.17066E-01 0.00000E+00 0.00000E+00-3.00000E+00 0.00000E+00 0.00000E+00
 -1       282 6.96922E-02 0.00000E+00 0.00000E+00-3.00000E+00 0.00000E+00 0.00000E+00
 -1       281 2.75992E-02 0.00000E+00 0.00000E+00-3.00000E+00 0.00000E+00 0.00000E+00
 -1       280-2.06059E-04 0.00000E+00 0.00000E+00 2.03061E+02 0.00000E+00 0.00000E+00
 -1       279-1.65993E-03 0.00000E+00 0.00000E+00 1.65693E+03 0.00000E+00 0.00000E+00
 -1       278-2.67829E-03 0.00000E+00 0.00000E+00 2.67529E+03 0.00000E+00 0.00000E+00
 -1       277-4.46243E-03 0.00000E+00 0.00000E+00 4.45943E+03 0.00000E+00 0.00000E+00
 -1       276 3.12539E-01 0.00000E+00 0.00000E+00-3.00000E+00 0.00000E+00 0.00000E+00
 -1       275 2.64568E-01 0.00000E+00 0.00000E+00-3.00000E+00 0.00000E+00 0.00000E+00
 -1       274 2.16013E-01 0.00000E+00 0.00000E+00-3.00000E+00 0.00000E+00 0.00000E+00
 -1       273 1.66976E-01 0.00000E+00 0.00000E+00-3.00000E+00 0.00000E+00 0.00000E+00
 -1       272 1.18249E-01 0.00000E+00 0.00000E+00-3.00000E+00 0.00000E+00 0.00000E+00
 -1       271 7.15548E-02 0.00000E+00 0.00000E+00-3.00000E+00 0.00000E+00 0.00000E+00
 -1       270 3.04369E-02 0.00000E+00 0.00000E+00-3.00000E+00 0.00000E+00 0.00000E+00
 -1       269 9.27507E-04 0.00000E+00 0.00000E+00-2.99990E+00 0.00000E+00 0.00000E+00
 -1       268-1.27312E-03 0.00000E+00 0.00000E+00 1.27012E+03 0.00000E+00 0.00000E+00
 -1       267-2.09519E-03 0.00000E+00 0.00000E+00 2.09219E+03 0.00000E+00 0.00000E+00
 -1       266-4.14725E-03 0.00000E+00 0.00000E+00 4.14425E+03 0.00000E+00 0.00000E+00
 -1       265 3.12576E-01 0.00000E+00 0.00000E+00-3.00000E+00 0.00000E+00 0.00000E+00
 -1       264 2.64627E-01 0.00000E+00 0.00000E+00-3.00000E+00 0.00000E+00 0.00000E+00
 -1       263 2.16179E-01 0.00000E+00 0.00000E+00-3.00000E+00 0.00000E+00 0.00000E+00
 -1       262 1.67320E-01 0.00000E+00 0.00000E+00-3.00000E+00 0.00000E+00 0.00000E+00
 -1       261 1.18806E-01 0.00000E+00 0.00000E+00-3.00000E+00 0.00000E+00 0.00000E+00
 -1       260 7.23172E-02 0.00000E+00 0.00000E+00-3.00000E+00 0.00000E+00 0.00000E+00
 -1       259 3.12182E-02 0.00000E+00 0.00000E+00-3.00000E+00 0.00000E+00 0.00000E+00
 -1       258 2.18914E-03 0.00000E+00 0.00000E+00-2.99998E+00 0.00000E+00 0.00000E+00
 -1       257-1.13547E-03 0.00000E+00 0.00000E+00 1.13247E+03 0.00000E+00 0.00000E+00
 -1       256-1.85670E-03 0.00000E+00 0.00000E+00 1.85370E+03 0.00000E+00 0.00000E+00
 -1       255-4.05668E-03 0.00000E+00 0.00000E+00 4.05368E+03 0.00000E+00 0.00000E+00
 -1       254 3.12597E-01 0.00000E+00 0.00000E+00-3.00000E+00 0.00000E+00 0.00000E+00
 -1       253 2.64656E-01 0.00000E+00 0.00000E+00-3.00000E+00 0.00000E+00 0.00000E+00
 -1       252 2.16235E-01 0.00000E+00 0.00000E+00-3.00000E+00 0.00000E+00 0.00000E+00
 -1       251 1.67413E-01 0.00000E+00 0.00000E+00-3.00000E+00 0.00000E+00 0.00000E+00
 -1       250 1.18930E-01 0.00000E+00 0.00000E+00-3.00000E+00 0.00000E+00 0.00000E+00
 -1       249 7.25137E-02 0.00000E+00 0.00000E+00-3.00000E+00 0.00000E+00 0.00000E+00
 -1       248 3.14325E-02 0.00000E+00 0.00000E+00-3.00000E+00 0.00000E+00 0.00000E+00
 -1       247 2.46941E-03 0.00000E+00 0.00000E+00-2.99999E+00 0.00000E+00 0.00000E+00
 -1       246-1.09221E-03 0.00000E+00 0.00000E+00 1.08921E+03 0.00000E+00 0.00000E+00
 -1       245-1.77162E-03 0.00000E+00 0.00000E+00 1.76862E+03 0.00000E+00 0.00000E+00
 -1       244-4.00511E-03 0.00000E+00 0.00000E+00 4.00211E+03 0.00000E+00 0.00000E+00
 -1       243 3.12577E-01 0.00000E+00 0.00000E+00-3.00000E+00 0.00000E+00 0.00000E+00
 -1       242 2.64627E-01 0.00000E+00 0.00000E+00-3.00000E+00 0.00000E+00 0.00000E+00
 -1       241 2.16179E-01 0.00000E+00 0.00000E+00-3.00000E+00 0.00000E+00 0.00000E+00
 -1       240 1.67321E-01 0.00000E+00 0.00000E+00-3.00000E+00 0.00000E+00 0.00000E+00
 -1       239 1.18807E-01 0.00000E+00 0.00000E+00-3.00000E+00 0.00000E+00 0.00000E+00
 -1       238 7.23185E-02 0.00000E+00 0.00000E+00-3.00000E+00 0.00000E+00 0.00000E+00
 -1       237 3.12198E-02 0.00000E+00 0.00000E+00-3.00000E+00 0.00000E+00 0.00000E+00
 -1       236 2.19043E-03 0.00000E+00 0.00000E+00-2.99998E+00 0.00000E+00 0.00000E+00
 -1       235-1.13539E-03 0.00000E+00 0.00000E+00 1.13239E+03 0.00000E+00 0.00000E+00
 -1       234-1.85659E-03 0.00000E+00 0.00000E+00 1.85359E+03 0.00000E+00 0.00000E+00
 -1       233-4.05639E-03 0.00000E+00 0.00000E+00 4.05339E+03 0.00000E+00 0.00000E+00
 -1       232 3.12540E-01 0.00000E+00 0.00000E+00-3.00000E+00 0.00000E+00 0.00000E+00
 -1       231 2.64570E-01 0.00000E+00 0.00000E+00-3.00000E+00 0.00000E+00 0.00000E+00
 -1       230 2.16014E-01 0.00000E+00 0.00000E+00-3.00000E+00 0.00000E+00 0.00000E+00
 -1       229 1.66977E-01 0.00000E+00 0.00000E+00-3.00000E+00 0.00000E+00 0.00000E+00
 -1       228 1.18251E-01 0.00000E+00 0.00000E+00-3.00000E+00 0.00000E+00 0.00000E+00
 -1       227 7.15576E-02 0.00000E+00 0.00000E+00-3.00000E+00 0.00000E+00 0.00000E+00
 -1       226 3.04402E-02 0.00000E+00 0.00000E+00-3.00000E+00 0.00000E+00 0.00000E+00
 -1       225 9.31191E-04 0.00000E+00 0.00000E+00-2.99990E+00 0.00000E+00 0.00000E+00
 -1       224-1.27288E-03 0.00000E+00 0.00000E+00 1.26988E+03 0.00000E+00 0.00000E+00
 -1       223-2.09500E-03 0.00000E+00 0.00000E+00 2.09200E+03 0.00000E+00 0.00000E+00
 -1       222-4.14695E-03 0.00000E+00 0.00000E+00 4.14395E+03 0.00000E+00 0.00000E+00
 -1       221 3.12595E-01 0.00000E+00 0.00000E+00-3.00000E+00 0.00000E+00 0.00000E+00
 -1       220 2.64580E-01 0.00000E+00 0.00000E+00-3.00000E+00 0.00000E+00 0.00000E+00
 -1       219 2.15815E-01 0.00000E+00 0.00000E+00-3.00000E+00 0.00000E+00 0.00000E+00
 -1       218 1.66377E-01 0.00000E+00 0.00000E+00-3.00000E+00 0.00000E+00 0.00000E+00
 -1       217 1.17069E-01 0.00000E+00 0.00000E+00-3.00000E+00 0.00000E+00 0.00000E+00
 -1       216 6.96966E-02 0.00000E+00 0.00000E+00-3.00000E+00 0.00000E+00 0.00000E+00
 -1       215 2.76048E-02 0.00000E+00 0.00000E+00-3.00000E+00 0.00000E+00 0.00000E+00
 -1       214-2.05653E-04 0.00000E+00 0.00000E+00 2.02655E+02 0.00000E+00 0.00000E+00
 -1       213-1.65938E-03 0.00000E+00 0.00000E+00 1.65638E+03 0.00000E+00 0.00000E+00
 -1       212-2.67770E-03 0.00000E+00 0.00000E+00 2.67470E+03 0.00000E+00 0.00000E+00
 -1       211-4.46179E-03 0.00000E+00 0.00000E+00 4.45879E+03 0.00000E+00 0.00000E+00
 -3
 9999
