    1C
    1Uccxview sample: S8R cantilever plate, in-plane pull then end line 
    1UUSER                                                              
    1UDATE              09.october.2026                                 
    1UTIME              17:45:48                                        
    1UHOST                                                              
    1UPGM               CalculiX                                        
    1UVERSION           Version 2.22                             
    1UCOMPILETIME       Mon Aug  5 19:15:25 CEST 2024                    
    1UDIR                                                               
    1UDBN                                                               
    1UMAT    1STEEL                                                     
    2C                           203                                     1
 -1        86 0.00000E+00 0.00000E+00-1.00000E+00
 -1        87 0.00000E+00 0.00000E+00 0.00000E+00
 -1        88 0.00000E+00 0.00000E+00 1.00000E+00
 -1        89 5.00000E+00 0.00000E+00-1.00000E+00
 -1        91 5.00000E+00 0.00000E+00 1.00000E+00
 -1        92 1.00000E+01 0.00000E+00-1.00000E+00
 -1        93 1.00000E+01 0.00000E+00 0.00000E+00
 -1        94 1.00000E+01 0.00000E+00 1.00000E+00
 -1        95 1.50000E+01 0.00000E+00-1.00000E+00
 -1        97 1.50000E+01 0.00000E+00 1.00000E+00
 -1        98 2.00000E+01 0.00000E+00-1.00000E+00
 -1        99 2.00000E+01 0.00000E+00 0.00000E+00
 -1       100 2.00000E+01 0.00000E+00 1.00000E+00
 -1       101 2.50000E+01 0.00000E+00-1.00000E+00
 -1       103 2.50000E+01 0.00000E+00 1.00000E+00
 -1       104 3.00000E+01 0.00000E+00-1.00000E+00
 -1       105 3.00000E+01 0.00000E+00 0.00000E+00
 -1       106 3.00000E+01 0.00000E+00 1.00000E+00
 -1       107 3.50000E+01 0.00000E+00-1.00000E+00
 -1       109 3.50000E+01 0.00000E+00 1.00000E+00
 -1       110 4.00000E+01 0.00000E+00-1.00000E+00
 -1       111 4.00000E+01 0.00000E+00 0.00000E+00
 -1       112 4.00000E+01 0.00000E+00 1.00000E+00
 -1       113 4.50000E+01 0.00000E+00-1.00000E+00
 -1       115 4.50000E+01 0.00000E+00 1.00000E+00
 -1       116 5.00000E+01 0.00000E+00-1.00000E+00
 -1       117 5.00000E+01 0.00000E+00 0.00000E+00
 -1       118 5.00000E+01 0.00000E+00 1.00000E+00
 -1       119 5.50000E+01 0.00000E+00-1.00000E+00
 -1       121 5.50000E+01 0.00000E+00 1.00000E+00
 -1       122 6.00000E+01 0.00000E+00-1.00000E+00
 -1       123 6.00000E+01 0.00000E+00 0.00000E+00
 -1       124 6.00000E+01 0.00000E+00 1.00000E+00
 -1       125 6.50000E+01 0.00000E+00-1.00000E+00
 -1       127 6.50000E+01 0.00000E+00 1.00000E+00
 -1       128 7.00000E+01 0.00000E+00-1.00000E+00
 -1       129 7.00000E+01 0.00000E+00 0.00000E+00
 -1       130 7.00000E+01 0.00000E+00 1.00000E+00
 -1       131 7.50000E+01 0.00000E+00-1.00000E+00
 -1       133 7.50000E+01 0.00000E+00 1.00000E+00
 -1       134 8.00000E+01 0.00000E+00-1.00000E+00
 -1       135 8.00000E+01 0.00000E+00 0.00000E+00
 -1       136 8.00000E+01 0.00000E+00 1.00000E+00
 -1       137 8.50000E+01 0.00000E+00-1.00000E+00
 -1       139 8.50000E+01 0.00000E+00 1.00000E+00
 -1       140 9.00000E+01 0.00000E+00-1.00000E+00
 -1       141 9.00000E+01 0.00000E+00 0.00000E+00
 -1       142 9.00000E+01 0.00000E+00 1.00000E+00
 -1       143 9.50000E+01 0.00000E+00-1.00000E+00
 -1       145 9.50000E+01 0.00000E+00 1.00000E+00
 -1       146 1.00000E+02 0.00000E+00-1.00000E+00
 -1       147 1.00000E+02 0.00000E+00 0.00000E+00
 -1       148 1.00000E+02 0.00000E+00 1.00000E+00
 -1       149 0.00000E+00 5.00000E+00-1.00000E+00
 -1       151 0.00000E+00 5.00000E+00 1.00000E+00
 -1       152 1.00000E+01 5.00000E+00-1.00000E+00
 -1       154 1.00000E+01 5.00000E+00 1.00000E+00
 -1       155 2.00000E+01 5.00000E+00-1.00000E+00
 -1       157 2.00000E+01 5.00000E+00 1.00000E+00
 -1       158 3.00000E+01 5.00000E+00-1.00000E+00
 -1       160 3.00000E+01 5.00000E+00 1.00000E+00
 -1       161 4.00000E+01 5.00000E+00-1.00000E+00
 -1       163 4.00000E+01 5.00000E+00 1.00000E+00
 -1       164 5.00000E+01 5.00000E+00-1.00000E+00
 -1       166 5.00000E+01 5.00000E+00 1.00000E+00
 -1       167 6.00000E+01 5.00000E+00-1.00000E+00
 -1       169 6.00000E+01 5.00000E+00 1.00000E+00
 -1       170 7.00000E+01 5.00000E+00-1.00000E+00
 -1       172 7.00000E+01 5.00000E+00 1.00000E+00
 -1       173 8.00000E+01 5.00000E+00-1.00000E+00
 -1       175 8.00000E+01 5.00000E+00 1.00000E+00
 -1       176 9.00000E+01 5.00000E+00-1.00000E+00
 -1       178 9.00000E+01 5.00000E+00 1.00000E+00
 -1       179 1.00000E+02 5.00000E+00-1.00000E+00
 -1       181 1.00000E+02 5.00000E+00 1.00000E+00
 -1       182 0.00000E+00 1.00000E+01-1.00000E+00
 -1       183 0.00000E+00 1.00000E+01 0.00000E+00
 -1       184 0.00000E+00 1.00000E+01 1.00000E+00
 -1       185 5.00000E+00 1.00000E+01-1.00000E+00
 -1       187 5.00000E+00 1.00000E+01 1.00000E+00
 -1       188 1.00000E+01 1.00000E+01-1.00000E+00
 -1       189 1.00000E+01 1.00000E+01 0.00000E+00
 -1       190 1.00000E+01 1.00000E+01 1.00000E+00
 -1       191 1.50000E+01 1.00000E+01-1.00000E+00
 -1       193 1.50000E+01 1.00000E+01 1.00000E+00
 -1       194 2.00000E+01 1.00000E+01-1.00000E+00
 -1       195 2.00000E+01 1.00000E+01 0.00000E+00
 -1       196 2.00000E+01 1.00000E+01 1.00000E+00
 -1       197 2.50000E+01 1.00000E+01-1.00000E+00
 -1       199 2.50000E+01 1.00000E+01 1.00000E+00
 -1       200 3.00000E+01 1.00000E+01-1.00000E+00
 -1       201 3.00000E+01 1.00000E+01 0.00000E+00
 -1       202 3.00000E+01 1.00000E+01 1.00000E+00
 -1       203 3.50000E+01 1.00000E+01-1.00000E+00
 -1       205 3.50000E+01 1.00000E+01 1.00000E+00
 -1       206 4.00000E+01 1.00000E+01-1.00000E+00
 -1       207 4.00000E+01 1.00000E+01 0.00000E+00
 -1       208 4.00000E+01 1.00000E+01 1.00000E+00
 -1       209 4.50000E+01 1.00000E+01-1.00000E+00
 -1       211 4.50000E+01 1.00000E+01 1.00000E+00
 -1       212 5.00000E+01 1.00000E+01-1.00000E+00
 -1       213 5.00000E+01 1.00000E+01 0.00000E+00
 -1       214 5.00000E+01 1.00000E+01 1.00000E+00
 -1       215 5.50000E+01 1.00000E+01-1.00000E+00
 -1       217 5.50000E+01 1.00000E+01 1.00000E+00
 -1       218 6.00000E+01 1.00000E+01-1.00000E+00
 -1       219 6.00000E+01 1.00000E+01 0.00000E+00
 -1       220 6.00000E+01 1.00000E+01 1.00000E+00
 -1       221 6.50000E+01 1.00000E+01-1.00000E+00
 -1       223 6.50000E+01 1.00000E+01 1.00000E+00
 -1       224 7.00000E+01 1.00000E+01-1.00000E+00
 -1       225 7.00000E+01 1.00000E+01 0.00000E+00
 -1       226 7.00000E+01 1.00000E+01 1.00000E+00
 -1       227 7.50000E+01 1.00000E+01-1.00000E+00
 -1       229 7.50000E+01 1.00000E+01 1.00000E+00
 -1       230 8.00000E+01 1.00000E+01-1.00000E+00
 -1       231 8.00000E+01 1.00000E+01 0.00000E+00
 -1       232 8.00000E+01 1.00000E+01 1.00000E+00
 -1       233 8.50000E+01 1.00000E+01-1.00000E+00
 -1       235 8.50000E+01 1.00000E+01 1.00000E+00
 -1       236 9.00000E+01 1.00000E+01-1.00000E+00
 -1       237 9.00000E+01 1.00000E+01 0.00000E+00
 -1       238 9.00000E+01 1.00000E+01 1.00000E+00
 -1       239 9.50000E+01 1.00000E+01-1.00000E+00
 -1       241 9.50000E+01 1.00000E+01 1.00000E+00
 -1       242 1.00000E+02 1.00000E+01-1.00000E+00
 -1       243 1.00000E+02 1.00000E+01 0.00000E+00
 -1       244 1.00000E+02 1.00000E+01 1.00000E+00
 -1       245 0.00000E+00 1.50000E+01-1.00000E+00
 -1       247 0.00000E+00 1.50000E+01 1.00000E+00
 -1       248 1.00000E+01 1.50000E+01-1.00000E+00
 -1       250 1.00000E+01 1.50000E+01 1.00000E+00
 -1       251 2.00000E+01 1.50000E+01-1.00000E+00
 -1       253 2.00000E+01 1.50000E+01 1.00000E+00
 -1       254 3.00000E+01 1.50000E+01-1.00000E+00
 -1       256 3.00000E+01 1.50000E+01 1.00000E+00
 -1       257 4.00000E+01 1.50000E+01-1.00000E+00
 -1       259 4.00000E+01 1.50000E+01 1.00000E+00
 -1       260 5.00000E+01 1.50000E+01-1.00000E+00
 -1       262 5.00000E+01 1.50000E+01 1.00000E+00
 -1       263 6.00000E+01 1.50000E+01-1.00000E+00
 -1       265 6.00000E+01 1.50000E+01 1.00000E+00
 -1       266 7.00000E+01 1.50000E+01-1.00000E+00
 -1       268 7.00000E+01 1.50000E+01 1.00000E+00
 -1       269 8.00000E+01 1.50000E+01-1.00000E+00
 -1       271 8.00000E+01 1.50000E+01 1.00000E+00
 -1       272 9.00000E+01 1.50000E+01-1.00000E+00
 -1       274 9.00000E+01 1.50000E+01 1.00000E+00
 -1       275 1.00000E+02 1.50000E+01-1.00000E+00
 -1       277 1.00000E+02 1.50000E+01 1.00000E+00
 -1       278 0.00000E+00 2.00000E+01-1.00000E+00
 -1       279 0.00000E+00 2.00000E+01 0.00000E+00
 -1       280 0.00000E+00 2.00000E+01 1.00000E+00
 -1       281 5.00000E+00 2.00000E+01-1.00000E+00
 -1       283 5.00000E+00 2.00000E+01 1.00000E+00
 -1       284 1.00000E+01 2.00000E+01-1.00000E+00
 -1       285 1.00000E+01 2.00000E+01 0.00000E+00
 -1       286 1.00000E+01 2.00000E+01 1.00000E+00
 -1       287 1.50000E+01 2.00000E+01-1.00000E+00
 -1       289 1.50000E+01 2.00000E+01 1.00000E+00
 -1       290 2.00000E+01 2.00000E+01-1.00000E+00
 -1       291 2.00000E+01 2.00000E+01 0.00000E+00
 -1       292 2.00000E+01 2.00000E+01 1.00000E+00
 -1       293 2.50000E+01 2.00000E+01-1.00000E+00
 -1       295 2.50000E+01 2.00000E+01 1.00000E+00
 -1       296 3.00000E+01 2.00000E+01-1.00000E+00
 -1       297 3.00000E+01 2.00000E+01 0.00000E+00
 -1       298 3.00000E+01 2.00000E+01 1.00000E+00
 -1       299 3.50000E+01 2.00000E+01-1.00000E+00
 -1       301 3.50000E+01 2.00000E+01 1.00000E+00
 -1       302 4.00000E+01 2.00000E+01-1.00000E+00
 -1       303 4.00000E+01 2.00000E+01 0.00000E+00
 -1       304 4.00000E+01 2.00000E+01 1.00000E+00
 -1       305 4.50000E+01 2.00000E+01-1.00000E+00
 -1       307 4.50000E+01 2.00000E+01 1.00000E+00
 -1       308 5.00000E+01 2.00000E+01-1.00000E+00
 -1       309 5.00000E+01 2.00000E+01 0.00000E+00
 -1       310 5.00000E+01 2.00000E+01 1.00000E+00
 -1       311 5.50000E+01 2.00000E+01-1.00000E+00
 -1       313 5.50000E+01 2.00000E+01 1.00000E+00
 -1       314 6.00000E+01 2.00000E+01-1.00000E+00
 -1       315 6.00000E+01 2.00000E+01 0.00000E+00
 -1       316 6.00000E+01 2.00000E+01 1.00000E+00
 -1       317 6.50000E+01 2.00000E+01-1.00000E+00
 -1       319 6.50000E+01 2.00000E+01 1.00000E+00
 -1       320 7.00000E+01 2.00000E+01-1.00000E+00
 -1       321 7.00000E+01 2.00000E+01 0.00000E+00
 -1       322 7.00000E+01 2.00000E+01 1.00000E+00
 -1       323 7.50000E+01 2.00000E+01-1.00000E+00
 -1       325 7.50000E+01 2.00000E+01 1.00000E+00
 -1       326 8.00000E+01 2.00000E+01-1.00000E+00
 -1       327 8.00000E+01 2.00000E+01 0.00000E+00
 -1       328 8.00000E+01 2.00000E+01 1.00000E+00
 -1       329 8.50000E+01 2.00000E+01-1.00000E+00
 -1       331 8.50000E+01 2.00000E+01 1.00000E+00
 -1       332 9.00000E+01 2.00000E+01-1.00000E+00
 -1       333 9.00000E+01 2.00000E+01 0.00000E+00
 -1       334 9.00000E+01 2.00000E+01 1.00000E+00
 -1       335 9.50000E+01 2.00000E+01-1.00000E+00
 -1       337 9.50000E+01 2.00000E+01 1.00000E+00
 -1       338 1.00000E+02 2.00000E+01-1.00000E+00
 -1       339 1.00000E+02 2.00000E+01 0.00000E+00
 -1       340 1.00000E+02 2.00000E+01 1.00000E+00
 -3
    3C                            20                                     1
 -1         1    4    0    1
 -2        86        92       188       182        88        94       190       184        89       152
 -2       185       149        87        93       189       183        91       154       187       151
 -1         2    4    0    1
 -2        92        98       194       188        94       100       196       190        95       155
 -2       191       152        93        99       195       189        97       157       193       154
 -1         3    4    0    1
 -2        98       104       200       194       100       106       202       196       101       158
 -2       197       155        99       105       201       195       103       160       199       157
 -1         4    4    0    1
 -2       104       110       206       200       106       112       208       202       107       161
 -2       203       158       105       111       207       201       109       163       205       160
 -1         5    4    0    1
 -2       110       116       212       206       112       118       214       208       113       164
 -2       209       161       111       117       213       207       115       166       211       163
 -1         6    4    0    1
 -2       116       122       218       212       118       124       220       214       119       167
 -2       215       164       117       123       219       213       121       169       217       166
 -1         7    4    0    1
 -2       122       128       224       218       124       130       226       220       125       170
 -2       221       167       123       129       225       219       127       172       223       169
 -1         8    4    0    1
 -2       128       134       230       224       130       136       232       226       131       173
 -2       227       170       129       135       231       225       133       175       229       172
 -1         9    4    0    1
 -2       134       140       236       230       136       142       238       232       137       176
 -2       233       173       135       141       237       231       139       178       235       175
 -1        10    4    0    1
 -2       140       146       242       236       142       148       244       238       143       179
 -2       239       176       141       147       243       237       145       181       241       178
 -1        11    4    0    1
 -2       182       188       284       278       184       190       286       280       185       248
 -2       281       245       183       189       285       279       187       250       283       247
 -1        12    4    0    1
 -2       188       194       290       284       190       196       292       286       191       251
 -2       287       248       189       195       291       285       193       253       289       250
 -1        13    4    0    1
 -2       194       200       296       290       196       202       298       292       197       254
 -2       293       251       195       201       297       291       199       256       295       253
 -1        14    4    0    1
 -2       200       206       302       296       202       208       304       298       203       257
 -2       299       254       201       207       303       297       205       259       301       256
 -1        15    4    0    1
 -2       206       212       308       302       208       214       310       304       209       260
 -2       305       257       207       213       309       303       211       262       307       259
 -1        16    4    0    1
 -2       212       218       314       308       214       220       316       310       215       263
 -2       311       260       213       219       315       309       217       265       313       262
 -1        17    4    0    1
 -2       218       224       320       314       220       226       322       316       221       266
 -2       317       263       219       225       321       315       223       268       319       265
 -1        18    4    0    1
 -2       224       230       326       320       226       232       328       322       227       269
 -2       323       266       225       231       327       321       229       271       325       268
 -1        19    4    0    1
 -2       230       236       332       326       232       238       334       328       233       272
 -2       329       269       231       237       333       327       235       274       331       271
 -1        20    4    0    1
 -2       236       242       338       332       238       244       340       334       239       275
 -2       335       272       237       243       339       333       241       277       337       274
 -3
    1PSTEP                         1           1           1          
  100CL  101 1.000000000         203                     0    1           1
 -4  DISP        4    1
 -5  D1          1    2    1    0
 -5  D2          1    2    2    0
 -5  D3          1    2    3    0
 -5  ALL         1    2    0    0    1ALL
 -1        86 0.00000E+00 0.00000E+00 5.31729E-05
 -1        87 0.00000E+00 0.00000E+00 0.00000E+00
 -1        88 0.00000E+00-0.00000E+00-5.31729E-05
 -1        89 6.09802E-04 2.72760E-04 3.74961E-05
 -1        91 6.09802E-04 2.72760E-04-3.74961E-05
 -1        92 1.19015E-03 3.40956E-04 3.22923E-05
 -1        93 1.19057E-03 3.40543E-04 7.83601E-15
 -1        94 1.19015E-03 3.40956E-04-3.22923E-05
 -1        95 1.76626E-03 3.62736E-04 3.47699E-05
 -1        97 1.76626E-03 3.62736E-04-3.47699E-05
 -1        98 2.34477E-03 3.59488E-04 3.46355E-05
 -1        99 2.34456E-03 3.59498E-04 3.36327E-14
 -1       100 2.34477E-03 3.59488E-04-3.46355E-05
 -1       101 2.93934E-03 3.57146E-04 3.62685E-05
 -1       103 2.93934E-03 3.57146E-04-3.62685E-05
 -1       104 3.53739E-03 3.57258E-04 3.50067E-05
 -1       105 3.53745E-03 3.57264E-04 7.25032E-14
 -1       106 3.53739E-03 3.57258E-04-3.50067E-05
 -1       107 4.13205E-03 3.57505E-04 3.59510E-05
 -1       109 4.13205E-03 3.57505E-04-3.59510E-05
 -1       110 4.72662E-03 3.57243E-04 3.52524E-05
 -1       111 4.72660E-03 3.57240E-04 1.20298E-13
 -1       112 4.72662E-03 3.57243E-04-3.52524E-05
 -1       113 5.32196E-03 3.57053E-04 3.59085E-05
 -1       115 5.32196E-03 3.57053E-04-3.59085E-05
 -1       116 5.91752E-03 3.57097E-04 3.54096E-05
 -1       117 5.91753E-03 3.57098E-04 1.71444E-13
 -1       118 5.91752E-03 3.57097E-04-3.54096E-05
 -1       119 6.51264E-03 3.57171E-04 3.58366E-05
 -1       121 6.51264E-03 3.57171E-04-3.58366E-05
 -1       122 7.10785E-03 3.57150E-04 3.55023E-05
 -1       123 7.10785E-03 3.57150E-04 2.21047E-13
 -1       124 7.10785E-03 3.57150E-04-3.55023E-05
 -1       125 7.70307E-03 3.57137E-04 3.58007E-05
 -1       127 7.70307E-03 3.57137E-04-3.58007E-05
 -1       128 8.29836E-03 3.57136E-04 3.55667E-05
 -1       129 8.29836E-03 3.57136E-04 2.65682E-13
 -1       130 8.29836E-03 3.57136E-04-3.55667E-05
 -1       131 8.89357E-03 3.57146E-04 3.57763E-05
 -1       133 8.89357E-03 3.57146E-04-3.57763E-05
 -1       134 9.48881E-03 3.57142E-04 3.56033E-05
 -1       135 9.48881E-03 3.57142E-04 3.05555E-13
 -1       136 9.48881E-03 3.57142E-04-3.56033E-05
 -1       137 1.00840E-02 3.57143E-04 3.57627E-05
 -1       139 1.00840E-02 3.57143E-04-3.57627E-05
 -1       140 1.06793E-02 3.57140E-04 3.56225E-05
 -1       141 1.06793E-02 3.57140E-04 3.39456E-13
 -1       142 1.06793E-02 3.57140E-04-3.56225E-05
 -1       143 1.12745E-02 3.57144E-04 3.57582E-05
 -1       145 1.12745E-02 3.57144E-04-3.57582E-05
 -1       146 1.18697E-02 3.57142E-04 3.56252E-05
 -1       147 1.18698E-02 3.57142E-04 3.69830E-13
 -1       148 1.18697E-02 3.57142E-04-3.56252E-05
 -1       149 0.00000E+00 0.00000E+00 4.55668E-05
 -1       151 0.00000E+00-0.00000E+00-4.55668E-05
 -1       152 1.14676E-03 1.64030E-04 3.59384E-05
 -1       154 1.14676E-03 1.64030E-04-3.59384E-05
 -1       155 2.34808E-03 1.82797E-04 3.52204E-05
 -1       157 2.34808E-03 1.82797E-04-3.52204E-05
 -1       158 3.53579E-03 1.78187E-04 3.54305E-05
 -1       160 3.53579E-03 1.78187E-04-3.54305E-05
 -1       161 4.72713E-03 1.78713E-04 3.55300E-05
 -1       163 4.72713E-03 1.78713E-04-3.55300E-05
 -1       164 5.91734E-03 1.78528E-04 3.55908E-05
 -1       166 5.91734E-03 1.78528E-04-3.55908E-05
 -1       167 7.10788E-03 1.78579E-04 3.56304E-05
 -1       169 7.10788E-03 1.78579E-04-3.56304E-05
 -1       170 8.29833E-03 1.78567E-04 3.56552E-05
 -1       172 8.29833E-03 1.78567E-04-3.56552E-05
 -1       173 9.48881E-03 1.78571E-04 3.56703E-05
 -1       175 9.48881E-03 1.78571E-04-3.56703E-05
 -1       176 1.06793E-02 1.78570E-04 3.56777E-05
 -1       178 1.06793E-02 1.78570E-04-3.56777E-05
 -1       179 1.18698E-02 1.78571E-04 3.56791E-05
 -1       181 1.18698E-02 1.78571E-04-3.56791E-05
 -1       182 0.00000E+00 0.00000E+00 3.79606E-05
 -1       183 0.00000E+00 0.00000E+00 0.00000E+00
 -1       184 0.00000E+00-0.00000E+00-3.79606E-05
 -1       185 5.35280E-04-6.12699E-17 3.91270E-05
 -1       187 5.35280E-04 1.82959E-17-3.91270E-05
 -1       188 1.15164E-03-2.52709E-16 3.75165E-05
 -1       189 1.15181E-03-1.45327E-16 8.25812E-15
 -1       190 1.15164E-03-3.66080E-17-3.75165E-05
 -1       191 1.74445E-03-5.40685E-16 3.61365E-05
 -1       193 1.74445E-03-1.23301E-16-3.61365E-05
 -1       194 2.33810E-03-9.09059E-16 3.58553E-05
 -1       195 2.33814E-03-5.99737E-16 3.21400E-14
 -1       196 2.33810E-03-2.89327E-16-3.58553E-05
 -1       197 2.93967E-03-1.35292E-15 3.55225E-05
 -1       199 2.93967E-03-5.30934E-16-3.55225E-05
 -1       200 3.53774E-03-1.86133E-15 3.58818E-05
 -1       201 3.53772E-03-1.35915E-15 6.86461E-14
 -1       202 3.53774E-03-8.56103E-16-3.58818E-05
 -1       203 4.13200E-03-2.44122E-15 3.56782E-05
 -1       205 4.13200E-03-1.24976E-15-3.56782E-05
 -1       206 4.72654E-03-3.09466E-15 3.57916E-05
 -1       207 4.72655E-03-2.40730E-15 1.13934E-13
 -1       208 4.72654E-03-1.71914E-15-3.57916E-05
 -1       209 5.32207E-03-3.80987E-15 3.56708E-05
 -1       211 5.32207E-03-2.26223E-15-3.56708E-05
 -1       212 5.91748E-03-4.57969E-15 3.57799E-05
 -1       213 5.91748E-03-3.73119E-15 1.62814E-13
 -1       214 5.91748E-03-2.88176E-15-3.57799E-05
 -1       215 6.51265E-03-5.38649E-15 3.56914E-05
 -1       217 6.51265E-03-3.58710E-15-3.56914E-05
 -1       218 7.10782E-03-6.23215E-15 3.57554E-05
 -1       219 7.10782E-03-5.30959E-15 2.10987E-13
 -1       220 7.10782E-03-4.38655E-15-3.57554E-05
 -1       221 7.70309E-03-7.09908E-15 3.56963E-05
 -1       223 7.70309E-03-5.26348E-15-3.56963E-05
 -1       224 8.29834E-03-7.97698E-15 3.57447E-05
 -1       225 8.29834E-03-7.09238E-15 2.56174E-13
 -1       226 8.29834E-03-6.20719E-15-3.57447E-05
 -1       227 8.89357E-03-8.87348E-15 3.57018E-05
 -1       229 8.89357E-03-7.21431E-15-3.57018E-05
 -1       230 9.48880E-03-9.78845E-15 3.57367E-05
 -1       231 9.48880E-03-9.01970E-15 2.96931E-13
 -1       232 9.48880E-03-8.25031E-15-3.57367E-05
 -1       233 1.00840E-02-1.07233E-14 3.57043E-05
 -1       235 1.00840E-02-9.31129E-15-3.57043E-05
 -1       236 1.06793E-02-1.16960E-14 3.57333E-05
 -1       237 1.06793E-02-1.10256E-14 3.32182E-13
 -1       238 1.06793E-02-1.03551E-14-3.57333E-05
 -1       239 1.12745E-02-1.27047E-14 3.57053E-05
 -1       241 1.12745E-02-1.14030E-14-3.57053E-05
 -1       242 1.18698E-02-1.37442E-14 3.57324E-05
 -1       243 1.18698E-02-1.30933E-14 3.62834E-13
 -1       244 1.18698E-02-1.24424E-14-3.57324E-05
 -1       245 0.00000E+00 0.00000E+00 4.55668E-05
 -1       247 0.00000E+00-0.00000E+00-4.55668E-05
 -1       248 1.14676E-03-1.64030E-04 3.59384E-05
 -1       250 1.14676E-03-1.64030E-04-3.59384E-05
 -1       251 2.34808E-03-1.82797E-04 3.52204E-05
 -1       253 2.34808E-03-1.82797E-04-3.52204E-05
 -1       254 3.53579E-03-1.78187E-04 3.54305E-05
 -1       256 3.53579E-03-1.78187E-04-3.54305E-05
 -1       257 4.72713E-03-1.78713E-04 3.55300E-05
 -1       259 4.72713E-03-1.78713E-04-3.55300E-05
 -1       260 5.91734E-03-1.78528E-04 3.55908E-05
 -1       262 5.91734E-03-1.78528E-04-3.55908E-05
 -1       263 7.10788E-03-1.78579E-04 3.56304E-05
 -1       265 7.10788E-03-1.78579E-04-3.56304E-05
 -1       266 8.29833E-03-1.78567E-04 3.56552E-05
 -1       268 8.29833E-03-1.78567E-04-3.56552E-05
 -1       269 9.48881E-03-1.78571E-04 3.56703E-05
 -1       271 9.48881E-03-1.78571E-04-3.56703E-05
 -1       272 1.06793E-02-1.78570E-04 3.56777E-05
 -1       274 1.06793E-02-1.78570E-04-3.56777E-05
 -1       275 1.18698E-02-1.78571E-04 3.56791E-05
 -1       277 1.18698E-02-1.78571E-04-3.56791E-05
 -1       278 0.00000E+00 0.00000E+00 5.31729E-05
 -1       279 0.00000E+00 0.00000E+00 0.00000E+00
 -1       280 0.00000E+00-0.00000E+00-5.31729E-05
 -1       281 6.09802E-04-2.72760E-04 3.74961E-05
 -1       283 6.09802E-04-2.72760E-04-3.74961E-05
 -1       284 1.19015E-03-3.40956E-04 3.22923E-05
 -1       285 1.19057E-03-3.40543E-04 5.57489E-15
 -1       286 1.19015E-03-3.40956E-04-3.22923E-05
 -1       287 1.76626E-03-3.62736E-04 3.47699E-05
 -1       289 1.76626E-03-3.62736E-04-3.47699E-05
 -1       290 2.34477E-03-3.59488E-04 3.46355E-05
 -1       291 2.34456E-03-3.59498E-04 2.74574E-14
 -1       292 2.34477E-03-3.59488E-04-3.46355E-05
 -1       293 2.93934E-03-3.57146E-04 3.62685E-05
 -1       295 2.93934E-03-3.57146E-04-3.62685E-05
 -1       296 3.53739E-03-3.57258E-04 3.50067E-05
 -1       297 3.53745E-03-3.57264E-04 6.24708E-14
 -1       298 3.53739E-03-3.57258E-04-3.50067E-05
 -1       299 4.13205E-03-3.57505E-04 3.59510E-05
 -1       301 4.13205E-03-3.57505E-04-3.59510E-05
 -1       302 4.72662E-03-3.57243E-04 3.52524E-05
 -1       303 4.72660E-03-3.57240E-04 1.06670E-13
 -1       304 4.72662E-03-3.57243E-04-3.52524E-05
 -1       305 5.32196E-03-3.57053E-04 3.59085E-05
 -1       307 5.32196E-03-3.57053E-04-3.59085E-05
 -1       308 5.91752E-03-3.57097E-04 3.54096E-05
 -1       309 5.91753E-03-3.57098E-04 1.54556E-13
 -1       310 5.91752E-03-3.57097E-04-3.54096E-05
 -1       311 6.51264E-03-3.57171E-04 3.58366E-05
 -1       313 6.51264E-03-3.57171E-04-3.58366E-05
 -1       314 7.10785E-03-3.57150E-04 3.55023E-05
 -1       315 7.10785E-03-3.57150E-04 2.02187E-13
 -1       316 7.10785E-03-3.57150E-04-3.55023E-05
 -1       317 7.70307E-03-3.57137E-04 3.58007E-05
 -1       319 7.70307E-03-3.57137E-04-3.58007E-05
 -1       320 8.29836E-03-3.57136E-04 3.55667E-05
 -1       321 8.29836E-03-3.57136E-04 2.47821E-13
 -1       322 8.29836E-03-3.57136E-04-3.55667E-05
 -1       323 8.89357E-03-3.57146E-04 3.57763E-05
 -1       325 8.89357E-03-3.57146E-04-3.57763E-05
 -1       326 9.48881E-03-3.57142E-04 3.56033E-05
 -1       327 9.48881E-03-3.57142E-04 2.90139E-13
 -1       328 9.48881E-03-3.57142E-04-3.56033E-05
 -1       329 1.00840E-02-3.57143E-04 3.57627E-05
 -1       331 1.00840E-02-3.57143E-04-3.57627E-05
 -1       332 1.06793E-02-3.57140E-04 3.56225E-05
 -1       333 1.06793E-02-3.57140E-04 3.26135E-13
 -1       334 1.06793E-02-3.57140E-04-3.56225E-05
 -1       335 1.12745E-02-3.57144E-04 3.57582E-05
 -1       337 1.12745E-02-3.57144E-04-3.57582E-05
 -1       338 1.18697E-02-3.57142E-04 3.56252E-05
 -1       339 1.18698E-02-3.57142E-04 3.56954E-13
 -1       340 1.18697E-02-3.57142E-04-3.56252E-05
 -3
    1PSTEP                         2           1           1          
  100CL  101 1.000000000         203                     0    1           1
 -4  STRESS      6    1
 -5  SXX         1    4    1    1
 -5  SYY         1    4    2    2
 -5  SZZ         1    4    3    3
 -5  SXY         1    4    1    2
 -5  SYZ         1    4    2    3
 -5  SZX         1    4    3    1
 -1        86 2.80164E+01 6.99426E+00 7.03537E-02 5.72375E+00-8.71947E-02-3.32258E-01
 -1        87 2.80164E+01 6.99426E+00 7.03537E-02 5.72375E+00-1.80508E-12-1.49486E-12
 -1        88 2.80164E+01 6.99426E+00 7.03537E-02 5.72375E+00 8.71947E-02 3.32258E-01
 -1        89 2.53545E+01 2.32386E+00-9.26395E-03 1.87310E+00-2.13660E-02-1.29200E-01
 -1        91 2.53545E+01 2.32386E+00-9.26395E-03 1.87310E+00 2.13660E-02 1.29200E-01
 -1        92 2.35607E+01-1.43490E+00-1.29437E-02-1.22914E+00 2.16312E-02 9.85197E-02
 -1        93 2.35607E+01-1.43490E+00-1.29437E-02-1.22914E+00 3.20656E-13 9.50354E-13
 -1        94 2.35607E+01-1.43490E+00-1.29437E-02-1.22914E+00-2.16312E-02-9.85197E-02
 -1        95 2.45822E+01-2.92804E-01 6.21989E-03-2.57822E-01-2.65384E-04 3.06793E-02
 -1        97 2.45822E+01-2.92804E-01 6.21989E-03-2.57822E-01 2.65384E-04-3.06793E-02
 -1        98 2.47952E+01 6.56911E-02-4.12259E-03 3.47237E-02 8.36660E-04-2.24267E-02
 -1        99 2.47952E+01 6.56911E-02-4.12259E-03 3.47237E-02-1.40427E-13 8.22757E-13
 -1       100 2.47952E+01 6.56911E-02-4.12259E-03 3.47237E-02-8.36660E-04 2.24267E-02
 -1       101 2.49573E+01 8.89187E-02 1.79573E-03 3.55530E-02-5.71285E-04-8.25225E-03
 -1       103 2.49573E+01 8.89187E-02 1.79573E-03 3.55530E-02 5.71285E-04 8.25225E-03
 -1       104 2.50332E+01-2.41433E-02-5.29187E-03-3.90952E-02 4.40167E-05 2.69631E-03
 -1       105 2.50332E+01-2.41433E-02-5.29187E-03-3.90952E-02 2.79082E-14 8.62706E-13
 -1       106 2.50332E+01-2.41433E-02-5.29187E-03-3.90952E-02-4.40167E-05-2.69631E-03
 -1       107 2.49987E+01-1.99975E-02 2.11528E-03-1.71932E-02 5.27268E-04 5.55591E-03
 -1       109 2.49987E+01-1.99975E-02 2.11528E-03-1.71932E-02-5.27268E-04-5.55591E-03
 -1       110 2.49944E+01 2.48687E-03-2.68856E-03 1.15337E-02-4.06222E-04-5.60527E-03
 -1       111 2.49944E+01 2.48687E-03-2.68856E-03 1.15337E-02 3.95177E-15 1.01593E-12
 -1       112 2.49944E+01 2.48687E-03-2.68856E-03 1.15337E-02 4.06222E-04 5.60527E-03
 -1       113 2.50001E+01 4.74996E-03 1.12388E-03 4.95983E-03-1.21042E-04 4.94208E-05
 -1       115 2.50001E+01 4.74996E-03 1.12388E-03 4.95983E-03 1.21042E-04-4.94208E-05
 -1       116 2.50008E+01-3.51829E-04-2.07637E-03-2.91442E-03 2.48656E-05-1.18095E-03
 -1       117 2.50008E+01-3.51829E-04-2.07637E-03-2.91442E-03-4.33965E-15 9.56898E-13
 -1       118 2.50008E+01-3.51829E-04-2.07637E-03-2.91442E-03-2.48656E-05 1.18095E-03
 -1       119 2.49988E+01-7.72196E-04 8.44249E-04-1.37899E-03 9.61759E-05 1.13154E-03
 -1       121 2.49988E+01-7.72196E-04 8.44249E-04-1.37899E-03-9.61759E-05-1.13154E-03
 -1       122 2.49985E+01-6.77893E-04-1.33031E-03 8.19998E-04-9.81001E-05-1.50752E-03
 -1       123 2.49985E+01-6.77893E-04-1.33031E-03 8.19998E-04-4.12218E-13 2.70913E-13
 -1       124 2.49985E+01-6.77893E-04-1.33031E-03 8.19998E-04 9.81001E-05 1.50752E-03
 -1       125 2.49991E+01 4.04295E-04 5.61593E-04 4.19965E-04 1.92524E-06 3.76000E-04
 -1       127 2.49991E+01 4.04295E-04 5.61593E-04 4.19965E-04-1.92524E-06-3.76000E-04
 -1       128 2.49991E+01-1.66963E-04-9.66755E-04-2.52714E-04-2.51356E-05-7.69892E-04
 -1       129 2.49991E+01-1.66963E-04-9.66755E-04-2.52714E-04 1.36644E-13-3.36974E-13
 -1       130 2.49991E+01-1.66963E-04-9.66755E-04-2.52714E-04 2.51356E-05 7.69892E-04
 -1       131 2.49990E+01 6.47737E-05 4.03358E-04-1.15313E-04 2.32106E-05 3.93902E-04
 -1       133 2.49990E+01 6.47737E-05 4.03358E-04-1.15313E-04-2.32106E-05-3.93902E-04
 -1       134 2.49990E+01-2.68879E-04-7.00832E-04 6.38501E-05-3.65126E-05-2.90950E-04
 -1       135 2.49990E+01-2.68879E-04-7.00832E-04 6.38501E-05-1.62200E-13-1.05062E-12
 -1       136 2.49990E+01-2.68879E-04-7.00832E-04 6.38501E-05 3.65126E-05 2.90950E-04
 -1       137 2.49990E+01 1.20108E-04 3.47149E-04 3.56327E-05 1.33024E-05-1.02948E-04
 -1       139 2.49990E+01 1.20108E-04 3.47149E-04 3.56327E-05-1.33024E-05 1.02948E-04
 -1       140 2.49990E+01-1.52264E-04-6.33788E-04-3.06811E-05-2.06188E-05-8.23045E-04
 -1       141 2.49990E+01-1.52264E-04-6.33788E-04-3.06811E-05-2.30316E-13-1.16573E-12
 -1       142 2.49990E+01-1.52264E-04-6.33788E-04-3.06811E-05 2.06188E-05 8.23045E-04
 -1       143 2.49990E+01 4.99473E-05 1.83737E-04 4.35466E-06 7.31670E-06 9.26003E-04
 -1       145 2.49990E+01 4.99473E-05 1.83737E-04 4.35466E-06-7.31670E-06-9.26003E-04
 -1       146 2.49990E+01-9.83155E-05-1.82278E-04-2.17119E-05-1.46333E-05-1.85200E-03
 -1       147 2.49990E+01-9.83155E-05-1.82278E-04-2.17119E-05 4.02850E-13 5.83705E-13
 -1       148 2.49990E+01-9.83155E-05-1.82278E-04-2.17119E-05 1.46333E-05 1.85200E-03
 -1       149 2.49990E+01 6.07478E+00 2.28215E-02 2.69571E+00-8.71947E-02-1.42712E-01
 -1       151 2.49990E+01 6.07478E+00 2.28215E-02 2.69571E+00 8.71947E-02 1.42712E-01
 -1       152 2.49990E+01-4.59158E-01-4.21189E-03-4.50039E-01 2.16312E-02 4.27554E-02
 -1       154 2.49990E+01-4.59158E-01-4.21189E-03-4.50039E-01-2.16312E-02-4.27554E-02
 -1       155 2.49990E+01-1.28917E-01-1.73262E-03-1.02332E-01 8.36660E-04-1.09961E-02
 -1       157 2.49990E+01-1.28917E-01-1.73262E-03-1.02332E-01-8.36660E-04 1.09961E-02
 -1       158 2.49990E+01 3.71289E-03-2.00852E-03 1.06820E-02 4.40167E-05 1.18681E-03
 -1       160 2.49990E+01 3.71289E-03-2.00852E-03 1.06820E-02-4.40167E-05-1.18681E-03
 -1       161 2.49990E+01-3.35622E-03-1.13647E-03-2.72025E-03-4.06222E-04-2.08580E-03
 -1       163 2.49990E+01-3.35622E-03-1.13647E-03-2.72025E-03 4.06222E-04 2.08580E-03
 -1       164 2.49990E+01 1.19347E-03-8.20946E-04 1.10112E-03 2.48656E-05-5.47453E-04
 -1       166 2.49990E+01 1.19347E-03-8.20946E-04 1.10112E-03-2.48656E-05 5.47453E-04
 -1       167 2.49990E+01-6.00485E-04-5.41438E-04-3.24767E-04-9.81001E-05-5.79620E-04
 -1       169 2.49990E+01-6.00485E-04-5.41438E-04-3.24767E-04 9.81001E-05 5.79620E-04
 -1       170 2.49990E+01 2.04622E-05-3.86737E-04 8.98653E-05-2.51356E-05-3.16806E-04
 -1       172 2.49990E+01 2.04622E-05-3.86737E-04 8.98653E-05 2.51356E-05 3.16806E-04
 -1       173 2.49990E+01-1.31806E-04-2.81922E-04-2.98019E-05-3.65126E-05-1.14631E-04
 -1       175 2.49990E+01-1.31806E-04-2.81922E-04-2.98019E-05 3.65126E-05 1.14631E-04
 -1       176 2.49990E+01-5.82743E-05-2.53454E-04 8.06777E-06-2.06188E-05-3.28182E-04
 -1       178 2.49990E+01-5.82743E-05-2.53454E-04 8.06777E-06 2.06188E-05 3.28182E-04
 -1       179 2.49990E+01-3.58483E-05-7.35450E-05-1.85055E-05-1.46333E-05-7.35423E-04
 -1       181 2.49990E+01-3.58483E-05-7.35450E-05-1.85055E-05 1.46333E-05 7.35423E-04
 -1       182 2.19816E+01 5.15530E+00-2.47106E-02-8.30724E-14 4.11116E-13 4.68334E-02
 -1       183 2.19816E+01 5.15530E+00-2.47106E-02 5.37737E-13 3.49071E-13 2.59209E-12
 -1       184 2.19816E+01 5.15530E+00-2.47106E-02 1.15852E-12 2.87027E-13-4.68334E-02
 -1       185 2.46435E+01 2.65433E+00-2.17815E-03-1.79705E-12 2.53764E-13 1.54117E-02
 -1       187 2.46435E+01 2.65433E+00-2.17815E-03 1.97394E-12 2.21791E-13-1.54117E-02
 -1       188 2.64373E+01 5.16583E-01 4.51995E-03-3.39198E-12 3.23704E-14-1.30089E-02
 -1       189 2.64373E+01 5.16583E-01 4.51995E-03-1.84075E-13 5.40422E-14 1.32917E-13
 -1       190 2.64373E+01 5.16583E-01 4.51995E-03 3.02383E-12 7.57131E-14 1.30089E-02
 -1       191 2.54158E+01 2.40442E-01-5.60230E-04-3.52626E-12-4.48003E-15-2.40253E-03
 -1       193 2.54158E+01 2.40442E-01-5.60230E-04 3.28432E-12 2.51312E-14 2.40253E-03
 -1       194 2.52028E+01-3.23525E-01 6.57358E-04-3.76198E-12-3.81002E-14 4.34605E-04
 -1       195 2.52028E+01-3.23525E-01 6.57358E-04-1.99271E-13-2.67999E-14 3.23598E-13
 -1       196 2.52028E+01-3.23525E-01 6.57358E-04 3.36342E-12-1.54995E-14-4.34605E-04
 -1       197 2.50407E+01-1.06071E-01-5.34394E-04-3.46473E-12-6.68629E-14 1.96790E-03
 -1       199 2.50407E+01-1.06071E-01-5.34394E-04 3.10884E-12-5.86415E-14-1.96790E-03
 -1       200 2.49648E+01 3.15691E-02 1.27483E-03-3.21676E-12-1.70385E-14-3.22690E-04
 -1       201 2.49648E+01 3.15691E-02 1.27483E-03-1.65356E-13-1.98838E-14 2.16549E-13
 -1       202 2.49648E+01 3.15691E-02 1.27483E-03 2.88605E-12-2.27292E-14 3.22690E-04
 -1       203 2.49993E+01 8.85350E-03-3.79233E-04-3.22132E-12-2.42428E-14-1.64520E-03
 -1       205 2.49993E+01 8.85350E-03-3.79233E-04 2.99121E-12-3.06835E-14 1.64520E-03
 -1       206 2.50036E+01-9.19932E-03 4.15613E-04-3.21863E-12-9.67335E-14 1.43366E-03
 -1       207 2.50036E+01-9.19932E-03 4.15613E-04-7.98884E-14-9.79125E-14 1.03567E-13
 -1       208 2.50036E+01-9.19932E-03 4.15613E-04 3.05886E-12-9.90914E-14-1.43366E-03
 -1       209 2.49979E+01-2.30868E-03-2.22140E-04-3.02719E-12-1.22473E-13 2.11520E-04
 -1       211 2.49979E+01-2.30868E-03-2.22140E-04 2.43606E-12-1.31565E-13-2.11520E-04
 -1       212 2.49972E+01 2.73878E-03 4.34478E-04-2.80166E-12-1.02973E-13 8.60411E-05
 -1       213 2.49972E+01 2.73878E-03 4.34478E-04-5.14555E-13-1.06739E-13 1.88722E-13
 -1       214 2.49972E+01 2.73878E-03 4.34478E-04 1.77255E-12-1.10505E-13-8.60411E-05
 -1       215 2.49992E+01 4.56359E-04-1.61483E-04-1.66773E-12-4.14601E-14-2.97563E-04
 -1       217 2.49992E+01 4.56359E-04-1.61483E-04 9.51230E-13-7.38748E-14 2.97563E-04
 -1       218 2.49995E+01-5.23078E-04 2.47432E-04-4.74553E-13 5.06563E-14 3.48282E-04
 -1       219 2.49995E+01-5.23078E-04 2.47432E-04-1.97526E-13 3.40190E-14-2.15096E-13
 -1       220 2.49995E+01-5.23078E-04 2.47432E-04 7.95009E-14 1.73816E-14-3.48282E-04
 -1       221 2.49989E+01-1.01162E-04-1.10670E-04 4.51651E-13 4.12027E-14-5.07243E-05
 -1       223 2.49989E+01-1.01162E-04-1.10670E-04-8.67618E-13 2.45846E-14 5.07243E-05
 -1       224 2.49989E+01 2.07887E-04 1.93282E-04 1.34101E-12-5.57436E-14 1.36279E-04
 -1       225 2.49989E+01 2.07887E-04 1.93282E-04-3.19342E-13-5.43219E-14-6.08817E-15
 -1       226 2.49989E+01 2.07887E-04 1.93282E-04-1.97969E-12-5.29002E-14-1.36279E-04
 -1       227 2.49990E+01-1.14745E-05-7.91541E-05 1.70442E-12 1.42026E-14-8.55572E-05
 -1       229 2.49990E+01-1.14745E-05-7.91541E-05-2.43518E-12 1.83733E-14 8.55572E-05
 -1       230 2.49990E+01 5.26639E-06 1.36988E-04 2.14254E-12 1.62931E-14 6.16874E-05
 -1       231 2.49990E+01 5.26638E-06 1.36988E-04-3.67911E-13 1.97671E-14-2.37718E-14
 -1       232 2.49990E+01 5.26638E-06 1.36988E-04-2.87836E-12 2.32412E-14-6.16874E-05
 -1       233 2.49990E+01-2.66574E-05-6.87970E-05 1.81331E-12 1.18346E-13 2.38687E-05
 -1       235 2.49990E+01-2.66574E-05-6.87970E-05-1.83546E-12 1.19279E-13-2.38687E-05
 -1       236 2.49990E+01 3.57154E-05 1.26879E-04 1.21151E-12 2.20063E-13 1.66682E-04
 -1       237 2.49990E+01 3.57154E-05 1.26879E-04 3.58207E-13 2.01926E-13 6.10195E-13
 -1       238 2.49990E+01 3.57154E-05 1.26879E-04-4.95091E-13 1.83788E-13-1.66682E-04
 -1       239 2.49990E+01-4.19844E-06-3.66543E-05 4.75109E-13 6.13729E-14-1.90554E-04
 -1       241 2.49990E+01-4.19845E-06-3.66543E-05-2.05703E-13 5.51586E-14 1.90554E-04
 -1       242 2.49990E+01 2.66189E-05 3.51880E-05-9.54748E-14 3.00336E-14 3.81155E-04
 -1       243 2.49990E+01 2.66189E-05 3.51880E-05-5.64429E-14 4.16569E-14-1.97043E-13
 -1       244 2.49990E+01 2.66188E-05 3.51880E-05-1.74111E-14 5.32801E-14-3.81155E-04
 -1       245 2.49990E+01 6.07478E+00 2.28215E-02-2.69571E+00 8.71947E-02-1.42712E-01
 -1       247 2.49990E+01 6.07478E+00 2.28215E-02-2.69571E+00-8.71947E-02 1.42712E-01
 -1       248 2.49990E+01-4.59158E-01-4.21189E-03 4.50039E-01-2.16312E-02 4.27554E-02
 -1       250 2.49990E+01-4.59158E-01-4.21189E-03 4.50039E-01 2.16312E-02-4.27554E-02
 -1       251 2.49990E+01-1.28917E-01-1.73262E-03 1.02332E-01-8.36660E-04-1.09961E-02
 -1       253 2.49990E+01-1.28917E-01-1.73262E-03 1.02332E-01 8.36660E-04 1.09961E-02
 -1       254 2.49990E+01 3.71289E-03-2.00852E-03-1.06820E-02-4.40167E-05 1.18681E-03
 -1       256 2.49990E+01 3.71289E-03-2.00852E-03-1.06820E-02 4.40167E-05-1.18681E-03
 -1       257 2.49990E+01-3.35622E-03-1.13647E-03 2.72025E-03 4.06222E-04-2.08580E-03
 -1       259 2.49990E+01-3.35622E-03-1.13647E-03 2.72025E-03-4.06222E-04 2.08580E-03
 -1       260 2.49990E+01 1.19347E-03-8.20946E-04-1.10112E-03-2.48656E-05-5.47453E-04
 -1       262 2.49990E+01 1.19347E-03-8.20946E-04-1.10112E-03 2.48656E-05 5.47453E-04
 -1       263 2.49990E+01-6.00485E-04-5.41438E-04 3.24767E-04 9.81001E-05-5.79620E-04
 -1       265 2.49990E+01-6.00485E-04-5.41438E-04 3.24767E-04-9.81001E-05 5.79620E-04
 -1       266 2.49990E+01 2.04622E-05-3.86737E-04-8.98653E-05 2.51356E-05-3.16806E-04
 -1       268 2.49990E+01 2.04622E-05-3.86737E-04-8.98653E-05-2.51356E-05 3.16806E-04
 -1       269 2.49990E+01-1.31806E-04-2.81922E-04 2.98019E-05 3.65126E-05-1.14631E-04
 -1       271 2.49990E+01-1.31806E-04-2.81922E-04 2.98019E-05-3.65126E-05 1.14631E-04
 -1       272 2.49990E+01-5.82743E-05-2.53454E-04-8.06777E-06 2.06188E-05-3.28182E-04
 -1       274 2.49990E+01-5.82743E-05-2.53454E-04-8.06777E-06-2.06188E-05 3.28182E-04
 -1       275 2.49990E+01-3.58483E-05-7.35450E-05 1.85055E-05 1.46333E-05-7.35423E-04
 -1       277 2.49990E+01-3.58483E-05-7.35450E-05 1.85055E-05-1.46333E-05 7.35423E-04
 -1       278 2.80164E+01 6.99426E+00 7.03537E-02-5.72375E+00 8.71947E-02-3.32258E-01
 -1       279 2.80164E+01 6.99426E+00 7.03537E-02-5.72375E+00 1.56969E-12-2.66950E-12
 -1       280 2.80164E+01 6.99426E+00 7.03537E-02-5.72375E+00-8.71947E-02 3.32258E-01
 -1       281 2.53545E+01 2.32386E+00-9.26395E-03-1.87310E+00 2.13660E-02-1.29200E-01
 -1       283 2.53545E+01 2.32386E+00-9.26395E-03-1.87310E+00-2.13660E-02 1.29200E-01
 -1       284 2.35607E+01-1.43490E+00-1.29437E-02 1.22914E+00-2.16312E-02 9.85197E-02
 -1       285 2.35607E+01-1.43490E+00-1.29437E-02 1.22914E+00-2.98406E-13-2.58155E-13
 -1       286 2.35607E+01-1.43490E+00-1.29437E-02 1.22914E+00 2.16312E-02-9.85197E-02
 -1       287 2.45822E+01-2.92804E-01 6.21989E-03 2.57822E-01 2.65384E-04 3.06793E-02
 -1       289 2.45822E+01-2.92804E-01 6.21989E-03 2.57822E-01-2.65384E-04-3.06793E-02
 -1       290 2.47952E+01 6.56911E-02-4.12259E-03-3.47237E-02-8.36660E-04-2.24267E-02
 -1       291 2.47952E+01 6.56911E-02-4.12259E-03-3.47237E-02 1.74032E-13-3.60713E-13
 -1       292 2.47952E+01 6.56911E-02-4.12259E-03-3.47237E-02 8.36660E-04 2.24267E-02
 -1       293 2.49573E+01 8.89187E-02 1.79573E-03-3.55530E-02 5.71285E-04-8.25225E-03
 -1       295 2.49573E+01 8.89187E-02 1.79573E-03-3.55530E-02-5.71285E-04 8.25225E-03
 -1       296 2.50332E+01-2.41433E-02-5.29187E-03 3.90952E-02-4.40167E-05 2.69631E-03
 -1       297 2.50332E+01-2.41433E-02-5.29187E-03 3.90952E-02 1.50144E-14 5.37834E-14
 -1       298 2.50332E+01-2.41433E-02-5.29187E-03 3.90952E-02 4.40167E-05-2.69631E-03
 -1       299 2.49987E+01-1.99975E-02 2.11528E-03 1.71932E-02-5.27268E-04 5.55591E-03
 -1       301 2.49987E+01-1.99975E-02 2.11528E-03 1.71932E-02 5.27268E-04-5.55591E-03
 -1       302 2.49944E+01 2.48687E-03-2.68856E-03-1.15337E-02 4.06222E-04-5.60527E-03
 -1       303 2.49944E+01 2.48687E-03-2.68856E-03-1.15337E-02 1.23443E-13 3.76435E-15
 -1       304 2.49944E+01 2.48687E-03-2.68856E-03-1.15337E-02-4.06222E-04 5.60527E-03
 -1       305 2.50001E+01 4.74996E-03 1.12388E-03-4.95983E-03 1.21042E-04 4.94208E-05
 -1       307 2.50001E+01 4.74996E-03 1.12388E-03-4.95983E-03-1.21042E-04-4.94208E-05
 -1       308 2.50008E+01-3.51829E-04-2.07637E-03 2.91442E-03-2.48656E-05-1.18095E-03
 -1       309 2.50008E+01-3.51829E-04-2.07637E-03 2.91442E-03 1.55597E-13-1.75273E-13
 -1       310 2.50008E+01-3.51829E-04-2.07637E-03 2.91442E-03 2.48656E-05 1.18095E-03
 -1       311 2.49988E+01-7.72196E-04 8.44249E-04 1.37899E-03-9.61759E-05 1.13154E-03
 -1       313 2.49988E+01-7.72196E-04 8.44249E-04 1.37899E-03 9.61759E-05-1.13154E-03
 -1       314 2.49985E+01-6.77893E-04-1.33031E-03-8.19998E-04 9.81001E-05-1.50752E-03
 -1       315 2.49985E+01-6.77893E-04-1.33031E-03-8.19998E-04-4.70340E-14 8.72297E-14
 -1       316 2.49985E+01-6.77893E-04-1.33031E-03-8.19998E-04-9.81001E-05 1.50752E-03
 -1       317 2.49991E+01 4.04295E-04 5.61593E-04-4.19965E-04-1.92524E-06 3.76000E-04
 -1       319 2.49991E+01 4.04295E-04 5.61593E-04-4.19965E-04 1.92524E-06-3.76000E-04
 -1       320 2.49991E+01-1.66963E-04-9.66755E-04 2.52714E-04 2.51356E-05-7.69892E-04
 -1       321 2.49991E+01-1.66963E-04-9.66755E-04 2.52714E-04-2.52480E-13 2.96362E-13
 -1       322 2.49991E+01-1.66963E-04-9.66755E-04 2.52714E-04-2.51356E-05 7.69892E-04
 -1       323 2.49990E+01 6.47737E-05 4.03358E-04 1.15313E-04-2.32106E-05 3.93902E-04
 -1       325 2.49990E+01 6.47737E-05 4.03358E-04 1.15313E-04 2.32106E-05-3.93902E-04
 -1       326 2.49990E+01-2.68879E-04-7.00832E-04-6.38501E-05 3.65126E-05-2.90950E-04
 -1       327 2.49990E+01-2.68879E-04-7.00832E-04-6.38501E-05 1.07314E-13 9.26222E-13
 -1       328 2.49990E+01-2.68879E-04-7.00832E-04-6.38501E-05-3.65126E-05 2.90950E-04
 -1       329 2.49990E+01 1.20108E-04 3.47149E-04-3.56327E-05-1.33024E-05-1.02948E-04
 -1       331 2.49990E+01 1.20108E-04 3.47149E-04-3.56327E-05 1.33024E-05 1.02948E-04
 -1       332 2.49990E+01-1.52264E-04-6.33788E-04 3.06811E-05 2.06188E-05-8.23045E-04
 -1       333 2.49990E+01-1.52264E-04-6.33788E-04 3.06811E-05 6.38540E-14-1.71854E-13
 -1       334 2.49990E+01-1.52264E-04-6.33788E-04 3.06811E-05-2.06188E-05 8.23045E-04
 -1       335 2.49990E+01 4.99473E-05 1.83737E-04-4.35466E-06-7.31670E-06 9.26003E-04
 -1       337 2.49990E+01 4.99473E-05 1.83737E-04-4.35466E-06 7.31670E-06-9.26003E-04
 -1       338 2.49990E+01-9.83155E-05-1.82278E-04 2.17119E-05 1.46333E-05-1.85200E-03
 -1       339 2.49990E+01-9.83155E-05-1.82278E-04 2.17119E-05-2.47574E-13-2.24700E-13
 -1       340 2.49990E+01-9.83155E-05-1.82278E-04 2.17119E-05-1.46333E-05 1.85200E-03
 -3
    1PSTEP                         3           1           1          
  100CL  101 1.000000000         203                     0    1           1
 -4  FORC        4    1
 -5  F1          1    2    1    0
 -5  F2          1    2    2    0
 -5  F3          1    2    3    0
 -5  ALL         1    2    0    0    1ALL
 -1        86 3.54742E+01-5.14221E+00-1.77897E-10
 -1        87-1.81479E+02-3.41127E+01 3.65498E-10
 -1        88 3.54742E+01-5.14221E+00-1.77911E-10
 -1        89-1.16263E-13-4.89192E-14 5.95904E-14
 -1        91 2.42564E-13-9.87786E-14 5.86866E-14
 -1        92 1.08858E-12-5.13895E-13-2.60566E-13
 -1        93 9.31997E-13 6.61249E-15 3.72172E-13
 -1        94-3.21457E-13-6.59514E-13-1.69338E-13
 -1        95-5.36049E-13-5.38239E-14-4.39876E-13
 -1        97-3.00026E-13-2.13105E-15 9.90800E-14
 -1        98 1.91653E-12-2.96971E-13-6.48987E-13
 -1        99 1.87016E-12 6.65389E-13 1.08232E-12
 -1       100-2.58697E-12-4.27044E-13 3.25261E-19
 -1       101-1.41530E-12 4.12923E-14 1.00567E-12
 -1       103-6.54488E-13-1.17001E-13-2.82708E-13
 -1       104 2.95114E-12 1.59770E-13-4.53009E-13
 -1       105 1.10933E-12 4.71911E-13-7.39262E-13
 -1       106-1.06245E-12 1.17355E-13 2.48252E-13
 -1       107 1.63394E-12-2.54100E-13-5.65984E-13
 -1       109 8.10386E-13 4.96829E-14 5.35925E-14
 -1       110 3.15914E-12 5.45759E-14 6.39844E-13
 -1       111-7.94324E-12-1.42245E-13 6.26690E-13
 -1       112-5.17797E-13-4.21332E-13 6.64449E-13
 -1       113 1.58026E-12 1.88023E-13-2.81464E-12
 -1       115 2.36121E-12 4.97254E-14 1.32867E-13
 -1       116-8.25961E-12-2.23544E-13 1.72072E-12
 -1       117 7.24532E-12-1.23092E-12 7.26958E-13
 -1       118-1.27192E-11-2.97840E-15-8.94130E-13
 -1       119 2.26503E-12-4.03116E-13 1.01075E-12
 -1       121-3.88830E-14 9.62988E-16 2.31196E-12
 -1       122-2.79557E-12 8.46120E-13 1.02181E-12
 -1       123-8.54927E-12-1.82530E-12 3.00385E-12
 -1       124 1.13508E-12 8.63255E-13 1.60434E-13
 -1       125 2.08124E-12-5.40312E-14 4.71706E-12
 -1       127-1.52016E-12-8.75606E-14-2.44937E-12
 -1       128 1.38828E-11 2.95434E-13 1.14045E-12
 -1       129-5.17599E-11 1.01358E-12-3.22509E-12
 -1       130 6.43707E-12-5.81020E-13 4.56620E-13
 -1       131-8.61595E-13 4.26538E-13 3.36948E-12
 -1       133-6.74502E-12-2.96568E-13-2.14038E-13
 -1       134 1.39469E-11-2.13508E-13-3.41806E-13
 -1       135 8.69860E-12 8.82650E-13-3.18172E-13
 -1       136-9.50968E-13-3.16972E-13 3.37665E-12
 -1       137 4.56350E-12-4.08644E-13 1.98838E-13
 -1       139 1.84566E-13 2.70647E-14-2.47206E-12
 -1       140 2.74325E-12-2.91340E-13-8.80563E-13
 -1       141-5.03444E-12 1.52464E-12 3.05835E-12
 -1       142-2.39678E-12 5.81531E-13 9.94394E-13
 -1       143-2.41815E-12 8.02533E-13 1.27083E-12
 -1       145 1.59322E-12-1.00706E-13-8.06783E-12
 -1       146-4.16667E+01 6.38565E-13-2.13874E-12
 -1       147 1.66667E+02-2.20482E-13 2.72728E-12
 -1       148-4.16667E+01 4.09096E-14 8.70830E-13
 -1       149-1.55556E+02-4.60644E+00-7.30253E-12
 -1       151-1.55556E+02-4.60644E+00-7.54794E-12
 -1       152-7.44036E-13 1.29641E-13-6.73840E-14
 -1       154 1.17027E-12 9.24600E-14-1.64890E-13
 -1       155-1.03639E-12-1.50527E-13-4.67965E-13
 -1       157 2.29551E-12 1.13032E-14 5.45862E-13
 -1       158-1.85276E-12-1.28393E-13 6.37320E-13
 -1       160 3.30053E-12 2.84943E-13-3.40367E-13
 -1       161-2.86035E-12-2.03739E-13 5.50710E-14
 -1       163-2.49133E-12 8.47605E-14 2.28506E-12
 -1       164 1.45118E-12 9.64604E-15-9.25389E-13
 -1       166 9.04599E-12 7.94468E-13 2.99309E-12
 -1       167-2.58423E-12-8.73944E-13 1.71417E-12
 -1       169-5.97643E-12-5.79231E-13-1.80825E-12
 -1       170 1.52325E-12 3.62286E-13 1.39022E-12
 -1       172-1.10642E-11-9.29467E-14-1.76242E-12
 -1       173 4.69626E-12-7.63697E-13-3.17548E-12
 -1       175-8.58751E-12-6.82502E-13 3.42077E-12
 -1       176-3.18449E-12-1.24544E-12-4.74022E-13
 -1       178-3.95861E-12-2.70158E-12-5.31190E-12
 -1       179 1.66667E+02-9.70467E-13 5.00478E-12
 -1       181 1.66667E+02-2.91567E-13-3.64235E-12
 -1       182 7.91973E+01-1.66180E-13-3.61934E-10
 -1       183-3.15110E+02-6.11513E-13 7.11540E-10
 -1       184 7.91973E+01 1.92949E-12-3.62016E-10
 -1       185-2.11596E-13-3.95274E-14 2.92461E-13
 -1       187 2.42509E-13 7.06726E-15-3.98709E-14
 -1       188-1.18187E-13 1.05742E-13 3.70266E-13
 -1       189-5.89544E-13 3.84693E-14 5.54161E-13
 -1       190 6.72125E-13-1.03810E-14-2.46872E-13
 -1       191-2.09796E-12-1.38400E-14-9.95204E-13
 -1       193-7.41584E-13-1.20833E-14 3.40693E-13
 -1       194-5.49781E-12 1.25181E-13-1.47701E-13
 -1       195-5.12929E-12 8.34478E-14 4.48877E-14
 -1       196-1.40367E-12-1.26574E-13-1.19443E-12
 -1       197-2.77072E-12-1.79704E-13-9.54618E-13
 -1       199 2.85743E-12-8.70092E-14 8.02039E-13
 -1       200 3.85772E-12 3.61986E-14-7.47933E-13
 -1       201-1.10296E-11 1.56035E-13-5.20146E-13
 -1       202 6.09784E-12 1.45405E-13-7.20350E-13
 -1       203-2.21621E-12-4.42903E-13-1.04915E-12
 -1       205 1.12848E-12 6.18749E-14 5.84102E-13
 -1       206-3.12941E-12-1.56504E-13-1.45418E-12
 -1       207-1.47405E-11 3.00420E-14 4.71911E-12
 -1       208-9.69377E-12-5.40456E-13-1.36690E-12
 -1       209 2.87129E-12 2.45920E-13 1.20387E-12
 -1       211 2.29707E-13 1.70798E-13-3.64918E-13
 -1       212-1.03481E-11-3.25325E-13-2.75089E-12
 -1       213 2.76149E-11 9.08475E-14 2.67749E-12
 -1       214-1.03482E-11-1.47764E-13-2.27908E-13
 -1       215 8.67114E-13 6.61247E-14-1.00089E-12
 -1       217-1.10925E-12-2.92044E-13 5.23470E-12
 -1       218 6.55007E-13 2.02664E-13-3.75616E-12
 -1       219 8.16998E-12 4.70857E-14-5.83431E-14
 -1       220-1.13268E-12 7.38938E-13 9.68759E-13
 -1       221 7.01927E-12-4.67868E-13 3.66985E-12
 -1       223-1.06597E-11 5.45545E-14-1.63022E-12
 -1       224 1.24512E-11 3.14444E-13-6.24406E-12
 -1       225-5.96839E-11-3.07660E-13 1.57076E-12
 -1       226 1.06044E-11 1.03742E-13 2.28852E-12
 -1       227 1.10014E-12-4.35309E-13 6.36395E-13
 -1       229-4.56581E-12-9.78628E-13-4.05757E-13
 -1       230 1.67818E-11-2.65567E-13 6.26138E-13
 -1       231-4.80893E-11 1.08339E-12-1.35594E-12
 -1       232 2.15142E-11 4.24994E-14 4.72026E-14
 -1       233-5.88028E-15 9.66317E-13-5.04412E-12
 -1       235 1.64679E-12 3.48762E-13-1.63780E-12
 -1       236-2.71530E-11-5.08170E-13-5.82627E-13
 -1       237-3.80470E-11 9.03625E-13 4.86039E-12
 -1       238 1.80090E-11 8.89038E-13 4.54301E-12
 -1       239-1.18146E-11-1.17610E-12 4.71751E-12
 -1       241 5.98325E-12 2.38823E-13-4.06424E-12
 -1       242-8.33333E+01 5.07289E-13-2.76241E-12
 -1       243 3.33333E+02-4.68818E-13-1.60497E-12
 -1       244-8.33333E+01 9.77974E-13 3.68607E-13
 -1       245-1.55556E+02 4.60644E+00-3.01087E-12
 -1       247-1.55556E+02 4.60644E+00-2.69669E-12
 -1       248-1.57901E-12-1.21039E-13-2.29400E-13
 -1       250 1.10608E-12-2.67939E-14-4.97519E-14
 -1       251-1.30988E-12-1.88147E-13-2.43940E-12
 -1       253 6.51770E-14 5.48585E-14 1.53019E-12
 -1       254 3.29896E-12 1.06243E-13-1.92359E-12
 -1       256-4.43785E-12 1.61088E-13 4.12653E-13
 -1       257 1.05825E-12 6.69259E-13-5.47630E-13
 -1       259-9.37499E-13-5.19084E-13-3.74482E-13
 -1       260 1.61329E-12 6.46131E-14-1.15923E-14
 -1       262-6.93487E-12-2.32967E-13-1.79186E-12
 -1       263 8.54794E-12-2.60028E-13 5.51162E-13
 -1       265-3.11556E-12-2.98757E-13 1.09153E-12
 -1       266-2.28299E-13-1.41172E-13 1.60116E-12
 -1       268-5.91044E-12-3.38605E-13-1.46190E-12
 -1       269-5.82831E-12 5.84541E-13 2.97379E-12
 -1       271 5.03624E-12 4.24494E-13-2.77289E-12
 -1       272-1.57514E-11 5.92723E-13 5.85166E-12
 -1       274 1.36534E-11-1.29947E-12-1.40356E-12
 -1       275 1.66667E+02-4.61530E-13 1.31051E-12
 -1       277 1.66667E+02-5.77687E-13-1.13552E-13
 -1       278 3.54742E+01 5.14221E+00-1.34555E-10
 -1       279-1.81479E+02 3.41127E+01 2.82278E-10
 -1       280 3.54742E+01 5.14221E+00-1.34553E-10
 -1       281 7.97973E-14 1.73195E-14 7.31082E-14
 -1       283 2.69958E-13 1.59581E-13-8.07132E-14
 -1       284 2.82836E-12 9.31823E-14 5.19848E-13
 -1       285-2.76842E-12 2.22119E-13-3.78808E-13
 -1       286 9.72651E-13-1.74642E-15-2.29968E-13
 -1       287-1.33568E-12-5.36643E-14-8.07882E-13
 -1       289 4.67223E-13 6.36015E-15 9.31366E-13
 -1       290 2.70903E-12-1.08085E-13 5.11244E-13
 -1       291-1.59637E-12 2.03965E-12 4.59258E-13
 -1       292 9.73565E-13-2.83341E-13 7.92899E-14
 -1       293 1.02969E-12-2.26476E-13-6.73087E-13
 -1       295-3.31415E-13 2.81621E-13 6.13440E-13
 -1       296 5.83930E-12 4.32781E-14 3.54751E-13
 -1       297-8.94687E-12 4.05738E-13-7.39062E-13
 -1       298 4.76628E-12-1.49116E-14-1.05761E-12
 -1       299 3.93727E-13 4.33085E-13 2.07057E-13
 -1       301 8.15958E-13-1.37350E-13 1.04652E-12
 -1       302-4.35632E-12-3.99513E-14-9.43447E-13
 -1       303 2.40750E-12 3.57960E-13 2.86485E-12
 -1       304-1.72644E-12-4.26365E-13-3.80098E-13
 -1       305 1.31829E-12-8.06102E-14 1.48644E-12
 -1       307-7.16593E-13 8.05996E-14-2.40717E-12
 -1       308-9.78903E-13 5.77257E-13 3.58644E-13
 -1       309 3.96302E-12-1.83542E-14 1.46742E-12
 -1       310-4.69660E-12-1.83453E-14 2.26789E-13
 -1       311 1.17701E-12 3.80453E-13-7.27269E-13
 -1       313-2.56749E-12 8.25912E-14 1.25129E-12
 -1       314-2.09647E-12 1.52868E-13-3.30102E-13
 -1       315 5.09682E-12 2.88288E-13-1.49453E-12
 -1       316 2.26381E-12 1.99180E-13-7.24387E-14
 -1       317 2.33990E-12-2.42827E-14 1.28956E-13
 -1       319-3.96010E-12 3.14158E-13-1.10295E-12
 -1       320 7.43745E-14-3.17892E-13 4.54006E-13
 -1       321-1.64691E-11 3.23444E-13-2.88357E-12
 -1       322-2.89000E-12 7.44629E-14-4.63788E-13
 -1       323 3.47444E-13 4.63186E-13 5.90552E-13
 -1       325-7.00062E-12 7.16930E-13-1.77145E-12
 -1       326 1.30174E-11-8.30509E-13-1.59253E-12
 -1       327 3.97761E-13 1.79541E-13 2.06775E-12
 -1       328 2.04866E-11-8.03057E-13 2.17640E-13
 -1       329-7.87426E-13-1.73279E-14 4.55931E-12
 -1       331 3.81459E-12-1.83263E-14-2.28413E-12
 -1       332 1.43689E-11-3.39811E-13 1.10096E-13
 -1       333-5.63141E-11-1.58739E-13-4.31418E-14
 -1       334 2.35071E-11-7.55920E-14 9.03552E-13
 -1       335-5.98743E-12-8.38302E-15 7.34364E-13
 -1       337 3.54719E-12-7.13639E-14-2.25547E-14
 -1       338-4.16667E+01-3.60227E-14-1.35818E-12
 -1       339 1.66667E+02 1.04045E-13 8.76200E-13
 -1       340-4.16667E+01 1.58432E-13-1.24695E-12
 -3
    1PSTEP                         4           1           1          
  100CL  101 1.000000000         203                     0    1           1
 -4  ERROR       1    1
 -5  STR(%)      1    1    0    0
 -1        86 2.00624E+00
 -1        87 2.00624E+00
 -1        88 2.00624E+00
 -1        89 2.00624E+00
 -1        91 2.00624E+00
 -1        92 2.00624E+00
 -1        93 2.00624E+00
 -1        94 2.00624E+00
 -1        95 1.23688E+00
 -1        97 1.23688E+00
 -1        98 4.67513E-01
 -1        99 4.67513E-01
 -1       100 4.67513E-01
 -1       101 2.81174E-01
 -1       103 2.81174E-01
 -1       104 9.48362E-02
 -1       105 9.48362E-02
 -1       106 9.48362E-02
 -1       107 4.97278E-02
 -1       109 4.97278E-02
 -1       110 4.61933E-03
 -1       111 4.61933E-03
 -1       112 4.61933E-03
 -1       113 3.38690E-03
 -1       115 3.38690E-03
 -1       116 2.15447E-03
 -1       117 2.15447E-03
 -1       118 2.15447E-03
 -1       119 1.36488E-03
 -1       121 1.36488E-03
 -1       122 5.75280E-04
 -1       123 5.75280E-04
 -1       124 5.75280E-04
 -1       125 3.67497E-04
 -1       127 3.67497E-04
 -1       128 1.59713E-04
 -1       129 1.59713E-04
 -1       130 1.59713E-04
 -1       131 1.04598E-04
 -1       133 1.04598E-04
 -1       134 4.94827E-05
 -1       135 4.94827E-05
 -1       136 4.94827E-05
 -1       137 3.30721E-05
 -1       139 3.30721E-05
 -1       140 1.66615E-05
 -1       141 1.66615E-05
 -1       142 1.66615E-05
 -1       143 1.66615E-05
 -1       145 1.66615E-05
 -1       146 1.66615E-05
 -1       147 1.66615E-05
 -1       148 1.66615E-05
 -1       149 2.00624E+00
 -1       151 2.00624E+00
 -1       152 2.00624E+00
 -1       154 2.00624E+00
 -1       155 4.67513E-01
 -1       157 4.67513E-01
 -1       158 9.48362E-02
 -1       160 9.48362E-02
 -1       161 4.61933E-03
 -1       163 4.61933E-03
 -1       164 2.15447E-03
 -1       166 2.15447E-03
 -1       167 5.75280E-04
 -1       169 5.75280E-04
 -1       170 1.59713E-04
 -1       172 1.59713E-04
 -1       173 4.94827E-05
 -1       175 4.94827E-05
 -1       176 1.66615E-05
 -1       178 1.66615E-05
 -1       179 1.66615E-05
 -1       181 1.66615E-05
 -1       182 2.00624E+00
 -1       183 2.00624E+00
 -1       184 2.00624E+00
 -1       185 2.00624E+00
 -1       187 2.00624E+00
 -1       188 2.00624E+00
 -1       189 2.00624E+00
 -1       190 2.00624E+00
 -1       191 1.23688E+00
 -1       193 1.23688E+00
 -1       194 4.67513E-01
 -1       195 4.67513E-01
 -1       196 4.67513E-01
 -1       197 2.81174E-01
 -1       199 2.81174E-01
 -1       200 9.48362E-02
 -1       201 9.48362E-02
 -1       202 9.48362E-02
 -1       203 4.97278E-02
 -1       205 4.97278E-02
 -1       206 4.61933E-03
 -1       207 4.61933E-03
 -1       208 4.61933E-03
 -1       209 3.38690E-03
 -1       211 3.38690E-03
 -1       212 2.15447E-03
 -1       213 2.15447E-03
 -1       214 2.15447E-03
 -1       215 1.36488E-03
 -1       217 1.36488E-03
 -1       218 5.75280E-04
 -1       219 5.75280E-04
 -1       220 5.75280E-04
 -1       221 3.67497E-04
 -1       223 3.67497E-04
 -1       224 1.59713E-04
 -1       225 1.59713E-04
 -1       226 1.59713E-04
 -1       227 1.04598E-04
 -1       229 1.04598E-04
 -1       230 4.94827E-05
 -1       231 4.94827E-05
 -1       232 4.94827E-05
 -1       233 3.30721E-05
 -1       235 3.30721E-05
 -1       236 1.66615E-05
 -1       237 1.66615E-05
 -1       238 1.66615E-05
 -1       239 1.66615E-05
 -1       241 1.66615E-05
 -1       242 1.66615E-05
 -1       243 1.66615E-05
 -1       244 1.66615E-05
 -1       245 2.00624E+00
 -1       247 2.00624E+00
 -1       248 2.00624E+00
 -1       250 2.00624E+00
 -1       251 4.67513E-01
 -1       253 4.67513E-01
 -1       254 9.48362E-02
 -1       256 9.48362E-02
 -1       257 4.61933E-03
 -1       259 4.61933E-03
 -1       260 2.15447E-03
 -1       262 2.15447E-03
 -1       263 5.75280E-04
 -1       265 5.75280E-04
 -1       266 1.59713E-04
 -1       268 1.59713E-04
 -1       269 4.94827E-05
 -1       271 4.94827E-05
 -1       272 1.66615E-05
 -1       274 1.66615E-05
 -1       275 1.66615E-05
 -1       277 1.66615E-05
 -1       278 2.00624E+00
 -1       279 2.00624E+00
 -1       280 2.00624E+00
 -1       281 2.00624E+00
 -1       283 2.00624E+00
 -1       284 2.00624E+00
 -1       285 2.00624E+00
 -1       286 2.00624E+00
 -1       287 1.23688E+00
 -1       289 1.23688E+00
 -1       290 4.67513E-01
 -1       291 4.67513E-01
 -1       292 4.67513E-01
 -1       293 2.81174E-01
 -1       295 2.81174E-01
 -1       296 9.48362E-02
 -1       297 9.48362E-02
 -1       298 9.48362E-02
 -1       299 4.97278E-02
 -1       301 4.97278E-02
 -1       302 4.61933E-03
 -1       303 4.61933E-03
 -1       304 4.61933E-03
 -1       305 3.38690E-03
 -1       307 3.38690E-03
 -1       308 2.15447E-03
 -1       309 2.15447E-03
 -1       310 2.15447E-03
 -1       311 1.36488E-03
 -1       313 1.36488E-03
 -1       314 5.75280E-04
 -1       315 5.75280E-04
 -1       316 5.75280E-04
 -1       317 3.67497E-04
 -1       319 3.67497E-04
 -1       320 1.59713E-04
 -1       321 1.59713E-04
 -1       322 1.59713E-04
 -1       323 1.04598E-04
 -1       325 1.04598E-04
 -1       326 4.94827E-05
 -1       327 4.94827E-05
 -1       328 4.94827E-05
 -1       329 3.30721E-05
 -1       331 3.30721E-05
 -1       332 1.66615E-05
 -1       333 1.66615E-05
 -1       334 1.66615E-05
 -1       335 1.66615E-05
 -1       337 1.66615E-05
 -1       338 1.66615E-05
 -1       339 1.66615E-05
 -1       340 1.66615E-05
 -3
    1PSTEP                         5           1           2          
  100CL  102 2.000000000         203                     0    2           1
 -4  DISP        4    1
 -5  D1          1    2    1    0
 -5  D2          1    2    2    0
 -5  D3          1    2    3    0
 -5  ALL         1    2    0    0    1ALL
 -1        86 0.00000E+00 0.00000E+00-4.28433E-15
 -1        87 0.00000E+00 0.00000E+00 0.00000E+00
 -1        88 0.00000E+00-0.00000E+00 4.28433E-15
 -1        89-2.51199E-03-8.55456E-04-4.76526E-03
 -1        91 2.51199E-03 8.55456E-04-4.76526E-03
 -1        92-5.96746E-03-1.49127E-03-2.45063E-02
 -1        93-8.68363E-14-5.79088E-14-2.43793E-02
 -1        94 5.96746E-03 1.49127E-03-2.45063E-02
 -1        95-9.15507E-03-1.62876E-03-6.20564E-02
 -1        97 9.15507E-03 1.62876E-03-6.20564E-02
 -1        98-1.20573E-02-1.52873E-03-1.15178E-01
 -1        99-1.63803E-13-1.82316E-13-1.15100E-01
 -1       100 1.20573E-02 1.52873E-03-1.15178E-01
 -1       101-1.48297E-02-1.55242E-03-1.82674E-01
 -1       103 1.48297E-02 1.55242E-03-1.82674E-01
 -1       104-1.74386E-02-1.45704E-03-2.63567E-01
 -1       105-2.31848E-13-3.73673E-13-2.63489E-01
 -1       106 1.74386E-02 1.45704E-03-2.63567E-01
 -1       107-1.98541E-02-1.38679E-03-3.57054E-01
 -1       109 1.98541E-02 1.38679E-03-3.57054E-01
 -1       110-2.20815E-02-1.26872E-03-4.62182E-01
 -1       111-2.89697E-13-6.21947E-13-4.62119E-01
 -1       112 2.20815E-02 1.26872E-03-4.62182E-01
 -1       113-2.41357E-02-1.17772E-03-5.78030E-01
 -1       115 2.41357E-02 1.17772E-03-5.78030E-01
 -1       116-2.60118E-02-1.06495E-03-7.03695E-01
 -1       117-3.34410E-13-9.17512E-13-7.03642E-01
 -1       118 2.60118E-02 1.06495E-03-7.03695E-01
 -1       119-2.77088E-02-9.65047E-04-8.38295E-01
 -1       121 2.77088E-02 9.65047E-04-8.38295E-01
 -1       122-2.92260E-02-8.55077E-04-9.80931E-01
 -1       123-3.67609E-13-1.24794E-12-9.80888E-01
 -1       124 2.92260E-02 8.55077E-04-9.80931E-01
 -1       125-3.05655E-02-7.51153E-04-1.13071E+00
 -1       127 3.05655E-02 7.51153E-04-1.13071E+00
 -1       128-3.17261E-02-6.43732E-04-1.28674E+00
 -1       129-3.84109E-13-1.60133E-12-1.28671E+00
 -1       130 3.17261E-02 6.43732E-04-1.28674E+00
 -1       131-3.27081E-02-5.38830E-04-1.44812E+00
 -1       133 3.27081E-02 5.38830E-04-1.44812E+00
 -1       134-3.35113E-02-4.35716E-04-1.61397E+00
 -1       135-3.94018E-13-1.95249E-12-1.61395E+00
 -1       136 3.35113E-02 4.35716E-04-1.61397E+00
 -1       137-3.41353E-02-3.33253E-04-1.78337E+00
 -1       139 3.41353E-02 3.33253E-04-1.78337E+00
 -1       140-3.45790E-02-2.43081E-04-1.95544E+00
 -1       141-3.97602E-13-2.29935E-12-1.95543E+00
 -1       142 3.45790E-02 2.43081E-04-1.95544E+00
 -1       143-3.48449E-02-1.62400E-04-2.12923E+00
 -1       145 3.48449E-02 1.62400E-04-2.12923E+00
 -1       146-3.49348E-02-1.13711E-04-2.30388E+00
 -1       147-4.08466E-13-2.66487E-12-2.30388E+00
 -1       148 3.49348E-02 1.13711E-04-2.30388E+00
 -1       149 0.00000E+00 0.00000E+00-1.33313E-15
 -1       151 0.00000E+00-0.00000E+00 1.33313E-15
 -1       152-5.93458E-03-5.32421E-04-2.96688E-02
 -1       154 5.93458E-03 5.32421E-04-2.96688E-02
 -1       155-1.21213E-02-7.55985E-04-1.21015E-01
 -1       157 1.21213E-02 7.55985E-04-1.21015E-01
 -1       158-1.74119E-02-7.18369E-04-2.69070E-01
 -1       160 1.74119E-02 7.18369E-04-2.69070E-01
 -1       161-2.20655E-02-6.33166E-04-4.66971E-01
 -1       163 2.20655E-02 6.33166E-04-4.66971E-01
 -1       164-2.59890E-02-5.32096E-04-7.07705E-01
 -1       166 2.59890E-02 5.32096E-04-7.07705E-01
 -1       167-2.92041E-02-4.27483E-04-9.84145E-01
 -1       169 2.92041E-02 4.27483E-04-9.84145E-01
 -1       170-3.17039E-02-3.22244E-04-1.28916E+00
 -1       172 3.17039E-02 3.22244E-04-1.28916E+00
 -1       173-3.34906E-02-2.19263E-04-1.61560E+00
 -1       175 3.34906E-02 2.19263E-04-1.61560E+00
 -1       176-3.45652E-02-1.27860E-04-1.95636E+00
 -1       178 3.45652E-02 1.27860E-04-1.95636E+00
 -1       179-3.49358E-02-8.26555E-05-2.30438E+00
 -1       181 3.49358E-02 8.26555E-05-2.30438E+00
 -1       182 0.00000E+00 0.00000E+00 9.24499E-16
 -1       183 0.00000E+00 0.00000E+00 0.00000E+00
 -1       184 0.00000E+00-0.00000E+00-9.24499E-16
 -1       185-3.25427E-03-6.85224E-14-7.94803E-03
 -1       187 3.25427E-03 4.95878E-14-7.94803E-03
 -1       188-6.21421E-03-2.05615E-13-3.08536E-02
 -1       189-5.61964E-15-4.64761E-14-3.07030E-02
 -1       190 6.21421E-03 1.12967E-13-3.08536E-02
 -1       191-9.26954E-03-4.01922E-13-6.93578E-02
 -1       193 9.26954E-03 2.04040E-13-6.93578E-02
 -1       194-1.20908E-02-6.14246E-13-1.22885E-01
 -1       195-1.12514E-14-1.70664E-13-1.22808E-01
 -1       196 1.20908E-02 2.73110E-13-1.22885E-01
 -1       197-1.47863E-02-8.46495E-13-1.90317E-01
 -1       199 1.47863E-02 3.28491E-13-1.90317E-01
 -1       200-1.73661E-02-1.08718E-12-2.70869E-01
 -1       201-1.73021E-14-3.63119E-13-2.70791E-01
 -1       202 1.73661E-02 3.61176E-13-2.70869E-01
 -1       203-1.97675E-02-1.34667E-12-3.63919E-01
 -1       205 1.97675E-02 3.83343E-13-3.63919E-01
 -1       206-2.19901E-02-1.62043E-12-4.68563E-01
 -1       207-2.28845E-14-6.13491E-13-4.68499E-01
 -1       208 2.19901E-02 3.93491E-13-4.68563E-01
 -1       209-2.40394E-02-1.90981E-12-5.83898E-01
 -1       211 2.40394E-02 3.94805E-13-5.83898E-01
 -1       212-2.59155E-02-2.21760E-12-7.09041E-01
 -1       213-2.76866E-14-9.12490E-13-7.08987E-01
 -1       214 2.59155E-02 3.93000E-13-7.09041E-01
 -1       215-2.76107E-02-2.53779E-12-8.43111E-01
 -1       217 2.76107E-02 3.88413E-13-8.43111E-01
 -1       218-2.91283E-02-2.86761E-12-9.85217E-01
 -1       219-3.29736E-14-1.24552E-12-9.85174E-01
 -1       220 2.91283E-02 3.76521E-13-9.85217E-01
 -1       221-3.04673E-02-3.17066E-12-1.13446E+00
 -1       223 3.04673E-02 3.28925E-13-1.13446E+00
 -1       224-3.16289E-02-3.46484E-12-1.28996E+00
 -1       225-3.60406E-14-1.59957E-12-1.28993E+00
 -1       226 3.16289E-02 2.65752E-13-1.28996E+00
 -1       227-3.26121E-02-3.73785E-12-1.45082E+00
 -1       229 3.26121E-02 1.89057E-13-1.45082E+00
 -1       230-3.34179E-02-4.02018E-12-1.61615E+00
 -1       231-3.92186E-14-1.94814E-12-1.61613E+00
 -1       232 3.34179E-02 1.23394E-13-1.61615E+00
 -1       233-3.40485E-02-4.23073E-12-1.78507E+00
 -1       235 3.40485E-02-1.78817E-14-1.78507E+00
 -1       236-3.45059E-02-4.41336E-12-1.95670E+00
 -1       237-3.75517E-14-2.29904E-12-1.95669E+00
 -1       238 3.45059E-02-1.84720E-13-1.95670E+00
 -1       239-3.47965E-02-4.47928E-12-2.13016E+00
 -1       241 3.47965E-02-4.77487E-13-2.13016E+00
 -1       242-3.49189E-02-4.57602E-12-2.30463E+00
 -1       243-4.17464E-14-2.65422E-12-2.30463E+00
 -1       244 3.49189E-02-7.32858E-13-2.30463E+00
 -1       245 0.00000E+00 0.00000E+00 8.03611E-16
 -1       247 0.00000E+00-0.00000E+00-8.03611E-16
 -1       248-5.93458E-03 5.32421E-04-2.96688E-02
 -1       250 5.93458E-03-5.32421E-04-2.96688E-02
 -1       251-1.21213E-02 7.55985E-04-1.21015E-01
 -1       253 1.21213E-02-7.55985E-04-1.21015E-01
 -1       254-1.74119E-02 7.18369E-04-2.69070E-01
 -1       256 1.74119E-02-7.18369E-04-2.69070E-01
 -1       257-2.20655E-02 6.33166E-04-4.66971E-01
 -1       259 2.20655E-02-6.33166E-04-4.66971E-01
 -1       260-2.59890E-02 5.32096E-04-7.07705E-01
 -1       262 2.59890E-02-5.32096E-04-7.07705E-01
 -1       263-2.92041E-02 4.27483E-04-9.84145E-01
 -1       265 2.92041E-02-4.27483E-04-9.84145E-01
 -1       266-3.17039E-02 3.22244E-04-1.28916E+00
 -1       268 3.17039E-02-3.22244E-04-1.28916E+00
 -1       269-3.34906E-02 2.19263E-04-1.61560E+00
 -1       271 3.34906E-02-2.19263E-04-1.61560E+00
 -1       272-3.45652E-02 1.27860E-04-1.95636E+00
 -1       274 3.45652E-02-1.27860E-04-1.95636E+00
 -1       275-3.49358E-02 8.26555E-05-2.30438E+00
 -1       277 3.49358E-02-8.26555E-05-2.30438E+00
 -1       278 0.00000E+00 0.00000E+00 1.67141E-15
 -1       279 0.00000E+00 0.00000E+00 0.00000E+00
 -1       280 0.00000E+00-0.00000E+00-1.67141E-15
 -1       281-2.51199E-03 8.55456E-04-4.76526E-03
 -1       283 2.51199E-03-8.55456E-04-4.76526E-03
 -1       284-5.96746E-03 1.49127E-03-2.45063E-02
 -1       285 7.47102E-14-5.44478E-14-2.43793E-02
 -1       286 5.96746E-03-1.49127E-03-2.45063E-02
 -1       287-9.15507E-03 1.62876E-03-6.20564E-02
 -1       289 9.15507E-03-1.62876E-03-6.20564E-02
 -1       290-1.20573E-02 1.52873E-03-1.15178E-01
 -1       291 1.40096E-13-1.78780E-13-1.15100E-01
 -1       292 1.20573E-02-1.52873E-03-1.15178E-01
 -1       293-1.48297E-02 1.55242E-03-1.82674E-01
 -1       295 1.48297E-02-1.55242E-03-1.82674E-01
 -1       296-1.74386E-02 1.45704E-03-2.63567E-01
 -1       297 1.96052E-13-3.69891E-13-2.63489E-01
 -1       298 1.74386E-02-1.45704E-03-2.63567E-01
 -1       299-1.98541E-02 1.38679E-03-3.57054E-01
 -1       301 1.98541E-02-1.38679E-03-3.57054E-01
 -1       302-2.20815E-02 1.26872E-03-4.62182E-01
 -1       303 2.40784E-13-6.18459E-13-4.62119E-01
 -1       304 2.20815E-02-1.26872E-03-4.62182E-01
 -1       305-2.41357E-02 1.17772E-03-5.78030E-01
 -1       307 2.41357E-02-1.17772E-03-5.78030E-01
 -1       308-2.60118E-02 1.06495E-03-7.03695E-01
 -1       309 2.75290E-13-9.13769E-13-7.03642E-01
 -1       310 2.60118E-02-1.06495E-03-7.03695E-01
 -1       311-2.77088E-02 9.65047E-04-8.38295E-01
 -1       313 2.77088E-02-9.65047E-04-8.38295E-01
 -1       314-2.92260E-02 8.55077E-04-9.80931E-01
 -1       315 2.99284E-13-1.24726E-12-9.80888E-01
 -1       316 2.92260E-02-8.55077E-04-9.80931E-01
 -1       317-3.05655E-02 7.51153E-04-1.13071E+00
 -1       319 3.05655E-02-7.51153E-04-1.13071E+00
 -1       320-3.17261E-02 6.43732E-04-1.28674E+00
 -1       321 3.04262E-13-1.60129E-12-1.28671E+00
 -1       322 3.17261E-02-6.43732E-04-1.28674E+00
 -1       323-3.27081E-02 5.38830E-04-1.44812E+00
 -1       325 3.27081E-02-5.38830E-04-1.44812E+00
 -1       326-3.35113E-02 4.35716E-04-1.61397E+00
 -1       327 3.05285E-13-1.95171E-12-1.61395E+00
 -1       328 3.35113E-02-4.35716E-04-1.61397E+00
 -1       329-3.41353E-02 3.33253E-04-1.78337E+00
 -1       331 3.41353E-02-3.33253E-04-1.78337E+00
 -1       332-3.45790E-02 2.43081E-04-1.95544E+00
 -1       333 3.09421E-13-2.30391E-12-1.95543E+00
 -1       334 3.45790E-02-2.43081E-04-1.95544E+00
 -1       335-3.48449E-02 1.62400E-04-2.12923E+00
 -1       337 3.48449E-02-1.62400E-04-2.12923E+00
 -1       338-3.49348E-02 1.13711E-04-2.30388E+00
 -1       339 3.25386E-13-2.66001E-12-2.30388E+00
 -1       340 3.49348E-02-1.13711E-04-2.30388E+00
 -3
    1PSTEP                         6           1           2          
  100CL  102 2.000000000         203                     0    2           1
 -4  STRESS      6    1
 -5  SXX         1    4    1    1
 -5  SYY         1    4    2    2
 -5  SZZ         1    4    3    3
 -5  SXY         1    4    1    2
 -5  SYZ         1    4    2    3
 -5  SZX         1    4    3    1
 -1        86-1.11520E+02-4.61045E+01-4.72872E+01-1.77772E+01 5.86439E+00 8.55365E+00
 -1        87-1.96631E-09-4.83372E-10-2.78177E-12-2.49875E-10 5.86439E+00 8.55365E+00
 -1        88 1.11520E+02 4.61045E+01 4.72872E+01 1.77772E+01 5.86439E+00 8.55365E+00
 -1        89-1.35279E+02-2.04491E+01-2.00533E+01-1.27017E+01 2.65146E+00 3.42465E+00
 -1        91 1.35279E+02 2.04491E+01 2.00533E+01 1.27017E+01 2.65146E+00 3.42465E+00
 -1        92-1.45518E+02 1.10693E+01 1.29954E+01-4.83747E+00-1.03445E+00-7.47577E-01
 -1        93-1.71332E-09 1.05294E-10-9.35341E-12 2.71901E-11-1.03445E+00-7.47577E-01
 -1        94 1.45518E+02-1.10693E+01-1.29954E+01 4.83747E+00-1.03445E+00-7.47577E-01
 -1        95-1.26570E+02 6.82568E+00 7.05780E+00-6.38699E-01 5.14141E-02 8.76394E-02
 -1        97 1.26570E+02-6.82568E+00-7.05780E+00 6.38699E-01 5.14141E-02 8.76394E-02
 -1        98-1.21783E+02-4.01177E+00-5.10662E+00-1.11621E+00 3.80424E-01-3.20294E-01
 -1        99-1.52983E-09-1.54331E-11-6.41043E-13-9.71453E-12 3.80424E-01-3.20294E-01
 -1       100 1.21783E+02 4.01177E+00 5.10662E+00 1.11621E+00 3.80424E-01-3.20294E-01
 -1       101-1.13572E+02-1.69476E+00-1.95113E+00-4.40288E-02-3.44028E-02-7.07239E-01
 -1       103 1.13572E+02 1.69476E+00 1.95113E+00 4.40288E-02-3.44028E-02-7.07239E-01
 -1       104-1.04913E+02 9.96347E-01 1.45136E+00 1.95828E+00 1.32435E-01-7.99855E-01
 -1       105-1.32496E-09 1.73078E-12-5.15635E-11-1.37902E-11 1.32435E-01-7.99855E-01
 -1       106 1.04913E+02-9.96347E-01-1.45136E+00-1.95828E+00 1.32435E-01-7.99855E-01
 -1       107-9.75367E+01 3.20485E-01 4.99758E-01 1.52601E+00-5.94126E-02-7.84484E-01
 -1       109 9.75367E+01-3.20485E-01-4.99758E-01-1.52601E+00-5.94126E-02-7.84484E-01
 -1       110-9.00674E+01-1.41583E-01-3.59676E-01 1.56719E+00 9.56422E-02-8.12107E-01
 -1       111-1.08372E-09-1.42179E-11-4.38728E-11-2.44545E-11 9.56422E-02-8.12107E-01
 -1       112 9.00674E+01 1.41583E-01 3.59676E-01-1.56719E+00 9.56422E-02-8.12107E-01
 -1       113-8.25417E+01-8.27620E-02-1.40078E-01 1.52379E+00-1.53448E-02-8.26254E-01
 -1       115 8.25417E+01 8.27620E-02 1.40078E-01-1.52379E+00-1.53448E-02-8.26254E-01
 -1       116-7.49906E+01 4.21720E-02 1.06980E-01 1.73018E+00 2.81305E-02-8.24571E-01
 -1       117-8.80249E-10-4.94636E-11-9.37803E-11-4.77202E-11 2.81305E-02-8.24571E-01
 -1       118 7.49906E+01-4.21720E-02-1.06980E-01-1.73018E+00 2.81305E-02-8.24571E-01
 -1       119-6.75080E+01 6.48512E-03 3.30969E-02 1.63801E+00-1.04659E-02-8.30893E-01
 -1       121 6.75080E+01-6.48512E-03-3.30969E-02-1.63801E+00-1.04659E-02-8.30893E-01
 -1       122-5.99931E+01 4.38634E-03-2.10260E-02 1.67516E+00 1.45915E-02-8.28410E-01
 -1       123-4.80844E-10-2.37199E-11 9.97381E-12-2.32379E-11 1.45915E-02-8.28410E-01
 -1       124 5.99931E+01-4.38634E-03 2.10260E-02-1.67516E+00 1.45915E-02-8.28410E-01
 -1       125-5.24999E+01-5.24362E-03-1.20706E-02 1.63331E+00-4.19274E-03-8.30758E-01
 -1       127 5.24999E+01 5.24362E-03 1.20706E-02-1.63331E+00-4.19274E-03-8.30758E-01
 -1       128-4.49832E+01 1.06464E-04 8.41383E-03 1.66739E+00 6.41021E-04-8.28702E-01
 -1       129-2.32276E-10 2.93741E-11 8.89888E-11-2.51689E-11 6.41020E-04-8.28702E-01
 -1       130 4.49832E+01-1.06464E-04-8.41383E-03-1.66739E+00 6.41020E-04-8.28702E-01
 -1       131-3.74808E+01 3.61977E-03 3.65672E-03 1.60222E+00-3.36711E-04-8.22980E-01
 -1       133 3.74808E+01-3.61977E-03-3.65672E-03-1.60222E+00-3.36711E-04-8.22980E-01
 -1       134-2.99613E+01-5.58521E-03 2.25259E-04 1.61466E+00-2.25197E-02-8.23494E-01
 -1       135-7.28289E-11 5.76832E-11 2.03387E-10 4.39414E-11-2.25197E-02-8.23494E-01
 -1       136 2.99613E+01 5.58521E-03-2.25258E-04-1.61466E+00-2.25197E-02-8.23494E-01
 -1       137-2.23756E+01 3.03367E-03-3.88199E-03 1.43482E+00 8.53630E-03-7.94338E-01
 -1       139 2.23756E+01-3.03367E-03 3.88199E-03-1.43482E+00 8.53630E-03-7.94338E-01
 -1       140-1.47386E+01-1.73262E-03 3.39349E-03 1.27066E+00-7.02309E-03-7.64651E-01
 -1       141-2.59378E-10-1.53191E-10-1.78519E-10 4.70244E-11-7.02309E-03-7.64651E-01
 -1       142 1.47386E+01 1.73261E-03-3.39349E-03-1.27066E+00-7.02309E-03-7.64651E-01
 -1       143-7.28191E+00-1.10986E-02 4.88466E-04 8.10101E-01-7.19572E-02-6.53444E-01
 -1       145 7.28191E+00 1.10986E-02-4.88466E-04-8.10101E-01-7.19572E-02-6.53444E-01
 -1       146 1.25008E-01 3.40156E-02-9.76902E-04 2.85239E-01-9.54645E-03-5.30530E-01
 -1       147-1.81519E-10 2.10721E-11-3.45070E-10 4.70697E-11-9.54645E-03-5.30530E-01
 -1       148-1.25008E-01-3.40156E-02 9.76901E-04-2.85239E-01-9.54645E-03-5.30530E-01
 -1       149-1.49999E+02-6.25956E+01-6.37782E+01-9.98088E+00 2.90773E+00-4.99980E-01
 -1       151 1.49999E+02 6.25956E+01 6.37782E+01 9.98088E+00 2.90773E+00-4.99980E-01
 -1       152-1.34999E+02-2.46477E+00 1.70617E+01-6.72661E+00-8.17256E-02-4.99980E-01
 -1       154 1.34999E+02 2.46477E+00-1.70617E+01 6.72661E+00-8.17256E-02-4.99980E-01
 -1       155-1.19999E+02-4.03033E+00-4.60565E+00-1.36317E-01 3.23393E-01-4.99980E-01
 -1       157 1.19999E+02 4.03033E+00 4.60565E+00 1.36317E-01 3.23393E-01-4.99980E-01
 -1       158-1.04999E+02 5.94724E-02 1.25811E+00 1.45566E+00 7.56927E-03-4.99980E-01
 -1       160 1.04999E+02-5.94724E-02-1.25811E+00-1.45566E+00 7.56927E-03-4.99980E-01
 -1       161-8.99994E+01-2.09445E-01-3.20175E-01 1.62808E+00 3.03211E-02-4.99980E-01
 -1       163 8.99994E+01 2.09445E-01 3.20175E-01-1.62808E+00 3.03211E-02-4.99980E-01
 -1       164-7.49995E+01 2.81833E-03 9.12857E-02 1.66700E+00 1.35796E-02-4.99980E-01
 -1       166 7.49995E+01-2.81833E-03-9.12857E-02-1.66700E+00 1.35796E-02-4.99980E-01
 -1       167-5.99996E+01-2.67131E-03-2.24761E-02 1.66893E+00 6.91440E-03-4.99980E-01
 -1       169 5.99996E+01 2.67131E-03 2.24761E-02-1.66893E+00 6.91440E-03-4.99980E-01
 -1       170-4.49997E+01 2.61565E-02 6.02349E-03 1.65294E+00 2.70473E-03-4.99980E-01
 -1       172 4.49997E+01-2.61565E-02-6.02349E-03-1.65294E+00 2.70473E-03-4.99980E-01
 -1       173-2.99998E+01 9.89173E-02-6.15769E-03 1.60112E+00 3.38454E-03-4.99980E-01
 -1       175 2.99998E+01-9.89173E-02 6.15769E-03-1.60112E+00 3.38453E-03-4.99980E-01
 -1       176-1.49999E+01 4.50302E-01 1.97395E-03 1.27461E+00-1.56762E-02-4.99980E-01
 -1       178 1.49999E+01-4.50302E-01-1.97395E-03-1.27461E+00-1.56762E-02-4.99980E-01
 -1       179-5.32015E-05 2.16708E+00 1.03787E-02 3.08807E-01-7.15196E-02-4.99980E-01
 -1       181 5.32011E-05-2.16708E+00-1.03787E-02-3.08807E-01-7.15196E-02-4.99980E-01
 -1       182-1.88478E+02-7.90866E+01-8.02691E+01-8.47531E-10 5.38649E-10-9.55361E+00
 -1       183-1.09551E-10-2.43219E-11 6.31672E-12 8.90955E-11 5.23537E-10-9.55361E+00
 -1       184 1.88478E+02 7.90866E+01 8.02691E+01 1.02572E-09 5.08426E-10-9.55361E+00
 -1       185-1.49719E+02-4.46801E+01-2.66839E+01-2.82571E-09 3.59027E-10-4.42461E+00
 -1       187 1.49719E+02 4.46801E+01 2.66839E+01 2.71451E-09 3.49137E-10-4.42461E+00
 -1       188-1.24480E+02-1.59988E+01 2.11280E+01-4.81481E-09 6.61051E-11-2.52383E-01
 -1       189-1.29004E-10-5.17808E-13 1.21207E-11-1.50947E-10 7.00920E-11-2.52383E-01
 -1       190 1.24480E+02 1.59988E+01-2.11280E+01 4.51292E-09 7.40791E-11-2.52383E-01
 -1       191-1.28429E+02-1.27964E+01 5.55565E+00-4.92086E-09 2.20881E-11-1.08760E+00
 -1       193 1.28429E+02 1.27964E+01-5.55565E+00 4.68908E-09 2.37665E-11-1.08760E+00
 -1       194-1.18215E+02-4.04890E+00-4.10469E+00-5.05092E-09 1.75933E-11-6.79666E-01
 -1       195-1.22403E-10 3.62022E-12-5.13123E-12-1.22806E-10 1.59365E-11-6.79666E-01
 -1       196 1.18215E+02 4.04890E+00 4.10469E+00 4.80531E-09 1.42797E-11-6.79666E-01
 -1       197-1.11426E+02-2.45767E+00-1.45092E+00-4.94397E-09-7.42947E-12-2.92721E-01
 -1       199 1.11426E+02 2.45767E+00 1.45092E+00 4.71130E-09-2.64475E-12-2.92721E-01
 -1       200-1.05086E+02-8.77403E-01 1.06485E+00-4.85751E-09-7.96502E-12-2.00105E-01
 -1       201-1.23865E-10 2.24959E-11 8.28997E-11-1.19869E-10-2.89000E-12-2.00105E-01
 -1       202 1.05086E+02 8.77403E-01-1.06485E+00 4.61777E-09 2.18501E-12-2.00105E-01
 -1       203-9.74621E+01-6.44203E-01 3.86057E-01-4.98577E-09-8.50284E-12-2.15476E-01
 -1       205 9.74621E+01 6.44203E-01-3.86057E-01 4.72399E-09-4.42011E-12-2.15476E-01
 -1       206-8.99315E+01-2.77306E-01-2.80674E-01-5.05219E-09-4.33966E-12-1.87853E-01
 -1       207-1.13715E-10 6.56820E-12 5.63713E-11-1.39156E-10-5.41893E-12-1.87853E-01
 -1       208 8.99315E+01 2.77306E-01 2.80674E-01 4.77388E-09-6.49819E-12-1.87853E-01
 -1       209-8.24572E+01-1.79084E-01-1.05380E-01-5.29252E-09-8.57189E-12-1.73706E-01
 -1       211 8.24572E+01 1.79084E-01 1.05380E-01 4.99010E-09 1.95379E-12-1.73706E-01
 -1       212-7.50084E+01-3.65353E-02 7.55914E-02-5.56832E-09 9.88452E-12-1.75389E-01
 -1       213-1.05221E-10 4.90818E-11 6.86689E-11-1.46874E-10 1.21550E-11-1.75389E-01
 -1       214 7.50084E+01 3.65353E-02-7.55914E-02 5.27457E-09 1.44256E-11-1.75389E-01
 -1       215-6.74911E+01-2.60910E-02 2.97875E-02-5.55347E-09-8.60769E-12-1.69067E-01
 -1       217 6.74911E+01 2.60910E-02-2.97875E-02 5.21138E-09-4.48342E-12-1.69067E-01
 -1       218-6.00062E+01-9.72896E-03-2.39261E-02-5.24653E-09-8.32678E-11-1.71550E-01
 -1       219-1.12345E-10-1.27280E-11 8.79196E-12-1.97205E-10-8.58906E-11-1.71550E-01
 -1       220 6.00062E+01 9.72896E-03 2.39261E-02 4.85212E-09-8.85135E-11-1.71550E-01
 -1       221-5.24995E+01 2.37986E-02-5.86113E-03-4.39963E-09-7.68100E-12-1.69202E-01
 -1       223 5.24995E+01-2.37986E-02 5.86113E-03 4.05906E-09-1.86848E-11-1.69202E-01
 -1       224-4.50163E+01 5.22066E-02 3.63316E-03-3.66952E-09 1.05952E-10-1.71258E-01
 -1       225-7.07505E-11-2.01790E-11-9.85723E-11-1.22654E-10 8.82604E-11-1.71258E-01
 -1       226 4.50163E+01-5.22066E-02-3.63316E-03 3.42421E-09 7.05689E-11-1.71258E-01
 -1       227-3.75187E+01 1.41516E-01 2.22793E-03-3.43884E-09 3.78848E-11-1.76980E-01
 -1       229 3.75187E+01-1.41516E-01-2.22793E-03 3.37973E-09 2.99621E-11-1.76980E-01
 -1       230-3.00384E+01 2.03420E-01-1.25406E-02-2.87249E-09-2.89810E-10-1.76466E-01
 -1       231-1.12696E-10 4.39593E-12-1.47129E-11 9.59838E-12-2.77358E-10-1.76466E-01
 -1       232 3.00384E+01-2.03420E-01 1.25406E-02 2.89168E-09-2.64906E-10-1.76466E-01
 -1       233-2.26241E+01 5.81564E-01 1.03129E-02-6.41939E-10-1.66350E-10-2.05622E-01
 -1       235 2.26241E+01-5.81564E-01-1.03129E-02 7.31188E-10-1.83598E-10-2.05622E-01
 -1       236-1.52613E+01 9.02336E-01 5.54411E-04 2.18956E-09-1.62695E-10-2.35309E-01
 -1       237 9.23506E-11-7.34150E-11-2.71491E-10 3.79232E-11-1.84153E-10-2.35309E-01
 -1       238 1.52613E+01-9.02336E-01-5.54412E-04-2.11371E-09-2.05612E-10-2.35309E-01
 -1       239-7.71800E+00 2.55271E+00-1.08673E-02 3.33747E-09 1.24359E-10-3.46516E-01
 -1       241 7.71800E+00-2.55271E+00 1.08673E-02-3.36429E-09 1.18884E-10-3.46516E-01
 -1       242-1.25115E-01 4.30014E+00 2.17343E-02 3.40251E-09 8.30869E-10-4.69430E-01
 -1       243-6.54757E-11 5.79901E-11-1.82818E-10-4.29486E-12 8.61086E-10-4.69430E-01
 -1       244 1.25115E-01-4.30014E+00-2.17343E-02-3.41110E-09 8.91303E-10-4.69430E-01
 -1       245-1.49999E+02-6.25956E+01-6.37782E+01 9.98088E+00-2.90773E+00-4.99980E-01
 -1       247 1.49999E+02 6.25956E+01 6.37782E+01-9.98088E+00-2.90773E+00-4.99980E-01
 -1       248-1.34999E+02-2.46477E+00 1.70617E+01 6.72661E+00 8.17256E-02-4.99980E-01
 -1       250 1.34999E+02 2.46477E+00-1.70617E+01-6.72661E+00 8.17256E-02-4.99980E-01
 -1       251-1.19999E+02-4.03033E+00-4.60565E+00 1.36317E-01-3.23393E-01-4.99980E-01
 -1       253 1.19999E+02 4.03033E+00 4.60565E+00-1.36317E-01-3.23393E-01-4.99980E-01
 -1       254-1.04999E+02 5.94724E-02 1.25811E+00-1.45566E+00-7.56927E-03-4.99980E-01
 -1       256 1.04999E+02-5.94724E-02-1.25811E+00 1.45566E+00-7.56927E-03-4.99980E-01
 -1       257-8.99994E+01-2.09445E-01-3.20175E-01-1.62808E+00-3.03211E-02-4.99980E-01
 -1       259 8.99994E+01 2.09445E-01 3.20175E-01 1.62808E+00-3.03211E-02-4.99980E-01
 -1       260-7.49995E+01 2.81833E-03 9.12857E-02-1.66700E+00-1.35796E-02-4.99980E-01
 -1       262 7.49995E+01-2.81833E-03-9.12857E-02 1.66700E+00-1.35796E-02-4.99980E-01
 -1       263-5.99996E+01-2.67131E-03-2.24761E-02-1.66893E+00-6.91440E-03-4.99980E-01
 -1       265 5.99996E+01 2.67131E-03 2.24761E-02 1.66893E+00-6.91440E-03-4.99980E-01
 -1       266-4.49997E+01 2.61565E-02 6.02349E-03-1.65294E+00-2.70473E-03-4.99980E-01
 -1       268 4.49997E+01-2.61565E-02-6.02349E-03 1.65294E+00-2.70473E-03-4.99980E-01
 -1       269-2.99998E+01 9.89173E-02-6.15769E-03-1.60112E+00-3.38454E-03-4.99980E-01
 -1       271 2.99998E+01-9.89173E-02 6.15769E-03 1.60112E+00-3.38454E-03-4.99980E-01
 -1       272-1.49999E+01 4.50302E-01 1.97395E-03-1.27461E+00 1.56762E-02-4.99980E-01
 -1       274 1.49999E+01-4.50302E-01-1.97395E-03 1.27461E+00 1.56762E-02-4.99980E-01
 -1       275-5.32024E-05 2.16708E+00 1.03787E-02-3.08807E-01 7.15196E-02-4.99980E-01
 -1       277 5.32027E-05-2.16708E+00-1.03787E-02 3.08807E-01 7.15196E-02-4.99980E-01
 -1       278-1.11520E+02-4.61045E+01-4.72872E+01 1.77772E+01-5.86439E+00 8.55365E+00
 -1       279 1.68724E-09 4.08573E-10-1.19051E-11-1.93388E-10-5.86439E+00 8.55365E+00
 -1       280 1.11520E+02 4.61045E+01 4.72872E+01-1.77772E+01-5.86439E+00 8.55365E+00
 -1       281-1.35279E+02-2.04491E+01-2.00533E+01 1.27017E+01-2.65146E+00 3.42465E+00
 -1       283 1.35279E+02 2.04491E+01 2.00533E+01-1.27017E+01-2.65146E+00 3.42465E+00
 -1       284-1.45518E+02 1.10693E+01 1.29954E+01 4.83747E+00 1.03445E+00-7.47577E-01
 -1       285 1.47754E-09-9.34874E-11-1.83635E-11 1.24021E-11 1.03445E+00-7.47577E-01
 -1       286 1.45518E+02-1.10693E+01-1.29954E+01-4.83747E+00 1.03445E+00-7.47577E-01
 -1       287-1.26570E+02 6.82568E+00 7.05780E+00 6.38699E-01-5.14141E-02 8.76394E-02
 -1       289 1.26570E+02-6.82568E+00-7.05780E+00-6.38699E-01-5.14141E-02 8.76394E-02
 -1       290-1.21783E+02-4.01177E+00-5.10662E+00 1.11621E+00-3.80424E-01-3.20294E-01
 -1       291 1.27971E-09 5.14144E-12-4.47020E-12-8.86613E-12-3.80424E-01-3.20294E-01
 -1       292 1.21783E+02 4.01177E+00 5.10662E+00-1.11621E+00-3.80424E-01-3.20294E-01
 -1       293-1.13572E+02-1.69476E+00-1.95113E+00 4.40288E-02 3.44028E-02-7.07239E-01
 -1       295 1.13572E+02 1.69476E+00 1.95113E+00-4.40288E-02 3.44028E-02-7.07239E-01
 -1       296-1.04913E+02 9.96347E-01 1.45136E+00-1.95828E+00-1.32435E-01-7.99855E-01
 -1       297 1.04726E-09-3.78262E-11-9.87930E-11-1.73214E-11-1.32435E-01-7.99855E-01
 -1       298 1.04913E+02-9.96347E-01-1.45136E+00 1.95828E+00-1.32435E-01-7.99855E-01
 -1       299-9.75367E+01 3.20485E-01 4.99758E-01-1.52601E+00 5.94126E-02-7.84484E-01
 -1       301 9.75367E+01-3.20485E-01-4.99758E-01 1.52601E+00 5.94126E-02-7.84484E-01
 -1       302-9.00674E+01-1.41583E-01-3.59676E-01-1.56719E+00-9.56422E-02-8.12107E-01
 -1       303 8.50605E-10-2.19513E-11-9.98768E-11-2.86631E-11-9.56422E-02-8.12107E-01
 -1       304 9.00674E+01 1.41583E-01 3.59676E-01 1.56719E+00-9.56422E-02-8.12107E-01
 -1       305-8.25417E+01-8.27620E-02-1.40078E-01-1.52379E+00 1.53448E-02-8.26254E-01
 -1       307 8.25417E+01 8.27620E-02 1.40078E-01 1.52379E+00 1.53448E-02-8.26254E-01
 -1       308-7.49906E+01 4.21720E-02 1.06980E-01-1.73018E+00-2.81305E-02-8.24571E-01
 -1       309 6.61860E-10 5.56987E-12 5.04117E-11-2.83362E-11-2.81305E-02-8.24571E-01
 -1       310 7.49906E+01-4.21720E-02-1.06980E-01 1.73018E+00-2.81305E-02-8.24571E-01
 -1       311-6.75080E+01 6.48512E-03 3.30969E-02-1.63801E+00 1.04659E-02-8.30893E-01
 -1       313 6.75080E+01-6.48512E-03-3.30969E-02 1.63801E+00 1.04659E-02-8.30893E-01
 -1       314-5.99931E+01 4.38634E-03-2.10260E-02-1.67516E+00-1.45915E-02-8.28410E-01
 -1       315 3.56385E-10 1.83475E-12-1.43859E-11 1.69696E-11-1.45915E-02-8.28410E-01
 -1       316 5.99931E+01-4.38634E-03 2.10260E-02 1.67516E+00-1.45915E-02-8.28410E-01
 -1       317-5.24999E+01-5.24362E-03-1.20706E-02-1.63331E+00 4.19274E-03-8.30758E-01
 -1       319 5.24999E+01 5.24362E-03 1.20706E-02 1.63331E+00 4.19274E-03-8.30758E-01
 -1       320-4.49832E+01 1.06463E-04 8.41383E-03-1.66739E+00-6.41021E-04-8.28702E-01
 -1       321 3.53193E-11-9.24456E-11 1.21986E-10-3.27794E-11-6.41021E-04-8.28702E-01
 -1       322 4.49832E+01-1.06463E-04-8.41383E-03 1.66739E+00-6.41021E-04-8.28702E-01
 -1       323-3.74808E+01 3.61977E-03 3.65672E-03-1.60222E+00 3.36711E-04-8.22980E-01
 -1       325 3.74808E+01-3.61977E-03-3.65672E-03 1.60222E+00 3.36711E-04-8.22980E-01
 -1       326-2.99613E+01-5.58520E-03 2.25258E-04-1.61466E+00 2.25197E-02-8.23494E-01
 -1       327 6.52056E-11-2.16684E-11-5.21119E-11 3.59840E-12 2.25197E-02-8.23494E-01
 -1       328 2.99613E+01 5.58520E-03-2.25258E-04 1.61466E+00 2.25197E-02-8.23494E-01
 -1       329-2.23756E+01 3.03367E-03-3.88199E-03-1.43482E+00-8.53630E-03-7.94338E-01
 -1       331 2.23756E+01-3.03367E-03 3.88199E-03 1.43482E+00-8.53630E-03-7.94338E-01
 -1       332-1.47386E+01-1.73262E-03 3.39349E-03-1.27066E+00 7.02309E-03-7.64651E-01
 -1       333 1.79690E-10 1.01888E-10 5.49349E-10-1.37849E-11 7.02309E-03-7.64651E-01
 -1       334 1.47386E+01 1.73262E-03-3.39349E-03 1.27066E+00 7.02309E-03-7.64651E-01
 -1       335-7.28191E+00-1.10986E-02 4.88465E-04-8.10101E-01 7.19572E-02-6.53444E-01
 -1       337 7.28191E+00 1.10986E-02-4.88465E-04 8.10101E-01 7.19572E-02-6.53444E-01
 -1       338 1.25008E-01 3.40156E-02-9.76900E-04-2.85239E-01 9.54645E-03-5.30530E-01
 -1       339 1.69823E-10-7.22389E-11-3.35716E-12 2.15353E-11 9.54645E-03-5.30530E-01
 -1       340-1.25008E-01-3.40156E-02 9.76900E-04 2.85239E-01 9.54645E-03-5.30530E-01
 -3
    1PSTEP                         7           1           2          
  100CL  102 2.000000000         203                     0    2           1
 -4  FORC        4    1
 -5  F1          1    2    1    0
 -5  F2          1    2    2    0
 -5  F3          1    2    3    0
 -5  ALL         1    2    0    0    1ALL
 -1        86 5.36192E+01 3.19118E+01 5.59254E+02
 -1        87 9.04618E-09 1.82828E-09-1.16177E+03
 -1        88-5.36192E+01-3.19118E+01 5.59254E+02
 -1        89-4.70224E-12-2.82974E-12 3.94529E-12
 -1        91 6.08402E-14-1.65867E-12 9.10960E-12
 -1        92-8.97127E-12-1.85463E-13-5.16993E-11
 -1        93 8.96350E-12-1.65659E-11 8.31375E-11
 -1        94-2.13629E-11-5.59869E-12-1.53370E-10
 -1        95-1.49205E-11-4.34669E-12-3.59770E-11
 -1        97-3.02447E-12 1.87737E-11-4.95657E-11
 -1        98 1.12821E-12-1.26628E-11 2.76605E-11
 -1        99-2.14762E-12-2.04641E-11 3.39851E-10
 -1       100-4.40817E-12-5.75168E-12 1.01309E-10
 -1       101 9.92273E-12-1.49359E-11-4.10332E-11
 -1       103 2.06762E-11-7.80648E-12-3.70843E-10
 -1       104-5.31553E-11 5.19993E-11 3.54170E-10
 -1       105-7.53826E-11-7.75111E-11-1.58837E-09
 -1       106-3.73032E-11 7.65511E-13-1.88691E-10
 -1       107 6.59175E-11 1.71189E-11 1.53859E-11
 -1       109 2.79002E-11 5.96736E-11-5.39937E-10
 -1       110-2.31166E-10-3.13065E-11-1.17051E-09
 -1       111 7.19240E-11 1.03167E-10 2.53630E-09
 -1       112-5.77545E-11 1.31347E-10-1.20511E-09
 -1       113 2.08306E-10 2.92400E-11 1.55795E-09
 -1       115 1.97832E-10 4.71096E-12-2.31035E-11
 -1       116 9.12420E-11 3.83302E-12-4.28347E-11
 -1       117-2.16067E-10 2.02882E-10-1.15912E-09
 -1       118 2.57780E-10 2.16387E-10-1.19720E-09
 -1       119-3.05201E-10 3.16064E-11-5.70618E-10
 -1       121-1.25751E-10-1.18206E-10 1.19532E-09
 -1       122 9.14261E-11-7.61016E-11-4.08778E-09
 -1       123 1.51165E-10-1.86203E-10 9.04992E-09
 -1       124-1.33157E-10 4.95563E-10-4.31654E-09
 -1       125 3.67655E-10-2.58387E-10 9.81299E-10
 -1       127 5.19951E-11 2.80956E-10 1.78535E-09
 -1       128-2.04020E-10-4.24657E-11-5.78108E-10
 -1       129 6.78265E-10-1.95378E-10 5.26376E-10
 -1       130-3.81273E-10 4.12713E-10 2.33060E-09
 -1       131 6.33820E-10 1.36896E-10 5.24959E-10
 -1       133-1.06030E-10-3.09710E-10-5.30513E-09
 -1       134-1.27222E-09 1.18371E-10 4.79612E-10
 -1       135 2.49939E-10-2.93628E-10-6.53956E-09
 -1       136-8.75300E-10 1.01618E-11 5.32814E-09
 -1       137-4.59469E-11 2.17643E-10 2.10601E-09
 -1       139 6.09983E-10-1.90277E-10 2.74714E-09
 -1       140-5.31414E-10 3.31177E-10-9.46305E-09
 -1       141 5.17167E-10 3.18746E-10 1.94847E-08
 -1       142-8.72055E-10 8.79966E-11-9.03103E-09
 -1       143-2.73493E-10 3.38805E-11 4.70935E-09
 -1       145 7.93992E-10 6.67247E-10-5.47817E-09
 -1       146 3.75064E-10 2.38438E-11 8.33333E-01
 -1       147-1.85440E-09 2.19585E-10-3.33333E+00
 -1       148 1.28989E-11 1.19226E-10 8.33333E-01
 -1       149 3.22375E+02-1.96851E+01 1.40897E+01
 -1       151-3.22375E+02 1.96851E+01 1.40897E+01
 -1       152 4.23461E-12-1.16869E-11 8.18697E-11
 -1       154-1.98286E-12 9.39937E-12 3.31663E-11
 -1       155 6.97513E-11 3.64124E-11 1.28657E-10
 -1       157-3.20685E-11 1.05807E-11-1.67833E-11
 -1       158-1.34439E-10 9.15543E-12-2.72630E-10
 -1       160-2.01339E-11-6.47073E-11 5.01648E-10
 -1       161-1.86091E-10 1.86427E-10 1.06921E-09
 -1       163 1.26153E-10-1.70548E-10-1.82027E-12
 -1       164-3.81351E-12 3.67871E-10 1.74671E-10
 -1       166-3.72580E-10-6.58091E-10 1.58630E-09
 -1       167-1.34989E-10 4.89611E-10-4.13627E-10
 -1       169 1.26053E-10-2.20251E-10 2.30983E-09
 -1       170 5.74545E-10-3.61161E-10 1.26499E-09
 -1       172-1.54201E-10-1.03292E-09-2.86383E-09
 -1       173-8.47712E-10 4.64728E-10 5.14463E-09
 -1       175-2.58103E-10-1.10752E-09-1.26555E-09
 -1       176-2.52751E-10-5.55506E-11 8.07644E-09
 -1       178 2.61896E-10-3.72089E-10-3.22835E-09
 -1       179-2.70237E-10 9.02697E-11-3.33333E+00
 -1       181-8.08296E-11-1.61277E-12-3.33333E+00
 -1       182 2.48011E+02-1.51939E-09 1.31256E+03
 -1       183 1.20740E-09 5.78251E-10-2.57496E+03
 -1       184-2.48011E+02 1.80217E-09 1.31256E+03
 -1       185-1.42293E-12 4.55702E-12-2.23421E-11
 -1       187-7.57390E-12-3.53162E-12 4.62319E-11
 -1       188-6.86673E-12-1.47331E-11-1.90918E-10
 -1       189 3.24506E-11-7.69718E-12 1.53631E-10
 -1       190-2.72967E-11-9.63668E-12-9.59474E-11
 -1       191 1.84258E-11-5.60196E-12 6.63082E-11
 -1       193 3.88234E-12 8.72902E-12-6.11754E-11
 -1       194-1.27975E-11-6.67745E-11-7.41707E-10
 -1       195 5.40501E-11 3.81517E-11-1.13444E-09
 -1       196 1.55172E-11-1.93589E-11-9.89445E-10
 -1       197 1.68671E-10 2.28287E-11 2.79408E-10
 -1       199 2.11460E-11 2.70932E-11-3.20929E-10
 -1       200-1.24140E-10 6.52126E-11-5.72337E-10
 -1       201 1.39855E-10 8.26209E-12-2.29954E-09
 -1       202-1.01656E-10 1.26961E-10 8.76288E-10
 -1       203 1.35913E-10 1.19099E-10 5.03242E-10
 -1       205-1.21267E-10 6.93247E-11 2.29841E-10
 -1       206-3.14293E-10 1.84380E-10-8.70709E-10
 -1       207 3.55284E-10-2.86510E-11-5.24856E-09
 -1       208-2.43902E-10 1.21443E-10 7.91475E-10
 -1       209-1.49719E-10-1.71258E-11 9.80124E-11
 -1       211 6.21827E-11-2.21810E-10 6.74762E-10
 -1       212 6.56231E-11-6.83677E-11 4.89220E-09
 -1       213-7.30984E-11-5.41885E-10-1.34019E-08
 -1       214 8.85652E-11 2.52495E-10 4.33753E-09
 -1       215 2.83665E-10-1.32443E-10-3.13533E-09
 -1       217-4.82473E-10 5.21968E-11 8.98128E-10
 -1       218-3.08457E-10-1.24559E-10 1.48871E-09
 -1       219 4.68967E-10 3.99606E-11 7.56293E-09
 -1       220-2.97826E-10 1.09428E-10-1.40743E-09
 -1       221 3.30964E-10 2.90095E-10 3.51104E-09
 -1       223-5.31758E-10-1.70194E-10 6.55702E-10
 -1       224-9.60364E-10-3.89723E-10 1.24040E-08
 -1       225 6.44712E-10-4.22697E-10-2.37078E-08
 -1       226-2.74238E-10 3.47309E-10 9.75110E-09
 -1       227 8.72032E-10-5.54236E-10 7.89346E-10
 -1       229-2.03799E-10-3.34140E-10 2.45696E-09
 -1       230-6.82949E-10-1.48929E-10 1.65786E-08
 -1       231 3.92071E-10-1.10045E-10-5.27158E-08
 -1       232 5.30063E-10 7.95834E-10 1.44857E-08
 -1       233-4.90944E-10 1.63465E-11 5.52137E-09
 -1       235-1.24538E-10-3.70498E-10-1.25759E-09
 -1       236 7.61047E-10-3.82914E-10-3.01586E-09
 -1       237-9.83396E-10 6.15278E-10 2.03450E-09
 -1       238-2.27109E-10 3.80267E-10-1.31310E-08
 -1       239 2.71555E-10 1.63739E-10 1.18438E-09
 -1       241 1.59445E-09-8.69061E-10-5.06829E-10
 -1       242-1.46433E-10-1.28742E-10 1.66667E+00
 -1       243-7.44024E-10-8.07460E-10-6.66667E+00
 -1       244-4.17950E-11-2.07018E-10 1.66667E+00
 -1       245 3.22375E+02 1.96851E+01 1.40897E+01
 -1       247-3.22375E+02-1.96851E+01 1.40897E+01
 -1       248 1.72465E-11 2.07827E-11-4.81211E-11
 -1       250-3.13705E-11-3.29581E-12-6.57792E-11
 -1       251 1.46330E-11 9.76812E-11 1.79278E-10
 -1       253-4.71889E-12 7.06765E-11-2.03536E-10
 -1       254-6.67915E-11 1.60658E-10 6.39622E-11
 -1       256 1.27906E-10 7.34182E-11-3.69554E-10
 -1       257-2.80909E-11-6.65320E-11 7.99192E-10
 -1       259-2.08973E-10 8.16585E-11-3.37539E-10
 -1       260 1.03036E-10-2.77526E-11-3.70072E-11
 -1       262-3.61153E-10 4.85608E-10 2.92662E-09
 -1       263 4.39217E-10-2.89242E-10-6.15512E-10
 -1       265-3.72148E-10 1.78821E-10-2.07592E-10
 -1       266-1.97138E-10-5.24515E-10 2.12060E-09
 -1       268-5.51360E-10 2.21951E-10 3.19204E-09
 -1       269-6.90996E-10-8.47843E-12-4.56764E-09
 -1       271 2.06331E-10-3.75844E-10 1.22835E-09
 -1       272-6.00473E-10-1.04550E-10-5.19746E-10
 -1       274 2.96086E-10-2.35139E-10 5.63376E-09
 -1       275 1.92152E-10 7.70415E-10-3.33333E+00
 -1       277 7.69352E-10 7.80792E-10-3.33333E+00
 -1       278 5.36192E+01-3.19118E+01 5.59254E+02
 -1       279-6.82766E-09 1.51786E-09-1.16177E+03
 -1       280-5.36192E+01 3.19118E+01 5.59254E+02
 -1       281-1.26021E-12 4.29345E-12 1.44382E-11
 -1       283 1.76797E-12 4.65850E-12 1.16724E-11
 -1       284-2.21250E-11-1.61364E-11-9.48297E-12
 -1       285 2.36214E-11 9.80904E-12-1.36873E-10
 -1       286-9.07957E-12-1.78049E-11-4.31454E-11
 -1       287 2.81319E-11 6.60272E-12 1.88108E-10
 -1       289 6.42153E-13 4.11138E-12-4.02613E-11
 -1       290-4.78879E-11-8.47635E-11-3.62532E-10
 -1       291 8.54694E-12 7.60281E-13-2.41358E-10
 -1       292-5.49033E-13-2.47050E-11-1.44446E-10
 -1       293 1.26724E-10-4.91689E-11 3.98121E-10
 -1       295-2.29958E-11-2.66371E-11-5.56011E-10
 -1       296-4.78786E-11-4.45102E-11 3.92388E-10
 -1       297 8.04783E-11-7.54173E-11-1.74332E-09
 -1       298 4.37501E-11 4.79687E-11-2.83620E-10
 -1       299-6.60876E-11-8.25502E-11 1.37459E-10
 -1       301-1.08970E-10-2.15297E-11-1.30799E-10
 -1       302 8.59388E-11 1.32193E-10-2.42146E-10
 -1       303-1.03059E-10-6.78795E-11 2.21503E-09
 -1       304-2.91459E-12-8.42985E-11-8.35892E-10
 -1       305 4.15756E-11 1.66050E-10-3.01780E-10
 -1       307-1.79109E-10-5.27330E-11 1.33664E-09
 -1       308 1.92695E-11 1.70769E-10-4.84919E-10
 -1       309 5.35643E-11 2.96789E-10 2.87104E-10
 -1       310-1.49723E-10-1.76556E-10-1.89618E-10
 -1       311 7.94023E-11 1.53805E-10-6.80555E-10
 -1       313 2.60130E-11-7.35235E-11 1.92904E-09
 -1       314-2.33529E-10 7.01465E-11-4.21991E-10
 -1       315 6.49356E-10-6.23754E-11-1.03895E-09
 -1       316-9.28232E-11-1.24421E-10-1.77174E-10
 -1       317 4.38312E-10-2.70031E-10-6.77308E-11
 -1       319-2.82664E-10 1.80997E-10 5.83029E-10
 -1       320-3.55771E-10-3.69697E-10 3.19970E-09
 -1       321-2.73151E-10-7.71845E-10-1.45494E-08
 -1       322 9.44854E-11 3.61610E-10 5.86302E-09
 -1       323 4.48015E-10-5.05491E-10 2.72005E-10
 -1       325-5.42547E-10 1.16049E-10 2.51733E-09
 -1       326-5.05404E-10-2.51535E-10 5.61841E-09
 -1       327 5.15179E-10 2.48103E-11-1.35409E-08
 -1       328-2.34104E-10-1.57755E-10 6.28703E-09
 -1       329-1.32301E-10 7.79717E-11-1.91361E-13
 -1       331-6.95808E-11 6.28783E-11-1.97866E-09
 -1       332-2.85469E-11-2.46326E-10-2.44042E-09
 -1       333-2.18661E-10 2.95967E-10-1.54146E-08
 -1       334 1.05249E-10-2.84545E-10 5.00665E-09
 -1       335-2.66611E-10 1.59198E-10 4.97977E-10
 -1       337 3.03274E-10 5.82406E-11 5.51063E-10
 -1       338-3.46225E-10-3.34340E-10 8.33333E-01
 -1       339 1.44731E-09 5.74029E-10-3.33333E+00
 -1       340-1.33772E-10-4.45408E-10 8.33333E-01
 -3
    1PSTEP                         8           1           2          
  100CL  102 2.000000000         203                     0    2           1
 -4  ERROR       1    1
 -5  STR(%)      1    1    0    0
 -1        86 8.81720E+01
 -1        87 8.81720E+01
 -1        88 8.81720E+01
 -1        89 8.81720E+01
 -1        91 8.81720E+01
 -1        92 8.81720E+01
 -1        93 8.81720E+01
 -1        94 8.81720E+01
 -1        95 7.73440E+01
 -1        97 7.73440E+01
 -1        98 6.65159E+01
 -1        99 6.65159E+01
 -1       100 6.65159E+01
 -1       101 6.65159E+01
 -1       103 6.65159E+01
 -1       104 6.65159E+01
 -1       105 6.65159E+01
 -1       106 6.65159E+01
 -1       107 6.56298E+01
 -1       109 6.56298E+01
 -1       110 6.47437E+01
 -1       111 6.47437E+01
 -1       112 6.47437E+01
 -1       113 6.47437E+01
 -1       115 6.47437E+01
 -1       116 6.47437E+01
 -1       117 6.47437E+01
 -1       118 6.47437E+01
 -1       119 6.46465E+01
 -1       121 6.46465E+01
 -1       122 6.45492E+01
 -1       123 6.45492E+01
 -1       124 6.45492E+01
 -1       125 6.45346E+01
 -1       127 6.45346E+01
 -1       128 6.45199E+01
 -1       129 6.45199E+01
 -1       130 6.45199E+01
 -1       131 6.44400E+01
 -1       133 6.44400E+01
 -1       134 6.43600E+01
 -1       135 6.43600E+01
 -1       136 6.43600E+01
 -1       137 6.41551E+01
 -1       139 6.41551E+01
 -1       140 6.39501E+01
 -1       141 6.39501E+01
 -1       142 6.39501E+01
 -1       143 6.26915E+01
 -1       145 6.26915E+01
 -1       146 6.14329E+01
 -1       147 6.14329E+01
 -1       148 6.14329E+01
 -1       149 8.81720E+01
 -1       151 8.81720E+01
 -1       152 8.81720E+01
 -1       154 8.81720E+01
 -1       155 6.65159E+01
 -1       157 6.65159E+01
 -1       158 6.65159E+01
 -1       160 6.65159E+01
 -1       161 6.47437E+01
 -1       163 6.47437E+01
 -1       164 6.47437E+01
 -1       166 6.47437E+01
 -1       167 6.45492E+01
 -1       169 6.45492E+01
 -1       170 6.45199E+01
 -1       172 6.45199E+01
 -1       173 6.43600E+01
 -1       175 6.43600E+01
 -1       176 6.39501E+01
 -1       178 6.39501E+01
 -1       179 6.14329E+01
 -1       181 6.14329E+01
 -1       182 8.81720E+01
 -1       183 8.81720E+01
 -1       184 8.81720E+01
 -1       185 8.81720E+01
 -1       187 8.81720E+01
 -1       188 8.81720E+01
 -1       189 8.81720E+01
 -1       190 8.81720E+01
 -1       191 7.73440E+01
 -1       193 7.73440E+01
 -1       194 6.65159E+01
 -1       195 6.65159E+01
 -1       196 6.65159E+01
 -1       197 6.65159E+01
 -1       199 6.65159E+01
 -1       200 6.65159E+01
 -1       201 6.65159E+01
 -1       202 6.65159E+01
 -1       203 6.56298E+01
 -1       205 6.56298E+01
 -1       206 6.47437E+01
 -1       207 6.47437E+01
 -1       208 6.47437E+01
 -1       209 6.47437E+01
 -1       211 6.47437E+01
 -1       212 6.47437E+01
 -1       213 6.47437E+01
 -1       214 6.47437E+01
 -1       215 6.46465E+01
 -1       217 6.46465E+01
 -1       218 6.45492E+01
 -1       219 6.45492E+01
 -1       220 6.45492E+01
 -1       221 6.45346E+01
 -1       223 6.45346E+01
 -1       224 6.45199E+01
 -1       225 6.45199E+01
 -1       226 6.45199E+01
 -1       227 6.44400E+01
 -1       229 6.44400E+01
 -1       230 6.43600E+01
 -1       231 6.43600E+01
 -1       232 6.43600E+01
 -1       233 6.41551E+01
 -1       235 6.41551E+01
 -1       236 6.39501E+01
 -1       237 6.39501E+01
 -1       238 6.39501E+01
 -1       239 6.26915E+01
 -1       241 6.26915E+01
 -1       242 6.14329E+01
 -1       243 6.14329E+01
 -1       244 6.14329E+01
 -1       245 8.81720E+01
 -1       247 8.81720E+01
 -1       248 8.81720E+01
 -1       250 8.81720E+01
 -1       251 6.65159E+01
 -1       253 6.65159E+01
 -1       254 6.65159E+01
 -1       256 6.65159E+01
 -1       257 6.47437E+01
 -1       259 6.47437E+01
 -1       260 6.47437E+01
 -1       262 6.47437E+01
 -1       263 6.45492E+01
 -1       265 6.45492E+01
 -1       266 6.45199E+01
 -1       268 6.45199E+01
 -1       269 6.43600E+01
 -1       271 6.43600E+01
 -1       272 6.39501E+01
 -1       274 6.39501E+01
 -1       275 6.14329E+01
 -1       277 6.14329E+01
 -1       278 8.81720E+01
 -1       279 8.81720E+01
 -1       280 8.81720E+01
 -1       281 8.81720E+01
 -1       283 8.81720E+01
 -1       284 8.81720E+01
 -1       285 8.81720E+01
 -1       286 8.81720E+01
 -1       287 7.73440E+01
 -1       289 7.73440E+01
 -1       290 6.65159E+01
 -1       291 6.65159E+01
 -1       292 6.65159E+01
 -1       293 6.65159E+01
 -1       295 6.65159E+01
 -1       296 6.65159E+01
 -1       297 6.65159E+01
 -1       298 6.65159E+01
 -1       299 6.56298E+01
 -1       301 6.56298E+01
 -1       302 6.47437E+01
 -1       303 6.47437E+01
 -1       304 6.47437E+01
 -1       305 6.47437E+01
 -1       307 6.47437E+01
 -1       308 6.47437E+01
 -1       309 6.47437E+01
 -1       310 6.47437E+01
 -1       311 6.46465E+01
 -1       313 6.46465E+01
 -1       314 6.45492E+01
 -1       315 6.45492E+01
 -1       316 6.45492E+01
 -1       317 6.45346E+01
 -1       319 6.45346E+01
 -1       320 6.45199E+01
 -1       321 6.45199E+01
 -1       322 6.45199E+01
 -1       323 6.44400E+01
 -1       325 6.44400E+01
 -1       326 6.43600E+01
 -1       327 6.43600E+01
 -1       328 6.43600E+01
 -1       329 6.41551E+01
 -1       331 6.41551E+01
 -1       332 6.39501E+01
 -1       333 6.39501E+01
 -1       334 6.39501E+01
 -1       335 6.26915E+01
 -1       337 6.26915E+01
 -1       338 6.14329E+01
 -1       339 6.14329E+01
 -1       340 6.14329E+01
 -3
 9999
