    1C
    1Uccxview sample: *MODEL CHANGE and amplitudes (scripts/gen_modelcha
    1UUSER                                                              
    1UDATE              09.october.2026                                 
    1UTIME              17:56:19                                        
    1UHOST                                                              
    1UPGM               CalculiX                                        
    1UVERSION           Version 2.22                             
    1UCOMPILETIME       Mon Aug  5 19:15:25 CEST 2024                    
    1UDIR                                                               
    1UDBN                                                               
    1UMAT    1STEEL                                                     
    2C                           249                                     1
 -1        17 8.00000E+01 0.00000E+00-2.00000E+01
 -1        18 8.50000E+01 0.00000E+00-2.00000E+01
 -1        19 9.00000E+01 0.00000E+00-2.00000E+01
 -1        20 9.50000E+01 0.00000E+00-2.00000E+01
 -1        21 1.00000E+02 0.00000E+00-2.00000E+01
 -1        38 8.00000E+01 5.00000E+00-2.00000E+01
 -1        39 8.50000E+01 5.00000E+00-2.00000E+01
 -1        40 9.00000E+01 5.00000E+00-2.00000E+01
 -1        41 9.50000E+01 5.00000E+00-2.00000E+01
 -1        42 1.00000E+02 5.00000E+00-2.00000E+01
 -1        59 8.00000E+01 1.00000E+01-2.00000E+01
 -1        60 8.50000E+01 1.00000E+01-2.00000E+01
 -1        61 9.00000E+01 1.00000E+01-2.00000E+01
 -1        62 9.50000E+01 1.00000E+01-2.00000E+01
 -1        63 1.00000E+02 1.00000E+01-2.00000E+01
 -1        80 8.00000E+01 0.00000E+00-1.50000E+01
 -1        81 8.50000E+01 0.00000E+00-1.50000E+01
 -1        82 9.00000E+01 0.00000E+00-1.50000E+01
 -1        83 9.50000E+01 0.00000E+00-1.50000E+01
 -1        84 1.00000E+02 0.00000E+00-1.50000E+01
 -1       101 8.00000E+01 5.00000E+00-1.50000E+01
 -1       102 8.50000E+01 5.00000E+00-1.50000E+01
 -1       103 9.00000E+01 5.00000E+00-1.50000E+01
 -1       104 9.50000E+01 5.00000E+00-1.50000E+01
 -1       105 1.00000E+02 5.00000E+00-1.50000E+01
 -1       122 8.00000E+01 1.00000E+01-1.50000E+01
 -1       123 8.50000E+01 1.00000E+01-1.50000E+01
 -1       124 9.00000E+01 1.00000E+01-1.50000E+01
 -1       125 9.50000E+01 1.00000E+01-1.50000E+01
 -1       126 1.00000E+02 1.00000E+01-1.50000E+01
 -1       143 8.00000E+01 0.00000E+00-1.00000E+01
 -1       144 8.50000E+01 0.00000E+00-1.00000E+01
 -1       145 9.00000E+01 0.00000E+00-1.00000E+01
 -1       146 9.50000E+01 0.00000E+00-1.00000E+01
 -1       147 1.00000E+02 0.00000E+00-1.00000E+01
 -1       164 8.00000E+01 5.00000E+00-1.00000E+01
 -1       165 8.50000E+01 5.00000E+00-1.00000E+01
 -1       166 9.00000E+01 5.00000E+00-1.00000E+01
 -1       167 9.50000E+01 5.00000E+00-1.00000E+01
 -1       168 1.00000E+02 5.00000E+00-1.00000E+01
 -1       185 8.00000E+01 1.00000E+01-1.00000E+01
 -1       186 8.50000E+01 1.00000E+01-1.00000E+01
 -1       187 9.00000E+01 1.00000E+01-1.00000E+01
 -1       188 9.50000E+01 1.00000E+01-1.00000E+01
 -1       189 1.00000E+02 1.00000E+01-1.00000E+01
 -1       206 8.00000E+01 0.00000E+00-5.00000E+00
 -1       207 8.50000E+01 0.00000E+00-5.00000E+00
 -1       208 9.00000E+01 0.00000E+00-5.00000E+00
 -1       209 9.50000E+01 0.00000E+00-5.00000E+00
 -1       210 1.00000E+02 0.00000E+00-5.00000E+00
 -1       227 8.00000E+01 5.00000E+00-5.00000E+00
 -1       228 8.50000E+01 5.00000E+00-5.00000E+00
 -1       229 9.00000E+01 5.00000E+00-5.00000E+00
 -1       230 9.50000E+01 5.00000E+00-5.00000E+00
 -1       231 1.00000E+02 5.00000E+00-5.00000E+00
 -1       248 8.00000E+01 1.00000E+01-5.00000E+00
 -1       249 8.50000E+01 1.00000E+01-5.00000E+00
 -1       250 9.00000E+01 1.00000E+01-5.00000E+00
 -1       251 9.50000E+01 1.00000E+01-5.00000E+00
 -1       252 1.00000E+02 1.00000E+01-5.00000E+00
 -1       253 0.00000E+00 0.00000E+00 0.00000E+00
 -1       254 5.00000E+00 0.00000E+00 0.00000E+00
 -1       255 1.00000E+01 0.00000E+00 0.00000E+00
 -1       256 1.50000E+01 0.00000E+00 0.00000E+00
 -1       257 2.00000E+01 0.00000E+00 0.00000E+00
 -1       258 2.50000E+01 0.00000E+00 0.00000E+00
 -1       259 3.00000E+01 0.00000E+00 0.00000E+00
 -1       260 3.50000E+01 0.00000E+00 0.00000E+00
 -1       261 4.00000E+01 0.00000E+00 0.00000E+00
 -1       262 4.50000E+01 0.00000E+00 0.00000E+00
 -1       263 5.00000E+01 0.00000E+00 0.00000E+00
 -1       264 5.50000E+01 0.00000E+00 0.00000E+00
 -1       265 6.00000E+01 0.00000E+00 0.00000E+00
 -1       266 6.50000E+01 0.00000E+00 0.00000E+00
 -1       267 7.00000E+01 0.00000E+00 0.00000E+00
 -1       268 7.50000E+01 0.00000E+00 0.00000E+00
 -1       269 8.00000E+01 0.00000E+00 0.00000E+00
 -1       270 8.50000E+01 0.00000E+00 0.00000E+00
 -1       271 9.00000E+01 0.00000E+00 0.00000E+00
 -1       272 9.50000E+01 0.00000E+00 0.00000E+00
 -1       273 1.00000E+02 0.00000E+00 0.00000E+00
 -1       274 0.00000E+00 5.00000E+00 0.00000E+00
 -1       275 5.00000E+00 5.00000E+00 0.00000E+00
 -1       276 1.00000E+01 5.00000E+00 0.00000E+00
 -1       277 1.50000E+01 5.00000E+00 0.00000E+00
 -1       278 2.00000E+01 5.00000E+00 0.00000E+00
 -1       279 2.50000E+01 5.00000E+00 0.00000E+00
 -1       280 3.00000E+01 5.00000E+00 0.00000E+00
 -1       281 3.50000E+01 5.00000E+00 0.00000E+00
 -1       282 4.00000E+01 5.00000E+00 0.00000E+00
 -1       283 4.50000E+01 5.00000E+00 0.00000E+00
 -1       284 5.00000E+01 5.00000E+00 0.00000E+00
 -1       285 5.50000E+01 5.00000E+00 0.00000E+00
 -1       286 6.00000E+01 5.00000E+00 0.00000E+00
 -1       287 6.50000E+01 5.00000E+00 0.00000E+00
 -1       288 7.00000E+01 5.00000E+00 0.00000E+00
 -1       289 7.50000E+01 5.00000E+00 0.00000E+00
 -1       290 8.00000E+01 5.00000E+00 0.00000E+00
 -1       291 8.50000E+01 5.00000E+00 0.00000E+00
 -1       292 9.00000E+01 5.00000E+00 0.00000E+00
 -1       293 9.50000E+01 5.00000E+00 0.00000E+00
 -1       294 1.00000E+02 5.00000E+00 0.00000E+00
 -1       295 0.00000E+00 1.00000E+01 0.00000E+00
 -1       296 5.00000E+00 1.00000E+01 0.00000E+00
 -1       297 1.00000E+01 1.00000E+01 0.00000E+00
 -1       298 1.50000E+01 1.00000E+01 0.00000E+00
 -1       299 2.00000E+01 1.00000E+01 0.00000E+00
 -1       300 2.50000E+01 1.00000E+01 0.00000E+00
 -1       301 3.00000E+01 1.00000E+01 0.00000E+00
 -1       302 3.50000E+01 1.00000E+01 0.00000E+00
 -1       303 4.00000E+01 1.00000E+01 0.00000E+00
 -1       304 4.50000E+01 1.00000E+01 0.00000E+00
 -1       305 5.00000E+01 1.00000E+01 0.00000E+00
 -1       306 5.50000E+01 1.00000E+01 0.00000E+00
 -1       307 6.00000E+01 1.00000E+01 0.00000E+00
 -1       308 6.50000E+01 1.00000E+01 0.00000E+00
 -1       309 7.00000E+01 1.00000E+01 0.00000E+00
 -1       310 7.50000E+01 1.00000E+01 0.00000E+00
 -1       311 8.00000E+01 1.00000E+01 0.00000E+00
 -1       312 8.50000E+01 1.00000E+01 0.00000E+00
 -1       313 9.00000E+01 1.00000E+01 0.00000E+00
 -1       314 9.50000E+01 1.00000E+01 0.00000E+00
 -1       315 1.00000E+02 1.00000E+01 0.00000E+00
 -1       316 0.00000E+00 0.00000E+00 5.00000E+00
 -1       317 5.00000E+00 0.00000E+00 5.00000E+00
 -1       318 1.00000E+01 0.00000E+00 5.00000E+00
 -1       319 1.50000E+01 0.00000E+00 5.00000E+00
 -1       320 2.00000E+01 0.00000E+00 5.00000E+00
 -1       321 2.50000E+01 0.00000E+00 5.00000E+00
 -1       322 3.00000E+01 0.00000E+00 5.00000E+00
 -1       323 3.50000E+01 0.00000E+00 5.00000E+00
 -1       324 4.00000E+01 0.00000E+00 5.00000E+00
 -1       325 4.50000E+01 0.00000E+00 5.00000E+00
 -1       326 5.00000E+01 0.00000E+00 5.00000E+00
 -1       327 5.50000E+01 0.00000E+00 5.00000E+00
 -1       328 6.00000E+01 0.00000E+00 5.00000E+00
 -1       329 6.50000E+01 0.00000E+00 5.00000E+00
 -1       330 7.00000E+01 0.00000E+00 5.00000E+00
 -1       331 7.50000E+01 0.00000E+00 5.00000E+00
 -1       332 8.00000E+01 0.00000E+00 5.00000E+00
 -1       333 8.50000E+01 0.00000E+00 5.00000E+00
 -1       334 9.00000E+01 0.00000E+00 5.00000E+00
 -1       335 9.50000E+01 0.00000E+00 5.00000E+00
 -1       336 1.00000E+02 0.00000E+00 5.00000E+00
 -1       337 0.00000E+00 5.00000E+00 5.00000E+00
 -1       338 5.00000E+00 5.00000E+00 5.00000E+00
 -1       339 1.00000E+01 5.00000E+00 5.00000E+00
 -1       340 1.50000E+01 5.00000E+00 5.00000E+00
 -1       341 2.00000E+01 5.00000E+00 5.00000E+00
 -1       342 2.50000E+01 5.00000E+00 5.00000E+00
 -1       343 3.00000E+01 5.00000E+00 5.00000E+00
 -1       344 3.50000E+01 5.00000E+00 5.00000E+00
 -1       345 4.00000E+01 5.00000E+00 5.00000E+00
 -1       346 4.50000E+01 5.00000E+00 5.00000E+00
 -1       347 5.00000E+01 5.00000E+00 5.00000E+00
 -1       348 5.50000E+01 5.00000E+00 5.00000E+00
 -1       349 6.00000E+01 5.00000E+00 5.00000E+00
 -1       350 6.50000E+01 5.00000E+00 5.00000E+00
 -1       351 7.00000E+01 5.00000E+00 5.00000E+00
 -1       352 7.50000E+01 5.00000E+00 5.00000E+00
 -1       353 8.00000E+01 5.00000E+00 5.00000E+00
 -1       354 8.50000E+01 5.00000E+00 5.00000E+00
 -1       355 9.00000E+01 5.00000E+00 5.00000E+00
 -1       356 9.50000E+01 5.00000E+00 5.00000E+00
 -1       357 1.00000E+02 5.00000E+00 5.00000E+00
 -1       358 0.00000E+00 1.00000E+01 5.00000E+00
 -1       359 5.00000E+00 1.00000E+01 5.00000E+00
 -1       360 1.00000E+01 1.00000E+01 5.00000E+00
 -1       361 1.50000E+01 1.00000E+01 5.00000E+00
 -1       362 2.00000E+01 1.00000E+01 5.00000E+00
 -1       363 2.50000E+01 1.00000E+01 5.00000E+00
 -1       364 3.00000E+01 1.00000E+01 5.00000E+00
 -1       365 3.50000E+01 1.00000E+01 5.00000E+00
 -1       366 4.00000E+01 1.00000E+01 5.00000E+00
 -1       367 4.50000E+01 1.00000E+01 5.00000E+00
 -1       368 5.00000E+01 1.00000E+01 5.00000E+00
 -1       369 5.50000E+01 1.00000E+01 5.00000E+00
 -1       370 6.00000E+01 1.00000E+01 5.00000E+00
 -1       371 6.50000E+01 1.00000E+01 5.00000E+00
 -1       372 7.00000E+01 1.00000E+01 5.00000E+00
 -1       373 7.50000E+01 1.00000E+01 5.00000E+00
 -1       374 8.00000E+01 1.00000E+01 5.00000E+00
 -1       375 8.50000E+01 1.00000E+01 5.00000E+00
 -1       376 9.00000E+01 1.00000E+01 5.00000E+00
 -1       377 9.50000E+01 1.00000E+01 5.00000E+00
 -1       378 1.00000E+02 1.00000E+01 5.00000E+00
 -1       379 0.00000E+00 0.00000E+00 1.00000E+01
 -1       380 5.00000E+00 0.00000E+00 1.00000E+01
 -1       381 1.00000E+01 0.00000E+00 1.00000E+01
 -1       382 1.50000E+01 0.00000E+00 1.00000E+01
 -1       383 2.00000E+01 0.00000E+00 1.00000E+01
 -1       384 2.50000E+01 0.00000E+00 1.00000E+01
 -1       385 3.00000E+01 0.00000E+00 1.00000E+01
 -1       386 3.50000E+01 0.00000E+00 1.00000E+01
 -1       387 4.00000E+01 0.00000E+00 1.00000E+01
 -1       388 4.50000E+01 0.00000E+00 1.00000E+01
 -1       389 5.00000E+01 0.00000E+00 1.00000E+01
 -1       390 5.50000E+01 0.00000E+00 1.00000E+01
 -1       391 6.00000E+01 0.00000E+00 1.00000E+01
 -1       392 6.50000E+01 0.00000E+00 1.00000E+01
 -1       393 7.00000E+01 0.00000E+00 1.00000E+01
 -1       394 7.50000E+01 0.00000E+00 1.00000E+01
 -1       395 8.00000E+01 0.00000E+00 1.00000E+01
 -1       396 8.50000E+01 0.00000E+00 1.00000E+01
 -1       397 9.00000E+01 0.00000E+00 1.00000E+01
 -1       398 9.50000E+01 0.00000E+00 1.00000E+01
 -1       399 1.00000E+02 0.00000E+00 1.00000E+01
 -1       400 0.00000E+00 5.00000E+00 1.00000E+01
 -1       401 5.00000E+00 5.00000E+00 1.00000E+01
 -1       402 1.00000E+01 5.00000E+00 1.00000E+01
 -1       403 1.50000E+01 5.00000E+00 1.00000E+01
 -1       404 2.00000E+01 5.00000E+00 1.00000E+01
 -1       405 2.50000E+01 5.00000E+00 1.00000E+01
 -1       406 3.00000E+01 5.00000E+00 1.00000E+01
 -1       407 3.50000E+01 5.00000E+00 1.00000E+01
 -1       408 4.00000E+01 5.00000E+00 1.00000E+01
 -1       409 4.50000E+01 5.00000E+00 1.00000E+01
 -1       410 5.00000E+01 5.00000E+00 1.00000E+01
 -1       411 5.50000E+01 5.00000E+00 1.00000E+01
 -1       412 6.00000E+01 5.00000E+00 1.00000E+01
 -1       413 6.50000E+01 5.00000E+00 1.00000E+01
 -1       414 7.00000E+01 5.00000E+00 1.00000E+01
 -1       415 7.50000E+01 5.00000E+00 1.00000E+01
 -1       416 8.00000E+01 5.00000E+00 1.00000E+01
 -1       417 8.50000E+01 5.00000E+00 1.00000E+01
 -1       418 9.00000E+01 5.00000E+00 1.00000E+01
 -1       419 9.50000E+01 5.00000E+00 1.00000E+01
 -1       420 1.00000E+02 5.00000E+00 1.00000E+01
 -1       421 0.00000E+00 1.00000E+01 1.00000E+01
 -1       422 5.00000E+00 1.00000E+01 1.00000E+01
 -1       423 1.00000E+01 1.00000E+01 1.00000E+01
 -1       424 1.50000E+01 1.00000E+01 1.00000E+01
 -1       425 2.00000E+01 1.00000E+01 1.00000E+01
 -1       426 2.50000E+01 1.00000E+01 1.00000E+01
 -1       427 3.00000E+01 1.00000E+01 1.00000E+01
 -1       428 3.50000E+01 1.00000E+01 1.00000E+01
 -1       429 4.00000E+01 1.00000E+01 1.00000E+01
 -1       430 4.50000E+01 1.00000E+01 1.00000E+01
 -1       431 5.00000E+01 1.00000E+01 1.00000E+01
 -1       432 5.50000E+01 1.00000E+01 1.00000E+01
 -1       433 6.00000E+01 1.00000E+01 1.00000E+01
 -1       434 6.50000E+01 1.00000E+01 1.00000E+01
 -1       435 7.00000E+01 1.00000E+01 1.00000E+01
 -1       436 7.50000E+01 1.00000E+01 1.00000E+01
 -1       437 8.00000E+01 1.00000E+01 1.00000E+01
 -1       438 8.50000E+01 1.00000E+01 1.00000E+01
 -1       439 9.00000E+01 1.00000E+01 1.00000E+01
 -1       440 9.50000E+01 1.00000E+01 1.00000E+01
 -1       441 1.00000E+02 1.00000E+01 1.00000E+01
 -3
    3C                           112                                     1
 -1         1    1    0    1
 -2        17        18        39        38        80        81       102       101
 -1         2    1    0    1
 -2        18        19        40        39        81        82       103       102
 -1         3    1    0    1
 -2        19        20        41        40        82        83       104       103
 -1         4    1    0    1
 -2        20        21        42        41        83        84       105       104
 -1         5    1    0    1
 -2        38        39        60        59       101       102       123       122
 -1         6    1    0    1
 -2        39        40        61        60       102       103       124       123
 -1         7    1    0    1
 -2        40        41        62        61       103       104       125       124
 -1         8    1    0    1
 -2        41        42        63        62       104       105       126       125
 -1         9    1    0    1
 -2        80        81       102       101       143       144       165       164
 -1        10    1    0    1
 -2        81        82       103       102       144       145       166       165
 -1        11    1    0    1
 -2        82        83       104       103       145       146       167       166
 -1        12    1    0    1
 -2        83        84       105       104       146       147       168       167
 -1        13    1    0    1
 -2       101       102       123       122       164       165       186       185
 -1        14    1    0    1
 -2       102       103       124       123       165       166       187       186
 -1        15    1    0    1
 -2       103       104       125       124       166       167       188       187
 -1        16    1    0    1
 -2       104       105       126       125       167       168       189       188
 -1        17    1    0    1
 -2       143       144       165       164       206       207       228       227
 -1        18    1    0    1
 -2       144       145       166       165       207       208       229       228
 -1        19    1    0    1
 -2       145       146       167       166       208       209       230       229
 -1        20    1    0    1
 -2       146       147       168       167       209       210       231       230
 -1        21    1    0    1
 -2       164       165       186       185       227       228       249       248
 -1        22    1    0    1
 -2       165       166       187       186       228       229       250       249
 -1        23    1    0    1
 -2       166       167       188       187       229       230       251       250
 -1        24    1    0    1
 -2       167       168       189       188       230       231       252       251
 -1        25    1    0    1
 -2       206       207       228       227       269       270       291       290
 -1        26    1    0    1
 -2       207       208       229       228       270       271       292       291
 -1        27    1    0    1
 -2       208       209       230       229       271       272       293       292
 -1        28    1    0    1
 -2       209       210       231       230       272       273       294       293
 -1        29    1    0    1
 -2       227       228       249       248       290       291       312       311
 -1        30    1    0    1
 -2       228       229       250       249       291       292       313       312
 -1        31    1    0    1
 -2       229       230       251       250       292       293       314       313
 -1        32    1    0    1
 -2       230       231       252       251       293       294       315       314
 -1        33    1    0    1
 -2       253       254       275       274       316       317       338       337
 -1        34    1    0    1
 -2       254       255       276       275       317       318       339       338
 -1        35    1    0    1
 -2       255       256       277       276       318       319       340       339
 -1        36    1    0    1
 -2       256       257       278       277       319       320       341       340
 -1        37    1    0    1
 -2       257       258       279       278       320       321       342       341
 -1        38    1    0    1
 -2       258       259       280       279       321       322       343       342
 -1        39    1    0    1
 -2       259       260       281       280       322       323       344       343
 -1        40    1    0    1
 -2       260       261       282       281       323       324       345       344
 -1        41    1    0    1
 -2       261       262       283       282       324       325       346       345
 -1        42    1    0    1
 -2       262       263       284       283       325       326       347       346
 -1        43    1    0    1
 -2       263       264       285       284       326       327       348       347
 -1        44    1    0    1
 -2       264       265       286       285       327       328       349       348
 -1        45    1    0    1
 -2       265       266       287       286       328       329       350       349
 -1        46    1    0    1
 -2       266       267       288       287       329       330       351       350
 -1        47    1    0    1
 -2       267       268       289       288       330       331       352       351
 -1        48    1    0    1
 -2       268       269       290       289       331       332       353       352
 -1        49    1    0    1
 -2       269       270       291       290       332       333       354       353
 -1        50    1    0    1
 -2       270       271       292       291       333       334       355       354
 -1        51    1    0    1
 -2       271       272       293       292       334       335       356       355
 -1        52    1    0    1
 -2       272       273       294       293       335       336       357       356
 -1        53    1    0    1
 -2       274       275       296       295       337       338       359       358
 -1        54    1    0    1
 -2       275       276       297       296       338       339       360       359
 -1        55    1    0    1
 -2       276       277       298       297       339       340       361       360
 -1        56    1    0    1
 -2       277       278       299       298       340       341       362       361
 -1        57    1    0    1
 -2       278       279       300       299       341       342       363       362
 -1        58    1    0    1
 -2       279       280       301       300       342       343       364       363
 -1        59    1    0    1
 -2       280       281       302       301       343       344       365       364
 -1        60    1    0    1
 -2       281       282       303       302       344       345       366       365
 -1        61    1    0    1
 -2       282       283       304       303       345       346       367       366
 -1        62    1    0    1
 -2       283       284       305       304       346       347       368       367
 -1        63    1    0    1
 -2       284       285       306       305       347       348       369       368
 -1        64    1    0    1
 -2       285       286       307       306       348       349       370       369
 -1        65    1    0    1
 -2       286       287       308       307       349       350       371       370
 -1        66    1    0    1
 -2       287       288       309       308       350       351       372       371
 -1        67    1    0    1
 -2       288       289       310       309       351       352       373       372
 -1        68    1    0    1
 -2       289       290       311       310       352       353       374       373
 -1        69    1    0    1
 -2       290       291       312       311       353       354       375       374
 -1        70    1    0    1
 -2       291       292       313       312       354       355       376       375
 -1        71    1    0    1
 -2       292       293       314       313       355       356       377       376
 -1        72    1    0    1
 -2       293       294       315       314       356       357       378       377
 -1        73    1    0    1
 -2       316       317       338       337       379       380       401       400
 -1        74    1    0    1
 -2       317       318       339       338       380       381       402       401
 -1        75    1    0    1
 -2       318       319       340       339       381       382       403       402
 -1        76    1    0    1
 -2       319       320       341       340       382       383       404       403
 -1        77    1    0    1
 -2       320       321       342       341       383       384       405       404
 -1        78    1    0    1
 -2       321       322       343       342       384       385       406       405
 -1        79    1    0    1
 -2       322       323       344       343       385       386       407       406
 -1        80    1    0    1
 -2       323       324       345       344       386       387       408       407
 -1        81    1    0    1
 -2       324       325       346       345       387       388       409       408
 -1        82    1    0    1
 -2       325       326       347       346       388       389       410       409
 -1        83    1    0    1
 -2       326       327       348       347       389       390       411       410
 -1        84    1    0    1
 -2       327       328       349       348       390       391       412       411
 -1        85    1    0    1
 -2       328       329       350       349       391       392       413       412
 -1        86    1    0    1
 -2       329       330       351       350       392       393       414       413
 -1        87    1    0    1
 -2       330       331       352       351       393       394       415       414
 -1        88    1    0    1
 -2       331       332       353       352       394       395       416       415
 -1        89    1    0    1
 -2       332       333       354       353       395       396       417       416
 -1        90    1    0    1
 -2       333       334       355       354       396       397       418       417
 -1        91    1    0    1
 -2       334       335       356       355       397       398       419       418
 -1        92    1    0    1
 -2       335       336       357       356       398       399       420       419
 -1        93    1    0    1
 -2       337       338       359       358       400       401       422       421
 -1        94    1    0    1
 -2       338       339       360       359       401       402       423       422
 -1        95    1    0    1
 -2       339       340       361       360       402       403       424       423
 -1        96    1    0    1
 -2       340       341       362       361       403       404       425       424
 -1        97    1    0    1
 -2       341       342       363       362       404       405       426       425
 -1        98    1    0    1
 -2       342       343       364       363       405       406       427       426
 -1        99    1    0    1
 -2       343       344       365       364       406       407       428       427
 -1       100    1    0    1
 -2       344       345       366       365       407       408       429       428
 -1       101    1    0    1
 -2       345       346       367       366       408       409       430       429
 -1       102    1    0    1
 -2       346       347       368       367       409       410       431       430
 -1       103    1    0    1
 -2       347       348       369       368       410       411       432       431
 -1       104    1    0    1
 -2       348       349       370       369       411       412       433       432
 -1       105    1    0    1
 -2       349       350       371       370       412       413       434       433
 -1       106    1    0    1
 -2       350       351       372       371       413       414       435       434
 -1       107    1    0    1
 -2       351       352       373       372       414       415       436       435
 -1       108    1    0    1
 -2       352       353       374       373       415       416       437       436
 -1       109    1    0    1
 -2       353       354       375       374       416       417       438       437
 -1       110    1    0    1
 -2       354       355       376       375       417       418       439       438
 -1       111    1    0    1
 -2       355       356       377       376       418       419       440       439
 -1       112    1    0    1
 -2       356       357       378       377       419       420       441       440
 -3
    1PSTEP                         1           1           1          
  100CL  101 2.50000E-01         249                     0    1           1
 -4  DISP        4    1
 -5  D1          1    2    1    0
 -5  D2          1    2    2    0
 -5  D3          1    2    3    0
 -5  ALL         1    2    0    0    1ALL
 -1        17 0.00000E+00 0.00000E+00 0.00000E+00
 -1        18 0.00000E+00 0.00000E+00 0.00000E+00
 -1        19 0.00000E+00 0.00000E+00 0.00000E+00
 -1        20 0.00000E+00 0.00000E+00 0.00000E+00
 -1        21 0.00000E+00 0.00000E+00 0.00000E+00
 -1        38 0.00000E+00 0.00000E+00 0.00000E+00
 -1        39 0.00000E+00 0.00000E+00 0.00000E+00
 -1        40 0.00000E+00 0.00000E+00 0.00000E+00
 -1        41 0.00000E+00 0.00000E+00 0.00000E+00
 -1        42 0.00000E+00 0.00000E+00 0.00000E+00
 -1        59 0.00000E+00 0.00000E+00 0.00000E+00
 -1        60 0.00000E+00 0.00000E+00 0.00000E+00
 -1        61 0.00000E+00 0.00000E+00 0.00000E+00
 -1        62 0.00000E+00 0.00000E+00 0.00000E+00
 -1        63 0.00000E+00 0.00000E+00 0.00000E+00
 -1        80-2.64068E-05-8.35275E-06-2.83205E-05
 -1        81-1.73140E-05-1.59075E-05-3.72060E-05
 -1        82-7.76052E-06-2.38695E-05-5.69307E-05
 -1        83 9.04075E-06-2.89772E-05-7.28238E-05
 -1        84 3.79455E-05-3.20910E-05-9.23478E-05
 -1       101-2.27388E-05-1.65786E-20-2.64259E-05
 -1       102-1.37405E-05-3.83436E-20-3.37650E-05
 -1       103-4.81354E-06-4.16800E-20-5.14422E-05
 -1       104 1.09161E-05-4.47114E-20-6.59024E-05
 -1       105 3.92475E-05 5.14558E-21-8.49594E-05
 -1       122-2.64068E-05 8.35275E-06-2.83205E-05
 -1       123-1.73140E-05 1.59075E-05-3.72060E-05
 -1       124-7.76052E-06 2.38695E-05-5.69307E-05
 -1       125 9.04075E-06 2.89772E-05-7.28238E-05
 -1       126 3.79455E-05 3.20910E-05-9.23478E-05
 -1       143-6.53048E-06-3.68261E-06-4.07793E-05
 -1       144-2.58352E-06-1.44744E-05-7.97293E-05
 -1       145 9.96570E-06-2.16187E-05-1.17005E-04
 -1       146 2.61226E-05-2.72766E-05-1.55174E-04
 -1       147 5.07266E-05-3.04828E-05-1.83705E-04
 -1       164-1.86218E-06-1.12304E-19-3.94577E-05
 -1       165 1.02385E-06-1.39796E-19-7.92812E-05
 -1       166 1.30825E-05-1.38286E-19-1.17288E-04
 -1       167 2.86721E-05-1.10064E-19-1.54775E-04
 -1       168 5.28826E-05-4.60416E-20-1.82904E-04
 -1       185-6.53048E-06 3.68261E-06-4.07793E-05
 -1       186-2.58352E-06 1.44744E-05-7.97293E-05
 -1       187 9.96570E-06 2.16187E-05-1.17005E-04
 -1       188 2.61226E-05 2.72766E-05-1.55174E-04
 -1       189 5.07266E-05 3.04828E-05-1.83705E-04
 -1       206 5.37457E-05-1.74523E-05-6.08152E-05
 -1       207 6.10315E-05-1.56881E-05-1.21598E-04
 -1       208 4.31477E-05-2.16581E-05-1.66318E-04
 -1       209 4.37975E-05-3.00619E-05-2.41642E-04
 -1       210 6.92965E-05-3.85253E-05-2.94598E-04
 -1       227 5.13270E-05-2.25803E-19-5.38002E-05
 -1       228 6.18896E-05-2.49966E-19-1.19262E-04
 -1       229 4.68980E-05-2.48936E-19-1.66768E-04
 -1       230 4.89793E-05-2.10408E-19-2.38975E-04
 -1       231 7.46013E-05-1.38752E-19-2.88170E-04
 -1       248 5.37457E-05 1.74523E-05-6.08152E-05
 -1       249 6.10315E-05 1.56881E-05-1.21598E-04
 -1       250 4.31477E-05 2.16581E-05-1.66318E-04
 -1       251 4.37975E-05 3.00619E-05-2.41642E-04
 -1       252 6.92965E-05 3.85253E-05-2.94598E-04
 -1       253 0.00000E+00 0.00000E+00 0.00000E+00
 -1       254-1.47214E-04-4.15880E-05-1.38511E-04
 -1       255-2.45255E-04-2.19008E-05-3.90434E-04
 -1       256-2.88010E-04-5.67774E-06-7.25226E-04
 -1       257-2.84237E-04 7.04511E-06-1.07571E-03
 -1       258-2.41831E-04 1.71829E-05-1.40341E-03
 -1       259-1.70161E-04 2.46529E-05-1.67345E-03
 -1       260-7.80409E-05 2.94413E-05-1.86122E-03
 -1       261 2.55745E-05 3.15512E-05-1.95067E-03
 -1       262 1.31761E-04 3.09829E-05-1.93480E-03
 -1       263 2.31591E-04 2.77390E-05-1.81549E-03
 -1       264 3.16119E-04 2.18115E-05-1.60359E-03
 -1       265 3.76489E-04 1.31534E-05-1.31865E-03
 -1       266 4.03505E-04 2.01203E-06-9.90126E-04
 -1       267 3.88623E-04-1.09905E-05-6.54466E-04
 -1       268 3.25313E-04-3.29161E-05-3.60568E-04
 -1       269 2.00456E-04-4.20313E-05-1.21673E-04
 -1       270 1.38577E-04-1.79453E-05-1.15432E-04
 -1       271 8.73786E-05-1.53920E-05-1.85672E-04
 -1       272 7.03966E-05-3.37364E-05-3.27988E-04
 -1       273 9.90055E-05-6.50168E-05-4.38633E-04
 -1       274 0.00000E+00 0.00000E+00 0.00000E+00
 -1       275-1.43824E-04-5.02623E-21-1.56802E-04
 -1       276-2.51189E-04 1.64481E-21-4.02406E-04
 -1       277-2.92385E-04 6.87546E-21-7.28773E-04
 -1       278-2.87646E-04-3.78309E-20-1.07288E-03
 -1       279-2.44473E-04-1.13998E-19-1.39551E-03
 -1       280-1.72000E-04-1.38353E-19-1.66182E-03
 -1       281-7.90751E-05-2.11671E-19-1.84719E-03
 -1       282 2.53434E-05-3.27018E-19-1.93559E-03
 -1       283 1.32333E-04-4.56298E-19-1.92001E-03
 -1       284 2.32966E-04-5.42408E-19-1.80231E-03
 -1       285 3.18310E-04-6.32085E-19-1.59338E-03
 -1       286 3.79455E-04-5.30568E-19-1.31278E-03
 -1       287 4.07075E-04-5.34857E-19-9.89729E-04
 -1       288 3.94131E-04-4.12908E-19-6.60807E-04
 -1       289 3.30874E-04-3.95190E-19-3.77758E-04
 -1       290 1.94419E-04-3.97413E-19-1.31301E-04
 -1       291 1.33644E-04-3.57044E-19-1.20340E-04
 -1       292 9.19936E-05-3.90199E-19-1.90266E-04
 -1       293 8.04753E-05-3.26831E-19-3.28661E-04
 -1       294 1.13021E-04-2.63460E-19-4.39403E-04
 -1       295 0.00000E+00 0.00000E+00 0.00000E+00
 -1       296-1.47214E-04 4.15880E-05-1.38511E-04
 -1       297-2.45255E-04 2.19008E-05-3.90434E-04
 -1       298-2.88010E-04 5.67774E-06-7.25226E-04
 -1       299-2.84237E-04-7.04511E-06-1.07571E-03
 -1       300-2.41831E-04-1.71829E-05-1.40341E-03
 -1       301-1.70161E-04-2.46529E-05-1.67345E-03
 -1       302-7.80409E-05-2.94413E-05-1.86122E-03
 -1       303 2.55745E-05-3.15512E-05-1.95067E-03
 -1       304 1.31761E-04-3.09829E-05-1.93480E-03
 -1       305 2.31591E-04-2.77390E-05-1.81549E-03
 -1       306 3.16119E-04-2.18115E-05-1.60359E-03
 -1       307 3.76489E-04-1.31534E-05-1.31865E-03
 -1       308 4.03505E-04-2.01203E-06-9.90126E-04
 -1       309 3.88623E-04 1.09905E-05-6.54466E-04
 -1       310 3.25313E-04 3.29161E-05-3.60568E-04
 -1       311 2.00456E-04 4.20313E-05-1.21673E-04
 -1       312 1.38577E-04 1.79453E-05-1.15432E-04
 -1       313 8.73786E-05 1.53920E-05-1.85672E-04
 -1       314 7.03966E-05 3.37364E-05-3.27988E-04
 -1       315 9.90055E-05 6.50168E-05-4.38633E-04
 -1       316 0.00000E+00 0.00000E+00 0.00000E+00
 -1       317 6.04033E-06 1.45481E-06-1.11186E-04
 -1       318 1.44649E-05 1.17177E-06-3.86460E-04
 -1       319 2.21578E-05 1.13795E-06-7.24162E-04
 -1       320 2.98343E-05 1.15625E-06-1.08233E-03
 -1       321 3.75378E-05 1.15330E-06-1.41478E-03
 -1       322 4.52448E-05 1.15298E-06-1.68864E-03
 -1       323 5.29541E-05 1.15300E-06-1.87878E-03
 -1       324 6.06661E-05 1.15287E-06-1.96929E-03
 -1       325 6.83795E-05 1.15284E-06-1.95313E-03
 -1       326 7.60909E-05 1.15403E-06-1.83221E-03
 -1       327 8.37877E-05 1.15211E-06-1.61730E-03
 -1       328 9.15118E-05 1.13680E-06-1.32830E-03
 -1       329 9.94406E-05 1.22840E-06-9.93393E-04
 -1       330 1.06498E-04 1.09187E-06-6.51873E-04
 -1       331 1.09408E-04 5.50556E-07-3.44861E-04
 -1       332 1.42142E-04-2.91988E-06-1.49689E-04
 -1       333 1.68815E-04 5.35697E-06-1.08755E-04
 -1       334 1.86553E-04 5.26934E-06-1.67195E-04
 -1       335 1.38711E-04-1.25097E-05-3.84197E-04
 -1       336 1.61942E-04-6.43395E-05-6.85157E-04
 -1       337 0.00000E+00 0.00000E+00 0.00000E+00
 -1       338 5.74964E-06 1.60636E-21-1.29000E-04
 -1       339 1.45481E-05 2.37774E-20-3.97691E-04
 -1       340 2.21487E-05 3.01031E-20-7.28002E-04
 -1       341 2.98309E-05 2.15776E-20-1.07961E-03
 -1       342 3.75398E-05 2.68286E-21-1.40700E-03
 -1       343 4.52453E-05-1.10233E-19-1.67713E-03
 -1       344 5.29545E-05-2.05698E-19-1.86487E-03
 -1       345 6.06663E-05-3.12102E-19-1.95433E-03
 -1       346 6.83787E-05-4.25599E-19-1.93846E-03
 -1       347 7.60907E-05-5.13355E-19-1.81916E-03
 -1       348 8.37986E-05-5.19838E-19-1.60721E-03
 -1       349 9.14809E-05-5.75166E-19-1.32251E-03
 -1       350 9.93265E-05-5.55467E-19-9.93261E-04
 -1       351 1.07041E-04-5.04800E-19-6.58771E-04
 -1       352 1.10097E-04-5.04438E-19-3.59154E-04
 -1       353 1.39862E-04-4.62105E-19-1.68053E-04
 -1       354 1.65298E-04-4.57679E-19-1.24543E-04
 -1       355 1.88188E-04-5.18435E-19-1.83223E-04
 -1       356 1.83792E-04-5.03807E-19-3.93231E-04
 -1       357 2.14096E-04-4.48989E-19-6.75891E-04
 -1       358 0.00000E+00 0.00000E+00 0.00000E+00
 -1       359 6.04033E-06-1.45481E-06-1.11186E-04
 -1       360 1.44649E-05-1.17177E-06-3.86460E-04
 -1       361 2.21578E-05-1.13795E-06-7.24162E-04
 -1       362 2.98343E-05-1.15625E-06-1.08233E-03
 -1       363 3.75378E-05-1.15330E-06-1.41478E-03
 -1       364 4.52448E-05-1.15298E-06-1.68864E-03
 -1       365 5.29541E-05-1.15300E-06-1.87878E-03
 -1       366 6.06661E-05-1.15287E-06-1.96929E-03
 -1       367 6.83795E-05-1.15284E-06-1.95313E-03
 -1       368 7.60909E-05-1.15403E-06-1.83221E-03
 -1       369 8.37877E-05-1.15211E-06-1.61730E-03
 -1       370 9.15118E-05-1.13680E-06-1.32830E-03
 -1       371 9.94406E-05-1.22840E-06-9.93393E-04
 -1       372 1.06498E-04-1.09187E-06-6.51873E-04
 -1       373 1.09408E-04-5.50556E-07-3.44861E-04
 -1       374 1.42142E-04 2.91988E-06-1.49689E-04
 -1       375 1.68815E-04-5.35697E-06-1.08755E-04
 -1       376 1.86553E-04-5.26934E-06-1.67195E-04
 -1       377 1.38711E-04 1.25097E-05-3.84197E-04
 -1       378 1.61942E-04 6.43395E-05-6.85157E-04
 -1       379 0.00000E+00 0.00000E+00 0.00000E+00
 -1       380 1.61910E-04 4.44903E-05-1.49525E-04
 -1       381 2.73898E-04 2.39747E-05-4.00701E-04
 -1       382 3.32284E-04 7.99578E-06-7.35260E-04
 -1       383 3.43915E-04-4.72891E-06-1.08577E-03
 -1       384 3.16909E-04-1.48775E-05-1.41347E-03
 -1       385 2.60652E-04-2.23470E-05-1.68351E-03
 -1       386 1.83950E-04-2.71351E-05-1.87127E-03
 -1       387 9.57581E-05-2.92454E-05-1.96072E-03
 -1       388 4.99643E-06-2.86772E-05-1.94485E-03
 -1       389-7.94115E-05-2.54280E-05-1.82553E-03
 -1       390-1.48523E-04-1.95047E-05-1.61365E-03
 -1       391-1.93459E-04-1.09524E-05-1.32882E-03
 -1       392-2.05150E-04 4.24766E-07-1.00013E-03
 -1       393-1.75440E-04 1.54609E-05-6.62098E-04
 -1       394-8.96324E-05 2.82500E-05-3.73626E-04
 -1       395 3.16121E-05 3.67677E-05-1.90955E-04
 -1       396 1.71125E-04 3.92769E-05-1.31746E-04
 -1       397 3.09908E-04 5.41966E-05-1.97924E-04
 -1       398 4.53573E-04 2.61717E-05-3.30124E-04
 -1       399 6.44770E-04-1.78694E-04-1.38307E-03
 -1       400 0.00000E+00 0.00000E+00 0.00000E+00
 -1       401 1.57967E-04 1.43023E-20-1.67805E-04
 -1       402 2.79990E-04 2.02728E-20-4.12619E-04
 -1       403 3.36614E-04 2.03472E-20-7.38787E-04
 -1       404 3.47326E-04 1.09646E-20-1.08294E-03
 -1       405 3.19554E-04-5.90988E-20-1.40558E-03
 -1       406 2.62491E-04-1.14394E-19-1.67187E-03
 -1       407 1.84985E-04-2.57858E-19-1.85724E-03
 -1       408 9.59895E-05-3.63069E-19-1.94564E-03
 -1       409 4.42350E-06-4.49206E-19-1.93005E-03
 -1       410-8.07879E-05-4.64015E-19-1.81236E-03
 -1       411-1.50694E-04-5.28184E-19-1.60343E-03
 -1       412-1.96448E-04-5.56101E-19-1.32287E-03
 -1       413-2.09145E-04-4.77820E-19-9.99979E-04
 -1       414-1.79632E-04-5.08836E-19-6.69264E-04
 -1       415-9.24804E-05-4.81878E-19-3.87254E-04
 -1       416 2.96017E-05-4.19651E-19-2.09382E-04
 -1       417 1.67209E-04-5.38387E-19-1.50381E-04
 -1       418 3.13230E-04-5.27879E-19-2.21489E-04
 -1       419 4.93616E-04-8.63285E-19-3.87860E-04
 -1       420 6.40190E-04-1.58290E-18-9.39035E-04
 -1       421 0.00000E+00 0.00000E+00 0.00000E+00
 -1       422 1.61910E-04-4.44903E-05-1.49525E-04
 -1       423 2.73898E-04-2.39747E-05-4.00701E-04
 -1       424 3.32284E-04-7.99578E-06-7.35260E-04
 -1       425 3.43915E-04 4.72891E-06-1.08577E-03
 -1       426 3.16909E-04 1.48775E-05-1.41347E-03
 -1       427 2.60652E-04 2.23470E-05-1.68351E-03
 -1       428 1.83950E-04 2.71351E-05-1.87127E-03
 -1       429 9.57581E-05 2.92454E-05-1.96072E-03
 -1       430 4.99643E-06 2.86772E-05-1.94485E-03
 -1       431-7.94115E-05 2.54280E-05-1.82553E-03
 -1       432-1.48523E-04 1.95047E-05-1.61365E-03
 -1       433-1.93459E-04 1.09524E-05-1.32882E-03
 -1       434-2.05150E-04-4.24766E-07-1.00013E-03
 -1       435-1.75440E-04-1.54609E-05-6.62098E-04
 -1       436-8.96324E-05-2.82500E-05-3.73626E-04
 -1       437 3.16121E-05-3.67677E-05-1.90955E-04
 -1       438 1.71125E-04-3.92769E-05-1.31746E-04
 -1       439 3.09908E-04-5.41966E-05-1.97924E-04
 -1       440 4.53573E-04-2.61717E-05-3.30124E-04
 -1       441 6.44770E-04 1.78694E-04-1.38307E-03
 -3
    1PSTEP                         2           1           1          
  100CL  101 2.50000E-01         249                     0    1           1
 -4  STRESS      6    1
 -5  SXX         1    4    1    1
 -5  SYY         1    4    2    2
 -5  SZZ         1    4    3    3
 -5  SXY         1    4    1    2
 -5  SYZ         1    4    2    3
 -5  SZX         1    4    3    1
 -1        17-6.15167E-01-5.67021E-01-1.35347E+00 3.01284E-02-1.54031E-02-4.19011E-01
 -1        18-8.16234E-01-7.56854E-01-1.80812E+00 3.02594E-02-9.88474E-02-3.87164E-01
 -1        19-1.15480E+00-1.12807E+00-2.75263E+00 2.54939E-02-1.55450E-01-2.33790E-01
 -1        20-1.49856E+00-1.43747E+00-3.48092E+00 1.76076E-02-1.84096E-01 5.67295E-02
 -1        21-1.67998E+00-1.75520E+00-4.37652E+00 1.48879E-02-2.13952E-01 2.25979E-01
 -1        38-5.96474E-01-5.84611E-01-1.27357E+00-1.90820E-17 1.87350E-16-3.59760E-01
 -1        39-7.68018E-01-7.55519E-01-1.64874E+00-1.90820E-17-1.97758E-16-3.29441E-01
 -1        40-1.07280E+00-1.11406E+00-2.49332E+00 1.46584E-16-5.27356E-16-1.86187E-01
 -1        41-1.39594E+00-1.42166E+00-3.15471E+00-1.11456E-16-9.22873E-16 8.70218E-02
 -1        42-1.57228E+00-1.74259E+00-4.03014E+00 6.33174E-17 2.08167E-16 2.47011E-01
 -1        59-6.15167E-01-5.67021E-01-1.35347E+00-3.01284E-02 1.54031E-02-4.19011E-01
 -1        60-8.16234E-01-7.56854E-01-1.80812E+00-3.02594E-02 9.88474E-02-3.87164E-01
 -1        61-1.15480E+00-1.12807E+00-2.75263E+00-2.54939E-02 1.55450E-01-2.33790E-01
 -1        62-1.49856E+00-1.43747E+00-3.48092E+00-1.76076E-02 1.84096E-01 5.67295E-02
 -1        63-1.67998E+00-1.75520E+00-4.37652E+00-1.48879E-02 2.13952E-01 2.25979E-01
 -1        80-1.45369E-02 5.39575E-02-9.78832E-01-1.30072E-02 1.95509E-02-2.76009E-01
 -1        81-1.28037E-01 8.31944E-02-1.81763E+00-1.86586E-02-3.33977E-02-2.81241E-01
 -1        82-2.03012E-01 1.45361E-01-2.63840E+00-1.96176E-02-4.29435E-02-2.15548E-01
 -1        83-1.15188E-02 1.72931E-01-3.45766E+00-9.37944E-03-5.34359E-02-5.22350E-02
 -1        84 1.60009E-01 1.80620E-01-4.04789E+00-7.11171E-03-6.55773E-02 3.71399E-02
 -1       101-5.22082E-03 6.45301E-02-9.45115E-01 2.08167E-17 2.23779E-16-2.13324E-01
 -1       102-1.41619E-01 8.30933E-02-1.81233E+00 5.41017E-17-1.11890E-16-2.23079E-01
 -1       103-2.49030E-01 1.33997E-01-2.66155E+00-2.94524E-16 1.90820E-17-1.62266E-01
 -1       104-4.93781E-02 1.66722E-01-3.46249E+00 8.37546E-18-1.78156E-15-1.62989E-02
 -1       105 1.38181E-01 1.78490E-01-4.03826E+00 9.88792E-17 1.82840E-15 6.20974E-02
 -1       122-1.45369E-02 5.39575E-02-9.78832E-01 1.30072E-02-1.95509E-02-2.76009E-01
 -1       123-1.28037E-01 8.31944E-02-1.81763E+00 1.86586E-02 3.33977E-02-2.81241E-01
 -1       124-2.03012E-01 1.45361E-01-2.63840E+00 1.96176E-02 4.29435E-02-2.15548E-01
 -1       125-1.15188E-02 1.72931E-01-3.45766E+00 9.37944E-03 5.34359E-02-5.22350E-02
 -1       126 1.60009E-01 1.80620E-01-4.04789E+00 7.11171E-03 6.55773E-02 3.71399E-02
 -1       143-2.68728E-01-1.25455E-01-7.03029E-01-4.15011E-02-1.17067E-02 4.81472E-02
 -1       144-1.30869E-01 2.11815E-02-1.82227E+00-3.02393E-02 3.73605E-02 1.87002E-03
 -1       145-1.52329E-01 1.24814E-01-2.39536E+00-1.57535E-03 3.48177E-02-1.82102E-01
 -1       146-1.70316E-01-3.07676E-03-3.59310E+00 1.23513E-02 3.98795E-02-2.88585E-01
 -1       147-1.58649E-01-5.87783E-02-4.25619E+00 2.18589E-02 1.85676E-02-2.50659E-01
 -1       164-2.79854E-01-1.19875E-01-5.97167E-01 1.73472E-17 8.11417E-16-1.51234E-02
 -1       165-1.87230E-01-8.93288E-03-1.87141E+00 3.68629E-18-3.22875E-16-3.30189E-02
 -1       166-2.32472E-01 9.07096E-02-2.55434E+00-4.22839E-17 3.49222E-16-1.76008E-01
 -1       167-2.26401E-01-1.34924E-02-3.70238E+00 1.67509E-16-1.79978E-15-2.53125E-01
 -1       168-1.75789E-01-4.08706E-02-4.27614E+00-9.10730E-17 1.69510E-15-2.11837E-01
 -1       185-2.68728E-01-1.25455E-01-7.03029E-01 4.15011E-02 1.17067E-02 4.81472E-02
 -1       186-1.30869E-01 2.11815E-02-1.82227E+00 3.02393E-02-3.73605E-02 1.87002E-03
 -1       187-1.52329E-01 1.24814E-01-2.39536E+00 1.57535E-03-3.48177E-02-1.82102E-01
 -1       188-1.70316E-01-3.07676E-03-3.59310E+00-1.23513E-02-3.98795E-02-2.88585E-01
 -1       189-1.58649E-01-5.87783E-02-4.25619E+00-2.18589E-02-1.85676E-02-2.50659E-01
 -1       206-9.92800E-02 7.52945E-02-2.02010E+00-3.12340E-02-1.75506E-01 8.13896E-01
 -1       207-6.43652E-01 1.40748E-01-1.06641E+00-1.20775E-02 4.13803E-03 4.61590E-01
 -1       208-9.74847E-01 1.10049E-01-1.71864E+00-4.77175E-03 1.75593E-02-3.79736E-01
 -1       209-5.33982E-01-2.62076E-02-3.77498E+00 3.65743E-02 4.25510E-03-7.41533E-01
 -1       210-3.33491E-01-1.06779E-01-5.42417E+00 4.51434E-02-1.29525E-01-6.39287E-01
 -1       227-2.14664E-02 8.08547E-02-2.22500E+00-1.49186E-16 8.22259E-16 6.51847E-01
 -1       228-5.28268E-01 1.64333E-01-1.13720E+00 7.19910E-17-6.08021E-16 3.32313E-01
 -1       229-9.14657E-01 8.73297E-02-1.79794E+00 2.20744E-16 5.80699E-16-3.64958E-01
 -1       230-5.07599E-01-3.10298E-02-3.79103E+00-8.67362E-18-2.09902E-15-6.25175E-01
 -1       231-3.48551E-01-1.29781E-01-5.46859E+00 2.74086E-16 1.33921E-15-4.82770E-01
 -1       248-9.92800E-02 7.52945E-02-2.02010E+00 3.12340E-02 1.75506E-01 8.13896E-01
 -1       249-6.43652E-01 1.40748E-01-1.06641E+00 1.20775E-02-4.13803E-03 4.61590E-01
 -1       250-9.74847E-01 1.10049E-01-1.71864E+00 4.77175E-03-1.75593E-02-3.79736E-01
 -1       251-5.33982E-01-2.62076E-02-3.77498E+00-3.65743E-02-4.25510E-03-7.41533E-01
 -1       252-3.33491E-01-1.06779E-01-5.42417E+00-4.51434E-02 1.29525E-01-6.39287E-01
 -1       253-7.06192E+00-2.62362E+00-1.73678E+00-4.97168E-01-1.71896E-01-7.91758E-01
 -1       254-5.21565E+00 3.60972E-01 6.28011E-01-1.04585E-01 1.82856E-01-8.22045E-01
 -1       255-2.93725E+00-3.97635E-02-2.17631E-01 1.43345E-01-1.11894E-02-8.99964E-01
 -1       256-8.51695E-01-2.61028E-02-4.87313E-02 1.03694E-01-9.35094E-03-7.55533E-01
 -1       257 9.46691E-01-3.96135E-02-1.00688E-01 8.29759E-02-8.26846E-03-6.09587E-01
 -1       258 2.37029E+00-3.37754E-02-8.55413E-02 6.40410E-02-8.25711E-03-4.67998E-01
 -1       259 3.41483E+00-3.53614E-02-8.97452E-02 4.45584E-02-8.30434E-03-3.25720E-01
 -1       260 4.08541E+00-3.49716E-02-8.86251E-02 2.50744E-02-8.29333E-03-1.83366E-01
 -1       261 4.38081E+00-3.50853E-02-8.90004E-02 5.60181E-03-8.29341E-03-4.09879E-02
 -1       262 4.30127E+00-3.50023E-02-8.87377E-02-1.38569E-02-8.29463E-03 1.01389E-01
 -1       263 3.84665E+00-3.52595E-02-8.93221E-02-3.32943E-02-8.28104E-03 2.43723E-01
 -1       264 3.01764E+00-3.43761E-02-8.70479E-02-5.31219E-02-8.33253E-03 3.86255E-01
 -1       265 1.81081E+00-3.64778E-02-9.63056E-02-7.26071E-02-8.54485E-03 5.29181E-01
 -1       266 2.28031E-01-3.15057E-02-6.60026E-02-8.42948E-02-5.57830E-03 6.65722E-01
 -1       267-1.63787E+00-6.02695E-02-1.33960E-01-1.26071E-01-1.89890E-02 7.91983E-01
 -1       268-4.14456E+00 1.67157E-01 2.27748E-01-1.19913E-01 1.73315E-02 1.06148E+00
 -1       269-3.76691E+00-7.63656E-02-2.07352E+00 7.66873E-02-1.43780E-02 8.89695E-01
 -1       270-2.65662E+00-1.37320E-01-1.41503E-01 1.00770E-01-3.75131E-04 3.87989E-01
 -1       271-1.76348E+00 2.08221E-02-4.04235E-01 4.03845E-02 2.64773E-02-6.29742E-01
 -1       272-8.39221E-01 2.15791E-01-3.29457E+00-9.16225E-02 9.42392E-02-1.47709E+00
 -1       273-5.34966E-01 3.13592E-02-8.50864E+00-6.12543E-02-1.79571E-01-1.53452E+00
 -1       274-6.88886E+00-2.58482E+00-1.67320E+00-2.08167E-16-9.71445E-17-1.08721E+00
 -1       275-5.36105E+00 3.25802E-01 5.93877E-01 2.87964E-16-3.61690E-16-9.78175E-01
 -1       276-3.12369E+00-8.06355E-02-2.54715E-01-1.86483E-16-5.48173E-16-6.83679E-01
 -1       277-7.93861E-01-1.76339E-02-4.11934E-02-4.05058E-16 2.64198E-15-5.65414E-01
 -1       278 9.90043E-01-2.80805E-02-8.90746E-02-1.07596E-15-2.77729E-15-4.62145E-01
 -1       279 2.40896E+00-2.42891E-02-7.60736E-02 3.20924E-16 8.17055E-16-3.54223E-01
 -1       280 3.45445E+00-2.56274E-02-8.00246E-02 7.47232E-16-2.06345E-15-2.46510E-01
 -1       281 4.12500E+00-2.52329E-02-7.88937E-02 7.67181E-16-2.02659E-15-1.38791E-01
 -1       282 4.42037E+00-2.53502E-02-7.92724E-02 7.27500E-16-3.20138E-16-3.10260E-02
 -1       283 4.34085E+00-2.52568E-02-7.90029E-02-4.13515E-16-8.19657E-16 7.67544E-02
 -1       284 3.88646E+00-2.55653E-02-7.96276E-02-2.15756E-17 2.44076E-15 1.84446E-01
 -1       285 3.05684E+00-2.47640E-02-7.73827E-02 1.70762E-16-3.58394E-15 2.92053E-01
 -1       286 1.84607E+00-2.60021E-02-8.59273E-02 1.02652E-15-1.48319E-15 4.01520E-01
 -1       287 2.88446E-01-1.89287E-02-5.52085E-02-1.25334E-16 1.39472E-15 5.07565E-01
 -1       288-1.60630E+00-7.57815E-02-1.52566E-01-2.40801E-16 4.54498E-16 5.69750E-01
 -1       289-4.35431E+00 2.05731E-01 2.98066E-01 1.40513E-16-3.92481E-16 9.56234E-01
 -1       290-4.11617E+00-1.86821E-01-2.68905E+00 2.70617E-16 6.69025E-16 1.00220E+00
 -1       291-2.51562E+00-8.90781E-02-4.65349E-01-2.42211E-16-8.20307E-16 3.93301E-01
 -1       292-1.55635E+00-5.25562E-02-6.91236E-01 9.95731E-16 9.02273E-16-6.12628E-01
 -1       293-7.60332E-01 8.27158E-02-3.55655E+00 7.25114E-16-3.01148E-15-1.12396E+00
 -1       294-2.94106E-01 1.23546E-01-8.34914E+00 9.29812E-16 2.91434E-15-1.15775E+00
 -1       295-7.06192E+00-2.62362E+00-1.73678E+00 4.97168E-01 1.71896E-01-7.91758E-01
 -1       296-5.21565E+00 3.60972E-01 6.28011E-01 1.04585E-01-1.82856E-01-8.22045E-01
 -1       297-2.93725E+00-3.97635E-02-2.17631E-01-1.43345E-01 1.11894E-02-8.99964E-01
 -1       298-8.51695E-01-2.61028E-02-4.87313E-02-1.03694E-01 9.35094E-03-7.55533E-01
 -1       299 9.46691E-01-3.96135E-02-1.00688E-01-8.29759E-02 8.26846E-03-6.09587E-01
 -1       300 2.37029E+00-3.37754E-02-8.55413E-02-6.40410E-02 8.25711E-03-4.67998E-01
 -1       301 3.41483E+00-3.53614E-02-8.97452E-02-4.45584E-02 8.30434E-03-3.25720E-01
 -1       302 4.08541E+00-3.49716E-02-8.86251E-02-2.50744E-02 8.29333E-03-1.83366E-01
 -1       303 4.38081E+00-3.50853E-02-8.90004E-02-5.60181E-03 8.29341E-03-4.09879E-02
 -1       304 4.30127E+00-3.50023E-02-8.87377E-02 1.38569E-02 8.29463E-03 1.01389E-01
 -1       305 3.84665E+00-3.52595E-02-8.93221E-02 3.32943E-02 8.28104E-03 2.43723E-01
 -1       306 3.01764E+00-3.43761E-02-8.70479E-02 5.31219E-02 8.33253E-03 3.86255E-01
 -1       307 1.81081E+00-3.64778E-02-9.63056E-02 7.26071E-02 8.54485E-03 5.29181E-01
 -1       308 2.28031E-01-3.15057E-02-6.60026E-02 8.42948E-02 5.57830E-03 6.65722E-01
 -1       309-1.63787E+00-6.02695E-02-1.33960E-01 1.26071E-01 1.89890E-02 7.91983E-01
 -1       310-4.14456E+00 1.67157E-01 2.27748E-01 1.19913E-01-1.73315E-02 1.06148E+00
 -1       311-3.76691E+00-7.63656E-02-2.07352E+00-7.66873E-02 1.43780E-02 8.89695E-01
 -1       312-2.65662E+00-1.37320E-01-1.41503E-01-1.00770E-01 3.75131E-04 3.87989E-01
 -1       313-1.76348E+00 2.08221E-02-4.04235E-01-4.03845E-02-2.64773E-02-6.29742E-01
 -1       314-8.39221E-01 2.15791E-01-3.29457E+00 9.16225E-02-9.42392E-02-1.47709E+00
 -1       315-5.34966E-01 3.13592E-02-8.50864E+00 6.12543E-02 1.79571E-01-1.53452E+00
 -1       316 2.62672E-01 1.13740E-01 1.24841E-01 9.46394E-03-1.75714E-01-8.29552E-01
 -1       317 2.87060E-01-1.99063E-02-1.51272E-01 2.93117E-03 1.84000E-01-8.35983E-01
 -1       318 2.97000E-01 1.95749E-03-1.30955E-01-1.84178E-03-7.45458E-03-8.90953E-01
 -1       319 2.85935E-01 7.23203E-04-1.23281E-01-3.07978E-05-1.36300E-02-7.52451E-01
 -1       320 2.86013E-01-1.26967E-04-1.24820E-01 1.24518E-08-7.54454E-03-6.10428E-01
 -1       321 2.86405E-01-2.28706E-05-1.25010E-01-1.29670E-06-8.27417E-03-4.67827E-01
 -1       322 2.86416E-01 5.69938E-06-1.24976E-01 2.16994E-06-8.31062E-03-3.25566E-01
 -1       323 2.86393E-01-3.72689E-06-1.25004E-01-6.67727E-07-8.29009E-03-1.83264E-01
 -1       324 2.86406E-01-1.75221E-06-1.25021E-01-2.15987E-06-8.29160E-03-4.09603E-02
 -1       325 2.86399E-01-8.16413E-06-1.25031E-01-3.12617E-06-8.29136E-03 1.01342E-01
 -1       326 2.86165E-01-5.15625E-05-1.24946E-01 4.01778E-05-8.29454E-03 2.43646E-01
 -1       327 2.86702E-01 2.41752E-04-1.24604E-01 1.86272E-05-8.30023E-03 3.85941E-01
 -1       328 2.90579E-01 4.22845E-04-1.27094E-01-6.09615E-04-8.14198E-03 5.28265E-01
 -1       329 2.77427E-01-5.96003E-03-1.30015E-01-7.47106E-04-8.73294E-03 6.70802E-01
 -1       330 1.94062E-01 1.93579E-03-5.87872E-02 1.04626E-02-1.27282E-02 8.11418E-01
 -1       331 5.76992E-01 7.28969E-02-1.91252E-01-2.19100E-02 3.79245E-02 9.19281E-01
 -1       332 1.08104E+00 2.28265E-02-1.23470E+00-2.04080E-02 8.45228E-02 4.77662E-01
 -1       333 8.70112E-01 1.50316E-02 4.77122E-02-2.10402E-02-2.93101E-02 2.17188E-02
 -1       334-7.00827E-01-4.11659E-01-1.11577E-01 5.03194E-02 1.96292E-02-2.18923E-01
 -1       335-1.34275E+00 7.75126E-01 6.21930E-01 4.34647E-01 6.12776E-01-1.55211E+00
 -1       336-4.43637E+00-4.28812E+00-2.15694E+01 7.45271E-01 1.16140E-01-2.34146E+00
 -1       337 2.49169E-01 1.13507E-01 1.20730E-01-1.38778E-17-6.24500E-17-1.11732E+00
 -1       338 2.89019E-01-1.99824E-02-1.50473E-01-1.63064E-16 2.38524E-16-9.85909E-01
 -1       339 3.04045E-01 2.36252E-03-1.27612E-01 2.27249E-16-4.12864E-16-6.80956E-01
 -1       340 2.84057E-01 6.63803E-04-1.23456E-01 1.99493E-16-9.43690E-16-5.69465E-01
 -1       341 2.86115E-01-3.29467E-04-1.25079E-01 5.70724E-16-1.88044E-15-4.61497E-01
 -1       342 2.86523E-01 3.50257E-05-1.24968E-01-2.56739E-16-8.04912E-16-3.54107E-01
 -1       343 2.86381E-01 4.02092E-06-1.24989E-01-3.27863E-16 5.93275E-16-2.46376E-01
 -1       344 2.86382E-01-6.09738E-06-1.25014E-01-4.71411E-16-8.59989E-16-1.38686E-01
 -1       345 2.86379E-01-1.52620E-06-1.25028E-01-3.73846E-16-2.91973E-15-3.09976E-02
 -1       346 2.86396E-01 6.89385E-06-1.25027E-01-5.07407E-17-4.46691E-17 7.66920E-02
 -1       347 2.86393E-01-8.36171E-05-1.24978E-01 1.83447E-16 2.68448E-16 1.84381E-01
 -1       348 2.85886E-01-7.68095E-05-1.24868E-01 2.98372E-16-7.43329E-16 2.92078E-01
 -1       349 2.88992E-01 2.20225E-03-1.25431E-01-1.01481E-15 3.20317E-15 3.99746E-01
 -1       350 2.89108E-01-5.74006E-03-1.31565E-01 1.52656E-16-2.56739E-15 5.07200E-01
 -1       351 1.98460E-01-1.77455E-02-8.07104E-02 3.67761E-16-2.88831E-16 6.16558E-01
 -1       352 5.63054E-01 1.34879E-01-1.02056E-01-1.21431E-16 9.46292E-16 7.58749E-01
 -1       353 9.17475E-01 9.84169E-03-1.47245E+00 8.04912E-16 7.58942E-18 4.98095E-01
 -1       354 8.55230E-01-8.70943E-03-2.52137E-01-7.97973E-17 3.98986E-17 4.88126E-02
 -1       355 3.81558E-01-1.96392E-01-1.20663E-01-3.43475E-16 1.36002E-15-1.74828E-01
 -1       356-1.14352E+00-5.58477E-01-9.16294E-01 2.09555E-15-4.80171E-15-1.10587E+00
 -1       357 4.15084E-01-9.15108E-01-9.76401E+00 4.90580E-15 1.01030E-14-2.19625E+00
 -1       358 2.62672E-01 1.13740E-01 1.24841E-01-9.46394E-03 1.75714E-01-8.29552E-01
 -1       359 2.87060E-01-1.99063E-02-1.51272E-01-2.93117E-03-1.84000E-01-8.35983E-01
 -1       360 2.97000E-01 1.95749E-03-1.30955E-01 1.84178E-03 7.45458E-03-8.90953E-01
 -1       361 2.85935E-01 7.23203E-04-1.23281E-01 3.07978E-05 1.36300E-02-7.52451E-01
 -1       362 2.86013E-01-1.26967E-04-1.24820E-01-1.24518E-08 7.54454E-03-6.10428E-01
 -1       363 2.86405E-01-2.28706E-05-1.25010E-01 1.29670E-06 8.27417E-03-4.67827E-01
 -1       364 2.86416E-01 5.69938E-06-1.24976E-01-2.16994E-06 8.31062E-03-3.25566E-01
 -1       365 2.86393E-01-3.72689E-06-1.25004E-01 6.67727E-07 8.29009E-03-1.83264E-01
 -1       366 2.86406E-01-1.75221E-06-1.25021E-01 2.15987E-06 8.29160E-03-4.09603E-02
 -1       367 2.86399E-01-8.16413E-06-1.25031E-01 3.12617E-06 8.29136E-03 1.01342E-01
 -1       368 2.86165E-01-5.15625E-05-1.24946E-01-4.01778E-05 8.29454E-03 2.43646E-01
 -1       369 2.86702E-01 2.41752E-04-1.24604E-01-1.86272E-05 8.30023E-03 3.85941E-01
 -1       370 2.90579E-01 4.22845E-04-1.27094E-01 6.09615E-04 8.14198E-03 5.28265E-01
 -1       371 2.77427E-01-5.96003E-03-1.30015E-01 7.47106E-04 8.73294E-03 6.70802E-01
 -1       372 1.94062E-01 1.93579E-03-5.87872E-02-1.04626E-02 1.27282E-02 8.11418E-01
 -1       373 5.76992E-01 7.28969E-02-1.91252E-01 2.19100E-02-3.79245E-02 9.19281E-01
 -1       374 1.08104E+00 2.28265E-02-1.23470E+00 2.04080E-02-8.45228E-02 4.77662E-01
 -1       375 8.70112E-01 1.50316E-02 4.77122E-02 2.10402E-02 2.93101E-02 2.17188E-02
 -1       376-7.00827E-01-4.11659E-01-1.11577E-01-5.03194E-02-1.96292E-02-2.18923E-01
 -1       377-1.34275E+00 7.75126E-01 6.21930E-01-4.34647E-01-6.12776E-01-1.55211E+00
 -1       378-4.43637E+00-4.28812E+00-2.15694E+01-7.45271E-01-1.16140E-01-2.34146E+00
 -1       379 7.70845E+00 2.88703E+00 1.98579E+00 5.16083E-01-1.71919E-01-8.59746E-01
 -1       380 5.78340E+00-4.02932E-01-9.31911E-01 1.08769E-01 1.83297E-01-8.44158E-01
 -1       381 3.47547E+00 3.93564E-02-4.05032E-02-1.46782E-01-1.39057E-02-8.88199E-01
 -1       382 1.42887E+00 2.66905E-02-2.00061E-01-1.01995E-01-8.12116E-03-7.56028E-01
 -1       383-3.73708E-01 3.94983E-02-1.48915E-01-8.31787E-02-8.45168E-03-6.09771E-01
 -1       384-1.79753E+00 3.37713E-02-1.64391E-01-6.40830E-02-8.24577E-03-4.67743E-01
 -1       385-2.84185E+00 3.53740E-02-1.60220E-01-4.45373E-02-8.29221E-03-3.25429E-01
 -1       386-3.51234E+00 3.49799E-02-1.61385E-01-2.50701E-02-8.29019E-03-1.83158E-01
 -1       387-3.80771E+00 3.50991E-02-1.61041E-01-5.60658E-03-8.28998E-03-4.09327E-02
 -1       388-3.72819E+00 3.50099E-02-1.61301E-01 1.38739E-02-8.28894E-03 1.01295E-01
 -1       389-3.27360E+00 3.51953E-02-1.60579E-01 3.33758E-02-8.30448E-03 2.43570E-01
 -1       390-2.44425E+00 3.45076E-02-1.62860E-01 5.25155E-02-8.25016E-03 3.85649E-01
 -1       391-1.24041E+00 3.77238E-02-1.55933E-01 7.18366E-02-7.95937E-03 5.27168E-01
 -1       392 3.36644E-01 2.71191E-02-1.81528E-01 9.86910E-02-1.17050E-02 6.75662E-01
 -1       393 2.36485E+00 4.81211E-02-5.56654E-02 1.04281E-01 3.73293E-03 8.41041E-01
 -1       394 4.21656E+00-7.08875E-02-5.00470E-01 8.38530E-02 4.28618E-03 7.43132E-01
 -1       395 5.29008E+00-2.16369E-01-8.06880E-01 2.25725E-02 6.33916E-02 2.41250E-01
 -1       396 5.77180E+00 1.00498E-01 9.23650E-02 5.71619E-02-4.21610E-02-7.74546E-03
 -1       397 6.01047E+00-6.20620E-01-6.86182E-01 1.47220E-01 2.00027E-01 4.38374E-01
 -1       398 6.94464E+00 2.95667E+00 3.78244E+00-8.61172E-01-9.97550E-01-2.87046E+00
 -1       399 2.83237E+00 9.89111E-01-2.97736E+01-2.19582E+00 4.07254E+00-6.23816E+00
 -1       400 7.50995E+00 2.84843E+00 1.91468E+00 4.16334E-17 2.77556E-17-1.15506E+00
 -1       401 5.93250E+00-3.68022E-01-8.96270E-01 3.53884E-16-2.16840E-17-9.99422E-01
 -1       402 3.67444E+00 8.03564E-02 2.58777E-03-6.02816E-16-4.96131E-16-6.71965E-01
 -1       403 1.36776E+00 1.83063E-02-2.07745E-01 4.91794E-16 9.52363E-16-5.66857E-01
 -1       404-4.16111E-01 2.78785E-02-1.60726E-01-7.12104E-16-7.52870E-16-4.62347E-01
 -1       405-1.83622E+00 2.42906E-02-1.73883E-01 2.88831E-16-1.69136E-15-3.53903E-01
 -1       406-2.88150E+00 2.56487E-02-1.69955E-01 9.93129E-17 9.19403E-16-2.46225E-01
 -1       407-3.55195E+00 2.52370E-02-1.71136E-01 4.17201E-16 2.29157E-15-1.38585E-01
 -1       408-3.84731E+00 2.53659E-02-1.70781E-01 3.52366E-17-1.39008E-15-3.09692E-02
 -1       409-3.76779E+00 2.52841E-02-1.71038E-01 2.66822E-16-1.68398E-15 7.66304E-02
 -1       410-3.31300E+00 2.54147E-02-1.70358E-01 1.56776E-16-2.95510E-15 1.84314E-01
 -1       411-2.48394E+00 2.47455E-02-1.72566E-01 6.89553E-17 1.09288E-15 2.92079E-01
 -1       412-1.28433E+00 2.84513E-02-1.65340E-01 1.10892E-15 4.25007E-16 3.98150E-01
 -1       413 3.04943E-01 1.72737E-02-1.93127E-01-1.53523E-16-2.59862E-15 5.07053E-01
 -1       414 2.38534E+00 4.28083E-02-6.23671E-02-5.31693E-16 1.05471E-15 6.53224E-01
 -1       415 4.29341E+00-3.05132E-02-4.37397E-01 4.56232E-16 4.89192E-16 5.95029E-01
 -1       416 5.27806E+00-1.84905E-01-8.03691E-01-9.17235E-16 9.75782E-17 2.05154E-01
 -1       417 5.86408E+00 1.20642E-01 6.54743E-03 1.23686E-15 1.42247E-15-5.56777E-02
 -1       418 7.00332E+00-4.27769E-01-6.47045E-01-1.51962E-15-4.78784E-16 1.49789E-01
 -1       419 4.57355E+00-5.75356E-01-3.46546E-02-7.46625E-15-9.88098E-15 8.25033E-01
 -1       420 9.03101E+00 6.21780E+00-8.09584E+00-1.38778E-14 1.28786E-14 9.50720E-01
 -1       421 7.70845E+00 2.88703E+00 1.98579E+00-5.16083E-01 1.71919E-01-8.59746E-01
 -1       422 5.78340E+00-4.02932E-01-9.31911E-01-1.08769E-01-1.83297E-01-8.44158E-01
 -1       423 3.47547E+00 3.93564E-02-4.05032E-02 1.46782E-01 1.39057E-02-8.88199E-01
 -1       424 1.42887E+00 2.66905E-02-2.00061E-01 1.01995E-01 8.12116E-03-7.56028E-01
 -1       425-3.73708E-01 3.94983E-02-1.48915E-01 8.31787E-02 8.45168E-03-6.09771E-01
 -1       426-1.79753E+00 3.37713E-02-1.64391E-01 6.40830E-02 8.24577E-03-4.67743E-01
 -1       427-2.84185E+00 3.53740E-02-1.60220E-01 4.45373E-02 8.29221E-03-3.25429E-01
 -1       428-3.51234E+00 3.49799E-02-1.61385E-01 2.50701E-02 8.29019E-03-1.83158E-01
 -1       429-3.80771E+00 3.50991E-02-1.61041E-01 5.60658E-03 8.28998E-03-4.09327E-02
 -1       430-3.72819E+00 3.50099E-02-1.61301E-01-1.38739E-02 8.28894E-03 1.01295E-01
 -1       431-3.27360E+00 3.51953E-02-1.60579E-01-3.33758E-02 8.30448E-03 2.43570E-01
 -1       432-2.44425E+00 3.45076E-02-1.62860E-01-5.25155E-02 8.25016E-03 3.85649E-01
 -1       433-1.24041E+00 3.77238E-02-1.55933E-01-7.18366E-02 7.95937E-03 5.27168E-01
 -1       434 3.36644E-01 2.71191E-02-1.81528E-01-9.86910E-02 1.17050E-02 6.75662E-01
 -1       435 2.36485E+00 4.81211E-02-5.56654E-02-1.04281E-01-3.73293E-03 8.41041E-01
 -1       436 4.21656E+00-7.08875E-02-5.00470E-01-8.38530E-02-4.28618E-03 7.43132E-01
 -1       437 5.29008E+00-2.16369E-01-8.06880E-01-2.25725E-02-6.33916E-02 2.41250E-01
 -1       438 5.77180E+00 1.00498E-01 9.23650E-02-5.71619E-02 4.21610E-02-7.74546E-03
 -1       439 6.01047E+00-6.20620E-01-6.86182E-01-1.47220E-01-2.00027E-01 4.38374E-01
 -1       440 6.94464E+00 2.95667E+00 3.78244E+00 8.61172E-01 9.97550E-01-2.87046E+00
 -1       441 2.83237E+00 9.89111E-01-2.97736E+01 2.19582E+00-4.07254E+00-6.23816E+00
 -3
    1PSTEP                         3           1           1          
  100CL  101 2.50000E-01         249                     0    1           1
 -4  ERROR       1    1
 -5  STR(%)      1    1    0    0
 -1        17 4.87140E+00
 -1        18 1.48181E+01
 -1        19 1.48181E+01
 -1        20 6.23553E+00
 -1        21 5.42815E+00
 -1        38 4.87140E+00
 -1        39 1.48181E+01
 -1        40 1.48181E+01
 -1        41 6.23553E+00
 -1        42 5.42815E+00
 -1        59 4.87140E+00
 -1        60 1.48181E+01
 -1        61 1.48181E+01
 -1        62 6.23553E+00
 -1        63 5.42815E+00
 -1        80 5.15427E+01
 -1        81 5.15427E+01
 -1        82 1.48181E+01
 -1        83 1.05727E+01
 -1        84 5.42815E+00
 -1       101 5.15427E+01
 -1       102 5.15427E+01
 -1       103 1.48181E+01
 -1       104 1.05727E+01
 -1       105 5.42815E+00
 -1       122 5.15427E+01
 -1       123 5.15427E+01
 -1       124 1.48181E+01
 -1       125 1.05727E+01
 -1       126 5.42815E+00
 -1       143 5.17082E+01
 -1       144 5.17082E+01
 -1       145 1.83227E+01
 -1       146 1.83227E+01
 -1       147 4.62797E+00
 -1       164 5.17082E+01
 -1       165 5.17082E+01
 -1       166 1.83227E+01
 -1       167 1.83227E+01
 -1       168 4.62797E+00
 -1       185 5.17082E+01
 -1       186 5.17082E+01
 -1       187 1.83227E+01
 -1       188 1.83227E+01
 -1       189 4.62797E+00
 -1       206 5.17082E+01
 -1       207 5.17082E+01
 -1       208 4.41592E+01
 -1       209 3.19590E+01
 -1       210 1.94470E+01
 -1       227 5.17082E+01
 -1       228 5.17082E+01
 -1       229 4.41592E+01
 -1       230 3.19590E+01
 -1       231 1.94470E+01
 -1       248 5.17082E+01
 -1       249 5.17082E+01
 -1       250 4.41592E+01
 -1       251 3.19590E+01
 -1       252 1.94470E+01
 -1       253 7.27509E+01
 -1       254 8.00158E+01
 -1       255 8.00158E+01
 -1       256 6.06221E+01
 -1       257 5.09508E+01
 -1       258 6.71729E+01
 -1       259 7.29847E+01
 -1       260 7.49669E+01
 -1       261 7.53083E+01
 -1       262 7.53083E+01
 -1       263 7.44074E+01
 -1       264 7.12089E+01
 -1       265 6.25099E+01
 -1       266 4.83314E+01
 -1       267 7.20131E+01
 -1       268 7.31877E+01
 -1       269 9.21040E+01
 -1       270 1.42584E+02
 -1       271 1.42584E+02
 -1       272 4.63598E+01
 -1       273 4.63598E+01
 -1       274 7.27509E+01
 -1       275 8.00158E+01
 -1       276 8.00158E+01
 -1       277 6.06221E+01
 -1       278 5.09508E+01
 -1       279 6.71729E+01
 -1       280 7.29847E+01
 -1       281 7.49669E+01
 -1       282 7.53083E+01
 -1       283 7.53083E+01
 -1       284 7.44074E+01
 -1       285 7.12089E+01
 -1       286 6.25099E+01
 -1       287 4.83314E+01
 -1       288 7.20131E+01
 -1       289 7.31877E+01
 -1       290 9.21040E+01
 -1       291 1.42584E+02
 -1       292 1.42584E+02
 -1       293 4.63598E+01
 -1       294 4.63598E+01
 -1       295 7.27509E+01
 -1       296 8.00158E+01
 -1       297 8.00158E+01
 -1       298 6.06221E+01
 -1       299 5.09508E+01
 -1       300 6.71729E+01
 -1       301 7.29847E+01
 -1       302 7.49669E+01
 -1       303 7.53083E+01
 -1       304 7.53083E+01
 -1       305 7.44074E+01
 -1       306 7.12089E+01
 -1       307 6.25099E+01
 -1       308 4.83314E+01
 -1       309 7.20131E+01
 -1       310 7.31877E+01
 -1       311 9.21040E+01
 -1       312 1.42584E+02
 -1       313 1.42584E+02
 -1       314 4.63598E+01
 -1       315 4.63598E+01
 -1       316 7.27509E+01
 -1       317 8.00158E+01
 -1       318 8.00158E+01
 -1       319 6.06221E+01
 -1       320 5.91690E+01
 -1       321 8.08674E+01
 -1       322 8.92103E+01
 -1       323 9.24441E+01
 -1       324 9.29279E+01
 -1       325 9.29279E+01
 -1       326 9.15633E+01
 -1       327 8.64321E+01
 -1       328 7.42112E+01
 -1       329 4.83314E+01
 -1       330 7.20131E+01
 -1       331 7.31877E+01
 -1       332 9.21040E+01
 -1       333 1.42584E+02
 -1       334 1.42584E+02
 -1       335 1.00706E+02
 -1       336 1.00706E+02
 -1       337 7.27509E+01
 -1       338 8.00158E+01
 -1       339 8.00158E+01
 -1       340 6.06221E+01
 -1       341 5.91690E+01
 -1       342 8.08674E+01
 -1       343 8.92103E+01
 -1       344 9.24441E+01
 -1       345 9.29279E+01
 -1       346 9.29279E+01
 -1       347 9.15633E+01
 -1       348 8.64321E+01
 -1       349 7.42112E+01
 -1       350 4.83314E+01
 -1       351 7.20131E+01
 -1       352 7.31877E+01
 -1       353 9.21040E+01
 -1       354 1.42584E+02
 -1       355 1.42584E+02
 -1       356 1.00706E+02
 -1       357 1.00706E+02
 -1       358 7.27509E+01
 -1       359 8.00158E+01
 -1       360 8.00158E+01
 -1       361 6.06221E+01
 -1       362 5.91690E+01
 -1       363 8.08674E+01
 -1       364 8.92103E+01
 -1       365 9.24441E+01
 -1       366 9.29279E+01
 -1       367 9.29279E+01
 -1       368 9.15633E+01
 -1       369 8.64321E+01
 -1       370 7.42112E+01
 -1       371 4.83314E+01
 -1       372 7.20131E+01
 -1       373 7.31877E+01
 -1       374 9.21040E+01
 -1       375 1.42584E+02
 -1       376 1.42584E+02
 -1       377 1.00706E+02
 -1       378 1.00706E+02
 -1       379 6.70525E+01
 -1       380 6.99793E+01
 -1       381 6.99793E+01
 -1       382 5.52462E+01
 -1       383 5.91690E+01
 -1       384 8.08674E+01
 -1       385 8.92103E+01
 -1       386 9.24441E+01
 -1       387 9.29279E+01
 -1       388 9.29279E+01
 -1       389 9.15633E+01
 -1       390 8.64321E+01
 -1       391 7.42112E+01
 -1       392 4.42028E+01
 -1       393 6.90981E+01
 -1       394 6.90981E+01
 -1       395 6.34339E+01
 -1       396 7.23110E+01
 -1       397 9.96061E+01
 -1       398 1.00706E+02
 -1       399 1.00706E+02
 -1       400 6.70525E+01
 -1       401 6.99793E+01
 -1       402 6.99793E+01
 -1       403 5.52462E+01
 -1       404 5.91690E+01
 -1       405 8.08674E+01
 -1       406 8.92103E+01
 -1       407 9.24441E+01
 -1       408 9.29279E+01
 -1       409 9.29279E+01
 -1       410 9.15633E+01
 -1       411 8.64321E+01
 -1       412 7.42112E+01
 -1       413 4.42028E+01
 -1       414 6.90981E+01
 -1       415 6.90981E+01
 -1       416 6.34339E+01
 -1       417 7.23110E+01
 -1       418 9.96061E+01
 -1       419 1.00706E+02
 -1       420 1.00706E+02
 -1       421 6.70525E+01
 -1       422 6.99793E+01
 -1       423 6.99793E+01
 -1       424 5.52462E+01
 -1       425 5.91690E+01
 -1       426 8.08674E+01
 -1       427 8.92103E+01
 -1       428 9.24441E+01
 -1       429 9.29279E+01
 -1       430 9.29279E+01
 -1       431 9.15633E+01
 -1       432 8.64321E+01
 -1       433 7.42112E+01
 -1       434 4.42028E+01
 -1       435 6.90981E+01
 -1       436 6.90981E+01
 -1       437 6.34339E+01
 -1       438 7.23110E+01
 -1       439 9.96061E+01
 -1       440 1.00706E+02
 -1       441 1.00706E+02
 -3
    1PSTEP                         4           2           1          
  100CL  102 5.00000E-01         249                     0    2           1
 -4  DISP        4    1
 -5  D1          1    2    1    0
 -5  D2          1    2    2    0
 -5  D3          1    2    3    0
 -5  ALL         1    2    0    0    1ALL
 -1        17 0.00000E+00 0.00000E+00 0.00000E+00
 -1        18 0.00000E+00 0.00000E+00 0.00000E+00
 -1        19 0.00000E+00 0.00000E+00 0.00000E+00
 -1        20 0.00000E+00 0.00000E+00 0.00000E+00
 -1        21 0.00000E+00 0.00000E+00 0.00000E+00
 -1        38 0.00000E+00 0.00000E+00 0.00000E+00
 -1        39 0.00000E+00 0.00000E+00 0.00000E+00
 -1        40 0.00000E+00 0.00000E+00 0.00000E+00
 -1        41 0.00000E+00 0.00000E+00 0.00000E+00
 -1        42 0.00000E+00 0.00000E+00 0.00000E+00
 -1        59 0.00000E+00 0.00000E+00 0.00000E+00
 -1        60 0.00000E+00 0.00000E+00 0.00000E+00
 -1        61 0.00000E+00 0.00000E+00 0.00000E+00
 -1        62 0.00000E+00 0.00000E+00 0.00000E+00
 -1        63 0.00000E+00 0.00000E+00 0.00000E+00
 -1        80-5.28315E-05-1.67088E-05-5.66544E-05
 -1        81-3.46438E-05-3.18167E-05-7.44158E-05
 -1        82-1.55363E-05-4.77399E-05-1.13864E-04
 -1        83 1.80678E-05-5.79541E-05-1.45649E-04
 -1        84 7.58765E-05-6.41798E-05-1.84688E-04
 -1       101-4.54961E-05-5.13584E-21-5.28650E-05
 -1       102-2.74971E-05 1.92779E-20-6.75335E-05
 -1       103-9.64263E-06 2.10624E-20-1.02887E-04
 -1       104 2.18179E-05 5.50000E-20-1.31805E-04
 -1       105 7.84798E-05 1.29928E-19-1.69911E-04
 -1       122-5.28315E-05 1.67088E-05-5.66544E-05
 -1       123-3.46438E-05 3.18167E-05-7.44158E-05
 -1       124-1.55363E-05 4.77399E-05-1.13864E-04
 -1       125 1.80678E-05 5.79541E-05-1.45649E-04
 -1       126 7.58765E-05 6.41798E-05-1.84688E-04
 -1       143-1.30962E-05-7.36507E-06-8.15751E-05
 -1       144-5.20221E-06-2.89492E-05-1.59466E-04
 -1       145 1.98976E-05-4.32380E-05-2.34016E-04
 -1       146 5.22125E-05-5.45535E-05-3.10352E-04
 -1       147 1.01422E-04-6.09652E-05-3.67403E-04
 -1       164-3.75932E-06 1.50776E-20-7.89332E-05
 -1       165 2.01278E-06 6.02741E-20-1.58571E-04
 -1       166 2.61312E-05 1.52341E-19-2.34582E-04
 -1       167 5.73113E-05 2.53123E-19-3.09553E-04
 -1       168 1.05733E-04 4.10810E-19-3.65800E-04
 -1       185-1.30962E-05 7.36507E-06-8.15751E-05
 -1       186-5.20221E-06 2.89492E-05-1.59466E-04
 -1       187 1.98976E-05 4.32380E-05-2.34016E-04
 -1       188 5.22125E-05 5.45535E-05-3.10352E-04
 -1       189 1.01422E-04 6.09652E-05-3.67403E-04
 -1       206 1.07443E-04-3.49021E-05-1.21644E-04
 -1       207 1.22011E-04-3.13760E-05-2.43206E-04
 -1       208 8.62437E-05-4.33174E-05-3.32646E-04
 -1       209 8.75436E-05-6.01256E-05-4.83295E-04
 -1       210 1.38542E-04-7.70518E-05-5.89195E-04
 -1       227 1.02606E-04 1.35266E-19-1.07614E-04
 -1       228 1.23728E-04 1.98838E-19-2.38534E-04
 -1       229 9.37449E-05 3.21740E-19-3.33547E-04
 -1       230 9.79077E-05 5.27319E-19-4.77958E-04
 -1       231 1.49152E-04 7.98938E-19-5.76336E-04
 -1       248 1.07443E-04 3.49021E-05-1.21644E-04
 -1       249 1.22011E-04 3.13760E-05-2.43206E-04
 -1       250 8.62437E-05 4.33174E-05-3.32646E-04
 -1       251 8.75436E-05 6.01256E-05-4.83295E-04
 -1       252 1.38542E-04 7.70518E-05-5.89195E-04
 -1       253 0.00000E+00 0.00000E+00 0.00000E+00
 -1       254-2.94418E-04-8.31718E-05-2.77008E-04
 -1       255-4.90498E-04-4.37969E-05-7.80831E-04
 -1       256-5.76014E-04-1.13510E-05-1.45039E-03
 -1       257-5.68481E-04 1.40936E-05-2.15133E-03
 -1       258-4.83680E-04 3.43680E-05-2.80672E-03
 -1       259-3.40351E-04 4.93070E-05-3.34678E-03
 -1       260-1.56115E-04 5.88830E-05-3.72231E-03
 -1       261 5.11153E-05 6.31026E-05-3.90122E-03
 -1       262 2.63489E-04 6.19661E-05-3.86948E-03
 -1       263 4.63147E-04 5.54788E-05-3.63086E-03
 -1       264 6.32199E-04 4.36247E-05-3.20709E-03
 -1       265 7.52929E-04 2.63098E-05-2.63723E-03
 -1       266 8.06952E-04 4.02831E-06-1.98020E-03
 -1       267 7.77182E-04-2.19757E-05-1.30890E-03
 -1       268 6.50563E-04-6.58265E-05-7.21131E-04
 -1       269 4.00854E-04-8.40598E-05-2.43356E-04
 -1       270 2.77099E-04-3.58903E-05-2.30875E-04
 -1       271 1.74696E-04-3.07861E-05-3.71355E-04
 -1       272 1.40722E-04-6.74789E-05-6.55996E-04
 -1       273 1.97940E-04-1.30047E-04-8.77279E-04
 -1       274 0.00000E+00 0.00000E+00 0.00000E+00
 -1       275-2.87642E-04-2.12960E-20-3.13589E-04
 -1       276-5.02368E-04-7.92237E-20-8.04773E-04
 -1       277-5.84766E-04-8.99826E-20-1.45748E-03
 -1       278-5.75298E-04-6.39358E-20-2.14566E-03
 -1       279-4.88964E-04-1.69968E-20-2.79092E-03
 -1       280-3.44026E-04 4.37053E-20-3.32352E-03
 -1       281-1.58182E-04-1.27767E-20-3.69426E-03
 -1       282 5.06534E-05-1.19893E-19-3.87106E-03
 -1       283 2.64631E-04-1.16276E-19-3.83989E-03
 -1       284 4.65896E-04-3.92498E-19-3.60451E-03
 -1       285 6.36578E-04-3.21644E-19-3.18667E-03
 -1       286 7.58860E-04-2.80416E-19-2.62548E-03
 -1       287 8.14093E-04-2.02763E-19-1.97940E-03
 -1       288 7.88200E-04 3.66618E-20-1.32158E-03
 -1       289 6.61688E-04 1.09252E-19-7.55508E-04
 -1       290 3.88782E-04 1.89275E-19-2.62610E-04
 -1       291 2.67233E-04 4.08501E-19-2.40691E-04
 -1       292 1.83926E-04 4.92039E-19-3.80543E-04
 -1       293 1.60879E-04 8.27689E-19-6.57342E-04
 -1       294 2.25974E-04 1.15557E-18-8.78821E-04
 -1       295 0.00000E+00 0.00000E+00 0.00000E+00
 -1       296-2.94418E-04 8.31718E-05-2.77008E-04
 -1       297-4.90498E-04 4.37969E-05-7.80831E-04
 -1       298-5.76014E-04 1.13510E-05-1.45039E-03
 -1       299-5.68481E-04-1.40936E-05-2.15133E-03
 -1       300-4.83680E-04-3.43680E-05-2.80672E-03
 -1       301-3.40351E-04-4.93070E-05-3.34678E-03
 -1       302-1.56115E-04-5.88830E-05-3.72231E-03
 -1       303 5.11153E-05-6.31026E-05-3.90122E-03
 -1       304 2.63489E-04-6.19661E-05-3.86948E-03
 -1       305 4.63147E-04-5.54788E-05-3.63086E-03
 -1       306 6.32199E-04-4.36247E-05-3.20709E-03
 -1       307 7.52929E-04-2.63098E-05-2.63723E-03
 -1       308 8.06952E-04-4.02831E-06-1.98020E-03
 -1       309 7.77182E-04 2.19757E-05-1.30890E-03
 -1       310 6.50563E-04 6.58265E-05-7.21131E-04
 -1       311 4.00854E-04 8.40598E-05-2.43356E-04
 -1       312 2.77099E-04 3.58903E-05-2.30875E-04
 -1       313 1.74696E-04 3.07861E-05-3.71355E-04
 -1       314 1.40722E-04 6.74789E-05-6.55996E-04
 -1       315 1.97940E-04 1.30047E-04-8.77279E-04
 -1       316 0.00000E+00 0.00000E+00 0.00000E+00
 -1       317 1.20829E-05 2.91082E-06-2.22369E-04
 -1       318 2.89270E-05 2.34652E-06-7.72902E-04
 -1       319 4.43003E-05 2.27930E-06-1.44829E-03
 -1       320 5.96386E-05 2.31593E-06-2.16460E-03
 -1       321 7.50347E-05 2.30979E-06-2.82948E-03
 -1       322 9.04442E-05 2.30881E-06-3.37718E-03
 -1       323 1.05866E-04 2.30857E-06-3.75743E-03
 -1       324 1.21298E-04 2.30817E-06-3.93846E-03
 -1       325 1.36735E-04 2.30816E-06-3.90615E-03
 -1       326 1.52165E-04 2.31074E-06-3.66431E-03
 -1       327 1.67559E-04 2.30722E-06-3.23452E-03
 -1       328 1.83002E-04 2.27691E-06-2.65654E-03
 -1       329 1.98848E-04 2.46026E-06-1.98675E-03
 -1       330 2.12949E-04 2.18703E-06-1.30374E-03
 -1       331 2.18761E-04 1.10342E-06-6.89732E-04
 -1       332 2.84228E-04-5.83850E-06-2.99391E-04
 -1       333 3.37581E-04 1.07149E-05-2.17521E-04
 -1       334 3.73060E-04 1.05385E-05-3.34398E-04
 -1       335 2.77345E-04-2.50183E-05-7.68408E-04
 -1       336 3.23767E-04-1.28685E-04-1.37036E-03
 -1       337 0.00000E+00 0.00000E+00 0.00000E+00
 -1       338 1.14991E-05 7.10610E-21-2.57996E-04
 -1       339 2.90915E-05 4.22198E-20-7.95363E-04
 -1       340 4.42815E-05 1.18156E-19-1.45597E-03
 -1       341 5.96322E-05 1.41378E-19-2.15916E-03
 -1       342 7.50397E-05 2.25773E-19-2.81392E-03
 -1       343 9.04464E-05 1.59801E-19-3.35416E-03
 -1       344 1.05867E-04 2.71727E-19-3.72962E-03
 -1       345 1.21299E-04 2.16954E-19-3.90854E-03
 -1       346 1.36733E-04 1.53727E-19-3.87679E-03
 -1       347 1.52163E-04 1.15514E-19-3.63821E-03
 -1       348 1.67580E-04 6.41949E-20-3.21434E-03
 -1       349 1.82939E-04 3.81292E-20-2.64496E-03
 -1       350 1.98620E-04 6.09349E-20-1.98649E-03
 -1       351 2.14038E-04 2.51793E-19-1.31753E-03
 -1       352 2.20142E-04 2.98963E-19-7.18315E-04
 -1       353 2.79670E-04 4.58071E-19-3.36120E-04
 -1       354 3.30547E-04 6.51060E-19-2.49099E-04
 -1       355 3.76328E-04 6.98000E-19-3.66456E-04
 -1       356 3.67517E-04 9.77758E-19-7.86491E-04
 -1       357 4.28093E-04 1.42785E-18-1.35186E-03
 -1       358 0.00000E+00 0.00000E+00 0.00000E+00
 -1       359 1.20829E-05-2.91082E-06-2.22369E-04
 -1       360 2.89270E-05-2.34652E-06-7.72902E-04
 -1       361 4.43003E-05-2.27930E-06-1.44829E-03
 -1       362 5.96386E-05-2.31593E-06-2.16460E-03
 -1       363 7.50347E-05-2.30979E-06-2.82948E-03
 -1       364 9.04442E-05-2.30881E-06-3.37718E-03
 -1       365 1.05866E-04-2.30857E-06-3.75743E-03
 -1       366 1.21298E-04-2.30817E-06-3.93846E-03
 -1       367 1.36735E-04-2.30816E-06-3.90615E-03
 -1       368 1.52165E-04-2.31074E-06-3.66431E-03
 -1       369 1.67559E-04-2.30722E-06-3.23452E-03
 -1       370 1.83002E-04-2.27691E-06-2.65654E-03
 -1       371 1.98848E-04-2.46026E-06-1.98675E-03
 -1       372 2.12949E-04-2.18703E-06-1.30374E-03
 -1       373 2.18761E-04-1.10342E-06-6.89732E-04
 -1       374 2.84228E-04 5.83850E-06-2.99391E-04
 -1       375 3.37581E-04-1.07149E-05-2.17521E-04
 -1       376 3.73060E-04-1.05385E-05-3.34398E-04
 -1       377 2.77345E-04 2.50183E-05-7.68408E-04
 -1       378 3.23767E-04 1.28685E-04-1.37036E-03
 -1       379 0.00000E+00 0.00000E+00 0.00000E+00
 -1       380 3.23810E-04 8.89793E-05-2.99054E-04
 -1       381 5.47773E-04 4.79504E-05-8.01400E-04
 -1       382 6.64530E-04 1.59942E-05-1.47050E-03
 -1       383 6.87776E-04-9.45428E-06-2.17149E-03
 -1       384 6.33756E-04-2.97507E-05-2.82688E-03
 -1       385 5.21244E-04-4.46891E-05-3.36692E-03
 -1       386 3.67850E-04-5.42651E-05-3.74243E-03
 -1       387 1.91482E-04-5.84856E-05-3.92132E-03
 -1       388 9.97663E-06-5.73493E-05-3.88959E-03
 -1       389-1.58825E-04-5.08511E-05-3.65097E-03
 -1       390-2.97042E-04-3.90050E-05-3.22722E-03
 -1       391-3.86916E-04-2.19012E-05-2.65760E-03
 -1       392-4.10308E-04 8.52257E-07-2.00025E-03
 -1       393-3.50905E-04 3.09231E-05-1.32421E-03
 -1       394-1.79305E-04 5.65000E-05-7.47271E-04
 -1       395 6.31773E-05 7.35353E-05-3.81929E-04
 -1       396 3.42204E-04 7.85568E-05-2.63507E-04
 -1       397 6.19783E-04 1.08404E-04-3.95862E-04
 -1       398 9.07154E-04 5.23400E-05-6.60284E-04
 -1       399 1.28951E-03-3.57388E-04-2.76648E-03
 -1       400 0.00000E+00 0.00000E+00 0.00000E+00
 -1       401 3.15924E-04 5.03392E-20-3.35613E-04
 -1       402 5.59955E-04 9.34038E-20-8.25236E-04
 -1       403 6.73189E-04 1.51655E-19-1.47756E-03
 -1       404 6.94599E-04 2.44983E-19-2.16584E-03
 -1       405 6.39048E-04 2.65146E-19-2.81108E-03
 -1       406 5.24923E-04 3.21222E-19-3.34366E-03
 -1       407 3.69921E-04 2.23825E-19-3.71438E-03
 -1       408 1.91945E-04 3.44942E-19-3.89116E-03
 -1       409 8.83040E-06 4.17881E-19-3.86000E-03
 -1       410-1.61579E-04 4.84378E-19-3.62463E-03
 -1       411-3.01383E-04 4.57129E-19-3.20680E-03
 -1       412-3.92894E-04 4.14118E-19-2.64571E-03
 -1       413-4.18298E-04 6.20106E-19-1.99995E-03
 -1       414-3.59287E-04 5.57216E-19-1.33854E-03
 -1       415-1.84999E-04 6.99030E-19-7.74525E-04
 -1       416 5.91572E-05 9.89072E-19-4.18783E-04
 -1       417 3.34372E-04 9.47364E-19-3.00777E-04
 -1       418 6.26428E-04 1.12773E-18-4.42997E-04
 -1       419 9.87227E-04 7.35233E-19-7.75766E-04
 -1       420 1.28038E-03-2.43660E-19-1.87825E-03
 -1       421 0.00000E+00 0.00000E+00 0.00000E+00
 -1       422 3.23810E-04-8.89793E-05-2.99054E-04
 -1       423 5.47773E-04-4.79504E-05-8.01400E-04
 -1       424 6.64530E-04-1.59942E-05-1.47050E-03
 -1       425 6.87776E-04 9.45428E-06-2.17149E-03
 -1       426 6.33756E-04 2.97507E-05-2.82688E-03
 -1       427 5.21244E-04 4.46891E-05-3.36692E-03
 -1       428 3.67850E-04 5.42651E-05-3.74243E-03
 -1       429 1.91482E-04 5.84856E-05-3.92132E-03
 -1       430 9.97663E-06 5.73493E-05-3.88959E-03
 -1       431-1.58825E-04 5.08511E-05-3.65097E-03
 -1       432-2.97042E-04 3.90050E-05-3.22722E-03
 -1       433-3.86916E-04 2.19012E-05-2.65760E-03
 -1       434-4.10308E-04-8.52257E-07-2.00025E-03
 -1       435-3.50905E-04-3.09231E-05-1.32421E-03
 -1       436-1.79305E-04-5.65000E-05-7.47271E-04
 -1       437 6.31773E-05-7.35353E-05-3.81929E-04
 -1       438 3.42204E-04-7.85568E-05-2.63507E-04
 -1       439 6.19783E-04-1.08404E-04-3.95862E-04
 -1       440 9.07154E-04-5.23400E-05-6.60284E-04
 -1       441 1.28951E-03 3.57388E-04-2.76648E-03
 -3
    1PSTEP                         5           2           1          
  100CL  102 5.00000E-01         249                     0    2           1
 -4  STRESS      6    1
 -5  SXX         1    4    1    1
 -5  SYY         1    4    2    2
 -5  SZZ         1    4    3    3
 -5  SXY         1    4    1    2
 -5  SYZ         1    4    2    3
 -5  SZX         1    4    3    1
 -1        17-1.23051E+00-1.13429E+00-2.70756E+00 6.02542E-02-3.08342E-02-8.38199E-01
 -1        18-1.63258E+00-1.51380E+00-3.61639E+00 6.05174E-02-1.97697E-01-7.74531E-01
 -1        19-2.30964E+00-2.25620E+00-5.50529E+00 5.09873E-02-3.10884E-01-4.67797E-01
 -1        20-2.99710E+00-2.87496E+00-6.96172E+00 3.52104E-02-3.68156E-01 1.13266E-01
 -1        21-3.35990E+00-3.51028E+00-8.75242E+00 2.97644E-02-4.27831E-01 4.51751E-01
 -1        38-1.19313E+00-1.16947E+00-2.54776E+00 2.08167E-17-1.38778E-17-7.19710E-01
 -1        39-1.53615E+00-1.51113E+00-3.29762E+00-4.85723E-17 9.71445E-17-6.59094E-01
 -1        40-2.14564E+00-2.22816E+00-4.98667E+00 3.71231E-16-9.29812E-16-3.72602E-01
 -1        41-2.79186E+00-2.84331E+00-6.30930E+00-2.21177E-16-6.93889E-16 1.73840E-01
 -1        42-3.14448E+00-3.48505E+00-8.05967E+00-1.90820E-17 9.43690E-16 4.93806E-01
 -1        59-1.23051E+00-1.13429E+00-2.70756E+00-6.02542E-02 3.08342E-02-8.38199E-01
 -1        60-1.63258E+00-1.51380E+00-3.61639E+00-6.05174E-02 1.97697E-01-7.74531E-01
 -1        61-2.30964E+00-2.25620E+00-5.50529E+00-5.09873E-02 3.10884E-01-4.67797E-01
 -1        62-2.99710E+00-2.87496E+00-6.96172E+00-3.52104E-02 3.68156E-01 1.13266E-01
 -1        63-3.35990E+00-3.51028E+00-8.75242E+00-2.97644E-02 4.27831E-01 4.51751E-01
 -1        80-2.90417E-02 1.07950E-01-1.95801E+00-2.60036E-02 3.91020E-02-5.52180E-01
 -1        81-2.56074E-01 1.66417E-01-3.63538E+00-3.73069E-02-6.67933E-02-5.62691E-01
 -1        82-4.06007E-01 2.90740E-01-5.27680E+00-3.92280E-02-8.58750E-02-4.31342E-01
 -1        83-2.30042E-02 3.45870E-01-6.91514E+00-1.87524E-02-1.06850E-01-1.04668E-01
 -1        84 3.20031E-01 3.61249E-01-8.09525E+00-1.42174E-02-1.31121E-01 7.41056E-02
 -1       101-1.04086E-02 1.29096E-01-1.89061E+00 0.00000E+00 1.59595E-16-4.26807E-01
 -1       102-2.83237E-01 1.66216E-01-3.62479E+00-3.68629E-16 2.86229E-16-4.46364E-01
 -1       103-4.98050E-01 2.68010E-01-5.32311E+00-1.01666E-15 3.36536E-16-3.24779E-01
 -1       104-9.87311E-02 3.33450E-01-6.92481E+00 1.00072E-16-2.73739E-15-3.27989E-02
 -1       105 2.76368E-01 3.56985E-01-8.07598E+00 6.72205E-17 3.55965E-15 1.24016E-01
 -1       122-2.90417E-02 1.07950E-01-1.95801E+00 2.60036E-02-3.91020E-02-5.52180E-01
 -1       123-2.56074E-01 1.66417E-01-3.63538E+00 3.73069E-02 6.67933E-02-5.62691E-01
 -1       124-4.06007E-01 2.90740E-01-5.27680E+00 3.92280E-02 8.58750E-02-4.31342E-01
 -1       125-2.30042E-02 3.45870E-01-6.91514E+00 1.87524E-02 1.06850E-01-1.04668E-01
 -1       126 3.20031E-01 3.61249E-01-8.09525E+00 1.42174E-02 1.31121E-01 7.41056E-02
 -1       143-5.37448E-01-2.50910E-01-1.40603E+00-8.30045E-02-2.33912E-02 9.61480E-02
 -1       144-2.61718E-01 4.23645E-02-3.64458E+00-6.04786E-02 7.47234E-02 3.50588E-03
 -1       145-3.04634E-01 2.49632E-01-4.79077E+00-3.14820E-03 6.96367E-02-3.64484E-01
 -1       146-3.40617E-01-6.16301E-03-7.18614E+00 2.47033E-02 7.97626E-02-5.77363E-01
 -1       147-3.17284E-01-1.17570E-01-8.51216E+00 4.37153E-02 3.71394E-02-5.01441E-01
 -1       164-5.59710E-01-2.39751E-01-1.19432E+00-1.42247E-16 1.60202E-15-3.03671E-02
 -1       165-3.74453E-01-1.78676E-02-3.74288E+00-5.03070E-17 1.21431E-16-6.62500E-02
 -1       166-4.64935E-01 1.81417E-01-5.10873E+00 1.46367E-17 1.24250E-16-3.52280E-01
 -1       167-4.52794E-01-2.69956E-02-7.40465E+00 2.55655E-16-2.68448E-15-5.06434E-01
 -1       168-3.51557E-01-8.17466E-02-8.55199E+00 1.83013E-16 3.10570E-15-4.23794E-01
 -1       185-5.37448E-01-2.50910E-01-1.40603E+00 8.30045E-02 2.33912E-02 9.61480E-02
 -1       186-2.61718E-01 4.23645E-02-3.64458E+00 6.04786E-02-7.47234E-02 3.50588E-03
 -1       187-3.04634E-01 2.49632E-01-4.79077E+00 3.14820E-03-6.96367E-02-3.64484E-01
 -1       188-3.40617E-01-6.16301E-03-7.18614E+00-2.47033E-02-7.97626E-02-5.77363E-01
 -1       189-3.17284E-01-1.17570E-01-8.51216E+00-4.37153E-02-3.71394E-02-5.01441E-01
 -1       206-1.98507E-01 1.50569E-01-4.03989E+00-6.24944E-02-3.50987E-01 1.62757E+00
 -1       207-1.28731E+00 2.81470E-01-2.13284E+00-2.41568E-02 8.27506E-03 9.23006E-01
 -1       208-1.94970E+00 2.20124E-01-3.43731E+00-9.53712E-03 3.51142E-02-7.59707E-01
 -1       209-1.06800E+00-5.24233E-02-7.55002E+00 7.31752E-02 8.50999E-03-1.48326E+00
 -1       210-6.67070E-01-2.13608E-01-1.08482E+01 9.03134E-02-2.59051E-01-1.27873E+00
 -1       227-4.28939E-02 1.61693E-01-4.44961E+00-1.26288E-15 2.22738E-15 1.30347E+00
 -1       228-1.05656E+00 3.28641E-01-2.27441E+00 6.66134E-16-9.54965E-16 6.64461E-01
 -1       229-1.82933E+00 1.74689E-01-3.59590E+00 2.09034E-16 1.67834E-15-7.30131E-01
 -1       230-1.01525E+00-6.20722E-02-7.58214E+00 3.72966E-16-4.78437E-15-1.25053E+00
 -1       231-6.97236E-01-2.59649E-01-1.09371E+01 4.64906E-16 5.68989E-15-9.65656E-01
 -1       248-1.98507E-01 1.50569E-01-4.03989E+00 6.24944E-02 3.50987E-01 1.62757E+00
 -1       249-1.28731E+00 2.81470E-01-2.13284E+00 2.41568E-02-8.27506E-03 9.23006E-01
 -1       250-1.94970E+00 2.20124E-01-3.43731E+00 9.53712E-03-3.51142E-02-7.59707E-01
 -1       251-1.06800E+00-5.24233E-02-7.55002E+00-7.31752E-02-8.50999E-03-1.48326E+00
 -1       252-6.67070E-01-2.13608E-01-1.08482E+01-9.03134E-02 2.59051E-01-1.27873E+00
 -1       253-1.41228E+01-5.24710E+00-3.47350E+00-9.94231E-01-3.43769E-01-1.58321E+00
 -1       254-1.04302E+01 7.21983E-01 1.25608E+00-2.09129E-01 3.65723E-01-1.64364E+00
 -1       255-5.87391E+00-7.95418E-02-4.35103E-01 2.86662E-01-2.24044E-02-1.79957E+00
 -1       256-1.70295E+00-5.22102E-02-9.72533E-02 2.07376E-01-1.87217E-02-1.51090E+00
 -1       257 1.89372E+00-7.92280E-02-2.01208E-01 1.65947E-01-1.65504E-02-1.21926E+00
 -1       258 4.74088E+00-6.75474E-02-1.70981E-01 1.28082E-01-1.65230E-02-9.36244E-01
 -1       259 6.82998E+00-7.07148E-02-1.79456E-01 8.91189E-02-1.66134E-02-6.51727E-01
 -1       260 8.17114E+00-6.99319E-02-1.77268E-01 5.01507E-02-1.65885E-02-3.66944E-01
 -1       261 8.76197E+00-7.01576E-02-1.78044E-01 1.12044E-02-1.65873E-02-8.20391E-02
 -1       262 8.60289E+00-6.99921E-02-1.77513E-01-2.77145E-02-1.65900E-02 2.02882E-01
 -1       263 7.69365E+00-7.05088E-02-1.78645E-01-6.65902E-02-1.65647E-02 4.87676E-01
 -1       264 6.03563E+00-6.87461E-02-1.74038E-01-1.06245E-01-1.66711E-02 7.72774E-01
 -1       265 3.62200E+00-7.29540E-02-1.92485E-01-1.45212E-01-1.71001E-02 1.05854E+00
 -1       266 4.56502E-01-6.30137E-02-1.31825E-01-1.68582E-01-1.11709E-02 1.33142E+00
 -1       267-3.27516E+00-1.20552E-01-2.67738E-01-2.52119E-01-3.80000E-02 1.58372E+00
 -1       268-8.28824E+00 3.34332E-01 4.55716E-01-2.39807E-01 3.46281E-02 2.12249E+00
 -1       269-7.53339E+00-1.52733E-01-4.14696E+00 1.53359E-01-2.87611E-02 1.77921E+00
 -1       270-5.31312E+00-2.74655E-01-2.82987E-01 2.01524E-01-7.50818E-04 7.75998E-01
 -1       271-3.52718E+00 4.16657E-02-8.08345E-01 8.07554E-02 5.29397E-02-1.25949E+00
 -1       272-1.67858E+00 4.31744E-01-6.58902E+00-1.83308E-01 1.88461E-01-2.95442E+00
 -1       273-1.06985E+00 6.30696E-02-1.70167E+01-1.22559E-01-3.59219E-01-3.06945E+00
 -1       274-1.37767E+01-5.16950E+00-3.34633E+00-2.77556E-16-1.94289E-16-2.17406E+00
 -1       275-1.07211E+01 6.51638E-01 1.18784E+00-1.23512E-15-7.07767E-16-1.95586E+00
 -1       276-6.24671E+00-1.61287E-01-5.09330E-01-1.66707E-15 1.52656E-15-1.36700E+00
 -1       277-1.58723E+00-3.52731E-02-8.22350E-02-1.02956E-15-9.78384E-16-1.13069E+00
 -1       278 1.98046E+00-5.61625E-02-1.78025E-01 4.22405E-16-1.32880E-15-9.24394E-01
 -1       279 4.81825E+00-4.85757E-02-1.52078E-01-7.12971E-16-4.89192E-16-7.08704E-01
 -1       280 6.90920E+00-5.12480E-02-1.60038E-01-5.19116E-16 3.81466E-15-4.93313E-01
 -1       281 8.25031E+00-5.04559E-02-1.57823E-01-3.45210E-16-4.49987E-15-2.77797E-01
 -1       282 8.84106E+00-5.06890E-02-1.58603E-01-7.35306E-16 2.04963E-15-6.21157E-02
 -1       283 8.68201E+00-5.05027E-02-1.58058E-01-1.01362E-15-1.04691E-15 1.53616E-01
 -1       284 7.77325E+00-5.11219E-02-1.59275E-01 1.35525E-16 1.39125E-14 3.69129E-01
 -1       285 6.11403E+00-4.95231E-02-1.54734E-01 3.08130E-16-1.08386E-14 5.84380E-01
 -1       286 3.69253E+00-5.20036E-02-1.71764E-01-2.18575E-16 7.77156E-15 8.03233E-01
 -1       287 5.77372E-01-3.78599E-02-1.10281E-01 6.67001E-16-5.91888E-15 1.01513E+00
 -1       288-3.21196E+00-1.51574E-01-3.05013E-01 7.73741E-16-2.48412E-15 1.13928E+00
 -1       289-8.70766E+00 4.11494E-01 5.96337E-01 8.29198E-16 1.24380E-15 1.91195E+00
 -1       290-8.23191E+00-3.73644E-01-5.37799E+00-1.01770E-16 9.34438E-16 2.00418E+00
 -1       291-5.03118E+00-1.78168E-01-9.30712E-01-7.58074E-16-1.19176E-15 7.86603E-01
 -1       292-3.11300E+00-1.05093E-01-1.38242E+00 1.26982E-15 1.46584E-15-1.22528E+00
 -1       293-1.52089E+00 1.65563E-01-7.11334E+00 1.07553E-15-5.45050E-15-2.24812E+00
 -1       294-5.88272E-01 2.47344E-01-1.66986E+01 4.16334E-16 9.37445E-15-2.31590E+00
 -1       295-1.41228E+01-5.24710E+00-3.47350E+00 9.94231E-01 3.43769E-01-1.58321E+00
 -1       296-1.04302E+01 7.21983E-01 1.25608E+00 2.09129E-01-3.65723E-01-1.64364E+00
 -1       297-5.87391E+00-7.95418E-02-4.35103E-01-2.86662E-01 2.24044E-02-1.79957E+00
 -1       298-1.70295E+00-5.22102E-02-9.72533E-02-2.07376E-01 1.87217E-02-1.51090E+00
 -1       299 1.89372E+00-7.92280E-02-2.01208E-01-1.65947E-01 1.65504E-02-1.21926E+00
 -1       300 4.74088E+00-6.75474E-02-1.70981E-01-1.28082E-01 1.65230E-02-9.36244E-01
 -1       301 6.82998E+00-7.07148E-02-1.79456E-01-8.91189E-02 1.66134E-02-6.51727E-01
 -1       302 8.17114E+00-6.99319E-02-1.77268E-01-5.01507E-02 1.65885E-02-3.66944E-01
 -1       303 8.76197E+00-7.01576E-02-1.78044E-01-1.12044E-02 1.65873E-02-8.20391E-02
 -1       304 8.60289E+00-6.99921E-02-1.77513E-01 2.77145E-02 1.65900E-02 2.02882E-01
 -1       305 7.69365E+00-7.05088E-02-1.78645E-01 6.65902E-02 1.65647E-02 4.87676E-01
 -1       306 6.03563E+00-6.87461E-02-1.74038E-01 1.06245E-01 1.66711E-02 7.72774E-01
 -1       307 3.62200E+00-7.29540E-02-1.92485E-01 1.45212E-01 1.71001E-02 1.05854E+00
 -1       308 4.56502E-01-6.30137E-02-1.31825E-01 1.68582E-01 1.11709E-02 1.33142E+00
 -1       309-3.27516E+00-1.20552E-01-2.67738E-01 2.52119E-01 3.80000E-02 1.58372E+00
 -1       310-8.28824E+00 3.34332E-01 4.55716E-01 2.39807E-01-3.46281E-02 2.12249E+00
 -1       311-7.53339E+00-1.52733E-01-4.14696E+00-1.53359E-01 2.87611E-02 1.77921E+00
 -1       312-5.31312E+00-2.74655E-01-2.82987E-01-2.01524E-01 7.50818E-04 7.75998E-01
 -1       313-3.52718E+00 4.16657E-02-8.08345E-01-8.07554E-02-5.29397E-02-1.25949E+00
 -1       314-1.67858E+00 4.31744E-01-6.58902E+00 1.83308E-01-1.88461E-01-2.95442E+00
 -1       315-1.06985E+00 6.30696E-02-1.70167E+01 1.22559E-01 3.59219E-01-3.06945E+00
 -1       316 5.25481E-01 2.27585E-01 2.49864E-01 1.88971E-02-3.51416E-01-1.65910E+00
 -1       317 5.74163E-01-3.98520E-02-3.02569E-01 5.85594E-03 3.67986E-01-1.67198E+00
 -1       318 5.94210E-01 3.90576E-03-2.61721E-01-3.68093E-03-1.49106E-02-1.78192E+00
 -1       319 5.72126E-01 1.44042E-03-2.46342E-01-6.40764E-05-2.72603E-02-1.50491E+00
 -1       320 5.72337E-01-2.58551E-04-2.49468E-01-9.33747E-07-1.50886E-02-1.22086E+00
 -1       321 5.73146E-01-5.00752E-05-2.49919E-01-4.17697E-06-1.65470E-02-9.35659E-01
 -1       322 5.73176E-01 5.86167E-06-2.49920E-01 2.81189E-06-1.66193E-02-6.51137E-01
 -1       323 5.73131E-01-1.42245E-05-2.50031E-01-2.33070E-06-1.65778E-02-3.66532E-01
 -1       324 5.73157E-01-1.09486E-05-2.50092E-01-4.57183E-06-1.65806E-02-8.19244E-02
 -1       325 5.73144E-01-2.35790E-05-2.50106E-01-5.71298E-06-1.65802E-02 2.02681E-01
 -1       326 5.72678E-01-1.09417E-04-2.49897E-01 8.15667E-05-1.65868E-02 4.87288E-01
 -1       327 5.73749E-01 4.78534E-04-2.49152E-01 3.88202E-05-1.65987E-02 7.71879E-01
 -1       328 5.81491E-01 8.41393E-04-2.54059E-01-1.21776E-03-1.62830E-02 1.05653E+00
 -1       329 5.55154E-01-1.19245E-02-2.59841E-01-1.49292E-03-1.74653E-02 1.34160E+00
 -1       330 3.88375E-01 3.86411E-03-1.17370E-01 2.09246E-02-2.54572E-02 1.62282E+00
 -1       331 1.15411E+00 1.45767E-01-3.82375E-01-4.38232E-02 7.58352E-02 1.83862E+00
 -1       332 2.16227E+00 4.56514E-02-2.46936E+00-4.08109E-02 1.69026E-01 9.55451E-01
 -1       333 1.74038E+00 3.00631E-02 9.54036E-02-4.20888E-02-5.86280E-02 4.35750E-02
 -1       334-1.40212E+00-8.23439E-01-2.23088E-01 1.00653E-01 3.93180E-02-4.37570E-01
 -1       335-2.68673E+00 1.55007E+00 1.24395E+00 8.69456E-01 1.22561E+00-3.10356E+00
 -1       336-8.87692E+00-8.57925E+00-4.31387E+01 1.49122E+00 2.32131E-01-4.68408E+00
 -1       337 4.98394E-01 2.27121E-01 2.41638E-01-8.32667E-17 8.32667E-17-2.23462E+00
 -1       338 5.78043E-01-4.00004E-02-3.00951E-01-2.27249E-16 3.22659E-16-1.97182E+00
 -1       339 6.08336E-01 4.72056E-03-2.55091E-01 3.29597E-16-1.01655E-15-1.36193E+00
 -1       340 5.68419E-01 1.32126E-03-2.46749E-01 1.30104E-16 3.13465E-15-1.13895E+00
 -1       341 5.72577E-01-6.62930E-04-2.50030E-01-4.16334E-16-6.47746E-15-9.23012E-01
 -1       342 5.73398E-01 6.61892E-05-2.49865E-01-3.33067E-16 3.80945E-15-7.08230E-01
 -1       343 5.73100E-01 2.63127E-06-2.49969E-01-3.10516E-16-4.64993E-15-4.92765E-01
 -1       344 5.73087E-01-1.89780E-05-2.50067E-01-1.26201E-16 5.65997E-15-2.77381E-01
 -1       345 5.73070E-01-1.05678E-05-2.50118E-01 4.43330E-16 2.76393E-15-6.19994E-02
 -1       346 5.73108E-01 6.47882E-06-2.50111E-01 8.37004E-17-2.28767E-15 1.53384E-01
 -1       347 5.73116E-01-1.73484E-04-2.49978E-01-3.90313E-16-3.27516E-15 3.68766E-01
 -1       348 5.72119E-01-1.58316E-04-2.49706E-01-1.61329E-16 7.92595E-15 5.84163E-01
 -1       349 5.78341E-01 4.40056E-03-2.50769E-01-1.27329E-15-6.10623E-16 7.99503E-01
 -1       350 5.78559E-01-1.14837E-02-2.62987E-01-3.86843E-16-5.03070E-16 1.01441E+00
 -1       351 3.97215E-01-3.54972E-02-1.61274E-01 5.34295E-16 1.77462E-15 1.23311E+00
 -1       352 1.12622E+00 2.69727E-01-2.04038E-01-7.49401E-16-4.30211E-16 1.51754E+00
 -1       353 1.83509E+00 1.96820E-02-2.94487E+00 8.08598E-16 9.54098E-18 9.96292E-01
 -1       354 1.71056E+00-1.74244E-02-5.04339E-01-3.88578E-16 6.00214E-16 9.77230E-02
 -1       355 7.62873E-01-3.92806E-01-2.41258E-01-2.15106E-16 3.13638E-15-3.49515E-01
 -1       356-2.28786E+00-1.11700E+00-1.83177E+00 3.85803E-15-9.71445E-15-2.21157E+00
 -1       357 8.28582E-01-1.83088E+00-1.95284E+01 1.06720E-14 1.87628E-14-4.39412E+00
 -1       358 5.25481E-01 2.27585E-01 2.49864E-01-1.88971E-02 3.51416E-01-1.65910E+00
 -1       359 5.74163E-01-3.98520E-02-3.02569E-01-5.85594E-03-3.67986E-01-1.67198E+00
 -1       360 5.94210E-01 3.90576E-03-2.61721E-01 3.68093E-03 1.49106E-02-1.78192E+00
 -1       361 5.72126E-01 1.44042E-03-2.46342E-01 6.40764E-05 2.72603E-02-1.50491E+00
 -1       362 5.72337E-01-2.58551E-04-2.49468E-01 9.33747E-07 1.50886E-02-1.22086E+00
 -1       363 5.73146E-01-5.00752E-05-2.49919E-01 4.17697E-06 1.65470E-02-9.35659E-01
 -1       364 5.73176E-01 5.86167E-06-2.49920E-01-2.81189E-06 1.66193E-02-6.51137E-01
 -1       365 5.73131E-01-1.42245E-05-2.50031E-01 2.33070E-06 1.65778E-02-3.66532E-01
 -1       366 5.73157E-01-1.09486E-05-2.50092E-01 4.57183E-06 1.65806E-02-8.19244E-02
 -1       367 5.73144E-01-2.35790E-05-2.50106E-01 5.71298E-06 1.65802E-02 2.02681E-01
 -1       368 5.72678E-01-1.09417E-04-2.49897E-01-8.15667E-05 1.65868E-02 4.87288E-01
 -1       369 5.73749E-01 4.78534E-04-2.49152E-01-3.88202E-05 1.65987E-02 7.71879E-01
 -1       370 5.81491E-01 8.41393E-04-2.54059E-01 1.21776E-03 1.62830E-02 1.05653E+00
 -1       371 5.55154E-01-1.19245E-02-2.59841E-01 1.49292E-03 1.74653E-02 1.34160E+00
 -1       372 3.88375E-01 3.86411E-03-1.17370E-01-2.09246E-02 2.54572E-02 1.62282E+00
 -1       373 1.15411E+00 1.45767E-01-3.82375E-01 4.38232E-02-7.58352E-02 1.83862E+00
 -1       374 2.16227E+00 4.56514E-02-2.46936E+00 4.08109E-02-1.69026E-01 9.55451E-01
 -1       375 1.74038E+00 3.00631E-02 9.54036E-02 4.20888E-02 5.86280E-02 4.35750E-02
 -1       376-1.40212E+00-8.23439E-01-2.23088E-01-1.00653E-01-3.93180E-02-4.37570E-01
 -1       377-2.68673E+00 1.55007E+00 1.24395E+00-8.69456E-01-1.22561E+00-3.10356E+00
 -1       378-8.87692E+00-8.57925E+00-4.31387E+01-1.49122E+00-2.32131E-01-4.68408E+00
 -1       379 1.54172E+01 5.77386E+00 3.97138E+00 1.03222E+00-3.43840E-01-1.71983E+00
 -1       380 1.15673E+01-8.05766E-01-1.86366E+00 2.17572E-01 3.66554E-01-1.68881E+00
 -1       381 6.95109E+00 7.87001E-02-8.08581E-02-2.93584E-01-2.77884E-02-1.77676E+00
 -1       382 2.85794E+00 5.33781E-02-3.99906E-01-2.03991E-01-1.62239E-02-1.51223E+00
 -1       383-7.47066E-01 7.89939E-02-2.97665E-01-1.66350E-01-1.68888E-02-1.21946E+00
 -1       384-3.59451E+00 6.75433E-02-3.28686E-01-1.28155E-01-1.64801E-02-9.35247E-01
 -1       385-5.68294E+00 7.07517E-02-3.20413E-01-8.90644E-02-1.65758E-02-6.50580E-01
 -1       386-7.02378E+00 6.99660E-02-3.22797E-01-5.01336E-02-1.65738E-02-3.66112E-01
 -1       387-7.61444E+00 7.02057E-02-3.22136E-01-1.12119E-02-1.65744E-02-8.18093E-02
 -1       388-7.45544E+00 7.00271E-02-3.22650E-01 2.77435E-02-1.65721E-02 2.02479E-01
 -1       389-6.54637E+00 7.03959E-02-3.21167E-01 6.67424E-02-1.66018E-02 4.86903E-01
 -1       390-4.88786E+00 6.90176E-02-3.25669E-01 1.05020E-01-1.64909E-02 7.71028E-01
 -1       391-2.48039E+00 7.54467E-02-3.11745E-01 1.43663E-01-1.59064E-02 1.05415E+00
 -1       392 6.73509E-01 5.42352E-02-3.62871E-01 1.97377E-01-2.33926E-02 1.35134E+00
 -1       393 4.72980E+00 9.62387E-02-1.11138E-01 2.08567E-01 7.48038E-03 1.68233E+00
 -1       394 8.43337E+00-1.41750E-01-1.00080E+00 1.67723E-01 8.57686E-03 1.48669E+00
 -1       395 1.05807E+01-4.32694E-01-1.61375E+00 4.51671E-02 1.26773E-01 4.82859E-01
 -1       396 1.15445E+01 2.00983E-01 1.84676E-01 1.14395E-01-8.43270E-02-1.53140E-02
 -1       397 1.20230E+01-1.24114E+00-1.37225E+00 2.94456E-01 4.00096E-01 8.76787E-01
 -1       398 1.38921E+01 5.91459E+00 7.56525E+00-1.72272E+00-1.99504E+00-5.74128E+00
 -1       399 5.67021E+00 1.98104E+00-5.95350E+01-4.39284E+00 8.14815E+00-1.24829E+01
 -1       400 1.50201E+01 5.69666E+00 3.82919E+00 2.49800E-16-1.11022E-16-2.31049E+00
 -1       401 1.18655E+01-7.35955E-01-1.79235E+00 5.34295E-16 3.24393E-16-1.99935E+00
 -1       402 7.34908E+00 1.60693E-01 5.25782E-03-9.92262E-16 6.24500E-17-1.34432E+00
 -1       403 2.73577E+00 3.66087E-02-4.15331E-01 1.32706E-16 9.02056E-16-1.13389E+00
 -1       404-8.31833E-01 5.57547E-02-3.21331E-01 1.01828E-15 4.44089E-15-9.24623E-01
 -1       405-3.67188E+00 4.85820E-02-3.47701E-01 1.24119E-15-3.31679E-15-7.07577E-01
 -1       406-5.76224E+00 5.13017E-02-3.39904E-01 9.03791E-16 4.92141E-15-4.92179E-01
 -1       407-7.10302E+00 5.04809E-02-3.42314E-01-4.55799E-16 5.17815E-16-2.76971E-01
 -1       408-7.69368E+00 5.07402E-02-3.41628E-01-1.23165E-16-8.35161E-16-6.18831E-02
 -1       409-7.53467E+00 5.05761E-02-3.42136E-01 1.29367E-15-4.18762E-15 1.53154E-01
 -1       410-6.62519E+00 5.08355E-02-3.40743E-01 3.94216E-16 8.07687E-15 3.68399E-01
 -1       411-4.96723E+00 4.94938E-02-3.45106E-01-4.77049E-16 5.04111E-15 5.83899E-01
 -1       412-2.56821E+00 5.69022E-02-3.30594E-01 6.02383E-16 2.79290E-15 7.96126E-01
 -1       413 6.10151E-01 3.45434E-02-3.86118E-01 8.10983E-16 3.23006E-15 1.01413E+00
 -1       414 4.77082E+00 8.56099E-02-1.24598E-01-1.40426E-15-2.21698E-15 1.30671E+00
 -1       415 8.58706E+00-6.10087E-02-8.74705E-01 7.32053E-16 1.41900E-15 1.19047E+00
 -1       416 1.05566E+01-3.69773E-01-1.60739E+00-2.38524E-15-1.81279E-15 4.10636E-01
 -1       417 1.17291E+01 2.41303E-01 1.30445E-02 5.65520E-16 3.13638E-15-1.11252E-01
 -1       418 1.40086E+01-8.55618E-01-1.29421E+00-1.27676E-15-1.80411E-16 2.99557E-01
 -1       419 9.14880E+00-1.15073E+00-7.08582E-02-1.14353E-14-1.88738E-14 1.65105E+00
 -1       420 1.80666E+01 1.24366E+01-1.61930E+01-2.85327E-14 2.30926E-14 1.89787E+00
 -1       421 1.54172E+01 5.77386E+00 3.97138E+00-1.03222E+00 3.43840E-01-1.71983E+00
 -1       422 1.15673E+01-8.05766E-01-1.86366E+00-2.17572E-01-3.66554E-01-1.68881E+00
 -1       423 6.95109E+00 7.87001E-02-8.08581E-02 2.93584E-01 2.77884E-02-1.77676E+00
 -1       424 2.85794E+00 5.33781E-02-3.99906E-01 2.03991E-01 1.62239E-02-1.51223E+00
 -1       425-7.47066E-01 7.89939E-02-2.97665E-01 1.66350E-01 1.68888E-02-1.21946E+00
 -1       426-3.59451E+00 6.75433E-02-3.28686E-01 1.28155E-01 1.64801E-02-9.35247E-01
 -1       427-5.68294E+00 7.07517E-02-3.20413E-01 8.90644E-02 1.65758E-02-6.50580E-01
 -1       428-7.02378E+00 6.99660E-02-3.22797E-01 5.01336E-02 1.65738E-02-3.66112E-01
 -1       429-7.61444E+00 7.02057E-02-3.22136E-01 1.12119E-02 1.65744E-02-8.18093E-02
 -1       430-7.45544E+00 7.00271E-02-3.22650E-01-2.77435E-02 1.65721E-02 2.02479E-01
 -1       431-6.54637E+00 7.03959E-02-3.21167E-01-6.67424E-02 1.66018E-02 4.86903E-01
 -1       432-4.88786E+00 6.90176E-02-3.25669E-01-1.05020E-01 1.64909E-02 7.71028E-01
 -1       433-2.48039E+00 7.54467E-02-3.11745E-01-1.43663E-01 1.59064E-02 1.05415E+00
 -1       434 6.73509E-01 5.42352E-02-3.62871E-01-1.97377E-01 2.33926E-02 1.35134E+00
 -1       435 4.72980E+00 9.62387E-02-1.11138E-01-2.08567E-01-7.48038E-03 1.68233E+00
 -1       436 8.43337E+00-1.41750E-01-1.00080E+00-1.67723E-01-8.57686E-03 1.48669E+00
 -1       437 1.05807E+01-4.32694E-01-1.61375E+00-4.51671E-02-1.26773E-01 4.82859E-01
 -1       438 1.15445E+01 2.00983E-01 1.84676E-01-1.14395E-01 8.43270E-02-1.53140E-02
 -1       439 1.20230E+01-1.24114E+00-1.37225E+00-2.94456E-01-4.00096E-01 8.76787E-01
 -1       440 1.38921E+01 5.91459E+00 7.56525E+00 1.72272E+00 1.99504E+00-5.74128E+00
 -1       441 5.67021E+00 1.98104E+00-5.95350E+01 4.39284E+00-8.14815E+00-1.24829E+01
 -3
    1PSTEP                         6           2           1          
  100CL  102 5.00000E-01         249                     0    2           1
 -4  ERROR       1    1
 -5  STR(%)      1    1    0    0
 -1        17 4.86907E+00
 -1        18 1.48150E+01
 -1        19 1.48150E+01
 -1        20 6.23397E+00
 -1        21 5.42494E+00
 -1        38 4.86907E+00
 -1        39 1.48150E+01
 -1        40 1.48150E+01
 -1        41 6.23397E+00
 -1        42 5.42494E+00
 -1        59 4.86907E+00
 -1        60 1.48150E+01
 -1        61 1.48150E+01
 -1        62 6.23397E+00
 -1        63 5.42494E+00
 -1        80 5.15394E+01
 -1        81 5.15394E+01
 -1        82 1.48150E+01
 -1        83 1.05710E+01
 -1        84 5.42494E+00
 -1       101 5.15394E+01
 -1       102 5.15394E+01
 -1       103 1.48150E+01
 -1       104 1.05710E+01
 -1       105 5.42494E+00
 -1       122 5.15394E+01
 -1       123 5.15394E+01
 -1       124 1.48150E+01
 -1       125 1.05710E+01
 -1       126 5.42494E+00
 -1       143 5.17141E+01
 -1       144 5.17141E+01
 -1       145 1.83214E+01
 -1       146 1.83214E+01
 -1       147 4.62786E+00
 -1       164 5.17141E+01
 -1       165 5.17141E+01
 -1       166 1.83214E+01
 -1       167 1.83214E+01
 -1       168 4.62786E+00
 -1       185 5.17141E+01
 -1       186 5.17141E+01
 -1       187 1.83214E+01
 -1       188 1.83214E+01
 -1       189 4.62786E+00
 -1       206 5.17141E+01
 -1       207 5.17141E+01
 -1       208 4.41600E+01
 -1       209 3.19580E+01
 -1       210 1.94460E+01
 -1       227 5.17141E+01
 -1       228 5.17141E+01
 -1       229 4.41600E+01
 -1       230 3.19580E+01
 -1       231 1.94460E+01
 -1       248 5.17141E+01
 -1       249 5.17141E+01
 -1       250 4.41600E+01
 -1       251 3.19580E+01
 -1       252 1.94460E+01
 -1       253 7.27501E+01
 -1       254 8.00186E+01
 -1       255 8.00186E+01
 -1       256 6.06244E+01
 -1       257 5.09449E+01
 -1       258 6.71672E+01
 -1       259 7.29798E+01
 -1       260 7.49626E+01
 -1       261 7.53038E+01
 -1       262 7.53038E+01
 -1       263 7.44029E+01
 -1       264 7.12038E+01
 -1       265 6.25041E+01
 -1       266 4.83347E+01
 -1       267 7.20182E+01
 -1       268 7.31861E+01
 -1       269 9.21021E+01
 -1       270 1.42587E+02
 -1       271 1.42587E+02
 -1       272 4.63554E+01
 -1       273 4.63554E+01
 -1       274 7.27501E+01
 -1       275 8.00186E+01
 -1       276 8.00186E+01
 -1       277 6.06244E+01
 -1       278 5.09449E+01
 -1       279 6.71672E+01
 -1       280 7.29798E+01
 -1       281 7.49626E+01
 -1       282 7.53038E+01
 -1       283 7.53038E+01
 -1       284 7.44029E+01
 -1       285 7.12038E+01
 -1       286 6.25041E+01
 -1       287 4.83347E+01
 -1       288 7.20182E+01
 -1       289 7.31861E+01
 -1       290 9.21021E+01
 -1       291 1.42587E+02
 -1       292 1.42587E+02
 -1       293 4.63554E+01
 -1       294 4.63554E+01
 -1       295 7.27501E+01
 -1       296 8.00186E+01
 -1       297 8.00186E+01
 -1       298 6.06244E+01
 -1       299 5.09449E+01
 -1       300 6.71672E+01
 -1       301 7.29798E+01
 -1       302 7.49626E+01
 -1       303 7.53038E+01
 -1       304 7.53038E+01
 -1       305 7.44029E+01
 -1       306 7.12038E+01
 -1       307 6.25041E+01
 -1       308 4.83347E+01
 -1       309 7.20182E+01
 -1       310 7.31861E+01
 -1       311 9.21021E+01
 -1       312 1.42587E+02
 -1       313 1.42587E+02
 -1       314 4.63554E+01
 -1       315 4.63554E+01
 -1       316 7.27501E+01
 -1       317 8.00186E+01
 -1       318 8.00186E+01
 -1       319 6.06244E+01
 -1       320 5.91724E+01
 -1       321 8.08726E+01
 -1       322 8.92155E+01
 -1       323 9.24504E+01
 -1       324 9.29349E+01
 -1       325 9.29349E+01
 -1       326 9.15693E+01
 -1       327 8.64382E+01
 -1       328 7.42161E+01
 -1       329 4.83347E+01
 -1       330 7.20182E+01
 -1       331 7.31861E+01
 -1       332 9.21021E+01
 -1       333 1.42587E+02
 -1       334 1.42587E+02
 -1       335 1.00704E+02
 -1       336 1.00704E+02
 -1       337 7.27501E+01
 -1       338 8.00186E+01
 -1       339 8.00186E+01
 -1       340 6.06244E+01
 -1       341 5.91724E+01
 -1       342 8.08726E+01
 -1       343 8.92155E+01
 -1       344 9.24504E+01
 -1       345 9.29349E+01
 -1       346 9.29349E+01
 -1       347 9.15693E+01
 -1       348 8.64382E+01
 -1       349 7.42161E+01
 -1       350 4.83347E+01
 -1       351 7.20182E+01
 -1       352 7.31861E+01
 -1       353 9.21021E+01
 -1       354 1.42587E+02
 -1       355 1.42587E+02
 -1       356 1.00704E+02
 -1       357 1.00704E+02
 -1       358 7.27501E+01
 -1       359 8.00186E+01
 -1       360 8.00186E+01
 -1       361 6.06244E+01
 -1       362 5.91724E+01
 -1       363 8.08726E+01
 -1       364 8.92155E+01
 -1       365 9.24504E+01
 -1       366 9.29349E+01
 -1       367 9.29349E+01
 -1       368 9.15693E+01
 -1       369 8.64382E+01
 -1       370 7.42161E+01
 -1       371 4.83347E+01
 -1       372 7.20182E+01
 -1       373 7.31861E+01
 -1       374 9.21021E+01
 -1       375 1.42587E+02
 -1       376 1.42587E+02
 -1       377 1.00704E+02
 -1       378 1.00704E+02
 -1       379 6.70528E+01
 -1       380 6.99762E+01
 -1       381 6.99762E+01
 -1       382 5.52420E+01
 -1       383 5.91724E+01
 -1       384 8.08726E+01
 -1       385 8.92155E+01
 -1       386 9.24504E+01
 -1       387 9.29349E+01
 -1       388 9.29349E+01
 -1       389 9.15693E+01
 -1       390 8.64382E+01
 -1       391 7.42161E+01
 -1       392 4.42074E+01
 -1       393 6.90938E+01
 -1       394 6.90938E+01
 -1       395 6.34334E+01
 -1       396 7.23123E+01
 -1       397 9.96053E+01
 -1       398 1.00704E+02
 -1       399 1.00704E+02
 -1       400 6.70528E+01
 -1       401 6.99762E+01
 -1       402 6.99762E+01
 -1       403 5.52420E+01
 -1       404 5.91724E+01
 -1       405 8.08726E+01
 -1       406 8.92155E+01
 -1       407 9.24504E+01
 -1       408 9.29349E+01
 -1       409 9.29349E+01
 -1       410 9.15693E+01
 -1       411 8.64382E+01
 -1       412 7.42161E+01
 -1       413 4.42074E+01
 -1       414 6.90938E+01
 -1       415 6.90938E+01
 -1       416 6.34334E+01
 -1       417 7.23123E+01
 -1       418 9.96053E+01
 -1       419 1.00704E+02
 -1       420 1.00704E+02
 -1       421 6.70528E+01
 -1       422 6.99762E+01
 -1       423 6.99762E+01
 -1       424 5.52420E+01
 -1       425 5.91724E+01
 -1       426 8.08726E+01
 -1       427 8.92155E+01
 -1       428 9.24504E+01
 -1       429 9.29349E+01
 -1       430 9.29349E+01
 -1       431 9.15693E+01
 -1       432 8.64382E+01
 -1       433 7.42161E+01
 -1       434 4.42074E+01
 -1       435 6.90938E+01
 -1       436 6.90938E+01
 -1       437 6.34334E+01
 -1       438 7.23123E+01
 -1       439 9.96053E+01
 -1       440 1.00704E+02
 -1       441 1.00704E+02
 -3
    1PSTEP                         7           3           1          
  100CL  103 7.50000E-01         249                     0    3           1
 -4  DISP        4    1
 -5  D1          1    2    1    0
 -5  D2          1    2    2    0
 -5  D3          1    2    3    0
 -5  ALL         1    2    0    0    1ALL
 -1        17 0.00000E+00 0.00000E+00 0.00000E+00
 -1        18 0.00000E+00 0.00000E+00 0.00000E+00
 -1        19 0.00000E+00 0.00000E+00 0.00000E+00
 -1        20 0.00000E+00 0.00000E+00 0.00000E+00
 -1        21 0.00000E+00 0.00000E+00 0.00000E+00
 -1        38 0.00000E+00 0.00000E+00 0.00000E+00
 -1        39 0.00000E+00 0.00000E+00 0.00000E+00
 -1        40 0.00000E+00 0.00000E+00 0.00000E+00
 -1        41 0.00000E+00 0.00000E+00 0.00000E+00
 -1        42 0.00000E+00 0.00000E+00 0.00000E+00
 -1        59 0.00000E+00 0.00000E+00 0.00000E+00
 -1        60 0.00000E+00 0.00000E+00 0.00000E+00
 -1        61 0.00000E+00 0.00000E+00 0.00000E+00
 -1        62 0.00000E+00 0.00000E+00 0.00000E+00
 -1        63 0.00000E+00 0.00000E+00 0.00000E+00
 -1        80-7.92740E-05-2.50681E-05-8.50017E-05
 -1        81-5.19892E-05-4.77278E-05-1.11629E-04
 -1        82-2.33272E-05-7.16110E-05-1.70801E-04
 -1        83 2.70812E-05-8.69308E-05-2.18475E-04
 -1        84 1.13793E-04-9.62665E-05-2.77021E-04
 -1       101-6.82719E-05 1.32369E-19-7.93176E-05
 -1       102-4.12699E-05 8.33824E-20-1.01306E-04
 -1       103-1.44873E-05 4.54409E-20-1.54334E-04
 -1       104 3.27055E-05-1.70621E-20-1.97709E-04
 -1       105 1.17697E-04 3.01688E-20-2.54854E-04
 -1       122-7.92740E-05 2.50681E-05-8.50017E-05
 -1       123-5.19892E-05 4.77278E-05-1.11629E-04
 -1       124-2.33272E-05 7.16110E-05-1.70801E-04
 -1       125 2.70812E-05 8.69308E-05-2.18475E-04
 -1       126 1.13793E-04 9.62665E-05-2.77021E-04
 -1       143-1.96973E-05-1.10474E-05-1.22387E-04
 -1       144-7.85608E-06-4.34246E-05-2.39211E-04
 -1       145 2.97958E-05-6.48581E-05-3.51034E-04
 -1       146 7.82699E-05-8.18306E-05-4.65534E-04
 -1       147 1.52085E-04-9.14473E-05-5.51092E-04
 -1       164-5.69142E-06 4.04518E-19-1.18427E-04
 -1       165 2.96677E-06 3.14974E-19-2.37869E-04
 -1       166 3.91462E-05 2.46670E-19-3.51883E-04
 -1       167 8.59177E-05 2.05449E-19-4.64335E-04
 -1       168 1.58551E-04 1.94639E-19-5.48687E-04
 -1       185-1.96973E-05 1.10474E-05-1.22387E-04
 -1       186-7.85608E-06 4.34246E-05-2.39211E-04
 -1       187 2.97958E-05 6.48581E-05-3.51034E-04
 -1       188 7.82699E-05 8.18306E-05-4.65534E-04
 -1       189 1.52085E-04 9.14473E-05-5.51092E-04
 -1       206 1.61091E-04-5.23492E-05-1.82486E-04
 -1       207 1.82940E-04-4.70636E-05-3.64824E-04
 -1       208 1.29288E-04-6.49777E-05-4.98986E-04
 -1       209 1.31238E-04-9.01911E-05-7.24958E-04
 -1       210 2.07736E-04-1.15579E-04-8.83791E-04
 -1       227 1.53838E-04 8.54097E-19-1.61441E-04
 -1       228 1.85517E-04 7.01222E-19-3.57816E-04
 -1       229 1.40541E-04 5.78480E-19-5.00336E-04
 -1       230 1.46785E-04 5.43844E-19-7.16950E-04
 -1       231 2.23651E-04 5.54820E-19-8.64498E-04
 -1       248 1.61091E-04 5.23492E-05-1.82486E-04
 -1       249 1.82940E-04 4.70636E-05-3.64824E-04
 -1       250 1.29288E-04 6.49777E-05-4.98986E-04
 -1       251 1.31238E-04 9.01911E-05-7.24958E-04
 -1       252 2.07736E-04 1.15579E-04-8.83791E-04
 -1       253 0.00000E+00 0.00000E+00 0.00000E+00
 -1       254-4.41613E-04-1.24751E-04-4.15489E-04
 -1       255-7.35730E-04-6.56881E-05-1.17119E-03
 -1       256-8.64014E-04-1.70199E-05-2.17549E-03
 -1       257-8.52731E-04 2.11454E-05-3.22687E-03
 -1       258-7.25549E-04 5.15552E-05-4.20991E-03
 -1       259-5.10569E-04 7.39622E-05-5.02000E-03
 -1       260-2.34221E-04 8.83252E-05-5.58328E-03
 -1       261 7.66223E-05 9.46540E-05-5.85164E-03
 -1       262 3.95183E-04 9.29495E-05-5.80404E-03
 -1       263 6.94669E-04 8.32194E-05-5.44612E-03
 -1       264 9.48240E-04 6.54398E-05-4.81048E-03
 -1       265 1.12932E-03 3.94692E-05-3.95572E-03
 -1       266 1.21034E-03 6.04885E-06-2.97021E-03
 -1       267 1.16568E-03-3.29557E-05-1.96331E-03
 -1       268 9.75749E-04-9.87312E-05-1.08169E-03
 -1       269 6.01194E-04-1.26086E-04-3.65047E-04
 -1       270 4.15564E-04-5.38349E-05-3.46328E-04
 -1       271 2.61952E-04-4.61823E-05-5.57049E-04
 -1       272 2.10977E-04-1.01228E-04-9.84026E-04
 -1       273 2.96803E-04-1.95089E-04-1.31594E-03
 -1       274 0.00000E+00 0.00000E+00 0.00000E+00
 -1       275-4.31452E-04-2.92891E-20-4.70360E-04
 -1       276-7.53537E-04-3.58973E-20-1.20710E-03
 -1       277-8.77142E-04-2.00388E-21-2.18613E-03
 -1       278-8.62955E-04 2.74740E-20-3.21837E-03
 -1       279-7.33472E-04 1.05370E-19-4.18622E-03
 -1       280-5.16080E-04 2.94050E-19-4.98510E-03
 -1       281-2.37321E-04 5.98134E-19-5.54121E-03
 -1       282 7.59298E-05 8.28235E-19-5.80640E-03
 -1       283 3.96896E-04 1.07388E-18-5.75966E-03
 -1       284 6.98790E-04 1.01647E-18-5.40660E-03
 -1       285 9.54806E-04 1.36884E-18-4.77985E-03
 -1       286 1.13822E-03 1.30412E-18-3.93810E-03
 -1       287 1.22105E-03 1.40919E-18-2.96902E-03
 -1       288 1.18220E-03 1.59963E-18-1.98233E-03
 -1       289 9.92440E-04 1.54121E-18-1.13325E-03
 -1       290 5.83088E-04 1.30845E-18-3.93929E-04
 -1       291 4.00768E-04 1.27990E-18-3.61052E-04
 -1       292 2.75798E-04 1.04215E-18-5.70832E-04
 -1       293 2.41211E-04 1.02651E-18-9.86044E-04
 -1       294 3.38860E-04 9.23617E-19-1.31825E-03
 -1       295 0.00000E+00 0.00000E+00 0.00000E+00
 -1       296-4.41613E-04 1.24751E-04-4.15489E-04
 -1       297-7.35730E-04 6.56881E-05-1.17119E-03
 -1       298-8.64014E-04 1.70199E-05-2.17549E-03
 -1       299-8.52731E-04-2.11454E-05-3.22687E-03
 -1       300-7.25549E-04-5.15552E-05-4.20991E-03
 -1       301-5.10569E-04-7.39622E-05-5.02000E-03
 -1       302-2.34221E-04-8.83252E-05-5.58328E-03
 -1       303 7.66223E-05-9.46540E-05-5.85164E-03
 -1       304 3.95183E-04-9.29495E-05-5.80404E-03
 -1       305 6.94669E-04-8.32194E-05-5.44612E-03
 -1       306 9.48240E-04-6.54398E-05-4.81048E-03
 -1       307 1.12932E-03-3.94692E-05-3.95572E-03
 -1       308 1.21034E-03-6.04885E-06-2.97021E-03
 -1       309 1.16568E-03 3.29557E-05-1.96331E-03
 -1       310 9.75749E-04 9.87312E-05-1.08169E-03
 -1       311 6.01194E-04 1.26086E-04-3.65047E-04
 -1       312 4.15564E-04 5.38349E-05-3.46328E-04
 -1       313 2.61952E-04 4.61823E-05-5.57049E-04
 -1       314 2.10977E-04 1.01228E-04-9.84026E-04
 -1       315 2.96803E-04 1.95089E-04-1.31594E-03
 -1       316 0.00000E+00 0.00000E+00 0.00000E+00
 -1       317 1.81277E-05 4.36805E-06-3.33547E-04
 -1       318 4.33863E-05 3.52424E-06-1.15933E-03
 -1       319 6.64273E-05 3.42405E-06-2.17237E-03
 -1       320 8.94130E-05 3.47904E-06-3.24680E-03
 -1       321 1.12490E-04 3.46946E-06-4.24409E-03
 -1       322 1.35598E-04 3.46750E-06-5.06560E-03
 -1       323 1.58735E-04 3.46673E-06-5.63597E-03
 -1       324 1.81896E-04 3.46592E-06-5.90750E-03
 -1       325 2.05065E-04 3.46595E-06-5.85904E-03
 -1       326 2.28221E-04 3.47014E-06-5.49630E-03
 -1       327 2.51314E-04 3.46532E-06-4.85165E-03
 -1       328 2.74470E-04 3.42033E-06-3.98472E-03
 -1       329 2.98222E-04 3.69558E-06-2.98008E-03
 -1       330 3.19355E-04 3.28548E-06-1.95559E-03
 -1       331 3.28061E-04 1.65859E-06-1.03461E-03
 -1       332 4.26258E-04-8.75586E-06-4.49106E-04
 -1       333 5.06298E-04 1.60738E-05-3.26299E-04
 -1       334 5.59519E-04 1.58074E-05-5.01610E-04
 -1       335 4.15902E-04-3.75258E-05-1.15263E-03
 -1       336 4.85475E-04-1.93036E-04-2.05560E-03
 -1       337 0.00000E+00 0.00000E+00 0.00000E+00
 -1       338 1.72485E-05 3.05155E-20-3.86987E-04
 -1       339 4.36302E-05 8.29614E-20-1.19302E-03
 -1       340 6.63982E-05 2.02808E-19-2.18389E-03
 -1       341 8.94040E-05 3.61320E-19-3.23865E-03
 -1       342 1.12500E-04 6.86754E-19-4.22075E-03
 -1       343 1.35603E-04 8.71764E-19-5.03107E-03
 -1       344 1.58739E-04 1.17518E-18-5.59426E-03
 -1       345 1.81897E-04 1.40842E-18-5.86262E-03
 -1       346 2.05062E-04 1.60015E-18-5.81501E-03
 -1       347 2.28217E-04 1.92634E-18-5.45715E-03
 -1       348 2.51344E-04 1.96283E-18-4.82138E-03
 -1       349 2.74374E-04 2.01911E-18-3.96734E-03
 -1       350 2.97879E-04 2.02938E-18-2.97968E-03
 -1       351 3.20990E-04 2.24491E-18-1.97628E-03
 -1       352 3.30134E-04 2.10245E-18-1.07748E-03
 -1       353 4.19423E-04 2.06508E-18-5.04198E-04
 -1       354 4.95746E-04 1.98830E-18-3.73667E-04
 -1       355 5.64419E-04 1.70566E-18-5.49699E-04
 -1       356 5.51176E-04 1.56648E-18-1.17978E-03
 -1       357 6.41990E-04 1.68069E-18-2.02790E-03
 -1       358 0.00000E+00 0.00000E+00 0.00000E+00
 -1       359 1.81277E-05-4.36805E-06-3.33547E-04
 -1       360 4.33863E-05-3.52424E-06-1.15933E-03
 -1       361 6.64273E-05-3.42405E-06-2.17237E-03
 -1       362 8.94130E-05-3.47904E-06-3.24680E-03
 -1       363 1.12490E-04-3.46946E-06-4.24409E-03
 -1       364 1.35598E-04-3.46750E-06-5.06560E-03
 -1       365 1.58735E-04-3.46673E-06-5.63597E-03
 -1       366 1.81896E-04-3.46592E-06-5.90750E-03
 -1       367 2.05065E-04-3.46595E-06-5.85904E-03
 -1       368 2.28221E-04-3.47014E-06-5.49630E-03
 -1       369 2.51314E-04-3.46532E-06-4.85165E-03
 -1       370 2.74470E-04-3.42033E-06-3.98472E-03
 -1       371 2.98222E-04-3.69558E-06-2.98008E-03
 -1       372 3.19355E-04-3.28548E-06-1.95559E-03
 -1       373 3.28061E-04-1.65859E-06-1.03461E-03
 -1       374 4.26258E-04 8.75586E-06-4.49106E-04
 -1       375 5.06298E-04-1.60738E-05-3.26299E-04
 -1       376 5.59519E-04-1.58074E-05-5.01610E-04
 -1       377 4.15902E-04 3.75258E-05-1.15263E-03
 -1       378 4.85475E-04 1.93036E-04-2.05560E-03
 -1       379 0.00000E+00 0.00000E+00 0.00000E+00
 -1       380 4.85702E-04 1.33467E-04-4.48587E-04
 -1       381 8.21627E-04 7.19272E-05-1.20210E-03
 -1       382 9.96737E-04 2.39952E-05-2.20573E-03
 -1       383 1.03159E-03-1.41761E-05-3.25718E-03
 -1       384 9.50543E-04-4.46196E-05-4.24022E-03
 -1       385 7.81775E-04-6.70264E-05-5.05024E-03
 -1       386 5.51699E-04-8.13899E-05-5.61347E-03
 -1       387 2.87172E-04-8.77205E-05-5.88180E-03
 -1       388 1.49406E-05-8.60162E-05-5.83421E-03
 -1       389-2.38240E-04-7.62694E-05-5.47631E-03
 -1       390-4.45556E-04-5.85009E-05-4.84072E-03
 -1       391-5.80371E-04-3.28463E-05-3.98635E-03
 -1       392-6.15475E-04 1.28247E-06-3.00036E-03
 -1       393-5.26394E-04 4.63866E-05-1.98632E-03
 -1       394-2.69017E-04 8.47500E-05-1.12094E-03
 -1       395 9.46958E-05 1.10303E-04-5.72923E-04
 -1       396 5.13239E-04 1.17840E-04-3.95281E-04
 -1       397 9.29623E-04 1.62622E-04-5.93814E-04
 -1       398 1.36074E-03 7.85049E-05-9.90479E-04
 -1       399 1.93421E-03-5.36084E-04-4.15023E-03
 -1       400 0.00000E+00 0.00000E+00 0.00000E+00
 -1       401 4.73869E-04 5.80586E-20-5.03424E-04
 -1       402 8.39896E-04 1.98844E-19-1.23785E-03
 -1       403 1.00973E-03 3.52298E-19-2.21631E-03
 -1       404 1.04182E-03 5.85046E-19-3.24871E-03
 -1       405 9.58482E-04 8.26438E-19-4.21653E-03
 -1       406 7.87297E-04 1.23388E-18-5.01535E-03
 -1       407 5.54807E-04 1.43183E-18-5.57140E-03
 -1       408 2.87867E-04 1.81575E-18-5.83656E-03
 -1       409 1.32207E-05 2.24849E-18-5.78982E-03
 -1       410-2.42372E-04 2.39246E-18-5.43680E-03
 -1       411-4.52069E-04 2.67418E-18-4.81009E-03
 -1       412-5.89338E-04 2.76805E-18-3.96850E-03
 -1       413-6.27459E-04 3.12479E-18-2.99990E-03
 -1       414-5.38966E-04 2.98845E-18-2.00782E-03
 -1       415-2.77555E-04 3.00384E-18-1.16181E-03
 -1       416 8.86667E-05 3.14904E-18-6.28202E-04
 -1       417 5.01488E-04 2.82341E-18-4.51189E-04
 -1       418 9.39593E-04 2.79501E-18-6.64522E-04
 -1       419 1.48083E-03 1.87461E-18-1.16372E-03
 -1       420 1.92057E-03-3.21426E-19-2.81765E-03
 -1       421 0.00000E+00 0.00000E+00 0.00000E+00
 -1       422 4.85702E-04-1.33467E-04-4.48587E-04
 -1       423 8.21627E-04-7.19272E-05-1.20210E-03
 -1       424 9.96737E-04-2.39952E-05-2.20573E-03
 -1       425 1.03159E-03 1.41761E-05-3.25718E-03
 -1       426 9.50543E-04 4.46196E-05-4.24022E-03
 -1       427 7.81775E-04 6.70264E-05-5.05024E-03
 -1       428 5.51699E-04 8.13899E-05-5.61347E-03
 -1       429 2.87172E-04 8.77205E-05-5.88180E-03
 -1       430 1.49406E-05 8.60162E-05-5.83421E-03
 -1       431-2.38240E-04 7.62694E-05-5.47631E-03
 -1       432-4.45556E-04 5.85009E-05-4.84072E-03
 -1       433-5.80371E-04 3.28463E-05-3.98635E-03
 -1       434-6.15475E-04-1.28247E-06-3.00036E-03
 -1       435-5.26394E-04-4.63866E-05-1.98632E-03
 -1       436-2.69017E-04-8.47500E-05-1.12094E-03
 -1       437 9.46958E-05-1.10303E-04-5.72923E-04
 -1       438 5.13239E-04-1.17840E-04-3.95281E-04
 -1       439 9.29623E-04-1.62622E-04-5.93814E-04
 -1       440 1.36074E-03-7.85049E-05-9.90479E-04
 -1       441 1.93421E-03 5.36084E-04-4.15023E-03
 -3
    1PSTEP                         8           3           1          
  100CL  103 7.50000E-01         249                     0    3           1
 -4  STRESS      6    1
 -5  SXX         1    4    1    1
 -5  SYY         1    4    2    2
 -5  SZZ         1    4    3    3
 -5  SXY         1    4    1    2
 -5  SYZ         1    4    2    3
 -5  SZX         1    4    3    1
 -1        17-1.84603E+00-1.70181E+00-4.06227E+00 9.03772E-02-4.62934E-02-1.25756E+00
 -1        18-2.44904E+00-2.27084E+00-5.42481E+00 9.07740E-02-2.96550E-01-1.16210E+00
 -1        19-3.46454E+00-3.38438E+00-8.25798E+00 7.64803E-02-4.66300E-01-7.02022E-01
 -1        20-4.49563E+00-4.31245E+00-1.04424E+01 5.28083E-02-5.52179E-01 1.69608E-01
 -1        21-5.03975E+00-5.26523E+00-1.31277E+01 4.46294E-02-6.41636E-01 6.77317E-01
 -1        38-1.78996E+00-1.75458E+00-3.82257E+00 2.56739E-16 1.51268E-15-1.07985E+00
 -1        39-2.30439E+00-2.26683E+00-4.94665E+00-9.71445E-17 5.96745E-16-9.88961E-01
 -1        40-3.21852E+00-3.34232E+00-7.48004E+00 4.89192E-16-1.02696E-15-5.59244E-01
 -1        41-4.18776E+00-4.26497E+00-9.46376E+00-4.19803E-16-2.44249E-15 2.60453E-01
 -1        42-4.71660E+00-5.22738E+00-1.20886E+01-3.57353E-16-7.77156E-16 7.40384E-01
 -1        59-1.84603E+00-1.70181E+00-4.06227E+00-9.03772E-02 4.62934E-02-1.25756E+00
 -1        60-2.44904E+00-2.27084E+00-5.42481E+00-9.07740E-02 2.96550E-01-1.16210E+00
 -1        61-3.46454E+00-3.38438E+00-8.25798E+00-7.64803E-02 4.66300E-01-7.02022E-01
 -1        62-4.49563E+00-4.31245E+00-1.04424E+01-5.28083E-02 5.52179E-01 1.69608E-01
 -1        63-5.03975E+00-5.26523E+00-1.31277E+01-4.46294E-02 6.41636E-01 6.77317E-01
 -1        80-4.35144E-02 1.61979E-01-2.93754E+00-3.89892E-02 5.86535E-02-8.28513E-01
 -1        81-3.84109E-01 2.49667E-01-5.45325E+00-5.59451E-02-1.00187E-01-8.44348E-01
 -1        82-6.08985E-01 4.36135E-01-7.91520E+00-5.88313E-02-1.28795E-01-6.47382E-01
 -1        83-3.44562E-02 5.18818E-01-1.03725E+01-2.81188E-02-1.60241E-01-1.57299E-01
 -1        84 4.80065E-01 5.41887E-01-1.21421E+01-2.13169E-02-1.96630E-01 1.10897E-01
 -1       101-1.55635E-02 1.93697E-01-2.83647E+00-3.50414E-16 1.81452E-15-6.40450E-01
 -1       102-4.24853E-01 2.49368E-01-5.43738E+00 9.97466E-18 6.93889E-16-6.69856E-01
 -1       103-7.47060E-01 4.02037E-01-7.98468E+00-8.74951E-16-2.25514E-16-4.87538E-01
 -1       104-1.48059E-01 5.00183E-01-1.03870E+01 7.88269E-16-5.20070E-15-4.94999E-02
 -1       105 4.14563E-01 5.35484E-01-1.21132E+01 1.04929E-15 3.49720E-15 1.85755E-01
 -1       122-4.35144E-02 1.61979E-01-2.93754E+00 3.89892E-02-5.86535E-02-8.28513E-01
 -1       123-3.84109E-01 2.49667E-01-5.45325E+00 5.59451E-02 1.00187E-01-8.44348E-01
 -1       124-6.08985E-01 4.36135E-01-7.91520E+00 5.88313E-02 1.28795E-01-6.47382E-01
 -1       125-3.44562E-02 5.18818E-01-1.03725E+01 2.81188E-02 1.60241E-01-1.57299E-01
 -1       126 4.80065E-01 5.41887E-01-1.21421E+01 2.13169E-02 1.96630E-01 1.10897E-01
 -1       143-8.06160E-01-3.76364E-01-2.10901E+00-1.24510E-01-3.50537E-02 1.44002E-01
 -1       144-3.92546E-01 6.35491E-02-5.46693E+00-9.07181E-02 1.12089E-01 4.90757E-03
 -1       145-4.56914E-01 3.74452E-01-7.18622E+00-4.71856E-03 1.04457E-01-5.47147E-01
 -1       146-5.10904E-01-9.25875E-03-1.07791E+01 3.70563E-02 1.19649E-01-8.66336E-01
 -1       147-4.75904E-01-1.76377E-01-1.27679E+01 6.55692E-02 5.57154E-02-7.52347E-01
 -1       164-8.39568E-01-3.59628E-01-1.79146E+00 8.32667E-17 3.85716E-15-4.57311E-02
 -1       165-5.61669E-01-2.68041E-02-5.61441E+00-2.15106E-16 9.71445E-17-9.96931E-02
 -1       166-6.97389E-01 2.72121E-01-7.66316E+00 3.59955E-17 1.12584E-15-5.28815E-01
 -1       167-6.79179E-01-4.05094E-02-1.11068E+01-9.41087E-17-6.69560E-15-7.59926E-01
 -1       168-5.27306E-01-1.22628E-01-1.28276E+01-1.04083E-17 4.86568E-15-6.35870E-01
 -1       185-8.06160E-01-3.76364E-01-2.10901E+00 1.24510E-01 3.50537E-02 1.44002E-01
 -1       186-3.92546E-01 6.35491E-02-5.46693E+00 9.07181E-02-1.12089E-01 4.90757E-03
 -1       187-4.56914E-01 3.74452E-01-7.18622E+00 4.71856E-03-1.04457E-01-5.47147E-01
 -1       188-5.10904E-01-9.25875E-03-1.07791E+01-3.70563E-02-1.19649E-01-8.66336E-01
 -1       189-4.75904E-01-1.76377E-01-1.27679E+01-6.55692E-02-5.57154E-02-7.52347E-01
 -1       206-2.97681E-01 2.25825E-01-6.05934E+00-9.37811E-02-5.26444E-01 2.44103E+00
 -1       207-1.93097E+00 4.22165E-01-3.19930E+00-3.62379E-02 1.24111E-02 1.38425E+00
 -1       208-2.92457E+00 3.30224E-01-5.15600E+00-1.42961E-02 5.26648E-02-1.13991E+00
 -1       209-1.60205E+00-7.86471E-02-1.13251E+01 1.09803E-01 1.27647E-02-2.22519E+00
 -1       210-1.00074E+00-3.20488E-01-1.62720E+01 1.35510E-01-3.88578E-01-1.91833E+00
 -1       227-6.42827E-02 2.42515E-01-6.67383E+00-1.67227E-15 5.17641E-15 1.95488E+00
 -1       228-1.58487E+00 4.92924E-01-3.41164E+00 8.32667E-16-7.86697E-16 9.96444E-01
 -1       229-2.74403E+00 2.62078E-01-5.39389E+00 1.29237E-16 1.87524E-15-1.09552E+00
 -1       230-1.52296E+00-9.31273E-02-1.13733E+01 5.93275E-16-9.31893E-15-1.87606E+00
 -1       231-1.04606E+00-3.89601E-01-1.64054E+01 1.66533E-16 7.07767E-15-1.44866E+00
 -1       248-2.97681E-01 2.25825E-01-6.05934E+00 9.37811E-02 5.26444E-01 2.44103E+00
 -1       249-1.93097E+00 4.22165E-01-3.19930E+00 3.62379E-02-1.24111E-02 1.38425E+00
 -1       250-2.92457E+00 3.30224E-01-5.15600E+00 1.42961E-02-5.26648E-02-1.13991E+00
 -1       251-1.60205E+00-7.86471E-02-1.13251E+01-1.09803E-01-1.27647E-02-2.22519E+00
 -1       252-1.00074E+00-3.20488E-01-1.62720E+01-1.35510E-01 3.88578E-01-1.91833E+00
 -1       253-2.11825E+01-7.87043E+00-5.21015E+00-1.49119E+00-5.15620E-01-2.37436E+00
 -1       254-1.56438E+01 1.08303E+00 1.88420E+00-3.13632E-01 5.48602E-01-2.46479E+00
 -1       255-8.80997E+00-1.19335E-01-6.52416E-01 4.29949E-01-3.36448E-02-2.69882E+00
 -1       256-2.55376E+00-7.83222E-02-1.45566E-01 3.11045E-01-2.81121E-02-2.26611E+00
 -1       257 2.84108E+00-1.18844E-01-3.01560E-01 2.48913E-01-2.48459E-02-1.82903E+00
 -1       258 7.11177E+00-1.01316E-01-2.56319E-01 1.92124E-01-2.47976E-02-1.40474E+00
 -1       259 1.02454E+01-1.06060E-01-2.69131E-01 1.33682E-01-2.49271E-02-9.78020E-01
 -1       260 1.22572E+01-1.04881E-01-2.65928E-01 7.52291E-02-2.48854E-02-5.50734E-01
 -1       261 1.31435E+01-1.05217E-01-2.67131E-01 1.68077E-02-2.48816E-02-1.23154E-01
 -1       262 1.29049E+01-1.04969E-01-2.66325E-01-4.15729E-02-2.48862E-02 3.04478E-01
 -1       263 1.15410E+01-1.05748E-01-2.67969E-01-9.98878E-02-2.48511E-02 7.31858E-01
 -1       264 9.05397E+00-1.03110E-01-2.60970E-01-1.59369E-01-2.50157E-02 1.15956E+00
 -1       265 5.43354E+00-1.09429E-01-2.88537E-01-2.17815E-01-2.56659E-02 1.58808E+00
 -1       266 6.85414E-01-9.45239E-02-1.97466E-01-2.52861E-01-1.67778E-02 1.99711E+00
 -1       267-4.91188E+00-1.80846E-01-4.01335E-01-3.78146E-01-5.70329E-02 2.37522E+00
 -1       268-1.24310E+01 5.01525E-01 6.83904E-01-3.59680E-01 5.18896E-02 3.18302E+00
 -1       269-1.12994E+01-2.29103E-01-6.22032E+00 2.30015E-01-4.31493E-02 2.66855E+00
 -1       270-7.96952E+00-4.12006E-01-4.24455E-01 3.02263E-01-1.12706E-03 1.16403E+00
 -1       271-5.29110E+00 6.25306E-02-1.21233E+00 1.21113E-01 7.93874E-02-1.88924E+00
 -1       272-2.51808E+00 6.47858E-01-9.88334E+00-2.75058E-01 2.82664E-01-4.43199E+00
 -1       273-1.60464E+00 9.51316E-02-2.55242E+01-1.83914E-01-5.38945E-01-4.60478E+00
 -1       274-2.06637E+01-7.75405E+00-5.01940E+00-9.43690E-16-2.22045E-16-3.26055E+00
 -1       275-1.60801E+01 9.77507E-01 1.78188E+00-1.06859E-15-2.08167E-17-2.93306E+00
 -1       276-9.36907E+00-2.41954E-01-7.63845E-01-1.09635E-15 6.52256E-16-2.04997E+00
 -1       277-2.38010E+00-5.29176E-02-1.23125E-01-3.69496E-15 4.51028E-16-1.69582E+00
 -1       278 2.97125E+00-8.42458E-02-2.66850E-01-9.33281E-16-4.77396E-15-1.38675E+00
 -1       279 7.22785E+00-7.28598E-02-2.28013E-01-7.84095E-16 3.46945E-17-1.06344E+00
 -1       280 1.03643E+01-7.68619E-02-2.40041E-01-3.46945E-16-1.09288E-15-7.40410E-01
 -1       281 1.23759E+01-7.56691E-02-2.36787E-01-7.70651E-16 8.06473E-15-4.17020E-01
 -1       282 1.32621E+01-7.60165E-02-2.37991E-01-7.45497E-16-1.08076E-14-9.32692E-02
 -1       283 1.30235E+01-7.57376E-02-2.37166E-01-3.28736E-15 8.46372E-15 2.30584E-01
 -1       284 1.16604E+01-7.66698E-02-2.38943E-01-1.83946E-15 7.45931E-16 5.54047E-01
 -1       285 9.17156E+00-7.42771E-02-2.32053E-01 1.07943E-15-7.87218E-15 8.76981E-01
 -1       286 5.53938E+00-7.80044E-02-2.57509E-01 2.52229E-15-1.87350E-15 1.20514E+00
 -1       287 8.66779E-01-5.67935E-02-1.65218E-01-1.57166E-15 4.45477E-15 1.52270E+00
 -1       288-4.81698E+00-2.27377E-01-4.57340E-01 3.19102E-15 1.16573E-15 1.70860E+00
 -1       289-1.30600E+01 6.17290E-01 8.94812E-01-9.12465E-16-4.30732E-15 2.86716E+00
 -1       290-1.23472E+01-5.60468E-01-8.06682E+00-1.17961E-16 2.04697E-15 3.00594E+00
 -1       291-7.54668E+00-2.67270E-01-1.39609E+00-1.84011E-15-1.64842E-15 1.17990E+00
 -1       292-4.66994E+00-1.57610E-01-2.07355E+00 1.11716E-15 5.57627E-15-1.83794E+00
 -1       293-2.28169E+00 2.48541E-01-1.06704E+01-6.93889E-18-1.12271E-14-3.37247E+00
 -1       294-8.82498E-01 3.71395E-01-2.50483E+01-5.55112E-17 8.97893E-15-3.47444E+00
 -1       295-2.11825E+01-7.87043E+00-5.21015E+00 1.49119E+00 5.15620E-01-2.37436E+00
 -1       296-1.56438E+01 1.08303E+00 1.88420E+00 3.13632E-01-5.48602E-01-2.46479E+00
 -1       297-8.80997E+00-1.19335E-01-6.52416E-01-4.29949E-01 3.36448E-02-2.69882E+00
 -1       298-2.55376E+00-7.83222E-02-1.45566E-01-3.11045E-01 2.81121E-02-2.26611E+00
 -1       299 2.84108E+00-1.18844E-01-3.01560E-01-2.48913E-01 2.48459E-02-1.82903E+00
 -1       300 7.11177E+00-1.01316E-01-2.56319E-01-1.92124E-01 2.47976E-02-1.40474E+00
 -1       301 1.02454E+01-1.06060E-01-2.69131E-01-1.33682E-01 2.49271E-02-9.78020E-01
 -1       302 1.22572E+01-1.04881E-01-2.65928E-01-7.52291E-02 2.48854E-02-5.50734E-01
 -1       303 1.31435E+01-1.05217E-01-2.67131E-01-1.68077E-02 2.48816E-02-1.23154E-01
 -1       304 1.29049E+01-1.04969E-01-2.66325E-01 4.15729E-02 2.48862E-02 3.04478E-01
 -1       305 1.15410E+01-1.05748E-01-2.67969E-01 9.98878E-02 2.48511E-02 7.31858E-01
 -1       306 9.05397E+00-1.03110E-01-2.60970E-01 1.59369E-01 2.50157E-02 1.15956E+00
 -1       307 5.43354E+00-1.09429E-01-2.88537E-01 2.17815E-01 2.56659E-02 1.58808E+00
 -1       308 6.85414E-01-9.45239E-02-1.97466E-01 2.52861E-01 1.67778E-02 1.99711E+00
 -1       309-4.91188E+00-1.80846E-01-4.01335E-01 3.78146E-01 5.70329E-02 2.37522E+00
 -1       310-1.24310E+01 5.01525E-01 6.83904E-01 3.59680E-01-5.18896E-02 3.18302E+00
 -1       311-1.12994E+01-2.29103E-01-6.22032E+00-2.30015E-01 4.31493E-02 2.66855E+00
 -1       312-7.96952E+00-4.12006E-01-4.24455E-01-3.02263E-01 1.12706E-03 1.16403E+00
 -1       313-5.29110E+00 6.25306E-02-1.21233E+00-1.21113E-01-7.93874E-02-1.88924E+00
 -1       314-2.51808E+00 6.47858E-01-9.88334E+00 2.75058E-01-2.82664E-01-4.43199E+00
 -1       315-1.60464E+00 9.51316E-02-2.55242E+01 1.83914E-01 5.38945E-01-4.60478E+00
 -1       316 7.88428E-01 3.41534E-01 3.75071E-01 2.82995E-02-5.27106E-01-2.48866E+00
 -1       317 8.61308E-01-5.98369E-02-4.53894E-01 8.77430E-03 5.51959E-01-2.50799E+00
 -1       318 8.91630E-01 5.84481E-03-3.92297E-01-5.51747E-03-2.23682E-02-2.67289E+00
 -1       319 8.58572E-01 2.15164E-03-3.69183E-01-9.98357E-05-4.08909E-02-2.25737E+00
 -1       320 8.58971E-01-3.94752E-04-3.73944E-01-2.83842E-06-2.26322E-02-1.83130E+00
 -1       321 8.60223E-01-8.16129E-05-3.74724E-01-8.64036E-06-2.48184E-02-1.40350E+00
 -1       322 8.60280E-01 4.88204E-07-3.74833E-01 1.92638E-06-2.49259E-02-9.76712E-01
 -1       323 8.60214E-01-3.14911E-05-3.75080E-01-4.98855E-06-2.48631E-02-5.49804E-01
 -1       324 8.60254E-01-2.75874E-05-3.75211E-01-7.23581E-06-2.48671E-02-1.22892E-01
 -1       325 8.60236E-01-4.62429E-05-3.75223E-01-7.76067E-06-2.48665E-02 3.04017E-01
 -1       326 8.59538E-01-1.73562E-04-3.74853E-01 1.24166E-04-2.48769E-02 7.30927E-01
 -1       327 8.61142E-01 7.10348E-04-3.73643E-01 6.05784E-05-2.48954E-02 1.15781E+00
 -1       328 8.72735E-01 1.25565E-03-3.80897E-01-1.82444E-03-2.44231E-02 1.58479E+00
 -1       329 8.33181E-01-1.78933E-02-3.89477E-01-2.23744E-03-2.61972E-02 2.01240E+00
 -1       330 5.82939E-01 5.78497E-03-1.75748E-01 3.13860E-02-3.81869E-02 2.43420E+00
 -1       331 1.73134E+00 2.18609E-01-5.73368E-01-6.57398E-02 1.13732E-01 2.75802E+00
 -1       332 3.24370E+00 6.84746E-02-3.70399E+00-6.12088E-02 2.53509E-01 1.43337E+00
 -1       333 2.61081E+00 4.50945E-02 1.43074E-01-6.31457E-02-8.79538E-02 6.55686E-02
 -1       334-2.10389E+00-1.23534E+00-3.34532E-01 1.51002E-01 5.90663E-02-6.55940E-01
 -1       335-4.03195E+00 2.32485E+00 1.86606E+00 1.30443E+00 1.83851E+00-4.65436E+00
 -1       336-1.33217E+01-1.28734E+01-6.47079E+01 2.23786E+00 3.47970E-01-7.02786E+00
 -1       337 7.47675E-01 3.40841E-01 3.62724E-01 8.32667E-17 2.77556E-17-3.35191E+00
 -1       338 8.67071E-01-6.00540E-02-4.51434E-01 5.20417E-16 7.44196E-16-2.95773E+00
 -1       339 9.12873E-01 7.07412E-03-3.82437E-01-9.88792E-16-7.00828E-16-2.04293E+00
 -1       340 8.53087E-01 1.97238E-03-3.69878E-01 2.60209E-16 2.10942E-15-1.70845E+00
 -1       341 8.59387E-01-1.00039E-03-3.74854E-01 5.89806E-17 3.14332E-15-1.38454E+00
 -1       342 8.60625E-01 9.34914E-05-3.74692E-01 3.12250E-16-1.58207E-15-1.06237E+00
 -1       343 8.60156E-01-4.16764E-06-3.74941E-01-2.55004E-16 7.43502E-15-7.39165E-01
 -1       344 8.60113E-01-3.86402E-05-3.75159E-01-2.78423E-16-5.37851E-15-4.16084E-01
 -1       345 8.60075E-01-2.71231E-05-3.75271E-01-1.94072E-17 2.10810E-15-9.30055E-02
 -1       346 8.60137E-01-1.24337E-06-3.75251E-01 9.58001E-16-1.78807E-15 2.30076E-01
 -1       347 8.60169E-01-2.69598E-04-3.75002E-01-2.89699E-16 6.14266E-15 5.53156E-01
 -1       348 8.58700E-01-2.44517E-04-3.74512E-01 8.55219E-16-1.19002E-15 8.76257E-01
 -1       349 8.68047E-01 6.59492E-03-3.76015E-01-2.30198E-15 9.64506E-16 1.19927E+00
 -1       350 8.68353E-01-1.72310E-02-3.94267E-01 4.05925E-16-7.32747E-15 1.52164E+00
 -1       351 5.96263E-01-5.32551E-02-2.41690E-01 1.24900E-15 1.26982E-15 1.84966E+00
 -1       352 1.68948E+00 4.04544E-01-3.05948E-01-4.09395E-16 4.65947E-15 2.27638E+00
 -1       353 2.75283E+00 2.95209E-02-4.41726E+00 1.33400E-15-7.08635E-16 1.49459E+00
 -1       354 2.56599E+00-2.61448E-02-7.56604E-01-1.97758E-16 1.07206E-15 1.46731E-01
 -1       355 1.14394E+00-5.89241E-01-3.61787E-01-7.35523E-16 5.16948E-15-5.24059E-01
 -1       356-3.43303E+00-1.67557E+00-2.74642E+00 8.04912E-15-1.45994E-14-3.31710E+00
 -1       357 1.24049E+00-2.74732E+00-2.92932E+01 1.53766E-14 1.86517E-14-6.59360E+00
 -1       358 7.88428E-01 3.41534E-01 3.75071E-01-2.82995E-02 5.27106E-01-2.48866E+00
 -1       359 8.61308E-01-5.98369E-02-4.53894E-01-8.77430E-03-5.51959E-01-2.50799E+00
 -1       360 8.91630E-01 5.84481E-03-3.92297E-01 5.51747E-03 2.23682E-02-2.67289E+00
 -1       361 8.58572E-01 2.15164E-03-3.69183E-01 9.98357E-05 4.08909E-02-2.25737E+00
 -1       362 8.58971E-01-3.94752E-04-3.73944E-01 2.83842E-06 2.26322E-02-1.83130E+00
 -1       363 8.60223E-01-8.16129E-05-3.74724E-01 8.64036E-06 2.48184E-02-1.40350E+00
 -1       364 8.60280E-01 4.88204E-07-3.74833E-01-1.92638E-06 2.49259E-02-9.76712E-01
 -1       365 8.60214E-01-3.14911E-05-3.75080E-01 4.98855E-06 2.48631E-02-5.49804E-01
 -1       366 8.60254E-01-2.75874E-05-3.75211E-01 7.23581E-06 2.48671E-02-1.22892E-01
 -1       367 8.60236E-01-4.62429E-05-3.75223E-01 7.76067E-06 2.48665E-02 3.04017E-01
 -1       368 8.59538E-01-1.73562E-04-3.74853E-01-1.24166E-04 2.48769E-02 7.30927E-01
 -1       369 8.61142E-01 7.10348E-04-3.73643E-01-6.05784E-05 2.48954E-02 1.15781E+00
 -1       370 8.72735E-01 1.25565E-03-3.80897E-01 1.82444E-03 2.44231E-02 1.58479E+00
 -1       371 8.33181E-01-1.78933E-02-3.89477E-01 2.23744E-03 2.61972E-02 2.01240E+00
 -1       372 5.82939E-01 5.78497E-03-1.75748E-01-3.13860E-02 3.81869E-02 2.43420E+00
 -1       373 1.73134E+00 2.18609E-01-5.73368E-01 6.57398E-02-1.13732E-01 2.75802E+00
 -1       374 3.24370E+00 6.84746E-02-3.70399E+00 6.12088E-02-2.53509E-01 1.43337E+00
 -1       375 2.61081E+00 4.50945E-02 1.43074E-01 6.31457E-02 8.79538E-02 6.55686E-02
 -1       376-2.10389E+00-1.23534E+00-3.34532E-01-1.51002E-01-5.90663E-02-6.55940E-01
 -1       377-4.03195E+00 2.32485E+00 1.86606E+00-1.30443E+00-1.83851E+00-4.65436E+00
 -1       378-1.33217E+01-1.28734E+01-6.47079E+01-2.23786E+00-3.47970E-01-7.02786E+00
 -1       379 2.31263E+01 8.66049E+00 5.95679E+00 1.54842E+00-5.15763E-01-2.58026E+00
 -1       380 1.73517E+01-1.20850E+00-2.79524E+00 3.26406E-01 5.49770E-01-2.53395E+00
 -1       381 1.04269E+01 1.18031E-01-1.21065E-01-4.40405E-01-4.16479E-02-2.66569E+00
 -1       382 4.28723E+00 8.00629E-02-5.99535E-01-3.05989E-01-2.43083E-02-2.26861E+00
 -1       383-1.12007E+00 1.18487E-01-4.46251E-01-2.49515E-01-2.53113E-02-1.82908E+00
 -1       384-5.39094E+00 1.01316E-01-4.92884E-01-1.92217E-01-2.47029E-02-1.40251E+00
 -1       385-8.52329E+00 1.06133E-01-4.80580E-01-1.33581E-01-2.48507E-02-9.75452E-01
 -1       386-1.05343E+01 1.04958E-01-4.84236E-01-7.51906E-02-2.48509E-02-5.48861E-01
 -1       387-1.14202E+01 1.05320E-01-4.83283E-01-1.68159E-02-2.48532E-02-1.22630E-01
 -1       388-1.11817E+01 1.05051E-01-4.84046E-01 4.16087E-02-2.48495E-02 3.03552E-01
 -1       389-9.81832E+00 1.05602E-01-4.81765E-01 1.00100E-01-2.48919E-02 7.30000E-01
 -1       390-7.33084E+00 1.03530E-01-4.88427E-01 1.57512E-01-2.47221E-02 1.15614E+00
 -1       391-3.71996E+00 1.13169E-01-4.67436E-01 2.15478E-01-2.38410E-02 1.58095E+00
 -1       392 1.01059E+00 8.13483E-02-5.44030E-01 2.96058E-01-3.50627E-02 2.02703E+00
 -1       393 7.09486E+00 1.44353E-01-1.66419E-01 3.12858E-01 1.12423E-02 2.52388E+00
 -1       394 1.26504E+01-2.12587E-01-1.50098E+00 2.51611E-01 1.28720E-02 2.23067E+00
 -1       395 1.58720E+01-6.48975E-01-2.42060E+00 6.77837E-02 1.90145E-01 7.24826E-01
 -1       396 1.73180E+01 3.01455E-01 2.76932E-01 1.71699E-01-1.26498E-01-2.27054E-02
 -1       397 1.80376E+01-1.86156E+00-2.05822E+00 4.41710E-01 6.00208E-01 1.31524E+00
 -1       398 2.08423E+01 8.87376E+00 1.13484E+01-2.58463E+00-2.99248E+00-8.61247E+00
 -1       399 8.51352E+00 2.97578E+00-8.92842E+01-6.59107E+00 1.22268E+01-1.87342E+01
 -1       400 2.25305E+01 8.54469E+00 5.74354E+00-1.11022E-16 4.44089E-16-3.46627E+00
 -1       401 1.77989E+01-1.10380E+00-2.68824E+00 5.55112E-17-8.39606E-16-2.99979E+00
 -1       402 1.10239E+01 2.41009E-01 8.01020E-03 2.49453E-15-1.91513E-15-2.01706E+00
 -1       403 4.10405E+00 5.49071E-02-6.22759E-01 6.80012E-16 3.07393E-15-1.70110E+00
 -1       404-1.24717E+00 8.36284E-02-4.81813E-01 7.19910E-16 8.18789E-16-1.38683E+00
 -1       405-5.50696E+00 7.28744E-02-5.21453E-01-7.42462E-16-6.76889E-15-1.06102E+00
 -1       406-8.64224E+00 7.69589E-02-5.09849E-01 1.32446E-15 4.42008E-15-7.37864E-01
 -1       407-1.06532E+01 7.57319E-02-5.13535E-01 1.09114E-15 1.09877E-14-4.15158E-01
 -1       408-1.15391E+01 7.61227E-02-5.12541E-01 9.51496E-16 6.80527E-15-9.27418E-02
 -1       409-1.13006E+01 7.58761E-02-5.13295E-01 7.82794E-16-7.87564E-16 2.29571E-01
 -1       410-9.93656E+00 7.62623E-02-5.11155E-01 2.34535E-15-1.43080E-14 5.52257E-01
 -1       411-7.44987E+00 7.42449E-02-5.17619E-01-1.33313E-15 4.84335E-15 8.75461E-01
 -1       412-3.85164E+00 8.53525E-02-4.95760E-01 2.70617E-15 2.77556E-16 1.19393E+00
 -1       413 9.15623E-01 5.18091E-02-5.78974E-01-9.92262E-16 1.09635E-15 1.52123E+00
 -1       414 7.15643E+00 1.28405E-01-1.86693E-01-2.90913E-15 3.66374E-15 1.96045E+00
 -1       415 1.28809E+01-9.14867E-02-1.31192E+00 1.20043E-15 1.70697E-15 1.78633E+00
 -1       416 1.58357E+01-5.54603E-01-2.41110E+00-2.12417E-15-1.65493E-15 6.16447E-01
 -1       417 1.75950E+01 3.61983E-01 1.94914E-02 5.35683E-15 4.80865E-15-1.66722E-01
 -1       418 2.10159E+01-1.28355E+00-1.94149E+00-1.08247E-15-1.72085E-15 4.49303E-01
 -1       419 1.37257E+01-1.72611E+00-1.08613E-01-1.71529E-14-3.01981E-14 2.47804E+00
 -1       420 2.71067E+01 1.86563E+01-2.42914E+01-4.32987E-14 3.99680E-14 2.84144E+00
 -1       421 2.31263E+01 8.66049E+00 5.95679E+00-1.54842E+00 5.15763E-01-2.58026E+00
 -1       422 1.73517E+01-1.20850E+00-2.79524E+00-3.26406E-01-5.49770E-01-2.53395E+00
 -1       423 1.04269E+01 1.18031E-01-1.21065E-01 4.40405E-01 4.16479E-02-2.66569E+00
 -1       424 4.28723E+00 8.00629E-02-5.99535E-01 3.05989E-01 2.43083E-02-2.26861E+00
 -1       425-1.12007E+00 1.18487E-01-4.46251E-01 2.49515E-01 2.53113E-02-1.82908E+00
 -1       426-5.39094E+00 1.01316E-01-4.92884E-01 1.92217E-01 2.47029E-02-1.40251E+00
 -1       427-8.52329E+00 1.06133E-01-4.80580E-01 1.33581E-01 2.48507E-02-9.75452E-01
 -1       428-1.05343E+01 1.04958E-01-4.84236E-01 7.51906E-02 2.48509E-02-5.48861E-01
 -1       429-1.14202E+01 1.05320E-01-4.83283E-01 1.68159E-02 2.48532E-02-1.22630E-01
 -1       430-1.11817E+01 1.05051E-01-4.84046E-01-4.16087E-02 2.48495E-02 3.03552E-01
 -1       431-9.81832E+00 1.05602E-01-4.81765E-01-1.00100E-01 2.48919E-02 7.30000E-01
 -1       432-7.33084E+00 1.03530E-01-4.88427E-01-1.57512E-01 2.47221E-02 1.15614E+00
 -1       433-3.71996E+00 1.13169E-01-4.67436E-01-2.15478E-01 2.38410E-02 1.58095E+00
 -1       434 1.01059E+00 8.13483E-02-5.44030E-01-2.96058E-01 3.50627E-02 2.02703E+00
 -1       435 7.09486E+00 1.44353E-01-1.66419E-01-3.12858E-01-1.12423E-02 2.52388E+00
 -1       436 1.26504E+01-2.12587E-01-1.50098E+00-2.51611E-01-1.28720E-02 2.23067E+00
 -1       437 1.58720E+01-6.48975E-01-2.42060E+00-6.77837E-02-1.90145E-01 7.24826E-01
 -1       438 1.73180E+01 3.01455E-01 2.76932E-01-1.71699E-01 1.26498E-01-2.27054E-02
 -1       439 1.80376E+01-1.86156E+00-2.05822E+00-4.41710E-01-6.00208E-01 1.31524E+00
 -1       440 2.08423E+01 8.87376E+00 1.13484E+01 2.58463E+00 2.99248E+00-8.61247E+00
 -1       441 8.51352E+00 2.97578E+00-8.92842E+01 6.59107E+00-1.22268E+01-1.87342E+01
 -3
    1PSTEP                         9           3           1          
  100CL  103 7.50000E-01         249                     0    3           1
 -4  ERROR       1    1
 -5  STR(%)      1    1    0    0
 -1        17 4.86675E+00
 -1        18 1.48119E+01
 -1        19 1.48119E+01
 -1        20 6.23241E+00
 -1        21 5.42173E+00
 -1        38 4.86675E+00
 -1        39 1.48119E+01
 -1        40 1.48119E+01
 -1        41 6.23241E+00
 -1        42 5.42173E+00
 -1        59 4.86675E+00
 -1        60 1.48119E+01
 -1        61 1.48119E+01
 -1        62 6.23241E+00
 -1        63 5.42173E+00
 -1        80 5.15361E+01
 -1        81 5.15361E+01
 -1        82 1.48119E+01
 -1        83 1.05692E+01
 -1        84 5.42173E+00
 -1       101 5.15361E+01
 -1       102 5.15361E+01
 -1       103 1.48119E+01
 -1       104 1.05692E+01
 -1       105 5.42173E+00
 -1       122 5.15361E+01
 -1       123 5.15361E+01
 -1       124 1.48119E+01
 -1       125 1.05692E+01
 -1       126 5.42173E+00
 -1       143 5.17200E+01
 -1       144 5.17200E+01
 -1       145 1.83200E+01
 -1       146 1.83200E+01
 -1       147 4.62775E+00
 -1       164 5.17200E+01
 -1       165 5.17200E+01
 -1       166 1.83200E+01
 -1       167 1.83200E+01
 -1       168 4.62775E+00
 -1       185 5.17200E+01
 -1       186 5.17200E+01
 -1       187 1.83200E+01
 -1       188 1.83200E+01
 -1       189 4.62775E+00
 -1       206 5.17200E+01
 -1       207 5.17200E+01
 -1       208 4.41609E+01
 -1       209 3.19570E+01
 -1       210 1.94450E+01
 -1       227 5.17200E+01
 -1       228 5.17200E+01
 -1       229 4.41609E+01
 -1       230 3.19570E+01
 -1       231 1.94450E+01
 -1       248 5.17200E+01
 -1       249 5.17200E+01
 -1       250 4.41609E+01
 -1       251 3.19570E+01
 -1       252 1.94450E+01
 -1       253 7.27493E+01
 -1       254 8.00215E+01
 -1       255 8.00215E+01
 -1       256 6.06267E+01
 -1       257 5.09390E+01
 -1       258 6.71614E+01
 -1       259 7.29750E+01
 -1       260 7.49583E+01
 -1       261 7.52993E+01
 -1       262 7.52993E+01
 -1       263 7.43985E+01
 -1       264 7.11986E+01
 -1       265 6.24984E+01
 -1       266 4.83380E+01
 -1       267 7.20233E+01
 -1       268 7.31845E+01
 -1       269 9.21001E+01
 -1       270 1.42591E+02
 -1       271 1.42591E+02
 -1       272 4.63509E+01
 -1       273 4.63509E+01
 -1       274 7.27493E+01
 -1       275 8.00215E+01
 -1       276 8.00215E+01
 -1       277 6.06267E+01
 -1       278 5.09390E+01
 -1       279 6.71614E+01
 -1       280 7.29750E+01
 -1       281 7.49583E+01
 -1       282 7.52993E+01
 -1       283 7.52993E+01
 -1       284 7.43985E+01
 -1       285 7.11986E+01
 -1       286 6.24984E+01
 -1       287 4.83380E+01
 -1       288 7.20233E+01
 -1       289 7.31845E+01
 -1       290 9.21001E+01
 -1       291 1.42591E+02
 -1       292 1.42591E+02
 -1       293 4.63509E+01
 -1       294 4.63509E+01
 -1       295 7.27493E+01
 -1       296 8.00215E+01
 -1       297 8.00215E+01
 -1       298 6.06267E+01
 -1       299 5.09390E+01
 -1       300 6.71614E+01
 -1       301 7.29750E+01
 -1       302 7.49583E+01
 -1       303 7.52993E+01
 -1       304 7.52993E+01
 -1       305 7.43985E+01
 -1       306 7.11986E+01
 -1       307 6.24984E+01
 -1       308 4.83380E+01
 -1       309 7.20233E+01
 -1       310 7.31845E+01
 -1       311 9.21001E+01
 -1       312 1.42591E+02
 -1       313 1.42591E+02
 -1       314 4.63509E+01
 -1       315 4.63509E+01
 -1       316 7.27493E+01
 -1       317 8.00215E+01
 -1       318 8.00215E+01
 -1       319 6.06267E+01
 -1       320 5.91758E+01
 -1       321 8.08779E+01
 -1       322 8.92208E+01
 -1       323 9.24567E+01
 -1       324 9.29418E+01
 -1       325 9.29418E+01
 -1       326 9.15753E+01
 -1       327 8.64442E+01
 -1       328 7.42210E+01
 -1       329 4.83380E+01
 -1       330 7.20233E+01
 -1       331 7.31845E+01
 -1       332 9.21001E+01
 -1       333 1.42591E+02
 -1       334 1.42591E+02
 -1       335 1.00701E+02
 -1       336 1.00701E+02
 -1       337 7.27493E+01
 -1       338 8.00215E+01
 -1       339 8.00215E+01
 -1       340 6.06267E+01
 -1       341 5.91758E+01
 -1       342 8.08779E+01
 -1       343 8.92208E+01
 -1       344 9.24567E+01
 -1       345 9.29418E+01
 -1       346 9.29418E+01
 -1       347 9.15753E+01
 -1       348 8.64442E+01
 -1       349 7.42210E+01
 -1       350 4.83380E+01
 -1       351 7.20233E+01
 -1       352 7.31845E+01
 -1       353 9.21001E+01
 -1       354 1.42591E+02
 -1       355 1.42591E+02
 -1       356 1.00701E+02
 -1       357 1.00701E+02
 -1       358 7.27493E+01
 -1       359 8.00215E+01
 -1       360 8.00215E+01
 -1       361 6.06267E+01
 -1       362 5.91758E+01
 -1       363 8.08779E+01
 -1       364 8.92208E+01
 -1       365 9.24567E+01
 -1       366 9.29418E+01
 -1       367 9.29418E+01
 -1       368 9.15753E+01
 -1       369 8.64442E+01
 -1       370 7.42210E+01
 -1       371 4.83380E+01
 -1       372 7.20233E+01
 -1       373 7.31845E+01
 -1       374 9.21001E+01
 -1       375 1.42591E+02
 -1       376 1.42591E+02
 -1       377 1.00701E+02
 -1       378 1.00701E+02
 -1       379 6.70532E+01
 -1       380 6.99730E+01
 -1       381 6.99730E+01
 -1       382 5.52377E+01
 -1       383 5.91758E+01
 -1       384 8.08779E+01
 -1       385 8.92208E+01
 -1       386 9.24567E+01
 -1       387 9.29418E+01
 -1       388 9.29418E+01
 -1       389 9.15753E+01
 -1       390 8.64442E+01
 -1       391 7.42210E+01
 -1       392 4.42120E+01
 -1       393 6.90895E+01
 -1       394 6.90895E+01
 -1       395 6.34330E+01
 -1       396 7.23137E+01
 -1       397 9.96045E+01
 -1       398 1.00701E+02
 -1       399 1.00701E+02
 -1       400 6.70532E+01
 -1       401 6.99730E+01
 -1       402 6.99730E+01
 -1       403 5.52377E+01
 -1       404 5.91758E+01
 -1       405 8.08779E+01
 -1       406 8.92208E+01
 -1       407 9.24567E+01
 -1       408 9.29418E+01
 -1       409 9.29418E+01
 -1       410 9.15753E+01
 -1       411 8.64442E+01
 -1       412 7.42210E+01
 -1       413 4.42120E+01
 -1       414 6.90895E+01
 -1       415 6.90895E+01
 -1       416 6.34330E+01
 -1       417 7.23137E+01
 -1       418 9.96045E+01
 -1       419 1.00701E+02
 -1       420 1.00701E+02
 -1       421 6.70532E+01
 -1       422 6.99730E+01
 -1       423 6.99730E+01
 -1       424 5.52377E+01
 -1       425 5.91758E+01
 -1       426 8.08779E+01
 -1       427 8.92208E+01
 -1       428 9.24567E+01
 -1       429 9.29418E+01
 -1       430 9.29418E+01
 -1       431 9.15753E+01
 -1       432 8.64442E+01
 -1       433 7.42210E+01
 -1       434 4.42120E+01
 -1       435 6.90895E+01
 -1       436 6.90895E+01
 -1       437 6.34330E+01
 -1       438 7.23137E+01
 -1       439 9.96045E+01
 -1       440 1.00701E+02
 -1       441 1.00701E+02
 -3
    1PSTEP                        10           4           1          
  100CL  104 1.000000000         249                     0    4           1
 -4  DISP        4    1
 -5  D1          1    2    1    0
 -5  D2          1    2    2    0
 -5  D3          1    2    3    0
 -5  ALL         1    2    0    0    1ALL
 -1        17 0.00000E+00 0.00000E+00 0.00000E+00
 -1        18 0.00000E+00 0.00000E+00 0.00000E+00
 -1        19 0.00000E+00 0.00000E+00 0.00000E+00
 -1        20 0.00000E+00 0.00000E+00 0.00000E+00
 -1        21 0.00000E+00 0.00000E+00 0.00000E+00
 -1        38 0.00000E+00 0.00000E+00 0.00000E+00
 -1        39 0.00000E+00 0.00000E+00 0.00000E+00
 -1        40 0.00000E+00 0.00000E+00 0.00000E+00
 -1        41 0.00000E+00 0.00000E+00 0.00000E+00
 -1        42 0.00000E+00 0.00000E+00 0.00000E+00
 -1        59 0.00000E+00 0.00000E+00 0.00000E+00
 -1        60 0.00000E+00 0.00000E+00 0.00000E+00
 -1        61 0.00000E+00 0.00000E+00 0.00000E+00
 -1        62 0.00000E+00 0.00000E+00 0.00000E+00
 -1        63 0.00000E+00 0.00000E+00 0.00000E+00
 -1        80-1.05734E-04-3.34308E-05-1.13362E-04
 -1        81-6.93504E-05-6.36407E-05-1.48847E-04
 -1        82-3.11334E-05-9.54830E-05-2.27740E-04
 -1        83 3.60809E-05-1.15907E-04-2.91301E-04
 -1        84 1.51695E-04-1.28351E-04-3.69346E-04
 -1       101-9.10662E-05 1.36960E-19-1.05783E-04
 -1       102-5.50587E-05 1.37476E-19-1.35081E-04
 -1       103-1.93475E-05 9.31509E-20-2.05783E-04
 -1       104 4.35789E-05 8.33420E-20-2.63613E-04
 -1       105 1.56898E-04 1.80352E-19-3.39790E-04
 -1       122-1.05734E-04 3.34308E-05-1.13362E-04
 -1       123-6.93504E-05 6.36407E-05-1.48847E-04
 -1       124-3.11334E-05 9.54830E-05-2.27740E-04
 -1       125 3.60809E-05 1.15907E-04-2.91301E-04
 -1       126 1.51695E-04 1.28351E-04-3.69346E-04
 -1       143-2.63336E-05-1.47296E-05-1.63216E-04
 -1       144-1.05451E-05-5.79006E-05-3.18963E-04
 -1       145 3.96602E-05-8.64788E-05-4.68059E-04
 -1       146 1.04295E-04-1.09108E-04-6.20720E-04
 -1       147 2.02717E-04-1.21929E-04-7.34773E-04
 -1       164-7.65848E-06 4.80501E-19-1.57938E-04
 -1       165 3.88584E-06 4.54944E-19-3.17175E-04
 -1       166 5.21274E-05 4.76074E-19-4.69191E-04
 -1       167 1.14491E-04 5.28586E-19-6.19120E-04
 -1       168 2.11338E-04 6.89739E-19-7.31566E-04
 -1       185-2.63336E-05 1.47296E-05-1.63216E-04
 -1       186-1.05451E-05 5.79006E-05-3.18963E-04
 -1       187 3.96602E-05 8.64788E-05-4.68059E-04
 -1       188 1.04295E-04 1.09108E-04-6.20720E-04
 -1       189 2.02717E-04 1.21929E-04-7.34773E-04
 -1       206 2.14690E-04-6.97938E-05-2.43341E-04
 -1       207 2.43816E-04-6.27509E-05-4.86451E-04
 -1       208 1.72280E-04-8.66391E-05-6.65337E-04
 -1       209 1.74881E-04-1.20258E-04-9.66632E-04
 -1       210 2.76879E-04-1.54108E-04-1.17839E-03
 -1       227 2.05022E-04 1.18679E-18-2.15282E-04
 -1       228 2.47254E-04 1.11010E-18-4.77108E-04
 -1       229 1.87286E-04 1.09639E-18-6.67137E-04
 -1       230 1.95612E-04 1.25222E-18-9.55950E-04
 -1       231 2.98100E-04 1.37610E-18-1.15266E-03
 -1       248 2.14690E-04 6.97938E-05-2.43341E-04
 -1       249 2.43816E-04 6.27509E-05-4.86451E-04
 -1       250 1.72280E-04 8.66391E-05-6.65337E-04
 -1       251 1.74881E-04 1.20258E-04-9.66632E-04
 -1       252 2.76879E-04 1.54108E-04-1.17839E-03
 -1       253 0.00000E+00 0.00000E+00 0.00000E+00
 -1       254-5.88798E-04-1.66326E-04-5.53955E-04
 -1       255-9.80949E-04-8.75745E-05-1.56152E-03
 -1       256-1.15201E-03-2.26843E-05-2.90053E-03
 -1       257-1.13699E-03 2.82005E-05-4.30232E-03
 -1       258-9.67436E-04 6.87447E-05-5.61301E-03
 -1       259-6.80814E-04 9.86186E-05-6.69309E-03
 -1       260-3.12360E-04 1.17768E-04-7.44412E-03
 -1       261 1.02096E-04 1.26205E-04-7.80193E-03
 -1       262 5.26844E-04 1.23933E-04-7.73847E-03
 -1       263 9.26155E-04 1.10961E-04-7.26127E-03
 -1       264 1.26424E-03 8.72567E-05-6.41377E-03
 -1       265 1.50567E-03 5.26316E-05-5.27413E-03
 -1       266 1.61367E-03 8.07365E-06-3.96017E-03
 -1       267 1.55411E-03-4.39304E-05-2.61768E-03
 -1       268 1.30087E-03-1.31630E-04-1.44224E-03
 -1       269 8.01476E-04-1.68109E-04-4.86748E-04
 -1       270 5.53974E-04-7.17791E-05-4.61791E-04
 -1       271 3.49146E-04-6.15806E-05-7.42754E-04
 -1       272 2.81160E-04-1.34982E-04-1.31208E-03
 -1       273 3.95596E-04-2.60145E-04-1.75461E-03
 -1       274 0.00000E+00 0.00000E+00 0.00000E+00
 -1       275-5.75254E-04-7.11727E-20-6.27115E-04
 -1       276-1.00470E-03-6.56139E-20-1.60940E-03
 -1       277-1.16951E-03 2.29855E-19-2.91471E-03
 -1       278-1.15062E-03 3.17947E-19-4.29098E-03
 -1       279-9.77997E-04 5.09308E-19-5.58142E-03
 -1       280-6.88160E-04 6.97264E-19-6.64657E-03
 -1       281-3.16491E-04 1.25120E-18-7.38803E-03
 -1       282 1.01173E-04 1.29153E-18-7.74161E-03
 -1       283 5.29127E-04 1.39084E-18-7.67929E-03
 -1       284 9.31649E-04 1.25696E-18-7.20857E-03
 -1       285 1.27299E-03 1.29765E-18-6.37294E-03
 -1       286 1.51752E-03 1.75730E-18-5.25064E-03
 -1       287 1.62795E-03 1.82278E-18-3.95857E-03
 -1       288 1.57615E-03 2.27206E-18-2.64304E-03
 -1       289 1.32313E-03 2.20692E-18-1.51099E-03
 -1       290 7.77337E-04 1.97035E-18-5.25256E-04
 -1       291 5.34247E-04 2.08308E-18-4.81424E-04
 -1       292 3.67609E-04 1.91358E-18-7.61131E-04
 -1       293 3.21472E-04 2.10255E-18-1.31477E-03
 -1       294 4.51677E-04 2.30775E-18-1.75770E-03
 -1       295 0.00000E+00 0.00000E+00 0.00000E+00
 -1       296-5.88798E-04 1.66326E-04-5.53955E-04
 -1       297-9.80949E-04 8.75745E-05-1.56152E-03
 -1       298-1.15201E-03 2.26843E-05-2.90053E-03
 -1       299-1.13699E-03-2.82005E-05-4.30232E-03
 -1       300-9.67436E-04-6.87447E-05-5.61301E-03
 -1       301-6.80814E-04-9.86186E-05-6.69309E-03
 -1       302-3.12360E-04-1.17768E-04-7.44412E-03
 -1       303 1.02096E-04-1.26205E-04-7.80193E-03
 -1       304 5.26844E-04-1.23933E-04-7.73847E-03
 -1       305 9.26155E-04-1.10961E-04-7.26127E-03
 -1       306 1.26424E-03-8.72567E-05-6.41377E-03
 -1       307 1.50567E-03-5.26316E-05-5.27413E-03
 -1       308 1.61367E-03-8.07365E-06-3.96017E-03
 -1       309 1.55411E-03 4.39304E-05-2.61768E-03
 -1       310 1.30087E-03 1.31630E-04-1.44224E-03
 -1       311 8.01476E-04 1.68109E-04-4.86748E-04
 -1       312 5.53974E-04 7.17791E-05-4.61791E-04
 -1       313 3.49146E-04 6.15806E-05-7.42754E-04
 -1       314 2.81160E-04 1.34982E-04-1.31208E-03
 -1       315 3.95596E-04 2.60145E-04-1.75461E-03
 -1       316 0.00000E+00 0.00000E+00 0.00000E+00
 -1       317 2.41747E-05 5.82649E-06-4.44722E-04
 -1       318 5.78427E-05 4.70494E-06-1.54573E-03
 -1       319 8.85389E-05 4.57220E-06-2.89641E-03
 -1       320 1.19157E-04 4.64557E-06-4.32894E-03
 -1       321 1.49905E-04 4.63232E-06-5.65861E-03
 -1       322 1.80707E-04 4.62905E-06-6.75392E-03
 -1       323 2.11562E-04 4.62746E-06-7.51439E-03
 -1       324 2.42460E-04 4.62612E-06-7.87642E-03
 -1       325 2.73372E-04 4.62623E-06-7.81181E-03
 -1       326 3.04260E-04 4.63223E-06-7.32819E-03
 -1       327 3.35054E-04 4.62642E-06-6.46869E-03
 -1       328 3.65915E-04 4.56705E-06-5.31284E-03
 -1       329 3.97563E-04 4.93435E-06-3.97337E-03
 -1       330 4.25716E-04 4.38723E-06-2.60744E-03
 -1       331 4.37306E-04 2.21606E-06-1.37950E-03
 -1       332 5.68233E-04-1.16720E-05-5.98834E-04
 -1       333 6.74965E-04 2.14337E-05-4.35088E-04
 -1       334 7.45931E-04 2.10760E-05-6.68829E-04
 -1       335 5.54381E-04-5.00321E-05-1.53687E-03
 -1       336 6.47064E-04-2.57393E-04-2.74089E-03
 -1       337 0.00000E+00 0.00000E+00 0.00000E+00
 -1       338 2.29977E-05 9.49049E-20-5.15972E-04
 -1       339 5.81643E-05 2.92516E-19-1.59065E-03
 -1       340 8.84989E-05 5.87792E-19-2.91177E-03
 -1       341 1.19146E-04 1.00067E-18-4.31807E-03
 -1       342 1.49919E-04 1.41430E-18-5.62750E-03
 -1       343 1.80716E-04 1.60893E-18-6.70789E-03
 -1       344 2.11569E-04 1.83742E-18-7.45877E-03
 -1       345 2.42462E-04 2.02665E-18-7.81658E-03
 -1       346 2.73366E-04 2.22823E-18-7.75311E-03
 -1       347 3.04253E-04 2.30802E-18-7.27599E-03
 -1       348 3.35091E-04 2.64702E-18-6.42834E-03
 -1       349 3.65787E-04 2.68665E-18-5.28967E-03
 -1       350 3.97106E-04 2.82880E-18-3.97284E-03
 -1       351 4.27898E-04 3.14675E-18-2.63502E-03
 -1       352 4.40074E-04 3.08527E-18-1.43666E-03
 -1       353 5.59122E-04 3.15548E-18-6.72290E-04
 -1       354 6.60896E-04 3.16898E-18-4.98246E-04
 -1       355 7.52462E-04 2.98157E-18-7.32952E-04
 -1       356 7.34768E-04 3.07723E-18-1.57310E-03
 -1       357 8.55787E-04 3.42854E-18-2.70401E-03
 -1       358 0.00000E+00 0.00000E+00 0.00000E+00
 -1       359 2.41747E-05-5.82649E-06-4.44722E-04
 -1       360 5.78427E-05-4.70494E-06-1.54573E-03
 -1       361 8.85389E-05-4.57220E-06-2.89641E-03
 -1       362 1.19157E-04-4.64557E-06-4.32894E-03
 -1       363 1.49905E-04-4.63232E-06-5.65861E-03
 -1       364 1.80707E-04-4.62905E-06-6.75392E-03
 -1       365 2.11562E-04-4.62746E-06-7.51439E-03
 -1       366 2.42460E-04-4.62612E-06-7.87642E-03
 -1       367 2.73372E-04-4.62623E-06-7.81181E-03
 -1       368 3.04260E-04-4.63223E-06-7.32819E-03
 -1       369 3.35054E-04-4.62642E-06-6.46869E-03
 -1       370 3.65915E-04-4.56705E-06-5.31284E-03
 -1       371 3.97563E-04-4.93435E-06-3.97337E-03
 -1       372 4.25716E-04-4.38723E-06-2.60744E-03
 -1       373 4.37306E-04-2.21606E-06-1.37950E-03
 -1       374 5.68233E-04 1.16720E-05-5.98834E-04
 -1       375 6.74965E-04-2.14337E-05-4.35088E-04
 -1       376 7.45931E-04-2.10760E-05-6.68829E-04
 -1       377 5.54381E-04 5.00321E-05-1.53687E-03
 -1       378 6.47064E-04 2.57393E-04-2.74089E-03
 -1       379 0.00000E+00 0.00000E+00 0.00000E+00
 -1       380 6.47584E-04 1.77954E-04-5.98125E-04
 -1       381 1.09546E-03 9.59050E-05-1.60279E-03
 -1       382 1.32891E-03 3.19988E-05-2.94094E-03
 -1       383 1.37534E-03-1.88943E-05-4.34282E-03
 -1       384 1.26727E-03-5.94842E-05-5.65349E-03
 -1       385 1.04225E-03-8.93589E-05-6.73347E-03
 -1       386 7.35499E-04-1.08510E-04-7.48441E-03
 -1       387 3.82828E-04-1.16950E-04-7.84216E-03
 -1       388 1.98884E-05-1.14678E-04-7.77872E-03
 -1       389-3.17657E-04-1.01683E-04-7.30156E-03
 -1       390-5.94064E-04-7.79925E-05-6.45416E-03
 -1       391-7.73824E-04-4.37878E-05-5.31505E-03
 -1       392-8.20650E-04 1.71542E-06-4.00046E-03
 -1       393-7.01907E-04 6.18514E-05-2.64845E-03
 -1       394-3.58768E-04 1.13000E-04-1.49462E-03
 -1       395 1.26168E-04 1.47070E-04-7.63935E-04
 -1       396 6.84228E-04 1.57125E-04-5.27070E-04
 -1       397 1.23943E-03 2.16852E-04-7.91778E-04
 -1       398 1.81434E-03 1.04666E-04-1.32071E-03
 -1       399 2.57888E-03-7.14780E-04-5.53434E-03
 -1       400 0.00000E+00 0.00000E+00 0.00000E+00
 -1       401 6.31804E-04 2.26664E-19-6.71237E-04
 -1       402 1.11981E-03 6.28823E-19-1.65047E-03
 -1       403 1.34622E-03 1.04456E-18-2.95505E-03
 -1       404 1.38899E-03 1.40804E-18-4.33153E-03
 -1       405 1.27785E-03 1.80451E-18-5.62190E-03
 -1       406 1.04961E-03 2.20421E-18-6.68694E-03
 -1       407 7.39644E-04 2.40211E-18-7.42831E-03
 -1       408 3.83756E-04 2.84225E-18-7.78185E-03
 -1       409 1.75944E-05 3.12940E-18-7.71954E-03
 -1       410-3.23168E-04 3.84381E-18-7.24888E-03
 -1       411-6.02750E-04 3.86653E-18-6.41331E-03
 -1       412-7.85781E-04 3.86185E-18-5.29126E-03
 -1       413-8.36628E-04 4.55987E-18-3.99984E-03
 -1       414-7.18667E-04 4.32720E-18-2.67711E-03
 -1       415-3.70150E-04 4.46247E-18-1.54912E-03
 -1       416 1.18130E-04 4.74783E-18-8.37639E-04
 -1       417 6.68558E-04 4.48053E-18-6.01615E-04
 -1       418 1.25273E-03 4.65311E-18-8.86066E-04
 -1       419 1.97444E-03 3.78315E-18-1.55171E-03
 -1       420 2.56076E-03 1.07533E-18-3.75722E-03
 -1       421 0.00000E+00 0.00000E+00 0.00000E+00
 -1       422 6.47584E-04-1.77954E-04-5.98125E-04
 -1       423 1.09546E-03-9.59050E-05-1.60279E-03
 -1       424 1.32891E-03-3.19988E-05-2.94094E-03
 -1       425 1.37534E-03 1.88943E-05-4.34282E-03
 -1       426 1.26727E-03 5.94842E-05-5.65349E-03
 -1       427 1.04225E-03 8.93589E-05-6.73347E-03
 -1       428 7.35499E-04 1.08510E-04-7.48441E-03
 -1       429 3.82828E-04 1.16950E-04-7.84216E-03
 -1       430 1.98884E-05 1.14678E-04-7.77872E-03
 -1       431-3.17657E-04 1.01683E-04-7.30156E-03
 -1       432-5.94064E-04 7.79925E-05-6.45416E-03
 -1       433-7.73824E-04 4.37878E-05-5.31505E-03
 -1       434-8.20650E-04-1.71542E-06-4.00046E-03
 -1       435-7.01907E-04-6.18514E-05-2.64845E-03
 -1       436-3.58768E-04-1.13000E-04-1.49462E-03
 -1       437 1.26168E-04-1.47070E-04-7.63935E-04
 -1       438 6.84228E-04-1.57125E-04-5.27070E-04
 -1       439 1.23943E-03-2.16852E-04-7.91778E-04
 -1       440 1.81434E-03-1.04666E-04-1.32071E-03
 -1       441 2.57888E-03 7.14780E-04-5.53434E-03
 -3
    1PSTEP                        11           4           1          
  100CL  104 1.000000000         249                     0    4           1
 -4  STRESS      6    1
 -5  SXX         1    4    1    1
 -5  SYY         1    4    2    2
 -5  SZZ         1    4    3    3
 -5  SXY         1    4    1    2
 -5  SYZ         1    4    2    3
 -5  SZX         1    4    3    1
 -1        17-2.46173E+00-2.26957E+00-5.41760E+00 1.20498E-01-6.17806E-02-1.67711E+00
 -1        18-3.26562E+00-3.02797E+00-7.23337E+00 1.21029E-01-3.95404E-01-1.54987E+00
 -1        19-4.61949E+00-4.51262E+00-1.10107E+01 1.01973E-01-6.21700E-01-9.36465E-01
 -1        20-5.99415E+00-5.74996E+00-1.39229E+01 7.04015E-02-7.36164E-01 2.25758E-01
 -1        21-6.71954E+00-7.02006E+00-1.75023E+01 5.94831E-02-8.55369E-01 9.02676E-01
 -1        38-2.38698E+00-2.33995E+00-5.09801E+00 3.05311E-16 1.44329E-15-1.44018E+00
 -1        39-3.07275E+00-3.02263E+00-6.59582E+00-1.11022E-16 1.30451E-15-1.31904E+00
 -1        40-4.29145E+00-4.45653E+00-9.97344E+00 6.17562E-16-9.43690E-16-7.46114E-01
 -1        41-5.58362E+00-5.68662E+00-1.26181E+01-4.90927E-16-1.72085E-15 3.46863E-01
 -1        42-6.28865E+00-6.96957E+00-1.61169E+01-6.93889E-18 1.49880E-15 9.86746E-01
 -1        59-2.46173E+00-2.26957E+00-5.41760E+00-1.20498E-01 6.17806E-02-1.67711E+00
 -1        60-3.26562E+00-3.02797E+00-7.23337E+00-1.21029E-01 3.95404E-01-1.54987E+00
 -1        61-4.61949E+00-4.51262E+00-1.10107E+01-1.01973E-01 6.21700E-01-9.36465E-01
 -1        62-5.99415E+00-5.74996E+00-1.39229E+01-7.04015E-02 7.36164E-01 2.25758E-01
 -1        63-6.71954E+00-7.02006E+00-1.75023E+01-5.94831E-02 8.55369E-01 9.02676E-01
 -1        80-5.79551E-02 2.16042E-01-3.91741E+00-5.19640E-02 7.82051E-02-1.10501E+00
 -1        81-5.12145E-01 3.32945E-01-7.27122E+00-7.45731E-02-1.33578E-01-1.12621E+00
 -1        82-8.11947E-01 5.81547E-01-1.05536E+01-7.84274E-02-1.71702E-01-8.63668E-01
 -1        83-4.58748E-02 6.91775E-01-1.38296E+01-3.74787E-02-2.13610E-01-2.10128E-01
 -1        84 6.40112E-01 7.22533E-01-1.61884E+01-2.84104E-02-2.62105E-01 1.47515E-01
 -1       101-2.06853E-02 2.58334E-01-3.78271E+00-1.35308E-16 3.53884E-16-8.54251E-01
 -1       102-5.66467E-01 3.32548E-01-7.25010E+00-1.48319E-16 2.23779E-15-8.93554E-01
 -1       103-9.96060E-01 5.36081E-01-1.06463E+01-1.60982E-15 1.29063E-15-6.50545E-01
 -1       104-1.97362E-01 6.66921E-01-1.38489E+01 5.76253E-16-5.35683E-15-6.64019E-02
 -1       105 5.52765E-01 7.13988E-01-1.61499E+01 8.95551E-16 5.30131E-15 2.47315E-01
 -1       122-5.79551E-02 2.16042E-01-3.91741E+00 5.19640E-02-7.82051E-02-1.10501E+00
 -1       123-5.12145E-01 3.32945E-01-7.27122E+00 7.45731E-02 1.33578E-01-1.12621E+00
 -1       124-8.11947E-01 5.81547E-01-1.05536E+01 7.84274E-02 1.71702E-01-8.63668E-01
 -1       125-4.58748E-02 6.91775E-01-1.38296E+01 3.74787E-02 2.13610E-01-2.10128E-01
 -1       126 6.40112E-01 7.22533E-01-1.61884E+01 2.84104E-02 2.62105E-01 1.47515E-01
 -1       143-1.07486E+00-5.01819E-01-2.81196E+00-1.66018E-01-4.66940E-02 1.91710E-01
 -1       144-5.23353E-01 8.47351E-02-7.28933E+00-1.20958E-01 1.49456E-01 6.07505E-03
 -1       145-6.09170E-01 4.99276E-01-9.58173E+00-6.28643E-03 1.39279E-01-7.30090E-01
 -1       146-6.81176E-01-1.23640E-02-1.43720E+01 4.94100E-02 1.59540E-01-1.15550E+00
 -1       147-6.34510E-01-2.35197E-01-1.70234E+01 8.74207E-02 7.42956E-02-1.00338E+00
 -1       164-1.11943E+00-4.79506E-01-2.38859E+00-5.55112E-16 4.14599E-15-6.12154E-02
 -1       165-7.48877E-01-3.57424E-02-7.48599E+00-4.42354E-16-2.60209E-18-1.33348E-01
 -1       166-9.29833E-01 3.62823E-01-1.02176E+01 3.42391E-16 1.28977E-15-7.05614E-01
 -1       167-9.05557E-01-5.40340E-02-1.48089E+01 7.40727E-16-5.43229E-15-1.01360E+00
 -1       168-7.03035E-01-1.63515E-01-1.71028E+01 9.61037E-16 8.60336E-15-8.48065E-01
 -1       185-1.07486E+00-5.01819E-01-2.81196E+00 1.66018E-01 4.66940E-02 1.91710E-01
 -1       186-5.23353E-01 8.47351E-02-7.28933E+00 1.20958E-01-1.49456E-01 6.07505E-03
 -1       187-6.09170E-01 4.99276E-01-9.58173E+00 6.28643E-03-1.39279E-01-7.30090E-01
 -1       188-6.81176E-01-1.23640E-02-1.43720E+01-4.94100E-02-1.59540E-01-1.15550E+00
 -1       189-6.34510E-01-2.35197E-01-1.70234E+01-8.74207E-02-7.42956E-02-1.00338E+00
 -1       206-3.96803E-01 3.01061E-01-8.07848E+00-1.25094E-01-7.01877E-01 3.25427E+00
 -1       207-2.57463E+00 5.62833E-01-4.26577E+00-4.83207E-02 1.65462E-02 1.84531E+00
 -1       208-3.89945E+00 4.40350E-01-6.87473E+00-1.90487E-02 7.02110E-02-1.52036E+00
 -1       209-2.13614E+00-1.04879E-01-1.51003E+01 1.46457E-01 1.70191E-02-2.96730E+00
 -1       210-1.33449E+00-4.27418E-01-2.16957E+01 1.80734E-01-5.18105E-01-2.55808E+00
 -1       227-8.56328E-02 3.23320E-01-8.89765E+00-2.30371E-15 7.85483E-15 2.60606E+00
 -1       228-2.11320E+00 6.57183E-01-4.54889E+00 2.28983E-16-1.94463E-15 1.32826E+00
 -1       229-3.65874E+00 3.49496E-01-7.19191E+00 8.10116E-16 2.90740E-15-1.46112E+00
 -1       230-2.03072E+00-1.24195E-01-1.51646E+01 2.84495E-16-7.78544E-15-2.50177E+00
 -1       231-1.39501E+00-5.19640E-01-2.18737E+01 1.66533E-16 7.85483E-15-1.93178E+00
 -1       248-3.96803E-01 3.01061E-01-8.07848E+00 1.25094E-01 7.01877E-01 3.25427E+00
 -1       249-2.57463E+00 5.62833E-01-4.26577E+00 4.83207E-02-1.65462E-02 1.84531E+00
 -1       250-3.89945E+00 4.40350E-01-6.87473E+00 1.90487E-02-7.02110E-02-1.52036E+00
 -1       251-2.13614E+00-1.04879E-01-1.51003E+01-1.46457E-01-1.70191E-02-2.96730E+00
 -1       252-1.33449E+00-4.27418E-01-2.16957E+01-1.80734E-01 5.18105E-01-2.55808E+00
 -1       253-2.82411E+01-1.04936E+01-6.94673E+00-1.98804E+00-6.87449E-01-3.16520E+00
 -1       254-2.08563E+01 1.44413E+00 2.51237E+00-4.18093E-01 7.31493E-01-3.28549E+00
 -1       255-1.17454E+01-1.59143E-01-8.69570E-01 5.73208E-01-4.49107E-02-3.59771E+00
 -1       256-3.40413E+00-1.04439E-01-1.93670E-01 4.14700E-01-3.75224E-02-3.02115E+00
 -1       257 3.78878E+00-1.58460E-01-4.01744E-01 3.31875E-01-3.31549E-02-2.43888E+00
 -1       258 9.48298E+00-1.35081E-01-3.41555E-01 2.56165E-01-3.30810E-02-1.87348E+00
 -1       259 1.36612E+01-1.41397E-01-3.58772E-01 1.78246E-01-3.32455E-02-1.30460E+00
 -1       260 1.63436E+01-1.39818E-01-3.54607E-01 1.00309E-01-3.31841E-02-7.34736E-01
 -1       261 1.75253E+01-1.40263E-01-3.56261E-01 2.24118E-02-3.31764E-02-1.64331E-01
 -1       262 1.72072E+01-1.39934E-01-3.55174E-01-5.54320E-02-3.31830E-02 4.06179E-01
 -1       263 1.53887E+01-1.40977E-01-3.57293E-01-1.33187E-01-3.31402E-02 9.76270E-01
 -1       264 1.20726E+01-1.37468E-01-3.47843E-01-2.12493E-01-3.33663E-02 1.54660E+00
 -1       265 7.24546E+00-1.45902E-01-3.84464E-01-2.90416E-01-3.42420E-02 2.11780E+00
 -1       266 9.14766E-01-1.26036E-01-2.62927E-01-3.37133E-01-2.23989E-02 2.66277E+00
 -1       267-6.54801E+00-2.41154E-01-5.34751E-01-5.04152E-01-7.60877E-02 3.16648E+00
 -1       268-1.65729E+01 6.68734E-01 9.12312E-01-4.79533E-01 6.91161E-02 4.24307E+00
 -1       269-1.50651E+01-3.05475E-01-8.29359E+00 3.06656E-01-5.75426E-02 3.55771E+00
 -1       270-1.06258E+01-5.49372E-01-5.65904E-01 4.02987E-01-1.50386E-03 1.55208E+00
 -1       271-7.05525E+00 8.34171E-02-1.61619E+00 1.61456E-01 1.05820E-01-2.51899E+00
 -1       272-3.35772E+00 8.64134E-01-1.31775E+01-3.66870E-01 3.76850E-01-5.90981E+00
 -1       273-2.13935E+00 1.27545E-01-3.40311E+01-2.45320E-01-7.18747E-01-6.14052E+00
 -1       274-2.75496E+01-1.03385E+01-6.69240E+00-1.88738E-15-1.66533E-16-4.34668E+00
 -1       275-2.14380E+01 1.30341E+00 2.37600E+00 1.94289E-16-1.14145E-15-3.90976E+00
 -1       276-1.24908E+01-3.22636E-01-1.01826E+00-2.44596E-15 4.99600E-16-2.73258E+00
 -1       277-3.17248E+00-7.05674E-02-1.63863E-01-4.16854E-15 8.70831E-15-2.26080E+00
 -1       278 3.96242E+00-1.12331E-01-3.55551E-01 2.36616E-15-6.48093E-15-1.84921E+00
 -1       279 9.63777E+00-9.71415E-02-3.03879E-01-2.94730E-15 3.16414E-15-1.41844E+00
 -1       280 1.38196E+01-1.02469E-01-3.20032E-01 2.80418E-15 1.68962E-15-9.87801E-01
 -1       281 1.65019E+01-1.00872E-01-3.15787E-01 3.59955E-16-1.61537E-14-5.56458E-01
 -1       282 1.76834E+01-1.01332E-01-3.17438E-01-1.09288E-15 3.18081E-14-1.24486E-01
 -1       283 1.73653E+01-1.00962E-01-3.16327E-01-1.77169E-15-1.12323E-14 3.07658E-01
 -1       284 1.55478E+01-1.02209E-01-3.18630E-01-2.72872E-15 1.25316E-14 7.39202E-01
 -1       285 1.22294E+01-9.90263E-02-3.09340E-01 3.68195E-16-5.30131E-15 1.16985E+00
 -1       286 7.38662E+00-1.04005E-01-3.43164E-01 2.03223E-15-2.41474E-15 1.60724E+00
 -1       287 1.15667E+00-7.57294E-02-2.20020E-01-1.98452E-15 4.87804E-15 2.03027E+00
 -1       288-6.42136E+00-3.03190E-01-6.09548E-01-5.28885E-15 4.53804E-15 2.27769E+00
 -1       289-1.74114E+01 8.23118E-01 1.19349E+00-5.93275E-16 2.69750E-15 3.82185E+00
 -1       290-1.64621E+01-7.47294E-01-1.07555E+01 2.32222E-15 4.05463E-15 4.00747E+00
 -1       291-1.00621E+01-3.56384E-01-1.86148E+00-3.06265E-15-1.55605E-15 1.57320E+00
 -1       292-6.22717E+00-2.10107E-01-2.76463E+00 2.10942E-15 3.60649E-15-2.45063E+00
 -1       293-3.04271E+00 3.31651E-01-1.42277E+01 3.88578E-16-1.13728E-14-4.49702E+00
 -1       294-1.17678E+00 4.95698E-01-3.33983E+01 2.16493E-15 1.80411E-14-4.63337E+00
 -1       295-2.82411E+01-1.04936E+01-6.94673E+00 1.98804E+00 6.87449E-01-3.16520E+00
 -1       296-2.08563E+01 1.44413E+00 2.51237E+00 4.18093E-01-7.31493E-01-3.28549E+00
 -1       297-1.17454E+01-1.59143E-01-8.69570E-01-5.73208E-01 4.49107E-02-3.59771E+00
 -1       298-3.40413E+00-1.04439E-01-1.93670E-01-4.14700E-01 3.75224E-02-3.02115E+00
 -1       299 3.78878E+00-1.58460E-01-4.01744E-01-3.31875E-01 3.31549E-02-2.43888E+00
 -1       300 9.48298E+00-1.35081E-01-3.41555E-01-2.56165E-01 3.30810E-02-1.87348E+00
 -1       301 1.36612E+01-1.41397E-01-3.58772E-01-1.78246E-01 3.32455E-02-1.30460E+00
 -1       302 1.63436E+01-1.39818E-01-3.54607E-01-1.00309E-01 3.31841E-02-7.34736E-01
 -1       303 1.75253E+01-1.40263E-01-3.56261E-01-2.24118E-02 3.31764E-02-1.64331E-01
 -1       304 1.72072E+01-1.39934E-01-3.55174E-01 5.54320E-02 3.31830E-02 4.06179E-01
 -1       305 1.53887E+01-1.40977E-01-3.57293E-01 1.33187E-01 3.31402E-02 9.76270E-01
 -1       306 1.20726E+01-1.37468E-01-3.47843E-01 2.12493E-01 3.33663E-02 1.54660E+00
 -1       307 7.24546E+00-1.45902E-01-3.84464E-01 2.90416E-01 3.42420E-02 2.11780E+00
 -1       308 9.14766E-01-1.26036E-01-2.62927E-01 3.37133E-01 2.23989E-02 2.66277E+00
 -1       309-6.54801E+00-2.41154E-01-5.34751E-01 5.04152E-01 7.60877E-02 3.16648E+00
 -1       310-1.65729E+01 6.68734E-01 9.12312E-01 4.79533E-01-6.91161E-02 4.24307E+00
 -1       311-1.50651E+01-3.05475E-01-8.29359E+00-3.06656E-01 5.75426E-02 3.55771E+00
 -1       312-1.06258E+01-5.49372E-01-5.65904E-01-4.02987E-01 1.50386E-03 1.55208E+00
 -1       313-7.05525E+00 8.34171E-02-1.61619E+00-1.61456E-01-1.05820E-01-2.51899E+00
 -1       314-3.35772E+00 8.64134E-01-1.31775E+01 3.66870E-01-3.76850E-01-5.90981E+00
 -1       315-2.13935E+00 1.27545E-01-3.40311E+01 2.45320E-01 7.18747E-01-6.14052E+00
 -1       316 1.05151E+00 4.55587E-01 5.00459E-01 3.76712E-02-7.02784E-01-3.31821E+00
 -1       317 1.14850E+00-7.98610E-02-6.05244E-01 1.16863E-02 7.35920E-01-3.34401E+00
 -1       318 1.18926E+00 7.77465E-03-5.22685E-01-7.35138E-03-2.98272E-02-3.56387E+00
 -1       319 1.14527E+00 2.85688E-03-4.91803E-01-1.38076E-04-5.45217E-02-3.00984E+00
 -1       320 1.14592E+00-5.35567E-04-4.98248E-01-5.70139E-06-3.01753E-02-2.44174E+00
 -1       321 1.14763E+00-1.17483E-04-4.99428E-01-1.46864E-05-3.30884E-02-1.87134E+00
 -1       322 1.14773E+00-1.04197E-05-4.99713E-01-4.86071E-07-3.32305E-02-1.30229E+00
 -1       323 1.14764E+00-5.55251E-05-5.00152E-01-8.64092E-06-3.31460E-02-7.33080E-01
 -1       324 1.14770E+00-5.16667E-05-5.00380E-01-1.01517E-05-3.31510E-02-1.63863E-01
 -1       325 1.14767E+00-7.61542E-05-5.00383E-01-9.26946E-06-3.31504E-02 4.05349E-01
 -1       326 1.14675E+00-2.43996E-04-4.99815E-01 1.67976E-04-3.31647E-02 9.74564E-01
 -1       327 1.14888E+00 9.37195E-04-4.98078E-01 8.39013E-05-3.31904E-02 1.54375E+00
 -1       328 1.16431E+00 1.66561E-03-5.07607E-01-2.42966E-03-3.25623E-02 2.11305E+00
 -1       329 1.11151E+00-2.38666E-02-5.18923E-01-2.98067E-03-3.49285E-02 2.68319E+00
 -1       330 7.77755E-01 7.69836E-03-2.33922E-01 4.18467E-02-5.09172E-02 3.24556E+00
 -1       331 2.30870E+00 2.91425E-01-7.64231E-01-8.76596E-02 1.51615E-01 3.67749E+00
 -1       332 4.32533E+00 9.12961E-02-4.93858E+00-8.16016E-02 3.37972E-01 1.91141E+00
 -1       333 3.48140E+00 6.01257E-02 1.90724E-01-8.42111E-02-1.17287E-01 8.76999E-02
 -1       334-2.80613E+00-1.64736E+00-4.45910E-01 2.01365E-01 7.88742E-02-8.74034E-01
 -1       335-5.37839E+00 3.09944E+00 2.48825E+00 1.73956E+00 2.45146E+00-6.20450E+00
 -1       336-1.77706E+01-1.71706E+01-8.62770E+01 2.98517E+00 4.63658E-01-9.37279E+00
 -1       337 9.97012E-01 4.54668E-01 4.83989E-01 4.16334E-16 0.00000E+00-4.46918E+00
 -1       338 1.15610E+00-8.01431E-02-6.01923E-01 3.12250E-17 4.77049E-16-3.94365E+00
 -1       339 1.21766E+00 9.42319E-03-5.09650E-01-8.25728E-16 2.56739E-16-2.72394E+00
 -1       340 1.13806E+00 2.61715E-03-4.92844E-01 6.24500E-16-2.74433E-15-2.27796E+00
 -1       341 1.14654E+00-1.34184E-03-4.99550E-01 1.13451E-15 2.38004E-15-1.84609E+00
 -1       342 1.14820E+00 1.16933E-04-4.99449E-01-7.94503E-16-1.19037E-14-1.41652E+00
 -1       343 1.14755E+00-1.63745E-05-4.99903E-01-1.72952E-15-6.24847E-15-9.85578E-01
 -1       344 1.14746E+00-6.50823E-05-5.00290E-01-1.15012E-15 5.99173E-15-5.54796E-01
 -1       345 1.14739E+00-5.11901E-05-5.00486E-01 1.15663E-15-1.42529E-14-1.24016E-01
 -1       346 1.14748E+00-1.62709E-05-5.00448E-01 4.33681E-16 2.00274E-14 3.06768E-01
 -1       347 1.14755E+00-3.71960E-04-5.00049E-01 5.06539E-16 9.59302E-16 7.37549E-01
 -1       348 1.14563E+00-3.35414E-04-4.99287E-01 1.46931E-15 5.19376E-15 1.16836E+00
 -1       349 1.15811E+00 8.78535E-03-5.01169E-01-2.88658E-15 1.48735E-14 1.59905E+00
 -1       350 1.15849E+00-2.29818E-02-5.25404E-01-1.12410E-15-5.97439E-15 2.02888E+00
 -1       351 7.95604E-01-7.10192E-02-3.21958E-01 3.80945E-15-2.56739E-15 2.46621E+00
 -1       352 2.25286E+00 5.39329E-01-4.07785E-01-1.10502E-15 1.02002E-15 3.03527E+00
 -1       353 3.67072E+00 3.93584E-02-5.88961E+00 4.89192E-16 8.69096E-16 1.99299E+00
 -1       354 3.42152E+00-3.48708E-02-1.00893E+00 1.76942E-16 1.85615E-15 1.95837E-01
 -1       355 1.52477E+00-7.85698E-01-4.82249E-01-2.63678E-16 6.32827E-15-6.98462E-01
 -1       356-4.57902E+00-2.23419E+00-3.66025E+00 9.32587E-15-1.67644E-14-4.42247E+00
 -1       357 1.65081E+00-3.66443E+00-3.90583E+01 1.98452E-14 3.35287E-14-8.79470E+00
 -1       358 1.05151E+00 4.55587E-01 5.00459E-01-3.76712E-02 7.02784E-01-3.31821E+00
 -1       359 1.14850E+00-7.98610E-02-6.05244E-01-1.16863E-02-7.35920E-01-3.34401E+00
 -1       360 1.18926E+00 7.77465E-03-5.22685E-01 7.35138E-03 2.98272E-02-3.56387E+00
 -1       361 1.14527E+00 2.85688E-03-4.91803E-01 1.38076E-04 5.45217E-02-3.00984E+00
 -1       362 1.14592E+00-5.35567E-04-4.98248E-01 5.70139E-06 3.01753E-02-2.44174E+00
 -1       363 1.14763E+00-1.17483E-04-4.99428E-01 1.46864E-05 3.30884E-02-1.87134E+00
 -1       364 1.14773E+00-1.04197E-05-4.99713E-01 4.86071E-07 3.32305E-02-1.30229E+00
 -1       365 1.14764E+00-5.55251E-05-5.00152E-01 8.64092E-06 3.31460E-02-7.33080E-01
 -1       366 1.14770E+00-5.16667E-05-5.00380E-01 1.01517E-05 3.31510E-02-1.63863E-01
 -1       367 1.14767E+00-7.61542E-05-5.00383E-01 9.26946E-06 3.31504E-02 4.05349E-01
 -1       368 1.14675E+00-2.43996E-04-4.99815E-01-1.67976E-04 3.31647E-02 9.74564E-01
 -1       369 1.14888E+00 9.37195E-04-4.98078E-01-8.39013E-05 3.31904E-02 1.54375E+00
 -1       370 1.16431E+00 1.66561E-03-5.07607E-01 2.42966E-03 3.25623E-02 2.11305E+00
 -1       371 1.11151E+00-2.38666E-02-5.18923E-01 2.98067E-03 3.49285E-02 2.68319E+00
 -1       372 7.77755E-01 7.69836E-03-2.33922E-01-4.18467E-02 5.09172E-02 3.24556E+00
 -1       373 2.30870E+00 2.91425E-01-7.64231E-01 8.76596E-02-1.51615E-01 3.67749E+00
 -1       374 4.32533E+00 9.12961E-02-4.93858E+00 8.16016E-02-3.37972E-01 1.91141E+00
 -1       375 3.48140E+00 6.01257E-02 1.90724E-01 8.42111E-02 1.17287E-01 8.76999E-02
 -1       376-2.80613E+00-1.64736E+00-4.45910E-01-2.01365E-01-7.88742E-02-8.74034E-01
 -1       377-5.37839E+00 3.09944E+00 2.48825E+00-1.73956E+00-2.45146E+00-6.20450E+00
 -1       378-1.77706E+01-1.71706E+01-8.62770E+01-2.98517E+00-4.63658E-01-9.37279E+00
 -1       379 3.08357E+01 1.15469E+01 7.94201E+00 2.06467E+00-6.87688E-01-3.44103E+00
 -1       380 2.31366E+01-1.61114E+00-3.72666E+00 4.35273E-01 7.32947E-01-3.37958E+00
 -1       381 1.39028E+01 1.57349E-01-1.61123E-01-5.87245E-01-5.54844E-02-3.55499E+00
 -1       382 5.71673E+00 1.06745E-01-7.98947E-01-4.07989E-01-3.23742E-02-3.02516E+00
 -1       383-1.49273E+00 1.57977E-01-5.94673E-01-3.32673E-01-3.37192E-02-2.43861E+00
 -1       384-7.18682E+00 1.35089E-01-6.56985E-01-2.56267E-01-3.29142E-02-1.86954E+00
 -1       385-1.13629E+01 1.41518E-01-6.40720E-01-1.78088E-01-3.31169E-02-1.30005E+00
 -1       386-1.40440E+01 1.39957E-01-6.45703E-01-1.00241E-01-3.31213E-02-7.31406E-01
 -1       387-1.52250E+01 1.40442E-01-6.44485E-01-2.24187E-02-3.31265E-02-1.63395E-01
 -1       388-1.49071E+01 1.40083E-01-6.45489E-01 5.54695E-02-3.31211E-02 4.04514E-01
 -1       389-1.30894E+01 1.40813E-01-6.42373E-01 1.33449E-01-3.31749E-02 9.72861E-01
 -1       390-9.77317E+00 1.38045E-01-6.51134E-01 2.09993E-01-3.29439E-02 1.54098E+00
 -1       391-4.95911E+00 1.50890E-01-6.23006E-01 2.87283E-01-3.17632E-02 2.10756E+00
 -1       392 1.34790E+00 1.08458E-01-7.25004E-01 3.94735E-01-4.67154E-02 2.70273E+00
 -1       393 9.46001E+00 1.92463E-01-2.21507E-01 4.17153E-01 1.50188E-02 3.36568E+00
 -1       394 1.68677E+01-2.83400E-01-2.00102E+00 3.35515E-01 1.71717E-02 2.97508E+00
 -1       395 2.11638E+01-8.65213E-01-3.22743E+00 9.04224E-02 2.53507E-01 9.67151E-01
 -1       396 2.30923E+01 4.01913E-01 3.69135E-01 2.29074E-01-1.68674E-01-2.99196E-02
 -1       397 2.40542E+01-2.48187E+00-2.74407E+00 5.88980E-01 8.00363E-01 1.75373E+00
 -1       398 2.77954E+01 1.18342E+01 1.51319E+01-3.44691E+00-3.98985E+00-1.14840E+01
 -1       399 1.13623E+01 3.97334E+00-1.19021E+02-8.79050E+00 1.63086E+01-2.49920E+01
 -1       400 3.00411E+01 1.13925E+01 7.65771E+00 1.94289E-15-1.11022E-16-4.62241E+00
 -1       401 2.37328E+01-1.47156E+00-3.58395E+00 3.49720E-15-1.51268E-15-4.00074E+00
 -1       402 1.46990E+01 3.21304E-01 1.08450E-02 3.82333E-15-4.16334E-17-2.69018E+00
 -1       403 5.47259E+00 7.32017E-02-8.30029E-01 2.82413E-15 3.47639E-15-2.26849E+00
 -1       404-1.66211E+00 1.11500E-01-6.42174E-01 1.09288E-15 5.03070E-15-1.84896E+00
 -1       405-7.34146E+00 9.71677E-02-6.95140E-01 2.89352E-15-3.69149E-15-1.41424E+00
 -1       406-1.15215E+01 1.02621E-01-6.79789E-01 3.68108E-15-5.85296E-15-9.83280E-01
 -1       407-1.42025E+01 1.00990E-01-6.84798E-01 2.67581E-15 1.13416E-14-5.53146E-01
 -1       408-1.53836E+01 1.01514E-01-6.83520E-01 4.46691E-17-2.96649E-15-1.23545E-01
 -1       409-1.50656E+01 1.01184E-01-6.84513E-01 3.06699E-15 1.08073E-15 3.05881E-01
 -1       410-1.32471E+01 1.01695E-01-6.81594E-01 2.30024E-15-5.81132E-15 7.35886E-01
 -1       411-9.93186E+00 9.89989E-02-6.90105E-01-1.55084E-15-2.20726E-14 1.16676E+00
 -1       412-5.13461E+00 1.13802E-01-6.60840E-01 4.16854E-15 1.32741E-14 1.59156E+00
 -1       413 1.22136E+00 6.90708E-02-7.71694E-01 6.45317E-16-8.40300E-15 2.02836E+00
 -1       414 9.54217E+00 1.71193E-01-2.48652E-01-1.61329E-15 2.02616E-15 2.61446E+00
 -1       415 1.71750E+01-1.21947E-01-1.74905E+00 3.73312E-15-3.91354E-15 2.38261E+00
 -1       416 2.11152E+01-7.39395E-01-3.21482E+00-2.45724E-15-1.29931E-15 8.22586E-01
 -1       417 2.34618E+01 4.82682E-01 2.58879E-02 8.51402E-15 8.18789E-15-2.22089E-01
 -1       418 2.80251E+01-1.71156E+00-2.58889E+00 2.08167E-15 9.71445E-16 5.99027E-01
 -1       419 1.83044E+01-2.30151E+00-1.47920E-01-2.25375E-14-3.77476E-14 3.30602E+00
 -1       420 3.61514E+01 2.48771E+01-3.23910E+01-5.04041E-14 3.37508E-14 3.78144E+00
 -1       421 3.08357E+01 1.15469E+01 7.94201E+00-2.06467E+00 6.87688E-01-3.44103E+00
 -1       422 2.31366E+01-1.61114E+00-3.72666E+00-4.35273E-01-7.32947E-01-3.37958E+00
 -1       423 1.39028E+01 1.57349E-01-1.61123E-01 5.87245E-01 5.54844E-02-3.55499E+00
 -1       424 5.71673E+00 1.06745E-01-7.98947E-01 4.07989E-01 3.23742E-02-3.02516E+00
 -1       425-1.49273E+00 1.57977E-01-5.94673E-01 3.32673E-01 3.37192E-02-2.43861E+00
 -1       426-7.18682E+00 1.35089E-01-6.56985E-01 2.56267E-01 3.29142E-02-1.86954E+00
 -1       427-1.13629E+01 1.41518E-01-6.40720E-01 1.78088E-01 3.31169E-02-1.30005E+00
 -1       428-1.40440E+01 1.39957E-01-6.45703E-01 1.00241E-01 3.31213E-02-7.31406E-01
 -1       429-1.52250E+01 1.40442E-01-6.44485E-01 2.24187E-02 3.31265E-02-1.63395E-01
 -1       430-1.49071E+01 1.40083E-01-6.45489E-01-5.54695E-02 3.31211E-02 4.04514E-01
 -1       431-1.30894E+01 1.40813E-01-6.42373E-01-1.33449E-01 3.31749E-02 9.72861E-01
 -1       432-9.77317E+00 1.38045E-01-6.51134E-01-2.09993E-01 3.29439E-02 1.54098E+00
 -1       433-4.95911E+00 1.50890E-01-6.23006E-01-2.87283E-01 3.17632E-02 2.10756E+00
 -1       434 1.34790E+00 1.08458E-01-7.25004E-01-3.94735E-01 4.67154E-02 2.70273E+00
 -1       435 9.46001E+00 1.92463E-01-2.21507E-01-4.17153E-01-1.50188E-02 3.36568E+00
 -1       436 1.68677E+01-2.83400E-01-2.00102E+00-3.35515E-01-1.71717E-02 2.97508E+00
 -1       437 2.11638E+01-8.65213E-01-3.22743E+00-9.04224E-02-2.53507E-01 9.67151E-01
 -1       438 2.30923E+01 4.01913E-01 3.69135E-01-2.29074E-01 1.68674E-01-2.99196E-02
 -1       439 2.40542E+01-2.48187E+00-2.74407E+00-5.88980E-01-8.00363E-01 1.75373E+00
 -1       440 2.77954E+01 1.18342E+01 1.51319E+01 3.44691E+00 3.98985E+00-1.14840E+01
 -1       441 1.13623E+01 3.97334E+00-1.19021E+02 8.79050E+00-1.63086E+01-2.49920E+01
 -3
    1PSTEP                        12           4           1          
  100CL  104 1.000000000         249                     0    4           1
 -4  ERROR       1    1
 -5  STR(%)      1    1    0    0
 -1        17 4.86443E+00
 -1        18 1.48089E+01
 -1        19 1.48089E+01
 -1        20 6.23085E+00
 -1        21 5.41852E+00
 -1        38 4.86443E+00
 -1        39 1.48089E+01
 -1        40 1.48089E+01
 -1        41 6.23085E+00
 -1        42 5.41852E+00
 -1        59 4.86443E+00
 -1        60 1.48089E+01
 -1        61 1.48089E+01
 -1        62 6.23085E+00
 -1        63 5.41852E+00
 -1        80 5.15328E+01
 -1        81 5.15328E+01
 -1        82 1.48089E+01
 -1        83 1.05675E+01
 -1        84 5.41852E+00
 -1       101 5.15328E+01
 -1       102 5.15328E+01
 -1       103 1.48089E+01
 -1       104 1.05675E+01
 -1       105 5.41852E+00
 -1       122 5.15328E+01
 -1       123 5.15328E+01
 -1       124 1.48089E+01
 -1       125 1.05675E+01
 -1       126 5.41852E+00
 -1       143 5.17259E+01
 -1       144 5.17259E+01
 -1       145 1.83187E+01
 -1       146 1.83187E+01
 -1       147 4.62764E+00
 -1       164 5.17259E+01
 -1       165 5.17259E+01
 -1       166 1.83187E+01
 -1       167 1.83187E+01
 -1       168 4.62764E+00
 -1       185 5.17259E+01
 -1       186 5.17259E+01
 -1       187 1.83187E+01
 -1       188 1.83187E+01
 -1       189 4.62764E+00
 -1       206 5.17259E+01
 -1       207 5.17259E+01
 -1       208 4.41618E+01
 -1       209 3.19559E+01
 -1       210 1.94440E+01
 -1       227 5.17259E+01
 -1       228 5.17259E+01
 -1       229 4.41618E+01
 -1       230 3.19559E+01
 -1       231 1.94440E+01
 -1       248 5.17259E+01
 -1       249 5.17259E+01
 -1       250 4.41618E+01
 -1       251 3.19559E+01
 -1       252 1.94440E+01
 -1       253 7.27486E+01
 -1       254 8.00243E+01
 -1       255 8.00243E+01
 -1       256 6.06290E+01
 -1       257 5.09331E+01
 -1       258 6.71557E+01
 -1       259 7.29701E+01
 -1       260 7.49540E+01
 -1       261 7.52948E+01
 -1       262 7.52948E+01
 -1       263 7.43940E+01
 -1       264 7.11935E+01
 -1       265 6.24926E+01
 -1       266 4.83414E+01
 -1       267 7.20284E+01
 -1       268 7.31829E+01
 -1       269 9.20982E+01
 -1       270 1.42594E+02
 -1       271 1.42594E+02
 -1       272 4.63465E+01
 -1       273 4.63465E+01
 -1       274 7.27486E+01
 -1       275 8.00243E+01
 -1       276 8.00243E+01
 -1       277 6.06290E+01
 -1       278 5.09331E+01
 -1       279 6.71557E+01
 -1       280 7.29701E+01
 -1       281 7.49540E+01
 -1       282 7.52948E+01
 -1       283 7.52948E+01
 -1       284 7.43940E+01
 -1       285 7.11935E+01
 -1       286 6.24926E+01
 -1       287 4.83414E+01
 -1       288 7.20284E+01
 -1       289 7.31829E+01
 -1       290 9.20982E+01
 -1       291 1.42594E+02
 -1       292 1.42594E+02
 -1       293 4.63465E+01
 -1       294 4.63465E+01
 -1       295 7.27486E+01
 -1       296 8.00243E+01
 -1       297 8.00243E+01
 -1       298 6.06290E+01
 -1       299 5.09331E+01
 -1       300 6.71557E+01
 -1       301 7.29701E+01
 -1       302 7.49540E+01
 -1       303 7.52948E+01
 -1       304 7.52948E+01
 -1       305 7.43940E+01
 -1       306 7.11935E+01
 -1       307 6.24926E+01
 -1       308 4.83414E+01
 -1       309 7.20284E+01
 -1       310 7.31829E+01
 -1       311 9.20982E+01
 -1       312 1.42594E+02
 -1       313 1.42594E+02
 -1       314 4.63465E+01
 -1       315 4.63465E+01
 -1       316 7.27486E+01
 -1       317 8.00243E+01
 -1       318 8.00243E+01
 -1       319 6.06290E+01
 -1       320 5.91792E+01
 -1       321 8.08831E+01
 -1       322 8.92260E+01
 -1       323 9.24630E+01
 -1       324 9.29488E+01
 -1       325 9.29488E+01
 -1       326 9.15813E+01
 -1       327 8.64502E+01
 -1       328 7.42259E+01
 -1       329 4.83414E+01
 -1       330 7.20284E+01
 -1       331 7.31829E+01
 -1       332 9.20982E+01
 -1       333 1.42594E+02
 -1       334 1.42594E+02
 -1       335 1.00699E+02
 -1       336 1.00699E+02
 -1       337 7.27486E+01
 -1       338 8.00243E+01
 -1       339 8.00243E+01
 -1       340 6.06290E+01
 -1       341 5.91792E+01
 -1       342 8.08831E+01
 -1       343 8.92260E+01
 -1       344 9.24630E+01
 -1       345 9.29488E+01
 -1       346 9.29488E+01
 -1       347 9.15813E+01
 -1       348 8.64502E+01
 -1       349 7.42259E+01
 -1       350 4.83414E+01
 -1       351 7.20284E+01
 -1       352 7.31829E+01
 -1       353 9.20982E+01
 -1       354 1.42594E+02
 -1       355 1.42594E+02
 -1       356 1.00699E+02
 -1       357 1.00699E+02
 -1       358 7.27486E+01
 -1       359 8.00243E+01
 -1       360 8.00243E+01
 -1       361 6.06290E+01
 -1       362 5.91792E+01
 -1       363 8.08831E+01
 -1       364 8.92260E+01
 -1       365 9.24630E+01
 -1       366 9.29488E+01
 -1       367 9.29488E+01
 -1       368 9.15813E+01
 -1       369 8.64502E+01
 -1       370 7.42259E+01
 -1       371 4.83414E+01
 -1       372 7.20284E+01
 -1       373 7.31829E+01
 -1       374 9.20982E+01
 -1       375 1.42594E+02
 -1       376 1.42594E+02
 -1       377 1.00699E+02
 -1       378 1.00699E+02
 -1       379 6.70536E+01
 -1       380 6.99699E+01
 -1       381 6.99699E+01
 -1       382 5.52334E+01
 -1       383 5.91792E+01
 -1       384 8.08831E+01
 -1       385 8.92260E+01
 -1       386 9.24630E+01
 -1       387 9.29488E+01
 -1       388 9.29488E+01
 -1       389 9.15813E+01
 -1       390 8.64502E+01
 -1       391 7.42259E+01
 -1       392 4.42166E+01
 -1       393 6.90852E+01
 -1       394 6.90852E+01
 -1       395 6.34326E+01
 -1       396 7.23150E+01
 -1       397 9.96037E+01
 -1       398 1.00699E+02
 -1       399 1.00699E+02
 -1       400 6.70536E+01
 -1       401 6.99699E+01
 -1       402 6.99699E+01
 -1       403 5.52334E+01
 -1       404 5.91792E+01
 -1       405 8.08831E+01
 -1       406 8.92260E+01
 -1       407 9.24630E+01
 -1       408 9.29488E+01
 -1       409 9.29488E+01
 -1       410 9.15813E+01
 -1       411 8.64502E+01
 -1       412 7.42259E+01
 -1       413 4.42166E+01
 -1       414 6.90852E+01
 -1       415 6.90852E+01
 -1       416 6.34326E+01
 -1       417 7.23150E+01
 -1       418 9.96037E+01
 -1       419 1.00699E+02
 -1       420 1.00699E+02
 -1       421 6.70536E+01
 -1       422 6.99699E+01
 -1       423 6.99699E+01
 -1       424 5.52334E+01
 -1       425 5.91792E+01
 -1       426 8.08831E+01
 -1       427 8.92260E+01
 -1       428 9.24630E+01
 -1       429 9.29488E+01
 -1       430 9.29488E+01
 -1       431 9.15813E+01
 -1       432 8.64502E+01
 -1       433 7.42259E+01
 -1       434 4.42166E+01
 -1       435 6.90852E+01
 -1       436 6.90852E+01
 -1       437 6.34326E+01
 -1       438 7.23150E+01
 -1       439 9.96037E+01
 -1       440 1.00699E+02
 -1       441 1.00699E+02
 -3
    1PSTEP                        13           1           2          
  100CL  105 1.500000000         189                     0    5           1
 -4  DISP        4    1
 -5  D1          1    2    1    0
 -5  D2          1    2    2    0
 -5  D3          1    2    3    0
 -5  ALL         1    2    0    0    1ALL
 -1       253 0.00000E+00 0.00000E+00 0.00000E+00
 -1       254-2.89889E-02-9.37643E-03-1.68476E-02
 -1       255-5.79807E-02-8.52042E-03-6.00341E-02
 -1       256-8.55442E-02-7.80838E-03-1.32979E-01
 -1       257-1.11645E-01-7.23384E-03-2.31282E-01
 -1       258-1.36282E-01-6.66052E-03-3.53655E-01
 -1       259-1.59638E-01-6.10251E-03-4.98056E-01
 -1       260-1.81787E-01-5.56150E-03-6.62700E-01
 -1       261-2.02804E-01-5.03690E-03-8.45797E-01
 -1       262-2.22743E-01-4.52873E-03-1.04563E+00
 -1       263-2.41640E-01-4.03696E-03-1.26051E+00
 -1       264-2.59521E-01-3.56158E-03-1.48883E+00
 -1       265-2.76401E-01-3.10256E-03-1.72901E+00
 -1       266-2.92285E-01-2.65989E-03-1.97954E+00
 -1       267-3.07174E-01-2.23346E-03-2.23895E+00
 -1       268-3.21061E-01-1.82304E-03-2.50583E+00
 -1       269-3.33937E-01-1.43099E-03-2.77882E+00
 -1       270-3.45785E-01-1.05836E-03-3.05659E+00
 -1       271-3.56640E-01-6.50773E-04-3.33800E+00
 -1       272-3.66256E-01-3.04531E-04-3.62170E+00
 -1       273-3.74734E-01-2.41120E-04-3.90571E+00
 -1       274 0.00000E+00 0.00000E+00 0.00000E+00
 -1       275-2.76701E-02-3.02163E-17-2.10094E-02
 -1       276-5.83551E-02-1.48127E-16-6.43310E-02
 -1       277-8.58120E-02-3.09280E-16-1.36870E-01
 -1       278-1.11895E-01-5.41394E-16-2.34885E-01
 -1       279-1.36542E-01-8.30892E-16-3.56972E-01
 -1       280-1.59898E-01-1.12434E-15-5.01095E-01
 -1       281-1.82044E-01-1.50494E-15-6.65469E-01
 -1       282-2.03057E-01-1.94943E-15-8.48304E-01
 -1       283-2.22987E-01-2.31744E-15-1.04788E+00
 -1       284-2.41875E-01-2.74472E-15-1.26252E+00
 -1       285-2.59745E-01-3.24134E-15-1.49060E+00
 -1       286-2.76612E-01-3.79076E-15-1.73055E+00
 -1       287-2.92484E-01-4.29057E-15-1.98086E+00
 -1       288-3.07359E-01-4.85627E-15-2.24006E+00
 -1       289-3.21230E-01-5.40222E-15-2.50674E+00
 -1       290-3.34091E-01-6.02033E-15-2.77953E+00
 -1       291-3.45933E-01-6.62098E-15-3.05711E+00
 -1       292-3.56768E-01-6.97941E-15-3.33831E+00
 -1       293-3.66330E-01-7.53958E-15-3.62183E+00
 -1       294-3.74766E-01-7.80557E-15-3.90583E+00
 -1       295 0.00000E+00 0.00000E+00 0.00000E+00
 -1       296-2.89889E-02 9.37643E-03-1.68476E-02
 -1       297-5.79807E-02 8.52042E-03-6.00341E-02
 -1       298-8.55442E-02 7.80838E-03-1.32979E-01
 -1       299-1.11645E-01 7.23384E-03-2.31282E-01
 -1       300-1.36282E-01 6.66052E-03-3.53655E-01
 -1       301-1.59638E-01 6.10251E-03-4.98056E-01
 -1       302-1.81787E-01 5.56150E-03-6.62700E-01
 -1       303-2.02804E-01 5.03690E-03-8.45797E-01
 -1       304-2.22743E-01 4.52873E-03-1.04563E+00
 -1       305-2.41640E-01 4.03696E-03-1.26051E+00
 -1       306-2.59521E-01 3.56158E-03-1.48883E+00
 -1       307-2.76401E-01 3.10256E-03-1.72901E+00
 -1       308-2.92285E-01 2.65989E-03-1.97954E+00
 -1       309-3.07174E-01 2.23346E-03-2.23895E+00
 -1       310-3.21061E-01 1.82304E-03-2.50583E+00
 -1       311-3.33937E-01 1.43099E-03-2.77882E+00
 -1       312-3.45785E-01 1.05836E-03-3.05659E+00
 -1       313-3.56640E-01 6.50773E-04-3.33800E+00
 -1       314-3.66256E-01 3.04531E-04-3.62170E+00
 -1       315-3.74734E-01 2.41120E-04-3.90571E+00
 -1       316 0.00000E+00 0.00000E+00 0.00000E+00
 -1       317-9.29235E-05-5.14579E-05-1.07594E-02
 -1       318-3.36020E-04-3.88616E-05-5.67798E-02
 -1       319-9.11568E-04-3.35118E-05-1.29672E-01
 -1       320-1.93032E-03-2.86500E-05-2.28946E-01
 -1       321-3.47104E-03-2.42371E-05-3.52113E-01
 -1       322-5.59865E-03-2.02143E-05-4.97412E-01
 -1       323-8.34908E-03-1.66751E-05-6.62955E-01
 -1       324-1.17390E-02-1.35508E-05-8.46955E-01
 -1       325-1.57671E-02-1.08178E-05-1.04767E+00
 -1       326-2.04169E-02-8.44766E-06-1.26341E+00
 -1       327-2.56590E-02-6.41349E-06-1.49254E+00
 -1       328-3.14536E-02-4.69028E-06-1.73348E+00
 -1       329-3.77522E-02-3.25972E-06-1.98471E+00
 -1       330-4.44996E-02-2.05805E-06-2.24475E+00
 -1       331-5.16364E-02-1.01629E-06-2.51220E+00
 -1       332-5.90994E-02-1.02089E-06-2.78567E+00
 -1       333-6.68130E-02-1.14580E-07-3.06389E+00
 -1       334-7.47028E-02 7.18428E-06-3.34554E+00
 -1       335-8.30279E-02-3.32768E-06-3.62957E+00
 -1       336-9.11770E-02-1.32233E-04-3.91424E+00
 -1       337 0.00000E+00 0.00000E+00 0.00000E+00
 -1       338-1.12540E-04-3.47659E-17-1.48961E-02
 -1       339-3.90157E-04-1.39297E-16-6.09347E-02
 -1       340-9.81197E-04-2.95735E-16-1.33594E-01
 -1       341-2.01185E-03-5.09586E-16-2.32551E-01
 -1       342-3.56158E-03-7.57235E-16-3.55435E-01
 -1       343-5.69454E-03-1.09749E-15-5.00456E-01
 -1       344-8.44719E-03-1.43395E-15-6.65729E-01
 -1       345-1.18367E-02-1.89387E-15-8.49468E-01
 -1       346-1.58622E-02-2.31384E-15-1.04993E+00
 -1       347-2.05073E-02-2.69400E-15-1.26542E+00
 -1       348-2.57433E-02-3.21540E-15-1.49432E+00
 -1       349-3.15304E-02-3.67459E-15-1.73503E+00
 -1       350-3.78206E-02-4.21674E-15-1.98604E+00
 -1       351-4.45590E-02-4.77271E-15-2.24587E+00
 -1       352-5.16857E-02-5.26521E-15-2.51311E+00
 -1       353-5.91383E-02-5.79058E-15-2.78639E+00
 -1       354-6.68492E-02-6.44888E-15-3.06441E+00
 -1       355-7.47354E-02-7.14837E-15-3.34588E+00
 -1       356-8.28873E-02-7.51214E-15-3.62973E+00
 -1       357-9.09971E-02-7.80426E-15-3.91427E+00
 -1       358 0.00000E+00 0.00000E+00 0.00000E+00
 -1       359-9.29235E-05 5.14579E-05-1.07594E-02
 -1       360-3.36020E-04 3.88616E-05-5.67798E-02
 -1       361-9.11568E-04 3.35118E-05-1.29672E-01
 -1       362-1.93032E-03 2.86500E-05-2.28946E-01
 -1       363-3.47104E-03 2.42371E-05-3.52113E-01
 -1       364-5.59865E-03 2.02143E-05-4.97412E-01
 -1       365-8.34908E-03 1.66751E-05-6.62955E-01
 -1       366-1.17390E-02 1.35508E-05-8.46955E-01
 -1       367-1.57671E-02 1.08178E-05-1.04767E+00
 -1       368-2.04169E-02 8.44766E-06-1.26341E+00
 -1       369-2.56590E-02 6.41349E-06-1.49254E+00
 -1       370-3.14536E-02 4.69028E-06-1.73348E+00
 -1       371-3.77522E-02 3.25972E-06-1.98471E+00
 -1       372-4.44996E-02 2.05805E-06-2.24475E+00
 -1       373-5.16364E-02 1.01629E-06-2.51220E+00
 -1       374-5.90994E-02 1.02089E-06-2.78567E+00
 -1       375-6.68130E-02 1.14580E-07-3.06389E+00
 -1       376-7.47028E-02-7.18428E-06-3.34554E+00
 -1       377-8.30279E-02 3.32768E-06-3.62957E+00
 -1       378-9.11770E-02 1.32233E-04-3.91424E+00
 -1       379 0.00000E+00 0.00000E+00 0.00000E+00
 -1       380 2.87653E-02 9.28789E-03-1.71124E-02
 -1       381 5.72057E-02 8.45672E-03-6.08032E-02
 -1       382 8.35696E-02 7.76230E-03-1.34489E-01
 -1       383 1.07616E-01 7.19255E-03-2.33765E-01
 -1       384 1.29152E-01 6.62561E-03-3.57252E-01
 -1       385 1.48244E-01 6.07350E-03-5.02866E-01
 -1       386 1.64888E-01 5.53766E-03-6.68777E-01
 -1       387 1.79127E-01 5.01761E-03-8.53156E-01
 -1       388 1.91014E-01 4.51342E-03-1.05425E+00
 -1       389 2.00621E-01 4.02511E-03-1.27035E+00
 -1       390 2.08031E-01 3.55269E-03-1.49982E+00
 -1       391 2.13337E-01 3.09618E-03-1.74106E+00
 -1       392 2.16642E-01 2.65556E-03-1.99255E+00
 -1       393 2.18054E-01 2.23096E-03-2.25281E+00
 -1       394 2.17687E-01 1.82259E-03-2.52040E+00
 -1       395 2.15660E-01 1.42790E-03-2.79398E+00
 -1       396 2.12089E-01 1.04557E-03-3.07223E+00
 -1       397 2.07084E-01 7.43428E-04-3.35388E+00
 -1       398 2.00842E-01 3.35234E-04-3.63743E+00
 -1       399 1.93803E-01-5.65914E-04-3.92499E+00
 -1       400 0.00000E+00 0.00000E+00 0.00000E+00
 -1       401 2.74294E-02-1.89964E-17-2.12508E-02
 -1       402 5.74614E-02-1.15689E-16-6.50981E-02
 -1       403 8.36975E-02-2.81349E-16-1.38386E-01
 -1       404 1.07702E-01-4.87299E-16-2.37373E-01
 -1       405 1.29230E-01-7.57154E-16-3.60577E-01
 -1       406 1.48311E-01-1.05247E-15-5.05914E-01
 -1       407 1.64948E-01-1.41650E-15-6.71556E-01
 -1       408 1.79183E-01-1.72785E-15-8.55674E-01
 -1       409 1.91068E-01-2.17910E-15-1.05651E+00
 -1       410 2.00675E-01-2.74617E-15-1.27237E+00
 -1       411 2.08086E-01-3.16349E-15-1.50160E+00
 -1       412 2.13395E-01-3.65568E-15-1.74262E+00
 -1       413 2.16703E-01-4.22480E-15-1.99389E+00
 -1       414 2.18119E-01-4.73140E-15-2.25393E+00
 -1       415 2.17758E-01-5.29089E-15-2.52132E+00
 -1       416 2.15737E-01-5.79850E-15-2.79470E+00
 -1       417 2.12160E-01-6.27046E-15-3.07276E+00
 -1       418 2.07172E-01-6.75184E-15-3.35425E+00
 -1       419 2.01030E-01-7.31953E-15-3.63777E+00
 -1       420 1.93799E-01-8.28315E-15-3.92323E+00
 -1       421 0.00000E+00 0.00000E+00 0.00000E+00
 -1       422 2.87653E-02-9.28789E-03-1.71124E-02
 -1       423 5.72057E-02-8.45672E-03-6.08032E-02
 -1       424 8.35696E-02-7.76230E-03-1.34489E-01
 -1       425 1.07616E-01-7.19255E-03-2.33765E-01
 -1       426 1.29152E-01-6.62561E-03-3.57252E-01
 -1       427 1.48244E-01-6.07350E-03-5.02866E-01
 -1       428 1.64888E-01-5.53766E-03-6.68777E-01
 -1       429 1.79127E-01-5.01761E-03-8.53156E-01
 -1       430 1.91014E-01-4.51342E-03-1.05425E+00
 -1       431 2.00621E-01-4.02511E-03-1.27035E+00
 -1       432 2.08031E-01-3.55269E-03-1.49982E+00
 -1       433 2.13337E-01-3.09618E-03-1.74106E+00
 -1       434 2.16642E-01-2.65556E-03-1.99255E+00
 -1       435 2.18054E-01-2.23096E-03-2.25281E+00
 -1       436 2.17687E-01-1.82259E-03-2.52040E+00
 -1       437 2.15660E-01-1.42790E-03-2.79398E+00
 -1       438 2.12089E-01-1.04557E-03-3.07223E+00
 -1       439 2.07084E-01-7.43428E-04-3.35388E+00
 -1       440 2.00842E-01-3.35234E-04-3.63743E+00
 -1       441 1.93803E-01 5.65914E-04-3.92499E+00
 -3
    1PSTEP                        14           1           2          
  100CL  105 1.500000000         189                     0    5           1
 -4  STRESS      6    1
 -5  SXX         1    4    1    1
 -5  SYY         1    4    2    2
 -5  SZZ         1    4    3    3
 -5  SXY         1    4    1    2
 -5  SYZ         1    4    2    3
 -5  SZX         1    4    3    1
 -1       253-1.36949E+03-5.16048E+02-3.59201E+02-1.06456E+02-3.78133E+01 6.88996E+00
 -1       254-1.21046E+03 6.06285E+01 1.10001E+02-3.50777E+01 2.96188E+01 6.49246E+00
 -1       255-1.15503E+03-3.23090E-01-2.12856E+01 7.68724E+00-8.00428E-01-1.88669E+01
 -1       256-1.08749E+03 1.45602E+00 4.80874E+00 4.22896E+00-2.87562E-01-1.33828E+01
 -1       257-1.00588E+03-7.15677E-01-2.93299E+00 4.02426E+00-2.29365E-01-8.42794E+00
 -1       258-9.26285E+02 1.68815E-01-2.79708E-01 3.99687E+00-2.17614E-01-5.09136E+00
 -1       259-8.49571E+02-1.07938E-01-6.84705E-01 3.88275E+00-2.27915E-01-2.70748E+00
 -1       260-7.74853E+02-7.44771E-02-3.02628E-01 3.77363E+00-2.29066E-01-1.15755E+00
 -1       261-7.02347E+02-1.12637E-01-1.61450E-01 3.66537E+00-2.30043E-01-3.57584E-01
 -1       262-6.32029E+02-1.28151E-01 2.79795E-02 3.55627E+00-2.30062E-01-1.90533E-01
 -1       263-5.63915E+02-1.46549E-01 1.91872E-01 3.44664E+00-2.29128E-01-5.59883E-01
 -1       264-4.98007E+02-1.61028E-01 3.53856E-01 3.33652E+00-2.27337E-01-1.37303E+00
 -1       265-4.34311E+02-1.73045E-01 5.10626E-01 3.22578E+00-2.24749E-01-2.54515E+00
 -1       266-3.72829E+02-1.84661E-01 6.55668E-01 3.11468E+00-2.21538E-01-3.99870E+00
 -1       267-3.13559E+02-1.88661E-01 8.16671E-01 3.00600E+00-2.17280E-01-5.66308E+00
 -1       268-2.56504E+02-2.18925E-01 8.96822E-01 2.88955E+00-2.12502E-01-7.47437E+00
 -1       269-2.01638E+02-1.16518E-01 1.19620E+00 2.72401E+00-2.16269E-01-9.30209E+00
 -1       270-1.49572E+02-4.30910E-01 3.62149E-01 2.80753E+00-1.64473E-01-1.12936E+01
 -1       271-9.55985E+01 3.79698E-01 4.81579E+00 3.18482E+00-2.33855E-01-1.46767E+01
 -1       272-4.38731E+01 6.09798E-01 9.79284E-01 1.41335E+00-1.13569E-01-1.61914E+01
 -1       273-2.24709E+01-3.17644E+00-2.41032E+01 4.98850E-01-1.48827E+00-1.50828E+01
 -1       274-1.30275E+03-5.00193E+02-3.33841E+02-4.26326E-14-8.52651E-14-5.93764E+01
 -1       275-1.22005E+03 5.77937E+01 1.07690E+02-8.43769E-14 5.17364E-14-4.90708E+01
 -1       276-1.19216E+03-7.76846E+00-2.92376E+01-1.30673E-13 2.56462E-14-1.14013E+01
 -1       277-1.08527E+03 1.11634E+00 3.53125E+00-3.74922E-13 5.88418E-14-4.71133E+00
 -1       278-1.00557E+03-3.50245E-01-3.31336E+00-5.33407E-13 2.18825E-13-1.16674E+00
 -1       279-9.26524E+02 1.91984E-01-1.01897E+00 2.01741E-13-6.08846E-13 2.12330E+00
 -1       280-8.49498E+02-4.98323E-02-1.37725E+00-4.16014E-13 5.63993E-14 4.30200E+00
 -1       281-7.74641E+02-1.42301E-02-9.79729E-01 7.43294E-14-2.79221E-13 5.64097E+00
 -1       282-7.02015E+02-5.35321E-02-8.25240E-01 5.12465E-13 2.24021E-12 6.23316E+00
 -1       283-6.31594E+02-6.91659E-02-6.19967E-01-5.61065E-13 6.93445E-13 6.19212E+00
 -1       284-5.63393E+02-8.76754E-02-4.38891E-01-2.92336E-13-1.23351E-12 5.61464E+00
 -1       285-4.97415E+02-1.02291E-01-2.58553E-01-1.60434E-12 5.65936E-13 4.59352E+00
 -1       286-4.33663E+02-1.14436E-01-8.23524E-02-7.46209E-13-1.00370E-12 3.21360E+00
 -1       287-3.72140E+02-1.25582E-01 8.33630E-02 7.59837E-13-1.10328E-12 1.55322E+00
 -1       288-3.12833E+02-1.30234E-01 2.64596E-01 3.25989E-14-7.11819E-13-3.17063E-01
 -1       289-2.55738E+02-1.66528E-01 3.66085E-01-3.36703E-13 1.20687E-12-2.34653E+00
 -1       290-2.01058E+02-6.68568E-02 6.87892E-01 7.33011E-13 4.43973E-12-4.39793E+00
 -1       291-1.48786E+02-1.30959E-01 5.17356E-02 1.95871E-12 4.68459E-13-6.30165E+00
 -1       292-9.46321E+01-4.84955E-01 2.98195E+00 4.29171E-13 6.33565E-12-1.00441E+01
 -1       293-4.21783E+01-7.07347E-01-4.80089E-01-2.12452E-12 4.70621E-12-1.12215E+01
 -1       294-1.81875E+01-1.65726E+00-1.88511E+01-2.81147E-12-1.38646E-11-1.13416E+01
 -1       295-1.36949E+03-5.16048E+02-3.59201E+02 1.06456E+02 3.78133E+01 6.88996E+00
 -1       296-1.21046E+03 6.06285E+01 1.10001E+02 3.50777E+01-2.96188E+01 6.49246E+00
 -1       297-1.15503E+03-3.23090E-01-2.12856E+01-7.68724E+00 8.00428E-01-1.88669E+01
 -1       298-1.08749E+03 1.45602E+00 4.80874E+00-4.22896E+00 2.87562E-01-1.33828E+01
 -1       299-1.00588E+03-7.15677E-01-2.93299E+00-4.02426E+00 2.29365E-01-8.42794E+00
 -1       300-9.26285E+02 1.68815E-01-2.79708E-01-3.99687E+00 2.17614E-01-5.09136E+00
 -1       301-8.49571E+02-1.07938E-01-6.84705E-01-3.88275E+00 2.27915E-01-2.70748E+00
 -1       302-7.74853E+02-7.44771E-02-3.02628E-01-3.77363E+00 2.29066E-01-1.15755E+00
 -1       303-7.02347E+02-1.12637E-01-1.61450E-01-3.66537E+00 2.30043E-01-3.57584E-01
 -1       304-6.32029E+02-1.28151E-01 2.79795E-02-3.55627E+00 2.30062E-01-1.90533E-01
 -1       305-5.63915E+02-1.46549E-01 1.91872E-01-3.44664E+00 2.29128E-01-5.59883E-01
 -1       306-4.98007E+02-1.61028E-01 3.53856E-01-3.33652E+00 2.27337E-01-1.37303E+00
 -1       307-4.34311E+02-1.73045E-01 5.10626E-01-3.22578E+00 2.24749E-01-2.54515E+00
 -1       308-3.72829E+02-1.84661E-01 6.55668E-01-3.11468E+00 2.21538E-01-3.99870E+00
 -1       309-3.13559E+02-1.88661E-01 8.16671E-01-3.00600E+00 2.17280E-01-5.66308E+00
 -1       310-2.56504E+02-2.18925E-01 8.96822E-01-2.88955E+00 2.12502E-01-7.47437E+00
 -1       311-2.01638E+02-1.16518E-01 1.19620E+00-2.72401E+00 2.16269E-01-9.30209E+00
 -1       312-1.49572E+02-4.30910E-01 3.62149E-01-2.80753E+00 1.64473E-01-1.12936E+01
 -1       313-9.55985E+01 3.79698E-01 4.81579E+00-3.18482E+00 2.33855E-01-1.46767E+01
 -1       314-4.38731E+01 6.09798E-01 9.79284E-01-1.41335E+00 1.13569E-01-1.61914E+01
 -1       315-2.24709E+01-3.17644E+00-2.41032E+01-4.98850E-01 1.48827E+00-1.50828E+01
 -1       316-5.13702E+00-1.15432E+00-3.10570E-01-9.65519E-01-3.77398E+01 3.79595E+00
 -1       317-6.66941E+00-5.77958E-01-3.77231E+00-3.01209E-01 2.87575E+01-1.74589E+00
 -1       318-4.94951E+00-1.93405E-01-2.01565E+00 1.05263E-01 6.12163E-01-3.18979E+01
 -1       319-5.30252E+00-2.71787E-01-1.25341E+00-3.01426E-02-9.24270E-01-3.15288E+01
 -1       320-4.73169E+00-2.20456E-01-7.70509E-01 1.60290E-02 5.65645E-02-3.07362E+01
 -1       321-4.32782E+00-1.90118E-01-3.31530E-01 1.19370E-02-4.75186E-02-2.98237E+01
 -1       322-3.95501E+00-1.58689E-01 6.23024E-02 9.26155E-03-5.49285E-02-2.89675E+01
 -1       323-3.61420E+00-1.32888E-01 3.95171E-01 7.82068E-03-5.14454E-02-2.81073E+01
 -1       324-3.29826E+00-1.09457E-01 6.75868E-01 6.55683E-03-5.14142E-02-2.72486E+01
 -1       325-3.00884E+00-8.90565E-02 9.07849E-01 5.29321E-03-5.12413E-02-2.63916E+01
 -1       326-2.74351E+00-7.13217E-02 1.09474E+00 4.14234E-03-5.10247E-02-2.55360E+01
 -1       327-2.50083E+00-5.60902E-02 1.24006E+00 3.10439E-03-5.08378E-02-2.46816E+01
 -1       328-2.27881E+00-4.30652E-02 1.34720E+00 2.11422E-03-5.06618E-02-2.38284E+01
 -1       329-2.07507E+00-3.20830E-02 1.41870E+00 8.49132E-04-5.04854E-02-2.29763E+01
 -1       330-1.89873E+00-2.54845E-02 1.45893E+00 9.68833E-04-5.04989E-02-2.21247E+01
 -1       331-1.75100E+00-1.60762E-02 1.49019E+00 6.44194E-03-4.96388E-02-2.12717E+01
 -1       332-1.42863E+00 2.91252E-02 1.44676E+00-1.47941E-02-5.14500E-02-2.04328E+01
 -1       333-8.66533E-01-2.46446E-02 1.00441E+00-1.20292E-01-5.57324E-02-1.96251E+01
 -1       334-6.08575E+00-1.31118E+00 2.00346E+00 1.93345E-01-5.05619E-02-1.85254E+01
 -1       335-9.17084E+00 2.88030E+00 1.19357E+01 1.89227E+00 1.57292E+00-1.70556E+01
 -1       336-2.26810E+01-1.91174E+01-7.05376E+01 3.44558E+00-6.90257E-01-1.89686E+01
 -1       337-5.68593E+00-1.09977E+00-5.67673E-01-1.68754E-13 1.06581E-14-6.30260E+01
 -1       338-7.95983E+00-4.79161E-01-3.37987E+00-1.58595E-13-3.50830E-14-5.67365E+01
 -1       339-6.18383E+00-1.15589E-01-2.63291E+00-9.45355E-14-1.02029E-13-2.50734E+01
 -1       340-5.97576E+00-3.06099E-01-2.05319E+00-2.13718E-14 3.65263E-14-2.38960E+01
 -1       341-5.24892E+00-2.18674E-01-1.54750E+00 1.81077E-13-4.43257E-13-2.31692E+01
 -1       342-4.67119E+00-1.87543E-01-1.09295E+00-3.60267E-13-4.86833E-14-2.25648E+01
 -1       343-4.12946E+00-1.58180E-01-6.90384E-01-3.04756E-14-2.37255E-13-2.19086E+01
 -1       344-3.64449E+00-1.32157E-01-3.44923E-01-4.13669E-13 7.52176E-13-2.12605E+01
 -1       345-3.20557E+00-1.08740E-01-4.98930E-02-8.90010E-13 5.67296E-13-2.06145E+01
 -1       346-2.81164E+00-8.83932E-02 1.97960E-01 5.75096E-13 1.19049E-12-1.99698E+01
 -1       347-2.45917E+00-7.07022E-02 4.02153E-01 5.78149E-14-2.16605E-12-1.93262E+01
 -1       348-2.14533E+00-5.55288E-02 5.66038E-01-3.31624E-13 1.72168E-13-1.86834E+01
 -1       349-1.86736E+00-4.26234E-02 6.92800E-01 2.97956E-13 7.39270E-13-1.80412E+01
 -1       350-1.62212E+00-3.11376E-02 7.85289E-01-8.60978E-14 1.00603E-12-1.73994E+01
 -1       351-1.40540E+00-2.37042E-02 8.47671E-01-5.68434E-14 2.71874E-12-1.67579E+01
 -1       352-1.23563E+00-3.04123E-02 8.89132E-01 2.76945E-13 9.01335E-13-1.61154E+01
 -1       353-1.04582E+00 4.90274E-02 9.03476E-01-7.78266E-13 1.78987E-12-1.54752E+01
 -1       354-6.06215E-01 5.83387E-02 4.99677E-01-3.10896E-12 8.04995E-13-1.48781E+01
 -1       355-1.92327E+00-5.23814E-01 1.88583E+00-1.17739E-13 7.28972E-12-1.39639E+01
 -1       356-7.74080E+00-2.29378E+00 5.99758E+00 1.96432E-12-9.47309E-12-1.26070E+01
 -1       357-1.72510E+00-4.54391E+00-2.09031E+01 4.60271E-12 1.32283E-11-1.57586E+01
 -1       358-5.13702E+00-1.15432E+00-3.10570E-01 9.65519E-01 3.77398E+01 3.79595E+00
 -1       359-6.66941E+00-5.77958E-01-3.77231E+00 3.01209E-01-2.87575E+01-1.74589E+00
 -1       360-4.94951E+00-1.93405E-01-2.01565E+00-1.05263E-01-6.12163E-01-3.18979E+01
 -1       361-5.30252E+00-2.71787E-01-1.25341E+00 3.01426E-02 9.24270E-01-3.15288E+01
 -1       362-4.73169E+00-2.20456E-01-7.70509E-01-1.60290E-02-5.65645E-02-3.07362E+01
 -1       363-4.32782E+00-1.90118E-01-3.31530E-01-1.19370E-02 4.75186E-02-2.98237E+01
 -1       364-3.95501E+00-1.58689E-01 6.23024E-02-9.26155E-03 5.49285E-02-2.89675E+01
 -1       365-3.61420E+00-1.32888E-01 3.95171E-01-7.82068E-03 5.14454E-02-2.81073E+01
 -1       366-3.29826E+00-1.09457E-01 6.75868E-01-6.55683E-03 5.14142E-02-2.72486E+01
 -1       367-3.00884E+00-8.90565E-02 9.07849E-01-5.29321E-03 5.12413E-02-2.63916E+01
 -1       368-2.74351E+00-7.13217E-02 1.09474E+00-4.14234E-03 5.10247E-02-2.55360E+01
 -1       369-2.50083E+00-5.60902E-02 1.24006E+00-3.10439E-03 5.08378E-02-2.46816E+01
 -1       370-2.27881E+00-4.30652E-02 1.34720E+00-2.11422E-03 5.06618E-02-2.38284E+01
 -1       371-2.07507E+00-3.20830E-02 1.41870E+00-8.49132E-04 5.04854E-02-2.29763E+01
 -1       372-1.89873E+00-2.54845E-02 1.45893E+00-9.68833E-04 5.04989E-02-2.21247E+01
 -1       373-1.75100E+00-1.60762E-02 1.49019E+00-6.44194E-03 4.96388E-02-2.12717E+01
 -1       374-1.42863E+00 2.91252E-02 1.44676E+00 1.47941E-02 5.14500E-02-2.04328E+01
 -1       375-8.66533E-01-2.46446E-02 1.00441E+00 1.20292E-01 5.57324E-02-1.96251E+01
 -1       376-6.08575E+00-1.31118E+00 2.00346E+00-1.93345E-01 5.05619E-02-1.85254E+01
 -1       377-9.17084E+00 2.88030E+00 1.19357E+01-1.89227E+00-1.57292E+00-1.70556E+01
 -1       378-2.26810E+01-1.91174E+01-7.05376E+01-3.44558E+00 6.90257E-01-1.89686E+01
 -1       379 1.38024E+03 5.09499E+02 3.49596E+02 1.08926E+02-3.74735E+01 8.14651E-01
 -1       380 1.23054E+03-5.72257E+01-1.12979E+02 3.68677E+01 2.88162E+01-9.02227E+00
 -1       381 1.16834E+03 5.49266E-01 1.61823E+01-7.97382E+00-3.76482E-01-4.55470E+01
 -1       382 1.09987E+03-9.09335E-01-7.07435E+00-4.47271E+00 5.07440E-02-5.11909E+01
 -1       383 1.01568E+03 1.11223E+00 1.30455E+00-4.25272E+00 1.01630E-01-5.32366E+01
 -1       384 9.34006E+02 1.98852E-01-3.64095E-01-4.19008E+00 1.30985E-01-5.49997E+01
 -1       385 8.55407E+02 4.06385E-01 8.02478E-01-4.05687E+00 1.27211E-01-5.56530E+01
 -1       386 7.79060E+02 3.23546E-01 1.09426E+00-3.92864E+00 1.30953E-01-5.54523E+01
 -1       387 7.05138E+02 3.15745E-01 1.51383E+00-3.80231E+00 1.32408E-01-5.44979E+01
 -1       388 6.33611E+02 2.91688E-01 1.78889E+00-3.67635E+00 1.32649E-01-5.29070E+01
 -1       389 5.64476E+02 2.75662E-01 1.99830E+00-3.55110E+00 1.31812E-01-5.07797E+01
 -1       390 4.97724E+02 2.60678E-01 2.12621E+00-3.42651E+00 1.29988E-01-4.82110E+01
 -1       391 4.33343E+02 2.47926E-01 2.18265E+00-3.30271E+00 1.27287E-01-4.52878E+01
 -1       392 3.71323E+02 2.39292E-01 2.18026E+00-3.17942E+00 1.23857E-01-4.20889E+01
 -1       393 3.11649E+02 2.23809E-01 2.10182E+00-3.05381E+00 1.19207E-01-3.86852E+01
 -1       394 2.54327E+02 2.33013E-01 2.05575E+00-2.93627E+00 1.13823E-01-3.51441E+01
 -1       395 1.99319E+02 1.99310E-01 1.66698E+00-2.87361E+00 1.31597E-01-3.15879E+01
 -1       396 1.46192E+02 4.62438E-01 2.12086E+00-2.50946E+00-3.74971E-02-2.78780E+01
 -1       397 9.76784E+01-2.02318E+00-6.97361E-01-1.99153E+00 8.23299E-01-2.25368E+01
 -1       398 6.22186E+01 1.47888E+01 2.36150E+01-5.66680E+00-4.40188E+00-2.67651E+01
 -1       399 2.94958E+01 7.34406E+00-1.03967E+02-1.00706E+01 1.59311E+01-4.00850E+01
 -1       400 1.31081E+03 4.93522E+02 3.24580E+02 7.10543E-14 1.06581E-13-6.69871E+01
 -1       401 1.23728E+03-5.48631E+01-1.09928E+02 8.97060E-14-5.72875E-14-6.57304E+01
 -1       402 1.20400E+03 7.97119E+00 2.27085E+01-2.55351E-15-1.10800E-13-3.86921E+01
 -1       403 1.09636E+03-6.15793E-01-7.44765E+00-8.63476E-14 1.07692E-14-4.23283E+01
 -1       404 1.01432E+03 7.58338E-01 1.63109E-01-2.32148E-13 6.12621E-13-4.58235E+01
 -1       405 9.33551E+02 1.75556E-01-1.15074E+00 6.72740E-13-2.06946E-13-4.76746E+01
 -1       406 8.54982E+02 3.48110E-01-8.64014E-03 2.82468E-13-1.48170E-12-4.85385E+01
 -1       407 7.78782E+02 2.63060E-01 2.92619E-01 7.95849E-13 1.93701E-12-4.85581E+01
 -1       408 7.04989E+02 2.56549E-01 7.27461E-01 1.09662E-12-2.71649E-12-4.78203E+01
 -1       409 6.33567E+02 2.32563E-01 1.01830E+00-1.12188E-12 4.63241E-12-4.64459E+01
 -1       410 5.64521E+02 2.16652E-01 1.24506E+00 5.62175E-13 2.82169E-12-4.45344E+01
 -1       411 4.97840E+02 2.01755E-01 1.39164E+00 4.70610E-13-1.69914E-12-4.21809E+01
 -1       412 4.33516E+02 1.89046E-01 1.46789E+00-1.34184E-13 2.27024E-12-3.94719E+01
 -1       413 3.71538E+02 1.80939E-01 1.48662E+00-4.64628E-14 3.68966E-12-3.64868E+01
 -1       414 3.11903E+02 1.65729E-01 1.43014E+00 2.31662E-13-5.31464E-13-3.32981E+01
 -1       415 2.54626E+02 1.66027E-01 1.39985E+00-2.90892E-13-4.85756E-12-2.99564E+01
 -1       416 1.99368E+02 1.30983E-01 1.03322E+00 1.30312E-12 1.07537E-11-2.65865E+01
 -1       417 1.46557E+02 5.94476E-01 1.68112E+00 3.57625E-12-1.01335E-11-2.33140E+01
 -1       418 1.00543E+02-1.45488E+00-8.32588E-01 6.93556E-13 8.10796E-12-1.91658E+01
 -1       419 5.03695E+01-4.86893E-01 5.38159E+00-2.49378E-12-3.26494E-12-8.96381E+00
 -1       420 5.16512E+01 2.68529E+01-2.15402E+01-5.61728E-12-6.24567E-12-7.27538E+00
 -1       421 1.38024E+03 5.09499E+02 3.49596E+02-1.08926E+02 3.74735E+01 8.14651E-01
 -1       422 1.23054E+03-5.72257E+01-1.12979E+02-3.68677E+01-2.88162E+01-9.02227E+00
 -1       423 1.16834E+03 5.49266E-01 1.61823E+01 7.97382E+00 3.76482E-01-4.55470E+01
 -1       424 1.09987E+03-9.09335E-01-7.07435E+00 4.47271E+00-5.07440E-02-5.11909E+01
 -1       425 1.01568E+03 1.11223E+00 1.30455E+00 4.25272E+00-1.01630E-01-5.32366E+01
 -1       426 9.34006E+02 1.98852E-01-3.64095E-01 4.19008E+00-1.30985E-01-5.49997E+01
 -1       427 8.55407E+02 4.06385E-01 8.02478E-01 4.05687E+00-1.27211E-01-5.56530E+01
 -1       428 7.79060E+02 3.23546E-01 1.09426E+00 3.92864E+00-1.30953E-01-5.54523E+01
 -1       429 7.05138E+02 3.15745E-01 1.51383E+00 3.80231E+00-1.32408E-01-5.44979E+01
 -1       430 6.33611E+02 2.91688E-01 1.78889E+00 3.67635E+00-1.32649E-01-5.29070E+01
 -1       431 5.64476E+02 2.75662E-01 1.99830E+00 3.55110E+00-1.31812E-01-5.07797E+01
 -1       432 4.97724E+02 2.60678E-01 2.12621E+00 3.42651E+00-1.29988E-01-4.82110E+01
 -1       433 4.33343E+02 2.47926E-01 2.18265E+00 3.30271E+00-1.27287E-01-4.52878E+01
 -1       434 3.71323E+02 2.39292E-01 2.18026E+00 3.17942E+00-1.23857E-01-4.20889E+01
 -1       435 3.11649E+02 2.23809E-01 2.10182E+00 3.05381E+00-1.19207E-01-3.86852E+01
 -1       436 2.54327E+02 2.33013E-01 2.05575E+00 2.93627E+00-1.13823E-01-3.51441E+01
 -1       437 1.99319E+02 1.99310E-01 1.66698E+00 2.87361E+00-1.31597E-01-3.15879E+01
 -1       438 1.46192E+02 4.62438E-01 2.12086E+00 2.50946E+00 3.74971E-02-2.78780E+01
 -1       439 9.76784E+01-2.02318E+00-6.97361E-01 1.99153E+00-8.23299E-01-2.25368E+01
 -1       440 6.22186E+01 1.47888E+01 2.36150E+01 5.66680E+00 4.40188E+00-2.67651E+01
 -1       441 2.94958E+01 7.34406E+00-1.03967E+02 1.00706E+01-1.59311E+01-4.00850E+01
 -3
    1PSTEP                        15           1           2          
  100CL  105 1.500000000         189                     0    5           1
 -4  ERROR       1    1
 -5  STR(%)      1    1    0    0
 -1       253 8.24992E+01
 -1       254 8.59797E+01
 -1       255 8.59797E+01
 -1       256 8.35297E+01
 -1       257 8.35297E+01
 -1       258 8.34468E+01
 -1       259 8.34468E+01
 -1       260 8.34468E+01
 -1       261 8.34468E+01
 -1       262 8.34287E+01
 -1       263 8.33903E+01
 -1       264 8.33201E+01
 -1       265 8.32041E+01
 -1       266 8.30168E+01
 -1       267 8.27168E+01
 -1       268 8.22130E+01
 -1       269 8.13531E+01
 -1       270 7.96198E+01
 -1       271 7.81129E+01
 -1       272 5.74511E+01
 -1       273 4.99644E+01
 -1       274 8.24992E+01
 -1       275 8.59797E+01
 -1       276 8.59797E+01
 -1       277 8.35297E+01
 -1       278 8.35297E+01
 -1       279 8.34468E+01
 -1       280 8.34468E+01
 -1       281 8.34468E+01
 -1       282 8.34468E+01
 -1       283 8.34287E+01
 -1       284 8.33903E+01
 -1       285 8.33201E+01
 -1       286 8.32041E+01
 -1       287 8.30168E+01
 -1       288 8.27168E+01
 -1       289 8.22130E+01
 -1       290 8.13531E+01
 -1       291 7.96198E+01
 -1       292 7.81129E+01
 -1       293 5.74511E+01
 -1       294 4.99644E+01
 -1       295 8.24992E+01
 -1       296 8.59797E+01
 -1       297 8.59797E+01
 -1       298 8.35297E+01
 -1       299 8.35297E+01
 -1       300 8.34468E+01
 -1       301 8.34468E+01
 -1       302 8.34468E+01
 -1       303 8.34468E+01
 -1       304 8.34287E+01
 -1       305 8.33903E+01
 -1       306 8.33201E+01
 -1       307 8.32041E+01
 -1       308 8.30168E+01
 -1       309 8.27168E+01
 -1       310 8.22130E+01
 -1       311 8.13531E+01
 -1       312 7.96198E+01
 -1       313 7.81129E+01
 -1       314 5.74511E+01
 -1       315 4.99644E+01
 -1       316 8.35996E+01
 -1       317 8.68565E+01
 -1       318 8.68565E+01
 -1       319 8.46793E+01
 -1       320 8.46793E+01
 -1       321 8.44034E+01
 -1       322 8.43576E+01
 -1       323 8.42344E+01
 -1       324 8.41178E+01
 -1       325 8.39785E+01
 -1       326 8.38173E+01
 -1       327 8.36214E+01
 -1       328 8.33756E+01
 -1       329 8.30531E+01
 -1       330 8.27168E+01
 -1       331 8.22130E+01
 -1       332 8.13531E+01
 -1       333 7.96198E+01
 -1       334 7.81129E+01
 -1       335 9.80736E+01
 -1       336 9.80736E+01
 -1       337 8.35996E+01
 -1       338 8.68565E+01
 -1       339 8.68565E+01
 -1       340 8.46793E+01
 -1       341 8.46793E+01
 -1       342 8.44034E+01
 -1       343 8.43576E+01
 -1       344 8.42344E+01
 -1       345 8.41178E+01
 -1       346 8.39785E+01
 -1       347 8.38173E+01
 -1       348 8.36214E+01
 -1       349 8.33756E+01
 -1       350 8.30531E+01
 -1       351 8.27168E+01
 -1       352 8.22130E+01
 -1       353 8.13531E+01
 -1       354 7.96198E+01
 -1       355 7.81129E+01
 -1       356 9.80736E+01
 -1       357 9.80736E+01
 -1       358 8.35996E+01
 -1       359 8.68565E+01
 -1       360 8.68565E+01
 -1       361 8.46793E+01
 -1       362 8.46793E+01
 -1       363 8.44034E+01
 -1       364 8.43576E+01
 -1       365 8.42344E+01
 -1       366 8.41178E+01
 -1       367 8.39785E+01
 -1       368 8.38173E+01
 -1       369 8.36214E+01
 -1       370 8.33756E+01
 -1       371 8.30531E+01
 -1       372 8.27168E+01
 -1       373 8.22130E+01
 -1       374 8.13531E+01
 -1       375 7.96198E+01
 -1       376 7.81129E+01
 -1       377 9.80736E+01
 -1       378 9.80736E+01
 -1       379 8.35996E+01
 -1       380 8.68565E+01
 -1       381 8.68565E+01
 -1       382 8.46793E+01
 -1       383 8.46793E+01
 -1       384 8.44034E+01
 -1       385 8.43576E+01
 -1       386 8.42344E+01
 -1       387 8.41178E+01
 -1       388 8.39785E+01
 -1       389 8.38173E+01
 -1       390 8.36214E+01
 -1       391 8.33756E+01
 -1       392 8.30531E+01
 -1       393 8.26102E+01
 -1       394 8.19538E+01
 -1       395 8.09770E+01
 -1       396 7.90423E+01
 -1       397 7.79134E+01
 -1       398 9.80736E+01
 -1       399 9.80736E+01
 -1       400 8.35996E+01
 -1       401 8.68565E+01
 -1       402 8.68565E+01
 -1       403 8.46793E+01
 -1       404 8.46793E+01
 -1       405 8.44034E+01
 -1       406 8.43576E+01
 -1       407 8.42344E+01
 -1       408 8.41178E+01
 -1       409 8.39785E+01
 -1       410 8.38173E+01
 -1       411 8.36214E+01
 -1       412 8.33756E+01
 -1       413 8.30531E+01
 -1       414 8.26102E+01
 -1       415 8.19538E+01
 -1       416 8.09770E+01
 -1       417 7.90423E+01
 -1       418 7.79134E+01
 -1       419 9.80736E+01
 -1       420 9.80736E+01
 -1       421 8.35996E+01
 -1       422 8.68565E+01
 -1       423 8.68565E+01
 -1       424 8.46793E+01
 -1       425 8.46793E+01
 -1       426 8.44034E+01
 -1       427 8.43576E+01
 -1       428 8.42344E+01
 -1       429 8.41178E+01
 -1       430 8.39785E+01
 -1       431 8.38173E+01
 -1       432 8.36214E+01
 -1       433 8.33756E+01
 -1       434 8.30531E+01
 -1       435 8.26102E+01
 -1       436 8.19538E+01
 -1       437 8.09770E+01
 -1       438 7.90423E+01
 -1       439 7.79134E+01
 -1       440 9.80736E+01
 -1       441 9.80736E+01
 -3
    1PSTEP                        16           2           2          
  100CL  106 2.000000000         189                     0    6           1
 -4  DISP        4    1
 -5  D1          1    2    1    0
 -5  D2          1    2    2    0
 -5  D3          1    2    3    0
 -5  ALL         1    2    0    0    1ALL
 -1       253 0.00000E+00 0.00000E+00 0.00000E+00
 -1       254-3.21654E-02-1.03916E-02-1.87742E-02
 -1       255-6.42510E-02-9.40722E-03-6.66815E-02
 -1       256-9.46891E-02-8.58796E-03-1.47422E-01
 -1       257-1.23461E-01-7.92589E-03-2.56016E-01
 -1       258-1.50586E-01-7.26870E-03-3.90962E-01
 -1       259-1.76279E-01-6.63217E-03-5.49927E-01
 -1       260-2.00636E-01-6.01818E-03-7.30877E-01
 -1       261-2.23747E-01-5.42608E-03-9.31782E-01
 -1       262-2.45679E-01-4.85587E-03-1.15070E+00
 -1       263-2.66480E-01-4.30752E-03-1.38575E+00
 -1       264-2.86185E-01-3.78100E-03-1.63513E+00
 -1       265-3.04815E-01-3.27627E-03-1.89710E+00
 -1       266-3.22383E-01-2.79332E-03-2.17000E+00
 -1       267-3.38893E-01-2.33201E-03-2.45221E+00
 -1       268-3.54348E-01-1.89211E-03-2.74221E+00
 -1       269-3.68744E-01-1.47598E-03-3.03855E+00
 -1       270-3.82071E-01-1.08468E-03-3.33982E+00
 -1       271-3.94373E-01-6.63728E-04-3.64481E+00
 -1       272-4.05415E-01-3.09198E-04-3.95213E+00
 -1       273-4.15299E-01-2.43298E-04-4.25978E+00
 -1       274 0.00000E+00 0.00000E+00 0.00000E+00
 -1       275-3.07107E-02-2.91269E-18-2.33832E-02
 -1       276-6.46828E-02-1.61303E-17-7.14236E-02
 -1       277-9.50016E-02-2.49766E-17-1.51698E-01
 -1       278-1.23754E-01-5.48302E-17-2.59961E-01
 -1       279-1.50889E-01-7.65765E-17-3.94580E-01
 -1       280-1.76581E-01-9.27565E-17-5.53227E-01
 -1       281-2.00933E-01-1.27987E-16-7.33870E-01
 -1       282-2.24036E-01-2.12280E-16-9.34480E-01
 -1       283-2.45958E-01-2.17497E-16-1.15311E+00
 -1       284-2.66746E-01-2.44123E-16-1.38789E+00
 -1       285-2.86437E-01-3.27225E-16-1.63701E+00
 -1       286-3.05051E-01-3.15327E-16-1.89873E+00
 -1       287-3.22602E-01-3.65561E-16-2.17138E+00
 -1       288-3.39096E-01-5.53529E-16-2.45336E+00
 -1       289-3.54531E-01-5.55893E-16-2.74315E+00
 -1       290-3.68909E-01-6.61953E-16-3.03928E+00
 -1       291-3.82227E-01-7.59416E-16-3.34036E+00
 -1       292-3.94507E-01-7.45406E-16-3.64513E+00
 -1       293-4.05491E-01-8.68288E-16-3.95227E+00
 -1       294-4.15332E-01-4.63216E-16-4.25989E+00
 -1       295 0.00000E+00 0.00000E+00 0.00000E+00
 -1       296-3.21654E-02 1.03916E-02-1.87742E-02
 -1       297-6.42510E-02 9.40722E-03-6.66815E-02
 -1       298-9.46891E-02 8.58796E-03-1.47422E-01
 -1       299-1.23461E-01 7.92589E-03-2.56016E-01
 -1       300-1.50586E-01 7.26870E-03-3.90962E-01
 -1       301-1.76279E-01 6.63217E-03-5.49927E-01
 -1       302-2.00636E-01 6.01818E-03-7.30877E-01
 -1       303-2.23747E-01 5.42608E-03-9.31782E-01
 -1       304-2.45679E-01 4.85587E-03-1.15070E+00
 -1       305-2.66480E-01 4.30752E-03-1.38575E+00
 -1       306-2.86185E-01 3.78100E-03-1.63513E+00
 -1       307-3.04815E-01 3.27627E-03-1.89710E+00
 -1       308-3.22383E-01 2.79332E-03-2.17000E+00
 -1       309-3.38893E-01 2.33201E-03-2.45221E+00
 -1       310-3.54348E-01 1.89211E-03-2.74221E+00
 -1       311-3.68744E-01 1.47598E-03-3.03855E+00
 -1       312-3.82071E-01 1.08468E-03-3.33982E+00
 -1       313-3.94373E-01 6.63728E-04-3.64481E+00
 -1       314-4.05415E-01 3.09198E-04-3.95213E+00
 -1       315-4.15299E-01 2.43298E-04-4.25978E+00
 -1       316 0.00000E+00 0.00000E+00 0.00000E+00
 -1       317-1.17091E-04-6.47263E-05-1.20412E-02
 -1       318-4.18210E-04-4.87731E-05-6.31410E-02
 -1       319-1.12582E-03-4.19317E-05-1.43876E-01
 -1       320-2.37190E-03-3.57938E-05-2.53610E-01
 -1       321-4.24850E-03-3.02656E-05-3.89501E-01
 -1       322-6.83023E-03-2.52721E-05-5.49524E-01
 -1       323-1.01559E-02-2.09191E-05-7.31530E-01
 -1       324-1.42409E-02-1.71139E-05-9.33490E-01
 -1       325-1.90790E-02-1.38197E-05-1.15344E+00
 -1       326-2.46461E-02-1.09940E-05-1.38948E+00
 -1       327-3.09034E-02-8.59708E-06-1.63979E+00
 -1       328-3.78002E-02-6.59148E-06-1.90262E+00
 -1       329-4.52764E-02-4.94725E-06-2.17630E+00
 -1       330-5.32650E-02-3.58960E-06-2.45923E+00
 -1       331-6.16948E-02-2.43893E-06-2.74986E+00
 -1       332-7.04914E-02-2.37494E-06-3.04673E+00
 -1       333-7.95689E-02-1.42348E-06-3.34848E+00
 -1       334-8.88430E-02 5.92171E-06-3.65374E+00
 -1       335-9.85657E-02-4.82063E-06-3.96140E+00
 -1       336-1.08118E-01-1.34078E-04-4.26970E+00
 -1       337 0.00000E+00 0.00000E+00 0.00000E+00
 -1       338-1.40944E-04-3.68230E-18-1.66201E-02
 -1       339-4.84610E-04-1.19579E-17-6.77256E-02
 -1       340-1.21062E-03-2.44987E-17-1.48188E-01
 -1       341-2.47056E-03-4.05769E-17-2.57558E-01
 -1       342-4.35744E-03-6.15521E-17-3.93124E-01
 -1       343-6.94490E-03-1.13013E-16-5.52831E-01
 -1       344-1.02725E-02-1.54001E-16-7.34531E-01
 -1       345-1.43563E-02-2.60628E-16-9.36196E-01
 -1       346-1.91905E-02-2.93895E-16-1.15586E+00
 -1       347-2.47516E-02-2.68129E-16-1.39163E+00
 -1       348-3.10011E-02-3.56175E-16-1.64167E+00
 -1       349-3.78887E-02-3.94217E-16-1.90426E+00
 -1       350-4.53547E-02-4.30991E-16-2.17770E+00
 -1       351-5.33324E-02-4.83227E-16-2.46039E+00
 -1       352-6.17504E-02-5.33358E-16-2.75080E+00
 -1       353-7.05350E-02-5.78973E-16-3.04747E+00
 -1       354-7.96084E-02-8.09254E-16-3.34902E+00
 -1       355-8.88776E-02-8.16695E-16-3.65409E+00
 -1       356-9.84260E-02-7.07495E-16-3.96157E+00
 -1       357-1.07938E-01-6.21716E-16-4.26973E+00
 -1       358 0.00000E+00 0.00000E+00 0.00000E+00
 -1       359-1.17091E-04 6.47263E-05-1.20412E-02
 -1       360-4.18210E-04 4.87731E-05-6.31410E-02
 -1       361-1.12582E-03 4.19317E-05-1.43876E-01
 -1       362-2.37190E-03 3.57938E-05-2.53610E-01
 -1       363-4.24850E-03 3.02656E-05-3.89501E-01
 -1       364-6.83023E-03 2.52721E-05-5.49524E-01
 -1       365-1.01559E-02 2.09191E-05-7.31530E-01
 -1       366-1.42409E-02 1.71139E-05-9.33490E-01
 -1       367-1.90790E-02 1.38197E-05-1.15344E+00
 -1       368-2.46461E-02 1.09940E-05-1.38948E+00
 -1       369-3.09034E-02 8.59708E-06-1.63979E+00
 -1       370-3.78002E-02 6.59148E-06-1.90262E+00
 -1       371-4.52764E-02 4.94725E-06-2.17630E+00
 -1       372-5.32650E-02 3.58960E-06-2.45923E+00
 -1       373-6.16948E-02 2.43893E-06-2.74986E+00
 -1       374-7.04914E-02 2.37494E-06-3.04673E+00
 -1       375-7.95689E-02 1.42348E-06-3.34848E+00
 -1       376-8.88430E-02-5.92171E-06-3.65374E+00
 -1       377-9.85657E-02 4.82063E-06-3.96140E+00
 -1       378-1.08118E-01 1.34078E-04-4.26970E+00
 -1       379 0.00000E+00 0.00000E+00 0.00000E+00
 -1       380 3.18845E-02 1.02798E-02-1.91018E-02
 -1       381 6.32880E-02 9.32658E-03-6.76263E-02
 -1       382 9.22525E-02 8.52949E-03-1.49269E-01
 -1       383 1.18514E-01 7.87355E-03-2.59042E-01
 -1       384 1.41863E-01 7.22433E-03-3.95331E-01
 -1       385 1.62383E-01 6.59512E-03-5.55750E-01
 -1       386 1.80085E-01 5.98750E-03-7.38209E-01
 -1       387 1.95029E-01 5.40093E-03-9.40632E-01
 -1       388 2.07293E-01 4.83552E-03-1.16104E+00
 -1       389 2.16973E-01 4.29129E-03-1.39752E+00
 -1       390 2.24179E-01 3.76826E-03-1.64824E+00
 -1       391 2.29034E-01 3.26644E-03-1.91143E+00
 -1       392 2.31670E-01 2.78585E-03-2.18542E+00
 -1       393 2.32226E-01 2.32660E-03-2.46859E+00
 -1       394 2.30844E-01 1.88891E-03-2.75941E+00
 -1       395 2.27673E-01 1.47024E-03-3.05642E+00
 -1       396 2.22856E-01 1.06926E-03-3.35821E+00
 -1       397 2.16532E-01 7.53907E-04-3.66348E+00
 -1       398 2.08925E-01 3.37396E-04-3.97067E+00
 -1       399 2.00490E-01-5.64413E-04-4.28188E+00
 -1       400 0.00000E+00 0.00000E+00 0.00000E+00
 -1       401 3.04094E-02-2.81349E-18-2.36820E-02
 -1       402 6.35741E-02-1.01014E-17-7.23661E-02
 -1       403 9.23946E-02-2.49963E-17-1.53553E-01
 -1       404 1.18608E-01-4.99958E-17-2.62994E-01
 -1       405 1.41947E-01-8.59173E-17-3.98958E-01
 -1       406 1.62455E-01-1.26136E-16-5.59061E-01
 -1       407 1.80148E-01-1.99696E-16-7.41215E-01
 -1       408 1.95087E-01-1.91452E-16-9.43344E-01
 -1       409 2.07348E-01-2.58767E-16-1.16347E+00
 -1       410 2.17027E-01-4.24784E-16-1.39967E+00
 -1       411 2.24235E-01-4.39305E-16-1.65013E+00
 -1       412 2.29093E-01-5.28315E-16-1.91307E+00
 -1       413 2.31733E-01-6.82098E-16-2.18682E+00
 -1       414 2.32293E-01-6.44650E-16-2.46977E+00
 -1       415 2.30917E-01-6.72508E-16-2.76036E+00
 -1       416 2.27752E-01-6.92798E-16-3.05716E+00
 -1       417 2.22928E-01-5.82573E-16-3.35876E+00
 -1       418 2.16621E-01-7.70258E-16-3.66386E+00
 -1       419 2.09112E-01-7.82263E-16-3.97102E+00
 -1       420 2.00487E-01-1.13684E-15-4.28011E+00
 -1       421 0.00000E+00 0.00000E+00 0.00000E+00
 -1       422 3.18845E-02-1.02798E-02-1.91018E-02
 -1       423 6.32880E-02-9.32658E-03-6.76263E-02
 -1       424 9.22525E-02-8.52949E-03-1.49269E-01
 -1       425 1.18514E-01-7.87355E-03-2.59042E-01
 -1       426 1.41863E-01-7.22433E-03-3.95331E-01
 -1       427 1.62383E-01-6.59512E-03-5.55750E-01
 -1       428 1.80085E-01-5.98750E-03-7.38209E-01
 -1       429 1.95029E-01-5.40093E-03-9.40632E-01
 -1       430 2.07293E-01-4.83552E-03-1.16104E+00
 -1       431 2.16973E-01-4.29129E-03-1.39752E+00
 -1       432 2.24179E-01-3.76826E-03-1.64824E+00
 -1       433 2.29034E-01-3.26644E-03-1.91143E+00
 -1       434 2.31670E-01-2.78585E-03-2.18542E+00
 -1       435 2.32226E-01-2.32660E-03-2.46859E+00
 -1       436 2.30844E-01-1.88891E-03-2.75941E+00
 -1       437 2.27673E-01-1.47024E-03-3.05642E+00
 -1       438 2.22856E-01-1.06926E-03-3.35821E+00
 -1       439 2.16532E-01-7.53907E-04-3.66348E+00
 -1       440 2.08925E-01-3.37396E-04-3.97067E+00
 -1       441 2.00490E-01 5.64413E-04-4.28188E+00
 -3
    1PSTEP                        17           2           2          
  100CL  106 2.000000000         189                     0    6           1
 -4  STRESS      6    1
 -5  SXX         1    4    1    1
 -5  SYY         1    4    2    2
 -5  SZZ         1    4    3    3
 -5  SXY         1    4    1    2
 -5  SYZ         1    4    2    3
 -5  SZX         1    4    3    1
 -1       253-1.51832E+03-5.72787E+02-3.98934E+02-1.17783E+02-4.18943E+01 6.32249E+00
 -1       254-1.33920E+03 6.76034E+01 1.22092E+02-3.86221E+01 3.29567E+01 6.41335E+00
 -1       255-1.27394E+03-4.00299E-01-2.39665E+01 8.72915E+00-9.30482E-01-2.10248E+01
 -1       256-1.19521E+03 1.59609E+00 5.18732E+00 4.86081E+00-3.52990E-01-1.42424E+01
 -1       257-1.10141E+03-8.25634E-01-3.40259E+00 4.61011E+00-2.87242E-01-8.33468E+00
 -1       258-1.01032E+03 1.54638E-01-4.26547E-01 4.55698E+00-2.74561E-01-4.35573E+00
 -1       259-9.22912E+02-1.57276E-01-8.62626E-01 4.40632E+00-2.85515E-01-1.55919E+00
 -1       260-8.38201E+02-1.22959E-01-4.27763E-01 4.26103E+00-2.86059E-01 2.22441E-01
 -1       261-7.56435E+02-1.67739E-01-2.64092E-01 4.11648E+00-2.86145E-01 1.10516E+00
 -1       262-6.77590E+02-1.86759E-01-4.88002E-02 3.97078E+00-2.84929E-01 1.24239E+00
 -1       263-6.01685E+02-2.08517E-01 1.36432E-01 3.82427E+00-2.82444E-01 7.60601E-01
 -1       264-5.28724E+02-2.25497E-01 3.17972E-01 3.67702E+00-2.78822E-01-2.20469E-01
 -1       265-4.58713E+02-2.39475E-01 4.91691E-01 3.52892E+00-2.74155E-01-1.59248E+00
 -1       266-3.91656E+02-2.52538E-01 6.50878E-01 3.38024E+00-2.68650E-01-3.25757E+00
 -1       267-3.27552E+02-2.57569E-01 8.22676E-01 3.23377E+00-2.61928E-01-5.12773E+00
 -1       268-2.66403E+02-2.88541E-01 9.09818E-01 3.07936E+00-2.54490E-01-7.12508E+00
 -1       269-2.08185E+02-1.86567E-01 1.21118E+00 2.87546E+00-2.55341E-01-9.10603E+00
 -1       270-1.53512E+02-5.00519E-01 3.75500E-01 2.92096E+00-2.01296E-01-1.12115E+01
 -1       271-9.76838E+01 3.06580E-01 4.83403E+00 3.26128E+00-2.70232E-01-1.46612E+01
 -1       272-4.47596E+01 5.60766E-01 1.04312E+00 1.45258E+00-1.41581E-01-1.62400E+01
 -1       273-2.29033E+01-3.23055E+00-2.41601E+01 5.03654E-01-1.51543E+00-1.52598E+01
 -1       274-1.44481E+03-5.55309E+02-3.70924E+02 3.55271E-15-3.90799E-14-6.69476E+01
 -1       275-1.35023E+03 6.43849E+01 1.19528E+02-1.36779E-13 4.57412E-14-5.48363E+01
 -1       276-1.31521E+03-8.66648E+00-3.28852E+01-4.30767E-14-7.93809E-14-1.23182E+01
 -1       277-1.19272E+03 1.23119E+00 3.68316E+00 1.41748E-13-2.62013E-14-4.29765E+00
 -1       278-1.10104E+03-4.05639E-01-3.90213E+00 5.44009E-15-1.04783E-12-5.32259E-04
 -1       279-1.01053E+03 1.93654E-01-1.32249E+00 2.68924E-13-3.39173E-13 3.88275E+00
 -1       280-9.22758E+02-7.94907E-02-1.70226E+00 4.55636E-13-3.19744E-14 6.40484E+00
 -1       281-8.37879E+02-4.28559E-02-1.24537E+00 5.87169E-13-1.03328E-12 7.90581E+00
 -1       282-7.55972E+02-8.89373E-02-1.06152E+00 4.44478E-13-8.18678E-13 8.51139E+00
 -1       283-6.77006E+02-1.08125E-01-8.22778E-01-1.32899E-12 4.24716E-12 8.37118E+00
 -1       284-6.01003E+02-1.30033E-01-6.12199E-01-7.09766E-13 1.15408E-12 7.61197E+00
 -1       285-5.27964E+02-1.47179E-01-4.03656E-01 7.58393E-13 7.38076E-13 6.35374E+00
 -1       286-4.57895E+02-1.61311E-01-2.01436E-01 2.95722E-13-1.70092E-12 4.70488E+00
 -1       287-3.90796E+02-1.73922E-01-1.21493E-02-2.33910E-13-4.67920E-12 2.76403E+00
 -1       288-3.26657E+02-1.79622E-01 1.89598E-01-4.02622E-13 5.64393E-12 6.19135E-01
 -1       289-2.65474E+02-2.16624E-01 3.08177E-01 2.03365E-13-2.76767E-12-1.66520E+00
 -1       290-2.07449E+02-1.17431E-01 6.42294E-01 1.47776E-12-1.42403E-12-3.93766E+00
 -1       291-1.52578E+02-1.81592E-01 1.18488E-02 1.31635E-12-4.15840E-12-6.02375E+00
 -1       292-9.65754E+01-5.34466E-01 2.96169E+00-1.14608E-12 1.12226E-11-9.90502E+00
 -1       293-4.29608E+01-7.52318E-01-4.93607E-01-3.97171E-12-9.26338E-12-1.12201E+01
 -1       294-1.85447E+01-1.70713E+00-1.89608E+01-7.02494E-13 5.75742E-12-1.14735E+01
 -1       295-1.51832E+03-5.72787E+02-3.98934E+02 1.17783E+02 4.18943E+01 6.32249E+00
 -1       296-1.33920E+03 6.76034E+01 1.22092E+02 3.86221E+01-3.29567E+01 6.41335E+00
 -1       297-1.27394E+03-4.00299E-01-2.39665E+01-8.72915E+00 9.30482E-01-2.10248E+01
 -1       298-1.19521E+03 1.59609E+00 5.18732E+00-4.86081E+00 3.52990E-01-1.42424E+01
 -1       299-1.10141E+03-8.25634E-01-3.40259E+00-4.61011E+00 2.87242E-01-8.33468E+00
 -1       300-1.01032E+03 1.54638E-01-4.26547E-01-4.55698E+00 2.74561E-01-4.35573E+00
 -1       301-9.22912E+02-1.57276E-01-8.62626E-01-4.40632E+00 2.85515E-01-1.55919E+00
 -1       302-8.38201E+02-1.22959E-01-4.27763E-01-4.26103E+00 2.86059E-01 2.22441E-01
 -1       303-7.56435E+02-1.67739E-01-2.64092E-01-4.11648E+00 2.86145E-01 1.10516E+00
 -1       304-6.77590E+02-1.86759E-01-4.88002E-02-3.97078E+00 2.84929E-01 1.24239E+00
 -1       305-6.01685E+02-2.08517E-01 1.36432E-01-3.82427E+00 2.82444E-01 7.60601E-01
 -1       306-5.28724E+02-2.25497E-01 3.17972E-01-3.67702E+00 2.78822E-01-2.20469E-01
 -1       307-4.58713E+02-2.39475E-01 4.91691E-01-3.52892E+00 2.74155E-01-1.59248E+00
 -1       308-3.91656E+02-2.52538E-01 6.50878E-01-3.38024E+00 2.68650E-01-3.25757E+00
 -1       309-3.27552E+02-2.57569E-01 8.22676E-01-3.23377E+00 2.61928E-01-5.12773E+00
 -1       310-2.66403E+02-2.88541E-01 9.09818E-01-3.07936E+00 2.54490E-01-7.12508E+00
 -1       311-2.08185E+02-1.86567E-01 1.21118E+00-2.87546E+00 2.55341E-01-9.10603E+00
 -1       312-1.53512E+02-5.00519E-01 3.75500E-01-2.92096E+00 2.01296E-01-1.12115E+01
 -1       313-9.76838E+01 3.06580E-01 4.83403E+00-3.26128E+00 2.70232E-01-1.46612E+01
 -1       314-4.47596E+01 5.60766E-01 1.04312E+00-1.45258E+00 1.41581E-01-1.62400E+01
 -1       315-2.29033E+01-3.23055E+00-2.41601E+01-5.03654E-01 1.51543E+00-1.52598E+01
 -1       316-6.45701E+00-1.47647E+00-4.43071E-01-1.19664E+00-4.18014E+01 2.49592E+00
 -1       317-8.32321E+00-7.02825E-01-4.68851E+00-3.72417E-01 3.19586E+01-3.64776E+00
 -1       318-6.17869E+00-2.34361E-01-2.49311E+00 1.31750E-01 6.61015E-01-3.69580E+01
 -1       319-6.59444E+00-3.29279E-01-1.53276E+00-3.70027E-02-1.03841E+00-3.63526E+01
 -1       320-5.87086E+00-2.65181E-01-9.29971E-01 1.97717E-02 5.11843E-02-3.52798E+01
 -1       321-5.35491E+00-2.26895E-01-3.89448E-01 1.45846E-02-6.45296E-02-3.40744E+01
 -1       322-4.88069E+00-1.87855E-01 8.78535E-02 1.10827E-02-7.26402E-02-3.29321E+01
 -1       323-4.44787E+00-1.56044E-01 4.83651E-01 9.14881E-03-6.86869E-02-3.17860E+01
 -1       324-4.04741E+00-1.27439E-01 8.09834E-01 7.46106E-03-6.85810E-02-3.06421E+01
 -1       325-3.68079E+00-1.02781E-01 1.07169E+00 5.80122E-03-6.83236E-02-2.95006E+01
 -1       326-3.34461E+00-8.15701E-02 1.27465E+00 4.30451E-03-6.80246E-02-2.83610E+01
 -1       327-3.03667E+00-6.35543E-02 1.42393E+00 2.96540E-03-6.77648E-02-2.72232E+01
 -1       328-2.75424E+00-4.83439E-02 1.52454E+00 1.71638E-03-6.75232E-02-2.60870E+01
 -1       329-2.49422E+00-3.56880E-02 1.58055E+00 2.31318E-04-6.72863E-02-2.49522E+01
 -1       330-2.26510E+00-2.78546E-02 1.59773E+00 1.68108E-04-6.72509E-02-2.38182E+01
 -1       331-2.06750E+00-1.75731E-02 1.59981E+00 5.50297E-03-6.63661E-02-2.26830E+01
 -1       332-1.69759E+00 2.83328E-02 1.52252E+00-1.58448E-02-6.80966E-02-2.15631E+01
 -1       333-1.08798E+00-2.48292E-02 1.04157E+00-1.21401E-01-7.18468E-02-2.04780E+01
 -1       334-6.26464E+00-1.31542E+00 1.99439E+00 1.90690E-01-6.58405E-02-1.90659E+01
 -1       335-9.37538E+00 2.86541E+00 1.19115E+01 1.88689E+00 1.54010E+00-1.72445E+01
 -1       336-2.29492E+01-1.91722E+01-7.06565E+01 3.46116E+00-7.13313E-01-1.93132E+01
 -1       337-7.11701E+00-1.40965E+00-7.48294E-01-2.84217E-14-2.48690E-14-7.14676E+01
 -1       338-9.90358E+00-5.82246E-01-4.20462E+00 5.19029E-14 2.80886E-14-6.43278E+01
 -1       339-7.68077E+00-1.37846E-01-3.25582E+00-4.14113E-14-7.74381E-14-2.90035E+01
 -1       340-7.38794E+00-3.71769E-01-2.51873E+00 8.47655E-14-2.37588E-14-2.75464E+01
 -1       341-6.46777E+00-2.62869E-01-1.88575E+00 4.62963E-14-7.16149E-13-2.65942E+01
 -1       342-5.73636E+00-2.23636E-01-1.32353E+00-8.04357E-14-3.30846E-13-2.57782E+01
 -1       343-5.05523E+00-1.87163E-01-8.32497E-01-2.73337E-13-5.18308E-13-2.49054E+01
 -1       344-4.44841E+00-1.55093E-01-4.17822E-01-6.76570E-13 8.94396E-13-2.40421E+01
 -1       345-3.90197E+00-1.26518E-01-7.02857E-02-5.63771E-13-2.45859E-13-2.31817E+01
 -1       346-3.41370E+00-1.01938E-01 2.15114E-01 1.14142E-12 1.16751E-12-2.23229E+01
 -1       347-2.97848E+00-8.07938E-02 4.43620E-01 2.25653E-13 5.48617E-13-2.14657E+01
 -1       348-2.59205E+00-6.28568E-02 6.20208E-01-6.97442E-13 4.86025E-12-2.06095E+01
 -1       349-2.25030E+00-4.77858E-02 7.49610E-01 3.62321E-13-1.87711E-12-1.97541E+01
 -1       350-1.94882E+00-3.46445E-02 8.36137E-01 6.00353E-13 3.69210E-12-1.88993E+01
 -1       351-1.68216E+00-2.59858E-02 8.85324E-01-1.96898E-13-3.20804E-12-1.80448E+01
 -1       352-1.46772E+00-3.18747E-02 9.07635E-01-6.49036E-13 9.32587E-14-1.71892E+01
 -1       353-1.23753E+00 4.82809E-02 8.98319E-01-9.70696E-13 5.04624E-13-1.63361E+01
 -1       354-7.58693E-01 5.81483E-02 4.66583E-01-1.87439E-12-2.87922E-12-1.55295E+01
 -1       355-2.04068E+00-5.25277E-01 1.81826E+00 7.54480E-13 2.40086E-12-1.43892E+01
 -1       356-7.86896E+00-2.28279E+00 5.92344E+00 3.00232E-12-1.25977E-12-1.27673E+01
 -1       357-1.89871E+00-4.53454E+00-2.10097E+01 2.14684E-12-3.16280E-12-1.60007E+01
 -1       358-6.45701E+00-1.47647E+00-4.43071E-01 1.19664E+00 4.18014E+01 2.49592E+00
 -1       359-8.32321E+00-7.02825E-01-4.68851E+00 3.72417E-01-3.19586E+01-3.64776E+00
 -1       360-6.17869E+00-2.34361E-01-2.49311E+00-1.31750E-01-6.61015E-01-3.69580E+01
 -1       361-6.59444E+00-3.29279E-01-1.53276E+00 3.70027E-02 1.03841E+00-3.63526E+01
 -1       362-5.87086E+00-2.65181E-01-9.29971E-01-1.97717E-02-5.11843E-02-3.52798E+01
 -1       363-5.35491E+00-2.26895E-01-3.89448E-01-1.45846E-02 6.45296E-02-3.40744E+01
 -1       364-4.88069E+00-1.87855E-01 8.78535E-02-1.10827E-02 7.26402E-02-3.29321E+01
 -1       365-4.44787E+00-1.56044E-01 4.83651E-01-9.14881E-03 6.86869E-02-3.17860E+01
 -1       366-4.04741E+00-1.27439E-01 8.09834E-01-7.46106E-03 6.85810E-02-3.06421E+01
 -1       367-3.68079E+00-1.02781E-01 1.07169E+00-5.80122E-03 6.83236E-02-2.95006E+01
 -1       368-3.34461E+00-8.15701E-02 1.27465E+00-4.30451E-03 6.80246E-02-2.83610E+01
 -1       369-3.03667E+00-6.35543E-02 1.42393E+00-2.96540E-03 6.77648E-02-2.72232E+01
 -1       370-2.75424E+00-4.83439E-02 1.52454E+00-1.71638E-03 6.75232E-02-2.60870E+01
 -1       371-2.49422E+00-3.56880E-02 1.58055E+00-2.31318E-04 6.72863E-02-2.49522E+01
 -1       372-2.26510E+00-2.78546E-02 1.59773E+00-1.68108E-04 6.72509E-02-2.38182E+01
 -1       373-2.06750E+00-1.75731E-02 1.59981E+00-5.50297E-03 6.63661E-02-2.26830E+01
 -1       374-1.69759E+00 2.83328E-02 1.52252E+00 1.58448E-02 6.80966E-02-2.15631E+01
 -1       375-1.08798E+00-2.48292E-02 1.04157E+00 1.21401E-01 7.18468E-02-2.04780E+01
 -1       376-6.26464E+00-1.31542E+00 1.99439E+00-1.90690E-01 6.58405E-02-1.90659E+01
 -1       377-9.37538E+00 2.86541E+00 1.19115E+01-1.88689E+00-1.54010E+00-1.72445E+01
 -1       378-2.29492E+01-1.91722E+01-7.06565E+01-3.46116E+00 7.13313E-01-1.93132E+01
 -1       379 1.53126E+03 5.64618E+02 3.87005E+02 1.20796E+02-4.14866E+01-1.21819E+00
 -1       380 1.36354E+03-6.34109E+01-1.25846E+02 4.08053E+01 3.19660E+01-1.26866E+01
 -1       381 1.28982E+03 6.72722E-01 1.76640E+01-9.09059E+00-4.04628E-01-5.36512E+01
 -1       382 1.20982E+03-9.36878E-01-7.95897E+00-5.16989E+00 6.67659E-02-6.02322E+01
 -1       383 1.11280E+03 1.29882E+00 1.43645E+00-4.89785E+00 1.23075E-01-6.25284E+01
 -1       384 1.01911E+03 2.81509E-01-3.27788E-01-4.79864E+00 1.56192E-01-6.43730E+01
 -1       385 9.29384E+02 5.07910E-01 1.03154E+00-4.62225E+00 1.51727E-01-6.48574E+01
 -1       386 8.42696E+02 4.12969E-01 1.39830E+00-4.45166E+00 1.55269E-01-6.43030E+01
 -1       387 7.59236E+02 4.01939E-01 1.88623E+00-4.28343E+00 1.55934E-01-6.28454E+01
 -1       388 6.78967E+02 3.73415E-01 2.19518E+00-4.11587E+00 1.54964E-01-6.06394E+01
 -1       389 6.01884E+02 3.54286E-01 2.41510E+00-3.94935E+00 1.52552E-01-5.78159E+01
 -1       390 5.27970E+02 3.36701E-01 2.53102E+00-3.78381E+00 1.48840E-01-5.44978E+01
 -1       391 4.57210E+02 3.21978E-01 2.55706E+00-3.61934E+00 1.43986E-01-5.07958E+01
 -1       392 3.89587E+02 3.11857E-01 2.50916E+00-3.45567E+00 1.38181E-01-4.68091E+01
 -1       393 3.25081E+02 2.95308E-01 2.37357E+00-3.28995E+00 1.30961E-01-4.26262E+01
 -1       394 2.63693E+02 3.03777E-01 2.26193E+00-3.13254E+00 1.22884E-01-3.83282E+01
 -1       395 2.05381E+02 2.69762E-01 1.80285E+00-3.03027E+00 1.38209E-01-3.40505E+01
 -1       396 1.49705E+02 5.31996E-01 2.18102E+00-2.62696E+00-3.52669E-02-2.96565E+01
 -1       397 9.94213E+01-1.95642E+00-7.28638E-01-2.06622E+00 8.22347E-01-2.37035E+01
 -1       398 6.30159E+01 1.49310E+01 2.36619E+01-5.73194E+00-4.40043E+00-2.72877E+01
 -1       399 2.99463E+01 7.40487E+00-1.03892E+02-1.00898E+01 1.59980E+01-4.08230E+01
 -1       400 1.45449E+03 5.46989E+02 3.59435E+02 3.55271E-15 2.48690E-14-7.63717E+01
 -1       401 1.37108E+03-6.07716E+01-1.22368E+02 3.28626E-14-8.88178E-16-7.53399E+01
 -1       402 1.32931E+03 8.91075E+00 2.48216E+01 1.42553E-13-2.61569E-13-4.56891E+01
 -1       403 1.20581E+03-6.29401E-01-8.48952E+00-2.67286E-13 5.16809E-13-5.00465E+01
 -1       404 1.11120E+03 8.93063E-01 6.40998E-02-1.86740E-13 9.87210E-13-5.40021E+01
 -1       405 1.01855E+03 2.42463E-01-1.30359E+00 2.07001E-13-4.48530E-13-5.59944E+01
 -1       406 9.28876E+02 4.29976E-01 3.27060E-02 1.17129E-13-4.74509E-13-5.67608E+01
 -1       407 8.42366E+02 3.32637E-01 4.14846E-01 8.24701E-13 1.20082E-12-5.64994E+01
 -1       408 7.59059E+02 3.23088E-01 9.25180E-01 6.86201E-13-1.31262E-12-5.53305E+01
 -1       409 6.78913E+02 2.94670E-01 1.25759E+00-1.07728E-12 5.55400E-12-5.34126E+01
 -1       410 6.01931E+02 2.75690E-01 1.50315E+00-7.62307E-14 9.21707E-13-5.08763E+01
 -1       411 5.28096E+02 2.58220E-01 1.64654E+00 6.20282E-13-1.69553E-12-4.78443E+01
 -1       412 4.57396E+02 2.43561E-01 1.70162E+00-7.84761E-13-3.96799E-12-4.44271E+01
 -1       413 3.89815E+02 2.33984E-01 1.68444E+00-9.61731E-14 7.24809E-13-4.07245E+01
 -1       414 3.25345E+02 2.17723E-01 1.58073E+00 5.90458E-13-3.19555E-12-3.68265E+01
 -1       415 2.63998E+02 2.17271E-01 1.49484E+00 8.48002E-13-3.33822E-12-3.27976E+01
 -1       416 2.05429E+02 1.81898E-01 1.06797E+00 1.55818E-12 1.94422E-12-2.87742E+01
 -1       417 1.50061E+02 6.45352E-01 1.65391E+00 1.25713E-12-1.39527E-12-2.48875E+01
 -1       418 1.02252E+02-1.40823E+00-9.34379E-01-2.67009E-14 3.03213E-12-2.02076E+01
 -1       419 5.10645E+01-4.18495E-01 5.15170E+00-2.84806E-12-5.44009E-13-9.43940E+00
 -1       420 5.19456E+01 2.67992E+01-2.19136E+01-4.02411E-12 1.47331E-11-7.81504E+00
 -1       421 1.53126E+03 5.64618E+02 3.87005E+02-1.20796E+02 4.14866E+01-1.21819E+00
 -1       422 1.36354E+03-6.34109E+01-1.25846E+02-4.08053E+01-3.19660E+01-1.26866E+01
 -1       423 1.28982E+03 6.72722E-01 1.76640E+01 9.09059E+00 4.04628E-01-5.36512E+01
 -1       424 1.20982E+03-9.36878E-01-7.95897E+00 5.16989E+00-6.67659E-02-6.02322E+01
 -1       425 1.11280E+03 1.29882E+00 1.43645E+00 4.89785E+00-1.23075E-01-6.25284E+01
 -1       426 1.01911E+03 2.81509E-01-3.27788E-01 4.79864E+00-1.56192E-01-6.43730E+01
 -1       427 9.29384E+02 5.07910E-01 1.03154E+00 4.62225E+00-1.51727E-01-6.48574E+01
 -1       428 8.42696E+02 4.12969E-01 1.39830E+00 4.45166E+00-1.55269E-01-6.43030E+01
 -1       429 7.59236E+02 4.01939E-01 1.88623E+00 4.28343E+00-1.55934E-01-6.28454E+01
 -1       430 6.78967E+02 3.73415E-01 2.19518E+00 4.11587E+00-1.54964E-01-6.06394E+01
 -1       431 6.01884E+02 3.54286E-01 2.41510E+00 3.94935E+00-1.52552E-01-5.78159E+01
 -1       432 5.27970E+02 3.36701E-01 2.53102E+00 3.78381E+00-1.48840E-01-5.44978E+01
 -1       433 4.57210E+02 3.21978E-01 2.55706E+00 3.61934E+00-1.43986E-01-5.07958E+01
 -1       434 3.89587E+02 3.11857E-01 2.50916E+00 3.45567E+00-1.38181E-01-4.68091E+01
 -1       435 3.25081E+02 2.95308E-01 2.37357E+00 3.28995E+00-1.30961E-01-4.26262E+01
 -1       436 2.63693E+02 3.03777E-01 2.26193E+00 3.13254E+00-1.22884E-01-3.83282E+01
 -1       437 2.05381E+02 2.69762E-01 1.80285E+00 3.03027E+00-1.38209E-01-3.40505E+01
 -1       438 1.49705E+02 5.31996E-01 2.18102E+00 2.62696E+00 3.52669E-02-2.96565E+01
 -1       439 9.94213E+01-1.95642E+00-7.28638E-01 2.06622E+00-8.22347E-01-2.37035E+01
 -1       440 6.30159E+01 1.49310E+01 2.36619E+01 5.73194E+00 4.40043E+00-2.72877E+01
 -1       441 2.99463E+01 7.40487E+00-1.03892E+02 1.00898E+01-1.59980E+01-4.08230E+01
 -3
    1PSTEP                        18           2           2          
  100CL  106 2.000000000         189                     0    6           1
 -4  ERROR       1    1
 -5  STR(%)      1    1    0    0
 -1       253 8.23830E+01
 -1       254 8.59020E+01
 -1       255 8.59020E+01
 -1       256 8.34378E+01
 -1       257 8.34378E+01
 -1       258 8.33624E+01
 -1       259 8.33624E+01
 -1       260 8.33674E+01
 -1       261 8.33674E+01
 -1       262 8.33500E+01
 -1       263 8.33110E+01
 -1       264 8.32384E+01
 -1       265 8.31181E+01
 -1       266 8.29241E+01
 -1       267 8.26142E+01
 -1       268 8.20972E+01
 -1       269 8.12202E+01
 -1       270 7.94675E+01
 -1       271 7.79233E+01
 -1       272 5.75875E+01
 -1       273 4.99128E+01
 -1       274 8.23830E+01
 -1       275 8.59020E+01
 -1       276 8.59020E+01
 -1       277 8.34378E+01
 -1       278 8.34378E+01
 -1       279 8.33624E+01
 -1       280 8.33624E+01
 -1       281 8.33674E+01
 -1       282 8.33674E+01
 -1       283 8.33500E+01
 -1       284 8.33110E+01
 -1       285 8.32384E+01
 -1       286 8.31181E+01
 -1       287 8.29241E+01
 -1       288 8.26142E+01
 -1       289 8.20972E+01
 -1       290 8.12202E+01
 -1       291 7.94675E+01
 -1       292 7.79233E+01
 -1       293 5.75875E+01
 -1       294 4.99128E+01
 -1       295 8.23830E+01
 -1       296 8.59020E+01
 -1       297 8.59020E+01
 -1       298 8.34378E+01
 -1       299 8.34378E+01
 -1       300 8.33624E+01
 -1       301 8.33624E+01
 -1       302 8.33674E+01
 -1       303 8.33674E+01
 -1       304 8.33500E+01
 -1       305 8.33110E+01
 -1       306 8.32384E+01
 -1       307 8.31181E+01
 -1       308 8.29241E+01
 -1       309 8.26142E+01
 -1       310 8.20972E+01
 -1       311 8.12202E+01
 -1       312 7.94675E+01
 -1       313 7.79233E+01
 -1       314 5.75875E+01
 -1       315 4.99128E+01
 -1       316 8.36169E+01
 -1       317 8.68906E+01
 -1       318 8.68906E+01
 -1       319 8.47226E+01
 -1       320 8.47226E+01
 -1       321 8.44337E+01
 -1       322 8.43778E+01
 -1       323 8.42433E+01
 -1       324 8.41156E+01
 -1       325 8.39647E+01
 -1       326 8.37913E+01
 -1       327 8.35825E+01
 -1       328 8.33229E+01
 -1       329 8.29852E+01
 -1       330 8.26142E+01
 -1       331 8.20972E+01
 -1       332 8.12202E+01
 -1       333 7.94675E+01
 -1       334 7.79233E+01
 -1       335 9.75390E+01
 -1       336 9.75390E+01
 -1       337 8.36169E+01
 -1       338 8.68906E+01
 -1       339 8.68906E+01
 -1       340 8.47226E+01
 -1       341 8.47226E+01
 -1       342 8.44337E+01
 -1       343 8.43778E+01
 -1       344 8.42433E+01
 -1       345 8.41156E+01
 -1       346 8.39647E+01
 -1       347 8.37913E+01
 -1       348 8.35825E+01
 -1       349 8.33229E+01
 -1       350 8.29852E+01
 -1       351 8.26142E+01
 -1       352 8.20972E+01
 -1       353 8.12202E+01
 -1       354 7.94675E+01
 -1       355 7.79233E+01
 -1       356 9.75390E+01
 -1       357 9.75390E+01
 -1       358 8.36169E+01
 -1       359 8.68906E+01
 -1       360 8.68906E+01
 -1       361 8.47226E+01
 -1       362 8.47226E+01
 -1       363 8.44337E+01
 -1       364 8.43778E+01
 -1       365 8.42433E+01
 -1       366 8.41156E+01
 -1       367 8.39647E+01
 -1       368 8.37913E+01
 -1       369 8.35825E+01
 -1       370 8.33229E+01
 -1       371 8.29852E+01
 -1       372 8.26142E+01
 -1       373 8.20972E+01
 -1       374 8.12202E+01
 -1       375 7.94675E+01
 -1       376 7.79233E+01
 -1       377 9.75390E+01
 -1       378 9.75390E+01
 -1       379 8.36169E+01
 -1       380 8.68906E+01
 -1       381 8.68906E+01
 -1       382 8.47226E+01
 -1       383 8.47226E+01
 -1       384 8.44337E+01
 -1       385 8.43778E+01
 -1       386 8.42433E+01
 -1       387 8.41156E+01
 -1       388 8.39647E+01
 -1       389 8.37913E+01
 -1       390 8.35825E+01
 -1       391 8.33229E+01
 -1       392 8.29852E+01
 -1       393 8.25257E+01
 -1       394 8.18522E+01
 -1       395 8.08581E+01
 -1       396 7.89213E+01
 -1       397 7.77055E+01
 -1       398 9.75390E+01
 -1       399 9.75390E+01
 -1       400 8.36169E+01
 -1       401 8.68906E+01
 -1       402 8.68906E+01
 -1       403 8.47226E+01
 -1       404 8.47226E+01
 -1       405 8.44337E+01
 -1       406 8.43778E+01
 -1       407 8.42433E+01
 -1       408 8.41156E+01
 -1       409 8.39647E+01
 -1       410 8.37913E+01
 -1       411 8.35825E+01
 -1       412 8.33229E+01
 -1       413 8.29852E+01
 -1       414 8.25257E+01
 -1       415 8.18522E+01
 -1       416 8.08581E+01
 -1       417 7.89213E+01
 -1       418 7.77055E+01
 -1       419 9.75390E+01
 -1       420 9.75390E+01
 -1       421 8.36169E+01
 -1       422 8.68906E+01
 -1       423 8.68906E+01
 -1       424 8.47226E+01
 -1       425 8.47226E+01
 -1       426 8.44337E+01
 -1       427 8.43778E+01
 -1       428 8.42433E+01
 -1       429 8.41156E+01
 -1       430 8.39647E+01
 -1       431 8.37913E+01
 -1       432 8.35825E+01
 -1       433 8.33229E+01
 -1       434 8.29852E+01
 -1       435 8.25257E+01
 -1       436 8.18522E+01
 -1       437 8.08581E+01
 -1       438 7.89213E+01
 -1       439 7.77055E+01
 -1       440 9.75390E+01
 -1       441 9.75390E+01
 -3
    1PSTEP                        19           1           3          
  100CL  107 3.000000000         249                     0    7           1
 -4  DISP        4    1
 -5  D1          1    2    1    0
 -5  D2          1    2    2    0
 -5  D3          1    2    3    0
 -5  ALL         1    2    0    0    1ALL
 -1        17 0.00000E+00 0.00000E+00 0.00000E+00
 -1        18 0.00000E+00 0.00000E+00 0.00000E+00
 -1        19 0.00000E+00 0.00000E+00 0.00000E+00
 -1        20 0.00000E+00 0.00000E+00 0.00000E+00
 -1        21 0.00000E+00 0.00000E+00 0.00000E+00
 -1        38 0.00000E+00 0.00000E+00 0.00000E+00
 -1        39 0.00000E+00 0.00000E+00 0.00000E+00
 -1        40 0.00000E+00 0.00000E+00 0.00000E+00
 -1        41 0.00000E+00 0.00000E+00 0.00000E+00
 -1        42 0.00000E+00 0.00000E+00 0.00000E+00
 -1        59 0.00000E+00 0.00000E+00 0.00000E+00
 -1        60 0.00000E+00 0.00000E+00 0.00000E+00
 -1        61 0.00000E+00 0.00000E+00 0.00000E+00
 -1        62 0.00000E+00 0.00000E+00 0.00000E+00
 -1        63 0.00000E+00 0.00000E+00 0.00000E+00
 -1        80-1.05734E-04-3.34304E-05-1.13361E-04
 -1        81-6.93501E-05-6.36405E-05-1.48846E-04
 -1        82-3.11331E-05-9.54830E-05-2.27740E-04
 -1        83 3.60812E-05-1.15907E-04-2.91302E-04
 -1        84 1.51695E-04-1.28351E-04-3.69347E-04
 -1       101-9.10655E-05-9.55964E-19-1.05782E-04
 -1       102-5.50583E-05-1.27060E-18-1.35081E-04
 -1       103-1.93471E-05-9.98488E-19-2.05783E-04
 -1       104 4.35793E-05 2.36260E-19-2.63613E-04
 -1       105 1.56899E-04 2.03729E-18-3.39790E-04
 -1       122-1.05734E-04 3.34304E-05-1.13361E-04
 -1       123-6.93501E-05 6.36405E-05-1.48846E-04
 -1       124-3.11331E-05 9.54830E-05-2.27740E-04
 -1       125 3.60812E-05 1.15907E-04-2.91302E-04
 -1       126 1.51695E-04 1.28351E-04-3.69347E-04
 -1       143-2.63322E-05-1.47293E-05-1.63214E-04
 -1       144-1.05439E-05-5.79004E-05-3.18962E-04
 -1       145 3.96614E-05-8.64787E-05-4.68059E-04
 -1       146 1.04296E-04-1.09108E-04-6.20720E-04
 -1       147 2.02718E-04-1.21929E-04-7.34774E-04
 -1       164-7.65703E-06-1.35625E-18-1.57936E-04
 -1       165 3.88714E-06-4.02218E-18-3.17174E-04
 -1       166 5.21287E-05-3.17529E-18-4.69190E-04
 -1       167 1.14493E-04-4.80711E-18-6.19121E-04
 -1       168 2.11339E-04-8.64542E-19-7.31567E-04
 -1       185-2.63322E-05 1.47293E-05-1.63214E-04
 -1       186-1.05439E-05 5.79004E-05-3.18962E-04
 -1       187 3.96614E-05 8.64787E-05-4.68059E-04
 -1       188 1.04296E-04 1.09108E-04-6.20720E-04
 -1       189 2.02718E-04 1.21929E-04-7.34774E-04
 -1       206 2.14693E-04-6.97933E-05-2.43338E-04
 -1       207 2.43819E-04-6.27506E-05-4.86450E-04
 -1       208 1.72283E-04-8.66390E-05-6.65337E-04
 -1       209 1.74884E-04-1.20259E-04-9.66632E-04
 -1       210 2.76882E-04-1.54108E-04-1.17839E-03
 -1       227 2.05025E-04-7.94338E-18-2.15279E-04
 -1       228 2.47257E-04 4.90050E-18-4.77107E-04
 -1       229 1.87288E-04-1.72170E-17-6.67137E-04
 -1       230 1.95614E-04 3.23291E-18-9.55951E-04
 -1       231 2.98103E-04-2.37835E-18-1.15266E-03
 -1       248 2.14693E-04 6.97933E-05-2.43338E-04
 -1       249 2.43819E-04 6.27506E-05-4.86450E-04
 -1       250 1.72283E-04 8.66390E-05-6.65337E-04
 -1       251 1.74884E-04 1.20259E-04-9.66632E-04
 -1       252 2.76882E-04 1.54108E-04-1.17839E-03
 -1       253 0.00000E+00 0.00000E+00 0.00000E+00
 -1       254-3.21654E-02-1.03916E-02-1.87742E-02
 -1       255-6.42510E-02-9.40722E-03-6.66815E-02
 -1       256-9.46891E-02-8.58795E-03-1.47422E-01
 -1       257-1.23461E-01-7.92589E-03-2.56016E-01
 -1       258-1.50586E-01-7.26870E-03-3.90962E-01
 -1       259-1.76279E-01-6.63217E-03-5.49927E-01
 -1       260-2.00636E-01-6.01818E-03-7.30877E-01
 -1       261-2.23747E-01-5.42608E-03-9.31782E-01
 -1       262-2.45679E-01-4.85587E-03-1.15070E+00
 -1       263-2.66480E-01-4.30752E-03-1.38575E+00
 -1       264-2.86185E-01-3.78100E-03-1.63513E+00
 -1       265-3.04815E-01-3.27627E-03-1.89710E+00
 -1       266-3.22382E-01-2.79332E-03-2.17000E+00
 -1       267-3.38893E-01-2.33201E-03-2.45221E+00
 -1       268-3.54348E-01-1.89211E-03-2.74221E+00
 -1       269-3.68744E-01-1.47598E-03-3.03855E+00
 -1       270-3.82071E-01-1.08468E-03-3.33982E+00
 -1       271-3.94373E-01-6.63727E-04-3.64481E+00
 -1       272-4.05415E-01-3.09198E-04-3.95213E+00
 -1       273-4.15299E-01-2.43298E-04-4.25978E+00
 -1       274 0.00000E+00 0.00000E+00 0.00000E+00
 -1       275-3.07107E-02-4.08972E-18-2.33832E-02
 -1       276-6.46828E-02-1.78365E-17-7.14236E-02
 -1       277-9.50016E-02-2.15411E-17-1.51698E-01
 -1       278-1.23754E-01-4.24584E-17-2.59961E-01
 -1       279-1.50889E-01-7.98123E-17-3.94580E-01
 -1       280-1.76581E-01-7.44305E-17-5.53227E-01
 -1       281-2.00933E-01-1.16091E-16-7.33870E-01
 -1       282-2.24036E-01-1.76079E-16-9.34480E-01
 -1       283-2.45958E-01-1.97732E-16-1.15311E+00
 -1       284-2.66746E-01-1.90765E-16-1.38789E+00
 -1       285-2.86437E-01-2.29273E-16-1.63701E+00
 -1       286-3.05051E-01-3.58639E-16-1.89873E+00
 -1       287-3.22602E-01-3.57473E-16-2.17138E+00
 -1       288-3.39096E-01-5.19968E-16-2.45336E+00
 -1       289-3.54531E-01-6.10444E-16-2.74315E+00
 -1       290-3.68908E-01-6.18602E-16-3.03928E+00
 -1       291-3.82227E-01-7.68438E-16-3.34036E+00
 -1       292-3.94507E-01-7.06167E-16-3.64513E+00
 -1       293-4.05491E-01-8.53310E-16-3.95227E+00
 -1       294-4.15332E-01-5.18764E-16-4.25989E+00
 -1       295 0.00000E+00 0.00000E+00 0.00000E+00
 -1       296-3.21654E-02 1.03916E-02-1.87742E-02
 -1       297-6.42510E-02 9.40722E-03-6.66815E-02
 -1       298-9.46891E-02 8.58795E-03-1.47422E-01
 -1       299-1.23461E-01 7.92589E-03-2.56016E-01
 -1       300-1.50586E-01 7.26870E-03-3.90962E-01
 -1       301-1.76279E-01 6.63217E-03-5.49927E-01
 -1       302-2.00636E-01 6.01818E-03-7.30877E-01
 -1       303-2.23747E-01 5.42608E-03-9.31782E-01
 -1       304-2.45679E-01 4.85587E-03-1.15070E+00
 -1       305-2.66480E-01 4.30752E-03-1.38575E+00
 -1       306-2.86185E-01 3.78100E-03-1.63513E+00
 -1       307-3.04815E-01 3.27627E-03-1.89710E+00
 -1       308-3.22382E-01 2.79332E-03-2.17000E+00
 -1       309-3.38893E-01 2.33201E-03-2.45221E+00
 -1       310-3.54348E-01 1.89211E-03-2.74221E+00
 -1       311-3.68744E-01 1.47598E-03-3.03855E+00
 -1       312-3.82071E-01 1.08468E-03-3.33982E+00
 -1       313-3.94373E-01 6.63727E-04-3.64481E+00
 -1       314-4.05415E-01 3.09198E-04-3.95213E+00
 -1       315-4.15299E-01 2.43298E-04-4.25978E+00
 -1       316 0.00000E+00 0.00000E+00 0.00000E+00
 -1       317-1.17091E-04-6.47261E-05-1.20412E-02
 -1       318-4.18209E-04-4.87729E-05-6.31410E-02
 -1       319-1.12581E-03-4.19316E-05-1.43876E-01
 -1       320-2.37190E-03-3.57937E-05-2.53610E-01
 -1       321-4.24850E-03-3.02655E-05-3.89501E-01
 -1       322-6.83022E-03-2.52720E-05-5.49524E-01
 -1       323-1.01559E-02-2.09189E-05-7.31530E-01
 -1       324-1.42409E-02-1.71138E-05-9.33490E-01
 -1       325-1.90790E-02-1.38195E-05-1.15344E+00
 -1       326-2.46461E-02-1.09939E-05-1.38948E+00
 -1       327-3.09034E-02-8.59693E-06-1.63979E+00
 -1       328-3.78002E-02-6.59134E-06-1.90262E+00
 -1       329-4.52764E-02-4.94712E-06-2.17630E+00
 -1       330-5.32650E-02-3.58949E-06-2.45923E+00
 -1       331-6.16948E-02-2.43882E-06-2.74986E+00
 -1       332-7.04914E-02-2.37486E-06-3.04673E+00
 -1       333-7.95689E-02-1.42343E-06-3.34848E+00
 -1       334-8.88429E-02 5.92172E-06-3.65374E+00
 -1       335-9.85657E-02-4.82064E-06-3.96140E+00
 -1       336-1.08118E-01-1.34078E-04-4.26970E+00
 -1       337 0.00000E+00 0.00000E+00 0.00000E+00
 -1       338-1.40943E-04-1.58420E-18-1.66201E-02
 -1       339-4.84609E-04-9.22287E-18-6.77256E-02
 -1       340-1.21062E-03-1.07051E-17-1.48188E-01
 -1       341-2.47056E-03-1.36027E-17-2.57558E-01
 -1       342-4.35744E-03-2.21661E-17-3.93124E-01
 -1       343-6.94490E-03-5.90666E-17-5.52831E-01
 -1       344-1.02725E-02-8.17301E-17-7.34531E-01
 -1       345-1.43563E-02-1.89983E-16-9.36196E-01
 -1       346-1.91905E-02-1.82902E-16-1.15586E+00
 -1       347-2.47516E-02-1.28064E-16-1.39163E+00
 -1       348-3.10011E-02-2.28843E-16-1.64167E+00
 -1       349-3.78887E-02-1.97098E-16-1.90426E+00
 -1       350-4.53547E-02-3.05499E-16-2.17770E+00
 -1       351-5.33324E-02-3.79990E-16-2.46039E+00
 -1       352-6.17504E-02-3.41400E-16-2.75080E+00
 -1       353-7.05350E-02-4.38325E-16-3.04747E+00
 -1       354-7.96084E-02-6.18044E-16-3.34902E+00
 -1       355-8.88776E-02-8.28798E-16-3.65409E+00
 -1       356-9.84260E-02-7.00714E-16-3.96157E+00
 -1       357-1.07938E-01-5.81118E-16-4.26973E+00
 -1       358 0.00000E+00 0.00000E+00 0.00000E+00
 -1       359-1.17091E-04 6.47261E-05-1.20412E-02
 -1       360-4.18209E-04 4.87729E-05-6.31410E-02
 -1       361-1.12581E-03 4.19316E-05-1.43876E-01
 -1       362-2.37190E-03 3.57937E-05-2.53610E-01
 -1       363-4.24850E-03 3.02655E-05-3.89501E-01
 -1       364-6.83022E-03 2.52720E-05-5.49524E-01
 -1       365-1.01559E-02 2.09189E-05-7.31530E-01
 -1       366-1.42409E-02 1.71138E-05-9.33490E-01
 -1       367-1.90790E-02 1.38195E-05-1.15344E+00
 -1       368-2.46461E-02 1.09939E-05-1.38948E+00
 -1       369-3.09034E-02 8.59693E-06-1.63979E+00
 -1       370-3.78002E-02 6.59134E-06-1.90262E+00
 -1       371-4.52764E-02 4.94712E-06-2.17630E+00
 -1       372-5.32650E-02 3.58949E-06-2.45923E+00
 -1       373-6.16948E-02 2.43882E-06-2.74986E+00
 -1       374-7.04914E-02 2.37486E-06-3.04673E+00
 -1       375-7.95689E-02 1.42343E-06-3.34848E+00
 -1       376-8.88429E-02-5.92172E-06-3.65374E+00
 -1       377-9.85657E-02 4.82064E-06-3.96140E+00
 -1       378-1.08118E-01 1.34078E-04-4.26970E+00
 -1       379 0.00000E+00 0.00000E+00 0.00000E+00
 -1       380 3.18845E-02 1.02798E-02-1.91018E-02
 -1       381 6.32880E-02 9.32658E-03-6.76263E-02
 -1       382 9.22525E-02 8.52949E-03-1.49269E-01
 -1       383 1.18514E-01 7.87355E-03-2.59042E-01
 -1       384 1.41863E-01 7.22433E-03-3.95331E-01
 -1       385 1.62383E-01 6.59512E-03-5.55750E-01
 -1       386 1.80085E-01 5.98750E-03-7.38209E-01
 -1       387 1.95029E-01 5.40094E-03-9.40632E-01
 -1       388 2.07293E-01 4.83552E-03-1.16104E+00
 -1       389 2.16973E-01 4.29129E-03-1.39752E+00
 -1       390 2.24179E-01 3.76826E-03-1.64824E+00
 -1       391 2.29034E-01 3.26644E-03-1.91143E+00
 -1       392 2.31670E-01 2.78585E-03-2.18542E+00
 -1       393 2.32226E-01 2.32660E-03-2.46859E+00
 -1       394 2.30844E-01 1.88891E-03-2.75941E+00
 -1       395 2.27673E-01 1.47024E-03-3.05642E+00
 -1       396 2.22856E-01 1.06926E-03-3.35821E+00
 -1       397 2.16532E-01 7.53907E-04-3.66348E+00
 -1       398 2.08925E-01 3.37396E-04-3.97067E+00
 -1       399 2.00490E-01-5.64413E-04-4.28188E+00
 -1       400 0.00000E+00 0.00000E+00 0.00000E+00
 -1       401 3.04094E-02 1.53712E-18-2.36820E-02
 -1       402 6.35741E-02 3.56113E-18-7.23661E-02
 -1       403 9.23946E-02-7.04556E-18-1.53553E-01
 -1       404 1.18608E-01-1.69166E-17-2.62994E-01
 -1       405 1.41947E-01-2.69991E-17-3.98958E-01
 -1       406 1.62455E-01-5.52000E-17-5.59061E-01
 -1       407 1.80148E-01-9.28948E-17-7.41215E-01
 -1       408 1.95087E-01-9.47573E-17-9.43344E-01
 -1       409 2.07348E-01-1.44977E-16-1.16347E+00
 -1       410 2.17027E-01-3.08957E-16-1.39967E+00
 -1       411 2.24235E-01-2.29036E-16-1.65013E+00
 -1       412 2.29093E-01-2.77139E-16-1.91307E+00
 -1       413 2.31733E-01-3.28168E-16-2.18682E+00
 -1       414 2.32293E-01-3.21120E-16-2.46977E+00
 -1       415 2.30917E-01-4.59466E-16-2.76036E+00
 -1       416 2.27752E-01-4.51987E-16-3.05716E+00
 -1       417 2.22928E-01-3.62921E-16-3.35876E+00
 -1       418 2.16621E-01-4.22746E-16-3.66386E+00
 -1       419 2.09112E-01-5.29786E-16-3.97102E+00
 -1       420 2.00487E-01-1.03690E-15-4.28011E+00
 -1       421 0.00000E+00 0.00000E+00 0.00000E+00
 -1       422 3.18845E-02-1.02798E-02-1.91018E-02
 -1       423 6.32880E-02-9.32658E-03-6.76263E-02
 -1       424 9.22525E-02-8.52949E-03-1.49269E-01
 -1       425 1.18514E-01-7.87355E-03-2.59042E-01
 -1       426 1.41863E-01-7.22433E-03-3.95331E-01
 -1       427 1.62383E-01-6.59512E-03-5.55750E-01
 -1       428 1.80085E-01-5.98750E-03-7.38209E-01
 -1       429 1.95029E-01-5.40094E-03-9.40632E-01
 -1       430 2.07293E-01-4.83552E-03-1.16104E+00
 -1       431 2.16973E-01-4.29129E-03-1.39752E+00
 -1       432 2.24179E-01-3.76826E-03-1.64824E+00
 -1       433 2.29034E-01-3.26644E-03-1.91143E+00
 -1       434 2.31670E-01-2.78585E-03-2.18542E+00
 -1       435 2.32226E-01-2.32660E-03-2.46859E+00
 -1       436 2.30844E-01-1.88891E-03-2.75941E+00
 -1       437 2.27673E-01-1.47024E-03-3.05642E+00
 -1       438 2.22856E-01-1.06926E-03-3.35821E+00
 -1       439 2.16532E-01-7.53907E-04-3.66348E+00
 -1       440 2.08925E-01-3.37396E-04-3.97067E+00
 -1       441 2.00490E-01 5.64413E-04-4.28188E+00
 -3
    1PSTEP                        20           1           3          
  100CL  107 3.000000000         249                     0    7           1
 -4  STRESS      6    1
 -5  SXX         1    4    1    1
 -5  SYY         1    4    2    2
 -5  SZZ         1    4    3    3
 -5  SXY         1    4    1    2
 -5  SYZ         1    4    2    3
 -5  SZX         1    4    3    1
 -1        17 1.69295E-05 1.99497E-05 5.08621E-05 6.01946E-07 3.07703E-06 3.65309E-06
 -1        18 1.13227E-05 1.04299E-05 2.44399E-05 5.82279E-07 1.39789E-06 3.04552E-06
 -1        19 2.87704E-06 2.73597E-06 6.55496E-06 5.92880E-07 4.07872E-07 2.41777E-06
 -1        20-5.30919E-06-4.64243E-06-1.05269E-05 5.94508E-07-5.99815E-07 2.55135E-06
 -1        21-1.06257E-05-1.34976E-05-3.50118E-05 5.84415E-07-2.29870E-06 2.71981E-06
 -1        38 1.60969E-05 1.97150E-05 4.83216E-05-1.99789E-15-9.49271E-15 4.65566E-06
 -1        39 1.07901E-05 1.03581E-05 2.27367E-05-2.08961E-15-1.41797E-14 4.09116E-06
 -1        40 2.77347E-06 2.77684E-06 6.16900E-06-1.46905E-15-9.79635E-15 3.43573E-06
 -1        41-5.08156E-06-4.58214E-06-9.82861E-06-4.29327E-15 7.99806E-15 3.55591E-06
 -1        42-1.01870E-05-1.33591E-05-3.36888E-05 4.43348E-16 3.33206E-14 3.74440E-06
 -1        59 1.69295E-05 1.99497E-05 5.08621E-05-6.01946E-07-3.07703E-06 3.65309E-06
 -1        60 1.13227E-05 1.04299E-05 2.44399E-05-5.82279E-07-1.39789E-06 3.04552E-06
 -1        61 2.87704E-06 2.73597E-06 6.55496E-06-5.92880E-07-4.07872E-07 2.41777E-06
 -1        62-5.30919E-06-4.64243E-06-1.05269E-05-5.94508E-07 5.99815E-07 2.55135E-06
 -1        63-1.06257E-05-1.34976E-05-3.50118E-05-5.84415E-07 2.29870E-06 2.71981E-06
 -1        80-2.63831E-06-2.14898E-06 4.53793E-05-4.95293E-07 6.93406E-07 1.95270E-06
 -1        81-4.62484E-08-1.67690E-06 2.38694E-05-5.08140E-07 7.26211E-08 2.65663E-06
 -1        82 1.23893E-06-4.38427E-07 6.07035E-06-5.62128E-07-2.47136E-08 3.64277E-06
 -1        83 1.36354E-06 1.03374E-06-9.78794E-06-5.78783E-07-9.94648E-08 3.15481E-06
 -1        84 2.96781E-06 1.92655E-06-2.89256E-05-5.60974E-07-5.57575E-07 2.39430E-06
 -1       101-2.82541E-06-2.18267E-06 4.44157E-05 1.14211E-14-8.89362E-15 2.79237E-06
 -1       102-2.13877E-07-1.63878E-06 2.32054E-05 7.66809E-15-2.05101E-14 3.56545E-06
 -1       103 1.10635E-06-3.78056E-07 5.74580E-06 9.93385E-15-2.90014E-15 4.51586E-06
 -1       104 1.34055E-06 1.08648E-06-9.94613E-06 1.84037E-14-3.35848E-16 3.86834E-06
 -1       105 2.92318E-06 1.90557E-06-2.92271E-05 9.12053E-15 4.47738E-14 3.02852E-06
 -1       122-2.63831E-06-2.14898E-06 4.53793E-05 4.95293E-07-6.93406E-07 1.95270E-06
 -1       123-4.62485E-08-1.67690E-06 2.38694E-05 5.08140E-07-7.26211E-08 2.65663E-06
 -1       124 1.23893E-06-4.38427E-07 6.07035E-06 5.62128E-07 2.47136E-08 3.64277E-06
 -1       125 1.36354E-06 1.03374E-06-9.78793E-06 5.78783E-07 9.94648E-08 3.15481E-06
 -1       126 2.96781E-06 1.92655E-06-2.89256E-05 5.60974E-07 5.57575E-07 2.39430E-06
 -1       143 4.42895E-06 2.86251E-06 4.29267E-05 2.98812E-07 8.52017E-08 4.93371E-07
 -1       144 2.73874E-06 1.67603E-06 2.22146E-05 4.18129E-07-2.87107E-07 2.09675E-06
 -1       145 1.83664E-06 6.13280E-07 5.21623E-06 5.02390E-07-9.59518E-08 4.46793E-06
 -1       146 1.05234E-07-5.82328E-07-8.77744E-06 3.69291E-07-5.84045E-08 4.25797E-06
 -1       147-1.78769E-06-1.00097E-06-2.17851E-05 2.23488E-07 3.14121E-07 3.23615E-06
 -1       164 4.01957E-06 2.90260E-06 4.18432E-05 5.16466E-15-9.27183E-14 1.06360E-06
 -1       165 2.05845E-06 1.59345E-06 2.09675E-05 1.12432E-14 3.78895E-14 2.56317E-06
 -1       166 1.19956E-06 5.69387E-07 4.26933E-06-2.87234E-14-7.42729E-14 4.84979E-06
 -1       167-5.33324E-08-4.44986E-07-9.13542E-06-9.81318E-15 5.43358E-14 4.32816E-06
 -1       168-1.85261E-06-9.14492E-07-2.21831E-05 1.10840E-13 5.27076E-14 3.05823E-06
 -1       185 4.42895E-06 2.86251E-06 4.29267E-05-2.98812E-07-8.52018E-08 4.93371E-07
 -1       186 2.73874E-06 1.67603E-06 2.22146E-05-4.18129E-07 2.87107E-07 2.09675E-06
 -1       187 1.83663E-06 6.13279E-07 5.21623E-06-5.02389E-07 9.59518E-08 4.46793E-06
 -1       188 1.05234E-07-5.82327E-07-8.77744E-06-3.69291E-07 5.84044E-08 4.25797E-06
 -1       189-1.78769E-06-1.00097E-06-2.17851E-05-2.23488E-07-3.14121E-07 3.23615E-06
 -1       206 1.87723E-06 4.66870E-06 4.07409E-05-9.58682E-07-1.11808E-07-8.47164E-07
 -1       207 7.28579E-06 4.25355E-06 1.93517E-05-1.41204E-06 5.84079E-07 1.37697E-06
 -1       208 7.63246E-06 3.89237E-06 5.22489E-06-7.13005E-07-5.22194E-08 3.94999E-06
 -1       209-1.38025E-06-3.47134E-06-5.11800E-06-2.87166E-07-4.24825E-07 2.34824E-06
 -1       210 6.22433E-05 2.55873E-05-1.02251E-05 5.91964E-07-7.84783E-07 9.35795E-06
 -1       227 2.20899E-06 3.67488E-06 4.01352E-05 3.71533E-13 1.11519E-13-1.35897E-06
 -1       228 7.28344E-06 3.45533E-06 1.84639E-05 3.10364E-13-1.50230E-13 1.69169E-06
 -1       229 6.67160E-06 3.88015E-06 4.54923E-06-8.01511E-13 2.68850E-13 4.61940E-06
 -1       230-3.70771E-06-3.09635E-06-5.16528E-06 2.47254E-12 9.62941E-16 2.76738E-06
 -1       231 5.89576E-05 2.61484E-05-9.90437E-06 1.32644E-12 1.69718E-13 9.62306E-06
 -1       248 1.87723E-06 4.66869E-06 4.07409E-05 9.58681E-07 1.11807E-07-8.47165E-07
 -1       249 7.28581E-06 4.25356E-06 1.93517E-05 1.41204E-06-5.84079E-07 1.37697E-06
 -1       250 7.63243E-06 3.89234E-06 5.22489E-06 7.13001E-07 5.22199E-08 3.94999E-06
 -1       251-1.38023E-06-3.47132E-06-5.11799E-06 2.87169E-07 4.24825E-07 2.34824E-06
 -1       252 6.22432E-05 2.55873E-05-1.02251E-05-5.91974E-07 7.84784E-07 9.35795E-06
 -1       253-1.51832E+03-5.72787E+02-3.98934E+02-1.17783E+02-4.18943E+01 6.32249E+00
 -1       254-1.33920E+03 6.76034E+01 1.22092E+02-3.86221E+01 3.29567E+01 6.41336E+00
 -1       255-1.27394E+03-4.00299E-01-2.39665E+01 8.72915E+00-9.30482E-01-2.10248E+01
 -1       256-1.19521E+03 1.59609E+00 5.18732E+00 4.86080E+00-3.52990E-01-1.42424E+01
 -1       257-1.10141E+03-8.25634E-01-3.40259E+00 4.61011E+00-2.87242E-01-8.33468E+00
 -1       258-1.01032E+03 1.54638E-01-4.26547E-01 4.55698E+00-2.74561E-01-4.35573E+00
 -1       259-9.22912E+02-1.57276E-01-8.62626E-01 4.40632E+00-2.85515E-01-1.55919E+00
 -1       260-8.38201E+02-1.22959E-01-4.27763E-01 4.26103E+00-2.86059E-01 2.22444E-01
 -1       261-7.56435E+02-1.67739E-01-2.64092E-01 4.11648E+00-2.86145E-01 1.10516E+00
 -1       262-6.77590E+02-1.86759E-01-4.88002E-02 3.97078E+00-2.84929E-01 1.24239E+00
 -1       263-6.01685E+02-2.08517E-01 1.36432E-01 3.82427E+00-2.82444E-01 7.60603E-01
 -1       264-5.28724E+02-2.25496E-01 3.17972E-01 3.67702E+00-2.78822E-01-2.20468E-01
 -1       265-4.58713E+02-2.39475E-01 4.91691E-01 3.52892E+00-2.74155E-01-1.59248E+00
 -1       266-3.91656E+02-2.52538E-01 6.50878E-01 3.38024E+00-2.68650E-01-3.25757E+00
 -1       267-3.27552E+02-2.57568E-01 8.22677E-01 3.23377E+00-2.61928E-01-5.12773E+00
 -1       268-2.66403E+02-2.88542E-01 9.09818E-01 3.07936E+00-2.54490E-01-7.12509E+00
 -1       269-1.38790E+02-1.24369E-01 8.07477E-01 1.91697E+00-1.70229E-01-6.07069E+00
 -1       270-7.67560E+01-2.50256E-01 1.87766E-01 1.46048E+00-1.00648E-01-5.60573E+00
 -1       271-4.88419E+01 1.53299E-01 2.41702E+00 1.63064E+00-1.35116E-01-7.33058E+00
 -1       272-2.23798E+01 2.80407E-01 5.21560E-01 7.26292E-01-7.07906E-02-8.11998E+00
 -1       273-1.14517E+01-1.61524E+00-1.20800E+01 2.51827E-01-7.57713E-01-7.62988E+00
 -1       274-1.44481E+03-5.55309E+02-3.70924E+02-1.06581E-14-7.10543E-15-6.69476E+01
 -1       275-1.35023E+03 6.43849E+01 1.19528E+02 6.83897E-14-8.41549E-14-5.48363E+01
 -1       276-1.31521E+03-8.66648E+00-3.28852E+01-4.20775E-14 3.29736E-14-1.23182E+01
 -1       277-1.19272E+03 1.23119E+00 3.68316E+00 1.73001E-13 2.88436E-13-4.29765E+00
 -1       278-1.10104E+03-4.05639E-01-3.90213E+00-5.39152E-13-8.24008E-13-5.30781E-04
 -1       279-1.01053E+03 1.93654E-01-1.32249E+00-1.80550E-13 3.17968E-13 3.88275E+00
 -1       280-9.22758E+02-7.94907E-02-1.70226E+00 3.01356E-13-7.60059E-13 6.40484E+00
 -1       281-8.37879E+02-4.28558E-02-1.24537E+00 6.32855E-13-6.74016E-13 7.90581E+00
 -1       282-7.55972E+02-8.89372E-02-1.06152E+00-2.83773E-13-1.69975E-13 8.51139E+00
 -1       283-6.77006E+02-1.08125E-01-8.22778E-01-2.91794E-13 3.55105E-12 8.37118E+00
 -1       284-6.01003E+02-1.30033E-01-6.12199E-01-7.44071E-13 2.33913E-12 7.61197E+00
 -1       285-5.27964E+02-1.47179E-01-4.03656E-01 5.16864E-13 4.91385E-13 6.35374E+00
 -1       286-4.57895E+02-1.61311E-01-2.01436E-01-1.57396E-12 1.67333E-12 4.70488E+00
 -1       287-3.90796E+02-1.73922E-01-1.21494E-02 6.12690E-13-3.86841E-12 2.76403E+00
 -1       288-3.26657E+02-1.79621E-01 1.89599E-01 9.75192E-13 1.91702E-12 6.19133E-01
 -1       289-2.65474E+02-2.16624E-01 3.08177E-01 1.24351E-12 2.20735E-12-1.66520E+00
 -1       290-1.38299E+02-7.82772E-02 4.28217E-01 4.54747E-13 4.43412E-12-2.62512E+00
 -1       291-7.62889E+01-9.07903E-02 5.94033E-03 2.14236E-12-3.11348E-12-3.01187E+00
 -1       292-4.82877E+01-2.67224E-01 1.48085E+00-8.86909E-13 6.38192E-12-4.95250E+00
 -1       293-2.14804E+01-3.76134E-01-2.46804E-01-5.42916E-12 4.88027E-12-5.61004E+00
 -1       294-9.27236E+00-8.53529E-01-9.48040E+00-2.14248E-12-2.38025E-13-5.73674E+00
 -1       295-1.51832E+03-5.72787E+02-3.98934E+02 1.17783E+02 4.18943E+01 6.32249E+00
 -1       296-1.33920E+03 6.76034E+01 1.22092E+02 3.86221E+01-3.29567E+01 6.41336E+00
 -1       297-1.27394E+03-4.00299E-01-2.39665E+01-8.72915E+00 9.30482E-01-2.10248E+01
 -1       298-1.19521E+03 1.59609E+00 5.18732E+00-4.86080E+00 3.52990E-01-1.42424E+01
 -1       299-1.10141E+03-8.25634E-01-3.40259E+00-4.61011E+00 2.87242E-01-8.33468E+00
 -1       300-1.01032E+03 1.54638E-01-4.26547E-01-4.55698E+00 2.74561E-01-4.35573E+00
 -1       301-9.22912E+02-1.57276E-01-8.62626E-01-4.40632E+00 2.85515E-01-1.55919E+00
 -1       302-8.38201E+02-1.22959E-01-4.27763E-01-4.26103E+00 2.86059E-01 2.22444E-01
 -1       303-7.56435E+02-1.67739E-01-2.64092E-01-4.11648E+00 2.86145E-01 1.10516E+00
 -1       304-6.77590E+02-1.86759E-01-4.88002E-02-3.97078E+00 2.84929E-01 1.24239E+00
 -1       305-6.01685E+02-2.08517E-01 1.36432E-01-3.82427E+00 2.82444E-01 7.60603E-01
 -1       306-5.28724E+02-2.25496E-01 3.17972E-01-3.67702E+00 2.78822E-01-2.20468E-01
 -1       307-4.58713E+02-2.39475E-01 4.91691E-01-3.52892E+00 2.74155E-01-1.59248E+00
 -1       308-3.91656E+02-2.52538E-01 6.50878E-01-3.38024E+00 2.68650E-01-3.25757E+00
 -1       309-3.27552E+02-2.57568E-01 8.22677E-01-3.23377E+00 2.61928E-01-5.12773E+00
 -1       310-2.66403E+02-2.88542E-01 9.09818E-01-3.07936E+00 2.54490E-01-7.12509E+00
 -1       311-1.38790E+02-1.24369E-01 8.07477E-01-1.91697E+00 1.70229E-01-6.07069E+00
 -1       312-7.67560E+01-2.50256E-01 1.87766E-01-1.46048E+00 1.00648E-01-5.60573E+00
 -1       313-4.88419E+01 1.53299E-01 2.41702E+00-1.63064E+00 1.35116E-01-7.33058E+00
 -1       314-2.23798E+01 2.80407E-01 5.21560E-01-7.26292E-01 7.07906E-02-8.11998E+00
 -1       315-1.14517E+01-1.61524E+00-1.20800E+01-2.51827E-01 7.57713E-01-7.62988E+00
 -1       316-6.45698E+00-1.47646E+00-4.43061E-01-1.19664E+00-4.18014E+01 2.49592E+00
 -1       317-8.32318E+00-7.02826E-01-4.68851E+00-3.72417E-01 3.19586E+01-3.64776E+00
 -1       318-6.17867E+00-2.34360E-01-2.49311E+00 1.31750E-01 6.61015E-01-3.69580E+01
 -1       319-6.59442E+00-3.29279E-01-1.53276E+00-3.70027E-02-1.03841E+00-3.63526E+01
 -1       320-5.87084E+00-2.65181E-01-9.29971E-01 1.97717E-02 5.11842E-02-3.52798E+01
 -1       321-5.35489E+00-2.26895E-01-3.89448E-01 1.45846E-02-6.45296E-02-3.40744E+01
 -1       322-4.88066E+00-1.87855E-01 8.78534E-02 1.10827E-02-7.26402E-02-3.29321E+01
 -1       323-4.44785E+00-1.56044E-01 4.83651E-01 9.14880E-03-6.86869E-02-3.17860E+01
 -1       324-4.04739E+00-1.27439E-01 8.09834E-01 7.46105E-03-6.85809E-02-3.06421E+01
 -1       325-3.68077E+00-1.02781E-01 1.07169E+00 5.80121E-03-6.83235E-02-2.95006E+01
 -1       326-3.34459E+00-8.15703E-02 1.27465E+00 4.30450E-03-6.80245E-02-2.83610E+01
 -1       327-3.03665E+00-6.35546E-02 1.42393E+00 2.96539E-03-6.77647E-02-2.72232E+01
 -1       328-2.75422E+00-4.83442E-02 1.52454E+00 1.71637E-03-6.75231E-02-2.60870E+01
 -1       329-2.49420E+00-3.56882E-02 1.58055E+00 2.31327E-04-6.72862E-02-2.49522E+01
 -1       330-2.26509E+00-2.78549E-02 1.59773E+00 1.67989E-04-6.72507E-02-2.38182E+01
 -1       331-2.06749E+00-1.75742E-02 1.59981E+00 5.50248E-03-6.63657E-02-2.26830E+01
 -1       332-1.69758E+00 2.83351E-02 1.52253E+00-1.58454E-02-6.80973E-02-2.15631E+01
 -1       333-1.08798E+00-2.48267E-02 1.04159E+00-1.21401E-01-7.18472E-02-2.04780E+01
 -1       334-6.26464E+00-1.31542E+00 1.99439E+00 1.90691E-01-6.58404E-02-1.90659E+01
 -1       335-9.37538E+00 2.86541E+00 1.19115E+01 1.88689E+00 1.54010E+00-1.72445E+01
 -1       336-2.29492E+01-1.91722E+01-7.06565E+01 3.46116E+00-7.13313E-01-1.93132E+01
 -1       337-7.11699E+00-1.40964E+00-7.48284E-01-5.32907E-15-2.48690E-14-7.14676E+01
 -1       338-9.90356E+00-5.82247E-01-4.20462E+00-3.23630E-14 1.19904E-14-6.43278E+01
 -1       339-7.68075E+00-1.37846E-01-3.25582E+00-5.09592E-14-1.89904E-13-2.90035E+01
 -1       340-7.38792E+00-3.71769E-01-2.51873E+00 1.03417E-13 6.86673E-14-2.75464E+01
 -1       341-6.46774E+00-2.62869E-01-1.88575E+00 2.79055E-13 1.98730E-14-2.65942E+01
 -1       342-5.73634E+00-2.23636E-01-1.32353E+00-1.01030E-14-2.64233E-13-2.57782E+01
 -1       343-5.05521E+00-1.87163E-01-8.32497E-01-1.76803E-13-1.59983E-13-2.49054E+01
 -1       344-4.44839E+00-1.55093E-01-4.17822E-01-4.84002E-13 4.49696E-13-2.40421E+01
 -1       345-3.90195E+00-1.26518E-01-7.02855E-02-5.13589E-13-1.69920E-13-2.31817E+01
 -1       346-3.41368E+00-1.01938E-01 2.15115E-01 1.12310E-12 1.53955E-12-2.23229E+01
 -1       347-2.97846E+00-8.07939E-02 4.43620E-01 4.94271E-13 1.33410E-12-2.14657E+01
 -1       348-2.59203E+00-6.28570E-02 6.20208E-01-3.67817E-13 5.96467E-13-2.06095E+01
 -1       349-2.25028E+00-4.77861E-02 7.49611E-01 5.96301E-13-3.50150E-12-1.97541E+01
 -1       350-1.94880E+00-3.46448E-02 8.36137E-01-6.96720E-13 1.44926E-12-1.88993E+01
 -1       351-1.68215E+00-2.59858E-02 8.85324E-01-1.97231E-13-9.03666E-13-1.80448E+01
 -1       352-1.46771E+00-3.18755E-02 9.07635E-01-1.57707E-13-3.49176E-12-1.71892E+01
 -1       353-1.23752E+00 4.82826E-02 8.98327E-01-1.43960E-12 2.37541E-12-1.63361E+01
 -1       354-7.58687E-01 5.81506E-02 4.66591E-01-3.24846E-12 2.02319E-12-1.55295E+01
 -1       355-2.04067E+00-5.25276E-01 1.81827E+00 5.88973E-13 2.40361E-12-1.43892E+01
 -1       356-7.86896E+00-2.28279E+00 5.92344E+00 2.77001E-12-8.76249E-12-1.27673E+01
 -1       357-1.89871E+00-4.53454E+00-2.10097E+01 3.19833E-12 2.24132E-12-1.60007E+01
 -1       358-6.45698E+00-1.47646E+00-4.43061E-01 1.19664E+00 4.18014E+01 2.49592E+00
 -1       359-8.32318E+00-7.02826E-01-4.68851E+00 3.72417E-01-3.19586E+01-3.64776E+00
 -1       360-6.17867E+00-2.34360E-01-2.49311E+00-1.31750E-01-6.61015E-01-3.69580E+01
 -1       361-6.59442E+00-3.29279E-01-1.53276E+00 3.70027E-02 1.03841E+00-3.63526E+01
 -1       362-5.87084E+00-2.65181E-01-9.29971E-01-1.97717E-02-5.11842E-02-3.52798E+01
 -1       363-5.35489E+00-2.26895E-01-3.89448E-01-1.45846E-02 6.45296E-02-3.40744E+01
 -1       364-4.88066E+00-1.87855E-01 8.78534E-02-1.10827E-02 7.26402E-02-3.29321E+01
 -1       365-4.44785E+00-1.56044E-01 4.83651E-01-9.14880E-03 6.86869E-02-3.17860E+01
 -1       366-4.04739E+00-1.27439E-01 8.09834E-01-7.46105E-03 6.85809E-02-3.06421E+01
 -1       367-3.68077E+00-1.02781E-01 1.07169E+00-5.80121E-03 6.83235E-02-2.95006E+01
 -1       368-3.34459E+00-8.15703E-02 1.27465E+00-4.30450E-03 6.80245E-02-2.83610E+01
 -1       369-3.03665E+00-6.35546E-02 1.42393E+00-2.96539E-03 6.77647E-02-2.72232E+01
 -1       370-2.75422E+00-4.83442E-02 1.52454E+00-1.71637E-03 6.75231E-02-2.60870E+01
 -1       371-2.49420E+00-3.56882E-02 1.58055E+00-2.31327E-04 6.72862E-02-2.49522E+01
 -1       372-2.26509E+00-2.78549E-02 1.59773E+00-1.67989E-04 6.72507E-02-2.38182E+01
 -1       373-2.06749E+00-1.75742E-02 1.59981E+00-5.50248E-03 6.63657E-02-2.26830E+01
 -1       374-1.69758E+00 2.83351E-02 1.52253E+00 1.58454E-02 6.80973E-02-2.15631E+01
 -1       375-1.08798E+00-2.48267E-02 1.04159E+00 1.21401E-01 7.18472E-02-2.04780E+01
 -1       376-6.26464E+00-1.31542E+00 1.99439E+00-1.90691E-01 6.58404E-02-1.90659E+01
 -1       377-9.37538E+00 2.86541E+00 1.19115E+01-1.88689E+00-1.54010E+00-1.72445E+01
 -1       378-2.29492E+01-1.91722E+01-7.06565E+01-3.46116E+00 7.13313E-01-1.93132E+01
 -1       379 1.53126E+03 5.64618E+02 3.87005E+02 1.20796E+02-4.14866E+01-1.21819E+00
 -1       380 1.36354E+03-6.34109E+01-1.25846E+02 4.08053E+01 3.19660E+01-1.26866E+01
 -1       381 1.28982E+03 6.72722E-01 1.76640E+01-9.09059E+00-4.04628E-01-5.36512E+01
 -1       382 1.20982E+03-9.36878E-01-7.95897E+00-5.16989E+00 6.67659E-02-6.02322E+01
 -1       383 1.11280E+03 1.29882E+00 1.43645E+00-4.89785E+00 1.23075E-01-6.25284E+01
 -1       384 1.01911E+03 2.81509E-01-3.27788E-01-4.79864E+00 1.56192E-01-6.43730E+01
 -1       385 9.29384E+02 5.07910E-01 1.03154E+00-4.62225E+00 1.51727E-01-6.48574E+01
 -1       386 8.42696E+02 4.12969E-01 1.39830E+00-4.45166E+00 1.55269E-01-6.43030E+01
 -1       387 7.59236E+02 4.01939E-01 1.88623E+00-4.28343E+00 1.55934E-01-6.28454E+01
 -1       388 6.78967E+02 3.73415E-01 2.19518E+00-4.11587E+00 1.54964E-01-6.06394E+01
 -1       389 6.01884E+02 3.54285E-01 2.41510E+00-3.94935E+00 1.52552E-01-5.78159E+01
 -1       390 5.27970E+02 3.36700E-01 2.53102E+00-3.78381E+00 1.48840E-01-5.44978E+01
 -1       391 4.57210E+02 3.21977E-01 2.55706E+00-3.61934E+00 1.43986E-01-5.07958E+01
 -1       392 3.89587E+02 3.11856E-01 2.50916E+00-3.45567E+00 1.38182E-01-4.68091E+01
 -1       393 3.25081E+02 2.95307E-01 2.37357E+00-3.28995E+00 1.30962E-01-4.26262E+01
 -1       394 2.63693E+02 3.03777E-01 2.26193E+00-3.13254E+00 1.22885E-01-3.83282E+01
 -1       395 2.05381E+02 2.69763E-01 1.80286E+00-3.03027E+00 1.38210E-01-3.40505E+01
 -1       396 1.49705E+02 5.31997E-01 2.18103E+00-2.62696E+00-3.52666E-02-2.96565E+01
 -1       397 9.94213E+01-1.95642E+00-7.28635E-01-2.06622E+00 8.22347E-01-2.37035E+01
 -1       398 6.30159E+01 1.49310E+01 2.36619E+01-5.73194E+00-4.40043E+00-2.72877E+01
 -1       399 2.99463E+01 7.40487E+00-1.03892E+02-1.00898E+01 1.59980E+01-4.08230E+01
 -1       400 1.45449E+03 5.46989E+02 3.59435E+02 1.42109E-14 1.42109E-14-7.63717E+01
 -1       401 1.37108E+03-6.07716E+01-1.22368E+02 5.24025E-14 7.37188E-14-7.53399E+01
 -1       402 1.32931E+03 8.91075E+00 2.48216E+01 2.54352E-13 7.83817E-14-4.56891E+01
 -1       403 1.20581E+03-6.29401E-01-8.48952E+00-1.81410E-13 4.57412E-14-5.00465E+01
 -1       404 1.11120E+03 8.93063E-01 6.40996E-02-1.02418E-13 4.71623E-13-5.40021E+01
 -1       405 1.01855E+03 2.42463E-01-1.30359E+00 1.59567E-13 6.40266E-13-5.59944E+01
 -1       406 9.28876E+02 4.29976E-01 3.27060E-02 3.52718E-13-1.13709E-12-5.67608E+01
 -1       407 8.42366E+02 3.32637E-01 4.14846E-01 9.42524E-13 1.22513E-12-5.64994E+01
 -1       408 7.59059E+02 3.23088E-01 9.25181E-01 4.07785E-13-3.31069E-13-5.53305E+01
 -1       409 6.78913E+02 2.94670E-01 1.25759E+00-1.26713E-12-3.31957E-14-5.34126E+01
 -1       410 6.01931E+02 2.75689E-01 1.50315E+00-4.68223E-13-1.07558E-12-5.08763E+01
 -1       411 5.28096E+02 2.58219E-01 1.64654E+00 5.79967E-13-1.36491E-12-4.78443E+01
 -1       412 4.57396E+02 2.43561E-01 1.70162E+00-4.75814E-13-1.92013E-13-4.44271E+01
 -1       413 3.89815E+02 2.33983E-01 1.68444E+00 1.03192E-12 4.67476E-12-4.07245E+01
 -1       414 3.25345E+02 2.17722E-01 1.58073E+00 2.61097E-13-9.00169E-13-3.68265E+01
 -1       415 2.63998E+02 2.17270E-01 1.49485E+00-1.38042E-13-4.36506E-12-3.27976E+01
 -1       416 2.05429E+02 1.81899E-01 1.06797E+00 2.61288E-12 1.14498E-11-2.87742E+01
 -1       417 1.50061E+02 6.45353E-01 1.65391E+00 3.71106E-12-9.60287E-13-2.48875E+01
 -1       418 1.02252E+02-1.40823E+00-9.34377E-01 7.46070E-14 2.03587E-12-2.02076E+01
 -1       419 5.10645E+01-4.18495E-01 5.15170E+00-3.18656E-12-5.80203E-12-9.43939E+00
 -1       420 5.19456E+01 2.67992E+01-2.19136E+01-4.72533E-12-4.30411E-12-7.81503E+00
 -1       421 1.53126E+03 5.64618E+02 3.87005E+02-1.20796E+02 4.14866E+01-1.21819E+00
 -1       422 1.36354E+03-6.34109E+01-1.25846E+02-4.08053E+01-3.19660E+01-1.26866E+01
 -1       423 1.28982E+03 6.72722E-01 1.76640E+01 9.09059E+00 4.04628E-01-5.36512E+01
 -1       424 1.20982E+03-9.36878E-01-7.95897E+00 5.16989E+00-6.67659E-02-6.02322E+01
 -1       425 1.11280E+03 1.29882E+00 1.43645E+00 4.89785E+00-1.23075E-01-6.25284E+01
 -1       426 1.01911E+03 2.81509E-01-3.27788E-01 4.79864E+00-1.56192E-01-6.43730E+01
 -1       427 9.29384E+02 5.07910E-01 1.03154E+00 4.62225E+00-1.51727E-01-6.48574E+01
 -1       428 8.42696E+02 4.12969E-01 1.39830E+00 4.45166E+00-1.55269E-01-6.43030E+01
 -1       429 7.59236E+02 4.01939E-01 1.88623E+00 4.28343E+00-1.55934E-01-6.28454E+01
 -1       430 6.78967E+02 3.73415E-01 2.19518E+00 4.11587E+00-1.54964E-01-6.06394E+01
 -1       431 6.01884E+02 3.54285E-01 2.41510E+00 3.94935E+00-1.52552E-01-5.78159E+01
 -1       432 5.27970E+02 3.36700E-01 2.53102E+00 3.78381E+00-1.48840E-01-5.44978E+01
 -1       433 4.57210E+02 3.21977E-01 2.55706E+00 3.61934E+00-1.43986E-01-5.07958E+01
 -1       434 3.89587E+02 3.11856E-01 2.50916E+00 3.45567E+00-1.38182E-01-4.68091E+01
 -1       435 3.25081E+02 2.95307E-01 2.37357E+00 3.28995E+00-1.30962E-01-4.26262E+01
 -1       436 2.63693E+02 3.03777E-01 2.26193E+00 3.13254E+00-1.22885E-01-3.83282E+01
 -1       437 2.05381E+02 2.69763E-01 1.80286E+00 3.03027E+00-1.38210E-01-3.40505E+01
 -1       438 1.49705E+02 5.31997E-01 2.18103E+00 2.62696E+00 3.52666E-02-2.96565E+01
 -1       439 9.94213E+01-1.95642E+00-7.28635E-01 2.06622E+00-8.22347E-01-2.37035E+01
 -1       440 6.30159E+01 1.49310E+01 2.36619E+01 5.73194E+00 4.40043E+00-2.72877E+01
 -1       441 2.99463E+01 7.40487E+00-1.03892E+02 1.00898E+01-1.59980E+01-4.08230E+01
 -3
    1PSTEP                        21           1           3          
  100CL  107 3.000000000         249                     0    7           1
 -4  ERROR       1    1
 -5  STR(%)      1    1    0    0
 -1        17 2.94009E+01
 -1        18 8.61002E+01
 -1        19 1.63249E+02
 -1        20 1.63249E+02
 -1        21 9.31246E+01
 -1        38 2.94009E+01
 -1        39 8.61002E+01
 -1        40 1.63249E+02
 -1        41 1.63249E+02
 -1        42 9.31246E+01
 -1        59 2.94009E+01
 -1        60 8.61002E+01
 -1        61 1.63249E+02
 -1        62 1.63249E+02
 -1        63 9.31246E+01
 -1        80 2.94009E+01
 -1        81 9.67031E+01
 -1        82 2.55383E+02
 -1        83 2.55383E+02
 -1        84 1.01599E+02
 -1       101 2.94009E+01
 -1       102 9.67031E+01
 -1       103 2.55383E+02
 -1       104 2.55383E+02
 -1       105 1.01599E+02
 -1       122 2.94009E+01
 -1       123 9.67031E+01
 -1       124 2.55383E+02
 -1       125 2.55383E+02
 -1       126 1.01599E+02
 -1       143 3.80867E+01
 -1       144 1.19897E+02
 -1       145 2.55383E+02
 -1       146 2.55383E+02
 -1       147 1.24073E+02
 -1       164 3.80867E+01
 -1       165 1.19897E+02
 -1       166 2.55383E+02
 -1       167 2.55383E+02
 -1       168 1.24073E+02
 -1       185 3.80867E+01
 -1       186 1.19897E+02
 -1       187 2.55383E+02
 -1       188 2.55383E+02
 -1       189 1.24073E+02
 -1       206 6.40885E+01
 -1       207 1.19897E+02
 -1       208 2.46276E+02
 -1       209 2.46276E+02
 -1       210 1.32291E+02
 -1       227 6.40885E+01
 -1       228 1.19897E+02
 -1       229 2.46276E+02
 -1       230 2.46276E+02
 -1       231 1.32291E+02
 -1       248 6.40885E+01
 -1       249 1.19897E+02
 -1       250 2.46276E+02
 -1       251 2.46276E+02
 -1       252 1.32291E+02
 -1       253 8.23830E+01
 -1       254 8.59020E+01
 -1       255 8.59020E+01
 -1       256 8.34378E+01
 -1       257 8.34378E+01
 -1       258 8.33624E+01
 -1       259 8.33624E+01
 -1       260 8.33674E+01
 -1       261 8.33674E+01
 -1       262 8.33500E+01
 -1       263 8.33110E+01
 -1       264 8.32384E+01
 -1       265 8.31181E+01
 -1       266 8.29241E+01
 -1       267 8.26142E+01
 -1       268 8.20972E+01
 -1       269 8.12202E+01
 -1       270 7.94675E+01
 -1       271 8.55881E+01
 -1       272 1.32291E+02
 -1       273 1.32291E+02
 -1       274 8.23830E+01
 -1       275 8.59020E+01
 -1       276 8.59020E+01
 -1       277 8.34378E+01
 -1       278 8.34378E+01
 -1       279 8.33624E+01
 -1       280 8.33624E+01
 -1       281 8.33674E+01
 -1       282 8.33674E+01
 -1       283 8.33500E+01
 -1       284 8.33110E+01
 -1       285 8.32384E+01
 -1       286 8.31181E+01
 -1       287 8.29241E+01
 -1       288 8.26142E+01
 -1       289 8.20972E+01
 -1       290 8.12202E+01
 -1       291 7.94675E+01
 -1       292 8.55881E+01
 -1       293 1.32291E+02
 -1       294 1.32291E+02
 -1       295 8.23830E+01
 -1       296 8.59020E+01
 -1       297 8.59020E+01
 -1       298 8.34378E+01
 -1       299 8.34378E+01
 -1       300 8.33624E+01
 -1       301 8.33624E+01
 -1       302 8.33674E+01
 -1       303 8.33674E+01
 -1       304 8.33500E+01
 -1       305 8.33110E+01
 -1       306 8.32384E+01
 -1       307 8.31181E+01
 -1       308 8.29241E+01
 -1       309 8.26142E+01
 -1       310 8.20972E+01
 -1       311 8.12202E+01
 -1       312 7.94675E+01
 -1       313 8.55881E+01
 -1       314 1.32291E+02
 -1       315 1.32291E+02
 -1       316 8.36169E+01
 -1       317 8.68906E+01
 -1       318 8.68906E+01
 -1       319 8.47226E+01
 -1       320 8.47226E+01
 -1       321 8.44336E+01
 -1       322 8.43778E+01
 -1       323 8.42433E+01
 -1       324 8.41156E+01
 -1       325 8.39647E+01
 -1       326 8.37913E+01
 -1       327 8.35825E+01
 -1       328 8.33228E+01
 -1       329 8.29852E+01
 -1       330 8.26142E+01
 -1       331 8.20972E+01
 -1       332 8.12202E+01
 -1       333 7.94675E+01
 -1       334 7.79233E+01
 -1       335 9.75390E+01
 -1       336 9.75390E+01
 -1       337 8.36169E+01
 -1       338 8.68906E+01
 -1       339 8.68906E+01
 -1       340 8.47226E+01
 -1       341 8.47226E+01
 -1       342 8.44336E+01
 -1       343 8.43778E+01
 -1       344 8.42433E+01
 -1       345 8.41156E+01
 -1       346 8.39647E+01
 -1       347 8.37913E+01
 -1       348 8.35825E+01
 -1       349 8.33228E+01
 -1       350 8.29852E+01
 -1       351 8.26142E+01
 -1       352 8.20972E+01
 -1       353 8.12202E+01
 -1       354 7.94675E+01
 -1       355 7.79233E+01
 -1       356 9.75390E+01
 -1       357 9.75390E+01
 -1       358 8.36169E+01
 -1       359 8.68906E+01
 -1       360 8.68906E+01
 -1       361 8.47226E+01
 -1       362 8.47226E+01
 -1       363 8.44336E+01
 -1       364 8.43778E+01
 -1       365 8.42433E+01
 -1       366 8.41156E+01
 -1       367 8.39647E+01
 -1       368 8.37913E+01
 -1       369 8.35825E+01
 -1       370 8.33228E+01
 -1       371 8.29852E+01
 -1       372 8.26142E+01
 -1       373 8.20972E+01
 -1       374 8.12202E+01
 -1       375 7.94675E+01
 -1       376 7.79233E+01
 -1       377 9.75390E+01
 -1       378 9.75390E+01
 -1       379 8.36169E+01
 -1       380 8.68906E+01
 -1       381 8.68906E+01
 -1       382 8.47226E+01
 -1       383 8.47226E+01
 -1       384 8.44336E+01
 -1       385 8.43778E+01
 -1       386 8.42433E+01
 -1       387 8.41156E+01
 -1       388 8.39647E+01
 -1       389 8.37913E+01
 -1       390 8.35825E+01
 -1       391 8.33228E+01
 -1       392 8.29852E+01
 -1       393 8.25257E+01
 -1       394 8.18522E+01
 -1       395 8.08581E+01
 -1       396 7.89213E+01
 -1       397 7.77055E+01
 -1       398 9.75390E+01
 -1       399 9.75390E+01
 -1       400 8.36169E+01
 -1       401 8.68906E+01
 -1       402 8.68906E+01
 -1       403 8.47226E+01
 -1       404 8.47226E+01
 -1       405 8.44336E+01
 -1       406 8.43778E+01
 -1       407 8.42433E+01
 -1       408 8.41156E+01
 -1       409 8.39647E+01
 -1       410 8.37913E+01
 -1       411 8.35825E+01
 -1       412 8.33228E+01
 -1       413 8.29852E+01
 -1       414 8.25257E+01
 -1       415 8.18522E+01
 -1       416 8.08581E+01
 -1       417 7.89213E+01
 -1       418 7.77055E+01
 -1       419 9.75390E+01
 -1       420 9.75390E+01
 -1       421 8.36169E+01
 -1       422 8.68906E+01
 -1       423 8.68906E+01
 -1       424 8.47226E+01
 -1       425 8.47226E+01
 -1       426 8.44336E+01
 -1       427 8.43778E+01
 -1       428 8.42433E+01
 -1       429 8.41156E+01
 -1       430 8.39647E+01
 -1       431 8.37913E+01
 -1       432 8.35825E+01
 -1       433 8.33228E+01
 -1       434 8.29852E+01
 -1       435 8.25257E+01
 -1       436 8.18522E+01
 -1       437 8.08581E+01
 -1       438 7.89213E+01
 -1       439 7.77055E+01
 -1       440 9.75390E+01
 -1       441 9.75390E+01
 -3
 9999
