    1C
    1Uccxview sample: a submodel of modelchange.inp (scripts/gen_modelch
    1UUSER                                                              
    1UDATE              09.october.2026                                 
    1UTIME              17:56:19                                        
    1UHOST                                                              
    1UPGM               CalculiX                                        
    1UVERSION           Version 2.22                             
    1UCOMPILETIME       Mon Aug  5 19:15:25 CEST 2024                    
    1UDIR                                                               
    1UDBN                                                               
    1UMAT    1STEEL                                                     
    2C                           225                                     1
 -1     10001 0.00000E+00 0.00000E+00 0.00000E+00
 -1     10002 2.50000E+00 0.00000E+00 0.00000E+00
 -1     10003 5.00000E+00 0.00000E+00 0.00000E+00
 -1     10004 7.50000E+00 0.00000E+00 0.00000E+00
 -1     10005 1.00000E+01 0.00000E+00 0.00000E+00
 -1     10006 1.25000E+01 0.00000E+00 0.00000E+00
 -1     10007 1.50000E+01 0.00000E+00 0.00000E+00
 -1     10008 1.75000E+01 0.00000E+00 0.00000E+00
 -1     10009 2.00000E+01 0.00000E+00 0.00000E+00
 -1     10010 0.00000E+00 2.50000E+00 0.00000E+00
 -1     10011 2.50000E+00 2.50000E+00 0.00000E+00
 -1     10012 5.00000E+00 2.50000E+00 0.00000E+00
 -1     10013 7.50000E+00 2.50000E+00 0.00000E+00
 -1     10014 1.00000E+01 2.50000E+00 0.00000E+00
 -1     10015 1.25000E+01 2.50000E+00 0.00000E+00
 -1     10016 1.50000E+01 2.50000E+00 0.00000E+00
 -1     10017 1.75000E+01 2.50000E+00 0.00000E+00
 -1     10018 2.00000E+01 2.50000E+00 0.00000E+00
 -1     10019 0.00000E+00 5.00000E+00 0.00000E+00
 -1     10020 2.50000E+00 5.00000E+00 0.00000E+00
 -1     10021 5.00000E+00 5.00000E+00 0.00000E+00
 -1     10022 7.50000E+00 5.00000E+00 0.00000E+00
 -1     10023 1.00000E+01 5.00000E+00 0.00000E+00
 -1     10024 1.25000E+01 5.00000E+00 0.00000E+00
 -1     10025 1.50000E+01 5.00000E+00 0.00000E+00
 -1     10026 1.75000E+01 5.00000E+00 0.00000E+00
 -1     10027 2.00000E+01 5.00000E+00 0.00000E+00
 -1     10028 0.00000E+00 7.50000E+00 0.00000E+00
 -1     10029 2.50000E+00 7.50000E+00 0.00000E+00
 -1     10030 5.00000E+00 7.50000E+00 0.00000E+00
 -1     10031 7.50000E+00 7.50000E+00 0.00000E+00
 -1     10032 1.00000E+01 7.50000E+00 0.00000E+00
 -1     10033 1.25000E+01 7.50000E+00 0.00000E+00
 -1     10034 1.50000E+01 7.50000E+00 0.00000E+00
 -1     10035 1.75000E+01 7.50000E+00 0.00000E+00
 -1     10036 2.00000E+01 7.50000E+00 0.00000E+00
 -1     10037 0.00000E+00 1.00000E+01 0.00000E+00
 -1     10038 2.50000E+00 1.00000E+01 0.00000E+00
 -1     10039 5.00000E+00 1.00000E+01 0.00000E+00
 -1     10040 7.50000E+00 1.00000E+01 0.00000E+00
 -1     10041 1.00000E+01 1.00000E+01 0.00000E+00
 -1     10042 1.25000E+01 1.00000E+01 0.00000E+00
 -1     10043 1.50000E+01 1.00000E+01 0.00000E+00
 -1     10044 1.75000E+01 1.00000E+01 0.00000E+00
 -1     10045 2.00000E+01 1.00000E+01 0.00000E+00
 -1     10046 0.00000E+00 0.00000E+00 2.50000E+00
 -1     10047 2.50000E+00 0.00000E+00 2.50000E+00
 -1     10048 5.00000E+00 0.00000E+00 2.50000E+00
 -1     10049 7.50000E+00 0.00000E+00 2.50000E+00
 -1     10050 1.00000E+01 0.00000E+00 2.50000E+00
 -1     10051 1.25000E+01 0.00000E+00 2.50000E+00
 -1     10052 1.50000E+01 0.00000E+00 2.50000E+00
 -1     10053 1.75000E+01 0.00000E+00 2.50000E+00
 -1     10054 2.00000E+01 0.00000E+00 2.50000E+00
 -1     10055 0.00000E+00 2.50000E+00 2.50000E+00
 -1     10056 2.50000E+00 2.50000E+00 2.50000E+00
 -1     10057 5.00000E+00 2.50000E+00 2.50000E+00
 -1     10058 7.50000E+00 2.50000E+00 2.50000E+00
 -1     10059 1.00000E+01 2.50000E+00 2.50000E+00
 -1     10060 1.25000E+01 2.50000E+00 2.50000E+00
 -1     10061 1.50000E+01 2.50000E+00 2.50000E+00
 -1     10062 1.75000E+01 2.50000E+00 2.50000E+00
 -1     10063 2.00000E+01 2.50000E+00 2.50000E+00
 -1     10064 0.00000E+00 5.00000E+00 2.50000E+00
 -1     10065 2.50000E+00 5.00000E+00 2.50000E+00
 -1     10066 5.00000E+00 5.00000E+00 2.50000E+00
 -1     10067 7.50000E+00 5.00000E+00 2.50000E+00
 -1     10068 1.00000E+01 5.00000E+00 2.50000E+00
 -1     10069 1.25000E+01 5.00000E+00 2.50000E+00
 -1     10070 1.50000E+01 5.00000E+00 2.50000E+00
 -1     10071 1.75000E+01 5.00000E+00 2.50000E+00
 -1     10072 2.00000E+01 5.00000E+00 2.50000E+00
 -1     10073 0.00000E+00 7.50000E+00 2.50000E+00
 -1     10074 2.50000E+00 7.50000E+00 2.50000E+00
 -1     10075 5.00000E+00 7.50000E+00 2.50000E+00
 -1     10076 7.50000E+00 7.50000E+00 2.50000E+00
 -1     10077 1.00000E+01 7.50000E+00 2.50000E+00
 -1     10078 1.25000E+01 7.50000E+00 2.50000E+00
 -1     10079 1.50000E+01 7.50000E+00 2.50000E+00
 -1     10080 1.75000E+01 7.50000E+00 2.50000E+00
 -1     10081 2.00000E+01 7.50000E+00 2.50000E+00
 -1     10082 0.00000E+00 1.00000E+01 2.50000E+00
 -1     10083 2.50000E+00 1.00000E+01 2.50000E+00
 -1     10084 5.00000E+00 1.00000E+01 2.50000E+00
 -1     10085 7.50000E+00 1.00000E+01 2.50000E+00
 -1     10086 1.00000E+01 1.00000E+01 2.50000E+00
 -1     10087 1.25000E+01 1.00000E+01 2.50000E+00
 -1     10088 1.50000E+01 1.00000E+01 2.50000E+00
 -1     10089 1.75000E+01 1.00000E+01 2.50000E+00
 -1     10090 2.00000E+01 1.00000E+01 2.50000E+00
 -1     10091 0.00000E+00 0.00000E+00 5.00000E+00
 -1     10092 2.50000E+00 0.00000E+00 5.00000E+00
 -1     10093 5.00000E+00 0.00000E+00 5.00000E+00
 -1     10094 7.50000E+00 0.00000E+00 5.00000E+00
 -1     10095 1.00000E+01 0.00000E+00 5.00000E+00
 -1     10096 1.25000E+01 0.00000E+00 5.00000E+00
 -1     10097 1.50000E+01 0.00000E+00 5.00000E+00
 -1     10098 1.75000E+01 0.00000E+00 5.00000E+00
 -1     10099 2.00000E+01 0.00000E+00 5.00000E+00
 -1     10100 0.00000E+00 2.50000E+00 5.00000E+00
 -1     10101 2.50000E+00 2.50000E+00 5.00000E+00
 -1     10102 5.00000E+00 2.50000E+00 5.00000E+00
 -1     10103 7.50000E+00 2.50000E+00 5.00000E+00
 -1     10104 1.00000E+01 2.50000E+00 5.00000E+00
 -1     10105 1.25000E+01 2.50000E+00 5.00000E+00
 -1     10106 1.50000E+01 2.50000E+00 5.00000E+00
 -1     10107 1.75000E+01 2.50000E+00 5.00000E+00
 -1     10108 2.00000E+01 2.50000E+00 5.00000E+00
 -1     10109 0.00000E+00 5.00000E+00 5.00000E+00
 -1     10110 2.50000E+00 5.00000E+00 5.00000E+00
 -1     10111 5.00000E+00 5.00000E+00 5.00000E+00
 -1     10112 7.50000E+00 5.00000E+00 5.00000E+00
 -1     10113 1.00000E+01 5.00000E+00 5.00000E+00
 -1     10114 1.25000E+01 5.00000E+00 5.00000E+00
 -1     10115 1.50000E+01 5.00000E+00 5.00000E+00
 -1     10116 1.75000E+01 5.00000E+00 5.00000E+00
 -1     10117 2.00000E+01 5.00000E+00 5.00000E+00
 -1     10118 0.00000E+00 7.50000E+00 5.00000E+00
 -1     10119 2.50000E+00 7.50000E+00 5.00000E+00
 -1     10120 5.00000E+00 7.50000E+00 5.00000E+00
 -1     10121 7.50000E+00 7.50000E+00 5.00000E+00
 -1     10122 1.00000E+01 7.50000E+00 5.00000E+00
 -1     10123 1.25000E+01 7.50000E+00 5.00000E+00
 -1     10124 1.50000E+01 7.50000E+00 5.00000E+00
 -1     10125 1.75000E+01 7.50000E+00 5.00000E+00
 -1     10126 2.00000E+01 7.50000E+00 5.00000E+00
 -1     10127 0.00000E+00 1.00000E+01 5.00000E+00
 -1     10128 2.50000E+00 1.00000E+01 5.00000E+00
 -1     10129 5.00000E+00 1.00000E+01 5.00000E+00
 -1     10130 7.50000E+00 1.00000E+01 5.00000E+00
 -1     10131 1.00000E+01 1.00000E+01 5.00000E+00
 -1     10132 1.25000E+01 1.00000E+01 5.00000E+00
 -1     10133 1.50000E+01 1.00000E+01 5.00000E+00
 -1     10134 1.75000E+01 1.00000E+01 5.00000E+00
 -1     10135 2.00000E+01 1.00000E+01 5.00000E+00
 -1     10136 0.00000E+00 0.00000E+00 7.50000E+00
 -1     10137 2.50000E+00 0.00000E+00 7.50000E+00
 -1     10138 5.00000E+00 0.00000E+00 7.50000E+00
 -1     10139 7.50000E+00 0.00000E+00 7.50000E+00
 -1     10140 1.00000E+01 0.00000E+00 7.50000E+00
 -1     10141 1.25000E+01 0.00000E+00 7.50000E+00
 -1     10142 1.50000E+01 0.00000E+00 7.50000E+00
 -1     10143 1.75000E+01 0.00000E+00 7.50000E+00
 -1     10144 2.00000E+01 0.00000E+00 7.50000E+00
 -1     10145 0.00000E+00 2.50000E+00 7.50000E+00
 -1     10146 2.50000E+00 2.50000E+00 7.50000E+00
 -1     10147 5.00000E+00 2.50000E+00 7.50000E+00
 -1     10148 7.50000E+00 2.50000E+00 7.50000E+00
 -1     10149 1.00000E+01 2.50000E+00 7.50000E+00
 -1     10150 1.25000E+01 2.50000E+00 7.50000E+00
 -1     10151 1.50000E+01 2.50000E+00 7.50000E+00
 -1     10152 1.75000E+01 2.50000E+00 7.50000E+00
 -1     10153 2.00000E+01 2.50000E+00 7.50000E+00
 -1     10154 0.00000E+00 5.00000E+00 7.50000E+00
 -1     10155 2.50000E+00 5.00000E+00 7.50000E+00
 -1     10156 5.00000E+00 5.00000E+00 7.50000E+00
 -1     10157 7.50000E+00 5.00000E+00 7.50000E+00
 -1     10158 1.00000E+01 5.00000E+00 7.50000E+00
 -1     10159 1.25000E+01 5.00000E+00 7.50000E+00
 -1     10160 1.50000E+01 5.00000E+00 7.50000E+00
 -1     10161 1.75000E+01 5.00000E+00 7.50000E+00
 -1     10162 2.00000E+01 5.00000E+00 7.50000E+00
 -1     10163 0.00000E+00 7.50000E+00 7.50000E+00
 -1     10164 2.50000E+00 7.50000E+00 7.50000E+00
 -1     10165 5.00000E+00 7.50000E+00 7.50000E+00
 -1     10166 7.50000E+00 7.50000E+00 7.50000E+00
 -1     10167 1.00000E+01 7.50000E+00 7.50000E+00
 -1     10168 1.25000E+01 7.50000E+00 7.50000E+00
 -1     10169 1.50000E+01 7.50000E+00 7.50000E+00
 -1     10170 1.75000E+01 7.50000E+00 7.50000E+00
 -1     10171 2.00000E+01 7.50000E+00 7.50000E+00
 -1     10172 0.00000E+00 1.00000E+01 7.50000E+00
 -1     10173 2.50000E+00 1.00000E+01 7.50000E+00
 -1     10174 5.00000E+00 1.00000E+01 7.50000E+00
 -1     10175 7.50000E+00 1.00000E+01 7.50000E+00
 -1     10176 1.00000E+01 1.00000E+01 7.50000E+00
 -1     10177 1.25000E+01 1.00000E+01 7.50000E+00
 -1     10178 1.50000E+01 1.00000E+01 7.50000E+00
 -1     10179 1.75000E+01 1.00000E+01 7.50000E+00
 -1     10180 2.00000E+01 1.00000E+01 7.50000E+00
 -1     10181 0.00000E+00 0.00000E+00 1.00000E+01
 -1     10182 2.50000E+00 0.00000E+00 1.00000E+01
 -1     10183 5.00000E+00 0.00000E+00 1.00000E+01
 -1     10184 7.50000E+00 0.00000E+00 1.00000E+01
 -1     10185 1.00000E+01 0.00000E+00 1.00000E+01
 -1     10186 1.25000E+01 0.00000E+00 1.00000E+01
 -1     10187 1.50000E+01 0.00000E+00 1.00000E+01
 -1     10188 1.75000E+01 0.00000E+00 1.00000E+01
 -1     10189 2.00000E+01 0.00000E+00 1.00000E+01
 -1     10190 0.00000E+00 2.50000E+00 1.00000E+01
 -1     10191 2.50000E+00 2.50000E+00 1.00000E+01
 -1     10192 5.00000E+00 2.50000E+00 1.00000E+01
 -1     10193 7.50000E+00 2.50000E+00 1.00000E+01
 -1     10194 1.00000E+01 2.50000E+00 1.00000E+01
 -1     10195 1.25000E+01 2.50000E+00 1.00000E+01
 -1     10196 1.50000E+01 2.50000E+00 1.00000E+01
 -1     10197 1.75000E+01 2.50000E+00 1.00000E+01
 -1     10198 2.00000E+01 2.50000E+00 1.00000E+01
 -1     10199 0.00000E+00 5.00000E+00 1.00000E+01
 -1     10200 2.50000E+00 5.00000E+00 1.00000E+01
 -1     10201 5.00000E+00 5.00000E+00 1.00000E+01
 -1     10202 7.50000E+00 5.00000E+00 1.00000E+01
 -1     10203 1.00000E+01 5.00000E+00 1.00000E+01
 -1     10204 1.25000E+01 5.00000E+00 1.00000E+01
 -1     10205 1.50000E+01 5.00000E+00 1.00000E+01
 -1     10206 1.75000E+01 5.00000E+00 1.00000E+01
 -1     10207 2.00000E+01 5.00000E+00 1.00000E+01
 -1     10208 0.00000E+00 7.50000E+00 1.00000E+01
 -1     10209 2.50000E+00 7.50000E+00 1.00000E+01
 -1     10210 5.00000E+00 7.50000E+00 1.00000E+01
 -1     10211 7.50000E+00 7.50000E+00 1.00000E+01
 -1     10212 1.00000E+01 7.50000E+00 1.00000E+01
 -1     10213 1.25000E+01 7.50000E+00 1.00000E+01
 -1     10214 1.50000E+01 7.50000E+00 1.00000E+01
 -1     10215 1.75000E+01 7.50000E+00 1.00000E+01
 -1     10216 2.00000E+01 7.50000E+00 1.00000E+01
 -1     10217 0.00000E+00 1.00000E+01 1.00000E+01
 -1     10218 2.50000E+00 1.00000E+01 1.00000E+01
 -1     10219 5.00000E+00 1.00000E+01 1.00000E+01
 -1     10220 7.50000E+00 1.00000E+01 1.00000E+01
 -1     10221 1.00000E+01 1.00000E+01 1.00000E+01
 -1     10222 1.25000E+01 1.00000E+01 1.00000E+01
 -1     10223 1.50000E+01 1.00000E+01 1.00000E+01
 -1     10224 1.75000E+01 1.00000E+01 1.00000E+01
 -1     10225 2.00000E+01 1.00000E+01 1.00000E+01
 -3
    3C                           128                                     1
 -1     10001    1    0    1
 -2     10001     10002     10011     10010     10046     10047     10056     10055
 -1     10002    1    0    1
 -2     10002     10003     10012     10011     10047     10048     10057     10056
 -1     10003    1    0    1
 -2     10003     10004     10013     10012     10048     10049     10058     10057
 -1     10004    1    0    1
 -2     10004     10005     10014     10013     10049     10050     10059     10058
 -1     10005    1    0    1
 -2     10005     10006     10015     10014     10050     10051     10060     10059
 -1     10006    1    0    1
 -2     10006     10007     10016     10015     10051     10052     10061     10060
 -1     10007    1    0    1
 -2     10007     10008     10017     10016     10052     10053     10062     10061
 -1     10008    1    0    1
 -2     10008     10009     10018     10017     10053     10054     10063     10062
 -1     10009    1    0    1
 -2     10010     10011     10020     10019     10055     10056     10065     10064
 -1     10010    1    0    1
 -2     10011     10012     10021     10020     10056     10057     10066     10065
 -1     10011    1    0    1
 -2     10012     10013     10022     10021     10057     10058     10067     10066
 -1     10012    1    0    1
 -2     10013     10014     10023     10022     10058     10059     10068     10067
 -1     10013    1    0    1
 -2     10014     10015     10024     10023     10059     10060     10069     10068
 -1     10014    1    0    1
 -2     10015     10016     10025     10024     10060     10061     10070     10069
 -1     10015    1    0    1
 -2     10016     10017     10026     10025     10061     10062     10071     10070
 -1     10016    1    0    1
 -2     10017     10018     10027     10026     10062     10063     10072     10071
 -1     10017    1    0    1
 -2     10019     10020     10029     10028     10064     10065     10074     10073
 -1     10018    1    0    1
 -2     10020     10021     10030     10029     10065     10066     10075     10074
 -1     10019    1    0    1
 -2     10021     10022     10031     10030     10066     10067     10076     10075
 -1     10020    1    0    1
 -2     10022     10023     10032     10031     10067     10068     10077     10076
 -1     10021    1    0    1
 -2     10023     10024     10033     10032     10068     10069     10078     10077
 -1     10022    1    0    1
 -2     10024     10025     10034     10033     10069     10070     10079     10078
 -1     10023    1    0    1
 -2     10025     10026     10035     10034     10070     10071     10080     10079
 -1     10024    1    0    1
 -2     10026     10027     10036     10035     10071     10072     10081     10080
 -1     10025    1    0    1
 -2     10028     10029     10038     10037     10073     10074     10083     10082
 -1     10026    1    0    1
 -2     10029     10030     10039     10038     10074     10075     10084     10083
 -1     10027    1    0    1
 -2     10030     10031     10040     10039     10075     10076     10085     10084
 -1     10028    1    0    1
 -2     10031     10032     10041     10040     10076     10077     10086     10085
 -1     10029    1    0    1
 -2     10032     10033     10042     10041     10077     10078     10087     10086
 -1     10030    1    0    1
 -2     10033     10034     10043     10042     10078     10079     10088     10087
 -1     10031    1    0    1
 -2     10034     10035     10044     10043     10079     10080     10089     10088
 -1     10032    1    0    1
 -2     10035     10036     10045     10044     10080     10081     10090     10089
 -1     10033    1    0    1
 -2     10046     10047     10056     10055     10091     10092     10101     10100
 -1     10034    1    0    1
 -2     10047     10048     10057     10056     10092     10093     10102     10101
 -1     10035    1    0    1
 -2     10048     10049     10058     10057     10093     10094     10103     10102
 -1     10036    1    0    1
 -2     10049     10050     10059     10058     10094     10095     10104     10103
 -1     10037    1    0    1
 -2     10050     10051     10060     10059     10095     10096     10105     10104
 -1     10038    1    0    1
 -2     10051     10052     10061     10060     10096     10097     10106     10105
 -1     10039    1    0    1
 -2     10052     10053     10062     10061     10097     10098     10107     10106
 -1     10040    1    0    1
 -2     10053     10054     10063     10062     10098     10099     10108     10107
 -1     10041    1    0    1
 -2     10055     10056     10065     10064     10100     10101     10110     10109
 -1     10042    1    0    1
 -2     10056     10057     10066     10065     10101     10102     10111     10110
 -1     10043    1    0    1
 -2     10057     10058     10067     10066     10102     10103     10112     10111
 -1     10044    1    0    1
 -2     10058     10059     10068     10067     10103     10104     10113     10112
 -1     10045    1    0    1
 -2     10059     10060     10069     10068     10104     10105     10114     10113
 -1     10046    1    0    1
 -2     10060     10061     10070     10069     10105     10106     10115     10114
 -1     10047    1    0    1
 -2     10061     10062     10071     10070     10106     10107     10116     10115
 -1     10048    1    0    1
 -2     10062     10063     10072     10071     10107     10108     10117     10116
 -1     10049    1    0    1
 -2     10064     10065     10074     10073     10109     10110     10119     10118
 -1     10050    1    0    1
 -2     10065     10066     10075     10074     10110     10111     10120     10119
 -1     10051    1    0    1
 -2     10066     10067     10076     10075     10111     10112     10121     10120
 -1     10052    1    0    1
 -2     10067     10068     10077     10076     10112     10113     10122     10121
 -1     10053    1    0    1
 -2     10068     10069     10078     10077     10113     10114     10123     10122
 -1     10054    1    0    1
 -2     10069     10070     10079     10078     10114     10115     10124     10123
 -1     10055    1    0    1
 -2     10070     10071     10080     10079     10115     10116     10125     10124
 -1     10056    1    0    1
 -2     10071     10072     10081     10080     10116     10117     10126     10125
 -1     10057    1    0    1
 -2     10073     10074     10083     10082     10118     10119     10128     10127
 -1     10058    1    0    1
 -2     10074     10075     10084     10083     10119     10120     10129     10128
 -1     10059    1    0    1
 -2     10075     10076     10085     10084     10120     10121     10130     10129
 -1     10060    1    0    1
 -2     10076     10077     10086     10085     10121     10122     10131     10130
 -1     10061    1    0    1
 -2     10077     10078     10087     10086     10122     10123     10132     10131
 -1     10062    1    0    1
 -2     10078     10079     10088     10087     10123     10124     10133     10132
 -1     10063    1    0    1
 -2     10079     10080     10089     10088     10124     10125     10134     10133
 -1     10064    1    0    1
 -2     10080     10081     10090     10089     10125     10126     10135     10134
 -1     10065    1    0    1
 -2     10091     10092     10101     10100     10136     10137     10146     10145
 -1     10066    1    0    1
 -2     10092     10093     10102     10101     10137     10138     10147     10146
 -1     10067    1    0    1
 -2     10093     10094     10103     10102     10138     10139     10148     10147
 -1     10068    1    0    1
 -2     10094     10095     10104     10103     10139     10140     10149     10148
 -1     10069    1    0    1
 -2     10095     10096     10105     10104     10140     10141     10150     10149
 -1     10070    1    0    1
 -2     10096     10097     10106     10105     10141     10142     10151     10150
 -1     10071    1    0    1
 -2     10097     10098     10107     10106     10142     10143     10152     10151
 -1     10072    1    0    1
 -2     10098     10099     10108     10107     10143     10144     10153     10152
 -1     10073    1    0    1
 -2     10100     10101     10110     10109     10145     10146     10155     10154
 -1     10074    1    0    1
 -2     10101     10102     10111     10110     10146     10147     10156     10155
 -1     10075    1    0    1
 -2     10102     10103     10112     10111     10147     10148     10157     10156
 -1     10076    1    0    1
 -2     10103     10104     10113     10112     10148     10149     10158     10157
 -1     10077    1    0    1
 -2     10104     10105     10114     10113     10149     10150     10159     10158
 -1     10078    1    0    1
 -2     10105     10106     10115     10114     10150     10151     10160     10159
 -1     10079    1    0    1
 -2     10106     10107     10116     10115     10151     10152     10161     10160
 -1     10080    1    0    1
 -2     10107     10108     10117     10116     10152     10153     10162     10161
 -1     10081    1    0    1
 -2     10109     10110     10119     10118     10154     10155     10164     10163
 -1     10082    1    0    1
 -2     10110     10111     10120     10119     10155     10156     10165     10164
 -1     10083    1    0    1
 -2     10111     10112     10121     10120     10156     10157     10166     10165
 -1     10084    1    0    1
 -2     10112     10113     10122     10121     10157     10158     10167     10166
 -1     10085    1    0    1
 -2     10113     10114     10123     10122     10158     10159     10168     10167
 -1     10086    1    0    1
 -2     10114     10115     10124     10123     10159     10160     10169     10168
 -1     10087    1    0    1
 -2     10115     10116     10125     10124     10160     10161     10170     10169
 -1     10088    1    0    1
 -2     10116     10117     10126     10125     10161     10162     10171     10170
 -1     10089    1    0    1
 -2     10118     10119     10128     10127     10163     10164     10173     10172
 -1     10090    1    0    1
 -2     10119     10120     10129     10128     10164     10165     10174     10173
 -1     10091    1    0    1
 -2     10120     10121     10130     10129     10165     10166     10175     10174
 -1     10092    1    0    1
 -2     10121     10122     10131     10130     10166     10167     10176     10175
 -1     10093    1    0    1
 -2     10122     10123     10132     10131     10167     10168     10177     10176
 -1     10094    1    0    1
 -2     10123     10124     10133     10132     10168     10169     10178     10177
 -1     10095    1    0    1
 -2     10124     10125     10134     10133     10169     10170     10179     10178
 -1     10096    1    0    1
 -2     10125     10126     10135     10134     10170     10171     10180     10179
 -1     10097    1    0    1
 -2     10136     10137     10146     10145     10181     10182     10191     10190
 -1     10098    1    0    1
 -2     10137     10138     10147     10146     10182     10183     10192     10191
 -1     10099    1    0    1
 -2     10138     10139     10148     10147     10183     10184     10193     10192
 -1     10100    1    0    1
 -2     10139     10140     10149     10148     10184     10185     10194     10193
 -1     10101    1    0    1
 -2     10140     10141     10150     10149     10185     10186     10195     10194
 -1     10102    1    0    1
 -2     10141     10142     10151     10150     10186     10187     10196     10195
 -1     10103    1    0    1
 -2     10142     10143     10152     10151     10187     10188     10197     10196
 -1     10104    1    0    1
 -2     10143     10144     10153     10152     10188     10189     10198     10197
 -1     10105    1    0    1
 -2     10145     10146     10155     10154     10190     10191     10200     10199
 -1     10106    1    0    1
 -2     10146     10147     10156     10155     10191     10192     10201     10200
 -1     10107    1    0    1
 -2     10147     10148     10157     10156     10192     10193     10202     10201
 -1     10108    1    0    1
 -2     10148     10149     10158     10157     10193     10194     10203     10202
 -1     10109    1    0    1
 -2     10149     10150     10159     10158     10194     10195     10204     10203
 -1     10110    1    0    1
 -2     10150     10151     10160     10159     10195     10196     10205     10204
 -1     10111    1    0    1
 -2     10151     10152     10161     10160     10196     10197     10206     10205
 -1     10112    1    0    1
 -2     10152     10153     10162     10161     10197     10198     10207     10206
 -1     10113    1    0    1
 -2     10154     10155     10164     10163     10199     10200     10209     10208
 -1     10114    1    0    1
 -2     10155     10156     10165     10164     10200     10201     10210     10209
 -1     10115    1    0    1
 -2     10156     10157     10166     10165     10201     10202     10211     10210
 -1     10116    1    0    1
 -2     10157     10158     10167     10166     10202     10203     10212     10211
 -1     10117    1    0    1
 -2     10158     10159     10168     10167     10203     10204     10213     10212
 -1     10118    1    0    1
 -2     10159     10160     10169     10168     10204     10205     10214     10213
 -1     10119    1    0    1
 -2     10160     10161     10170     10169     10205     10206     10215     10214
 -1     10120    1    0    1
 -2     10161     10162     10171     10170     10206     10207     10216     10215
 -1     10121    1    0    1
 -2     10163     10164     10173     10172     10208     10209     10218     10217
 -1     10122    1    0    1
 -2     10164     10165     10174     10173     10209     10210     10219     10218
 -1     10123    1    0    1
 -2     10165     10166     10175     10174     10210     10211     10220     10219
 -1     10124    1    0    1
 -2     10166     10167     10176     10175     10211     10212     10221     10220
 -1     10125    1    0    1
 -2     10167     10168     10177     10176     10212     10213     10222     10221
 -1     10126    1    0    1
 -2     10168     10169     10178     10177     10213     10214     10223     10222
 -1     10127    1    0    1
 -2     10169     10170     10179     10178     10214     10215     10224     10223
 -1     10128    1    0    1
 -2     10170     10171     10180     10179     10215     10216     10225     10224
 -3
    1PSTEP                         1           1           1          
  100CL  101 1.000000000         225                     0    1           1
 -4  DISP        4    1
 -5  D1          1    2    1    0
 -5  D2          1    2    2    0
 -5  D3          1    2    3    0
 -5  ALL         1    2    0    0    1ALL
 -1     10001 0.00000E+00 0.00000E+00 0.00000E+00
 -1     10002-3.43890E-04-1.50815E-04-2.26165E-04
 -1     10003-6.03094E-04-1.39516E-04-5.45234E-04
 -1     10004-8.12793E-04-1.15319E-04-1.01778E-03
 -1     10005-9.73883E-04-8.31011E-05-1.58625E-03
 -1     10006-1.08431E-03-5.30361E-05-2.22472E-03
 -1     10007-1.14812E-03-2.48880E-05-2.90685E-03
 -1     10008-1.16605E-03 2.79462E-06-3.61239E-03
 -1     10009-1.13699E-03 2.82005E-05-4.30232E-03
 -1     10010 0.00000E+00 0.00000E+00 0.00000E+00
 -1     10011-3.22157E-04-5.65079E-05-2.73190E-04
 -1     10012-6.06002E-04-7.18948E-05-5.99203E-04
 -1     10013-8.24014E-04-5.78320E-05-1.06182E-03
 -1     10014-9.87165E-04-4.19890E-05-1.61902E-03
 -1     10015-1.09712E-03-2.66681E-05-2.24626E-03
 -1     10016-1.16017E-03-1.25798E-05-2.91774E-03
 -1     10017-1.17797E-03 8.10756E-07-3.61170E-03
 -1     10018-1.14380E-03 1.41003E-05-4.29665E-03
 -1     10019 0.00000E+00 0.00000E+00 0.00000E+00
 -1     10020-3.29012E-04-1.28936E-19-2.85559E-04
 -1     10021-6.01018E-04-2.96170E-19-6.15394E-04
 -1     10022-8.23785E-04-3.35425E-19-1.07633E-03
 -1     10023-9.87987E-04 4.74338E-19-1.62995E-03
 -1     10024-1.09836E-03 1.02264E-18-2.25357E-03
 -1     10025-1.16132E-03 1.63308E-18-2.92150E-03
 -1     10026-1.17853E-03 1.56240E-18-3.61274E-03
 -1     10027-1.15062E-03 3.19512E-19-4.29098E-03
 -1     10028 0.00000E+00 0.00000E+00 0.00000E+00
 -1     10029-3.22157E-04 5.65079E-05-2.73190E-04
 -1     10030-6.06002E-04 7.18948E-05-5.99203E-04
 -1     10031-8.24014E-04 5.78320E-05-1.06182E-03
 -1     10032-9.87165E-04 4.19890E-05-1.61902E-03
 -1     10033-1.09712E-03 2.66681E-05-2.24626E-03
 -1     10034-1.16017E-03 1.25798E-05-2.91774E-03
 -1     10035-1.17797E-03-8.10756E-07-3.61170E-03
 -1     10036-1.14380E-03-1.41003E-05-4.29665E-03
 -1     10037 0.00000E+00 0.00000E+00 0.00000E+00
 -1     10038-3.43890E-04 1.50815E-04-2.26165E-04
 -1     10039-6.03094E-04 1.39516E-04-5.45234E-04
 -1     10040-8.12793E-04 1.15319E-04-1.01778E-03
 -1     10041-9.73883E-04 8.31011E-05-1.58625E-03
 -1     10042-1.08431E-03 5.30361E-05-2.22472E-03
 -1     10043-1.14812E-03 2.48880E-05-2.90685E-03
 -1     10044-1.16605E-03-2.79462E-06-3.61239E-03
 -1     10045-1.13699E-03-2.82005E-05-4.30232E-03
 -1     10046 0.00000E+00 0.00000E+00 0.00000E+00
 -1     10047-1.29353E-04-7.33318E-05-1.43049E-04
 -1     10048-2.53494E-04-6.89354E-05-4.97221E-04
 -1     10049-3.50951E-04-5.57806E-05-9.76571E-04
 -1     10050-4.24926E-04-3.95378E-05-1.55811E-03
 -1     10051-4.75023E-04-2.44599E-05-2.20701E-03
 -1     10052-5.01611E-04-1.05473E-05-2.89871E-03
 -1     10053-5.10137E-04 1.20102E-06-3.61079E-03
 -1     10054-5.08917E-04 1.64230E-05-4.31563E-03
 -1     10055 0.00000E+00 0.00000E+00 0.00000E+00
 -1     10056-1.11994E-04-2.81257E-05-1.84896E-04
 -1     10057-2.55106E-04-3.63172E-05-5.46166E-04
 -1     10058-3.59977E-04-2.82433E-05-1.01996E-03
 -1     10059-4.35372E-04-1.99654E-05-1.59097E-03
 -1     10060-4.85113E-04-1.22198E-05-2.22888E-03
 -1     10061-5.11137E-04-5.31906E-06-2.90996E-03
 -1     10062-5.19133E-04 1.54757E-06-3.61174E-03
 -1     10063-5.12327E-04 8.21152E-06-4.31008E-03
 -1     10064 0.00000E+00 0.00000E+00 0.00000E+00
 -1     10065-1.13182E-04-2.13818E-19-1.92060E-04
 -1     10066-2.51928E-04-3.41532E-19-5.60788E-04
 -1     10067-3.61255E-04-4.15787E-19-1.03355E-03
 -1     10068-4.37685E-04-1.18585E-19-1.60185E-03
 -1     10069-4.87637E-04 2.45640E-19-2.23625E-03
 -1     10070-5.13704E-04 6.30193E-19-2.91386E-03
 -1     10071-5.21137E-04 9.82030E-19-3.61227E-03
 -1     10072-5.15737E-04 6.58397E-19-4.30452E-03
 -1     10073 0.00000E+00 0.00000E+00 0.00000E+00
 -1     10074-1.11994E-04 2.81257E-05-1.84896E-04
 -1     10075-2.55106E-04 3.63172E-05-5.46166E-04
 -1     10076-3.59977E-04 2.82433E-05-1.01996E-03
 -1     10077-4.35372E-04 1.99654E-05-1.59097E-03
 -1     10078-4.85113E-04 1.22198E-05-2.22888E-03
 -1     10079-5.11137E-04 5.31906E-06-2.90996E-03
 -1     10080-5.19133E-04-1.54757E-06-3.61174E-03
 -1     10081-5.12327E-04-8.21152E-06-4.31008E-03
 -1     10082 0.00000E+00 0.00000E+00 0.00000E+00
 -1     10083-1.29353E-04 7.33318E-05-1.43049E-04
 -1     10084-2.53494E-04 6.89354E-05-4.97221E-04
 -1     10085-3.50951E-04 5.57806E-05-9.76571E-04
 -1     10086-4.24926E-04 3.95378E-05-1.55811E-03
 -1     10087-4.75023E-04 2.44599E-05-2.20701E-03
 -1     10088-5.01611E-04 1.05473E-05-2.89871E-03
 -1     10089-5.10137E-04-1.20102E-06-3.61079E-03
 -1     10090-5.08917E-04-1.64230E-05-4.31563E-03
 -1     10091 0.00000E+00 0.00000E+00 0.00000E+00
 -1     10092 1.20787E-05 5.46941E-06-1.31467E-04
 -1     10093 2.61041E-05 5.12972E-06-4.81381E-04
 -1     10094 4.21517E-05 4.80658E-06-9.71088E-04
 -1     10095 5.78684E-05 4.54612E-06-1.55458E-03
 -1     10096 7.33070E-05 4.49511E-06-2.20732E-03
 -1     10097 8.85914E-05 4.49781E-06-2.90213E-03
 -1     10098 1.03868E-04 4.51033E-06-3.61229E-03
 -1     10099 1.19157E-04 4.64557E-06-4.32894E-03
 -1     10100 0.00000E+00 0.00000E+00 0.00000E+00
 -1     10101 1.08469E-05 2.06836E-06-1.72943E-04
 -1     10102 2.59029E-05 2.76498E-06-5.28917E-04
 -1     10103 4.22162E-05 2.44683E-06-1.01418E-03
 -1     10104 5.79261E-05 2.29159E-06-1.58749E-03
 -1     10105 7.33149E-05 2.24652E-06-2.22931E-03
 -1     10106 8.85757E-05 2.24435E-06-2.91362E-03
 -1     10107 1.03829E-04 2.26989E-06-3.61427E-03
 -1     10108 1.19151E-04 2.32278E-06-4.32350E-03
 -1     10109 0.00000E+00 0.00000E+00 0.00000E+00
 -1     10110 1.09015E-05-2.94061E-19-1.79567E-04
 -1     10111 2.55353E-05-6.39595E-19-5.42094E-04
 -1     10112 4.21577E-05-8.92640E-19-1.02727E-03
 -1     10113 5.79234E-05-8.26704E-19-1.59829E-03
 -1     10114 7.33180E-05-5.39490E-19-2.23668E-03
 -1     10115 8.85655E-05 3.26558E-19-2.91742E-03
 -1     10116 1.03826E-04 5.24313E-19-3.61468E-03
 -1     10117 1.19146E-04 1.00093E-18-4.31807E-03
 -1     10118 0.00000E+00 0.00000E+00 0.00000E+00
 -1     10119 1.08469E-05-2.06836E-06-1.72943E-04
 -1     10120 2.59029E-05-2.76498E-06-5.28917E-04
 -1     10121 4.22162E-05-2.44683E-06-1.01418E-03
 -1     10122 5.79261E-05-2.29159E-06-1.58749E-03
 -1     10123 7.33149E-05-2.24652E-06-2.22931E-03
 -1     10124 8.85757E-05-2.24435E-06-2.91362E-03
 -1     10125 1.03829E-04-2.26989E-06-3.61427E-03
 -1     10126 1.19151E-04-2.32278E-06-4.32350E-03
 -1     10127 0.00000E+00 0.00000E+00 0.00000E+00
 -1     10128 1.20787E-05-5.46941E-06-1.31467E-04
 -1     10129 2.61041E-05-5.12972E-06-4.81381E-04
 -1     10130 4.21517E-05-4.80658E-06-9.71088E-04
 -1     10131 5.78684E-05-4.54612E-06-1.55458E-03
 -1     10132 7.33070E-05-4.49511E-06-2.20732E-03
 -1     10133 8.85914E-05-4.49781E-06-2.90213E-03
 -1     10134 1.03868E-04-4.51033E-06-3.61229E-03
 -1     10135 1.19157E-04-4.64557E-06-4.32894E-03
 -1     10136 0.00000E+00 0.00000E+00 0.00000E+00
 -1     10137 1.53345E-04 8.34474E-05-1.56551E-04
 -1     10138 3.08301E-04 7.86595E-05-5.18000E-04
 -1     10139 4.36226E-04 6.50331E-05-9.97535E-04
 -1     10140 5.40972E-04 4.85322E-05-1.57860E-03
 -1     10141 6.21672E-04 3.34388E-05-2.22713E-03
 -1     10142 6.78809E-04 1.95567E-05-2.91871E-03
 -1     10143 7.17866E-04 7.84086E-06-3.63085E-03
 -1     10144 7.47248E-04-7.12436E-06-4.33588E-03
 -1     10145 0.00000E+00 0.00000E+00 0.00000E+00
 -1     10146 1.33628E-04 3.20030E-05-1.98156E-04
 -1     10147 3.09494E-04 4.15275E-05-5.66578E-04
 -1     10148 4.45290E-04 3.29536E-05-1.04066E-03
 -1     10149 5.51459E-04 2.44926E-05-1.61134E-03
 -1     10150 6.31750E-04 1.67059E-05-2.24897E-03
 -1     10151 6.88298E-04 9.81520E-06-2.92996E-03
 -1     10152 7.26785E-04 3.00112E-06-3.63181E-03
 -1     10153 7.50658E-04-3.56218E-06-4.33034E-03
 -1     10154 0.00000E+00 0.00000E+00 0.00000E+00
 -1     10155 1.34893E-04-3.86247E-19-2.05430E-04
 -1     10156 3.05632E-04-8.58097E-19-5.81298E-04
 -1     10157 4.46470E-04-1.15652E-18-1.05424E-03
 -1     10158 5.53771E-04-1.44334E-18-1.62220E-03
 -1     10159 6.34279E-04-1.29003E-18-2.25632E-03
 -1     10160 6.90845E-04-3.79471E-19-2.93385E-03
 -1     10161 7.28785E-04-8.13152E-20-3.63234E-03
 -1     10162 7.54068E-04 1.20475E-18-4.32480E-03
 -1     10163 0.00000E+00 0.00000E+00 0.00000E+00
 -1     10164 1.33628E-04-3.20030E-05-1.98156E-04
 -1     10165 3.09494E-04-4.15275E-05-5.66578E-04
 -1     10166 4.45290E-04-3.29536E-05-1.04066E-03
 -1     10167 5.51459E-04-2.44926E-05-1.61134E-03
 -1     10168 6.31750E-04-1.67059E-05-2.24897E-03
 -1     10169 6.88298E-04-9.81520E-06-2.92996E-03
 -1     10170 7.26785E-04-3.00112E-06-3.63181E-03
 -1     10171 7.50658E-04 3.56218E-06-4.33034E-03
 -1     10172 0.00000E+00 0.00000E+00 0.00000E+00
 -1     10173 1.53345E-04-8.34474E-05-1.56551E-04
 -1     10174 3.08301E-04-7.86595E-05-5.18000E-04
 -1     10175 4.36226E-04-6.50331E-05-9.97535E-04
 -1     10176 5.40972E-04-4.85322E-05-1.57860E-03
 -1     10177 6.21672E-04-3.34388E-05-2.22713E-03
 -1     10178 6.78809E-04-1.95567E-05-2.91871E-03
 -1     10179 7.17866E-04-7.84086E-06-3.63085E-03
 -1     10180 7.47248E-04 7.12436E-06-4.33588E-03
 -1     10181 0.00000E+00 0.00000E+00 0.00000E+00
 -1     10182 3.77779E-04 1.60300E-04-2.60085E-04
 -1     10183 6.62188E-04 1.47630E-04-5.84786E-04
 -1     10184 8.99314E-04 1.23948E-04-1.05893E-03
 -1     10185 1.09002E-03 9.18814E-05-1.62683E-03
 -1     10186 1.23087E-03 6.19948E-05-2.26489E-03
 -1     10187 1.32531E-03 3.39305E-05-2.94686E-03
 -1     10188 1.37390E-03 6.27546E-06-3.65243E-03
 -1     10189 1.37534E-03-1.88943E-05-4.34282E-03
 -1     10190 0.00000E+00 0.00000E+00 0.00000E+00
 -1     10191 3.53806E-04 6.01524E-05-3.07053E-04
 -1     10192 6.64634E-04 7.67348E-05-6.38354E-04
 -1     10193 9.10451E-04 6.22661E-05-1.10256E-03
 -1     10194 1.10330E-03 4.64057E-05-1.65943E-03
 -1     10195 1.24365E-03 3.11273E-05-2.28639E-03
 -1     10196 1.33732E-03 1.70801E-05-2.95776E-03
 -1     10197 1.38574E-03 3.75015E-06-3.65175E-03
 -1     10198 1.38217E-03-9.44715E-06-4.33717E-03
 -1     10199 0.00000E+00 0.00000E+00 0.00000E+00
 -1     10200 3.60642E-04-5.92311E-19-3.19707E-04
 -1     10201 6.58936E-04-1.15385E-18-6.54616E-04
 -1     10202 9.10194E-04-1.80116E-18-1.11706E-03
 -1     10203 1.10415E-03-2.23432E-18-1.67032E-03
 -1     10204 1.24492E-03-2.40113E-18-2.29368E-03
 -1     10205 1.33846E-03-2.02949E-18-2.96151E-03
 -1     10206 1.38631E-03-1.36533E-18-3.65278E-03
 -1     10207 1.38899E-03 1.40699E-18-4.33153E-03
 -1     10208 0.00000E+00 0.00000E+00 0.00000E+00
 -1     10209 3.53806E-04-6.01524E-05-3.07053E-04
 -1     10210 6.64634E-04-7.67348E-05-6.38354E-04
 -1     10211 9.10451E-04-6.22661E-05-1.10256E-03
 -1     10212 1.10330E-03-4.64057E-05-1.65943E-03
 -1     10213 1.24365E-03-3.11273E-05-2.28639E-03
 -1     10214 1.33732E-03-1.70801E-05-2.95776E-03
 -1     10215 1.38574E-03-3.75015E-06-3.65175E-03
 -1     10216 1.38217E-03 9.44715E-06-4.33717E-03
 -1     10217 0.00000E+00 0.00000E+00 0.00000E+00
 -1     10218 3.77779E-04-1.60300E-04-2.60085E-04
 -1     10219 6.62188E-04-1.47630E-04-5.84786E-04
 -1     10220 8.99314E-04-1.23948E-04-1.05893E-03
 -1     10221 1.09002E-03-9.18814E-05-1.62683E-03
 -1     10222 1.23087E-03-6.19948E-05-2.26489E-03
 -1     10223 1.32531E-03-3.39305E-05-2.94686E-03
 -1     10224 1.37390E-03-6.27546E-06-3.65243E-03
 -1     10225 1.37534E-03 1.88943E-05-4.34282E-03
 -3
    1PSTEP                         2           1           1          
  100CL  101 1.000000000         225                     0    1           1
 -4  STRESS      6    1
 -5  SXX         1    4    1    1
 -5  SYY         1    4    2    2
 -5  SZZ         1    4    3    3
 -5  SXY         1    4    1    2
 -5  SYZ         1    4    2    3
 -5  SZX         1    4    3    1
 -1     10001-3.29380E+01-1.25642E+01-1.02704E+01-3.42981E+00-3.54757E-01-2.49201E+00
 -1     10002-2.65456E+01 5.25253E-01 1.72820E+00-1.48071E+00 5.08191E-01-2.06958E+00
 -1     10003-1.96423E+01-5.39375E-01-4.37055E-01 3.71984E-01-1.17050E-03-2.05315E+00
 -1     10004-1.55864E+01 1.24434E-01 9.98551E-02 4.38497E-01 5.56087E-02-2.28045E+00
 -1     10005-1.14118E+01-2.01529E-02-1.28626E-01 4.06956E-01-2.76560E-03-2.17432E+00
 -1     10006-7.33618E+00-1.00033E-02-9.53775E-02 3.54268E-01-6.71528E-03-1.99767E+00
 -1     10007-3.41666E+00-6.26910E-03-3.97653E-02 3.47311E-01-4.30920E-03-1.88666E+00
 -1     10008 4.52340E-01 4.42608E-02 1.36738E-01 3.52109E-01-3.03170E-02-1.82382E+00
 -1     10009 2.35321E+00-7.12666E-01-1.04862E+00 3.47311E-01-1.45136E-01-1.78108E+00
 -1     10010-3.10451E+01-1.23911E+01-9.55156E+00-1.92182E+00 1.25598E-01-3.96412E+00
 -1     10011-2.70251E+01-1.28221E+00 1.56791E+00-1.02294E+00 9.52808E-02-3.07565E+00
 -1     10012-2.11580E+01-4.75677E-01-4.07119E-01 1.30067E-01 1.07079E-01-1.97479E+00
 -1     10013-1.60589E+01 3.38166E-02-1.12172E-02 3.31097E-01 2.90480E-02-1.88158E+00
 -1     10014-1.14772E+01 3.99472E-03-1.49042E-01 2.85653E-01 5.94477E-03-1.72422E+00
 -1     10015-7.27872E+00 8.48380E-03-1.04362E-01 2.48570E-01-4.54174E-03-1.55819E+00
 -1     10016-3.38246E+00 1.69725E-02-6.09858E-02 2.29487E-01-1.47848E-02-1.44610E+00
 -1     10017 6.69666E-01 7.51008E-02 7.19247E-02 2.31129E-01-5.79186E-04-1.45136E+00
 -1     10018 2.83207E+00-6.75742E-01-8.93567E-01 1.99861E-01-2.49802E-02-1.52814E+00
 -1     10019-3.18956E+01-1.24619E+01-9.72889E+00-4.49640E-15 0.00000E+00-4.31655E+00
 -1     10020-2.71053E+01-3.00959E+00 1.55359E+00-4.53804E-15 4.32987E-15-3.14703E+00
 -1     10021-2.08876E+01-3.32817E-01-1.07892E-01 3.58047E-15-4.36370E-15-2.07945E+00
 -1     10022-1.62866E+01 4.75854E-03-7.57639E-03 1.04361E-14-1.47972E-15-1.85976E+00
 -1     10023-1.15334E+01 2.84200E-02-1.54709E-01 2.29747E-14-1.47261E-14-1.66133E+00
 -1     10024-7.28622E+00 2.47621E-02-1.09603E-01 1.56611E-14 7.14706E-16-1.48547E+00
 -1     10025-3.35983E+00 2.06729E-02-7.25103E-02-1.76803E-14 4.27453E-14-1.39054E+00
 -1     10026 4.43981E-01 1.07491E-01 5.52063E-02-3.58914E-14-1.05992E-14-1.33509E+00
 -1     10027 2.19498E+00-7.96656E-01-1.12065E+00-4.26033E-14 3.77476E-14-1.21935E+00
 -1     10028-3.10451E+01-1.23911E+01-9.55156E+00 1.92182E+00-1.25598E-01-3.96412E+00
 -1     10029-2.70251E+01-1.28221E+00 1.56791E+00 1.02294E+00-9.52808E-02-3.07565E+00
 -1     10030-2.11580E+01-4.75677E-01-4.07119E-01-1.30067E-01-1.07079E-01-1.97479E+00
 -1     10031-1.60589E+01 3.38166E-02-1.12172E-02-3.31097E-01-2.90480E-02-1.88158E+00
 -1     10032-1.14772E+01 3.99472E-03-1.49042E-01-2.85653E-01-5.94477E-03-1.72422E+00
 -1     10033-7.27872E+00 8.48380E-03-1.04362E-01-2.48570E-01 4.54174E-03-1.55819E+00
 -1     10034-3.38246E+00 1.69725E-02-6.09858E-02-2.29487E-01 1.47848E-02-1.44610E+00
 -1     10035 6.69666E-01 7.51008E-02 7.19247E-02-2.31129E-01 5.79186E-04-1.45136E+00
 -1     10036 2.83207E+00-6.75742E-01-8.93567E-01-1.99861E-01 2.49802E-02-1.52814E+00
 -1     10037-3.29380E+01-1.25642E+01-1.02704E+01 3.42981E+00 3.54757E-01-2.49201E+00
 -1     10038-2.65456E+01 5.25253E-01 1.72820E+00 1.48071E+00-5.08191E-01-2.06958E+00
 -1     10039-1.96423E+01-5.39375E-01-4.37055E-01-3.71984E-01 1.17050E-03-2.05315E+00
 -1     10040-1.55864E+01 1.24434E-01 9.98551E-02-4.38497E-01-5.56087E-02-2.28045E+00
 -1     10041-1.14118E+01-2.01529E-02-1.28626E-01-4.06956E-01 2.76560E-03-2.17432E+00
 -1     10042-7.33618E+00-1.00033E-02-9.53775E-02-3.54268E-01 6.71528E-03-1.99767E+00
 -1     10043-3.41666E+00-6.26910E-03-3.97653E-02-3.47311E-01 4.30920E-03-1.88666E+00
 -1     10044 4.52340E-01 4.42608E-02 1.36738E-01-3.52109E-01 3.03170E-02-1.82382E+00
 -1     10045 2.35321E+00-7.12666E-01-1.04862E+00-3.47311E-01 1.45136E-01-1.78108E+00
 -1     10046-1.26045E+01-5.33877E+00-6.10273E+00-1.41388E+00-4.14008E-01-2.43627E+00
 -1     10047-1.14898E+01 4.84380E-01 3.63082E-01-5.25024E-01 6.09984E-01-2.65481E+00
 -1     10048-9.28940E+00-2.24600E-01-1.04005E-01 1.65945E-01 1.29496E-01-3.37314E+00
 -1     10049-7.24197E+00 4.72576E-02-1.63575E-01 1.13566E-01 5.93444E-02-3.49954E+00
 -1     10050-5.26822E+00-1.02289E-02-2.19088E-01 5.62683E-02 2.70432E-04-3.34773E+00
 -1     10051-3.28195E+00-1.94065E-02-2.19836E-01 2.77119E-02-8.61591E-03-3.09238E+00
 -1     10052-1.52416E+00-8.57847E-02-2.15964E-01 1.05118E-04-3.74591E-03-2.82174E+00
 -1     10053-3.91555E-01-3.56912E-02 9.07137E-02 6.78599E-02-6.91726E-03-2.52769E+00
 -1     10054-1.94440E-01-1.03550E+00-1.15912E+00 1.97363E-01-1.52104E-01-2.32578E+00
 -1     10055-1.10896E+01-5.16430E+00-5.64307E+00-9.58278E-01 5.98854E-02-3.83976E+00
 -1     10056-1.16609E+01-3.14061E-01 2.94317E-01-4.02330E-01 2.05910E-01-3.79043E+00
 -1     10057-1.05309E+01-2.24280E-01-1.86205E-01 1.01606E-01 1.90934E-01-3.34537E+00
 -1     10058-7.64374E+00-1.67330E-02-2.55398E-01 1.16492E-01 4.14953E-02-3.06418E+00
 -1     10059-5.31547E+00-3.60702E-03-2.36474E-01 5.96515E-02 5.75396E-03-2.78682E+00
 -1     10060-3.24153E+00-1.52626E-02-2.25372E-01 3.32315E-02-6.09927E-03-2.53678E+00
 -1     10061-1.47517E+00-5.99284E-02-2.14357E-01 2.51547E-02-6.03112E-03-2.28924E+00
 -1     10062-1.69905E-01-1.15249E-01 2.01356E-02 4.47977E-02-2.21791E-03-2.06281E+00
 -1     10063 3.49304E-01-9.29977E-01-9.84442E-01 9.58452E-02-1.28362E-02-2.00855E+00
 -1     10064-1.13386E+01-5.11083E+00-5.74885E+00-7.14706E-15 6.24500E-17-4.12275E+00
 -1     10065-1.15935E+01-1.07820E+00 3.15613E-01-6.63358E-15 3.87190E-15-3.88904E+00
 -1     10066-1.05894E+01-1.84881E-01-4.53981E-02-3.90660E-15-1.71217E-15-3.52657E+00
 -1     10067-7.86872E+00-4.37255E-02-2.63158E-01 1.99320E-15-3.10700E-15-3.01511E+00
 -1     10068-5.36979E+00-2.59459E-03-2.46090E-01 5.44855E-15-9.87058E-15-2.67538E+00
 -1     10069-3.25201E+00-1.64879E-02-2.30775E-01-2.80461E-15-2.56999E-15-2.40428E+00
 -1     10070-1.45404E+00-5.56111E-02-2.03895E-01 4.56189E-15 2.35532E-14-2.16024E+00
 -1     10071-2.15958E-01-1.76526E-01 1.31339E-02 2.63765E-15 4.18953E-14-1.89960E+00
 -1     10072 2.17084E-01-8.95749E-01-1.03394E+00-1.20442E-14 5.85643E-15-1.70490E+00
 -1     10073-1.10896E+01-5.16430E+00-5.64307E+00 9.58278E-01-5.98854E-02-3.83976E+00
 -1     10074-1.16609E+01-3.14061E-01 2.94317E-01 4.02330E-01-2.05910E-01-3.79043E+00
 -1     10075-1.05309E+01-2.24280E-01-1.86205E-01-1.01606E-01-1.90934E-01-3.34537E+00
 -1     10076-7.64374E+00-1.67330E-02-2.55398E-01-1.16492E-01-4.14953E-02-3.06418E+00
 -1     10077-5.31547E+00-3.60702E-03-2.36474E-01-5.96515E-02-5.75396E-03-2.78682E+00
 -1     10078-3.24153E+00-1.52626E-02-2.25372E-01-3.32315E-02 6.09927E-03-2.53678E+00
 -1     10079-1.47517E+00-5.99284E-02-2.14357E-01-2.51547E-02 6.03112E-03-2.28924E+00
 -1     10080-1.69905E-01-1.15249E-01 2.01356E-02-4.47977E-02 2.21791E-03-2.06281E+00
 -1     10081 3.49304E-01-9.29977E-01-9.84442E-01-9.58452E-02 1.28362E-02-2.00855E+00
 -1     10082-1.26045E+01-5.33877E+00-6.10273E+00 1.41388E+00 4.14008E-01-2.43627E+00
 -1     10083-1.14898E+01 4.84380E-01 3.63082E-01 5.25024E-01-6.09984E-01-2.65481E+00
 -1     10084-9.28940E+00-2.24600E-01-1.04005E-01-1.65945E-01-1.29496E-01-3.37314E+00
 -1     10085-7.24197E+00 4.72576E-02-1.63575E-01-1.13566E-01-5.93444E-02-3.49954E+00
 -1     10086-5.26822E+00-1.02289E-02-2.19088E-01-5.62683E-02-2.70432E-04-3.34773E+00
 -1     10087-3.28195E+00-1.94065E-02-2.19836E-01-2.77119E-02 8.61591E-03-3.09238E+00
 -1     10088-1.52416E+00-8.57847E-02-2.15964E-01-1.05118E-04 3.74591E-03-2.82174E+00
 -1     10089-3.91555E-01-3.56912E-02 9.07137E-02-6.78599E-02 6.91726E-03-2.52769E+00
 -1     10090-1.94440E-01-1.03550E+00-1.15912E+00-1.97363E-01 1.52104E-01-2.32578E+00
 -1     10091 1.11366E+00 4.55145E-01 4.72173E-01 1.04563E-01-3.92334E-01-2.41184E+00
 -1     10092 1.08072E+00-3.27994E-02-2.38013E-01 4.22206E-02 6.54448E-01-3.28529E+00
 -1     10093 1.12518E+00-5.93100E-03-5.29603E-01-1.56621E-02 2.39655E-01-4.73488E+00
 -1     10094 1.17564E+00-2.26191E-03-5.37490E-01-8.82375E-03 8.38072E-02-4.72770E+00
 -1     10095 1.15273E+00 1.95191E-03-5.17850E-01-2.89898E-03 5.02793E-03-4.51614E+00
 -1     10096 1.13846E+00 1.33253E-03-5.04129E-01-4.59906E-04-8.01377E-03-4.18445E+00
 -1     10097 1.13307E+00 3.97772E-04-4.99728E-01-2.55881E-04-7.73568E-03-3.75967E+00
 -1     10098 1.13165E+00 5.36554E-04-5.02746E-01 1.02010E-03 2.56449E-02-3.23160E+00
 -1     10099 1.13026E+00-9.70673E-03-5.14103E-01 2.31382E-03-1.69024E-01-2.86208E+00
 -1     10100 1.00763E+00 4.43690E-01 4.36408E-01 6.76092E-02 7.03252E-02-3.82515E+00
 -1     10101 1.08853E+00 3.29713E-02-2.06288E-01 3.12353E-02 2.50978E-01-4.59193E+00
 -1     10102 1.19635E+00-1.28934E-02-4.95182E-01-8.69811E-03 2.81646E-01-4.72103E+00
 -1     10103 1.19002E+00-2.16042E-03-5.21883E-01-8.19009E-03 6.07009E-02-4.21370E+00
 -1     10104 1.15105E+00 1.93549E-04-5.13640E-01-2.32282E-03 7.85973E-03-3.84088E+00
 -1     10105 1.13518E+00 6.70446E-04-5.03903E-01-4.06948E-04-7.01772E-03-3.51312E+00
 -1     10106 1.13065E+00 3.05822E-04-5.00535E-01-9.74141E-05 3.73089E-03-3.12878E+00
 -1     10107 1.13167E+00-9.83027E-04-5.03543E-01 7.53657E-04-3.33353E-03-2.67478E+00
 -1     10108 1.13306E+00-9.60884E-03-5.13714E-01 1.47811E-03-2.50639E-03-2.49848E+00
 -1     10109 1.02288E+00 4.38170E-01 4.38806E-01-9.29812E-15 9.71445E-16-4.11244E+00
 -1     10110 1.08298E+00 9.68847E-02-1.93952E-01-1.04031E-14 1.83881E-15-4.70502E+00
 -1     10111 1.19456E+00-2.32728E-02-5.03242E-01-1.19019E-14 1.14492E-16-4.94446E+00
 -1     10112 1.20573E+00-1.89645E-03-5.16839E-01-8.42902E-15-4.58691E-15-4.15000E+00
 -1     10113 1.15389E+00-5.43034E-04-5.11880E-01-1.98626E-15-1.83274E-15-3.67759E+00
 -1     10114 1.13503E+00 7.89481E-04-5.03208E-01 1.32819E-14 2.26156E-14-3.31891E+00
 -1     10115 1.13041E+00 5.06764E-04-5.00248E-01 5.88245E-15 2.09503E-14-2.93333E+00
 -1     10116 1.13166E+00-2.37130E-03-5.03816E-01-9.17669E-16 6.23971E-14-2.46696E+00
 -1     10117 1.13233E+00-9.67686E-03-5.14431E-01 1.47105E-15 1.79926E-14-2.18550E+00
 -1     10118 1.00763E+00 4.43690E-01 4.36408E-01-6.76092E-02-7.03252E-02-3.82515E+00
 -1     10119 1.08853E+00 3.29713E-02-2.06288E-01-3.12353E-02-2.50978E-01-4.59193E+00
 -1     10120 1.19635E+00-1.28934E-02-4.95182E-01 8.69811E-03-2.81646E-01-4.72103E+00
 -1     10121 1.19002E+00-2.16042E-03-5.21883E-01 8.19009E-03-6.07009E-02-4.21370E+00
 -1     10122 1.15105E+00 1.93549E-04-5.13640E-01 2.32282E-03-7.85973E-03-3.84088E+00
 -1     10123 1.13518E+00 6.70446E-04-5.03903E-01 4.06948E-04 7.01772E-03-3.51312E+00
 -1     10124 1.13065E+00 3.05822E-04-5.00535E-01 9.74141E-05-3.73089E-03-3.12878E+00
 -1     10125 1.13167E+00-9.83027E-04-5.03543E-01-7.53657E-04 3.33353E-03-2.67478E+00
 -1     10126 1.13306E+00-9.60884E-03-5.13714E-01-1.47811E-03 2.50639E-03-2.49848E+00
 -1     10127 1.11366E+00 4.55145E-01 4.72173E-01-1.04563E-01 3.92334E-01-2.41184E+00
 -1     10128 1.08072E+00-3.27994E-02-2.38013E-01-4.22206E-02-6.54448E-01-3.28529E+00
 -1     10129 1.12518E+00-5.93100E-03-5.29603E-01 1.56621E-02-2.39655E-01-4.73488E+00
 -1     10130 1.17564E+00-2.26191E-03-5.37490E-01 8.82375E-03-8.38072E-02-4.72770E+00
 -1     10131 1.15273E+00 1.95191E-03-5.17850E-01 2.89898E-03-5.02793E-03-4.51614E+00
 -1     10132 1.13846E+00 1.33253E-03-5.04129E-01 4.59906E-04 8.01377E-03-4.18445E+00
 -1     10133 1.13307E+00 3.97772E-04-4.99728E-01 2.55881E-04 7.73568E-03-3.75967E+00
 -1     10134 1.13165E+00 5.36554E-04-5.02746E-01-1.02010E-03-2.56449E-02-3.23160E+00
 -1     10135 1.13026E+00-9.70673E-03-5.14103E-01-2.31382E-03 1.69024E-01-2.86208E+00
 -1     10136 1.47821E+01 6.25539E+00 7.12090E+00 1.60120E+00-4.11854E-01-2.85056E+00
 -1     10137 1.37407E+01-5.65119E-01-1.12754E+00 6.06118E-01 5.98759E-01-2.87765E+00
 -1     10138 1.15642E+01 2.48951E-01-9.06900E-01-1.90933E-01 1.13117E-01-3.35788E+00
 -1     10139 9.50417E+00-6.04184E-02-8.95349E-01-1.29216E-01 5.61001E-02-3.45303E+00
 -1     10140 7.53685E+00 9.59969E-03-8.05643E-01-5.99702E-02 2.21087E-04-3.32483E+00
 -1     10141 5.54757E+00 1.95394E-02-7.86672E-01-2.81352E-02-8.14406E-03-3.08479E+00
 -1     10142 3.78896E+00 8.55208E-02-7.84217E-01-3.62875E-04-3.28499E-03-2.82044E+00
 -1     10143 2.65521E+00 3.69253E-02-1.09291E+00-6.57927E-02-6.58081E-03-2.53072E+00
 -1     10144 2.45764E+00 1.01646E+00 1.30260E-01-1.92794E-01-1.52379E-01-2.33148E+00
 -1     10145 1.30654E+01 6.06384E+00 6.59577E+00 1.08437E+00 5.79459E-02-4.24702E+00
 -1     10146 1.39127E+01 3.43308E-01-1.02399E+00 4.59806E-01 1.97165E-01-4.00417E+00
 -1     10147 1.29352E+01 2.35547E-01-7.74960E-01-1.16759E-01 1.81002E-01-3.33025E+00
 -1     10148 9.92825E+00 2.00152E-03-7.81226E-01-1.28846E-01 3.70549E-02-3.02481E+00
 -1     10149 7.58280E+00 2.02433E-04-7.82517E-01-6.24750E-02 5.13309E-03-2.76946E+00
 -1     10150 5.50387E+00 1.52305E-02-7.80427E-01-3.35078E-02-5.93862E-03-2.53177E+00
 -1     10151 3.73666E+00 5.99287E-02-7.86786E-01-2.52117E-02-5.71887E-03-2.28866E+00
 -1     10152 2.43467E+00 1.13997E-01-1.02317E+00-4.33132E-02-1.93145E-03-2.06581E+00
 -1     10153 1.92030E+00 9.11346E-01-4.34476E-02-9.27804E-02-1.30884E-02-2.01408E+00
 -1     10154 1.33396E+01 5.99837E+00 6.70570E+00-1.31006E-14-7.70217E-16-4.53437E+00
 -1     10155 1.38288E+01 1.21646E+00-1.03042E+00-1.32533E-14 3.12944E-15-4.10687E+00
 -1     10156 1.29972E+01 1.80852E-01-9.24378E-01-1.07692E-14-6.44710E-15-3.50881E+00
 -1     10157 1.01799E+01 2.60293E-02-7.66897E-01-7.38992E-15-1.60635E-15-2.97206E+00
 -1     10158 7.64170E+00-2.07431E-03-7.70115E-01 2.29851E-15 7.47059E-15-2.65730E+00
 -1     10159 5.51364E+00 1.66432E-02-7.74290E-01 1.72345E-14 1.08281E-14-2.39933E+00
 -1     10160 3.71507E+00 5.60286E-02-7.96909E-01 1.83204E-14 3.60701E-14-2.15974E+00
 -1     10161 2.48131E+00 1.72910E-01-1.01646E+00 8.92949E-15 4.06741E-14-1.90280E+00
 -1     10162 2.05211E+00 8.77323E-01 4.91803E-03 2.76064E-14 1.89362E-14-1.71065E+00
 -1     10163 1.30654E+01 6.06384E+00 6.59577E+00-1.08437E+00-5.79459E-02-4.24702E+00
 -1     10164 1.39127E+01 3.43308E-01-1.02399E+00-4.59806E-01-1.97165E-01-4.00417E+00
 -1     10165 1.29352E+01 2.35547E-01-7.74960E-01 1.16759E-01-1.81002E-01-3.33025E+00
 -1     10166 9.92825E+00 2.00152E-03-7.81226E-01 1.28846E-01-3.70549E-02-3.02481E+00
 -1     10167 7.58280E+00 2.02433E-04-7.82517E-01 6.24750E-02-5.13309E-03-2.76946E+00
 -1     10168 5.50387E+00 1.52305E-02-7.80427E-01 3.35078E-02 5.93862E-03-2.53177E+00
 -1     10169 3.73666E+00 5.99287E-02-7.86786E-01 2.52117E-02 5.71887E-03-2.28866E+00
 -1     10170 2.43467E+00 1.13997E-01-1.02317E+00 4.33132E-02 1.93145E-03-2.06581E+00
 -1     10171 1.92030E+00 9.11346E-01-4.34476E-02 9.27804E-02 1.30884E-02-2.01408E+00
 -1     10172 1.47821E+01 6.25539E+00 7.12090E+00-1.60120E+00 4.11854E-01-2.85056E+00
 -1     10173 1.37407E+01-5.65119E-01-1.12754E+00-6.06118E-01-5.98759E-01-2.87765E+00
 -1     10174 1.15642E+01 2.48951E-01-9.06900E-01 1.90933E-01-1.13117E-01-3.35788E+00
 -1     10175 9.50417E+00-6.04184E-02-8.95349E-01 1.29216E-01-5.61001E-02-3.45303E+00
 -1     10176 7.53685E+00 9.59969E-03-8.05643E-01 5.99702E-02-2.21087E-04-3.32483E+00
 -1     10177 5.54757E+00 1.95394E-02-7.86672E-01 2.81352E-02 8.14406E-03-3.08479E+00
 -1     10178 3.78896E+00 8.55208E-02-7.84217E-01 3.62875E-04 3.28499E-03-2.82044E+00
 -1     10179 2.65521E+00 3.69253E-02-1.09291E+00 6.57927E-02 6.58081E-03-2.53072E+00
 -1     10180 2.45764E+00 1.01646E+00 1.30260E-01 1.92794E-01 1.52379E-01-2.33148E+00
 -1     10181 3.59963E+01 1.37674E+01 1.13661E+01 3.60155E+00-3.50053E-01-3.09572E+00
 -1     10182 2.89524E+01-6.20030E-01-2.79719E+00 1.54156E+00 4.99255E-01-2.36364E+00
 -1     10183 2.15290E+01 5.69807E-01-5.00232E-01-3.98890E-01-2.73045E-02-2.01357E+00
 -1     10184 1.76718E+01-1.61178E-01-1.15254E+00-4.37668E-01 5.54434E-02-2.23034E+00
 -1     10185 1.36264E+01 1.47442E-02-8.86127E-01-4.03240E-01-3.03689E-03-2.14850E+00
 -1     10186 9.59902E+00 9.13376E-03-9.09727E-01-3.51517E-01-6.06119E-03-1.98978E+00
 -1     10187 5.69091E+00 6.18803E-03-9.61404E-01-3.46877E-01-3.67757E-03-1.88505E+00
 -1     10188 1.81294E+00-4.27193E-02-1.13539E+00-3.50141E-01-2.99460E-02-1.82786E+00
 -1     10189-9.88500E-02 6.90602E-01 1.93405E-02-3.43027E-01-1.45747E-01-1.78932E+00
 -1     10190 3.39129E+01 1.35832E+01 1.05874E+01 2.03963E+00 1.26388E-01-4.56442E+00
 -1     10191 2.94221E+01 1.28520E+00-2.62321E+00 1.07381E+00 8.29814E-02-3.35975E+00
 -1     10192 2.31401E+01 4.42462E-01-5.13209E-01-1.46639E-01 9.66331E-02-1.93172E+00
 -1     10193 1.81645E+01-7.41937E-02-1.02251E+00-3.39179E-01 2.40637E-02-1.83916E+00
 -1     10194 1.36952E+01-1.06043E-02-8.61414E-01-2.84544E-01 5.14671E-03-1.70534E+00
 -1     10195 9.54041E+00-7.47359E-03-8.99996E-01-2.46981E-01-4.41584E-03-1.55331E+00
 -1     10196 5.65487E+00-1.52559E-02-9.40464E-01-2.28895E-01-1.44437E-02-1.44528E+00
 -1     10197 1.59744E+00-7.56511E-02-1.07089E+00-2.29445E-01-1.58332E-04-1.45544E+00
 -1     10198-5.71111E-01 6.54078E-01-1.34714E-01-1.96795E-01-2.55550E-02-1.53642E+00
 -1     10199 3.47756E+01 1.36375E+01 1.07641E+01-1.89293E-14 8.32667E-16-4.92452E+00
 -1     10200 2.94813E+01 3.11084E+00-2.59753E+00-2.11359E-14-3.86496E-15-3.43572E+00
 -1     10201 2.28676E+01 2.42202E-01-8.23378E-01-2.53131E-14 3.67371E-15-2.03330E+00
 -1     10202 1.84203E+01-5.10309E-02-1.01667E+00-2.59653E-14-1.40547E-14-1.81320E+00
 -1     10203 1.37529E+01-3.71938E-02-8.54399E-01-2.68396E-14 2.74242E-14-1.64132E+00
 -1     10204 9.54647E+00-2.23683E-02-8.94536E-01-7.43849E-15 3.29597E-17-1.48064E+00
 -1     10205 5.63163E+00-1.74897E-02-9.28862E-01 1.85685E-14 3.67172E-14-1.38980E+00
 -1     10206 1.82412E+00-1.10090E-01-1.05437E+00 5.02376E-14 2.28081E-14-1.33946E+00
 -1     10207 6.61423E-02 7.75366E-01 9.14282E-02 5.67671E-14-9.20097E-15-1.22820E+00
 -1     10208 3.39129E+01 1.35832E+01 1.05874E+01-2.03963E+00-1.26388E-01-4.56442E+00
 -1     10209 2.94221E+01 1.28520E+00-2.62321E+00-1.07381E+00-8.29814E-02-3.35975E+00
 -1     10210 2.31401E+01 4.42462E-01-5.13209E-01 1.46639E-01-9.66331E-02-1.93172E+00
 -1     10211 1.81645E+01-7.41937E-02-1.02251E+00 3.39179E-01-2.40637E-02-1.83916E+00
 -1     10212 1.36952E+01-1.06043E-02-8.61414E-01 2.84544E-01-5.14671E-03-1.70534E+00
 -1     10213 9.54041E+00-7.47359E-03-8.99996E-01 2.46981E-01 4.41584E-03-1.55331E+00
 -1     10214 5.65487E+00-1.52559E-02-9.40464E-01 2.28895E-01 1.44437E-02-1.44528E+00
 -1     10215 1.59744E+00-7.56511E-02-1.07089E+00 2.29445E-01 1.58332E-04-1.45544E+00
 -1     10216-5.71111E-01 6.54078E-01-1.34714E-01 1.96795E-01 2.55550E-02-1.53642E+00
 -1     10217 3.59963E+01 1.37674E+01 1.13661E+01-3.60155E+00 3.50053E-01-3.09572E+00
 -1     10218 2.89524E+01-6.20030E-01-2.79719E+00-1.54156E+00-4.99255E-01-2.36364E+00
 -1     10219 2.15290E+01 5.69807E-01-5.00232E-01 3.98890E-01 2.73045E-02-2.01357E+00
 -1     10220 1.76718E+01-1.61178E-01-1.15254E+00 4.37668E-01-5.54434E-02-2.23034E+00
 -1     10221 1.36264E+01 1.47442E-02-8.86127E-01 4.03240E-01 3.03689E-03-2.14850E+00
 -1     10222 9.59902E+00 9.13376E-03-9.09727E-01 3.51517E-01 6.06119E-03-1.98978E+00
 -1     10223 5.69091E+00 6.18803E-03-9.61404E-01 3.46877E-01 3.67757E-03-1.88505E+00
 -1     10224 1.81294E+00-4.27193E-02-1.13539E+00 3.50141E-01 2.99460E-02-1.82786E+00
 -1     10225-9.88500E-02 6.90602E-01 1.93405E-02 3.43027E-01 1.45747E-01-1.78932E+00
 -3
    1PSTEP                         3           1           1          
  100CL  101 1.000000000         225                     0    1           1
 -4  TOSTRAIN    6    1
 -5  EXX         1    4    1    1
 -5  EYY         1    4    2    2
 -5  EZZ         1    4    3    3
 -5  EXY         1    4    1    2
 -5  EYZ         1    4    2    3
 -5  EZX         1    4    3    1
 -1     10001-1.24227E-04 1.89685E-06 1.60964E-05-2.12322E-05-2.19611E-06-1.54268E-05
 -1     10002-1.29627E-04 3.79547E-05 4.54015E-05-9.16630E-06 3.14594E-06-1.28117E-05
 -1     10003-9.21397E-05 2.61163E-05 2.67497E-05 2.30276E-06-7.24597E-09-1.27100E-05
 -1     10004-7.45413E-05 2.27162E-05 2.25640E-05 2.71451E-06 3.44244E-07-1.41171E-05
 -1     10005-5.41291E-05 1.63903E-05 1.57188E-05 2.51925E-06-1.71204E-08-1.34601E-05
 -1     10006-3.47836E-05 1.05689E-05 1.00404E-05 2.19309E-06-4.15708E-08-1.23665E-05
 -1     10007-1.62040E-05 4.90790E-06 4.70054E-06 2.15002E-06-2.66760E-08-1.16793E-05
 -1     10008 1.89543E-06-6.30774E-07-5.82968E-08 2.17972E-06-1.87676E-07-1.12903E-05
 -1     10009 1.37219E-05-5.25734E-06-7.33707E-06 2.15002E-06-8.98462E-07-1.10257E-05
 -1     10010-1.16487E-04-1.00980E-06 1.65681E-05-1.18970E-05 7.77509E-07-2.45398E-05
 -1     10011-1.29099E-04 3.02616E-05 4.79052E-05-6.33250E-06 5.89834E-07-1.90397E-05
 -1     10012-9.94913E-05 2.85422E-05 2.89666E-05 8.05176E-07 6.62872E-07-1.22249E-05
 -1     10013-7.65030E-05 2.31183E-05 2.28395E-05 2.04965E-06 1.79821E-07-1.16479E-05
 -1     10014-5.44461E-05 1.66279E-05 1.56806E-05 1.76833E-06 3.68009E-08-1.06738E-05
 -1     10015-3.45236E-05 1.05877E-05 9.88909E-06 1.53877E-06-2.81156E-08-9.64594E-06
 -1     10016-1.60441E-05 5.00003E-06 4.51743E-06 1.42064E-06-9.15250E-08-8.95204E-06
 -1     10017 2.97885E-06-7.01792E-07-7.21454E-07 1.43080E-06-3.58543E-09-8.98460E-06
 -1     10018 1.57279E-05-5.98711E-06-7.33555E-06 1.23724E-06-1.54639E-07-9.45992E-06
 -1     10019-1.20183E-04 1.21358E-07 1.70397E-05-2.79521E-20 0.00000E+00-2.67215E-05
 -1     10020-1.26993E-04 2.21710E-05 5.04193E-05-2.72109E-20 2.67345E-20-1.94816E-05
 -1     10021-9.88353E-05 2.84088E-05 2.98012E-05 2.22346E-20-2.70190E-20-1.28728E-05
 -1     10022-7.75511E-05 2.33000E-05 2.32237E-05 6.49568E-20-9.14531E-21-1.15128E-05
 -1     10023-5.47406E-05 1.68327E-05 1.56990E-05 1.42196E-19-9.12149E-20-1.02844E-05
 -1     10024-3.45751E-05 1.06834E-05 9.85159E-06 9.68000E-20 4.43369E-21-9.19579E-06
 -1     10025-1.59252E-05 5.00179E-06 4.42494E-06-1.09611E-19 2.64579E-19-8.60812E-06
 -1     10026 1.88177E-06-2.01261E-07-5.24931E-07-2.22029E-19-6.56053E-20-8.26484E-06
 -1     10027 1.31913E-05-5.32836E-06-7.33402E-06-2.63742E-19 2.33516E-19-7.54837E-06
 -1     10028-1.16487E-04-1.00980E-06 1.65681E-05 1.18970E-05-7.77509E-07-2.45398E-05
 -1     10029-1.29099E-04 3.02616E-05 4.79052E-05 6.33250E-06-5.89834E-07-1.90397E-05
 -1     10030-9.94913E-05 2.85422E-05 2.89666E-05-8.05176E-07-6.62872E-07-1.22249E-05
 -1     10031-7.65030E-05 2.31183E-05 2.28395E-05-2.04965E-06-1.79821E-07-1.16479E-05
 -1     10032-5.44461E-05 1.66279E-05 1.56806E-05-1.76833E-06-3.68009E-08-1.06738E-05
 -1     10033-3.45236E-05 1.05877E-05 9.88909E-06-1.53877E-06 2.81156E-08-9.64594E-06
 -1     10034-1.60441E-05 5.00003E-06 4.51743E-06-1.42064E-06 9.15250E-08-8.95204E-06
 -1     10035 2.97885E-06-7.01792E-07-7.21454E-07-1.43080E-06 3.58543E-09-8.98460E-06
 -1     10036 1.57279E-05-5.98711E-06-7.33555E-06-1.23724E-06 1.54639E-07-9.45992E-06
 -1     10037-1.24227E-04 1.89685E-06 1.60964E-05 2.12322E-05 2.19611E-06-1.54268E-05
 -1     10038-1.29627E-04 3.79547E-05 4.54015E-05 9.16630E-06-3.14594E-06-1.28117E-05
 -1     10039-9.21397E-05 2.61163E-05 2.67497E-05-2.30276E-06 7.24597E-09-1.27100E-05
 -1     10040-7.45413E-05 2.27162E-05 2.25640E-05-2.71451E-06-3.44244E-07-1.41171E-05
 -1     10041-5.41291E-05 1.63903E-05 1.57188E-05-2.51925E-06 1.71204E-08-1.34601E-05
 -1     10042-3.47836E-05 1.05689E-05 1.00404E-05-2.19309E-06 4.15708E-08-1.23665E-05
 -1     10043-1.62040E-05 4.90790E-06 4.70054E-06-2.15002E-06 2.66760E-08-1.16793E-05
 -1     10044 1.89543E-06-6.30774E-07-5.82968E-08-2.17972E-06 1.87676E-07-1.12903E-05
 -1     10045 1.37219E-05-5.25734E-06-7.33707E-06-2.15002E-06 8.98462E-07-1.10257E-05
 -1     10046-4.36762E-05 1.30184E-06-3.42744E-06-8.75259E-06-2.56291E-06-1.50817E-05
 -1     10047-5.59241E-05 1.82019E-05 1.74510E-05-3.25015E-06 3.77609E-06-1.64345E-05
 -1     10048-4.37658E-05 1.23496E-05 1.30962E-05 1.02728E-06 8.01640E-07-2.08814E-05
 -1     10049-3.43194E-05 1.08044E-05 9.49923E-06 7.03026E-07 3.67370E-07-2.16638E-05
 -1     10050-2.47591E-05 7.79030E-06 6.49736E-06 3.48328E-07 1.67411E-09-2.07240E-05
 -1     10051-1.52866E-05 4.91014E-06 3.66938E-06 1.71550E-07-5.33366E-08-1.91433E-05
 -1     10052-6.82683E-06 2.07739E-06 1.27152E-06 6.50730E-10-2.31889E-08-1.74679E-05
 -1     10053-1.94315E-06 2.59816E-07 1.04232E-06 4.20085E-07-4.28211E-08-1.56476E-05
 -1     10054 2.20928E-06-2.99732E-06-3.76256E-06 1.22177E-06-9.41599E-07-1.43977E-05
 -1     10055-3.73686E-05-6.88072E-07-3.65187E-06-5.93220E-06 3.70719E-07-2.37700E-05
 -1     10056-5.54997E-05 1.47424E-05 1.85085E-05-2.49062E-06 1.27468E-06-2.34646E-05
 -1     10057-4.95608E-05 1.42422E-05 1.44779E-05 6.28989E-07 1.18197E-06-2.07095E-05
 -1     10058-3.60100E-05 1.12048E-05 9.72735E-06 7.21140E-07 2.56875E-07-1.89687E-05
 -1     10059-2.49688E-05 7.91417E-06 6.47262E-06 3.69272E-07 3.56198E-08-1.72518E-05
 -1     10060-1.50921E-05 4.88004E-06 3.57936E-06 2.05719E-07-3.77574E-08-1.57039E-05
 -1     10061-6.63279E-06 2.12824E-06 1.17225E-06 1.55720E-07-3.73355E-08-1.41715E-05
 -1     10062-6.73194E-07-3.34849E-07 5.03247E-07 2.77319E-07-1.37299E-08-1.27698E-05
 -1     10063 4.39824E-06-3.52112E-06-3.85829E-06 5.93327E-07-7.94622E-08-1.24339E-05
 -1     10064-3.84794E-05 7.33147E-08-3.87629E-06-4.37810E-20 3.17637E-22-2.55218E-05
 -1     10065-5.41175E-05 1.09769E-05 1.96053E-05-4.07899E-20 2.41404E-20-2.40750E-05
 -1     10066-5.00969E-05 1.43122E-05 1.51757E-05-2.41140E-20-1.06541E-20-2.18311E-05
 -1     10067-3.70317E-05 1.14088E-05 1.00504E-05 1.22505E-20-1.92080E-20-1.86650E-05
 -1     10068-2.52152E-05 8.01033E-06 6.50298E-06 3.37986E-20-6.11320E-20-1.65619E-05
 -1     10069-1.51325E-05 4.89689E-06 3.57035E-06-1.73973E-20-1.59017E-20-1.48836E-05
 -1     10070-6.55329E-06 2.10367E-06 1.18572E-06 2.82234E-20 1.45782E-19-1.33729E-05
 -1     10071-7.94954E-07-5.50853E-07 6.23234E-07 1.63153E-20 2.59364E-19-1.17595E-05
 -1     10072 3.79043E-06-3.09853E-06-3.95401E-06-7.45918E-20 3.63430E-20-1.05542E-05
 -1     10073-3.73686E-05-6.88072E-07-3.65187E-06 5.93220E-06-3.70719E-07-2.37700E-05
 -1     10074-5.54997E-05 1.47424E-05 1.85085E-05 2.49062E-06-1.27468E-06-2.34646E-05
 -1     10075-4.95608E-05 1.42422E-05 1.44779E-05-6.28989E-07-1.18197E-06-2.07095E-05
 -1     10076-3.60100E-05 1.12048E-05 9.72735E-06-7.21140E-07-2.56875E-07-1.89687E-05
 -1     10077-2.49688E-05 7.91417E-06 6.47262E-06-3.69272E-07-3.56198E-08-1.72518E-05
 -1     10078-1.50921E-05 4.88004E-06 3.57936E-06-2.05719E-07 3.77574E-08-1.57039E-05
 -1     10079-6.63279E-06 2.12824E-06 1.17225E-06-1.55720E-07 3.73355E-08-1.41715E-05
 -1     10080-6.73194E-07-3.34849E-07 5.03247E-07-2.77319E-07 1.37299E-08-1.27698E-05
 -1     10081 4.39824E-06-3.52112E-06-3.85829E-06-5.93327E-07 7.94622E-08-1.24339E-05
 -1     10082-4.36762E-05 1.30184E-06-3.42744E-06 8.75259E-06 2.56291E-06-1.50817E-05
 -1     10083-5.59241E-05 1.82019E-05 1.74510E-05 3.25015E-06-3.77609E-06-1.64345E-05
 -1     10084-4.37658E-05 1.23496E-05 1.30962E-05-1.02728E-06-8.01640E-07-2.08814E-05
 -1     10085-3.43194E-05 1.08044E-05 9.49923E-06-7.03026E-07-3.67370E-07-2.16638E-05
 -1     10086-2.47591E-05 7.79030E-06 6.49736E-06-3.48328E-07-1.67411E-09-2.07240E-05
 -1     10087-1.52866E-05 4.91014E-06 3.66938E-06-1.71550E-07 5.33366E-08-1.91433E-05
 -1     10088-6.82683E-06 2.07739E-06 1.27152E-06-6.50730E-10 2.31889E-08-1.74679E-05
 -1     10089-1.94315E-06 2.59816E-07 1.04232E-06-4.20085E-07 4.28211E-08-1.56476E-05
 -1     10090 2.20928E-06-2.99732E-06-3.76256E-06-1.22177E-06 9.41599E-07-1.43977E-05
 -1     10091 3.97838E-06-9.81153E-08 7.30098E-09 6.47294E-07-2.42874E-06-1.49304E-05
 -1     10092 5.53314E-06-1.36005E-06-2.63042E-06 2.61366E-07 4.05135E-06-2.03375E-05
 -1     10093 6.12306E-06-8.79069E-07-4.12085E-06-9.69557E-08 1.48358E-06-2.93112E-05
 -1     10094 6.36938E-06-9.22420E-07-4.23574E-06-5.46232E-08 5.18807E-07-2.92667E-05
 -1     10095 6.22620E-06-8.97680E-07-4.11550E-06-1.79461E-08 3.11253E-08-2.79571E-05
 -1     10096 6.13951E-06-8.99840E-07-4.02889E-06-2.84704E-09-4.96090E-08-2.59037E-05
 -1     10097 6.10890E-06-9.02879E-07-3.99890E-06-1.58403E-09-4.78876E-08-2.32741E-05
 -1     10098 6.10626E-06-8.95883E-07-4.01144E-06 6.31493E-09 1.58754E-07-2.00052E-05
 -1     10099 6.13051E-06-9.26453E-07-4.04891E-06 1.43236E-08-1.04634E-06-1.77176E-05
 -1     10100 3.54096E-06 4.98950E-08 4.81812E-09 4.18533E-07 4.35347E-07-2.36795E-05
 -1     10101 5.43105E-06-1.10333E-06-2.58446E-06 1.93361E-07 1.55368E-06-2.84262E-05
 -1     10102 6.42272E-06-1.06306E-06-4.04866E-06-5.38454E-08 1.74352E-06-2.92254E-05
 -1     10103 6.41539E-06-9.64768E-07-4.18210E-06-5.07006E-08 3.75767E-07-2.60848E-05
 -1     10104 6.21467E-06-9.09661E-07-4.09053E-06-1.43793E-08 4.86554E-08-2.37769E-05
 -1     10105 6.12451E-06-8.98627E-07-4.02218E-06-2.51920E-09-4.34430E-08-2.17479E-05
 -1     10106 6.09864E-06-8.98703E-07-3.99915E-06-6.03040E-10 2.30960E-08-1.93686E-05
 -1     10107 6.10967E-06-9.02011E-07-4.01310E-06 4.66549E-09-2.06361E-08-1.65582E-05
 -1     10108 6.14311E-06-9.30531E-07-4.05118E-06 9.15021E-09-1.55157E-08-1.54668E-05
 -1     10109 3.61805E-06-1.60420E-09 2.33500E-09-5.74394E-20 5.82335E-21-2.54579E-05
 -1     10110 5.29569E-06-8.08678E-07-2.60909E-06-6.43149E-20 1.15938E-20-2.91263E-05
 -1     10111 6.44054E-06-1.09842E-06-4.06966E-06-7.36654E-20 5.82335E-22-3.06085E-05
 -1     10112 6.48260E-06-9.93154E-07-4.18089E-06-5.21587E-20-2.84134E-20-2.56905E-05
 -1     10113 6.22677E-06-9.19748E-07-4.08517E-06-1.22952E-20-1.13423E-20-2.27660E-05
 -1     10114 6.12267E-06-8.98850E-07-4.01884E-06 8.22416E-20 1.40025E-19-2.05457E-05
 -1     10115 6.09682E-06-8.97819E-07-3.99773E-06 3.64224E-20 1.29675E-19-1.81587E-05
 -1     10116 6.11199E-06-9.08216E-07-4.01239E-06-5.71747E-21 3.86307E-19-1.52716E-05
 -1     10117 6.14077E-06-9.28794E-07-4.05346E-06 9.11884E-21 1.11332E-19-1.35293E-05
 -1     10118 3.54096E-06 4.98950E-08 4.81812E-09-4.18533E-07-4.35347E-07-2.36795E-05
 -1     10119 5.43105E-06-1.10333E-06-2.58446E-06-1.93361E-07-1.55368E-06-2.84262E-05
 -1     10120 6.42272E-06-1.06306E-06-4.04866E-06 5.38454E-08-1.74352E-06-2.92254E-05
 -1     10121 6.41539E-06-9.64768E-07-4.18210E-06 5.07006E-08-3.75767E-07-2.60848E-05
 -1     10122 6.21467E-06-9.09661E-07-4.09053E-06 1.43793E-08-4.86554E-08-2.37769E-05
 -1     10123 6.12451E-06-8.98627E-07-4.02218E-06 2.51920E-09 4.34430E-08-2.17479E-05
 -1     10124 6.09864E-06-8.98703E-07-3.99915E-06 6.03040E-10-2.30960E-08-1.93686E-05
 -1     10125 6.10967E-06-9.02011E-07-4.01310E-06-4.66549E-09 2.06361E-08-1.65582E-05
 -1     10126 6.14311E-06-9.30531E-07-4.05118E-06-9.15021E-09 1.55157E-08-1.54668E-05
 -1     10127 3.97838E-06-9.81153E-08 7.30098E-09-6.47294E-07 2.42874E-06-1.49304E-05
 -1     10128 5.53314E-06-1.36005E-06-2.63042E-06-2.61366E-07-4.05135E-06-2.03375E-05
 -1     10129 6.12306E-06-8.79069E-07-4.12085E-06 9.69557E-08-1.48358E-06-2.93112E-05
 -1     10130 6.36938E-06-9.22420E-07-4.23574E-06 5.46232E-08-5.18807E-07-2.92667E-05
 -1     10131 6.22620E-06-8.97680E-07-4.11550E-06 1.79461E-08-3.11253E-08-2.79571E-05
 -1     10132 6.13951E-06-8.99840E-07-4.02889E-06 2.84704E-09 4.96090E-08-2.59037E-05
 -1     10133 6.10890E-06-9.02879E-07-3.99890E-06 1.58403E-09 4.78876E-08-2.32741E-05
 -1     10134 6.10626E-06-8.95883E-07-4.01144E-06-6.31493E-09-1.58754E-07-2.00052E-05
 -1     10135 6.13051E-06-9.26453E-07-4.04891E-06-1.43236E-08 1.04634E-06-1.77176E-05
 -1     10136 5.12820E-05-1.50244E-06 3.85549E-06 9.91216E-06-2.54957E-06-1.76463E-05
 -1     10137 6.78500E-05-2.07099E-05-2.41915E-05 3.75216E-06 3.70660E-06-1.78140E-05
 -1     10138 5.60075E-05-1.40392E-05-2.11945E-05-1.18197E-06 7.00249E-07-2.07869E-05
 -1     10139 4.66233E-05-1.25860E-05-1.77546E-05-7.99907E-07 3.47286E-07-2.13759E-05
 -1     10140 3.70270E-05-9.57030E-06-1.46170E-05-3.71244E-07 1.36863E-09-2.05823E-05
 -1     10141 2.75129E-05-6.70824E-06-1.16991E-05-1.74170E-07-5.04156E-08-1.90963E-05
 -1     10142 1.90408E-05-3.88525E-06-9.26934E-06-2.24637E-09-2.03356E-08-1.74599E-05
 -1     10143 1.41524E-05-2.05603E-06-9.05024E-06-4.07288E-07-4.07383E-08-1.56663E-05
 -1     10144 1.00649E-05 1.14328E-06-4.34272E-06-1.19348E-06-9.43297E-07-1.44330E-05
 -1     10145 4.41312E-05 7.87990E-07 4.08089E-06 6.71274E-06 3.58713E-07-2.62911E-05
 -1     10146 6.72233E-05-1.67776E-05-2.52419E-05 2.84642E-06 1.22055E-06-2.47877E-05
 -1     10147 6.23670E-05-1.62502E-05-2.25057E-05-7.22794E-07 1.12049E-06-2.06158E-05
 -1     10148 4.83906E-05-1.30576E-05-1.79062E-05-7.97621E-07 2.29387E-07-1.87250E-05
 -1     10149 3.72262E-05-9.71373E-06-1.45591E-05-3.86750E-07 3.17763E-08-1.71443E-05
 -1     10150 2.73020E-05-6.67525E-06-1.16007E-05-2.07429E-07-3.67629E-08-1.56729E-05
 -1     10151 1.88320E-05-3.92873E-06-9.17029E-06-1.56072E-07-3.54026E-08-1.41679E-05
 -1     10152 1.28925E-05-1.47359E-06-8.51320E-06-2.68129E-07-1.19566E-08-1.27883E-05
 -1     10153 7.90442E-06 1.65853E-06-4.25210E-06-5.74355E-07-8.10234E-08-1.24681E-05
 -1     10154 4.53730E-05-7.24183E-08 4.30630E-06-8.11034E-20-4.65868E-21-2.80699E-05
 -1     10155 6.55856E-05-1.24907E-05-2.64000E-05-8.23342E-20 1.91112E-20-2.54235E-05
 -1     10156 6.29534E-05-1.63856E-05-2.32275E-05-6.68097E-20-3.99429E-20-2.17212E-05
 -1     10157 4.95339E-05-1.33231E-05-1.82317E-05-4.58192E-20-9.95264E-21-1.83985E-05
 -1     10158 3.74922E-05-9.82642E-06-1.45810E-05 1.41613E-20 4.62096E-20-1.64499E-05
 -1     10159 2.73378E-05-6.69125E-06-1.15875E-05 1.06620E-19 6.70016E-20-1.48530E-05
 -1     10160 1.87492E-05-3.90200E-06-9.18209E-06 1.13423E-19 2.23306E-19-1.33698E-05
 -1     10161 1.30208E-05-1.26927E-06-8.63201E-06 5.52755E-20 2.51767E-19-1.17792E-05
 -1     10162 8.51161E-06 1.23912E-06-4.16148E-06 1.70942E-19 1.17288E-19-1.05898E-05
 -1     10163 4.41312E-05 7.87990E-07 4.08089E-06-6.71274E-06-3.58713E-07-2.62911E-05
 -1     10164 6.72233E-05-1.67776E-05-2.52419E-05-2.84642E-06-1.22055E-06-2.47877E-05
 -1     10165 6.23670E-05-1.62502E-05-2.25057E-05 7.22794E-07-1.12049E-06-2.06158E-05
 -1     10166 4.83906E-05-1.30576E-05-1.79062E-05 7.97621E-07-2.29387E-07-1.87250E-05
 -1     10167 3.72262E-05-9.71373E-06-1.45591E-05 3.86750E-07-3.17763E-08-1.71443E-05
 -1     10168 2.73020E-05-6.67525E-06-1.16007E-05 2.07429E-07 3.67629E-08-1.56729E-05
 -1     10169 1.88320E-05-3.92873E-06-9.17029E-06 1.56072E-07 3.54026E-08-1.41679E-05
 -1     10170 1.28925E-05-1.47359E-06-8.51320E-06 2.68129E-07 1.19566E-08-1.27883E-05
 -1     10171 7.90442E-06 1.65853E-06-4.25210E-06 5.74355E-07 8.10234E-08-1.24681E-05
 -1     10172 5.12820E-05-1.50244E-06 3.85549E-06-9.91216E-06 2.54957E-06-1.76463E-05
 -1     10173 6.78500E-05-2.07099E-05-2.41915E-05-3.75216E-06-3.70660E-06-1.78140E-05
 -1     10174 5.60075E-05-1.40392E-05-2.11945E-05 1.18197E-06-7.00249E-07-2.07869E-05
 -1     10175 4.66233E-05-1.25860E-05-1.77546E-05 7.99907E-07-3.47286E-07-2.13759E-05
 -1     10176 3.70270E-05-9.57030E-06-1.46170E-05 3.71244E-07-1.36863E-09-2.05823E-05
 -1     10177 2.75129E-05-6.70824E-06-1.16991E-05 1.74170E-07 5.04156E-08-1.90963E-05
 -1     10178 1.90408E-05-3.88525E-06-9.26934E-06 2.24637E-09 2.03356E-08-1.74599E-05
 -1     10179 1.41524E-05-2.05603E-06-9.05024E-06 4.07288E-07 4.07383E-08-1.56663E-05
 -1     10180 1.00649E-05 1.14328E-06-4.34272E-06 1.19348E-06 9.43297E-07-1.44330E-05
 -1     10181 1.35506E-04-2.10181E-06-1.69666E-05 2.22953E-05-2.16699E-06-1.91640E-05
 -1     10182 1.42750E-04-4.03171E-05-5.37948E-05 9.54299E-06 3.09063E-06-1.46321E-05
 -1     10183 1.02420E-04-2.73278E-05-3.39518E-05-2.46932E-06-1.69028E-07-1.24649E-05
 -1     10184 8.60283E-05-2.43665E-05-3.05035E-05-2.70938E-06 3.43221E-07-1.38068E-05
 -1     10185 6.61327E-05-1.81302E-05-2.37071E-05-2.49625E-06-1.87998E-08-1.33002E-05
 -1     10186 4.69962E-05-1.23698E-05-1.80580E-05-2.17605E-06-3.75217E-08-1.23177E-05
 -1     10187 2.84641E-05-6.72696E-06-1.27168E-05-2.14734E-06-2.27659E-08-1.16694E-05
 -1     10188 1.03161E-05-1.17136E-06-7.93548E-06-2.16754E-06-1.85380E-07-1.13153E-05
 -1     10189-1.48492E-06 3.40217E-06-7.53263E-07-2.12350E-06-9.02243E-07-1.10767E-05
 -1     10190 1.26961E-04 1.10985E-06-1.74353E-05 1.26263E-05 7.82403E-07-2.82560E-05
 -1     10191 1.42017E-04-3.21641E-05-5.63590E-05 6.64742E-06 5.13695E-07-2.07984E-05
 -1     10192 1.10292E-04-3.02171E-05-3.61332E-05-9.07767E-07 5.98205E-07-1.19583E-05
 -1     10193 8.80643E-05-2.48419E-05-3.07124E-05-2.09968E-06 1.48966E-07-1.13853E-05
 -1     10194 6.64609E-05-1.83845E-05-2.36514E-05-1.76146E-06 3.18606E-08-1.05568E-05
 -1     10195 4.67269E-05-1.23790E-05-1.79042E-05-1.52893E-06-2.73362E-08-9.61573E-06
 -1     10196 2.82933E-05-6.80752E-06-1.25350E-05-1.41697E-06-8.94135E-08-8.94695E-06
 -1     10197 9.24479E-06-1.11246E-06-7.27346E-06-1.42037E-06-9.80148E-10-9.00986E-06
 -1     10198-3.46153E-06 4.12298E-06-7.60021E-07-1.21825E-06-1.58198E-07-9.51120E-06
 -1     10199 1.30739E-04-1.16357E-07-1.79039E-05-1.19855E-19 5.29396E-21-3.04851E-05
 -1     10200 1.39654E-04-2.35919E-05-5.89294E-05-1.30972E-19-2.38228E-20-2.12688E-05
 -1     10201 1.09723E-04-3.03383E-05-3.69348E-05-1.56648E-19 2.27177E-20-1.25871E-05
 -1     10202 8.92412E-05-2.51054E-05-3.10832E-05-1.60830E-19-8.70194E-20-1.12246E-05
 -1     10203 6.67637E-05-1.86036E-05-2.36624E-05-1.65966E-19 1.69817E-19-1.01606E-05
 -1     10204 4.67693E-05-1.24664E-05-1.78656E-05-4.60045E-20 1.98523E-22-9.16587E-06
 -1     10205 2.81692E-05-6.80153E-06-1.24434E-05 1.14694E-19 2.27296E-19-8.60353E-06
 -1     10206 1.03498E-05-1.62387E-06-7.46943E-06 3.10914E-19 1.41190E-19-8.29192E-06
 -1     10207-9.23315E-07 3.46712E-06-7.66783E-07 3.51254E-19-5.69630E-20-7.60315E-06
 -1     10208 1.26961E-04 1.10985E-06-1.74353E-05-1.26263E-05-7.82403E-07-2.82560E-05
 -1     10209 1.42017E-04-3.21641E-05-5.63590E-05-6.64742E-06-5.13695E-07-2.07984E-05
 -1     10210 1.10292E-04-3.02171E-05-3.61332E-05 9.07767E-07-5.98205E-07-1.19583E-05
 -1     10211 8.80643E-05-2.48419E-05-3.07124E-05 2.09968E-06-1.48966E-07-1.13853E-05
 -1     10212 6.64609E-05-1.83845E-05-2.36514E-05 1.76146E-06-3.18606E-08-1.05568E-05
 -1     10213 4.67269E-05-1.23790E-05-1.79042E-05 1.52893E-06 2.73362E-08-9.61573E-06
 -1     10214 2.82933E-05-6.80752E-06-1.25350E-05 1.41697E-06 8.94135E-08-8.94695E-06
 -1     10215 9.24479E-06-1.11246E-06-7.27346E-06 1.42037E-06 9.80148E-10-9.00986E-06
 -1     10216-3.46153E-06 4.12298E-06-7.60021E-07 1.21825E-06 1.58198E-07-9.51120E-06
 -1     10217 1.35506E-04-2.10181E-06-1.69666E-05-2.22953E-05 2.16699E-06-1.91640E-05
 -1     10218 1.42750E-04-4.03171E-05-5.37948E-05-9.54299E-06-3.09063E-06-1.46321E-05
 -1     10219 1.02420E-04-2.73278E-05-3.39518E-05 2.46932E-06 1.69028E-07-1.24649E-05
 -1     10220 8.60283E-05-2.43665E-05-3.05035E-05 2.70938E-06-3.43221E-07-1.38068E-05
 -1     10221 6.61327E-05-1.81302E-05-2.37071E-05 2.49625E-06 1.87998E-08-1.33002E-05
 -1     10222 4.69962E-05-1.23698E-05-1.80580E-05 2.17605E-06 3.75217E-08-1.23177E-05
 -1     10223 2.84641E-05-6.72696E-06-1.27168E-05 2.14734E-06 2.27659E-08-1.16694E-05
 -1     10224 1.03161E-05-1.17136E-06-7.93548E-06 2.16754E-06 1.85380E-07-1.13153E-05
 -1     10225-1.48492E-06 3.40217E-06-7.53263E-07 2.12350E-06 9.02243E-07-1.10767E-05
 -3
    1PSTEP                         4           1           1          
  100CL  101 1.000000000         225                     0    1           1
 -4  FORC        4    1
 -5  F1          1    2    1    0
 -5  F2          1    2    2    0
 -5  F3          1    2    3    0
 -5  ALL         1    2    0    0    1ALL
 -1     10001 4.81632E+01 1.50723E+01 1.42371E+01
 -1     10002-6.18949E-15-2.19382E-14-2.60555E-15
 -1     10003-7.88397E-14-1.25139E-14-8.43284E-14
 -1     10004 2.16355E-14-4.75409E-14-2.75786E-14
 -1     10005-2.27943E-14-6.71588E-14-5.07858E-14
 -1     10006-4.74551E-14-6.40987E-14-2.04848E-13
 -1     10007 7.11098E-14-6.53609E-14-2.07072E-13
 -1     10008-9.01501E-14 2.19234E-13-8.13342E-14
 -1     10009 4.96295E+00 9.97093E-01-1.86773E+00
 -1     10010 8.64909E+01 6.03732E+00 3.07220E+01
 -1     10011 2.69645E-14-2.84495E-14-8.56953E-15
 -1     10012-1.61440E-13-4.70349E-14 1.33841E-13
 -1     10013 1.82562E-13-4.86960E-14 5.37417E-14
 -1     10014 3.96003E-14 1.61605E-14 3.20579E-13
 -1     10015 5.15143E-14-9.72393E-14 5.37013E-13
 -1     10016 5.22464E-13-2.40557E-13 3.17150E-13
 -1     10017 1.85255E-13-2.71601E-13 8.19969E-13
 -1     10018 1.10136E+01 5.55351E-01-3.70988E+00
 -1     10019 8.79655E+01 9.21051E-15 3.20393E+01
 -1     10020 3.50969E-14-1.36076E-14 5.38042E-14
 -1     10021-6.88616E-14 2.59493E-15 2.85223E-14
 -1     10022 1.47507E-13-4.79864E-14 2.97793E-13
 -1     10023 1.15311E-13 6.82594E-14 1.99675E-13
 -1     10024 1.45939E-13 8.66063E-14 2.51653E-13
 -1     10025-8.78533E-14 3.18294E-14-1.52671E-13
 -1     10026-2.06349E-13 4.83120E-15 7.60298E-13
 -1     10027 9.94442E+00-1.22747E-13-2.70580E+00
 -1     10028 8.64909E+01-6.03732E+00 3.07220E+01
 -1     10029-3.68594E-14 2.82005E-14 5.69423E-14
 -1     10030 5.98965E-14 1.77890E-15 5.71435E-14
 -1     10031 3.66235E-14-1.36130E-14-9.27106E-14
 -1     10032 1.07941E-13-6.88609E-15 1.85562E-13
 -1     10033-1.94289E-14-4.17558E-14 3.51507E-14
 -1     10034-1.75623E-14-1.56893E-13 4.23468E-13
 -1     10035 4.31669E-14-2.43074E-14-2.79898E-13
 -1     10036 1.10136E+01-5.55351E-01-3.70988E+00
 -1     10037 4.81632E+01-1.50723E+01 1.42371E+01
 -1     10038-5.35127E-14 3.55792E-15-4.56440E-14
 -1     10039 3.01981E-14 5.24071E-15-9.97813E-15
 -1     10040-1.00420E-13 4.32553E-14-1.85386E-13
 -1     10041 9.12048E-14-5.52245E-14-2.33938E-13
 -1     10042 5.04319E-14-1.93964E-14-1.40929E-13
 -1     10043 2.33147E-15 7.63617E-14-2.33549E-13
 -1     10044-1.41914E-13 6.06667E-14-4.21746E-13
 -1     10045 4.96295E+00-9.97093E-01-1.86773E+00
 -1     10046 4.53388E+01 1.61842E+01 1.65199E+00
 -1     10047-4.10505E-14 1.56802E-14 4.56926E-15
 -1     10048-4.03844E-14-4.49744E-14 1.40096E-13
 -1     10049 1.98452E-14-2.90998E-14 2.80422E-13
 -1     10050 8.37941E-14 8.77911E-15 2.09815E-14
 -1     10051-1.16365E-13-6.72017E-14-5.89390E-13
 -1     10052 1.48978E-13-1.24353E-13 1.51780E-13
 -1     10053-8.22259E-14-6.32641E-14-5.56385E-13
 -1     10054 3.12967E+00 1.85466E+00-6.21347E+00
 -1     10055 7.57926E+01 6.85273E+00 9.64065E+00
 -1     10056 7.77156E-16-6.57981E-15-1.15290E-13
 -1     10057 7.18037E-14-3.32841E-14 5.49734E-14
 -1     10058-1.45717E-14 3.36749E-14 3.12233E-13
 -1     10059 1.57485E-13-8.22698E-14 5.26747E-13
 -1     10060 2.28331E-13-3.30465E-14 1.07156E-12
 -1     10061 3.42629E-13 1.52290E-13 4.98740E-13
 -1     10062-1.38958E-13-1.45414E-13-1.31759E-13
 -1     10063 8.49165E+00 5.41499E-01-1.18172E+01
 -1     10064 7.54823E+01 5.13409E-14 1.21185E+01
 -1     10065 5.48450E-14 3.64986E-15 4.79408E-14
 -1     10066 1.60927E-13 1.35295E-14 4.42285E-14
 -1     10067 3.38007E-13-2.01222E-14-7.04055E-14
 -1     10068 9.84768E-14 6.53455E-14-2.04958E-14
 -1     10069 2.00714E-13 1.59052E-16-1.53568E-13
 -1     10070-4.87568E-13 7.06328E-14-5.70762E-13
 -1     10071-1.38556E-13 1.25195E-14 9.39915E-13
 -1     10072 7.98654E+00 8.23907E-15-1.00049E+01
 -1     10073 7.57926E+01-6.85273E+00 9.64065E+00
 -1     10074-8.32390E-14-2.28654E-14 3.62904E-14
 -1     10075 8.15736E-14-2.96122E-14-6.52395E-14
 -1     10076-2.04836E-14-9.38430E-14 2.22610E-13
 -1     10077 6.52811E-14 2.57391E-14 3.18676E-13
 -1     10078-9.50073E-14-8.83004E-14 8.12241E-13
 -1     10079 4.79061E-14 2.95903E-13 9.13613E-13
 -1     10080 1.45842E-13 4.35810E-14 2.29254E-12
 -1     10081 8.49165E+00-5.41499E-01-1.18172E+01
 -1     10082 4.53388E+01-1.61842E+01 1.65199E+00
 -1     10083-2.17604E-14-8.52790E-15 1.01238E-14
 -1     10084-4.77396E-15 3.12129E-14 3.56035E-14
 -1     10085 4.97380E-14 8.93220E-16-1.04708E-13
 -1     10086 3.11973E-14 2.87470E-14 7.82610E-13
 -1     10087 7.74936E-14-2.66445E-14 1.32082E-13
 -1     10088-1.18960E-13 5.28779E-14 3.93338E-13
 -1     10089 8.03246E-14-1.47221E-13 8.42937E-14
 -1     10090 3.12967E+00-1.85466E+00-6.21347E+00
 -1     10091-3.31377E+00-1.20373E+00 2.06806E+00
 -1     10092 3.08087E-15-1.13451E-15 1.62179E-14
 -1     10093 1.74583E-14 3.71838E-15 2.52853E-14
 -1     10094 2.33424E-14-3.35895E-14 8.08208E-14
 -1     10095-5.44009E-15-1.86342E-14-2.63400E-14
 -1     10096-3.91492E-14 4.41693E-15-7.93823E-13
 -1     10097 5.62050E-14 5.81824E-14 1.11220E-13
 -1     10098-1.04527E-13-9.85193E-15-1.75091E-13
 -1     10099 3.53400E+00 2.66952E-02-9.17870E+00
 -1     10100-5.52683E+00-4.81549E-01 1.10474E+01
 -1     10101-2.22322E-14 1.13286E-14 3.20195E-14
 -1     10102 5.39846E-14-3.71166E-14-3.52739E-14
 -1     10103 3.45557E-14-4.74286E-14 1.75044E-13
 -1     10104-3.18773E-14-1.45377E-13 6.21031E-13
 -1     10105 2.57711E-14-6.37667E-14 2.61426E-13
 -1     10106 2.55171E-13-1.10575E-13-1.04632E-13
 -1     10107-5.18613E-14-1.09673E-13-3.85181E-13
 -1     10108 7.09514E+00 1.11545E-02-1.74148E+01
 -1     10109-5.47935E+00 5.43818E-14 1.37934E+01
 -1     10110 1.15463E-14-9.82721E-16 1.23776E-13
 -1     10111-6.42264E-14-1.90742E-14-1.92554E-14
 -1     10112 3.91076E-14-3.88336E-14 2.27887E-13
 -1     10113-1.21736E-13-2.51071E-14 1.33206E-13
 -1     10114 2.43555E-14-2.48616E-14 3.27915E-13
 -1     10115-1.37085E-13 1.89782E-13 9.80258E-13
 -1     10116 2.41474E-14 1.20369E-13 4.77145E-13
 -1     10117 7.09616E+00 2.12746E-13-1.54391E+01
 -1     10118-5.52683E+00 4.81549E-01 1.10474E+01
 -1     10119-2.42584E-14-7.18176E-16 6.85736E-14
 -1     10120-4.19109E-14-3.66100E-14 2.49571E-13
 -1     10121-3.03091E-14-4.84710E-14-3.54959E-14
 -1     10122-1.13687E-13-9.99070E-14 4.52850E-13
 -1     10123-1.89848E-14-1.61871E-13 7.57640E-13
 -1     10124-9.15934E-16 2.41396E-13-9.19632E-13
 -1     10125 2.36616E-14 1.06178E-14 7.87467E-13
 -1     10126 7.09514E+00-1.11545E-02-1.74148E+01
 -1     10127-3.31377E+00 1.20373E+00 2.06806E+00
 -1     10128 5.66214E-15 1.89432E-15-2.16493E-14
 -1     10129-2.62013E-14 1.00562E-14-2.79915E-14
 -1     10130-2.44249E-14-5.71553E-14-2.78944E-14
 -1     10131-1.04028E-13-1.22502E-14-2.44790E-13
 -1     10132 1.09579E-13 9.54532E-16-2.72282E-14
 -1     10133-1.46549E-14-1.42315E-14 1.67241E-13
 -1     10134-1.08247E-14-1.55549E-13 2.05455E-13
 -1     10135 3.53400E+00-2.66952E-02-9.17870E+00
 -1     10136-5.23902E+01-1.86936E+01 3.01950E+00
 -1     10137 8.86791E-15 2.90566E-16 5.42275E-15
 -1     10138 6.51007E-14 7.37821E-15 2.12608E-14
 -1     10139-6.46289E-14 3.94157E-14-1.04743E-13
 -1     10140-1.04083E-15 5.00620E-15 3.44908E-13
 -1     10141-2.40086E-14 1.67242E-14-1.39021E-14
 -1     10142 1.68129E-13-5.60419E-14-1.34056E-13
 -1     10143-6.30052E-15 1.79360E-13-3.44672E-13
 -1     10144 3.93815E+00-1.80025E+00-6.23245E+00
 -1     10145-8.77561E+01-7.77199E+00 1.23582E+01
 -1     10146 2.26208E-15 8.10766E-15-1.13475E-13
 -1     10147-5.96329E-14-1.06881E-14 1.03910E-15
 -1     10148 4.81698E-14 8.50773E-15 2.70676E-13
 -1     10149-7.87009E-14-7.89661E-14 5.16167E-13
 -1     10150-1.70475E-13 1.33858E-13 1.34906E-13
 -1     10151 1.73972E-13 2.67925E-14-2.38497E-13
 -1     10152 1.79641E-13 7.27795E-14 5.30891E-13
 -1     10153 5.70074E+00-5.19224E-01-1.18561E+01
 -1     10154-8.73212E+01 8.15155E-14 1.48546E+01
 -1     10155 2.14412E-14 1.38604E-15 1.16726E-13
 -1     10156 4.56857E-14-2.19822E-14-1.26042E-13
 -1     10157-6.88338E-15 6.58193E-14 4.87190E-13
 -1     10158-2.14433E-13-5.62859E-14 2.87482E-13
 -1     10159 9.03722E-14-1.49312E-14 8.28160E-13
 -1     10160 4.00166E-14 1.16182E-13 4.30007E-13
 -1     10161-1.22499E-13 1.87216E-14 8.17652E-13
 -1     10162 6.21219E+00 3.62036E-13-1.00466E+01
 -1     10163-8.77561E+01 7.77199E+00 1.23582E+01
 -1     10164-2.19547E-14 1.76205E-15 2.99240E-14
 -1     10165 6.10206E-14 2.47480E-15-1.62901E-13
 -1     10166 1.77039E-13-2.52990E-14 1.59640E-13
 -1     10167 2.03365E-13 5.00067E-15 5.43020E-13
 -1     10168 3.68039E-14-1.48525E-13 6.75102E-13
 -1     10169-2.61111E-14-5.73810E-14 6.57176E-13
 -1     10170-3.07497E-13 4.92297E-14 2.03533E-12
 -1     10171 5.70074E+00 5.19224E-01-1.18561E+01
 -1     10172-5.23902E+01 1.86936E+01 3.01950E+00
 -1     10173 1.42386E-14 1.14258E-14-2.62568E-14
 -1     10174-3.02536E-14 2.02438E-14 1.36557E-14
 -1     10175 4.24105E-14-9.44323E-14-3.99680E-14
 -1     10176-2.96985E-14-3.47222E-14-1.18530E-13
 -1     10177-9.04832E-14-9.96009E-14 2.51549E-13
 -1     10178-1.21569E-14 7.96065E-14-5.49602E-13
 -1     10179-1.13742E-13 1.88563E-13 2.44534E-13
 -1     10180 3.93815E+00 1.80025E+00-6.23245E+00
 -1     10181-5.35888E+01-1.65191E+01 1.58032E+01
 -1     10182 2.00812E-14 1.38162E-14-3.12500E+00
 -1     10183 3.09891E-14 1.46382E-14-3.12500E+00
 -1     10184 1.72501E-14-1.10954E-14-3.12500E+00
 -1     10185-5.37209E-14 6.80803E-15-3.12500E+00
 -1     10186-6.95000E-14-4.31801E-14-3.12500E+00
 -1     10187 7.48013E-14-2.38204E-14-3.12500E+00
 -1     10188 8.25104E-14 9.85019E-15-3.12500E+00
 -1     10189-1.45212E+00-9.68378E-01-3.47340E+00
 -1     10190-9.63006E+01-6.47724E+00 3.37596E+01
 -1     10191 2.42584E-14-3.51672E-15-6.25000E+00
 -1     10192 8.65003E-14 1.62606E-14-6.25000E+00
 -1     10193-7.52592E-14 1.93086E-14-6.25000E+00
 -1     10194 1.78420E-13 7.63387E-15-6.25000E+00
 -1     10195-3.04964E-14-7.81677E-14-6.25000E+00
 -1     10196-8.55635E-14 1.81485E-13-6.25000E+00
 -1     10197 2.52812E-13-1.27912E-13-6.25000E+00
 -1     10198-3.96380E+00-5.45726E-01-6.92063E+00
 -1     10199-9.77141E+01 5.79233E-14 3.50627E+01
 -1     10200-9.27036E-15 3.38098E-15-6.25000E+00
 -1     10201 1.42789E-13-3.18616E-14-6.25000E+00
 -1     10202-1.16157E-14-3.87853E-14-6.25000E+00
 -1     10203-6.35950E-14-1.52270E-14-6.25000E+00
 -1     10204 3.79807E-13-4.56178E-14-6.25000E+00
 -1     10205-2.54768E-13 4.96519E-14-6.25000E+00
 -1     10206-1.24137E-14 1.57467E-14-6.25000E+00
 -1     10207-2.89102E+00 3.40956E-13-5.91897E+00
 -1     10208-9.63006E+01 6.47724E+00 3.37596E+01
 -1     10209 9.86711E-15 1.08854E-15-6.25000E+00
 -1     10210 3.33622E-14-6.06557E-15-6.25000E+00
 -1     10211-4.75592E-14 1.02030E-14-6.25000E+00
 -1     10212-8.55566E-14-6.17119E-14-6.25000E+00
 -1     10213 2.16188E-13 4.01492E-14-6.25000E+00
 -1     10214 1.43038E-13 1.07301E-14-6.25000E+00
 -1     10215 8.89983E-14-1.33752E-13-6.25000E+00
 -1     10216-3.96380E+00 5.45726E-01-6.92063E+00
 -1     10217-5.35888E+01 1.65191E+01 1.58032E+01
 -1     10218 8.71525E-15 9.07260E-16-3.12500E+00
 -1     10219 1.21014E-14-1.22211E-14-3.12500E+00
 -1     10220 7.96030E-14-2.25783E-14-3.12500E+00
 -1     10221-1.65090E-13-4.66641E-15-3.12500E+00
 -1     10222 1.31867E-13-4.16897E-15-3.12500E+00
 -1     10223 2.67009E-14-4.51644E-14-3.12500E+00
 -1     10224 2.63845E-13 1.89930E-13-3.12500E+00
 -1     10225-1.45212E+00 9.68378E-01-3.47340E+00
 -3
    1PSTEP                         5           1           1          
  100CL  101 1.000000000         225                     0    1           1
 -4  ERROR       1    1
 -5  STR(%)      1    1    0    0
 -1     10001 3.84708E+01
 -1     10002 3.84708E+01
 -1     10003 3.40855E+01
 -1     10004 3.02148E+01
 -1     10005 2.88826E+01
 -1     10006 3.00817E+01
 -1     10007 3.00817E+01
 -1     10008 4.05899E+01
 -1     10009 4.05899E+01
 -1     10010 3.84708E+01
 -1     10011 3.84708E+01
 -1     10012 3.40855E+01
 -1     10013 3.02148E+01
 -1     10014 2.91722E+01
 -1     10015 3.00817E+01
 -1     10016 3.00817E+01
 -1     10017 4.92071E+01
 -1     10018 4.92071E+01
 -1     10019 3.66466E+01
 -1     10020 3.66466E+01
 -1     10021 2.86380E+01
 -1     10022 2.91722E+01
 -1     10023 2.91722E+01
 -1     10024 2.83727E+01
 -1     10025 2.83727E+01
 -1     10026 4.92071E+01
 -1     10027 4.92071E+01
 -1     10028 3.84708E+01
 -1     10029 3.84708E+01
 -1     10030 3.40855E+01
 -1     10031 3.02148E+01
 -1     10032 2.91722E+01
 -1     10033 3.00817E+01
 -1     10034 3.00817E+01
 -1     10035 4.92071E+01
 -1     10036 4.92071E+01
 -1     10037 3.84708E+01
 -1     10038 3.84708E+01
 -1     10039 3.40855E+01
 -1     10040 3.02148E+01
 -1     10041 2.88826E+01
 -1     10042 3.00817E+01
 -1     10043 3.00817E+01
 -1     10044 4.05899E+01
 -1     10045 4.05899E+01
 -1     10046 6.38382E+01
 -1     10047 6.38382E+01
 -1     10048 5.26005E+01
 -1     10049 4.63722E+01
 -1     10050 3.88446E+01
 -1     10051 3.39459E+01
 -1     10052 3.00817E+01
 -1     10053 4.05899E+01
 -1     10054 4.05899E+01
 -1     10055 6.38382E+01
 -1     10056 6.38382E+01
 -1     10057 5.26005E+01
 -1     10058 4.87825E+01
 -1     10059 3.88923E+01
 -1     10060 3.39459E+01
 -1     10061 3.00817E+01
 -1     10062 4.92071E+01
 -1     10063 4.92071E+01
 -1     10064 4.72305E+01
 -1     10065 4.80940E+01
 -1     10066 4.87825E+01
 -1     10067 4.87825E+01
 -1     10068 3.88923E+01
 -1     10069 3.25997E+01
 -1     10070 2.83727E+01
 -1     10071 4.92071E+01
 -1     10072 4.92071E+01
 -1     10073 6.38382E+01
 -1     10074 6.38382E+01
 -1     10075 5.26005E+01
 -1     10076 4.87825E+01
 -1     10077 3.88923E+01
 -1     10078 3.39459E+01
 -1     10079 3.00817E+01
 -1     10080 4.92071E+01
 -1     10081 4.92071E+01
 -1     10082 6.38382E+01
 -1     10083 6.38382E+01
 -1     10084 5.26005E+01
 -1     10085 4.63722E+01
 -1     10086 3.88446E+01
 -1     10087 3.39459E+01
 -1     10088 3.00817E+01
 -1     10089 4.05899E+01
 -1     10090 4.05899E+01
 -1     10091 6.38382E+01
 -1     10092 6.38382E+01
 -1     10093 5.26005E+01
 -1     10094 4.63722E+01
 -1     10095 3.88446E+01
 -1     10096 3.39459E+01
 -1     10097 2.53961E+01
 -1     10098 2.29231E+01
 -1     10099 2.29231E+01
 -1     10100 6.38382E+01
 -1     10101 6.38382E+01
 -1     10102 5.26005E+01
 -1     10103 4.87825E+01
 -1     10104 3.88923E+01
 -1     10105 3.39459E+01
 -1     10106 2.53961E+01
 -1     10107 2.29231E+01
 -1     10108 2.29231E+01
 -1     10109 4.72305E+01
 -1     10110 4.80940E+01
 -1     10111 4.87825E+01
 -1     10112 4.87825E+01
 -1     10113 3.88923E+01
 -1     10114 3.25997E+01
 -1     10115 2.28847E+01
 -1     10116 1.97677E+01
 -1     10117 1.97677E+01
 -1     10118 6.38382E+01
 -1     10119 6.38382E+01
 -1     10120 5.26005E+01
 -1     10121 4.87825E+01
 -1     10122 3.88923E+01
 -1     10123 3.39459E+01
 -1     10124 2.53961E+01
 -1     10125 2.29231E+01
 -1     10126 2.29231E+01
 -1     10127 6.38382E+01
 -1     10128 6.38382E+01
 -1     10129 5.26005E+01
 -1     10130 4.63722E+01
 -1     10131 3.88446E+01
 -1     10132 3.39459E+01
 -1     10133 2.53961E+01
 -1     10134 2.29231E+01
 -1     10135 2.29231E+01
 -1     10136 5.54950E+01
 -1     10137 5.54950E+01
 -1     10138 5.14278E+01
 -1     10139 4.37439E+01
 -1     10140 3.79645E+01
 -1     10141 3.29185E+01
 -1     10142 2.46222E+01
 -1     10143 6.55767E+01
 -1     10144 6.55767E+01
 -1     10145 5.54950E+01
 -1     10146 5.54950E+01
 -1     10147 5.14278E+01
 -1     10148 4.59574E+01
 -1     10149 3.82547E+01
 -1     10150 3.29185E+01
 -1     10151 2.46222E+01
 -1     10152 6.55767E+01
 -1     10153 6.55767E+01
 -1     10154 4.31521E+01
 -1     10155 4.64757E+01
 -1     10156 4.64757E+01
 -1     10157 4.59574E+01
 -1     10158 3.82547E+01
 -1     10159 3.23235E+01
 -1     10160 2.28847E+01
 -1     10161 5.38686E+01
 -1     10162 5.38686E+01
 -1     10163 5.54950E+01
 -1     10164 5.54950E+01
 -1     10165 5.14278E+01
 -1     10166 4.59574E+01
 -1     10167 3.82547E+01
 -1     10168 3.29185E+01
 -1     10169 2.46222E+01
 -1     10170 6.55767E+01
 -1     10171 6.55767E+01
 -1     10172 5.54950E+01
 -1     10173 5.54950E+01
 -1     10174 5.14278E+01
 -1     10175 4.37439E+01
 -1     10176 3.79645E+01
 -1     10177 3.29185E+01
 -1     10178 2.46222E+01
 -1     10179 6.55767E+01
 -1     10180 6.55767E+01
 -1     10181 3.60922E+01
 -1     10182 3.60922E+01
 -1     10183 2.86684E+01
 -1     10184 2.44853E+01
 -1     10185 2.20165E+01
 -1     10186 2.04593E+01
 -1     10187 1.80531E+01
 -1     10188 6.55767E+01
 -1     10189 6.55767E+01
 -1     10190 3.60922E+01
 -1     10191 3.60922E+01
 -1     10192 2.86684E+01
 -1     10193 2.44853E+01
 -1     10194 2.24032E+01
 -1     10195 2.04593E+01
 -1     10196 1.80531E+01
 -1     10197 6.55767E+01
 -1     10198 6.55767E+01
 -1     10199 3.41899E+01
 -1     10200 3.41899E+01
 -1     10201 2.32734E+01
 -1     10202 2.29906E+01
 -1     10203 2.24032E+01
 -1     10204 1.98542E+01
 -1     10205 1.68224E+01
 -1     10206 5.38686E+01
 -1     10207 5.38686E+01
 -1     10208 3.60922E+01
 -1     10209 3.60922E+01
 -1     10210 2.86684E+01
 -1     10211 2.44853E+01
 -1     10212 2.24032E+01
 -1     10213 2.04593E+01
 -1     10214 1.80531E+01
 -1     10215 6.55767E+01
 -1     10216 6.55767E+01
 -1     10217 3.60922E+01
 -1     10218 3.60922E+01
 -1     10219 2.86684E+01
 -1     10220 2.44853E+01
 -1     10221 2.20165E+01
 -1     10222 2.04593E+01
 -1     10223 1.80531E+01
 -1     10224 6.55767E+01
 -1     10225 6.55767E+01
 -3
    1PSTEP                         6           1           2          
  100CL  102 2.000000000         225                     0    2           1
 -4  DISP        4    1
 -5  D1          1    2    1    0
 -5  D2          1    2    2    0
 -5  D3          1    2    3    0
 -5  ALL         1    2    0    0    1ALL
 -1     10001 0.00000E+00 0.00000E+00 0.00000E+00
 -1     10002-4.93451E-04-2.14019E-04-3.37813E-04
 -1     10003-8.55841E-04-1.93743E-04-8.01474E-04
 -1     10004-1.14216E-03-1.56562E-04-1.47244E-03
 -1     10005-1.35647E-03-1.09465E-04-2.26613E-03
 -1     10006-1.49808E-03-6.72238E-05-3.14476E-03
 -1     10007-1.57499E-03-3.10854E-05-4.06931E-03
 -1     10008-1.59792E-03 6.75325E-07-5.00954E-03
 -1     10009-1.57798E-03 3.00562E-05-5.96492E-03
 -1     10010 0.00000E+00 0.00000E+00 0.00000E+00
 -1     10011-4.62945E-04-7.97594E-05-4.03256E-04
 -1     10012-8.60958E-04-1.00179E-04-8.74835E-04
 -1     10013-1.15882E-03-7.86752E-05-1.53037E-03
 -1     10014-1.37543E-03-5.54642E-05-2.30750E-03
 -1     10015-1.51546E-03-3.40879E-05-3.17042E-03
 -1     10016-1.59048E-03-1.57898E-05-4.08163E-03
 -1     10017-1.61228E-03 6.82872E-07-5.01059E-03
 -1     10018-1.59156E-03 1.52657E-05-5.95647E-03
 -1     10019 0.00000E+00 0.00000E+00 0.00000E+00
 -1     10020-4.72414E-04 4.79647E-19-4.20330E-04
 -1     10021-8.53536E-04-2.79304E-18-8.96802E-04
 -1     10022-1.15842E-03-8.20439E-18-1.54956E-03
 -1     10023-1.37652E-03-1.51246E-17-2.32144E-03
 -1     10024-1.51720E-03-2.27405E-17-3.17932E-03
 -1     10025-1.59240E-03-3.20357E-17-4.08591E-03
 -1     10026-1.61389E-03-4.10354E-17-5.01099E-03
 -1     10027-1.59210E-03-5.14996E-17-5.95088E-03
 -1     10028 0.00000E+00 0.00000E+00 0.00000E+00
 -1     10029-4.62945E-04 7.97594E-05-4.03256E-04
 -1     10030-8.60958E-04 1.00179E-04-8.74835E-04
 -1     10031-1.15882E-03 7.86752E-05-1.53037E-03
 -1     10032-1.37543E-03 5.54642E-05-2.30750E-03
 -1     10033-1.51546E-03 3.40879E-05-3.17042E-03
 -1     10034-1.59048E-03 1.57898E-05-4.08163E-03
 -1     10035-1.61228E-03-6.82872E-07-5.01059E-03
 -1     10036-1.59156E-03-1.52657E-05-5.95647E-03
 -1     10037 0.00000E+00 0.00000E+00 0.00000E+00
 -1     10038-4.93451E-04 2.14019E-04-3.37813E-04
 -1     10039-8.55841E-04 1.93743E-04-8.01474E-04
 -1     10040-1.14216E-03 1.56562E-04-1.47244E-03
 -1     10041-1.35647E-03 1.09465E-04-2.26613E-03
 -1     10042-1.49808E-03 6.72238E-05-3.14476E-03
 -1     10043-1.57499E-03 3.10854E-05-4.06931E-03
 -1     10044-1.59792E-03-6.75325E-07-5.00954E-03
 -1     10045-1.57798E-03-3.00562E-05-5.96492E-03
 -1     10046 0.00000E+00 0.00000E+00 0.00000E+00
 -1     10047-1.84461E-04-1.05638E-04-2.20496E-04
 -1     10048-3.60572E-04-9.82818E-05-7.35500E-04
 -1     10049-4.96916E-04-7.83750E-05-1.41687E-03
 -1     10050-5.98532E-04-5.46686E-05-2.22958E-03
 -1     10051-6.66264E-04-3.35523E-05-3.12270E-03
 -1     10052-7.01650E-04-1.50372E-05-4.06154E-03
 -1     10053-7.04821E-04 1.86415E-06-5.01619E-03
 -1     10054-6.86310E-04 2.03881E-05-5.96075E-03
 -1     10055 0.00000E+00 0.00000E+00 0.00000E+00
 -1     10056-1.59816E-04-4.04861E-05-2.78159E-04
 -1     10057-3.63495E-04-5.18497E-05-8.01732E-04
 -1     10058-5.10280E-04-3.96954E-05-1.47409E-03
 -1     10059-6.13436E-04-2.75834E-05-2.27136E-03
 -1     10060-6.79956E-04-1.67321E-05-3.14918E-03
 -1     10061-7.13841E-04-7.48751E-06-4.07429E-03
 -1     10062-7.16467E-04 9.17312E-07-5.01663E-03
 -1     10063-6.98066E-04 9.21172E-06-5.95231E-03
 -1     10064 0.00000E+00 0.00000E+00 0.00000E+00
 -1     10065-1.61565E-04-1.58968E-18-2.87759E-04
 -1     10066-3.58913E-04-6.32564E-18-8.21488E-04
 -1     10067-5.12133E-04-1.31435E-17-1.49204E-03
 -1     10068-6.16687E-04-2.13859E-17-2.28531E-03
 -1     10069-6.83387E-04-3.02779E-17-3.15829E-03
 -1     10070-7.17036E-04-4.07118E-17-4.07878E-03
 -1     10071-7.19414E-04-5.02189E-17-5.01721E-03
 -1     10072-7.00642E-04-6.08122E-17-5.94833E-03
 -1     10073 0.00000E+00 0.00000E+00 0.00000E+00
 -1     10074-1.59816E-04 4.04861E-05-2.78159E-04
 -1     10075-3.63495E-04 5.18497E-05-8.01732E-04
 -1     10076-5.10280E-04 3.96954E-05-1.47409E-03
 -1     10077-6.13436E-04 2.75834E-05-2.27136E-03
 -1     10078-6.79956E-04 1.67321E-05-3.14918E-03
 -1     10079-7.13841E-04 7.48751E-06-4.07429E-03
 -1     10080-7.16467E-04-9.17312E-07-5.01663E-03
 -1     10081-6.98066E-04-9.21172E-06-5.95231E-03
 -1     10082 0.00000E+00 0.00000E+00 0.00000E+00
 -1     10083-1.84461E-04 1.05638E-04-2.20496E-04
 -1     10084-3.60572E-04 9.82818E-05-7.35500E-04
 -1     10085-4.96916E-04 7.83750E-05-1.41687E-03
 -1     10086-5.98532E-04 5.46686E-05-2.22958E-03
 -1     10087-6.66264E-04 3.35523E-05-3.12270E-03
 -1     10088-7.01650E-04 1.50372E-05-4.06154E-03
 -1     10089-7.04821E-04-1.86415E-06-5.01619E-03
 -1     10090-6.86310E-04-2.03881E-05-5.96075E-03
 -1     10091 0.00000E+00 0.00000E+00 0.00000E+00
 -1     10092 1.17158E-05 3.59879E-06-2.05775E-04
 -1     10093 2.75612E-05 2.20381E-06-7.14360E-04
 -1     10094 4.64344E-05 1.41701E-06-1.41107E-03
 -1     10095 6.45514E-05 1.04190E-06-2.22655E-03
 -1     10096 8.21033E-05 1.00363E-06-3.12495E-03
 -1     10097 9.93744E-05 1.03015E-06-4.06877E-03
 -1     10098 1.16582E-04 1.04961E-06-5.03023E-03
 -1     10099 1.33788E-04 1.05333E-06-5.96109E-03
 -1     10100 0.00000E+00 0.00000E+00 0.00000E+00
 -1     10101 1.12684E-05 1.28663E-06-2.62661E-04
 -1     10102 2.79104E-05 1.29056E-06-7.78538E-04
 -1     10103 4.67364E-05 7.28510E-07-1.46789E-03
 -1     10104 6.46591E-05 5.25470E-07-2.26849E-03
 -1     10105 8.21023E-05 4.98184E-07-3.15170E-03
 -1     10106 9.93548E-05 5.15623E-07-4.08162E-03
 -1     10107 1.16572E-04 5.26252E-07-5.03000E-03
 -1     10108 1.33787E-04 5.27789E-07-5.95259E-03
 -1     10109 0.00000E+00 0.00000E+00 0.00000E+00
 -1     10110 1.13447E-05-3.13708E-18-2.71489E-04
 -1     10111 2.77236E-05-9.32012E-18-7.96211E-04
 -1     10112 4.67850E-05-1.78281E-17-1.48513E-03
 -1     10113 6.46937E-05-2.73354E-17-2.28236E-03
 -1     10114 8.21106E-05-3.76783E-17-3.16084E-03
 -1     10115 9.93498E-05-4.84638E-17-4.08620E-03
 -1     10116 1.16568E-04-5.94549E-17-5.03069E-03
 -1     10117 1.33787E-04-6.95551E-17-5.95009E-03
 -1     10118 0.00000E+00 0.00000E+00 0.00000E+00
 -1     10119 1.12684E-05-1.28663E-06-2.62661E-04
 -1     10120 2.79104E-05-1.29056E-06-7.78538E-04
 -1     10121 4.67364E-05-7.28510E-07-1.46789E-03
 -1     10122 6.46591E-05-5.25470E-07-2.26849E-03
 -1     10123 8.21023E-05-4.98184E-07-3.15170E-03
 -1     10124 9.93548E-05-5.15623E-07-4.08162E-03
 -1     10125 1.16572E-04-5.26252E-07-5.03000E-03
 -1     10126 1.33787E-04-5.27789E-07-5.95259E-03
 -1     10127 0.00000E+00 0.00000E+00 0.00000E+00
 -1     10128 1.17158E-05-3.59879E-06-2.05775E-04
 -1     10129 2.75612E-05-2.20381E-06-7.14360E-04
 -1     10130 4.64344E-05-1.41701E-06-1.41107E-03
 -1     10131 6.45514E-05-1.04190E-06-2.22655E-03
 -1     10132 8.21033E-05-1.00363E-06-3.12495E-03
 -1     10133 9.93744E-05-1.03015E-06-4.06877E-03
 -1     10134 1.16582E-04-1.04961E-06-5.03023E-03
 -1     10135 1.33788E-04-1.05333E-06-5.96109E-03
 -1     10136 0.00000E+00 0.00000E+00 0.00000E+00
 -1     10137 2.07611E-04 1.11551E-04-2.41917E-04
 -1     10138 4.19813E-04 1.01816E-04-7.68717E-04
 -1     10139 5.91402E-04 8.06005E-05-1.45053E-03
 -1     10140 7.28155E-04 5.65723E-05-2.26247E-03
 -1     10141 8.30513E-04 3.55264E-05-3.15496E-03
 -1     10142 9.00361E-04 1.71050E-05-4.09357E-03
 -1     10143 9.37960E-04 2.45601E-07-5.04817E-03
 -1     10144 9.53887E-04-1.82798E-05-5.99272E-03
 -1     10145 0.00000E+00 0.00000E+00 0.00000E+00
 -1     10146 1.82277E-04 4.26610E-05-2.99099E-04
 -1     10147 4.23418E-04 5.39279E-05-8.34213E-04
 -1     10148 6.05196E-04 4.08434E-05-1.50721E-03
 -1     10149 7.43141E-04 2.85314E-05-2.30400E-03
 -1     10150 8.44157E-04 1.77081E-05-3.18138E-03
 -1     10151 9.12504E-04 8.52113E-06-4.10632E-03
 -1     10152 9.49588E-04 1.40626E-07-5.04862E-03
 -1     10153 9.65650E-04-8.15635E-06-5.98429E-03
 -1     10154 0.00000E+00 0.00000E+00 0.00000E+00
 -1     10155 1.84136E-04-4.47174E-18-3.08799E-04
 -1     10156 4.18530E-04-1.21757E-17-8.54031E-04
 -1     10157 6.07172E-04-2.19746E-17-1.52509E-03
 -1     10158 7.46467E-04-3.32884E-17-2.31790E-03
 -1     10159 8.47602E-04-4.54010E-17-3.19046E-03
 -1     10160 9.15687E-04-5.71849E-17-4.11080E-03
 -1     10161 9.52529E-04-6.89620E-17-5.04919E-03
 -1     10162 9.68232E-04-7.93668E-17-5.98032E-03
 -1     10163 0.00000E+00 0.00000E+00 0.00000E+00
 -1     10164 1.82277E-04-4.26610E-05-2.99099E-04
 -1     10165 4.23418E-04-5.39279E-05-8.34213E-04
 -1     10166 6.05196E-04-4.08434E-05-1.50721E-03
 -1     10167 7.43141E-04-2.85314E-05-2.30400E-03
 -1     10168 8.44157E-04-1.77081E-05-3.18138E-03
 -1     10169 9.12504E-04-8.52113E-06-4.10632E-03
 -1     10170 9.49588E-04-1.40626E-07-5.04862E-03
 -1     10171 9.65650E-04 8.15635E-06-5.98429E-03
 -1     10172 0.00000E+00 0.00000E+00 0.00000E+00
 -1     10173 2.07611E-04-1.11551E-04-2.41917E-04
 -1     10174 4.19813E-04-1.01816E-04-7.68717E-04
 -1     10175 5.91402E-04-8.06005E-05-1.45053E-03
 -1     10176 7.28155E-04-5.65723E-05-2.26247E-03
 -1     10177 8.30513E-04-3.55264E-05-3.15496E-03
 -1     10178 9.00361E-04-1.71050E-05-4.09357E-03
 -1     10179 9.37960E-04-2.45601E-07-5.04817E-03
 -1     10180 9.53887E-04 1.82798E-05-5.99272E-03
 -1     10181 0.00000E+00 0.00000E+00 0.00000E+00
 -1     10182 5.32442E-04 2.18857E-04-3.91520E-04
 -1     10183 9.22112E-04 1.94452E-04-8.65059E-04
 -1     10184 1.23870E-03 1.57610E-04-1.53854E-03
 -1     10185 1.48624E-03 1.10952E-04-2.33122E-03
 -1     10186 1.66215E-03 6.91379E-05-3.20913E-03
 -1     10187 1.77358E-03 3.31738E-05-4.13337E-03
 -1     10188 1.83102E-03 1.45951E-06-5.07352E-03
 -1     10189 1.84555E-03-2.79347E-05-6.02889E-03
 -1     10190 0.00000E+00 0.00000E+00 0.00000E+00
 -1     10191 5.01409E-04 8.14656E-05-4.56663E-04
 -1     10192 9.27852E-04 1.01518E-04-9.37224E-04
 -1     10193 1.25563E-03 7.92734E-05-1.59559E-03
 -1     10194 1.50523E-03 5.61851E-05-2.37224E-03
 -1     10195 1.67946E-03 3.50031E-05-3.23471E-03
 -1     10196 1.78902E-03 1.68218E-05-4.14569E-03
 -1     10197 1.84537E-03 3.85798E-07-5.07459E-03
 -1     10198 1.85916E-03-1.42035E-05-6.02046E-03
 -1     10199 0.00000E+00 0.00000E+00 0.00000E+00
 -1     10200 5.10794E-04-5.32816E-18-4.73946E-04
 -1     10201 9.20081E-04-1.42878E-17-9.59136E-04
 -1     10202 1.25550E-03-2.59626E-17-1.61464E-03
 -1     10203 1.50646E-03-3.89484E-17-2.38607E-03
 -1     10204 1.68125E-03-5.29280E-17-3.24357E-03
 -1     10205 1.79093E-03-6.48624E-17-4.14997E-03
 -1     10206 1.84697E-03-7.96504E-17-5.07500E-03
 -1     10207 1.85971E-03-8.91756E-17-6.01488E-03
 -1     10208 0.00000E+00 0.00000E+00 0.00000E+00
 -1     10209 5.01409E-04-8.14656E-05-4.56663E-04
 -1     10210 9.27852E-04-1.01518E-04-9.37224E-04
 -1     10211 1.25563E-03-7.92734E-05-1.59559E-03
 -1     10212 1.50523E-03-5.61851E-05-2.37224E-03
 -1     10213 1.67946E-03-3.50031E-05-3.23471E-03
 -1     10214 1.78902E-03-1.68218E-05-4.14569E-03
 -1     10215 1.84537E-03-3.85798E-07-5.07459E-03
 -1     10216 1.85916E-03 1.42035E-05-6.02046E-03
 -1     10217 0.00000E+00 0.00000E+00 0.00000E+00
 -1     10218 5.32442E-04-2.18857E-04-3.91520E-04
 -1     10219 9.22112E-04-1.94452E-04-8.65059E-04
 -1     10220 1.23870E-03-1.57610E-04-1.53854E-03
 -1     10221 1.48624E-03-1.10952E-04-2.33122E-03
 -1     10222 1.66215E-03-6.91379E-05-3.20913E-03
 -1     10223 1.77358E-03-3.31738E-05-4.13337E-03
 -1     10224 1.83102E-03-1.45951E-06-5.07352E-03
 -1     10225 1.84555E-03 2.79347E-05-6.02889E-03
 -3
    1PSTEP                         7           1           2          
  100CL  102 2.000000000         225                     0    2           1
 -4  STRESS      6    1
 -5  SXX         1    4    1    1
 -5  SYY         1    4    2    2
 -5  SZZ         1    4    3    3
 -5  SXY         1    4    1    2
 -5  SYZ         1    4    2    3
 -5  SZX         1    4    3    1
 -1     10001-4.72974E+01-1.80370E+01-1.47134E+01-4.85823E+00-4.95337E-01-4.01176E+00
 -1     10002-3.77232E+01 7.44683E-01 2.39405E+00-2.05662E+00 7.30297E-01-3.33724E+00
 -1     10003-2.71837E+01-7.84847E-01-6.93163E-01 5.94640E-01-1.21989E-02-3.17607E+00
 -1     10004-2.10549E+01 1.73012E-01 8.91559E-02 6.58410E-01 7.15521E-02-3.38404E+00
 -1     10005-1.49685E+01-3.60728E-02-2.42190E-01 5.88291E-01-1.16483E-02-3.12208E+00
 -1     10006-9.21605E+00-2.04669E-02-1.85539E-01 4.72011E-01-2.30948E-02-2.74806E+00
 -1     10007-4.26323E+00-4.84999E-02-2.40562E-01 3.84097E-01-1.61734E-02-2.31031E+00
 -1     10008-1.18275E-01-1.75470E-01-5.15041E-01 3.22501E-01-1.66900E-02-1.96701E+00
 -1     10009 1.79019E+00-4.73356E-01 7.35568E-01 3.02699E-01-1.32018E-02-1.85812E+00
 -1     10010-4.46527E+01-1.78086E+01-1.37089E+01-2.71905E+00 1.82075E-01-6.05694E+00
 -1     10011-3.84483E+01-1.85964E+00 2.17878E+00-1.42354E+00 1.34384E-01-4.70160E+00
 -1     10012-2.93487E+01-6.70368E-01-6.49019E-01 2.27367E-01 1.49847E-01-3.00224E+00
 -1     10013-2.16825E+01 6.31903E-02-6.98522E-02 4.97240E-01 3.59483E-02-2.78211E+00
 -1     10014-1.49896E+01 1.75108E-02-2.70885E-01 4.11991E-01 1.91409E-03-2.47722E+00
 -1     10015-9.05171E+00 3.76137E-02-1.95447E-01 3.31983E-01-1.10860E-02-2.16036E+00
 -1     10016-4.12034E+00-7.86343E-03-2.26702E-01 2.74990E-01-6.64368E-03-1.80466E+00
 -1     10017-9.34280E-03-1.66542E-01-4.26965E-01 2.45618E-01-1.19883E-02-1.54774E+00
 -1     10018 1.85855E+00-4.84105E-01 7.59540E-01 2.43122E-01 3.92124E-02-1.49418E+00
 -1     10019-4.58358E+01-1.79019E+01-1.39492E+01 5.25135E-14-6.66134E-15-6.53942E+00
 -1     10020-3.85546E+01-4.35076E+00 2.15748E+00 4.87804E-14 1.56333E-14-4.79697E+00
 -1     10021-2.89703E+01-4.45959E-01-2.22128E-01 1.69309E-14 1.74001E-14-3.14655E+00
 -1     10022-2.20141E+01 3.53636E-02-7.13353E-02 2.03448E-14-2.85189E-15-2.74662E+00
 -1     10023-1.50688E+01 6.46578E-02-2.86055E-01 2.45012E-14-6.54685E-15-2.38831E+00
 -1     10024-9.07521E+00 8.27026E-02-2.14810E-01 3.72549E-14 1.43392E-14-2.05955E+00
 -1     10025-4.10720E+00 2.44567E-02-2.34755E-01 2.32245E-14 1.77774E-14-1.70714E+00
 -1     10026 5.04132E-02-1.67814E-01-4.20887E-01-2.41959E-14-5.67948E-15-1.43536E+00
 -1     10027 1.89873E+00-5.19937E-01 6.32100E-01-1.25594E-14 5.40332E-14-1.36797E+00
 -1     10028-4.46527E+01-1.78086E+01-1.37089E+01 2.71905E+00-1.82075E-01-6.05694E+00
 -1     10029-3.84483E+01-1.85964E+00 2.17878E+00 1.42354E+00-1.34384E-01-4.70160E+00
 -1     10030-2.93487E+01-6.70368E-01-6.49019E-01-2.27367E-01-1.49847E-01-3.00224E+00
 -1     10031-2.16825E+01 6.31903E-02-6.98522E-02-4.97240E-01-3.59483E-02-2.78211E+00
 -1     10032-1.49896E+01 1.75108E-02-2.70885E-01-4.11991E-01-1.91409E-03-2.47722E+00
 -1     10033-9.05171E+00 3.76137E-02-1.95447E-01-3.31983E-01 1.10860E-02-2.16036E+00
 -1     10034-4.12034E+00-7.86343E-03-2.26702E-01-2.74990E-01 6.64368E-03-1.80466E+00
 -1     10035-9.34280E-03-1.66542E-01-4.26965E-01-2.45618E-01 1.19883E-02-1.54774E+00
 -1     10036 1.85855E+00-4.84105E-01 7.59540E-01-2.43122E-01-3.92124E-02-1.49418E+00
 -1     10037-4.72974E+01-1.80370E+01-1.47134E+01 4.85823E+00 4.95337E-01-4.01176E+00
 -1     10038-3.77232E+01 7.44683E-01 2.39405E+00 2.05662E+00-7.30297E-01-3.33724E+00
 -1     10039-2.71837E+01-7.84847E-01-6.93163E-01-5.94640E-01 1.21989E-02-3.17607E+00
 -1     10040-2.10549E+01 1.73012E-01 8.91559E-02-6.58410E-01-7.15521E-02-3.38404E+00
 -1     10041-1.49685E+01-3.60728E-02-2.42190E-01-5.88291E-01 1.16483E-02-3.12208E+00
 -1     10042-9.21605E+00-2.04669E-02-1.85539E-01-4.72011E-01 2.30948E-02-2.74806E+00
 -1     10043-4.26323E+00-4.84999E-02-2.40562E-01-3.84097E-01 1.61734E-02-2.31031E+00
 -1     10044-1.18275E-01-1.75470E-01-5.15041E-01-3.22501E-01 1.66900E-02-1.96701E+00
 -1     10045 1.79019E+00-4.73356E-01 7.35568E-01-3.02699E-01 1.32018E-02-1.85812E+00
 -1     10046-1.80205E+01-7.64933E+00-8.79552E+00-2.03332E+00-5.79812E-01-4.02526E+00
 -1     10047-1.64039E+01 6.94741E-01 3.59901E-01-7.58655E-01 8.71521E-01-4.28845E+00
 -1     10048-1.31301E+01-3.29635E-01-2.61172E-01 2.44586E-01 1.74240E-01-5.17401E+00
 -1     10049-1.00892E+01 5.34426E-02-3.58523E-01 1.69860E-01 7.42419E-02-5.19096E+00
 -1     10050-7.22975E+00-3.20649E-02-4.39907E-01 8.34237E-02-1.00449E-02-4.79955E+00
 -1     10051-4.45435E+00-3.88588E-02-4.25942E-01 4.27469E-02-2.79272E-02-4.25489E+00
 -1     10052-1.75968E+00-1.79600E-02-4.60593E-01 3.41936E-02-2.34446E-02-3.68881E+00
 -1     10053 6.00973E-01-9.53386E-02-6.90066E-01 5.62608E-02-1.25243E-02-3.11421E+00
 -1     10054 1.59827E+00-2.69959E-01 6.02804E-01 7.40133E-02-1.39736E-01-2.81643E+00
 -1     10055-1.58806E+01-7.41745E+00-8.14984E+00-1.38136E+00 8.44395E-02-5.95912E+00
 -1     10056-1.66680E+01-4.55688E-01 2.79504E-01-5.78810E-01 2.94773E-01-5.82252E+00
 -1     10057-1.49206E+01-3.25304E-01-3.83200E-01 1.54790E-01 2.65978E-01-5.06601E+00
 -1     10058-1.06337E+01-3.22087E-02-4.88884E-01 1.74081E-01 5.16616E-02-4.53166E+00
 -1     10059-7.24384E+00-1.65023E-02-4.61747E-01 8.85142E-02-7.48369E-05-3.99814E+00
 -1     10060-4.33699E+00-2.97616E-02-4.33161E-01 4.82273E-02-1.78111E-02-3.50593E+00
 -1     10061-1.66971E+00-1.29048E-02-4.55036E-01 3.29863E-02-1.45975E-02-3.01872E+00
 -1     10062 6.43065E-01-7.94833E-02-6.23812E-01 3.64669E-02-1.67273E-02-2.54068E+00
 -1     10063 1.62030E+00-1.89793E-01 6.27323E-01 3.99145E-02-3.44302E-02-2.30596E+00
 -1     10064-1.62447E+01-7.34338E+00-8.30270E+00-1.86379E-14 1.85962E-15-6.34012E+00
 -1     10065-1.65712E+01-1.56206E+00 3.07507E-01-3.70572E-14 9.90874E-15-5.95164E+00
 -1     10066-1.50054E+01-2.64979E-01-1.82060E-01-3.41567E-14 9.20444E-15-5.31131E+00
 -1     10067-1.09534E+01-6.68452E-02-5.01293E-01-4.08250E-14 1.86327E-14-4.45333E+00
 -1     10068-7.31129E+00-1.13700E-02-4.75886E-01-2.10327E-14-1.32117E-14-3.84028E+00
 -1     10069-4.33139E+00-2.24887E-02-4.39464E-01-2.76992E-14-3.01374E-14-3.32531E+00
 -1     10070-1.64600E+00-2.02560E-03-4.57361E-01-1.72007E-14 3.00628E-14-2.85023E+00
 -1     10071 6.73808E-01-5.94054E-02-6.25034E-01-1.26960E-14 1.40703E-14-2.37870E+00
 -1     10072 1.63816E+00-1.20939E-01 5.14345E-01-4.39466E-14 4.34895E-14-2.14636E+00
 -1     10073-1.58806E+01-7.41745E+00-8.14984E+00 1.38136E+00-8.44395E-02-5.95912E+00
 -1     10074-1.66680E+01-4.55688E-01 2.79504E-01 5.78810E-01-2.94773E-01-5.82252E+00
 -1     10075-1.49206E+01-3.25304E-01-3.83200E-01-1.54790E-01-2.65978E-01-5.06601E+00
 -1     10076-1.06337E+01-3.22087E-02-4.88884E-01-1.74081E-01-5.16616E-02-4.53166E+00
 -1     10077-7.24384E+00-1.65023E-02-4.61747E-01-8.85142E-02 7.48369E-05-3.99814E+00
 -1     10078-4.33699E+00-2.97616E-02-4.33161E-01-4.82273E-02 1.78111E-02-3.50593E+00
 -1     10079-1.66971E+00-1.29048E-02-4.55036E-01-3.29863E-02 1.45975E-02-3.01872E+00
 -1     10080 6.43065E-01-7.94833E-02-6.23812E-01-3.64669E-02 1.67273E-02-2.54068E+00
 -1     10081 1.62030E+00-1.89793E-01 6.27323E-01-3.99145E-02 3.44302E-02-2.30596E+00
 -1     10082-1.80205E+01-7.64933E+00-8.79552E+00 2.03332E+00 5.79812E-01-4.02526E+00
 -1     10083-1.64039E+01 6.94741E-01 3.59901E-01 7.58655E-01-8.71521E-01-4.28845E+00
 -1     10084-1.31301E+01-3.29635E-01-2.61172E-01-2.44586E-01-1.74240E-01-5.17401E+00
 -1     10085-1.00892E+01 5.34426E-02-3.58523E-01-1.69860E-01-7.42419E-02-5.19096E+00
 -1     10086-7.22975E+00-3.20649E-02-4.39907E-01-8.34237E-02 1.00449E-02-4.79955E+00
 -1     10087-4.45435E+00-3.88588E-02-4.25942E-01-4.27469E-02 2.79272E-02-4.25489E+00
 -1     10088-1.75968E+00-1.79600E-02-4.60593E-01-3.41936E-02 2.34446E-02-3.68881E+00
 -1     10089 6.00973E-01-9.53386E-02-6.90066E-01-5.62608E-02 1.25243E-02-3.11421E+00
 -1     10090 1.59827E+00-2.69959E-01 6.02804E-01-7.40133E-02 1.39736E-01-2.81643E+00
 -1     10091 1.01600E+00 4.30777E-01 4.36432E-01 7.61045E-02-5.45668E-01-4.09818E+00
 -1     10092 1.04290E+00-4.77598E-02-5.77795E-01 2.36953E-02 9.27651E-01-5.31782E+00
 -1     10093 1.18185E+00-2.11052E-02-1.03481E+00-1.87136E-02 3.32638E-01-7.23642E+00
 -1     10094 1.24142E+00 1.88687E-04-1.05533E+00-7.18372E-03 1.07146E-01-7.00841E+00
 -1     10095 1.18937E+00 4.79529E-03-1.02885E+00-1.51739E-03-6.03234E-03-6.46839E+00
 -1     10096 1.15927E+00 2.85133E-03-1.00820E+00 2.55134E-04-2.80774E-02-5.75720E+00
 -1     10097 1.14739E+00 8.89314E-04-1.00096E+00 1.08995E-04-3.02001E-02-5.06276E+00
 -1     10098 1.14542E+00 5.14544E-05-9.99247E-01-4.63659E-05-1.02695E-02-4.25945E+00
 -1     10099 1.14546E+00-1.19547E-04-9.99091E-01-1.04314E-04-2.66471E-01-3.77482E+00
 -1     10100 9.81586E-01 4.24354E-01 4.23448E-01 4.61946E-02 9.72696E-02-6.03511E+00
 -1     10101 1.07888E+00 8.78508E-03-5.30702E-01 1.68380E-02 3.59651E-01-7.07886E+00
 -1     10102 1.23136E+00-2.65001E-02-9.91280E-01-1.16740E-02 3.92908E-01-7.13838E+00
 -1     10103 1.23656E+00 1.28755E-03-1.03384E+00-6.69541E-03 7.74285E-02-6.23109E+00
 -1     10104 1.17803E+00 2.95748E-03-1.02237E+00-8.79108E-04 1.04579E-03-5.50530E+00
 -1     10105 1.15401E+00 1.88085E-03-1.00709E+00 3.44342E-04-2.16306E-02-4.84711E+00
 -1     10106 1.14697E+00 4.25950E-04-1.00100E+00 1.54980E-04-2.22798E-02-4.23378E+00
 -1     10107 1.14614E+00-1.09904E-04-9.99395E-01-2.91981E-05-2.29784E-02-3.53492E+00
 -1     10108 1.14614E+00-2.03389E-04-9.99289E-01-8.46041E-05-1.07528E-01-3.11854E+00
 -1     10109 9.99832E-01 4.28012E-01 4.29286E-01-7.12902E-14-5.96745E-16-6.41941E+00
 -1     10110 1.08088E+00 6.25840E-02-5.19083E-01-8.05059E-14 2.51188E-15-7.22306E+00
 -1     10111 1.23138E+00-3.79041E-02-9.97851E-01-9.33420E-14 4.74967E-15-7.43566E+00
 -1     10112 1.24655E+00 2.31986E-03-1.02764E+00-7.76358E-14 8.77900E-15-6.12834E+00
 -1     10113 1.17705E+00 2.93081E-03-1.01996E+00-6.89605E-14-1.50747E-15-5.27377E+00
 -1     10114 1.15284E+00 2.30519E-03-1.00602E+00-5.89893E-14-1.33556E-14-4.58733E+00
 -1     10115 1.14662E+00 4.59399E-04-1.00080E+00-5.53273E-14 2.61943E-16-3.99410E+00
 -1     10116 1.14639E+00-1.45266E-04-9.99335E-01-3.86548E-14 2.70530E-14-3.32204E+00
 -1     10117 1.14643E+00-2.86991E-04-9.99376E-01-1.25594E-14 6.39462E-14-2.92345E+00
 -1     10118 9.81586E-01 4.24354E-01 4.23448E-01-4.61946E-02-9.72696E-02-6.03511E+00
 -1     10119 1.07888E+00 8.78508E-03-5.30702E-01-1.68380E-02-3.59651E-01-7.07886E+00
 -1     10120 1.23136E+00-2.65001E-02-9.91280E-01 1.16740E-02-3.92908E-01-7.13838E+00
 -1     10121 1.23656E+00 1.28755E-03-1.03384E+00 6.69541E-03-7.74285E-02-6.23109E+00
 -1     10122 1.17803E+00 2.95748E-03-1.02237E+00 8.79108E-04-1.04579E-03-5.50530E+00
 -1     10123 1.15401E+00 1.88085E-03-1.00709E+00-3.44342E-04 2.16306E-02-4.84711E+00
 -1     10124 1.14697E+00 4.25950E-04-1.00100E+00-1.54980E-04 2.22798E-02-4.23378E+00
 -1     10125 1.14614E+00-1.09904E-04-9.99395E-01 2.91981E-05 2.29784E-02-3.53492E+00
 -1     10126 1.14614E+00-2.03389E-04-9.99289E-01 8.46041E-05 1.07528E-01-3.11854E+00
 -1     10127 1.01600E+00 4.30777E-01 4.36432E-01-7.61045E-02 5.45668E-01-4.09818E+00
 -1     10128 1.04290E+00-4.77598E-02-5.77795E-01-2.36953E-02-9.27651E-01-5.31782E+00
 -1     10129 1.18185E+00-2.11052E-02-1.03481E+00 1.87136E-02-3.32638E-01-7.23642E+00
 -1     10130 1.24142E+00 1.88687E-04-1.05533E+00 7.18372E-03-1.07146E-01-7.00841E+00
 -1     10131 1.18937E+00 4.79529E-03-1.02885E+00 1.51739E-03 6.03234E-03-6.46839E+00
 -1     10132 1.15927E+00 2.85133E-03-1.00820E+00-2.55134E-04 2.80774E-02-5.75720E+00
 -1     10133 1.14739E+00 8.89314E-04-1.00096E+00-1.08995E-04 3.02001E-02-5.06276E+00
 -1     10134 1.14542E+00 5.14544E-05-9.99247E-01 4.63659E-05 1.02695E-02-4.25945E+00
 -1     10135 1.14546E+00-1.19547E-04-9.99091E-01 1.04314E-04 2.66471E-01-3.77482E+00
 -1     10136 1.99734E+01 8.52129E+00 9.78664E+00 2.15151E+00-5.76463E-01-4.68058E+00
 -1     10137 1.86327E+01-8.11911E-01-1.96645E+00 8.01939E-01 8.56731E-01-4.64500E+00
 -1     10138 1.55340E+01 3.44485E-01-1.74627E+00-2.72410E-01 1.50221E-01-5.15387E+00
 -1     10139 1.24317E+01-6.44990E-02-1.72713E+00-1.82240E-01 7.04415E-02-5.11586E+00
 -1     10140 9.54649E+00 3.43948E-02-1.59989E+00-8.33593E-02-9.86781E-03-4.76133E+00
 -1     10141 6.75148E+00 4.01794E-02-1.58667E+00-4.14541E-02-2.72519E-02-4.24274E+00
 -1     10142 4.05192E+00 1.86236E-02-1.54094E+00-3.37240E-02-2.31685E-02-3.68709E+00
 -1     10143 1.69143E+00 9.53295E-02-1.30900E+00-5.63239E-02-1.24121E-02-3.11462E+00
 -1     10144 6.94828E-01 2.70107E-01-2.60147E+00-7.42051E-02-1.39933E-01-2.81691E+00
 -1     10145 1.77860E+01 8.28788E+00 9.12659E+00 1.45988E+00 8.18236E-02-6.59996E+00
 -1     10146 1.89456E+01 4.16657E-01-1.83637E+00 6.05457E-01 2.82979E-01-6.16168E+00
 -1     10147 1.74039E+01 3.31542E-01-1.55544E+00-1.75240E-01 2.52585E-01-5.04562E+00
 -1     10148 1.29554E+01 1.94587E-02-1.56776E+00-1.81939E-01 4.56750E-02-4.46985E+00
 -1     10149 9.54242E+00 1.68861E-02-1.56935E+00-8.74957E-02-9.25237E-04-3.97034E+00
 -1     10150 6.62924E+00 3.12319E-02-1.57739E+00-4.67241E-02-1.76933E-02-3.49854E+00
 -1     10151 3.96353E+00 1.35630E-02-1.54630E+00-3.25192E-02-1.44296E-02-3.01831E+00
 -1     10152 1.65178E+00 7.94649E-02-1.37534E+00-3.65220E-02-1.66147E-02-2.54117E+00
 -1     10153 6.74878E-01 1.90093E-01-2.62616E+00-4.00691E-02-3.45529E-02-2.30620E+00
 -1     10154 1.81794E+01 8.21972E+00 9.29037E+00-1.15574E-13 6.24500E-16-6.98531E+00
 -1     10155 1.88456E+01 1.60232E+00-1.85142E+00-1.28265E-13-9.85323E-15-6.29603E+00
 -1     10156 1.74982E+01 2.55113E-01-1.75893E+00-1.28619E-13 4.45347E-15-5.28723E+00
 -1     10157 1.32886E+01 5.14545E-02-1.54772E+00-1.25552E-13-1.74895E-14-4.38666E+00
 -1     10158 9.60638E+00 1.22918E-02-1.55171E+00-1.21594E-13 2.31360E-14-3.81189E+00
 -1     10159 6.62059E+00 2.48543E-02-1.57014E+00-1.03122E-13-1.13642E-14-3.31827E+00
 -1     10160 3.93928E+00 3.00685E-03-1.54381E+00-7.81736E-14 1.52708E-14-2.85011E+00
 -1     10161 1.62182E+00 5.94031E-02-1.37406E+00-4.11320E-14-6.31040E-14-2.37925E+00
 -1     10162 6.58092E-01 1.21334E-01-2.51325E+00-4.49640E-14 5.92512E-14-2.14654E+00
 -1     10163 1.77860E+01 8.28788E+00 9.12659E+00-1.45988E+00-8.18236E-02-6.59996E+00
 -1     10164 1.89456E+01 4.16657E-01-1.83637E+00-6.05457E-01-2.82979E-01-6.16168E+00
 -1     10165 1.74039E+01 3.31542E-01-1.55544E+00 1.75240E-01-2.52585E-01-5.04562E+00
 -1     10166 1.29554E+01 1.94587E-02-1.56776E+00 1.81939E-01-4.56750E-02-4.46985E+00
 -1     10167 9.54242E+00 1.68861E-02-1.56935E+00 8.74957E-02 9.25237E-04-3.97034E+00
 -1     10168 6.62924E+00 3.12319E-02-1.57739E+00 4.67241E-02 1.76933E-02-3.49854E+00
 -1     10169 3.96353E+00 1.35630E-02-1.54630E+00 3.25192E-02 1.44296E-02-3.01831E+00
 -1     10170 1.65178E+00 7.94649E-02-1.37534E+00 3.65220E-02 1.66147E-02-2.54117E+00
 -1     10171 6.74878E-01 1.90093E-01-2.62616E+00 4.00691E-02 3.45529E-02-2.30620E+00
 -1     10172 1.99734E+01 8.52129E+00 9.78664E+00-2.15151E+00 5.76463E-01-4.68058E+00
 -1     10173 1.86327E+01-8.11911E-01-1.96645E+00-8.01939E-01-8.56731E-01-4.64500E+00
 -1     10174 1.55340E+01 3.44485E-01-1.74627E+00 2.72410E-01-1.50221E-01-5.15387E+00
 -1     10175 1.24317E+01-6.44990E-02-1.72713E+00 1.82240E-01-7.04415E-02-5.11586E+00
 -1     10176 9.54649E+00 3.43948E-02-1.59989E+00 8.33593E-02 9.86781E-03-4.76133E+00
 -1     10177 6.75148E+00 4.01794E-02-1.58667E+00 4.14541E-02 2.72519E-02-4.24274E+00
 -1     10178 4.05192E+00 1.86236E-02-1.54094E+00 3.37240E-02 2.31685E-02-3.68709E+00
 -1     10179 1.69143E+00 9.53295E-02-1.30900E+00 5.63239E-02 1.24121E-02-3.11462E+00
 -1     10180 6.94828E-01 2.70107E-01-2.60147E+00 7.42051E-02 1.39933E-01-2.81691E+00
 -1     10181 5.06628E+01 1.93693E+01 1.58307E+01 4.94925E+00-4.88993E-01-4.96668E+00
 -1     10182 4.02099E+01-8.80895E-01-4.47869E+00 2.06276E+00 7.18245E-01-3.80980E+00
 -1     10183 2.89690E+01 8.15406E-01-1.21173E+00-6.26816E-01-4.74446E-02-3.11856E+00
 -1     10184 2.31080E+01-2.17412E-01-2.16552E+00-6.40749E-01 7.13445E-02-3.30000E+00
 -1     10185 1.71948E+01 3.16865E-02-1.78108E+00-5.73697E-01-1.20164E-02-3.07816E+00
 -1     10186 1.15044E+01 1.98312E-02-1.82392E+00-4.64792E-01-2.22171E-02-2.73509E+00
 -1     10187 6.56210E+00 4.94406E-02-1.76032E+00-3.82355E-01-1.59235E-02-2.30864E+00
 -1     10188 2.41591E+00 1.75717E-01-1.48445E+00-3.22514E-01-1.65626E-02-1.96761E+00
 -1     10189 5.06432E-01 4.73967E-01-2.73459E+00-3.02948E-01-1.34173E-02-1.85871E+00
 -1     10190 4.79859E+01 1.91476E+01 1.48193E+01 2.78143E+00 1.82698E-01-7.00110E+00
 -1     10191 4.09693E+01 1.78798E+00-4.24507E+00 1.43616E+00 1.17446E-01-5.15088E+00
 -1     10192 3.11672E+01 6.18340E-01-1.22550E+00-2.50160E-01 1.37691E-01-2.93827E+00
 -1     10193 2.37119E+01-1.11605E-01-1.98242E+00-4.95654E-01 2.86616E-02-2.71624E+00
 -1     10194 1.72041E+01-2.06944E-02-1.74664E+00-4.02665E-01 5.78376E-04-2.44719E+00
 -1     10195 1.13380E+01-3.47246E-02-1.81264E+00-3.26628E-01-1.11389E-02-2.15329E+00
 -1     10196 6.42178E+00 1.00266E-02-1.77421E+00-2.73311E-01-6.49152E-03-1.80451E+00
 -1     10197 2.30991E+00 1.67048E-01-1.57258E+00-2.45441E-01-1.18539E-02-1.54837E+00
 -1     10198 4.40728E-01 4.85005E-01-2.75861E+00-2.43172E-01 3.90893E-02-1.49449E+00
 -1     10199 4.91733E+01 1.92373E+01 1.50606E+01-1.42442E-13 7.16094E-15-7.48931E+00
 -1     10200 4.10697E+01 4.34972E+00-4.20967E+00-1.78357E-13-2.09069E-14-5.25286E+00
 -1     10201 3.07932E+01 3.13557E-01-1.65893E+00-2.26888E-13 3.54404E-15-3.07948E+00
 -1     10202 2.40616E+01-8.83993E-02-1.96787E+00-2.29608E-13-8.45851E-15-2.67447E+00
 -1     10203 1.72740E+01-6.79547E-02-1.73065E+00-2.15543E-13-4.58661E-15-2.35711E+00
 -1     10204 1.13561E+01-7.70814E-02-1.79353E+00-1.66679E-13-9.32587E-15-2.05281E+00
 -1     10205 6.40685E+00-2.13909E-02-1.76670E+00-1.51275E-13-2.70374E-14-1.70733E+00
 -1     10206 2.25088E+00 1.68447E-01-1.57881E+00-1.12521E-13 4.12587E-14-1.43611E+00
 -1     10207 4.01999E-01 5.21021E-01-2.63120E+00-3.75672E-14 2.14759E-14-1.36827E+00
 -1     10208 4.79859E+01 1.91476E+01 1.48193E+01-2.78143E+00-1.82698E-01-7.00110E+00
 -1     10209 4.09693E+01 1.78798E+00-4.24507E+00-1.43616E+00-1.17446E-01-5.15088E+00
 -1     10210 3.11672E+01 6.18340E-01-1.22550E+00 2.50160E-01-1.37691E-01-2.93827E+00
 -1     10211 2.37119E+01-1.11605E-01-1.98242E+00 4.95654E-01-2.86616E-02-2.71624E+00
 -1     10212 1.72041E+01-2.06944E-02-1.74664E+00 4.02665E-01-5.78376E-04-2.44719E+00
 -1     10213 1.13380E+01-3.47246E-02-1.81264E+00 3.26628E-01 1.11389E-02-2.15329E+00
 -1     10214 6.42178E+00 1.00266E-02-1.77421E+00 2.73311E-01 6.49152E-03-1.80451E+00
 -1     10215 2.30991E+00 1.67048E-01-1.57258E+00 2.45441E-01 1.18539E-02-1.54837E+00
 -1     10216 4.40728E-01 4.85005E-01-2.75861E+00 2.43172E-01-3.90893E-02-1.49449E+00
 -1     10217 5.06628E+01 1.93693E+01 1.58307E+01-4.94925E+00 4.88993E-01-4.96668E+00
 -1     10218 4.02099E+01-8.80895E-01-4.47869E+00-2.06276E+00-7.18245E-01-3.80980E+00
 -1     10219 2.89690E+01 8.15406E-01-1.21173E+00 6.26816E-01 4.74446E-02-3.11856E+00
 -1     10220 2.31080E+01-2.17412E-01-2.16552E+00 6.40749E-01-7.13445E-02-3.30000E+00
 -1     10221 1.71948E+01 3.16865E-02-1.78108E+00 5.73697E-01 1.20164E-02-3.07816E+00
 -1     10222 1.15044E+01 1.98312E-02-1.82392E+00 4.64792E-01 2.22171E-02-2.73509E+00
 -1     10223 6.56210E+00 4.94406E-02-1.76032E+00 3.82355E-01 1.59235E-02-2.30864E+00
 -1     10224 2.41591E+00 1.75717E-01-1.48445E+00 3.22514E-01 1.65626E-02-1.96761E+00
 -1     10225 5.06432E-01 4.73967E-01-2.73459E+00 3.02948E-01 1.34173E-02-1.85871E+00
 -3
    1PSTEP                         8           1           2          
  100CL  102 2.000000000         225                     0    2           1
 -4  TOSTRAIN    6    1
 -5  EXX         1    4    1    1
 -5  EYY         1    4    2    2
 -5  EZZ         1    4    3    3
 -5  EXY         1    4    1    2
 -5  EYZ         1    4    2    3
 -5  EZX         1    4    3    1
 -1     10001-1.78439E-04 2.69635E-06 2.32710E-05-3.00748E-05-3.06637E-06-2.48347E-05
 -1     10002-1.84118E-04 5.40163E-05 6.42267E-05-1.27314E-05 4.52088E-06-2.06591E-05
 -1     10003-1.27335E-04 3.60867E-05 3.66542E-05 3.68111E-06-7.55168E-08-1.96614E-05
 -1     10004-1.00636E-04 3.07750E-05 3.02558E-05 4.07587E-06 4.42941E-07-2.09488E-05
 -1     10005-7.08808E-05 2.15577E-05 2.02817E-05 3.64180E-06-7.21083E-08-1.93272E-05
 -1     10006-4.35916E-05 1.33334E-05 1.23115E-05 2.92197E-06-1.42968E-07-1.70118E-05
 -1     10007-1.98882E-05 6.20304E-06 5.01408E-06 2.37775E-06-1.00121E-07-1.43019E-05
 -1     10008 4.23230E-07 6.91639E-08-2.03294E-06 1.99643E-06-1.03319E-07-1.21767E-05
 -1     10009 8.15011E-06-5.86230E-06 1.62152E-06 1.87385E-06-8.17254E-08-1.15026E-05
 -1     10010-1.67607E-04-1.42922E-06 2.39501E-05-1.68322E-05 1.12713E-06-3.74953E-05
 -1     10011-1.83543E-04 4.29581E-05 6.79579E-05-8.81237E-06 8.31903E-07-2.91051E-05
 -1     10012-1.37871E-04 3.96616E-05 3.97938E-05 1.40751E-06 9.27623E-07-1.85853E-05
 -1     10013-1.03241E-04 3.13757E-05 3.05521E-05 3.07815E-06 2.22537E-07-1.72226E-05
 -1     10014-7.10169E-05 2.18840E-05 2.00987E-05 2.55042E-06 1.18491E-08-1.53352E-05
 -1     10015-4.28779E-05 1.33893E-05 1.19466E-05 2.05513E-06-6.86278E-08-1.33737E-05
 -1     10016-1.92856E-05 6.17262E-06 4.81790E-06 1.70232E-06-4.11276E-08-1.11717E-05
 -1     10017 8.03378E-07-1.69759E-07-1.78190E-06 1.52049E-06-7.42135E-08-9.58122E-06
 -1     10018 8.45675E-06-6.04539E-06 1.65337E-06 1.50504E-06 2.42743E-07-9.24967E-06
 -1     10019-1.72764E-04 1.60090E-07 2.46292E-05 3.23143E-19-4.10811E-20-4.04821E-05
 -1     10020-1.80460E-04 3.12780E-05 7.15671E-05 3.01120E-19 9.64559E-20-2.96955E-05
 -1     10021-1.36999E-04 3.95798E-05 4.09654E-05 1.05032E-19 1.07785E-19-1.94787E-05
 -1     10022-1.04778E-04 3.17190E-05 3.10585E-05 1.25361E-19-1.76289E-20-1.70029E-05
 -1     10023-7.14401E-05 2.22435E-05 2.00724E-05 1.51248E-19-4.05517E-20-1.47848E-05
 -1     10024-4.30266E-05 1.36653E-05 1.18235E-05 2.30234E-19 8.87532E-20-1.27496E-05
 -1     10025-1.92577E-05 6.31925E-06 4.71461E-06 1.43731E-19 1.10075E-19-1.05680E-05
 -1     10026 1.08106E-06-2.69868E-07-1.83651E-06-1.49634E-19-3.51386E-20-8.88556E-06
 -1     10027 8.88135E-06-6.09137E-06 1.04029E-06-7.78212E-20 3.34684E-19-8.46841E-06
 -1     10028-1.67607E-04-1.42922E-06 2.39501E-05 1.68322E-05-1.12713E-06-3.74953E-05
 -1     10029-1.83543E-04 4.29581E-05 6.79579E-05 8.81237E-06-8.31903E-07-2.91051E-05
 -1     10030-1.37871E-04 3.96616E-05 3.97938E-05-1.40751E-06-9.27623E-07-1.85853E-05
 -1     10031-1.03241E-04 3.13757E-05 3.05521E-05-3.07815E-06-2.22537E-07-1.72226E-05
 -1     10032-7.10169E-05 2.18840E-05 2.00987E-05-2.55042E-06-1.18491E-08-1.53352E-05
 -1     10033-4.28779E-05 1.33893E-05 1.19466E-05-2.05513E-06 6.86278E-08-1.33737E-05
 -1     10034-1.92856E-05 6.17262E-06 4.81790E-06-1.70232E-06 4.11276E-08-1.11717E-05
 -1     10035 8.03378E-07-1.69759E-07-1.78190E-06-1.52049E-06 7.42135E-08-9.58122E-06
 -1     10036 8.45675E-06-6.04539E-06 1.65337E-06-1.50504E-06-2.42743E-07-9.24967E-06
 -1     10037-1.78439E-04 2.69635E-06 2.32710E-05 3.00748E-05 3.06637E-06-2.48347E-05
 -1     10038-1.84118E-04 5.40163E-05 6.42267E-05 1.27314E-05-4.52088E-06-2.06591E-05
 -1     10039-1.27335E-04 3.60867E-05 3.66542E-05-3.68111E-06 7.55168E-08-1.96614E-05
 -1     10040-1.00636E-04 3.07750E-05 3.02558E-05-4.07587E-06-4.42941E-07-2.09488E-05
 -1     10041-7.08808E-05 2.15577E-05 2.02817E-05-3.64180E-06 7.21083E-08-1.93272E-05
 -1     10042-4.35916E-05 1.33334E-05 1.23115E-05-2.92197E-06 1.42968E-07-1.70118E-05
 -1     10043-1.98882E-05 6.20304E-06 5.01408E-06-2.37775E-06 1.00121E-07-1.43019E-05
 -1     10044 4.23230E-07 6.91639E-08-2.03294E-06-1.99643E-06 1.03319E-07-1.21767E-05
 -1     10045 8.15011E-06-5.86230E-06 1.62152E-06-1.87385E-06 8.17254E-08-1.15026E-05
 -1     10046-6.23194E-05 1.88323E-06-5.21220E-06-1.25872E-05-3.58931E-06-2.49183E-05
 -1     10047-7.96204E-05 2.62283E-05 2.41554E-05-4.69644E-06 5.39513E-06-2.65475E-05
 -1     10048-6.16801E-05 1.75607E-05 1.79845E-05 1.51410E-06 1.07863E-06-3.20296E-05
 -1     10049-4.76079E-05 1.51798E-05 1.26295E-05 1.05151E-06 4.59592E-07-3.21345E-05
 -1     10050-3.37531E-05 1.08040E-05 8.27922E-06 5.16432E-07-6.21830E-08-2.97115E-05
 -1     10051-2.05472E-05 6.78680E-06 4.39057E-06 2.64623E-07-1.72882E-07-2.63398E-05
 -1     10052-7.69580E-06 3.08630E-06 3.46192E-07 2.11675E-07-1.45133E-07-2.28355E-05
 -1     10053 3.98378E-06-3.26718E-07-4.00836E-06 3.48281E-07-7.75315E-08-1.92784E-05
 -1     10054 7.13532E-06-4.42991E-06 9.72906E-07 4.58177E-07-8.65030E-07-1.74351E-05
 -1     10055-5.33831E-05-9.91971E-07-5.52578E-06-8.55126E-06 5.22720E-07-3.68898E-05
 -1     10056-7.91198E-05 2.12422E-05 2.57934E-05-3.58311E-06 1.82478E-06-3.60442E-05
 -1     10057-7.00385E-05 2.03136E-05 1.99552E-05 9.58225E-07 1.64653E-06-3.13610E-05
 -1     10058-4.98925E-05 1.57361E-05 1.29091E-05 1.07764E-06 3.19810E-07-2.80531E-05
 -1     10059-3.38113E-05 1.09294E-05 8.17312E-06 5.47945E-07-4.63276E-10-2.47504E-05
 -1     10060-1.99910E-05 6.67278E-06 4.17555E-06 2.98550E-07-1.10259E-07-2.17034E-05
 -1     10061-7.28252E-06 2.97390E-06 2.36898E-07 2.04201E-07-9.03656E-08-1.86873E-05
 -1     10062 4.06692E-06-4.05996E-07-3.77565E-06 2.25748E-07-1.03550E-07-1.57280E-05
 -1     10063 7.09066E-06-4.11466E-06 9.43672E-07 2.47090E-07-2.13139E-07-1.42750E-05
 -1     10064-5.50043E-05 9.92855E-08-5.83936E-06-1.14773E-19 1.14349E-20-3.92484E-05
 -1     10065-7.71183E-05 1.57955E-05 2.73690E-05-2.29387E-19 6.14628E-20-3.68435E-05
 -1     10066-7.08158E-05 2.04346E-05 2.09479E-05-2.11388E-19 5.71085E-20-3.28795E-05
 -1     10067-5.13476E-05 1.60456E-05 1.33561E-05-2.52859E-19 1.15345E-19-2.75683E-05
 -1     10068-3.41196E-05 1.10704E-05 8.19482E-06-1.30314E-19-8.17916E-20-2.37732E-05
 -1     10069-1.99657E-05 6.70842E-06 4.12714E-06-1.71531E-19-1.86599E-19-2.05853E-05
 -1     10070-7.18184E-06 2.99516E-06 1.76416E-07-1.06514E-19 1.86109E-19-1.76443E-05
 -1     10071 4.18638E-06-3.52561E-07-3.85407E-06-7.85458E-20 8.70988E-20-1.47253E-05
 -1     10072 7.23873E-06-3.65090E-06 2.81811E-07-2.72050E-19 2.69211E-19-1.32870E-05
 -1     10073-5.33831E-05-9.91971E-07-5.52578E-06 8.55126E-06-5.22720E-07-3.68898E-05
 -1     10074-7.91198E-05 2.12422E-05 2.57934E-05 3.58311E-06-1.82478E-06-3.60442E-05
 -1     10075-7.00385E-05 2.03136E-05 1.99552E-05-9.58225E-07-1.64653E-06-3.13610E-05
 -1     10076-4.98925E-05 1.57361E-05 1.29091E-05-1.07764E-06-3.19810E-07-2.80531E-05
 -1     10077-3.38113E-05 1.09294E-05 8.17312E-06-5.47945E-07 4.63276E-10-2.47504E-05
 -1     10078-1.99910E-05 6.67278E-06 4.17555E-06-2.98550E-07 1.10259E-07-2.17034E-05
 -1     10079-7.28252E-06 2.97390E-06 2.36898E-07-2.04201E-07 9.03656E-08-1.86873E-05
 -1     10080 4.06692E-06-4.05996E-07-3.77565E-06-2.25748E-07 1.03550E-07-1.57280E-05
 -1     10081 7.09066E-06-4.11466E-06 9.43672E-07-2.47090E-07 2.13139E-07-1.42750E-05
 -1     10082-6.23194E-05 1.88323E-06-5.21220E-06 1.25872E-05 3.58931E-06-2.49183E-05
 -1     10083-7.96204E-05 2.62283E-05 2.41554E-05 4.69644E-06-5.39513E-06-2.65475E-05
 -1     10084-6.16801E-05 1.75607E-05 1.79845E-05-1.51410E-06-1.07863E-06-3.20296E-05
 -1     10085-4.76079E-05 1.51798E-05 1.26295E-05-1.05151E-06-4.59592E-07-3.21345E-05
 -1     10086-3.37531E-05 1.08040E-05 8.27922E-06-5.16432E-07 6.21830E-08-2.97115E-05
 -1     10087-2.05472E-05 6.78680E-06 4.39057E-06-2.64623E-07 1.72882E-07-2.63398E-05
 -1     10088-7.69580E-06 3.08630E-06 3.46192E-07-2.11675E-07 1.45133E-07-2.28355E-05
 -1     10089 3.98378E-06-3.26718E-07-4.00836E-06-3.48281E-07 7.75315E-08-1.92784E-05
 -1     10090 7.13532E-06-4.42991E-06 9.72906E-07-4.58177E-07 8.65030E-07-1.74351E-05
 -1     10091 3.59924E-06-2.35906E-08 1.14218E-08 4.71123E-07-3.37794E-06-2.53697E-05
 -1     10092 5.85982E-06-8.91857E-07-4.17303E-06 1.46685E-07 5.74260E-06-3.29198E-05
 -1     10093 7.13632E-06-3.10552E-07-6.58590E-06-1.15846E-07 2.05918E-06-4.47969E-05
 -1     10094 7.41885E-06-2.64942E-07-6.79909E-06-4.44706E-08 6.63284E-07-4.33854E-05
 -1     10095 7.12657E-06-2.06478E-07-6.60521E-06-9.39337E-09-3.73431E-08-4.00424E-05
 -1     10096 6.95653E-06-2.02235E-07-6.46112E-06 1.57940E-09-1.73813E-07-3.56398E-05
 -1     10097 6.89244E-06-2.04951E-07-6.40688E-06 6.74732E-10-1.86953E-07-3.13409E-05
 -1     10098 6.88179E-06-2.08570E-07-6.39470E-06-2.87027E-10-6.35732E-08-2.63680E-05
 -1     10099 6.88203E-06-2.09671E-07-6.39378E-06-6.45756E-10-1.64958E-06-2.33679E-05
 -1     10100 3.46308E-06 1.35406E-08 7.93268E-09 2.85966E-07 6.02145E-07-3.73602E-05
 -1     10101 5.88311E-06-7.41276E-07-4.08096E-06 1.04235E-07 2.22641E-06-4.38215E-05
 -1     10102 7.31757E-06-4.69157E-07-6.44160E-06-7.22676E-08 2.43229E-06-4.41899E-05
 -1     10103 7.36346E-06-2.83471E-07-6.69140E-06-4.14478E-08 4.79319E-07-3.85734E-05
 -1     10104 7.06595E-06-2.08280E-07-6.55556E-06-5.44210E-09 6.47396E-09-3.40804E-05
 -1     10105 6.93130E-06-2.00937E-07-6.44692E-06 2.13164E-09-1.33904E-07-3.00059E-05
 -1     10106 6.89116E-06-2.06499E-07-6.40581E-06 9.59403E-10-1.37923E-07-2.62091E-05
 -1     10107 6.88568E-06-2.10161E-07-6.39621E-06-1.80750E-10-1.42247E-07-2.18828E-05
 -1     10108 6.88566E-06-2.10756E-07-6.39557E-06-5.23739E-10-6.65653E-07-1.93052E-05
 -1     10109 3.53640E-06-3.44736E-09 4.44315E-09-4.41304E-19-3.38813E-21-3.97392E-05
 -1     10110 5.79919E-06-5.04548E-07-4.10534E-06-4.98261E-19 1.52466E-20-4.47142E-05
 -1     10111 7.34339E-06-5.14115E-07-6.45664E-06-5.77915E-19 2.95932E-20-4.60303E-05
 -1     10112 7.40067E-06-3.01676E-07-6.67761E-06-4.80585E-19 5.44748E-20-3.79374E-05
 -1     10113 7.05790E-06-2.10450E-07-6.54266E-06-4.26865E-19-9.33060E-21-3.26471E-05
 -1     10114 6.92360E-06-1.98765E-07-6.44079E-06-3.65197E-19-8.26784E-20-2.83977E-05
 -1     10115 6.88917E-06-2.06133E-07-6.40441E-06-3.42473E-19 1.61466E-21-2.47254E-05
 -1     10116 6.88681E-06-2.10764E-07-6.39623E-06-2.39300E-19 1.67488E-19-2.05650E-05
 -1     10117 6.88728E-06-2.11444E-07-6.39628E-06-7.77682E-20 3.95869E-19-1.80976E-05
 -1     10118 3.46308E-06 1.35406E-08 7.93268E-09-2.85966E-07-6.02145E-07-3.73602E-05
 -1     10119 5.88311E-06-7.41276E-07-4.08096E-06-1.04235E-07-2.22641E-06-4.38215E-05
 -1     10120 7.31757E-06-4.69157E-07-6.44160E-06 7.22676E-08-2.43229E-06-4.41899E-05
 -1     10121 7.36346E-06-2.83471E-07-6.69140E-06 4.14478E-08-4.79319E-07-3.85734E-05
 -1     10122 7.06595E-06-2.08280E-07-6.55556E-06 5.44210E-09-6.47396E-09-3.40804E-05
 -1     10123 6.93130E-06-2.00937E-07-6.44692E-06-2.13164E-09 1.33904E-07-3.00059E-05
 -1     10124 6.89116E-06-2.06499E-07-6.40581E-06-9.59403E-10 1.37923E-07-2.62091E-05
 -1     10125 6.88568E-06-2.10161E-07-6.39621E-06 1.80750E-10 1.42247E-07-2.18828E-05
 -1     10126 6.88566E-06-2.10756E-07-6.39557E-06 5.23739E-10 6.65653E-07-1.93052E-05
 -1     10127 3.59924E-06-2.35906E-08 1.14218E-08-4.71123E-07 3.37794E-06-2.53697E-05
 -1     10128 5.85982E-06-8.91857E-07-4.17303E-06-1.46685E-07-5.74260E-06-3.29198E-05
 -1     10129 7.13632E-06-3.10552E-07-6.58590E-06 1.15846E-07-2.05918E-06-4.47969E-05
 -1     10130 7.41885E-06-2.64942E-07-6.79909E-06 4.44706E-08-6.63284E-07-4.33854E-05
 -1     10131 7.12657E-06-2.06478E-07-6.60521E-06 9.39337E-09 3.73431E-08-4.00424E-05
 -1     10132 6.95653E-06-2.02235E-07-6.46112E-06-1.57940E-09 1.73813E-07-3.56398E-05
 -1     10133 6.89244E-06-2.04951E-07-6.40688E-06-6.74732E-10 1.86953E-07-3.13409E-05
 -1     10134 6.88179E-06-2.08570E-07-6.39470E-06 2.87027E-10 6.35732E-08-2.63680E-05
 -1     10135 6.88203E-06-2.09671E-07-6.39378E-06 6.45756E-10 1.64958E-06-2.33679E-05
 -1     10136 6.89572E-05-1.93674E-06 5.89635E-06 1.33188E-05-3.56858E-06-2.89750E-05
 -1     10137 9.26961E-05-2.76751E-05-3.48223E-05 4.96438E-06 5.30357E-06-2.87548E-05
 -1     10138 7.59738E-05-1.80563E-05-3.09991E-05-1.68635E-06 9.29940E-07-3.19049E-05
 -1     10139 6.17583E-05-1.55994E-05-2.58919E-05-1.12815E-06 4.36066E-07-3.16696E-05
 -1     10140 4.76959E-05-1.11885E-05-2.13055E-05-5.16034E-07-6.10864E-08-2.94749E-05
 -1     10141 3.43592E-05-7.18697E-06-1.72580E-05-2.56621E-07-1.68702E-07-2.62646E-05
 -1     10142 2.14696E-05-3.49844E-06-1.31529E-05-2.08768E-07-1.43424E-07-2.28248E-05
 -1     10143 9.78825E-06-9.23722E-08-8.78586E-06-3.48672E-07-7.68365E-08-1.92810E-05
 -1     10144 6.63923E-06 4.01000E-06-1.37664E-05-4.59365E-07-8.66252E-07-1.74380E-05
 -1     10145 5.98172E-05 1.01959E-06 6.21162E-06 9.03736E-06 5.06527E-07-4.08569E-05
 -1     10146 9.22455E-05-2.24577E-05-3.64050E-05 3.74807E-06 1.75178E-06-3.81437E-05
 -1     10147 8.46243E-05-2.10619E-05-3.27433E-05-1.08482E-06 1.56362E-06-3.12348E-05
 -1     10148 6.39043E-05-1.61754E-05-2.60011E-05-1.12629E-06 2.82750E-07-2.76705E-05
 -1     10149 4.76579E-05-1.13097E-05-2.11292E-05-5.41640E-07-5.72766E-09-2.45783E-05
 -1     10150 3.37766E-05-7.06820E-06-1.70263E-05-2.89244E-07-1.09530E-07-2.16576E-05
 -1     10151 2.10636E-05-3.38860E-06-1.30449E-05-2.01309E-07-8.93263E-08-1.86848E-05
 -1     10152 9.71685E-06-1.65115E-08-9.02242E-06-2.26089E-07-1.02853E-07-1.57310E-05
 -1     10153 6.69380E-06 3.69276E-06-1.37412E-05-2.48047E-07-2.13899E-07-1.42765E-05
 -1     10154 6.15539E-05-1.00924E-07 6.52688E-06-7.17225E-19 3.97047E-21-4.32424E-05
 -1     10155 9.00967E-05-1.66472E-05-3.80276E-05-7.93458E-19-6.09864E-20-3.89754E-05
 -1     10156 8.54730E-05-2.12698E-05-3.37377E-05-7.96211E-19 2.76179E-20-3.27305E-05
 -1     10157 6.54165E-05-1.65276E-05-2.64273E-05-7.77100E-19-1.08228E-19-2.71555E-05
 -1     10158 4.79439E-05-1.14481E-05-2.11301E-05-7.52787E-19 1.43241E-19-2.35974E-05
 -1     10159 3.37342E-05-7.09659E-06-1.69703E-05-6.38478E-19-7.02773E-20-2.05417E-05
 -1     10160 2.09596E-05-3.40779E-06-1.29833E-05-4.83868E-19 9.45964E-20-1.76435E-05
 -1     10161 9.60102E-06-7.10640E-08-8.94489E-06-2.54653E-19-3.90694E-19-1.47287E-05
 -1     10162 6.55079E-06 3.22800E-06-1.30813E-05-2.78462E-19 3.66792E-19-1.32881E-05
 -1     10163 5.98172E-05 1.01959E-06 6.21162E-06-9.03736E-06-5.06527E-07-4.08569E-05
 -1     10164 9.22455E-05-2.24577E-05-3.64050E-05-3.74807E-06-1.75178E-06-3.81437E-05
 -1     10165 8.46243E-05-2.10619E-05-3.27433E-05 1.08482E-06-1.56362E-06-3.12348E-05
 -1     10166 6.39043E-05-1.61754E-05-2.60011E-05 1.12629E-06-2.82750E-07-2.76705E-05
 -1     10167 4.76579E-05-1.13097E-05-2.11292E-05 5.41640E-07 5.72766E-09-2.45783E-05
 -1     10168 3.37766E-05-7.06820E-06-1.70263E-05 2.89244E-07 1.09530E-07-2.16576E-05
 -1     10169 2.10636E-05-3.38860E-06-1.30449E-05 2.01309E-07 8.93263E-08-1.86848E-05
 -1     10170 9.71685E-06-1.65115E-08-9.02242E-06 2.26089E-07 1.02853E-07-1.57310E-05
 -1     10171 6.69380E-06 3.69276E-06-1.37412E-05 2.48047E-07 2.13899E-07-1.42765E-05
 -1     10172 6.89572E-05-1.93674E-06 5.89635E-06-1.33188E-05 3.56858E-06-2.89750E-05
 -1     10173 9.26961E-05-2.76751E-05-3.48223E-05-4.96438E-06-5.30357E-06-2.87548E-05
 -1     10174 7.59738E-05-1.80563E-05-3.09991E-05 1.68635E-06-9.29940E-07-3.19049E-05
 -1     10175 6.17583E-05-1.55994E-05-2.58919E-05 1.12815E-06-4.36066E-07-3.16696E-05
 -1     10176 4.76959E-05-1.11885E-05-2.13055E-05 5.16034E-07 6.10864E-08-2.94749E-05
 -1     10177 3.43592E-05-7.18697E-06-1.72580E-05 2.56621E-07 1.68702E-07-2.62646E-05
 -1     10178 2.14696E-05-3.49844E-06-1.31529E-05 2.08768E-07 1.43424E-07-2.28248E-05
 -1     10179 9.78825E-06-9.23722E-08-8.78586E-06 3.48672E-07 7.68365E-08-1.92810E-05
 -1     10180 6.63923E-06 4.01000E-06-1.37664E-05 4.59365E-07 8.66252E-07-1.74380E-05
 -1     10181 1.90966E-04-2.75619E-06-2.46614E-05 3.06382E-05-3.02710E-06-3.07461E-05
 -1     10182 1.99132E-04-5.52393E-05-7.75114E-05 1.27695E-05 4.44628E-06-2.35845E-05
 -1     10183 1.38514E-04-3.57703E-05-4.83192E-05-3.88029E-06-2.93705E-07-1.93054E-05
 -1     10184 1.13442E-04-3.09532E-05-4.30129E-05-3.96654E-06 4.41656E-07-2.04285E-05
 -1     10185 8.43794E-05-2.18688E-05-3.30907E-05-3.55145E-06-7.43872E-08-1.90553E-05
 -1     10186 5.73599E-05-1.37348E-05-2.51484E-05-2.87729E-06-1.37534E-07-1.69315E-05
 -1     10187 3.36922E-05-6.62426E-06-1.78275E-05-2.36696E-06-9.85742E-08-1.42916E-05
 -1     10188 1.33739E-05-4.93910E-07-1.07711E-05-1.99651E-06-1.02530E-07-1.21804E-05
 -1     10189 5.64104E-06 5.44007E-06-1.44224E-05-1.87539E-06-8.30592E-08-1.15063E-05
 -1     10190 1.79980E-04 1.45737E-06-2.53369E-05 1.72184E-05 1.13099E-06-4.33401E-05
 -1     10191 1.98602E-04-4.39490E-05-8.12965E-05 8.89053E-06 7.27048E-07-3.18864E-05
 -1     10192 1.49283E-04-3.98294E-05-5.12437E-05-1.54861E-06 8.52375E-07-1.81893E-05
 -1     10193 1.15905E-04-3.15736E-05-4.31548E-05-3.06834E-06 1.77429E-07-1.68148E-05
 -1     10194 8.44492E-05-2.21807E-05-3.28651E-05-2.49269E-06 3.58042E-09-1.51493E-05
 -1     10195 5.66294E-05-1.37730E-05-2.47791E-05-2.02198E-06-6.89550E-08-1.33299E-05
 -1     10196 3.31002E-05-6.59165E-06-1.76369E-05-1.69192E-06-4.01856E-08-1.11708E-05
 -1     10197 1.30075E-05-2.57848E-07-1.10270E-05-1.51940E-06-7.33814E-08-9.58513E-06
 -1     10198 5.34671E-06 5.62080E-06-1.44587E-05-1.50535E-06 2.41981E-07-9.25162E-06
 -1     10199 1.85162E-04-1.56472E-07-2.60124E-05-8.83032E-19 4.40457E-20-4.63624E-05
 -1     10200 1.95370E-04-3.19442E-05-8.49310E-05-1.10453E-18-1.29225E-19-3.25177E-05
 -1     10201 1.48556E-04-4.01272E-05-5.23378E-05-1.40470E-18 2.19137E-20-1.90634E-05
 -1     10202 1.17517E-04-3.19834E-05-4.36182E-05-1.42084E-18-5.23175E-20-1.65562E-05
 -1     10203 8.48267E-05-2.25284E-05-3.28213E-05-1.33492E-18-2.83227E-20-1.45916E-05
 -1     10204 5.67490E-05-1.40279E-05-2.46535E-05-1.03153E-18-5.77835E-20-1.27079E-05
 -1     10205 3.30632E-05-6.73065E-06-1.75349E-05-9.36527E-19-1.67342E-19-1.05692E-05
 -1     10206 1.27333E-05-1.57971E-07-1.09743E-05-6.96632E-19 2.55407E-19-8.89019E-06
 -1     10207 4.92883E-06 5.66563E-06-1.38481E-05-2.32405E-19 1.32984E-19-8.47025E-06
 -1     10208 1.79980E-04 1.45737E-06-2.53369E-05-1.72184E-05-1.13099E-06-4.33401E-05
 -1     10209 1.98602E-04-4.39490E-05-8.12965E-05-8.89053E-06-7.27048E-07-3.18864E-05
 -1     10210 1.49283E-04-3.98294E-05-5.12437E-05 1.54861E-06-8.52375E-07-1.81893E-05
 -1     10211 1.15905E-04-3.15736E-05-4.31548E-05 3.06834E-06-1.77429E-07-1.68148E-05
 -1     10212 8.44492E-05-2.21807E-05-3.28651E-05 2.49269E-06-3.58042E-09-1.51493E-05
 -1     10213 5.66294E-05-1.37730E-05-2.47791E-05 2.02198E-06 6.89550E-08-1.33299E-05
 -1     10214 3.31002E-05-6.59165E-06-1.76369E-05 1.69192E-06 4.01856E-08-1.11708E-05
 -1     10215 1.30075E-05-2.57848E-07-1.10270E-05 1.51940E-06 7.33814E-08-9.58513E-06
 -1     10216 5.34671E-06 5.62080E-06-1.44587E-05 1.50535E-06-2.41981E-07-9.25162E-06
 -1     10217 1.90966E-04-2.75619E-06-2.46614E-05-3.06382E-05 3.02710E-06-3.07461E-05
 -1     10218 1.99132E-04-5.52393E-05-7.75114E-05-1.27695E-05-4.44628E-06-2.35845E-05
 -1     10219 1.38514E-04-3.57703E-05-4.83192E-05 3.88029E-06 2.93705E-07-1.93054E-05
 -1     10220 1.13442E-04-3.09532E-05-4.30129E-05 3.96654E-06-4.41656E-07-2.04285E-05
 -1     10221 8.43794E-05-2.18688E-05-3.30907E-05 3.55145E-06 7.43872E-08-1.90553E-05
 -1     10222 5.73599E-05-1.37348E-05-2.51484E-05 2.87729E-06 1.37534E-07-1.69315E-05
 -1     10223 3.36922E-05-6.62426E-06-1.78275E-05 2.36696E-06 9.85742E-08-1.42916E-05
 -1     10224 1.33739E-05-4.93910E-07-1.07711E-05 1.99651E-06 1.02530E-07-1.21804E-05
 -1     10225 5.64104E-06 5.44007E-06-1.44224E-05 1.87539E-06 8.30592E-08-1.15063E-05
 -3
    1PSTEP                         9           1           2          
  100CL  102 2.000000000         225                     0    2           1
 -4  FORC        4    1
 -5  F1          1    2    1    0
 -5  F2          1    2    2    0
 -5  F3          1    2    3    0
 -5  ALL         1    2    0    0    1ALL
 -1     10001 6.97619E+01 2.16510E+01 2.11761E+01
 -1     10002-2.09555E-15-2.59020E-14-2.24126E-15
 -1     10003-7.64666E-14-9.20986E-15-4.26222E-14
 -1     10004-1.11688E-13-9.19794E-15-7.78093E-14
 -1     10005-1.53766E-13-1.42981E-13-1.92693E-14
 -1     10006-3.61239E-14-1.82322E-14-1.69257E-13
 -1     10007 7.78128E-14 9.82373E-14 6.95125E-13
 -1     10008-7.48221E-14 2.99106E-13 4.14356E-14
 -1     10009 5.26943E+00 3.60106E-01-3.65768E+00
 -1     10010 1.25462E+02 8.61149E+00 4.54661E+01
 -1     10011 2.58127E-14-3.35300E-14-1.36870E-14
 -1     10012 4.49321E-13-4.48426E-14 1.46445E-13
 -1     10013 1.43358E-14-1.19603E-14 3.61555E-13
 -1     10014 2.79915E-13 4.13725E-14-2.17003E-13
 -1     10015 4.98629E-14-3.81137E-14 1.74666E-13
 -1     10016 3.52531E-13 1.13108E-13 1.23057E-12
 -1     10017 3.18551E-13-2.67323E-13-2.44735E-13
 -1     10018 1.06897E+01 4.32127E-01-6.70007E+00
 -1     10019 1.27545E+02-2.45743E-13 4.72893E+01
 -1     10020-2.89629E-14-4.61497E-14 2.40433E-14
 -1     10021-4.51167E-13-6.14156E-14 5.01092E-14
 -1     10022 2.75613E-14-8.05933E-14 2.65971E-13
 -1     10023-2.81622E-13 3.43024E-14-9.77031E-14
 -1     10024 2.88436E-13 2.84930E-13 1.04066E-13
 -1     10025 3.65576E-13-1.89861E-14 2.01946E-13
 -1     10026-1.20598E-14 3.04227E-13-1.00736E-12
 -1     10027 1.08405E+01-1.36783E-15-6.08479E+00
 -1     10028 1.25462E+02-8.61149E+00 4.54661E+01
 -1     10029-3.99264E-14 6.35473E-15 9.73700E-15
 -1     10030-1.38362E-14-2.87877E-14 2.05707E-13
 -1     10031 1.44301E-13-2.71614E-14 5.03833E-14
 -1     10032-1.33518E-13-5.08155E-14-2.23519E-13
 -1     10033 3.05964E-13-3.37371E-14 5.50192E-13
 -1     10034 2.15925E-13-8.33142E-14 8.41046E-13
 -1     10035-4.08208E-13-3.53649E-13-3.43565E-13
 -1     10036 1.06897E+01-4.32127E-01-6.70007E+00
 -1     10037 6.97619E+01-2.16510E+01 2.11761E+01
 -1     10038-3.02536E-14 3.18183E-14-8.32598E-14
 -1     10039-7.41629E-14-1.26820E-14-1.38056E-13
 -1     10040 1.02141E-14 8.89159E-14-1.43330E-13
 -1     10041-1.00420E-13 8.21652E-14-2.81442E-13
 -1     10042 7.62168E-14-8.73000E-14-1.11577E-13
 -1     10043-9.57567E-14 2.06861E-13-4.69957E-13
 -1     10044-1.42802E-13 1.79371E-13-2.05419E-13
 -1     10045 5.26943E+00-3.60106E-01-3.65768E+00
 -1     10046 6.55841E+01 2.33844E+01 4.08080E+00
 -1     10047-3.80251E-14-1.99389E-14 4.26395E-15
 -1     10048-3.90521E-14-2.25557E-14-2.71567E-13
 -1     10049 5.14033E-14 1.18293E-14 2.58370E-14
 -1     10050 1.77469E-13 2.59339E-14-1.81535E-13
 -1     10051 1.52933E-14-5.74209E-14-4.71616E-13
 -1     10052-1.93734E-14-2.95627E-13 1.09648E-12
 -1     10053 1.85962E-14-4.40182E-13-2.39855E-13
 -1     10054 7.75585E+00 4.32121E-01-7.31729E+00
 -1     10055 1.09678E+02 9.91737E+00 1.69037E+01
 -1     10056-2.15383E-14-2.23797E-14 7.63209E-14
 -1     10057-5.20695E-14-5.68842E-14-2.10110E-13
 -1     10058 1.91375E-13-4.89767E-14-4.96884E-13
 -1     10059 1.06859E-13-1.41161E-14 1.42867E-12
 -1     10060-6.44762E-14-2.04595E-13 8.72909E-13
 -1     10061-3.40394E-13 4.82914E-14-7.84456E-13
 -1     10062-5.92304E-14-2.04527E-13 1.12275E-13
 -1     10063 1.56932E+01 5.18546E-01-1.33999E+01
 -1     10064 1.09240E+02-1.04980E-13 2.02916E+01
 -1     10065 5.10147E-14-1.50591E-14 2.26021E-13
 -1     10066 2.96985E-14-1.27762E-14-7.76497E-14
 -1     10067 2.34562E-13-6.95556E-14 6.74814E-13
 -1     10068 1.20459E-14-1.07114E-13 1.12777E-12
 -1     10069 4.58467E-13 2.15649E-13 2.39310E-12
 -1     10070-4.53498E-13-2.28829E-13-4.58064E-13
 -1     10071-6.11428E-13 4.23822E-13-1.15449E-12
 -1     10072 1.58747E+01 8.57474E-15-1.21652E+01
 -1     10073 1.09678E+02-9.91737E+00 1.69037E+01
 -1     10074 2.42029E-14-3.04531E-14 7.47180E-14
 -1     10075 1.65590E-13 3.68022E-15-1.87763E-13
 -1     10076 4.13281E-14 5.75641E-14 2.23849E-13
 -1     10077 4.42979E-14-9.43243E-14 7.24542E-13
 -1     10078-9.55347E-14 8.67375E-14-2.82985E-13
 -1     10079-7.09988E-14-9.60703E-14 2.98102E-13
 -1     10080-9.87266E-14-5.43923E-15 1.22547E-12
 -1     10081 1.56932E+01-5.18546E-01-1.33999E+01
 -1     10082 6.55841E+01-2.33844E+01 4.08080E+00
 -1     10083-2.26485E-14-3.44863E-15-2.98234E-14
 -1     10084 8.13793E-14 4.50369E-14 2.83246E-14
 -1     10085 1.10245E-13 8.54546E-15-2.62623E-13
 -1     10086 7.46070E-14 9.15006E-14 1.50255E-13
 -1     10087 1.06137E-13-2.05786E-13 3.57964E-13
 -1     10088 2.80886E-14-1.10285E-14 5.85906E-13
 -1     10089 8.39329E-14-1.46508E-13-2.85848E-13
 -1     10090 7.75585E+00-4.32121E-01-7.31729E+00
 -1     10091-2.77452E+00-1.01459E+00 5.18012E+00
 -1     10092-2.72005E-15 5.81132E-15-1.65007E-14
 -1     10093 1.94567E-14-3.24133E-15 8.54664E-14
 -1     10094 1.84019E-14-1.01640E-14 2.44180E-14
 -1     10095 1.14408E-13-1.08560E-13-2.02720E-13
 -1     10096 3.20022E-14 2.16222E-16-6.34666E-13
 -1     10097 1.78663E-13 5.29477E-15-5.07011E-13
 -1     10098-7.28445E-14 8.01885E-14-4.07563E-13
 -1     10099 3.58255E+00-1.85550E-04-7.31916E+00
 -1     10100-4.95275E+00-3.60899E-01 1.98399E+01
 -1     10101-3.34732E-14-5.36550E-15-4.70318E-14
 -1     10102-2.01228E-14 1.83100E-14 1.38972E-13
 -1     10103 1.13298E-13-5.47394E-14 2.40426E-13
 -1     10104 1.24872E-13-4.04597E-14 5.30131E-15
 -1     10105 2.41057E-13-5.40038E-14-4.52555E-14
 -1     10106 2.15966E-13 2.74080E-14 6.32876E-13
 -1     10107-9.17044E-14-3.55896E-13 2.03225E-12
 -1     10108 7.16692E+00-2.22660E-04-1.33995E+01
 -1     10109-5.01654E+00 2.38113E-13 2.35707E+01
 -1     10110 5.55112E-16-6.39419E-15 1.34476E-13
 -1     10111 4.01901E-14 4.81642E-14 5.65312E-14
 -1     10112-9.88098E-14-3.27962E-14 6.81039E-13
 -1     10113 1.35281E-13-2.03784E-13 4.31669E-14
 -1     10114 6.47815E-14-1.49142E-13 1.01744E-12
 -1     10115-1.64840E-13-8.41122E-14-5.46257E-13
 -1     10116 3.28904E-15 9.86932E-14-2.50619E-13
 -1     10117 7.16873E+00-5.11483E-14-1.21606E+01
 -1     10118-4.95275E+00 3.60899E-01 1.98399E+01
 -1     10119 5.39568E-14 9.86364E-15 6.93612E-14
 -1     10120-3.83582E-14-3.16787E-14 4.59695E-13
 -1     10121-4.46865E-15-3.63863E-14 1.55431E-13
 -1     10122-1.03750E-13-2.58827E-14 1.52524E-13
 -1     10123 7.29694E-14-7.25776E-14-5.14713E-13
 -1     10124-1.48687E-13 1.43110E-14-1.26416E-12
 -1     10125-6.71685E-14-2.85346E-13 5.36987E-13
 -1     10126 7.16692E+00 2.22660E-04-1.33995E+01
 -1     10127-2.77452E+00 1.01459E+00 5.18012E+00
 -1     10128-1.75415E-14 5.80092E-15 1.72085E-14
 -1     10129-3.29736E-14-5.70030E-15 7.76323E-14
 -1     10130-2.44249E-14-4.24259E-14-3.28793E-13
 -1     10131-4.86278E-14-4.30532E-14-1.22319E-13
 -1     10132-5.31797E-14-1.00314E-13-3.69343E-13
 -1     10133-1.06803E-13 6.91331E-14-2.08722E-14
 -1     10134 2.01617E-13-1.70350E-13-1.58873E-13
 -1     10135 3.58255E+00 1.85550E-04-7.31916E+00
 -1     10136-7.18231E+01-2.55797E+01 6.22730E+00
 -1     10137-1.40860E-14-5.80438E-15-2.93793E-14
 -1     10138-2.66454E-15-7.40250E-15-1.72584E-13
 -1     10139 1.40027E-14 1.15602E-13-4.33729E-13
 -1     10140-2.08666E-13-9.67118E-14-7.58768E-14
 -1     10141 3.39589E-14 1.06264E-13-4.10179E-13
 -1     10142 1.76206E-13 3.28340E-14-2.32037E-13
 -1     10143 9.99478E-14 5.44099E-13-1.42969E-12
 -1     10144-5.85839E-01-4.33175E-01-7.31687E+00
 -1     10145-1.21066E+02-1.05718E+01 2.11546E+01
 -1     10146 4.99600E-15 7.22382E-15 1.32221E-13
 -1     10147 2.74503E-14 2.19707E-14-1.29924E-13
 -1     10148 1.35378E-13-7.30969E-15 1.00277E-12
 -1     10149-1.33574E-13-6.69918E-14-7.81930E-13
 -1     10150 8.22814E-14-1.09389E-13-8.63164E-13
 -1     10151 2.67654E-13-3.52350E-13-3.70856E-13
 -1     10152-2.48905E-13-2.62481E-14 2.56264E-12
 -1     10153-1.34747E+00-5.19810E-01-1.33991E+01
 -1     10154-1.20716E+02 5.00178E-13 2.45592E+01
 -1     10155-1.72085E-14-5.11830E-15 2.08285E-13
 -1     10156-2.74780E-15-5.05993E-14-1.64660E-14
 -1     10157 2.91017E-14 7.18685E-14 4.35992E-13
 -1     10158 1.02501E-13 4.15507E-14 7.07094E-13
 -1     10159 1.67283E-13-1.29140E-13 1.25904E-12
 -1     10160 1.76109E-13 8.94057E-14 1.54864E-12
 -1     10161-1.39042E-13-4.59383E-13 6.31439E-13
 -1     10162-1.52326E+00-7.03803E-14-1.21644E+01
 -1     10163-1.21066E+02 1.05718E+01 2.11546E+01
 -1     10164 8.48627E-14-4.69069E-15-3.52843E-14
 -1     10165 2.69479E-13-3.59185E-14 1.32970E-13
 -1     10166 2.91017E-13-3.91601E-14 7.51413E-13
 -1     10167-1.07137E-13-6.79931E-14 1.06326E-12
 -1     10168-1.10328E-14-1.32818E-13 7.45667E-13
 -1     10169-2.41640E-13-1.25823E-13 1.56153E-12
 -1     10170 9.46673E-14-1.77252E-13 1.21593E-12
 -1     10171-1.34747E+00 5.19810E-01-1.33991E+01
 -1     10172-7.18231E+01 2.55797E+01 6.22730E+00
 -1     10173 5.55112E-15 1.19054E-14-1.47105E-14
 -1     10174 3.05311E-14-2.13787E-14 6.68909E-14
 -1     10175 9.38694E-14-9.64949E-14 1.88460E-14
 -1     10176-3.40283E-14-1.18638E-13-3.22270E-13
 -1     10177 7.74936E-14 5.27087E-14-4.80893E-13
 -1     10178-5.59552E-14 1.36793E-13-5.54529E-13
 -1     10179-7.34413E-14 1.99777E-13 2.75335E-13
 -1     10180-5.85839E-01 4.33175E-01-7.31687E+00
 -1     10181-7.58929E+01-2.30548E+01 2.28186E+01
 -1     10182 2.50494E-14 6.19817E-15-6.25000E+00
 -1     10183-1.17975E-13-2.43837E-14-6.25000E+00
 -1     10184 1.57319E-13 1.77378E-14-6.25000E+00
 -1     10185 7.36633E-14 5.10323E-14-6.25000E+00
 -1     10186 9.36889E-14 8.56124E-15-6.25000E+00
 -1     10187 1.51261E-13-1.13211E-13-6.25000E+00
 -1     10188 9.13228E-14 5.83472E-14-6.25000E+00
 -1     10189-1.68197E+00-3.60975E-01-6.78233E+00
 -1     10190-1.37218E+02-8.90285E+00 4.87178E+01
 -1     10191-6.51285E-14 4.92232E-14-1.25000E+01
 -1     10192 3.56520E-14 5.12403E-14-1.25000E+01
 -1     10193 2.36311E-13-2.88628E-14-1.25000E+01
 -1     10194 2.38393E-13-5.50986E-14-1.25000E+01
 -1     10195 1.77150E-13-8.53516E-14-1.25000E+01
 -1     10196 1.70711E-13-1.00254E-13-1.25000E+01
 -1     10197-1.49512E-13-6.01064E-14-1.25000E+01
 -1     10198-3.51087E+00-4.33169E-01-1.29494E+01
 -1     10199-1.39337E+02 3.09778E-13 5.05505E+01
 -1     10200 1.60427E-14-2.83159E-14-1.25000E+01
 -1     10201-6.25333E-14 5.40692E-16-1.25000E+01
 -1     10202 2.84495E-14-6.75074E-14-1.25000E+01
 -1     10203-5.25552E-14 4.41990E-14-1.25000E+01
 -1     10204 3.74700E-15 7.52219E-16-1.25000E+01
 -1     10205-2.23925E-13 4.57278E-13-1.25000E+01
 -1     10206 6.18394E-14-3.26018E-13-1.25000E+01
 -1     10207-3.65779E+00 1.41638E-13-1.23341E+01
 -1     10208-1.37218E+02 8.90285E+00 4.87178E+01
 -1     10209 4.31322E-14-2.68448E-16-1.25000E+01
 -1     10210-1.05790E-13 1.90032E-14-1.25000E+01
 -1     10211 3.04479E-14 2.96633E-14-1.25000E+01
 -1     10212 3.54342E-13-1.14343E-13-1.25000E+01
 -1     10213 1.68351E-13-2.28191E-13-1.25000E+01
 -1     10214 3.08503E-13-2.46416E-13-1.25000E+01
 -1     10215 1.03181E-14-1.54936E-13-1.25000E+01
 -1     10216-3.51087E+00 4.33169E-01-1.29494E+01
 -1     10217-7.58929E+01 2.30548E+01 2.28186E+01
 -1     10218 1.14908E-14 9.49848E-15-6.25000E+00
 -1     10219 2.24265E-14 7.71345E-15-6.25000E+00
 -1     10220 3.33067E-16 4.13818E-15-6.25000E+00
 -1     10221 4.60187E-14-6.06867E-14-6.25000E+00
 -1     10222 4.30211E-14 4.60734E-14-6.25000E+00
 -1     10223-1.44329E-15-9.13622E-14-6.25000E+00
 -1     10224 2.59986E-13 5.32210E-14-6.25000E+00
 -1     10225-1.68197E+00 3.60975E-01-6.78233E+00
 -3
    1PSTEP                        10           1           2          
  100CL  102 2.000000000         225                     0    2           1
 -4  ERROR       1    1
 -5  STR(%)      1    1    0    0
 -1     10001 3.82316E+01
 -1     10002 3.82316E+01
 -1     10003 3.33535E+01
 -1     10004 2.87260E+01
 -1     10005 2.69768E+01
 -1     10006 2.67282E+01
 -1     10007 3.61735E+01
 -1     10008 3.61735E+01
 -1     10009 3.41295E+00
 -1     10010 3.82316E+01
 -1     10011 3.82316E+01
 -1     10012 3.33535E+01
 -1     10013 2.87260E+01
 -1     10014 2.74289E+01
 -1     10015 2.67282E+01
 -1     10016 3.61735E+01
 -1     10017 3.61735E+01
 -1     10018 3.41295E+00
 -1     10019 3.64427E+01
 -1     10020 3.64427E+01
 -1     10021 2.76876E+01
 -1     10022 2.74289E+01
 -1     10023 2.74289E+01
 -1     10024 2.54359E+01
 -1     10025 3.13977E+01
 -1     10026 3.13977E+01
 -1     10027 2.29263E+00
 -1     10028 3.82316E+01
 -1     10029 3.82316E+01
 -1     10030 3.33535E+01
 -1     10031 2.87260E+01
 -1     10032 2.74289E+01
 -1     10033 2.67282E+01
 -1     10034 3.61735E+01
 -1     10035 3.61735E+01
 -1     10036 3.41295E+00
 -1     10037 3.82316E+01
 -1     10038 3.82316E+01
 -1     10039 3.33535E+01
 -1     10040 2.87260E+01
 -1     10041 2.69768E+01
 -1     10042 2.67282E+01
 -1     10043 3.61735E+01
 -1     10044 3.61735E+01
 -1     10045 3.41295E+00
 -1     10046 5.70801E+01
 -1     10047 5.70801E+01
 -1     10048 4.79755E+01
 -1     10049 4.20486E+01
 -1     10050 3.50359E+01
 -1     10051 3.05725E+01
 -1     10052 3.61735E+01
 -1     10053 3.61735E+01
 -1     10054 4.46985E+00
 -1     10055 5.70801E+01
 -1     10056 5.70801E+01
 -1     10057 4.79755E+01
 -1     10058 4.45047E+01
 -1     10059 3.50359E+01
 -1     10060 3.05725E+01
 -1     10061 3.61735E+01
 -1     10062 3.61735E+01
 -1     10063 4.46985E+00
 -1     10064 4.24338E+01
 -1     10065 4.41060E+01
 -1     10066 4.45047E+01
 -1     10067 4.45047E+01
 -1     10068 3.45862E+01
 -1     10069 2.85718E+01
 -1     10070 3.13977E+01
 -1     10071 3.13977E+01
 -1     10072 3.13089E+00
 -1     10073 5.70801E+01
 -1     10074 5.70801E+01
 -1     10075 4.79755E+01
 -1     10076 4.45047E+01
 -1     10077 3.50359E+01
 -1     10078 3.05725E+01
 -1     10079 3.61735E+01
 -1     10080 3.61735E+01
 -1     10081 4.46985E+00
 -1     10082 5.70801E+01
 -1     10083 5.70801E+01
 -1     10084 4.79755E+01
 -1     10085 4.20486E+01
 -1     10086 3.50359E+01
 -1     10087 3.05725E+01
 -1     10088 3.61735E+01
 -1     10089 3.61735E+01
 -1     10090 4.46985E+00
 -1     10091 5.70801E+01
 -1     10092 5.70801E+01
 -1     10093 4.96859E+01
 -1     10094 4.27806E+01
 -1     10095 3.75582E+01
 -1     10096 3.32573E+01
 -1     10097 2.55760E+01
 -1     10098 1.32235E+01
 -1     10099 7.14823E+00
 -1     10100 5.70801E+01
 -1     10101 5.70801E+01
 -1     10102 4.96859E+01
 -1     10103 4.50772E+01
 -1     10104 3.76182E+01
 -1     10105 3.32573E+01
 -1     10106 2.55760E+01
 -1     10107 1.32235E+01
 -1     10108 7.14823E+00
 -1     10109 4.24338E+01
 -1     10110 4.53825E+01
 -1     10111 4.53825E+01
 -1     10112 4.50772E+01
 -1     10113 3.76182E+01
 -1     10114 3.22587E+01
 -1     10115 2.32605E+01
 -1     10116 7.99832E+00
 -1     10117 4.49635E+00
 -1     10118 5.70801E+01
 -1     10119 5.70801E+01
 -1     10120 4.96859E+01
 -1     10121 4.50772E+01
 -1     10122 3.76182E+01
 -1     10123 3.32573E+01
 -1     10124 2.55760E+01
 -1     10125 1.32235E+01
 -1     10126 7.14823E+00
 -1     10127 5.70801E+01
 -1     10128 5.70801E+01
 -1     10129 4.96859E+01
 -1     10130 4.27806E+01
 -1     10131 3.75582E+01
 -1     10132 3.32573E+01
 -1     10133 2.55760E+01
 -1     10134 1.32235E+01
 -1     10135 7.14823E+00
 -1     10136 5.34259E+01
 -1     10137 5.34259E+01
 -1     10138 4.96859E+01
 -1     10139 4.27806E+01
 -1     10140 3.75582E+01
 -1     10141 3.32573E+01
 -1     10142 2.55760E+01
 -1     10143 1.74078E+01
 -1     10144 7.14823E+00
 -1     10145 5.34259E+01
 -1     10146 5.34259E+01
 -1     10147 4.96859E+01
 -1     10148 4.50772E+01
 -1     10149 3.76182E+01
 -1     10150 3.32573E+01
 -1     10151 2.55760E+01
 -1     10152 1.74078E+01
 -1     10153 7.14823E+00
 -1     10154 4.12806E+01
 -1     10155 4.53825E+01
 -1     10156 4.53825E+01
 -1     10157 4.50772E+01
 -1     10158 3.76182E+01
 -1     10159 3.22587E+01
 -1     10160 2.32605E+01
 -1     10161 1.39310E+01
 -1     10162 4.49635E+00
 -1     10163 5.34259E+01
 -1     10164 5.34259E+01
 -1     10165 4.96859E+01
 -1     10166 4.50772E+01
 -1     10167 3.76182E+01
 -1     10168 3.32573E+01
 -1     10169 2.55760E+01
 -1     10170 1.74078E+01
 -1     10171 7.14823E+00
 -1     10172 5.34259E+01
 -1     10173 5.34259E+01
 -1     10174 4.96859E+01
 -1     10175 4.27806E+01
 -1     10176 3.75582E+01
 -1     10177 3.32573E+01
 -1     10178 2.55760E+01
 -1     10179 1.74078E+01
 -1     10180 7.14823E+00
 -1     10181 3.68319E+01
 -1     10182 3.68319E+01
 -1     10183 2.89381E+01
 -1     10184 2.42249E+01
 -1     10185 2.20105E+01
 -1     10186 2.05553E+01
 -1     10187 1.74078E+01
 -1     10188 1.74078E+01
 -1     10189 4.18265E+00
 -1     10190 3.68319E+01
 -1     10191 3.68319E+01
 -1     10192 2.89381E+01
 -1     10193 2.42249E+01
 -1     10194 2.24166E+01
 -1     10195 2.05553E+01
 -1     10196 1.74078E+01
 -1     10197 1.74078E+01
 -1     10198 4.18265E+00
 -1     10199 3.51712E+01
 -1     10200 3.51712E+01
 -1     10201 2.33522E+01
 -1     10202 2.30039E+01
 -1     10203 2.24166E+01
 -1     10204 1.95252E+01
 -1     10205 1.56512E+01
 -1     10206 1.39310E+01
 -1     10207 3.71429E+00
 -1     10208 3.68319E+01
 -1     10209 3.68319E+01
 -1     10210 2.89381E+01
 -1     10211 2.42249E+01
 -1     10212 2.24166E+01
 -1     10213 2.05553E+01
 -1     10214 1.74078E+01
 -1     10215 1.74078E+01
 -1     10216 4.18265E+00
 -1     10217 3.68319E+01
 -1     10218 3.68319E+01
 -1     10219 2.89381E+01
 -1     10220 2.42249E+01
 -1     10221 2.20105E+01
 -1     10222 2.05553E+01
 -1     10223 1.74078E+01
 -1     10224 1.74078E+01
 -1     10225 4.18265E+00
 -3
 9999
