    1C
    1Uccxview symbols: every support, load, thermal load and constraint,
    1UUSER                                                              
    1UDATE              08.october.2026                                 
    1UTIME              11:16:39                                        
    1UHOST                                                              
    1UPGM               CalculiX                                        
    1UVERSION           Version 2.22                             
    1UCOMPILETIME       Mon Aug  5 19:15:25 CEST 2024                    
    1UDIR                                                               
    1UDBN                                                               
    1UMAT    1STEEL                                                     
    1UMAT    2TOUCH                                                     
    1UMAT    3SPRING                                                    
    1UMAT    4DASHPOT                                                   
    1UMAT    5GAP                                                       
    1UMAT    6MASS                                                      
    2C                           403                                     1
 -1         1 0.00000E+00 0.00000E+00 0.00000E+00
 -1         2 1.00000E+01 0.00000E+00 0.00000E+00
 -1         3 1.00000E+01 1.00000E+01 0.00000E+00
 -1         4 0.00000E+00 1.00000E+01 0.00000E+00
 -1         5 0.00000E+00 0.00000E+00 1.00000E+01
 -1         6 1.00000E+01 0.00000E+00 1.00000E+01
 -1         7 1.00000E+01 1.00000E+01 1.00000E+01
 -1         8 0.00000E+00 1.00000E+01 1.00000E+01
 -1         9 2.50000E+01 0.00000E+00 0.00000E+00
 -1        10 3.50000E+01 0.00000E+00 0.00000E+00
 -1        13 5.00000E+01 0.00000E+00 0.00000E+00
 -1        14 6.00000E+01 0.00000E+00 0.00000E+00
 -1        15 6.00000E+01 1.00000E+01 0.00000E+00
 -1        16 5.00000E+01 1.00000E+01 0.00000E+00
 -1        17 5.00000E+01 0.00000E+00 1.00000E+01
 -1        18 6.00000E+01 0.00000E+00 1.00000E+01
 -1        19 6.00000E+01 1.00000E+01 1.00000E+01
 -1        20 5.00000E+01 1.00000E+01 1.00000E+01
 -1        21 7.50000E+01 0.00000E+00 0.00000E+00
 -1        24 7.50000E+01 1.00000E+01 0.00000E+00
 -1        25 1.00000E+02 0.00000E+00 0.00000E+00
 -1        26 1.10000E+02 0.00000E+00 0.00000E+00
 -1        27 1.10000E+02 1.00000E+01 0.00000E+00
 -1        28 1.00000E+02 1.00000E+01 0.00000E+00
 -1        29 1.00000E+02 0.00000E+00 1.00000E+01
 -1        30 1.10000E+02 0.00000E+00 1.00000E+01
 -1        31 1.10000E+02 1.00000E+01 1.00000E+01
 -1        32 1.00000E+02 1.00000E+01 1.00000E+01
 -1        33 1.25000E+02 0.00000E+00 0.00000E+00
 -1        34 1.35000E+02 0.00000E+00 0.00000E+00
 -1        35 1.35000E+02 1.00000E+01 0.00000E+00
 -1        36 1.25000E+02 1.00000E+01 0.00000E+00
 -1        37 1.25000E+02 0.00000E+00 1.00000E+01
 -1        38 1.35000E+02 0.00000E+00 1.00000E+01
 -1        39 1.35000E+02 1.00000E+01 1.00000E+01
 -1        40 1.25000E+02 1.00000E+01 1.00000E+01
 -1        41 0.00000E+00 3.00000E+01 0.00000E+00
 -1        42 1.00000E+01 3.00000E+01 0.00000E+00
 -1        43 1.00000E+01 4.00000E+01 0.00000E+00
 -1        44 0.00000E+00 4.00000E+01 0.00000E+00
 -1        45 0.00000E+00 3.00000E+01 1.00000E+01
 -1        46 1.00000E+01 3.00000E+01 1.00000E+01
 -1        47 1.00000E+01 4.00000E+01 1.00000E+01
 -1        48 0.00000E+00 4.00000E+01 1.00000E+01
 -1        49 2.50000E+01 3.50000E+01 0.00000E+00
 -1        52 5.00000E+01 3.00000E+01 0.00000E+00
 -1        53 6.00000E+01 3.00000E+01 0.00000E+00
 -1        54 6.00000E+01 4.00000E+01 0.00000E+00
 -1        55 5.00000E+01 4.00000E+01 0.00000E+00
 -1        56 5.00000E+01 3.00000E+01 1.00000E+01
 -1        57 6.00000E+01 3.00000E+01 1.00000E+01
 -1        58 6.00000E+01 4.00000E+01 1.00000E+01
 -1        59 5.00000E+01 4.00000E+01 1.00000E+01
 -1        60 7.50000E+01 3.00000E+01 0.00000E+00
 -1        61 8.50000E+01 3.00000E+01 0.00000E+00
 -1        62 8.50000E+01 4.00000E+01 0.00000E+00
 -1        63 7.50000E+01 4.00000E+01 0.00000E+00
 -1        64 7.50000E+01 3.00000E+01 1.00000E+01
 -1        65 8.50000E+01 3.00000E+01 1.00000E+01
 -1        66 8.50000E+01 4.00000E+01 1.00000E+01
 -1        67 7.50000E+01 4.00000E+01 1.00000E+01
 -1        68 1.00000E+02 3.00000E+01 0.00000E+00
 -1        71 1.00000E+02 4.00000E+01 0.00000E+00
 -1        72 1.25000E+02 3.00000E+01 0.00000E+00
 -1        75 1.25000E+02 4.00000E+01 0.00000E+00
 -1        76 1.50000E+02 3.00000E+01 0.00000E+00
 -1        77 1.60000E+02 3.00000E+01 0.00000E+00
 -1        78 1.60000E+02 4.00000E+01 0.00000E+00
 -1        79 1.50000E+02 4.00000E+01 0.00000E+00
 -1        80 1.50000E+02 3.00000E+01 1.00000E+01
 -1        81 1.60000E+02 3.00000E+01 1.00000E+01
 -1        82 1.60000E+02 4.00000E+01 1.00000E+01
 -1        83 1.50000E+02 4.00000E+01 1.00000E+01
 -1        84 1.75000E+02 3.00000E+01 0.00000E+00
 -1        85 1.85000E+02 3.00000E+01 0.00000E+00
 -1        86 1.85000E+02 4.00000E+01 0.00000E+00
 -1        87 1.75000E+02 4.00000E+01 0.00000E+00
 -1        88 1.75000E+02 3.00000E+01 1.00000E+01
 -1        89 1.85000E+02 3.00000E+01 1.00000E+01
 -1        90 1.85000E+02 4.00000E+01 1.00000E+01
 -1        91 1.75000E+02 4.00000E+01 1.00000E+01
 -1        92 2.00000E+02 3.00000E+01 0.00000E+00
 -1        93 2.10000E+02 3.00000E+01 0.00000E+00
 -1        94 2.10000E+02 4.00000E+01 0.00000E+00
 -1        95 2.00000E+02 4.00000E+01 0.00000E+00
 -1        96 2.00000E+02 3.00000E+01 1.00000E+01
 -1        97 2.10000E+02 3.00000E+01 1.00000E+01
 -1        98 2.10000E+02 4.00000E+01 1.00000E+01
 -1        99 2.00000E+02 4.00000E+01 1.00000E+01
 -1       100 2.25000E+02 3.00000E+01 0.00000E+00
 -1       101 2.35000E+02 3.00000E+01 0.00000E+00
 -1       102 2.35000E+02 4.00000E+01 0.00000E+00
 -1       103 2.25000E+02 4.00000E+01 0.00000E+00
 -1       104 2.25000E+02 3.00000E+01 5.00000E+00
 -1       105 2.35000E+02 3.00000E+01 5.00000E+00
 -1       106 2.35000E+02 4.00000E+01 5.00000E+00
 -1       107 2.25000E+02 4.00000E+01 5.00000E+00
 -1       108 2.25000E+02 3.00000E+01 1.00000E+01
 -1       109 2.35000E+02 3.00000E+01 1.00000E+01
 -1       110 2.35000E+02 4.00000E+01 1.00000E+01
 -1       111 2.25000E+02 4.00000E+01 1.00000E+01
 -1       113 2.50000E+02 3.00000E+01 0.00000E+00
 -1       114 2.60000E+02 3.00000E+01 0.00000E+00
 -1       115 2.60000E+02 4.00000E+01 0.00000E+00
 -1       116 2.50000E+02 4.00000E+01 0.00000E+00
 -1       117 2.50000E+02 3.00000E+01 5.00000E+00
 -1       118 2.60000E+02 3.00000E+01 5.00000E+00
 -1       119 2.60000E+02 4.00000E+01 5.00000E+00
 -1       120 2.50000E+02 4.00000E+01 5.00000E+00
 -1       121 2.50000E+02 3.00000E+01 1.00000E+01
 -1       122 2.60000E+02 3.00000E+01 1.00000E+01
 -1       123 2.60000E+02 4.00000E+01 1.00000E+01
 -1       124 2.50000E+02 4.00000E+01 1.00000E+01
 -1       126 2.75000E+02 3.00000E+01 0.00000E+00
 -1       127 2.75000E+02 3.00000E+01 5.00000E+00
 -1       128 2.75000E+02 3.00000E+01 1.00000E+01
 -1       129 2.75000E+02 3.33333E+01 0.00000E+00
 -1       130 2.75000E+02 3.33333E+01 5.00000E+00
 -1       131 2.75000E+02 3.33333E+01 1.00000E+01
 -1       132 2.75000E+02 3.66667E+01 0.00000E+00
 -1       133 2.75000E+02 3.66667E+01 5.00000E+00
 -1       134 2.75000E+02 3.66667E+01 1.00000E+01
 -1       135 2.75000E+02 4.00000E+01 0.00000E+00
 -1       136 2.75000E+02 4.00000E+01 5.00000E+00
 -1       137 2.75000E+02 4.00000E+01 1.00000E+01
 -1       138 2.78333E+02 3.00000E+01 0.00000E+00
 -1       139 2.78333E+02 3.00000E+01 5.00000E+00
 -1       140 2.78333E+02 3.00000E+01 1.00000E+01
 -1       141 2.78333E+02 3.33333E+01 0.00000E+00
 -1       142 2.78333E+02 3.33333E+01 5.00000E+00
 -1       143 2.78333E+02 3.33333E+01 1.00000E+01
 -1       144 2.78333E+02 3.66667E+01 0.00000E+00
 -1       145 2.78333E+02 3.66667E+01 5.00000E+00
 -1       146 2.78333E+02 3.66667E+01 1.00000E+01
 -1       147 2.78333E+02 4.00000E+01 0.00000E+00
 -1       148 2.78333E+02 4.00000E+01 5.00000E+00
 -1       149 2.78333E+02 4.00000E+01 1.00000E+01
 -1       150 2.81667E+02 3.00000E+01 0.00000E+00
 -1       151 2.81667E+02 3.00000E+01 5.00000E+00
 -1       152 2.81667E+02 3.00000E+01 1.00000E+01
 -1       153 2.81667E+02 3.33333E+01 0.00000E+00
 -1       154 2.81667E+02 3.33333E+01 5.00000E+00
 -1       155 2.81667E+02 3.33333E+01 1.00000E+01
 -1       156 2.81667E+02 3.66667E+01 0.00000E+00
 -1       157 2.81667E+02 3.66667E+01 5.00000E+00
 -1       158 2.81667E+02 3.66667E+01 1.00000E+01
 -1       159 2.81667E+02 4.00000E+01 0.00000E+00
 -1       160 2.81667E+02 4.00000E+01 5.00000E+00
 -1       161 2.81667E+02 4.00000E+01 1.00000E+01
 -1       162 2.85000E+02 3.00000E+01 0.00000E+00
 -1       163 2.85000E+02 3.00000E+01 5.00000E+00
 -1       164 2.85000E+02 3.00000E+01 1.00000E+01
 -1       165 2.85000E+02 3.33333E+01 0.00000E+00
 -1       166 2.85000E+02 3.33333E+01 5.00000E+00
 -1       167 2.85000E+02 3.33333E+01 1.00000E+01
 -1       168 2.85000E+02 3.66667E+01 0.00000E+00
 -1       169 2.85000E+02 3.66667E+01 5.00000E+00
 -1       170 2.85000E+02 3.66667E+01 1.00000E+01
 -1       171 2.85000E+02 4.00000E+01 0.00000E+00
 -1       172 2.85000E+02 4.00000E+01 5.00000E+00
 -1       173 2.85000E+02 4.00000E+01 1.00000E+01
 -1       175 0.00000E+00 6.00000E+01 0.00000E+00
 -1       176 1.00000E+01 6.00000E+01 0.00000E+00
 -1       177 1.00000E+01 7.00000E+01 0.00000E+00
 -1       178 0.00000E+00 7.00000E+01 0.00000E+00
 -1       179 0.00000E+00 6.00000E+01 1.00000E+01
 -1       180 1.00000E+01 6.00000E+01 1.00000E+01
 -1       181 1.00000E+01 7.00000E+01 1.00000E+01
 -1       182 0.00000E+00 7.00000E+01 1.00000E+01
 -1       183 2.50000E+01 6.00000E+01 0.00000E+00
 -1       184 3.50000E+01 6.00000E+01 0.00000E+00
 -1       185 3.50000E+01 7.00000E+01 0.00000E+00
 -1       186 2.50000E+01 7.00000E+01 0.00000E+00
 -1       187 2.50000E+01 6.00000E+01 1.00000E+01
 -1       188 3.50000E+01 6.00000E+01 1.00000E+01
 -1       189 3.50000E+01 7.00000E+01 1.00000E+01
 -1       190 2.50000E+01 7.00000E+01 1.00000E+01
 -1       191 5.00000E+01 6.00000E+01 0.00000E+00
 -1       192 6.00000E+01 6.00000E+01 0.00000E+00
 -1       193 6.00000E+01 7.00000E+01 0.00000E+00
 -1       194 5.00000E+01 7.00000E+01 0.00000E+00
 -1       195 5.00000E+01 6.00000E+01 1.00000E+01
 -1       196 6.00000E+01 6.00000E+01 1.00000E+01
 -1       197 6.00000E+01 7.00000E+01 1.00000E+01
 -1       198 5.00000E+01 7.00000E+01 1.00000E+01
 -1       199 7.50000E+01 6.00000E+01 0.00000E+00
 -1       200 8.50000E+01 6.00000E+01 0.00000E+00
 -1       201 8.50000E+01 7.00000E+01 0.00000E+00
 -1       202 7.50000E+01 7.00000E+01 0.00000E+00
 -1       203 7.50000E+01 6.00000E+01 1.00000E+01
 -1       204 8.50000E+01 6.00000E+01 1.00000E+01
 -1       205 8.50000E+01 7.00000E+01 1.00000E+01
 -1       206 7.50000E+01 7.00000E+01 1.00000E+01
 -1       207 1.00000E+02 6.00000E+01 0.00000E+00
 -1       208 1.10000E+02 6.00000E+01 0.00000E+00
 -1       209 1.10000E+02 7.00000E+01 0.00000E+00
 -1       210 1.00000E+02 7.00000E+01 0.00000E+00
 -1       211 1.00000E+02 6.00000E+01 1.00000E+01
 -1       212 1.10000E+02 6.00000E+01 1.00000E+01
 -1       213 1.10000E+02 7.00000E+01 1.00000E+01
 -1       214 1.00000E+02 7.00000E+01 1.00000E+01
 -1       215 1.25000E+02 6.00000E+01 0.00000E+00
 -1       216 1.35000E+02 6.00000E+01 0.00000E+00
 -1       217 1.35000E+02 7.00000E+01 0.00000E+00
 -1       218 1.25000E+02 7.00000E+01 0.00000E+00
 -1       219 1.25000E+02 6.00000E+01 1.00000E+01
 -1       220 1.35000E+02 6.00000E+01 1.00000E+01
 -1       221 1.35000E+02 7.00000E+01 1.00000E+01
 -1       222 1.25000E+02 7.00000E+01 1.00000E+01
 -1       223 0.00000E+00 9.00000E+01 0.00000E+00
 -1       224 1.00000E+01 9.00000E+01 0.00000E+00
 -1       225 1.00000E+01 1.00000E+02 0.00000E+00
 -1       226 0.00000E+00 1.00000E+02 0.00000E+00
 -1       227 0.00000E+00 9.00000E+01 1.00000E+01
 -1       228 1.00000E+01 9.00000E+01 1.00000E+01
 -1       229 1.00000E+01 1.00000E+02 1.00000E+01
 -1       230 0.00000E+00 1.00000E+02 1.00000E+01
 -1       232 2.50000E+01 9.00000E+01 0.00000E+00
 -1       233 3.50000E+01 9.00000E+01 0.00000E+00
 -1       234 3.50000E+01 1.00000E+02 0.00000E+00
 -1       235 2.50000E+01 1.00000E+02 0.00000E+00
 -1       236 2.50000E+01 9.00000E+01 1.00000E+01
 -1       237 3.50000E+01 9.00000E+01 1.00000E+01
 -1       238 3.50000E+01 1.00000E+02 1.00000E+01
 -1       239 2.50000E+01 1.00000E+02 1.00000E+01
 -1       241 5.00000E+01 9.00000E+01 0.00000E+00
 -1       242 6.00000E+01 9.00000E+01 0.00000E+00
 -1       243 6.00000E+01 1.00000E+02 0.00000E+00
 -1       244 5.00000E+01 1.00000E+02 0.00000E+00
 -1       245 5.00000E+01 9.00000E+01 1.00000E+01
 -1       246 6.00000E+01 9.00000E+01 1.00000E+01
 -1       247 6.00000E+01 1.00000E+02 1.00000E+01
 -1       248 5.00000E+01 1.00000E+02 1.00000E+01
 -1       250 2.00000E+02 9.00000E+01 0.00000E+00
 -1       251 2.10000E+02 9.00000E+01 0.00000E+00
 -1       252 2.10000E+02 1.00000E+02 0.00000E+00
 -1       253 2.00000E+02 1.00000E+02 0.00000E+00
 -1       254 2.00000E+02 9.00000E+01 1.00000E+01
 -1       255 2.10000E+02 9.00000E+01 1.00000E+01
 -1       256 2.10000E+02 1.00000E+02 1.00000E+01
 -1       257 2.00000E+02 1.00000E+02 1.00000E+01
 -1       260 7.50000E+01 9.00000E+01 0.00000E+00
 -1       261 8.50000E+01 9.00000E+01 0.00000E+00
 -1       262 8.50000E+01 1.00000E+02 0.00000E+00
 -1       263 7.50000E+01 1.00000E+02 0.00000E+00
 -1       264 7.50000E+01 9.00000E+01 1.00000E+01
 -1       265 8.50000E+01 9.00000E+01 1.00000E+01
 -1       266 8.50000E+01 1.00000E+02 1.00000E+01
 -1       267 7.50000E+01 1.00000E+02 1.00000E+01
 -1       268 1.00000E+02 9.00000E+01 0.00000E+00
 -1       269 1.10000E+02 9.00000E+01 0.00000E+00
 -1       270 1.10000E+02 1.00000E+02 0.00000E+00
 -1       271 1.00000E+02 1.00000E+02 0.00000E+00
 -1       272 1.00000E+02 9.00000E+01 1.00000E+01
 -1       273 1.10000E+02 9.00000E+01 1.00000E+01
 -1       274 1.10000E+02 1.00000E+02 1.00000E+01
 -1       275 1.00000E+02 1.00000E+02 1.00000E+01
 -1       276 1.25000E+02 9.00000E+01 0.00000E+00
 -1       277 1.35000E+02 9.00000E+01 0.00000E+00
 -1       278 1.35000E+02 1.00000E+02 0.00000E+00
 -1       279 1.25000E+02 1.00000E+02 0.00000E+00
 -1       280 1.25000E+02 9.00000E+01 5.00000E+00
 -1       281 1.35000E+02 9.00000E+01 5.00000E+00
 -1       282 1.35000E+02 1.00000E+02 5.00000E+00
 -1       283 1.25000E+02 1.00000E+02 5.00000E+00
 -1       284 1.25000E+02 9.00000E+01 5.00000E+00
 -1       285 1.35000E+02 9.00000E+01 5.00000E+00
 -1       286 1.35000E+02 1.00000E+02 5.00000E+00
 -1       287 1.25000E+02 1.00000E+02 5.00000E+00
 -1       288 1.25000E+02 9.00000E+01 1.00000E+01
 -1       289 1.35000E+02 9.00000E+01 1.00000E+01
 -1       290 1.35000E+02 1.00000E+02 1.00000E+01
 -1       291 1.25000E+02 1.00000E+02 1.00000E+01
 -1       292 1.50000E+02 9.00000E+01 0.00000E+00
 -1       293 1.60000E+02 9.00000E+01 0.00000E+00
 -1       294 1.60000E+02 1.00000E+02 0.00000E+00
 -1       295 1.50000E+02 1.00000E+02 0.00000E+00
 -1       296 1.50000E+02 9.00000E+01 5.00000E+00
 -1       297 1.60000E+02 9.00000E+01 5.00000E+00
 -1       298 1.60000E+02 1.00000E+02 5.00000E+00
 -1       299 1.50000E+02 1.00000E+02 5.00000E+00
 -1       300 1.50000E+02 9.00000E+01 4.99900E+00
 -1       301 1.60000E+02 9.00000E+01 4.99900E+00
 -1       302 1.60000E+02 1.00000E+02 4.99900E+00
 -1       303 1.50000E+02 1.00000E+02 4.99900E+00
 -1       304 1.50000E+02 9.00000E+01 9.99900E+00
 -1       305 1.60000E+02 9.00000E+01 9.99900E+00
 -1       306 1.60000E+02 1.00000E+02 9.99900E+00
 -1       307 1.50000E+02 1.00000E+02 9.99900E+00
 -1       308 1.75000E+02 9.00000E+01 0.00000E+00
 -1       309 1.78000E+02 9.00000E+01 0.00000E+00
 -1       310 1.81000E+02 9.00000E+01 0.00000E+00
 -1       311 1.84000E+02 9.00000E+01 0.00000E+00
 -1       312 1.75000E+02 9.00000E+01 1.00000E+01
 -1       313 1.78000E+02 9.00000E+01 1.00000E+01
 -1       314 1.81000E+02 9.00000E+01 1.00000E+01
 -1       315 1.84000E+02 9.00000E+01 1.00000E+01
 -1       317 0.00000E+00 0.00000E+00 0.00000E+00
 -1       318 0.00000E+00 0.00000E+00 0.00000E+00
 -1       319 0.00000E+00 0.00000E+00 0.00000E+00
 -1       320 0.00000E+00 0.00000E+00 0.00000E+00
 -1       321 0.00000E+00 0.00000E+00 0.00000E+00
 -1       322 0.00000E+00 0.00000E+00 0.00000E+00
 -1       323 0.00000E+00 0.00000E+00 0.00000E+00
 -1       324 0.00000E+00 0.00000E+00 0.00000E+00
 -1       325 2.25000E+02 3.00000E+01 5.00000E+00
 -1       326 2.35000E+02 3.00000E+01 5.00000E+00
 -1       327 2.35000E+02 4.00000E+01 5.00000E+00
 -1       328 2.25000E+02 4.00000E+01 5.00000E+00
 -1       329 2.50000E+02 3.00000E+01 5.00000E+00
 -1       330 2.60000E+02 3.00000E+01 5.00000E+00
 -1       331 2.60000E+02 4.00000E+01 5.00000E+00
 -1       332 2.50000E+02 4.00000E+01 5.00000E+00
 -1       333 2.78333E+02 3.33333E+01 5.00000E+00
 -1       334 2.81667E+02 3.33333E+01 5.00000E+00
 -1       335 2.81667E+02 3.66667E+01 5.00000E+00
 -1       336 2.78333E+02 3.66667E+01 5.00000E+00
 -1       338 0.00000E+00 0.00000E+00 0.00000E+00
 -1       339 0.00000E+00 0.00000E+00 0.00000E+00
 -1       340 0.00000E+00 0.00000E+00 0.00000E+00
 -1       341 0.00000E+00 0.00000E+00 0.00000E+00
 -1       342 0.00000E+00 0.00000E+00 0.00000E+00
 -1       343 0.00000E+00 0.00000E+00 0.00000E+00
 -1       344 0.00000E+00 0.00000E+00 0.00000E+00
 -1       345 0.00000E+00 0.00000E+00 0.00000E+00
 -1       346 0.00000E+00 0.00000E+00 0.00000E+00
 -1       347 2.50000E+01 0.00000E+00-5.00000E-01
 -1       349 2.50000E+01 0.00000E+00 5.00000E-01
 -1       350 3.50000E+01 0.00000E+00-5.00000E-01
 -1       352 3.50000E+01 0.00000E+00 5.00000E-01
 -1       353 3.50000E+01 1.00000E+01-5.00000E-01
 -1       355 3.50000E+01 1.00000E+01 5.00000E-01
 -1       356 2.50000E+01 1.00000E+01-5.00000E-01
 -1       358 2.50000E+01 1.00000E+01 5.00000E-01
 -1       359 7.50000E+01 0.00000E+00-5.00000E-01
 -1       361 7.50000E+01 0.00000E+00 5.00000E-01
 -1       362 8.50000E+01 0.00000E+00-5.00000E-01
 -1       364 8.50000E+01 0.00000E+00 5.00000E-01
 -1       365 8.50000E+01 1.00000E+01-5.00000E-01
 -1       367 8.50000E+01 1.00000E+01 5.00000E-01
 -1       368 7.50000E+01 1.00000E+01-5.00000E-01
 -1       370 7.50000E+01 1.00000E+01 5.00000E-01
 -1       371 2.40000E+01 3.60000E+01 0.00000E+00
 -1       372 2.40000E+01 3.40000E+01 0.00000E+00
 -1       373 2.60000E+01 3.40000E+01 0.00000E+00
 -1       374 2.60000E+01 3.60000E+01 0.00000E+00
 -1       379 2.40000E+01 3.60000E+01 5.00000E+00
 -1       380 2.40000E+01 3.40000E+01 5.00000E+00
 -1       381 2.60000E+01 3.40000E+01 5.00000E+00
 -1       382 2.60000E+01 3.60000E+01 5.00000E+00
 -1       387 2.40000E+01 3.60000E+01 1.00000E+01
 -1       388 2.40000E+01 3.40000E+01 1.00000E+01
 -1       389 2.60000E+01 3.40000E+01 1.00000E+01
 -1       390 2.60000E+01 3.60000E+01 1.00000E+01
 -1       395 1.00000E+02 3.00000E+01-5.00000E-01
 -1       397 1.00000E+02 3.00000E+01 5.00000E-01
 -1       398 1.10000E+02 3.00000E+01-5.00000E-01
 -1       400 1.10000E+02 3.00000E+01 5.00000E-01
 -1       401 1.10000E+02 4.00000E+01-5.00000E-01
 -1       403 1.10000E+02 4.00000E+01 5.00000E-01
 -1       404 1.00000E+02 4.00000E+01-5.00000E-01
 -1       406 1.00000E+02 4.00000E+01 5.00000E-01
 -1       407 1.25000E+02 3.00000E+01-5.00000E-01
 -1       409 1.25000E+02 3.00000E+01 5.00000E-01
 -1       410 1.35000E+02 3.00000E+01-5.00000E-01
 -1       412 1.35000E+02 3.00000E+01 5.00000E-01
 -1       413 1.35000E+02 4.00000E+01-5.00000E-01
 -1       415 1.35000E+02 4.00000E+01 5.00000E-01
 -1       416 1.25000E+02 4.00000E+01-5.00000E-01
 -1       418 1.25000E+02 4.00000E+01 5.00000E-01
 -1       434 0.00000E+00 0.00000E+00 0.00000E+00
 -1       436 0.00000E+00 0.00000E+00 0.00000E+00
 -1       437 0.00000E+00 0.00000E+00 0.00000E+00
 -1       438 0.00000E+00 0.00000E+00 0.00000E+00
 -1       439 0.00000E+00 0.00000E+00 0.00000E+00
 -1       441 0.00000E+00 0.00000E+00 0.00000E+00
 -1       442 0.00000E+00 0.00000E+00 0.00000E+00
 -1       443 0.00000E+00 0.00000E+00 0.00000E+00
 -1       444 0.00000E+00 0.00000E+00 0.00000E+00
 -1       446 0.00000E+00 0.00000E+00 0.00000E+00
 -1       447 0.00000E+00 0.00000E+00 0.00000E+00
 -1       448 0.00000E+00 0.00000E+00 0.00000E+00
 -1       449 0.00000E+00 0.00000E+00 0.00000E+00
 -1       451 0.00000E+00 0.00000E+00 0.00000E+00
 -1       452 0.00000E+00 0.00000E+00 0.00000E+00
 -1       453 0.00000E+00 0.00000E+00 0.00000E+00
 -1       454 0.00000E+00 0.00000E+00 0.00000E+00
 -1       456 0.00000E+00 0.00000E+00 0.00000E+00
 -1       457 0.00000E+00 0.00000E+00 0.00000E+00
 -1       458 0.00000E+00 0.00000E+00 0.00000E+00
 -1       459 0.00000E+00 0.00000E+00 0.00000E+00
 -1       460 0.00000E+00 0.00000E+00 0.00000E+00
 -1       461 0.00000E+00 0.00000E+00 0.00000E+00
 -1       462 0.00000E+00 0.00000E+00 0.00000E+00
 -1       463 0.00000E+00 0.00000E+00 0.00000E+00
 -1       464 0.00000E+00 0.00000E+00 0.00000E+00
 -1       466 0.00000E+00 0.00000E+00 0.00000E+00
 -1       467 0.00000E+00 0.00000E+00 0.00000E+00
 -1       468 0.00000E+00 0.00000E+00 0.00000E+00
 -1       469 0.00000E+00 0.00000E+00 0.00000E+00
 -1       471 0.00000E+00 0.00000E+00 0.00000E+00
 -1       472 0.00000E+00 0.00000E+00 0.00000E+00
 -1       473 0.00000E+00 0.00000E+00 0.00000E+00
 -3
    3C                            60                                     1
 -1         1    1    0    1
 -2         1         2         3         4         5         6         7         8
 -1         2    1    0    1
 -2       347       350       353       356       349       352       355       358
 -1         3    1    0    1
 -2        13        14        15        16        17        18        19        20
 -1         4    1    0    1
 -2       359       362       365       368       361       364       367       370
 -1         5    1    0    1
 -2        25        26        27        28        29        30        31        32
 -1         6    1    0    1
 -2        33        34        35        36        37        38        39        40
 -1         7    1    0    1
 -2        41        42        43        44        45        46        47        48
 -1         8    1    0    1
 -2       371       379       380       372       374       382       381       373
 -1         9    1    0    1
 -2       379       387       388       380       382       390       389       381
 -1        10    1    0    1
 -2        52        53        54        55        56        57        58        59
 -1        11    1    0    1
 -2        60        61        62        63        64        65        66        67
 -1        12    1    0    1
 -2       395       398       401       404       397       400       403       406
 -1        13    1    0    1
 -2       407       410       413       416       409       412       415       418
 -1        14    1    0    1
 -2        76        77        78        79        80        81        82        83
 -1        15    1    0    1
 -2        84        85        86        87        88        89        90        91
 -1        16    1    0    1
 -2        92        93        94        95        96        97        98        99
 -1        17    1    0    1
 -2       100       101       102       103       325       326       327       328
 -1        18    1    0    1
 -2       104       105       106       107       108       109       110       111
 -1        19    1    0    1
 -2       113       114       115       116       329       330       331       332
 -1        20    1    0    1
 -2       117       118       119       120       121       122       123       124
 -1        21    1    0    1
 -2       126       138       141       129       127       139       142       130
 -1        22    1    0    1
 -2       127       139       142       130       128       140       143       131
 -1        23    1    0    1
 -2       129       141       144       132       130       142       145       133
 -1        24    1    0    1
 -2       130       142       145       133       131       143       146       134
 -1        25    1    0    1
 -2       132       144       147       135       133       145       148       136
 -1        26    1    0    1
 -2       133       145       148       136       134       146       149       137
 -1        27    1    0    1
 -2       138       150       153       141       139       151       154       142
 -1        28    1    0    1
 -2       139       151       154       142       140       152       155       143
 -1        29    1    0    1
 -2       141       153       156       144       333       334       335       336
 -1        30    1    0    1
 -2       142       154       157       145       143       155       158       146
 -1        31    1    0    1
 -2       144       156       159       147       145       157       160       148
 -1        32    1    0    1
 -2       145       157       160       148       146       158       161       149
 -1        33    1    0    1
 -2       150       162       165       153       151       163       166       154
 -1        34    1    0    1
 -2       151       163       166       154       152       164       167       155
 -1        35    1    0    1
 -2       153       165       168       156       154       166       169       157
 -1        36    1    0    1
 -2       154       166       169       157       155       167       170       158
 -1        37    1    0    1
 -2       156       168       171       159       157       169       172       160
 -1        38    1    0    1
 -2       157       169       172       160       158       170       173       161
 -1        39    1    0    1
 -2       175       176       177       178       179       180       181       182
 -1        40    1    0    1
 -2       183       184       185       186       187       188       189       190
 -1        41    1    0    1
 -2       191       192       193       194       195       196       197       198
 -1        42    1    0    1
 -2       199       200       201       202       203       204       205       206
 -1        43    1    0    1
 -2       207       208       209       210       211       212       213       214
 -1        44    1    0    1
 -2       215       216       217       218       219       220       221       222
 -1        45    1    0    1
 -2       223       224       225       226       227       228       229       230
 -1        46    1    0    1
 -2       232       233       234       235       236       237       238       239
 -1        47    1    0    1
 -2       241       242       243       244       245       246       247       248
 -1        48    1    0    1
 -2       250       251       252       253       254       255       256       257
 -1        49    1    0    1
 -2       260       261       262       263       264       265       266       267
 -1        50    1    0    1
 -2       268       269       270       271       272       273       274       275
 -1        51    1    0    1
 -2       276       277       278       279       280       281       282       283
 -1        52    1    0    1
 -2       284       285       286       287       288       289       290       291
 -1        53    1    0    1
 -2       292       293       294       295       296       297       298       299
 -1        54    1    0    1
 -2       300       301       302       303       304       305       306       307
 -1        55   11    0    3
 -2       308       312
 -1        56   11    0    4
 -2       309       313
 -1        57   11    0    3
 -2       309       313
 -1        58   11    0    5
 -2       310       314
 -1        59   11    0    3
 -2       310       314
 -1        60   11    0    3
 -2       311       315
 -3
    1PSTEP                         1           1           1          
  100CL  101 1.000000000         403                     1    1           1
 -4  NDTEMP      1    1
 -5  T           1    1    0    0
 -1         1 2.93000E+02
 -1         2 2.93000E+02
 -1         3 2.93000E+02
 -1         4 2.93000E+02
 -1         5 2.93000E+02
 -1         6 2.93000E+02
 -1         7 2.93000E+02
 -1         8 2.93000E+02
 -1         9 2.93000E+02
 -1        10 2.93000E+02
 -1        13 2.93000E+02
 -1        14 2.93000E+02
 -1        15 2.93000E+02
 -1        16 2.93000E+02
 -1        17 2.93000E+02
 -1        18 2.93000E+02
 -1        19 2.93000E+02
 -1        20 2.93000E+02
 -1        21 2.93000E+02
 -1        24 2.93000E+02
 -1        25 3.09729E+02
 -1        26 3.09729E+02
 -1        27 3.09729E+02
 -1        28 3.09729E+02
 -1        29 3.50000E+02
 -1        30 3.50000E+02
 -1        31 3.50000E+02
 -1        32 3.50000E+02
 -1        33 2.93000E+02
 -1        34 2.93000E+02
 -1        35 2.93000E+02
 -1        36 2.93000E+02
 -1        37 2.93000E+02
 -1        38 2.93000E+02
 -1        39 2.93000E+02
 -1        40 2.93000E+02
 -1        41 2.93000E+02
 -1        42 2.93000E+02
 -1        43 2.93000E+02
 -1        44 2.93000E+02
 -1        45 2.93000E+02
 -1        46 2.93000E+02
 -1        47 2.93000E+02
 -1        48 2.93000E+02
 -1        49 2.93000E+02
 -1        52 2.93000E+02
 -1        53 2.93000E+02
 -1        54 2.93000E+02
 -1        55 2.93000E+02
 -1        56 2.93000E+02
 -1        57 2.93000E+02
 -1        58 2.93000E+02
 -1        59 2.93000E+02
 -1        60 2.93000E+02
 -1        61 2.93000E+02
 -1        62 2.93000E+02
 -1        63 2.93000E+02
 -1        64 2.93000E+02
 -1        65 2.93000E+02
 -1        66 2.93000E+02
 -1        67 2.93000E+02
 -1        68 2.93000E+02
 -1        71 2.93000E+02
 -1        72 2.93000E+02
 -1        75 2.93000E+02
 -1        76 2.93000E+02
 -1        77 2.93000E+02
 -1        78 2.93000E+02
 -1        79 2.93000E+02
 -1        80 2.93000E+02
 -1        81 2.93000E+02
 -1        82 2.93000E+02
 -1        83 2.93000E+02
 -1        84 2.93000E+02
 -1        85 2.93000E+02
 -1        86 2.93000E+02
 -1        87 2.93000E+02
 -1        88 2.93000E+02
 -1        89 2.93000E+02
 -1        90 2.93000E+02
 -1        91 2.93000E+02
 -1        92 2.93000E+02
 -1        93 2.93000E+02
 -1        94 2.93000E+02
 -1        95 2.93000E+02
 -1        96 2.93000E+02
 -1        97 2.93000E+02
 -1        98 2.93000E+02
 -1        99 2.93000E+02
 -1       100 2.93000E+02
 -1       101 2.93000E+02
 -1       102 2.93000E+02
 -1       103 2.93000E+02
 -1       104 2.93000E+02
 -1       105 2.93000E+02
 -1       106 2.93000E+02
 -1       107 2.93000E+02
 -1       108 2.93000E+02
 -1       109 2.93000E+02
 -1       110 2.93000E+02
 -1       111 2.93000E+02
 -1       113 2.93000E+02
 -1       114 2.93000E+02
 -1       115 2.93000E+02
 -1       116 2.93000E+02
 -1       117 2.93000E+02
 -1       118 2.93000E+02
 -1       119 2.93000E+02
 -1       120 2.93000E+02
 -1       121 2.93000E+02
 -1       122 2.93000E+02
 -1       123 2.93000E+02
 -1       124 2.93000E+02
 -1       126 2.93000E+02
 -1       127 2.93000E+02
 -1       128 2.93000E+02
 -1       129 2.93000E+02
 -1       130 2.93000E+02
 -1       131 2.93000E+02
 -1       132 2.93000E+02
 -1       133 2.93000E+02
 -1       134 2.93000E+02
 -1       135 2.93000E+02
 -1       136 2.93000E+02
 -1       137 2.93000E+02
 -1       138 2.93000E+02
 -1       139 2.93000E+02
 -1       140 2.93000E+02
 -1       141 2.93000E+02
 -1       142 2.93000E+02
 -1       143 2.93000E+02
 -1       144 2.93000E+02
 -1       145 2.93000E+02
 -1       146 2.93000E+02
 -1       147 2.93000E+02
 -1       148 2.93000E+02
 -1       149 2.93000E+02
 -1       150 2.93000E+02
 -1       151 2.93000E+02
 -1       152 2.93000E+02
 -1       153 2.93000E+02
 -1       154 2.93000E+02
 -1       155 2.93000E+02
 -1       156 2.93000E+02
 -1       157 2.93000E+02
 -1       158 2.93000E+02
 -1       159 2.93000E+02
 -1       160 2.93000E+02
 -1       161 2.93000E+02
 -1       162 2.93000E+02
 -1       163 2.93000E+02
 -1       164 2.93000E+02
 -1       165 2.93000E+02
 -1       166 2.93000E+02
 -1       167 2.93000E+02
 -1       168 2.93000E+02
 -1       169 2.93000E+02
 -1       170 2.93000E+02
 -1       171 2.93000E+02
 -1       172 2.93000E+02
 -1       173 2.93000E+02
 -1       175 2.93000E+02
 -1       176 2.93000E+02
 -1       177 2.92999E+02
 -1       178 2.93000E+02
 -1       179 2.92999E+02
 -1       180 2.93000E+02
 -1       181 2.93002E+02
 -1       182 2.93000E+02
 -1       183 2.93000E+02
 -1       184 2.92999E+02
 -1       185 2.92999E+02
 -1       186 2.93000E+02
 -1       187 2.93001E+02
 -1       188 2.93001E+02
 -1       189 2.93001E+02
 -1       190 2.93001E+02
 -1       191 2.93000E+02
 -1       192 2.93000E+02
 -1       193 2.93000E+02
 -1       194 2.93000E+02
 -1       195 2.93000E+02
 -1       196 2.93000E+02
 -1       197 2.93000E+02
 -1       198 2.93000E+02
 -1       199 2.93000E+02
 -1       200 2.93000E+02
 -1       201 2.93000E+02
 -1       202 2.93000E+02
 -1       203 2.93000E+02
 -1       204 2.93000E+02
 -1       205 2.93000E+02
 -1       206 2.93000E+02
 -1       207 2.93000E+02
 -1       208 2.93000E+02
 -1       209 2.93000E+02
 -1       210 2.93000E+02
 -1       211 2.93000E+02
 -1       212 2.93000E+02
 -1       213 2.93000E+02
 -1       214 2.93000E+02
 -1       215 2.93000E+02
 -1       216 2.93000E+02
 -1       217 2.93000E+02
 -1       218 2.93000E+02
 -1       219 2.93000E+02
 -1       220 2.93000E+02
 -1       221 2.93000E+02
 -1       222 2.93000E+02
 -1       223 2.93000E+02
 -1       224 2.93000E+02
 -1       225 2.93000E+02
 -1       226 2.93000E+02
 -1       227 2.93000E+02
 -1       228 2.93000E+02
 -1       229 2.93000E+02
 -1       230 2.93000E+02
 -1       232 2.93000E+02
 -1       233 2.93000E+02
 -1       234 2.93000E+02
 -1       235 2.93000E+02
 -1       236 2.93000E+02
 -1       237 2.93000E+02
 -1       238 2.93000E+02
 -1       239 2.93000E+02
 -1       241 2.93000E+02
 -1       242 2.93000E+02
 -1       243 2.93000E+02
 -1       244 2.93000E+02
 -1       245 2.93000E+02
 -1       246 2.93000E+02
 -1       247 2.93000E+02
 -1       248 2.93000E+02
 -1       250 2.93000E+02
 -1       251 2.93000E+02
 -1       252 2.93000E+02
 -1       253 2.93000E+02
 -1       254 2.93000E+02
 -1       255 2.93000E+02
 -1       256 2.93000E+02
 -1       257 2.93000E+02
 -1       260 2.93000E+02
 -1       261 2.93000E+02
 -1       262 2.93000E+02
 -1       263 2.93000E+02
 -1       264 2.93000E+02
 -1       265 2.93000E+02
 -1       266 2.93000E+02
 -1       267 2.93000E+02
 -1       268 2.93000E+02
 -1       269 2.93000E+02
 -1       270 2.93000E+02
 -1       271 2.93000E+02
 -1       272 2.93000E+02
 -1       273 2.93000E+02
 -1       274 2.93000E+02
 -1       275 2.93000E+02
 -1       276 2.93000E+02
 -1       277 2.93000E+02
 -1       278 2.93000E+02
 -1       279 2.93000E+02
 -1       280 2.93000E+02
 -1       281 2.93000E+02
 -1       282 2.93000E+02
 -1       283 2.93000E+02
 -1       284 2.93000E+02
 -1       285 2.93000E+02
 -1       286 2.93000E+02
 -1       287 2.93000E+02
 -1       288 2.93000E+02
 -1       289 2.93000E+02
 -1       290 2.93000E+02
 -1       291 2.93000E+02
 -1       292 2.93000E+02
 -1       293 2.93000E+02
 -1       294 2.93000E+02
 -1       295 2.93000E+02
 -1       296 2.93000E+02
 -1       297 2.93000E+02
 -1       298 2.93000E+02
 -1       299 2.93000E+02
 -1       300 2.93000E+02
 -1       301 2.93000E+02
 -1       302 2.93000E+02
 -1       303 2.93000E+02
 -1       304 2.93000E+02
 -1       305 2.93000E+02
 -1       306 2.93000E+02
 -1       307 2.93000E+02
 -1       308 2.93000E+02
 -1       309 2.93000E+02
 -1       310 2.93000E+02
 -1       311 2.93000E+02
 -1       312 2.93000E+02
 -1       313 2.93000E+02
 -1       314 2.93000E+02
 -1       315 2.93000E+02
 -1       317 0.00000E+00
 -1       318 0.00000E+00
 -1       319 0.00000E+00
 -1       320 0.00000E+00
 -1       321 2.93000E+02
 -1       322 2.93000E+02
 -1       323 2.93000E+02
 -1       324 2.93000E+02
 -1       325 2.93000E+02
 -1       326 2.93000E+02
 -1       327 2.93000E+02
 -1       328 2.93000E+02
 -1       329 2.93000E+02
 -1       330 2.93000E+02
 -1       331 2.93000E+02
 -1       332 2.93000E+02
 -1       333 2.93000E+02
 -1       334 2.93000E+02
 -1       335 2.93000E+02
 -1       336 2.93000E+02
 -1       338 0.00000E+00
 -1       339 0.00000E+00
 -1       340 0.00000E+00
 -1       341 0.00000E+00
 -1       342 0.00000E+00
 -1       343 0.00000E+00
 -1       344 0.00000E+00
 -1       345 0.00000E+00
 -1       346 0.00000E+00
 -1       347 2.93000E+02
 -1       349 2.93000E+02
 -1       350 2.93000E+02
 -1       352 2.93000E+02
 -1       353 2.93000E+02
 -1       355 2.93000E+02
 -1       356 2.93000E+02
 -1       358 2.93000E+02
 -1       359 2.93000E+02
 -1       361 2.93000E+02
 -1       362 2.93000E+02
 -1       364 2.93000E+02
 -1       365 2.93000E+02
 -1       367 2.93000E+02
 -1       368 2.93000E+02
 -1       370 2.93000E+02
 -1       371 2.93000E+02
 -1       372 2.93000E+02
 -1       373 2.93000E+02
 -1       374 2.93000E+02
 -1       379 2.93000E+02
 -1       380 2.93000E+02
 -1       381 2.93000E+02
 -1       382 2.93000E+02
 -1       387 2.93000E+02
 -1       388 2.93000E+02
 -1       389 2.93000E+02
 -1       390 2.93000E+02
 -1       395 2.93000E+02
 -1       397 2.93000E+02
 -1       398 2.93000E+02
 -1       400 2.93000E+02
 -1       401 2.93000E+02
 -1       403 2.93000E+02
 -1       404 2.93000E+02
 -1       406 2.93000E+02
 -1       407 2.93000E+02
 -1       409 2.93000E+02
 -1       410 2.93000E+02
 -1       412 2.93000E+02
 -1       413 2.93000E+02
 -1       415 2.93000E+02
 -1       416 2.93000E+02
 -1       418 2.93000E+02
 -1       434 0.00000E+00
 -1       436 0.00000E+00
 -1       437 0.00000E+00
 -1       438 0.00000E+00
 -1       439 0.00000E+00
 -1       441 0.00000E+00
 -1       442 0.00000E+00
 -1       443 0.00000E+00
 -1       444 0.00000E+00
 -1       446 0.00000E+00
 -1       447 0.00000E+00
 -1       448 0.00000E+00
 -1       449 0.00000E+00
 -1       451 0.00000E+00
 -1       452 0.00000E+00
 -1       453 0.00000E+00
 -1       454 0.00000E+00
 -1       456 0.00000E+00
 -1       457 0.00000E+00
 -1       458 0.00000E+00
 -1       459 0.00000E+00
 -1       460 0.00000E+00
 -1       461 0.00000E+00
 -1       462 0.00000E+00
 -1       463 0.00000E+00
 -1       464 0.00000E+00
 -1       466 0.00000E+00
 -1       467 0.00000E+00
 -1       468 0.00000E+00
 -1       469 0.00000E+00
 -1       471 0.00000E+00
 -1       472 0.00000E+00
 -1       473 0.00000E+00
 -3
    1PSTEP                         2           1           1          
  100CL  101 1.000000000         344                     1    1           1
 -4  FLUX        4    1
 -5  F1          1    2    1    0
 -5  F2          1    2    2    0
 -5  F3          1    2    3    0
 -5  ALL         1    2    0    0    1ALL
 -1         1 0.00000E+00-1.53252E-13-4.29001E-13
 -1         2 0.00000E+00-2.68622E-13 1.45121E-13
 -1         3 0.00000E+00 4.20870E-13 3.40179E-13
 -1         4 0.00000E+00-3.37998E-13 2.98957E-13
 -1         5 0.00000E+00-3.09845E-13-4.29001E-13
 -1         6 0.00000E+00 3.15799E-13 1.45121E-13
 -1         7 0.00000E+00-2.68622E-13 3.40179E-13
 -1         8 0.00000E+00-1.53252E-13 2.98957E-13
 -1        13 0.00000E+00-2.75850E-13 2.16017E-13
 -1        14 0.00000E+00 1.88923E-13 5.50004E-14
 -1        15 0.00000E+00-2.08360E-13-6.11487E-13
 -1        16 0.00000E+00-1.69400E-13 4.92126E-13
 -1        17 0.00000E+00-2.46822E-13 2.30758E-14
 -1        18 0.00000E+00 8.05871E-14-6.80862E-13
 -1        19 0.00000E+00 3.20262E-13 9.27497E-13
 -1        20 0.00000E+00-3.11041E-13-3.10349E-13
 -1        25 0.00000E+00-3.91909E-15-2.01349E+02
 -1        26 0.00000E+00 2.21640E-14-2.01349E+02
 -1        27 0.00000E+00 2.23488E-14-2.01349E+02
 -1        28 0.00000E+00-1.35318E-14-2.01349E+02
 -1        29 0.00000E+00-8.34115E-14-2.01349E+02
 -1        30 0.00000E+00-8.08371E-14-2.01349E+02
 -1        31 0.00000E+00-9.04499E-14-2.01349E+02
 -1        32 0.00000E+00 4.16367E-13-2.01349E+02
 -1        33 0.00000E+00-7.42313E-14-4.84720E-13
 -1        34 0.00000E+00 2.77045E-13 6.60760E-13
 -1        35 0.00000E+00-3.12528E-13-1.20741E-13
 -1        36 0.00000E+00 8.37419E-14 1.14792E-13
 -1        37 0.00000E+00 1.68202E-13-3.89955E-13
 -1        38 0.00000E+00-6.27742E-13 3.07088E-13
 -1        39 0.00000E+00 3.29581E-13-2.92426E-13
 -1        40 0.00000E+00-8.83080E-14 1.60794E-13
 -1        41 0.00000E+00 4.74918E-14-3.63220E-13
 -1        42 0.00000E+00 1.30436E-13 2.63615E-13
 -1        43 0.00000E+00-9.51612E-14-2.09384E-13
 -1        44 0.00000E+00 1.07939E-13 2.99676E-14
 -1        45 0.00000E+00-2.49001E-13 4.92484E-13
 -1        46 0.00000E+00-2.18958E-13-4.79605E-13
 -1        47 0.00000E+00 3.74389E-13 6.46320E-13
 -1        48 0.00000E+00-4.07986E-13 1.19403E-13
 -1        52 0.00000E+00 1.17954E-13-1.42228E-13
 -1        53 0.00000E+00-1.32531E-13 3.35953E-14
 -1        54 0.00000E+00-1.71569E-14-2.47300E-13
 -1        55 0.00000E+00 8.70397E-14-2.88154E-13
 -1        56 0.00000E+00-3.82515E-13 5.02646E-13
 -1        57 0.00000E+00 2.79332E-13 7.72120E-14
 -1        58 0.00000E+00-1.51257E-13 5.30799E-13
 -1        59 0.00000E+00-2.67141E-13-1.77924E-13
 -1        60 0.00000E+00 5.45423E-13-1.48070E-13
 -1        61 0.00000E+00-4.74558E-13 1.60472E-13
 -1        62 0.00000E+00-2.86993E-14-2.11919E-13
 -1        63 0.00000E+00-9.73794E-14 8.49352E-14
 -1        64 0.00000E+00-7.67684E-14 1.34204E-13
 -1        65 0.00000E+00 2.58362E-13-3.95795E-13
 -1        66 0.00000E+00-1.17991E-13 7.36479E-13
 -1        67 0.00000E+00-3.30341E-13-2.04881E-13
 -1        76 0.00000E+00 7.30695E-14-4.07441E-13
 -1        77 0.00000E+00 3.49791E-14-4.03859E-14
 -1        78 0.00000E+00-4.39219E-13-5.89430E-13
 -1        79 0.00000E+00 2.00129E-13 1.65482E-13
 -1        80 0.00000E+00-3.04618E-13 1.50901E-13
 -1        81 0.00000E+00-1.13909E-14-1.71030E-13
 -1        82 0.00000E+00 5.15343E-13 1.02137E-13
 -1        83 0.00000E+00-4.45754E-13 3.34594E-13
 -1        84 0.00000E+00 1.33769E-13-2.57376E-13
 -1        85 0.00000E+00-1.84019E-13-2.51536E-13
 -1        86 0.00000E+00-1.12070E-13 4.47700E-14
 -1        87 0.00000E+00 1.04927E-13 1.79559E-13
 -1        88 0.00000E+00-4.48584E-13 5.15889E-13
 -1        89 0.00000E+00 1.33769E-13-1.18494E-13
 -1        90 0.00000E+00 1.04927E-13-2.47765E-13
 -1        91 0.00000E+00 5.63469E-14-4.53442E-13
 -1        92 0.00000E+00 1.87141E-13-4.12267E-13
 -1        93 0.00000E+00 3.70814E-14-4.42675E-13
 -1        94 0.00000E+00-2.65070E-13 6.17837E-13
 -1        95 0.00000E+00-2.74362E-13 2.62282E-13
 -1        96 0.00000E+00-5.34278E-13 1.37104E-13
 -1        97 0.00000E+00 3.40977E-13-6.93490E-15
 -1        98 0.00000E+00-1.20526E-13-4.31492E-13
 -1        99 0.00000E+00 2.29371E-13 3.64960E-13
 -1       100 0.00000E+00-7.57190E-14-1.72639E-13
 -1       101 0.00000E+00 5.90268E-13-4.88868E-13
 -1       102 0.00000E+00-2.42754E-13-5.51703E-13
 -1       103 0.00000E+00 1.47486E-13-7.60097E-13
 -1       104 0.00000E+00 2.31258E-13 1.94889E-13
 -1       105 0.00000E+00 2.36411E-13-1.28641E-12
 -1       106 0.00000E+00-1.45812E-14 4.87477E-13
 -1       107 0.00000E+00 2.24967E-14-2.99542E-13
 -1       108 0.00000E+00-4.18400E-13-2.43235E-13
 -1       109 0.00000E+00-1.89028E-13 2.77334E-13
 -1       110 0.00000E+00 1.35111E-13 8.48702E-13
 -1       111 0.00000E+00 6.33449E-14 5.98074E-13
 -1       113 0.00000E+00-4.94915E-14-5.66791E-13
 -1       114 0.00000E+00 5.97451E-13-6.42700E-13
 -1       115 0.00000E+00-6.64619E-14 2.32559E-13
 -1       116 0.00000E+00-4.82414E-15-7.33573E-14
 -1       117 0.00000E+00 2.70655E-14-8.66418E-14
 -1       118 0.00000E+00 5.01266E-13-1.07626E-12
 -1       119 0.00000E+00-8.63043E-15-2.96785E-13
 -1       120 0.00000E+00 1.54126E-13 7.51173E-13
 -1       121 0.00000E+00-3.35535E-13-2.58320E-13
 -1       122 0.00000E+00-3.65067E-13 5.58872E-13
 -1       123 0.00000E+00 1.61669E-13-2.02013E-13
 -1       124 0.00000E+00 2.05311E-14 6.54385E-13
 -1       126 0.00000E+00 3.23630E-13 1.72621E-12
 -1       127 0.00000E+00 8.21729E-14 2.41930E-13
 -1       128 0.00000E+00-3.48814E-13 7.94568E-13
 -1       129 0.00000E+00 3.82618E-13-1.31491E-12
 -1       130 0.00000E+00 2.75368E-13 9.62779E-14
 -1       131 0.00000E+00 1.22115E-13-4.09431E-13
 -1       132 0.00000E+00 2.26791E-13 1.31447E-13
 -1       133 0.00000E+00 2.05927E-13 3.62419E-13
 -1       134 0.00000E+00 1.85063E-13-2.93365E-13
 -1       135 0.00000E+00 3.15503E-13-6.08749E-14
 -1       136 0.00000E+00 1.15481E-13 9.03499E-15
 -1       137 0.00000E+00-8.45421E-14 4.12740E-13
 -1       138 0.00000E+00-3.28822E-13-9.74429E-14
 -1       139 0.00000E+00 6.04050E-15 3.91738E-13
 -1       140 0.00000E+00 6.81510E-13-4.45711E-13
 -1       141 0.00000E+00 5.49809E-13 1.58833E-13
 -1       142 0.00000E+00 2.38708E-13-3.50741E-13
 -1       143 0.00000E+00 1.72649E-14 2.91576E-13
 -1       144 0.00000E+00-1.19117E-13 1.21974E-13
 -1       145 0.00000E+00-6.95527E-14-2.39396E-13
 -1       146 0.00000E+00 3.31295E-13-1.63281E-13
 -1       147 0.00000E+00 6.00494E-13-7.77078E-13
 -1       148 0.00000E+00 2.55492E-13-1.98571E-13
 -1       149 0.00000E+00-8.95102E-14 1.95373E-13
 -1       150 0.00000E+00 8.23765E-13-5.15884E-13
 -1       151 0.00000E+00 8.86158E-14-1.19509E-13
 -1       152 0.00000E+00-7.44061E-13 1.09310E-12
 -1       153 0.00000E+00 8.58567E-14-3.74034E-13
 -1       154 0.00000E+00 2.60954E-13-5.48674E-13
 -1       155 0.00000E+00 4.37752E-13-5.13439E-13
 -1       156 0.00000E+00 3.58890E-13-2.62895E-13
 -1       157 0.00000E+00 3.20254E-13-9.87165E-14
 -1       158 0.00000E+00-2.80921E-13 6.86116E-14
 -1       159 0.00000E+00 6.17506E-14 8.13395E-13
 -1       160 0.00000E+00-1.10625E-13 1.75927E-13
 -1       161 0.00000E+00-2.83000E-13 3.01901E-14
 -1       162 0.00000E+00-1.71396E-13 9.16481E-13
 -1       163 0.00000E+00-1.08737E-13 3.07313E-13
 -1       164 0.00000E+00 1.04585E-12-5.63882E-13
 -1       165 0.00000E+00 2.22726E-13-6.70662E-13
 -1       166 0.00000E+00 4.47887E-13-6.64293E-14
 -1       167 0.00000E+00 1.27086E-13 6.97845E-13
 -1       168 0.00000E+00-9.31770E-14 1.69146E-13
 -1       169 0.00000E+00 4.00462E-14 2.52177E-13
 -1       170 0.00000E+00 1.73269E-13 2.74117E-13
 -1       171 0.00000E+00 5.39724E-13-3.90243E-13
 -1       172 0.00000E+00 1.97551E-13-3.33859E-13
 -1       173 0.00000E+00-1.44621E-13-3.18683E-13
 -1       175 3.00788E-04 3.00788E-04 4.74400E-03
 -1       176 3.00788E-04 3.66496E-03 2.34304E-03
 -1       177 3.66496E-03 3.66496E-03-1.25514E-02
 -1       178 3.66496E-03 3.00788E-04 2.34304E-03
 -1       179-2.10017E-03-2.10017E-03 4.74400E-03
 -1       180-2.10017E-03-1.12295E-02 2.34304E-03
 -1       181-1.12295E-02-1.12295E-02-1.25514E-02
 -1       182-1.12295E-02-2.10017E-03 2.34304E-03
 -1       183 3.12130E-03-2.92755E-13-6.24260E-03
 -1       184 3.12130E-03-1.60727E-13-6.24260E-03
 -1       185 3.12130E-03-3.45290E-13-6.24260E-03
 -1       186 3.12130E-03-1.10077E-13-6.24260E-03
 -1       187 3.12130E-03 1.06601E-13-6.24260E-03
 -1       188 3.12130E-03-6.20006E-14-6.24260E-03
 -1       189 3.12130E-03 1.20677E-13-6.24260E-03
 -1       190 3.12130E-03 2.19558E-14-6.24260E-03
 -1       191 0.00000E+00 5.61626E-14-3.29438E-13
 -1       192 0.00000E+00 9.80731E-14-8.01470E-14
 -1       193 0.00000E+00-1.91562E-13 5.26219E-13
 -1       194 0.00000E+00 1.33769E-13-4.37088E-13
 -1       195 0.00000E+00-3.35786E-13 9.78110E-13
 -1       196 0.00000E+00 1.04927E-13-2.36517E-14
 -1       197 0.00000E+00 3.15759E-13-3.13825E-14
 -1       198 0.00000E+00-3.92277E-13-1.47449E-13
 -1       199 0.00000E+00 5.37800E-13-2.22062E-14
 -1       200 0.00000E+00-4.46114E-13-1.27276E-13
 -1       201 0.00000E+00 1.66278E-13 4.26233E-13
 -1       202 0.00000E+00-1.49625E-13-9.91225E-14
 -1       203 0.00000E+00-1.63998E-14 1.95481E-13
 -1       204 0.00000E+00 3.30531E-14 5.47118E-14
 -1       205 0.00000E+00 2.78204E-13-2.22045E-14
 -1       206 0.00000E+00-4.36502E-13-5.03597E-14
 -1       207 0.00000E+00 4.35304E-13-9.87166E-15
 -1       208 0.00000E+00-4.85127E-14-1.09464E-13
 -1       209 0.00000E+00-4.35307E-13 2.41493E-13
 -1       210 0.00000E+00-3.51941E-15-1.58733E-13
 -1       211 0.00000E+00-2.14166E-13-6.91128E-13
 -1       212 0.00000E+00-1.31357E-14 4.08529E-13
 -1       213 0.00000E+00 2.14166E-13-1.73313E-13
 -1       214 0.00000E+00 3.64920E-13 5.92404E-13
 -1       215 0.00000E+00 4.81781E-13 2.23458E-13
 -1       216 0.00000E+00-2.01361E-13-4.41835E-13
 -1       217 0.00000E+00 2.11560E-13 4.89908E-13
 -1       218 0.00000E+00-1.71322E-13-1.59423E-13
 -1       219 0.00000E+00-6.05685E-13-1.73500E-13
 -1       220 0.00000E+00 3.76710E-13 5.42444E-13
 -1       221 0.00000E+00-1.43169E-13-4.39950E-13
 -1       222 0.00000E+00 1.73605E-13 1.25425E-13
 -1       223 0.00000E+00-2.22045E-14 4.29499E-13
 -1       224 0.00000E+00 8.28670E-14-5.03442E-13
 -1       225 0.00000E+00 8.28670E-14 8.49785E-13
 -1       226 0.00000E+00-2.22045E-14-6.96745E-13
 -1       227 0.00000E+00 5.94902E-15 1.38301E-13
 -1       228 0.00000E+00-2.22045E-14-4.46769E-13
 -1       229 0.00000E+00-2.22045E-14 2.56870E-14
 -1       230 0.00000E+00 5.94902E-15 9.26654E-14
 -1       232 0.00000E+00-2.10289E-13-2.67832E-13
 -1       233 0.00000E+00-2.76112E-14 5.09896E-13
 -1       234 0.00000E+00 1.03040E-13 7.55360E-14
 -1       235 0.00000E+00 4.20828E-13-8.96163E-14
 -1       236 0.00000E+00 3.57341E-14 1.90910E-13
 -1       237 0.00000E+00 8.43143E-14-2.43450E-13
 -1       238 0.00000E+00 4.93068E-14 1.37845E-15
 -1       239 0.00000E+00-1.33371E-13 3.56063E-13
 -1       241 0.00000E+00 1.71974E-14-2.57781E-13
 -1       242 0.00000E+00-6.41820E-14-1.09279E-13
 -1       243 0.00000E+00 4.34652E-14 3.72648E-13
 -1       244 0.00000E+00-1.16462E-14-2.29332E-14
 -1       245 0.00000E+00-4.60787E-15-1.56158E-13
 -1       246 0.00000E+00 1.71974E-14 5.05873E-13
 -1       247 0.00000E+00-1.16462E-14-3.25079E-13
 -1       248 0.00000E+00 3.12061E-15 9.26255E-14
 -1       250 0.00000E+00-4.87334E-13-1.16462E-13
 -1       251 0.00000E+00 4.88531E-13 6.44795E-13
 -1       252 0.00000E+00-3.39155E-13-2.70298E-13
 -1       253 0.00000E+00-8.67262E-15-3.32773E-13
 -1       254 0.00000E+00-3.10314E-13 3.25810E-13
 -1       255 0.00000E+00 5.86344E-14-5.44291E-13
 -1       256 0.00000E+00 1.37621E-13 1.71974E-13
 -1       257 0.00000E+00 9.43303E-14 1.02283E-14
 -1       260 0.00000E+00-1.38882E-13-2.63115E-13
 -1       261 0.00000E+00-2.94098E-13 6.44707E-14
 -1       262 0.00000E+00 2.62679E-14 2.39457E-14
 -1       263 0.00000E+00 4.41402E-13 4.49565E-13
 -1       264 0.00000E+00 7.03970E-15 2.25849E-13
 -1       265 0.00000E+00 1.91418E-13-2.33076E-13
 -1       266 0.00000E+00-4.27323E-13 2.46460E-13
 -1       267 0.00000E+00-5.65681E-15-2.14351E-13
 -1       268 0.00000E+00 5.64798E-13-4.21918E-13
 -1       269 0.00000E+00 2.72520E-14 1.11167E-13
 -1       270 0.00000E+00-6.75167E-14 1.87900E-13
 -1       271 0.00000E+00 4.56966E-13-3.35387E-13
 -1       272 0.00000E+00-5.09793E-13 4.28267E-13
 -1       273 0.00000E+00 2.64668E-13-1.14246E-13
 -1       274 0.00000E+00-2.42839E-13-2.77152E-14
 -1       275 0.00000E+00-3.38111E-13 5.40634E-15
 -1       276 0.00000E+00 5.04822E-13-4.78480E-13
 -1       277 0.00000E+00-5.95020E-13 7.03881E-15
 -1       278 0.00000E+00-6.93001E-14 6.69764E-13
 -1       279 0.00000E+00-1.78505E-13 7.28463E-13
 -1       280 0.00000E+00-3.19273E-13-5.03234E-13
 -1       281 0.00000E+00 4.56057E-13 1.70805E-13
 -1       282 0.00000E+00-3.60495E-13-4.20790E-13
 -1       283 0.00000E+00 5.39510E-13 2.62661E-14
 -1       284 2.28677E-13-5.72450E-13-9.76486E-13
 -1       285 2.18374E-13 1.06374E-13 1.47548E-12
 -1       286 5.10081E-13 2.19358E-13 1.30536E-13
 -1       287-2.55795E-14-2.12611E-13 4.82827E-13
 -1       288-1.43720E-13-3.06217E-14-1.19448E-13
 -1       289-1.40959E-13 2.68122E-13 1.94386E-13
 -1       290 1.70991E-13-4.37839E-13-6.11126E-13
 -1       291 3.14519E-13 5.48649E-13 1.53317E-12
 -1       292 0.00000E+00 3.29456E-14 7.69374E-13
 -1       293 0.00000E+00-1.22957E-13-2.22588E-12
 -1       294 0.00000E+00 3.53817E-13 1.55364E-12
 -1       295 0.00000E+00-9.48037E-14-1.45192E-12
 -1       296 0.00000E+00-5.96119E-14-1.76984E-13
 -1       297 0.00000E+00 2.22478E-13 1.16326E-12
 -1       298 0.00000E+00-4.38172E-13-1.92069E-13
 -1       299 0.00000E+00 1.17406E-13 1.00465E-12
 -1       300 0.00000E+00-1.04508E-14 8.11761E-13
 -1       301 0.00000E+00 3.90021E-14-2.38406E-12
 -1       302 0.00000E+00 1.69653E-13 2.14401E-12
 -1       303 0.00000E+00-4.54583E-14-1.61010E-12
 -1       304 0.00000E+00 1.02347E-13-2.78861E-13
 -1       305 0.00000E+00-3.81972E-13 1.54349E-12
 -1       306 0.00000E+00 2.49145E-13-1.61111E-12
 -1       307 0.00000E+00-6.67577E-14 1.38488E-12
 -1       308 0.00000E+00 0.00000E+00 0.00000E+00
 -1       309 0.00000E+00 0.00000E+00 0.00000E+00
 -1       310 0.00000E+00 0.00000E+00 0.00000E+00
 -1       311 0.00000E+00 0.00000E+00 0.00000E+00
 -1       312 0.00000E+00 0.00000E+00 0.00000E+00
 -1       313 0.00000E+00 0.00000E+00 0.00000E+00
 -1       314 0.00000E+00 0.00000E+00 0.00000E+00
 -1       315 0.00000E+00 0.00000E+00 0.00000E+00
 -1       325 0.00000E+00-2.23532E-13 6.40521E-13
 -1       326 0.00000E+00-3.14015E-13-6.83173E-13
 -1       327 0.00000E+00 3.08864E-13 1.32726E-12
 -1       328 0.00000E+00-3.90429E-13 5.11073E-13
 -1       329 0.00000E+00-1.72233E-13 6.55609E-13
 -1       330 0.00000E+00-5.33627E-13-3.04112E-13
 -1       331 0.00000E+00 7.10065E-13-1.43741E-13
 -1       332 0.00000E+00-4.69778E-13 6.64905E-13
 -1       333 0.00000E+00-1.10004E-13-2.23126E-13
 -1       334 0.00000E+00 1.33356E-12 4.84723E-14
 -1       335 0.00000E+00-1.92990E-12 8.45466E-14
 -1       336 0.00000E+00 1.33558E-12 8.13881E-13
 -1       347 0.00000E+00-3.54055E-14 4.87653E-13
 -1       349 0.00000E+00 4.40819E-13-8.14431E-13
 -1       350 0.00000E+00-2.88147E-13 2.15774E-12
 -1       352 0.00000E+00-7.66276E-14-9.38094E-13
 -1       353 0.00000E+00 6.13880E-13-1.58361E-12
 -1       355 0.00000E+00-7.08433E-13-1.81989E-12
 -1       356 0.00000E+00-1.34311E-13 1.38755E-13
 -1       358 0.00000E+00 7.72085E-14 7.73220E-13
 -1       359 0.00000E+00 6.36521E-13 4.77056E-12
 -1       361 0.00000E+00-5.75752E-13-8.88150E-13
 -1       362 0.00000E+00-3.86724E-13 2.08402E-12
 -1       364 0.00000E+00 1.59928E-13 6.72114E-12
 -1       365 0.00000E+00 1.26117E-13-8.88221E-13
 -1       367 0.00000E+00 1.46176E-13-1.52127E-13
 -1       368 0.00000E+00-1.76581E-13-7.43171E-12
 -1       370 0.00000E+00 1.03621E-13 1.46861E-12
 -1       371 2.14945E-12 9.08784E-13 0.00000E+00
 -1       372 8.05608E-13-9.97588E-13 0.00000E+00
 -1       373-1.13242E-12 2.06963E-13 0.00000E+00
 -1       374 8.94101E-13-1.82645E-14 0.00000E+00
 -1       379 3.74993E-13 1.77347E-13 0.00000E+00
 -1       380 9.80401E-13-1.21535E-12 0.00000E+00
 -1       381 4.90370E-13 4.08101E-13 0.00000E+00
 -1       382-2.46517E-13-3.55179E-13 0.00000E+00
 -1       387-9.76419E-13-5.92548E-13 0.00000E+00
 -1       388 5.08942E-13-1.28959E-12 0.00000E+00
 -1       389 2.53620E-12 5.70781E-13 0.00000E+00
 -1       390-2.43306E-12-6.81789E-13 0.00000E+00
 -1       395 0.00000E+00 5.73825E-13-1.66954E-12
 -1       397 0.00000E+00-3.56353E-13 7.13174E-12
 -1       398 0.00000E+00-4.60417E-13-8.39659E-13
 -1       400 0.00000E+00 4.89364E-13-1.00894E-12
 -1       401 0.00000E+00-2.98672E-13 2.59366E-12
 -1       403 0.00000E+00 1.70012E-13 2.86854E-12
 -1       404 0.00000E+00-1.45202E-13 4.60599E-12
 -1       406 0.00000E+00 4.04904E-13-9.68514E-12
 -1       407 0.00000E+00-9.22986E-14 5.30493E-12
 -1       409 0.00000E+00-1.10514E-13-1.71107E-12
 -1       410 0.00000E+00 1.70012E-13 1.77085E-12
 -1       412 0.00000E+00 6.90799E-14 3.51819E-12
 -1       413 0.00000E+00 2.54841E-13 6.59595E-12
 -1       415 0.00000E+00-4.96112E-13-3.61744E-12
 -1       416 0.00000E+00-2.57816E-13-9.55776E-12
 -1       418 0.00000E+00 5.73826E-13 2.84758E-12
 -3
    1PSTEP                         3           1           2          
  100CL  102 2.000000000         344                     0    2           1
 -4  DISP        4    1
 -5  D1          1    2    1    0
 -5  D2          1    2    2    0
 -5  D3          1    2    3    0
 -5  ALL         1    2    0    0    1ALL
 -1         1 0.00000E+00 0.00000E+00 0.00000E+00
 -1         2 0.00000E+00 0.00000E+00 0.00000E+00
 -1         3 0.00000E+00 0.00000E+00 0.00000E+00
 -1         4 0.00000E+00 0.00000E+00 0.00000E+00
 -1         5 0.00000E+00 0.00000E+00 0.00000E+00
 -1         6 0.00000E+00 0.00000E+00 0.00000E+00
 -1         7 0.00000E+00 0.00000E+00 0.00000E+00
 -1         8 0.00000E+00 0.00000E+00 0.00000E+00
 -1        13 0.00000E+00 0.00000E+00 0.00000E+00
 -1        14 0.00000E+00 0.00000E+00 0.00000E+00
 -1        15 0.00000E+00 0.00000E+00 0.00000E+00
 -1        16 0.00000E+00 0.00000E+00 0.00000E+00
 -1        17 4.29072E-03 4.29072E-03 2.00000E-02
 -1        18-4.29072E-03 4.29072E-03 2.00000E-02
 -1        19-4.29072E-03-4.29072E-03 2.00000E-02
 -1        20 4.29072E-03-4.29072E-03 2.00000E-02
 -1        25 0.00000E+00 0.00000E+00 0.00000E+00
 -1        26 0.00000E+00 0.00000E+00 0.00000E+00
 -1        27 0.00000E+00 0.00000E+00 0.00000E+00
 -1        28 0.00000E+00 0.00000E+00 0.00000E+00
 -1        29-2.87521E-03-2.87521E-03 5.75042E-03
 -1        30 2.87521E-03-2.87521E-03 5.75042E-03
 -1        31 2.87521E-03 2.87521E-03 5.75042E-03
 -1        32-2.87521E-03 2.87521E-03 5.75042E-03
 -1        33 0.00000E+00-0.00000E+00 0.00000E+00
 -1        34-1.08922E-06 1.08922E-06 0.00000E+00
 -1        35-1.60369E-06-1.60369E-06 0.00000E+00
 -1        36 1.08922E-06-1.08922E-06 0.00000E+00
 -1        37-3.62411E-06-3.62411E-06-2.12097E-06
 -1        38 2.77363E-06-4.04131E-06-2.16518E-06
 -1        39 2.95209E-06 2.95209E-06-1.78496E-06
 -1        40-4.04131E-06 2.77363E-06-2.16518E-06
 -1        41 0.00000E+00 0.00000E+00 0.00000E+00
 -1        42 0.00000E+00 0.00000E+00 0.00000E+00
 -1        43 0.00000E+00 0.00000E+00 0.00000E+00
 -1        44 0.00000E+00 0.00000E+00 0.00000E+00
 -1        45 4.88748E-07 2.51327E-05 1.19887E-05
 -1        46-7.14624E-06-1.08945E-05-4.97277E-06
 -1        47 4.80918E-05-9.80384E-06-1.01792E-05
 -1        48 2.60125E-05 2.19784E-05-9.21773E-06
 -1        52 0.00000E+00 0.00000E+00 0.00000E+00
 -1        53 0.00000E+00 0.00000E+00 0.00000E+00
 -1        54 0.00000E+00 0.00000E+00 0.00000E+00
 -1        55 0.00000E+00 0.00000E+00 0.00000E+00
 -1        56-5.47749E-05-1.70423E-05-6.34163E-05
 -1        57-5.19375E-05-6.43004E-06-1.86087E-05
 -1        58-5.19375E-05 6.43004E-06-1.86087E-05
 -1        59-5.47749E-05 1.70423E-05-6.34163E-05
 -1        60 0.00000E+00 0.00000E+00 0.00000E+00
 -1        61 0.00000E+00 0.00000E+00 0.00000E+00
 -1        62 0.00000E+00 0.00000E+00 0.00000E+00
 -1        63 0.00000E+00 0.00000E+00 0.00000E+00
 -1        64-2.85946E-06 9.05287E-05 4.89287E-06
 -1        65 2.85946E-06 9.05287E-05 4.89287E-06
 -1        66 1.98391E-05 8.02111E-05-6.67991E-05
 -1        67-1.98391E-05 8.02111E-05-6.67991E-05
 -1        76 0.00000E+00 0.00000E+00 0.00000E+00
 -1        77 0.00000E+00 0.00000E+00 0.00000E+00
 -1        78 0.00000E+00 0.00000E+00 0.00000E+00
 -1        79 0.00000E+00 0.00000E+00 0.00000E+00
 -1        80-3.57539E-09-3.57539E-09-1.66852E-08
 -1        81 3.57539E-09-3.57539E-09-1.66852E-08
 -1        82 3.57539E-09 3.57539E-09-1.66852E-08
 -1        83-3.57539E-09 3.57539E-09-1.66852E-08
 -1        84 0.00000E+00 0.00000E+00 0.00000E+00
 -1        85 0.00000E+00 0.00000E+00 0.00000E+00
 -1        86 0.00000E+00 0.00000E+00 0.00000E+00
 -1        87 0.00000E+00 0.00000E+00 0.00000E+00
 -1        88-1.41736E-08-1.41736E-08-1.21488E-08
 -1        89 1.41736E-08-1.41736E-08-1.21488E-08
 -1        90 1.41736E-08 1.41736E-08-1.21488E-08
 -1        91-1.41736E-08 1.41736E-08-1.21488E-08
 -1        92 0.00000E+00 0.00000E+00 0.00000E+00
 -1        93 0.00000E+00 0.00000E+00 0.00000E+00
 -1        94 0.00000E+00 0.00000E+00 0.00000E+00
 -1        95 0.00000E+00 0.00000E+00 0.00000E+00
 -1        96 3.35076E-08 3.33224E-09 1.40695E-08
 -1        97 3.35076E-08-3.33224E-09-1.40695E-08
 -1        98 3.35076E-08 3.33224E-09-1.40695E-08
 -1        99 3.35076E-08-3.33224E-09 1.40695E-08
 -1       100 0.00000E+00 0.00000E+00 0.00000E+00
 -1       101 0.00000E+00 0.00000E+00 0.00000E+00
 -1       102 0.00000E+00 0.00000E+00 0.00000E+00
 -1       103 0.00000E+00 0.00000E+00 0.00000E+00
 -1       104 3.95136E-06 3.95136E-06-1.05369E-05
 -1       105-3.95136E-06 3.95136E-06-1.05369E-05
 -1       106-3.95136E-06-3.95136E-06-1.05369E-05
 -1       107 3.95136E-06-3.95136E-06-1.05369E-05
 -1       108 0.00000E+00 0.00000E+00 0.00000E+00
 -1       109 0.00000E+00 0.00000E+00 0.00000E+00
 -1       110 0.00000E+00 0.00000E+00 0.00000E+00
 -1       111 0.00000E+00 0.00000E+00 0.00000E+00
 -1       113 0.00000E+00 0.00000E+00 0.00000E+00
 -1       114 0.00000E+00 0.00000E+00 0.00000E+00
 -1       115 0.00000E+00 0.00000E+00 0.00000E+00
 -1       116 0.00000E+00 0.00000E+00 0.00000E+00
 -1       117 7.90269E-06 7.90269E-06-2.10738E-05
 -1       118-7.90269E-06 7.90269E-06-2.10738E-05
 -1       119-7.90269E-06-7.90269E-06-2.10738E-05
 -1       120 7.90269E-06-7.90269E-06-2.10738E-05
 -1       121 0.00000E+00 0.00000E+00 0.00000E+00
 -1       122 0.00000E+00 0.00000E+00 0.00000E+00
 -1       123 0.00000E+00 0.00000E+00 0.00000E+00
 -1       124 0.00000E+00 0.00000E+00 0.00000E+00
 -1       126 0.00000E+00 0.00000E+00 0.00000E+00
 -1       127 1.43218E-07 1.43461E-07-1.19499E-05
 -1       128 1.35999E-06 1.36106E-06-1.37606E-05
 -1       129 0.00000E+00 0.00000E+00 0.00000E+00
 -1       130-1.25599E-06-1.33572E-06-9.32812E-06
 -1       131 4.29238E-06 1.61527E-06-1.87546E-05
 -1       132 0.00000E+00 0.00000E+00 0.00000E+00
 -1       133-1.25599E-06 1.33572E-06-9.32812E-06
 -1       134 4.29238E-06-1.61527E-06-1.87546E-05
 -1       135 0.00000E+00 0.00000E+00 0.00000E+00
 -1       136 1.43218E-07-1.43461E-07-1.19499E-05
 -1       137 1.35999E-06-1.36106E-06-1.37606E-05
 -1       138 0.00000E+00 0.00000E+00 0.00000E+00
 -1       139-1.33568E-06-1.25624E-06-9.32695E-06
 -1       140 1.61484E-06 4.29270E-06-1.87539E-05
 -1       141 0.00000E+00 0.00000E+00 0.00000E+00
 -1       142 6.07568E-06 6.07585E-06-2.96495E-05
 -1       143 1.77783E-07 1.77466E-07-1.73358E-05
 -1       144 0.00000E+00 0.00000E+00 0.00000E+00
 -1       145 6.07568E-06-6.07585E-06-2.96495E-05
 -1       146 1.77783E-07-1.77466E-07-1.73358E-05
 -1       147 0.00000E+00 0.00000E+00 0.00000E+00
 -1       148-1.33568E-06 1.25624E-06-9.32695E-06
 -1       149 1.61484E-06-4.29270E-06-1.87539E-05
 -1       150 0.00000E+00 0.00000E+00 0.00000E+00
 -1       151 1.33568E-06-1.25624E-06-9.32695E-06
 -1       152-1.61484E-06 4.29270E-06-1.87539E-05
 -1       153 0.00000E+00 0.00000E+00 0.00000E+00
 -1       154-6.07568E-06 6.07585E-06-2.96495E-05
 -1       155-1.77783E-07 1.77466E-07-1.73358E-05
 -1       156 0.00000E+00 0.00000E+00 0.00000E+00
 -1       157-6.07568E-06-6.07585E-06-2.96495E-05
 -1       158-1.77783E-07-1.77466E-07-1.73358E-05
 -1       159 0.00000E+00 0.00000E+00 0.00000E+00
 -1       160 1.33568E-06 1.25624E-06-9.32695E-06
 -1       161-1.61484E-06-4.29270E-06-1.87539E-05
 -1       162 0.00000E+00 0.00000E+00 0.00000E+00
 -1       163-1.43218E-07 1.43461E-07-1.19499E-05
 -1       164-1.35999E-06 1.36106E-06-1.37606E-05
 -1       165 0.00000E+00 0.00000E+00 0.00000E+00
 -1       166 1.25599E-06-1.33572E-06-9.32812E-06
 -1       167-4.29238E-06 1.61527E-06-1.87546E-05
 -1       168 0.00000E+00 0.00000E+00 0.00000E+00
 -1       169 1.25599E-06 1.33572E-06-9.32812E-06
 -1       170-4.29238E-06-1.61527E-06-1.87546E-05
 -1       171 0.00000E+00 0.00000E+00 0.00000E+00
 -1       172-1.43218E-07-1.43461E-07-1.19499E-05
 -1       173-1.35999E-06-1.36106E-06-1.37606E-05
 -1       175 0.00000E+00 0.00000E+00 0.00000E+00
 -1       176 0.00000E+00 0.00000E+00 0.00000E+00
 -1       177 0.00000E+00 0.00000E+00 0.00000E+00
 -1       178 0.00000E+00 0.00000E+00 0.00000E+00
 -1       179-5.40017E-09-5.40017E-09 1.08003E-08
 -1       180 5.40017E-09-5.40017E-09 1.08003E-08
 -1       181 5.40017E-09 5.40017E-09 1.08003E-08
 -1       182-5.40017E-09 5.40017E-09 1.08003E-08
 -1       183 0.00000E+00 0.00000E+00 0.00000E+00
 -1       184 0.00000E+00 0.00000E+00 0.00000E+00
 -1       185 0.00000E+00 0.00000E+00 0.00000E+00
 -1       186 0.00000E+00 0.00000E+00 0.00000E+00
 -1       187-2.16007E-08-2.16007E-08 4.32013E-08
 -1       188 2.16007E-08-2.16007E-08 4.32013E-08
 -1       189 2.16007E-08 2.16007E-08 4.32013E-08
 -1       190-2.16007E-08 2.16007E-08 4.32013E-08
 -1       191 0.00000E+00 0.00000E+00 0.00000E+00
 -1       192 0.00000E+00 0.00000E+00 0.00000E+00
 -1       193 0.00000E+00 0.00000E+00 0.00000E+00
 -1       194 0.00000E+00 0.00000E+00 0.00000E+00
 -1       195 0.00000E+00 0.00000E+00 0.00000E+00
 -1       196 0.00000E+00 0.00000E+00 0.00000E+00
 -1       197 0.00000E+00 0.00000E+00 0.00000E+00
 -1       198 0.00000E+00 0.00000E+00 0.00000E+00
 -1       199 0.00000E+00 0.00000E+00 0.00000E+00
 -1       200 0.00000E+00 0.00000E+00 0.00000E+00
 -1       201 0.00000E+00 0.00000E+00 0.00000E+00
 -1       202 0.00000E+00 0.00000E+00 0.00000E+00
 -1       203 0.00000E+00 0.00000E+00 0.00000E+00
 -1       204 0.00000E+00 0.00000E+00 0.00000E+00
 -1       205 0.00000E+00 0.00000E+00 0.00000E+00
 -1       206 0.00000E+00 0.00000E+00 0.00000E+00
 -1       207 0.00000E+00 0.00000E+00 0.00000E+00
 -1       208 0.00000E+00 0.00000E+00 0.00000E+00
 -1       209 0.00000E+00 0.00000E+00 0.00000E+00
 -1       210 0.00000E+00 0.00000E+00 0.00000E+00
 -1       211-3.89962E-03-3.89962E-03 7.79925E-03
 -1       212 3.89962E-03-3.89962E-03 7.79925E-03
 -1       213 3.89962E-03 3.89962E-03 7.79925E-03
 -1       214-3.89962E-03 3.89962E-03 7.79925E-03
 -1       215 0.00000E+00 0.00000E+00 0.00000E+00
 -1       216 0.00000E+00 0.00000E+00 0.00000E+00
 -1       217 0.00000E+00 0.00000E+00 0.00000E+00
 -1       218 0.00000E+00 0.00000E+00 0.00000E+00
 -1       219-2.16007E-08-2.16007E-08 4.32013E-08
 -1       220 2.16007E-08-2.16007E-08 4.32013E-08
 -1       221 2.16007E-08 2.16007E-08 4.32013E-08
 -1       222-2.16007E-08 2.16007E-08 4.32013E-08
 -1       223 0.00000E+00 0.00000E+00 0.00000E+00
 -1       224 0.00000E+00 0.00000E+00 0.00000E+00
 -1       225 0.00000E+00 0.00000E+00 0.00000E+00
 -1       226 0.00000E+00 0.00000E+00 0.00000E+00
 -1       227 1.44445E-05 4.01746E-21 8.25396E-06
 -1       228 1.44444E-05 8.70285E-21-8.25398E-06
 -1       229 1.44444E-05 8.70285E-21-8.25398E-06
 -1       230 1.44445E-05 4.01746E-21 8.25396E-06
 -1       232 0.00000E+00 0.00000E+00 0.00000E+00
 -1       233 0.00000E+00 0.00000E+00 0.00000E+00
 -1       234 0.00000E+00 0.00000E+00 0.00000E+00
 -1       235 0.00000E+00 0.00000E+00 0.00000E+00
 -1       236-1.52242E-21 1.44445E-05 8.25396E-06
 -1       237-1.52242E-21 1.44445E-05 8.25396E-06
 -1       238 1.40600E-20 1.44444E-05-8.25398E-06
 -1       239 1.40600E-20 1.44444E-05-8.25398E-06
 -1       241 0.00000E+00 0.00000E+00 0.00000E+00
 -1       242 0.00000E+00 0.00000E+00 0.00000E+00
 -1       243 0.00000E+00 0.00000E+00 0.00000E+00
 -1       244 0.00000E+00 0.00000E+00 0.00000E+00
 -1       245-4.64286E-07-4.64286E-07-2.16667E-06
 -1       246 4.64286E-07-4.64286E-07-2.16667E-06
 -1       247 4.64286E-07 4.64286E-07-2.16667E-06
 -1       248-4.64286E-07 4.64286E-07-2.16667E-06
 -1       250 0.00000E+00 0.00000E+00 0.00000E+00
 -1       251 0.00000E+00 0.00000E+00 0.00000E+00
 -1       252 0.00000E+00 0.00000E+00 0.00000E+00
 -1       253 0.00000E+00 0.00000E+00 0.00000E+00
 -1       254 1.11429E-05-1.11428E-05-5.91380E-13
 -1       255 1.11428E-05 1.11429E-05-5.91380E-13
 -1       256-1.11429E-05 1.11428E-05-5.91380E-13
 -1       257-1.11428E-05-1.11429E-05-5.91380E-13
 -1       260 0.00000E+00 0.00000E+00 0.00000E+00
 -1       261 0.00000E+00 0.00000E+00 0.00000E+00
 -1       262 0.00000E+00 0.00000E+00 0.00000E+00
 -1       263 0.00000E+00 0.00000E+00 0.00000E+00
 -1       264-1.64136E-06 2.34940E-06-1.19893E-06
 -1       265-3.37354E-06 2.79470E-06 7.92293E-06
 -1       266 9.42402E-22 1.34249E-06-1.91018E-06
 -1       267-1.20746E-06 2.74725E-06-5.99658E-07
 -1       268 0.00000E+00 0.00000E+00 0.00000E+00
 -1       269 0.00000E+00 0.00000E+00 0.00000E+00
 -1       270 0.00000E+00 0.00000E+00 0.00000E+00
 -1       271 0.00000E+00 0.00000E+00 0.00000E+00
 -1       272 3.37354E-06 2.79470E-06 7.92293E-06
 -1       273 1.64136E-06 2.34940E-06-1.19893E-06
 -1       274 1.20746E-06 2.74725E-06-5.99658E-07
 -1       275 9.42402E-22 1.34249E-06-1.91018E-06
 -1       276 0.00000E+00 0.00000E+00 0.00000E+00
 -1       277 0.00000E+00 0.00000E+00 0.00000E+00
 -1       278 0.00000E+00 0.00000E+00 0.00000E+00
 -1       279 0.00000E+00 0.00000E+00 0.00000E+00
 -1       280 1.51457E-07 5.84873E-06 2.98123E-06
 -1       281 9.37773E-07-5.83859E-06-3.11595E-06
 -1       282 9.08294E-06-3.79119E-06-4.69956E-06
 -1       283 1.00666E-05 3.60404E-06 4.91881E-06
 -1       284 1.51457E-07 5.84873E-06 2.98123E-06
 -1       285 9.37773E-07-5.83859E-06-3.11595E-06
 -1       286 9.08294E-06-3.79119E-06-4.69956E-06
 -1       287 1.00666E-05 3.60404E-06 4.91881E-06
 -1       288 4.72423E-06 8.71947E-06 4.50966E-06
 -1       289-1.49880E-06-6.71540E-06-3.33932E-06
 -1       290 3.21451E-05-7.19292E-06-8.28676E-06
 -1       291 1.60227E-05 6.71541E-06 5.69593E-06
 -1       292 0.00000E+00 0.00000E+00 0.00000E+00
 -1       293 0.00000E+00 0.00000E+00 0.00000E+00
 -1       294 0.00000E+00 0.00000E+00 0.00000E+00
 -1       295 0.00000E+00 0.00000E+00 0.00000E+00
 -1       296-1.58055E-06-1.58055E-06-4.21480E-06
 -1       297 1.58055E-06-1.58055E-06-4.21480E-06
 -1       298 1.58055E-06 1.58055E-06-4.21480E-06
 -1       299-1.58055E-06 1.58055E-06-4.21480E-06
 -1       300 0.00000E+00 0.00000E+00 9.75917E-04
 -1       301 0.00000E+00 0.00000E+00 9.75917E-04
 -1       302 0.00000E+00 0.00000E+00 9.75917E-04
 -1       303 0.00000E+00 0.00000E+00 9.75917E-04
 -1       304 0.00000E+00 0.00000E+00 9.72379E-04
 -1       305 0.00000E+00 0.00000E+00 9.72379E-04
 -1       306 0.00000E+00 0.00000E+00 9.72379E-04
 -1       307 0.00000E+00 0.00000E+00 9.72379E-04
 -1       308 0.00000E+00 0.00000E+00 0.00000E+00
 -1       309 0.00000E+00 0.00000E+00 0.00000E+00
 -1       310 0.00000E+00 0.00000E+00 0.00000E+00
 -1       311 0.00000E+00 0.00000E+00 0.00000E+00
 -1       312 0.00000E+00 0.00000E+00 1.00000E-02
 -1       313 0.00000E+00 0.00000E+00 1.00000E-02
 -1       314 0.00000E+00 0.00000E+00 9.98888E-03
 -1       315 0.00000E+00 0.00000E+00 1.00000E-02
 -1       325 3.95136E-06 3.95136E-06 1.05369E-05
 -1       326-3.95136E-06 3.95136E-06 1.05369E-05
 -1       327-3.95136E-06-3.95136E-06 1.05369E-05
 -1       328 3.95136E-06-3.95136E-06 1.05369E-05
 -1       329 7.90269E-06 7.90269E-06 2.10738E-05
 -1       330-7.90269E-06 7.90269E-06 2.10738E-05
 -1       331-7.90269E-06-7.90269E-06 2.10738E-05
 -1       332 7.90269E-06-7.90269E-06 2.10738E-05
 -1       333 6.07568E-06 6.07585E-06 1.35124E-04
 -1       334-6.07568E-06 6.07585E-06 1.35124E-04
 -1       335-6.07568E-06-6.07585E-06 1.35124E-04
 -1       336 6.07568E-06-6.07585E-06 1.35124E-04
 -1       347 0.00000E+00 0.00000E+00-8.77369E-09
 -1       349 0.00000E+00 0.00000E+00 8.77369E-09
 -1       350 0.00000E+00 0.00000E+00-1.36968E-08
 -1       352 0.00000E+00 0.00000E+00 1.36968E-08
 -1       353-1.97232E-05-2.81093E-04-2.90015E-03
 -1       355 1.96672E-05 2.80029E-04-2.90029E-03
 -1       356-3.16191E-05-2.43407E-04-2.38498E-03
 -1       358 3.15851E-05 2.42614E-04-2.38507E-03
 -1       359 0.00000E+00 0.00000E+00-1.65617E-07
 -1       361 0.00000E+00 0.00000E+00 1.65617E-07
 -1       362-1.00670E-03-2.27501E-05-9.99916E-03
 -1       364 9.93295E-04 2.27332E-05-1.00008E-02
 -1       365-1.00670E-03 2.27501E-05-9.99916E-03
 -1       367 9.93295E-04-2.27332E-05-1.00008E-02
 -1       368 0.00000E+00 0.00000E+00-1.65617E-07
 -1       370 0.00000E+00 0.00000E+00 1.65617E-07
 -1       371-5.53692E-08 5.53692E-08 0.00000E+00
 -1       372-5.53692E-08-5.53692E-08 0.00000E+00
 -1       373 5.53692E-08-5.53692E-08 0.00000E+00
 -1       374 5.53692E-08 5.53692E-08 0.00000E+00
 -1       379 2.84529E-03 4.00231E-04 9.39692E-04
 -1       380 1.91662E-03 5.23254E-04 9.38292E-04
 -1       381 1.91576E-03-5.28158E-04-9.41333E-04
 -1       382 2.84426E-03-4.05517E-04-9.39932E-04
 -1       387 1.00684E-02 8.71504E-04 1.74625E-03
 -1       388 8.21124E-03 9.62095E-04 1.74418E-03
 -1       389 8.20746E-03-9.84838E-04-1.75740E-03
 -1       390 1.00646E-02-8.95879E-04-1.75533E-03
 -1       395 0.00000E+00 0.00000E+00-4.64287E-07
 -1       397 0.00000E+00 0.00000E+00 4.64287E-07
 -1       398-2.32739E-05-5.35717E-06-3.03573E-07
 -1       400-2.32739E-05-5.35717E-06 3.03573E-07
 -1       401-2.32739E-05 5.35717E-06-3.03573E-07
 -1       403-2.32739E-05 5.35717E-06 3.03573E-07
 -1       404 0.00000E+00 0.00000E+00-4.64287E-07
 -1       406 0.00000E+00 0.00000E+00 4.64287E-07
 -1       407 0.00000E+00 0.00000E+00-4.94716E-07
 -1       409 0.00000E+00 0.00000E+00 4.94716E-07
 -1       410-2.31004E-05-4.77868E-06-2.90499E-07
 -1       412-2.31004E-05-4.77868E-06 2.90499E-07
 -1       413-2.31004E-05 4.77868E-06-2.90499E-07
 -1       415-2.31004E-05 4.77868E-06 2.90499E-07
 -1       416 0.00000E+00 0.00000E+00-4.94716E-07
 -1       418 0.00000E+00 0.00000E+00 4.94716E-07
 -3
    1PSTEP                         4           1           2          
  100CL  102 2.000000000         409                     0    2           1
 -4  NDTEMP      1    1
 -5  T           1    1    0    0
 -1         1 2.93000E+02
 -1         2 2.93000E+02
 -1         3 2.93000E+02
 -1         4 2.93000E+02
 -1         5 2.93000E+02
 -1         6 2.93000E+02
 -1         7 2.93000E+02
 -1         8 2.93000E+02
 -1         9 2.93000E+02
 -1        10 2.93000E+02
 -1        13 2.93000E+02
 -1        14 2.93000E+02
 -1        15 2.93000E+02
 -1        16 2.93000E+02
 -1        17 2.93000E+02
 -1        18 2.93000E+02
 -1        19 2.93000E+02
 -1        20 2.93000E+02
 -1        21 2.93000E+02
 -1        22 2.93000E+02
 -1        23 2.93000E+02
 -1        24 2.93000E+02
 -1        25 3.09729E+02
 -1        26 3.09729E+02
 -1        27 3.09729E+02
 -1        28 3.09729E+02
 -1        29 3.50000E+02
 -1        30 3.50000E+02
 -1        31 3.50000E+02
 -1        32 3.50000E+02
 -1        33 2.93000E+02
 -1        34 2.93000E+02
 -1        35 2.93000E+02
 -1        36 2.93000E+02
 -1        37 2.93000E+02
 -1        38 2.93000E+02
 -1        39 2.93000E+02
 -1        40 2.93000E+02
 -1        41 2.93000E+02
 -1        42 2.93000E+02
 -1        43 2.93000E+02
 -1        44 2.93000E+02
 -1        45 2.93000E+02
 -1        46 2.93000E+02
 -1        47 2.93000E+02
 -1        48 2.93000E+02
 -1        49 2.93000E+02
 -1        52 2.93000E+02
 -1        53 2.93000E+02
 -1        54 2.93000E+02
 -1        55 2.93000E+02
 -1        56 2.93000E+02
 -1        57 2.93000E+02
 -1        58 2.93000E+02
 -1        59 2.93000E+02
 -1        60 2.93000E+02
 -1        61 2.93000E+02
 -1        62 2.93000E+02
 -1        63 2.93000E+02
 -1        64 2.93000E+02
 -1        65 2.93000E+02
 -1        66 2.93000E+02
 -1        67 2.93000E+02
 -1        68 2.93000E+02
 -1        71 2.93000E+02
 -1        72 2.93000E+02
 -1        75 2.93000E+02
 -1        76 2.93000E+02
 -1        77 2.93000E+02
 -1        78 2.93000E+02
 -1        79 2.93000E+02
 -1        80 2.93000E+02
 -1        81 2.93000E+02
 -1        82 2.93000E+02
 -1        83 2.93000E+02
 -1        84 2.93000E+02
 -1        85 2.93000E+02
 -1        86 2.93000E+02
 -1        87 2.93000E+02
 -1        88 2.93000E+02
 -1        89 2.93000E+02
 -1        90 2.93000E+02
 -1        91 2.93000E+02
 -1        92 2.93000E+02
 -1        93 2.93000E+02
 -1        94 2.93000E+02
 -1        95 2.93000E+02
 -1        96 2.93000E+02
 -1        97 2.93000E+02
 -1        98 2.93000E+02
 -1        99 2.93000E+02
 -1       100 2.93000E+02
 -1       101 2.93000E+02
 -1       102 2.93000E+02
 -1       103 2.93000E+02
 -1       104 2.93000E+02
 -1       105 2.93000E+02
 -1       106 2.93000E+02
 -1       107 2.93000E+02
 -1       108 2.93000E+02
 -1       109 2.93000E+02
 -1       110 2.93000E+02
 -1       111 2.93000E+02
 -1       113 2.93000E+02
 -1       114 2.93000E+02
 -1       115 2.93000E+02
 -1       116 2.93000E+02
 -1       117 2.93000E+02
 -1       118 2.93000E+02
 -1       119 2.93000E+02
 -1       120 2.93000E+02
 -1       121 2.93000E+02
 -1       122 2.93000E+02
 -1       123 2.93000E+02
 -1       124 2.93000E+02
 -1       126 2.93000E+02
 -1       127 2.93000E+02
 -1       128 2.93000E+02
 -1       129 2.93000E+02
 -1       130 2.93000E+02
 -1       131 2.93000E+02
 -1       132 2.93000E+02
 -1       133 2.93000E+02
 -1       134 2.93000E+02
 -1       135 2.93000E+02
 -1       136 2.93000E+02
 -1       137 2.93000E+02
 -1       138 2.93000E+02
 -1       139 2.93000E+02
 -1       140 2.93000E+02
 -1       141 2.93000E+02
 -1       142 2.93000E+02
 -1       143 2.93000E+02
 -1       144 2.93000E+02
 -1       145 2.93000E+02
 -1       146 2.93000E+02
 -1       147 2.93000E+02
 -1       148 2.93000E+02
 -1       149 2.93000E+02
 -1       150 2.93000E+02
 -1       151 2.93000E+02
 -1       152 2.93000E+02
 -1       153 2.93000E+02
 -1       154 2.93000E+02
 -1       155 2.93000E+02
 -1       156 2.93000E+02
 -1       157 2.93000E+02
 -1       158 2.93000E+02
 -1       159 2.93000E+02
 -1       160 2.93000E+02
 -1       161 2.93000E+02
 -1       162 2.93000E+02
 -1       163 2.93000E+02
 -1       164 2.93000E+02
 -1       165 2.93000E+02
 -1       166 2.93000E+02
 -1       167 2.93000E+02
 -1       168 2.93000E+02
 -1       169 2.93000E+02
 -1       170 2.93000E+02
 -1       171 2.93000E+02
 -1       172 2.93000E+02
 -1       173 2.93000E+02
 -1       175 2.93000E+02
 -1       176 2.93000E+02
 -1       177 2.92999E+02
 -1       178 2.93000E+02
 -1       179 2.92999E+02
 -1       180 2.93000E+02
 -1       181 2.93002E+02
 -1       182 2.93000E+02
 -1       183 2.93000E+02
 -1       184 2.92999E+02
 -1       185 2.92999E+02
 -1       186 2.93000E+02
 -1       187 2.93001E+02
 -1       188 2.93001E+02
 -1       189 2.93001E+02
 -1       190 2.93001E+02
 -1       191 2.93000E+02
 -1       192 2.93000E+02
 -1       193 2.93000E+02
 -1       194 2.93000E+02
 -1       195 2.93000E+02
 -1       196 2.93000E+02
 -1       197 2.93000E+02
 -1       198 2.93000E+02
 -1       199 2.93000E+02
 -1       200 2.93000E+02
 -1       201 2.93000E+02
 -1       202 2.93000E+02
 -1       203 2.93000E+02
 -1       204 2.93000E+02
 -1       205 2.93000E+02
 -1       206 2.93000E+02
 -1       207 2.93000E+02
 -1       208 2.93000E+02
 -1       209 2.93000E+02
 -1       210 2.93000E+02
 -1       211 3.93000E+02
 -1       212 3.93000E+02
 -1       213 3.93000E+02
 -1       214 3.93000E+02
 -1       215 2.93000E+02
 -1       216 2.93000E+02
 -1       217 2.93000E+02
 -1       218 2.93000E+02
 -1       219 2.93000E+02
 -1       220 2.93000E+02
 -1       221 2.93000E+02
 -1       222 2.93000E+02
 -1       223 2.93000E+02
 -1       224 2.93000E+02
 -1       225 2.93000E+02
 -1       226 2.93000E+02
 -1       227 2.93000E+02
 -1       228 2.93000E+02
 -1       229 2.93000E+02
 -1       230 2.93000E+02
 -1       232 2.93000E+02
 -1       233 2.93000E+02
 -1       234 2.93000E+02
 -1       235 2.93000E+02
 -1       236 2.93000E+02
 -1       237 2.93000E+02
 -1       238 2.93000E+02
 -1       239 2.93000E+02
 -1       241 2.93000E+02
 -1       242 2.93000E+02
 -1       243 2.93000E+02
 -1       244 2.93000E+02
 -1       245 2.93000E+02
 -1       246 2.93000E+02
 -1       247 2.93000E+02
 -1       248 2.93000E+02
 -1       250 2.93000E+02
 -1       251 2.93000E+02
 -1       252 2.93000E+02
 -1       253 2.93000E+02
 -1       254 2.93000E+02
 -1       255 2.93000E+02
 -1       256 2.93000E+02
 -1       257 2.93000E+02
 -1       260 2.93000E+02
 -1       261 2.93000E+02
 -1       262 2.93000E+02
 -1       263 2.93000E+02
 -1       264 2.93000E+02
 -1       265 2.93000E+02
 -1       266 2.93000E+02
 -1       267 2.93000E+02
 -1       268 2.93000E+02
 -1       269 2.93000E+02
 -1       270 2.93000E+02
 -1       271 2.93000E+02
 -1       272 2.93000E+02
 -1       273 2.93000E+02
 -1       274 2.93000E+02
 -1       275 2.93000E+02
 -1       276 2.93000E+02
 -1       277 2.93000E+02
 -1       278 2.93000E+02
 -1       279 2.93000E+02
 -1       280 2.93000E+02
 -1       281 2.93000E+02
 -1       282 2.93000E+02
 -1       283 2.93000E+02
 -1       284 2.93000E+02
 -1       285 2.93000E+02
 -1       286 2.93000E+02
 -1       287 2.93000E+02
 -1       288 2.93000E+02
 -1       289 2.93000E+02
 -1       290 2.93000E+02
 -1       291 2.93000E+02
 -1       292 2.93000E+02
 -1       293 2.93000E+02
 -1       294 2.93000E+02
 -1       295 2.93000E+02
 -1       296 2.93000E+02
 -1       297 2.93000E+02
 -1       298 2.93000E+02
 -1       299 2.93000E+02
 -1       300 2.93000E+02
 -1       301 2.93000E+02
 -1       302 2.93000E+02
 -1       303 2.93000E+02
 -1       304 2.93000E+02
 -1       305 2.93000E+02
 -1       306 2.93000E+02
 -1       307 2.93000E+02
 -1       308 2.93000E+02
 -1       309 2.93000E+02
 -1       310 2.93000E+02
 -1       311 2.93000E+02
 -1       312 2.93000E+02
 -1       313 2.93000E+02
 -1       314 2.93000E+02
 -1       315 2.93000E+02
 -1       317 0.00000E+00
 -1       318 0.00000E+00
 -1       319 0.00000E+00
 -1       320 0.00000E+00
 -1       321 2.93000E+02
 -1       322 2.93000E+02
 -1       323 2.93000E+02
 -1       324 2.93000E+02
 -1       325 2.93000E+02
 -1       326 2.93000E+02
 -1       327 2.93000E+02
 -1       328 2.93000E+02
 -1       329 2.93000E+02
 -1       330 2.93000E+02
 -1       331 2.93000E+02
 -1       332 2.93000E+02
 -1       333 2.93000E+02
 -1       334 2.93000E+02
 -1       335 2.93000E+02
 -1       336 2.93000E+02
 -1       338 0.00000E+00
 -1       339 0.00000E+00
 -1       340 0.00000E+00
 -1       341 0.00000E+00
 -1       342 0.00000E+00
 -1       343 0.00000E+00
 -1       344 0.00000E+00
 -1       345 0.00000E+00
 -1       346 0.00000E+00
 -1       347 2.93000E+02
 -1       349 2.93000E+02
 -1       350 2.93000E+02
 -1       352 2.93000E+02
 -1       353 2.93000E+02
 -1       355 2.93000E+02
 -1       356 2.93000E+02
 -1       358 2.93000E+02
 -1       359 2.93000E+02
 -1       361 2.93000E+02
 -1       362 2.93000E+02
 -1       364 2.93000E+02
 -1       365 2.93000E+02
 -1       367 2.93000E+02
 -1       368 2.93000E+02
 -1       370 2.93000E+02
 -1       371 2.93000E+02
 -1       372 2.93000E+02
 -1       373 2.93000E+02
 -1       374 2.93000E+02
 -1       379 2.93000E+02
 -1       380 2.93000E+02
 -1       381 2.93000E+02
 -1       382 2.93000E+02
 -1       387 2.93000E+02
 -1       388 2.93000E+02
 -1       389 2.93000E+02
 -1       390 2.93000E+02
 -1       395 2.93000E+02
 -1       397 2.93000E+02
 -1       398 2.93000E+02
 -1       400 2.93000E+02
 -1       401 2.93000E+02
 -1       403 2.93000E+02
 -1       404 2.93000E+02
 -1       406 2.93000E+02
 -1       407 2.93000E+02
 -1       409 2.93000E+02
 -1       410 2.93000E+02
 -1       412 2.93000E+02
 -1       413 2.93000E+02
 -1       415 2.93000E+02
 -1       416 2.93000E+02
 -1       418 2.93000E+02
 -1       434 0.00000E+00
 -1       436 0.00000E+00
 -1       437 0.00000E+00
 -1       438 0.00000E+00
 -1       439 0.00000E+00
 -1       441 0.00000E+00
 -1       442 0.00000E+00
 -1       443 0.00000E+00
 -1       444 0.00000E+00
 -1       446 0.00000E+00
 -1       447 0.00000E+00
 -1       448 0.00000E+00
 -1       449 0.00000E+00
 -1       451 0.00000E+00
 -1       452 0.00000E+00
 -1       453 0.00000E+00
 -1       454 0.00000E+00
 -1       456 0.00000E+00
 -1       457 0.00000E+00
 -1       458 0.00000E+00
 -1       459 0.00000E+00
 -1       460 0.00000E+00
 -1       461 0.00000E+00
 -1       462 0.00000E+00
 -1       463 0.00000E+00
 -1       464 0.00000E+00
 -1       466 0.00000E+00
 -1       467 0.00000E+00
 -1       468 0.00000E+00
 -1       469 0.00000E+00
 -1       471 0.00000E+00
 -1       472 0.00000E+00
 -1       473 0.00000E+00
 -3
    1PSTEP                         5           1           2          
  100CL  102 2.000000000         344                     0    2           1
 -4  STRESS      6    1
 -5  SXX         1    4    1    1
 -5  SYY         1    4    2    2
 -5  SZZ         1    4    3    3
 -5  SXY         1    4    1    2
 -5  SYZ         1    4    2    3
 -5  SZX         1    4    3    1
 -1         1 0.00000E+00 0.00000E+00 0.00000E+00 0.00000E+00 0.00000E+00 0.00000E+00
 -1         2 0.00000E+00 0.00000E+00 0.00000E+00 0.00000E+00 0.00000E+00 0.00000E+00
 -1         3 0.00000E+00 0.00000E+00 0.00000E+00 0.00000E+00 0.00000E+00 0.00000E+00
 -1         4 0.00000E+00 0.00000E+00 0.00000E+00 0.00000E+00 0.00000E+00 0.00000E+00
 -1         5 0.00000E+00 0.00000E+00 0.00000E+00 0.00000E+00 0.00000E+00 0.00000E+00
 -1         6 0.00000E+00 0.00000E+00 0.00000E+00 0.00000E+00 0.00000E+00 0.00000E+00
 -1         7 0.00000E+00 0.00000E+00 0.00000E+00 0.00000E+00 0.00000E+00 0.00000E+00
 -1         8 0.00000E+00 0.00000E+00 0.00000E+00 0.00000E+00 0.00000E+00 0.00000E+00
 -1        13 2.42055E+02 2.42055E+02 5.67125E+02 2.97839E-02 3.48984E+01 3.48984E+01
 -1        14 2.42055E+02 2.42055E+02 5.67125E+02-2.97839E-02 3.48984E+01-3.48984E+01
 -1        15 2.42055E+02 2.42055E+02 5.67125E+02 2.97839E-02-3.48984E+01-3.48984E+01
 -1        16 2.42055E+02 2.42055E+02 5.67125E+02-2.97839E-02-3.48984E+01 3.48984E+01
 -1        17-1.03661E+02-1.03661E+02 3.59482E+02 2.97458E-02 3.48095E+01 3.48095E+01
 -1        18-1.03661E+02-1.03661E+02 3.59482E+02-2.97458E-02 3.48095E+01-3.48095E+01
 -1        19-1.03661E+02-1.03661E+02 3.59482E+02 2.97458E-02-3.48095E+01-3.48095E+01
 -1        20-1.03661E+02-1.03661E+02 3.59482E+02-2.97458E-02-3.48095E+01 3.48095E+01
 -1        25-1.62443E+02-1.62443E+02-6.96707E+01 1.33346E-02-2.31924E+01-2.31924E+01
 -1        26-1.62443E+02-1.62443E+02-6.96707E+01-1.33346E-02-2.31924E+01 2.31924E+01
 -1        27-1.62443E+02-1.62443E+02-6.96707E+01 1.33346E-02 2.31924E+01 2.31924E+01
 -1        28-1.62443E+02-1.62443E+02-6.96707E+01-1.33346E-02 2.31924E+01-2.31924E+01
 -1        29 6.96145E+01 6.96145E+01 6.96440E+01 1.33461E-02-2.32325E+01-2.32325E+01
 -1        30 6.96145E+01 6.96145E+01 6.96440E+01-1.33461E-02-2.32325E+01 2.32325E+01
 -1        31 6.96145E+01 6.96145E+01 6.96440E+01 1.33461E-02 2.32325E+01 2.32325E+01
 -1        32 6.96145E+01 6.96145E+01 6.96440E+01-1.33461E-02 2.32325E+01-2.32325E+01
 -1        33-6.96865E-02-6.96865E-02-8.63505E-02 1.75950E-02-2.92715E-02-2.92715E-02
 -1        34-8.96512E-02-1.15557E-01-1.07029E-01 4.64216E-03-4.14386E-02 3.11998E-02
 -1        35-1.30379E-01-1.30379E-01-1.15710E-01-8.31053E-03 3.67964E-02 3.67964E-02
 -1        36-1.15557E-01-8.96512E-02-1.07029E-01 4.64216E-03 3.11998E-02-4.14386E-02
 -1        37 2.32671E-01 2.32671E-01 9.50635E-02-6.73931E-03-2.96287E-02-2.96287E-02
 -1        38 2.39351E-01 2.48973E-01 1.01030E-01-1.92839E-03-3.83677E-02 3.08428E-02
 -1        39 2.60796E-01 2.60796E-01 1.18995E-01 2.88265E-03 3.98675E-02 3.98675E-02
 -1        40 2.48973E-01 2.39351E-01 1.01030E-01-1.92839E-03 3.08428E-02-3.83677E-02
 -1        41 1.45242E-01 1.45246E-01 3.38909E-01-1.48919E-06 2.02993E-01 3.94381E-03
 -1        42-6.02515E-02-6.02476E-02-1.40575E-01-4.71909E-07-8.79932E-02-5.77222E-02
 -1        43-1.23322E-01-1.23323E-01-2.87753E-01-1.05720E-06-7.91839E-02 3.88427E-01
 -1        44-1.11675E-01-1.11674E-01-2.60573E-01 5.42384E-08 1.77516E-01 2.10097E-01
 -1        45-1.08801E-01-3.64177E-02 2.08197E-01-8.48348E-02 3.17128E-02-1.33052E-01
 -1        46-2.62864E-01-1.21912E-01-2.19857E-01 1.55163E-01-1.30045E-01-1.94718E-01
 -1        47 5.14054E-01 1.75007E-01-7.04171E-03 1.89447E-01-1.21236E-01 3.80661E-01
 -1        48 4.74270E-01 6.66567E-02-3.12901E-02-5.05498E-02 6.23553E-03 2.02331E-01
 -1        52-7.68293E-01-7.68303E-01-1.79267E+00 1.66791E-06-1.37646E-01-4.42392E-01
 -1        53-2.25434E-01-2.25444E-01-5.26013E-01 7.75263E-07-5.19349E-02-4.19481E-01
 -1        54-2.25434E-01-2.25444E-01-5.26013E-01-7.75263E-07 5.19349E-02-4.19481E-01
 -1        55-7.68293E-01-7.68303E-01-1.79267E+00-1.66791E-06 1.37646E-01-4.42392E-01
 -1        56-2.75135E-01 2.29620E-01-1.34534E+00 8.57150E-02-1.37646E-01-8.04918E-02
 -1        57 1.05802E-02 1.72478E-01-3.35832E-01 8.57143E-02-5.19347E-02-5.75774E-02
 -1        58 1.05802E-02 1.72478E-01-3.35832E-01-8.57143E-02 5.19347E-02-5.75774E-02
 -1        59-2.75135E-01 2.29620E-01-1.34534E+00-8.57150E-02 1.37646E-01-8.04918E-02
 -1        60 5.92859E-02 5.93082E-02 1.38349E-01-1.00161E-06 7.31176E-01-2.30969E-02
 -1        61 5.92859E-02 5.93082E-02 1.38349E-01 1.00161E-06 7.31176E-01 2.30969E-02
 -1        62-8.09286E-01-8.09267E-01-1.88830E+00 2.95994E-06 6.47826E-01 1.60234E-01
 -1        63-8.09286E-01-8.09267E-01-1.88830E+00-2.95994E-06 6.47826E-01-1.60234E-01
 -1        64 9.59588E-02-1.63076E-01 8.26368E-02-1.37142E-01 1.52129E-01-2.30960E-02
 -1        65 9.59588E-02-1.63076E-01 8.26368E-02 1.37142E-01 1.52129E-01 2.30960E-02
 -1        66 1.87386E-01-6.20221E-01-1.53258E+00 1.37144E-01 6.87892E-02 1.60235E-01
 -1        67 1.87386E-01-6.20221E-01-1.53258E+00-1.37144E-01 6.87892E-02-1.60235E-01
 -1        76-2.02144E-04-2.02144E-04-4.71661E-04 2.06499E-14-2.88780E-05-2.88780E-05
 -1        77-2.02144E-04-2.02144E-04-4.71661E-04-2.06499E-14-2.88780E-05 2.88780E-05
 -1        78-2.02144E-04-2.02144E-04-4.71661E-04 2.06499E-14 2.88780E-05 2.88780E-05
 -1        79-2.02144E-04-2.02144E-04-4.71661E-04-2.06499E-14 2.88780E-05-2.88780E-05
 -1        80 8.66360E-05 8.66360E-05-2.98393E-04 2.06498E-14-2.88780E-05-2.88780E-05
 -1        81 8.66360E-05 8.66360E-05-2.98393E-04-2.06501E-14-2.88780E-05 2.88780E-05
 -1        82 8.66360E-05 8.66360E-05-2.98393E-04 2.06498E-14 2.88780E-05 2.88780E-05
 -1        83 8.66360E-05 8.66360E-05-2.98393E-04-2.06499E-14 2.88780E-05-2.88780E-05
 -1        84-1.47201E-04-1.47201E-04-3.43435E-04 3.24512E-13-1.14478E-04-1.14478E-04
 -1        85-1.47201E-04-1.47201E-04-3.43435E-04-3.24512E-13-1.14478E-04 1.14478E-04
 -1        86-1.47201E-04-1.47201E-04-3.43435E-04 3.24512E-13 1.14478E-04 1.14478E-04
 -1        87-1.47201E-04-1.47201E-04-3.43435E-04-3.24512E-13 1.14478E-04-1.14478E-04
 -1        88 9.97584E-04 9.97584E-04 3.43435E-04 3.24512E-13-1.14478E-04-1.14478E-04
 -1        89 9.97584E-04 9.97584E-04 3.43435E-04-3.24512E-13-1.14478E-04 1.14478E-04
 -1        90 9.97584E-04 9.97584E-04 3.43435E-04 3.24512E-13 1.14478E-04 1.14478E-04
 -1        91 9.97584E-04 9.97584E-04 3.43435E-04-3.24513E-13 1.14478E-04-1.14478E-04
 -1        92 1.70456E-04 1.70455E-04 3.97731E-04-1.90753E-10 2.69139E-05 2.70631E-04
 -1        93-1.70456E-04-1.70455E-04-3.97731E-04-1.91084E-10-2.69139E-05 2.70631E-04
 -1        94-1.70456E-04-1.70455E-04-3.97731E-04 1.91084E-10 2.69139E-05 2.70631E-04
 -1        95 1.70456E-04 1.70455E-04 3.97731E-04 1.90753E-10-2.69139E-05 2.70631E-04
 -1        96 8.97140E-05-1.79421E-05 3.16989E-04-5.38280E-05 2.69139E-05 4.33563E-05
 -1        97-8.97140E-05 1.79421E-05-3.16989E-04-5.38280E-05-2.69139E-05 4.33563E-05
 -1        98-8.97140E-05 1.79421E-05-3.16989E-04 5.38280E-05 2.69139E-05 4.33563E-05
 -1        99 8.97140E-05-1.79421E-05 3.16989E-04 5.38280E-05-2.69139E-05 4.33563E-05
 -1       100 2.55313E-01 2.55313E-01 5.95724E-01 1.00884E-07 6.38297E-02 6.38297E-02
 -1       101 2.55313E-01 2.55313E-01 5.95724E-01-1.00884E-07 6.38297E-02-6.38297E-02
 -1       102 2.55313E-01 2.55313E-01 5.95724E-01 1.00884E-07-6.38297E-02-6.38297E-02
 -1       103 2.55313E-01 2.55313E-01 5.95724E-01-1.00884E-07-6.38297E-02 6.38297E-02
 -1       104-6.38320E-02-6.38320E-02 4.04237E-01 1.00884E-07-6.38295E-02-6.38295E-02
 -1       105-6.38320E-02-6.38320E-02 4.04237E-01-1.00884E-07-6.38295E-02 6.38295E-02
 -1       106-6.38320E-02-6.38320E-02 4.04237E-01 1.00884E-07 6.38295E-02 6.38295E-02
 -1       107-6.38320E-02-6.38320E-02 4.04237E-01-1.00884E-07 6.38295E-02-6.38295E-02
 -1       108 2.55313E-01 2.55313E-01 5.95724E-01 1.00884E-07-6.38297E-02-6.38297E-02
 -1       109 2.55313E-01 2.55313E-01 5.95724E-01-1.00884E-07-6.38297E-02 6.38297E-02
 -1       110 2.55313E-01 2.55313E-01 5.95724E-01 1.00884E-07 6.38297E-02 6.38297E-02
 -1       111 2.55313E-01 2.55313E-01 5.95724E-01-1.00884E-07 6.38297E-02-6.38297E-02
 -1       113 5.10624E-01 5.10624E-01 1.19145E+00 4.03535E-07 1.27660E-01 1.27660E-01
 -1       114 5.10624E-01 5.10624E-01 1.19145E+00-4.03535E-07 1.27660E-01-1.27660E-01
 -1       115 5.10624E-01 5.10624E-01 1.19145E+00 4.03535E-07-1.27660E-01-1.27660E-01
 -1       116 5.10624E-01 5.10624E-01 1.19145E+00-4.03535E-07-1.27660E-01 1.27660E-01
 -1       117-1.27663E-01-1.27663E-01 8.08475E-01 4.03534E-07-1.27659E-01-1.27659E-01
 -1       118-1.27663E-01-1.27663E-01 8.08475E-01-4.03534E-07-1.27659E-01 1.27659E-01
 -1       119-1.27663E-01-1.27663E-01 8.08475E-01 4.03534E-07 1.27659E-01 1.27659E-01
 -1       120-1.27663E-01-1.27663E-01 8.08475E-01-4.03534E-07 1.27659E-01-1.27659E-01
 -1       121 5.10624E-01 5.10624E-01 1.19145E+00 4.03535E-07-1.27660E-01-1.27660E-01
 -1       122 5.10624E-01 5.10624E-01 1.19145E+00-4.03535E-07-1.27660E-01 1.27660E-01
 -1       123 5.10624E-01 5.10624E-01 1.19145E+00 4.03535E-07 1.27660E-01 1.27660E-01
 -1       124 5.10624E-01 5.10624E-01 1.19145E+00-4.03535E-07 1.27660E-01-1.27660E-01
 -1       126-2.89547E-01-2.89547E-01-6.75593E-01-3.13552E-06 2.32103E-03 2.31711E-03
 -1       127-3.45908E-01-3.45915E-01-4.96506E-01-6.78251E-02 7.45229E-02 7.45483E-02
 -1       128-1.30245E-02-1.30572E-02-8.38747E-02 1.42093E-01-1.01335E-01-1.01342E-01
 -1       129-2.26020E-01-2.26014E-01-5.27365E-01-1.09842E-06-2.15738E-02-2.02833E-02
 -1       130 4.16295E-01 8.98461E-02-2.41986E-01 1.62652E-01 4.48098E-02-4.57775E-01
 -1       131-6.31481E-01-5.04175E-01-7.36607E-01 6.83555E-04-1.28328E-02 1.24015E-01
 -1       132-2.26020E-01-2.26014E-01-5.27365E-01 1.09842E-06 2.15738E-02-2.02833E-02
 -1       133 4.16295E-01 8.98461E-02-2.41986E-01-1.62652E-01-4.48098E-02-4.57775E-01
 -1       134-6.31481E-01-5.04175E-01-7.36607E-01-6.83555E-04 1.28328E-02 1.24015E-01
 -1       135-2.89547E-01-2.89547E-01-6.75593E-01 3.13552E-06-2.32103E-03 2.31711E-03
 -1       136-3.45908E-01-3.45915E-01-4.96506E-01 6.78251E-02-7.45229E-02 7.45483E-02
 -1       137-1.30245E-02-1.30572E-02-8.38747E-02-1.42093E-01 1.01335E-01-1.01342E-01
 -1       138-2.25985E-01-2.25991E-01-5.27299E-01-1.09846E-06-2.02874E-02-2.15732E-02
 -1       139 8.98297E-02 4.16277E-01-2.41981E-01 1.62623E-01-4.57756E-01 4.48234E-02
 -1       140-5.04106E-01-6.31476E-01-7.36603E-01 6.98728E-04 1.24004E-01-1.28367E-02
 -1       141 2.79691E-01 2.79691E-01 6.52724E-01-1.97527E-07 9.81514E-02 9.81486E-02
 -1       142-2.60612E-01-2.60671E-01-3.94526E-01 2.05250E-01-2.93772E-01-2.93778E-01
 -1       143 2.75715E-02 2.75789E-02 5.33716E-01-3.48321E-02-7.80966E-02-7.80781E-02
 -1       144 2.79691E-01 2.79691E-01 6.52724E-01 1.97527E-07-9.81514E-02 9.81486E-02
 -1       145-2.60612E-01-2.60671E-01-3.94526E-01-2.05250E-01 2.93772E-01-2.93778E-01
 -1       146 2.75715E-02 2.75789E-02 5.33716E-01 3.48321E-02 7.80966E-02-7.80781E-02
 -1       147-2.25985E-01-2.25991E-01-5.27299E-01 1.09846E-06 2.02874E-02-2.15732E-02
 -1       148 8.98297E-02 4.16277E-01-2.41981E-01-1.62623E-01 4.57756E-01 4.48234E-02
 -1       149-5.04106E-01-6.31476E-01-7.36603E-01-6.98728E-04-1.24004E-01-1.28367E-02
 -1       150-2.25985E-01-2.25991E-01-5.27299E-01 1.09846E-06-2.02874E-02 2.15732E-02
 -1       151 8.98297E-02 4.16277E-01-2.41981E-01-1.62623E-01-4.57756E-01-4.48234E-02
 -1       152-5.04106E-01-6.31476E-01-7.36603E-01-6.98728E-04 1.24004E-01 1.28367E-02
 -1       153 2.79691E-01 2.79691E-01 6.52724E-01 1.97527E-07 9.81514E-02-9.81486E-02
 -1       154-2.60612E-01-2.60671E-01-3.94526E-01-2.05250E-01-2.93772E-01 2.93778E-01
 -1       155 2.75715E-02 2.75789E-02 5.33716E-01 3.48321E-02-7.80966E-02 7.80781E-02
 -1       156 2.79691E-01 2.79691E-01 6.52724E-01-1.97527E-07-9.81514E-02-9.81486E-02
 -1       157-2.60612E-01-2.60671E-01-3.94526E-01 2.05250E-01 2.93772E-01 2.93778E-01
 -1       158 2.75715E-02 2.75789E-02 5.33716E-01-3.48321E-02 7.80966E-02 7.80781E-02
 -1       159-2.25985E-01-2.25991E-01-5.27299E-01-1.09846E-06 2.02874E-02 2.15732E-02
 -1       160 8.98297E-02 4.16277E-01-2.41981E-01 1.62623E-01 4.57756E-01-4.48234E-02
 -1       161-5.04106E-01-6.31476E-01-7.36603E-01 6.98728E-04-1.24004E-01 1.28367E-02
 -1       162-2.89547E-01-2.89547E-01-6.75593E-01 3.13552E-06 2.32103E-03-2.31711E-03
 -1       163-3.45908E-01-3.45915E-01-4.96506E-01 6.78251E-02 7.45229E-02-7.45483E-02
 -1       164-1.30245E-02-1.30572E-02-8.38747E-02-1.42093E-01-1.01335E-01 1.01342E-01
 -1       165-2.26020E-01-2.26014E-01-5.27365E-01 1.09842E-06-2.15738E-02 2.02833E-02
 -1       166 4.16295E-01 8.98461E-02-2.41986E-01-1.62652E-01 4.48098E-02 4.57775E-01
 -1       167-6.31481E-01-5.04175E-01-7.36607E-01-6.83555E-04-1.28328E-02-1.24015E-01
 -1       168-2.26020E-01-2.26014E-01-5.27365E-01-1.09842E-06 2.15738E-02 2.02833E-02
 -1       169 4.16295E-01 8.98461E-02-2.41986E-01 1.62652E-01-4.48098E-02 4.57775E-01
 -1       170-6.31481E-01-5.04175E-01-7.36607E-01 6.83555E-04 1.28328E-02-1.24015E-01
 -1       171-2.89547E-01-2.89547E-01-6.75593E-01-3.13552E-06-2.32103E-03-2.31711E-03
 -1       172-3.45908E-01-3.45915E-01-4.96506E-01-6.78251E-02-7.45229E-02-7.45483E-02
 -1       173-1.30245E-02-1.30572E-02-8.38747E-02 1.42093E-01 1.01335E-01 1.01342E-01
 -1       175-3.05312E-04-3.05312E-04-1.30849E-04 4.71069E-14-4.36165E-05-4.36165E-05
 -1       176-3.05312E-04-3.05312E-04-1.30849E-04-4.71069E-14-4.36165E-05 4.36165E-05
 -1       177-3.05312E-04-3.05312E-04-1.30849E-04 4.71069E-14 4.36165E-05 4.36165E-05
 -1       178-3.05312E-04-3.05312E-04-1.30849E-04-4.71069E-14 4.36165E-05-4.36165E-05
 -1       179 1.30852E-04 1.30852E-04 1.30849E-04 4.71069E-14-4.36165E-05-4.36165E-05
 -1       180 1.30852E-04 1.30852E-04 1.30849E-04-4.71069E-14-4.36165E-05 4.36165E-05
 -1       181 1.30852E-04 1.30852E-04 1.30849E-04 4.71069E-14 4.36165E-05 4.36165E-05
 -1       182 1.30852E-04 1.30852E-04 1.30849E-04-4.71069E-14 4.36165E-05-4.36165E-05
 -1       183-1.22125E-03-1.22125E-03-5.23397E-04 7.53710E-13-1.74466E-04-1.74466E-04
 -1       184-1.22125E-03-1.22125E-03-5.23397E-04-7.53710E-13-1.74466E-04 1.74466E-04
 -1       185-1.22125E-03-1.22125E-03-5.23397E-04 7.53710E-13 1.74466E-04 1.74466E-04
 -1       186-1.22125E-03-1.22125E-03-5.23397E-04-7.53710E-13 1.74466E-04-1.74466E-04
 -1       187 5.23409E-04 5.23409E-04 5.23397E-04 7.53710E-13-1.74466E-04-1.74466E-04
 -1       188 5.23409E-04 5.23409E-04 5.23397E-04-7.53710E-13-1.74466E-04 1.74466E-04
 -1       189 5.23409E-04 5.23409E-04 5.23397E-04 7.53710E-13 1.74466E-04 1.74466E-04
 -1       190 5.23409E-04 5.23409E-04 5.23397E-04-7.53710E-13 1.74466E-04-1.74466E-04
 -1       191 0.00000E+00 0.00000E+00 0.00000E+00 0.00000E+00 0.00000E+00 0.00000E+00
 -1       192 0.00000E+00 0.00000E+00 0.00000E+00 0.00000E+00 0.00000E+00 0.00000E+00
 -1       193 0.00000E+00 0.00000E+00 0.00000E+00 0.00000E+00 0.00000E+00 0.00000E+00
 -1       194 0.00000E+00 0.00000E+00 0.00000E+00 0.00000E+00 0.00000E+00 0.00000E+00
 -1       195 0.00000E+00 0.00000E+00 0.00000E+00 0.00000E+00 0.00000E+00 0.00000E+00
 -1       196 0.00000E+00 0.00000E+00 0.00000E+00 0.00000E+00 0.00000E+00 0.00000E+00
 -1       197 0.00000E+00 0.00000E+00 0.00000E+00 0.00000E+00 0.00000E+00 0.00000E+00
 -1       198 0.00000E+00 0.00000E+00 0.00000E+00 0.00000E+00 0.00000E+00 0.00000E+00
 -1       199 0.00000E+00 0.00000E+00 0.00000E+00 0.00000E+00 0.00000E+00 0.00000E+00
 -1       200 0.00000E+00 0.00000E+00 0.00000E+00 0.00000E+00 0.00000E+00 0.00000E+00
 -1       201 0.00000E+00 0.00000E+00 0.00000E+00 0.00000E+00 0.00000E+00 0.00000E+00
 -1       202 0.00000E+00 0.00000E+00 0.00000E+00 0.00000E+00 0.00000E+00 0.00000E+00
 -1       203 0.00000E+00 0.00000E+00 0.00000E+00 0.00000E+00 0.00000E+00 0.00000E+00
 -1       204 0.00000E+00 0.00000E+00 0.00000E+00 0.00000E+00 0.00000E+00 0.00000E+00
 -1       205 0.00000E+00 0.00000E+00 0.00000E+00 0.00000E+00 0.00000E+00 0.00000E+00
 -1       206 0.00000E+00 0.00000E+00 0.00000E+00 0.00000E+00 0.00000E+00 0.00000E+00
 -1       207-2.20265E+02-2.20265E+02-9.44950E+01 2.45167E-02-3.14410E+01-3.14410E+01
 -1       208-2.20265E+02-2.20265E+02-9.44950E+01-2.45167E-02-3.14410E+01 3.14410E+01
 -1       209-2.20265E+02-2.20265E+02-9.44950E+01 2.45167E-02 3.14410E+01 3.14410E+01
 -1       210-2.20265E+02-2.20265E+02-9.44950E+01-2.45167E-02 3.14410E+01-3.14410E+01
 -1       211 9.43908E+01 9.43908E+01 9.44459E+01 2.45454E-02-3.15147E+01-3.15147E+01
 -1       212 9.43908E+01 9.43908E+01 9.44459E+01-2.45454E-02-3.15147E+01 3.15147E+01
 -1       213 9.43908E+01 9.43908E+01 9.44459E+01 2.45454E-02 3.15147E+01 3.15147E+01
 -1       214 9.43908E+01 9.43908E+01 9.44459E+01-2.45454E-02 3.15147E+01-3.15147E+01
 -1       215-1.22125E-03-1.22125E-03-5.23397E-04 7.53710E-13-1.74466E-04-1.74466E-04
 -1       216-1.22125E-03-1.22125E-03-5.23397E-04-7.53710E-13-1.74466E-04 1.74466E-04
 -1       217-1.22125E-03-1.22125E-03-5.23397E-04 7.53710E-13 1.74466E-04 1.74466E-04
 -1       218-1.22125E-03-1.22125E-03-5.23397E-04-7.53710E-13 1.74466E-04-1.74466E-04
 -1       219 5.23409E-04 5.23409E-04 5.23397E-04 7.53710E-13-1.74466E-04-1.74466E-04
 -1       220 5.23409E-04 5.23409E-04 5.23397E-04-7.53710E-13-1.74466E-04 1.74466E-04
 -1       221 5.23409E-04 5.23409E-04 5.23397E-04 7.53711E-13 1.74466E-04 1.74466E-04
 -1       222 5.23409E-04 5.23409E-04 5.23397E-04-7.53711E-13 1.74466E-04-1.74466E-04
 -1       223 9.99996E-02 9.99993E-02 2.33332E-01-5.99418E-18 3.06327E-17 1.16665E-01
 -1       224-9.99991E-02-9.99994E-02-2.33332E-01-1.29896E-18 7.31710E-17 1.16664E-01
 -1       225-9.99991E-02-9.99994E-02-2.33332E-01-8.70479E-18 7.31710E-17 1.16664E-01
 -1       226 9.99996E-02 9.99993E-02 2.33332E-01-4.00982E-18 3.06327E-17 1.16665E-01
 -1       227 9.99992E-02 9.99993E-02 2.33332E-01-4.85887E-19-7.94654E-17-1.66681E-02
 -1       228-9.99995E-02-9.99994E-02-2.33332E-01-1.80084E-17-2.40992E-17-1.66684E-02
 -1       229-9.99995E-02-9.99994E-02-2.33332E-01 9.63091E-18-2.40992E-17-1.66684E-02
 -1       230 9.99992E-02 9.99993E-02 2.33332E-01-7.89172E-18-7.94654E-17-1.66681E-02
 -1       232 9.99993E-02 9.99996E-02 2.33332E-01 1.65703E-18 1.16665E-01-1.14782E-17
 -1       233 9.99993E-02 9.99996E-02 2.33332E-01 1.65703E-18 1.16665E-01-1.14782E-17
 -1       234-9.99994E-02-9.99991E-02-2.33332E-01-6.90239E-19 1.16664E-01 1.15734E-16
 -1       235-9.99994E-02-9.99991E-02-2.33332E-01-6.90239E-19 1.16664E-01 1.15734E-16
 -1       236 9.99993E-02 9.99992E-02 2.33332E-01-8.14189E-18-1.66681E-02-1.06401E-16
 -1       237 9.99993E-02 9.99992E-02 2.33332E-01-8.14189E-18-1.66681E-02-1.06401E-16
 -1       238-9.99994E-02-9.99995E-02-2.33332E-01-1.69031E-17-1.66684E-02 1.43972E-17
 -1       239-9.99994E-02-9.99995E-02-2.33332E-01-1.69031E-17-1.66684E-02 1.43972E-17
 -1       241-2.62496E-02-2.62496E-02-6.12479E-02 3.48210E-10-3.74997E-03-3.74997E-03
 -1       242-2.62496E-02-2.62496E-02-6.12479E-02-3.48210E-10-3.74997E-03 3.74997E-03
 -1       243-2.62496E-02-2.62496E-02-6.12479E-02 3.48210E-10 3.74997E-03 3.74997E-03
 -1       244-2.62496E-02-2.62496E-02-6.12479E-02-3.48210E-10 3.74997E-03-3.74997E-03
 -1       245 1.12502E-02 1.12502E-02-3.87481E-02 3.48210E-10-3.74998E-03-3.74998E-03
 -1       246 1.12502E-02 1.12502E-02-3.87481E-02-3.48210E-10-3.74998E-03 3.74998E-03
 -1       247 1.12502E-02 1.12502E-02-3.87481E-02 3.48210E-10 3.74998E-03 3.74998E-03
 -1       248 1.12502E-02 1.12502E-02-3.87481E-02-3.48210E-10 3.74998E-03-3.74998E-03
 -1       250-5.73049E-08-5.73058E-08-3.57083E-12-2.00569E-07-8.99993E-02 8.99995E-02
 -1       251-5.73058E-08-5.73049E-08-3.56958E-12 2.00569E-07 8.99995E-02 8.99993E-02
 -1       252-5.73049E-08-5.73058E-08-3.56958E-12-2.00569E-07 8.99993E-02-8.99995E-02
 -1       253-5.73058E-08-5.73049E-08-3.57083E-12 2.00569E-07-8.99995E-02-8.99993E-02
 -1       254-5.72930E-08-5.72939E-08 3.57056E-12-2.00569E-07-8.99993E-02 8.99995E-02
 -1       255-5.72939E-08-5.72930E-08 3.56982E-12 2.00569E-07 8.99995E-02 8.99993E-02
 -1       256-5.72930E-08-5.72939E-08 3.56983E-12-2.00569E-07 8.99993E-02-8.99995E-02
 -1       257-5.72939E-08-5.72930E-08 3.57062E-12 2.00569E-07-8.99995E-02-8.99993E-02
 -1       260-1.45255E-02-1.45253E-02-3.38930E-02-2.17178E-07 1.89760E-02-1.32571E-02
 -1       261 9.59881E-02 9.59882E-02 2.23972E-01-1.23411E-07 2.25723E-02-2.72476E-02
 -1       262-2.31423E-02-2.31424E-02-5.39994E-02-1.78545E-07 1.08429E-02-2.81984E-07
 -1       263-7.26527E-03-7.26522E-03-1.69530E-02-2.67961E-07 2.21893E-02-9.75274E-03
 -1       264-5.86721E-02-2.42644E-02-5.00587E-02 7.10097E-03 2.38160E-02 6.04187E-02
 -1       265 2.94278E-02 3.39502E-02 1.85393E-01 3.08439E-02-5.68483E-02 4.64283E-02
 -1       266-6.60268E-03-4.95661E-02-5.69646E-02 1.59013E-02-6.85775E-02-1.05850E-02
 -1       267 3.16882E-02 1.86099E-02 2.49551E-03-7.84166E-03 2.70292E-02-2.03374E-02
 -1       268 9.59881E-02 9.59882E-02 2.23972E-01 1.23411E-07 2.25723E-02 2.72476E-02
 -1       269-1.45255E-02-1.45253E-02-3.38930E-02 2.17178E-07 1.89760E-02 1.32571E-02
 -1       270-7.26527E-03-7.26522E-03-1.69530E-02 2.67961E-07 2.21893E-02 9.75274E-03
 -1       271-2.31423E-02-2.31424E-02-5.39994E-02 1.78545E-07 1.08429E-02 2.81984E-07
 -1       272 2.94278E-02 3.39502E-02 1.85393E-01-3.08439E-02-5.68483E-02-4.64283E-02
 -1       273-5.86721E-02-2.42644E-02-5.00587E-02-7.10097E-03 2.38160E-02-6.04187E-02
 -1       274 3.16882E-02 1.86099E-02 2.49551E-03 7.84166E-03 2.70292E-02 2.03374E-02
 -1       275-6.60268E-03-4.95661E-02-5.69646E-02-1.59013E-02-6.85775E-02 1.05850E-02
 -1       276 7.22371E-02 7.22371E-02 1.68554E-01 7.55483E-08 9.44789E-02 2.44499E-03
 -1       277-7.55014E-02-7.55012E-02-1.76170E-01-6.20691E-08-9.43149E-02 1.51469E-02
 -1       278-1.13872E-01-1.13873E-01-2.65703E-01-1.50579E-07-6.12420E-02 1.46721E-01
 -1       279 1.19186E-01 1.19186E-01 2.78100E-01 4.11784E-07 5.82190E-02 1.62611E-01
 -1       280 6.72707E-02 1.83089E-02 1.50885E-01-1.43139E-02 1.10128E-01-4.68014E-02
 -1       281-2.84682E-02-8.09688E-03-1.41839E-01-2.86093E-02-1.07105E-01-3.40993E-02
 -1       282-1.16874E-01-6.79115E-02-2.52815E-01 6.05702E-03-7.40324E-02 6.90353E-02
 -1       283 6.41853E-02 4.38141E-02 2.38988E-01 2.03529E-02 7.38684E-02 8.49250E-02
 -1       284 3.20659E-02-1.68939E-02 6.87461E-02-1.43153E-02 6.20230E-02 2.46189E-02
 -1       285 4.16171E-02 6.19913E-02 2.17012E-02-2.86100E-02-2.69545E-02-8.86068E-02
 -1       286-8.99191E-02-4.09575E-02-1.89923E-01 6.05611E-03-6.77411E-02 2.94851E-01
 -1       287-3.61715E-02-5.65412E-02 4.82556E-03 2.03516E-02 6.59097E-02 1.85274E-02
 -1       288-1.63165E-01-9.50113E-02-1.32582E-02-3.34096E-02 5.59547E-02 1.04699E-02
 -1       289-1.87117E-01-9.43040E-02-9.38075E-02 1.47071E-01-5.41237E-02-1.02756E-01
 -1       290 3.63062E-01 9.49105E-02-1.32689E-02 1.59401E-01-9.49098E-02 2.59602E-01
 -1       291 4.50313E-01 1.57504E-01 2.14984E-01-2.10799E-02 5.98415E-02-1.67228E-02
 -1       292-1.02126E-01-1.02126E-01-2.38290E-01 1.61416E-08-2.55317E-02-2.55317E-02
 -1       293-1.02126E-01-1.02126E-01-2.38290E-01-1.61416E-08-2.55317E-02 2.55317E-02
 -1       294-1.02126E-01-1.02126E-01-2.38290E-01 1.61416E-08 2.55317E-02 2.55317E-02
 -1       295-1.02126E-01-1.02126E-01-2.38290E-01-1.61416E-08 2.55317E-02-2.55317E-02
 -1       296 2.55331E-02 2.55331E-02-1.61694E-01 1.61411E-08-2.55317E-02-2.55317E-02
 -1       297 2.55331E-02 2.55331E-02-1.61694E-01-1.61414E-08-2.55317E-02 2.55317E-02
 -1       298 2.55331E-02 2.55331E-02-1.61694E-01 1.61411E-08 2.55317E-02 2.55317E-02
 -1       299 2.55331E-02 2.55331E-02-1.61694E-01-1.61427E-08 2.55317E-02-2.55317E-02
 -1       300-8.57110E-02-8.57110E-02-1.99992E-01 1.59490E-29 2.65804E-12 5.23989E-13
 -1       301-8.57110E-02-8.57110E-02-1.99992E-01-2.85320E-30-5.24378E-13 5.23989E-13
 -1       302-8.57110E-02-8.57110E-02-1.99992E-01 1.59340E-29-5.23699E-13-2.65630E-12
 -1       303-8.57110E-02-8.57110E-02-1.99992E-01-8.43342E-29 2.65786E-12-2.65630E-12
 -1       304-8.57110E-02-8.57110E-02-1.99992E-01-1.09211E-30 1.43539E-12 1.12847E-14
 -1       305-8.57110E-02-8.57110E-02-1.99992E-01 5.39389E-31-9.83885E-15 1.12847E-14
 -1       306-8.57110E-02-8.57110E-02-1.99992E-01-1.10365E-30-1.08418E-14-1.43534E-12
 -1       307-8.57110E-02-8.57110E-02-1.99992E-01-2.24337E-29 1.43566E-12-1.43534E-12
 -1       308 0.00000E+00 0.00000E+00 0.00000E+00 0.00000E+00 0.00000E+00 0.00000E+00
 -1       309 0.00000E+00 0.00000E+00 0.00000E+00 0.00000E+00 0.00000E+00 0.00000E+00
 -1       310 0.00000E+00 0.00000E+00 0.00000E+00 0.00000E+00 0.00000E+00 0.00000E+00
 -1       311 0.00000E+00 0.00000E+00 0.00000E+00 0.00000E+00 0.00000E+00 0.00000E+00
 -1       312 0.00000E+00 0.00000E+00 0.00000E+00 0.00000E+00 0.00000E+00 0.00000E+00
 -1       313 0.00000E+00 0.00000E+00 0.00000E+00 0.00000E+00 0.00000E+00 0.00000E+00
 -1       314 0.00000E+00 0.00000E+00 0.00000E+00 0.00000E+00 0.00000E+00 0.00000E+00
 -1       315 0.00000E+00 0.00000E+00 0.00000E+00 0.00000E+00 0.00000E+00 0.00000E+00
 -1       325-6.38320E-02-6.38320E-02 4.04237E-01 1.00884E-07 6.38295E-02 6.38295E-02
 -1       326-6.38320E-02-6.38320E-02 4.04237E-01-1.00884E-07 6.38295E-02-6.38295E-02
 -1       327-6.38320E-02-6.38320E-02 4.04237E-01 1.00884E-07-6.38295E-02-6.38295E-02
 -1       328-6.38320E-02-6.38320E-02 4.04237E-01-1.00884E-07-6.38295E-02 6.38295E-02
 -1       329-1.27663E-01-1.27663E-01 8.08475E-01 4.03534E-07 1.27659E-01 1.27659E-01
 -1       330-1.27663E-01-1.27663E-01 8.08475E-01-4.03534E-07 1.27659E-01-1.27659E-01
 -1       331-1.27663E-01-1.27663E-01 8.08475E-01 4.03534E-07-1.27659E-01-1.27659E-01
 -1       332-1.27663E-01-1.27663E-01 8.08475E-01-4.03534E-07-1.27659E-01 1.27659E-01
 -1       333 1.80209E+00 1.80197E+00 6.75656E+00 2.38528E-07 9.81560E-02 9.81531E-02
 -1       334 1.80209E+00 1.80197E+00 6.75656E+00-2.38528E-07 9.81560E-02-9.81531E-02
 -1       335 1.80209E+00 1.80197E+00 6.75656E+00 2.38528E-07-9.81560E-02-9.81531E-02
 -1       336 1.80209E+00 1.80197E+00 6.75656E+00-2.38528E-07-9.81560E-02 9.81531E-02
 -1       347-1.61538E+00-5.53914E+00 1.54966E-01-2.55414E-01 1.88115E+00-4.80886E-01
 -1       349 1.61621E+00 5.54352E+00-1.55715E-01 2.55080E-01 1.88000E+00-4.80810E-01
 -1       350-2.07139E+00-6.60501E+00-2.99500E-01-1.58901E-01-2.27954E+00 4.80850E-01
 -1       352 2.07007E+00 6.60069E+00 2.99691E-01 1.59253E-01-2.28158E+00 4.80847E-01
 -1       353-1.73359E+00-6.45653E+00-1.55244E-01-4.62549E-01 7.54949E-01-4.98515E-01
 -1       355 1.73469E+00 6.46066E+00 1.55440E-01 4.62186E-01 7.49740E-01-4.99062E-01
 -1       356-1.27970E+00-5.39929E+00 3.00008E-01-5.58371E-01-1.15017E+00 4.63266E-01
 -1       358 1.27871E+00 5.39486E+00-2.99181E-01 5.58703E-01-1.15448E+00 4.62551E-01
 -1       359-2.31945E+01-7.04171E+00-2.76264E-01-1.87339E-01-1.83690E+00 1.13706E-02
 -1       361 2.31952E+01 7.04052E+00 2.74783E-01 1.80020E-01-1.83669E+00-1.13708E-02
 -1       362-2.26434E+01-5.75552E+00 2.74683E-01-1.79993E-01 1.83742E+00 3.42850E-02
 -1       364 2.26441E+01 5.75518E+00-2.76257E-01 1.87367E-01 1.83617E+00-3.42891E-02
 -1       365-2.26434E+01-5.75552E+00 2.74683E-01 1.79993E-01-1.83742E+00 3.42850E-02
 -1       367 2.26441E+01 5.75518E+00-2.76257E-01-1.87367E-01-1.83617E+00-3.42891E-02
 -1       368-2.31945E+01-7.04171E+00-2.76264E-01 1.87339E-01 1.83690E+00 1.13706E-02
 -1       370 2.31952E+01 7.04052E+00 2.74783E-01-1.80020E-01 1.83669E+00-1.13708E-02
 -1       371 3.72457E+00 1.46139E+01 4.50044E+01-2.47970E+00 6.50854E+00 8.01523E+00
 -1       372 3.70293E+00 1.46098E+01 4.49378E+01 2.47736E+00 8.49185E+00-6.99316E+00
 -1       373-3.73774E+00-1.46044E+01-4.50023E+01 2.48311E+00-8.49238E+00-7.00695E+00
 -1       374-3.71611E+00-1.46003E+01-4.49358E+01-2.48072E+00-6.50734E+00 7.98481E+00
 -1       379-2.34909E+00-3.06780E+00 3.51644E+01 1.58307E+00 7.13350E+00 8.04084E+00
 -1       380-2.37245E+00-3.06235E+00 3.51154E+01-1.56600E+00 7.86707E+00-6.96640E+00
 -1       381 2.34905E+00 3.06518E+00-3.51625E+01-1.58168E+00-7.85800E+00-7.03374E+00
 -1       382 2.37237E+00 3.05972E+00-3.51136E+01 1.56461E+00-7.14138E+00 7.95924E+00
 -1       387 1.02885E+00 1.30262E+00 3.47749E+01-6.53707E-01 7.76115E+00 8.06048E+00
 -1       388 9.71155E-01 1.29654E+00 3.47274E+01 6.77330E-01 7.23919E+00-6.94500E+00
 -1       389-1.03148E+00-1.30211E+00-3.47745E+01 6.57705E-01-7.22670E+00-7.05516E+00
 -1       390-9.73811E-01-1.29601E+00-3.47270E+01-6.81311E-01-7.77272E+00 7.93962E+00
 -1       395-4.99980E-01-1.49999E-01 8.03573E-10 2.37723E-07-6.95393E-10-8.03572E-09
 -1       397-4.99980E-01-1.49999E-01 8.03574E-10 2.37723E-07 6.95397E-10 8.03571E-09
 -1       398-4.99980E-01 7.50014E-02-8.03574E-10 2.97991E-07-6.95398E-10-8.03570E-09
 -1       400-4.99980E-01 7.50014E-02-8.03572E-10 2.97991E-07 6.95394E-10 8.03571E-09
 -1       401-4.99980E-01 7.50014E-02-8.03573E-10-2.97991E-07 6.95398E-10-8.03571E-09
 -1       403-4.99980E-01 7.50014E-02-8.03574E-10-2.97991E-07-6.95394E-10 8.03571E-09
 -1       404-4.99980E-01-1.49999E-01 8.03574E-10-2.37723E-07 6.95393E-10-8.03571E-09
 -1       406-4.99980E-01-1.49999E-01 8.03573E-10-2.37723E-07-6.95397E-10 8.03572E-09
 -1       407-5.33134E-01-1.59994E-01-1.64943E-04-3.85965E-02-1.57641E-09 1.64943E-03
 -1       409-5.33134E-01-1.59994E-01-1.64943E-04-3.85965E-02 1.57641E-09-1.64943E-03
 -1       410-4.66826E-01 6.07011E-02 1.64943E-04-3.85966E-02-1.57641E-09 1.64942E-03
 -1       412-4.66826E-01 6.07011E-02 1.64943E-04-3.85966E-02 1.57641E-09-1.64942E-03
 -1       413-4.66826E-01 6.07011E-02 1.64943E-04 3.85966E-02 1.57641E-09 1.64942E-03
 -1       415-4.66826E-01 6.07011E-02 1.64943E-04 3.85966E-02-1.57641E-09-1.64942E-03
 -1       416-5.33134E-01-1.59994E-01-1.64943E-04 3.85965E-02 1.57641E-09 1.64943E-03
 -1       418-5.33134E-01-1.59994E-01-1.64943E-04 3.85965E-02-1.57641E-09-1.64943E-03
 -3
    1PSTEP                         6           1           2          
  100CL  102 2.000000000         344                     0    2           1
 -4  TOSTRAIN    6    1
 -5  EXX         1    4    1    1
 -5  EYY         1    4    2    2
 -5  EZZ         1    4    3    3
 -5  EXY         1    4    1    2
 -5  EYZ         1    4    2    3
 -5  EZX         1    4    3    1
 -1         1 0.00000E+00 0.00000E+00 0.00000E+00 0.00000E+00 0.00000E+00 0.00000E+00
 -1         2 0.00000E+00 0.00000E+00 0.00000E+00 0.00000E+00 0.00000E+00 0.00000E+00
 -1         3 0.00000E+00 0.00000E+00 0.00000E+00 0.00000E+00 0.00000E+00 0.00000E+00
 -1         4 0.00000E+00 0.00000E+00 0.00000E+00 0.00000E+00 0.00000E+00 0.00000E+00
 -1         5 0.00000E+00 0.00000E+00 0.00000E+00 0.00000E+00 0.00000E+00 0.00000E+00
 -1         6 0.00000E+00 0.00000E+00 0.00000E+00 0.00000E+00 0.00000E+00 0.00000E+00
 -1         7 0.00000E+00 0.00000E+00 0.00000E+00 0.00000E+00 0.00000E+00 0.00000E+00
 -1         8 0.00000E+00 0.00000E+00 0.00000E+00 0.00000E+00 0.00000E+00 0.00000E+00
 -1        13-4.68857E-08-4.68857E-08 2.00198E-03 1.32722E-20 2.14534E-04 2.14534E-04
 -1        14-4.68857E-08-4.68857E-08 2.00198E-03-1.08424E-20 2.14534E-04-2.14534E-04
 -1        15-4.68857E-08-4.68857E-08 2.00198E-03 1.06924E-20-2.14534E-04-2.14534E-04
 -1        16-4.68857E-08-4.68857E-08 2.00198E-03 6.05382E-21-2.14534E-04 2.14534E-04
 -1        17-8.57816E-04-8.57816E-04 2.00198E-03 7.22589E-20 2.14350E-04 2.14350E-04
 -1        18-8.57816E-04-8.57816E-04 2.00198E-03-1.44938E-20 2.14350E-04-2.14350E-04
 -1        19-8.57816E-04-8.57816E-04 2.00198E-03-1.40741E-21-2.14350E-04-2.14350E-04
 -1        20-8.57816E-04-8.57816E-04 2.00198E-03 1.44566E-19-2.14350E-04 2.14350E-04
 -1        25-3.72646E-08-3.72646E-08 5.75212E-04 7.18937E-21-1.43760E-04-1.43760E-04
 -1        26-3.72646E-08-3.72646E-08 5.75212E-04 1.27760E-21-1.43760E-04 1.43760E-04
 -1        27-3.72646E-08-3.72646E-08 5.75212E-04-5.43488E-21 1.43760E-04 1.43760E-04
 -1        28-3.72646E-08-3.72646E-08 5.75212E-04 3.19717E-21 1.43760E-04-1.43760E-04
 -1        29 5.75167E-04 5.75167E-04 5.75212E-04-1.14051E-19-1.43842E-04-1.43842E-04
 -1        30 5.75167E-04 5.75167E-04 5.75212E-04 1.26476E-19-1.43842E-04 1.43842E-04
 -1        31 5.75167E-04 5.75167E-04 5.75212E-04 2.33266E-20 1.43842E-04 1.43842E-04
 -1        32 5.75167E-04 5.75167E-04 5.75212E-04-1.79249E-19 1.43842E-04-1.43842E-04
 -1        33-1.08930E-07-1.08930E-07-2.12089E-07 1.08921E-07-1.81205E-07-1.81205E-07
 -1        34-1.08930E-07-2.69298E-07-2.16510E-07 2.87374E-08-2.56525E-07 1.93142E-07
 -1        35-2.69298E-07-2.69298E-07-1.78488E-07-5.14463E-08 2.27787E-07 2.27787E-07
 -1        36-2.69298E-07-1.08930E-07-2.16510E-07 2.87374E-08 1.93142E-07-2.56525E-07
 -1        37 6.39763E-07 6.39763E-07-2.12089E-07-4.17197E-08-1.83415E-07-1.83415E-07
 -1        38 6.39763E-07 6.99328E-07-2.16510E-07-1.19375E-08-2.37514E-07 1.90931E-07
 -1        39 6.99328E-07 6.99328E-07-1.78488E-07 1.78448E-08 2.46799E-07 2.46799E-07
 -1        40 6.99328E-07 6.39763E-07-2.16510E-07-1.19375E-08 1.90931E-07-2.37514E-07
 -1        41-1.86699E-11 2.23536E-13 1.19887E-06-8.70915E-12 1.25662E-06 2.44123E-08
 -1        42-1.86699E-11 8.88065E-14-4.97263E-07-2.89701E-12-5.44719E-07-3.57329E-07
 -1        43-8.00971E-12 8.88065E-14-1.01790E-06-3.44642E-12-4.90188E-07 2.40455E-06
 -1        44-8.00971E-12 2.23536E-13-9.21750E-07-8.29447E-12 1.09891E-06 1.30060E-06
 -1        45-7.63495E-07-3.15415E-07 1.19887E-06-5.25167E-07 1.96312E-07-8.23657E-07
 -1        46-7.63495E-07 1.09076E-07-4.97263E-07 9.60528E-07-8.05044E-07-1.20539E-06
 -1        47 2.20790E-06 1.09076E-07-1.01790E-06 1.17278E-06-7.50499E-07 2.35648E-06
 -1        48 2.20790E-06-3.15415E-07-9.21750E-07-3.12924E-07 3.86067E-08 1.25252E-06
 -1        52-6.50075E-12-3.67633E-11-6.34142E-06 1.58056E-12-8.52109E-07-2.73867E-06
 -1        53-6.50075E-12-4.34609E-11-1.86070E-06 1.76825E-12-3.21502E-07-2.59681E-06
 -1        54-6.50075E-12-4.34609E-11-1.86070E-06-1.76825E-12 3.21502E-07-2.59681E-06
 -1        55-6.50075E-12-3.67633E-11-6.34142E-06-1.58056E-12 8.52109E-07-2.73867E-06
 -1        56 2.83741E-07 3.40840E-06-6.34142E-06 5.30610E-07-8.52111E-07-4.98321E-07
 -1        57 2.83741E-07 1.28596E-06-1.86070E-06 5.30609E-07-3.21502E-07-3.56442E-07
 -1        58 2.83741E-07 1.28596E-06-1.86070E-06-5.30609E-07 3.21502E-07-3.56442E-07
 -1        59 2.83741E-07 3.40840E-06-6.34142E-06-5.30610E-07 8.52111E-07-4.98321E-07
 -1        60-4.42049E-11 1.29640E-11 4.89425E-07-2.93024E-12 4.52632E-06-1.42975E-07
 -1        61-4.42049E-11 1.29640E-11 4.89425E-07 2.93024E-12 4.52632E-06 1.42975E-07
 -1        62-3.34449E-11 1.29640E-11-6.67971E-06 2.44974E-12 4.01045E-06 9.91945E-07
 -1        63-3.34449E-11 1.29640E-11-6.67971E-06-2.44974E-12 4.01045E-06-9.91945E-07
 -1        64 5.71855E-07-1.03171E-06 4.89425E-07-8.48974E-07 9.41741E-07-1.42975E-07
 -1        65 5.71855E-07-1.03171E-06 4.89425E-07 8.48974E-07 9.41741E-07 1.42975E-07
 -1        66 3.96775E-06-1.03171E-06-6.67971E-06 8.48976E-07 4.25891E-07 9.91949E-07
 -1        67 3.96775E-06-1.03171E-06-6.67971E-06-8.48976E-07 4.25891E-07-9.91949E-07
 -1        76-1.20707E-14-1.20707E-14-1.66845E-09-1.20355E-26-1.78769E-10-1.78769E-10
 -1        77-1.20707E-14-1.20707E-14-1.66845E-09 4.56136E-26-1.78769E-10 1.78769E-10
 -1        78-1.20707E-14-1.20707E-14-1.66845E-09 2.42876E-26 1.78769E-10 1.78769E-10
 -1        79-1.20707E-14-1.20707E-14-1.66845E-09-4.97782E-27 1.78769E-10-1.78769E-10
 -1        80 7.15062E-10 7.15062E-10-1.66845E-09-4.34628E-25-1.78769E-10-1.78769E-10
 -1        81 7.15062E-10 7.15062E-10-1.66845E-09-9.67579E-25-1.78769E-10 1.78769E-10
 -1        82 7.15062E-10 7.15062E-10-1.66845E-09-5.43706E-25 1.78769E-10 1.78769E-10
 -1        83 7.15062E-10 7.15062E-10-1.66845E-09-1.16685E-25 1.78769E-10-1.78769E-10
 -1        84-4.78511E-14-4.78511E-14-1.21483E-09 1.94336E-27-7.08676E-10-7.08676E-10
 -1        85-4.78511E-14-4.78511E-14-1.21483E-09 1.74015E-25-7.08676E-10 7.08676E-10
 -1        86-4.78511E-14-4.78511E-14-1.21483E-09 1.98973E-25 7.08676E-10 7.08676E-10
 -1        87-4.78511E-14-4.78511E-14-1.21483E-09-3.74692E-26 7.08676E-10-7.08676E-10
 -1        88 2.83466E-09 2.83466E-09-1.21483E-09 5.57153E-25-7.08676E-10-7.08676E-10
 -1        89 2.83466E-09 2.83466E-09-1.21483E-09 5.22181E-25-7.08676E-10 7.08676E-10
 -1        90 2.83466E-09 2.83466E-09-1.21483E-09-4.15067E-24 7.08676E-10 7.08676E-10
 -1        91 2.83466E-09 2.83466E-09-1.21483E-09-3.50850E-24 7.08676E-10-7.08676E-10
 -1        92-6.72160E-19-2.36377E-15 1.40694E-09-1.18191E-15 1.66610E-10 1.67534E-09
 -1        93-6.72160E-19 2.36374E-15-1.40694E-09-1.18184E-15-1.66610E-10 1.67534E-09
 -1        94-6.72160E-19 2.36374E-15-1.40694E-09 1.18184E-15 1.66610E-10 1.67534E-09
 -1        95-6.72160E-19-2.36377E-15 1.40694E-09 1.18191E-15-1.66610E-10 1.67534E-09
 -1        96 2.19819E-19-6.66442E-10 1.40694E-09-3.33221E-10 1.66610E-10 2.68396E-10
 -1        97 2.19819E-19 6.66442E-10-1.40694E-09-3.33221E-10-1.66610E-10 2.68396E-10
 -1        98 2.19818E-19 6.66442E-10-1.40694E-09 3.33221E-10 1.66610E-10 2.68396E-10
 -1        99 2.19818E-19-6.66442E-10 1.40694E-09 3.33221E-10-1.66610E-10 2.68396E-10
 -1       100 1.32878E-11 1.32878E-11 2.10731E-06-1.27833E-23 3.95133E-07 3.95133E-07
 -1       101 1.32878E-11 1.32878E-11 2.10731E-06 2.69376E-23 3.95133E-07-3.95133E-07
 -1       102 1.32878E-11 1.32878E-11 2.10731E-06 4.50112E-24-3.95133E-07-3.95133E-07
 -1       103 1.32878E-11 1.32878E-11 2.10731E-06-1.80855E-24-3.95133E-07 3.95133E-07
 -1       104-7.90253E-07-7.90253E-07 2.10731E-06-1.18441E-22-3.95133E-07-3.95133E-07
 -1       105-7.90253E-07-7.90253E-07 2.10731E-06 5.35673E-22-3.95133E-07 3.95133E-07
 -1       106-7.90253E-07-7.90253E-07 2.10731E-06 5.70236E-22 3.95133E-07 3.95133E-07
 -1       107-7.90253E-07-7.90253E-07 2.10731E-06-1.09179E-22 3.95133E-07-3.95133E-07
 -1       108 1.32878E-11 1.32878E-11 2.10731E-06 1.29123E-23-3.95133E-07-3.95133E-07
 -1       109 1.32878E-11 1.32878E-11 2.10731E-06-7.45719E-24-3.95133E-07 3.95133E-07
 -1       110 1.32878E-11 1.32878E-11 2.10731E-06-8.12198E-24 3.95133E-07 3.95133E-07
 -1       111 1.32878E-11 1.32878E-11 2.10731E-06 1.27341E-23 3.95133E-07-3.95133E-07
 -1       113 2.64715E-11 2.64715E-11 4.21460E-06-2.40307E-22 7.90264E-07 7.90264E-07
 -1       114 2.64715E-11 2.64715E-11 4.21460E-06 1.33342E-22 7.90264E-07-7.90264E-07
 -1       115 2.64715E-11 2.64715E-11 4.21460E-06 5.05081E-23-7.90264E-07-7.90264E-07
 -1       116 2.64715E-11 2.64715E-11 4.21460E-06-2.51452E-22-7.90264E-07 7.90264E-07
 -1       117-1.58050E-06-1.58050E-06 4.21460E-06-7.71875E-22-7.90263E-07-7.90263E-07
 -1       118-1.58050E-06-1.58050E-06 4.21460E-06-2.85237E-22-7.90263E-07 7.90263E-07
 -1       119-1.58050E-06-1.58050E-06 4.21460E-06-2.01785E-22 7.90263E-07 7.90263E-07
 -1       120-1.58050E-06-1.58050E-06 4.21460E-06-7.57191E-22 7.90263E-07-7.90263E-07
 -1       121 2.64715E-11 2.64715E-11 4.21460E-06 2.05105E-22-7.90264E-07-7.90264E-07
 -1       122 2.64715E-11 2.64715E-11 4.21460E-06-2.36450E-23-7.90264E-07 7.90264E-07
 -1       123 2.64715E-11 2.64715E-11 4.21460E-06-7.84435E-23 7.90264E-07 7.90264E-07
 -1       124 2.64715E-11 2.64715E-11 4.21460E-06 2.19075E-22 7.90264E-07-7.90264E-07
 -1       126-1.87392E-11-1.87383E-11-2.38984E-06-1.99939E-11 1.43699E-08 1.43456E-08
 -1       127-4.43720E-07-4.43763E-07-1.37600E-06-4.19868E-07 4.61328E-07 4.61485E-07
 -1       128 7.64533E-08 7.62510E-08-3.62148E-07 8.79622E-07-6.27311E-07-6.27352E-07
 -1       129-2.69820E-11 6.68629E-12-1.86550E-06-5.43463E-12-1.33556E-07-1.25569E-07
 -1       130 2.19970E-06 1.78832E-07-1.87539E-06 1.00689E-06 2.77400E-07-2.83384E-06
 -1       131-1.23451E-06-4.46421E-07-1.88528E-06 4.23324E-09-7.94429E-08 7.67713E-07
 -1       132-2.69820E-11 6.68629E-12-1.86550E-06 5.43463E-12 1.33556E-07-1.25569E-07
 -1       133 2.19970E-06 1.78832E-07-1.87539E-06-1.00689E-06-2.77400E-07-2.83384E-06
 -1       134-1.23451E-06-4.46421E-07-1.88528E-06-4.23324E-09 7.94429E-08 7.67713E-07
 -1       135-1.87392E-11-1.87383E-11-2.38984E-06 1.99939E-11-1.43699E-08 1.43456E-08
 -1       136-4.43720E-07-4.43763E-07-1.37600E-06 4.19868E-07-4.61328E-07 4.61485E-07
 -1       137 7.64533E-08 7.62510E-08-3.62148E-07-8.79622E-07 6.27311E-07-6.27352E-07
 -1       138 6.68246E-12-2.69807E-11-1.86527E-06-5.43513E-12-1.25595E-07-1.33553E-07
 -1       139 1.78772E-07 2.19963E-06-1.87532E-06 1.00671E-06-2.83372E-06 2.77484E-07
 -1       140-4.46104E-07-1.23459E-06-1.88537E-06 4.32717E-09 7.67640E-07-7.94673E-08
 -1       141 5.43338E-12 5.43786E-12 2.30875E-06-1.30277E-12 6.07595E-07 6.07577E-07
 -1       142-3.05001E-07-3.05367E-07-1.13405E-06 1.27059E-06-1.81857E-06-1.81861E-06
 -1       143-6.70556E-07-6.70510E-07 2.46271E-06-2.15626E-07-4.83457E-07-4.83343E-07
 -1       144 5.43338E-12 5.43786E-12 2.30875E-06 1.30277E-12-6.07595E-07 6.07577E-07
 -1       145-3.05001E-07-3.05367E-07-1.13405E-06-1.27059E-06 1.81857E-06-1.81861E-06
 -1       146-6.70556E-07-6.70510E-07 2.46271E-06 2.15626E-07 4.83457E-07-4.83343E-07
 -1       147 6.68246E-12-2.69807E-11-1.86527E-06 5.43513E-12 1.25595E-07-1.33553E-07
 -1       148 1.78772E-07 2.19963E-06-1.87532E-06-1.00671E-06 2.83372E-06 2.77484E-07
 -1       149-4.46104E-07-1.23459E-06-1.88537E-06-4.32717E-09-7.67640E-07-7.94673E-08
 -1       150 6.68246E-12-2.69807E-11-1.86527E-06 5.43513E-12-1.25595E-07 1.33553E-07
 -1       151 1.78772E-07 2.19963E-06-1.87532E-06-1.00671E-06-2.83372E-06-2.77484E-07
 -1       152-4.46104E-07-1.23459E-06-1.88537E-06-4.32717E-09 7.67640E-07 7.94673E-08
 -1       153 5.43338E-12 5.43786E-12 2.30875E-06 1.30277E-12 6.07595E-07-6.07577E-07
 -1       154-3.05001E-07-3.05367E-07-1.13405E-06-1.27059E-06-1.81857E-06 1.81861E-06
 -1       155-6.70556E-07-6.70510E-07 2.46271E-06 2.15626E-07-4.83457E-07 4.83343E-07
 -1       156 5.43338E-12 5.43786E-12 2.30875E-06-1.30277E-12-6.07595E-07-6.07577E-07
 -1       157-3.05001E-07-3.05367E-07-1.13405E-06 1.27059E-06 1.81857E-06 1.81861E-06
 -1       158-6.70556E-07-6.70510E-07 2.46271E-06-2.15626E-07 4.83457E-07 4.83343E-07
 -1       159 6.68246E-12-2.69807E-11-1.86527E-06-5.43513E-12 1.25595E-07 1.33553E-07
 -1       160 1.78772E-07 2.19963E-06-1.87532E-06 1.00671E-06 2.83372E-06-2.77484E-07
 -1       161-4.46104E-07-1.23459E-06-1.88537E-06 4.32717E-09-7.67640E-07 7.94673E-08
 -1       162-1.87392E-11-1.87383E-11-2.38984E-06 1.99939E-11 1.43699E-08-1.43456E-08
 -1       163-4.43720E-07-4.43763E-07-1.37600E-06 4.19868E-07 4.61328E-07-4.61485E-07
 -1       164 7.64533E-08 7.62510E-08-3.62148E-07-8.79622E-07-6.27311E-07 6.27352E-07
 -1       165-2.69820E-11 6.68629E-12-1.86550E-06 5.43463E-12-1.33556E-07 1.25569E-07
 -1       166 2.19970E-06 1.78832E-07-1.87539E-06-1.00689E-06 2.77400E-07 2.83384E-06
 -1       167-1.23451E-06-4.46421E-07-1.88528E-06-4.23324E-09-7.94429E-08-7.67713E-07
 -1       168-2.69820E-11 6.68629E-12-1.86550E-06-5.43463E-12 1.33556E-07 1.25569E-07
 -1       169 2.19970E-06 1.78832E-07-1.87539E-06 1.00689E-06-2.77400E-07 2.83384E-06
 -1       170-1.23451E-06-4.46421E-07-1.88528E-06 4.23324E-09 7.94429E-08-7.67713E-07
 -1       171-1.87392E-11-1.87383E-11-2.38984E-06-1.99939E-11-1.43699E-08-1.43456E-08
 -1       172-4.43720E-07-4.43763E-07-1.37600E-06-4.19868E-07-4.61328E-07-4.61485E-07
 -1       173 7.64533E-08 7.62510E-08-3.62148E-07 8.79622E-07 6.27311E-07 6.27352E-07
 -1       175-1.82312E-14-1.82312E-14 1.07999E-09-4.81652E-27-2.70007E-10-2.70007E-10
 -1       176-1.82312E-14-1.82312E-14 1.07999E-09-1.41525E-27-2.70007E-10 2.70007E-10
 -1       177-1.82312E-14-1.82312E-14 1.07999E-09 9.37583E-27 2.70007E-10 2.70007E-10
 -1       178-1.82312E-14-1.82312E-14 1.07999E-09 1.30705E-26 2.70007E-10-2.70007E-10
 -1       179 1.08001E-09 1.08001E-09 1.07999E-09 2.61653E-26-2.70007E-10-2.70007E-10
 -1       180 1.08001E-09 1.08001E-09 1.07999E-09 1.19405E-25-2.70007E-10 2.70007E-10
 -1       181 1.08001E-09 1.08001E-09 1.07999E-09 7.91312E-26 2.70007E-10 2.70007E-10
 -1       182 1.08001E-09 1.08001E-09 1.07999E-09-4.05908E-26 2.70007E-10-2.70007E-10
 -1       183-7.29259E-14-7.29259E-14 4.31996E-09 6.69507E-26-1.08003E-09-1.08003E-09
 -1       184-7.29259E-14-7.29259E-14 4.31996E-09-9.60538E-27-1.08003E-09 1.08003E-09
 -1       185-7.29259E-14-7.29259E-14 4.31996E-09 3.96636E-26 1.08003E-09 1.08003E-09
 -1       186-7.29259E-14-7.29259E-14 4.31996E-09-2.37977E-26 1.08003E-09-1.08003E-09
 -1       187 4.32003E-09 4.32003E-09 4.31996E-09-1.78599E-25-1.08003E-09-1.08003E-09
 -1       188 4.32003E-09 4.32003E-09 4.31996E-09-1.82034E-26-1.08003E-09 1.08003E-09
 -1       189 4.32003E-09 4.32003E-09 4.31996E-09-3.41593E-25 1.08003E-09 1.08003E-09
 -1       190 4.32003E-09 4.32003E-09 4.31996E-09-7.11693E-26 1.08003E-09-1.08003E-09
 -1       191 0.00000E+00 0.00000E+00 0.00000E+00 0.00000E+00 0.00000E+00 0.00000E+00
 -1       192 0.00000E+00 0.00000E+00 0.00000E+00 0.00000E+00 0.00000E+00 0.00000E+00
 -1       193 0.00000E+00 0.00000E+00 0.00000E+00 0.00000E+00 0.00000E+00 0.00000E+00
 -1       194 0.00000E+00 0.00000E+00 0.00000E+00 0.00000E+00 0.00000E+00 0.00000E+00
 -1       195 0.00000E+00 0.00000E+00 0.00000E+00 0.00000E+00 0.00000E+00 0.00000E+00
 -1       196 0.00000E+00 0.00000E+00 0.00000E+00 0.00000E+00 0.00000E+00 0.00000E+00
 -1       197 0.00000E+00 0.00000E+00 0.00000E+00 0.00000E+00 0.00000E+00 0.00000E+00
 -1       198 0.00000E+00 0.00000E+00 0.00000E+00 0.00000E+00 0.00000E+00 0.00000E+00
 -1       199 0.00000E+00 0.00000E+00 0.00000E+00 0.00000E+00 0.00000E+00 0.00000E+00
 -1       200 0.00000E+00 0.00000E+00 0.00000E+00 0.00000E+00 0.00000E+00 0.00000E+00
 -1       201 0.00000E+00 0.00000E+00 0.00000E+00 0.00000E+00 0.00000E+00 0.00000E+00
 -1       202 0.00000E+00 0.00000E+00 0.00000E+00 0.00000E+00 0.00000E+00 0.00000E+00
 -1       203 0.00000E+00 0.00000E+00 0.00000E+00 0.00000E+00 0.00000E+00 0.00000E+00
 -1       204 0.00000E+00 0.00000E+00 0.00000E+00 0.00000E+00 0.00000E+00 0.00000E+00
 -1       205 0.00000E+00 0.00000E+00 0.00000E+00 0.00000E+00 0.00000E+00 0.00000E+00
 -1       206 0.00000E+00 0.00000E+00 0.00000E+00 0.00000E+00 0.00000E+00 0.00000E+00
 -1       207-6.38586E-08-6.38586E-08 7.80248E-04 5.21358E-21-1.94980E-04-1.94980E-04
 -1       208-6.38586E-08-6.38586E-08 7.80248E-04 4.79267E-22-1.94980E-04 1.94980E-04
 -1       209-6.38586E-08-6.38586E-08 7.80248E-04-6.52318E-21 1.94980E-04 1.94980E-04
 -1       210-6.38586E-08-6.38586E-08 7.80248E-04 1.25997E-20 1.94980E-04-1.94980E-04
 -1       211 7.80160E-04 7.80160E-04 7.80248E-04-1.97426E-20-1.95132E-04-1.95132E-04
 -1       212 7.80160E-04 7.80160E-04 7.80248E-04 1.69655E-19-1.95132E-04 1.95132E-04
 -1       213 7.80160E-04 7.80160E-04 7.80248E-04-3.14885E-20 1.95132E-04 1.95132E-04
 -1       214 7.80160E-04 7.80160E-04 7.80248E-04-2.50533E-19 1.95132E-04-1.95132E-04
 -1       215-7.29259E-14-7.29259E-14 4.31996E-09-1.08877E-27-1.08003E-09-1.08003E-09
 -1       216-7.29259E-14-7.29259E-14 4.31996E-09 4.30547E-27-1.08003E-09 1.08003E-09
 -1       217-7.29259E-14-7.29259E-14 4.31996E-09 4.52706E-26 1.08003E-09 1.08003E-09
 -1       218-7.29259E-14-7.29259E-14 4.31996E-09-3.71507E-27 1.08003E-09-1.08003E-09
 -1       219 4.32003E-09 4.32003E-09 4.31996E-09-3.37980E-24-1.08003E-09-1.08003E-09
 -1       220 4.32003E-09 4.32003E-09 4.31996E-09 3.95862E-24-1.08003E-09 1.08003E-09
 -1       221 4.32003E-09 4.32003E-09 4.31996E-09 2.90911E-24 1.08003E-09 1.08003E-09
 -1       222 4.32003E-09 4.32003E-09 4.31996E-09-3.53270E-24 1.08003E-09-1.08003E-09
 -1       223-2.27084E-13 2.23563E-38 8.25392E-07-3.71074E-23 1.89630E-22 7.22208E-07
 -1       224-2.27084E-13-1.99661E-39-8.25392E-07-8.04246E-24 4.52964E-22 7.22207E-07
 -1       225-2.27084E-13-1.99658E-39-8.25392E-07-5.38881E-23 4.52964E-22 7.22207E-07
 -1       226-2.27084E-13 2.23563E-38 8.25392E-07-2.48233E-23 1.89630E-22 7.22208E-07
 -1       227-2.27101E-13-1.03796E-37 8.25392E-07-3.00711E-24-4.91929E-22-1.03185E-07
 -1       228-2.27101E-13 8.34373E-38-8.25392E-07-1.11480E-22-1.49186E-22-1.03184E-07
 -1       229-2.27101E-13 8.34372E-38-8.25392E-07 5.96202E-23-1.49185E-22-1.03184E-07
 -1       230-2.27101E-13-1.03796E-37 8.25392E-07-4.88528E-23-4.91929E-22-1.03185E-07
 -1       232-3.50325E-43-2.27084E-13 8.25392E-07 1.02580E-23 7.22208E-07-7.10562E-23
 -1       233-3.50325E-43-2.27084E-13 8.25392E-07 1.02580E-23 7.22208E-07-7.10562E-23
 -1       234-3.88160E-43-2.27084E-13-8.25392E-07-4.27496E-24 7.22207E-07 7.16448E-22
 -1       235-3.88160E-43-2.27084E-13-8.25392E-07-4.27496E-24 7.22207E-07 7.16448E-22
 -1       236 1.70398E-42-2.27101E-13 8.25392E-07-5.04012E-23-1.03185E-07-6.58675E-22
 -1       237 1.70398E-42-2.27101E-13 8.25392E-07-5.04012E-23-1.03185E-07-6.58675E-22
 -1       238 1.92538E-42-2.27101E-13-8.25392E-07-1.04638E-22-1.03184E-07 8.91259E-23
 -1       239 1.92538E-42-2.27101E-13-8.25392E-07-1.04638E-22-1.03184E-07 8.91259E-23
 -1       241-1.56816E-12-1.56816E-12-2.16658E-07-1.06970E-24-2.32141E-08-2.32141E-08
 -1       242-1.56816E-12-1.56816E-12-2.16658E-07 7.01026E-25-2.32141E-08 2.32141E-08
 -1       243-1.56816E-12-1.56816E-12-2.16658E-07 1.64307E-24 2.32141E-08 2.32141E-08
 -1       244-1.56816E-12-1.56816E-12-2.16658E-07-3.45661E-24 2.32141E-08-2.32141E-08
 -1       245 9.28550E-08 9.28550E-08-2.16658E-07-1.78776E-23-2.32141E-08-2.32141E-08
 -1       246 9.28550E-08 9.28550E-08-2.16658E-07 5.54636E-23-2.32141E-08 2.32141E-08
 -1       247 9.28550E-08 9.28550E-08-2.16658E-07 1.19457E-22 2.32141E-08 2.32141E-08
 -1       248 9.28550E-08 9.28550E-08-2.16658E-07 4.38614E-23 2.32141E-08-2.32141E-08
 -1       250-4.13861E-13-4.13861E-13 3.54725E-13-9.52828E-23-5.57139E-07 5.57140E-07
 -1       251-4.13861E-13-4.13861E-13 3.54725E-13-3.37995E-22 5.57140E-07 5.57139E-07
 -1       252-4.13861E-13-4.13861E-13 3.54725E-13 8.57620E-22 5.57139E-07-5.57140E-07
 -1       253-4.13861E-13-4.13861E-13 3.54725E-13 6.50866E-22-5.57140E-07-5.57139E-07
 -1       254-4.13832E-13-4.13832E-13 3.54725E-13-1.57224E-21-5.57140E-07 5.57139E-07
 -1       255-4.13832E-13-4.13832E-13 3.54725E-13-1.74382E-22 5.57139E-07 5.57140E-07
 -1       256-4.13832E-13-4.13832E-13 3.54725E-13-2.52516E-21 5.57140E-07-5.57139E-07
 -1       257-4.13832E-13-4.13832E-13 3.54725E-13-2.99710E-21-5.57139E-07-5.57140E-07
 -1       260-1.33670E-13 1.23418E-12-1.19894E-07-1.30254E-12 1.17471E-07-8.20677E-08
 -1       261-1.33670E-13 4.86778E-13 7.92283E-07-6.96995E-13 1.39733E-07-1.68675E-07
 -1       262 9.76670E-13 4.86778E-13-1.91019E-07-1.12107E-12 6.71231E-08-1.85625E-12
 -1       263 9.76670E-13 1.23418E-12-5.99708E-08-1.62587E-12 1.37362E-07-6.03741E-08
 -1       264-1.73215E-07 3.97847E-08-1.19894E-07 4.39583E-08 1.47432E-07 3.74020E-07
 -1       265-1.73215E-07-1.45219E-07 7.92283E-07 1.90938E-07-3.51918E-07 2.87413E-07
 -1       266 1.20745E-07-1.45219E-07-1.91019E-07 9.84367E-08-4.24527E-07-6.55259E-08
 -1       267 1.20745E-07 3.97847E-08-5.99708E-08-4.85436E-08 1.67324E-07-1.25898E-07
 -1       268-1.33670E-13 4.86778E-13 7.92283E-07 6.96995E-13 1.39733E-07 1.68675E-07
 -1       269-1.33670E-13 1.23418E-12-1.19894E-07 1.30254E-12 1.17471E-07 8.20677E-08
 -1       270 9.76670E-13 1.23418E-12-5.99708E-08 1.62587E-12 1.37362E-07 6.03741E-08
 -1       271 9.76670E-13 4.86778E-13-1.91019E-07 1.12107E-12 6.71231E-08 1.85625E-12
 -1       272-1.73215E-07-1.45219E-07 7.92283E-07-1.90938E-07-3.51918E-07-2.87413E-07
 -1       273-1.73215E-07 3.97847E-08-1.19894E-07-4.39583E-08 1.47432E-07-3.74020E-07
 -1       274 1.20745E-07 3.97847E-08-5.99708E-08 4.85436E-08 1.67324E-07 1.25898E-07
 -1       275 1.20745E-07-1.45219E-07-1.91019E-07-9.84367E-08-4.24527E-07 6.55259E-08
 -1       276 3.39793E-13-6.79184E-13 5.96244E-07 1.89251E-13 5.84869E-07 1.51358E-08
 -1       277 3.39793E-13 8.71513E-13-6.23188E-07-9.95586E-14-5.83855E-07 9.37663E-08
 -1       278-2.66120E-13 8.71513E-13-9.39902E-07 6.61643E-13-3.79117E-07 9.08277E-07
 -1       279-2.66120E-13-6.79184E-13 9.83755E-07 9.78746E-13 3.60403E-07 1.00664E-06
 -1       280 7.86317E-08-2.24466E-07 5.96244E-07-8.86094E-08 6.81746E-07-2.89723E-07
 -1       281 7.86317E-08 2.04739E-07-6.23188E-07-1.77106E-07-6.63034E-07-2.11091E-07
 -1       282-9.83606E-08 2.04739E-07-9.39902E-07 3.74969E-08-4.58296E-07 4.27364E-07
 -1       283-9.83606E-08-2.24466E-07 9.83755E-07 1.25993E-07 4.57281E-07 5.25723E-07
 -1       284 7.86195E-08-2.24464E-07 3.05688E-07-8.86181E-08 3.83952E-07 1.52403E-07
 -1       285 7.86195E-08 2.04741E-07-4.46742E-08-1.77110E-07-1.66862E-07-5.48519E-07
 -1       286-9.83651E-08 2.04741E-07-7.17425E-07 3.74921E-08-4.19349E-07 1.82527E-06
 -1       287-9.83651E-08-2.24464E-07 1.55426E-07 1.25985E-07 4.08013E-07 1.14692E-07
 -1       288-6.22302E-07-2.00403E-07 3.05688E-07-2.06822E-07 3.46386E-07 6.48120E-08
 -1       289-6.22302E-07-4.77438E-08-4.46742E-08 9.10437E-07-3.35052E-07-6.36110E-07
 -1       290 1.61222E-06-4.77438E-08-7.17425E-07 9.86768E-07-5.87533E-07 1.60706E-06
 -1       291 1.61222E-06-2.00403E-07 1.55426E-07-1.30493E-07 3.70447E-07-1.03522E-07
 -1       292-5.34430E-12-5.34430E-12-8.42925E-07 4.82213E-23-1.58054E-07-1.58054E-07
 -1       293-5.34430E-12-5.34430E-12-8.42925E-07 7.59725E-23-1.58054E-07 1.58054E-07
 -1       294-5.34430E-12-5.34430E-12-8.42925E-07 6.99708E-23 1.58054E-07 1.58054E-07
 -1       295-5.34430E-12-5.34430E-12-8.42925E-07 2.91388E-23 1.58054E-07-1.58054E-07
 -1       296 3.16103E-07 3.16103E-07-8.42925E-07-2.86489E-18-1.58054E-07-1.58054E-07
 -1       297 3.16103E-07 3.16103E-07-8.42925E-07 1.06147E-18-1.58054E-07 1.58054E-07
 -1       298 3.16103E-07 3.16103E-07-8.42925E-07-2.86136E-18 1.58054E-07 1.58054E-07
 -1       299 3.16103E-07 3.16103E-07-8.42925E-07-6.78765E-18 1.58054E-07-1.58054E-07
 -1       300-1.05120E-34 3.99474E-34-7.07455E-07 9.87321E-35 1.64546E-17 3.24374E-18
 -1       301-1.05120E-34-1.05261E-34-7.07455E-07-1.76626E-35-3.24616E-18 3.24374E-18
 -1       302 3.98963E-34-1.05239E-34-7.07455E-07 9.86388E-35-3.24195E-18-1.64438E-17
 -1       303 3.98963E-34 3.99468E-34-7.07455E-07-5.22069E-34 1.64534E-17-1.64438E-17
 -1       304-2.36857E-35 1.18567E-34-7.07455E-07-6.76068E-36 8.88578E-18 6.98575E-20
 -1       305-2.36857E-35-2.36346E-35-7.07455E-07 3.33907E-36-6.09072E-20 6.98575E-20
 -1       306 1.18531E-34-2.36736E-35-7.07455E-07-6.83212E-36-6.71160E-20-8.88546E-18
 -1       307 1.18531E-34 1.18577E-34-7.07455E-07-1.38875E-34 8.88745E-18-8.88546E-18
 -1       308 0.00000E+00 0.00000E+00 0.00000E+00 0.00000E+00 0.00000E+00 0.00000E+00
 -1       309 0.00000E+00 0.00000E+00 0.00000E+00 0.00000E+00 0.00000E+00 0.00000E+00
 -1       310 0.00000E+00 0.00000E+00 0.00000E+00 0.00000E+00 0.00000E+00 0.00000E+00
 -1       311 0.00000E+00 0.00000E+00 0.00000E+00 0.00000E+00 0.00000E+00 0.00000E+00
 -1       312 0.00000E+00 0.00000E+00 0.00000E+00 0.00000E+00 0.00000E+00 0.00000E+00
 -1       313 0.00000E+00 0.00000E+00 0.00000E+00 0.00000E+00 0.00000E+00 0.00000E+00
 -1       314 0.00000E+00 0.00000E+00 0.00000E+00 0.00000E+00 0.00000E+00 0.00000E+00
 -1       315 0.00000E+00 0.00000E+00 0.00000E+00 0.00000E+00 0.00000E+00 0.00000E+00
 -1       325-7.90253E-07-7.90253E-07 2.10731E-06-4.42111E-23 3.95133E-07 3.95133E-07
 -1       326-7.90253E-07-7.90253E-07 2.10731E-06 4.88178E-22 3.95133E-07-3.95133E-07
 -1       327-7.90253E-07-7.90253E-07 2.10731E-06 4.74338E-22-3.95133E-07-3.95133E-07
 -1       328-7.90253E-07-7.90253E-07 2.10731E-06-4.18325E-23-3.95133E-07 3.95133E-07
 -1       329-1.58050E-06-1.58050E-06 4.21460E-06 1.79451E-22 7.90263E-07 7.90263E-07
 -1       330-1.58050E-06-1.58050E-06 4.21460E-06-6.89860E-22 7.90263E-07-7.90263E-07
 -1       331-1.58050E-06-1.58050E-06 4.21460E-06-3.63521E-22-7.90263E-07-7.90263E-07
 -1       332-1.58050E-06-1.58050E-06 4.21460E-06 2.85211E-22-7.90263E-07 7.90263E-07
 -1       333-3.64459E-06-3.64535E-06 2.70242E-05-3.93872E-22 6.07579E-07 6.07562E-07
 -1       334-3.64459E-06-3.64535E-06 2.70242E-05 8.25802E-21 6.07579E-07-6.07562E-07
 -1       335-3.64459E-06-3.64535E-06 2.70242E-05 7.06687E-21-6.07579E-07-6.07562E-07
 -1       336-3.64459E-06-3.64535E-06 2.70242E-05-1.57776E-21-6.07579E-07 6.07562E-07
 -1       347-3.86819E-10-2.42940E-05 1.09618E-05-1.58085E-06 1.16461E-05-2.97668E-06
 -1       349-3.95294E-10 2.43078E-05-1.09665E-05 1.57935E-06 1.16372E-05-2.97667E-06
 -1       350-3.61250E-11-2.80624E-05 1.09653E-05-9.84099E-07-1.41125E-05 2.97677E-06
 -1       352-4.45878E-11 2.80494E-05-1.09631E-05 9.85426E-07-1.41230E-05 2.97660E-06
 -1       353 1.19056E-06-2.80491E-05 1.09625E-05-2.86242E-06 4.65188E-06-3.08783E-06
 -1       355-1.19079E-06 2.80628E-05-1.09659E-05 2.86213E-06 4.66287E-06-3.08765E-06
 -1       356 1.19082E-06-2.43076E-05 1.09662E-05-3.45738E-06-7.13790E-06 2.86560E-06
 -1       358-1.19053E-06 2.42942E-05-1.09621E-05 3.45784E-06-7.12903E-06 2.86565E-06
 -1       359-1.00001E-04 1.01721E-10 4.18804E-05-1.15226E-06-1.13711E-05 7.03841E-08
 -1       361 9.99974E-05 6.94596E-11-4.18841E-05 1.12187E-06-1.13702E-05-7.03767E-08
 -1       362-1.00002E-04 4.55006E-06 4.18797E-05-1.12952E-06 1.13703E-05-7.15211E-08
 -1       364 9.99970E-05-4.54650E-06-4.18847E-05 1.14461E-06 1.13710E-05 7.15138E-08
 -1       365-1.00002E-04 4.55006E-06 4.18797E-05 1.12952E-06-1.13703E-05-7.15211E-08
 -1       367 9.99970E-05-4.54650E-06-4.18847E-05-1.14461E-06-1.13710E-05 7.15138E-08
 -1       368-1.00001E-04 1.01721E-10 4.18804E-05 1.15226E-06 1.13711E-05 7.03841E-08
 -1       370 9.99974E-05 6.94596E-11-4.18841E-05-1.12187E-06 1.13702E-05-7.03767E-08
 -1       371-6.74252E-05-1.99766E-08 1.88091E-04-1.53646E-05 4.02778E-05 4.95919E-05
 -1       372-6.74347E-05 9.44449E-08 1.87810E-04 1.53402E-05 5.25624E-05-4.32684E-05
 -1       373 6.73541E-05 9.48905E-08-1.88112E-04 1.53674E-05-5.25780E-05-4.33991E-05
 -1       374 6.73636E-05-1.95310E-08-1.87832E-04-1.53428E-05-4.02967E-05 4.94560E-05
 -1       379-5.71370E-05-6.14771E-05 1.75267E-04 9.75136E-06 4.41820E-05 4.95151E-05
 -1       380-5.69949E-05-6.13633E-05 1.74884E-04-9.73327E-06 4.86650E-05-4.33464E-05
 -1       381 5.71323E-05 6.14673E-05-1.75272E-04-9.75251E-06-4.86813E-05-4.33209E-05
 -1       382 5.69902E-05 6.13535E-05-1.74889E-04 9.73443E-06-4.41869E-05 4.95326E-05
 -1       387-4.68060E-05-4.49483E-05 1.62425E-04-4.14106E-06 4.80772E-05 4.94665E-05
 -1       388-4.66899E-05-4.48143E-05 1.61964E-04 4.12249E-06 4.47728E-05-4.33819E-05
 -1       389 4.67757E-05 4.49601E-05-1.62425E-04 4.14161E-06-4.47791E-05-4.32854E-05
 -1       390 4.66597E-05 4.48262E-05-1.61964E-04-4.12297E-06-4.80860E-05 4.95812E-05
 -1       395-2.16658E-06-1.81338E-11 9.28543E-07 3.10906E-13-4.30483E-15-3.67815E-20
 -1       397-2.16658E-06-1.81338E-11 9.28543E-07 3.10906E-13 4.30486E-15-1.44156E-20
 -1       398-2.48801E-06 1.07141E-06 6.07116E-07-6.21798E-14-4.30486E-15 3.12504E-20
 -1       400-2.48801E-06 1.07141E-06 6.07116E-07-6.21798E-14 4.30483E-15 5.83880E-21
 -1       401-2.48801E-06 1.07141E-06 6.07116E-07 6.21798E-14 4.30486E-15 6.15712E-21
 -1       403-2.48801E-06 1.07141E-06 6.07116E-07 6.21798E-14-4.30483E-15-1.96578E-20
 -1       404-2.16658E-06-1.81338E-11 9.28543E-07-3.10906E-13 4.30484E-15 2.44902E-20
 -1       406-2.16658E-06-1.81338E-11 9.28543E-07-3.10906E-13-4.30486E-15 4.81032E-20
 -1       407-2.30994E-06-1.62091E-11 9.89399E-07-2.38933E-07 1.86907E-21 1.02108E-08
 -1       409-2.30994E-06-1.62091E-11 9.89399E-07-2.38933E-07 1.96546E-21-1.02108E-08
 -1       410-2.30994E-06 9.55714E-07 5.80967E-07-2.38933E-07-2.15176E-23 1.02108E-08
 -1       412-2.30994E-06 9.55714E-07 5.80967E-07-2.38933E-07-8.89693E-22-1.02108E-08
 -1       413-2.30994E-06 9.55714E-07 5.80967E-07 2.38933E-07-5.50361E-21 1.02108E-08
 -1       415-2.30994E-06 9.55714E-07 5.80967E-07 2.38933E-07-4.09388E-21-1.02108E-08
 -1       416-2.30994E-06-1.62091E-11 9.89399E-07 2.38933E-07-2.38975E-21 1.02108E-08
 -1       418-2.30994E-06-1.62091E-11 9.89399E-07 2.38933E-07-2.55132E-21-1.02108E-08
 -3
    1PSTEP                         7           1           2          
  100CL  102 2.000000000         344                     0    2           1
 -4  FORC        4    1
 -5  F1          1    2    1    0
 -5  F2          1    2    2    0
 -5  F3          1    2    3    0
 -5  ALL         1    2    0    0    1ALL
 -1         1 0.00000E+00 0.00000E+00 0.00000E+00
 -1         2 0.00000E+00 0.00000E+00 0.00000E+00
 -1         3 0.00000E+00 0.00000E+00 0.00000E+00
 -1         4 0.00000E+00 0.00000E+00 0.00000E+00
 -1         5 0.00000E+00 0.00000E+00 0.00000E+00
 -1         6 0.00000E+00 0.00000E+00 0.00000E+00
 -1         7 0.00000E+00 0.00000E+00 0.00000E+00
 -1         8 0.00000E+00 0.00000E+00 0.00000E+00
 -1        13-3.46640E+03-3.46640E+03-1.15738E+04
 -1        14 3.46640E+03-3.46640E+03-1.15738E+04
 -1        15 3.46640E+03 3.46640E+03-1.15738E+04
 -1        16-3.46640E+03 3.46640E+03-1.15738E+04
 -1        17-1.91035E-13-2.47961E-13 1.15738E+04
 -1        18 4.46587E-14 3.85358E-13 1.15738E+04
 -1        19 5.29465E-13-4.37761E-13 1.15738E+04
 -1        20-4.10338E-13 7.97695E-14 1.15738E+04
 -1        25 2.32237E+03 2.32237E+03-4.83305E-07
 -1        26-2.32237E+03 2.32237E+03-4.83305E-07
 -1        27-2.32237E+03-2.32237E+03-4.83305E-07
 -1        28 2.32237E+03-2.32237E+03-4.83305E-07
 -1        29-3.74018E-07-3.74018E-07 4.83305E-07
 -1        30 3.74018E-07-3.74018E-07 4.83305E-07
 -1        31 3.74018E-07 3.74017E-07 4.83305E-07
 -1        32-3.74018E-07 3.74018E-07 4.83306E-07
 -1        33-2.71394E-01-2.71394E-01-2.61872E-02
 -1        34 1.35697E-01 1.35697E-01 2.61871E-02
 -1        35 2.22797E-15-2.18517E-15-2.61870E-02
 -1        36 1.35697E-01 1.35697E-01 2.61871E-02
 -1        37-3.53553E+00-3.53553E+00 3.42229E-17
 -1        38 3.53553E+00-3.53553E+00 2.79544E-16
 -1        39 3.53553E+00 3.53553E+00 8.86930E-17
 -1        40-3.53553E+00 3.53553E+00-1.09036E-16
 -1        41-1.05770E+00-1.15293E+00-3.48719E+00
 -1        42-1.55769E+00 1.98627E+00 3.48718E+00
 -1        43-2.60897E+00 6.29116E-01 6.51283E+00
 -1        44-4.77564E+00-1.46245E+00-1.51281E+00
 -1        45-1.25933E-15-1.69599E-15 6.71087E-16
 -1        46 1.06007E-15 1.74229E-18 4.29990E-16
 -1        47 1.00000E+01 1.34628E-16 5.37152E-17
 -1        48-8.32085E-16 4.35349E-16-5.00000E+00
 -1        52 1.57290E+01 8.70541E+00 3.75001E+01
 -1        53-3.22928E+00 6.08636E+00 1.25001E+01
 -1        54-3.22928E+00-6.08636E+00 1.25001E+01
 -1        55 1.57290E+01-8.70541E+00 3.75001E+01
 -1        56 1.12019E-04 1.11144E-15-2.50001E+01
 -1        57-1.24999E+01 8.24129E-16-2.50001E+01
 -1        58-1.24999E+01-1.78295E-15-2.50001E+01
 -1        59 1.12019E-04-3.39021E-15-2.50001E+01
 -1        60 3.73815E+00-8.33292E-01 1.12589E-04
 -1        61-3.73815E+00-8.33292E-01 1.12589E-04
 -1        62-7.92863E+00-1.91664E+01 4.00001E+01
 -1        63 7.92863E+00-1.91664E+01 4.00001E+01
 -1        64-1.93111E-15 1.99999E+01-2.00002E+01
 -1        65 6.51467E-16 1.99999E+01-2.00002E+01
 -1        66 3.58878E-16-1.43384E-04-2.00000E+01
 -1        67-1.86530E-15-1.43384E-04-2.00000E+01
 -1        76 2.88782E-03 2.88782E-03 9.62606E-03
 -1        77-2.88782E-03 2.88782E-03 9.62606E-03
 -1        78-2.88782E-03-2.88782E-03 9.62606E-03
 -1        79 2.88782E-03-2.88782E-03 9.62606E-03
 -1        80-7.69506E-19-5.62830E-19-9.62606E-03
 -1        81 9.18192E-19-1.06988E-18-9.62606E-03
 -1        82 3.84538E-19 3.84538E-19-9.62606E-03
 -1        83-2.29627E-19 6.81023E-19-9.62606E-03
 -1        84-4.90625E-03-4.90625E-03 4.56349E-17
 -1        85 4.90625E-03-4.90625E-03-6.46398E-17
 -1        86 4.90625E-03 4.90625E-03-4.39142E-17
 -1        87-4.90625E-03 4.90625E-03 6.84461E-17
 -1        88-1.63542E-02-1.63542E-02 1.97907E-19
 -1        89 1.63542E-02-1.63542E-02-1.16869E-19
 -1        90 1.63542E-02 1.63542E-02-1.14082E-18
 -1        91-1.63542E-02 1.63542E-02-9.84230E-19
 -1        92-3.92500E-03-8.22381E-04-7.85000E-03
 -1        93-3.92500E-03 8.22381E-04 7.85000E-03
 -1        94-3.92500E-03-8.22381E-04 7.85000E-03
 -1        95-3.92500E-03 8.22381E-04-7.85000E-03
 -1        96 3.92500E-03-7.79303E-19 1.37661E-18
 -1        97 3.92500E-03-8.57076E-19 1.66887E-19
 -1        98 3.92500E-03 8.72328E-19 7.54312E-19
 -1        99 3.92500E-03 9.34555E-19 6.01114E-19
 -1       100-2.39362E+00-2.39362E+00-1.25000E+01
 -1       101 2.39362E+00-2.39362E+00-1.25000E+01
 -1       102 2.39362E+00 2.39362E+00-1.25000E+01
 -1       103-2.39362E+00 2.39362E+00-1.25000E+01
 -1       104-6.44381E-16 2.96731E-15-1.25000E+01
 -1       105 2.56398E-15 3.20001E-16-1.25000E+01
 -1       106 2.82750E-16-2.27076E-15-1.25000E+01
 -1       107-4.85641E-15 1.53702E-15-1.25000E+01
 -1       108-2.39362E+00-2.39362E+00 1.25000E+01
 -1       109 2.39362E+00-2.39362E+00 1.25000E+01
 -1       110 2.39362E+00 2.39362E+00 1.25000E+01
 -1       111-2.39362E+00 2.39362E+00 1.25000E+01
 -1       113-4.78723E+00-4.78723E+00-2.50000E+01
 -1       114 4.78723E+00-4.78723E+00-2.50000E+01
 -1       115 4.78723E+00 4.78723E+00-2.50000E+01
 -1       116-4.78723E+00 4.78723E+00-2.50000E+01
 -1       117 6.55761E-15 1.50022E-14-2.50000E+01
 -1       118 2.82080E-15-5.93900E-15-2.50000E+01
 -1       119-2.54279E-14-1.75453E-14-2.50000E+01
 -1       120-2.43964E-14 2.10007E-14-2.50000E+01
 -1       121-4.78723E+00-4.78723E+00 2.50000E+01
 -1       122 4.78723E+00-4.78723E+00 2.50000E+01
 -1       123 4.78723E+00 4.78723E+00 2.50000E+01
 -1       124-4.78723E+00 4.78723E+00 2.50000E+01
 -1       126 1.06133E+00 1.06129E+00 2.13879E+00
 -1       127-3.18084E-16 2.89268E-16-2.60007E-16
 -1       128 9.27488E-17-8.80065E-17 7.62480E-17
 -1       129 3.52728E+00 2.58479E-01 4.95477E+00
 -1       130-4.74613E-16-4.04081E-16-1.18095E-15
 -1       131-3.88350E-16-1.49237E-17-1.08724E-16
 -1       132 3.52728E+00-2.58479E-01 4.95477E+00
 -1       133-9.42473E-16 2.01245E-17-1.65921E-16
 -1       134 2.98307E-16 1.32340E-16-1.41739E-16
 -1       135 1.06133E+00-1.06129E+00 2.13879E+00
 -1       136-3.54764E-16 1.30041E-16 1.34608E-16
 -1       137 9.61884E-17-7.83318E-18-2.96690E-16
 -1       138 2.58428E-01 3.52750E+00 4.95524E+00
 -1       139-1.43744E-16-1.38579E-16-1.78566E-15
 -1       140-2.26819E-16-3.57677E-16 1.77596E-16
 -1       141-1.01160E+01-1.01178E+01-1.20488E+01
 -1       142 9.46300E+00 9.46437E+00-2.00000E+01
 -1       143-7.12451E-16-1.02594E-16 7.91417E-16
 -1       144-1.01160E+01 1.01178E+01-1.20488E+01
 -1       145 9.46300E+00-9.46437E+00-2.00000E+01
 -1       146-2.43048E-16-5.77196E-17-2.65808E-16
 -1       147 2.58428E-01-3.52750E+00 4.95524E+00
 -1       148-1.92598E-16 4.78137E-16 1.89938E-16
 -1       149-7.85757E-17 1.54346E-16 6.32267E-16
 -1       150-2.58428E-01 3.52750E+00 4.95524E+00
 -1       151 1.32799E-15-3.83666E-16 8.78521E-18
 -1       152 6.31257E-16-9.09751E-17-3.05944E-17
 -1       153 1.01160E+01-1.01178E+01-1.20488E+01
 -1       154-9.46300E+00 9.46437E+00-2.00000E+01
 -1       155 3.85330E-16-2.83812E-16-1.72839E-16
 -1       156 1.01160E+01 1.01178E+01-1.20488E+01
 -1       157-9.46300E+00-9.46437E+00-2.00000E+01
 -1       158-2.63064E-16-1.46212E-16 1.90330E-16
 -1       159-2.58428E-01-3.52750E+00 4.95524E+00
 -1       160 1.74203E-16-4.80838E-16 2.74947E-16
 -1       161 2.58805E-16-5.02208E-16-8.44250E-16
 -1       162-1.06133E+00 1.06129E+00 2.13879E+00
 -1       163 6.86574E-17 2.16709E-16 6.66829E-16
 -1       164-9.19151E-18 7.12084E-17 4.89805E-17
 -1       165-3.52728E+00 2.58479E-01 4.95477E+00
 -1       166-3.82181E-16-6.83625E-16-6.75324E-16
 -1       167-3.23611E-16-3.72074E-16-5.19208E-16
 -1       168-3.52728E+00-2.58479E-01 4.95477E+00
 -1       169 3.98098E-16-7.36501E-16 1.98909E-15
 -1       170 4.08536E-17 3.49651E-17 5.13020E-16
 -1       171-1.06133E+00-1.06129E+00 2.13879E+00
 -1       172 1.29275E-16 2.82869E-16 1.80041E-16
 -1       173 1.10117E-16-2.31785E-16-5.25253E-17
 -1       175 4.36167E-03 4.36167E-03 8.21101E-19
 -1       176-4.36167E-03 4.36167E-03 4.79759E-19
 -1       177-4.36167E-03-4.36167E-03 5.50860E-19
 -1       178 4.36167E-03-4.36167E-03-1.70762E-19
 -1       179 1.97299E-19 4.95455E-19-1.48501E-20
 -1       180-3.33674E-19-1.30662E-19-3.21480E-19
 -1       181 4.74900E-20 3.18541E-19 9.49352E-20
 -1       182 5.22971E-20-6.86039E-19-1.04639E-19
 -1       183 1.74467E-02 1.74467E-02-2.98864E-18
 -1       184-1.74467E-02 1.74467E-02 1.50036E-18
 -1       185-1.74467E-02-1.74467E-02 1.53612E-19
 -1       186 1.74467E-02-1.74467E-02 2.36772E-18
 -1       187 8.23068E-19-1.79819E-19 1.28012E-18
 -1       188-6.27833E-19 1.20378E-18-2.97793E-18
 -1       189-1.53911E-18 3.04037E-19-6.67017E-19
 -1       190 1.50194E-18-6.00728E-19 1.14204E-18
 -1       191 0.00000E+00 0.00000E+00 0.00000E+00
 -1       192 0.00000E+00 0.00000E+00 0.00000E+00
 -1       193 0.00000E+00 0.00000E+00 0.00000E+00
 -1       194 0.00000E+00 0.00000E+00 0.00000E+00
 -1       195 0.00000E+00 0.00000E+00 0.00000E+00
 -1       196 0.00000E+00 0.00000E+00 0.00000E+00
 -1       197 0.00000E+00 0.00000E+00 0.00000E+00
 -1       198 0.00000E+00 0.00000E+00 0.00000E+00
 -1       199 0.00000E+00 0.00000E+00 0.00000E+00
 -1       200 0.00000E+00 0.00000E+00 0.00000E+00
 -1       201 0.00000E+00 0.00000E+00 0.00000E+00
 -1       202 0.00000E+00 0.00000E+00 0.00000E+00
 -1       203 0.00000E+00 0.00000E+00 0.00000E+00
 -1       204 0.00000E+00 0.00000E+00 0.00000E+00
 -1       205 0.00000E+00 0.00000E+00 0.00000E+00
 -1       206 0.00000E+00 0.00000E+00 0.00000E+00
 -1       207 3.14985E+03 3.14985E+03-1.63603E-06
 -1       208-3.14985E+03 3.14985E+03-1.63603E-06
 -1       209-3.14985E+03-3.14985E+03-1.63603E-06
 -1       210 3.14985E+03-3.14985E+03-1.63603E-06
 -1       211-1.26572E-06-1.26572E-06 1.63603E-06
 -1       212 1.26572E-06-1.26572E-06 1.63603E-06
 -1       213 1.26572E-06 1.26572E-06 1.63603E-06
 -1       214-1.26572E-06 1.26572E-06 1.63603E-06
 -1       215 1.74467E-02 1.74467E-02-6.57602E-19
 -1       216-1.74467E-02 1.74467E-02-2.34365E-19
 -1       217-1.74467E-02-1.74467E-02 6.65883E-18
 -1       218 1.74467E-02-1.74467E-02 3.07736E-19
 -1       219-2.20476E-19 2.06428E-19 8.73542E-19
 -1       220 9.98470E-19 1.96273E-18-1.46005E-18
 -1       221-2.08121E-18-2.40647E-18-6.30487E-18
 -1       222 1.33931E-18 1.58213E-19-2.00215E-18
 -1       223-1.25000E+00-8.33332E-01-3.75000E+00
 -1       224-1.25000E+00 8.33334E-01 3.75000E+00
 -1       225-1.25000E+00-8.33334E-01 3.75000E+00
 -1       226-1.25000E+00 8.33332E-01-3.75000E+00
 -1       227 1.25000E+00-8.33332E-01 1.25000E+00
 -1       228 1.25000E+00 8.33334E-01-1.25000E+00
 -1       229 1.25000E+00-8.33334E-01-1.25000E+00
 -1       230 1.25000E+00 8.33332E-01 1.25000E+00
 -1       232-8.33332E-01-1.25000E+00-3.75000E+00
 -1       233 8.33332E-01-1.25000E+00-3.75000E+00
 -1       234-8.33334E-01-1.25000E+00 3.75000E+00
 -1       235 8.33334E-01-1.25000E+00 3.75000E+00
 -1       236-8.33332E-01 1.25000E+00 1.25000E+00
 -1       237 8.33332E-01 1.25000E+00 1.25000E+00
 -1       238-8.33334E-01 1.25000E+00-1.25000E+00
 -1       239 8.33334E-01 1.25000E+00-1.25000E+00
 -1       241 3.75000E-01 3.75000E-01 1.25000E+00
 -1       242-3.75000E-01 3.75000E-01 1.25000E+00
 -1       243-3.75000E-01-3.75000E-01 1.25000E+00
 -1       244 3.75000E-01-3.75000E-01 1.25000E+00
 -1       245-5.79464E-18-5.97879E-17-1.25000E+00
 -1       246 5.66291E-18-7.70928E-17-1.25000E+00
 -1       247-4.40186E-17 4.61870E-17-1.25000E+00
 -1       248 1.05921E-16-1.51538E-17-1.25000E+00
 -1       250-7.49999E-01 7.50001E-01 5.21871E-15
 -1       251-7.50001E-01-7.49999E-01-4.55533E-15
 -1       252 7.49999E-01-7.50001E-01-2.92368E-15
 -1       253 7.50001E-01 7.49999E-01 2.04606E-15
 -1       254 7.50003E-01-7.49997E-01 1.97000E-15
 -1       255 7.49997E-01 7.50003E-01-1.51171E-15
 -1       256-7.50003E-01 7.49997E-01 1.48035E-15
 -1       257-7.49997E-01-7.50003E-01-1.84235E-15
 -1       260-6.01594E-01-3.59552E-01-7.66760E-01
 -1       261 2.65249E-02-1.27742E-02-1.73324E+00
 -1       262 2.38851E-01 5.87844E-01-4.45910E-01
 -1       263 1.53686E-02-2.15518E-01 4.45909E-01
 -1       264 2.54764E-17 8.63754E-17-6.15664E-17
 -1       265 1.28021E-17 1.81445E-17 2.50000E+00
 -1       266 3.20850E-01 1.84231E-16 6.03325E-17
 -1       267 1.40858E-17 7.61770E-17 2.82429E-17
 -1       268-2.65249E-02-1.27742E-02-1.73324E+00
 -1       269 6.01594E-01-3.59552E-01-7.66760E-01
 -1       270-1.53686E-02-2.15518E-01 4.45909E-01
 -1       271-2.38851E-01 5.87844E-01-4.45910E-01
 -1       272 5.11427E-17 2.94605E-17 2.50000E+00
 -1       273-3.29935E-17 1.42832E-16-8.38420E-17
 -1       274 7.35220E-17-2.43879E-17-6.92179E-17
 -1       275-3.20850E-01-1.94410E-16-3.75288E-17
 -1       276-6.96581E-01-1.01717E+00-2.41845E+00
 -1       277-6.71922E-01 1.02429E+00 2.41845E+00
 -1       278-1.83519E+00 3.44212E-01 2.58155E+00
 -1       279-1.79631E+00-3.51326E-01-2.58155E+00
 -1       280 6.69025E-01 6.37439E-01 1.01554E+00
 -1       281 8.02689E-01-5.70571E-01-1.01554E+00
 -1       282 1.63044E+00-9.01139E-01-1.48445E+00
 -1       283 1.89785E+00 8.34271E-01 1.48445E+00
 -1       284-6.69025E-01-6.37439E-01-1.01554E+00
 -1       285-8.02689E-01 5.70571E-01 1.01554E+00
 -1       286-1.63044E+00 9.01139E-01 1.48445E+00
 -1       287-1.89785E+00-8.34271E-01-1.48445E+00
 -1       288 1.08143E-16 5.68855E-16-1.32699E-16
 -1       289-3.08728E-16-3.19804E-16-1.09254E-16
 -1       290 5.00000E+00-2.25289E-16 2.17067E-16
 -1       291-8.49202E-18 8.96663E-17-8.64418E-17
 -1       292 9.57447E-01 9.57447E-01 5.00000E+00
 -1       293-9.57447E-01 9.57447E-01 5.00000E+00
 -1       294-9.57447E-01-9.57447E-01 5.00000E+00
 -1       295 9.57447E-01-9.57447E-01 5.00000E+00
 -1       296-2.70423E-16 3.05005E-17 3.38017E-02
 -1       297-3.15037E-16 2.36672E-17 3.38017E-02
 -1       298-2.50426E-16 7.92249E-17 3.38017E-02
 -1       299 1.60168E-16-1.73915E-17 3.38017E-02
 -1       300 1.07143E+00 1.07143E+00-3.38017E-02
 -1       301-1.07143E+00 1.07143E+00-3.38017E-02
 -1       302-1.07143E+00-1.07143E+00-3.38017E-02
 -1       303 1.07143E+00-1.07143E+00-3.38017E-02
 -1       304 1.07143E+00 1.07143E+00-5.00000E+00
 -1       305-1.07143E+00 1.07143E+00-5.00000E+00
 -1       306-1.07143E+00-1.07143E+00-5.00000E+00
 -1       307 1.07143E+00-1.07143E+00-5.00000E+00
 -1       308 0.00000E+00 0.00000E+00-1.00000E+00
 -1       309 0.00000E+00 0.00000E+00-1.00000E+00
 -1       310 0.00000E+00 0.00000E+00-1.00000E+00
 -1       311 0.00000E+00 0.00000E+00-1.00000E+00
 -1       312 0.00000E+00 0.00000E+00 1.00000E+00
 -1       313 0.00000E+00 0.00000E+00 1.00000E+00
 -1       314 0.00000E+00 0.00000E+00 1.00000E+00
 -1       315 0.00000E+00 0.00000E+00 1.00000E+00
 -1       325 5.36463E-16-3.01278E-15 1.25000E+01
 -1       326-2.57679E-15 7.77553E-17 1.25000E+01
 -1       327-9.58973E-17 2.51313E-15 1.25000E+01
 -1       328 4.65743E-15-1.31391E-15 1.25000E+01
 -1       329-8.05629E-15-1.46899E-14 2.50000E+01
 -1       330-1.11943E-15 5.31126E-15 2.50000E+01
 -1       331 2.60558E-14 1.73960E-14 2.50000E+01
 -1       332 2.39352E-14-2.09092E-14 2.50000E+01
 -1       333-9.46300E+00-9.46437E+00 2.00000E+01
 -1       334 9.46300E+00-9.46437E+00 2.00000E+01
 -1       335 9.46300E+00 9.46437E+00 2.00000E+01
 -1       336-9.46300E+00 9.46437E+00 2.00000E+01
 -1       347 3.24033E+00 1.19603E+00 4.48512E-02
 -1       349-3.23995E+00-1.19603E+00 4.48512E-02
 -1       350-2.34331E+00 1.88040E+01 9.55149E-01
 -1       352 2.34293E+00-1.88040E+01 9.55149E-01
 -1       353-9.01931E-14-1.39700E-13-1.00000E+00
 -1       355-8.71140E-14-2.80223E-15-1.00000E+00
 -1       356 9.55170E-14-3.73270E-14 1.34397E-12
 -1       358 8.11152E-14-2.51617E-14-1.34261E-12
 -1       359 1.90996E+01 1.06651E+01-2.49460E-12
 -1       361-1.90996E+01-1.06625E+01 2.41928E-12
 -1       362-1.90995E+01 1.92591E-13 3.81991E-02
 -1       364 1.90995E+01 1.08209E-13-3.81991E-02
 -1       365-1.90995E+01-2.35354E-13 3.81991E-02
 -1       367 1.90995E+01-6.91162E-14-3.81991E-02
 -1       368 1.90996E+01-1.06651E+01 2.16215E-12
 -1       370-1.90996E+01 1.06625E+01-2.19997E-12
 -1       371-2.99974E+00 5.65606E+00-1.50142E+01
 -1       372 2.01360E+00-1.06561E+01-1.49858E+01
 -1       373 1.98643E+00 1.06423E+01 1.50142E+01
 -1       374-3.00029E+00-5.64220E+00 1.49858E+01
 -1       379 6.81270E-14-6.01279E-14 7.21353E-14
 -1       380 1.51390E-13 1.15912E-13 7.67205E-14
 -1       381-1.01023E-13 1.65599E-13 7.93870E-14
 -1       382-7.25457E-14-1.72350E-13-5.31367E-16
 -1       387 3.01987E+00 2.49768E+00 1.00093E+01
 -1       388-1.98022E+00 2.50232E+00 9.99071E+00
 -1       389-2.01987E+00-2.49768E+00-1.00093E+01
 -1       390 2.98022E+00-2.50232E+00-9.99071E+00
 -1       395 1.25000E+00 1.87500E-01-1.68985E-15
 -1       397 1.25000E+00 1.87500E-01-8.87976E-16
 -1       398-1.25000E+00-1.13678E-15 2.79026E-16
 -1       400-1.25000E+00 1.19389E-15 1.38549E-15
 -1       401-1.25000E+00-1.08800E-15 3.91319E-15
 -1       403-1.25000E+00 1.02678E-15 3.50030E-15
 -1       404 1.25000E+00-1.87500E-01-2.99085E-15
 -1       406 1.25000E+00-1.87500E-01-3.50932E-15
 -1       407 1.25000E+00 2.48241E-01 1.49786E-15
 -1       409 1.25000E+00 2.48241E-01 9.85860E-16
 -1       410-1.25000E+00 4.51306E-15-7.74500E-16
 -1       412-1.25000E+00-4.51328E-15 6.35278E-16
 -1       413-1.25000E+00 1.03650E-14 3.72340E-15
 -1       415-1.25000E+00-1.03907E-14 7.74587E-15
 -1       416 1.25000E+00-2.48241E-01-7.58154E-15
 -1       418 1.25000E+00-2.48241E-01-6.23376E-15
 -3
    1PSTEP                         8           1           2          
  100CL  102 2.000000000         344                     0    2           1
 -4  ERROR       1    1
 -5  STR(%)      1    1    0    0
 -1         1 0.00000E+00
 -1         2 0.00000E+00
 -1         3 0.00000E+00
 -1         4 0.00000E+00
 -1         5 0.00000E+00
 -1         6 0.00000E+00
 -1         7 0.00000E+00
 -1         8 0.00000E+00
 -1        13 1.11358E+01
 -1        14 1.11358E+01
 -1        15 1.11358E+01
 -1        16 1.11358E+01
 -1        17 1.11358E+01
 -1        18 1.11358E+01
 -1        19 1.11358E+01
 -1        20 1.11358E+01
 -1        25 8.34637E+01
 -1        26 8.34637E+01
 -1        27 8.34637E+01
 -1        28 8.34637E+01
 -1        29 8.34637E+01
 -1        30 8.34637E+01
 -1        31 8.34637E+01
 -1        32 8.34637E+01
 -1        33 8.72122E+01
 -1        34 8.72122E+01
 -1        35 8.72122E+01
 -1        36 8.72122E+01
 -1        37 8.72122E+01
 -1        38 8.72122E+01
 -1        39 8.72122E+01
 -1        40 8.72122E+01
 -1        41 7.96727E+01
 -1        42 7.96727E+01
 -1        43 7.96727E+01
 -1        44 7.96727E+01
 -1        45 7.96727E+01
 -1        46 7.96727E+01
 -1        47 7.96727E+01
 -1        48 7.96727E+01
 -1        52 4.23136E+01
 -1        53 4.23136E+01
 -1        54 4.23136E+01
 -1        55 4.23136E+01
 -1        56 4.23136E+01
 -1        57 4.23136E+01
 -1        58 4.23136E+01
 -1        59 4.23136E+01
 -1        60 5.12209E+01
 -1        61 5.12209E+01
 -1        62 5.12209E+01
 -1        63 5.12209E+01
 -1        64 5.12209E+01
 -1        65 5.12209E+01
 -1        66 5.12209E+01
 -1        67 5.12209E+01
 -1        76 1.12061E+01
 -1        77 1.12061E+01
 -1        78 1.12061E+01
 -1        79 1.12061E+01
 -1        80 1.12061E+01
 -1        81 1.12061E+01
 -1        82 1.12061E+01
 -1        83 1.12061E+01
 -1        84 6.34241E+01
 -1        85 6.34241E+01
 -1        86 6.34241E+01
 -1        87 6.34241E+01
 -1        88 6.34241E+01
 -1        89 6.34241E+01
 -1        90 6.34241E+01
 -1        91 6.34241E+01
 -1        92 7.42210E+01
 -1        93 7.42210E+01
 -1        94 7.42210E+01
 -1        95 7.42210E+01
 -1        96 7.42210E+01
 -1        97 7.42210E+01
 -1        98 7.42210E+01
 -1        99 7.42210E+01
 -1       100 8.55142E+00
 -1       101 8.55142E+00
 -1       102 8.55142E+00
 -1       103 8.55142E+00
 -1       104 8.55142E+00
 -1       105 8.55142E+00
 -1       106 8.55142E+00
 -1       107 8.55142E+00
 -1       108 8.55142E+00
 -1       109 8.55142E+00
 -1       110 8.55142E+00
 -1       111 8.55142E+00
 -1       113 8.55135E+00
 -1       114 8.55135E+00
 -1       115 8.55135E+00
 -1       116 8.55135E+00
 -1       117 8.55135E+00
 -1       118 8.55135E+00
 -1       119 8.55135E+00
 -1       120 8.55135E+00
 -1       121 8.55135E+00
 -1       122 8.55135E+00
 -1       123 8.55135E+00
 -1       124 8.55135E+00
 -1       126 2.87882E+01
 -1       127 8.69807E+01
 -1       128 8.69807E+01
 -1       129 3.69969E+01
 -1       130 1.12801E+02
 -1       131 1.12801E+02
 -1       132 3.69969E+01
 -1       133 1.12801E+02
 -1       134 1.12801E+02
 -1       135 2.87882E+01
 -1       136 8.69807E+01
 -1       137 8.69807E+01
 -1       138 3.69979E+01
 -1       139 1.12799E+02
 -1       140 1.12799E+02
 -1       141 3.69979E+01
 -1       142 1.12801E+02
 -1       143 1.12801E+02
 -1       144 3.69979E+01
 -1       145 1.12801E+02
 -1       146 1.12801E+02
 -1       147 3.69979E+01
 -1       148 1.12799E+02
 -1       149 1.12799E+02
 -1       150 3.69979E+01
 -1       151 1.12799E+02
 -1       152 1.12799E+02
 -1       153 3.69979E+01
 -1       154 1.12801E+02
 -1       155 1.12801E+02
 -1       156 3.69979E+01
 -1       157 1.12801E+02
 -1       158 1.12801E+02
 -1       159 3.69979E+01
 -1       160 1.12799E+02
 -1       161 1.12799E+02
 -1       162 2.87882E+01
 -1       163 8.69807E+01
 -1       164 8.69807E+01
 -1       165 3.69969E+01
 -1       166 1.12801E+02
 -1       167 1.12801E+02
 -1       168 3.69969E+01
 -1       169 1.12801E+02
 -1       170 1.12801E+02
 -1       171 2.87882E+01
 -1       172 8.69807E+01
 -1       173 8.69807E+01
 -1       175 8.34713E+01
 -1       176 8.34713E+01
 -1       177 8.34713E+01
 -1       178 8.34713E+01
 -1       179 8.34713E+01
 -1       180 8.34713E+01
 -1       181 8.34713E+01
 -1       182 8.34713E+01
 -1       183 8.34713E+01
 -1       184 8.34713E+01
 -1       185 8.34713E+01
 -1       186 8.34713E+01
 -1       187 8.34713E+01
 -1       188 8.34713E+01
 -1       189 8.34713E+01
 -1       190 8.34713E+01
 -1       191 0.00000E+00
 -1       192 0.00000E+00
 -1       193 0.00000E+00
 -1       194 0.00000E+00
 -1       195 0.00000E+00
 -1       196 0.00000E+00
 -1       197 0.00000E+00
 -1       198 0.00000E+00
 -1       199 0.00000E+00
 -1       200 0.00000E+00
 -1       201 0.00000E+00
 -1       202 0.00000E+00
 -1       203 0.00000E+00
 -1       204 0.00000E+00
 -1       205 0.00000E+00
 -1       206 0.00000E+00
 -1       207 8.34609E+01
 -1       208 8.34609E+01
 -1       209 8.34609E+01
 -1       210 8.34609E+01
 -1       211 8.34609E+01
 -1       212 8.34609E+01
 -1       213 8.34609E+01
 -1       214 8.34609E+01
 -1       215 8.34713E+01
 -1       216 8.34713E+01
 -1       217 8.34713E+01
 -1       218 8.34713E+01
 -1       219 8.34713E+01
 -1       220 8.34713E+01
 -1       221 8.34713E+01
 -1       222 8.34713E+01
 -1       223 1.01743E+02
 -1       224 1.01743E+02
 -1       225 1.01743E+02
 -1       226 1.01743E+02
 -1       227 1.01743E+02
 -1       228 1.01743E+02
 -1       229 1.01743E+02
 -1       230 1.01743E+02
 -1       232 1.01743E+02
 -1       233 1.01743E+02
 -1       234 1.01743E+02
 -1       235 1.01743E+02
 -1       236 1.01743E+02
 -1       237 1.01743E+02
 -1       238 1.01743E+02
 -1       239 1.01743E+02
 -1       241 1.12061E+01
 -1       242 1.12061E+01
 -1       243 1.12061E+01
 -1       244 1.12061E+01
 -1       245 1.12061E+01
 -1       246 1.12061E+01
 -1       247 1.12061E+01
 -1       248 1.12061E+01
 -1       250 2.38247E-09
 -1       251 2.38247E-09
 -1       252 2.38247E-09
 -1       253 2.38247E-09
 -1       254 2.38247E-09
 -1       255 2.38247E-09
 -1       256 2.38247E-09
 -1       257 2.38247E-09
 -1       260 7.34757E+01
 -1       261 7.34757E+01
 -1       262 7.34757E+01
 -1       263 7.34757E+01
 -1       264 7.34757E+01
 -1       265 7.34757E+01
 -1       266 7.34757E+01
 -1       267 7.34757E+01
 -1       268 7.34757E+01
 -1       269 7.34757E+01
 -1       270 7.34757E+01
 -1       271 7.34757E+01
 -1       272 7.34757E+01
 -1       273 7.34757E+01
 -1       274 7.34757E+01
 -1       275 7.34757E+01
 -1       276 7.93619E+01
 -1       277 7.93619E+01
 -1       278 7.93619E+01
 -1       279 7.93619E+01
 -1       280 7.93619E+01
 -1       281 7.93619E+01
 -1       282 7.93619E+01
 -1       283 7.93619E+01
 -1       284 6.96927E+01
 -1       285 6.96927E+01
 -1       286 6.96927E+01
 -1       287 6.96927E+01
 -1       288 6.96927E+01
 -1       289 6.96927E+01
 -1       290 6.96927E+01
 -1       291 6.96927E+01
 -1       292 8.55153E+00
 -1       293 8.55153E+00
 -1       294 8.55153E+00
 -1       295 8.55153E+00
 -1       296 8.55153E+00
 -1       297 8.55153E+00
 -1       298 8.55153E+00
 -1       299 8.55153E+00
 -1       300 5.49987E-10
 -1       301 5.49987E-10
 -1       302 5.49987E-10
 -1       303 5.49987E-10
 -1       304 5.49987E-10
 -1       305 5.49987E-10
 -1       306 5.49987E-10
 -1       307 5.49987E-10
 -1       308 0.00000E+00
 -1       309 0.00000E+00
 -1       310 0.00000E+00
 -1       311 0.00000E+00
 -1       312 0.00000E+00
 -1       313 0.00000E+00
 -1       314 0.00000E+00
 -1       315 0.00000E+00
 -1       325 8.55142E+00
 -1       326 8.55142E+00
 -1       327 8.55142E+00
 -1       328 8.55142E+00
 -1       329 8.55135E+00
 -1       330 8.55135E+00
 -1       331 8.55135E+00
 -1       332 8.55135E+00
 -1       333 2.17878E+00
 -1       334 2.17878E+00
 -1       335 2.17878E+00
 -1       336 2.17878E+00
 -1       347 1.22228E+02
 -1       349 1.22228E+02
 -1       350 1.22228E+02
 -1       352 1.22228E+02
 -1       353 1.22228E+02
 -1       355 1.22228E+02
 -1       356 1.22228E+02
 -1       358 1.22228E+02
 -1       359 1.21478E+02
 -1       361 1.21478E+02
 -1       362 1.21478E+02
 -1       364 1.21478E+02
 -1       365 1.21478E+02
 -1       367 1.21478E+02
 -1       368 1.21478E+02
 -1       370 1.21478E+02
 -1       371 1.22578E+02
 -1       372 1.22578E+02
 -1       373 1.22578E+02
 -1       374 1.22578E+02
 -1       379 1.22578E+02
 -1       380 1.22578E+02
 -1       381 1.22578E+02
 -1       382 1.22578E+02
 -1       387 1.11908E+02
 -1       388 1.11908E+02
 -1       389 1.11908E+02
 -1       390 1.11908E+02
 -1       395 1.31216E-05
 -1       397 1.31216E-05
 -1       398 1.31216E-05
 -1       400 1.31216E-05
 -1       401 1.31216E-05
 -1       403 1.31216E-05
 -1       404 1.31216E-05
 -1       406 1.31216E-05
 -1       407 5.48070E+00
 -1       409 5.48070E+00
 -1       410 5.48070E+00
 -1       412 5.48070E+00
 -1       413 5.48070E+00
 -1       415 5.48070E+00
 -1       416 5.48070E+00
 -1       418 5.48070E+00
 -3
    1PSTEP                         9           1           3          
  100CL  103 3.000000000         344                     0    3           1
 -4  DISP        4    1
 -5  D1          1    2    1    0
 -5  D2          1    2    2    0
 -5  D3          1    2    3    0
 -5  ALL         1    2    0    0    1ALL
 -1         1 0.00000E+00 0.00000E+00 0.00000E+00
 -1         2 0.00000E+00 0.00000E+00 0.00000E+00
 -1         3 0.00000E+00 0.00000E+00 0.00000E+00
 -1         4 0.00000E+00 0.00000E+00 0.00000E+00
 -1         5 0.00000E+00 0.00000E+00 0.00000E+00
 -1         6 0.00000E+00 0.00000E+00 0.00000E+00
 -1         7 0.00000E+00 0.00000E+00 0.00000E+00
 -1         8 0.00000E+00 0.00000E+00 0.00000E+00
 -1        13 0.00000E+00 0.00000E+00 0.00000E+00
 -1        14 0.00000E+00 0.00000E+00 0.00000E+00
 -1        15 0.00000E+00 0.00000E+00 0.00000E+00
 -1        16 0.00000E+00 0.00000E+00 0.00000E+00
 -1        17 4.29072E-03 4.29072E-03 2.00000E-02
 -1        18-4.29072E-03 4.29072E-03 2.00000E-02
 -1        19-4.29072E-03-4.29072E-03 2.00000E-02
 -1        20 4.29072E-03-4.29072E-03 2.00000E-02
 -1        25 0.00000E+00 0.00000E+00 0.00000E+00
 -1        26 0.00000E+00 0.00000E+00 0.00000E+00
 -1        27 0.00000E+00 0.00000E+00 0.00000E+00
 -1        28 0.00000E+00 0.00000E+00 0.00000E+00
 -1        29-2.87521E-03-2.87521E-03 5.75042E-03
 -1        30 2.87521E-03-2.87521E-03 5.75042E-03
 -1        31 2.87521E-03 2.87521E-03 5.75042E-03
 -1        32-2.87521E-03 2.87521E-03 5.75042E-03
 -1        33 0.00000E+00-0.00000E+00 0.00000E+00
 -1        34-2.71520E-25 2.71520E-25 0.00000E+00
 -1        35-3.95213E-25-3.95213E-25 0.00000E+00
 -1        36 2.65966E-25-2.65966E-25 0.00000E+00
 -1        37-1.84177E-24-1.84137E-24-1.06063E-24
 -1        38 1.08204E-24-2.34543E-24-8.49597E-25
 -1        39 1.12889E-24 1.14303E-24 5.97515E-26
 -1        40-2.35795E-24 1.07477E-24-8.50809E-25
 -1        41 0.00000E+00 0.00000E+00 0.00000E+00
 -1        42 0.00000E+00 0.00000E+00 0.00000E+00
 -1        43 0.00000E+00 0.00000E+00 0.00000E+00
 -1        44 0.00000E+00 0.00000E+00 0.00000E+00
 -1        45-1.68874E-05-5.24983E-05-6.13590E-05
 -1        46 1.45659E-05 2.15165E-05-3.00841E-05
 -1        47-9.39521E-05 3.55185E-05-1.70230E-05
 -1        48-7.44667E-05-2.15164E-05-5.74407E-05
 -1        52 0.00000E+00 0.00000E+00 0.00000E+00
 -1        53 0.00000E+00 0.00000E+00 0.00000E+00
 -1        54 0.00000E+00 0.00000E+00 0.00000E+00
 -1        55 0.00000E+00 0.00000E+00 0.00000E+00
 -1        56-5.47749E-05-1.70423E-05-6.34163E-05
 -1        57-5.19375E-05-6.43004E-06-1.86087E-05
 -1        58-5.19375E-05 6.43004E-06-1.86087E-05
 -1        59-5.47749E-05 1.70423E-05-6.34163E-05
 -1        60 0.00000E+00 0.00000E+00 0.00000E+00
 -1        61 0.00000E+00 0.00000E+00 0.00000E+00
 -1        62 0.00000E+00 0.00000E+00 0.00000E+00
 -1        63 0.00000E+00 0.00000E+00 0.00000E+00
 -1        64-2.85946E-06 9.05287E-05 4.89287E-06
 -1        65 2.85946E-06 9.05287E-05 4.89287E-06
 -1        66 1.98391E-05 8.02111E-05-6.67991E-05
 -1        67-1.98391E-05 8.02111E-05-6.67991E-05
 -1        76 0.00000E+00 0.00000E+00 0.00000E+00
 -1        77 0.00000E+00 0.00000E+00 0.00000E+00
 -1        78 0.00000E+00 0.00000E+00 0.00000E+00
 -1        79 0.00000E+00 0.00000E+00 0.00000E+00
 -1        80-3.57539E-09-3.57539E-09-1.66852E-08
 -1        81 3.57539E-09-3.57539E-09-1.66852E-08
 -1        82 3.57539E-09 3.57539E-09-1.66852E-08
 -1        83-3.57539E-09 3.57539E-09-1.66852E-08
 -1        84 0.00000E+00 0.00000E+00 0.00000E+00
 -1        85 0.00000E+00 0.00000E+00 0.00000E+00
 -1        86 0.00000E+00 0.00000E+00 0.00000E+00
 -1        87 0.00000E+00 0.00000E+00 0.00000E+00
 -1        88-1.41736E-08-1.41736E-08-1.21488E-08
 -1        89 1.41736E-08-1.41736E-08-1.21488E-08
 -1        90 1.41736E-08 1.41736E-08-1.21488E-08
 -1        91-1.41736E-08 1.41736E-08-1.21488E-08
 -1        92 0.00000E+00 0.00000E+00 0.00000E+00
 -1        93 0.00000E+00 0.00000E+00 0.00000E+00
 -1        94 0.00000E+00 0.00000E+00 0.00000E+00
 -1        95 0.00000E+00 0.00000E+00 0.00000E+00
 -1        96 3.35076E-08 3.33224E-09 1.40695E-08
 -1        97 3.35076E-08-3.33224E-09-1.40695E-08
 -1        98 3.35076E-08 3.33224E-09-1.40695E-08
 -1        99 3.35076E-08-3.33224E-09 1.40695E-08
 -1       100 0.00000E+00 0.00000E+00 0.00000E+00
 -1       101 0.00000E+00 0.00000E+00 0.00000E+00
 -1       102 0.00000E+00 0.00000E+00 0.00000E+00
 -1       103 0.00000E+00 0.00000E+00 0.00000E+00
 -1       104 3.95136E-06 3.95136E-06-1.05369E-05
 -1       105-3.95136E-06 3.95136E-06-1.05369E-05
 -1       106-3.95136E-06-3.95136E-06-1.05369E-05
 -1       107 3.95136E-06-3.95136E-06-1.05369E-05
 -1       108 0.00000E+00 0.00000E+00 0.00000E+00
 -1       109 0.00000E+00 0.00000E+00 0.00000E+00
 -1       110 0.00000E+00 0.00000E+00 0.00000E+00
 -1       111 0.00000E+00 0.00000E+00 0.00000E+00
 -1       113 0.00000E+00 0.00000E+00 0.00000E+00
 -1       114 0.00000E+00 0.00000E+00 0.00000E+00
 -1       115 0.00000E+00 0.00000E+00 0.00000E+00
 -1       116 0.00000E+00 0.00000E+00 0.00000E+00
 -1       117 1.78022E-21 1.78023E-21-5.58636E-21
 -1       118-2.34496E-21 2.26797E-21-7.28040E-21
 -1       119-2.55033E-21-2.55028E-21-7.28040E-21
 -1       120 2.26793E-21-2.34497E-21-7.28038E-21
 -1       121 0.00000E+00 0.00000E+00 0.00000E+00
 -1       122 0.00000E+00 0.00000E+00 0.00000E+00
 -1       123 0.00000E+00 0.00000E+00 0.00000E+00
 -1       124 0.00000E+00 0.00000E+00 0.00000E+00
 -1       126 0.00000E+00 0.00000E+00 0.00000E+00
 -1       127 1.52056E-19 1.52075E-19 9.27560E-21
 -1       128-4.03381E-20-4.03415E-20-3.96835E-20
 -1       129 0.00000E+00 0.00000E+00 0.00000E+00
 -1       130 1.35452E-19 1.10865E-22 2.20632E-20
 -1       131-2.41654E-20 2.17088E-20-3.02409E-20
 -1       132 0.00000E+00 0.00000E+00 0.00000E+00
 -1       133 1.35481E-19-3.30530E-22 2.21208E-20
 -1       134-2.41052E-20-2.19387E-20-3.03464E-20
 -1       135 0.00000E+00 0.00000E+00 0.00000E+00
 -1       136 1.52120E-19-1.52320E-19 9.18606E-21
 -1       137-4.03294E-20 4.01291E-20-3.97861E-20
 -1       138 0.00000E+00 0.00000E+00 0.00000E+00
 -1       139 1.16182E-22 1.35441E-19 2.20567E-20
 -1       140 2.17073E-20-2.41712E-20-3.02546E-20
 -1       141 0.00000E+00 0.00000E+00 0.00000E+00
 -1       142 3.10806E-19 3.10804E-19 3.97633E-20
 -1       143-1.14773E-19-1.14782E-19 2.28430E-19
 -1       144 0.00000E+00 0.00000E+00 0.00000E+00
 -1       145 3.10891E-19-3.11190E-19 3.93116E-20
 -1       146-1.14783E-19 1.14604E-19 2.28421E-19
 -1       147 0.00000E+00 0.00000E+00 0.00000E+00
 -1       148 1.40617E-22-1.35704E-19 2.20877E-20
 -1       149 2.17199E-20 2.38852E-20-3.04214E-20
 -1       150 0.00000E+00 0.00000E+00 0.00000E+00
 -1       151-3.35163E-22 1.35470E-19 2.21143E-20
 -1       152-2.19361E-20-2.41108E-20-3.03603E-20
 -1       153 0.00000E+00 0.00000E+00 0.00000E+00
 -1       154-3.11192E-19 3.10888E-19 3.93118E-20
 -1       155 1.14595E-19-1.14792E-19 2.28421E-19
 -1       156 0.00000E+00 0.00000E+00 0.00000E+00
 -1       157-3.11191E-19-3.11189E-19 3.92236E-20
 -1       158 1.14554E-19 1.14563E-19 2.28379E-19
 -1       159 0.00000E+00 0.00000E+00 0.00000E+00
 -1       160-3.36944E-22-1.35706E-19 2.20963E-20
 -1       161-2.19607E-20 2.38535E-20-3.04282E-20
 -1       162 0.00000E+00 0.00000E+00 0.00000E+00
 -1       163-1.52300E-19 1.52139E-19 9.18596E-21
 -1       164 4.01267E-20-4.03323E-20-3.97860E-20
 -1       165 0.00000E+00 0.00000E+00 0.00000E+00
 -1       166-1.35714E-19 1.35596E-22 2.20940E-20
 -1       167 2.38802E-20 2.17219E-20-3.04081E-20
 -1       168 0.00000E+00 0.00000E+00 0.00000E+00
 -1       169-1.35717E-19-3.32027E-22 2.21027E-20
 -1       170 2.38483E-20-2.19627E-20-3.04145E-20
 -1       171 0.00000E+00 0.00000E+00 0.00000E+00
 -1       172-1.52323E-19-1.52343E-19 9.21112E-21
 -1       173 4.00892E-20 4.00922E-20-3.97861E-20
 -1       175 0.00000E+00 0.00000E+00 0.00000E+00
 -1       176 0.00000E+00 0.00000E+00 0.00000E+00
 -1       177 0.00000E+00 0.00000E+00 0.00000E+00
 -1       178 0.00000E+00 0.00000E+00 0.00000E+00
 -1       179-5.40017E-09-5.40017E-09 1.08003E-08
 -1       180 5.40017E-09-5.40017E-09 1.08003E-08
 -1       181 5.40017E-09 5.40017E-09 1.08003E-08
 -1       182-5.40017E-09 5.40017E-09 1.08003E-08
 -1       183 0.00000E+00 0.00000E+00 0.00000E+00
 -1       184 0.00000E+00 0.00000E+00 0.00000E+00
 -1       185 0.00000E+00 0.00000E+00 0.00000E+00
 -1       186 0.00000E+00 0.00000E+00 0.00000E+00
 -1       187-2.16007E-08-2.16007E-08 4.32013E-08
 -1       188 2.16007E-08-2.16007E-08 4.32013E-08
 -1       189 2.16007E-08 2.16007E-08 4.32013E-08
 -1       190-2.16007E-08 2.16007E-08 4.32013E-08
 -1       191 0.00000E+00 0.00000E+00 0.00000E+00
 -1       192 0.00000E+00 0.00000E+00 0.00000E+00
 -1       193 0.00000E+00 0.00000E+00 0.00000E+00
 -1       194 0.00000E+00 0.00000E+00 0.00000E+00
 -1       195 0.00000E+00 0.00000E+00 0.00000E+00
 -1       196 0.00000E+00 0.00000E+00 0.00000E+00
 -1       197 0.00000E+00 0.00000E+00 0.00000E+00
 -1       198 0.00000E+00 0.00000E+00 0.00000E+00
 -1       199 0.00000E+00 0.00000E+00 0.00000E+00
 -1       200 0.00000E+00 0.00000E+00 0.00000E+00
 -1       201 0.00000E+00 0.00000E+00 0.00000E+00
 -1       202 0.00000E+00 0.00000E+00 0.00000E+00
 -1       203 0.00000E+00 0.00000E+00 0.00000E+00
 -1       204 0.00000E+00 0.00000E+00 0.00000E+00
 -1       205 0.00000E+00 0.00000E+00 0.00000E+00
 -1       206 0.00000E+00 0.00000E+00 0.00000E+00
 -1       207 0.00000E+00 0.00000E+00 0.00000E+00
 -1       208 0.00000E+00 0.00000E+00 0.00000E+00
 -1       209 0.00000E+00 0.00000E+00 0.00000E+00
 -1       210 0.00000E+00 0.00000E+00 0.00000E+00
 -1       211-3.89962E-03-3.89962E-03 7.79925E-03
 -1       212 3.89962E-03-3.89962E-03 7.79925E-03
 -1       213 3.89962E-03 3.89962E-03 7.79925E-03
 -1       214-3.89962E-03 3.89962E-03 7.79925E-03
 -1       215 0.00000E+00 0.00000E+00 0.00000E+00
 -1       216 0.00000E+00 0.00000E+00 0.00000E+00
 -1       217 0.00000E+00 0.00000E+00 0.00000E+00
 -1       218 0.00000E+00 0.00000E+00 0.00000E+00
 -1       219-2.16007E-08-2.16007E-08 4.32013E-08
 -1       220 2.16007E-08-2.16007E-08 4.32013E-08
 -1       221 2.16007E-08 2.16007E-08 4.32013E-08
 -1       222-2.16007E-08 2.16007E-08 4.32013E-08
 -1       223 0.00000E+00 0.00000E+00 0.00000E+00
 -1       224 0.00000E+00 0.00000E+00 0.00000E+00
 -1       225 0.00000E+00 0.00000E+00 0.00000E+00
 -1       226 0.00000E+00 0.00000E+00 0.00000E+00
 -1       227-4.36184E-27 1.52013E-26 5.34081E-23
 -1       228-4.36184E-27 1.22791E-26 5.34145E-23
 -1       229-2.20594E-27 1.22791E-26 5.33952E-23
 -1       230-2.20594E-27 1.52013E-26 5.33887E-23
 -1       232 0.00000E+00 0.00000E+00 0.00000E+00
 -1       233 0.00000E+00 0.00000E+00 0.00000E+00
 -1       234 0.00000E+00 0.00000E+00 0.00000E+00
 -1       235 0.00000E+00 0.00000E+00 0.00000E+00
 -1       236 7.94511E-27 1.67885E-26 5.34113E-23
 -1       237 7.94511E-27 2.32818E-26 5.34048E-23
 -1       238 1.58201E-27 2.32818E-26 5.33790E-23
 -1       239 1.58201E-27 1.67885E-26 5.33855E-23
 -1       241 0.00000E+00 0.00000E+00 0.00000E+00
 -1       242 0.00000E+00 0.00000E+00 0.00000E+00
 -1       243 0.00000E+00 0.00000E+00 0.00000E+00
 -1       244 0.00000E+00 0.00000E+00 0.00000E+00
 -1       245 1.33034E-26 1.29752E-26 8.42125E-26
 -1       246-1.29878E-26 1.28742E-26 8.30008E-26
 -1       247-1.30762E-26-1.38082E-26 8.42125E-26
 -1       248 1.35810E-26-1.34169E-26 8.42125E-26
 -1       250 0.00000E+00 0.00000E+00 0.00000E+00
 -1       251 0.00000E+00 0.00000E+00 0.00000E+00
 -1       252 0.00000E+00 0.00000E+00 0.00000E+00
 -1       253 0.00000E+00 0.00000E+00 0.00000E+00
 -1       254-4.80527E-29 1.02386E-28 5.27085E-26
 -1       255-4.80527E-29-5.12698E-29 5.24056E-26
 -1       256 1.05603E-28-5.12698E-29 5.23046E-26
 -1       257 1.05603E-28 1.02386E-28 5.26076E-26
 -1       260 0.00000E+00 0.00000E+00 0.00000E+00
 -1       261 0.00000E+00 0.00000E+00 0.00000E+00
 -1       262 0.00000E+00 0.00000E+00 0.00000E+00
 -1       263 0.00000E+00 0.00000E+00 0.00000E+00
 -1       264-5.32417E-24 6.17558E-24 4.05209E-25
 -1       265-6.49708E-24 1.82723E-24 9.66687E-24
 -1       266 3.82861E-28 2.41894E-24-1.86429E-24
 -1       267-1.67940E-24 6.79758E-24-2.52385E-24
 -1       268 0.00000E+00 0.00000E+00 0.00000E+00
 -1       269 0.00000E+00 0.00000E+00 0.00000E+00
 -1       270 0.00000E+00 0.00000E+00 0.00000E+00
 -1       271 0.00000E+00 0.00000E+00 0.00000E+00
 -1       272 6.49749E-24 1.83046E-24 9.66687E-24
 -1       273 5.32094E-24 6.17518E-24 4.06320E-25
 -1       274 1.68243E-24 6.79799E-24-2.52385E-24
 -1       275 3.82861E-28 2.42096E-24-1.86459E-24
 -1       276 0.00000E+00 0.00000E+00 0.00000E+00
 -1       277 0.00000E+00 0.00000E+00 0.00000E+00
 -1       278 0.00000E+00 0.00000E+00 0.00000E+00
 -1       279 0.00000E+00 0.00000E+00 0.00000E+00
 -1       280-3.33643E-22 3.97546E-22 3.36341E-23
 -1       281-2.51703E-22-4.24060E-22-1.72476E-22
 -1       282 4.07945E-22-4.05384E-22-5.01478E-23
 -1       283 4.88207E-22 3.51565E-22 2.79364E-22
 -1       284-3.33643E-22 3.97546E-22 3.36341E-23
 -1       285-2.51703E-22-4.24060E-22-1.72476E-22
 -1       286 4.07945E-22-4.05384E-22-5.01478E-23
 -1       287 4.88207E-22 3.51565E-22 2.79364E-22
 -1       288-3.85880E-22 5.22865E-22 6.22801E-23
 -1       289-3.67336E-22-8.48587E-22-3.37866E-22
 -1       290 1.31076E-21-5.88216E-22 1.85095E-22
 -1       291 8.29295E-22 4.91180E-22 3.32171E-22
 -1       292 0.00000E+00 0.00000E+00 0.00000E+00
 -1       293 0.00000E+00 0.00000E+00 0.00000E+00
 -1       294 0.00000E+00 0.00000E+00 0.00000E+00
 -1       295 0.00000E+00 0.00000E+00 0.00000E+00
 -1       296-1.58055E-06-1.58055E-06-4.21480E-06
 -1       297 1.58055E-06-1.58055E-06-4.21480E-06
 -1       298 1.58055E-06 1.58055E-06-4.21480E-06
 -1       299-1.58055E-06 1.58055E-06-4.21480E-06
 -1       300 0.00000E+00 0.00000E+00 9.76048E-04
 -1       301 0.00000E+00 0.00000E+00 9.76048E-04
 -1       302 0.00000E+00 0.00000E+00 9.76048E-04
 -1       303 0.00000E+00 0.00000E+00 9.76048E-04
 -1       304 0.00000E+00 0.00000E+00 9.72511E-04
 -1       305 0.00000E+00 0.00000E+00 9.72511E-04
 -1       306 0.00000E+00 0.00000E+00 9.72511E-04
 -1       307 0.00000E+00 0.00000E+00 9.72511E-04
 -1       308 0.00000E+00 0.00000E+00 0.00000E+00
 -1       309 0.00000E+00 0.00000E+00 0.00000E+00
 -1       310 0.00000E+00 0.00000E+00 0.00000E+00
 -1       311 0.00000E+00 0.00000E+00 0.00000E+00
 -1       312 0.00000E+00 0.00000E+00 8.53484E-16
 -1       313 0.00000E+00 0.00000E+00 8.53484E-16
 -1       314 0.00000E+00 0.00000E+00-1.11022E-05
 -1       315 0.00000E+00 0.00000E+00 8.53484E-16
 -1       325 3.95136E-06 3.95136E-06 1.05369E-05
 -1       326-3.95136E-06 3.95136E-06 1.05369E-05
 -1       327-3.95136E-06-3.95136E-06 1.05369E-05
 -1       328 3.95136E-06-3.95136E-06 1.05369E-05
 -1       329 1.78022E-21 1.78023E-21 5.58636E-21
 -1       330-2.34496E-21 2.26797E-21 7.28046E-21
 -1       331-2.55033E-21-2.55028E-21 7.28046E-21
 -1       332 2.26793E-21-2.34497E-21 7.28048E-21
 -1       333 3.10806E-19 3.10804E-19 9.28221E-18
 -1       334-3.11192E-19 3.10888E-19 9.28514E-18
 -1       335-3.11191E-19-3.11189E-19 9.28505E-18
 -1       336 3.10891E-19-3.11190E-19 9.28514E-18
 -1       347 0.00000E+00 0.00000E+00 1.03568E-15
 -1       349 0.00000E+00 0.00000E+00-1.03568E-15
 -1       350 0.00000E+00 0.00000E+00 3.02815E-15
 -1       352 0.00000E+00 0.00000E+00-3.02815E-15
 -1       353-5.71998E-14 8.72547E-14-1.11878E-13
 -1       355-5.71351E-14 1.07072E-13-8.79947E-14
 -1       356 4.24995E-14 3.77742E-14-1.01497E-13
 -1       358 4.34361E-14 5.68324E-14-8.85752E-14
 -1       359 0.00000E+00 0.00000E+00-1.65617E-07
 -1       361 0.00000E+00 0.00000E+00 1.65617E-07
 -1       362-1.00670E-03-2.27501E-05-9.99916E-03
 -1       364 9.93295E-04 2.27332E-05-1.00008E-02
 -1       365-1.00670E-03 2.27501E-05-9.99916E-03
 -1       367 9.93295E-04-2.27332E-05-1.00008E-02
 -1       368 0.00000E+00 0.00000E+00-1.65617E-07
 -1       370 0.00000E+00 0.00000E+00 1.65617E-07
 -1       371-3.06079E-14 3.06079E-14 0.00000E+00
 -1       372-3.06079E-14-3.06079E-14 0.00000E+00
 -1       373 3.06079E-14-3.06079E-14 0.00000E+00
 -1       374 3.06079E-14 3.06079E-14 0.00000E+00
 -1       379-6.14212E-12 2.87251E-10-1.13489E-10
 -1       380 7.49978E-12 2.87412E-10 1.15289E-10
 -1       381-5.82054E-12 2.87575E-10 1.14702E-10
 -1       382 7.44192E-12 2.87474E-10-1.14085E-10
 -1       387-6.80680E-12 1.07048E-09-1.76157E-10
 -1       388 8.63404E-13 1.07328E-09 1.99123E-10
 -1       389 4.89898E-12 1.07366E-09 1.98179E-10
 -1       390 1.17256E-11 1.07096E-09-1.76852E-10
 -1       395 0.00000E+00 0.00000E+00-4.64287E-07
 -1       397 0.00000E+00 0.00000E+00 4.64287E-07
 -1       398-2.32739E-05-5.35717E-06-3.03573E-07
 -1       400-2.32739E-05-5.35717E-06 3.03573E-07
 -1       401-2.32739E-05 5.35717E-06-3.03573E-07
 -1       403-2.32739E-05 5.35717E-06 3.03573E-07
 -1       404 0.00000E+00 0.00000E+00-4.64287E-07
 -1       406 0.00000E+00 0.00000E+00 4.64287E-07
 -1       407 0.00000E+00 0.00000E+00-4.94716E-07
 -1       409 0.00000E+00 0.00000E+00 4.94716E-07
 -1       410-2.31004E-05-4.77868E-06-2.90499E-07
 -1       412-2.31004E-05-4.77868E-06 2.90499E-07
 -1       413-2.31004E-05 4.77868E-06-2.90499E-07
 -1       415-2.31004E-05 4.77868E-06 2.90499E-07
 -1       416 0.00000E+00 0.00000E+00-4.94716E-07
 -1       418 0.00000E+00 0.00000E+00 4.94716E-07
 -3
    1PSTEP                        10           1           3          
  100CL  103 3.000000000         410                     0    3           1
 -4  NDTEMP      1    1
 -5  T           1    1    0    0
 -1         1 2.93000E+02
 -1         2 2.93000E+02
 -1         3 2.93000E+02
 -1         4 2.93000E+02
 -1         5 2.93000E+02
 -1         6 2.93000E+02
 -1         7 2.93000E+02
 -1         8 2.93000E+02
 -1         9 2.93000E+02
 -1        10 2.93000E+02
 -1        13 2.93000E+02
 -1        14 2.93000E+02
 -1        15 2.93000E+02
 -1        16 2.93000E+02
 -1        17 2.93000E+02
 -1        18 2.93000E+02
 -1        19 2.93000E+02
 -1        20 2.93000E+02
 -1        21 2.93000E+02
 -1        22 2.93000E+02
 -1        23 2.93000E+02
 -1        24 2.93000E+02
 -1        25 3.09729E+02
 -1        26 3.09729E+02
 -1        27 3.09729E+02
 -1        28 3.09729E+02
 -1        29 3.50000E+02
 -1        30 3.50000E+02
 -1        31 3.50000E+02
 -1        32 3.50000E+02
 -1        33 2.93000E+02
 -1        34 2.93000E+02
 -1        35 2.93000E+02
 -1        36 2.93000E+02
 -1        37 2.93000E+02
 -1        38 2.93000E+02
 -1        39 2.93000E+02
 -1        40 2.93000E+02
 -1        41 2.93000E+02
 -1        42 2.93000E+02
 -1        43 2.93000E+02
 -1        44 2.93000E+02
 -1        45 2.93000E+02
 -1        46 2.93000E+02
 -1        47 2.93000E+02
 -1        48 2.93000E+02
 -1        49 2.93000E+02
 -1        52 2.93000E+02
 -1        53 2.93000E+02
 -1        54 2.93000E+02
 -1        55 2.93000E+02
 -1        56 2.93000E+02
 -1        57 2.93000E+02
 -1        58 2.93000E+02
 -1        59 2.93000E+02
 -1        60 2.93000E+02
 -1        61 2.93000E+02
 -1        62 2.93000E+02
 -1        63 2.93000E+02
 -1        64 2.93000E+02
 -1        65 2.93000E+02
 -1        66 2.93000E+02
 -1        67 2.93000E+02
 -1        68 2.93000E+02
 -1        71 2.93000E+02
 -1        72 2.93000E+02
 -1        75 2.93000E+02
 -1        76 2.93000E+02
 -1        77 2.93000E+02
 -1        78 2.93000E+02
 -1        79 2.93000E+02
 -1        80 2.93000E+02
 -1        81 2.93000E+02
 -1        82 2.93000E+02
 -1        83 2.93000E+02
 -1        84 2.93000E+02
 -1        85 2.93000E+02
 -1        86 2.93000E+02
 -1        87 2.93000E+02
 -1        88 2.93000E+02
 -1        89 2.93000E+02
 -1        90 2.93000E+02
 -1        91 2.93000E+02
 -1        92 2.93000E+02
 -1        93 2.93000E+02
 -1        94 2.93000E+02
 -1        95 2.93000E+02
 -1        96 2.93000E+02
 -1        97 2.93000E+02
 -1        98 2.93000E+02
 -1        99 2.93000E+02
 -1       100 2.93000E+02
 -1       101 2.93000E+02
 -1       102 2.93000E+02
 -1       103 2.93000E+02
 -1       104 2.93000E+02
 -1       105 2.93000E+02
 -1       106 2.93000E+02
 -1       107 2.93000E+02
 -1       108 2.93000E+02
 -1       109 2.93000E+02
 -1       110 2.93000E+02
 -1       111 2.93000E+02
 -1       112 2.93000E+02
 -1       113 2.93000E+02
 -1       114 2.93000E+02
 -1       115 2.93000E+02
 -1       116 2.93000E+02
 -1       117 2.93000E+02
 -1       118 2.93000E+02
 -1       119 2.93000E+02
 -1       120 2.93000E+02
 -1       121 2.93000E+02
 -1       122 2.93000E+02
 -1       123 2.93000E+02
 -1       124 2.93000E+02
 -1       126 2.93000E+02
 -1       127 2.93000E+02
 -1       128 2.93000E+02
 -1       129 2.93000E+02
 -1       130 2.93000E+02
 -1       131 2.93000E+02
 -1       132 2.93000E+02
 -1       133 2.93000E+02
 -1       134 2.93000E+02
 -1       135 2.93000E+02
 -1       136 2.93000E+02
 -1       137 2.93000E+02
 -1       138 2.93000E+02
 -1       139 2.93000E+02
 -1       140 2.93000E+02
 -1       141 2.93000E+02
 -1       142 2.93000E+02
 -1       143 2.93000E+02
 -1       144 2.93000E+02
 -1       145 2.93000E+02
 -1       146 2.93000E+02
 -1       147 2.93000E+02
 -1       148 2.93000E+02
 -1       149 2.93000E+02
 -1       150 2.93000E+02
 -1       151 2.93000E+02
 -1       152 2.93000E+02
 -1       153 2.93000E+02
 -1       154 2.93000E+02
 -1       155 2.93000E+02
 -1       156 2.93000E+02
 -1       157 2.93000E+02
 -1       158 2.93000E+02
 -1       159 2.93000E+02
 -1       160 2.93000E+02
 -1       161 2.93000E+02
 -1       162 2.93000E+02
 -1       163 2.93000E+02
 -1       164 2.93000E+02
 -1       165 2.93000E+02
 -1       166 2.93000E+02
 -1       167 2.93000E+02
 -1       168 2.93000E+02
 -1       169 2.93000E+02
 -1       170 2.93000E+02
 -1       171 2.93000E+02
 -1       172 2.93000E+02
 -1       173 2.93000E+02
 -1       175 2.93000E+02
 -1       176 2.93000E+02
 -1       177 2.92999E+02
 -1       178 2.93000E+02
 -1       179 2.92999E+02
 -1       180 2.93000E+02
 -1       181 2.93002E+02
 -1       182 2.93000E+02
 -1       183 2.93000E+02
 -1       184 2.92999E+02
 -1       185 2.92999E+02
 -1       186 2.93000E+02
 -1       187 2.93001E+02
 -1       188 2.93001E+02
 -1       189 2.93001E+02
 -1       190 2.93001E+02
 -1       191 2.93000E+02
 -1       192 2.93000E+02
 -1       193 2.93000E+02
 -1       194 2.93000E+02
 -1       195 2.93000E+02
 -1       196 2.93000E+02
 -1       197 2.93000E+02
 -1       198 2.93000E+02
 -1       199 2.93000E+02
 -1       200 2.93000E+02
 -1       201 2.93000E+02
 -1       202 2.93000E+02
 -1       203 2.93000E+02
 -1       204 2.93000E+02
 -1       205 2.93000E+02
 -1       206 2.93000E+02
 -1       207 2.93000E+02
 -1       208 2.93000E+02
 -1       209 2.93000E+02
 -1       210 2.93000E+02
 -1       211 3.93000E+02
 -1       212 3.93000E+02
 -1       213 3.93000E+02
 -1       214 3.93000E+02
 -1       215 2.93000E+02
 -1       216 2.93000E+02
 -1       217 2.93000E+02
 -1       218 2.93000E+02
 -1       219 2.93000E+02
 -1       220 2.93000E+02
 -1       221 2.93000E+02
 -1       222 2.93000E+02
 -1       223 2.93000E+02
 -1       224 2.93000E+02
 -1       225 2.93000E+02
 -1       226 2.93000E+02
 -1       227 2.93000E+02
 -1       228 2.93000E+02
 -1       229 2.93000E+02
 -1       230 2.93000E+02
 -1       232 2.93000E+02
 -1       233 2.93000E+02
 -1       234 2.93000E+02
 -1       235 2.93000E+02
 -1       236 2.93000E+02
 -1       237 2.93000E+02
 -1       238 2.93000E+02
 -1       239 2.93000E+02
 -1       241 2.93000E+02
 -1       242 2.93000E+02
 -1       243 2.93000E+02
 -1       244 2.93000E+02
 -1       245 2.93000E+02
 -1       246 2.93000E+02
 -1       247 2.93000E+02
 -1       248 2.93000E+02
 -1       250 2.93000E+02
 -1       251 2.93000E+02
 -1       252 2.93000E+02
 -1       253 2.93000E+02
 -1       254 2.93000E+02
 -1       255 2.93000E+02
 -1       256 2.93000E+02
 -1       257 2.93000E+02
 -1       260 2.93000E+02
 -1       261 2.93000E+02
 -1       262 2.93000E+02
 -1       263 2.93000E+02
 -1       264 2.93000E+02
 -1       265 2.93000E+02
 -1       266 2.93000E+02
 -1       267 2.93000E+02
 -1       268 2.93000E+02
 -1       269 2.93000E+02
 -1       270 2.93000E+02
 -1       271 2.93000E+02
 -1       272 2.93000E+02
 -1       273 2.93000E+02
 -1       274 2.93000E+02
 -1       275 2.93000E+02
 -1       276 2.93000E+02
 -1       277 2.93000E+02
 -1       278 2.93000E+02
 -1       279 2.93000E+02
 -1       280 2.93000E+02
 -1       281 2.93000E+02
 -1       282 2.93000E+02
 -1       283 2.93000E+02
 -1       284 2.93000E+02
 -1       285 2.93000E+02
 -1       286 2.93000E+02
 -1       287 2.93000E+02
 -1       288 2.93000E+02
 -1       289 2.93000E+02
 -1       290 2.93000E+02
 -1       291 2.93000E+02
 -1       292 2.93000E+02
 -1       293 2.93000E+02
 -1       294 2.93000E+02
 -1       295 2.93000E+02
 -1       296 2.93000E+02
 -1       297 2.93000E+02
 -1       298 2.93000E+02
 -1       299 2.93000E+02
 -1       300 2.93000E+02
 -1       301 2.93000E+02
 -1       302 2.93000E+02
 -1       303 2.93000E+02
 -1       304 2.93000E+02
 -1       305 2.93000E+02
 -1       306 2.93000E+02
 -1       307 2.93000E+02
 -1       308 2.93000E+02
 -1       309 2.93000E+02
 -1       310 2.93000E+02
 -1       311 2.93000E+02
 -1       312 2.93000E+02
 -1       313 2.93000E+02
 -1       314 2.93000E+02
 -1       315 2.93000E+02
 -1       317 0.00000E+00
 -1       318 0.00000E+00
 -1       319 0.00000E+00
 -1       320 0.00000E+00
 -1       321 2.93000E+02
 -1       322 2.93000E+02
 -1       323 2.93000E+02
 -1       324 2.93000E+02
 -1       325 2.93000E+02
 -1       326 2.93000E+02
 -1       327 2.93000E+02
 -1       328 2.93000E+02
 -1       329 2.93000E+02
 -1       330 2.93000E+02
 -1       331 2.93000E+02
 -1       332 2.93000E+02
 -1       333 2.93000E+02
 -1       334 2.93000E+02
 -1       335 2.93000E+02
 -1       336 2.93000E+02
 -1       338 0.00000E+00
 -1       339 0.00000E+00
 -1       340 0.00000E+00
 -1       341 0.00000E+00
 -1       342 0.00000E+00
 -1       343 0.00000E+00
 -1       344 0.00000E+00
 -1       345 0.00000E+00
 -1       346 0.00000E+00
 -1       347 2.93000E+02
 -1       349 2.93000E+02
 -1       350 2.93000E+02
 -1       352 2.93000E+02
 -1       353 2.93000E+02
 -1       355 2.93000E+02
 -1       356 2.93000E+02
 -1       358 2.93000E+02
 -1       359 2.93000E+02
 -1       361 2.93000E+02
 -1       362 2.93000E+02
 -1       364 2.93000E+02
 -1       365 2.93000E+02
 -1       367 2.93000E+02
 -1       368 2.93000E+02
 -1       370 2.93000E+02
 -1       371 2.93000E+02
 -1       372 2.93000E+02
 -1       373 2.93000E+02
 -1       374 2.93000E+02
 -1       379 2.93000E+02
 -1       380 2.93000E+02
 -1       381 2.93000E+02
 -1       382 2.93000E+02
 -1       387 2.93000E+02
 -1       388 2.93000E+02
 -1       389 2.93000E+02
 -1       390 2.93000E+02
 -1       395 2.93000E+02
 -1       397 2.93000E+02
 -1       398 2.93000E+02
 -1       400 2.93000E+02
 -1       401 2.93000E+02
 -1       403 2.93000E+02
 -1       404 2.93000E+02
 -1       406 2.93000E+02
 -1       407 2.93000E+02
 -1       409 2.93000E+02
 -1       410 2.93000E+02
 -1       412 2.93000E+02
 -1       413 2.93000E+02
 -1       415 2.93000E+02
 -1       416 2.93000E+02
 -1       418 2.93000E+02
 -1       434 0.00000E+00
 -1       436 0.00000E+00
 -1       437 0.00000E+00
 -1       438 0.00000E+00
 -1       439 0.00000E+00
 -1       441 0.00000E+00
 -1       442 0.00000E+00
 -1       443 0.00000E+00
 -1       444 0.00000E+00
 -1       446 0.00000E+00
 -1       447 0.00000E+00
 -1       448 0.00000E+00
 -1       449 0.00000E+00
 -1       451 0.00000E+00
 -1       452 0.00000E+00
 -1       453 0.00000E+00
 -1       454 0.00000E+00
 -1       456 0.00000E+00
 -1       457 0.00000E+00
 -1       458 0.00000E+00
 -1       459 0.00000E+00
 -1       460 0.00000E+00
 -1       461 0.00000E+00
 -1       462 0.00000E+00
 -1       463 0.00000E+00
 -1       464 0.00000E+00
 -1       466 0.00000E+00
 -1       467 0.00000E+00
 -1       468 0.00000E+00
 -1       469 0.00000E+00
 -1       471 0.00000E+00
 -1       472 0.00000E+00
 -1       473 0.00000E+00
 -3
    1PSTEP                        11           1           3          
  100CL  103 3.000000000         344                     0    3           1
 -4  STRESS      6    1
 -5  SXX         1    4    1    1
 -5  SYY         1    4    2    2
 -5  SZZ         1    4    3    3
 -5  SXY         1    4    1    2
 -5  SYZ         1    4    2    3
 -5  SZX         1    4    3    1
 -1         1 0.00000E+00 0.00000E+00 0.00000E+00 0.00000E+00 0.00000E+00 0.00000E+00
 -1         2 0.00000E+00 0.00000E+00 0.00000E+00 0.00000E+00 0.00000E+00 0.00000E+00
 -1         3 0.00000E+00 0.00000E+00 0.00000E+00 0.00000E+00 0.00000E+00 0.00000E+00
 -1         4 0.00000E+00 0.00000E+00 0.00000E+00 0.00000E+00 0.00000E+00 0.00000E+00
 -1         5 0.00000E+00 0.00000E+00 0.00000E+00 0.00000E+00 0.00000E+00 0.00000E+00
 -1         6 0.00000E+00 0.00000E+00 0.00000E+00 0.00000E+00 0.00000E+00 0.00000E+00
 -1         7 0.00000E+00 0.00000E+00 0.00000E+00 0.00000E+00 0.00000E+00 0.00000E+00
 -1         8 0.00000E+00 0.00000E+00 0.00000E+00 0.00000E+00 0.00000E+00 0.00000E+00
 -1        13 2.42055E+02 2.42055E+02 5.67125E+02 2.97839E-02 3.48984E+01 3.48984E+01
 -1        14 2.42055E+02 2.42055E+02 5.67125E+02-2.97839E-02 3.48984E+01-3.48984E+01
 -1        15 2.42055E+02 2.42055E+02 5.67125E+02 2.97839E-02-3.48984E+01-3.48984E+01
 -1        16 2.42055E+02 2.42055E+02 5.67125E+02-2.97839E-02-3.48984E+01 3.48984E+01
 -1        17-1.03661E+02-1.03661E+02 3.59482E+02 2.97458E-02 3.48095E+01 3.48095E+01
 -1        18-1.03661E+02-1.03661E+02 3.59482E+02-2.97458E-02 3.48095E+01-3.48095E+01
 -1        19-1.03661E+02-1.03661E+02 3.59482E+02 2.97458E-02-3.48095E+01-3.48095E+01
 -1        20-1.03661E+02-1.03661E+02 3.59482E+02-2.97458E-02-3.48095E+01 3.48095E+01
 -1        25-1.62443E+02-1.62443E+02-6.96707E+01 1.33346E-02-2.31924E+01-2.31924E+01
 -1        26-1.62443E+02-1.62443E+02-6.96707E+01-1.33346E-02-2.31924E+01 2.31924E+01
 -1        27-1.62443E+02-1.62443E+02-6.96707E+01 1.33346E-02 2.31924E+01 2.31924E+01
 -1        28-1.62443E+02-1.62443E+02-6.96707E+01-1.33346E-02 2.31924E+01-2.31924E+01
 -1        29 6.96145E+01 6.96145E+01 6.96440E+01 1.33461E-02-2.32325E+01-2.32325E+01
 -1        30 6.96145E+01 6.96145E+01 6.96440E+01-1.33461E-02-2.32325E+01 2.32325E+01
 -1        31 6.96145E+01 6.96145E+01 6.96440E+01 1.33461E-02 2.32325E+01 2.32325E+01
 -1        32 6.96145E+01 6.96145E+01 6.96440E+01-1.33461E-02 2.32325E+01-2.32325E+01
 -1        33-2.37494E-20-2.36597E-20-3.64954E-20 4.34122E-21-1.48725E-20-1.48757E-20
 -1        34-2.60480E-20-3.24321E-20-3.53850E-20 1.19402E-21-2.11367E-20 1.09326E-20
 -1        35-2.60462E-20-2.61359E-20-1.43994E-20-2.04290E-21 1.24242E-20 1.23100E-20
 -1        36-3.22225E-20-2.58384E-20-3.52846E-20 1.10430E-21 1.08290E-20-2.11930E-20
 -1        37 1.05132E-19 1.05008E-19 4.07692E-20-8.24031E-21-1.31777E-20-1.31712E-20
 -1        38 1.14622E-19 1.23743E-19 5.36688E-20-3.69279E-21-1.37920E-20 1.26371E-20
 -1        39 1.41556E-19 1.41582E-19 8.61965E-20 9.29748E-22 1.97689E-20 1.96645E-20
 -1        40 1.23590E-19 1.14371E-19 5.35220E-20-3.61776E-21 1.25237E-20-1.38385E-20
 -1        41-7.43374E-01-7.43377E-01-1.73451E+00 4.38726E-06-4.24014E-01-1.36388E-01
 -1        42-3.64475E-01-3.64478E-01-8.50415E-01 2.73001E-06 1.73782E-01 1.17652E-01
 -1        43-2.06221E-01-2.06233E-01-4.81185E-01-2.90314E-06 2.86876E-01-7.58825E-01
 -1        44-6.95897E-01-6.95909E-01-1.62374E+00 6.78850E-06-1.73784E-01-6.01439E-01
 -1        45 5.21147E-01 5.13533E-01-9.78082E-01 1.32750E-01-3.92368E-01 1.16213E-01
 -1        46 6.94343E-01 4.12432E-01-2.99696E-01-2.78677E-01 2.79276E-01 3.70255E-01
 -1        47-5.87395E-01-4.64619E-02-5.47607E-01-4.15825E-01 3.92373E-01-4.32382E-01
 -1        48-8.71367E-01-5.61408E-02-1.48446E+00-4.39457E-03-1.42135E-01-2.74995E-01
 -1        52-7.68293E-01-7.68303E-01-1.79267E+00 1.66791E-06-1.37646E-01-4.42392E-01
 -1        53-2.25434E-01-2.25444E-01-5.26013E-01 7.75263E-07-5.19349E-02-4.19481E-01
 -1        54-2.25434E-01-2.25444E-01-5.26013E-01-7.75263E-07 5.19349E-02-4.19481E-01
 -1        55-7.68293E-01-7.68303E-01-1.79267E+00-1.66791E-06 1.37646E-01-4.42392E-01
 -1        56-2.75135E-01 2.29620E-01-1.34534E+00 8.57150E-02-1.37646E-01-8.04918E-02
 -1        57 1.05802E-02 1.72478E-01-3.35832E-01 8.57143E-02-5.19347E-02-5.75774E-02
 -1        58 1.05802E-02 1.72478E-01-3.35832E-01-8.57143E-02 5.19347E-02-5.75774E-02
 -1        59-2.75135E-01 2.29620E-01-1.34534E+00-8.57150E-02 1.37646E-01-8.04918E-02
 -1        60 5.92859E-02 5.93082E-02 1.38349E-01-1.00161E-06 7.31176E-01-2.30969E-02
 -1        61 5.92859E-02 5.93082E-02 1.38349E-01 1.00161E-06 7.31176E-01 2.30969E-02
 -1        62-8.09286E-01-8.09267E-01-1.88830E+00 2.95994E-06 6.47826E-01 1.60234E-01
 -1        63-8.09286E-01-8.09267E-01-1.88830E+00-2.95994E-06 6.47826E-01-1.60234E-01
 -1        64 9.59588E-02-1.63076E-01 8.26368E-02-1.37142E-01 1.52129E-01-2.30960E-02
 -1        65 9.59588E-02-1.63076E-01 8.26368E-02 1.37142E-01 1.52129E-01 2.30960E-02
 -1        66 1.87386E-01-6.20221E-01-1.53258E+00 1.37144E-01 6.87892E-02 1.60235E-01
 -1        67 1.87386E-01-6.20221E-01-1.53258E+00-1.37144E-01 6.87892E-02-1.60235E-01
 -1        76-2.02144E-04-2.02144E-04-4.71661E-04 2.06499E-14-2.88780E-05-2.88780E-05
 -1        77-2.02144E-04-2.02144E-04-4.71661E-04-2.06499E-14-2.88780E-05 2.88780E-05
 -1        78-2.02144E-04-2.02144E-04-4.71661E-04 2.06499E-14 2.88780E-05 2.88780E-05
 -1        79-2.02144E-04-2.02144E-04-4.71661E-04-2.06499E-14 2.88780E-05-2.88780E-05
 -1        80 8.66360E-05 8.66360E-05-2.98393E-04 2.06498E-14-2.88780E-05-2.88780E-05
 -1        81 8.66360E-05 8.66360E-05-2.98393E-04-2.06501E-14-2.88780E-05 2.88780E-05
 -1        82 8.66360E-05 8.66360E-05-2.98393E-04 2.06498E-14 2.88780E-05 2.88780E-05
 -1        83 8.66360E-05 8.66360E-05-2.98393E-04-2.06499E-14 2.88780E-05-2.88780E-05
 -1        84-1.47201E-04-1.47201E-04-3.43435E-04 3.24512E-13-1.14478E-04-1.14478E-04
 -1        85-1.47201E-04-1.47201E-04-3.43435E-04-3.24512E-13-1.14478E-04 1.14478E-04
 -1        86-1.47201E-04-1.47201E-04-3.43435E-04 3.24512E-13 1.14478E-04 1.14478E-04
 -1        87-1.47201E-04-1.47201E-04-3.43435E-04-3.24512E-13 1.14478E-04-1.14478E-04
 -1        88 9.97584E-04 9.97584E-04 3.43435E-04 3.24512E-13-1.14478E-04-1.14478E-04
 -1        89 9.97584E-04 9.97584E-04 3.43435E-04-3.24512E-13-1.14478E-04 1.14478E-04
 -1        90 9.97584E-04 9.97584E-04 3.43435E-04 3.24512E-13 1.14478E-04 1.14478E-04
 -1        91 9.97584E-04 9.97584E-04 3.43435E-04-3.24513E-13 1.14478E-04-1.14478E-04
 -1        92 1.70456E-04 1.70455E-04 3.97731E-04-1.90753E-10 2.69139E-05 2.70631E-04
 -1        93-1.70456E-04-1.70455E-04-3.97731E-04-1.91084E-10-2.69139E-05 2.70631E-04
 -1        94-1.70456E-04-1.70455E-04-3.97731E-04 1.91084E-10 2.69139E-05 2.70631E-04
 -1        95 1.70456E-04 1.70455E-04 3.97731E-04 1.90753E-10-2.69139E-05 2.70631E-04
 -1        96 8.97140E-05-1.79421E-05 3.16989E-04-5.38280E-05 2.69139E-05 4.33563E-05
 -1        97-8.97140E-05 1.79421E-05-3.16989E-04-5.38280E-05-2.69139E-05 4.33563E-05
 -1        98-8.97140E-05 1.79421E-05-3.16989E-04 5.38280E-05 2.69139E-05 4.33563E-05
 -1        99 8.97140E-05-1.79421E-05 3.16989E-04 5.38280E-05-2.69139E-05 4.33563E-05
 -1       100 2.55313E-01 2.55313E-01 5.95724E-01 1.00884E-07 6.38297E-02 6.38297E-02
 -1       101 2.55313E-01 2.55313E-01 5.95724E-01-1.00884E-07 6.38297E-02-6.38297E-02
 -1       102 2.55313E-01 2.55313E-01 5.95724E-01 1.00884E-07-6.38297E-02-6.38297E-02
 -1       103 2.55313E-01 2.55313E-01 5.95724E-01-1.00884E-07-6.38297E-02 6.38297E-02
 -1       104-6.38320E-02-6.38320E-02 4.04237E-01 1.00884E-07-6.38295E-02-6.38295E-02
 -1       105-6.38320E-02-6.38320E-02 4.04237E-01-1.00884E-07-6.38295E-02 6.38295E-02
 -1       106-6.38320E-02-6.38320E-02 4.04237E-01 1.00884E-07 6.38295E-02 6.38295E-02
 -1       107-6.38320E-02-6.38320E-02 4.04237E-01-1.00884E-07 6.38295E-02-6.38295E-02
 -1       108 2.55313E-01 2.55313E-01 5.95724E-01 1.00884E-07-6.38297E-02-6.38297E-02
 -1       109 2.55313E-01 2.55313E-01 5.95724E-01-1.00884E-07-6.38297E-02 6.38297E-02
 -1       110 2.55313E-01 2.55313E-01 5.95724E-01 1.00884E-07 6.38297E-02 6.38297E-02
 -1       111 2.55313E-01 2.55313E-01 5.95724E-01-1.00884E-07 6.38297E-02-6.38297E-02
 -1       113 1.35359E-16 1.35359E-16 3.15831E-16-1.86450E-23 2.87574E-17 2.87573E-17
 -1       114 1.76407E-16 1.76407E-16 4.11612E-16-3.84997E-23 3.66361E-17-3.78799E-17
 -1       115 1.76407E-16 1.76407E-16 4.11612E-16-5.83538E-23-4.11966E-17-4.11974E-17
 -1       116 1.76408E-16 1.76408E-16 4.11613E-16-3.84990E-23-3.78800E-17 3.66355E-17
 -1       117-3.12345E-17-3.12347E-17 2.15875E-16 7.87850E-18-4.24397E-17-4.24398E-17
 -1       118 1.41647E-18-9.77913E-18 3.03256E-16 2.28059E-18-3.66362E-17 2.41974E-17
 -1       119-1.81760E-17-1.81758E-17 2.94860E-16-3.31710E-18 4.11966E-17 4.11972E-17
 -1       120-9.78028E-18 1.41532E-18 3.03255E-16 2.28080E-18 2.41977E-17-3.66358E-17
 -1       121 1.35359E-16 1.35359E-16 3.15831E-16-1.86450E-23-2.87574E-17-2.87573E-17
 -1       122 1.76406E-16 1.76406E-16 4.11609E-16-3.84997E-23-3.66361E-17 3.78799E-17
 -1       123 1.76406E-16 1.76406E-16 4.11609E-16-5.83538E-23 4.11966E-17 4.11974E-17
 -1       124 1.76405E-16 1.76405E-16 4.11607E-16-3.84990E-23 3.78800E-17-3.66355E-17
 -1       126 2.24640E-16 2.24640E-16 5.24324E-16-1.48419E-19 2.45649E-15 2.45618E-15
 -1       127-1.88910E-14-1.88915E-14-1.21681E-14-8.05495E-16-1.60054E-17-1.61068E-17
 -1       128 6.33130E-15 6.33126E-15 1.74247E-15 7.83622E-16-2.87938E-15-2.87934E-15
 -1       129 5.34574E-16 5.34772E-16 1.24741E-15-4.67825E-20 1.76055E-18 2.18795E-15
 -1       130 1.17366E-14-4.54864E-16 2.74943E-15 7.32815E-15 3.30947E-16 2.33716E-16
 -1       131-8.61777E-15-3.78033E-15-5.91623E-15-3.11094E-15 4.62016E-16 3.68999E-15
 -1       132 5.35971E-16 5.36169E-16 1.25067E-15 4.68115E-20-5.30875E-18 2.18842E-15
 -1       133 1.17396E-14-4.55173E-16 2.74802E-15-7.33108E-15-3.33191E-16 2.21860E-16
 -1       134-8.62739E-15-3.78610E-15-5.92770E-15 3.11303E-15-4.64703E-16 3.69284E-15
 -1       135 2.22470E-16 2.22470E-16 5.19261E-16 1.48472E-19-2.46043E-15 2.45721E-15
 -1       136-1.88964E-14-1.88962E-14-1.21733E-14 8.05896E-16 1.07231E-17-1.31164E-17
 -1       137 6.33194E-15 6.33257E-15 1.74251E-15-7.86650E-16 2.87997E-15-2.88178E-15
 -1       138 5.34615E-16 5.34418E-16 1.24705E-15-4.67865E-20 2.18778E-15 1.84644E-18
 -1       139-4.55267E-16 1.17359E-14 2.74879E-15 7.32702E-15 2.33788E-16 3.30871E-16
 -1       140-3.77981E-15-8.61734E-15-5.91625E-15-3.11038E-15 3.68984E-15 4.61748E-16
 -1       141 5.69495E-14 5.69495E-14 1.32881E-13-9.68442E-21 5.02058E-15 5.02062E-15
 -1       142-1.71248E-14-1.71273E-14-5.03201E-15 8.60588E-15-1.53629E-15-1.53627E-15
 -1       143 1.29751E-14 1.29767E-14 1.57094E-14-3.30754E-15-3.74081E-15-3.74058E-15
 -1       144 5.69590E-14 5.69590E-14 1.32904E-13 9.68106E-21-5.02683E-15 5.02199E-15
 -1       145-1.71211E-14-1.71200E-14-5.02622E-15-8.60638E-15 1.53284E-15-1.53984E-15
 -1       146 1.29796E-14 1.29810E-14 1.57306E-14 3.30758E-15 3.74205E-15-3.74134E-15
 -1       147 5.35365E-16 5.35168E-16 1.24880E-15 4.68017E-20-2.19202E-15 2.24116E-18
 -1       148-4.55552E-16 1.17432E-14 2.74740E-15-7.32838E-15-2.24402E-16 3.31839E-16
 -1       149-3.78993E-15-8.63188E-15-5.93196E-15 3.11039E-15-3.69404E-15 4.61978E-16
 -1       150 5.36012E-16 5.35814E-16 1.25031E-15 4.68155E-20 2.18825E-15-5.38360E-18
 -1       151-4.55575E-16 1.17388E-14 2.74737E-15-7.32995E-15 2.21938E-16-3.33107E-16
 -1       152-3.78560E-15-8.62698E-15-5.92774E-15 3.11247E-15 3.69270E-15-4.64430E-16
 -1       153 5.69590E-14 5.69590E-14 1.32904E-13 9.68105E-21 5.02195E-15-5.02686E-15
 -1       154-1.71175E-14-1.71236E-14-5.02622E-15-8.60638E-15-1.53986E-15 1.53283E-15
 -1       155 1.29795E-14 1.29812E-14 1.57306E-14 3.30758E-15-3.74157E-15 3.74181E-15
 -1       156 5.69569E-14 5.69569E-14 1.32899E-13-9.71689E-21-5.02681E-15-5.02684E-15
 -1       157-1.71197E-14-1.71221E-14-5.02688E-15 8.60870E-15 1.53757E-15 1.53757E-15
 -1       158 1.29792E-14 1.29807E-14 1.57323E-14-3.30913E-15 3.74140E-15 3.74117E-15
 -1       159 5.35574E-16 5.35376E-16 1.24928E-15-4.68333E-20-2.19206E-15-5.41242E-18
 -1       160-4.56068E-16 1.17426E-14 2.74694E-15 7.33060E-15-2.22318E-16-3.33375E-16
 -1       161-3.78995E-15-8.63148E-15-5.93249E-15-3.11151E-15-3.69367E-15-4.62778E-16
 -1       162 2.22468E-16 2.22468E-16 5.19255E-16 1.48472E-19 2.45752E-15-2.46012E-15
 -1       163-1.88957E-14-1.88969E-14-1.21733E-14 8.05894E-16-1.30129E-17 1.08301E-17
 -1       164 6.33260E-15 6.33192E-15 1.74251E-15-7.86651E-16-2.88183E-15 2.87993E-15
 -1       165 5.35320E-16 5.35518E-16 1.24915E-15 4.67977E-20 2.16005E-18-2.19219E-15
 -1       166 1.17439E-14-4.55160E-16 2.74802E-15-7.32951E-15 3.31921E-16-2.24332E-16
 -1       167-8.63230E-15-3.79044E-15-5.93194E-15 3.11095E-15 4.62248E-16-3.69420E-15
 -1       168 5.35533E-16 5.35731E-16 1.24965E-15-4.68293E-20-5.33300E-18-2.19223E-15
 -1       169 1.17434E-14-4.55668E-16 2.74758E-15 7.33172E-15-3.33454E-16-2.22240E-16
 -1       170-8.63188E-15-3.79045E-15-5.93246E-15-3.11207E-15-4.63042E-16-3.69382E-15
 -1       171 2.23078E-16 2.23078E-16 5.20678E-16-1.48499E-19-2.46081E-15-2.46050E-15
 -1       172-1.88978E-14-1.88983E-14-1.21744E-14-8.05605E-16 1.14708E-17 1.15747E-17
 -1       173 6.33091E-15 6.33089E-15 1.74064E-15 7.86931E-16 2.88140E-15 2.88135E-15
 -1       175-3.05312E-04-3.05312E-04-1.30849E-04 4.71069E-14-4.36165E-05-4.36165E-05
 -1       176-3.05312E-04-3.05312E-04-1.30849E-04-4.71069E-14-4.36165E-05 4.36165E-05
 -1       177-3.05312E-04-3.05312E-04-1.30849E-04 4.71069E-14 4.36165E-05 4.36165E-05
 -1       178-3.05312E-04-3.05312E-04-1.30849E-04-4.71069E-14 4.36165E-05-4.36165E-05
 -1       179 1.30852E-04 1.30852E-04 1.30849E-04 4.71069E-14-4.36165E-05-4.36165E-05
 -1       180 1.30852E-04 1.30852E-04 1.30849E-04-4.71068E-14-4.36165E-05 4.36165E-05
 -1       181 1.30852E-04 1.30852E-04 1.30849E-04 4.71069E-14 4.36165E-05 4.36165E-05
 -1       182 1.30852E-04 1.30852E-04 1.30849E-04-4.71069E-14 4.36165E-05-4.36165E-05
 -1       183-1.22125E-03-1.22125E-03-5.23397E-04 7.53710E-13-1.74466E-04-1.74466E-04
 -1       184-1.22125E-03-1.22125E-03-5.23397E-04-7.53710E-13-1.74466E-04 1.74466E-04
 -1       185-1.22125E-03-1.22125E-03-5.23397E-04 7.53710E-13 1.74466E-04 1.74466E-04
 -1       186-1.22125E-03-1.22125E-03-5.23397E-04-7.53710E-13 1.74466E-04-1.74466E-04
 -1       187 5.23409E-04 5.23409E-04 5.23397E-04 7.53710E-13-1.74466E-04-1.74466E-04
 -1       188 5.23409E-04 5.23409E-04 5.23397E-04-7.53710E-13-1.74466E-04 1.74466E-04
 -1       189 5.23409E-04 5.23409E-04 5.23397E-04 7.53710E-13 1.74466E-04 1.74466E-04
 -1       190 5.23409E-04 5.23409E-04 5.23397E-04-7.53710E-13 1.74466E-04-1.74466E-04
 -1       191 0.00000E+00 0.00000E+00 0.00000E+00 0.00000E+00 0.00000E+00 0.00000E+00
 -1       192 0.00000E+00 0.00000E+00 0.00000E+00 0.00000E+00 0.00000E+00 0.00000E+00
 -1       193 0.00000E+00 0.00000E+00 0.00000E+00 0.00000E+00 0.00000E+00 0.00000E+00
 -1       194 0.00000E+00 0.00000E+00 0.00000E+00 0.00000E+00 0.00000E+00 0.00000E+00
 -1       195 0.00000E+00 0.00000E+00 0.00000E+00 0.00000E+00 0.00000E+00 0.00000E+00
 -1       196 0.00000E+00 0.00000E+00 0.00000E+00 0.00000E+00 0.00000E+00 0.00000E+00
 -1       197 0.00000E+00 0.00000E+00 0.00000E+00 0.00000E+00 0.00000E+00 0.00000E+00
 -1       198 0.00000E+00 0.00000E+00 0.00000E+00 0.00000E+00 0.00000E+00 0.00000E+00
 -1       199 0.00000E+00 0.00000E+00 0.00000E+00 0.00000E+00 0.00000E+00 0.00000E+00
 -1       200 0.00000E+00 0.00000E+00 0.00000E+00 0.00000E+00 0.00000E+00 0.00000E+00
 -1       201 0.00000E+00 0.00000E+00 0.00000E+00 0.00000E+00 0.00000E+00 0.00000E+00
 -1       202 0.00000E+00 0.00000E+00 0.00000E+00 0.00000E+00 0.00000E+00 0.00000E+00
 -1       203 0.00000E+00 0.00000E+00 0.00000E+00 0.00000E+00 0.00000E+00 0.00000E+00
 -1       204 0.00000E+00 0.00000E+00 0.00000E+00 0.00000E+00 0.00000E+00 0.00000E+00
 -1       205 0.00000E+00 0.00000E+00 0.00000E+00 0.00000E+00 0.00000E+00 0.00000E+00
 -1       206 0.00000E+00 0.00000E+00 0.00000E+00 0.00000E+00 0.00000E+00 0.00000E+00
 -1       207-2.20265E+02-2.20265E+02-9.44950E+01 2.45167E-02-3.14410E+01-3.14410E+01
 -1       208-2.20265E+02-2.20265E+02-9.44950E+01-2.45167E-02-3.14410E+01 3.14410E+01
 -1       209-2.20265E+02-2.20265E+02-9.44950E+01 2.45167E-02 3.14410E+01 3.14410E+01
 -1       210-2.20265E+02-2.20265E+02-9.44950E+01-2.45167E-02 3.14410E+01-3.14410E+01
 -1       211 9.43908E+01 9.43908E+01 9.44459E+01 2.45454E-02-3.15147E+01-3.15147E+01
 -1       212 9.43908E+01 9.43908E+01 9.44459E+01-2.45454E-02-3.15147E+01 3.15147E+01
 -1       213 9.43908E+01 9.43908E+01 9.44459E+01 2.45454E-02 3.15147E+01 3.15147E+01
 -1       214 9.43908E+01 9.43908E+01 9.44459E+01-2.45454E-02 3.15147E+01-3.15147E+01
 -1       215-1.22125E-03-1.22125E-03-5.23397E-04 7.53710E-13-1.74466E-04-1.74466E-04
 -1       216-1.22125E-03-1.22125E-03-5.23397E-04-7.53710E-13-1.74466E-04 1.74466E-04
 -1       217-1.22125E-03-1.22125E-03-5.23397E-04 7.53710E-13 1.74466E-04 1.74466E-04
 -1       218-1.22125E-03-1.22125E-03-5.23397E-04-7.53710E-13 1.74466E-04-1.74466E-04
 -1       219 5.23409E-04 5.23409E-04 5.23397E-04 7.53710E-13-1.74466E-04-1.74466E-04
 -1       220 5.23409E-04 5.23409E-04 5.23397E-04-7.53710E-13-1.74466E-04 1.74466E-04
 -1       221 5.23409E-04 5.23409E-04 5.23397E-04 7.53711E-13 1.74466E-04 1.74466E-04
 -1       222 5.23409E-04 5.23409E-04 5.23397E-04-7.53711E-13 1.74466E-04-1.74466E-04
 -1       223 6.47034E-19 6.47034E-19 1.50974E-18 1.04484E-28 1.22778E-22-3.52300E-23
 -1       224 6.47112E-19 6.47112E-19 1.50993E-18 1.04484E-28 9.91756E-23-3.52300E-23
 -1       225 6.46877E-19 6.46877E-19 1.50938E-18 1.04484E-28 9.91756E-23-1.78171E-23
 -1       226 6.46799E-19 6.46799E-19 1.50920E-18 1.04484E-28 1.22778E-22-1.78171E-23
 -1       227 6.47034E-19 6.47034E-19 1.50974E-18-6.18961E-24-3.38085E-23 1.69655E-23
 -1       228 6.47112E-19 6.47112E-19 1.50993E-18-6.18961E-24-5.74111E-23 1.69655E-23
 -1       229 6.46877E-19 6.46877E-19 1.50938E-18-6.18961E-24-5.74111E-23 3.43785E-23
 -1       230 6.46799E-19 6.46799E-19 1.50920E-18-6.18961E-24-3.38085E-23 3.43785E-23
 -1       232 6.47073E-19 6.47073E-19 1.50984E-18-1.77541E-29 1.35597E-22 6.41712E-23
 -1       233 6.46994E-19 6.46994E-19 1.50965E-18-1.77541E-29 1.88042E-22 6.41712E-23
 -1       234 6.46681E-19 6.46681E-19 1.50892E-18-1.77541E-29 1.88042E-22 1.27773E-23
 -1       235 6.46760E-19 6.46760E-19 1.50911E-18-1.77541E-29 1.35597E-22 1.27773E-23
 -1       236 6.47073E-19 6.47073E-19 1.50984E-18 1.05175E-24-7.31857E-23 1.19756E-23
 -1       237 6.46994E-19 6.46994E-19 1.50965E-18 1.05175E-24-2.07400E-23 1.19756E-23
 -1       238 6.46681E-19 6.46681E-19 1.50892E-18 1.05175E-24-2.07400E-23-3.94183E-23
 -1       239 6.46760E-19 6.46760E-19 1.50911E-18 1.05175E-24-7.31857E-23-3.94183E-23
 -1       241 1.02024E-21 1.02024E-21 2.38054E-21 3.00512E-29 1.04799E-22 1.07449E-22
 -1       242 1.00556E-21 1.00556E-21 2.34628E-21 1.95654E-29 1.03983E-22-1.04901E-22
 -1       243 1.02024E-21 1.02024E-21 2.38054E-21 1.12491E-29-1.11527E-22-1.05614E-22
 -1       244 1.02024E-21 1.02024E-21 2.38054E-21 2.17349E-29-1.08367E-22 1.09692E-22
 -1       245-4.27310E-23-4.43621E-23 1.74226E-21 1.42723E-24 1.04799E-22 9.76628E-23
 -1       246-6.09281E-23-6.72486E-23 1.70449E-21-1.52915E-24 1.13770E-22-1.14687E-22
 -1       247-5.65954E-23-5.70032E-23 1.73431E-21-3.87386E-24-1.01741E-22-1.05614E-22
 -1       248-5.30783E-23-4.87967E-23 1.73783E-21-9.17481E-25-1.08367E-22 1.09692E-22
 -1       250 6.38559E-22 6.38559E-22 1.48997E-21 2.99916E-40 8.26962E-25-3.88082E-25
 -1       251 6.34889E-22 6.34889E-22 1.48141E-21 1.88762E-40-4.14093E-25-3.88082E-25
 -1       252 6.33665E-22 6.33665E-22 1.47855E-21-9.24354E-40-4.14093E-25 8.52972E-25
 -1       253 6.37335E-22 6.37335E-22 1.48712E-21-7.96553E-40 8.26962E-25 8.52972E-25
 -1       254 6.38559E-22 6.38559E-22 1.48997E-21 1.57509E-39 1.14059E-26-2.83475E-24
 -1       255 6.34889E-22 6.34889E-22 1.48141E-21 4.28671E-40-1.22965E-24-2.83475E-24
 -1       256 6.33665E-22 6.33665E-22 1.47855E-21 2.89738E-39-1.22965E-24-1.59370E-24
 -1       257 6.37335E-22 6.37335E-22 1.48712E-21 3.17831E-39 1.14059E-26-1.59370E-24
 -1       260 4.90845E-21 4.90844E-21 1.14537E-20-1.36903E-25 4.98793E-20-4.30023E-20
 -1       261 1.17116E-19 1.17116E-19 2.73271E-19-5.51813E-26 1.47580E-20-5.24757E-20
 -1       262-2.25869E-20-2.25871E-20-5.27027E-20-5.60491E-26 1.95371E-20 3.17223E-24
 -1       263-3.05781E-20-3.05783E-20-7.13488E-20-1.37771E-25 5.49031E-20-1.35642E-20
 -1       264-2.07128E-20 8.28170E-21 4.77934E-21-5.68285E-21 2.62214E-20 3.18027E-20
 -1       265 9.11277E-20 1.19633E-19 2.66230E-19 1.73580E-20-7.83774E-20 2.23293E-20
 -1       266 3.20675E-20 1.44910E-20-2.51829E-20 1.71133E-20-7.35983E-20 5.33063E-21
 -1       267 2.44433E-20 7.35611E-21-4.34620E-20-5.92751E-21 3.12453E-20-8.23671E-21
 -1       268 1.17116E-19 1.17116E-19 2.73271E-19 5.49744E-26 1.47841E-20 5.24790E-20
 -1       269 4.92191E-21 4.92190E-21 1.14851E-20 1.36865E-25 4.98761E-20 4.29762E-20
 -1       270-3.05781E-20-3.05783E-20-7.13488E-20 1.37791E-25 5.49064E-20 1.35886E-20
 -1       271-2.25906E-20-2.25908E-20-5.27112E-20 5.59000E-26 1.95535E-20 3.01232E-24
 -1       272 9.10103E-20 1.19555E-19 2.66171E-19-1.73844E-20-7.83538E-20-2.23170E-20
 -1       273-2.07923E-20 8.27395E-21 4.77649E-21 5.70405E-21 2.62092E-20-3.18198E-20
 -1       274 2.45171E-20 7.40637E-21-4.34248E-20 5.96503E-21 3.12395E-20 8.26362E-21
 -1       275 3.21131E-20 1.44805E-20-2.51787E-20-1.71234E-20-7.35844E-20-5.32200E-21
 -1       276 8.14971E-19 8.14968E-19 1.90158E-18 8.01345E-24 6.42184E-18-5.38958E-18
 -1       277-4.17920E-18-4.17920E-18-9.75149E-18 3.36685E-24-6.85017E-18-4.06596E-18
 -1       278-1.21513E-18-1.21512E-18-2.83529E-18 5.21911E-24-6.54848E-18 6.58984E-18
 -1       279 6.76913E-18 6.76914E-18 1.57947E-17 9.86571E-24 5.67908E-18 7.88635E-18
 -1       280 2.57424E-18 5.07848E-19 2.33723E-18 1.97234E-21 8.40657E-18-7.05431E-18
 -1       281-1.63659E-18-2.65852E-18-8.53251E-18-1.30810E-18-5.86214E-18-5.73068E-18
 -1       282-3.25775E-18-1.65954E-18-3.58141E-18-7.85868E-19-5.56045E-18 3.92842E-18
 -1       283 3.94317E-18 4.49692E-18 1.42652E-17 5.24203E-19 7.66380E-18 5.22493E-18
 -1       284 2.45317E-18 3.86818E-19 2.05504E-18 1.93137E-21 4.00906E-18-2.50864E-18
 -1       285-1.46506E-18-2.48693E-18-8.13198E-18-1.30813E-18-5.86970E-18-3.53269E-18
 -1       286 3.65728E-18 5.25553E-18 1.25539E-17-7.85887E-19-1.96543E-18 1.19223E-17
 -1       287-1.54656E-18-9.92798E-19 1.45605E-18 5.24171E-19 4.24002E-18 2.84838E-18
 -1       288 8.34294E-19 2.29464E-20 1.46021E-18-1.26224E-18 4.20422E-18-4.07583E-18
 -1       289-3.28957E-19 3.57748E-18-5.97182E-18 2.47668E-18-2.63385E-18-5.09989E-18
 -1       290 2.24648E-17 1.88934E-17 2.22875E-17 4.83557E-18 1.27042E-18 1.33958E-17
 -1       291 1.45060E-17 6.21680E-18 8.43470E-18 1.09665E-18 4.43517E-18 4.32188E-18
 -1       292-1.02126E-01-1.02126E-01-2.38290E-01 1.61416E-08-2.55317E-02-2.55317E-02
 -1       293-1.02126E-01-1.02126E-01-2.38290E-01-1.61416E-08-2.55317E-02 2.55317E-02
 -1       294-1.02126E-01-1.02126E-01-2.38290E-01 1.61416E-08 2.55317E-02 2.55317E-02
 -1       295-1.02126E-01-1.02126E-01-2.38290E-01-1.61416E-08 2.55317E-02-2.55317E-02
 -1       296 2.55331E-02 2.55331E-02-1.61694E-01 1.61407E-08-2.55317E-02-2.55317E-02
 -1       297 2.55331E-02 2.55331E-02-1.61694E-01-1.61412E-08-2.55317E-02 2.55317E-02
 -1       298 2.55331E-02 2.55331E-02-1.61694E-01 1.61407E-08 2.55317E-02 2.55317E-02
 -1       299 2.55331E-02 2.55331E-02-1.61694E-01-1.61438E-08 2.55317E-02-2.55317E-02
 -1       300-8.57110E-02-8.57110E-02-1.99992E-01 5.66811E-29 5.32687E-12 9.33911E-13
 -1       301-8.57110E-02-8.57110E-02-1.99992E-01-8.83170E-30-9.33931E-13 9.33911E-13
 -1       302-8.57110E-02-8.57110E-02-1.99992E-01 5.66975E-29-9.34136E-13-5.32806E-12
 -1       303-8.57110E-02-8.57110E-02-1.99992E-01-3.39121E-28 5.32692E-12-5.32806E-12
 -1       304-8.57110E-02-8.57110E-02-1.99992E-01-6.40184E-30 2.88771E-12-4.17243E-14
 -1       305-8.57110E-02-8.57110E-02-1.99992E-01 1.94108E-30 4.30711E-14-4.17243E-14
 -1       306-8.57110E-02-8.57110E-02-1.99992E-01-6.43687E-30 4.23052E-14-2.88687E-12
 -1       307-8.57110E-02-8.57110E-02-1.99992E-01-9.09371E-29 2.88792E-12-2.88687E-12
 -1       308 0.00000E+00 0.00000E+00 0.00000E+00 0.00000E+00 0.00000E+00 0.00000E+00
 -1       309 0.00000E+00 0.00000E+00 0.00000E+00 0.00000E+00 0.00000E+00 0.00000E+00
 -1       310 0.00000E+00 0.00000E+00 0.00000E+00 0.00000E+00 0.00000E+00 0.00000E+00
 -1       311 0.00000E+00 0.00000E+00 0.00000E+00 0.00000E+00 0.00000E+00 0.00000E+00
 -1       312 0.00000E+00 0.00000E+00 0.00000E+00 0.00000E+00 0.00000E+00 0.00000E+00
 -1       313 0.00000E+00 0.00000E+00 0.00000E+00 0.00000E+00 0.00000E+00 0.00000E+00
 -1       314 0.00000E+00 0.00000E+00 0.00000E+00 0.00000E+00 0.00000E+00 0.00000E+00
 -1       315 0.00000E+00 0.00000E+00 0.00000E+00 0.00000E+00 0.00000E+00 0.00000E+00
 -1       325-6.38320E-02-6.38320E-02 4.04237E-01 1.00884E-07 6.38295E-02 6.38295E-02
 -1       326-6.38320E-02-6.38320E-02 4.04237E-01-1.00884E-07 6.38295E-02-6.38295E-02
 -1       327-6.38320E-02-6.38320E-02 4.04237E-01 1.00884E-07-6.38295E-02-6.38295E-02
 -1       328-6.38320E-02-6.38320E-02 4.04237E-01-1.00884E-07-6.38295E-02 6.38295E-02
 -1       329-3.12345E-17-3.12347E-17 2.15875E-16 7.87850E-18 4.24405E-17 4.24402E-17
 -1       330 1.41772E-18-9.77788E-18 3.03259E-16 2.28059E-18 3.66362E-17-2.41970E-17
 -1       331-1.81748E-17-1.81746E-17 2.94863E-16-3.31710E-18-4.11966E-17-4.11976E-17
 -1       332-9.77777E-18 1.41782E-18 3.03261E-16 2.28080E-18-2.41969E-17 3.66353E-17
 -1       333 1.49561E-13 1.49556E-13 4.79572E-13 4.09143E-18 5.09179E-15 5.09182E-15
 -1       334 1.49630E-13 1.49620E-13 4.79735E-13 2.07026E-18 5.01987E-15-4.95578E-15
 -1       335 1.49620E-13 1.49615E-13 4.79727E-13 5.00741E-20-5.02901E-15-5.02904E-15
 -1       336 1.49625E-13 1.49624E-13 4.79735E-13 2.07125E-18-4.95574E-15 5.01991E-15
 -1       347-6.92038E-10-2.13018E-09-1.19608E-09-1.00870E-10-7.52055E-11-1.31701E-13
 -1       349-5.59939E-10-1.69022E-09-1.19571E-09-9.33058E-11 1.17932E-10-3.50067E-11
 -1       350-1.39867E-09-1.56704E-09-2.07595E-09-1.23668E-10-1.75139E-10 3.50067E-11
 -1       352-1.25737E-09-1.10562E-09-2.06638E-09-1.23145E-10 1.38713E-10 1.31672E-13
 -1       353 2.12972E-09 7.19793E-09 7.89928E-09 3.81776E-10-1.52413E-10-5.97010E-11
 -1       355 2.24637E-09 7.64879E-09 7.89828E-09 3.88432E-10 1.61439E-10 2.61394E-11
 -1       356 1.02562E-09 4.82407E-09 4.55411E-09 4.04574E-10-1.13813E-10-2.44200E-11
 -1       358 1.13307E-09 5.25346E-09 4.54392E-09 4.18272E-10 7.93241E-11 6.14204E-11
 -1       359-2.31945E+01-7.04171E+00-2.76264E-01-1.87339E-01-1.83690E+00 1.13706E-02
 -1       361 2.31952E+01 7.04052E+00 2.74783E-01 1.80020E-01-1.83669E+00-1.13708E-02
 -1       362-2.26434E+01-5.75552E+00 2.74683E-01-1.79993E-01 1.83742E+00 3.42850E-02
 -1       364 2.26441E+01 5.75518E+00-2.76257E-01 1.87367E-01 1.83617E+00-3.42891E-02
 -1       365-2.26434E+01-5.75552E+00 2.74683E-01 1.79993E-01-1.83742E+00 3.42850E-02
 -1       367 2.26441E+01 5.75518E+00-2.76257E-01-1.87367E-01-1.83617E+00-3.42891E-02
 -1       368-2.31945E+01-7.04171E+00-2.76264E-01 1.87339E-01 1.83690E+00 1.13706E-02
 -1       370 2.31952E+01 7.04052E+00 2.74783E-01-1.80020E-01 1.83669E+00-1.13708E-02
 -1       371-1.75792E-06-4.02248E-07-5.46338E-06 2.68803E-07-1.98824E-08-1.16256E-07
 -1       372 1.75736E-06 4.08870E-07 5.44316E-06 2.70010E-07-1.58232E-08 1.04111E-07
 -1       373 1.75571E-06 4.00033E-07 5.41536E-06-2.68803E-07-1.31906E-08-1.01166E-07
 -1       374-1.75979E-06-4.11297E-07-5.49167E-06-2.70010E-07-1.62854E-08 1.13071E-07
 -1       379 4.07677E-07 3.05263E-07-3.69107E-06-2.13211E-07 1.58829E-08-8.15044E-08
 -1       380-3.56777E-07-2.97217E-07 3.77968E-06-2.13601E-07 4.17385E-08-1.92002E-08
 -1       381-3.56832E-07-2.96887E-07 3.75994E-06 2.13461E-07 4.44011E-08 2.29867E-08
 -1       382 4.10632E-07 3.08603E-07-3.70378E-06 2.13852E-07 1.93488E-08 7.77706E-08
 -1       387 1.68946E-06 6.26149E-07-1.47719E-06 9.79640E-08 9.32713E-07-3.60332E-08
 -1       388 2.20178E-06 9.91434E-07 4.93913E-06 9.67808E-08 9.80365E-07-1.42533E-07
 -1       389 2.20212E-06 9.98113E-07 4.92624E-06-9.78569E-08 9.93799E-07 1.47117E-07
 -1       390 1.69603E-06 6.39060E-07-1.47553E-06-9.66737E-08 9.46790E-07 5.31903E-08
 -1       395-4.99980E-01-1.49999E-01 8.03573E-10 2.37723E-07-6.95393E-10-8.03572E-09
 -1       397-4.99980E-01-1.49999E-01 8.03574E-10 2.37723E-07 6.95397E-10 8.03571E-09
 -1       398-4.99980E-01 7.50014E-02-8.03574E-10 2.97991E-07-6.95398E-10-8.03570E-09
 -1       400-4.99980E-01 7.50014E-02-8.03573E-10 2.97991E-07 6.95394E-10 8.03571E-09
 -1       401-4.99980E-01 7.50014E-02-8.03573E-10-2.97991E-07 6.95398E-10-8.03571E-09
 -1       403-4.99980E-01 7.50014E-02-8.03574E-10-2.97991E-07-6.95394E-10 8.03570E-09
 -1       404-4.99980E-01-1.49999E-01 8.03574E-10-2.37723E-07 6.95393E-10-8.03571E-09
 -1       406-4.99980E-01-1.49999E-01 8.03572E-10-2.37723E-07-6.95397E-10 8.03572E-09
 -1       407-5.33134E-01-1.59994E-01-1.64943E-04-3.85965E-02-1.57641E-09 1.64943E-03
 -1       409-5.33134E-01-1.59994E-01-1.64943E-04-3.85965E-02 1.57641E-09-1.64943E-03
 -1       410-4.66826E-01 6.07011E-02 1.64943E-04-3.85966E-02-1.57641E-09 1.64942E-03
 -1       412-4.66826E-01 6.07011E-02 1.64943E-04-3.85966E-02 1.57641E-09-1.64942E-03
 -1       413-4.66826E-01 6.07011E-02 1.64943E-04 3.85966E-02 1.57641E-09 1.64942E-03
 -1       415-4.66826E-01 6.07011E-02 1.64943E-04 3.85966E-02-1.57641E-09-1.64942E-03
 -1       416-5.33134E-01-1.59994E-01-1.64943E-04 3.85965E-02 1.57641E-09 1.64943E-03
 -1       418-5.33134E-01-1.59994E-01-1.64943E-04 3.85965E-02-1.57641E-09-1.64943E-03
 -3
    1PSTEP                        12           1           3          
  100CL  103 3.000000000         344                     0    3           1
 -4  TOSTRAIN    6    1
 -5  EXX         1    4    1    1
 -5  EYY         1    4    2    2
 -5  EZZ         1    4    3    3
 -5  EXY         1    4    1    2
 -5  EYZ         1    4    2    3
 -5  EZX         1    4    3    1
 -1         1 0.00000E+00 0.00000E+00 0.00000E+00 0.00000E+00 0.00000E+00 0.00000E+00
 -1         2 0.00000E+00 0.00000E+00 0.00000E+00 0.00000E+00 0.00000E+00 0.00000E+00
 -1         3 0.00000E+00 0.00000E+00 0.00000E+00 0.00000E+00 0.00000E+00 0.00000E+00
 -1         4 0.00000E+00 0.00000E+00 0.00000E+00 0.00000E+00 0.00000E+00 0.00000E+00
 -1         5 0.00000E+00 0.00000E+00 0.00000E+00 0.00000E+00 0.00000E+00 0.00000E+00
 -1         6 0.00000E+00 0.00000E+00 0.00000E+00 0.00000E+00 0.00000E+00 0.00000E+00
 -1         7 0.00000E+00 0.00000E+00 0.00000E+00 0.00000E+00 0.00000E+00 0.00000E+00
 -1         8 0.00000E+00 0.00000E+00 0.00000E+00 0.00000E+00 0.00000E+00 0.00000E+00
 -1        13-4.68857E-08-4.68857E-08 2.00198E-03-8.10968E-21 2.14534E-04 2.14534E-04
 -1        14-4.68857E-08-4.68857E-08 2.00198E-03 1.13412E-20 2.14534E-04-2.14534E-04
 -1        15-4.68857E-08-4.68857E-08 2.00198E-03-2.96009E-21-2.14534E-04-2.14534E-04
 -1        16-4.68857E-08-4.68857E-08 2.00198E-03 1.27887E-20-2.14534E-04 2.14534E-04
 -1        17-8.57816E-04-8.57816E-04 2.00198E-03 7.91385E-20 2.14350E-04 2.14350E-04
 -1        18-8.57816E-04-8.57816E-04 2.00198E-03-1.39718E-19 2.14350E-04-2.14350E-04
 -1        19-8.57816E-04-8.57816E-04 2.00198E-03 1.82726E-20-2.14350E-04-2.14350E-04
 -1        20-8.57816E-04-8.57816E-04 2.00198E-03 2.01939E-19-2.14350E-04 2.14350E-04
 -1        25-3.72646E-08-3.72646E-08 5.75212E-04 3.98786E-21-1.43760E-04-1.43760E-04
 -1        26-3.72646E-08-3.72646E-08 5.75212E-04 1.11192E-21-1.43760E-04 1.43760E-04
 -1        27-3.72646E-08-3.72646E-08 5.75212E-04 5.26923E-21 1.43760E-04 1.43760E-04
 -1        28-3.72646E-08-3.72646E-08 5.75212E-04-1.69070E-20 1.43760E-04-1.43760E-04
 -1        29 5.75167E-04 5.75167E-04 5.75212E-04-1.96790E-20-1.43842E-04-1.43842E-04
 -1        30 5.75167E-04 5.75167E-04 5.75212E-04 7.11515E-20-1.43842E-04 1.43842E-04
 -1        31 5.75167E-04 5.75167E-04 5.75212E-04 1.71985E-20 1.43842E-04 1.43842E-04
 -1        32 5.75167E-04 5.75167E-04 5.75212E-04-2.82387E-20 1.43842E-04-1.43842E-04
 -1        33-2.71566E-26-2.66012E-26-1.06060E-25 2.68742E-26-9.20677E-26-9.20878E-26
 -1        34-2.71566E-26-6.66773E-26-8.49568E-26 7.39152E-27-1.30846E-25 6.76778E-26
 -1        35-6.61219E-26-6.66773E-26 5.97727E-27-1.26465E-26 7.69117E-26 7.62049E-26
 -1        36-6.61219E-26-2.66012E-26-8.50779E-26 6.83617E-27 6.70366E-26-1.31195E-25
 -1        37 2.92375E-25 2.91607E-25-1.06060E-25-5.10114E-26-8.15764E-26-8.15360E-26
 -1        38 2.92375E-25 3.48839E-25-8.49568E-26-2.28602E-26-8.53792E-26 7.82296E-26
 -1        39 3.48677E-25 3.48839E-25 5.97727E-27 5.75558E-27 1.22379E-25 1.21733E-25
 -1        40 3.48677E-25 2.91607E-25-8.50779E-26-2.23957E-26 7.75278E-26-8.56670E-26
 -1        41-6.86046E-12-3.81194E-11-6.13570E-06 2.03086E-11-2.62490E-06-8.44320E-07
 -1        42-6.86046E-12-5.06852E-11-3.00825E-06 1.34193E-11 1.07582E-06 7.28329E-07
 -1        43-2.31113E-11-5.06852E-11-1.70212E-06 5.90036E-12 1.77592E-06-4.69753E-06
 -1        44-2.31113E-11-3.81194E-11-5.74386E-06 1.52618E-11-1.07582E-06-3.72327E-06
 -1        45 3.14533E-06 3.09814E-06-6.13570E-06 8.21780E-07-2.42899E-06 7.19384E-07
 -1        46 3.14533E-06 1.40021E-06-3.00825E-06-1.72515E-06 1.72886E-06 2.29207E-06
 -1        47-1.94851E-06 1.40021E-06-1.70212E-06-2.57411E-06 2.42901E-06-2.67665E-06
 -1        48-1.94851E-06 3.09814E-06-5.74386E-06-2.71923E-08-8.79886E-07-1.70241E-06
 -1        52-6.50075E-12-3.67633E-11-6.34142E-06 1.58056E-12-8.52109E-07-2.73867E-06
 -1        53-6.50075E-12-4.34609E-11-1.86070E-06 1.76825E-12-3.21502E-07-2.59681E-06
 -1        54-6.50075E-12-4.34609E-11-1.86070E-06-1.76825E-12 3.21502E-07-2.59681E-06
 -1        55-6.50075E-12-3.67633E-11-6.34142E-06-1.58056E-12 8.52109E-07-2.73867E-06
 -1        56 2.83741E-07 3.40840E-06-6.34142E-06 5.30610E-07-8.52111E-07-4.98321E-07
 -1        57 2.83741E-07 1.28596E-06-1.86070E-06 5.30609E-07-3.21502E-07-3.56442E-07
 -1        58 2.83741E-07 1.28596E-06-1.86070E-06-5.30609E-07 3.21502E-07-3.56442E-07
 -1        59 2.83741E-07 3.40840E-06-6.34142E-06-5.30610E-07 8.52111E-07-4.98321E-07
 -1        60-4.42049E-11 1.29640E-11 4.89425E-07-2.93024E-12 4.52632E-06-1.42975E-07
 -1        61-4.42049E-11 1.29640E-11 4.89425E-07 2.93024E-12 4.52632E-06 1.42975E-07
 -1        62-3.34449E-11 1.29640E-11-6.67971E-06 2.44974E-12 4.01045E-06 9.91945E-07
 -1        63-3.34449E-11 1.29640E-11-6.67971E-06-2.44974E-12 4.01045E-06-9.91945E-07
 -1        64 5.71855E-07-1.03171E-06 4.89425E-07-8.48974E-07 9.41741E-07-1.42975E-07
 -1        65 5.71855E-07-1.03171E-06 4.89425E-07 8.48974E-07 9.41741E-07 1.42975E-07
 -1        66 3.96775E-06-1.03171E-06-6.67971E-06 8.48976E-07 4.25891E-07 9.91949E-07
 -1        67 3.96775E-06-1.03171E-06-6.67971E-06-8.48976E-07 4.25891E-07-9.91949E-07
 -1        76-1.20707E-14-1.20707E-14-1.66845E-09-1.11828E-26-1.78769E-10-1.78769E-10
 -1        77-1.20707E-14-1.20707E-14-1.66845E-09 2.53796E-26-1.78769E-10 1.78769E-10
 -1        78-1.20707E-14-1.20707E-14-1.66845E-09 4.42336E-26 1.78769E-10 1.78769E-10
 -1        79-1.20707E-14-1.20707E-14-1.66845E-09-1.97620E-26 1.78769E-10-1.78769E-10
 -1        80 7.15062E-10 7.15062E-10-1.66845E-09-5.01427E-25-1.78769E-10-1.78769E-10
 -1        81 7.15062E-10 7.15062E-10-1.66845E-09-9.12408E-25-1.78769E-10 1.78769E-10
 -1        82 7.15062E-10 7.15062E-10-1.66845E-09-4.16930E-25 1.78769E-10 1.78769E-10
 -1        83 7.15062E-10 7.15062E-10-1.66845E-09 5.05636E-26 1.78769E-10-1.78769E-10
 -1        84-4.78511E-14-4.78511E-14-1.21483E-09-5.99336E-26-7.08676E-10-7.08676E-10
 -1        85-4.78511E-14-4.78511E-14-1.21483E-09 4.47171E-26-7.08676E-10 7.08676E-10
 -1        86-4.78511E-14-4.78511E-14-1.21483E-09 1.97158E-25 7.08676E-10 7.08676E-10
 -1        87-4.78511E-14-4.78511E-14-1.21483E-09 9.25745E-27 7.08676E-10-7.08676E-10
 -1        88 2.83466E-09 2.83466E-09-1.21483E-09 5.94513E-25-7.08676E-10-7.08676E-10
 -1        89 2.83466E-09 2.83466E-09-1.21483E-09 1.40279E-24-7.08676E-10 7.08676E-10
 -1        90 2.83466E-09 2.83466E-09-1.21483E-09-4.07264E-24 7.08676E-10 7.08676E-10
 -1        91 2.83466E-09 2.83466E-09-1.21483E-09-4.66196E-24 7.08676E-10-7.08676E-10
 -1        92-6.72160E-19-2.36377E-15 1.40694E-09-1.18191E-15 1.66610E-10 1.67534E-09
 -1        93-6.72160E-19 2.36374E-15-1.40694E-09-1.18184E-15-1.66610E-10 1.67534E-09
 -1        94-6.72160E-19 2.36374E-15-1.40694E-09 1.18184E-15 1.66610E-10 1.67534E-09
 -1        95-6.72160E-19-2.36377E-15 1.40694E-09 1.18191E-15-1.66610E-10 1.67534E-09
 -1        96 2.19818E-19-6.66442E-10 1.40694E-09-3.33221E-10 1.66610E-10 2.68396E-10
 -1        97 2.19818E-19 6.66442E-10-1.40694E-09-3.33221E-10-1.66610E-10 2.68396E-10
 -1        98 2.19817E-19 6.66442E-10-1.40694E-09 3.33221E-10 1.66610E-10 2.68396E-10
 -1        99 2.19817E-19-6.66442E-10 1.40694E-09 3.33221E-10-1.66610E-10 2.68396E-10
 -1       100 1.32878E-11 1.32878E-11 2.10731E-06-2.42602E-23 3.95133E-07 3.95133E-07
 -1       101 1.32878E-11 1.32878E-11 2.10731E-06 1.54607E-23 3.95133E-07-3.95133E-07
 -1       102 1.32878E-11 1.32878E-11 2.10731E-06 8.40011E-24-3.95133E-07-3.95133E-07
 -1       103 1.32878E-11 1.32878E-11 2.10731E-06 2.09044E-24-3.95133E-07 3.95133E-07
 -1       104-7.90253E-07-7.90253E-07 2.10731E-06-1.68541E-22-3.95133E-07-3.95133E-07
 -1       105-7.90253E-07-7.90253E-07 2.10731E-06 5.08495E-22-3.95133E-07 3.95133E-07
 -1       106-7.90253E-07-7.90253E-07 2.10731E-06 4.72116E-22 3.95133E-07 3.95133E-07
 -1       107-7.90253E-07-7.90253E-07 2.10731E-06-1.21749E-22 3.95133E-07-3.95133E-07
 -1       108 1.32878E-11 1.32878E-11 2.10731E-06 1.50816E-23-3.95133E-07-3.95133E-07
 -1       109 1.32878E-11 1.32878E-11 2.10731E-06-1.14299E-23-3.95133E-07 3.95133E-07
 -1       110 1.32878E-11 1.32878E-11 2.10731E-06 1.05471E-23 3.95133E-07 3.95133E-07
 -1       111 1.32878E-11 1.32878E-11 2.10731E-06 8.48044E-24 3.95133E-07-3.95133E-07
 -1       113 7.67123E-27 7.67123E-27 1.11722E-21-1.15421E-28 1.78022E-22 1.78021E-22
 -1       114 7.67123E-27 7.42542E-27 1.45604E-21-2.38332E-28 2.26795E-22-2.34495E-22
 -1       115 7.42541E-27 7.42542E-27 1.45604E-21-3.61238E-28-2.55027E-22-2.55032E-22
 -1       116 7.42541E-27 7.67123E-27 1.45604E-21-2.38327E-28-2.34495E-22 2.26791E-22
 -1       117-4.12508E-22-4.12510E-22 1.11722E-21 4.87716E-23-2.62722E-22-2.62723E-22
 -1       118-4.12508E-22-4.81814E-22 1.45602E-21 1.41180E-23-2.26795E-22 1.49793E-22
 -1       119-4.81816E-22-4.81814E-22 1.45603E-21-2.05344E-23 2.55026E-22 2.55030E-22
 -1       120-4.81816E-22-4.12510E-22 1.45602E-21 1.41193E-23 1.49795E-22-2.26793E-22
 -1       121 7.67123E-27 7.67123E-27 1.11722E-21-1.15421E-28-1.78022E-22-1.78021E-22
 -1       122 7.67123E-27 7.42542E-27 1.45602E-21-2.38332E-28-2.26795E-22 2.34495E-22
 -1       123 7.42541E-27 7.42542E-27 1.45603E-21-3.61238E-28 2.55027E-22 2.55032E-22
 -1       124 7.42541E-27 7.67123E-27 1.45602E-21-2.38327E-28 2.34495E-22-2.26791E-22
 -1       126-2.33435E-25-2.33391E-25 1.85495E-21-9.18782E-25 1.52068E-20 1.52049E-20
 -1       127-4.55861E-20-4.55893E-20-3.96847E-21-4.98639E-21-9.90808E-23-9.97090E-23
 -1       128 1.86151E-20 1.86149E-20-9.79190E-21 4.85099E-21-1.78248E-20-1.78245E-20
 -1       129-3.86703E-25 8.36633E-25 4.41242E-21-2.89606E-25 1.08986E-23 1.35445E-20
 -1       130 5.26107E-20-2.28604E-20-3.02427E-21 4.53647E-20 2.04872E-21 1.44681E-21
 -1       131-2.71848E-20 2.76130E-21-1.04610E-20-1.92582E-20 2.86010E-21 2.28428E-20
 -1       132-3.86669E-25 8.36468E-25 4.42395E-21 2.89785E-25-3.28637E-23 1.35474E-20
 -1       133 5.26274E-20-2.28641E-20-3.03482E-21-4.53829E-20-2.06261E-21 1.37342E-21
 -1       134-2.72059E-20 2.76392E-21-1.04936E-20 1.92711E-20-2.87674E-21 2.28604E-20
 -1       135-2.33526E-25-2.33722E-25 1.83704E-21 9.19113E-25-1.52313E-20 1.52113E-20
 -1       136-4.55979E-20-4.55967E-20-3.97874E-21 4.98888E-21 6.63809E-23-8.11966E-23
 -1       137 1.86163E-20 1.86202E-20-9.79452E-21-4.86974E-21 1.78284E-20-1.78396E-20
 -1       138 8.36456E-25-3.86661E-25 4.41113E-21-2.89631E-25 1.35434E-20 1.14303E-23
 -1       139-2.28603E-20 5.26085E-20-3.02564E-21 4.53578E-20 1.44726E-21 2.04825E-21
 -1       140 2.76320E-21-2.71835E-20-1.04624E-20-1.92547E-20 2.28419E-20 2.85844E-21
 -1       141 9.05293E-25 9.05497E-25 4.70056E-19-5.99512E-26 3.10798E-20 3.10800E-20
 -1       142-4.98907E-20-4.99058E-20 2.49696E-20 5.32745E-20-9.51038E-21-9.51027E-21
 -1       143 2.08063E-20 2.08159E-20 3.77325E-20-2.04753E-20-2.31574E-20-2.31560E-20
 -1       144 9.05350E-25 9.05342E-25 4.70135E-19 5.99304E-26-3.11185E-20 3.10885E-20
 -1       145-4.98919E-20-4.98845E-20 2.49815E-20-5.32776E-20 9.48902E-21-9.53236E-21
 -1       146 2.07911E-20 2.07998E-20 3.78210E-20 2.04755E-20 2.31651E-20-2.31606E-20
 -1       147 8.36565E-25-3.86971E-25 4.41732E-21 2.89725E-25-1.35696E-20 1.38738E-23
 -1       148-2.28701E-20 5.26458E-20-3.04232E-21-4.53662E-20-1.38916E-21 2.05424E-21
 -1       149 2.75821E-21-2.72158E-20-1.05020E-20 1.92548E-20-2.28679E-20 2.85986E-21
 -1       150 8.36291E-25-3.86626E-25 4.42266E-21 2.89810E-25 1.35463E-20-3.33270E-23
 -1       151-2.28640E-20 5.26252E-20-3.03621E-21-4.53759E-20 1.37390E-21-2.06209E-21
 -1       152 2.76580E-21-2.72046E-20-1.04951E-20 1.92676E-20 2.28595E-20-2.87504E-21
 -1       153 9.05139E-25 9.05554E-25 4.70135E-19 5.99303E-26 3.10883E-20-3.11187E-20
 -1       154-4.98694E-20-4.99070E-20 2.49815E-20-5.32776E-20-9.53244E-21 9.48894E-21
 -1       155 2.07901E-20 2.08007E-20 3.78210E-20 2.04755E-20-2.31621E-20 2.31636E-20
 -1       156 9.05196E-25 9.05399E-25 4.70118E-19-6.01522E-26-3.11184E-20-3.11186E-20
 -1       157-4.98808E-20-4.98959E-20 2.49792E-20 5.32920E-20 9.51832E-21 9.51826E-21
 -1       158 2.07869E-20 2.07965E-20 3.78303E-20-2.04851E-20 2.31610E-20 2.31596E-20
 -1       159 8.36472E-25-3.86936E-25 4.41905E-21-2.89921E-25-1.35699E-20-3.35055E-23
 -1       160-2.28712E-20 5.26447E-20-3.04300E-21 4.53799E-20-1.37625E-21-2.06375E-21
 -1       161 2.75829E-21-2.72131E-20-1.05050E-20-1.92617E-20-2.28656E-20-2.86481E-21
 -1       162-2.33766E-25-2.33483E-25 1.83702E-21 9.19113E-25 1.52132E-20-1.52293E-20
 -1       163-4.55935E-20-4.56011E-20-3.97873E-21 4.98887E-21-8.05559E-23 6.70432E-23
 -1       164 1.86203E-20 1.86161E-20-9.79448E-21-4.86975E-21-1.78399E-20 1.78281E-20
 -1       165-3.87013E-25 8.36742E-25 4.41858E-21 2.89700E-25 1.33717E-23-1.35707E-20
 -1       166 5.26480E-20-2.28702E-20-3.04099E-21-4.53731E-20 2.05475E-21-1.38872E-21
 -1       167-2.72171E-20 2.75632E-21-1.05006E-20 1.92583E-20 2.86153E-21-2.28689E-20
 -1       168-3.86978E-25 8.36649E-25 4.42034E-21-2.89896E-25-3.30138E-23-1.35709E-20
 -1       169 5.26469E-20-2.28713E-20-3.04163E-21 4.53869E-20-2.06424E-21-1.37577E-21
 -1       170-2.72143E-20 2.75642E-21-1.05036E-20-1.92652E-20-2.86645E-21-2.28665E-20
 -1       171-2.33711E-25-2.33667E-25 1.84205E-21-9.19281E-25-1.52336E-20-1.52316E-20
 -1       172-4.56000E-20-4.56032E-20-3.97874E-21-4.98708E-21 7.10094E-23 7.16530E-23
 -1       173 1.86165E-20 1.86163E-20-9.79953E-21 4.87148E-21 1.78372E-20 1.78369E-20
 -1       175-1.82312E-14-1.82312E-14 1.07999E-09-5.60803E-28-2.70007E-10-2.70007E-10
 -1       176-1.82312E-14-1.82312E-14 1.07999E-09-1.77844E-28-2.70007E-10 2.70007E-10
 -1       177-1.82312E-14-1.82312E-14 1.07999E-09-2.75593E-27 2.70007E-10 2.70007E-10
 -1       178-1.82312E-14-1.82312E-14 1.07999E-09 3.95703E-27 2.70007E-10-2.70007E-10
 -1       179 1.08001E-09 1.08001E-09 1.07999E-09-2.79404E-26-2.70007E-10-2.70007E-10
 -1       180 1.08001E-09 1.08001E-09 1.07999E-09 2.22222E-25-2.70007E-10 2.70007E-10
 -1       181 1.08001E-09 1.08001E-09 1.07999E-09 8.61852E-26 2.70007E-10 2.70007E-10
 -1       182 1.08001E-09 1.08001E-09 1.07999E-09-1.90459E-25 2.70007E-10-2.70007E-10
 -1       183-7.29259E-14-7.29259E-14 4.31996E-09 1.06060E-27-1.08003E-09-1.08003E-09
 -1       184-7.29259E-14-7.29259E-14 4.31996E-09 2.00480E-26-1.08003E-09 1.08003E-09
 -1       185-7.29259E-14-7.29259E-14 4.31996E-09-3.06168E-26 1.08003E-09 1.08003E-09
 -1       186-7.29259E-14-7.29259E-14 4.31996E-09 1.46362E-26 1.08003E-09-1.08003E-09
 -1       187 4.32003E-09 4.32003E-09 4.31996E-09-4.05581E-25-1.08003E-09-1.08003E-09
 -1       188 4.32003E-09 4.32003E-09 4.31996E-09 2.66477E-25-1.08003E-09 1.08003E-09
 -1       189 4.32003E-09 4.32003E-09 4.31996E-09-3.40325E-25 1.08003E-09 1.08003E-09
 -1       190 4.32003E-09 4.32003E-09 4.31996E-09-2.42991E-25 1.08003E-09-1.08003E-09
 -1       191 0.00000E+00 0.00000E+00 0.00000E+00 0.00000E+00 0.00000E+00 0.00000E+00
 -1       192 0.00000E+00 0.00000E+00 0.00000E+00 0.00000E+00 0.00000E+00 0.00000E+00
 -1       193 0.00000E+00 0.00000E+00 0.00000E+00 0.00000E+00 0.00000E+00 0.00000E+00
 -1       194 0.00000E+00 0.00000E+00 0.00000E+00 0.00000E+00 0.00000E+00 0.00000E+00
 -1       195 0.00000E+00 0.00000E+00 0.00000E+00 0.00000E+00 0.00000E+00 0.00000E+00
 -1       196 0.00000E+00 0.00000E+00 0.00000E+00 0.00000E+00 0.00000E+00 0.00000E+00
 -1       197 0.00000E+00 0.00000E+00 0.00000E+00 0.00000E+00 0.00000E+00 0.00000E+00
 -1       198 0.00000E+00 0.00000E+00 0.00000E+00 0.00000E+00 0.00000E+00 0.00000E+00
 -1       199 0.00000E+00 0.00000E+00 0.00000E+00 0.00000E+00 0.00000E+00 0.00000E+00
 -1       200 0.00000E+00 0.00000E+00 0.00000E+00 0.00000E+00 0.00000E+00 0.00000E+00
 -1       201 0.00000E+00 0.00000E+00 0.00000E+00 0.00000E+00 0.00000E+00 0.00000E+00
 -1       202 0.00000E+00 0.00000E+00 0.00000E+00 0.00000E+00 0.00000E+00 0.00000E+00
 -1       203 0.00000E+00 0.00000E+00 0.00000E+00 0.00000E+00 0.00000E+00 0.00000E+00
 -1       204 0.00000E+00 0.00000E+00 0.00000E+00 0.00000E+00 0.00000E+00 0.00000E+00
 -1       205 0.00000E+00 0.00000E+00 0.00000E+00 0.00000E+00 0.00000E+00 0.00000E+00
 -1       206 0.00000E+00 0.00000E+00 0.00000E+00 0.00000E+00 0.00000E+00 0.00000E+00
 -1       207-6.38586E-08-6.38586E-08 7.80248E-04 7.77703E-21-1.94980E-04-1.94980E-04
 -1       208-6.38586E-08-6.38586E-08 7.80248E-04 1.59421E-21-1.94980E-04 1.94980E-04
 -1       209-6.38586E-08-6.38586E-08 7.80248E-04-1.37156E-20 1.94980E-04 1.94980E-04
 -1       210-6.38586E-08-6.38586E-08 7.80248E-04 6.85585E-21 1.94980E-04-1.94980E-04
 -1       211 7.80160E-04 7.80160E-04 7.80248E-04-6.51016E-20-1.95132E-04-1.95132E-04
 -1       212 7.80160E-04 7.80160E-04 7.80248E-04 1.99138E-19-1.95132E-04 1.95132E-04
 -1       213 7.80160E-04 7.80160E-04 7.80248E-04 1.51109E-20 1.95132E-04 1.95132E-04
 -1       214 7.80160E-04 7.80160E-04 7.80248E-04-2.78775E-19 1.95132E-04-1.95132E-04
 -1       215-7.29259E-14-7.29259E-14 4.31996E-09-7.31951E-26-1.08003E-09-1.08003E-09
 -1       216-7.29259E-14-7.29259E-14 4.31996E-09-4.05949E-26-1.08003E-09 1.08003E-09
 -1       217-7.29259E-14-7.29259E-14 4.31996E-09-1.70337E-26 1.08003E-09 1.08003E-09
 -1       218-7.29259E-14-7.29259E-14 4.31996E-09 3.55171E-26 1.08003E-09-1.08003E-09
 -1       219 4.32003E-09 4.32003E-09 4.31996E-09-2.99439E-24-1.08003E-09-1.08003E-09
 -1       220 4.32003E-09 4.32003E-09 4.31996E-09 4.08740E-24-1.08003E-09 1.08003E-09
 -1       221 4.32003E-09 4.32003E-09 4.31996E-09 3.57574E-24 1.08003E-09 1.08003E-09
 -1       222 4.32003E-09 4.32003E-09 4.31996E-09-3.82384E-24 1.08003E-09-1.08003E-09
 -1       223-0.00000E+00 9.80909E-45 5.34059E-24 6.46804E-34 7.60056E-28-2.18091E-28
 -1       224-0.00000E+00-3.92364E-44 5.34124E-24 6.46804E-34 6.13944E-28-2.18091E-28
 -1       225-0.00000E+00 3.92364E-44 5.33930E-24 6.46804E-34 6.13944E-28-1.10296E-28
 -1       226-0.00000E+00-9.80909E-45 5.33866E-24 6.46804E-34 7.60056E-28-1.10296E-28
 -1       227 0.00000E+00-3.92364E-44 5.34059E-24-3.83166E-29-2.09291E-28 1.05025E-28
 -1       228 0.00000E+00 1.44334E-43 5.34124E-24-3.83166E-29-3.55402E-28 1.05025E-28
 -1       229 0.00000E+00-1.44334E-43 5.33930E-24-3.83166E-29-3.55402E-28 2.12819E-28
 -1       230 0.00000E+00 3.92364E-44 5.33866E-24-3.83166E-29-2.09291E-28 2.12819E-28
 -1       232-0.00000E+00-9.52883E-44 5.34092E-24-1.09906E-34 8.39407E-28 3.97250E-28
 -1       233-0.00000E+00 2.71852E-43 5.34027E-24-1.09906E-34 1.16407E-27 3.97250E-28
 -1       234-0.00000E+00-1.03696E-43 5.33769E-24-1.09906E-34 1.16407E-27 7.90976E-29
 -1       235-0.00000E+00 1.38729E-43 5.33833E-24-1.09906E-34 8.39407E-28 7.90976E-29
 -1       236 0.00000E+00-1.70958E-43 5.34092E-24 6.51084E-30-4.53054E-28 7.41349E-29
 -1       237 0.00000E+00-4.13383E-43 5.34027E-24 6.51084E-30-1.28391E-28 7.41349E-29
 -1       238 0.00000E+00 2.24208E-43 5.33769E-24 6.51084E-30-1.28391E-28-2.44018E-28
 -1       239 0.00000E+00-3.78351E-43 5.33833E-24 6.51084E-30-4.53054E-28-2.44018E-28
 -1       241 4.47536E-32 4.48467E-32 8.42091E-27 1.86031E-34 6.48755E-28 6.65163E-28
 -1       242 4.47536E-32 4.47438E-32 8.29974E-27 1.21119E-34 6.43707E-28-6.49386E-28
 -1       243 4.46238E-32 4.47438E-32 8.42091E-27 6.96374E-35-6.90407E-28-6.53804E-28
 -1       244 4.46238E-32 4.48467E-32 8.42091E-27 1.34549E-34-6.70843E-28 6.79047E-28
 -1       245-2.62905E-27-2.63915E-27 8.42091E-27 8.83526E-30 6.48755E-28 6.04580E-28
 -1       246-2.62905E-27-2.66818E-27 8.29974E-27-9.46614E-30 7.04291E-28-7.09970E-28
 -1       247-2.66566E-27-2.66818E-27 8.42091E-27-2.39810E-29-6.29823E-28-6.53804E-28
 -1       248-2.66566E-27-2.63915E-27 8.42091E-27-5.67964E-30-6.70843E-28 6.79047E-28
 -1       250-0.00000E+00 1.26117E-44 5.27064E-27 1.40130E-45 5.11929E-30-2.40241E-30
 -1       251-0.00000E+00-2.80260E-45 5.24035E-27 1.40130E-45-2.56343E-30-2.40241E-30
 -1       252-0.00000E+00-2.80260E-45 5.23025E-27-5.60519E-45-2.56343E-30 5.28030E-30
 -1       253-0.00000E+00 1.26117E-44 5.26055E-27-5.60519E-45 5.11929E-30 5.28030E-30
 -1       254 0.00000E+00-6.58610E-44 5.27064E-27 9.80909E-45 7.06077E-32-1.75484E-29
 -1       255 0.00000E+00 3.08286E-44 5.24035E-27 2.80260E-45-7.61211E-30-1.75484E-29
 -1       256 0.00000E+00 3.08286E-44 5.23025E-27 1.82169E-44-7.61211E-30-9.86573E-30
 -1       257 0.00000E+00-6.58610E-44 5.26055E-27 1.96182E-44 7.06077E-32-9.86573E-30
 -1       260-9.33698E-31-1.01901E-30 4.05174E-26-8.47495E-31 3.08777E-25-2.66205E-25
 -1       261-9.33698E-31-1.02975E-30 9.66674E-25-3.41598E-31 9.13590E-26-3.24850E-25
 -1       262 7.80958E-32-1.02975E-30-1.86431E-25-3.46970E-31 1.20944E-25 1.96376E-29
 -1       263 7.80958E-32-1.01901E-30-2.52390E-25-8.52867E-31 3.39877E-25-8.39686E-26
 -1       264-1.17291E-25 6.21987E-26 4.05174E-26-3.51795E-26 1.62323E-25 1.96874E-25
 -1       265-1.17291E-25 5.91695E-26 9.66674E-25 1.07454E-25-4.85194E-25 1.38229E-25
 -1       266 1.67977E-25 5.91695E-26-1.86431E-25 1.05940E-25-4.55608E-25 3.29991E-26
 -1       267 1.67977E-25 6.21987E-26-2.52390E-25-3.66941E-26 1.93423E-25-5.09891E-26
 -1       268-9.33586E-31-1.02977E-30 9.66674E-25 3.40318E-31 9.15205E-26 3.24870E-25
 -1       269-9.33586E-31-1.01831E-30 4.06285E-26 8.47260E-31 3.08757E-25 2.66043E-25
 -1       270 8.02995E-32-1.01831E-30-2.52390E-25 8.52991E-31 3.39897E-25 8.41201E-26
 -1       271 8.02995E-32-1.02977E-30-1.86461E-25 3.46048E-31 1.21045E-25 1.86477E-29
 -1       272-1.17654E-25 5.90483E-26 9.66674E-25-1.07618E-25-4.85047E-25-1.38153E-25
 -1       273-1.17654E-25 6.22795E-26 4.06285E-26 3.53108E-26 1.62247E-25-1.96980E-25
 -1       274 1.68203E-25 6.22795E-26-2.52390E-25 3.69264E-26 1.93388E-25 5.11557E-26
 -1       275 1.68203E-25 5.90483E-26-1.86461E-25-1.06002E-25-4.55522E-25-3.29457E-26
 -1       276 2.73479E-29 1.15789E-29 6.72667E-24 4.96071E-29 3.97543E-23-3.33641E-23
 -1       277 2.73479E-29 3.45117E-29-3.44951E-23 2.08424E-29-4.24058E-23-2.51702E-23
 -1       278-3.01814E-29 3.45117E-29-1.00296E-23 3.23088E-29-4.05382E-23 4.07943E-23
 -1       279-3.01814E-29 1.15789E-29 5.58723E-23 6.10734E-29 3.51562E-23 4.88203E-23
 -1       280 8.19389E-24-4.59806E-24 6.72667E-24 1.22097E-26 5.20407E-23-4.36695E-23
 -1       281 8.19389E-24 1.86766E-24-3.44951E-23-8.09776E-24-3.62895E-23-3.54757E-23
 -1       282-8.02604E-24 1.86766E-24-1.00296E-23-4.86490E-24-3.44218E-23 2.43188E-23
 -1       283-8.02604E-24-4.59806E-24 5.58723E-23 3.24507E-24 4.74426E-23 3.23448E-23
 -1       284 8.19339E-24-4.59830E-24 5.72877E-24 1.19561E-26 2.48180E-23-1.55297E-23
 -1       285 8.19339E-24 1.86752E-24-3.30780E-23-8.09793E-24-3.63362E-23-2.18690E-23
 -1       286-8.02638E-24 1.86752E-24 4.70478E-23-4.86502E-24-1.21670E-23 7.38047E-23
 -1       287-8.02638E-24-4.59830E-24 1.05612E-23 3.24487E-24 2.62477E-23 1.76329E-23
 -1       288 1.85403E-24-3.16860E-24 5.72877E-24-7.81389E-24 2.60261E-23-2.52314E-23
 -1       289 1.85403E-24 2.60368E-23-3.30780E-23 1.53318E-23-1.63048E-23-3.15707E-23
 -1       290 4.81454E-23 2.60368E-23 4.70478E-23 2.99345E-23 7.86448E-24 8.29263E-23
 -1       291 4.81454E-23-3.16860E-24 1.05612E-23 6.78878E-24 2.74558E-23 2.67545E-23
 -1       292-5.34430E-12-5.34430E-12-8.42925E-07 8.80791E-23-1.58054E-07-1.58054E-07
 -1       293-5.34430E-12-5.34430E-12-8.42925E-07 1.40648E-22-1.58054E-07 1.58054E-07
 -1       294-5.34430E-12-5.34430E-12-8.42925E-07 1.13766E-22 1.58054E-07 1.58054E-07
 -1       295-5.34430E-12-5.34430E-12-8.42925E-07 5.58686E-23 1.58054E-07-1.58054E-07
 -1       296 3.16103E-07 3.16103E-07-8.42925E-07-5.63870E-18-1.58054E-07-1.58054E-07
 -1       297 3.16103E-07 3.16103E-07-8.42925E-07 2.43970E-18-1.58054E-07 1.58054E-07
 -1       298 3.16103E-07 3.16103E-07-8.42925E-07-5.63761E-18 1.58054E-07 1.58054E-07
 -1       299 3.16103E-07 3.16103E-07-8.42925E-07-1.37160E-17 1.58054E-07-1.58054E-07
 -1       300-4.21379E-34 1.62300E-33-7.07455E-07 3.50883E-34 3.29759E-17 5.78136E-18
 -1       301-4.21379E-34-4.21231E-34-7.07455E-07-5.46724E-35-5.78148E-18 5.78136E-18
 -1       302 1.62367E-33-4.21240E-34-7.07455E-07 3.50984E-34-5.78275E-18-3.29833E-17
 -1       303 1.62367E-33 1.62301E-33-7.07455E-07-2.09932E-33 3.29762E-17-3.29833E-17
 -1       304-9.05896E-35 4.84625E-34-7.07455E-07-3.96304E-35 1.78763E-17-2.58294E-19
 -1       305-9.05896E-35-9.05879E-35-7.07455E-07 1.20162E-35 2.66631E-19-2.58294E-19
 -1       306 4.84098E-34-9.06599E-35-7.07455E-07-3.98472E-35 2.61889E-19-1.78711E-17
 -1       307 4.84098E-34 4.84644E-34-7.07455E-07-5.62944E-34 1.78776E-17-1.78711E-17
 -1       308 0.00000E+00 0.00000E+00 0.00000E+00 0.00000E+00 0.00000E+00 0.00000E+00
 -1       309 0.00000E+00 0.00000E+00 0.00000E+00 0.00000E+00 0.00000E+00 0.00000E+00
 -1       310 0.00000E+00 0.00000E+00 0.00000E+00 0.00000E+00 0.00000E+00 0.00000E+00
 -1       311 0.00000E+00 0.00000E+00 0.00000E+00 0.00000E+00 0.00000E+00 0.00000E+00
 -1       312 0.00000E+00 0.00000E+00 0.00000E+00 0.00000E+00 0.00000E+00 0.00000E+00
 -1       313 0.00000E+00 0.00000E+00 0.00000E+00 0.00000E+00 0.00000E+00 0.00000E+00
 -1       314 0.00000E+00 0.00000E+00 0.00000E+00 0.00000E+00 0.00000E+00 0.00000E+00
 -1       315 0.00000E+00 0.00000E+00 0.00000E+00 0.00000E+00 0.00000E+00 0.00000E+00
 -1       325-7.90253E-07-7.90253E-07 2.10731E-06-8.61588E-23 3.95133E-07 3.95133E-07
 -1       326-7.90253E-07-7.90253E-07 2.10731E-06 4.46230E-22 3.95133E-07-3.95133E-07
 -1       327-7.90253E-07-7.90253E-07 2.10731E-06 4.42803E-22-3.95133E-07-3.95133E-07
 -1       328-7.90253E-07-7.90253E-07 2.10731E-06-7.33673E-23-3.95133E-07 3.95133E-07
 -1       329-4.12508E-22-4.12510E-22 1.11722E-21 4.87716E-23 2.62727E-22 2.62725E-22
 -1       330-4.12508E-22-4.81814E-22 1.45604E-21 1.41180E-23 2.26795E-22-1.49791E-22
 -1       331-4.81816E-22-4.81814E-22 1.45604E-21-2.05344E-23-2.55026E-22-2.55033E-22
 -1       332-4.81816E-22-4.12510E-22 1.45604E-21 1.41193E-23-1.49790E-22 2.26790E-22
 -1       333-1.86558E-19-1.86590E-19 1.85637E-18 2.53279E-23 3.15206E-20 3.15208E-20
 -1       334-1.86558E-19-1.86615E-19 1.85695E-18 1.28159E-23 3.10754E-20-3.06787E-20
 -1       335-1.86583E-19-1.86615E-19 1.85694E-18 3.09983E-25-3.11320E-20-3.11321E-20
 -1       336-1.86583E-19-1.86590E-19 1.85695E-18 1.28220E-23-3.06784E-20 3.10757E-20
 -1       347 1.45638E-15-7.44640E-15-1.66387E-15-6.24436E-16-4.65558E-16-8.15291E-19
 -1       349 1.45638E-15-5.54059E-15-2.47934E-15-5.77607E-16 7.30054E-16-2.16708E-16
 -1       350-1.45604E-15-2.49838E-15-5.64875E-15-7.65565E-16-1.08420E-15 2.16708E-16
 -1       352-1.45604E-15-5.16628E-16-6.46422E-15-7.62329E-16 8.58701E-16 8.15111E-19
 -1       353-1.14259E-14 1.99487E-14 2.42904E-14 2.36338E-15-9.43512E-16-3.69577E-16
 -1       355-1.15131E-14 2.19305E-14 2.34749E-14 2.40458E-15 9.99386E-16 1.61815E-16
 -1       356-8.51350E-15 1.50007E-14 1.33296E-14 2.50451E-15-7.04558E-16-1.51171E-16
 -1       358-8.60069E-15 1.69065E-14 1.25141E-14 2.58930E-15 4.91054E-16 3.80222E-16
 -1       359-1.00001E-04 1.01721E-10 4.18804E-05-1.15226E-06-1.13711E-05 7.03841E-08
 -1       361 9.99974E-05 6.94596E-11-4.18841E-05 1.12187E-06-1.13702E-05-7.03767E-08
 -1       362-1.00002E-04 4.55006E-06 4.18797E-05-1.12952E-06 1.13703E-05-7.15211E-08
 -1       364 9.99970E-05-4.54650E-06-4.18847E-05 1.14461E-06 1.13710E-05 7.15138E-08
 -1       365-1.00002E-04 4.55006E-06 4.18797E-05 1.12952E-06-1.13703E-05-7.15211E-08
 -1       367 9.99970E-05-4.54650E-06-4.18847E-05-1.14461E-06-1.13710E-05 7.15138E-08
 -1       368-1.00001E-04 1.01721E-10 4.18804E-05 1.15226E-06 1.13711E-05 7.03841E-08
 -1       370 9.99974E-05 6.94596E-11-4.18841E-05-1.12187E-06 1.13702E-05-7.03767E-08
 -1       371 8.39881E-15 8.40067E-12-2.29301E-11 1.66402E-12-1.23082E-13-7.19677E-13
 -1       372 8.35109E-15-8.33946E-12 2.28252E-11 1.67149E-12-9.79532E-14 6.44496E-13
 -1       373 5.28134E-14-8.33946E-12 2.27078E-11-1.66402E-12-8.16559E-14-6.26264E-13
 -1       374 5.28611E-14 8.40067E-12-2.30493E-11-1.67149E-12-1.00814E-13 6.99964E-13
 -1       379 6.77818E-12 6.14419E-12-1.85950E-11-1.31987E-12 9.83230E-14-5.04551E-13
 -1       380-6.67388E-12-6.30517E-12 1.89327E-11-1.32229E-12 2.58381E-13-1.18859E-13
 -1       381-6.64642E-12-6.27533E-12 1.88384E-11 1.32142E-12 2.74864E-13 1.42299E-13
 -1       382 6.80564E-12 6.17404E-12-1.86645E-11 1.32384E-12 1.19779E-13 4.81437E-13
 -1       387 9.26082E-12 2.67842E-12-1.03422E-11 6.06444E-13 5.77394E-12-2.23063E-13
 -1       388 2.01243E-12-5.48018E-12 1.89579E-11 5.99119E-13 6.06892E-12-8.82350E-13
 -1       389 2.02290E-12-5.43045E-12 1.88865E-11-6.05781E-13 6.15209E-12 9.10724E-13
 -1       390 9.27128E-12 2.72814E-12-1.03622E-11-5.98456E-13 5.86108E-12 3.29273E-13
 -1       395-2.16658E-06-1.81338E-11 9.28543E-07 3.10906E-13-4.30483E-15-3.84673E-20
 -1       397-2.16658E-06-1.81338E-11 9.28543E-07 3.10906E-13 4.30486E-15-1.57902E-20
 -1       398-2.48801E-06 1.07141E-06 6.07116E-07-6.21798E-14-4.30486E-15 3.28087E-20
 -1       400-2.48801E-06 1.07141E-06 6.07116E-07-6.21798E-14 4.30483E-15 8.29793E-21
 -1       401-2.48801E-06 1.07141E-06 6.07116E-07 6.21798E-14 4.30486E-15 4.25529E-21
 -1       403-2.48801E-06 1.07141E-06 6.07116E-07 6.21798E-14-4.30483E-15-2.88294E-20
 -1       404-2.16658E-06-1.81338E-11 9.28543E-07-3.10906E-13 4.30484E-15 2.54249E-20
 -1       406-2.16658E-06-1.81338E-11 9.28543E-07-3.10906E-13-4.30486E-15 4.99809E-20
 -1       407-2.30994E-06-1.62091E-11 9.89399E-07-2.38933E-07 1.84667E-21 1.02108E-08
 -1       409-2.30994E-06-1.62091E-11 9.89399E-07-2.38933E-07 1.88566E-21-1.02108E-08
 -1       410-2.30994E-06 9.55714E-07 5.80967E-07-2.38933E-07-3.19398E-22 1.02108E-08
 -1       412-2.30994E-06 9.55714E-07 5.80967E-07-2.38933E-07-4.73162E-22-1.02108E-08
 -1       413-2.30994E-06 9.55714E-07 5.80967E-07 2.38933E-07-5.41274E-21 1.02108E-08
 -1       415-2.30994E-06 9.55714E-07 5.80967E-07 2.38933E-07-4.24218E-21-1.02108E-08
 -1       416-2.30994E-06-1.62091E-11 9.89399E-07 2.38933E-07-2.21516E-21 1.02108E-08
 -1       418-2.30994E-06-1.62091E-11 9.89399E-07 2.38933E-07-2.60653E-21-1.02108E-08
 -3
    1PSTEP                        13           1           3          
  100CL  103 3.000000000         344                     0    3           1
 -4  FORC        4    1
 -5  F1          1    2    1    0
 -5  F2          1    2    2    0
 -5  F3          1    2    3    0
 -5  ALL         1    2    0    0    1ALL
 -1         1 0.00000E+00 0.00000E+00 0.00000E+00
 -1         2 0.00000E+00 0.00000E+00 0.00000E+00
 -1         3 0.00000E+00 0.00000E+00 0.00000E+00
 -1         4 0.00000E+00 0.00000E+00 0.00000E+00
 -1         5 0.00000E+00 0.00000E+00 0.00000E+00
 -1         6 0.00000E+00 0.00000E+00 0.00000E+00
 -1         7 0.00000E+00 0.00000E+00 0.00000E+00
 -1         8 0.00000E+00 0.00000E+00 0.00000E+00
 -1        13-3.46640E+03-3.46640E+03-1.15738E+04
 -1        14 3.46640E+03-3.46640E+03-1.15738E+04
 -1        15 3.46640E+03 3.46640E+03-1.15738E+04
 -1        16-3.46640E+03 3.46640E+03-1.15738E+04
 -1        17-3.11765E-14 1.51774E-13 1.15738E+04
 -1        18 1.01419E-13-1.75748E-13 1.15738E+04
 -1        19 4.15668E-13 1.87406E-13 1.15738E+04
 -1        20-5.51226E-14-3.39478E-13 1.15738E+04
 -1        25 2.32237E+03 2.32237E+03 2.72856E-13
 -1        26-2.32237E+03 2.32237E+03 3.21021E-13
 -1        27-2.32237E+03-2.32237E+03-3.04951E-13
 -1        28 2.32237E+03-2.32237E+03 7.94226E-14
 -1        29-2.11610E-14 8.27489E-14 8.29718E-14
 -1        30-1.42778E-13 9.97258E-14-2.63678E-16
 -1        31-8.51680E-14 2.70318E-13 2.49051E-13
 -1        32 2.91676E-13-3.06123E-13-2.27630E-13
 -1        33-3.88089E-19-3.88241E-19-1.44766E-19
 -1        34 4.60757E-19-4.37508E-19-3.34261E-19
 -1        35 4.59153E-19 4.57261E-19-5.95076E-19
 -1        36-4.37639E-19 4.61405E-19-3.33354E-19
 -1        37-1.82181E-18-1.82059E-18 2.45362E-19
 -1        38 1.87445E-18-2.06183E-18 3.26583E-19
 -1        39 1.91625E-18 1.91676E-18 5.08572E-19
 -1        40-2.06307E-18 1.87273E-18 3.26940E-19
 -1        41 1.07646E+01 1.20028E+01 3.44360E+01
 -1        42-3.68786E+00 2.83060E+00 1.55642E+01
 -1        43-4.47901E+00-9.90761E+00 1.44359E+01
 -1        44 1.74019E+01-4.92588E+00 3.55642E+01
 -1        45 8.58046E-05 1.74160E-05-2.50001E+01
 -1        46 8.58045E-05 2.50356E-05-2.50001E+01
 -1        47-1.99999E+01 2.50356E-05-2.50000E+01
 -1        48 9.34240E-05 1.74161E-05-2.50001E+01
 -1        52 1.57290E+01 8.70541E+00 3.75001E+01
 -1        53-3.22928E+00 6.08636E+00 1.25001E+01
 -1        54-3.22928E+00-6.08636E+00 1.25001E+01
 -1        55 1.57290E+01-8.70541E+00 3.75001E+01
 -1        56 1.12019E-04 3.96738E-16-2.50001E+01
 -1        57-1.24999E+01-4.10997E-16-2.50001E+01
 -1        58-1.24999E+01-7.83758E-16-2.50001E+01
 -1        59 1.12019E-04-9.06080E-16-2.50001E+01
 -1        60 3.73815E+00-8.33292E-01 1.12589E-04
 -1        61-3.73815E+00-8.33292E-01 1.12589E-04
 -1        62-7.92863E+00-1.91664E+01 4.00001E+01
 -1        63 7.92863E+00-1.91664E+01 4.00001E+01
 -1        64-1.50090E-15 1.99999E+01-2.00002E+01
 -1        65-1.46715E-17 1.99999E+01-2.00002E+01
 -1        66-3.07249E-16-1.43384E-04-2.00000E+01
 -1        67 6.88210E-16-1.43384E-04-2.00000E+01
 -1        76 2.88782E-03 2.88782E-03 9.62606E-03
 -1        77-2.88782E-03 2.88782E-03 9.62606E-03
 -1        78-2.88782E-03-2.88782E-03 9.62606E-03
 -1        79 2.88782E-03-2.88782E-03 9.62606E-03
 -1        80-3.78177E-19-1.23537E-18-9.62606E-03
 -1        81 3.08329E-19-5.34559E-19-9.62606E-03
 -1        82 6.55588E-19 4.92958E-19-9.62606E-03
 -1        83-2.09298E-19 8.09772E-19-9.62606E-03
 -1        84-4.90625E-03-4.90625E-03 4.55129E-17
 -1        85 4.90625E-03-4.90625E-03-6.96271E-17
 -1        86 4.90625E-03 4.90625E-03-4.80341E-17
 -1        87-4.90625E-03 4.90625E-03 7.23492E-17
 -1        88-1.63542E-02-1.63542E-02 1.10593E-18
 -1        89 1.63542E-02-1.63542E-02-1.71079E-19
 -1        90 1.63542E-02 1.63542E-02 1.02759E-18
 -1        91-1.63542E-02 1.63542E-02-2.25289E-19
 -1        92-3.92500E-03-8.22381E-04-7.85000E-03
 -1        93-3.92500E-03 8.22381E-04 7.85000E-03
 -1        94-3.92500E-03-8.22381E-04 7.85000E-03
 -1        95-3.92500E-03 8.22381E-04-7.85000E-03
 -1        96 3.92500E-03 6.19149E-19-2.63250E-19
 -1        97 3.92500E-03 1.42423E-19 9.80038E-19
 -1        98 3.92500E-03-6.04897E-19-1.13050E-19
 -1        99 3.92500E-03-4.46152E-20 4.80326E-21
 -1       100-2.39362E+00-2.39362E+00-1.25000E+01
 -1       101 2.39362E+00-2.39362E+00-1.25000E+01
 -1       102 2.39362E+00 2.39362E+00-1.25000E+01
 -1       103-2.39362E+00 2.39362E+00-1.25000E+01
 -1       104-9.73978E-16 2.71057E-15-1.25000E+01
 -1       105 3.13297E-15 7.02010E-17-1.25000E+01
 -1       106 7.26839E-16-2.38179E-15-1.25000E+01
 -1       107-4.74539E-15 1.34273E-15-1.25000E+01
 -1       108-2.39362E+00-2.39362E+00 1.25000E+01
 -1       109 2.39362E+00-2.39362E+00 1.25000E+01
 -1       110 2.39362E+00 2.39362E+00 1.25000E+01
 -1       111-2.39362E+00 2.39362E+00 1.25000E+01
 -1       113-1.62085E-15-1.62085E-15-7.88798E-15
 -1       114 1.56385E-15-1.62993E-15-8.39462E-15
 -1       115 1.68695E-15 1.68693E-15-8.67320E-15
 -1       116-1.62991E-15 1.56384E-15-8.39462E-15
 -1       117-2.70977E-16-2.70970E-16-7.84993E-15
 -1       118 2.70949E-16-2.70955E-16-8.43255E-15
 -1       119 2.70945E-16 2.70958E-16-8.63510E-15
 -1       120-2.70962E-16 2.70949E-16-8.43254E-15
 -1       121-1.62083E-15-1.62083E-15 7.88792E-15
 -1       122 1.56384E-15-1.62991E-15 8.39455E-15
 -1       123 1.68693E-15 1.68692E-15 8.67312E-15
 -1       124-1.62990E-15 1.56383E-15 8.39453E-15
 -1       126-1.21177E-14-1.21182E-14-1.63655E-14
 -1       127-2.64588E-15-2.64589E-15-6.27549E-16
 -1       128-1.02898E-15-1.02894E-15 3.93168E-16
 -1       129-2.81527E-14-1.21191E-14-2.65275E-14
 -1       130-6.65424E-15-2.78311E-15-1.10111E-15
 -1       131-3.29859E-15-8.05669E-16 1.34099E-15
 -1       132-2.81258E-14 1.21599E-14-2.65102E-14
 -1       133-6.65424E-15 2.78311E-15-1.10109E-15
 -1       134-3.29859E-15 8.05664E-16 1.34100E-15
 -1       135-1.21130E-14 1.21256E-14-1.63711E-14
 -1       136-2.64589E-15 2.64590E-15-6.27543E-16
 -1       137-1.02898E-15 1.02893E-15 3.93171E-16
 -1       138-1.21195E-14-2.81558E-14-2.65294E-14
 -1       139-2.78236E-15-6.65395E-15-1.10131E-15
 -1       140-8.05545E-16-3.29874E-15 1.34117E-15
 -1       141-7.90389E-13-7.90527E-13-1.33748E-12
 -1       142 4.42035E-13 4.42099E-13 3.93116E-15
 -1       143-4.02294E-15-4.02470E-15 7.35298E-15
 -1       144-7.90381E-13 7.90454E-13-1.33741E-12
 -1       145 4.42096E-13-4.42201E-13 3.52962E-15
 -1       146-4.02294E-15 4.02470E-15 7.35315E-15
 -1       147-1.21242E-14 2.81455E-14-2.65280E-14
 -1       148-2.78239E-15 6.65396E-15-1.10130E-15
 -1       149-8.05580E-16 3.29877E-15 1.34125E-15
 -1       150 1.21602E-14-2.81290E-14-2.65121E-14
 -1       151 2.78240E-15-6.65394E-15-1.10129E-15
 -1       152 8.05589E-16-3.29871E-15 1.34113E-15
 -1       153 7.90315E-13-7.90520E-13-1.33741E-12
 -1       154-4.42137E-13 4.42159E-13 3.52982E-15
 -1       155 4.02296E-15-4.02467E-15 7.35325E-15
 -1       156 7.90369E-13 7.90508E-13-1.33741E-12
 -1       157-4.42155E-13-4.42218E-13 3.44833E-15
 -1       158 4.02303E-15 4.02474E-15 7.35304E-15
 -1       159 1.21502E-14 2.81399E-14-2.65251E-14
 -1       160 2.78238E-15 6.65394E-15-1.10132E-15
 -1       161 8.05567E-16 3.29872E-15 1.34116E-15
 -1       162 1.21251E-14-1.21134E-14-1.63711E-14
 -1       163 2.64589E-15-2.64588E-15-6.27539E-16
 -1       164 1.02897E-15-1.02894E-15 3.93179E-16
 -1       165 2.81423E-14-1.21239E-14-2.65261E-14
 -1       166 6.65421E-15-2.78313E-15-1.10111E-15
 -1       167 3.29857E-15-8.05660E-16 1.34098E-15
 -1       168 2.81368E-14 1.21499E-14-2.65231E-14
 -1       169 6.65427E-15 2.78308E-15-1.10106E-15
 -1       170 3.29858E-15 8.05660E-16 1.34100E-15
 -1       171 1.21239E-14 1.21243E-14-1.63834E-14
 -1       172 2.64590E-15 2.64590E-15-6.27535E-16
 -1       173 1.02897E-15 1.02895E-15 3.93169E-16
 -1       175 4.36167E-03 4.36167E-03-4.93495E-19
 -1       176-4.36167E-03 4.36167E-03-3.60497E-19
 -1       177-4.36167E-03-4.36167E-03 4.42439E-19
 -1       178 4.36167E-03-4.36167E-03 2.35814E-19
 -1       179-1.55066E-19-1.01565E-18 9.06722E-19
 -1       180 3.23624E-19-4.28818E-19 7.35618E-19
 -1       181 4.54066E-19 7.45951E-20-4.47166E-19
 -1       182-3.94936E-19 4.45597E-19-2.94375E-19
 -1       183 1.74467E-02 1.74467E-02-1.95864E-18
 -1       184-1.74467E-02 1.74467E-02-2.61961E-18
 -1       185-1.74467E-02-1.74467E-02-2.44847E-18
 -1       186 1.74467E-02-1.74467E-02 5.24576E-19
 -1       187 5.31689E-19-1.39955E-18-9.69602E-19
 -1       188 8.62945E-19-2.80776E-18 2.87676E-18
 -1       189 3.33980E-18 2.03876E-18 2.80243E-18
 -1       190-2.04882E-18 2.10978E-18-1.59003E-19
 -1       191 0.00000E+00 0.00000E+00 0.00000E+00
 -1       192 0.00000E+00 0.00000E+00 0.00000E+00
 -1       193 0.00000E+00 0.00000E+00 0.00000E+00
 -1       194 0.00000E+00 0.00000E+00 0.00000E+00
 -1       195 0.00000E+00 0.00000E+00 0.00000E+00
 -1       196 0.00000E+00 0.00000E+00 0.00000E+00
 -1       197 0.00000E+00 0.00000E+00 0.00000E+00
 -1       198 0.00000E+00 0.00000E+00 0.00000E+00
 -1       199 0.00000E+00 0.00000E+00 0.00000E+00
 -1       200 0.00000E+00 0.00000E+00 0.00000E+00
 -1       201 0.00000E+00 0.00000E+00 0.00000E+00
 -1       202 0.00000E+00 0.00000E+00 0.00000E+00
 -1       203 0.00000E+00 0.00000E+00 0.00000E+00
 -1       204 0.00000E+00 0.00000E+00 0.00000E+00
 -1       205 0.00000E+00 0.00000E+00 0.00000E+00
 -1       206 0.00000E+00 0.00000E+00 0.00000E+00
 -1       207 3.14985E+03 3.14985E+03-1.90282E-13
 -1       208-3.14985E+03 3.14985E+03-3.49304E-14
 -1       209-3.14985E+03-3.14985E+03-1.06443E-12
 -1       210 3.14985E+03-3.14985E+03-5.32255E-13
 -1       211-4.89647E-13-7.52509E-13 4.69767E-13
 -1       212-8.00367E-14-3.48784E-14-1.93734E-14
 -1       213 9.75220E-13 2.36283E-13 4.20830E-13
 -1       214-1.10767E-12 5.02823E-13 9.89722E-13
 -1       215 1.74467E-02 1.74467E-02-1.06418E-18
 -1       216-1.74467E-02 1.74467E-02-1.10173E-18
 -1       217-1.74467E-02-1.74467E-02 1.45465E-18
 -1       218 1.74467E-02-1.74467E-02 4.16156E-19
 -1       219 1.55490E-18 1.07379E-18-8.34076E-19
 -1       220-2.22703E-18 1.96273E-18-3.75844E-19
 -1       221-1.75595E-18-1.75595E-18-1.53438E-18
 -1       222 3.53482E-18-2.38966E-18-1.35163E-18
 -1       223-1.61754E-17-1.61751E-17-3.77434E-17
 -1       224 1.61756E-17-1.61756E-17-3.77453E-17
 -1       225 1.61734E-17 1.61741E-17-3.77378E-17
 -1       226-1.61737E-17 1.61733E-17-3.77358E-17
 -1       227-1.61755E-17-1.61732E-17 3.77417E-17
 -1       228 1.61755E-17-1.61742E-17 3.77437E-17
 -1       229 1.61735E-17 1.61755E-17 3.77394E-17
 -1       230-1.61736E-17 1.61752E-17 3.77375E-17
 -1       232-1.61744E-17-1.61741E-17-3.77426E-17
 -1       233 1.61733E-17-1.61739E-17-3.77401E-17
 -1       234 1.61712E-17 1.61706E-17-3.77294E-17
 -1       235-1.61714E-17 1.61717E-17-3.77319E-17
 -1       236-1.61734E-17-1.61717E-17 3.77392E-17
 -1       237 1.61744E-17-1.61706E-17 3.77378E-17
 -1       238 1.61714E-17 1.61739E-17 3.77329E-17
 -1       239-1.61712E-17 1.61741E-17 3.77342E-17
 -1       241-1.73222E-20-1.73966E-20-5.12635E-20
 -1       242 1.74293E-20-1.73540E-20-5.11015E-20
 -1       243 1.73901E-20 1.73259E-20-5.12865E-20
 -1       244-1.74181E-20 1.74577E-20-5.14417E-20
 -1       245-6.72342E-21-6.73447E-21 5.13910E-20
 -1       246 6.67755E-21-6.62799E-21 5.10072E-20
 -1       247 6.66707E-21 6.59486E-21 5.13017E-20
 -1       248-6.70020E-21 6.73447E-21 5.13933E-20
 -1       250-1.58786E-20-1.59189E-20-3.71394E-20
 -1       251 1.59385E-20-1.58779E-20-3.70972E-20
 -1       252 1.59179E-20 1.58983E-20-3.70767E-20
 -1       253-1.58787E-20 1.59186E-20-3.71189E-20
 -1       254-1.59385E-20-1.59186E-20 3.71990E-20
 -1       255 1.58786E-20-1.58983E-20 3.70577E-20
 -1       256 1.58787E-20 1.58779E-20 3.70170E-20
 -1       257-1.59179E-20 1.59189E-20 3.71583E-20
 -1       260-6.20852E-19-8.07969E-19-1.36592E-18
 -1       261 9.38774E-19-6.27635E-19-3.22761E-18
 -1       262 5.08248E-19 1.02752E-18-9.03780E-19
 -1       263-1.03477E-19-1.49042E-19 9.59151E-19
 -1       264-1.04368E-18-2.05105E-19 9.17339E-19
 -1       265 4.39990E-19-1.09216E-18 3.11905E-18
 -1       266 5.60399E-19 9.78044E-19 2.89639E-19
 -1       267-6.79402E-19 8.76348E-19 2.12120E-19
 -1       268-9.38516E-19-6.27801E-19-3.22771E-18
 -1       269 6.20457E-19-8.08092E-19-1.36614E-18
 -1       270 1.03436E-19-1.49011E-19 9.59277E-19
 -1       271-5.08551E-19 1.02700E-18-9.03619E-19
 -1       272-4.39142E-19-1.09152E-18 3.11852E-18
 -1       273 1.04269E-18-2.04992E-19 9.17419E-19
 -1       274 6.79980E-19 8.76604E-19 2.12613E-19
 -1       275-5.60356E-19 9.77817E-19 2.89634E-19
 -1       276 4.58929E-17-8.28461E-17-5.91812E-17
 -1       277 4.42549E-17 4.95146E-17 7.34333E-17
 -1       278-4.05437E-17 3.66823E-17 2.84675E-18
 -1       279-6.69676E-17-4.52279E-17-1.37078E-16
 -1       280-4.66113E-17 5.66136E-17 3.69518E-17
 -1       281-3.37377E-17-4.12609E-17-7.21425E-17
 -1       282 5.38576E-17-5.47350E-17 4.54412E-18
 -1       283 4.38547E-17 8.12594E-17 1.50626E-16
 -1       284-2.99795E-17-7.33917E-17-8.26002E-17
 -1       285 1.30599E-17-2.62705E-17-3.24376E-17
 -1       286-6.35592E-17 4.09114E-17-1.42072E-16
 -1       287-1.35421E-16-3.73771E-17-1.69702E-16
 -1       288-7.00420E-17-1.41002E-17 2.71125E-17
 -1       289 5.20931E-17-7.92032E-17 3.98613E-17
 -1       290 2.52010E-16 9.94308E-17 2.42599E-16
 -1       291-1.81612E-17 9.00005E-17 1.17239E-16
 -1       292 9.57447E-01 9.57447E-01 5.00000E+00
 -1       293-9.57447E-01 9.57447E-01 5.00000E+00
 -1       294-9.57447E-01-9.57447E-01 5.00000E+00
 -1       295 9.57447E-01-9.57447E-01 5.00000E+00
 -1       296 1.39606E-16-2.38720E-16 4.71571E-11
 -1       297-1.41117E-16-2.80778E-17 6.27770E-11
 -1       298 1.13948E-17-5.86016E-17 4.71450E-11
 -1       299 1.27143E-16 2.90065E-18-1.20274E-10
 -1       300 1.07143E+00 1.07143E+00-4.71330E-11
 -1       301-1.07143E+00 1.07143E+00-6.27765E-11
 -1       302-1.07143E+00-1.07143E+00-4.72280E-11
 -1       303 1.07143E+00-1.07143E+00 1.20284E-10
 -1       304 1.07143E+00 1.07143E+00-5.00000E+00
 -1       305-1.07143E+00 1.07143E+00-5.00000E+00
 -1       306-1.07143E+00-1.07143E+00-5.00000E+00
 -1       307 1.07143E+00-1.07143E+00-5.00000E+00
 -1       308 0.00000E+00 0.00000E+00 0.00000E+00
 -1       309 0.00000E+00 0.00000E+00 0.00000E+00
 -1       310 0.00000E+00 0.00000E+00-3.95116E-12
 -1       311 0.00000E+00 0.00000E+00 0.00000E+00
 -1       312 0.00000E+00 0.00000E+00 0.00000E+00
 -1       313 0.00000E+00 0.00000E+00 0.00000E+00
 -1       314 0.00000E+00 0.00000E+00 3.95116E-12
 -1       315 0.00000E+00 0.00000E+00 0.00000E+00
 -1       325 8.41774E-16-2.46461E-15 1.25000E+01
 -1       326-2.77108E-15 3.61218E-17 1.25000E+01
 -1       327-7.06519E-16 1.95802E-15 1.25000E+01
 -1       328 4.36599E-15-8.97574E-16 1.25000E+01
 -1       329-2.70988E-16-2.70979E-16 7.84998E-15
 -1       330 2.70963E-16-2.70967E-16 8.43261E-15
 -1       331 2.70962E-16 2.70977E-16 8.63519E-15
 -1       332-2.70982E-16 2.70972E-16 8.43264E-15
 -1       333-7.23347E-13-7.23464E-13 1.39531E-12
 -1       334 7.23450E-13-7.23525E-13 1.39572E-12
 -1       335 7.23467E-13 7.23584E-13 1.39580E-12
 -1       336-7.23408E-13 7.23566E-13 1.39572E-12
 -1       347-5.67384E-12-5.15806E-09-2.23202E-08
 -1       349-2.02530E-10-5.42550E-09 2.23234E-08
 -1       350-7.22799E-10-5.93712E-09-2.67413E-08
 -1       352-5.09136E-10-6.51924E-09 2.67622E-08
 -1       353 2.24005E-09 6.84528E-09-9.83519E-08
 -1       355 2.27548E-09 7.05121E-09 9.83354E-08
 -1       356-1.55456E-09 4.48945E-09-8.21140E-08
 -1       358-1.52083E-09 4.65398E-09 8.21066E-08
 -1       359 1.90996E+01 1.06651E+01-3.60679E-12
 -1       361-1.90996E+01-1.06625E+01 3.56104E-12
 -1       362-1.90995E+01 1.10899E-13 3.81991E-02
 -1       364 1.90995E+01-1.95569E-13-3.81991E-02
 -1       365-1.90995E+01 1.69657E-14 3.81991E-02
 -1       367 1.90995E+01 7.11379E-14-3.81991E-02
 -1       368 1.90996E+01-1.06651E+01-4.43390E-13
 -1       370-1.90996E+01 1.06625E+01 4.15504E-13
 -1       371 9.82194E-07 5.23313E-09 1.66518E-06
 -1       372-1.06363E-06-5.13150E-08-1.74987E-06
 -1       373 1.06216E-06-4.65873E-08-1.74080E-06
 -1       374-9.81083E-07-1.03636E-09 1.67400E-06
 -1       379-1.70197E-06 2.42952E-07-6.01759E-07
 -1       380-1.66227E-06-1.15614E-06-1.02581E-06
 -1       381 1.65774E-06-1.15981E-06-1.02721E-06
 -1       382 1.69641E-06 2.44722E-07-5.95215E-07
 -1       387-3.28766E-06 1.80496E-06 1.43490E-06
 -1       388-3.25974E-06-8.47209E-07 2.50345E-07
 -1       389 3.26422E-06-8.51146E-07 2.54100E-07
 -1       390 3.29363E-06 1.81538E-06 1.46213E-06
 -1       395 1.25000E+00 1.87500E-01-6.61130E-16
 -1       397 1.25000E+00 1.87500E-01-1.33586E-15
 -1       398-1.25000E+00 4.69417E-16 5.08819E-16
 -1       400-1.25000E+00-4.67814E-16 1.01168E-15
 -1       401-1.25000E+00 1.92808E-16 2.93745E-15
 -1       403-1.25000E+00-1.75958E-16 3.14522E-15
 -1       404 1.25000E+00-1.87500E-01-2.23279E-15
 -1       406 1.25000E+00-1.87500E-01-3.37338E-15
 -1       407 1.25000E+00 2.48241E-01 1.67512E-15
 -1       409 1.25000E+00 2.48241E-01 7.80181E-16
 -1       410-1.25000E+00 4.40206E-15-2.59070E-16
 -1       412-1.25000E+00-4.39360E-15 1.32588E-16
 -1       413-1.25000E+00 1.03666E-14 3.91877E-15
 -1       415-1.25000E+00-1.04323E-14 7.87858E-15
 -1       416 1.25000E+00-2.48241E-01-7.08180E-15
 -1       418 1.25000E+00-2.48241E-01-7.04599E-15
 -3
    1PSTEP                        14           1           3          
  100CL  103 3.000000000         344                     0    3           1
 -4  ERROR       1    1
 -5  STR(%)      1    1    0    0
 -1         1 0.00000E+00
 -1         2 0.00000E+00
 -1         3 0.00000E+00
 -1         4 0.00000E+00
 -1         5 0.00000E+00
 -1         6 0.00000E+00
 -1         7 0.00000E+00
 -1         8 0.00000E+00
 -1        13 1.11358E+01
 -1        14 1.11358E+01
 -1        15 1.11358E+01
 -1        16 1.11358E+01
 -1        17 1.11358E+01
 -1        18 1.11358E+01
 -1        19 1.11358E+01
 -1        20 1.11358E+01
 -1        25 8.34637E+01
 -1        26 8.34637E+01
 -1        27 8.34637E+01
 -1        28 8.34637E+01
 -1        29 8.34637E+01
 -1        30 8.34637E+01
 -1        31 8.34637E+01
 -1        32 8.34637E+01
 -1        33 8.07046E+01
 -1        34 8.07046E+01
 -1        35 8.07046E+01
 -1        36 8.07046E+01
 -1        37 8.07046E+01
 -1        38 8.07046E+01
 -1        39 8.07046E+01
 -1        40 8.07046E+01
 -1        41 4.17127E+01
 -1        42 4.17127E+01
 -1        43 4.17127E+01
 -1        44 4.17127E+01
 -1        45 4.17127E+01
 -1        46 4.17127E+01
 -1        47 4.17127E+01
 -1        48 4.17127E+01
 -1        52 4.23136E+01
 -1        53 4.23136E+01
 -1        54 4.23136E+01
 -1        55 4.23136E+01
 -1        56 4.23136E+01
 -1        57 4.23136E+01
 -1        58 4.23136E+01
 -1        59 4.23136E+01
 -1        60 5.12209E+01
 -1        61 5.12209E+01
 -1        62 5.12209E+01
 -1        63 5.12209E+01
 -1        64 5.12209E+01
 -1        65 5.12209E+01
 -1        66 5.12209E+01
 -1        67 5.12209E+01
 -1        76 1.12061E+01
 -1        77 1.12061E+01
 -1        78 1.12061E+01
 -1        79 1.12061E+01
 -1        80 1.12061E+01
 -1        81 1.12061E+01
 -1        82 1.12061E+01
 -1        83 1.12061E+01
 -1        84 6.34241E+01
 -1        85 6.34241E+01
 -1        86 6.34241E+01
 -1        87 6.34241E+01
 -1        88 6.34241E+01
 -1        89 6.34241E+01
 -1        90 6.34241E+01
 -1        91 6.34241E+01
 -1        92 7.42210E+01
 -1        93 7.42210E+01
 -1        94 7.42210E+01
 -1        95 7.42210E+01
 -1        96 7.42210E+01
 -1        97 7.42210E+01
 -1        98 7.42210E+01
 -1        99 7.42210E+01
 -1       100 8.55142E+00
 -1       101 8.55142E+00
 -1       102 8.55142E+00
 -1       103 8.55142E+00
 -1       104 8.55142E+00
 -1       105 8.55142E+00
 -1       106 8.55142E+00
 -1       107 8.55142E+00
 -1       108 8.55142E+00
 -1       109 8.55142E+00
 -1       110 8.55142E+00
 -1       111 8.55142E+00
 -1       113 3.77104E+01
 -1       114 3.77104E+01
 -1       115 3.77104E+01
 -1       116 3.77104E+01
 -1       117 3.77104E+01
 -1       118 3.77104E+01
 -1       119 3.77104E+01
 -1       120 3.77104E+01
 -1       121 3.77104E+01
 -1       122 3.77104E+01
 -1       123 3.77104E+01
 -1       124 3.77104E+01
 -1       126 1.31347E+02
 -1       127 1.36124E+02
 -1       128 1.36124E+02
 -1       129 1.31347E+02
 -1       130 1.36124E+02
 -1       131 1.36124E+02
 -1       132 1.31392E+02
 -1       133 1.36082E+02
 -1       134 1.36082E+02
 -1       135 1.31392E+02
 -1       136 1.36082E+02
 -1       137 1.36082E+02
 -1       138 1.31347E+02
 -1       139 1.36124E+02
 -1       140 1.36124E+02
 -1       141 1.31347E+02
 -1       142 1.36124E+02
 -1       143 1.36124E+02
 -1       144 1.31392E+02
 -1       145 1.36082E+02
 -1       146 1.36082E+02
 -1       147 1.31392E+02
 -1       148 1.36082E+02
 -1       149 1.36082E+02
 -1       150 1.31392E+02
 -1       151 1.36082E+02
 -1       152 1.36082E+02
 -1       153 1.31392E+02
 -1       154 1.36082E+02
 -1       155 1.36082E+02
 -1       156 1.31394E+02
 -1       157 1.36081E+02
 -1       158 1.36081E+02
 -1       159 1.31394E+02
 -1       160 1.36081E+02
 -1       161 1.36081E+02
 -1       162 1.31392E+02
 -1       163 1.36082E+02
 -1       164 1.36082E+02
 -1       165 1.31392E+02
 -1       166 1.36082E+02
 -1       167 1.36082E+02
 -1       168 1.31394E+02
 -1       169 1.36081E+02
 -1       170 1.36081E+02
 -1       171 1.31394E+02
 -1       172 1.36081E+02
 -1       173 1.36081E+02
 -1       175 8.34713E+01
 -1       176 8.34713E+01
 -1       177 8.34713E+01
 -1       178 8.34713E+01
 -1       179 8.34713E+01
 -1       180 8.34713E+01
 -1       181 8.34713E+01
 -1       182 8.34713E+01
 -1       183 8.34713E+01
 -1       184 8.34713E+01
 -1       185 8.34713E+01
 -1       186 8.34713E+01
 -1       187 8.34713E+01
 -1       188 8.34713E+01
 -1       189 8.34713E+01
 -1       190 8.34713E+01
 -1       191 0.00000E+00
 -1       192 0.00000E+00
 -1       193 0.00000E+00
 -1       194 0.00000E+00
 -1       195 0.00000E+00
 -1       196 0.00000E+00
 -1       197 0.00000E+00
 -1       198 0.00000E+00
 -1       199 0.00000E+00
 -1       200 0.00000E+00
 -1       201 0.00000E+00
 -1       202 0.00000E+00
 -1       203 0.00000E+00
 -1       204 0.00000E+00
 -1       205 0.00000E+00
 -1       206 0.00000E+00
 -1       207 8.34609E+01
 -1       208 8.34609E+01
 -1       209 8.34609E+01
 -1       210 8.34609E+01
 -1       211 8.34609E+01
 -1       212 8.34609E+01
 -1       213 8.34609E+01
 -1       214 8.34609E+01
 -1       215 8.34713E+01
 -1       216 8.34713E+01
 -1       217 8.34713E+01
 -1       218 8.34713E+01
 -1       219 8.34713E+01
 -1       220 8.34713E+01
 -1       221 8.34713E+01
 -1       222 8.34713E+01
 -1       223 8.89904E-03
 -1       224 8.89904E-03
 -1       225 8.89904E-03
 -1       226 8.89904E-03
 -1       227 8.89904E-03
 -1       228 8.89904E-03
 -1       229 8.89904E-03
 -1       230 8.89904E-03
 -1       232 1.11248E-02
 -1       233 1.11248E-02
 -1       234 1.11248E-02
 -1       235 1.11248E-02
 -1       236 1.11248E-02
 -1       237 1.11248E-02
 -1       238 1.11248E-02
 -1       239 1.11248E-02
 -1       241 2.81938E+01
 -1       242 2.81938E+01
 -1       243 2.81938E+01
 -1       244 2.81938E+01
 -1       245 2.81938E+01
 -1       246 2.81938E+01
 -1       247 2.81938E+01
 -1       248 2.81938E+01
 -1       250 1.41124E-01
 -1       251 1.41124E-01
 -1       252 1.41124E-01
 -1       253 1.41124E-01
 -1       254 1.41124E-01
 -1       255 1.41124E-01
 -1       256 1.41124E-01
 -1       257 1.41124E-01
 -1       260 9.23076E+01
 -1       261 9.23076E+01
 -1       262 9.23076E+01
 -1       263 9.23076E+01
 -1       264 9.23076E+01
 -1       265 9.23076E+01
 -1       266 9.23076E+01
 -1       267 9.23076E+01
 -1       268 9.23076E+01
 -1       269 9.23076E+01
 -1       270 9.23076E+01
 -1       271 9.23076E+01
 -1       272 9.23076E+01
 -1       273 9.23076E+01
 -1       274 9.23076E+01
 -1       275 9.23076E+01
 -1       276 1.27555E+02
 -1       277 1.27555E+02
 -1       278 1.27555E+02
 -1       279 1.27555E+02
 -1       280 1.27555E+02
 -1       281 1.27555E+02
 -1       282 1.27555E+02
 -1       283 1.27555E+02
 -1       284 7.75247E+01
 -1       285 7.75247E+01
 -1       286 7.75247E+01
 -1       287 7.75247E+01
 -1       288 7.75247E+01
 -1       289 7.75247E+01
 -1       290 7.75247E+01
 -1       291 7.75247E+01
 -1       292 8.55153E+00
 -1       293 8.55153E+00
 -1       294 8.55153E+00
 -1       295 8.55153E+00
 -1       296 8.55153E+00
 -1       297 8.55153E+00
 -1       298 8.55153E+00
 -1       299 8.55153E+00
 -1       300 1.10815E-09
 -1       301 1.10815E-09
 -1       302 1.10815E-09
 -1       303 1.10815E-09
 -1       304 1.10815E-09
 -1       305 1.10815E-09
 -1       306 1.10815E-09
 -1       307 1.10815E-09
 -1       308 0.00000E+00
 -1       309 0.00000E+00
 -1       310 0.00000E+00
 -1       311 0.00000E+00
 -1       312 0.00000E+00
 -1       313 0.00000E+00
 -1       314 0.00000E+00
 -1       315 0.00000E+00
 -1       325 8.55142E+00
 -1       326 8.55142E+00
 -1       327 8.55142E+00
 -1       328 8.55142E+00
 -1       329 3.77104E+01
 -1       330 3.77104E+01
 -1       331 3.77104E+01
 -1       332 3.77104E+01
 -1       333 3.86455E+00
 -1       334 3.86455E+00
 -1       335 3.86455E+00
 -1       336 3.86455E+00
 -1       347 1.29918E+02
 -1       349 1.29918E+02
 -1       350 1.29918E+02
 -1       352 1.29918E+02
 -1       353 1.29918E+02
 -1       355 1.29918E+02
 -1       356 1.29918E+02
 -1       358 1.29918E+02
 -1       359 1.21478E+02
 -1       361 1.21478E+02
 -1       362 1.21478E+02
 -1       364 1.21478E+02
 -1       365 1.21478E+02
 -1       367 1.21478E+02
 -1       368 1.21478E+02
 -1       370 1.21478E+02
 -1       371 2.59770E+02
 -1       372 2.59770E+02
 -1       373 2.59770E+02
 -1       374 2.59770E+02
 -1       379 2.59770E+02
 -1       380 2.59770E+02
 -1       381 2.59770E+02
 -1       382 2.59770E+02
 -1       387 1.33163E+02
 -1       388 1.33163E+02
 -1       389 1.33163E+02
 -1       390 1.33163E+02
 -1       395 1.31216E-05
 -1       397 1.31216E-05
 -1       398 1.31216E-05
 -1       400 1.31216E-05
 -1       401 1.31216E-05
 -1       403 1.31216E-05
 -1       404 1.31216E-05
 -1       406 1.31216E-05
 -1       407 5.48070E+00
 -1       409 5.48070E+00
 -1       410 5.48070E+00
 -1       412 5.48070E+00
 -1       413 5.48070E+00
 -1       415 5.48070E+00
 -1       416 5.48070E+00
 -1       418 5.48070E+00
 -3
 9999
